[MAIN]: START
[ENV]: Started init Environment
[ENV]: ACTIONS_SPACE: 66
[ENV]: Finished init Environment
[TRAIN]: actions: 66, observations: 12
[TRAIN]: CUDA: True
[TRAIN]: (1/1600): reward: -14.717289388179779, rates: 0.2827106194849325, loss: 0, rho: 0.4000000000000001, transmit_actions: 7, P: [0.875, 0.4375, 0.40625, 0.71875, 0.75, 0.3125, 0.34375, 0.21875, 0.21875, 0.5625, 0.4375, 0.78125, 0.5625, 0.71875, 0.71875, 0.03125, 0.34375, 0.90625, 0.625, 0.46875]
[TRAIN]: (2/1600): reward: -6.452646836638451, rates: 7.5473533081326405, loss: 0, rho: 0.4000000000000001, transmit_actions: 13, P: [0.53125, 0.34375, 0.34375, 0.40625, 0.46875, 0.78125, 0.71875, 0.21875, 0.84375, 0.1875, 1.0, 0.6875, 1.0, 0.0, 0.6875, 0.28125, 0.90625, 0.9375, 0.0, 0.25]
[TRAIN]: (3/1600): reward: -7.888859689235687, rates: 6.111140545170613, loss: 0, rho: 0.4000000000000001, transmit_actions: 10, P: [0.90625, 0.40625, 0.78125, 0.6875, 0.5, 0.46875, 0.6875, 0.84375, 0.84375, 0.0, 0.40625, 0.59375, 0.0625, 0.25, 0.375, 0.59375, 0.5625, 0.09375, 0.84375, 0.75]
[TRAIN]: (4/1600): reward: 5.144989728927612, rates: 18.144989495825534, loss: 0.5373386158543351, rho: 0.4000000000000001, transmit_actions: 13, P: [0.8125, 0.8125, 0.1875, 0.09375, 0.125, 0.5625, 0.40625, 0.65625, 0.46875, 0.09375, 0.78125, 0.25, 0.03125, 1.0, 0.71875, 0.59375, 0.46875, 0.28125, 0.5625, 0.625]
[TRAIN]: (5/1600): reward: 6.661081314086914, rates: 20.66108134550874, loss: 3.389407626209364, rho: 0.4000000000000001, transmit_actions: 10, P: [0.875, 0.65625, 0.9375, 0.71875, 0.5, 0.875, 0.0, 0.59375, 0.28125, 0.8125, 0.0625, 0.71875, 0.21875, 0.03125, 0.125, 1.0, 0.625, 0.625, 0.15625, 0.09375]
[TRAIN]: (6/1600): reward: -5.986002027988434, rates: 7.013997801891296, loss: 3.2320085022500455, rho: 0.4000000000000001, transmit_actions: 12, P: [0.25, 0.6875, 0.75, 0.46875, 0.8125, 0.8125, 0.34375, 0.4375, 0.5625, 0.9375, 0.21875, 0.46875, 0.40625, 0.9375, 0.65625, 0.1875, 0.75, 0.0625, 0.9375, 0.84375]
[TRAIN]: (7/1600): reward: 4.202283948659897, rates: 17.20228389176301, loss: 3.58586575126524, rho: 0.4000000000000001, transmit_actions: 11, P: [0.75, 0.5, 0.75, 0.09375, 0.65625, 0.46875, 0.125, 0.40625, 0.8125, 0.25, 0.21875, 0.5, 0.375, 0.0, 0.4375, 0.09375, 0.1875, 0.9375, 0.0, 0.15625]
[TRAIN]: (8/1600): reward: -6.583714544773102, rates: 7.41628526493437, loss: 3.217394344200039, rho: 0.4000000000000001, transmit_actions: 8, P: [0.59375, 0.4375, 0.5625, 0.46875, 0.3125, 0.15625, 0.78125, 0.59375, 0.5, 0.21875, 0.09375, 0.28125, 0.15625, 0.1875, 0.4375, 0.625, 0.84375, 0.09375, 0.96875, 0.84375]
[TRAIN]: (9/1600): reward: 0.7041722536087036, rates: 14.704172461385717, loss: 2.779984960624774, rho: 0.4000000000000001, transmit_actions: 8, P: [0.53125, 0.84375, 0.46875, 0.09375, 0.40625, 0.4375, 0.0, 0.46875, 0.96875, 0.09375, 0.28125, 0.6875, 0.40625, 0.71875, 0.4375, 0.78125, 0.1875, 0.09375, 0.03125, 0.59375]
[TRAIN]: (10/1600): reward: 1.7062934190034866, rates: 8.70629356819498, loss: 2.424725249149925, rho: 0.4000000000000001, transmit_actions: 8, P: [0.84375, 0.46875, 0.1875, 0.71875, 0.71875, 1.0, 0.25, 0.84375, 0.0625, 0.4375, 0.25, 0.78125, 0.0625, 0.96875, 0.75, 0.96875, 0.96875, 0.0625, 0.90625, 0.0625]
[TRAIN]: (11/1600): reward: -10.491802334785461, rates: 4.508197702472458, loss: 2.2518633814498856, rho: 0.4000000000000001, transmit_actions: 8, P: [0.15625, 0.0, 0.59375, 0.9375, 0.5625, 0.3125, 0.53125, 0.21875, 0.5625, 0.125, 0.84375, 0.90625, 0.625, 0.625, 0.15625, 0.71875, 0.53125, 0.0625, 0.9375, 0.8125]
[TRAIN]: (12/1600): reward: -8.154735192656517, rates: 4.845264654196099, loss: 1.9976747199463798, rho: 0.4000000000000001, transmit_actions: 12, P: [0.71875, 0.625, 0.5, 0.0625, 0.4375, 0.1875, 0.21875, 0.0, 0.125, 0.15625, 0.375, 0.5, 0.46875, 0.8125, 0.53125, 0.125, 0.9375, 0.90625, 0.65625, 0.0]
[TRAIN]: (13/1600): reward: -8.28254845738411, rates: 6.717451379331827, loss: 1.8133018193837451, rho: 0.4000000000000001, transmit_actions: 8, P: [0.03125, 0.25, 0.65625, 0.5, 0.4375, 0.90625, 0.40625, 0.21875, 0.75, 0.34375, 0.8125, 0.4375, 0.375, 0.875, 0.21875, 0.125, 0.4375, 0.65625, 0.59375, 0.125]
[TRAIN]: (14/1600): reward: -11.425919968634844, rates: 0.574080023211145, loss: 1.8572692916329996, rho: 0.4000000000000001, transmit_actions: 8, P: [0.1875, 0.0625, 0.21875, 0.28125, 0.625, 0.75, 0.875, 0.75, 0.40625, 0.9375, 0.84375, 0.90625, 0.0625, 0.71875, 1.0, 0.875, 0.3125, 0.6875, 0.875, 0.4375]
[TRAIN]: (15/1600): reward: 1.276932742446661, rates: 12.27693279227231, loss: 1.5735713882796156, rho: 0.4000000000000001, transmit_actions: 11, P: [0.4375, 0.0, 0.4375, 0.09375, 0.875, 0.15625, 0.125, 0.15625, 0.4375, 0.125, 0.96875, 0.75, 1.0, 0.71875, 0.25, 0.6875, 0.59375, 0.625, 0.75, 0.21875]
[TRAIN]: (16/1600): reward: -10.129747450351715, rates: 1.8702525507463457, loss: 1.6939087548422265, rho: 0.4000000000000001, transmit_actions: 12, P: [0.0, 0.4375, 0.78125, 0.1875, 0.78125, 0.09375, 0.71875, 0.375, 0.71875, 0.90625, 0.5625, 0.90625, 0.34375, 0.5625, 0.59375, 0.0625, 0.78125, 0.0, 0.875, 0.75]
[TRAIN]: (17/1600): reward: -7.958425924181938, rates: 6.041574238631657, loss: 1.5413248399772757, rho: 0.4000000000000001, transmit_actions: 9, P: [0.25, 0.28125, 0.8125, 0.3125, 0.3125, 0.4375, 0.53125, 0.65625, 0.6875, 0.03125, 0.4375, 0.09375, 0.84375, 0.46875, 0.3125, 0.65625, 0.78125, 0.46875, 0.3125, 0.25]
[TRAIN]: (18/1600): reward: -3.9048955887556076, rates: 10.095104448034338, loss: 1.5727935825258919, rho: 0.4000000000000001, transmit_actions: 12, P: [0.625, 0.53125, 0.1875, 0.625, 0.875, 0.53125, 0.90625, 0.46875, 0.0625, 0.5, 0.21875, 0.78125, 0.0625, 0.65625, 0.34375, 0.5, 0.46875, 0.5625, 0.9375, 0.5625]
[TRAIN]: (19/1600): reward: -9.302012771368027, rates: 5.697987326827987, loss: 1.5665542490233122, rho: 0.4000000000000001, transmit_actions: 9, P: [0.9375, 0.75, 0.6875, 0.25, 0.25, 0.3125, 0.84375, 0.15625, 0.875, 0.21875, 0.1875, 0.90625, 0.5625, 0.84375, 0.34375, 0.3125, 0.65625, 0.53125, 0.4375, 0.25]
[TRAIN]: (20/1600): reward: -11.827618822455406, rates: 0.17238117793179322, loss: 1.5779901335334983, rho: 0.4000000000000001, transmit_actions: 6, P: [0.65625, 0.15625, 0.90625, 0.03125, 0.8125, 0.4375, 0.375, 0.9375, 1.0, 0.84375, 0.1875, 0.21875, 0.25, 0.25, 0.9375, 0.90625, 0.3125, 0.875, 1.0, 0.75]
[TRAIN]: (21/1600): reward: -13.362422406673431, rates: 0.6375775876348013, loss: 1.30400702822089, rho: 0.4000000000000001, transmit_actions: 7, P: [0.34375, 0.03125, 0.875, 0.53125, 0.1875, 0.84375, 0.46875, 0.0625, 0.625, 0.0, 0.625, 0.21875, 0.65625, 0.625, 0.5, 0.1875, 0.875, 0.3125, 0.8125, 0.59375]
[TRAIN]: (22/1600): reward: -11.830697536468506, rates: 4.1693024988445595, loss: 1.2058197794820356, rho: 0.4000000000000001, transmit_actions: 12, P: [0.0, 0.78125, 0.34375, 0.21875, 0.1875, 0.59375, 0.6875, 0.03125, 0.375, 0.125, 0.03125, 0.9375, 0.65625, 0.84375, 0.875, 0.96875, 0.3125, 0.4375, 0.125, 0.78125]
[TRAIN]: (23/1600): reward: 1.8728121519088745, rates: 11.87281189953967, loss: 1.5187425400275631, rho: 0.4000000000000001, transmit_actions: 11, P: [0.90625, 0.75, 0.125, 0.15625, 0.84375, 0.75, 0.5, 1.0, 1.0, 0.40625, 0.375, 0.5625, 1.0, 0.84375, 0.6875, 0.125, 0.0, 0.375, 0.59375, 0.65625]
[TRAIN]: (24/1600): reward: 7.907750815153122, rates: 18.907750936233136, loss: 1.3223710150197234, rho: 0.4000000000000001, transmit_actions: 13, P: [0.90625, 0.8125, 0.03125, 0.25, 1.0, 0.0625, 0.9375, 0.28125, 0.0625, 0.9375, 0.71875, 0.875, 0.5, 0.21875, 0.3125, 0.875, 0.5625, 0.34375, 0.40625, 0.125]
[TRAIN]: (25/1600): reward: -6.948470778763294, rates: 5.051529185710403, loss: 1.5946352173114178, rho: 0.4000000000000001, transmit_actions: 11, P: [0.28125, 0.5625, 0.0, 0.28125, 0.8125, 0.96875, 0.34375, 0.0, 0.1875, 0.0625, 0.46875, 0.5625, 0.6875, 0.75, 0.0, 0.78125, 0.71875, 0.0, 0.59375, 0.125]
[TRAIN]: (26/1600): reward: -8.98161494731903, rates: 6.018384821808998, loss: 1.4872887337590892, rho: 0.4000000000000001, transmit_actions: 9, P: [0.5, 0.5, 1.0, 0.4375, 0.28125, 0.9375, 0.375, 0.375, 0.625, 0.25, 0.59375, 0.25, 0.34375, 0.6875, 0.28125, 0.96875, 0.09375, 1.0, 0.375, 0.25]
[TRAIN]: (27/1600): reward: -1.3417460322380066, rates: 11.658254226138421, loss: 1.418429437270397, rho: 0.4000000000000001, transmit_actions: 12, P: [0.84375, 0.71875, 0.09375, 0.8125, 0.25, 0.40625, 0.0, 0.4375, 0.15625, 0.28125, 0.15625, 0.3125, 1.0, 0.0625, 0.34375, 0.8125, 0.21875, 0.0, 0.65625, 0.78125]
[TRAIN]: (28/1600): reward: -11.81167060136795, rates: 4.1883296332186655, loss: 1.2687389109562501, rho: 0.4000000000000001, transmit_actions: 17, P: [0.0, 0.3125, 0.96875, 0.53125, 1.0, 0.59375, 0.125, 0.5, 0.8125, 0.0625, 0.875, 0.53125, 0.4375, 0.4375, 0.9375, 0.90625, 0.03125, 0.71875, 0.75, 0.9375]
[TRAIN]: (29/1600): reward: -0.8878998905420303, rates: 11.112099974750784, loss: 1.5526105369643575, rho: 0.4000000000000001, transmit_actions: 10, P: [0.15625, 0.25, 0.0, 0.59375, 0.96875, 0.15625, 1.0, 0.0625, 0.5625, 0.25, 0.59375, 0.625, 0.9375, 0.28125, 0.71875, 0.125, 0.875, 0.46875, 0.96875, 0.0]
[TRAIN]: (30/1600): reward: -3.485442817211151, rates: 11.514556814652897, loss: 1.4703428469746798, rho: 0.4000000000000001, transmit_actions: 6, P: [0.25, 0.1875, 0.5, 0.4375, 0.53125, 0.78125, 0.8125, 0.03125, 0.75, 0.375, 0.40625, 0.15625, 0.46875, 0.5625, 0.53125, 0.96875, 0.90625, 0.09375, 0.15625, 0.15625]
[TRAIN]: (31/1600): reward: -10.945259355008602, rates: 0.054740644315856686, loss: 1.5387279812485903, rho: 0.4000000000000001, transmit_actions: 8, P: [0.90625, 0.625, 0.0625, 0.96875, 0.59375, 0.8125, 0.34375, 0.28125, 0.5625, 0.78125, 0.125, 0.9375, 0.75, 1.0, 0.9375, 0.65625, 1.0, 0.9375, 1.0, 0.46875]
[TRAIN]: (32/1600): reward: -9.91517162322998, rates: 5.084828419171859, loss: 1.441724048345666, rho: 0.4000000000000001, transmit_actions: 11, P: [0.1875, 0.34375, 0.84375, 0.9375, 0.71875, 0.8125, 0.46875, 0.78125, 0.53125, 0.4375, 0.6875, 0.59375, 0.96875, 0.875, 0.6875, 0.875, 0.75, 1.0, 0.65625, 0.1875]
[TRAIN]: (33/1600): reward: -9.213829681277275, rates: 5.786170318514653, loss: 1.540141246930159, rho: 0.4000000000000001, transmit_actions: 10, P: [0.15625, 0.9375, 0.09375, 0.03125, 0.8125, 0.15625, 0.65625, 0.8125, 0.3125, 0.375, 0.28125, 0.75, 0.0625, 0.3125, 0.625, 0.375, 0.65625, 0.53125, 0.9375, 0.96875]
[TRAIN]: (34/1600): reward: 7.720086183398962, rates: 16.720086251318186, loss: 1.4132989987709608, rho: 0.4000000000000001, transmit_actions: 10, P: [0.90625, 0.0625, 0.40625, 0.375, 0.15625, 0.6875, 0.625, 0.40625, 0.25, 0.0625, 0.59375, 0.96875, 0.5625, 0.0625, 0.0625, 0.9375, 0.3125, 0.03125, 0.15625, 0.375]
[TRAIN]: (35/1600): reward: -3.4530926570296288, rates: 10.546907310724286, loss: 1.43365041550458, rho: 0.4000000000000001, transmit_actions: 12, P: [0.71875, 0.6875, 0.5, 0.09375, 0.28125, 0.125, 0.59375, 0.875, 0.9375, 0.21875, 0.90625, 0.4375, 0.84375, 0.21875, 0.84375, 0.3125, 0.375, 0.5625, 0.71875, 0.75]
[TRAIN]: (36/1600): reward: 4.012634575366974, rates: 16.012634256462338, loss: 1.5791711633838748, rho: 0.4000000000000001, transmit_actions: 8, P: [0.59375, 0.59375, 0.625, 0.5625, 0.8125, 0.125, 0.78125, 0.03125, 0.375, 0.28125, 0.125, 0.53125, 0.0, 0.5, 0.25, 0.59375, 0.25, 0.46875, 0.46875, 0.21875]
[TRAIN]: (37/1600): reward: -7.172913551330566, rates: 8.827086521967182, loss: 1.483225637809456, rho: 0.4000000000000001, transmit_actions: 14, P: [0.90625, 0.9375, 0.28125, 0.21875, 1.0, 0.4375, 0.84375, 0.0, 0.78125, 0.84375, 0.75, 0.625, 0.03125, 0.21875, 0.65625, 0.59375, 0.5625, 1.0, 0.59375, 0.6875]
[TRAIN]: (38/1600): reward: -17.50500899553299, rates: 0.4949909974459899, loss: 1.3733679024726198, rho: 0.4000000000000001, transmit_actions: 8, P: [0.78125, 0.28125, 0.1875, 0.34375, 0.59375, 0.5, 0.15625, 0.375, 0.1875, 0.8125, 0.5625, 0.09375, 0.21875, 0.1875, 0.53125, 0.09375, 0.5625, 0.40625, 0.71875, 0.875]
[TRAIN]: (39/1600): reward: -7.6992309875786304, rates: 5.300768835726722, loss: 1.508818825255786, rho: 0.4000000000000001, transmit_actions: 12, P: [0.375, 0.84375, 0.25, 0.375, 0.40625, 0.9375, 1.0, 0.0, 0.09375, 0.875, 0.0625, 0.34375, 0.75, 0.71875, 0.28125, 0.875, 0.5, 0.8125, 0.65625, 0.5]
[TRAIN]: (40/1600): reward: -12.770432472229004, rates: 4.229567325977947, loss: 1.3249419840033658, rho: 0.4000000000000001, transmit_actions: 11, P: [0.8125, 0.5625, 0.84375, 0.28125, 0.1875, 0.65625, 0.59375, 0.28125, 0.8125, 0.3125, 0.8125, 0.78125, 0.125, 0.09375, 0.75, 0.1875, 0.65625, 0.40625, 0.75, 0.65625]
[TRAIN]: (41/1600): reward: -6.865911640226841, rates: 7.134088097138058, loss: 1.483013958901263, rho: 0.4000000000000001, transmit_actions: 9, P: [0.9375, 0.4375, 1.0, 0.5, 0.59375, 0.90625, 0.71875, 0.21875, 0.46875, 0.0625, 0.59375, 0.5, 0.53125, 0.59375, 0.625, 0.625, 0.90625, 0.40625, 0.4375, 0.5625]
[TRAIN]: (42/1600): reward: -11.768831871449947, rates: 5.231167923231713, loss: 1.46160537933949, rho: 0.4000000000000001, transmit_actions: 8, P: [0.84375, 0.4375, 0.40625, 0.8125, 0.5625, 0.03125, 0.84375, 0.15625, 0.25, 0.34375, 0.40625, 0.125, 0.25, 0.59375, 0.4375, 0.5625, 0.5, 0.125, 0.28125, 0.84375]
[TRAIN]: (43/1600): reward: -12.15902355313301, rates: 0.8409764739449267, loss: 1.5036898142194464, rho: 0.4000000000000001, transmit_actions: 15, P: [0.78125, 0.34375, 0.125, 0.9375, 0.0, 0.40625, 0.28125, 0.3125, 0.0, 0.40625, 0.625, 0.875, 0.875, 0.53125, 0.625, 0.875, 0.6875, 0.875, 0.5625, 0.78125]
[TRAIN]: (44/1600): reward: -13.815514519810677, rates: 0.1844854771249693, loss: 1.4851014688256856, rho: 0.4000000000000001, transmit_actions: 9, P: [0.5625, 0.4375, 0.25, 0.6875, 0.84375, 0.03125, 0.875, 0.875, 0.0, 0.03125, 0.0625, 0.625, 0.875, 0.375, 0.65625, 0.4375, 0.09375, 0.78125, 0.59375, 0.53125]
[TRAIN]: (45/1600): reward: -10.32925045862794, rates: 4.670749539104535, loss: 1.3831796166003243, rho: 0.4000000000000001, transmit_actions: 7, P: [0.3125, 0.25, 0.28125, 0.6875, 0.90625, 0.875, 0.625, 0.09375, 0.625, 0.78125, 0.71875, 0.03125, 0.34375, 0.90625, 0.53125, 0.0625, 0.71875, 0.4375, 0.75, 0.0625]
[TRAIN]: (46/1600): reward: -1.1498892307281494, rates: 12.850110647423573, loss: 1.2897576505907837, rho: 0.4000000000000001, transmit_actions: 8, P: [0.34375, 0.15625, 0.84375, 0.375, 0.84375, 0.84375, 0.1875, 0.375, 0.71875, 0.78125, 0.4375, 0.375, 0.0625, 0.90625, 0.78125, 0.21875, 0.8125, 0.09375, 0.875, 0.9375]
[TRAIN]: (47/1600): reward: -3.500679314136505, rates: 11.499320572219915, loss: 1.2588016489642484, rho: 0.4000000000000001, transmit_actions: 12, P: [0.84375, 0.1875, 0.96875, 0.1875, 0.71875, 0.09375, 0.25, 0.78125, 0.15625, 0.09375, 0.0625, 0.5625, 0.96875, 0.1875, 0.90625, 0.0625, 0.09375, 0.6875, 0.84375, 0.25]
[TRAIN]: (48/1600): reward: 6.629318207502365, rates: 17.629317823713798, loss: 1.3324809110894922, rho: 0.4000000000000001, transmit_actions: 10, P: [0.46875, 0.46875, 0.84375, 0.9375, 0.3125, 0.96875, 0.1875, 0.4375, 0.0, 0.125, 0.5625, 0.375, 0.90625, 0.125, 0.625, 0.1875, 0.53125, 0.03125, 0.59375, 0.78125]
[TRAIN]: (49/1600): reward: -9.221320152282715, rates: 5.7786799520590195, loss: 1.3268892232206242, rho: 0.4000000000000001, transmit_actions: 9, P: [0.1875, 0.15625, 0.8125, 0.1875, 0.46875, 0.4375, 0.96875, 0.5625, 1.0, 0.5625, 0.6875, 0.65625, 0.9375, 0.78125, 0.46875, 0.0, 1.0, 0.65625, 0.71875, 0.59375]
[TRAIN]: (50/1600): reward: -14.320547580718994, rates: 1.679452365616937, loss: 1.4338660709098179, rho: 0.4000000000000001, transmit_actions: 11, P: [0.03125, 0.96875, 0.90625, 0.0, 0.84375, 0.1875, 0.34375, 0.25, 0.78125, 0.8125, 0.5, 0.96875, 0.46875, 0.09375, 0.09375, 1.0, 0.65625, 0.1875, 0.28125, 0.25]
[TRAIN]: (51/1600): reward: -12.747016485780478, rates: 4.2529836836033565, loss: 1.4290194171170545, rho: 0.4000000000000001, transmit_actions: 12, P: [0.3125, 0.15625, 0.21875, 0.625, 0.53125, 0.53125, 0.375, 0.65625, 0.25, 0.09375, 0.5, 0.125, 0.21875, 0.65625, 0.53125, 0.8125, 0.5, 0.9375, 0.9375, 0.90625]
[TRAIN]: (52/1600): reward: 1.1895177960395813, rates: 13.189517913753185, loss: 1.4278454929766495, rho: 0.4000000000000001, transmit_actions: 10, P: [0.5, 0.1875, 0.59375, 0.78125, 0.40625, 0.46875, 0.90625, 0.5, 0.3125, 0.78125, 0.1875, 0.96875, 0.5625, 0.8125, 0.3125, 0.125, 0.15625, 0.71875, 0.90625, 0.96875]
[TRAIN]: (53/1600): reward: -10.151564434170723, rates: 4.848435392706777, loss: 1.644440434694927, rho: 0.4000000000000001, transmit_actions: 12, P: [0.5, 0.21875, 0.0, 0.96875, 0.1875, 0.875, 0.8125, 0.34375, 0.375, 0.375, 0.5625, 0.875, 0.5625, 0.0, 0.875, 0.9375, 0.28125, 0.78125, 0.0, 0.0625]
[TRAIN]: (54/1600): reward: -8.444969892501831, rates: 8.555030350348295, loss: 1.4714776772528189, rho: 0.4000000000000001, transmit_actions: 12, P: [0.09375, 0.25, 0.625, 0.21875, 0.375, 1.0, 0.5, 0.9375, 0.5625, 0.25, 0.34375, 0.8125, 0.34375, 0.0625, 0.65625, 0.0, 0.53125, 0.5, 0.4375, 0.09375]
[TRAIN]: (55/1600): reward: -11.831686675548553, rates: 2.1683132769149935, loss: 1.3072510297390898, rho: 0.4000000000000001, transmit_actions: 14, P: [0.25, 0.5, 0.09375, 0.4375, 0.46875, 1.0, 0.59375, 0.09375, 1.0, 0.3125, 0.875, 0.65625, 0.0, 0.90625, 0.90625, 0.75, 0.9375, 0.46875, 0.46875, 0.15625]
[TRAIN]: (56/1600): reward: -0.3489423245191574, rates: 12.651057528891894, loss: 1.2204757724097188, rho: 0.4000000000000001, transmit_actions: 9, P: [0.3125, 0.625, 0.125, 0.53125, 0.0625, 0.0, 0.15625, 0.53125, 0.5625, 0.5, 0.03125, 0.1875, 0.6875, 0.75, 0.40625, 0.5625, 0.5, 0.34375, 0.9375, 0.75]
[TRAIN]: (57/1600): reward: 2.551405817270279, rates: 13.55140607508946, loss: 1.2928144804623964, rho: 0.4000000000000001, transmit_actions: 9, P: [0.8125, 0.15625, 0.84375, 0.0, 0.71875, 0.15625, 0.59375, 0.8125, 0.21875, 1.0, 0.34375, 0.125, 0.8125, 0.1875, 0.46875, 0.5625, 0.125, 0.21875, 0.5, 0.84375]
[TRAIN]: (58/1600): reward: -12.848025798797607, rates: 0.15197420863568817, loss: 1.5663614632619316, rho: 0.4000000000000001, transmit_actions: 11, P: [0.1875, 0.71875, 0.5625, 0.59375, 0.46875, 0.0625, 0.53125, 0.9375, 0.8125, 0.875, 0.71875, 0.96875, 0.9375, 0.34375, 0.75, 0.75, 0.625, 0.8125, 0.59375, 0.875]
[TRAIN]: (59/1600): reward: -14.137980431318283, rates: 0.8620195827907146, loss: 1.2133388258465931, rho: 0.4000000000000001, transmit_actions: 9, P: [0.21875, 0.28125, 0.6875, 0.71875, 1.0, 0.03125, 0.53125, 0.5625, 0.4375, 0.90625, 0.1875, 0.28125, 0.28125, 0.78125, 0.84375, 0.75, 0.65625, 0.625, 0.34375, 0.75]
[TRAIN]: (60/1600): reward: -5.734187126159668, rates: 11.26581264044717, loss: 1.1301566762579156, rho: 0.4000000000000001, transmit_actions: 9, P: [0.28125, 0.03125, 0.6875, 0.15625, 0.71875, 0.1875, 0.125, 0.625, 0.25, 0.5, 0.53125, 0.1875, 0.0, 0.28125, 0.15625, 0.375, 0.65625, 0.09375, 0.59375, 0.84375]
[TRAIN]: (61/1600): reward: -8.21785581111908, rates: 5.782144364326885, loss: 1.3807312691386566, rho: 0.4000000000000001, transmit_actions: 7, P: [0.15625, 0.9375, 0.59375, 0.90625, 0.0, 0.09375, 0.1875, 0.78125, 0.09375, 0.59375, 0.65625, 0.59375, 0.53125, 0.75, 0.96875, 0.09375, 0.09375, 0.78125, 0.75, 0.0]
[TRAIN]: (62/1600): reward: 2.7041343450546265, rates: 14.70413426927562, loss: 1.4905715969692013, rho: 0.4000000000000001, transmit_actions: 9, P: [0.125, 0.1875, 0.40625, 0.6875, 0.375, 0.15625, 0.8125, 0.59375, 0.46875, 0.75, 0.0, 0.375, 0.40625, 0.28125, 0.15625, 0.375, 0.0, 0.09375, 0.34375, 0.96875]
[TRAIN]: (63/1600): reward: 1.6123389825224876, rates: 12.612338829946353, loss: 1.4764221082130902, rho: 0.4000000000000001, transmit_actions: 9, P: [0.96875, 0.375, 0.03125, 0.90625, 0.0625, 0.78125, 0.8125, 0.40625, 0.0, 0.84375, 0.71875, 0.1875, 0.78125, 0.15625, 0.125, 0.03125, 0.09375, 0.0625, 0.9375, 0.46875]
[TRAIN]: (64/1600): reward: -3.525543361902237, rates: 8.474456844104118, loss: 1.4469054146386076, rho: 0.4000000000000001, transmit_actions: 9, P: [0.84375, 0.53125, 0.46875, 0.5625, 0.46875, 0.5, 0.9375, 0.34375, 0.25, 0.21875, 0.03125, 0.5, 0.5, 0.4375, 0.1875, 0.9375, 0.8125, 0.375, 0.4375, 0.0625]
[TRAIN]: (65/1600): reward: -15.0, rates: 0, loss: 1.3873084770608195, rho: 0.4000000000000001, transmit_actions: 8, P: [0.125, 0.625, 0.59375, 0.65625, 0.3125, 1.0, 0.625, 0.84375, 0.25, 0.59375, 0.96875, 0.0, 1.0, 1.0, 0.46875, 0.59375, 0.25, 0.40625, 0.625, 0.9375]
[TRAIN]: (66/1600): reward: -7.001204878091812, rates: 6.998795254514051, loss: 1.3149748049050132, rho: 0.4000000000000001, transmit_actions: 9, P: [0.03125, 0.09375, 0.5625, 0.09375, 0.25, 0.78125, 0.53125, 0.6875, 0.65625, 0.34375, 0.71875, 0.78125, 0.40625, 0.1875, 0.46875, 0.59375, 0.25, 0.125, 0.25, 0.15625]
[TRAIN]: (67/1600): reward: -3.002777576446533, rates: 9.99722228692589, loss: 1.255206368689557, rho: 0.4000000000000001, transmit_actions: 10, P: [0.5, 0.21875, 0.59375, 0.59375, 0.0, 0.96875, 0.96875, 0.71875, 0.0625, 0.75, 0.90625, 0.25, 0.1875, 0.53125, 0.96875, 0.5, 0.0, 0.59375, 0.09375, 0.0]
[TRAIN]: (68/1600): reward: 7.094404980540276, rates: 17.094404819223058, loss: 1.400327973916485, rho: 0.4000000000000001, transmit_actions: 9, P: [0.5625, 0.4375, 0.09375, 0.09375, 0.9375, 0.90625, 0.1875, 0.375, 0.75, 0.25, 0.34375, 1.0, 0.0625, 0.5, 0.75, 0.3125, 0.25, 0.90625, 0.125, 0.03125]
[TRAIN]: (69/1600): reward: -14.088742543011904, rates: 0.9112574653739121, loss: 1.142422353770282, rho: 0.4000000000000001, transmit_actions: 10, P: [0.3125, 0.71875, 0.71875, 0.96875, 0.71875, 0.65625, 0.25, 0.71875, 0.0625, 0.875, 0.6875, 0.5625, 0.5625, 0.5, 0.5625, 0.375, 0.40625, 0.6875, 0.875, 0.90625]
[TRAIN]: (70/1600): reward: 12.086320059373975, rates: 25.086319970002208, loss: 1.4077570485453332, rho: 0.4000000000000001, transmit_actions: 7, P: [0.96875, 0.28125, 0.03125, 0.53125, 0.15625, 0.375, 0.34375, 0.40625, 0.96875, 0.59375, 0.75, 0.8125, 0.125, 0.59375, 0.46875, 0.25, 0.5625, 0.6875, 0.78125, 0.46875]
[TRAIN]: (71/1600): reward: 1.3188109397888184, rates: 13.318810832112167, loss: 1.6074402698964003, rho: 0.4000000000000001, transmit_actions: 9, P: [0.75, 0.1875, 0.8125, 0.3125, 0.78125, 0.0625, 0.59375, 0.8125, 0.0, 0.15625, 0.03125, 0.40625, 0.09375, 0.78125, 0.90625, 0.6875, 0.71875, 0.15625, 0.625, 0.71875]
[TRAIN]: (72/1600): reward: -3.0216748267412186, rates: 9.97832512500376, loss: 1.530969408349652, rho: 0.4000000000000001, transmit_actions: 10, P: [0.28125, 0.09375, 0.46875, 0.46875, 0.40625, 0.15625, 0.5, 0.4375, 0.5625, 0.4375, 0.34375, 0.0, 0.53125, 0.125, 0.96875, 0.1875, 0.59375, 0.90625, 0.28125, 0.90625]
[TRAIN]: (73/1600): reward: -5.770581364631653, rates: 9.229418768179771, loss: 1.2852543802478522, rho: 0.4000000000000001, transmit_actions: 14, P: [0.0625, 0.03125, 0.8125, 0.375, 0.40625, 0.125, 1.0, 0.03125, 0.28125, 0.15625, 0.28125, 1.0, 0.84375, 0.6875, 0.6875, 0.71875, 0.0625, 0.65625, 0.28125, 0.15625]
[TRAIN]: (74/1600): reward: 0.2627980411052704, rates: 14.262798281830364, loss: 1.6379289974399278, rho: 0.4000000000000001, transmit_actions: 11, P: [0.375, 0.03125, 0.8125, 0.40625, 0.0, 0.625, 0.75, 1.0, 0.3125, 0.75, 0.4375, 0.15625, 0.90625, 0.09375, 0.09375, 0.4375, 0.40625, 0.5, 0.15625, 0.5625]
[TRAIN]: (75/1600): reward: -7.563690721988678, rates: 7.436309444157195, loss: 1.2902066249886894, rho: 0.4000000000000001, transmit_actions: 11, P: [0.75, 0.15625, 0.09375, 0.75, 0.59375, 0.09375, 0.8125, 0.78125, 0.15625, 0.15625, 0.5, 0.21875, 0.53125, 1.0, 0.28125, 0.25, 1.0, 0.53125, 0.1875, 0.125]
[TRAIN]: (76/1600): reward: -1.6565065383911133, rates: 14.343493948355285, loss: 1.4260259176585426, rho: 0.4000000000000001, transmit_actions: 10, P: [0.75, 0.625, 0.71875, 0.21875, 0.625, 0.53125, 0.03125, 0.4375, 0.59375, 0.125, 0.0625, 0.0625, 0.0625, 0.65625, 0.0, 0.03125, 0.0625, 0.625, 0.0625, 0.40625]
[TRAIN]: (77/1600): reward: -5.251358062028885, rates: 8.748641772189256, loss: 1.0749225569596867, rho: 0.4000000000000001, transmit_actions: 10, P: [0.875, 0.28125, 0.90625, 0.625, 0.09375, 0.3125, 0.84375, 0.15625, 0.96875, 0.0625, 0.6875, 0.0, 0.625, 0.59375, 0.53125, 0.46875, 0.5, 0.46875, 0.0625, 0.40625]
[TRAIN]: (78/1600): reward: -9.411634545773268, rates: 5.588365559283424, loss: 1.636005353199171, rho: 0.4000000000000001, transmit_actions: 12, P: [0.59375, 0.34375, 0.90625, 0.3125, 0.0625, 0.90625, 0.09375, 0.625, 0.1875, 0.03125, 0.09375, 0.96875, 0.09375, 0.96875, 0.1875, 0.03125, 0.75, 1.0, 1.0, 0.125]
[TRAIN]: (79/1600): reward: -14.458179295063019, rates: 0.5418207090045681, loss: 1.4736949867993219, rho: 0.4000000000000001, transmit_actions: 8, P: [0.8125, 0.09375, 0.28125, 0.0, 0.40625, 0.40625, 0.96875, 0.3125, 0.46875, 0.25, 0.75, 0.96875, 0.875, 0.46875, 0.15625, 0.40625, 1.0, 0.1875, 0.78125, 0.28125]
[TRAIN]: (80/1600): reward: -16.0, rates: 0, loss: 1.3172521376617872, rho: 0.4000000000000001, transmit_actions: 10, P: [0.125, 0.4375, 0.875, 0.625, 0.90625, 0.71875, 0.5, 0.5625, 0.375, 0.3125, 0.90625, 0.78125, 0.9375, 0.3125, 0.59375, 0.625, 0.75, 0.53125, 0.875, 0.15625]
[TRAIN]: (81/1600): reward: -7.408550303429365, rates: 6.591449699634603, loss: 1.4332843699350488, rho: 0.4000000000000001, transmit_actions: 12, P: [0.15625, 0.28125, 0.0625, 0.4375, 0.1875, 0.34375, 1.0, 0.03125, 0.71875, 0.96875, 0.1875, 0.0, 0.34375, 0.75, 0.28125, 1.0, 0.34375, 0.125, 1.0, 0.9375]
[TRAIN]: (82/1600): reward: -1.7659540539607406, rates: 11.234045747259383, loss: 1.3479884969855545, rho: 0.4000000000000001, transmit_actions: 9, P: [0.96875, 0.53125, 0.71875, 0.625, 0.5625, 0.21875, 1.0, 0.03125, 0.65625, 0.5625, 0.65625, 0.59375, 0.5, 0.875, 0.1875, 0.9375, 0.03125, 0.15625, 0.03125, 0.65625]
[TRAIN]: (83/1600): reward: -0.005970939993858337, rates: 11.99402922879169, loss: 1.4978106977959842, rho: 0.4000000000000001, transmit_actions: 12, P: [0.25, 0.75, 0.84375, 0.15625, 0.46875, 0.8125, 0.84375, 0.15625, 0.59375, 1.0, 0.15625, 0.90625, 0.25, 0.46875, 0.375, 0.1875, 0.6875, 0.71875, 0.09375, 0.96875]
[TRAIN]: (84/1600): reward: -11.649981796741486, rates: 5.350018119958899, loss: 1.4904300917233042, rho: 0.4000000000000001, transmit_actions: 8, P: [0.6875, 0.375, 1.0, 0.34375, 0.0625, 0.1875, 0.53125, 0.15625, 0.03125, 0.65625, 0.6875, 0.4375, 0.09375, 0.3125, 0.34375, 0.1875, 0.40625, 0.96875, 0.5625, 0.15625]
[TRAIN]: (85/1600): reward: -0.8814371824264526, rates: 11.118562995160149, loss: 1.481027304260742, rho: 0.4000000000000001, transmit_actions: 10, P: [1.0, 0.71875, 0.0625, 0.46875, 0.28125, 0.4375, 0.90625, 0.59375, 0.4375, 0.4375, 0.96875, 0.3125, 1.0, 0.15625, 0.40625, 0.625, 0.15625, 0.1875, 0.25, 0.0625]
[TRAIN]: (86/1600): reward: -9.714789763092995, rates: 5.285210271684843, loss: 1.3704362855108303, rho: 0.4000000000000001, transmit_actions: 5, P: [0.84375, 1.0, 0.15625, 0.21875, 0.9375, 0.21875, 0.75, 0.1875, 0.28125, 0.34375, 0.75, 0.5, 0.59375, 0.125, 0.90625, 0.40625, 0.375, 0.71875, 0.40625, 0.40625]
[TRAIN]: (87/1600): reward: -14.349145203828812, rates: 0.6508547957602482, loss: 1.471973751124583, rho: 0.4000000000000001, transmit_actions: 9, P: [0.59375, 0.03125, 0.25, 0.46875, 0.09375, 0.59375, 0.34375, 0.5625, 0.25, 0.46875, 0.90625, 0.0, 0.65625, 0.875, 0.84375, 0.46875, 0.40625, 0.3125, 0.125, 0.5]
[TRAIN]: (88/1600): reward: 8.265778243541718, rates: 17.265778372179554, loss: 1.5325261426308632, rho: 0.4000000000000001, transmit_actions: 10, P: [0.5, 0.3125, 0.4375, 0.9375, 0.5625, 0.0, 0.40625, 0.78125, 0.0625, 0.03125, 0.03125, 0.75, 0.5625, 0.15625, 0.15625, 0.8125, 0.125, 1.0, 0.15625, 0.15625]
[TRAIN]: (89/1600): reward: -4.632513325661421, rates: 9.367486619838179, loss: 1.6824712075517367, rho: 0.4000000000000001, transmit_actions: 11, P: [0.0, 0.5625, 0.28125, 0.15625, 0.1875, 0.875, 0.4375, 0.0, 0.875, 0.3125, 0.8125, 0.09375, 0.59375, 0.875, 0.40625, 0.65625, 0.1875, 0.53125, 0.125, 0.0]
[TRAIN]: (90/1600): reward: -4.7092761397361755, rates: 9.290723819772577, loss: 1.3374079230182367, rho: 0.4000000000000001, transmit_actions: 13, P: [0.25, 0.1875, 0.78125, 0.15625, 0.96875, 0.25, 1.0, 0.5625, 0.375, 1.0, 0.5625, 0.34375, 0.65625, 0.90625, 0.46875, 0.03125, 0.40625, 0.8125, 0.375, 0.375]
[TRAIN]: (91/1600): reward: -15.0, rates: 0, loss: 1.23126418110876, rho: 0.4000000000000001, transmit_actions: 8, P: [0.65625, 0.28125, 0.34375, 0.875, 0.53125, 0.71875, 0.46875, 0.1875, 0.375, 0.0625, 0.78125, 0.59375, 0.625, 0.09375, 0.59375, 0.96875, 0.9375, 0.125, 0.90625, 0.9375]
[TRAIN]: (92/1600): reward: -10.327352702617645, rates: 5.672647253701063, loss: 1.553081240551513, rho: 0.4000000000000001, transmit_actions: 7, P: [0.0, 0.40625, 0.4375, 0.1875, 0.21875, 0.71875, 0.65625, 0.59375, 0.625, 0.65625, 0.875, 0.65625, 0.625, 0.28125, 0.46875, 0.8125, 0.53125, 0.71875, 0.46875, 0.375]
[TRAIN]: (93/1600): reward: -5.338505160063505, rates: 9.66149454901582, loss: 1.2966625830341707, rho: 0.4000000000000001, transmit_actions: 11, P: [0.4375, 0.09375, 0.5, 0.96875, 0.875, 0.28125, 0.46875, 0.09375, 0.78125, 0.65625, 0.21875, 0.78125, 0.125, 0.5, 0.90625, 0.96875, 0.375, 0.65625, 0.40625, 0.09375]
[TRAIN]: (94/1600): reward: -11.867624163627625, rates: 4.132375851949997, loss: 1.5688850285632128, rho: 0.4000000000000001, transmit_actions: 8, P: [0.03125, 0.8125, 0.46875, 0.125, 0.78125, 0.5, 0.46875, 0.3125, 0.5625, 0.34375, 0.6875, 0.375, 0.875, 0.75, 1.0, 0.1875, 0.5625, 1.0, 0.0625, 0.03125]
[TRAIN]: (95/1600): reward: 0.16224269568920135, rates: 12.162242580410712, loss: 1.3612776319247704, rho: 0.4000000000000001, transmit_actions: 13, P: [0.46875, 0.78125, 0.1875, 0.1875, 1.0, 0.21875, 0.625, 0.6875, 0.8125, 0.84375, 0.84375, 0.53125, 0.9375, 0.21875, 0.6875, 0.125, 0.21875, 0.8125, 0.90625, 0.75]
[TRAIN]: (96/1600): reward: 7.27077454328537, rates: 19.27077438878713, loss: 1.2734279616964788, rho: 0.4000000000000001, transmit_actions: 14, P: [0.625, 0.125, 0.59375, 0.15625, 0.8125, 0.875, 0.125, 0.96875, 0.21875, 0.78125, 0.40625, 0.875, 0.75, 0.875, 0.3125, 0.46875, 0.46875, 0.0625, 0.03125, 0.375]
[TRAIN]: (97/1600): reward: -17.0, rates: 0, loss: 1.3943954105126204, rho: 0.4000000000000001, transmit_actions: 8, P: [0.1875, 0.625, 0.25, 0.1875, 0.96875, 0.40625, 0.625, 0.3125, 0.09375, 0.65625, 0.46875, 0.25, 0.96875, 0.6875, 0.8125, 0.28125, 0.71875, 0.09375, 0.40625, 0.40625]
[TRAIN]: (98/1600): reward: -1.0166049897670746, rates: 11.983394945512593, loss: 1.1565497538058982, rho: 0.4000000000000001, transmit_actions: 14, P: [0.375, 0.53125, 0.65625, 0.78125, 0.4375, 0.15625, 0.03125, 0.625, 0.1875, 0.65625, 0.71875, 0.28125, 0.40625, 0.75, 0.90625, 0.09375, 0.28125, 1.0, 0.625, 0.3125]
[TRAIN]: (99/1600): reward: -9.885062217712402, rates: 4.1149379135941855, loss: 1.5617808370290054, rho: 0.4000000000000001, transmit_actions: 8, P: [0.65625, 0.34375, 0.6875, 0.78125, 0.78125, 0.71875, 0.75, 0.6875, 0.6875, 0.78125, 0.875, 0.09375, 0.21875, 0.375, 0.28125, 0.96875, 0.5625, 0.09375, 0.28125, 0.90625]
[TRAIN]: (100/1600): reward: -3.091698497533798, rates: 8.908301558311578, loss: 1.31879920611941, rho: 0.4000000000000001, transmit_actions: 9, P: [0.8125, 0.65625, 0.875, 0.53125, 0.03125, 0.90625, 0.65625, 0.875, 0.46875, 0.28125, 0.90625, 0.875, 0.34375, 0.15625, 0.03125, 0.34375, 0.0625, 0.25, 0.53125, 0.875]
[TRAIN]: (101/1600): reward: -5.3689698949456215, rates: 9.63102997327814, loss: 1.2264784363357562, rho: 0.4000000000000001, transmit_actions: 11, P: [0.84375, 0.3125, 0.375, 0.625, 0.4375, 0.03125, 0.96875, 0.90625, 0.53125, 0.0, 0.0, 0.40625, 0.5625, 0.59375, 0.15625, 0.78125, 0.03125, 0.96875, 0.5625, 0.03125]
[TRAIN]: (102/1600): reward: 7.075417518615723, rates: 17.07541760131128, loss: 1.3899458896880819, rho: 0.4000000000000001, transmit_actions: 7, P: [0.4375, 0.90625, 0.84375, 0.875, 0.90625, 0.6875, 0.9375, 0.375, 0.625, 0.96875, 0.28125, 0.78125, 0.25, 0.0625, 0.65625, 0.0625, 0.3125, 0.8125, 0.0625, 0.03125]
[TRAIN]: (103/1600): reward: -9.116031140089035, rates: 6.883969045882519, loss: 1.323182853875735, rho: 0.4000000000000001, transmit_actions: 7, P: [0.6875, 0.125, 0.15625, 0.46875, 0.6875, 0.53125, 0.0, 0.40625, 0.625, 0.53125, 0.6875, 0.5625, 0.90625, 0.59375, 0.84375, 0.53125, 0.125, 0.5, 0.71875, 0.65625]
[TRAIN]: (104/1600): reward: -12.950565412640572, rates: 0.049434586073017185, loss: 1.4412455837049318, rho: 0.4000000000000001, transmit_actions: 11, P: [0.46875, 0.3125, 0.28125, 0.0, 1.0, 0.59375, 0.9375, 0.6875, 0.4375, 0.1875, 0.59375, 0.53125, 0.5, 0.03125, 0.90625, 1.0, 0.59375, 0.0625, 0.96875, 1.0]
[TRAIN]: (105/1600): reward: -8.315696686506271, rates: 5.684303470578071, loss: 1.4794785211168893, rho: 0.4000000000000001, transmit_actions: 10, P: [0.6875, 0.28125, 0.5, 0.40625, 0.1875, 0.1875, 0.78125, 0.15625, 0.625, 0.125, 0.75, 0.6875, 0.96875, 0.6875, 0.9375, 0.28125, 0.25, 0.0625, 0.9375, 0.5]
[TRAIN]: (106/1600): reward: -9.64036799967289, rates: 4.359632123451971, loss: 1.4193329131015466, rho: 0.4000000000000001, transmit_actions: 13, P: [0.84375, 0.34375, 0.96875, 0.03125, 0.0625, 0.40625, 0.6875, 0.15625, 0.15625, 0.96875, 0.0625, 0.21875, 0.84375, 0.8125, 0.71875, 1.0, 1.0, 0.0625, 0.84375, 0.5625]
[TRAIN]: (107/1600): reward: -13.81257758103311, rates: 0.18742242041105717, loss: 1.4110221416534414, rho: 0.4000000000000001, transmit_actions: 9, P: [0.25, 0.8125, 0.8125, 0.4375, 0.90625, 0.65625, 0.4375, 0.25, 0.875, 0.09375, 0.71875, 0.46875, 0.625, 0.78125, 1.0, 0.53125, 0.28125, 0.1875, 1.0, 0.125]
[TRAIN]: (108/1600): reward: -8.789254665374756, rates: 5.2107455658923945, loss: 1.2754731699958177, rho: 0.4000000000000001, transmit_actions: 4, P: [0.75, 0.6875, 0.90625, 0.59375, 0.84375, 0.46875, 0.15625, 0.46875, 0.4375, 0.78125, 0.90625, 0.15625, 0.3125, 0.34375, 0.53125, 0.65625, 0.84375, 0.96875, 0.4375, 0.875]
[TRAIN]: (109/1600): reward: -9.869584035128355, rates: 4.130415740552584, loss: 1.65193586054795, rho: 0.4000000000000001, transmit_actions: 11, P: [0.25, 0.84375, 0.3125, 0.59375, 0.96875, 0.03125, 0.46875, 0.09375, 0.375, 0.8125, 0.5, 0.09375, 0.09375, 0.96875, 0.1875, 0.21875, 0.6875, 0.21875, 0.21875, 0.0625]
[TRAIN]: (110/1600): reward: -6.863632619380951, rates: 4.136367383895434, loss: 1.5140504059534776, rho: 0.4000000000000001, transmit_actions: 8, P: [0.0625, 0.9375, 0.71875, 0.40625, 0.75, 0.375, 0.40625, 0.6875, 0.8125, 0.78125, 0.375, 0.53125, 0.59375, 0.875, 0.59375, 1.0, 0.1875, 0.0625, 0.3125, 0.75]
[TRAIN]: (111/1600): reward: -6.300434231758118, rates: 8.699565571443568, loss: 1.505633258607768, rho: 0.4000000000000001, transmit_actions: 12, P: [0.0, 0.0625, 0.125, 0.71875, 0.78125, 0.0, 0.40625, 0.71875, 0.25, 0.46875, 0.4375, 0.40625, 0.71875, 0.1875, 0.40625, 0.125, 0.84375, 0.6875, 0.78125, 0.09375]
[TRAIN]: (112/1600): reward: -8.692712539806962, rates: 5.307287632447942, loss: 1.3715916101713472, rho: 0.4000000000000001, transmit_actions: 9, P: [0.53125, 0.40625, 0.96875, 0.03125, 0.0, 0.59375, 0.75, 0.9375, 0.625, 0.0, 0.5, 0.8125, 0.5, 0.46875, 0.15625, 0.125, 0.65625, 0.0625, 1.0, 0.25]
[TRAIN]: (113/1600): reward: -5.198369741439819, rates: 7.801630339448398, loss: 1.1266504408008298, rho: 0.4000000000000001, transmit_actions: 8, P: [0.375, 0.46875, 0.875, 0.90625, 0.65625, 0.25, 0.125, 0.0, 0.21875, 0.65625, 0.90625, 0.0625, 0.0625, 0.8125, 0.96875, 0.75, 0.65625, 0.40625, 0.375, 0.0625]
[TRAIN]: (114/1600): reward: -0.9641590714454651, rates: 12.03584091160581, loss: 1.2948511173693031, rho: 0.4000000000000001, transmit_actions: 13, P: [0.75, 0.1875, 0.78125, 0.3125, 0.03125, 0.1875, 0.53125, 0.71875, 0.625, 0.6875, 0.5, 0.03125, 0.03125, 0.90625, 0.59375, 0.75, 0.90625, 0.9375, 0.28125, 0.0625]
[TRAIN]: (115/1600): reward: -14.0, rates: 0, loss: 1.2482000790330463, rho: 0.4000000000000001, transmit_actions: 7, P: [1.0, 0.5, 0.40625, 0.875, 0.96875, 0.625, 0.84375, 0.96875, 0.03125, 0.53125, 0.40625, 0.25, 0.5, 0.5, 0.5, 0.65625, 0.8125, 0.65625, 0.40625, 0.9375]
[TRAIN]: (116/1600): reward: -15.660546004772186, rates: 0.33945400993108726, loss: 1.410770667611135, rho: 0.4000000000000001, transmit_actions: 12, P: [0.84375, 0.1875, 0.59375, 0.90625, 0.375, 0.1875, 0.5625, 0.8125, 0.40625, 0.375, 1.0, 0.5, 0.3125, 0.40625, 0.78125, 0.71875, 0.6875, 0.75, 0.78125, 0.28125]
[TRAIN]: (117/1600): reward: -1.0136274471879005, rates: 11.986372496066881, loss: 1.2671507141218505, rho: 0.4000000000000001, transmit_actions: 13, P: [0.875, 0.53125, 0.40625, 0.84375, 0.28125, 0.65625, 0.03125, 0.0625, 0.84375, 0.5, 0.0, 0.65625, 0.0, 0.15625, 0.375, 0.21875, 0.71875, 0.65625, 0.53125, 0.78125]
[TRAIN]: (118/1600): reward: -0.3997159004211426, rates: 11.60028401206987, loss: 1.2238731190444183, rho: 0.4000000000000001, transmit_actions: 9, P: [1.0, 0.28125, 0.0, 0.03125, 0.84375, 0.90625, 0.40625, 0.21875, 0.71875, 0.1875, 1.0, 0.53125, 0.5, 0.78125, 1.0, 0.90625, 0.15625, 0.28125, 0.4375, 0.71875]
[TRAIN]: (119/1600): reward: -8.007234374061227, rates: 4.992765389848553, loss: 1.2865253723313463, rho: 0.4000000000000001, transmit_actions: 12, P: [0.71875, 0.90625, 0.03125, 1.0, 0.84375, 0.09375, 0.28125, 0.5, 0.875, 0.59375, 0.625, 0.78125, 0.875, 0.6875, 0.15625, 0.46875, 0.3125, 0.1875, 0.84375, 0.4375]
[TRAIN]: (120/1600): reward: -2.3455933779478073, rates: 10.654407043993569, loss: 1.2578888784169204, rho: 0.4000000000000001, transmit_actions: 10, P: [0.125, 0.625, 0.09375, 0.15625, 0.40625, 0.90625, 0.25, 0.15625, 0.8125, 0.9375, 0.40625, 0.46875, 0.4375, 0.8125, 0.46875, 0.65625, 0.09375, 0.5625, 0.28125, 0.375]
[TRAIN]: (121/1600): reward: -10.589019291102886, rates: 5.410980505153894, loss: 1.5264932681373644, rho: 0.4000000000000001, transmit_actions: 10, P: [0.21875, 0.84375, 0.6875, 0.75, 0.96875, 0.625, 0.375, 0.1875, 1.0, 0.0625, 0.71875, 0.125, 0.8125, 0.46875, 0.71875, 0.4375, 0.625, 0.90625, 0.9375, 0.40625]
[TRAIN]: (122/1600): reward: 1.3458327949047089, rates: 11.345833027902685, loss: 1.2682508822296394, rho: 0.4000000000000001, transmit_actions: 11, P: [0.84375, 0.15625, 0.59375, 0.1875, 0.1875, 0.96875, 0.8125, 0.21875, 0.0625, 0.40625, 0.65625, 0.34375, 0.09375, 0.5625, 0.65625, 0.3125, 0.5, 0.0625, 0.15625, 0.0]
[TRAIN]: (123/1600): reward: -10.93012523651123, rates: 5.06987492141037, loss: 1.3828302524902305, rho: 0.4000000000000001, transmit_actions: 8, P: [0.53125, 0.9375, 0.0, 0.5, 0.375, 0.3125, 0.90625, 0.40625, 0.5625, 0.84375, 0.03125, 0.40625, 0.59375, 0.15625, 0.1875, 0.0, 0.5625, 0.6875, 1.0, 0.53125]
[TRAIN]: (124/1600): reward: -10.962629936635494, rates: 1.0373700619311452, loss: 1.4206275757268614, rho: 0.4000000000000001, transmit_actions: 9, P: [0.875, 0.5, 0.3125, 0.5625, 0.125, 0.65625, 0.46875, 1.0, 0.28125, 0.96875, 0.40625, 0.03125, 1.0, 0.40625, 1.0, 0.625, 0.59375, 0.625, 0.3125, 0.9375]
[TRAIN]: (125/1600): reward: -6.849197149276733, rates: 8.150802905590858, loss: 1.2054715472348512, rho: 0.4000000000000001, transmit_actions: 13, P: [0.8125, 0.28125, 0.71875, 0.75, 0.5625, 0.125, 0.9375, 0.84375, 0.03125, 0.9375, 1.0, 0.5625, 0.34375, 0.875, 1.0, 0.0, 0.28125, 0.0625, 0.15625, 0.5]
[TRAIN]: (126/1600): reward: -6.582604184746742, rates: 4.417395908959939, loss: 1.5749183043332446, rho: 0.4000000000000001, transmit_actions: 9, P: [0.28125, 0.53125, 0.03125, 0.1875, 0.9375, 0.4375, 0.09375, 0.96875, 0.84375, 0.03125, 0.40625, 0.90625, 0.75, 0.34375, 0.4375, 0.0, 0.90625, 0.40625, 0.53125, 0.03125]
[TRAIN]: (127/1600): reward: -5.003937169909477, rates: 9.996062817360428, loss: 1.6790706227774728, rho: 0.4000000000000001, transmit_actions: 7, P: [0.3125, 0.03125, 0.4375, 0.71875, 0.0, 0.21875, 0.78125, 0.875, 0.25, 0.5, 0.15625, 0.90625, 0.75, 0.0625, 0.5625, 0.75, 0.53125, 0.0625, 0.25, 0.1875]
[TRAIN]: (128/1600): reward: -1.975801706314087, rates: 10.024198417443417, loss: 1.4089610850426668, rho: 0.4000000000000001, transmit_actions: 6, P: [0.09375, 0.96875, 0.65625, 0.40625, 0.5625, 0.0, 0.21875, 0.9375, 0.34375, 0.90625, 0.375, 0.75, 0.65625, 0.03125, 0.40625, 0.125, 1.0, 0.9375, 0.03125, 0.15625]
[TRAIN]: (129/1600): reward: -1.2427320517599583, rates: 11.757268187380987, loss: 1.3855616760658704, rho: 0.4000000000000001, transmit_actions: 12, P: [0.4375, 0.40625, 0.875, 0.375, 0.59375, 0.71875, 0.03125, 0.78125, 0.46875, 0.09375, 0.53125, 0.34375, 0.34375, 0.90625, 0.8125, 0.625, 0.21875, 0.15625, 0.75, 0.6875]
[TRAIN]: (130/1600): reward: 12.515219122171402, rates: 22.51521923657059, loss: 1.1656770380523693, rho: 0.4000000000000001, transmit_actions: 12, P: [0.34375, 0.78125, 0.90625, 0.5, 0.0625, 0.5, 0.46875, 0.59375, 0.09375, 0.40625, 0.1875, 0.03125, 0.09375, 0.53125, 0.9375, 0.3125, 0.3125, 0.9375, 0.25, 0.78125]
[TRAIN]: (131/1600): reward: -7.444850325584412, rates: 7.555149507699788, loss: 1.2728752111233228, rho: 0.4000000000000001, transmit_actions: 9, P: [0.78125, 0.21875, 0.71875, 0.21875, 0.25, 0.25, 0.875, 0.21875, 0.9375, 0.5625, 0.03125, 0.0625, 0.8125, 0.03125, 0.34375, 0.1875, 0.8125, 0.28125, 0.34375, 0.5]
[TRAIN]: (132/1600): reward: 16.91811180114746, rates: 27.9181118654678, loss: 1.501449505701597, rho: 0.4000000000000001, transmit_actions: 15, P: [0.78125, 0.09375, 0.75, 0.78125, 0.5625, 0.46875, 0.1875, 0.4375, 0.625, 0.15625, 1.0, 0.15625, 0.5, 0.25, 0.8125, 0.25, 0.5625, 0.71875, 0.125, 0.9375]
[TRAIN]: (133/1600): reward: -11.899774309247732, rates: 3.1002257854344686, loss: 1.2666043940868712, rho: 0.4000000000000001, transmit_actions: 13, P: [0.53125, 0.0625, 0.71875, 0.0, 0.71875, 0.3125, 0.78125, 0.5625, 0.78125, 0.03125, 0.4375, 0.09375, 0.59375, 0.71875, 0.4375, 0.0, 0.71875, 0.65625, 0.59375, 0.6875]
[TRAIN]: (134/1600): reward: -3.979798510670662, rates: 9.02020147642096, loss: 1.2026319675436472, rho: 0.4000000000000001, transmit_actions: 9, P: [0.40625, 0.6875, 0.0625, 0.3125, 0.09375, 0.75, 0.9375, 0.90625, 0.40625, 0.59375, 0.4375, 0.40625, 0.40625, 0.25, 1.0, 0.375, 0.46875, 0.03125, 0.96875, 0.90625]
[TRAIN]: (135/1600): reward: -4.559707224369049, rates: 9.440292577982607, loss: 1.2534994193543654, rho: 0.4000000000000001, transmit_actions: 13, P: [0.09375, 0.6875, 0.75, 0.1875, 0.34375, 0.9375, 0.125, 0.75, 0.15625, 0.25, 0.71875, 0.5, 0.5625, 0.40625, 0.5, 0.375, 0.90625, 0.96875, 0.03125, 0.53125]
[TRAIN]: (136/1600): reward: -9.33526462316513, rates: 5.664735384721294, loss: 1.5494472154690277, rho: 0.4000000000000001, transmit_actions: 12, P: [0.125, 0.0, 0.8125, 0.46875, 0.96875, 0.65625, 0.5625, 0.3125, 0.8125, 0.6875, 1.0, 0.78125, 0.15625, 0.15625, 0.65625, 0.71875, 0.875, 0.03125, 0.84375, 0.53125]
[TRAIN]: (137/1600): reward: 2.113130221143365, rates: 16.11313029471793, loss: 1.2270599568477367, rho: 0.4000000000000001, transmit_actions: 13, P: [0.0625, 0.3125, 0.4375, 0.8125, 0.75, 0.4375, 0.03125, 0.0625, 0.3125, 0.28125, 0.53125, 0.1875, 0.21875, 0.21875, 0.5, 0.71875, 0.25, 0.84375, 0.3125, 0.0625]
[TRAIN]: (138/1600): reward: -14.648173600435257, rates: 1.351826424206773, loss: 1.3838374920410148, rho: 0.4000000000000001, transmit_actions: 14, P: [0.0625, 0.5, 0.125, 0.78125, 0.1875, 0.75, 0.6875, 1.0, 0.71875, 0.34375, 0.9375, 0.8125, 0.875, 0.84375, 0.84375, 0.09375, 1.0, 0.8125, 0.8125, 0.5]
[TRAIN]: (139/1600): reward: -9.881004810333252, rates: 5.118995268968143, loss: 1.211980357142643, rho: 0.4000000000000001, transmit_actions: 10, P: [1.0, 0.96875, 0.6875, 0.15625, 0.375, 0.34375, 0.75, 0.40625, 0.40625, 0.53125, 0.21875, 1.0, 0.46875, 0.9375, 0.15625, 0.15625, 0.5625, 0.1875, 0.96875, 1.0]
[TRAIN]: (140/1600): reward: 10.328214406967163, rates: 24.32821440677011, loss: 1.5208457682268801, rho: 0.4000000000000001, transmit_actions: 12, P: [0.1875, 0.34375, 0.6875, 0.46875, 0.28125, 0.34375, 0.8125, 0.84375, 1.0, 0.0625, 0.0625, 0.09375, 0.4375, 0.78125, 0.125, 0.71875, 0.46875, 0.21875, 0.8125, 0.21875]
[TRAIN]: (141/1600): reward: -10.831359326839447, rates: 5.168640641564766, loss: 1.4843724840339687, rho: 0.4000000000000001, transmit_actions: 9, P: [0.34375, 0.40625, 0.65625, 0.21875, 0.96875, 0.125, 0.15625, 0.28125, 0.3125, 0.375, 0.84375, 0.6875, 0.375, 0.65625, 0.15625, 0.0625, 0.09375, 0.9375, 0.65625, 0.1875]
[TRAIN]: (142/1600): reward: 3.042942613363266, rates: 13.042942416767918, loss: 1.3805794499320612, rho: 0.4000000000000001, transmit_actions: 11, P: [0.84375, 0.65625, 0.90625, 0.46875, 0.53125, 0.1875, 0.25, 0.46875, 0.0, 0.375, 0.59375, 1.0, 0.59375, 0.75, 0.28125, 0.625, 0.59375, 0.34375, 0.0, 0.96875]
[TRAIN]: (143/1600): reward: -3.1866023801267147, rates: 6.813397534795435, loss: 1.561993335414435, rho: 0.4000000000000001, transmit_actions: 10, P: [0.59375, 0.96875, 0.09375, 0.6875, 0.65625, 0.03125, 0.0, 0.90625, 0.25, 0.90625, 0.5625, 0.84375, 0.1875, 0.625, 0.65625, 0.03125, 0.6875, 0.71875, 0.46875, 0.59375]
[TRAIN]: (144/1600): reward: -4.648387551307678, rates: 9.351612369223984, loss: 1.6733720784829065, rho: 0.4000000000000001, transmit_actions: 8, P: [0.59375, 0.625, 0.0, 0.1875, 0.375, 0.6875, 0.59375, 0.15625, 0.28125, 0.90625, 0.40625, 0.1875, 0.25, 0.03125, 0.9375, 0.53125, 0.125, 0.65625, 0.3125, 0.96875]
[TRAIN]: (145/1600): reward: -7.726183598861098, rates: 5.273816543347055, loss: 1.3706386672262256, rho: 0.4000000000000001, transmit_actions: 9, P: [0.0625, 0.5, 0.0, 0.0625, 0.84375, 0.09375, 0.15625, 0.15625, 0.65625, 0.9375, 0.09375, 0.15625, 0.0625, 0.65625, 0.875, 0.21875, 0.5625, 0.1875, 0.3125, 0.71875]
[TRAIN]: (146/1600): reward: 10.990672692656517, rates: 20.990672046419625, loss: 1.2353524495575434, rho: 0.4000000000000001, transmit_actions: 11, P: [0.9375, 0.84375, 0.84375, 0.03125, 0.34375, 0.9375, 0.09375, 0.53125, 0.34375, 0.6875, 0.75, 0.78125, 0.28125, 0.09375, 0.53125, 0.875, 0.4375, 0.71875, 0.9375, 0.03125]
[TRAIN]: (147/1600): reward: -10.287500381469727, rates: 5.712499824243566, loss: 1.367744752749945, rho: 0.4000000000000001, transmit_actions: 9, P: [0.28125, 0.5, 0.3125, 0.8125, 0.65625, 0.0, 0.46875, 0.90625, 0.5625, 0.9375, 0.4375, 0.59375, 0.3125, 0.4375, 0.8125, 0.8125, 0.59375, 0.3125, 0.0, 0.46875]
[TRAIN]: (148/1600): reward: -8.951206684112549, rates: 5.048793389677416, loss: 1.4507644211988393, rho: 0.4000000000000001, transmit_actions: 9, P: [0.90625, 0.25, 0.625, 0.84375, 0.625, 0.75, 0.4375, 0.8125, 0.875, 0.34375, 0.78125, 0.3125, 0.5, 0.84375, 0.75, 0.09375, 0.375, 0.5, 0.9375, 0.6875]
[TRAIN]: (149/1600): reward: 7.178598318248987, rates: 18.178598266424284, loss: 1.5961881629762407, rho: 0.4000000000000001, transmit_actions: 12, P: [1.0, 0.0, 0.75, 0.0625, 0.90625, 0.5, 1.0, 0.4375, 0.65625, 0.65625, 0.40625, 0.71875, 0.46875, 0.09375, 0.21875, 0.34375, 0.40625, 1.0, 0.34375, 0.8125]
[TRAIN]: (150/1600): reward: -10.376074314117432, rates: 4.62392583722119, loss: 1.482254658137613, rho: 0.4000000000000001, transmit_actions: 9, P: [0.46875, 0.625, 0.3125, 0.3125, 0.40625, 0.5625, 0.875, 0.96875, 0.4375, 0.21875, 0.5, 0.375, 0.625, 0.6875, 0.1875, 0.9375, 0.34375, 0.34375, 0.625, 0.6875]
[TRAIN]: (151/1600): reward: -12.116223767399788, rates: 4.883776191774001, loss: 1.5226539347192138, rho: 0.4000000000000001, transmit_actions: 10, P: [0.65625, 0.75, 0.28125, 0.375, 0.28125, 0.53125, 0.5, 0.5625, 0.625, 0.5, 0.46875, 0.8125, 0.59375, 0.125, 0.9375, 0.375, 0.8125, 0.09375, 0.375, 0.40625]
[TRAIN]: (152/1600): reward: -7.931009836494923, rates: 6.068990078866444, loss: 1.6071850526286144, rho: 0.4000000000000001, transmit_actions: 14, P: [0.5, 0.90625, 0.53125, 0.09375, 0.03125, 0.34375, 0.71875, 0.375, 0.125, 0.25, 1.0, 0.53125, 0.75, 0.90625, 0.21875, 0.21875, 1.0, 0.375, 0.4375, 1.0]
[TRAIN]: (153/1600): reward: 8.78365182876587, rates: 18.783651647621234, loss: 1.4324978450442964, rho: 0.4000000000000001, transmit_actions: 11, P: [0.0625, 0.75, 0.4375, 0.1875, 0.0625, 0.65625, 0.40625, 0.1875, 0.9375, 0.25, 0.0, 0.78125, 0.15625, 0.90625, 0.28125, 1.0, 0.25, 0.15625, 0.25, 0.9375]
[TRAIN]: (154/1600): reward: -1.8477767705917358, rates: 12.152223245157888, loss: 1.3898689296423365, rho: 0.4000000000000001, transmit_actions: 12, P: [0.34375, 0.875, 0.21875, 0.28125, 0.3125, 0.4375, 0.53125, 0.21875, 0.9375, 0.46875, 0.59375, 0.09375, 0.46875, 0.0625, 0.25, 0.34375, 0.28125, 0.96875, 0.59375, 0.8125]
[TRAIN]: (155/1600): reward: -13.538363218307495, rates: 3.461636763335763, loss: 1.438583474055946, rho: 0.4000000000000001, transmit_actions: 10, P: [0.78125, 0.40625, 0.25, 0.1875, 0.96875, 0.34375, 0.6875, 0.65625, 0.34375, 0.84375, 0.65625, 0.84375, 0.8125, 0.21875, 0.03125, 0.25, 0.84375, 0.09375, 0.4375, 0.25]
[TRAIN]: (156/1600): reward: -8.885968074202538, rates: 5.1140320358161055, loss: 1.6282621861185234, rho: 0.4000000000000001, transmit_actions: 9, P: [0.1875, 0.375, 0.625, 0.03125, 0.0625, 0.28125, 0.6875, 0.5, 0.5625, 0.21875, 0.9375, 0.1875, 0.625, 0.3125, 0.75, 0.59375, 0.0, 0.8125, 0.8125, 0.0]
[TRAIN]: (157/1600): reward: -0.009073257446289062, rates: 12.99092685057397, loss: 1.4604685009718679, rho: 0.4000000000000001, transmit_actions: 12, P: [0.75, 0.5, 0.90625, 0.03125, 0.90625, 0.15625, 0.65625, 0.625, 0.625, 0.4375, 0.15625, 0.0625, 0.90625, 0.46875, 0.8125, 0.4375, 0.9375, 0.0625, 0.0625, 0.875]
[TRAIN]: (158/1600): reward: -14.954773150384426, rates: 0.045226850035317616, loss: 1.4830724529403225, rho: 0.4000000000000001, transmit_actions: 9, P: [0.71875, 0.5, 0.15625, 0.46875, 0.3125, 0.21875, 0.0625, 0.5625, 0.75, 1.0, 0.96875, 0.5625, 0.59375, 0.46875, 0.9375, 0.125, 0.4375, 0.0625, 0.46875, 0.40625]
[TRAIN]: (159/1600): reward: -9.648994415998459, rates: 5.351005392363553, loss: 1.4381842114804555, rho: 0.4000000000000001, transmit_actions: 11, P: [1.0, 0.5625, 0.125, 0.625, 0.65625, 0.71875, 0.25, 0.4375, 0.28125, 0.625, 0.71875, 0.75, 0.875, 0.84375, 0.4375, 0.03125, 0.75, 0.3125, 0.1875, 0.4375]
[TRAIN]: (160/1600): reward: -3.835140824317932, rates: 7.164859225508321, loss: 1.6488409488213587, rho: 0.4000000000000001, transmit_actions: 10, P: [0.125, 1.0, 0.28125, 0.84375, 0.6875, 0.59375, 0.71875, 0.1875, 0.375, 0.65625, 0.84375, 0.5625, 0.25, 0.78125, 0.25, 0.59375, 0.71875, 0.09375, 0.9375, 0.0]
[TRAIN]: (161/1600): reward: -4.841317176818848, rates: 6.158682842788989, loss: 1.3736318593302035, rho: 0.4000000000000001, transmit_actions: 9, P: [0.15625, 0.25, 0.75, 0.75, 0.96875, 0.5625, 0.75, 0.84375, 0.71875, 0.59375, 0.03125, 0.84375, 0.4375, 1.0, 0.09375, 0.71875, 0.71875, 0.9375, 0.90625, 0.875]
[TRAIN]: (162/1600): reward: -15.0, rates: 0, loss: 1.5972827396825349, rho: 0.4000000000000001, transmit_actions: 7, P: [0.09375, 0.15625, 0.65625, 0.28125, 0.40625, 0.375, 0.9375, 0.90625, 0.6875, 0.21875, 1.0, 0.96875, 0.46875, 0.28125, 0.625, 0.78125, 0.0, 0.875, 0.21875, 0.8125]
[TRAIN]: (163/1600): reward: 1.9510297179222107, rates: 14.951029361637971, loss: 1.428658994829893, rho: 0.4000000000000001, transmit_actions: 12, P: [0.59375, 0.53125, 0.9375, 0.6875, 0.96875, 0.4375, 0.6875, 0.4375, 0.5625, 0.28125, 0.40625, 0.84375, 0.28125, 0.625, 0.5, 0.03125, 0.375, 0.15625, 0.21875, 0.375]
[TRAIN]: (164/1600): reward: -11.695532947778702, rates: 1.304467038953783, loss: 1.4284617720815755, rho: 0.4000000000000001, transmit_actions: 6, P: [0.03125, 0.25, 0.09375, 1.0, 0.40625, 0.71875, 0.4375, 0.71875, 0.53125, 0.09375, 0.21875, 0.90625, 0.1875, 0.46875, 0.8125, 0.78125, 0.8125, 0.5, 0.09375, 0.1875]
[TRAIN]: (165/1600): reward: 10.85447745025158, rates: 17.854477557103564, loss: 1.4155372023682455, rho: 0.4000000000000001, transmit_actions: 11, P: [0.9375, 0.90625, 0.03125, 0.1875, 0.03125, 0.25, 0.53125, 0.1875, 0.59375, 0.0625, 0.15625, 0.5625, 0.0, 0.125, 0.40625, 0.65625, 0.25, 0.84375, 0.0625, 0.0]
[TRAIN]: (166/1600): reward: -7.884174168109894, rates: 8.115826015451278, loss: 1.3706671640969712, rho: 0.4000000000000001, transmit_actions: 10, P: [0.96875, 0.03125, 0.5625, 0.46875, 0.0625, 0.3125, 0.21875, 0.625, 0.5, 0.65625, 0.03125, 0.28125, 0.59375, 0.34375, 0.59375, 1.0, 0.0625, 0.4375, 0.21875, 0.8125]
[TRAIN]: (167/1600): reward: -8.458351388573647, rates: 5.5416483816436575, loss: 1.6554904425560302, rho: 0.4000000000000001, transmit_actions: 7, P: [0.3125, 0.03125, 0.96875, 0.25, 0.875, 0.90625, 0.46875, 0.5625, 0.8125, 0.53125, 0.46875, 0.40625, 0.78125, 0.5, 0.6875, 0.46875, 0.3125, 0.1875, 0.25, 0.40625]
[TRAIN]: (168/1600): reward: -13.737718343734741, rates: 0.26228166898043964, loss: 1.2650844882873609, rho: 0.4000000000000001, transmit_actions: 9, P: [0.75, 0.75, 0.5, 0.125, 0.09375, 0.84375, 0.25, 0.09375, 0.75, 0.96875, 0.875, 0.3125, 0.78125, 0.75, 0.375, 0.875, 0.875, 0.6875, 0.65625, 0.71875]
[TRAIN]: (169/1600): reward: 3.274177074432373, rates: 15.274177067581668, loss: 1.4938717035462166, rho: 0.4000000000000001, transmit_actions: 9, P: [0.65625, 0.875, 0.9375, 0.875, 0.53125, 0.96875, 0.125, 0.09375, 0.5, 0.46875, 0.5625, 0.0625, 0.84375, 0.84375, 0.6875, 0.9375, 0.59375, 0.1875, 0.53125, 0.3125]
[TRAIN]: (170/1600): reward: -5.1706755347549915, rates: 9.829324363031416, loss: 1.6021479381959396, rho: 0.4000000000000001, transmit_actions: 10, P: [0.4375, 0.0625, 0.71875, 0.09375, 0.5625, 0.375, 0.84375, 0.59375, 0.40625, 0.34375, 0.84375, 0.0625, 0.34375, 0.25, 0.03125, 1.0, 0.375, 0.125, 0.65625, 0.46875]
[TRAIN]: (171/1600): reward: 1.0020103603601456, rates: 13.002009902337011, loss: 1.3931651537487768, rho: 0.4000000000000001, transmit_actions: 8, P: [0.25, 0.84375, 0.6875, 0.84375, 0.65625, 0.6875, 0.5625, 0.125, 0.03125, 0.25, 0.125, 0.6875, 0.90625, 0.40625, 0.625, 1.0, 0.21875, 0.625, 0.40625, 0.03125]
[TRAIN]: (172/1600): reward: -0.9057909250259399, rates: 12.094209415955625, loss: 1.2762744265791637, rho: 0.4000000000000001, transmit_actions: 11, P: [0.375, 0.9375, 0.28125, 0.625, 0.875, 0.25, 0.28125, 0.1875, 0.71875, 0.75, 0.84375, 0.15625, 1.0, 0.78125, 0.3125, 0.5, 0.0, 0.71875, 0.28125, 0.53125]
[TRAIN]: (173/1600): reward: -7.34050190448761, rates: 6.659498049286516, loss: 1.1375850429699919, rho: 0.4000000000000001, transmit_actions: 7, P: [0.78125, 0.25, 0.40625, 0.5625, 0.28125, 0.59375, 0.34375, 0.5, 0.5, 0.6875, 0.625, 0.46875, 0.0, 0.21875, 0.78125, 0.53125, 0.53125, 0.90625, 0.03125, 0.03125]
[TRAIN]: (174/1600): reward: 0.8876320868730545, rates: 12.887632223716235, loss: 1.1363634653936854, rho: 0.4000000000000001, transmit_actions: 13, P: [0.25, 0.09375, 0.28125, 0.875, 0.71875, 0.125, 0.96875, 0.53125, 0.3125, 1.0, 0.96875, 0.09375, 0.59375, 0.9375, 0.03125, 0.625, 0.375, 0.40625, 0.5625, 0.25]
[TRAIN]: (175/1600): reward: -9.14622974395752, rates: 5.853770034545138, loss: 1.3855756060262259, rho: 0.4000000000000001, transmit_actions: 13, P: [0.5, 1.0, 0.84375, 0.8125, 0.78125, 0.75, 0.78125, 0.53125, 1.0, 0.8125, 0.09375, 0.71875, 0.5625, 0.25, 0.15625, 0.3125, 0.84375, 0.90625, 0.71875, 0.28125]
[TRAIN]: (176/1600): reward: 2.5613365173339844, rates: 14.561336885012604, loss: 1.5814474112634067, rho: 0.4000000000000001, transmit_actions: 7, P: [0.25, 0.0625, 0.5625, 0.53125, 0.1875, 0.5625, 0.6875, 0.875, 0.71875, 0.96875, 0.84375, 0.03125, 0.09375, 0.15625, 0.65625, 0.5, 0.15625, 0.3125, 0.375, 0.875]
[TRAIN]: (177/1600): reward: -14.582305192947388, rates: 1.4176948609418376, loss: 1.277537585124873, rho: 0.4000000000000001, transmit_actions: 10, P: [0.8125, 0.03125, 0.375, 0.5, 0.1875, 0.3125, 0.125, 0.625, 0.59375, 0.625, 0.875, 0.65625, 0.65625, 0.53125, 0.3125, 0.6875, 0.53125, 0.8125, 0.65625, 0.8125]
[TRAIN]: (178/1600): reward: -10.920817613601685, rates: 3.079182374897582, loss: 1.3757775015981664, rho: 0.4000000000000001, transmit_actions: 9, P: [0.65625, 1.0, 0.46875, 0.9375, 0.9375, 0.6875, 0.25, 0.46875, 0.75, 0.625, 0.6875, 0.875, 0.46875, 0.03125, 0.875, 0.40625, 0.75, 0.34375, 0.25, 0.875]
[TRAIN]: (179/1600): reward: 0.3285541236400604, rates: 9.328554123315435, loss: 1.3291550226825195, rho: 0.4000000000000001, transmit_actions: 10, P: [0.53125, 0.40625, 0.4375, 0.875, 0.0, 0.21875, 0.96875, 0.34375, 0.34375, 0.25, 0.15625, 0.75, 0.5, 0.375, 0.5, 0.96875, 0.90625, 0.0625, 0.03125, 0.3125]
[TRAIN]: (180/1600): reward: -7.051385387778282, rates: 5.948614363204422, loss: 1.5219564874156435, rho: 0.4000000000000001, transmit_actions: 10, P: [0.71875, 0.6875, 0.09375, 0.0625, 0.3125, 0.375, 0.625, 0.59375, 0.96875, 0.15625, 0.96875, 0.3125, 0.90625, 0.78125, 1.0, 0.3125, 0.40625, 0.75, 0.6875, 0.125]
[TRAIN]: (181/1600): reward: -4.909687176346779, rates: 9.090312754334633, loss: 1.561957550721671, rho: 0.4000000000000001, transmit_actions: 11, P: [0.3125, 0.625, 0.84375, 0.40625, 0.375, 0.75, 0.09375, 0.4375, 0.28125, 0.96875, 0.4375, 0.0, 0.375, 0.40625, 0.59375, 0.6875, 0.625, 1.0, 0.53125, 0.59375]
[TRAIN]: (182/1600): reward: 3.400871753692627, rates: 15.400871776746271, loss: 1.2809731229948167, rho: 0.4000000000000001, transmit_actions: 10, P: [0.21875, 0.59375, 0.0, 0.125, 1.0, 0.75, 0.21875, 0.6875, 0.78125, 0.15625, 0.0, 0.65625, 0.5, 0.8125, 0.9375, 0.03125, 0.875, 0.78125, 0.65625, 0.09375]
[TRAIN]: (183/1600): reward: -7.66130131483078, rates: 4.3386987198284865, loss: 1.3433261545426198, rho: 0.4000000000000001, transmit_actions: 11, P: [0.21875, 0.625, 0.75, 0.78125, 0.875, 0.875, 0.625, 0.8125, 0.8125, 0.25, 0.03125, 0.21875, 1.0, 0.9375, 0.75, 0.9375, 0.3125, 0.84375, 0.96875, 0.25]
[TRAIN]: (184/1600): reward: 12.310361877083778, rates: 20.310362369381707, loss: 1.4706514533833364, rho: 0.4000000000000001, transmit_actions: 10, P: [0.21875, 0.15625, 0.53125, 0.90625, 0.96875, 0.15625, 0.65625, 0.75, 0.4375, 1.0, 0.5625, 0.21875, 0.09375, 0.125, 0.375, 0.90625, 0.5, 0.625, 0.84375, 0.1875]
[TRAIN]: (185/1600): reward: -10.44905436038971, rates: 2.550945636131612, loss: 1.4991866911898506, rho: 0.4000000000000001, transmit_actions: 8, P: [0.25, 0.84375, 0.8125, 0.78125, 0.71875, 1.0, 0.28125, 0.59375, 0.03125, 0.875, 0.125, 0.59375, 0.6875, 0.375, 0.0625, 0.6875, 0.75, 0.46875, 0.28125, 0.53125]
[TRAIN]: (186/1600): reward: -9.650522470474243, rates: 6.349477563494353, loss: 1.486706774948646, rho: 0.4000000000000001, transmit_actions: 13, P: [0.28125, 0.9375, 0.3125, 0.71875, 0.90625, 0.53125, 0.75, 0.625, 0.59375, 0.125, 0.5625, 0.96875, 0.78125, 0.5625, 0.25, 0.28125, 0.625, 0.59375, 0.8125, 0.625]
[TRAIN]: (187/1600): reward: -3.8116940706968307, rates: 7.188305904731412, loss: 1.2765054905442985, rho: 0.4000000000000001, transmit_actions: 12, P: [0.34375, 0.0, 0.71875, 0.0625, 0.90625, 0.125, 0.0625, 0.4375, 0.9375, 0.3125, 0.8125, 0.03125, 0.71875, 0.25, 0.625, 0.9375, 0.96875, 0.6875, 0.9375, 0.5]
[TRAIN]: (188/1600): reward: 8.19186370074749, rates: 21.191863529202372, loss: 1.2908207565887548, rho: 0.4000000000000001, transmit_actions: 13, P: [0.40625, 0.875, 0.3125, 0.8125, 0.375, 0.4375, 0.90625, 0.0, 0.25, 0.15625, 0.3125, 0.125, 0.0625, 0.5625, 0.21875, 0.4375, 0.75, 0.875, 0.0625, 0.96875]
[TRAIN]: (189/1600): reward: -8.46610814332962, rates: 6.533892010637453, loss: 1.370631000997054, rho: 0.4000000000000001, transmit_actions: 7, P: [0.375, 0.5, 0.46875, 0.40625, 0.25, 0.125, 0.78125, 0.1875, 0.375, 0.40625, 0.15625, 0.8125, 0.34375, 0.9375, 0.59375, 0.5625, 0.34375, 0.46875, 0.875, 0.625]
[TRAIN]: (190/1600): reward: -7.797989911399782, rates: 4.202009969858567, loss: 1.2157095333034762, rho: 0.4000000000000001, transmit_actions: 9, P: [0.6875, 0.0, 0.03125, 0.875, 0.46875, 0.53125, 0.75, 0.8125, 0.40625, 0.03125, 0.25, 0.8125, 0.84375, 0.96875, 0.21875, 0.875, 0.15625, 0.09375, 0.71875, 0.40625]
[TRAIN]: (191/1600): reward: -9.476626018993556, rates: 5.523373763187027, loss: 1.3793299103589445, rho: 0.4000000000000001, transmit_actions: 8, P: [0.6875, 0.34375, 0.9375, 0.90625, 0.46875, 0.375, 0.0625, 0.15625, 0.625, 0.78125, 0.53125, 0.09375, 0.65625, 0.59375, 0.0625, 0.625, 0.25, 0.15625, 0.71875, 0.90625]
[TRAIN]: (192/1600): reward: 2.6084718704223633, rates: 10.608471747744641, loss: 1.3005046287522126, rho: 0.4000000000000001, transmit_actions: 9, P: [0.28125, 0.8125, 0.53125, 0.125, 0.125, 0.875, 0.125, 0.28125, 0.875, 0.1875, 0.0, 0.1875, 0.90625, 0.40625, 0.0625, 0.09375, 0.625, 0.53125, 0.84375, 0.0]
[TRAIN]: (193/1600): reward: 4.466545633971691, rates: 12.466545522654387, loss: 1.5473191700939848, rho: 0.4000000000000001, transmit_actions: 12, P: [0.75, 0.84375, 0.03125, 0.65625, 0.625, 0.09375, 0.90625, 0.84375, 0.875, 0.0, 0.90625, 0.125, 0.78125, 0.4375, 0.03125, 0.53125, 0.59375, 0.75, 0.96875, 0.96875]
[TRAIN]: (194/1600): reward: -2.10221529006958, rates: 9.897785048034752, loss: 1.3018302718239816, rho: 0.4000000000000001, transmit_actions: 11, P: [0.625, 0.90625, 0.15625, 0.6875, 0.75, 0.6875, 0.5625, 0.09375, 0.34375, 0.3125, 0.78125, 0.1875, 0.8125, 0.65625, 0.96875, 0.0625, 0.21875, 0.875, 0.125, 0.09375]
[TRAIN]: (195/1600): reward: -14.929317392408848, rates: 0.0706826090169092, loss: 1.2779245729149786, rho: 0.4000000000000001, transmit_actions: 8, P: [0.71875, 0.46875, 0.8125, 0.65625, 1.0, 0.875, 0.09375, 0.40625, 0.46875, 0.3125, 0.59375, 0.90625, 1.0, 0.78125, 0.3125, 0.15625, 0.25, 0.4375, 0.8125, 0.6875]
[TRAIN]: (196/1600): reward: -0.988209493458271, rates: 10.011790207677251, loss: 1.6109603871218412, rho: 0.4000000000000001, transmit_actions: 13, P: [1.0, 0.0625, 0.8125, 1.0, 0.09375, 0.34375, 0.96875, 0.625, 0.5, 0.09375, 0.28125, 0.125, 0.0, 0.1875, 1.0, 0.75, 0.28125, 0.78125, 0.40625, 0.0]
[TRAIN]: (197/1600): reward: -5.256078734993935, rates: 9.743921460736333, loss: 1.4332976579129846, rho: 0.4000000000000001, transmit_actions: 15, P: [0.03125, 0.5625, 0.96875, 0.96875, 0.6875, 0.53125, 0.875, 0.59375, 0.0625, 0.125, 0.15625, 0.5625, 0.09375, 0.5, 0.625, 0.75, 0.03125, 0.9375, 0.5, 0.0]
[TRAIN]: (198/1600): reward: -11.835160732269287, rates: 2.164839211403514, loss: 1.2997017859175481, rho: 0.4000000000000001, transmit_actions: 10, P: [0.4375, 0.9375, 0.9375, 0.1875, 0.71875, 0.3125, 0.84375, 0.53125, 0.65625, 0.15625, 0.375, 0.46875, 0.59375, 1.0, 0.25, 0.9375, 0.46875, 0.4375, 0.3125, 0.15625]
[TRAIN]: (199/1600): reward: -1.6691602766513824, rates: 10.330839626494667, loss: 1.343887572580576, rho: 0.4000000000000001, transmit_actions: 9, P: [0.03125, 1.0, 0.03125, 0.8125, 0.8125, 0.9375, 1.0, 0.84375, 0.1875, 0.375, 0.15625, 0.03125, 0.21875, 0.75, 0.15625, 0.625, 0.71875, 0.53125, 0.875, 0.59375]
[TRAIN]: (200/1600): reward: -4.093007266521454, rates: 9.906992734377841, loss: 1.48945189207785, rho: 0.4000000000000001, transmit_actions: 10, P: [0.0, 0.34375, 0.34375, 0.3125, 0.375, 0.75, 0.46875, 0.34375, 0.53125, 0.25, 1.0, 0.78125, 1.0, 0.3125, 0.3125, 0.53125, 0.21875, 0.375, 1.0, 0.0625]
[TRAIN]: (201/1600): reward: -3.070526532828808, rates: 9.9294737410227, loss: 1.444576958930115, rho: 0.4000000000000001, transmit_actions: 8, P: [0.71875, 0.53125, 0.5, 0.375, 0.5, 0.90625, 0.75, 0.25, 0.40625, 0.3125, 0.375, 0.4375, 0.625, 0.84375, 0.3125, 0.15625, 0.1875, 0.28125, 0.21875, 0.4375]
[TRAIN]: (202/1600): reward: -16.0, rates: 0, loss: 1.3155316666323396, rho: 0.4000000000000001, transmit_actions: 6, P: [0.0625, 0.53125, 0.65625, 0.28125, 0.1875, 0.5625, 0.4375, 0.75, 0.9375, 0.4375, 0.5, 0.3125, 0.6875, 0.28125, 0.6875, 0.09375, 0.53125, 0.6875, 0.90625, 0.9375]
[TRAIN]: (203/1600): reward: -7.210986137390137, rates: 5.789013895956157, loss: 1.2594524041187753, rho: 0.4000000000000001, transmit_actions: 10, P: [0.8125, 0.96875, 0.40625, 0.03125, 0.8125, 0.90625, 0.25, 0.5625, 0.6875, 0.84375, 0.5, 0.40625, 0.21875, 0.4375, 0.9375, 0.40625, 0.65625, 0.78125, 0.34375, 0.78125]
[TRAIN]: (204/1600): reward: -8.931621462106705, rates: 5.068378522308287, loss: 1.235667141121718, rho: 0.4000000000000001, transmit_actions: 13, P: [0.375, 0.96875, 0.53125, 0.125, 0.25, 0.21875, 0.34375, 0.4375, 0.53125, 0.59375, 0.96875, 0.84375, 0.4375, 0.71875, 0.71875, 0.4375, 0.625, 0.1875, 0.78125, 0.78125]
[TRAIN]: (205/1600): reward: -6.571303332224488, rates: 9.42869683060206, loss: 1.438430263029955, rho: 0.4000000000000001, transmit_actions: 12, P: [0.96875, 0.75, 0.84375, 0.6875, 0.1875, 0.75, 0.8125, 0.03125, 0.75, 0.40625, 0.40625, 0.0625, 0.0, 0.28125, 0.1875, 0.3125, 0.625, 0.5625, 0.28125, 0.6875]
[TRAIN]: (206/1600): reward: -11.008497714996338, rates: 3.9915022229712216, loss: 1.3296513350187353, rho: 0.4000000000000001, transmit_actions: 9, P: [0.75, 1.0, 0.96875, 0.59375, 0.46875, 0.375, 0.21875, 0.09375, 0.9375, 0.625, 0.96875, 0.28125, 0.53125, 0.46875, 0.5625, 0.03125, 0.59375, 0.21875, 0.125, 0.90625]
[TRAIN]: (207/1600): reward: -1.9959688186645508, rates: 13.004031070355179, loss: 1.3532801130525072, rho: 0.4000000000000001, transmit_actions: 13, P: [0.0625, 0.78125, 0.375, 0.25, 0.03125, 0.625, 0.53125, 0.34375, 0.0, 0.34375, 0.5, 0.3125, 0.875, 0.1875, 0.53125, 0.25, 0.125, 0.25, 0.21875, 0.875]
[TRAIN]: (208/1600): reward: -5.010133296251297, rates: 9.989866885431002, loss: 1.5223666282349286, rho: 0.4000000000000001, transmit_actions: 10, P: [0.09375, 0.3125, 0.34375, 0.40625, 0.3125, 0.46875, 0.71875, 0.53125, 0.90625, 0.9375, 0.3125, 0.59375, 0.09375, 0.59375, 0.15625, 0.65625, 0.0625, 0.4375, 0.78125, 0.59375]
[TRAIN]: (209/1600): reward: -2.6877996921539307, rates: 12.312199987732178, loss: 1.2866734500628636, rho: 0.4000000000000001, transmit_actions: 11, P: [0.4375, 0.46875, 0.34375, 0.5, 0.09375, 0.53125, 0.75, 0.03125, 0.65625, 0.59375, 0.1875, 0.125, 0.21875, 0.6875, 0.90625, 0.15625, 0.96875, 0.78125, 0.25, 0.0]
[TRAIN]: (210/1600): reward: -13.432408332824707, rates: 3.5675916993152916, loss: 1.3550371660911746, rho: 0.4000000000000001, transmit_actions: 10, P: [0.4375, 0.46875, 0.53125, 0.75, 0.375, 0.0625, 0.875, 0.34375, 0.375, 0.71875, 0.125, 0.75, 0.28125, 0.8125, 0.0, 0.75, 0.03125, 0.875, 0.21875, 0.625]
[TRAIN]: (211/1600): reward: 0.4180680476129055, rates: 11.418068079446112, loss: 1.4249869889546223, rho: 0.4000000000000001, transmit_actions: 9, P: [0.21875, 0.46875, 0.5, 0.84375, 0.84375, 0.03125, 0.46875, 0.34375, 0.1875, 0.78125, 0.78125, 0.375, 0.4375, 0.5625, 0.375, 0.5625, 0.875, 0.84375, 0.28125, 0.9375]
[TRAIN]: (212/1600): reward: -2.4203548431396484, rates: 10.579644854344789, loss: 1.3968293498517952, rho: 0.4000000000000001, transmit_actions: 9, P: [0.40625, 0.4375, 0.46875, 0.03125, 0.25, 0.34375, 0.53125, 0.53125, 0.75, 0.59375, 0.625, 1.0, 0.125, 0.0625, 0.28125, 0.53125, 0.90625, 0.875, 0.78125, 0.75]
[TRAIN]: (213/1600): reward: 7.5329669415950775, rates: 20.532966714174414, loss: 1.3608058405062518, rho: 0.4000000000000001, transmit_actions: 16, P: [0.375, 1.0, 0.0, 0.5, 0.125, 0.90625, 0.90625, 0.625, 0.375, 0.125, 0.625, 0.78125, 0.09375, 0.0625, 0.5625, 0.3125, 0.3125, 0.5, 0.5, 0.5]
[TRAIN]: (214/1600): reward: -11.797254085540771, rates: 5.202745880586335, loss: 1.2760160478150944, rho: 0.4000000000000001, transmit_actions: 10, P: [0.40625, 0.46875, 0.3125, 0.34375, 0.78125, 0.53125, 0.40625, 0.25, 0.59375, 0.9375, 0.21875, 0.75, 0.75, 0.25, 0.375, 0.75, 0.6875, 0.625, 0.59375, 0.71875]
[TRAIN]: (215/1600): reward: 0.7733633294701576, rates: 11.773362986815876, loss: 1.3449705762258448, rho: 0.4000000000000001, transmit_actions: 14, P: [0.71875, 0.71875, 0.125, 0.875, 0.65625, 0.4375, 0.0625, 0.6875, 0.90625, 0.6875, 0.96875, 0.90625, 0.46875, 0.71875, 0.34375, 0.96875, 0.875, 0.21875, 0.40625, 0.28125]
[TRAIN]: (216/1600): reward: -8.487538428977132, rates: 3.5124616519764946, loss: 1.445560791019496, rho: 0.4000000000000001, transmit_actions: 9, P: [0.0625, 0.4375, 0.3125, 0.28125, 0.6875, 0.875, 0.03125, 0.3125, 0.15625, 0.84375, 0.625, 0.28125, 0.9375, 0.46875, 0.375, 0.84375, 0.46875, 0.375, 0.25, 0.53125]
[TRAIN]: (217/1600): reward: 0.8228206224739552, rates: 9.822820739342696, loss: 1.408897639226036, rho: 0.4000000000000001, transmit_actions: 10, P: [0.78125, 0.21875, 0.28125, 0.15625, 0.34375, 0.1875, 0.375, 0.03125, 0.21875, 0.8125, 0.90625, 0.1875, 0.9375, 0.9375, 0.09375, 0.0, 0.25, 1.0, 0.40625, 0.34375]
[TRAIN]: (218/1600): reward: -0.5397304482758045, rates: 12.4602694706393, loss: 1.2444119710730681, rho: 0.4000000000000001, transmit_actions: 10, P: [0.03125, 0.5625, 0.8125, 0.9375, 0.5625, 0.03125, 0.09375, 0.96875, 0.84375, 0.15625, 0.25, 0.09375, 0.0625, 0.8125, 0.75, 0.6875, 0.96875, 0.0625, 0.65625, 0.8125]
[TRAIN]: (219/1600): reward: -9.754810094833374, rates: 5.245190090602942, loss: 1.5655598860034154, rho: 0.4000000000000001, transmit_actions: 11, P: [0.34375, 0.46875, 0.21875, 0.125, 0.75, 0.15625, 0.84375, 0.59375, 0.46875, 0.65625, 0.5625, 0.75, 0.84375, 0.25, 0.8125, 0.65625, 0.28125, 1.0, 0.8125, 0.25]
[TRAIN]: (220/1600): reward: -4.9427149295806885, rates: 8.057285100638904, loss: 1.511695597773621, rho: 0.4000000000000001, transmit_actions: 7, P: [0.9375, 0.625, 0.625, 0.15625, 0.125, 0.25, 0.96875, 0.59375, 0.21875, 0.0, 0.03125, 0.0, 0.78125, 0.46875, 0.9375, 0.5625, 0.3125, 0.96875, 0.03125, 0.53125]
[TRAIN]: (221/1600): reward: 7.920091807842255, rates: 17.9200914143343, loss: 1.4115187124043678, rho: 0.4000000000000001, transmit_actions: 10, P: [0.59375, 0.125, 0.53125, 0.875, 0.96875, 0.28125, 0.09375, 0.09375, 0.53125, 0.09375, 0.0625, 0.03125, 0.6875, 0.1875, 0.21875, 0.96875, 0.9375, 0.09375, 0.59375, 0.96875]
[TRAIN]: (222/1600): reward: -9.24443006515503, rates: 5.755570144854151, loss: 1.2844309797864857, rho: 0.4000000000000001, transmit_actions: 5, P: [0.21875, 0.8125, 0.09375, 0.65625, 0.40625, 0.53125, 0.125, 0.71875, 0.46875, 0.25, 0.15625, 0.9375, 0.46875, 0.3125, 0.3125, 0.84375, 0.5, 0.3125, 0.28125, 0.90625]
[TRAIN]: (223/1600): reward: 8.888589978218079, rates: 20.88859038319812, loss: 1.391036127748986, rho: 0.4000000000000001, transmit_actions: 9, P: [0.5625, 0.78125, 0.8125, 0.90625, 0.0, 0.21875, 0.625, 0.53125, 0.65625, 0.28125, 0.1875, 0.375, 0.75, 0.15625, 0.75, 0.09375, 0.4375, 0.9375, 0.0, 1.0]
[TRAIN]: (224/1600): reward: -4.024386882781982, rates: 9.975613421150094, loss: 1.5452691093538262, rho: 0.4000000000000001, transmit_actions: 8, P: [0.78125, 0.59375, 0.625, 0.0, 0.46875, 0.0, 0.875, 0.8125, 0.25, 0.4375, 0.375, 0.84375, 0.25, 0.15625, 0.4375, 0.375, 0.5625, 0.46875, 0.3125, 0.3125]
[TRAIN]: (225/1600): reward: 2.105630040168762, rates: 15.105629956507382, loss: 1.5430312176279921, rho: 0.4000000000000001, transmit_actions: 13, P: [0.53125, 0.875, 0.5, 0.84375, 0.375, 0.25, 0.5, 0.71875, 0.40625, 0.3125, 0.875, 0.125, 0.4375, 0.125, 0.875, 0.09375, 0.125, 0.84375, 0.71875, 0.125]
[TRAIN]: (226/1600): reward: -15.0, rates: 0, loss: 1.289945402187322, rho: 0.4000000000000001, transmit_actions: 7, P: [0.5625, 0.0625, 0.03125, 1.0, 0.75, 0.9375, 0.71875, 0.90625, 0.6875, 0.84375, 0.78125, 0.5625, 0.53125, 0.875, 0.375, 0.59375, 0.1875, 0.65625, 0.375, 0.9375]
[TRAIN]: (227/1600): reward: 6.986335873603821, rates: 19.98633618615527, loss: 0.9831935150524046, rho: 0.4000000000000001, transmit_actions: 11, P: [0.375, 0.96875, 0.84375, 0.5625, 0.21875, 0.46875, 0.25, 0.0625, 0.0, 0.0625, 0.15625, 0.0625, 0.46875, 0.59375, 0.40625, 0.125, 0.25, 0.15625, 0.9375, 1.0]
[TRAIN]: (228/1600): reward: -8.387971259653568, rates: 5.612028759761216, loss: 1.2733458567124847, rho: 0.4000000000000001, transmit_actions: 9, P: [0.4375, 0.09375, 0.4375, 0.65625, 0.6875, 0.90625, 0.625, 0.15625, 1.0, 0.34375, 0.3125, 0.1875, 0.5, 0.0, 0.1875, 0.09375, 0.96875, 0.15625, 0.0625, 0.5625]
[TRAIN]: (229/1600): reward: -2.797612704336643, rates: 11.202387546147797, loss: 1.3396520884348548, rho: 0.4000000000000001, transmit_actions: 15, P: [0.21875, 0.375, 0.0, 0.625, 0.28125, 0.75, 0.5, 0.65625, 0.53125, 0.21875, 0.59375, 0.46875, 0.46875, 0.28125, 0.28125, 0.875, 0.5625, 0.875, 0.59375, 0.125]
[TRAIN]: (230/1600): reward: -5.138630509376526, rates: 9.86136944959259, loss: 1.5432002141875836, rho: 0.4000000000000001, transmit_actions: 14, P: [0.84375, 0.53125, 0.96875, 0.4375, 0.4375, 0.0, 0.375, 0.96875, 0.90625, 0.9375, 0.15625, 0.46875, 0.09375, 0.34375, 0.3125, 0.8125, 0.6875, 0.84375, 0.0, 0.09375]
[TRAIN]: (231/1600): reward: -8.630444526672363, rates: 7.369555686411696, loss: 1.3718014126161953, rho: 0.4000000000000001, transmit_actions: 13, P: [0.8125, 0.65625, 0.46875, 0.21875, 1.0, 0.3125, 0.4375, 0.6875, 0.28125, 0.65625, 0.21875, 0.125, 0.53125, 1.0, 0.21875, 0.03125, 0.96875, 0.03125, 0.34375, 0.34375]
[TRAIN]: (232/1600): reward: -9.79680621623993, rates: 4.203193950045446, loss: 1.3807149653398123, rho: 0.4000000000000001, transmit_actions: 10, P: [0.46875, 0.1875, 0.15625, 0.875, 0.5, 0.25, 0.78125, 0.03125, 0.5625, 0.0625, 0.09375, 0.40625, 0.875, 0.53125, 0.34375, 0.90625, 0.96875, 0.90625, 0.28125, 0.6875]
[TRAIN]: (233/1600): reward: -12.007512092590332, rates: 3.9924880004957948, loss: 1.342245728832255, rho: 0.4000000000000001, transmit_actions: 10, P: [0.0625, 0.0625, 0.21875, 0.5, 0.375, 0.78125, 0.3125, 0.6875, 0.78125, 0.84375, 0.03125, 0.90625, 0.46875, 0.03125, 0.0, 0.28125, 0.625, 0.21875, 0.6875, 1.0]
[TRAIN]: (234/1600): reward: 0.5953816398978233, rates: 12.59538190946055, loss: 1.27159367615198, rho: 0.4000000000000001, transmit_actions: 11, P: [0.28125, 0.3125, 0.65625, 0.15625, 0.0625, 0.75, 0.375, 0.125, 0.34375, 0.53125, 0.1875, 0.96875, 0.46875, 0.34375, 0.4375, 0.71875, 0.84375, 0.90625, 0.34375, 0.5]
[TRAIN]: (235/1600): reward: 1.0127812623977661, rates: 16.012781242472695, loss: 1.233379525716185, rho: 0.4000000000000001, transmit_actions: 10, P: [0.09375, 0.25, 0.46875, 0.65625, 0.15625, 0.6875, 0.09375, 0.78125, 0.78125, 0.34375, 0.1875, 0.0625, 0.09375, 0.5, 0.5625, 0.3125, 0.6875, 0.65625, 0.71875, 0.46875]
[TRAIN]: (236/1600): reward: -13.971781253814697, rates: 1.0282187669970158, loss: 1.397377790302277, rho: 0.4000000000000001, transmit_actions: 10, P: [0.46875, 0.0, 0.75, 0.125, 0.90625, 0.1875, 0.34375, 0.71875, 0.8125, 0.78125, 0.9375, 0.0, 0.125, 1.0, 0.59375, 0.375, 1.0, 0.3125, 0.625, 0.53125]
[TRAIN]: (237/1600): reward: -10.981728665530682, rates: 1.0182713474051608, loss: 1.362875105645681, rho: 0.4000000000000001, transmit_actions: 12, P: [0.125, 0.6875, 0.5625, 0.46875, 0.5625, 0.15625, 0.59375, 0.5, 0.0625, 0.59375, 0.9375, 0.0625, 0.4375, 0.90625, 0.46875, 0.65625, 0.75, 0.71875, 1.0, 0.46875]
[TRAIN]: (238/1600): reward: 2.326482057571411, rates: 15.326482258040615, loss: 1.4889555938755532, rho: 0.4000000000000001, transmit_actions: 12, P: [0.90625, 0.0625, 0.5625, 0.96875, 0.1875, 0.03125, 0.875, 0.3125, 0.4375, 0.4375, 0.28125, 0.875, 0.4375, 0.40625, 0.6875, 0.5625, 0.34375, 0.125, 0.71875, 0.6875]
[TRAIN]: (239/1600): reward: 0.584789514541626, rates: 12.584789813998693, loss: 1.4818085692681946, rho: 0.4000000000000001, transmit_actions: 11, P: [0.0, 0.59375, 0.9375, 0.53125, 1.0, 0.1875, 0.28125, 0.40625, 0.125, 0.71875, 0.4375, 0.03125, 0.46875, 0.4375, 0.5625, 0.0, 0.03125, 0.28125, 0.65625, 0.28125]
[TRAIN]: (240/1600): reward: -3.233326718211174, rates: 10.766673610974834, loss: 1.2621387122395715, rho: 0.4000000000000001, transmit_actions: 9, P: [0.1875, 0.3125, 0.90625, 0.21875, 0.5, 0.71875, 0.59375, 0.5625, 0.28125, 0.40625, 0.625, 0.96875, 0.5625, 0.5, 0.28125, 0.125, 0.875, 0.0625, 0.03125, 0.53125]
[TRAIN]: (241/1600): reward: -5.488607883453369, rates: 9.511391996075023, loss: 1.077371996200424, rho: 0.4000000000000001, transmit_actions: 10, P: [0.125, 0.84375, 0.40625, 0.84375, 0.75, 0.4375, 0.15625, 0.75, 0.40625, 0.375, 0.15625, 0.75, 0.15625, 0.84375, 0.46875, 0.09375, 0.21875, 0.71875, 0.0, 0.53125]
[TRAIN]: (242/1600): reward: -8.711831398308277, rates: 5.288168804344102, loss: 1.23256464015201, rho: 0.4000000000000001, transmit_actions: 7, P: [0.25, 0.59375, 1.0, 0.96875, 0.8125, 0.3125, 0.96875, 0.1875, 0.15625, 0.09375, 0.46875, 0.03125, 0.34375, 0.78125, 0.4375, 0.15625, 0.375, 0.84375, 0.53125, 0.625]
[TRAIN]: (243/1600): reward: -17.0, rates: 0.0, loss: 1.3700168032326372, rho: 0.4000000000000001, transmit_actions: 9, P: [1.0, 0.5625, 0.0, 0.75, 0.34375, 0.5625, 0.8125, 0.59375, 0.375, 0.0, 0.0, 0.65625, 0.3125, 0.1875, 0.78125, 0.75, 0.53125, 0.8125, 0.8125, 0.96875]
[TRAIN]: (244/1600): reward: 1.6403179466724396, rates: 15.640318096163947, loss: 1.3168162351912833, rho: 0.4000000000000001, transmit_actions: 12, P: [0.625, 0.625, 0.1875, 0.78125, 0.40625, 0.34375, 0.375, 0.59375, 0.25, 0.84375, 0.03125, 0.78125, 0.28125, 0.59375, 0.6875, 0.71875, 0.78125, 0.875, 0.53125, 0.09375]
[TRAIN]: (245/1600): reward: -9.298161506652832, rates: 4.70183870134405, loss: 1.059529735717733, rho: 0.4000000000000001, transmit_actions: 7, P: [0.46875, 0.65625, 1.0, 0.09375, 0.90625, 0.84375, 0.53125, 0.1875, 0.875, 0.8125, 0.34375, 0.28125, 0.28125, 0.78125, 0.21875, 0.71875, 0.8125, 0.625, 0.15625, 0.21875]
[TRAIN]: (246/1600): reward: 0.45900828391313553, rates: 13.459008183425286, loss: 1.4878697621166848, rho: 0.4000000000000001, transmit_actions: 11, P: [0.0, 0.34375, 0.03125, 0.78125, 0.125, 0.375, 0.125, 0.25, 0.34375, 0.125, 0.5625, 0.0625, 0.53125, 0.78125, 0.0625, 0.375, 0.96875, 0.1875, 0.5, 0.03125]
[TRAIN]: (247/1600): reward: -7.0592943876981735, rates: 5.940705624517182, loss: 1.394319849782845, rho: 0.4000000000000001, transmit_actions: 10, P: [0.75, 0.28125, 0.5625, 0.03125, 1.0, 0.96875, 0.15625, 0.15625, 0.15625, 0.59375, 0.5625, 0.0625, 0.4375, 0.46875, 0.28125, 0.53125, 0.1875, 0.25, 0.90625, 0.5625]
[TRAIN]: (248/1600): reward: -9.206751644611359, rates: 3.793248358712665, loss: 1.2275776142778034, rho: 0.4000000000000001, transmit_actions: 13, P: [0.0625, 0.15625, 0.09375, 0.25, 0.53125, 0.15625, 0.3125, 0.875, 0.03125, 0.4375, 0.3125, 0.96875, 0.125, 0.6875, 0.1875, 0.28125, 0.9375, 0.46875, 0.25, 0.59375]
[TRAIN]: (249/1600): reward: -8.494749590754509, rates: 4.505250539519089, loss: 1.2682425450356853, rho: 0.4000000000000001, transmit_actions: 10, P: [1.0, 0.25, 0.0625, 0.0625, 0.625, 0.40625, 0.5, 1.0, 0.59375, 0.09375, 0.34375, 0.3125, 0.78125, 0.0625, 0.8125, 0.9375, 0.5625, 0.5625, 0.6875, 0.28125]
[TRAIN]: (250/1600): reward: -15.879331201314926, rates: 0.12066879561532513, loss: 1.320167001205842, rho: 0.4000000000000001, transmit_actions: 8, P: [0.1875, 0.84375, 0.6875, 0.625, 0.15625, 0.4375, 0.34375, 0.3125, 0.125, 0.3125, 0.375, 0.8125, 0.71875, 0.96875, 0.53125, 0.125, 0.5, 0.4375, 0.96875, 0.4375]
[TRAIN]: (251/1600): reward: -9.138779729604721, rates: 5.861220432023506, loss: 1.4129119072040104, rho: 0.4000000000000001, transmit_actions: 11, P: [0.0, 0.15625, 0.09375, 0.15625, 0.0625, 0.1875, 0.53125, 0.59375, 0.8125, 0.625, 0.6875, 0.34375, 0.875, 0.96875, 0.71875, 0.625, 0.53125, 0.0625, 0.21875, 0.6875]
[TRAIN]: (252/1600): reward: 2.1650677919387817, rates: 14.16506775500651, loss: 1.3720492360109913, rho: 0.4000000000000001, transmit_actions: 10, P: [0.1875, 0.71875, 0.25, 0.9375, 0.75, 0.4375, 0.84375, 0.9375, 0.25, 0.53125, 0.6875, 0.53125, 0.71875, 0.3125, 0.1875, 0.46875, 0.375, 0.625, 0.5, 0.03125]
[TRAIN]: (253/1600): reward: 4.997491553425789, rates: 17.99749151632213, loss: 1.2929561032573742, rho: 0.4000000000000001, transmit_actions: 8, P: [0.28125, 0.09375, 0.1875, 0.6875, 0.84375, 0.75, 0.15625, 0.125, 0.53125, 0.09375, 0.0625, 0.625, 0.34375, 0.4375, 0.125, 0.1875, 0.1875, 0.03125, 0.59375, 0.8125]
[TRAIN]: (254/1600): reward: -15.24314969778061, rates: 0.7568502957750476, loss: 1.339833615305501, rho: 0.4000000000000001, transmit_actions: 9, P: [0.34375, 0.84375, 0.15625, 0.625, 0.09375, 0.6875, 0.46875, 0.53125, 0.28125, 0.125, 0.4375, 0.4375, 0.0, 0.53125, 0.0625, 0.21875, 0.65625, 0.46875, 0.65625, 0.09375]
[TRAIN]: (255/1600): reward: -1.2872691005468369, rates: 11.712731004306221, loss: 1.34568067788317, rho: 0.4000000000000001, transmit_actions: 11, P: [0.90625, 0.96875, 0.3125, 0.0, 0.5625, 0.21875, 0.28125, 0.875, 0.0, 0.15625, 0.84375, 0.46875, 0.8125, 0.1875, 0.59375, 0.59375, 0.34375, 0.6875, 0.84375, 0.90625]
[TRAIN]: (256/1600): reward: -6.789690434932709, rates: 6.210309552454486, loss: 1.5332586310474348, rho: 0.4000000000000001, transmit_actions: 13, P: [0.46875, 0.875, 0.96875, 0.96875, 0.3125, 0.84375, 0.6875, 0.375, 0.9375, 0.28125, 0.4375, 1.0, 0.1875, 0.96875, 0.96875, 0.6875, 0.5, 0.53125, 0.0, 0.59375]
[TRAIN]: (257/1600): reward: -11.0266233086586, rates: 0.9733766880950803, loss: 1.2641766157567464, rho: 0.4000000000000001, transmit_actions: 8, P: [0.15625, 0.34375, 0.9375, 0.40625, 0.71875, 0.03125, 0.78125, 0.9375, 0.4375, 0.46875, 0.46875, 0.75, 0.8125, 0.78125, 0.53125, 1.0, 0.5625, 0.84375, 0.5, 0.75]
[TRAIN]: (258/1600): reward: -7.501605927944183, rates: 7.4983942816544955, loss: 1.0852065895969836, rho: 0.4000000000000001, transmit_actions: 8, P: [1.0, 0.09375, 0.5, 0.21875, 0.03125, 0.40625, 0.25, 0.59375, 0.28125, 0.09375, 0.96875, 0.125, 0.21875, 0.3125, 0.8125, 0.34375, 0.75, 0.75, 0.46875, 0.28125]
[TRAIN]: (259/1600): reward: -8.286220654845238, rates: 4.71377938664603, loss: 1.261129644350302, rho: 0.4000000000000001, transmit_actions: 8, P: [0.375, 0.625, 0.0625, 0.375, 0.5, 0.75, 0.15625, 0.25, 0.4375, 1.0, 0.0625, 0.96875, 0.34375, 0.5625, 0.75, 0.21875, 0.4375, 0.59375, 1.0, 0.78125]
[TRAIN]: (260/1600): reward: -9.748064778745174, rates: 4.251935241940181, loss: 1.3928857200148763, rho: 0.4000000000000001, transmit_actions: 11, P: [0.40625, 0.25, 0.84375, 0.875, 0.03125, 0.28125, 0.1875, 0.15625, 0.15625, 0.625, 0.5625, 0.46875, 0.96875, 0.9375, 0.09375, 0.09375, 0.4375, 1.0, 0.9375, 0.4375]
[TRAIN]: (261/1600): reward: -2.543466005474329, rates: 10.456534010338618, loss: 1.4802847951933162, rho: 0.4000000000000001, transmit_actions: 12, P: [0.0625, 0.46875, 0.375, 0.90625, 0.3125, 0.34375, 0.78125, 0.28125, 0.375, 0.9375, 0.28125, 0.34375, 0.28125, 0.84375, 0.59375, 0.5, 0.4375, 0.5625, 0.0625, 0.96875]
[TRAIN]: (262/1600): reward: -0.36884573101997375, rates: 11.631154146727905, loss: 1.1776713903711051, rho: 0.4000000000000001, transmit_actions: 9, P: [0.78125, 0.5, 0.3125, 0.625, 0.96875, 0.28125, 0.9375, 0.75, 0.28125, 0.4375, 0.40625, 0.5, 0.1875, 0.90625, 0.28125, 0.09375, 0.5, 0.90625, 0.65625, 0.3125]
[TRAIN]: (263/1600): reward: -9.924607567489147, rates: 5.075392272515718, loss: 1.278899017339932, rho: 0.4000000000000001, transmit_actions: 16, P: [0.78125, 0.09375, 0.5, 0.8125, 0.6875, 0.65625, 0.03125, 0.59375, 0.09375, 0.8125, 0.375, 0.0, 0.9375, 0.1875, 0.5625, 0.28125, 0.53125, 0.53125, 0.53125, 0.28125]
[TRAIN]: (264/1600): reward: 1.2068569362163544, rates: 11.206856991317053, loss: 1.360289853380023, rho: 0.4000000000000001, transmit_actions: 7, P: [0.96875, 0.5, 0.34375, 0.1875, 0.09375, 0.03125, 0.8125, 0.4375, 0.75, 1.0, 0.9375, 0.75, 0.5625, 0.1875, 0.78125, 0.75, 0.6875, 1.0, 0.25, 1.0]
[TRAIN]: (265/1600): reward: -7.414605647325516, rates: 5.585394447842764, loss: 1.5152012523555087, rho: 0.4000000000000001, transmit_actions: 13, P: [0.875, 0.75, 0.28125, 0.78125, 0.6875, 0.8125, 0.3125, 0.5625, 0.53125, 0.5, 1.0, 0.4375, 0.875, 0.21875, 0.625, 0.53125, 0.8125, 0.375, 0.625, 0.9375]
[TRAIN]: (266/1600): reward: 4.310942955315113, rates: 16.310943139633558, loss: 1.3140579615860966, rho: 0.4000000000000001, transmit_actions: 10, P: [0.4375, 0.09375, 0.53125, 0.71875, 0.46875, 0.625, 0.78125, 0.15625, 0.9375, 0.75, 0.71875, 0.625, 0.5, 0.1875, 0.3125, 0.59375, 0.96875, 0.96875, 0.1875, 0.5]
[TRAIN]: (267/1600): reward: -2.7001688480377197, rates: 12.299831179055715, loss: 1.4118567094236663, rho: 0.4000000000000001, transmit_actions: 13, P: [0.625, 1.0, 0.53125, 0.21875, 0.59375, 0.78125, 0.96875, 0.21875, 0.375, 0.5, 0.28125, 0.375, 1.0, 0.6875, 0.375, 0.6875, 0.40625, 0.75, 0.96875, 0.34375]
[TRAIN]: (268/1600): reward: -0.7751771882176399, rates: 10.224822724338171, loss: 1.437277856308451, rho: 0.4000000000000001, transmit_actions: 12, P: [0.0, 0.0, 0.8125, 0.15625, 0.03125, 0.8125, 0.0625, 0.84375, 0.46875, 0.1875, 0.34375, 0.75, 0.84375, 0.46875, 0.4375, 0.5625, 0.75, 0.25, 0.5, 0.0625]
[TRAIN]: (269/1600): reward: -9.487459182739258, rates: 4.512540768551704, loss: 1.3614625065167918, rho: 0.4000000000000001, transmit_actions: 4, P: [0.0, 0.5, 0.875, 0.65625, 0.5625, 0.0, 0.6875, 0.96875, 0.46875, 0.34375, 0.78125, 1.0, 0.28125, 0.9375, 0.125, 0.125, 0.53125, 0.25, 0.34375, 1.0]
[TRAIN]: (270/1600): reward: 2.5495123863220215, rates: 17.549512472944187, loss: 1.236743791327473, rho: 0.4000000000000001, transmit_actions: 8, P: [0.40625, 0.1875, 0.625, 0.875, 0.59375, 0.5625, 0.0, 0.4375, 0.5, 0.375, 0.21875, 0.28125, 0.5, 0.0625, 0.875, 0.03125, 0.40625, 0.78125, 0.78125, 0.5625]
[TRAIN]: (271/1600): reward: -6.509068489074707, rates: 7.490931673145427, loss: 1.1648213648446535, rho: 0.4000000000000001, transmit_actions: 10, P: [0.875, 0.375, 0.75, 0.4375, 0.28125, 0.09375, 0.4375, 0.59375, 0.96875, 0.34375, 0.78125, 0.25, 0.5625, 0.90625, 0.3125, 0.59375, 0.5, 0.0625, 0.65625, 0.53125]
[TRAIN]: (272/1600): reward: -12.433717757463455, rates: 1.5662822585426381, loss: 1.2479510089224797, rho: 0.4000000000000001, transmit_actions: 6, P: [0.46875, 0.375, 0.375, 0.3125, 0.09375, 1.0, 0.21875, 0.875, 0.78125, 0.28125, 0.1875, 0.25, 0.6875, 0.3125, 0.4375, 0.34375, 0.34375, 0.5625, 0.90625, 0.65625]
[TRAIN]: (273/1600): reward: -0.831751654855907, rates: 9.168248419478005, loss: 1.333364199120274, rho: 0.4000000000000001, transmit_actions: 9, P: [0.1875, 0.5, 0.75, 0.0, 0.875, 0.03125, 0.9375, 0.15625, 0.3125, 0.90625, 0.125, 0.3125, 0.40625, 0.03125, 0.28125, 0.0, 0.75, 0.9375, 0.75, 0.65625]
[TRAIN]: (274/1600): reward: -1.9955956935882568, rates: 13.004404371156399, loss: 1.4310727624185344, rho: 0.4000000000000001, transmit_actions: 10, P: [0.125, 0.5625, 0.375, 0.75, 0.0625, 0.3125, 0.46875, 0.3125, 0.3125, 0.875, 0.65625, 0.1875, 0.5, 0.375, 0.5625, 0.5, 0.15625, 0.78125, 0.3125, 0.4375]
[TRAIN]: (275/1600): reward: -6.964975833892822, rates: 9.035023903232787, loss: 1.1673605686857833, rho: 0.4000000000000001, transmit_actions: 13, P: [0.46875, 0.5625, 0.34375, 0.4375, 0.34375, 0.75, 0.625, 0.71875, 0.90625, 0.65625, 0.90625, 0.03125, 0.3125, 0.5625, 0.96875, 0.90625, 0.34375, 0.78125, 0.625, 0.46875]
[TRAIN]: (276/1600): reward: -10.216125905513763, rates: 5.783874123242934, loss: 1.43636811971521, rho: 0.4000000000000001, transmit_actions: 9, P: [0.65625, 0.5, 0.9375, 0.8125, 0.6875, 0.65625, 0.28125, 0.21875, 0.0625, 0.34375, 0.03125, 0.71875, 0.28125, 0.3125, 0.5, 0.65625, 0.28125, 0.1875, 0.125, 0.40625]
[TRAIN]: (277/1600): reward: -11.883697155863047, rates: 0.11630284584516656, loss: 1.2641097904040488, rho: 0.4000000000000001, transmit_actions: 8, P: [0.34375, 0.875, 0.71875, 0.84375, 0.96875, 0.03125, 0.46875, 0.15625, 0.8125, 0.5, 0.71875, 0.8125, 0.3125, 1.0, 0.3125, 0.875, 0.875, 0.6875, 0.09375, 0.90625]
[TRAIN]: (278/1600): reward: -10.791008949279785, rates: 5.208990990145559, loss: 1.3037778228536385, rho: 0.4000000000000001, transmit_actions: 11, P: [0.46875, 0.65625, 0.78125, 0.625, 0.875, 0.875, 0.34375, 0.5625, 0.625, 0.78125, 0.84375, 0.21875, 0.0, 0.5, 0.15625, 0.5, 1.0, 0.03125, 0.5, 0.4375]
[TRAIN]: (279/1600): reward: -12.763262279331684, rates: 0.23673772849388072, loss: 1.487413294107993, rho: 0.4000000000000001, transmit_actions: 10, P: [0.25, 0.84375, 0.03125, 0.40625, 0.96875, 0.84375, 0.03125, 0.78125, 0.65625, 0.9375, 0.9375, 0.375, 0.9375, 0.21875, 0.3125, 0.3125, 0.46875, 0.96875, 0.4375, 0.125]
[TRAIN]: (280/1600): reward: 5.277874737977982, rates: 16.277874940130605, loss: 1.3372552027910922, rho: 0.4000000000000001, transmit_actions: 9, P: [0.96875, 0.375, 0.71875, 0.1875, 0.8125, 0.09375, 0.65625, 0.4375, 0.8125, 0.65625, 0.09375, 0.1875, 0.78125, 0.46875, 0.625, 0.75, 0.9375, 0.71875, 0.65625, 0.09375]
[TRAIN]: (281/1600): reward: 0.7820653915405273, rates: 13.782065643450434, loss: 1.1370375225766025, rho: 0.4000000000000001, transmit_actions: 10, P: [0.1875, 0.375, 0.5, 0.5, 0.96875, 0.21875, 0.59375, 0.71875, 0.40625, 0.75, 0.59375, 0.71875, 0.25, 0.90625, 0.28125, 0.8125, 0.375, 0.40625, 0.03125, 0.0625]
[TRAIN]: (282/1600): reward: -1.7123503684997559, rates: 13.287649559024906, loss: 1.3709253732994744, rho: 0.4000000000000001, transmit_actions: 12, P: [0.71875, 1.0, 0.3125, 0.65625, 0.59375, 0.09375, 0.625, 0.53125, 0.65625, 0.6875, 0.0625, 0.9375, 0.03125, 0.3125, 0.90625, 0.4375, 1.0, 0.15625, 0.59375, 0.03125]
[TRAIN]: (283/1600): reward: -7.302287757396698, rates: 5.697712286192774, loss: 1.3585722749006612, rho: 0.4000000000000001, transmit_actions: 10, P: [1.0, 0.90625, 0.5625, 0.3125, 0.71875, 0.71875, 0.15625, 0.8125, 0.40625, 0.8125, 0.40625, 0.3125, 0.40625, 0.125, 0.21875, 0.25, 0.53125, 0.875, 0.59375, 0.65625]
[TRAIN]: (284/1600): reward: -10.69678020477295, rates: 6.303219674829651, loss: 1.3805697534412373, rho: 0.4000000000000001, transmit_actions: 11, P: [0.15625, 0.3125, 0.28125, 0.625, 0.15625, 0.0625, 0.4375, 0.40625, 0.46875, 0.84375, 0.09375, 0.5625, 0.03125, 0.375, 1.0, 0.375, 0.5, 0.53125, 0.6875, 0.90625]
[TRAIN]: (285/1600): reward: -15.0, rates: 0, loss: 1.5094609105976529, rho: 0.4000000000000001, transmit_actions: 8, P: [0.40625, 0.84375, 1.0, 0.40625, 0.34375, 0.5, 0.3125, 0.0, 0.90625, 0.3125, 0.78125, 0.3125, 0.4375, 0.4375, 0.5625, 0.21875, 0.65625, 0.8125, 0.90625, 0.4375]
[TRAIN]: (286/1600): reward: -2.645086407661438, rates: 12.35491354896298, loss: 1.2366325830352722, rho: 0.4000000000000001, transmit_actions: 12, P: [0.09375, 0.90625, 0.0625, 0.53125, 0.78125, 0.09375, 0.75, 0.34375, 0.625, 0.53125, 0.71875, 0.25, 0.03125, 0.09375, 0.4375, 0.3125, 0.84375, 0.25, 0.28125, 0.3125]
[TRAIN]: (287/1600): reward: -14.550540745258331, rates: 2.4494592795110997, loss: 1.1555714992266521, rho: 0.4000000000000001, transmit_actions: 7, P: [0.75, 0.3125, 0.8125, 0.46875, 0.34375, 0.25, 0.71875, 0.8125, 0.15625, 0.6875, 0.1875, 0.25, 0.25, 0.1875, 0.0625, 0.34375, 0.9375, 0.25, 0.78125, 0.125]
[TRAIN]: (288/1600): reward: -11.752837896347046, rates: 4.247162193030382, loss: 1.563430825082565, rho: 0.4000000000000001, transmit_actions: 9, P: [0.0, 0.1875, 0.21875, 0.09375, 0.46875, 0.34375, 0.53125, 0.4375, 0.5625, 0.125, 0.8125, 1.0, 0.40625, 0.6875, 0.125, 0.6875, 0.8125, 0.53125, 0.6875, 0.96875]
[TRAIN]: (289/1600): reward: 0.40000417828559875, rates: 11.400004090939817, loss: 1.1185368100269084, rho: 0.4000000000000001, transmit_actions: 11, P: [0.5625, 0.96875, 0.84375, 0.90625, 0.0625, 0.34375, 0.375, 0.53125, 0.5, 0.78125, 0.90625, 0.3125, 0.28125, 0.65625, 0.8125, 0.1875, 0.59375, 0.46875, 0.6875, 0.15625]
[TRAIN]: (290/1600): reward: -6.161517597734928, rates: 5.838482529978393, loss: 1.2957113223897467, rho: 0.4000000000000001, transmit_actions: 7, P: [0.84375, 0.28125, 0.0625, 0.21875, 0.03125, 0.71875, 0.90625, 0.375, 0.03125, 0.21875, 0.84375, 0.0, 0.84375, 0.25, 0.1875, 0.96875, 0.1875, 0.625, 0.8125, 0.25]
[TRAIN]: (291/1600): reward: 1.4295296669006348, rates: 13.429529898402954, loss: 1.3253122774028083, rho: 0.4000000000000001, transmit_actions: 9, P: [0.84375, 0.125, 0.6875, 0.125, 0.03125, 0.09375, 0.65625, 0.21875, 0.59375, 0.125, 0.6875, 0.03125, 0.90625, 0.65625, 0.9375, 0.75, 0.25, 0.59375, 0.75, 0.53125]
[TRAIN]: (292/1600): reward: -9.07143783569336, rates: 7.928562420557412, loss: 1.4458763527071163, rho: 0.4000000000000001, transmit_actions: 8, P: [0.25, 0.15625, 0.96875, 0.1875, 0.03125, 0.4375, 0.53125, 0.25, 0.96875, 0.75, 0.78125, 0.125, 0.75, 0.15625, 0.5, 0.96875, 0.125, 0.3125, 0.0625, 0.25]
[TRAIN]: (293/1600): reward: 0.3114817813038826, rates: 14.311481835886797, loss: 1.30169234140087, rho: 0.4000000000000001, transmit_actions: 13, P: [0.09375, 0.53125, 0.5, 0.5625, 0.59375, 0.375, 0.03125, 0.40625, 0.6875, 0.5, 0.875, 0.5625, 0.09375, 0.84375, 0.0625, 0.46875, 0.125, 0.8125, 0.25, 0.8125]
[TRAIN]: (294/1600): reward: 4.9017762411385775, rates: 16.901776252236026, loss: 1.4305007410792234, rho: 0.4000000000000001, transmit_actions: 14, P: [0.96875, 0.34375, 0.375, 0.28125, 0.84375, 0.125, 0.9375, 0.09375, 0.21875, 0.65625, 0.4375, 0.03125, 0.25, 0.59375, 1.0, 0.34375, 0.375, 0.75, 0.75, 0.78125]
[TRAIN]: (295/1600): reward: -15.84518849849701, rates: 0.1548115086357345, loss: 1.183995487414967, rho: 0.4000000000000001, transmit_actions: 7, P: [0.4375, 0.09375, 0.3125, 0.28125, 0.5625, 0.59375, 0.84375, 0.78125, 1.0, 0.6875, 0.625, 0.25, 0.5, 0.5, 0.34375, 0.84375, 0.28125, 0.59375, 0.03125, 0.65625]
[TRAIN]: (296/1600): reward: -6.176078796386719, rates: 8.823921068679274, loss: 1.4155010141789637, rho: 0.4000000000000001, transmit_actions: 11, P: [0.90625, 0.125, 0.65625, 0.84375, 0.78125, 0.75, 0.375, 0.71875, 0.4375, 0.75, 0.625, 0.9375, 0.3125, 0.78125, 0.34375, 0.78125, 0.96875, 0.375, 0.4375, 0.59375]
[TRAIN]: (297/1600): reward: 24.947943925857544, rates: 32.947944153310765, loss: 1.1726097501518298, rho: 0.4000000000000001, transmit_actions: 12, P: [0.34375, 1.0, 0.40625, 0.9375, 0.25, 0.9375, 0.65625, 0.875, 0.4375, 0.90625, 0.5625, 0.84375, 0.28125, 0.09375, 1.0, 0.40625, 0.0625, 0.75, 0.15625, 0.59375]
[TRAIN]: (298/1600): reward: 4.871764183044434, rates: 15.871764095953907, loss: 1.0140759563410966, rho: 0.4000000000000001, transmit_actions: 7, P: [0.625, 0.5, 0.65625, 0.5625, 0.03125, 0.59375, 0.28125, 0.65625, 0.0, 0.59375, 0.84375, 0.53125, 1.0, 0.46875, 0.1875, 0.34375, 0.96875, 0.5, 0.5625, 0.53125]
[TRAIN]: (299/1600): reward: -4.790962994098663, rates: 7.209036876276112, loss: 1.283360516055407, rho: 0.4000000000000001, transmit_actions: 8, P: [0.9375, 0.625, 0.75, 0.21875, 0.46875, 0.9375, 0.1875, 0.21875, 0.875, 0.4375, 0.09375, 0.40625, 0.6875, 0.59375, 0.84375, 0.28125, 0.09375, 0.8125, 0.375, 0.21875]
[TRAIN]: (300/1600): reward: -11.778757095336914, rates: 5.221242769497887, loss: 1.3620152613435592, rho: 0.4000000000000001, transmit_actions: 11, P: [0.875, 0.8125, 0.84375, 0.28125, 0.21875, 0.90625, 0.90625, 0.0, 0.25, 0.09375, 0.53125, 0.8125, 0.1875, 0.5, 0.40625, 0.84375, 0.34375, 0.1875, 0.125, 0.125]
[TRAIN]: (301/1600): reward: 15.055573105812073, rates: 23.055573604967545, loss: 1.302418350770203, rho: 0.4000000000000001, transmit_actions: 11, P: [0.53125, 0.5, 0.15625, 0.84375, 0.15625, 0.84375, 0.875, 0.1875, 0.96875, 0.3125, 0.09375, 0.65625, 0.0, 0.6875, 0.375, 0.0, 0.78125, 0.15625, 0.4375, 0.3125]
[TRAIN]: (302/1600): reward: -0.8284959197044373, rates: 11.171503821145864, loss: 1.1708898944001316, rho: 0.4000000000000001, transmit_actions: 12, P: [0.78125, 0.71875, 0.8125, 0.15625, 0.21875, 0.59375, 0.5625, 0.25, 0.90625, 0.21875, 0.34375, 0.40625, 0.71875, 0.75, 0.5625, 0.59375, 0.9375, 0.0, 0.5625, 0.46875]
[TRAIN]: (303/1600): reward: -8.12530180811882, rates: 4.874698168740337, loss: 1.3105639972870118, rho: 0.4000000000000001, transmit_actions: 10, P: [0.90625, 0.5625, 0.78125, 0.34375, 0.75, 0.25, 0.9375, 0.25, 1.0, 0.875, 0.59375, 0.5, 0.0, 0.0625, 0.5625, 0.3125, 0.4375, 0.0, 0.21875, 0.8125]
[TRAIN]: (304/1600): reward: -18.0, rates: 0, loss: 1.1715068540123441, rho: 0.4000000000000001, transmit_actions: 9, P: [0.34375, 0.9375, 0.9375, 0.375, 0.875, 0.65625, 0.3125, 0.375, 0.46875, 0.375, 0.65625, 0.5625, 0.1875, 0.5, 0.96875, 0.5625, 0.3125, 0.5625, 0.0, 0.125]
[TRAIN]: (305/1600): reward: -2.599832773208618, rates: 10.40016697683242, loss: 1.56868027403195, rho: 0.4000000000000001, transmit_actions: 8, P: [0.96875, 0.40625, 0.75, 0.71875, 0.5625, 0.75, 0.46875, 0.90625, 0.3125, 0.40625, 0.53125, 0.5, 0.5625, 0.375, 0.03125, 0.59375, 0.125, 0.65625, 0.40625, 0.75]
[TRAIN]: (306/1600): reward: 5.1216349601745605, rates: 18.12163481200173, loss: 1.4394235016444894, rho: 0.4000000000000001, transmit_actions: 13, P: [0.21875, 0.5625, 0.75, 0.15625, 0.78125, 0.75, 0.9375, 0.5, 0.71875, 0.09375, 0.625, 0.40625, 0.46875, 0.0625, 0.1875, 0.5625, 0.84375, 0.34375, 0.4375, 0.03125]
[TRAIN]: (307/1600): reward: -5.619690716266632, rates: 9.380309573433166, loss: 1.6846896212256592, rho: 0.4000000000000001, transmit_actions: 8, P: [0.125, 0.25, 0.28125, 0.3125, 0.28125, 0.0625, 0.65625, 0.40625, 0.75, 0.40625, 0.8125, 0.625, 0.65625, 0.65625, 0.3125, 0.1875, 0.78125, 0.375, 0.09375, 0.75]
[TRAIN]: (308/1600): reward: -4.527103424072266, rates: 8.472896857218657, loss: 1.23270023674369, rho: 0.4000000000000001, transmit_actions: 8, P: [0.59375, 0.53125, 0.1875, 0.84375, 0.3125, 0.9375, 0.28125, 0.53125, 0.96875, 1.0, 0.96875, 0.53125, 0.53125, 0.53125, 0.03125, 0.25, 0.8125, 0.3125, 0.375, 0.1875]
[TRAIN]: (309/1600): reward: -10.549874760210514, rates: 5.450125389654234, loss: 1.2159289250724306, rho: 0.4000000000000001, transmit_actions: 13, P: [0.28125, 0.75, 0.71875, 0.15625, 0.4375, 0.46875, 0.0, 0.90625, 0.28125, 0.34375, 0.125, 0.71875, 0.375, 0.09375, 0.84375, 0.21875, 0.90625, 0.4375, 0.59375, 0.90625]
[TRAIN]: (310/1600): reward: -10.169997135177255, rates: 4.830002672223161, loss: 1.3699404723763051, rho: 0.4000000000000001, transmit_actions: 11, P: [0.59375, 0.09375, 0.25, 0.375, 0.78125, 0.4375, 0.59375, 0.75, 0.71875, 0.9375, 0.96875, 0.4375, 0.46875, 0.03125, 0.21875, 0.75, 0.78125, 0.09375, 0.75, 0.59375]
[TRAIN]: (311/1600): reward: -11.31809777021408, rates: 1.6819021772037548, loss: 1.5140412659967988, rho: 0.4000000000000001, transmit_actions: 11, P: [0.53125, 0.71875, 0.0, 0.75, 0.0625, 0.15625, 0.28125, 0.25, 0.84375, 0.9375, 0.34375, 0.34375, 0.71875, 0.8125, 0.96875, 0.625, 1.0, 0.4375, 0.8125, 0.84375]
[TRAIN]: (312/1600): reward: -15.142258048057556, rates: 1.8577419411337415, loss: 1.620955413741365, rho: 0.4000000000000001, transmit_actions: 10, P: [0.1875, 0.3125, 0.46875, 0.875, 0.625, 0.65625, 0.28125, 0.125, 0.625, 0.6875, 0.84375, 0.40625, 0.4375, 0.71875, 1.0, 0.8125, 0.34375, 0.59375, 0.78125, 0.53125]
[TRAIN]: (313/1600): reward: -10.392129495739937, rates: 5.6078706618880885, loss: 1.0837808640234685, rho: 0.4000000000000001, transmit_actions: 8, P: [0.6875, 0.90625, 0.53125, 0.125, 0.53125, 0.5625, 0.59375, 0.0, 0.40625, 0.09375, 0.15625, 0.1875, 0.6875, 0.5, 0.71875, 1.0, 0.4375, 0.71875, 0.75, 0.5625]
[TRAIN]: (314/1600): reward: 3.1245429515838623, rates: 15.124542953050735, loss: 1.2531026067589885, rho: 0.4000000000000001, transmit_actions: 11, P: [0.59375, 0.3125, 0.84375, 0.6875, 0.5, 0.46875, 0.6875, 1.0, 0.9375, 0.59375, 0.09375, 0.96875, 0.84375, 0.4375, 0.25, 0.3125, 0.65625, 0.84375, 0.65625, 0.78125]
[TRAIN]: (315/1600): reward: -15.709733676165342, rates: 0.29026632941431063, loss: 1.3673816744205676, rho: 0.4000000000000001, transmit_actions: 6, P: [0.6875, 0.875, 0.09375, 0.46875, 0.59375, 0.28125, 0.8125, 0.0625, 0.09375, 0.3125, 0.96875, 0.25, 0.25, 0.78125, 0.8125, 0.53125, 0.6875, 0.0, 0.4375, 0.71875]
[TRAIN]: (316/1600): reward: 0.013004779815673828, rates: 11.013004704451866, loss: 1.487899023653045, rho: 0.4000000000000001, transmit_actions: 12, P: [0.3125, 0.75, 0.8125, 0.15625, 0.9375, 1.0, 0.5, 0.15625, 0.0, 0.59375, 0.5, 1.0, 0.875, 0.65625, 0.0625, 0.59375, 0.71875, 0.90625, 0.15625, 0.71875]
[TRAIN]: (317/1600): reward: -1.534971758723259, rates: 10.465028073726081, loss: 1.3471117559225791, rho: 0.4000000000000001, transmit_actions: 12, P: [0.65625, 0.28125, 0.0625, 0.3125, 0.875, 0.25, 0.65625, 0.09375, 0.15625, 0.5, 0.875, 0.65625, 0.0625, 0.71875, 0.4375, 0.90625, 0.9375, 0.8125, 0.75, 0.59375]
[TRAIN]: (318/1600): reward: -11.416920185089111, rates: 4.583079774184457, loss: 1.3437856324321578, rho: 0.4000000000000001, transmit_actions: 12, P: [0.0625, 0.96875, 0.4375, 0.03125, 0.125, 0.5625, 0.15625, 0.71875, 0.28125, 0.9375, 0.96875, 0.75, 0.53125, 0.46875, 0.09375, 0.40625, 0.78125, 0.3125, 0.3125, 0.15625]
[TRAIN]: (319/1600): reward: -12.528011530637741, rates: 0.47198847199465616, loss: 1.26130696502837, rho: 0.4000000000000001, transmit_actions: 12, P: [0.4375, 0.375, 0.21875, 0.46875, 0.65625, 0.6875, 1.0, 0.34375, 0.34375, 0.90625, 0.8125, 0.84375, 0.4375, 0.875, 1.0, 0.34375, 0.65625, 0.21875, 0.0, 0.21875]
[TRAIN]: (320/1600): reward: -6.843333542346954, rates: 5.15666647596363, loss: 1.2448027779763582, rho: 0.4000000000000001, transmit_actions: 8, P: [0.46875, 0.84375, 0.875, 0.96875, 0.6875, 0.78125, 0.28125, 0.46875, 0.8125, 0.875, 0.15625, 0.5, 0.75, 0.21875, 0.71875, 0.875, 1.0, 0.3125, 0.3125, 0.53125]
[TRAIN]: (321/1600): reward: -5.243794649839401, rates: 9.756205486885586, loss: 1.25259235589599, rho: 0.4000000000000001, transmit_actions: 13, P: [0.59375, 0.78125, 0.65625, 0.375, 0.59375, 0.125, 0.0, 0.34375, 0.65625, 0.71875, 0.53125, 0.6875, 0.78125, 0.96875, 0.625, 0.28125, 0.125, 0.34375, 0.28125, 0.25]
[TRAIN]: (322/1600): reward: -12.35542106628418, rates: 4.64457915330404, loss: 1.2734455491074423, rho: 0.4000000000000001, transmit_actions: 9, P: [0.46875, 0.71875, 0.46875, 0.46875, 0.5625, 0.96875, 0.6875, 0.96875, 0.25, 0.5625, 0.0625, 0.09375, 0.21875, 0.40625, 0.75, 0.40625, 0.46875, 0.375, 0.28125, 0.78125]
[TRAIN]: (323/1600): reward: -14.453929580748081, rates: 0.5460704327008736, loss: 1.2900300174426138, rho: 0.4000000000000001, transmit_actions: 11, P: [0.8125, 0.375, 0.15625, 0.25, 0.8125, 0.90625, 0.65625, 0.3125, 0.4375, 0.90625, 0.875, 0.90625, 0.65625, 0.65625, 0.5625, 0.03125, 0.96875, 0.59375, 0.8125, 0.78125]
[TRAIN]: (324/1600): reward: 0.11510705947875977, rates: 11.11510731110313, loss: 1.4273078945910014, rho: 0.4000000000000001, transmit_actions: 13, P: [0.28125, 0.28125, 0.46875, 0.6875, 0.5625, 0.71875, 0.59375, 0.34375, 0.25, 0.5625, 0.71875, 0.53125, 0.5625, 0.84375, 0.6875, 0.8125, 0.25, 0.6875, 0.5625, 0.03125]
[TRAIN]: (325/1600): reward: -13.643241167068481, rates: 1.3567588377895454, loss: 1.3331387306703562, rho: 0.4000000000000001, transmit_actions: 9, P: [0.78125, 0.1875, 0.1875, 0.6875, 0.46875, 0.71875, 0.0, 0.21875, 0.3125, 0.84375, 0.3125, 0.84375, 0.375, 0.0625, 0.875, 0.8125, 0.8125, 0.65625, 0.53125, 0.65625]
[TRAIN]: (326/1600): reward: -1.9163355827331543, rates: 12.083664729796288, loss: 0.9494171267527841, rho: 0.4000000000000001, transmit_actions: 8, P: [0.6875, 0.25, 0.75, 0.84375, 0.15625, 0.03125, 0.78125, 0.5, 0.125, 0.15625, 0.3125, 0.78125, 0.96875, 0.71875, 0.0625, 0.6875, 0.71875, 0.8125, 0.375, 0.0]
[TRAIN]: (327/1600): reward: -10.25382924079895, rates: 3.746170654520504, loss: 1.1328873647888575, rho: 0.4000000000000001, transmit_actions: 9, P: [0.09375, 0.6875, 0.90625, 0.75, 0.78125, 0.5, 0.0, 0.65625, 0.4375, 1.0, 0.78125, 0.84375, 0.15625, 0.46875, 0.03125, 0.40625, 0.90625, 0.78125, 0.09375, 0.21875]
[TRAIN]: (328/1600): reward: -15.0, rates: 0.0, loss: 1.2081566325686406, rho: 0.4000000000000001, transmit_actions: 13, P: [0.21875, 1.0, 0.6875, 0.34375, 0.96875, 0.59375, 1.0, 0.34375, 0.5625, 0.9375, 0.40625, 0.96875, 0.78125, 0.0, 0.34375, 0.5625, 0.84375, 0.0, 0.3125, 0.65625]
[TRAIN]: (329/1600): reward: -5.449936781078577, rates: 6.550062975632642, loss: 1.5386079242287802, rho: 0.4000000000000001, transmit_actions: 11, P: [0.53125, 0.46875, 0.9375, 0.6875, 0.03125, 0.21875, 0.78125, 0.1875, 0.90625, 0.5, 0.75, 0.125, 0.0, 0.65625, 0.96875, 0.6875, 0.59375, 0.1875, 0.90625, 0.78125]
[TRAIN]: (330/1600): reward: -13.710586786270142, rates: 1.2894132583517195, loss: 1.2472697289700043, rho: 0.4000000000000001, transmit_actions: 10, P: [0.53125, 0.125, 0.15625, 0.78125, 0.3125, 0.71875, 0.9375, 0.75, 0.53125, 0.15625, 0.84375, 0.375, 0.875, 0.625, 0.96875, 0.90625, 0.875, 0.46875, 0.3125, 0.8125]
[TRAIN]: (331/1600): reward: -12.044729232788086, rates: 3.9552708283707503, loss: 1.4262550275817338, rho: 0.4000000000000001, transmit_actions: 9, P: [0.90625, 0.90625, 0.28125, 0.21875, 0.03125, 0.65625, 0.21875, 0.5, 0.0, 0.375, 0.34375, 0.375, 0.40625, 0.03125, 0.5, 0.8125, 0.03125, 0.96875, 0.40625, 0.25]
[TRAIN]: (332/1600): reward: -0.8261179625988007, rates: 10.17388219872042, loss: 1.2696851580836008, rho: 0.4000000000000001, transmit_actions: 8, P: [0.75, 0.53125, 0.5625, 0.1875, 0.75, 0.53125, 0.0625, 0.875, 0.0, 0.0, 0.5625, 0.34375, 0.09375, 0.28125, 0.25, 0.03125, 0.40625, 0.6875, 0.71875, 0.375]
[TRAIN]: (333/1600): reward: -6.162572383880615, rates: 8.837427588038453, loss: 1.3204543682183758, rho: 0.4000000000000001, transmit_actions: 8, P: [0.1875, 0.0625, 0.625, 0.125, 0.78125, 0.6875, 1.0, 1.0, 0.125, 0.9375, 1.0, 0.71875, 0.6875, 0.375, 0.6875, 0.96875, 0.46875, 0.96875, 0.15625, 0.03125]
[TRAIN]: (334/1600): reward: -15.115285262465477, rates: 0.8847147051430495, loss: 1.394102213321846, rho: 0.4000000000000001, transmit_actions: 12, P: [0.78125, 0.28125, 0.125, 0.90625, 0.375, 0.21875, 0.59375, 0.75, 0.25, 0.0, 1.0, 0.25, 0.53125, 1.0, 0.90625, 0.65625, 0.28125, 0.71875, 1.0, 0.125]
[TRAIN]: (335/1600): reward: -7.935036659240723, rates: 6.064963410235082, loss: 1.170876812638702, rho: 0.4000000000000001, transmit_actions: 8, P: [0.625, 0.84375, 0.28125, 0.03125, 0.5, 0.4375, 1.0, 0.84375, 0.53125, 0.71875, 0.84375, 0.8125, 0.03125, 0.90625, 0.40625, 0.25, 0.6875, 0.625, 0.03125, 0.4375]
[TRAIN]: (336/1600): reward: 3.3361235707998276, rates: 13.336123455446288, loss: 1.3536683080928151, rho: 0.4000000000000001, transmit_actions: 11, P: [0.03125, 0.0625, 0.03125, 0.4375, 0.4375, 0.4375, 0.71875, 0.40625, 0.71875, 0.28125, 0.59375, 0.65625, 0.375, 0.6875, 0.125, 0.9375, 0.3125, 0.8125, 0.03125, 0.75]
[TRAIN]: (337/1600): reward: -7.782903499901295, rates: 6.217096472933348, loss: 1.1782462839063723, rho: 0.4000000000000001, transmit_actions: 14, P: [0.40625, 0.625, 0.84375, 0.40625, 0.15625, 1.0, 0.46875, 0.1875, 0.71875, 0.0, 0.53125, 0.8125, 0.65625, 0.46875, 1.0, 0.59375, 0.90625, 0.8125, 0.28125, 0.625]
[TRAIN]: (338/1600): reward: 0.12535786628723145, rates: 14.125357799964412, loss: 1.2302298952250748, rho: 0.4000000000000001, transmit_actions: 8, P: [0.875, 0.0, 0.28125, 0.78125, 0.9375, 0.78125, 0.6875, 0.21875, 0.0625, 0.875, 0.84375, 0.125, 0.15625, 0.0625, 0.5625, 0.75, 0.03125, 0.6875, 0.78125, 0.875]
[TRAIN]: (339/1600): reward: -12.70204696804285, rates: 1.2979530171852107, loss: 1.2588374593915748, rho: 0.4000000000000001, transmit_actions: 9, P: [0.53125, 0.15625, 0.21875, 0.25, 0.5, 0.46875, 0.1875, 0.40625, 0.65625, 0.78125, 0.5625, 0.0, 0.09375, 0.78125, 0.625, 0.90625, 0.4375, 0.625, 0.40625, 0.65625]
[TRAIN]: (340/1600): reward: -11.271180748939514, rates: 0.7288192495548407, loss: 1.3420542947677352, rho: 0.4000000000000001, transmit_actions: 10, P: [0.96875, 0.5625, 0.125, 0.59375, 0.96875, 0.5, 0.96875, 0.625, 0.5, 0.84375, 0.9375, 0.1875, 0.84375, 0.34375, 0.8125, 0.0, 0.8125, 0.5625, 0.1875, 0.90625]
[TRAIN]: (341/1600): reward: -16.0, rates: 0, loss: 1.2602255018720483, rho: 0.4000000000000001, transmit_actions: 12, P: [0.25, 0.875, 0.71875, 0.96875, 1.0, 0.4375, 0.625, 0.75, 0.6875, 0.34375, 0.59375, 0.3125, 0.96875, 0.90625, 0.5625, 0.59375, 0.6875, 0.0625, 0.46875, 0.90625]
[TRAIN]: (342/1600): reward: 3.6681666374206543, rates: 16.66816680258835, loss: 1.293655114094927, rho: 0.4000000000000001, transmit_actions: 10, P: [0.4375, 0.53125, 0.21875, 0.9375, 0.84375, 0.0, 0.65625, 0.46875, 0.03125, 0.40625, 0.90625, 0.84375, 0.71875, 0.4375, 0.09375, 0.65625, 0.6875, 0.21875, 1.0, 0.125]
[TRAIN]: (343/1600): reward: -5.143946468830109, rates: 7.856053554067901, loss: 1.3044907667589343, rho: 0.4000000000000001, transmit_actions: 9, P: [0.25, 0.59375, 0.40625, 0.65625, 0.59375, 0.84375, 0.875, 0.90625, 0.15625, 0.1875, 0.25, 0.90625, 0.625, 0.5625, 0.0625, 0.6875, 0.71875, 0.1875, 0.375, 0.03125]
[TRAIN]: (344/1600): reward: 13.91064839065075, rates: 22.91064834780302, loss: 1.1924651812790024, rho: 0.4000000000000001, transmit_actions: 14, P: [0.28125, 0.21875, 0.0, 0.625, 0.21875, 0.34375, 0.6875, 0.90625, 0.21875, 0.96875, 0.65625, 0.15625, 0.5, 0.1875, 0.90625, 0.5, 0.71875, 0.03125, 0.125, 0.0625]
[TRAIN]: (345/1600): reward: -11.135619223117828, rates: 3.864380809297091, loss: 1.2159526608384694, rho: 0.4000000000000001, transmit_actions: 9, P: [0.46875, 0.4375, 0.90625, 0.03125, 0.4375, 0.34375, 0.6875, 0.40625, 0.0, 0.125, 0.875, 0.40625, 0.5625, 0.21875, 0.59375, 0.84375, 0.03125, 1.0, 1.0, 0.3125]
[TRAIN]: (346/1600): reward: -1.838428020477295, rates: 9.161572018529483, loss: 1.246021813078109, rho: 0.4000000000000001, transmit_actions: 8, P: [0.9375, 0.0625, 0.875, 0.90625, 0.625, 0.3125, 0.59375, 0.96875, 1.0, 0.46875, 0.8125, 0.28125, 0.21875, 0.03125, 0.78125, 0.90625, 0.96875, 0.78125, 0.4375, 0.375]
[TRAIN]: (347/1600): reward: -5.243175446987152, rates: 7.756824346564414, loss: 1.3014190152948961, rho: 0.4000000000000001, transmit_actions: 12, P: [0.625, 0.25, 0.21875, 0.6875, 1.0, 0.6875, 0.75, 0.8125, 0.21875, 0.96875, 0.5, 0.84375, 0.8125, 0.59375, 0.9375, 0.46875, 0.0, 0.78125, 0.0, 0.875]
[TRAIN]: (348/1600): reward: 0.8378719538450241, rates: 12.837871755646892, loss: 1.1163162745832003, rho: 0.4000000000000001, transmit_actions: 10, P: [0.375, 0.90625, 0.875, 0.40625, 0.0625, 0.6875, 0.6875, 0.53125, 0.90625, 1.0, 0.71875, 0.28125, 0.5, 0.6875, 0.6875, 0.59375, 0.65625, 0.90625, 0.0, 0.21875]
[TRAIN]: (349/1600): reward: -7.046241283416748, rates: 7.953758591891804, loss: 1.3165657322052255, rho: 0.4000000000000001, transmit_actions: 9, P: [0.5, 0.3125, 0.59375, 0.4375, 0.0, 0.53125, 0.09375, 0.40625, 0.84375, 0.125, 0.78125, 0.90625, 0.03125, 1.0, 0.1875, 0.15625, 0.65625, 0.5, 0.9375, 0.0]
[TRAIN]: (350/1600): reward: 2.4135661125183105, rates: 13.413566305061515, loss: 1.320407595585843, rho: 0.4000000000000001, transmit_actions: 9, P: [0.75, 0.90625, 0.0, 0.5625, 1.0, 0.59375, 0.1875, 0.1875, 0.84375, 0.78125, 0.125, 0.875, 0.0625, 0.9375, 0.5, 0.40625, 0.875, 0.5, 0.09375, 0.28125]
[TRAIN]: (351/1600): reward: -6.793616354465485, rates: 6.2063838892055845, loss: 1.1034203702743584, rho: 0.4000000000000001, transmit_actions: 11, P: [0.5625, 0.25, 0.15625, 0.375, 0.9375, 0.625, 0.84375, 0.59375, 0.78125, 0.34375, 0.96875, 0.375, 0.5625, 0.21875, 0.90625, 0.84375, 0.4375, 0.75, 0.375, 0.65625]
[TRAIN]: (352/1600): reward: -6.892621234059334, rates: 9.107379040182838, loss: 1.3125790889138882, rho: 0.4000000000000001, transmit_actions: 8, P: [0.78125, 0.15625, 0.40625, 0.53125, 0.4375, 0.09375, 0.1875, 0.25, 0.5625, 0.75, 0.1875, 0.1875, 0.625, 0.9375, 0.0, 0.4375, 0.8125, 0.625, 0.125, 0.0625]
[TRAIN]: (353/1600): reward: 1.5643070340156555, rates: 14.564307208125959, loss: 1.5058537923733923, rho: 0.4000000000000001, transmit_actions: 14, P: [0.5, 0.5, 0.40625, 0.9375, 0.59375, 0.125, 0.1875, 0.5, 0.6875, 0.3125, 0.46875, 0.875, 0.09375, 0.34375, 0.09375, 0.4375, 0.96875, 0.3125, 0.5, 0.625]
[TRAIN]: (354/1600): reward: -6.992009997367859, rates: 6.007990144372601, loss: 1.3740022835611052, rho: 0.4000000000000001, transmit_actions: 11, P: [0.375, 0.46875, 0.34375, 0.71875, 0.21875, 0.40625, 0.625, 0.78125, 0.25, 0.96875, 0.53125, 0.875, 0.125, 0.5625, 0.75, 0.0, 0.1875, 0.5625, 0.53125, 0.9375]
[TRAIN]: (355/1600): reward: -0.17340683937072754, rates: 12.826593525660298, loss: 1.3269828295544162, rho: 0.4000000000000001, transmit_actions: 12, P: [0.59375, 0.8125, 0.90625, 0.1875, 0.8125, 0.875, 0.75, 0.4375, 0.1875, 0.78125, 0.78125, 0.4375, 0.03125, 0.9375, 1.0, 1.0, 0.1875, 0.46875, 0.09375, 0.125]
[TRAIN]: (356/1600): reward: 1.727405607700348, rates: 14.727405486664896, loss: 1.1713691968700704, rho: 0.4000000000000001, transmit_actions: 14, P: [0.25, 0.375, 0.90625, 0.0, 0.75, 0.4375, 0.125, 0.3125, 0.96875, 0.25, 0.5, 0.96875, 0.96875, 0.25, 0.90625, 0.0625, 1.0, 0.0625, 0.0625, 0.625]
[TRAIN]: (357/1600): reward: 4.6944873332977295, rates: 18.694487499488503, loss: 1.227507167077727, rho: 0.4000000000000001, transmit_actions: 9, P: [1.0, 0.25, 0.25, 0.40625, 0.6875, 0.59375, 0.78125, 0.96875, 0.21875, 0.5625, 0.71875, 0.5625, 0.28125, 0.03125, 0.53125, 0.28125, 0.5, 0.0625, 0.1875, 0.78125]
[TRAIN]: (358/1600): reward: -1.4340720176696777, rates: 10.565927794411753, loss: 1.2983695240757602, rho: 0.4000000000000001, transmit_actions: 10, P: [0.84375, 0.59375, 0.34375, 0.25, 0.65625, 1.0, 0.34375, 0.25, 0.4375, 0.8125, 0.71875, 0.53125, 0.125, 1.0, 0.53125, 0.0, 0.1875, 0.84375, 0.84375, 0.6875]
[TRAIN]: (359/1600): reward: -4.125998497009277, rates: 10.874001459131978, loss: 1.1386767580931243, rho: 0.4000000000000001, transmit_actions: 14, P: [1.0, 0.21875, 0.90625, 0.75, 0.9375, 0.84375, 0.8125, 0.25, 0.375, 0.46875, 0.59375, 0.6875, 0.3125, 0.09375, 0.84375, 0.375, 0.28125, 0.34375, 0.40625, 0.71875]
[TRAIN]: (360/1600): reward: -8.5240797996521, rates: 5.475920173487758, loss: 1.3832450896725372, rho: 0.4000000000000001, transmit_actions: 9, P: [0.78125, 0.09375, 0.40625, 0.4375, 0.4375, 0.65625, 0.78125, 0.46875, 0.8125, 0.9375, 0.5625, 0.9375, 0.15625, 0.21875, 0.0, 0.40625, 0.625, 1.0, 0.5, 0.875]
[TRAIN]: (361/1600): reward: -9.213446572422981, rates: 4.786553195319407, loss: 1.2888367401381742, rho: 0.4000000000000001, transmit_actions: 7, P: [0.25, 0.65625, 0.3125, 0.21875, 0.65625, 0.6875, 0.09375, 0.9375, 0.84375, 0.5, 0.9375, 0.9375, 0.375, 0.5, 0.21875, 0.65625, 0.8125, 0.28125, 0.34375, 0.96875]
[TRAIN]: (362/1600): reward: 24.092374831438065, rates: 32.09237457114354, loss: 1.4424284459568768, rho: 0.4000000000000001, transmit_actions: 13, P: [0.59375, 0.0, 0.90625, 0.34375, 0.15625, 0.125, 0.09375, 0.90625, 0.3125, 0.46875, 0.96875, 0.03125, 0.21875, 0.03125, 0.03125, 0.5, 0.53125, 0.28125, 0.09375, 0.09375]
[TRAIN]: (363/1600): reward: -4.349298223853111, rates: 6.65070195283646, loss: 1.3292104321459217, rho: 0.4000000000000001, transmit_actions: 10, P: [0.5, 0.40625, 0.25, 0.1875, 0.15625, 0.4375, 0.28125, 0.125, 0.09375, 0.59375, 0.3125, 0.96875, 0.0, 0.59375, 0.84375, 0.3125, 0.53125, 1.0, 0.8125, 0.3125]
[TRAIN]: (364/1600): reward: 1.7679533958435059, rates: 15.76795356791176, loss: 1.3411023938081061, rho: 0.4000000000000001, transmit_actions: 10, P: [0.9375, 0.5625, 0.9375, 0.25, 0.375, 0.1875, 0.78125, 0.9375, 0.3125, 0.625, 0.8125, 0.375, 0.5, 0.875, 0.625, 0.3125, 0.9375, 0.09375, 0.40625, 0.15625]
[TRAIN]: (365/1600): reward: -11.00284194946289, rates: 3.9971580433283656, loss: 1.3753401315161045, rho: 0.4000000000000001, transmit_actions: 9, P: [0.5, 0.65625, 0.46875, 0.1875, 0.53125, 0.0625, 0.375, 0.59375, 0.0625, 0.125, 0.1875, 0.84375, 0.84375, 0.0625, 0.75, 0.84375, 0.4375, 0.25, 0.8125, 0.40625]
[TRAIN]: (366/1600): reward: -11.69039124250412, rates: 1.3096087336727535, loss: 1.078004735918656, rho: 0.4000000000000001, transmit_actions: 9, P: [0.75, 0.90625, 0.09375, 1.0, 0.375, 0.53125, 0.5625, 0.78125, 0.25, 0.28125, 0.84375, 0.15625, 0.15625, 1.0, 0.34375, 0.625, 0.78125, 0.0, 0.90625, 0.25]
[TRAIN]: (367/1600): reward: -7.708789885044098, rates: 4.291210186766487, loss: 1.2955398038230241, rho: 0.4000000000000001, transmit_actions: 12, P: [0.6875, 0.1875, 0.78125, 0.0, 0.5625, 0.3125, 0.59375, 0.9375, 0.34375, 0.875, 0.96875, 0.875, 0.34375, 0.625, 0.34375, 0.71875, 0.09375, 0.0, 0.875, 0.3125]
[TRAIN]: (368/1600): reward: -6.759062170982361, rates: 4.2409378037245675, loss: 1.1749281692839937, rho: 0.4000000000000001, transmit_actions: 8, P: [0.0, 0.5, 0.28125, 0.71875, 0.21875, 0.96875, 0.96875, 1.0, 0.40625, 0.5625, 0.46875, 0.875, 0.5625, 0.0, 0.21875, 0.0625, 0.46875, 1.0, 0.75, 0.6875]
[TRAIN]: (369/1600): reward: -6.821887478232384, rates: 7.178112388008644, loss: 1.4315194644513016, rho: 0.4000000000000001, transmit_actions: 9, P: [0.0, 0.09375, 0.40625, 0.75, 0.5, 0.59375, 0.28125, 0.96875, 0.84375, 0.40625, 0.78125, 0.625, 0.375, 0.3125, 0.09375, 0.34375, 0.96875, 0.75, 0.40625, 0.96875]
[TRAIN]: (370/1600): reward: -12.273147583007812, rates: 4.726852567599831, loss: 1.318523668713118, rho: 0.4000000000000001, transmit_actions: 7, P: [0.4375, 0.09375, 0.3125, 0.8125, 0.96875, 0.375, 0.09375, 0.53125, 0.46875, 0.0625, 0.46875, 0.5, 0.65625, 0.4375, 0.78125, 0.125, 0.09375, 0.5625, 0.125, 0.78125]
[TRAIN]: (371/1600): reward: -11.645187854766846, rates: 4.354812135224902, loss: 1.3871634299333615, rho: 0.4000000000000001, transmit_actions: 8, P: [0.9375, 0.96875, 0.03125, 0.6875, 0.53125, 0.78125, 0.6875, 0.75, 0.5625, 0.65625, 0.9375, 0.0625, 0.875, 0.1875, 0.71875, 0.25, 0.84375, 0.9375, 0.0, 0.03125]
[TRAIN]: (372/1600): reward: -7.530522406101227, rates: 5.469477374407037, loss: 1.319682988145522, rho: 0.4000000000000001, transmit_actions: 13, P: [0.96875, 0.6875, 0.96875, 0.21875, 0.34375, 0.65625, 1.0, 0.25, 0.34375, 0.1875, 0.28125, 1.0, 0.71875, 0.96875, 0.25, 0.40625, 0.3125, 0.5, 0.03125, 0.0]
[TRAIN]: (373/1600): reward: -13.0, rates: 0.0, loss: 1.2529279936511206, rho: 0.4000000000000001, transmit_actions: 11, P: [0.40625, 0.59375, 0.0, 0.28125, 0.46875, 0.875, 0.71875, 1.0, 0.96875, 0.40625, 0.1875, 0.46875, 0.59375, 0.78125, 0.5625, 0.75, 0.96875, 0.59375, 1.0, 0.6875]
[TRAIN]: (374/1600): reward: -0.5514087677001953, rates: 14.448591136833596, loss: 1.2770168181410453, rho: 0.4000000000000001, transmit_actions: 8, P: [0.25, 0.09375, 0.75, 0.53125, 0.125, 0.625, 0.1875, 0.8125, 0.34375, 0.0, 0.75, 0.28125, 0.65625, 0.53125, 0.4375, 0.875, 0.1875, 0.03125, 0.875, 0.125]
[TRAIN]: (375/1600): reward: -0.6062756180763245, rates: 12.393724214331176, loss: 1.1956436771894325, rho: 0.4000000000000001, transmit_actions: 13, P: [0.28125, 0.5625, 0.875, 0.59375, 0.46875, 0.9375, 0.875, 0.28125, 0.28125, 0.46875, 0.5625, 0.53125, 0.75, 0.46875, 0.5, 0.875, 0.0625, 0.78125, 0.40625, 0.90625]
[TRAIN]: (376/1600): reward: -11.112091064453125, rates: 3.8879088359068614, loss: 1.044735712381173, rho: 0.4000000000000001, transmit_actions: 12, P: [0.15625, 0.625, 0.875, 0.21875, 0.84375, 0.6875, 0.375, 0.9375, 0.3125, 0.75, 0.6875, 0.75, 0.71875, 0.84375, 0.625, 0.28125, 0.25, 0.125, 1.0, 0.625]
[TRAIN]: (377/1600): reward: -13.159653700888157, rates: 1.8403463613438473, loss: 1.1716307078443715, rho: 0.4000000000000001, transmit_actions: 12, P: [0.15625, 0.84375, 0.4375, 0.75, 0.5, 0.8125, 0.1875, 0.0625, 0.78125, 0.0625, 0.59375, 0.46875, 0.9375, 0.875, 1.0, 0.625, 0.375, 0.6875, 0.71875, 0.6875]
[TRAIN]: (378/1600): reward: 3.200840473175049, rates: 17.20084067551702, loss: 1.2211385947656892, rho: 0.4000000000000001, transmit_actions: 9, P: [0.875, 1.0, 0.1875, 0.21875, 0.625, 0.40625, 0.0, 0.1875, 0.46875, 0.34375, 0.3125, 0.25, 0.84375, 0.65625, 0.25, 0.34375, 0.59375, 0.625, 0.46875, 0.40625]
[TRAIN]: (379/1600): reward: -2.3719869181513786, rates: 11.628012942940039, loss: 1.2882017588263641, rho: 0.4000000000000001, transmit_actions: 14, P: [0.46875, 0.5625, 1.0, 0.375, 1.0, 0.28125, 0.0625, 0.90625, 0.78125, 0.21875, 0.8125, 0.9375, 0.34375, 0.65625, 0.21875, 0.0625, 0.03125, 0.65625, 0.59375, 0.03125]
[TRAIN]: (380/1600): reward: -0.9600739479064941, rates: 14.03992627959527, loss: 1.270124552290692, rho: 0.4000000000000001, transmit_actions: 12, P: [0.0, 0.75, 0.75, 0.6875, 0.6875, 0.28125, 0.125, 0.1875, 0.875, 1.0, 0.125, 0.0625, 1.0, 0.75, 0.625, 0.625, 0.4375, 0.21875, 0.59375, 0.5]
[TRAIN]: (381/1600): reward: -14.0, rates: 0, loss: 1.3429109085200053, rho: 0.4000000000000001, transmit_actions: 6, P: [0.09375, 0.78125, 0.90625, 0.875, 0.71875, 0.90625, 0.71875, 0.59375, 0.8125, 0.9375, 0.40625, 0.34375, 0.71875, 0.75, 0.40625, 1.0, 0.3125, 0.78125, 0.125, 0.65625]
[TRAIN]: (382/1600): reward: 2.022855281829834, rates: 15.022855124059813, loss: 1.1907284487075547, rho: 0.4000000000000001, transmit_actions: 9, P: [0.90625, 0.03125, 0.125, 0.09375, 1.0, 0.6875, 0.0625, 0.96875, 0.53125, 0.21875, 0.15625, 0.9375, 0.53125, 0.6875, 0.84375, 0.78125, 0.3125, 0.5625, 0.25, 0.28125]
[TRAIN]: (383/1600): reward: 8.660542160272598, rates: 20.66054221915637, loss: 1.2822626778229262, rho: 0.4000000000000001, transmit_actions: 11, P: [0.875, 0.75, 0.40625, 0.4375, 0.5625, 0.09375, 0.75, 0.15625, 0.78125, 0.34375, 0.40625, 0.28125, 0.125, 0.5, 0.96875, 0.71875, 0.75, 0.03125, 1.0, 0.125]
[TRAIN]: (384/1600): reward: -4.2157696187496185, rates: 7.784230436022871, loss: 1.3308635324392966, rho: 0.4000000000000001, transmit_actions: 8, P: [0.625, 0.09375, 0.09375, 0.71875, 0.3125, 0.59375, 0.96875, 0.21875, 0.75, 0.5625, 0.40625, 0.9375, 0.0, 0.90625, 0.625, 0.21875, 0.53125, 0.625, 0.75, 0.0625]
[TRAIN]: (385/1600): reward: -4.951239824295044, rates: 8.04876020562878, loss: 1.204959513558107, rho: 0.4000000000000001, transmit_actions: 9, P: [0.03125, 0.75, 0.78125, 0.65625, 0.9375, 0.5625, 0.9375, 0.0, 0.9375, 0.59375, 0.875, 0.46875, 0.34375, 0.15625, 0.3125, 0.0625, 0.28125, 0.75, 0.1875, 0.5625]
[TRAIN]: (386/1600): reward: 6.292569160461426, rates: 17.29256899712987, loss: 1.1684101940250236, rho: 0.4000000000000001, transmit_actions: 12, P: [0.21875, 0.9375, 0.375, 0.90625, 0.90625, 0.53125, 0.875, 0.53125, 0.0, 0.40625, 0.4375, 0.71875, 0.28125, 0.65625, 0.21875, 0.125, 0.34375, 0.125, 0.875, 0.53125]
[TRAIN]: (387/1600): reward: -3.653838038444519, rates: 6.346162075209226, loss: 1.2118262676587146, rho: 0.4000000000000001, transmit_actions: 9, P: [0.15625, 0.125, 0.09375, 0.6875, 0.96875, 0.65625, 0.9375, 0.1875, 0.09375, 0.15625, 0.6875, 0.875, 0.5625, 0.375, 0.6875, 0.59375, 0.65625, 0.6875, 0.5, 0.4375]
[TRAIN]: (388/1600): reward: -5.883636383339763, rates: 5.116363725306967, loss: 1.516150644436056, rho: 0.4000000000000001, transmit_actions: 10, P: [0.65625, 0.78125, 0.53125, 0.84375, 0.71875, 0.375, 0.78125, 0.9375, 0.0625, 0.875, 0.3125, 0.90625, 0.84375, 0.1875, 0.3125, 0.4375, 0.75, 0.5625, 0.9375, 0.9375]
[TRAIN]: (389/1600): reward: -11.49478155374527, rates: 5.505218468857051, loss: 1.149717050129414, rho: 0.4000000000000001, transmit_actions: 10, P: [0.09375, 0.03125, 0.46875, 0.8125, 0.78125, 0.28125, 0.375, 0.65625, 0.53125, 0.78125, 0.59375, 0.46875, 0.78125, 0.625, 0.5, 0.15625, 0.96875, 0.0625, 0.0625, 0.75]
[TRAIN]: (390/1600): reward: -2.5436873137950897, rates: 10.456312639729926, loss: 1.2358855420603667, rho: 0.4000000000000001, transmit_actions: 12, P: [0.375, 0.6875, 0.09375, 0.375, 0.4375, 0.65625, 0.3125, 0.5625, 0.4375, 0.8125, 0.96875, 0.53125, 0.03125, 0.9375, 0.53125, 0.0625, 0.1875, 0.84375, 0.1875, 0.53125]
[TRAIN]: (391/1600): reward: -18.0, rates: 0, loss: 1.3012406621954073, rho: 0.4000000000000001, transmit_actions: 10, P: [0.59375, 0.21875, 0.625, 0.96875, 0.0, 0.25, 0.78125, 0.59375, 0.59375, 0.09375, 0.5, 0.5, 0.0, 0.90625, 0.71875, 0.5, 0.65625, 0.90625, 0.78125, 0.8125]
[TRAIN]: (392/1600): reward: -1.0114045143127441, rates: 11.988595432785296, loss: 1.1899238339543545, rho: 0.4000000000000001, transmit_actions: 9, P: [1.0, 0.90625, 1.0, 0.28125, 0.875, 0.125, 0.125, 0.78125, 0.5625, 0.21875, 0.625, 0.34375, 0.90625, 0.1875, 0.96875, 0.75, 0.6875, 0.84375, 0.71875, 0.28125]
[TRAIN]: (393/1600): reward: -11.308799415826797, rates: 4.69120072915063, loss: 1.1087698108587385, rho: 0.4000000000000001, transmit_actions: 11, P: [0.4375, 0.59375, 0.40625, 0.34375, 0.34375, 0.65625, 0.78125, 0.09375, 0.46875, 0.34375, 0.21875, 0.28125, 0.6875, 0.875, 0.875, 0.03125, 0.28125, 0.9375, 0.625, 0.90625]
[TRAIN]: (394/1600): reward: -19.0, rates: 0, loss: 1.2357395073155764, rho: 0.4000000000000001, transmit_actions: 17, P: [0.125, 0.9375, 0.9375, 0.84375, 0.6875, 0.34375, 0.3125, 0.5, 0.0625, 0.28125, 0.53125, 0.46875, 0.28125, 1.0, 0.25, 0.21875, 0.6875, 0.5, 0.5625, 0.53125]
[TRAIN]: (395/1600): reward: -5.989149570465088, rates: 8.010850230444369, loss: 1.1285615835659053, rho: 0.4000000000000001, transmit_actions: 10, P: [1.0, 0.625, 0.1875, 0.6875, 0.1875, 0.0625, 1.0, 0.3125, 0.4375, 0.9375, 0.59375, 0.0, 0.9375, 0.0625, 0.375, 0.40625, 0.375, 0.53125, 0.03125, 0.75]
[TRAIN]: (396/1600): reward: -9.518747324123979, rates: 4.481252882256985, loss: 1.32961151559695, rho: 0.4000000000000001, transmit_actions: 6, P: [0.0, 0.65625, 0.96875, 0.1875, 1.0, 0.34375, 0.78125, 0.03125, 0.75, 0.4375, 0.15625, 0.21875, 0.8125, 0.1875, 1.0, 0.34375, 0.25, 0.96875, 0.375, 0.78125]
[TRAIN]: (397/1600): reward: -0.37323370575904846, rates: 10.626766334365678, loss: 1.4408724068499181, rho: 0.4000000000000001, transmit_actions: 8, P: [0.0, 0.84375, 0.625, 0.78125, 1.0, 0.8125, 0.59375, 0.375, 0.59375, 0.21875, 0.75, 0.78125, 0.1875, 0.96875, 0.40625, 0.15625, 0.0, 0.65625, 0.28125, 1.0]
[TRAIN]: (398/1600): reward: -1.281376600265503, rates: 12.718623270037497, loss: 1.4698762224779172, rho: 0.4000000000000001, transmit_actions: 10, P: [0.40625, 0.09375, 0.875, 0.0, 0.5, 0.15625, 0.53125, 0.6875, 0.0, 0.59375, 0.53125, 0.625, 0.1875, 0.75, 0.34375, 0.03125, 0.03125, 0.40625, 0.5625, 0.5]
[TRAIN]: (399/1600): reward: -7.084870204329491, rates: 4.9151297651964425, loss: 1.2970626478934086, rho: 0.4000000000000001, transmit_actions: 9, P: [0.6875, 0.46875, 0.28125, 1.0, 0.65625, 0.15625, 0.1875, 0.5, 0.25, 0.5625, 0.625, 0.875, 0.09375, 0.46875, 1.0, 0.40625, 0.375, 0.25, 0.875, 0.65625]
[TRAIN]: (400/1600): reward: -4.694109618663788, rates: 7.305890448963872, loss: 1.5588304103376351, rho: 0.4000000000000001, transmit_actions: 8, P: [0.03125, 0.90625, 0.625, 0.03125, 1.0, 0.71875, 0.1875, 0.96875, 0.78125, 0.71875, 0.03125, 0.25, 0.96875, 1.0, 0.03125, 0.0625, 0.34375, 1.0, 0.25, 0.5625]
[TRAIN]: (401/1600): reward: -7.079417206346989, rates: 4.920582876319466, loss: 1.279199572440441, rho: 0.4000000000000001, transmit_actions: 10, P: [0.53125, 0.75, 0.96875, 0.84375, 0.75, 0.4375, 0.15625, 0.96875, 0.21875, 0.71875, 0.6875, 0.96875, 0.6875, 0.90625, 0.59375, 0.75, 0.15625, 0.9375, 0.9375, 0.1875]
[TRAIN]: (402/1600): reward: -0.704261064529419, rates: 14.295738977271824, loss: 1.3599336802851387, rho: 0.4000000000000001, transmit_actions: 9, P: [0.15625, 0.59375, 0.03125, 0.875, 0.15625, 0.03125, 0.34375, 0.5, 0.6875, 0.84375, 0.90625, 0.75, 0.40625, 0.03125, 0.25, 0.34375, 0.40625, 0.34375, 0.71875, 0.90625]
[TRAIN]: (403/1600): reward: -1.0331188514828682, rates: 11.96688144433424, loss: 1.1831381070702234, rho: 0.4000000000000001, transmit_actions: 10, P: [0.96875, 0.15625, 0.4375, 0.15625, 0.53125, 0.46875, 0.96875, 0.34375, 0.9375, 0.03125, 0.09375, 0.375, 0.5625, 0.84375, 0.5625, 0.0625, 0.46875, 0.8125, 0.96875, 0.78125]
[TRAIN]: (404/1600): reward: -8.589950829744339, rates: 5.410049059070474, loss: 1.6862844857026993, rho: 0.4000000000000001, transmit_actions: 6, P: [0.59375, 0.75, 0.3125, 0.75, 0.28125, 0.9375, 0.78125, 0.78125, 0.5, 0.0625, 0.4375, 0.65625, 0.0625, 0.53125, 0.40625, 0.90625, 0.25, 0.5, 0.96875, 0.6875]
[TRAIN]: (405/1600): reward: -9.608103960752487, rates: 5.3918961082373364, loss: 1.1614501052773911, rho: 0.4000000000000001, transmit_actions: 7, P: [0.65625, 0.25, 0.34375, 0.03125, 0.71875, 0.5, 0.15625, 0.375, 0.375, 0.375, 0.21875, 0.21875, 0.03125, 0.09375, 0.46875, 0.9375, 0.5, 0.09375, 0.28125, 0.125]
[TRAIN]: (406/1600): reward: 2.0899386405944824, rates: 16.089938886532668, loss: 1.1564991739502513, rho: 0.4000000000000001, transmit_actions: 10, P: [0.6875, 0.625, 0.5, 0.4375, 0.0625, 0.375, 0.59375, 0.0625, 0.96875, 0.6875, 0.875, 0.9375, 0.21875, 0.71875, 0.375, 0.625, 0.40625, 0.21875, 0.0, 0.625]
[TRAIN]: (407/1600): reward: -10.607125282287598, rates: 5.392874485293451, loss: 1.2041754430236735, rho: 0.4000000000000001, transmit_actions: 10, P: [0.96875, 0.625, 0.65625, 0.25, 0.21875, 0.65625, 0.96875, 0.5625, 0.46875, 0.6875, 0.46875, 0.8125, 0.28125, 0.625, 0.28125, 0.53125, 0.6875, 0.8125, 0.78125, 0.46875]
[TRAIN]: (408/1600): reward: 1.5997278508730233, rates: 13.59972780199604, loss: 1.3433826014379568, rho: 0.4000000000000001, transmit_actions: 13, P: [0.1875, 0.53125, 0.46875, 0.03125, 0.46875, 0.28125, 0.6875, 0.03125, 0.03125, 0.9375, 0.625, 0.40625, 0.75, 0.5625, 0.625, 0.1875, 0.46875, 0.34375, 0.3125, 0.96875]
[TRAIN]: (409/1600): reward: -14.35943104326725, rates: 0.6405689580075822, loss: 1.2010964593726414, rho: 0.4000000000000001, transmit_actions: 12, P: [0.71875, 0.1875, 0.875, 0.21875, 0.875, 0.125, 0.40625, 0.875, 0.15625, 0.125, 0.3125, 0.40625, 0.28125, 0.25, 0.65625, 0.875, 0.9375, 0.5, 0.4375, 0.1875]
[TRAIN]: (410/1600): reward: -1.8008189797401428, rates: 9.199181350485652, loss: 1.4865375763393651, rho: 0.4000000000000001, transmit_actions: 9, P: [0.28125, 0.65625, 0.15625, 0.8125, 0.53125, 0.96875, 0.5, 0.40625, 0.5625, 0.6875, 0.65625, 0.21875, 0.46875, 0.09375, 0.5625, 0.125, 0.9375, 0.875, 0.78125, 0.21875]
[TRAIN]: (411/1600): reward: -11.862636178731918, rates: 5.1373637179868705, loss: 1.6381550999627088, rho: 0.4000000000000001, transmit_actions: 9, P: [0.71875, 0.09375, 0.375, 0.3125, 0.34375, 0.53125, 0.46875, 0.71875, 0.28125, 0.875, 0.53125, 0.5625, 0.0625, 0.53125, 0.09375, 0.09375, 0.65625, 0.875, 0.125, 0.90625]
[TRAIN]: (412/1600): reward: 0.4980495572090149, rates: 12.498049535710344, loss: 1.3018451730741325, rho: 0.4000000000000001, transmit_actions: 13, P: [0.96875, 0.71875, 0.90625, 0.21875, 0.90625, 0.90625, 0.09375, 0.53125, 0.5, 0.1875, 0.28125, 0.3125, 0.4375, 0.40625, 0.21875, 0.4375, 0.34375, 0.96875, 0.28125, 0.375]
[TRAIN]: (413/1600): reward: 0.14110876619815826, rates: 13.14110846448185, loss: 1.1630775081110216, rho: 0.4000000000000001, transmit_actions: 11, P: [0.03125, 0.53125, 0.75, 0.8125, 0.09375, 0.34375, 0.46875, 0.15625, 0.0625, 0.21875, 0.0625, 0.34375, 0.34375, 0.0, 0.5, 0.0625, 0.78125, 0.3125, 0.5625, 0.75]
[TRAIN]: (414/1600): reward: -3.8613846004009247, rates: 10.138615507105403, loss: 1.1786902689788863, rho: 0.4000000000000001, transmit_actions: 10, P: [0.0, 0.46875, 0.5, 0.5, 0.71875, 0.6875, 0.84375, 0.84375, 0.15625, 0.125, 0.21875, 0.375, 0.9375, 0.09375, 0.09375, 0.625, 0.46875, 0.59375, 0.53125, 0.71875]
[TRAIN]: (415/1600): reward: -4.827946335077286, rates: 7.172053835256694, loss: 1.3255613403554936, rho: 0.4000000000000001, transmit_actions: 11, P: [0.6875, 0.6875, 0.59375, 0.03125, 0.34375, 0.4375, 0.5, 0.09375, 0.46875, 0.125, 0.40625, 0.59375, 0.90625, 0.90625, 0.75, 0.90625, 1.0, 0.125, 0.53125, 0.0]
[TRAIN]: (416/1600): reward: -10.203192353248596, rates: 3.7968076178983323, loss: 1.2690504042164596, rho: 0.4000000000000001, transmit_actions: 9, P: [0.78125, 0.21875, 0.0625, 0.3125, 0.625, 0.125, 0.90625, 0.90625, 0.90625, 0.28125, 0.0, 0.875, 0.78125, 0.15625, 0.5625, 0.4375, 0.59375, 0.53125, 0.78125, 0.96875]
[TRAIN]: (417/1600): reward: -10.597183555364609, rates: 5.402816362920066, loss: 1.3198244725078119, rho: 0.4000000000000001, transmit_actions: 12, P: [0.3125, 0.28125, 1.0, 0.125, 0.625, 0.78125, 0.125, 0.125, 0.78125, 0.8125, 0.75, 0.46875, 0.46875, 0.65625, 0.21875, 0.125, 0.84375, 0.9375, 0.9375, 0.5]
[TRAIN]: (418/1600): reward: -14.880762368440628, rates: 0.11923763337861812, loss: 1.2740417500021555, rho: 0.4000000000000001, transmit_actions: 12, P: [0.9375, 0.625, 0.1875, 0.5, 1.0, 0.03125, 0.40625, 0.1875, 0.40625, 0.90625, 1.0, 0.15625, 0.5625, 0.65625, 1.0, 0.0, 0.53125, 0.84375, 0.46875, 0.34375]
[TRAIN]: (419/1600): reward: -3.329863578081131, rates: 8.670136400372472, loss: 1.2459238359373677, rho: 0.4000000000000001, transmit_actions: 8, P: [0.53125, 0.34375, 0.6875, 0.0, 0.03125, 0.875, 0.5, 0.21875, 0.78125, 0.90625, 0.34375, 0.15625, 0.03125, 0.34375, 0.625, 0.875, 0.65625, 0.4375, 0.90625, 0.59375]
[TRAIN]: (420/1600): reward: -10.64274549484253, rates: 4.357254665764475, loss: 1.1255910071715052, rho: 0.4000000000000001, transmit_actions: 10, P: [0.09375, 0.0, 0.3125, 0.53125, 0.8125, 0.5, 0.4375, 0.0, 0.9375, 0.40625, 0.9375, 0.53125, 0.75, 1.0, 0.4375, 0.40625, 0.09375, 0.5, 0.875, 0.4375]
[TRAIN]: (421/1600): reward: 4.627669483423233, rates: 16.627669416898446, loss: 1.5815189957676334, rho: 0.4000000000000001, transmit_actions: 11, P: [0.15625, 0.28125, 0.15625, 0.90625, 0.8125, 0.25, 0.03125, 0.03125, 0.09375, 0.96875, 0.1875, 0.125, 0.96875, 0.0625, 0.59375, 0.78125, 0.65625, 0.625, 0.84375, 0.90625]
[TRAIN]: (422/1600): reward: -12.453839585185051, rates: 1.5461603945673237, loss: 1.3406726913542992, rho: 0.4000000000000001, transmit_actions: 8, P: [0.25, 0.71875, 0.96875, 0.6875, 0.40625, 0.59375, 0.84375, 0.09375, 0.28125, 0.5625, 0.40625, 0.71875, 0.4375, 0.03125, 0.09375, 0.28125, 0.46875, 0.625, 0.4375, 0.96875]
[TRAIN]: (423/1600): reward: -8.823290079832077, rates: 6.176709790020175, loss: 1.2777950558091722, rho: 0.4000000000000001, transmit_actions: 8, P: [0.09375, 0.71875, 0.5, 0.71875, 0.3125, 0.90625, 0.59375, 0.625, 0.6875, 0.0625, 0.84375, 0.0625, 0.53125, 0.6875, 0.53125, 0.4375, 0.3125, 0.53125, 0.375, 0.75]
[TRAIN]: (424/1600): reward: -8.044344920665026, rates: 4.955655077903842, loss: 1.3778902331357048, rho: 0.4000000000000001, transmit_actions: 10, P: [0.53125, 0.5, 0.21875, 0.875, 0.0, 0.53125, 0.71875, 0.125, 0.125, 0.53125, 0.1875, 0.5, 0.71875, 0.0625, 0.1875, 0.9375, 0.8125, 0.03125, 0.96875, 0.875]
[TRAIN]: (425/1600): reward: -1.6561355590820312, rates: 14.343864292241719, loss: 1.5482264705846593, rho: 0.4000000000000001, transmit_actions: 10, P: [0.25, 0.34375, 0.65625, 0.125, 0.71875, 1.0, 0.125, 0.71875, 0.21875, 0.40625, 0.75, 0.0625, 0.03125, 0.71875, 0.34375, 0.125, 0.125, 0.59375, 0.71875, 0.15625]
[TRAIN]: (426/1600): reward: -1.0705412924289703, rates: 10.92945895186274, loss: 1.5365806032164282, rho: 0.4000000000000001, transmit_actions: 12, P: [0.90625, 0.78125, 0.8125, 0.5, 0.53125, 0.71875, 0.25, 0.1875, 0.15625, 0.15625, 0.71875, 0.40625, 1.0, 0.8125, 0.6875, 0.3125, 0.09375, 0.875, 0.4375, 0.84375]
[TRAIN]: (427/1600): reward: -15.785762816667557, rates: 0.2142371879383475, loss: 1.237589028800182, rho: 0.4000000000000001, transmit_actions: 10, P: [0.90625, 0.3125, 0.78125, 0.71875, 0.25, 0.125, 0.03125, 0.28125, 0.90625, 0.4375, 0.71875, 0.375, 0.28125, 0.8125, 0.28125, 0.28125, 0.40625, 0.78125, 0.75, 0.03125]
[TRAIN]: (428/1600): reward: -11.85473994910717, rates: 3.145259991766639, loss: 1.2477481218222564, rho: 0.4000000000000001, transmit_actions: 11, P: [0.75, 0.1875, 0.75, 0.15625, 0.4375, 0.9375, 0.0625, 0.375, 0.90625, 0.46875, 0.6875, 1.0, 0.4375, 0.75, 0.28125, 0.78125, 0.03125, 0.6875, 0.875, 0.5625]
[TRAIN]: (429/1600): reward: -8.517846047878265, rates: 7.482154123264561, loss: 1.2510373156109873, rho: 0.4000000000000001, transmit_actions: 12, P: [0.625, 0.75, 0.625, 0.75, 0.0625, 0.78125, 0.8125, 0.5625, 0.25, 0.40625, 0.40625, 0.875, 1.0, 0.3125, 0.125, 0.875, 0.53125, 0.375, 0.625, 0.96875]
[TRAIN]: (430/1600): reward: -5.340081959962845, rates: 6.659917951430701, loss: 1.439238919017026, rho: 0.4000000000000001, transmit_actions: 9, P: [0.96875, 0.375, 0.34375, 0.53125, 0.625, 0.34375, 0.0, 0.84375, 0.34375, 0.4375, 0.15625, 0.40625, 0.25, 0.71875, 0.9375, 0.0, 0.40625, 0.0625, 0.125, 0.96875]
[TRAIN]: (431/1600): reward: -6.7239274978637695, rates: 6.276072545311096, loss: 1.26765154042668, rho: 0.4000000000000001, transmit_actions: 10, P: [0.8125, 0.1875, 0.875, 0.90625, 0.8125, 0.6875, 0.40625, 0.03125, 0.375, 1.0, 0.96875, 0.6875, 1.0, 0.9375, 0.6875, 0.375, 0.4375, 0.34375, 0.71875, 0.90625]
[TRAIN]: (432/1600): reward: -3.6047300547361374, rates: 7.395269904038466, loss: 1.20589667044657, rho: 0.4000000000000001, transmit_actions: 10, P: [0.90625, 0.25, 0.71875, 0.875, 0.5, 0.375, 0.90625, 0.6875, 0.375, 0.40625, 0.875, 0.75, 0.78125, 0.3125, 0.75, 0.6875, 0.28125, 1.0, 0.625, 0.1875]
[TRAIN]: (433/1600): reward: 10.384428858757019, rates: 21.384428396954455, loss: 1.2769784099743133, rho: 0.4000000000000001, transmit_actions: 10, P: [0.125, 0.625, 0.3125, 0.15625, 1.0, 0.15625, 0.71875, 0.03125, 0.875, 0.375, 0.78125, 0.6875, 0.3125, 0.71875, 0.0, 0.34375, 0.125, 0.90625, 0.15625, 0.15625]
[TRAIN]: (434/1600): reward: 6.023056775331497, rates: 18.023057006083864, loss: 1.0627957611922858, rho: 0.4000000000000001, transmit_actions: 11, P: [0.75, 0.1875, 0.65625, 0.75, 0.03125, 0.0, 0.0625, 0.125, 0.65625, 0.0, 0.8125, 0.125, 0.34375, 0.84375, 0.34375, 0.84375, 0.125, 0.8125, 0.4375, 0.71875]
[TRAIN]: (435/1600): reward: -10.404053747653961, rates: 5.595946254410281, loss: 0.9927612555454057, rho: 0.4000000000000001, transmit_actions: 11, P: [0.15625, 0.0625, 1.0, 0.78125, 0.71875, 0.40625, 0.8125, 0.46875, 1.0, 0.625, 0.5625, 0.5625, 0.1875, 0.59375, 0.5625, 0.40625, 0.8125, 0.21875, 0.5, 0.84375]
[TRAIN]: (436/1600): reward: -1.4684414863586426, rates: 13.53155857600267, loss: 1.1608615221086729, rho: 0.4000000000000001, transmit_actions: 9, P: [0.40625, 0.40625, 0.0, 0.59375, 0.65625, 0.4375, 0.03125, 0.3125, 0.0625, 1.0, 0.0625, 0.875, 0.4375, 0.40625, 0.625, 0.84375, 0.71875, 0.03125, 0.8125, 0.6875]
[TRAIN]: (437/1600): reward: -4.859371945261955, rates: 10.14062817776852, loss: 1.3380720684423302, rho: 0.4000000000000001, transmit_actions: 10, P: [0.53125, 0.8125, 0.96875, 0.09375, 0.5, 0.125, 0.5, 0.78125, 0.40625, 0.75, 0.03125, 0.4375, 0.4375, 0.03125, 0.59375, 0.03125, 0.09375, 0.03125, 0.375, 0.28125]
[TRAIN]: (438/1600): reward: -7.196381866931915, rates: 6.8036183199578915, loss: 1.2952657293124203, rho: 0.4000000000000001, transmit_actions: 10, P: [0.75, 0.46875, 0.875, 0.0, 0.375, 0.8125, 0.78125, 0.71875, 0.375, 0.59375, 0.125, 0.96875, 0.40625, 0.25, 0.96875, 0.5, 0.5, 0.5, 0.53125, 0.4375]
[TRAIN]: (439/1600): reward: -15.837476059794426, rates: 0.16252394180896512, loss: 1.2898956224473328, rho: 0.4000000000000001, transmit_actions: 13, P: [0.90625, 0.625, 0.78125, 0.6875, 0.1875, 0.5, 0.9375, 0.03125, 0.78125, 1.0, 0.34375, 0.40625, 0.5, 0.375, 0.0, 0.625, 0.9375, 0.34375, 0.0, 0.375]
[TRAIN]: (440/1600): reward: -7.845214933156967, rates: 7.154785071453696, loss: 1.3489467091271024, rho: 0.4000000000000001, transmit_actions: 6, P: [0.8125, 0.71875, 0.34375, 0.46875, 0.5, 0.71875, 0.3125, 0.78125, 0.3125, 0.375, 0.125, 0.09375, 0.75, 0.40625, 0.5, 0.65625, 0.9375, 0.4375, 0.375, 0.9375]
[TRAIN]: (441/1600): reward: -2.8822389245033264, rates: 10.117760948915286, loss: 1.3845706415886851, rho: 0.4000000000000001, transmit_actions: 11, P: [0.25, 0.3125, 0.71875, 0.78125, 0.59375, 0.0, 0.1875, 0.875, 0.21875, 0.78125, 0.125, 0.78125, 0.5625, 0.4375, 0.90625, 0.40625, 1.0, 0.78125, 0.59375, 0.03125]
[TRAIN]: (442/1600): reward: -12.40796971321106, rates: 1.5920302822435404, loss: 0.9842113185802356, rho: 0.4000000000000001, transmit_actions: 10, P: [0.3125, 0.5625, 0.5, 0.0, 0.40625, 0.09375, 0.34375, 0.1875, 0.71875, 0.125, 0.4375, 0.53125, 0.5, 0.8125, 0.53125, 0.375, 0.5, 0.21875, 0.9375, 0.34375]
[TRAIN]: (443/1600): reward: 7.3576788157224655, rates: 19.357679048644183, loss: 1.1525721159110485, rho: 0.4000000000000001, transmit_actions: 12, P: [0.65625, 0.875, 0.5, 0.96875, 0.625, 0.09375, 0.625, 0.5, 0.46875, 0.90625, 0.25, 0.125, 0.3125, 0.5625, 0.03125, 0.90625, 0.21875, 0.1875, 0.46875, 0.875]
[TRAIN]: (444/1600): reward: -6.619247908703983, rates: 5.380751959464336, loss: 1.272636949214345, rho: 0.4000000000000001, transmit_actions: 12, P: [0.8125, 0.5625, 0.3125, 0.5625, 0.46875, 0.28125, 0.375, 0.15625, 0.0, 0.03125, 0.9375, 0.59375, 0.78125, 0.5, 0.71875, 0.40625, 0.875, 0.28125, 0.09375, 0.59375]
[TRAIN]: (445/1600): reward: -15.681636564433575, rates: 0.3183634308740172, loss: 1.5352803880883574, rho: 0.4000000000000001, transmit_actions: 8, P: [0.0, 0.40625, 0.09375, 0.53125, 0.21875, 1.0, 0.34375, 0.125, 0.0, 0.5625, 0.625, 0.28125, 0.0, 0.25, 0.0625, 0.625, 0.53125, 0.96875, 0.65625, 0.75]
[TRAIN]: (446/1600): reward: -4.566849771887064, rates: 7.433150389060964, loss: 1.2022861401418703, rho: 0.4000000000000001, transmit_actions: 7, P: [0.78125, 0.0625, 0.90625, 0.15625, 0.0, 0.375, 0.125, 0.28125, 0.3125, 0.15625, 0.75, 0.875, 0.0625, 0.09375, 0.03125, 0.5625, 0.53125, 0.84375, 0.5625, 0.90625]
[TRAIN]: (447/1600): reward: -9.718631446361542, rates: 4.2813684366486715, loss: 1.2269844350129944, rho: 0.4000000000000001, transmit_actions: 6, P: [0.78125, 0.25, 0.875, 0.90625, 0.125, 0.25, 0.96875, 0.34375, 0.65625, 0.6875, 0.40625, 0.6875, 0.59375, 0.15625, 0.21875, 0.03125, 0.40625, 0.03125, 0.09375, 0.40625]
[TRAIN]: (448/1600): reward: -9.608267821371555, rates: 5.3917319784604985, loss: 1.1912922206575696, rho: 0.4000000000000001, transmit_actions: 13, P: [0.34375, 0.65625, 0.3125, 0.78125, 0.21875, 0.15625, 0.1875, 0.6875, 0.96875, 0.65625, 0.875, 0.6875, 0.78125, 0.25, 0.3125, 0.0, 0.59375, 0.3125, 0.71875, 0.34375]
[TRAIN]: (449/1600): reward: -3.277811050415039, rates: 12.722188864084778, loss: 1.0301848607504138, rho: 0.4000000000000001, transmit_actions: 10, P: [0.40625, 0.15625, 0.34375, 0.15625, 0.8125, 0.0625, 0.40625, 0.59375, 0.59375, 0.96875, 0.59375, 0.75, 0.25, 0.25, 0.75, 0.1875, 0.6875, 0.34375, 0.75, 0.8125]
[TRAIN]: (450/1600): reward: 6.346911542117596, rates: 20.3469116861492, loss: 1.3570970843860852, rho: 0.4000000000000001, transmit_actions: 12, P: [0.71875, 0.53125, 0.3125, 0.78125, 0.4375, 0.0625, 0.8125, 0.25, 0.25, 0.21875, 0.59375, 0.09375, 0.21875, 0.0625, 0.875, 0.625, 0.3125, 0.71875, 0.21875, 0.46875]
[TRAIN]: (451/1600): reward: -6.762533716857433, rates: 6.237466354413966, loss: 1.2560103544148336, rho: 0.4000000000000001, transmit_actions: 13, P: [0.28125, 1.0, 0.875, 0.71875, 0.15625, 0.25, 0.03125, 0.40625, 0.21875, 0.90625, 0.9375, 0.96875, 0.84375, 0.1875, 0.34375, 0.3125, 0.1875, 0.4375, 0.5, 0.875]
[TRAIN]: (452/1600): reward: 1.6334314346313477, rates: 11.6334314099866, loss: 1.26396878793063, rho: 0.4000000000000001, transmit_actions: 8, P: [0.9375, 0.75, 1.0, 0.65625, 0.53125, 0.96875, 0.4375, 0.21875, 0.125, 0.09375, 0.3125, 0.46875, 0.59375, 0.875, 0.59375, 0.875, 0.59375, 0.96875, 0.6875, 0.4375]
[TRAIN]: (453/1600): reward: -7.884164333343506, rates: 5.115835837165229, loss: 1.3100028600315257, rho: 0.4000000000000001, transmit_actions: 8, P: [0.0, 0.90625, 0.90625, 0.21875, 0.875, 0.125, 0.6875, 0.59375, 0.28125, 0.75, 0.53125, 0.09375, 0.4375, 0.3125, 0.8125, 0.34375, 0.3125, 0.96875, 0.96875, 1.0]
[TRAIN]: (454/1600): reward: -10.418314203619957, rates: 2.581685828936858, loss: 1.4404986636842585, rho: 0.4000000000000001, transmit_actions: 11, P: [0.21875, 0.90625, 0.03125, 0.0625, 0.0, 0.21875, 0.15625, 0.25, 0.15625, 0.5625, 0.125, 1.0, 0.09375, 0.9375, 0.40625, 0.53125, 0.0, 0.375, 0.59375, 0.8125]
[TRAIN]: (455/1600): reward: -3.0282626152038574, rates: 10.971737361370792, loss: 1.3219713072568866, rho: 0.4000000000000001, transmit_actions: 8, P: [0.65625, 0.90625, 0.9375, 0.3125, 0.9375, 0.5625, 0.6875, 0.28125, 0.65625, 0.34375, 0.96875, 0.6875, 0.4375, 0.59375, 0.0, 0.46875, 0.21875, 0.28125, 1.0, 0.0]
[TRAIN]: (456/1600): reward: -14.0, rates: 0, loss: 1.2106329714578883, rho: 0.4000000000000001, transmit_actions: 9, P: [0.75, 0.71875, 0.375, 0.5, 0.90625, 0.03125, 0.40625, 0.6875, 0.28125, 0.21875, 0.53125, 0.96875, 0.59375, 0.90625, 0.5, 0.5625, 0.5, 0.90625, 0.8125, 0.125]
[TRAIN]: (457/1600): reward: -9.873905390501022, rates: 5.126094395264629, loss: 1.335441083537863, rho: 0.4000000000000001, transmit_actions: 9, P: [0.78125, 0.25, 0.65625, 0.65625, 0.0, 0.1875, 0.96875, 0.875, 0.03125, 0.96875, 1.0, 0.25, 0.90625, 1.0, 0.71875, 0.65625, 0.21875, 0.46875, 0.09375, 0.6875]
[TRAIN]: (458/1600): reward: -1.0701406300067902, rates: 10.929859233764622, loss: 1.1842615440283262, rho: 0.4000000000000001, transmit_actions: 9, P: [0.21875, 0.1875, 0.8125, 0.5, 0.46875, 0.5, 0.125, 0.5, 0.5625, 0.8125, 1.0, 0.4375, 0.125, 0.03125, 0.90625, 0.6875, 0.15625, 0.25, 0.9375, 0.875]
[TRAIN]: (459/1600): reward: 0.23293152451515198, rates: 14.232931614420611, loss: 1.1753599631265057, rho: 0.4000000000000001, transmit_actions: 9, P: [0.1875, 0.625, 0.53125, 0.125, 0.03125, 0.21875, 0.53125, 0.8125, 0.5625, 0.40625, 0.3125, 0.84375, 0.65625, 0.4375, 0.28125, 0.40625, 1.0, 0.40625, 0.65625, 0.375]
[TRAIN]: (460/1600): reward: -8.702249212190509, rates: 5.29775052299807, loss: 1.366742726805238, rho: 0.4000000000000001, transmit_actions: 8, P: [0.75, 0.375, 0.5, 0.3125, 0.28125, 0.03125, 0.5, 0.4375, 0.65625, 0.125, 0.84375, 0.96875, 0.25, 0.0, 0.3125, 0.59375, 0.0625, 0.8125, 0.5, 0.09375]
[TRAIN]: (461/1600): reward: -14.879543244838715, rates: 0.12045675551909814, loss: 1.3574954598946423, rho: 0.4000000000000001, transmit_actions: 10, P: [0.0625, 0.375, 0.375, 0.84375, 0.1875, 0.6875, 0.8125, 0.09375, 0.375, 0.46875, 0.8125, 0.0625, 0.28125, 0.28125, 0.90625, 0.78125, 0.625, 0.90625, 0.84375, 0.78125]
[TRAIN]: (462/1600): reward: -3.691732794046402, rates: 8.30826731241459, loss: 1.2452468273805404, rho: 0.4000000000000001, transmit_actions: 12, P: [0.8125, 0.6875, 0.625, 0.5625, 0.09375, 0.09375, 0.625, 0.625, 0.03125, 0.34375, 0.5, 1.0, 0.03125, 0.59375, 0.46875, 0.625, 0.875, 0.3125, 0.03125, 0.90625]
[TRAIN]: (463/1600): reward: 0.9278149604797363, rates: 15.927814981973054, loss: 1.331584245990856, rho: 0.4000000000000001, transmit_actions: 9, P: [0.46875, 0.09375, 0.59375, 0.6875, 1.0, 0.25, 0.0, 0.625, 0.125, 0.46875, 0.96875, 0.21875, 0.46875, 0.3125, 0.25, 0.71875, 0.1875, 0.21875, 0.9375, 0.71875]
[TRAIN]: (464/1600): reward: -3.7358958199620247, rates: 6.264104208765641, loss: 1.3563080603079993, rho: 0.4000000000000001, transmit_actions: 11, P: [0.6875, 0.5625, 0.625, 0.03125, 0.25, 0.375, 0.28125, 0.25, 0.125, 0.1875, 0.15625, 0.625, 0.34375, 0.15625, 0.46875, 0.9375, 0.65625, 0.40625, 0.84375, 0.5625]
[TRAIN]: (465/1600): reward: 0.45621323585510254, rates: 10.456213143725094, loss: 1.5370503607485948, rho: 0.4000000000000001, transmit_actions: 6, P: [0.71875, 0.375, 0.0625, 0.0625, 0.0, 0.21875, 0.46875, 0.3125, 0.40625, 0.71875, 0.40625, 0.84375, 0.875, 0.25, 0.1875, 0.40625, 0.84375, 0.28125, 0.25, 0.3125]
[TRAIN]: (466/1600): reward: -4.106732666492462, rates: 8.893267172945027, loss: 1.4201486078237497, rho: 0.4000000000000001, transmit_actions: 9, P: [0.65625, 0.46875, 0.0625, 0.5625, 0.21875, 0.84375, 0.4375, 0.4375, 0.59375, 0.125, 0.46875, 0.25, 0.0, 0.4375, 0.03125, 0.03125, 0.15625, 0.34375, 0.40625, 0.0625]
[TRAIN]: (467/1600): reward: 5.591174602508545, rates: 19.591174560589387, loss: 1.2128493477017979, rho: 0.4000000000000001, transmit_actions: 11, P: [0.1875, 0.46875, 0.6875, 0.375, 0.4375, 0.15625, 0.71875, 0.75, 0.46875, 0.3125, 0.3125, 0.6875, 0.375, 0.9375, 0.21875, 0.625, 0.28125, 0.21875, 0.5, 0.1875]
[TRAIN]: (468/1600): reward: -12.96496133506298, rates: 1.0350386721047404, loss: 1.354287399386352, rho: 0.4000000000000001, transmit_actions: 10, P: [0.625, 0.09375, 0.96875, 0.8125, 0.375, 0.71875, 0.46875, 0.09375, 0.0625, 0.5, 0.6875, 0.6875, 0.78125, 0.8125, 0.25, 0.90625, 0.40625, 0.46875, 0.4375, 0.75]
[TRAIN]: (469/1600): reward: -1.0951338447630405, rates: 10.904866068672142, loss: 1.3935177005657204, rho: 0.4000000000000001, transmit_actions: 11, P: [0.46875, 0.0, 0.59375, 0.46875, 0.03125, 0.40625, 0.5625, 0.96875, 0.15625, 0.15625, 0.65625, 0.0, 0.59375, 0.21875, 0.90625, 0.15625, 0.875, 0.21875, 0.53125, 0.09375]
[TRAIN]: (470/1600): reward: -8.925741761922836, rates: 4.074258331915003, loss: 1.1259413141079073, rho: 0.4000000000000001, transmit_actions: 10, P: [0.9375, 0.5, 1.0, 0.875, 0.78125, 0.3125, 0.71875, 0.03125, 0.84375, 0.875, 0.4375, 0.09375, 0.96875, 0.59375, 0.125, 0.5, 0.6875, 0.0625, 0.3125, 0.90625]
[TRAIN]: (471/1600): reward: -1.1012070178985596, rates: 12.898792938536532, loss: 1.092507441667898, rho: 0.4000000000000001, transmit_actions: 7, P: [0.0625, 0.0625, 0.96875, 0.03125, 0.875, 0.25, 0.0625, 0.09375, 0.15625, 0.8125, 0.09375, 0.0625, 0.03125, 0.96875, 0.9375, 0.5, 0.5, 0.15625, 0.1875, 0.125]
[TRAIN]: (472/1600): reward: -6.5763771533966064, rates: 7.423622656183033, loss: 1.380777372779324, rho: 0.4000000000000001, transmit_actions: 9, P: [0.78125, 0.25, 0.78125, 0.15625, 0.40625, 0.71875, 0.5, 0.1875, 0.84375, 0.4375, 0.625, 0.15625, 0.125, 0.375, 0.75, 0.25, 0.34375, 0.9375, 0.9375, 0.5]
[TRAIN]: (473/1600): reward: -10.531973391771317, rates: 5.468026633261485, loss: 1.5222500643089394, rho: 0.4000000000000001, transmit_actions: 9, P: [0.4375, 1.0, 0.15625, 0.15625, 0.21875, 0.53125, 0.71875, 0.21875, 0.34375, 0.34375, 0.40625, 0.0, 0.75, 0.6875, 0.96875, 0.125, 0.34375, 0.75, 0.4375, 0.25]
[TRAIN]: (474/1600): reward: -10.387330532073975, rates: 4.612669232559356, loss: 1.237912069525045, rho: 0.4000000000000001, transmit_actions: 10, P: [0.625, 0.8125, 0.96875, 1.0, 0.9375, 0.0, 0.78125, 0.53125, 0.34375, 0.96875, 0.6875, 0.90625, 0.46875, 1.0, 0.5, 0.21875, 0.15625, 0.125, 0.03125, 0.375]
[TRAIN]: (475/1600): reward: -14.403703808784485, rates: 1.5962961533405144, loss: 1.3830996718193451, rho: 0.4000000000000001, transmit_actions: 7, P: [0.40625, 0.25, 0.25, 0.53125, 0.84375, 0.40625, 0.90625, 0.125, 0.28125, 0.0625, 0.34375, 0.96875, 0.78125, 0.71875, 0.53125, 0.6875, 0.75, 0.78125, 0.78125, 0.78125]
[TRAIN]: (476/1600): reward: -8.350763410329819, rates: 6.649236616732868, loss: 1.3412843606326414, rho: 0.4000000000000001, transmit_actions: 10, P: [0.1875, 0.0625, 0.84375, 0.3125, 0.84375, 0.71875, 0.0625, 0.5625, 0.5, 0.53125, 0.5625, 0.28125, 0.65625, 0.09375, 0.34375, 0.59375, 0.4375, 0.84375, 0.5, 0.59375]
[TRAIN]: (477/1600): reward: -9.493996530771255, rates: 5.506003513462024, loss: 1.26514397809247, rho: 0.4000000000000001, transmit_actions: 4, P: [0.53125, 0.78125, 0.625, 0.9375, 0.0, 0.65625, 0.875, 0.3125, 0.75, 0.09375, 0.03125, 0.71875, 0.46875, 0.5625, 0.59375, 0.03125, 0.4375, 0.8125, 0.625, 0.125]
[TRAIN]: (478/1600): reward: -15.0, rates: 0.0, loss: 1.2667694170500614, rho: 0.4000000000000001, transmit_actions: 8, P: [0.53125, 0.03125, 0.5, 0.0, 0.9375, 0.875, 0.125, 0.90625, 0.75, 0.21875, 0.71875, 0.5625, 0.71875, 0.6875, 0.9375, 0.59375, 0.28125, 0.5, 0.59375, 0.1875]
[TRAIN]: (479/1600): reward: -2.0263171792030334, rates: 11.97368252773855, loss: 1.3063014347405961, rho: 0.4000000000000001, transmit_actions: 11, P: [0.4375, 0.6875, 0.21875, 0.15625, 1.0, 0.6875, 0.0, 0.625, 0.09375, 0.75, 0.34375, 0.46875, 0.25, 0.4375, 0.1875, 0.34375, 0.28125, 0.9375, 0.5625, 0.75]
[TRAIN]: (480/1600): reward: -7.752933502197266, rates: 5.247066372254693, loss: 1.0666309248490164, rho: 0.4000000000000001, transmit_actions: 7, P: [0.84375, 0.71875, 0.53125, 0.46875, 0.96875, 0.53125, 0.9375, 0.28125, 0.0625, 0.84375, 0.71875, 0.6875, 0.40625, 0.625, 0.15625, 0.15625, 0.53125, 0.84375, 0.59375, 0.875]
[TRAIN]: (481/1600): reward: 15.471582800149918, rates: 25.471582874350652, loss: 1.1939517879552948, rho: 0.4000000000000001, transmit_actions: 10, P: [0.9375, 0.4375, 0.4375, 0.3125, 0.53125, 0.59375, 0.8125, 0.0, 0.90625, 0.71875, 0.375, 0.3125, 0.25, 0.5625, 0.3125, 0.59375, 0.125, 0.03125, 0.5, 0.46875]
[TRAIN]: (482/1600): reward: -15.869809865951538, rates: 0.13019013878439079, loss: 1.3771577790301128, rho: 0.4000000000000001, transmit_actions: 8, P: [0.3125, 0.3125, 0.75, 0.28125, 0.46875, 0.34375, 0.03125, 0.8125, 0.5625, 0.375, 0.25, 0.5625, 0.90625, 0.15625, 0.84375, 0.65625, 0.75, 0.65625, 0.1875, 0.53125]
[TRAIN]: (483/1600): reward: -8.081596285104752, rates: 6.918403524122582, loss: 1.4981962699437286, rho: 0.4000000000000001, transmit_actions: 11, P: [0.03125, 0.4375, 0.46875, 0.21875, 0.8125, 0.75, 0.4375, 0.84375, 0.3125, 0.65625, 0.5625, 0.21875, 0.8125, 0.5, 0.65625, 0.5625, 0.78125, 0.9375, 0.03125, 0.71875]
[TRAIN]: (484/1600): reward: -11.401551246643066, rates: 5.598448853897598, loss: 1.1156055508629472, rho: 0.4000000000000001, transmit_actions: 10, P: [0.0625, 0.5625, 0.28125, 0.78125, 0.65625, 0.78125, 0.8125, 0.8125, 0.65625, 0.21875, 0.375, 0.71875, 0.46875, 0.65625, 0.8125, 0.34375, 0.90625, 0.40625, 0.375, 0.75]
[TRAIN]: (485/1600): reward: -2.367518424987793, rates: 10.632481452529703, loss: 1.6295705347046225, rho: 0.4000000000000001, transmit_actions: 11, P: [0.25, 0.03125, 0.3125, 0.90625, 0.84375, 0.4375, 0.84375, 0.375, 0.875, 0.78125, 0.75, 0.09375, 0.78125, 0.96875, 0.71875, 0.25, 0.1875, 0.875, 0.0, 0.09375]
[TRAIN]: (486/1600): reward: -14.0, rates: 0, loss: 1.3829738010351473, rho: 0.4000000000000001, transmit_actions: 5, P: [0.09375, 0.21875, 0.6875, 0.4375, 0.65625, 1.0, 0.5, 0.625, 0.53125, 0.875, 0.9375, 0.6875, 0.78125, 0.875, 0.6875, 0.40625, 0.46875, 0.0625, 1.0, 0.46875]
[TRAIN]: (487/1600): reward: -11.054035678505898, rates: 4.945964238791851, loss: 1.1496564537795668, rho: 0.4000000000000001, transmit_actions: 14, P: [0.625, 0.3125, 1.0, 0.1875, 0.84375, 0.59375, 1.0, 0.75, 0.6875, 0.125, 0.4375, 0.1875, 0.34375, 0.78125, 0.78125, 0.53125, 0.0625, 0.28125, 1.0, 0.25]
[TRAIN]: (488/1600): reward: 4.334265470504761, rates: 16.33426501967567, loss: 1.2544247478101345, rho: 0.4000000000000001, transmit_actions: 9, P: [0.28125, 1.0, 0.5625, 0.75, 0.3125, 0.9375, 0.125, 0.96875, 0.09375, 0.0625, 0.15625, 0.6875, 0.34375, 0.65625, 0.375, 0.15625, 0.65625, 0.0625, 0.65625, 0.6875]
[TRAIN]: (489/1600): reward: -6.418102741241455, rates: 6.581897359794118, loss: 1.4666992741546008, rho: 0.4000000000000001, transmit_actions: 8, P: [0.46875, 0.6875, 0.75, 1.0, 0.0, 0.65625, 0.96875, 0.75, 0.65625, 0.71875, 1.0, 0.71875, 0.59375, 0.71875, 0.46875, 0.59375, 0.9375, 0.53125, 0.96875, 0.1875]
[TRAIN]: (490/1600): reward: -15.0, rates: 0.0, loss: 1.1739070568844294, rho: 0.4000000000000001, transmit_actions: 11, P: [0.6875, 0.9375, 0.59375, 0.25, 0.71875, 0.71875, 0.65625, 0.125, 0.3125, 0.75, 0.09375, 0.75, 0.78125, 0.5, 0.34375, 0.9375, 0.0, 0.75, 0.71875, 0.40625]
[TRAIN]: (491/1600): reward: -6.638849556446075, rates: 4.361150328439893, loss: 1.1965798737163997, rho: 0.4000000000000001, transmit_actions: 15, P: [0.1875, 1.0, 0.4375, 0.25, 0.40625, 0.9375, 0.46875, 0.0, 0.78125, 0.75, 0.84375, 0.0, 0.59375, 0.96875, 0.78125, 1.0, 0.5, 0.90625, 0.1875, 0.71875]
[TRAIN]: (492/1600): reward: -0.5977611243724823, rates: 9.402238968061422, loss: 1.2338225619808343, rho: 0.4000000000000001, transmit_actions: 6, P: [0.5625, 0.53125, 0.375, 0.0, 0.90625, 0.46875, 0.4375, 0.21875, 1.0, 0.71875, 0.125, 0.09375, 0.96875, 0.3125, 0.25, 0.40625, 0.5, 0.28125, 0.875, 0.09375]
[TRAIN]: (493/1600): reward: -17.773623436689377, rates: 0.22637656107746146, loss: 1.473689237393279, rho: 0.4000000000000001, transmit_actions: 7, P: [0.625, 0.125, 0.28125, 0.375, 0.65625, 0.15625, 0.125, 0.46875, 0.5, 0.34375, 0.0625, 0.71875, 0.125, 0.6875, 0.5625, 0.75, 0.53125, 0.3125, 0.53125, 0.90625]
[TRAIN]: (494/1600): reward: -2.7549768686294556, rates: 10.245023420382886, loss: 1.4810734389993672, rho: 0.4000000000000001, transmit_actions: 13, P: [0.9375, 0.0, 0.28125, 0.90625, 0.15625, 0.875, 0.3125, 0.6875, 0.78125, 0.875, 0.03125, 0.3125, 0.75, 0.15625, 0.875, 0.25, 0.78125, 0.53125, 0.21875, 0.0]
[TRAIN]: (495/1600): reward: -5.022923469543457, rates: 9.977076500417226, loss: 1.4830728518308667, rho: 0.4000000000000001, transmit_actions: 13, P: [0.96875, 1.0, 0.59375, 0.0, 0.9375, 0.5625, 0.5, 0.125, 0.78125, 0.5, 0.28125, 0.0, 0.4375, 0.03125, 0.0625, 0.0, 0.46875, 0.71875, 0.75, 0.9375]
[TRAIN]: (496/1600): reward: -9.812400341033936, rates: 5.187599473091507, loss: 1.4120901293402917, rho: 0.4000000000000001, transmit_actions: 9, P: [0.40625, 0.78125, 0.5, 0.5, 0.53125, 0.375, 0.5, 0.03125, 0.1875, 0.625, 0.65625, 0.5625, 0.75, 0.1875, 0.46875, 0.75, 0.78125, 0.40625, 0.25, 0.90625]
[TRAIN]: (497/1600): reward: -9.219110377132893, rates: 5.780889525653794, loss: 1.244652977702211, rho: 0.4000000000000001, transmit_actions: 7, P: [0.09375, 0.59375, 0.3125, 0.34375, 0.90625, 0.15625, 0.75, 0.9375, 0.09375, 0.5625, 0.25, 0.375, 0.34375, 0.0, 0.78125, 0.125, 0.40625, 0.34375, 0.53125, 0.53125]
[TRAIN]: (498/1600): reward: -14.012685112655163, rates: 0.9873148994526273, loss: 1.1882652230957855, rho: 0.4000000000000001, transmit_actions: 10, P: [0.09375, 0.90625, 0.375, 0.03125, 0.6875, 0.375, 0.96875, 0.5625, 0.1875, 0.0625, 0.875, 0.1875, 0.375, 0.125, 0.34375, 0.78125, 0.21875, 0.59375, 0.46875, 0.4375]
[TRAIN]: (499/1600): reward: 5.1176478266716, rates: 15.117647734453449, loss: 1.5572357301480058, rho: 0.4000000000000001, transmit_actions: 11, P: [0.5, 1.0, 0.53125, 0.6875, 0.625, 0.5, 0.5625, 0.71875, 0.9375, 0.3125, 0.5625, 0.65625, 0.75, 0.65625, 0.03125, 0.09375, 0.53125, 0.96875, 0.40625, 0.78125]
[TRAIN]: (500/1600): reward: 5.226811757311225, rates: 15.226811891864926, loss: 1.2018979777285375, rho: 0.4000000000000001, transmit_actions: 10, P: [0.6875, 0.09375, 0.4375, 0.9375, 0.8125, 0.84375, 0.03125, 0.21875, 0.0, 0.53125, 0.75, 0.3125, 0.65625, 0.53125, 0.4375, 0.78125, 0.09375, 0.15625, 0.0625, 0.65625]
[TRAIN]: (501/1600): reward: 2.37977534532547, rates: 15.379775639935563, loss: 1.2236570786343302, rho: 0.4000000000000001, transmit_actions: 10, P: [0.09375, 0.1875, 0.34375, 0.03125, 0.46875, 0.4375, 0.625, 0.1875, 0.96875, 0.875, 0.46875, 0.34375, 0.6875, 0.96875, 0.25, 0.09375, 0.1875, 0.1875, 0.5, 0.78125]
[TRAIN]: (502/1600): reward: 0.7179913856089115, rates: 13.71799122341328, loss: 0.9750301572801254, rho: 0.4000000000000001, transmit_actions: 10, P: [0.0625, 0.3125, 0.3125, 0.21875, 0.96875, 0.25, 0.375, 0.84375, 0.21875, 0.96875, 0.5625, 0.0, 0.53125, 0.1875, 0.0625, 0.28125, 0.09375, 0.0, 0.40625, 0.5625]
[TRAIN]: (503/1600): reward: -16.0, rates: 0, loss: 1.0595017669388858, rho: 0.4000000000000001, transmit_actions: 10, P: [0.625, 0.125, 0.71875, 1.0, 0.6875, 0.0, 0.5625, 0.78125, 0.5625, 0.5625, 0.875, 0.46875, 0.03125, 0.4375, 0.40625, 0.34375, 0.28125, 0.78125, 0.8125, 0.875]
[TRAIN]: (504/1600): reward: 9.736410319805145, rates: 18.736410073156858, loss: 1.1820112433304528, rho: 0.4000000000000001, transmit_actions: 15, P: [0.0, 0.1875, 0.03125, 0.875, 0.28125, 0.5, 0.8125, 0.5625, 0.15625, 0.9375, 0.09375, 0.15625, 0.25, 0.15625, 0.9375, 0.40625, 0.84375, 0.1875, 0.125, 0.9375]
[TRAIN]: (505/1600): reward: -5.6757612228393555, rates: 8.324238654754687, loss: 1.3238438249926638, rho: 0.4000000000000001, transmit_actions: 7, P: [0.8125, 0.6875, 0.625, 0.96875, 0.5, 0.40625, 0.5625, 0.71875, 0.65625, 0.59375, 0.03125, 0.1875, 0.53125, 0.8125, 0.09375, 0.53125, 0.28125, 0.875, 0.53125, 0.125]
[TRAIN]: (506/1600): reward: 1.9452441148459911, rates: 13.945244086963925, loss: 1.517199842638697, rho: 0.4000000000000001, transmit_actions: 12, P: [0.6875, 0.96875, 0.15625, 0.25, 0.09375, 0.96875, 0.125, 1.0, 0.0625, 0.625, 0.59375, 0.15625, 0.65625, 0.09375, 0.09375, 0.40625, 0.34375, 0.46875, 0.15625, 0.8125]
[TRAIN]: (507/1600): reward: 2.033939216285944, rates: 13.03393937681583, loss: 1.2671353465823887, rho: 0.4000000000000001, transmit_actions: 11, P: [0.375, 0.1875, 0.90625, 0.1875, 0.875, 0.5, 0.5625, 0.21875, 0.71875, 0.0625, 0.40625, 0.1875, 0.21875, 1.0, 0.09375, 0.09375, 0.96875, 0.5625, 0.0625, 0.09375]
[TRAIN]: (508/1600): reward: 15.37454840913415, rates: 24.37454791574823, loss: 1.232334990496748, rho: 0.4000000000000001, transmit_actions: 16, P: [0.28125, 0.21875, 0.1875, 0.0, 0.5, 0.6875, 0.0, 0.90625, 0.25, 0.21875, 0.25, 0.65625, 0.09375, 0.03125, 0.09375, 0.09375, 0.53125, 0.9375, 0.09375, 0.03125]
[TRAIN]: (509/1600): reward: -1.6014902517199516, rates: 9.398509694636108, loss: 1.244282382788525, rho: 0.4000000000000001, transmit_actions: 11, P: [0.0625, 0.5625, 0.15625, 0.5, 0.65625, 0.125, 0.34375, 0.65625, 0.125, 0.09375, 0.875, 0.40625, 0.65625, 0.65625, 0.1875, 0.875, 0.84375, 0.21875, 0.0625, 0.0625]
[TRAIN]: (510/1600): reward: -8.176743634045124, rates: 5.82325631569448, loss: 1.221517823732216, rho: 0.4000000000000001, transmit_actions: 12, P: [0.15625, 0.28125, 0.84375, 0.28125, 0.09375, 0.6875, 0.875, 0.28125, 0.15625, 0.28125, 0.5625, 0.625, 0.0, 0.09375, 0.21875, 0.78125, 0.71875, 0.0, 0.78125, 0.09375]
[TRAIN]: (511/1600): reward: -1.6780341267585754, rates: 11.321965635140895, loss: 1.3132243767893508, rho: 0.4000000000000001, transmit_actions: 12, P: [0.8125, 0.125, 0.96875, 0.34375, 0.0625, 0.15625, 0.09375, 0.125, 0.03125, 0.75, 0.71875, 0.78125, 0.03125, 0.09375, 0.75, 0.5, 0.78125, 0.65625, 0.75, 0.03125]
[TRAIN]: (512/1600): reward: 9.257000334560871, rates: 19.256999954382664, loss: 1.3036080805203099, rho: 0.4000000000000001, transmit_actions: 11, P: [0.78125, 0.21875, 0.84375, 0.15625, 0.21875, 0.59375, 0.125, 0.53125, 0.46875, 0.125, 0.59375, 0.875, 0.09375, 0.21875, 0.875, 0.125, 0.09375, 0.09375, 0.09375, 0.65625]
[TRAIN]: (513/1600): reward: 22.28935346007347, rates: 33.289353426382576, loss: 1.347419439941133, rho: 0.4000000000000001, transmit_actions: 14, P: [0.90625, 0.5, 0.78125, 0.59375, 0.875, 0.03125, 0.5625, 0.15625, 0.0625, 0.25, 0.125, 0.6875, 0.5625, 0.15625, 0.3125, 0.0625, 0.15625, 0.375, 0.21875, 0.125]
[TRAIN]: (514/1600): reward: 10.539528124034405, rates: 20.53952763582388, loss: 1.1587745558207099, rho: 0.4000000000000001, transmit_actions: 9, P: [0.5, 0.46875, 0.40625, 0.34375, 0.125, 0.15625, 0.65625, 0.15625, 0.53125, 0.21875, 0.9375, 0.40625, 0.09375, 0.90625, 0.0, 0.71875, 0.15625, 0.28125, 0.125, 0.96875]
[TRAIN]: (515/1600): reward: 3.412310466170311, rates: 15.412310276460836, loss: 1.3060635599262427, rho: 0.4000000000000001, transmit_actions: 14, P: [0.15625, 0.90625, 0.09375, 0.34375, 0.21875, 0.125, 0.28125, 0.8125, 0.21875, 0.0625, 0.28125, 0.375, 0.6875, 0.75, 0.625, 0.0625, 0.75, 0.40625, 0.15625, 0.09375]
[TRAIN]: (516/1600): reward: 2.932127555832267, rates: 15.932127811200324, loss: 1.440400058729556, rho: 0.4000000000000001, transmit_actions: 11, P: [0.15625, 1.0, 0.65625, 0.75, 0.5625, 0.15625, 0.125, 0.75, 0.0, 0.5, 0.8125, 0.0625, 0.25, 0.78125, 0.28125, 0.15625, 0.3125, 0.5625, 0.09375, 0.625]
[TRAIN]: (517/1600): reward: 5.339525174349546, rates: 15.339525375441797, loss: 1.4117916458359387, rho: 0.4000000000000001, transmit_actions: 13, P: [0.625, 1.0, 0.15625, 0.09375, 0.125, 0.15625, 0.0625, 0.53125, 0.71875, 0.09375, 0.4375, 0.09375, 0.1875, 0.15625, 0.96875, 0.6875, 0.09375, 0.09375, 0.34375, 0.8125]
[TRAIN]: (518/1600): reward: 23.44649787247181, rates: 31.446497862480044, loss: 1.1707493013537775, rho: 0.4000000000000001, transmit_actions: 16, P: [0.6875, 0.34375, 0.125, 0.375, 0.75, 0.125, 0.46875, 0.53125, 0.09375, 0.15625, 0.0625, 0.09375, 0.09375, 0.75, 0.0625, 0.375, 0.0625, 0.25, 0.09375, 0.9375]
[TRAIN]: (519/1600): reward: 16.82656865939498, rates: 23.826568465212226, loss: 1.4413079177039083, rho: 0.4000000000000001, transmit_actions: 18, P: [0.28125, 0.125, 0.15625, 0.15625, 0.15625, 0.125, 0.09375, 0.125, 0.125, 0.125, 0.53125, 0.15625, 1.0, 0.8125, 0.09375, 0.53125, 0.15625, 0.25, 0.8125, 0.15625]
[TRAIN]: (520/1600): reward: 21.04838541150093, rates: 30.04838553097573, loss: 1.1770014350283258, rho: 0.4000000000000001, transmit_actions: 17, P: [0.15625, 0.03125, 0.59375, 0.78125, 0.71875, 0.125, 0.15625, 0.59375, 0.125, 0.375, 0.21875, 0.09375, 0.9375, 0.0625, 0.09375, 0.8125, 0.15625, 0.4375, 0.53125, 0.09375]
[TRAIN]: (521/1600): reward: 3.5749086812138557, rates: 13.57490858412238, loss: 1.4628231455160727, rho: 0.4000000000000001, transmit_actions: 15, P: [0.15625, 0.03125, 0.1875, 0.4375, 0.125, 0.15625, 0.15625, 0.125, 0.46875, 0.46875, 0.875, 0.53125, 0.8125, 0.96875, 0.0625, 0.375, 0.53125, 0.09375, 0.3125, 0.15625]
[TRAIN]: (522/1600): reward: 8.742903411388397, rates: 20.742903477434396, loss: 1.2185098098893978, rho: 0.4000000000000001, transmit_actions: 13, P: [0.15625, 0.96875, 0.3125, 0.125, 0.15625, 0.8125, 0.09375, 0.0625, 0.25, 0.09375, 0.125, 0.75, 0.09375, 0.09375, 0.53125, 0.3125, 0.09375, 0.28125, 0.40625, 0.9375]
[TRAIN]: (523/1600): reward: 29.96142452955246, rates: 35.961424476906146, loss: 1.0322196262392902, rho: 0.4000000000000001, transmit_actions: 15, P: [0.625, 0.53125, 0.59375, 0.1875, 0.125, 0.3125, 0.0625, 0.1875, 1.0, 0.15625, 0.125, 0.09375, 0.15625, 0.09375, 0.5625, 0.09375, 0.09375, 0.09375, 0.90625, 0.09375]
[TRAIN]: (524/1600): reward: 25.170214253477752, rates: 33.170213655332624, loss: 1.2740760864606375, rho: 0.4000000000000001, transmit_actions: 17, P: [0.0625, 0.65625, 0.5625, 0.75, 1.0, 0.09375, 0.46875, 0.0625, 0.65625, 0.0625, 0.28125, 0.0625, 0.0625, 0.15625, 0.90625, 0.875, 0.15625, 0.09375, 0.15625, 0.125]
[TRAIN]: (525/1600): reward: 31.221873834729195, rates: 39.221874567677446, loss: 1.1721137432174846, rho: 0.4000000000000001, transmit_actions: 17, P: [0.15625, 0.125, 0.15625, 0.75, 0.5625, 0.46875, 0.875, 0.0625, 0.3125, 0.15625, 0.15625, 0.46875, 0.71875, 0.15625, 0.09375, 0.0625, 0.09375, 0.09375, 0.09375, 0.09375]
[TRAIN]: (526/1600): reward: 34.056738927960396, rates: 40.05673939210636, loss: 1.4664781207740791, rho: 0.4000000000000001, transmit_actions: 15, P: [0.84375, 0.1875, 0.9375, 0.125, 0.0625, 0.15625, 0.15625, 0.71875, 0.5, 0.75, 0.15625, 0.09375, 0.09375, 0.375, 0.15625, 0.75, 1.0, 0.15625, 0.15625, 0.15625]
[TRAIN]: (527/1600): reward: 13.260956689715385, rates: 23.260956887542434, loss: 1.1769185890523408, rho: 0.4000000000000001, transmit_actions: 14, P: [0.5625, 0.34375, 0.09375, 0.21875, 0.15625, 0.34375, 0.0625, 0.5, 0.15625, 0.125, 0.46875, 0.8125, 0.09375, 0.15625, 0.15625, 0.25, 0.15625, 0.15625, 0.15625, 0.59375]
[TRAIN]: (528/1600): reward: 21.933448776602745, rates: 28.933448722087903, loss: 1.2624551324752917, rho: 0.4000000000000001, transmit_actions: 15, P: [0.3125, 0.625, 0.125, 0.34375, 0.65625, 0.25, 0.125, 0.15625, 0.25, 0.78125, 0.125, 0.34375, 0.15625, 0.09375, 0.0625, 0.96875, 0.09375, 0.09375, 0.875, 0.9375]
[TRAIN]: (529/1600): reward: 20.947911128401756, rates: 29.947911788443186, loss: 1.3610343708922665, rho: 0.4000000000000001, transmit_actions: 15, P: [0.15625, 0.15625, 0.25, 0.4375, 0.375, 0.125, 0.25, 0.125, 0.0625, 0.21875, 0.96875, 0.09375, 0.15625, 0.15625, 0.15625, 0.15625, 0.15625, 0.59375, 0.15625, 0.15625]
[TRAIN]: (530/1600): reward: 37.163675621151924, rates: 44.16367547044434, loss: 1.211578161230408, rho: 0.4000000000000001, transmit_actions: 17, P: [0.40625, 0.15625, 0.28125, 0.1875, 0.90625, 0.0625, 0.4375, 0.15625, 0.125, 0.21875, 0.125, 0.4375, 0.09375, 0.15625, 0.09375, 0.125, 0.15625, 0.09375, 0.3125, 0.15625]
[TRAIN]: (531/1600): reward: 7.989718988537788, rates: 15.989719329020689, loss: 1.3232660536079917, rho: 0.4000000000000001, transmit_actions: 15, P: [0.15625, 0.8125, 0.875, 0.15625, 0.53125, 0.15625, 0.15625, 0.125, 0.78125, 0.15625, 0.0625, 0.59375, 0.15625, 0.15625, 0.09375, 0.78125, 0.6875, 0.03125, 0.0, 0.96875]
[TRAIN]: (532/1600): reward: 11.012265879660845, rates: 19.012265892150165, loss: 1.30245820643739, rho: 0.4000000000000001, transmit_actions: 15, P: [0.15625, 0.125, 0.0625, 0.1875, 0.21875, 0.125, 0.78125, 0.09375, 0.84375, 0.21875, 0.59375, 0.0625, 0.21875, 0.15625, 0.875, 0.1875, 0.375, 0.625, 0.09375, 0.09375]
[TRAIN]: (533/1600): reward: 28.90025043487549, rates: 33.90025034791418, loss: 1.4884557930370903, rho: 0.4000000000000001, transmit_actions: 18, P: [0.15625, 0.15625, 0.8125, 0.15625, 0.125, 0.15625, 0.125, 0.65625, 0.3125, 0.125, 0.15625, 0.15625, 0.15625, 0.09375, 0.09375, 0.15625, 1.0, 0.09375, 0.625, 0.84375]
[TRAIN]: (534/1600): reward: 18.94477043300867, rates: 24.944770516937528, loss: 1.5694073296247537, rho: 0.4000000000000001, transmit_actions: 14, P: [0.15625, 0.53125, 0.0625, 0.15625, 0.15625, 0.875, 0.40625, 0.25, 0.125, 0.40625, 0.0625, 0.125, 0.4375, 0.125, 0.0625, 0.0625, 0.09375, 0.09375, 0.75, 0.90625]
[TRAIN]: (535/1600): reward: 19.28173078596592, rates: 26.28173118514341, loss: 1.240054894105674, rho: 0.4000000000000001, transmit_actions: 16, P: [0.125, 0.0625, 0.125, 0.15625, 0.75, 0.125, 0.75, 0.0625, 0.71875, 0.125, 0.125, 0.65625, 0.5625, 0.53125, 0.96875, 0.5, 0.15625, 0.15625, 0.96875, 0.15625]
[TRAIN]: (536/1600): reward: 30.296813495457172, rates: 36.29681279510373, loss: 1.4394660700281676, rho: 0.4000000000000001, transmit_actions: 18, P: [0.3125, 0.125, 0.125, 0.125, 0.03125, 0.125, 0.15625, 0.21875, 0.125, 0.65625, 0.15625, 0.75, 0.15625, 0.0625, 0.3125, 0.0625, 0.15625, 0.15625, 0.09375, 0.15625]
[TRAIN]: (537/1600): reward: 37.342973589897156, rates: 42.34297372931958, loss: 1.309826246367027, rho: 0.4000000000000001, transmit_actions: 18, P: [0.1875, 0.125, 0.125, 0.125, 0.15625, 0.71875, 0.46875, 0.0625, 0.71875, 0.21875, 0.125, 0.15625, 0.875, 0.09375, 0.09375, 0.09375, 0.09375, 0.40625, 0.03125, 0.09375]
[TRAIN]: (538/1600): reward: 16.994754761457443, rates: 24.9947550626849, loss: 1.2882843840176845, rho: 0.4000000000000001, transmit_actions: 15, P: [0.15625, 0.21875, 0.21875, 0.21875, 0.46875, 0.15625, 0.09375, 0.125, 0.125, 0.21875, 0.125, 0.75, 0.8125, 0.6875, 0.09375, 0.0625, 0.40625, 0.0, 0.125, 0.4375]
[TRAIN]: (539/1600): reward: 30.933356568217278, rates: 34.93335642678652, loss: 1.0703233284204896, rho: 0.4000000000000001, transmit_actions: 19, P: [0.15625, 0.15625, 0.15625, 0.125, 0.125, 0.21875, 0.125, 0.125, 0.125, 0.125, 0.1875, 0.15625, 0.15625, 0.0, 0.15625, 0.09375, 0.0625, 0.09375, 0.25, 0.09375]
[TRAIN]: (540/1600): reward: 34.76658425480127, rates: 39.76658427814223, loss: 1.3295744820887998, rho: 0.4000000000000001, transmit_actions: 18, P: [0.15625, 0.5, 0.125, 0.21875, 0.6875, 0.375, 0.125, 0.53125, 0.125, 0.125, 0.125, 0.09375, 0.09375, 0.96875, 0.09375, 0.09375, 0.125, 0.15625, 0.09375, 0.46875]
[TRAIN]: (541/1600): reward: 27.66382694989443, rates: 33.663827193058005, loss: 1.3463210297356505, rho: 0.4000000000000001, transmit_actions: 17, P: [0.625, 0.125, 0.28125, 0.6875, 0.125, 0.125, 0.15625, 0.15625, 0.84375, 0.125, 0.34375, 0.0625, 0.09375, 0.0625, 0.125, 0.0625, 0.46875, 0.09375, 0.09375, 0.1875]
[TRAIN]: (542/1600): reward: 34.18874089419842, rates: 41.1887416192474, loss: 1.470545881027973, rho: 0.4000000000000001, transmit_actions: 15, P: [0.34375, 0.84375, 0.15625, 0.15625, 0.5, 0.125, 0.625, 0.125, 0.53125, 0.0, 0.125, 0.125, 0.96875, 0.09375, 0.125, 0.125, 0.15625, 0.0625, 0.1875, 0.09375]
[TRAIN]: (543/1600): reward: 23.36266478896141, rates: 29.362664489565798, loss: 1.3791843339249081, rho: 0.4000000000000001, transmit_actions: 17, P: [0.15625, 0.4375, 0.125, 0.125, 0.65625, 0.21875, 0.125, 0.1875, 0.46875, 0.21875, 0.125, 0.1875, 0.09375, 0.375, 0.9375, 0.09375, 0.15625, 0.71875, 0.125, 0.53125]
[TRAIN]: (544/1600): reward: 28.95009621977806, rates: 32.95009615244639, loss: 1.334519071771204, rho: 0.4000000000000001, transmit_actions: 17, P: [0.15625, 0.09375, 0.15625, 0.125, 0.125, 0.125, 0.125, 0.78125, 0.15625, 0.125, 0.15625, 0.40625, 0.1875, 0.09375, 0.09375, 0.0625, 0.0625, 0.15625, 0.1875, 0.375]
[TRAIN]: (545/1600): reward: 27.361641198396683, rates: 34.36164091154619, loss: 1.408355390415869, rho: 0.4000000000000001, transmit_actions: 17, P: [0.15625, 0.125, 0.15625, 0.125, 0.15625, 0.21875, 0.125, 0.21875, 0.15625, 0.5625, 0.125, 0.5625, 0.0625, 0.0625, 0.1875, 0.0625, 0.09375, 0.71875, 0.09375, 0.15625]
[TRAIN]: (546/1600): reward: 41.82244638353586, rates: 46.82244723434841, loss: 1.2443988421429046, rho: 0.4000000000000001, transmit_actions: 18, P: [0.15625, 0.15625, 0.125, 0.6875, 0.125, 0.125, 0.125, 0.75, 0.65625, 0.125, 0.125, 0.125, 0.15625, 0.15625, 0.125, 0.125, 0.125, 0.3125, 0.09375, 0.125]
[TRAIN]: (547/1600): reward: 33.74622409045696, rates: 37.74622398407455, loss: 1.3505820511072446, rho: 0.4000000000000001, transmit_actions: 17, P: [0.15625, 0.125, 0.0, 0.125, 0.40625, 0.125, 0.53125, 0.125, 0.21875, 0.125, 0.125, 0.09375, 0.125, 0.6875, 0.09375, 0.25, 0.09375, 0.09375, 0.15625, 0.15625]
[TRAIN]: (548/1600): reward: 30.319613609462976, rates: 36.319613000189456, loss: 1.382578362668573, rho: 0.4000000000000001, transmit_actions: 17, P: [0.15625, 0.15625, 0.46875, 0.125, 0.15625, 0.21875, 0.125, 0.1875, 0.40625, 0.125, 0.125, 0.125, 0.125, 0.125, 0.0625, 0.15625, 0.125, 0.125, 0.09375, 0.125]
[TRAIN]: (549/1600): reward: 24.025481782853603, rates: 30.025481815397146, loss: 1.035589581760043, rho: 0.4000000000000001, transmit_actions: 17, P: [0.15625, 0.125, 0.34375, 0.15625, 0.125, 0.875, 0.125, 0.125, 0.6875, 0.125, 0.5, 0.875, 0.09375, 0.09375, 0.125, 0.09375, 0.9375, 0.09375, 0.15625, 0.09375]
[TRAIN]: (550/1600): reward: 48.30680758878589, rates: 50.306807206131396, loss: 1.4062639677620998, rho: 0.4000000000000001, transmit_actions: 20, P: [0.15625, 0.125, 0.125, 0.125, 0.15625, 0.46875, 0.125, 0.125, 0.21875, 0.125, 0.125, 0.0625, 0.15625, 0.125, 0.15625, 0.0625, 0.125, 0.09375, 0.15625, 0.125]
[TRAIN]: (551/1600): reward: 34.22969400882721, rates: 40.229694481344296, loss: 1.566173527890424, rho: 0.4000000000000001, transmit_actions: 20, P: [0.15625, 0.6875, 0.34375, 0.84375, 0.125, 0.125, 0.15625, 0.125, 0.125, 0.125, 1.0, 0.15625, 0.15625, 0.15625, 0.0625, 0.375, 0.09375, 0.125, 0.0625, 0.125]
[TRAIN]: (552/1600): reward: 47.29252657480538, rates: 49.29252637462734, loss: 1.1429787148979484, rho: 0.4000000000000001, transmit_actions: 20, P: [0.15625, 0.125, 0.15625, 0.125, 0.125, 0.21875, 0.125, 0.125, 0.34375, 0.125, 0.125, 0.15625, 0.125, 0.125, 0.125, 0.09375, 0.15625, 0.125, 0.15625, 0.125]
[TRAIN]: (553/1600): reward: 40.23645894229412, rates: 45.236459362971225, loss: 1.1462308093572804, rho: 0.4000000000000001, transmit_actions: 18, P: [0.15625, 0.125, 0.21875, 0.15625, 0.125, 0.125, 0.125, 0.125, 0.21875, 0.15625, 0.125, 0.0625, 0.09375, 0.15625, 0.125, 0.34375, 0.0625, 0.125, 0.15625, 0.15625]
[TRAIN]: (554/1600): reward: 33.704472600482404, rates: 37.704472243533466, loss: 1.409910820873909, rho: 0.4000000000000001, transmit_actions: 18, P: [0.15625, 0.34375, 0.125, 0.21875, 0.125, 0.34375, 0.125, 0.125, 0.125, 0.125, 0.125, 0.15625, 0.53125, 0.125, 0.15625, 0.15625, 0.125, 0.0625, 0.09375, 0.09375]
[TRAIN]: (555/1600): reward: 31.809602916240692, rates: 39.80960360481678, loss: 1.3723920726108498, rho: 0.4000000000000001, transmit_actions: 15, P: [0.15625, 0.8125, 0.125, 0.125, 0.125, 0.0, 0.15625, 0.125, 0.125, 0.3125, 0.125, 0.75, 0.15625, 0.65625, 0.09375, 0.09375, 0.09375, 0.15625, 0.15625, 0.15625]
[TRAIN]: (556/1600): reward: 26.628496788442135, rates: 33.628496215483686, loss: 1.356681157264859, rho: 0.4000000000000001, transmit_actions: 16, P: [0.15625, 0.15625, 0.15625, 0.3125, 0.15625, 0.15625, 0.125, 0.15625, 0.125, 0.21875, 0.15625, 0.15625, 0.09375, 0.4375, 0.125, 0.34375, 0.46875, 0.0625, 0.0625, 0.09375]
[TRAIN]: (557/1600): reward: 36.043424390256405, rates: 41.043424092199736, loss: 1.2615678689772738, rho: 0.4000000000000001, transmit_actions: 16, P: [0.15625, 0.15625, 0.21875, 0.15625, 0.15625, 0.15625, 0.125, 0.6875, 0.15625, 0.875, 0.125, 0.3125, 0.15625, 0.15625, 0.15625, 0.15625, 0.15625, 0.96875, 0.09375, 0.09375]
[TRAIN]: (558/1600): reward: 27.65165901184082, rates: 34.651659014763595, loss: 1.3199596111402487, rho: 0.4000000000000001, transmit_actions: 15, P: [0.15625, 0.03125, 0.34375, 0.34375, 0.15625, 0.0625, 0.125, 0.875, 0.125, 0.125, 0.9375, 0.15625, 0.15625, 0.75, 0.09375, 0.15625, 0.15625, 0.15625, 0.15625, 0.65625]
[TRAIN]: (559/1600): reward: 24.14566809684038, rates: 30.145667749060173, loss: 1.1510327575303383, rho: 0.4000000000000001, transmit_actions: 16, P: [0.25, 0.125, 1.0, 0.125, 0.125, 0.0, 0.125, 0.125, 0.125, 0.15625, 1.0, 0.09375, 0.0625, 0.34375, 0.09375, 0.125, 0.125, 0.09375, 0.5, 0.71875]
[TRAIN]: (560/1600): reward: 26.659428134560585, rates: 33.65942842348289, loss: 1.422320516793194, rho: 0.4000000000000001, transmit_actions: 19, P: [0.15625, 0.125, 0.15625, 0.125, 0.125, 0.125, 0.125, 0.125, 0.125, 0.15625, 0.46875, 0.09375, 0.125, 0.3125, 0.0625, 0.125, 0.15625, 0.09375, 0.15625, 0.4375]
[TRAIN]: (561/1600): reward: 37.286358058452606, rates: 42.28635809375707, loss: 1.3955032922169435, rho: 0.4000000000000001, transmit_actions: 19, P: [0.15625, 0.125, 0.125, 0.125, 0.15625, 0.125, 0.125, 0.125, 0.125, 0.40625, 0.125, 0.09375, 0.0625, 0.09375, 0.09375, 0.0625, 0.15625, 0.15625, 0.09375, 0.15625]
[TRAIN]: (562/1600): reward: 30.121750224381685, rates: 35.121750134118, loss: 1.2796828050829316, rho: 0.4000000000000001, transmit_actions: 19, P: [0.15625, 0.125, 0.125, 0.125, 0.125, 0.125, 0.125, 0.125, 0.125, 0.125, 0.0625, 0.09375, 0.0625, 0.125, 0.09375, 0.5625, 0.15625, 0.125, 0.15625, 0.15625]
[TRAIN]: (563/1600): reward: 41.22528411448002, rates: 44.225284111034554, loss: 1.535289735068691, rho: 0.4000000000000001, transmit_actions: 20, P: [0.21875, 0.125, 0.125, 0.125, 0.125, 0.125, 0.125, 0.125, 0.96875, 0.125, 0.125, 0.125, 0.0625, 0.125, 0.125, 0.09375, 0.15625, 0.15625, 0.09375, 0.15625]
[TRAIN]: (564/1600): reward: 29.999915547668934, rates: 35.99991535586903, loss: 1.4525723954588945, rho: 0.4000000000000001, transmit_actions: 18, P: [0.15625, 0.21875, 1.0, 0.125, 0.125, 0.125, 0.15625, 0.21875, 0.78125, 0.125, 0.125, 0.15625, 0.5625, 0.15625, 0.21875, 0.09375, 0.0625, 0.09375, 0.09375, 0.125]
[TRAIN]: (565/1600): reward: 36.22334857285023, rates: 40.22334818424124, loss: 1.2643810188929328, rho: 0.4000000000000001, transmit_actions: 19, P: [0.15625, 0.125, 0.125, 0.15625, 0.21875, 0.3125, 0.125, 0.125, 0.125, 0.125, 0.125, 0.09375, 0.15625, 0.09375, 0.09375, 0.125, 0.15625, 0.0625, 0.15625, 0.6875]
[TRAIN]: (566/1600): reward: 33.92521324008703, rates: 38.925213124299454, loss: 1.3674390431765762, rho: 0.4000000000000001, transmit_actions: 18, P: [0.15625, 0.09375, 0.125, 0.125, 0.21875, 0.5, 0.125, 0.125, 0.125, 0.125, 0.125, 0.09375, 0.15625, 0.15625, 0.0625, 0.15625, 0.15625, 0.125, 0.0625, 0.125]
[TRAIN]: (567/1600): reward: 39.15825525671244, rates: 43.15825488301047, loss: 1.065675095455347, rho: 0.4000000000000001, transmit_actions: 19, P: [0.15625, 0.34375, 0.125, 0.125, 0.125, 0.15625, 0.125, 0.125, 0.15625, 0.125, 0.125, 0.09375, 0.15625, 0.09375, 0.09375, 0.6875, 0.09375, 0.09375, 0.0625, 0.09375]
[TRAIN]: (568/1600): reward: 37.94142268225551, rates: 39.94142305076826, loss: 1.3746205399248208, rho: 0.4000000000000001, transmit_actions: 19, P: [0.15625, 0.15625, 0.125, 0.125, 0.125, 0.15625, 0.125, 0.15625, 0.125, 0.90625, 0.125, 0.125, 0.125, 0.09375, 0.09375, 0.625, 0.0625, 0.09375, 0.09375, 0.15625]
[TRAIN]: (569/1600): reward: 45.7284198962152, rates: 46.728420256013294, loss: 1.193245676448883, rho: 0.4000000000000001, transmit_actions: 18, P: [0.6875, 0.125, 0.125, 0.0625, 0.28125, 0.125, 0.125, 0.125, 0.125, 0.125, 0.125, 0.09375, 0.15625, 0.09375, 0.09375, 0.15625, 0.125, 0.09375, 0.15625, 0.125]
[TRAIN]: (570/1600): reward: 37.34501240774989, rates: 42.345012815098094, loss: 1.3062177980292158, rho: 0.4000000000000001, transmit_actions: 20, P: [0.15625, 0.53125, 0.125, 0.125, 0.15625, 0.125, 0.125, 0.125, 0.125, 0.125, 0.15625, 0.09375, 0.15625, 0.09375, 0.125, 0.09375, 0.09375, 0.125, 0.09375, 0.09375]
[TRAIN]: (571/1600): reward: 33.18059211783111, rates: 37.18059214163915, loss: 1.3887054774163787, rho: 0.4000000000000001, transmit_actions: 18, P: [0.78125, 0.40625, 0.125, 0.46875, 0.125, 0.125, 0.34375, 0.125, 0.125, 1.0, 1.0, 0.09375, 0.09375, 0.0625, 0.09375, 0.0625, 0.15625, 0.09375, 0.09375, 0.0]
[TRAIN]: (572/1600): reward: 26.146505892276764, rates: 34.146506079214234, loss: 0.9855233203985456, rho: 0.4000000000000001, transmit_actions: 16, P: [0.15625, 0.34375, 0.125, 0.125, 0.125, 0.6875, 0.125, 0.78125, 0.21875, 0.125, 0.125, 0.15625, 0.15625, 0.125, 0.125, 0.0625, 0.09375, 0.09375, 0.625, 0.15625]
[TRAIN]: (573/1600): reward: 45.671596080064774, rates: 46.67159560747816, loss: 1.4261858849852571, rho: 0.4000000000000001, transmit_actions: 20, P: [0.15625, 0.15625, 0.125, 0.09375, 0.125, 0.125, 0.15625, 0.125, 0.125, 0.125, 0.09375, 0.09375, 0.15625, 0.09375, 0.15625, 0.125, 0.09375, 0.0625, 0.15625, 0.09375]
[TRAIN]: (574/1600): reward: 41.0785214304924, rates: 45.07852164310856, loss: 1.3881635696009471, rho: 0.4000000000000001, transmit_actions: 18, P: [0.15625, 0.15625, 0.125, 0.125, 0.21875, 0.8125, 0.125, 0.46875, 0.125, 0.125, 0.15625, 0.09375, 0.0625, 0.09375, 0.125, 0.125, 0.0625, 0.09375, 0.09375, 0.3125]
[TRAIN]: (575/1600): reward: 21.69047202169895, rates: 28.690471977651136, loss: 1.5750720912282634, rho: 0.4000000000000001, transmit_actions: 18, P: [0.15625, 0.125, 0.34375, 0.21875, 0.15625, 0.125, 0.125, 0.15625, 0.15625, 0.125, 0.625, 0.09375, 0.15625, 0.53125, 0.6875, 0.15625, 0.09375, 0.4375, 0.0625, 0.09375]
[TRAIN]: (576/1600): reward: 41.62433433532715, rates: 45.624334275554226, loss: 1.4254442718224756, rho: 0.4000000000000001, transmit_actions: 20, P: [0.15625, 0.15625, 0.21875, 0.125, 0.0625, 0.125, 0.125, 0.125, 0.15625, 0.34375, 0.125, 0.09375, 0.125, 0.09375, 0.09375, 0.125, 0.09375, 0.09375, 0.09375, 0.125]
[TRAIN]: (577/1600): reward: 40.916237607598305, rates: 44.91623737981823, loss: 1.562992626816571, rho: 0.4000000000000001, transmit_actions: 20, P: [0.15625, 0.125, 0.125, 0.125, 0.125, 0.21875, 0.125, 0.125, 0.125, 0.84375, 0.125, 0.0625, 0.09375, 0.09375, 0.125, 0.125, 0.125, 0.125, 0.15625, 0.125]
[TRAIN]: (578/1600): reward: 41.98269836977124, rates: 45.98269800245764, loss: 1.1954754462195472, rho: 0.4000000000000001, transmit_actions: 19, P: [0.15625, 0.78125, 0.125, 0.125, 0.125, 0.125, 0.59375, 0.125, 0.125, 0.125, 0.125, 0.15625, 0.09375, 0.125, 0.0625, 0.09375, 0.15625, 0.09375, 0.125, 0.09375]
[TRAIN]: (579/1600): reward: 27.156936064362526, rates: 33.15693557066191, loss: 1.638391760646868, rho: 0.4000000000000001, transmit_actions: 18, P: [0.15625, 0.6875, 0.125, 0.125, 0.15625, 0.125, 0.125, 0.125, 0.125, 0.28125, 0.125, 0.125, 0.09375, 0.09375, 0.90625, 0.09375, 0.125, 0.25, 0.15625, 0.15625]
[TRAIN]: (580/1600): reward: 29.204591993242502, rates: 32.204591733880015, loss: 1.5153640589073398, rho: 0.4000000000000001, transmit_actions: 18, P: [0.15625, 0.125, 0.40625, 0.125, 0.09375, 0.125, 0.125, 0.125, 0.21875, 0.125, 0.125, 0.09375, 0.0625, 0.09375, 0.15625, 0.09375, 1.0, 0.125, 0.125, 0.15625]
[TRAIN]: (581/1600): reward: 33.963399063795805, rates: 38.9633985812153, loss: 1.3375844833457327, rho: 0.4000000000000001, transmit_actions: 19, P: [0.15625, 0.125, 0.125, 0.15625, 0.15625, 0.125, 0.125, 0.125, 0.125, 0.125, 0.125, 0.15625, 0.125, 0.09375, 0.09375, 0.1875, 0.09375, 0.09375, 0.4375, 0.5625]
[TRAIN]: (582/1600): reward: 28.41936271637678, rates: 34.41936227743973, loss: 1.418811989892125, rho: 0.4000000000000001, transmit_actions: 19, P: [0.15625, 0.15625, 0.125, 0.5625, 0.0625, 0.15625, 0.125, 0.125, 0.125, 0.125, 0.125, 0.09375, 0.125, 0.15625, 0.4375, 0.15625, 0.09375, 0.125, 0.125, 0.09375]
[TRAIN]: (583/1600): reward: 31.639615386724472, rates: 35.63961579713569, loss: 1.1711954465992815, rho: 0.4000000000000001, transmit_actions: 20, P: [0.15625, 0.34375, 0.125, 0.03125, 0.125, 0.125, 0.125, 0.125, 0.125, 0.15625, 0.21875, 0.84375, 0.125, 0.09375, 0.09375, 0.0625, 0.09375, 0.09375, 0.09375, 0.3125]
[TRAIN]: (584/1600): reward: 45.55931651964784, rates: 48.5593168437301, loss: 1.3665275684208407, rho: 0.4000000000000001, transmit_actions: 20, P: [0.15625, 0.21875, 0.15625, 0.09375, 0.9375, 0.125, 0.125, 0.125, 0.125, 0.125, 0.09375, 0.09375, 0.09375, 0.0625, 0.09375, 0.09375, 0.09375, 0.09375, 0.09375, 0.15625]
[TRAIN]: (585/1600): reward: 40.683280281722546, rates: 43.68328070678889, loss: 1.4964761832843199, rho: 0.4000000000000001, transmit_actions: 19, P: [0.15625, 0.125, 0.125, 0.15625, 0.125, 0.21875, 0.0625, 0.125, 0.09375, 0.125, 0.125, 0.15625, 0.15625, 0.09375, 0.09375, 0.09375, 0.09375, 0.09375, 0.09375, 0.09375]
[TRAIN]: (586/1600): reward: 45.8283781632781, rates: 46.82837737058011, loss: 1.3008537447199564, rho: 0.4000000000000001, transmit_actions: 20, P: [0.15625, 0.125, 0.125, 0.125, 0.125, 0.125, 0.125, 0.15625, 0.125, 0.125, 0.125, 0.09375, 0.09375, 0.0625, 0.09375, 0.09375, 0.09375, 0.09375, 0.09375, 0.09375]
[TRAIN]: (587/1600): reward: 48.154881939291954, rates: 50.154881910973124, loss: 1.3989951628584538, rho: 0.4000000000000001, transmit_actions: 19, P: [0.15625, 0.15625, 0.15625, 0.125, 0.125, 0.125, 0.125, 0.125, 0.59375, 0.125, 0.125, 0.1875, 0.09375, 0.09375, 0.09375, 0.09375, 0.09375, 0.09375, 0.15625, 0.1875]
[TRAIN]: (588/1600): reward: 34.983214013278484, rates: 37.98321460040876, loss: 1.387960267952487, rho: 0.4000000000000001, transmit_actions: 18, P: [0.15625, 0.125, 0.125, 0.125, 0.125, 0.125, 0.34375, 0.125, 0.125, 0.125, 0.125, 0.09375, 0.125, 0.09375, 0.96875, 0.40625, 0.125, 0.09375, 0.09375, 0.09375]
[TRAIN]: (589/1600): reward: 43.132957600057125, rates: 45.13295793445085, loss: 1.278499147949931, rho: 0.4000000000000001, transmit_actions: 19, P: [0.15625, 0.125, 0.125, 0.125, 0.15625, 0.125, 0.125, 0.125, 0.125, 0.125, 0.125, 0.15625, 0.15625, 0.21875, 0.09375, 0.125, 0.09375, 0.1875, 0.09375, 0.125]
[TRAIN]: (590/1600): reward: 33.46907702460885, rates: 38.46907642703613, loss: 1.3584888769112298, rho: 0.4000000000000001, transmit_actions: 19, P: [0.15625, 0.125, 0.09375, 0.125, 0.09375, 0.6875, 0.34375, 0.21875, 0.125, 0.125, 0.125, 0.125, 0.09375, 0.09375, 0.09375, 0.125, 0.15625, 0.90625, 0.09375, 0.125]
[TRAIN]: (591/1600): reward: 46.84260407835245, rates: 47.84260372671704, loss: 1.5254680734632502, rho: 0.4000000000000001, transmit_actions: 20, P: [0.15625, 0.15625, 0.125, 0.125, 0.09375, 0.125, 0.125, 0.125, 0.125, 0.125, 0.125, 0.125, 0.09375, 0.09375, 0.09375, 0.1875, 0.09375, 0.125, 0.46875, 0.09375]
[TRAIN]: (592/1600): reward: 42.34427895396948, rates: 45.3442786716509, loss: 1.7103966527184133, rho: 0.4000000000000001, transmit_actions: 20, P: [0.15625, 0.15625, 0.125, 0.34375, 0.125, 0.125, 0.125, 0.21875, 0.125, 0.125, 0.125, 0.09375, 0.09375, 0.125, 0.125, 0.09375, 0.09375, 0.09375, 0.09375, 0.09375]
[TRAIN]: (593/1600): reward: 46.80655283853412, rates: 48.80655249653417, loss: 1.3455184276040968, rho: 0.4000000000000001, transmit_actions: 18, P: [0.15625, 1.0, 0.125, 0.125, 0.125, 0.125, 0.125, 0.6875, 0.125, 0.125, 0.15625, 0.09375, 0.09375, 0.125, 0.09375, 0.15625, 0.09375, 0.125, 0.15625, 0.09375]
[TRAIN]: (594/1600): reward: 44.49462232738733, rates: 46.494622884579734, loss: 1.4189633197713427, rho: 0.4000000000000001, transmit_actions: 20, P: [0.15625, 0.125, 0.125, 0.15625, 0.125, 0.125, 0.15625, 0.125, 0.125, 0.125, 0.125, 0.125, 0.09375, 0.09375, 0.09375, 0.09375, 0.125, 0.09375, 0.09375, 0.09375]
[TRAIN]: (595/1600): reward: 45.774157501757145, rates: 47.77415764125051, loss: 1.181005470949413, rho: 0.4000000000000001, transmit_actions: 20, P: [0.15625, 0.09375, 0.125, 0.125, 0.09375, 0.125, 0.125, 0.5625, 0.125, 0.34375, 0.125, 0.09375, 0.09375, 0.09375, 0.09375, 0.09375, 0.15625, 0.15625, 0.125, 0.09375]
[TRAIN]: (596/1600): reward: 35.39784761890769, rates: 39.397847611631505, loss: 1.3136346005002775, rho: 0.4000000000000001, transmit_actions: 18, P: [0.15625, 0.09375, 0.125, 0.125, 0.125, 0.15625, 0.21875, 0.21875, 0.09375, 0.125, 0.125, 0.09375, 0.09375, 0.125, 0.125, 0.5, 0.09375, 0.09375, 0.125, 0.46875]
[TRAIN]: (597/1600): reward: 37.95918948948383, rates: 39.959189582399915, loss: 1.2852172273859557, rho: 0.4000000000000001, transmit_actions: 19, P: [0.15625, 0.125, 0.125, 0.125, 0.125, 0.125, 0.125, 0.125, 0.15625, 0.125, 0.125, 0.09375, 0.09375, 0.5, 0.09375, 1.0, 0.09375, 0.09375, 0.09375, 0.09375]
[TRAIN]: (598/1600): reward: 38.38769158348441, rates: 41.38769144406159, loss: 1.344948313108397, rho: 0.4000000000000001, transmit_actions: 20, P: [0.15625, 0.125, 0.15625, 0.125, 0.125, 0.125, 0.125, 0.125, 0.125, 0.125, 0.125, 0.09375, 0.125, 0.125, 0.09375, 0.09375, 0.84375, 0.125, 0.125, 0.125]
[TRAIN]: (599/1600): reward: 34.26905025169253, rates: 38.269050615348704, loss: 1.4372007199378076, rho: 0.4000000000000001, transmit_actions: 19, P: [0.15625, 0.125, 0.125, 0.125, 0.625, 0.125, 0.125, 0.125, 0.125, 0.125, 0.125, 0.09375, 0.09375, 0.125, 0.46875, 0.09375, 0.125, 0.125, 0.09375, 0.125]
[TRAIN]: (600/1600): reward: 46.9480420127511, rates: 47.948042108720166, loss: 1.4152371982132612, rho: 0.4000000000000001, transmit_actions: 20, P: [0.15625, 0.125, 0.125, 0.125, 0.15625, 0.125, 0.125, 0.125, 0.125, 0.125, 0.125, 0.09375, 0.09375, 0.09375, 0.125, 0.09375, 0.125, 0.125, 0.125, 0.125]
[TRAIN]: (601/1600): reward: 49.47790192067623, rates: 50.47790176804353, loss: 1.4931987218734253, rho: 0.4000000000000001, transmit_actions: 19, P: [0.15625, 0.125, 0.125, 0.125, 0.125, 0.125, 0.125, 0.125, 1.0, 0.125, 0.125, 0.125, 0.125, 0.125, 0.125, 0.125, 0.09375, 0.125, 0.125, 0.09375]
[TRAIN]: (602/1600): reward: 39.48121595475823, rates: 42.48121536004199, loss: 1.201230858584132, rho: 0.4000000000000001, transmit_actions: 20, P: [0.125, 0.15625, 0.125, 0.125, 0.15625, 0.125, 0.125, 0.21875, 0.125, 0.125, 0.125, 0.09375, 0.09375, 0.0625, 0.96875, 0.09375, 0.09375, 0.09375, 0.09375, 0.125]
[TRAIN]: (603/1600): reward: 35.38387173041701, rates: 40.38387237575429, loss: 1.2365805765745006, rho: 0.4000000000000001, transmit_actions: 20, P: [0.15625, 0.15625, 0.15625, 0.125, 0.125, 0.15625, 0.125, 0.15625, 0.125, 0.125, 1.0, 0.1875, 0.09375, 0.125, 0.09375, 0.09375, 0.125, 0.15625, 0.09375, 0.15625]
[TRAIN]: (604/1600): reward: 44.80396914482117, rates: 47.803969200313645, loss: 1.3890395711249468, rho: 0.4000000000000001, transmit_actions: 19, P: [0.15625, 0.125, 0.15625, 0.125, 0.125, 0.125, 0.15625, 0.125, 0.125, 0.125, 0.21875, 0.15625, 0.09375, 0.09375, 0.09375, 0.09375, 0.09375, 0.09375, 0.09375, 0.09375]
[TRAIN]: (605/1600): reward: 39.24439385905862, rates: 42.244394286468946, loss: 1.3614653521239748, rho: 0.4000000000000001, transmit_actions: 19, P: [0.15625, 0.09375, 0.15625, 0.125, 0.125, 0.125, 0.125, 0.125, 0.125, 0.9375, 0.15625, 0.78125, 0.09375, 0.09375, 0.09375, 0.09375, 0.125, 0.125, 0.125, 0.09375]
[TRAIN]: (606/1600): reward: 47.850106202065945, rates: 48.8501062054854, loss: 1.2349663766348336, rho: 0.4000000000000001, transmit_actions: 20, P: [0.15625, 0.125, 0.125, 0.125, 0.125, 0.125, 0.125, 0.125, 0.125, 0.125, 0.125, 0.09375, 0.09375, 0.09375, 0.09375, 0.09375, 0.0625, 0.09375, 0.09375, 0.0625]
[TRAIN]: (607/1600): reward: 42.197252720594406, rates: 47.19725206652964, loss: 1.384924546328868, rho: 0.4000000000000001, transmit_actions: 19, P: [0.15625, 0.125, 0.15625, 0.15625, 0.34375, 0.125, 0.1875, 0.125, 0.125, 0.125, 0.125, 0.15625, 0.09375, 0.09375, 0.09375, 0.125, 0.15625, 0.09375, 0.125, 0.09375]
[TRAIN]: (608/1600): reward: 42.11975246667862, rates: 44.11975230335333, loss: 1.2000959568221021, rho: 0.4000000000000001, transmit_actions: 20, P: [0.15625, 0.15625, 0.125, 0.125, 0.125, 0.125, 0.15625, 0.125, 0.125, 0.125, 0.125, 0.09375, 0.0625, 0.09375, 0.09375, 0.09375, 0.125, 0.125, 0.125, 0.09375]
[TRAIN]: (609/1600): reward: 50.43718823045492, rates: 51.437188714693434, loss: 1.2482134933673228, rho: 0.4000000000000001, transmit_actions: 20, P: [0.125, 0.125, 0.09375, 0.34375, 0.125, 0.125, 0.125, 0.125, 0.125, 0.125, 0.125, 0.09375, 0.1875, 0.125, 0.09375, 0.125, 0.125, 0.09375, 0.125, 0.125]
[TRAIN]: (610/1600): reward: 47.00647363066673, rates: 49.00647366064627, loss: 1.376385135203558, rho: 0.4000000000000001, transmit_actions: 20, P: [0.125, 0.15625, 0.125, 0.125, 0.125, 0.125, 0.125, 0.15625, 0.125, 0.125, 0.125, 0.09375, 0.125, 0.09375, 0.09375, 0.09375, 0.125, 0.09375, 0.125, 0.09375]
[TRAIN]: (611/1600): reward: 44.136416990309954, rates: 46.13641736630684, loss: 1.104677485714276, rho: 0.4000000000000001, transmit_actions: 20, P: [0.125, 0.09375, 0.21875, 0.125, 0.125, 0.15625, 0.34375, 0.125, 0.21875, 0.125, 0.125, 0.1875, 0.1875, 0.125, 0.09375, 0.09375, 0.09375, 0.125, 0.09375, 0.15625]
[TRAIN]: (612/1600): reward: 45.02320974320173, rates: 46.023209543036444, loss: 1.2960715417539779, rho: 0.4000000000000001, transmit_actions: 19, P: [0.15625, 0.84375, 0.125, 0.125, 0.125, 0.15625, 0.125, 0.125, 0.125, 0.125, 0.125, 0.09375, 0.09375, 0.1875, 0.09375, 0.125, 0.09375, 0.125, 0.09375, 0.09375]
[TRAIN]: (613/1600): reward: 44.709871146827936, rates: 46.70987070491503, loss: 1.370126146402459, rho: 0.4000000000000001, transmit_actions: 20, P: [0.15625, 0.15625, 0.125, 0.125, 0.125, 0.15625, 0.09375, 0.125, 0.125, 0.125, 0.125, 0.125, 0.125, 0.125, 0.125, 0.125, 0.125, 0.125, 0.125, 0.09375]
[TRAIN]: (614/1600): reward: 48.080107510089874, rates: 51.08010760738777, loss: 1.2540736275606081, rho: 0.4000000000000001, transmit_actions: 20, P: [0.125, 0.125, 0.34375, 0.34375, 0.125, 0.09375, 0.125, 0.125, 0.125, 0.125, 0.125, 0.125, 0.125, 0.125, 0.125, 0.125, 0.125, 0.125, 0.125, 0.125]
[TRAIN]: (615/1600): reward: 46.338917054235935, rates: 46.33891635617917, loss: 1.0779679982382457, rho: 0.4000000000000001, transmit_actions: 19, P: [0.65625, 0.125, 0.125, 0.125, 0.125, 0.125, 0.125, 0.125, 0.125, 0.09375, 0.15625, 0.125, 0.125, 0.125, 0.125, 0.125, 0.15625, 0.125, 0.125, 0.09375]
[TRAIN]: (616/1600): reward: 37.787106424570084, rates: 40.78710610376073, loss: 1.5338394383138418, rho: 0.4000000000000001, transmit_actions: 18, P: [0.125, 0.15625, 0.125, 0.125, 0.125, 0.125, 0.125, 0.125, 0.21875, 0.125, 0.125, 0.125, 0.125, 0.90625, 0.125, 0.15625, 0.8125, 0.15625, 0.125, 0.15625]
[TRAIN]: (617/1600): reward: 41.4260359108448, rates: 44.42603565333104, loss: 1.3546334553512953, rho: 0.4000000000000001, transmit_actions: 20, P: [0.15625, 0.125, 0.125, 0.34375, 0.125, 0.625, 0.125, 0.125, 0.125, 0.125, 0.125, 0.125, 0.125, 0.15625, 0.09375, 0.125, 0.125, 0.125, 0.625, 0.125]
[TRAIN]: (618/1600): reward: 49.397675678133965, rates: 50.39767510945425, loss: 1.4078984956189757, rho: 0.4000000000000001, transmit_actions: 20, P: [0.125, 0.125, 0.125, 0.125, 0.125, 0.125, 0.125, 0.125, 0.125, 0.125, 0.125, 0.09375, 0.125, 0.125, 0.09375, 0.125, 0.125, 0.125, 0.125, 0.125]
[TRAIN]: (619/1600): reward: 38.308940801769495, rates: 40.30894013059199, loss: 1.3052919405823735, rho: 0.4000000000000001, transmit_actions: 19, P: [0.125, 0.15625, 0.21875, 0.125, 0.125, 0.125, 0.125, 0.125, 0.15625, 0.125, 0.125, 0.125, 0.09375, 0.125, 0.125, 0.125, 0.34375, 0.125, 0.125, 0.09375]
[TRAIN]: (620/1600): reward: 45.212979197502136, rates: 47.21297917074399, loss: 1.5154881939514637, rho: 0.4000000000000001, transmit_actions: 20, P: [0.125, 0.125, 0.125, 0.125, 0.125, 0.125, 0.34375, 0.125, 0.125, 0.125, 0.0625, 0.125, 0.09375, 0.125, 0.125, 0.125, 0.125, 0.125, 0.125, 0.09375]
[TRAIN]: (621/1600): reward: 49.80528024211526, rates: 51.80527998247349, loss: 1.1898218053382548, rho: 0.4000000000000001, transmit_actions: 20, P: [0.125, 0.09375, 0.03125, 0.125, 0.125, 0.125, 0.125, 0.125, 0.125, 0.125, 0.125, 0.09375, 0.125, 0.125, 0.125, 0.09375, 0.125, 0.125, 0.09375, 0.125]
[TRAIN]: (622/1600): reward: 48.75048319995403, rates: 50.750482632883674, loss: 1.4002466007675056, rho: 0.4000000000000001, transmit_actions: 20, P: [0.125, 0.125, 0.125, 0.125, 0.125, 0.125, 0.125, 0.125, 0.125, 0.125, 0.125, 0.125, 0.125, 0.125, 0.125, 0.09375, 0.125, 0.125, 0.09375, 0.125]
[TRAIN]: (623/1600): reward: 40.53848771750927, rates: 43.538487699021935, loss: 1.4792953920547205, rho: 0.4000000000000001, transmit_actions: 20, P: [0.125, 0.125, 0.125, 0.125, 0.125, 0.125, 0.125, 0.125, 0.21875, 0.125, 0.125, 0.125, 0.125, 0.125, 0.0625, 0.09375, 0.125, 0.09375, 0.71875, 0.09375]
[TRAIN]: (624/1600): reward: 43.879391584545374, rates: 46.8793916287467, loss: 1.3438499245364794, rho: 0.4000000000000001, transmit_actions: 18, P: [0.125, 0.9375, 0.125, 0.15625, 0.125, 0.125, 0.125, 0.125, 0.125, 0.125, 0.125, 0.09375, 0.125, 0.125, 0.125, 0.09375, 0.125, 0.09375, 0.125, 0.125]
[TRAIN]: (625/1600): reward: 45.049290239810944, rates: 47.04928999013077, loss: 1.372848770711724, rho: 0.4000000000000001, transmit_actions: 19, P: [0.125, 0.15625, 0.125, 0.125, 0.125, 0.125, 0.125, 0.0625, 0.125, 0.125, 0.125, 0.125, 0.09375, 0.125, 0.09375, 0.09375, 0.125, 0.125, 0.125, 0.125]
[TRAIN]: (626/1600): reward: 38.569475293159485, rates: 44.569475046246566, loss: 1.52647097766665, rho: 0.4000000000000001, transmit_actions: 20, P: [0.125, 0.125, 0.125, 0.125, 0.125, 0.125, 0.125, 0.96875, 0.125, 0.34375, 0.125, 0.09375, 0.125, 0.0625, 0.09375, 0.125, 0.125, 0.125, 0.09375, 0.09375]
[TRAIN]: (627/1600): reward: 41.95225294306874, rates: 44.95225284058415, loss: 1.1890587363367235, rho: 0.4000000000000001, transmit_actions: 20, P: [0.125, 0.125, 0.34375, 0.125, 0.125, 0.125, 0.125, 0.125, 0.125, 0.125, 0.125, 0.09375, 0.09375, 0.09375, 0.09375, 0.21875, 0.125, 0.125, 0.09375, 0.09375]
[TRAIN]: (628/1600): reward: 41.198580373078585, rates: 44.198580508767186, loss: 1.5275033669194642, rho: 0.4000000000000001, transmit_actions: 20, P: [0.125, 0.09375, 0.125, 0.0625, 0.125, 0.125, 0.125, 0.125, 0.125, 0.125, 0.15625, 0.09375, 0.09375, 0.125, 0.125, 0.09375, 0.125, 0.125, 0.125, 0.09375]
[TRAIN]: (629/1600): reward: 47.412567898631096, rates: 49.41256816454205, loss: 1.4505458814512227, rho: 0.4000000000000001, transmit_actions: 20, P: [0.125, 0.125, 0.34375, 0.0625, 0.125, 0.125, 0.125, 0.125, 0.125, 0.125, 0.0625, 0.09375, 0.125, 0.125, 0.09375, 0.125, 0.125, 0.09375, 0.125, 0.125]
[TRAIN]: (630/1600): reward: 46.49473490566015, rates: 50.494734631376254, loss: 1.3512366070483668, rho: 0.4000000000000001, transmit_actions: 19, P: [0.125, 0.125, 0.15625, 0.34375, 0.125, 0.125, 0.5, 0.125, 0.125, 0.125, 0.125, 0.125, 0.125, 0.125, 0.09375, 0.125, 0.125, 0.125, 0.09375, 0.125]
[TRAIN]: (631/1600): reward: 47.011300817131996, rates: 48.01130095546158, loss: 1.5243107100427682, rho: 0.4000000000000001, transmit_actions: 20, P: [0.125, 0.0, 0.125, 0.125, 0.125, 0.125, 0.0625, 0.125, 0.125, 0.125, 0.125, 0.125, 0.09375, 0.125, 0.09375, 0.125, 0.125, 0.125, 0.125, 0.09375]
[TRAIN]: (632/1600): reward: 41.47235989943147, rates: 43.47236014190552, loss: 1.6390399786555396, rho: 0.4000000000000001, transmit_actions: 20, P: [0.125, 0.125, 0.125, 0.125, 0.125, 0.125, 0.09375, 0.125, 0.125, 0.21875, 0.125, 0.125, 0.125, 0.09375, 0.125, 0.125, 0.125, 0.125, 0.09375, 0.125]
[TRAIN]: (633/1600): reward: 33.76605925522745, rates: 38.76605933523047, loss: 1.3997646105299595, rho: 0.4000000000000001, transmit_actions: 20, P: [0.125, 0.21875, 0.125, 0.125, 0.125, 0.125, 0.125, 0.125, 0.125, 0.6875, 0.125, 0.09375, 0.15625, 0.125, 0.125, 0.65625, 0.125, 0.125, 0.125, 0.125]
[TRAIN]: (634/1600): reward: 44.93653793819249, rates: 47.93653807828907, loss: 1.5676909133045787, rho: 0.4000000000000001, transmit_actions: 20, P: [0.125, 0.375, 0.21875, 0.125, 0.125, 0.0625, 0.125, 0.125, 0.34375, 0.125, 0.125, 0.125, 0.125, 0.125, 0.125, 0.125, 0.125, 0.125, 0.125, 0.125]
[TRAIN]: (635/1600): reward: 45.170643345452845, rates: 47.17064422448042, loss: 1.3656226632791106, rho: 0.4000000000000001, transmit_actions: 20, P: [0.125, 0.125, 0.125, 0.125, 0.125, 0.125, 0.125, 0.0625, 0.21875, 0.125, 0.125, 0.125, 0.09375, 0.125, 0.125, 0.09375, 0.125, 0.09375, 0.125, 0.09375]
[TRAIN]: (636/1600): reward: 47.03018432110548, rates: 49.03018384538878, loss: 1.4582741222464075, rho: 0.4000000000000001, transmit_actions: 20, P: [0.125, 0.125, 0.125, 0.125, 0.125, 0.125, 0.125, 0.125, 0.125, 0.125, 0.125, 0.125, 0.15625, 0.125, 0.09375, 0.125, 0.125, 0.125, 0.125, 0.125]
[TRAIN]: (637/1600): reward: 43.83873654529452, rates: 46.838736655955216, loss: 1.3639757116416122, rho: 0.4000000000000001, transmit_actions: 19, P: [0.125, 0.9375, 0.125, 0.71875, 0.125, 0.125, 0.375, 0.125, 0.125, 0.125, 0.125, 0.125, 0.125, 0.125, 0.125, 0.09375, 0.125, 0.125, 0.125, 0.125]
[TRAIN]: (638/1600): reward: 45.48494826629758, rates: 46.4849482583265, loss: 1.1791486422446442, rho: 0.4000000000000001, transmit_actions: 20, P: [0.125, 0.125, 0.125, 0.125, 0.125, 0.125, 0.125, 0.125, 0.125, 0.125, 0.125, 0.125, 0.125, 0.125, 0.125, 0.125, 0.125, 0.09375, 0.125, 0.09375]
[TRAIN]: (639/1600): reward: 46.22459498047829, rates: 49.224595111322856, loss: 1.4631715307125783, rho: 0.4000000000000001, transmit_actions: 20, P: [0.65625, 0.125, 0.125, 0.125, 0.125, 0.125, 0.125, 0.125, 0.125, 0.125, 0.125, 0.09375, 0.125, 0.125, 0.125, 0.125, 0.125, 0.125, 0.125, 0.125]
[TRAIN]: (640/1600): reward: 47.393772289156914, rates: 49.393772253083036, loss: 1.2612223691479927, rho: 0.4000000000000001, transmit_actions: 20, P: [0.125, 0.125, 0.125, 0.125, 0.125, 0.125, 0.125, 0.125, 0.125, 0.125, 0.125, 0.125, 0.125, 0.125, 0.09375, 0.125, 0.125, 0.125, 0.125, 0.09375]
[TRAIN]: (641/1600): reward: 48.4708436280489, rates: 49.470843646679256, loss: 1.3026231489656594, rho: 0.4000000000000001, transmit_actions: 20, P: [0.125, 0.0, 0.125, 0.125, 0.15625, 0.125, 0.125, 0.125, 0.125, 0.125, 0.125, 0.125, 0.09375, 0.125, 0.125, 0.09375, 0.125, 0.125, 0.125, 0.125]
[TRAIN]: (642/1600): reward: 48.1329266987741, rates: 51.13292686569014, loss: 1.51794104663993, rho: 0.4000000000000001, transmit_actions: 20, P: [0.125, 0.125, 0.125, 0.125, 0.125, 0.125, 0.125, 0.125, 0.375, 0.15625, 0.125, 0.125, 0.09375, 0.125, 0.15625, 0.125, 0.125, 0.125, 0.125, 0.125]
[TRAIN]: (643/1600): reward: 44.94712075218558, rates: 46.94712090078371, loss: 1.4268320908565602, rho: 0.4000000000000001, transmit_actions: 20, P: [0.125, 0.125, 0.125, 0.34375, 0.15625, 0.125, 0.15625, 0.125, 0.125, 0.125, 0.15625, 0.125, 0.125, 0.125, 0.09375, 0.125, 0.125, 0.125, 0.09375, 0.09375]
[TRAIN]: (644/1600): reward: 39.64391873776913, rates: 42.64391871440213, loss: 1.1259718486694363, rho: 0.4000000000000001, transmit_actions: 20, P: [0.125, 0.09375, 0.125, 0.0625, 0.125, 0.125, 0.125, 0.15625, 0.125, 0.125, 0.125, 0.09375, 0.09375, 0.125, 0.125, 0.09375, 0.125, 0.125, 0.09375, 0.125]
[TRAIN]: (645/1600): reward: 48.61511716246605, rates: 49.61511685214705, loss: 1.3631232601642922, rho: 0.4000000000000001, transmit_actions: 19, P: [0.125, 0.9375, 0.125, 0.125, 0.125, 0.125, 0.125, 0.125, 0.125, 0.125, 0.125, 0.09375, 0.125, 0.09375, 0.125, 0.125, 0.125, 0.125, 0.125, 0.125]
[TRAIN]: (646/1600): reward: 46.19768686592579, rates: 48.197687210072274, loss: 1.4116250092665499, rho: 0.4000000000000001, transmit_actions: 20, P: [0.125, 0.125, 0.125, 0.125, 0.125, 0.15625, 0.125, 0.125, 0.125, 0.125, 0.125, 0.125, 0.125, 0.125, 0.125, 0.125, 0.125, 0.125, 0.125, 0.125]
[TRAIN]: (647/1600): reward: 40.74796502664685, rates: 42.74796503623027, loss: 1.4729244187601953, rho: 0.4000000000000001, transmit_actions: 19, P: [0.125, 0.125, 0.125, 0.4375, 0.125, 0.125, 0.125, 0.125, 0.0625, 0.125, 0.125, 0.125, 0.125, 0.09375, 0.125, 0.09375, 0.09375, 0.09375, 0.125, 0.09375]
[TRAIN]: (648/1600): reward: 37.05116818472743, rates: 40.051168031796195, loss: 1.4104990232514538, rho: 0.4000000000000001, transmit_actions: 19, P: [0.125, 0.9375, 0.125, 0.09375, 0.125, 0.125, 0.125, 0.125, 0.15625, 0.125, 0.125, 0.125, 0.125, 0.125, 0.125, 0.125, 0.125, 0.125, 0.09375, 0.125]
[TRAIN]: (649/1600): reward: 39.905597399920225, rates: 41.90559807751937, loss: 1.5175660807105973, rho: 0.4000000000000001, transmit_actions: 20, P: [0.125, 0.0, 0.125, 0.125, 0.125, 0.125, 0.125, 0.125, 0.125, 0.125, 0.125, 0.125, 0.125, 0.125, 0.09375, 0.15625, 0.125, 0.09375, 0.125, 0.125]
[TRAIN]: (650/1600): reward: 46.8759757950902, rates: 47.875976016434294, loss: 1.2220694656728175, rho: 0.4000000000000001, transmit_actions: 20, P: [0.125, 0.125, 0.125, 0.125, 0.125, 0.125, 0.125, 0.125, 0.125, 0.125, 0.125, 0.125, 0.09375, 0.125, 0.125, 0.09375, 0.125, 0.125, 0.125, 0.125]
[TRAIN]: (651/1600): reward: 42.712696172297, rates: 44.71269669440693, loss: 1.0596925007091822, rho: 0.4000000000000001, transmit_actions: 20, P: [0.125, 0.125, 0.125, 0.125, 0.125, 0.09375, 0.125, 0.125, 0.125, 0.125, 0.15625, 0.15625, 0.125, 0.125, 0.09375, 0.09375, 0.46875, 0.09375, 0.125, 0.125]
[TRAIN]: (652/1600): reward: 50.963126845657825, rates: 52.963127363298284, loss: 1.5848485191861559, rho: 0.4000000000000001, transmit_actions: 20, P: [0.125, 0.15625, 0.34375, 0.125, 0.125, 0.125, 0.125, 0.125, 0.125, 0.125, 0.125, 0.125, 0.125, 0.125, 0.125, 0.125, 0.09375, 0.125, 0.09375, 0.125]
[TRAIN]: (653/1600): reward: 43.68861734122038, rates: 44.68861674378834, loss: 1.271660690550073, rho: 0.4000000000000001, transmit_actions: 20, P: [0.125, 0.125, 0.125, 0.125, 0.09375, 0.125, 0.125, 0.125, 0.125, 0.125, 0.125, 0.09375, 0.09375, 0.09375, 0.125, 0.125, 0.125, 0.125, 0.09375, 0.15625]
[TRAIN]: (654/1600): reward: 41.971990652382374, rates: 43.971990022916124, loss: 1.4061504544259766, rho: 0.4000000000000001, transmit_actions: 20, P: [0.125, 0.125, 0.125, 0.125, 0.125, 0.125, 0.125, 0.125, 0.125, 0.125, 0.125, 0.09375, 0.15625, 0.125, 0.125, 0.125, 0.125, 0.125, 0.09375, 0.125]
[TRAIN]: (655/1600): reward: 46.838381089270115, rates: 47.83838155138446, loss: 1.339903973584, rho: 0.4000000000000001, transmit_actions: 20, P: [0.125, 0.0625, 0.125, 0.125, 0.125, 0.125, 0.125, 0.125, 0.125, 0.125, 0.125, 0.09375, 0.125, 0.125, 0.09375, 0.15625, 0.125, 0.125, 0.125, 0.125]
[TRAIN]: (656/1600): reward: 48.49001765623689, rates: 50.49001774757303, loss: 1.3573633053644942, rho: 0.4000000000000001, transmit_actions: 20, P: [0.125, 0.34375, 0.125, 0.125, 0.125, 0.125, 0.125, 0.125, 0.125, 0.125, 0.125, 0.09375, 0.125, 0.125, 0.125, 0.125, 0.125, 0.125, 0.125, 0.125]
[TRAIN]: (657/1600): reward: 48.53961531817913, rates: 50.539615092860345, loss: 1.2351685464923925, rho: 0.4000000000000001, transmit_actions: 20, P: [0.125, 0.125, 0.125, 0.125, 0.125, 0.125, 0.15625, 0.21875, 0.125, 0.125, 0.15625, 0.15625, 0.125, 0.125, 0.125, 0.125, 0.125, 0.125, 0.09375, 0.125]
[TRAIN]: (658/1600): reward: 39.93854109197855, rates: 42.93854140350733, loss: 1.222169402882581, rho: 0.4000000000000001, transmit_actions: 18, P: [0.125, 0.125, 0.46875, 0.15625, 0.125, 0.125, 0.125, 0.125, 0.125, 0.125, 0.125, 0.09375, 0.125, 0.3125, 0.125, 0.09375, 0.09375, 0.09375, 0.125, 0.125]
[TRAIN]: (659/1600): reward: 47.136399772018194, rates: 48.13639907539726, loss: 1.4188170358286984, rho: 0.4000000000000001, transmit_actions: 20, P: [0.125, 0.125, 0.125, 0.125, 0.125, 0.125, 0.125, 0.125, 0.125, 0.125, 0.125, 0.09375, 0.125, 0.09375, 0.09375, 0.125, 0.125, 0.125, 0.125, 0.125]
[TRAIN]: (660/1600): reward: 42.993776708841324, rates: 44.99377646995737, loss: 1.3056159935710667, rho: 0.4000000000000001, transmit_actions: 20, P: [0.125, 0.125, 0.125, 0.125, 0.125, 0.125, 0.125, 0.125, 0.125, 0.125, 0.125, 0.09375, 0.125, 0.125, 0.09375, 0.125, 0.125, 0.125, 0.125, 0.125]
[TRAIN]: (661/1600): reward: 43.872933242470026, rates: 44.87293278773105, loss: 1.33569947915618, rho: 0.4000000000000001, transmit_actions: 19, P: [0.125, 0.125, 0.125, 0.125, 0.125, 0.125, 0.34375, 0.125, 0.125, 0.125, 0.125, 0.125, 0.125, 0.125, 0.125, 0.125, 0.90625, 0.125, 0.125, 0.125]
[TRAIN]: (662/1600): reward: 47.55565005540848, rates: 50.55565039744997, loss: 1.217135098288835, rho: 0.4000000000000001, transmit_actions: 20, P: [0.125, 0.375, 0.125, 0.15625, 0.125, 0.125, 0.125, 0.125, 0.125, 0.125, 0.125, 0.125, 0.125, 0.125, 0.125, 0.125, 0.125, 0.125, 0.125, 0.125]
[TRAIN]: (663/1600): reward: 47.856874227523804, rates: 49.856874468639205, loss: 1.2945407469494874, rho: 0.4000000000000001, transmit_actions: 20, P: [0.125, 0.125, 0.125, 0.125, 0.125, 0.125, 0.15625, 0.15625, 0.125, 0.125, 0.125, 0.125, 0.125, 0.125, 0.125, 0.125, 0.09375, 0.125, 0.125, 0.15625]
[TRAIN]: (664/1600): reward: 48.93319696187973, rates: 49.93319732934627, loss: 1.3718597248520006, rho: 0.4000000000000001, transmit_actions: 20, P: [0.125, 0.125, 0.125, 0.125, 0.125, 0.125, 0.125, 0.125, 0.125, 0.125, 0.125, 0.125, 0.125, 0.125, 0.125, 0.125, 0.125, 0.09375, 0.125, 0.125]
[TRAIN]: (665/1600): reward: 42.551139511168, rates: 44.55113987396648, loss: 1.3244485442667773, rho: 0.4000000000000001, transmit_actions: 20, P: [0.125, 0.125, 0.125, 0.125, 0.125, 0.125, 0.125, 0.125, 0.125, 0.125, 0.125, 0.125, 0.125, 0.125, 0.125, 0.125, 0.125, 0.125, 0.125, 0.125]
[TRAIN]: (666/1600): reward: 48.01467786170542, rates: 49.01467845459934, loss: 1.3495710454488432, rho: 0.4000000000000001, transmit_actions: 19, P: [0.125, 0.9375, 0.15625, 0.125, 0.15625, 0.09375, 0.125, 0.125, 0.125, 0.09375, 0.125, 0.09375, 0.125, 0.125, 0.09375, 0.125, 0.125, 0.125, 0.09375, 0.125]
[TRAIN]: (667/1600): reward: 50.29366894811392, rates: 52.29366871226925, loss: 1.3424370830153582, rho: 0.4000000000000001, transmit_actions: 20, P: [0.125, 0.125, 0.15625, 0.125, 0.15625, 0.125, 0.125, 0.21875, 0.125, 0.125, 0.21875, 0.125, 0.125, 0.125, 0.09375, 0.125, 0.125, 0.09375, 0.125, 0.125]
[TRAIN]: (668/1600): reward: 37.8499935567379, rates: 41.84999353359219, loss: 1.3100783997045364, rho: 0.4000000000000001, transmit_actions: 20, P: [0.125, 0.125, 0.125, 0.125, 0.125, 0.125, 0.125, 0.15625, 0.15625, 0.15625, 0.125, 0.09375, 0.15625, 0.09375, 0.15625, 0.09375, 0.125, 0.125, 0.09375, 0.125]
[TRAIN]: (669/1600): reward: 45.59405383095145, rates: 46.594053949282824, loss: 1.6000719900770606, rho: 0.4000000000000001, transmit_actions: 20, P: [0.125, 0.125, 0.15625, 0.125, 0.125, 0.125, 0.125, 0.125, 0.125, 0.125, 0.125, 0.09375, 0.09375, 0.125, 0.125, 0.125, 0.09375, 0.125, 0.09375, 0.125]
[TRAIN]: (670/1600): reward: 49.90260475873947, rates: 50.90260452546838, loss: 1.488906821405639, rho: 0.4000000000000001, transmit_actions: 20, P: [0.125, 0.15625, 0.125, 0.125, 0.125, 0.125, 0.125, 0.125, 0.125, 0.125, 0.125, 0.09375, 0.125, 0.125, 0.125, 0.15625, 0.125, 0.125, 0.125, 0.125]
[TRAIN]: (671/1600): reward: 46.340781934559345, rates: 47.340781345049166, loss: 1.3028234949442452, rho: 0.4000000000000001, transmit_actions: 20, P: [0.125, 0.125, 0.125, 0.125, 0.125, 0.125, 0.125, 0.125, 0.125, 0.125, 0.125, 0.125, 0.125, 0.09375, 0.125, 0.125, 0.09375, 0.09375, 0.125, 0.125]
[TRAIN]: (672/1600): reward: 48.94204244017601, rates: 49.94204285381888, loss: 1.3652158612732468, rho: 0.4000000000000001, transmit_actions: 20, P: [0.125, 0.125, 0.125, 0.125, 0.125, 0.125, 0.125, 0.125, 0.125, 0.125, 0.125, 0.125, 0.125, 0.125, 0.125, 0.125, 0.09375, 0.125, 0.09375, 0.125]
[TRAIN]: (673/1600): reward: 44.71617165207863, rates: 45.716172120091, loss: 1.1311694084292112, rho: 0.4000000000000001, transmit_actions: 20, P: [0.125, 0.125, 0.125, 0.125, 0.15625, 0.125, 0.15625, 0.125, 0.125, 0.125, 0.125, 0.125, 0.09375, 0.125, 0.09375, 0.125, 0.125, 0.15625, 0.09375, 0.09375]
[TRAIN]: (674/1600): reward: 45.04245498031378, rates: 46.04245507746303, loss: 1.347233097853539, rho: 0.4000000000000001, transmit_actions: 20, P: [0.125, 0.0625, 0.125, 0.125, 0.125, 0.125, 0.125, 0.125, 0.125, 0.125, 0.125, 0.125, 0.125, 0.125, 0.125, 0.125, 0.125, 0.125, 0.09375, 0.125]
[TRAIN]: (675/1600): reward: 41.587616480886936, rates: 43.58761623078797, loss: 1.6937274634917947, rho: 0.4000000000000001, transmit_actions: 20, P: [0.125, 0.125, 0.125, 0.125, 0.125, 0.125, 0.125, 0.125, 0.125, 0.21875, 0.125, 0.125, 0.125, 0.09375, 0.09375, 0.125, 0.125, 0.09375, 0.125, 0.125]
[TRAIN]: (676/1600): reward: 48.90235083550215, rates: 49.90235096360573, loss: 1.1774774720829173, rho: 0.4000000000000001, transmit_actions: 19, P: [0.125, 1.0, 0.0625, 0.125, 0.125, 0.125, 0.125, 0.0625, 0.125, 0.125, 0.125, 0.09375, 0.125, 0.09375, 0.09375, 0.125, 0.09375, 0.125, 0.125, 0.125]
[TRAIN]: (677/1600): reward: 44.8840441852808, rates: 47.8840440858278, loss: 1.6269936507308418, rho: 0.4000000000000001, transmit_actions: 19, P: [0.09375, 0.125, 0.125, 0.0625, 0.34375, 0.15625, 0.15625, 0.21875, 0.125, 0.125, 0.125, 0.125, 0.125, 0.125, 0.125, 0.125, 0.125, 0.125, 0.125, 0.125]
[TRAIN]: (678/1600): reward: 42.441142842173576, rates: 46.44114266688408, loss: 1.3649042689629713, rho: 0.4000000000000001, transmit_actions: 20, P: [0.125, 0.125, 0.125, 0.125, 0.125, 0.125, 0.125, 0.15625, 0.125, 0.125, 0.125, 0.125, 0.125, 0.125, 0.125, 0.125, 0.125, 0.125, 0.125, 0.125]
[TRAIN]: (679/1600): reward: 41.71312776207924, rates: 43.713127877711486, loss: 1.2473170295317269, rho: 0.4000000000000001, transmit_actions: 20, P: [0.125, 0.125, 0.125, 0.125, 0.125, 0.125, 0.125, 0.125, 0.125, 0.125, 0.125, 0.125, 0.125, 0.125, 0.125, 0.125, 0.09375, 0.125, 0.125, 0.125]
[TRAIN]: (680/1600): reward: 36.91486508771777, rates: 40.91486494104807, loss: 1.388885932355696, rho: 0.4000000000000001, transmit_actions: 20, P: [0.125, 0.34375, 0.125, 0.125, 0.125, 0.125, 0.96875, 0.125, 0.125, 0.125, 0.125, 0.09375, 0.125, 0.125, 0.125, 0.125, 0.09375, 0.125, 0.125, 0.09375]
[TRAIN]: (681/1600): reward: 48.606088787317276, rates: 49.60608850923269, loss: 1.17108963846704, rho: 0.4000000000000001, transmit_actions: 20, P: [0.125, 0.125, 0.125, 0.125, 0.125, 0.125, 0.125, 0.125, 0.125, 0.125, 0.125, 0.09375, 0.125, 0.125, 0.125, 0.125, 0.125, 0.125, 0.125, 0.125]
[TRAIN]: (682/1600): reward: 48.12891762703657, rates: 50.128917383178866, loss: 1.351338869120463, rho: 0.4000000000000001, transmit_actions: 20, P: [0.125, 0.125, 0.125, 0.125, 0.125, 0.125, 0.125, 0.15625, 0.125, 0.125, 0.125, 0.125, 0.125, 0.125, 0.125, 0.125, 0.125, 0.125, 0.125, 0.125]
[TRAIN]: (683/1600): reward: 45.772541124373674, rates: 47.77254094460919, loss: 1.384944994387885, rho: 0.4000000000000001, transmit_actions: 19, P: [0.125, 0.90625, 0.125, 0.125, 0.125, 0.125, 0.125, 0.125, 0.0625, 0.125, 0.125, 0.125, 0.09375, 0.125, 0.125, 0.125, 0.125, 0.09375, 0.125, 0.125]
[TRAIN]: (684/1600): reward: 49.176735538989305, rates: 50.176735007924314, loss: 1.5014999296781135, rho: 0.4000000000000001, transmit_actions: 20, P: [0.09375, 0.125, 0.125, 0.15625, 0.125, 0.125, 0.125, 0.125, 0.125, 0.125, 0.125, 0.125, 0.125, 0.125, 0.125, 0.09375, 0.125, 0.125, 0.125, 0.125]
[TRAIN]: (685/1600): reward: 44.369283743202686, rates: 46.369284035599854, loss: 1.4493692209326738, rho: 0.4000000000000001, transmit_actions: 19, P: [0.09375, 1.0, 0.21875, 0.125, 0.125, 0.125, 0.125, 0.0625, 0.125, 0.125, 0.125, 0.125, 0.125, 0.15625, 0.09375, 0.125, 0.09375, 0.125, 0.125, 0.125]
[TRAIN]: (686/1600): reward: 47.399977434426546, rates: 49.39997699381107, loss: 1.372267730970854, rho: 0.4000000000000001, transmit_actions: 19, P: [0.125, 0.125, 0.1875, 0.125, 0.125, 0.125, 0.125, 0.125, 0.125, 0.0625, 0.125, 0.125, 0.125, 0.125, 0.09375, 0.125, 0.125, 0.125, 0.125, 0.125]
[TRAIN]: (687/1600): reward: 39.49556525051594, rates: 42.495565703112405, loss: 1.3493655340903699, rho: 0.4000000000000001, transmit_actions: 20, P: [0.125, 0.125, 0.125, 0.0625, 0.125, 0.125, 0.125, 0.125, 0.125, 0.15625, 0.0625, 0.125, 0.125, 0.125, 0.125, 0.125, 0.125, 0.125, 0.125, 0.125]
[TRAIN]: (688/1600): reward: 47.11511601135135, rates: 48.11511550383871, loss: 1.2573129221870054, rho: 0.4000000000000001, transmit_actions: 20, P: [0.125, 0.125, 0.125, 0.125, 0.125, 0.125, 0.125, 0.125, 0.125, 0.125, 0.125, 0.09375, 0.125, 0.09375, 0.09375, 0.09375, 0.125, 0.125, 0.125, 0.09375]
[TRAIN]: (689/1600): reward: 46.062446147203445, rates: 47.06244581013026, loss: 1.4105105264343494, rho: 0.4000000000000001, transmit_actions: 20, P: [0.09375, 0.0625, 0.0625, 0.125, 0.125, 0.125, 0.125, 0.125, 0.0625, 0.125, 0.125, 0.125, 0.125, 0.125, 0.125, 0.09375, 0.0625, 0.09375, 0.125, 0.125]
[TRAIN]: (690/1600): reward: 40.75309477746487, rates: 42.75309418829367, loss: 1.4214575923019308, rho: 0.4000000000000001, transmit_actions: 19, P: [0.125, 0.0625, 0.125, 0.125, 0.125, 0.125, 0.125, 0.09375, 0.125, 0.125, 0.125, 0.875, 0.125, 0.09375, 0.125, 0.125, 0.125, 0.125, 0.09375, 0.09375]
[TRAIN]: (691/1600): reward: 48.86478327214718, rates: 49.86478380680226, loss: 1.415975103282314, rho: 0.4000000000000001, transmit_actions: 20, P: [0.125, 0.15625, 0.125, 0.125, 0.0625, 0.125, 0.0625, 0.0625, 0.125, 0.125, 0.125, 0.125, 0.125, 0.125, 0.125, 0.125, 0.125, 0.125, 0.125, 0.125]
[TRAIN]: (692/1600): reward: 42.388661205768585, rates: 45.388661362975235, loss: 1.3520922106392637, rho: 0.4000000000000001, transmit_actions: 20, P: [0.125, 0.125, 0.125, 0.125, 0.125, 0.125, 0.125, 0.125, 0.125, 0.125, 0.125, 0.125, 0.125, 0.125, 0.125, 0.09375, 0.125, 0.125, 0.125, 0.125]
[TRAIN]: (693/1600): reward: 46.56174285337329, rates: 48.56174306870388, loss: 1.3793668637122143, rho: 0.4000000000000001, transmit_actions: 20, P: [0.125, 0.125, 0.125, 0.125, 0.125, 0.125, 0.125, 0.125, 0.125, 0.125, 0.125, 0.125, 0.125, 0.125, 0.125, 0.125, 0.09375, 0.125, 0.125, 0.125]
[TRAIN]: (694/1600): reward: 49.76890328526497, rates: 50.768904098186844, loss: 1.2075053884554592, rho: 0.4000000000000001, transmit_actions: 20, P: [0.125, 0.125, 0.125, 0.125, 0.125, 0.125, 0.125, 0.125, 0.125, 0.125, 0.125, 0.125, 0.125, 0.125, 0.125, 0.125, 0.125, 0.125, 0.125, 0.125]
[TRAIN]: (695/1600): reward: 46.48005302995443, rates: 48.48005289155842, loss: 1.417698704143313, rho: 0.4000000000000001, transmit_actions: 20, P: [0.125, 0.125, 0.15625, 0.125, 0.125, 0.125, 0.125, 0.125, 0.125, 0.125, 0.125, 0.125, 0.125, 0.125, 0.125, 0.125, 0.125, 0.125, 0.125, 0.125]
[TRAIN]: (696/1600): reward: 44.91093319281936, rates: 46.910933099339566, loss: 1.2510324519411318, rho: 0.4000000000000001, transmit_actions: 19, P: [0.125, 0.4375, 0.125, 0.125, 0.125, 0.125, 0.125, 0.125, 0.125, 0.125, 0.125, 0.125, 0.125, 0.125, 0.125, 0.125, 0.125, 0.125, 0.125, 0.125]
[TRAIN]: (697/1600): reward: 38.30639188364148, rates: 41.30639145764122, loss: 1.3845333769827988, rho: 0.4000000000000001, transmit_actions: 20, P: [0.125, 0.125, 0.125, 0.125, 0.125, 0.125, 0.125, 0.84375, 0.125, 0.125, 0.125, 0.125, 0.09375, 0.125, 0.125, 0.125, 0.125, 0.125, 0.125, 0.125]
[TRAIN]: (698/1600): reward: 48.812980219721794, rates: 49.81298008732743, loss: 1.1801312307899146, rho: 0.4000000000000001, transmit_actions: 20, P: [0.125, 0.125, 0.125, 0.125, 0.125, 0.125, 0.125, 0.125, 0.125, 0.125, 0.125, 0.125, 0.125, 0.125, 0.125, 0.125, 0.125, 0.125, 0.125, 0.125]
[TRAIN]: (699/1600): reward: 48.07805521786213, rates: 49.0780557836251, loss: 1.5913113070977363, rho: 0.4000000000000001, transmit_actions: 20, P: [0.125, 0.21875, 0.125, 0.125, 0.125, 0.125, 0.125, 0.15625, 0.125, 0.125, 0.125, 0.125, 0.125, 0.125, 0.125, 0.125, 0.125, 0.125, 0.125, 0.125]
[TRAIN]: (700/1600): reward: 44.8959426432848, rates: 46.895941821484755, loss: 1.4140299415288633, rho: 0.4000000000000001, transmit_actions: 19, P: [0.125, 0.125, 0.9375, 0.125, 0.125, 0.125, 0.125, 0.125, 0.125, 0.125, 0.125, 0.125, 0.125, 0.125, 0.125, 0.125, 0.125, 0.125, 0.125, 0.09375]
[TRAIN]: (701/1600): reward: 39.91376535221934, rates: 42.913765532324085, loss: 1.1655621493950228, rho: 0.4000000000000001, transmit_actions: 20, P: [0.125, 0.125, 0.125, 0.125, 0.6875, 0.15625, 0.125, 0.125, 0.125, 0.125, 0.125, 0.125, 0.78125, 0.125, 0.125, 0.125, 0.125, 0.125, 0.125, 0.125]
[TRAIN]: (702/1600): reward: 50.59204392880201, rates: 51.59204407932741, loss: 1.4691908871155324, rho: 0.4000000000000001, transmit_actions: 20, P: [0.125, 0.125, 0.125, 0.125, 0.125, 0.125, 0.125, 0.125, 0.125, 0.125, 0.125, 0.125, 0.125, 0.125, 0.125, 0.125, 0.125, 0.125, 0.125, 0.125]
[TRAIN]: (703/1600): reward: 42.32879690825939, rates: 45.32879659100932, loss: 1.120134021844824, rho: 0.4000000000000001, transmit_actions: 20, P: [0.0, 0.21875, 0.125, 0.125, 0.125, 0.125, 0.125, 0.125, 0.125, 0.125, 0.15625, 0.125, 0.125, 0.125, 0.125, 0.125, 0.125, 0.125, 0.125, 0.125]
[TRAIN]: (704/1600): reward: 46.6124966442585, rates: 47.61249703743581, loss: 1.3478843897384887, rho: 0.4000000000000001, transmit_actions: 20, P: [0.125, 0.15625, 0.125, 0.125, 0.125, 0.125, 0.21875, 0.125, 0.125, 0.125, 0.125, 0.125, 0.125, 0.125, 0.125, 0.125, 0.125, 0.125, 0.125, 0.125]
[TRAIN]: (705/1600): reward: 42.78188946843147, rates: 46.78188940048924, loss: 1.41366400958294, rho: 0.4000000000000001, transmit_actions: 20, P: [0.125, 0.125, 0.125, 0.125, 0.59375, 0.125, 0.125, 0.34375, 0.125, 0.125, 0.15625, 0.21875, 0.125, 0.125, 0.125, 0.125, 0.09375, 0.125, 0.125, 0.125]
[TRAIN]: (706/1600): reward: 46.08094462379813, rates: 48.08094485692596, loss: 1.4013216482512758, rho: 0.4000000000000001, transmit_actions: 20, P: [0.09375, 0.15625, 0.125, 0.125, 0.125, 0.125, 0.125, 0.125, 0.125, 0.125, 0.125, 0.125, 0.125, 0.125, 0.09375, 0.125, 0.125, 0.125, 0.09375, 0.125]
[TRAIN]: (707/1600): reward: 43.70808048173785, rates: 45.70808102031654, loss: 1.2177555324297693, rho: 0.4000000000000001, transmit_actions: 19, P: [0.125, 0.9375, 0.125, 0.125, 0.125, 0.125, 0.125, 0.125, 0.125, 0.125, 0.125, 0.125, 0.09375, 0.09375, 0.125, 0.125, 0.125, 0.125, 0.09375, 0.125]
[TRAIN]: (708/1600): reward: 42.32418953627348, rates: 44.32418912442172, loss: 1.624421220888299, rho: 0.4000000000000001, transmit_actions: 20, P: [0.09375, 0.125, 0.125, 0.125, 0.125, 0.125, 0.15625, 0.125, 0.125, 0.125, 0.125, 0.09375, 0.125, 0.125, 0.125, 0.09375, 0.09375, 0.125, 0.125, 0.09375]
[TRAIN]: (709/1600): reward: 46.097452003508806, rates: 48.09745176875513, loss: 1.5491919020587133, rho: 0.4000000000000001, transmit_actions: 20, P: [0.09375, 0.125, 0.125, 0.125, 0.125, 0.125, 0.125, 0.125, 0.125, 0.125, 0.125, 0.09375, 0.09375, 0.125, 0.125, 0.125, 0.125, 0.125, 0.125, 0.09375]
[TRAIN]: (710/1600): reward: 48.28202451765537, rates: 49.2820255782039, loss: 1.2237775868471656, rho: 0.4000000000000001, transmit_actions: 20, P: [0.09375, 0.125, 0.125, 0.125, 0.125, 0.125, 0.125, 0.125, 0.125, 0.125, 0.125, 0.125, 0.125, 0.09375, 0.125, 0.125, 0.09375, 0.125, 0.09375, 0.125]
[TRAIN]: (711/1600): reward: 50.687794495373964, rates: 52.68779454003631, loss: 1.3012386061192651, rho: 0.4000000000000001, transmit_actions: 20, P: [0.09375, 0.0625, 0.125, 0.125, 0.125, 0.15625, 0.125, 0.125, 0.125, 0.125, 0.125, 0.125, 0.125, 0.125, 0.125, 0.125, 0.125, 0.125, 0.125, 0.125]
[TRAIN]: (712/1600): reward: 50.03484262153506, rates: 51.034842374294676, loss: 1.5142170586541943, rho: 0.4000000000000001, transmit_actions: 20, P: [0.125, 0.125, 0.125, 0.125, 0.125, 0.125, 0.125, 0.125, 0.125, 0.125, 0.125, 0.125, 0.125, 0.125, 0.125, 0.09375, 0.125, 0.15625, 0.125, 0.09375]
[TRAIN]: (713/1600): reward: 42.29517290741205, rates: 44.29517345451944, loss: 1.5170192205674389, rho: 0.4000000000000001, transmit_actions: 20, P: [0.09375, 0.15625, 0.125, 0.125, 0.125, 0.125, 0.125, 0.125, 0.125, 0.125, 0.125, 0.125, 0.09375, 0.09375, 0.09375, 0.125, 0.15625, 0.15625, 0.09375, 0.125]
[TRAIN]: (714/1600): reward: 46.907996360212564, rates: 47.90799632163154, loss: 1.4432121552540618, rho: 0.4000000000000001, transmit_actions: 20, P: [0.09375, 0.125, 0.125, 0.125, 0.125, 0.125, 0.125, 0.125, 0.125, 0.125, 0.125, 0.09375, 0.15625, 0.15625, 0.15625, 0.125, 0.15625, 0.09375, 0.125, 0.125]
[TRAIN]: (715/1600): reward: 48.6581686809659, rates: 49.65816787503204, loss: 1.5366058766984847, rho: 0.4000000000000001, transmit_actions: 20, P: [0.125, 0.125, 0.125, 0.125, 0.125, 0.125, 0.125, 0.125, 0.125, 0.125, 0.125, 0.09375, 0.125, 0.125, 0.09375, 0.125, 0.15625, 0.125, 0.15625, 0.125]
[TRAIN]: (716/1600): reward: 44.621820610016584, rates: 47.62182109016217, loss: 1.4599271168087842, rho: 0.4000000000000001, transmit_actions: 20, P: [0.09375, 0.15625, 0.15625, 0.15625, 0.125, 0.15625, 0.6875, 0.125, 0.125, 0.125, 0.125, 0.15625, 0.15625, 0.125, 0.125, 0.125, 0.125, 0.15625, 0.125, 0.125]
[TRAIN]: (717/1600): reward: 46.953323524445295, rates: 47.95332302264585, loss: 1.269601499004224, rho: 0.4000000000000001, transmit_actions: 20, P: [0.125, 0.21875, 0.125, 0.125, 0.125, 0.125, 0.125, 0.125, 0.125, 0.125, 0.125, 0.09375, 0.09375, 0.0625, 0.09375, 0.125, 0.09375, 0.09375, 0.125, 0.15625]
[TRAIN]: (718/1600): reward: 50.99570647627115, rates: 51.99570630586513, loss: 1.566113791939071, rho: 0.4000000000000001, transmit_actions: 20, P: [0.09375, 0.125, 0.125, 0.125, 0.125, 0.125, 0.125, 0.125, 0.125, 0.125, 0.125, 0.09375, 0.125, 0.125, 0.09375, 0.15625, 0.125, 0.125, 0.125, 0.125]
[TRAIN]: (719/1600): reward: 42.814676858484745, rates: 45.81467710876909, loss: 1.4618386117961721, rho: 0.4000000000000001, transmit_actions: 19, P: [0.125, 0.9375, 0.125, 0.125, 0.125, 0.15625, 0.125, 0.125, 0.125, 0.125, 0.125, 0.09375, 0.0625, 0.09375, 0.0625, 0.125, 0.125, 0.125, 0.09375, 0.09375]
[TRAIN]: (720/1600): reward: 50.62376106902957, rates: 51.6237612849701, loss: 1.3233866022281047, rho: 0.4000000000000001, transmit_actions: 20, P: [0.09375, 0.125, 0.125, 0.125, 0.125, 0.125, 0.125, 0.125, 0.125, 0.125, 0.125, 0.125, 0.125, 0.125, 0.125, 0.125, 0.125, 0.125, 0.125, 0.125]
[TRAIN]: (721/1600): reward: 45.92023082077503, rates: 46.92023113533186, loss: 1.3875509765396743, rho: 0.4000000000000001, transmit_actions: 20, P: [0.09375, 0.125, 0.125, 0.125, 0.125, 0.125, 0.125, 0.125, 0.125, 0.125, 0.125, 0.09375, 0.09375, 0.09375, 0.09375, 0.125, 0.125, 0.09375, 0.09375, 0.125]
[TRAIN]: (722/1600): reward: 47.52088103443384, rates: 48.52088143956142, loss: 1.297715832384697, rho: 0.4000000000000001, transmit_actions: 20, P: [0.09375, 0.15625, 0.125, 0.125, 0.125, 0.125, 0.125, 0.125, 0.125, 0.125, 0.125, 0.125, 0.125, 0.09375, 0.125, 0.09375, 0.09375, 0.09375, 0.1875, 0.09375]
[TRAIN]: (723/1600): reward: 49.271808594465256, rates: 51.271808096411704, loss: 1.3737895641222773, rho: 0.4000000000000001, transmit_actions: 20, P: [0.09375, 0.125, 0.125, 0.1875, 0.125, 0.125, 0.125, 0.125, 0.125, 0.125, 0.09375, 0.09375, 0.125, 0.09375, 0.09375, 0.125, 0.09375, 0.125, 0.125, 0.125]
[TRAIN]: (724/1600): reward: 52.822814490646124, rates: 53.822814580613894, loss: 1.5140114966689817, rho: 0.4000000000000001, transmit_actions: 20, P: [0.09375, 0.0625, 0.125, 0.125, 0.125, 0.125, 0.125, 0.125, 0.125, 0.125, 0.125, 0.09375, 0.125, 0.09375, 0.09375, 0.09375, 0.125, 0.125, 0.125, 0.125]
[TRAIN]: (725/1600): reward: 48.12450388073921, rates: 49.1245039105591, loss: 1.3712181943590234, rho: 0.4000000000000001, transmit_actions: 20, P: [0.09375, 0.125, 0.15625, 0.125, 0.125, 0.125, 0.125, 0.125, 0.125, 0.125, 0.125, 0.125, 0.125, 0.09375, 0.09375, 0.1875, 0.125, 0.15625, 0.125, 0.125]
[TRAIN]: (726/1600): reward: 50.97531093657017, rates: 51.97531120832584, loss: 1.5492310543092833, rho: 0.4000000000000001, transmit_actions: 20, P: [0.09375, 0.0625, 0.125, 0.125, 0.125, 0.15625, 0.125, 0.125, 0.125, 0.125, 0.125, 0.125, 0.0625, 0.125, 0.125, 0.125, 0.125, 0.125, 0.125, 0.125]
[TRAIN]: (727/1600): reward: 48.61754648387432, rates: 49.61754618912145, loss: 1.423301376863066, rho: 0.4000000000000001, transmit_actions: 20, P: [0.125, 0.0625, 0.0625, 0.125, 0.125, 0.125, 0.125, 0.125, 0.125, 0.125, 0.125, 0.09375, 0.125, 0.125, 0.125, 0.125, 0.125, 0.125, 0.125, 0.0625]
[TRAIN]: (728/1600): reward: 47.57296399772167, rates: 49.57296469404336, loss: 1.3695934146414086, rho: 0.4000000000000001, transmit_actions: 20, P: [0.125, 0.125, 0.125, 0.125, 0.125, 0.125, 0.125, 0.15625, 0.125, 0.125, 0.125, 0.125, 0.125, 0.125, 0.0625, 0.125, 0.125, 0.125, 0.125, 0.125]
[TRAIN]: (729/1600): reward: 47.12791656702757, rates: 48.12791726540787, loss: 1.3309206865634182, rho: 0.4000000000000001, transmit_actions: 20, P: [0.125, 0.125, 0.125, 0.125, 0.125, 0.125, 0.125, 0.0625, 0.125, 0.125, 0.125, 0.09375, 0.125, 0.125, 0.09375, 0.125, 0.125, 0.125, 0.09375, 0.125]
[TRAIN]: (730/1600): reward: 50.27985204011202, rates: 51.27985253035669, loss: 1.4709567328491269, rho: 0.4000000000000001, transmit_actions: 20, P: [0.09375, 0.125, 0.125, 0.0625, 0.125, 0.125, 0.15625, 0.0625, 0.125, 0.125, 0.125, 0.125, 0.09375, 0.125, 0.125, 0.09375, 0.09375, 0.09375, 0.125, 0.125]
[TRAIN]: (731/1600): reward: 45.887536849826574, rates: 46.887537084519636, loss: 1.497307661771983, rho: 0.4000000000000001, transmit_actions: 20, P: [0.09375, 0.125, 0.125, 0.125, 0.0625, 0.125, 0.125, 0.125, 0.125, 0.125, 0.125, 0.125, 0.125, 0.125, 0.125, 0.125, 0.125, 0.125, 0.125, 0.125]
[TRAIN]: (732/1600): reward: 44.923419546335936, rates: 46.923419418493125, loss: 1.3799076464048796, rho: 0.4000000000000001, transmit_actions: 19, P: [0.125, 0.9375, 0.125, 0.125, 0.125, 0.15625, 0.125, 0.0625, 0.125, 0.125, 0.125, 0.125, 0.125, 0.125, 0.125, 0.125, 0.125, 0.125, 0.125, 0.125]
[TRAIN]: (733/1600): reward: 33.02854616753757, rates: 38.0285463699451, loss: 1.3992801126190262, rho: 0.4000000000000001, transmit_actions: 20, P: [0.125, 0.09375, 0.125, 0.125, 0.125, 0.125, 0.125, 0.125, 0.125, 0.125, 0.125, 0.125, 0.15625, 0.0625, 0.125, 0.125, 0.09375, 0.125, 0.125, 0.125]
[TRAIN]: (734/1600): reward: 43.537558794021606, rates: 46.53755850517558, loss: 1.5117714920056446, rho: 0.4000000000000001, transmit_actions: 20, P: [0.125, 0.125, 0.0625, 0.125, 0.125, 0.125, 0.96875, 0.125, 0.15625, 0.125, 0.125, 0.09375, 0.125, 0.125, 0.125, 0.09375, 0.125, 0.125, 0.125, 0.125]
[TRAIN]: (735/1600): reward: 49.78900529444218, rates: 50.789005577986885, loss: 1.4900526200147237, rho: 0.4000000000000001, transmit_actions: 20, P: [0.125, 0.125, 0.125, 0.125, 0.125, 0.15625, 0.125, 0.125, 0.125, 0.125, 0.125, 0.125, 0.09375, 0.125, 0.125, 0.125, 0.125, 0.09375, 0.125, 0.125]
[TRAIN]: (736/1600): reward: 45.05289243534207, rates: 46.05289252211905, loss: 1.2706585304592752, rho: 0.4000000000000001, transmit_actions: 20, P: [0.125, 0.125, 0.125, 0.125, 0.125, 0.125, 0.125, 0.125, 0.125, 0.125, 0.125, 0.125, 0.125, 0.125, 0.125, 0.125, 0.125, 0.09375, 0.125, 0.125]
[TRAIN]: (737/1600): reward: 45.672874085605145, rates: 46.67287313377293, loss: 1.3706872446640197, rho: 0.4000000000000001, transmit_actions: 20, P: [0.125, 0.125, 0.125, 0.125, 0.125, 0.125, 0.125, 0.125, 0.125, 0.125, 0.125, 0.125, 0.125, 0.125, 0.125, 0.125, 0.125, 0.125, 0.125, 0.125]
[TRAIN]: (738/1600): reward: 46.58887806069106, rates: 47.58887789457502, loss: 1.3903832829496086, rho: 0.4000000000000001, transmit_actions: 20, P: [0.125, 0.125, 0.125, 0.125, 0.125, 0.125, 0.125, 0.125, 0.125, 0.125, 0.125, 0.125, 0.125, 0.125, 0.125, 0.125, 0.09375, 0.125, 0.125, 0.09375]
[TRAIN]: (739/1600): reward: 47.33256771788001, rates: 48.332567686427154, loss: 1.2095453999107157, rho: 0.4000000000000001, transmit_actions: 20, P: [0.125, 0.15625, 0.0625, 0.125, 0.125, 0.09375, 0.125, 0.125, 0.125, 0.125, 0.125, 0.125, 0.15625, 0.09375, 0.125, 0.125, 0.09375, 0.125, 0.125, 0.09375]
[TRAIN]: (740/1600): reward: 37.990101642906666, rates: 41.99010165006381, loss: 1.295885275483969, rho: 0.4000000000000001, transmit_actions: 19, P: [0.125, 0.09375, 0.125, 0.125, 0.125, 0.125, 0.125, 0.125, 0.0625, 0.125, 0.0625, 0.125, 0.125, 0.09375, 0.15625, 0.09375, 0.09375, 0.09375, 0.125, 0.125]
[TRAIN]: (741/1600): reward: 47.57870340719819, rates: 48.578703857780766, loss: 1.1074285967704354, rho: 0.4000000000000001, transmit_actions: 20, P: [0.125, 0.0625, 0.125, 0.125, 0.125, 0.125, 0.125, 0.125, 0.125, 0.125, 0.125, 0.125, 0.125, 0.125, 0.09375, 0.125, 0.125, 0.09375, 0.125, 0.125]
[TRAIN]: (742/1600): reward: 48.067134104669094, rates: 50.06713399853566, loss: 1.0707226673531838, rho: 0.4000000000000001, transmit_actions: 20, P: [0.125, 0.09375, 0.125, 0.125, 0.125, 0.125, 0.125, 0.125, 0.125, 0.125, 0.125, 0.0625, 0.125, 0.125, 0.125, 0.125, 0.125, 0.125, 0.125, 0.125]
[TRAIN]: (743/1600): reward: 49.68322580307722, rates: 51.683225558189775, loss: 1.3978861321896994, rho: 0.4000000000000001, transmit_actions: 19, P: [0.09375, 0.9375, 0.125, 0.125, 0.0625, 0.125, 0.125, 0.125, 0.125, 0.125, 0.125, 0.125, 0.125, 0.125, 0.125, 0.125, 0.125, 0.125, 0.125, 0.125]
[TRAIN]: (744/1600): reward: 46.947801215574145, rates: 47.94780123655828, loss: 1.715206620151085, rho: 0.4000000000000001, transmit_actions: 19, P: [0.125, 1.0, 0.125, 0.125, 0.125, 0.125, 0.125, 0.125, 0.125, 0.125, 0.125, 0.125, 0.125, 0.125, 0.125, 0.125, 0.125, 0.125, 0.125, 0.125]
[TRAIN]: (745/1600): reward: 44.65167027339339, rates: 46.651670316567774, loss: 1.0984936203068323, rho: 0.4000000000000001, transmit_actions: 20, P: [0.125, 0.125, 0.125, 0.125, 0.125, 0.125, 0.125, 0.125, 0.125, 0.125, 0.125, 0.125, 0.125, 0.09375, 0.125, 0.125, 0.125, 0.125, 0.125, 0.125]
[TRAIN]: (746/1600): reward: 42.89196418225765, rates: 45.8919646086154, loss: 1.4693198175885827, rho: 0.4000000000000001, transmit_actions: 20, P: [0.125, 0.375, 0.125, 0.15625, 0.15625, 0.15625, 0.125, 0.125, 0.125, 0.15625, 0.0625, 0.125, 0.125, 0.09375, 0.125, 0.125, 0.125, 0.125, 0.125, 0.15625]
[TRAIN]: (747/1600): reward: 42.93830972537398, rates: 47.938310005222796, loss: 1.5310855878046479, rho: 0.4000000000000001, transmit_actions: 20, P: [0.125, 0.375, 0.0625, 0.15625, 0.34375, 0.0625, 0.125, 0.125, 0.125, 0.15625, 0.125, 0.125, 0.125, 0.09375, 0.125, 0.125, 0.125, 0.125, 0.09375, 0.15625]
[TRAIN]: (748/1600): reward: 46.2630783803761, rates: 48.26307846704659, loss: 1.3931336846420739, rho: 0.4000000000000001, transmit_actions: 19, P: [0.125, 1.0, 0.125, 0.125, 0.21875, 0.125, 0.125, 0.125, 0.15625, 0.15625, 0.125, 0.125, 0.125, 0.125, 0.125, 0.125, 0.125, 0.09375, 0.125, 0.125]
[TRAIN]: (749/1600): reward: 50.20798468962312, rates: 51.20798377885687, loss: 1.1192713785239419, rho: 0.4000000000000001, transmit_actions: 19, P: [0.125, 0.9375, 0.15625, 0.125, 0.125, 0.15625, 0.125, 0.125, 0.125, 0.125, 0.125, 0.125, 0.09375, 0.125, 0.125, 0.125, 0.125, 0.125, 0.09375, 0.125]
[TRAIN]: (750/1600): reward: 34.7099370919168, rates: 37.70993732623233, loss: 1.5553138704510998, rho: 0.4000000000000001, transmit_actions: 20, P: [0.125, 0.125, 0.125, 0.15625, 0.125, 0.15625, 0.125, 0.125, 0.125, 0.125, 0.125, 0.125, 0.125, 0.125, 0.125, 0.125, 0.15625, 0.125, 0.09375, 0.125]
[TRAIN]: (751/1600): reward: 41.40969171002507, rates: 43.40969140982514, loss: 1.4980352794275087, rho: 0.4000000000000001, transmit_actions: 20, P: [0.09375, 0.125, 0.125, 0.125, 0.125, 0.125, 0.125, 0.125, 0.125, 0.125, 0.125, 0.125, 0.125, 0.125, 0.125, 0.09375, 0.125, 0.09375, 0.125, 0.125]
[TRAIN]: (752/1600): reward: 48.87405169010162, rates: 49.87405175231807, loss: 1.3932744262421313, rho: 0.4000000000000001, transmit_actions: 20, P: [0.125, 0.125, 0.125, 0.125, 0.125, 0.125, 0.125, 0.125, 0.125, 0.125, 0.125, 0.125, 0.125, 0.125, 0.125, 0.125, 0.125, 0.125, 0.125, 0.125]
[TRAIN]: (753/1600): reward: 45.116603035479784, rates: 47.11660302496506, loss: 1.4472507289146996, rho: 0.4000000000000001, transmit_actions: 19, P: [0.125, 0.125, 0.53125, 0.125, 0.125, 0.09375, 0.125, 0.125, 0.125, 0.125, 0.125, 0.125, 0.125, 0.125, 0.125, 0.125, 0.125, 0.125, 0.125, 0.125]
[TRAIN]: (754/1600): reward: 44.76803035289049, rates: 47.768030792140955, loss: 1.2546197241259165, rho: 0.4000000000000001, transmit_actions: 20, P: [0.125, 0.34375, 0.15625, 0.125, 0.125, 0.125, 0.15625, 0.15625, 0.125, 0.125, 0.15625, 0.125, 0.125, 0.125, 0.125, 0.125, 0.15625, 0.125, 0.15625, 0.125]
[TRAIN]: (755/1600): reward: 45.12013794854283, rates: 47.12013870616956, loss: 1.3529086410093072, rho: 0.4000000000000001, transmit_actions: 19, P: [0.125, 0.125, 0.125, 0.125, 0.125, 0.125, 0.125, 0.59375, 0.125, 0.125, 0.125, 0.125, 0.125, 0.125, 0.09375, 0.125, 0.125, 0.125, 0.125, 0.125]
[TRAIN]: (756/1600): reward: 45.19478717446327, rates: 48.19478775392313, loss: 1.2673083771835065, rho: 0.4000000000000001, transmit_actions: 19, P: [0.125, 0.125, 0.125, 0.125, 0.125, 0.125, 0.125, 0.125, 0.15625, 0.125, 0.125, 0.09375, 0.125, 0.125, 0.125, 0.125, 0.65625, 0.125, 0.125, 0.125]
[TRAIN]: (757/1600): reward: 47.08385360240936, rates: 49.083853520352, loss: 1.4143896080498255, rho: 0.4000000000000001, transmit_actions: 20, P: [0.125, 0.125, 0.125, 0.125, 0.15625, 0.15625, 0.125, 0.125, 0.125, 0.125, 0.125, 0.09375, 0.09375, 0.09375, 0.125, 0.125, 0.125, 0.125, 0.15625, 0.125]
[TRAIN]: (758/1600): reward: 36.96237105131149, rates: 39.962371271347386, loss: 1.4110510013068653, rho: 0.4000000000000001, transmit_actions: 19, P: [0.125, 0.9375, 0.125, 0.125, 0.125, 0.125, 0.15625, 0.125, 0.125, 0.15625, 0.125, 0.125, 0.125, 0.125, 0.125, 0.125, 0.125, 0.0625, 0.09375, 0.125]
[TRAIN]: (759/1600): reward: 46.05889289081097, rates: 47.05889330457153, loss: 1.1751677077929354, rho: 0.4000000000000001, transmit_actions: 20, P: [0.5, 0.125, 0.125, 0.125, 0.125, 0.125, 0.125, 0.125, 0.125, 0.125, 0.125, 0.125, 0.09375, 0.125, 0.125, 0.125, 0.125, 0.125, 0.125, 0.09375]
[TRAIN]: (760/1600): reward: 52.60329603776336, rates: 53.60329617439131, loss: 1.3952919201076548, rho: 0.4000000000000001, transmit_actions: 20, P: [0.125, 0.0625, 0.125, 0.125, 0.0625, 0.125, 0.125, 0.125, 0.15625, 0.0625, 0.125, 0.125, 0.125, 0.125, 0.125, 0.09375, 0.125, 0.125, 0.125, 0.125]
[TRAIN]: (761/1600): reward: 39.79761254787445, rates: 42.79761297263494, loss: 1.3110909305715324, rho: 0.4000000000000001, transmit_actions: 20, P: [0.125, 0.0625, 0.125, 0.125, 0.15625, 0.125, 0.125, 0.125, 0.125, 0.125, 0.125, 0.09375, 0.125, 0.125, 0.15625, 0.125, 0.0625, 0.15625, 0.0625, 0.125]
[TRAIN]: (762/1600): reward: 46.998874597251415, rates: 47.99887435691718, loss: 1.3010951881486683, rho: 0.4000000000000001, transmit_actions: 20, P: [0.125, 0.125, 0.125, 0.125, 0.125, 0.125, 0.125, 0.125, 0.125, 0.125, 0.125, 0.125, 0.125, 0.125, 0.125, 0.125, 0.125, 0.125, 0.125, 0.09375]
[TRAIN]: (763/1600): reward: 43.77301415801048, rates: 45.773014707880705, loss: 1.275995030670732, rho: 0.4000000000000001, transmit_actions: 20, P: [0.09375, 0.0, 0.15625, 0.125, 0.15625, 0.125, 0.125, 0.125, 0.15625, 0.125, 0.125, 0.15625, 0.15625, 0.125, 0.125, 0.15625, 0.125, 0.125, 0.15625, 0.15625]
[TRAIN]: (764/1600): reward: 47.876779617741704, rates: 48.876779355127795, loss: 1.3519295729550334, rho: 0.4000000000000001, transmit_actions: 19, P: [0.09375, 0.96875, 0.15625, 0.0625, 0.15625, 0.09375, 0.125, 0.125, 0.125, 0.125, 0.15625, 0.125, 0.125, 0.125, 0.125, 0.125, 0.125, 0.125, 0.125, 0.1875]
[TRAIN]: (765/1600): reward: 49.19754831492901, rates: 50.19754875661809, loss: 1.5046675704005046, rho: 0.4000000000000001, transmit_actions: 20, P: [0.125, 0.15625, 0.125, 0.15625, 0.125, 0.125, 0.125, 0.125, 0.125, 0.15625, 0.15625, 0.125, 0.125, 0.125, 0.09375, 0.125, 0.125, 0.125, 0.125, 0.125]
[TRAIN]: (766/1600): reward: 46.55281797796488, rates: 48.55281866681135, loss: 1.2160685383796075, rho: 0.4000000000000001, transmit_actions: 19, P: [0.09375, 0.125, 0.9375, 0.0625, 0.125, 0.125, 0.125, 0.125, 0.125, 0.125, 0.125, 0.125, 0.125, 0.09375, 0.09375, 0.125, 0.125, 0.125, 0.125, 0.125]
[TRAIN]: (767/1600): reward: 44.67180767841637, rates: 47.671807684523216, loss: 1.172805978545664, rho: 0.4000000000000001, transmit_actions: 20, P: [0.125, 0.125, 0.125, 0.125, 0.125, 0.125, 0.125, 0.125, 0.09375, 0.125, 0.125, 0.125, 0.125, 0.125, 0.125, 0.125, 0.125, 0.125, 0.125, 0.09375]
[TRAIN]: (768/1600): reward: 40.43582221493125, rates: 43.43582183890736, loss: 1.344911603797107, rho: 0.4000000000000001, transmit_actions: 20, P: [0.125, 0.0, 0.15625, 0.125, 0.125, 0.125, 0.125, 0.125, 0.125, 0.125, 0.125, 0.125, 0.125, 0.125, 0.125, 0.125, 0.125, 0.09375, 0.125, 0.09375]
[TRAIN]: (769/1600): reward: 45.61934518814087, rates: 46.619345342569936, loss: 1.539758898837536, rho: 0.4000000000000001, transmit_actions: 20, P: [0.125, 0.0, 0.15625, 0.125, 0.125, 0.125, 0.125, 0.125, 0.125, 0.125, 0.125, 0.125, 0.125, 0.125, 0.125, 0.125, 0.125, 0.125, 0.09375, 0.125]
[TRAIN]: (770/1600): reward: 45.64235632121563, rates: 46.64235674519273, loss: 1.2377960486642803, rho: 0.4000000000000001, transmit_actions: 20, P: [0.125, 0.125, 0.125, 0.125, 0.125, 0.125, 0.125, 0.125, 0.125, 0.125, 0.125, 0.125, 0.125, 0.09375, 0.125, 0.125, 0.09375, 0.09375, 0.125, 0.125]
[TRAIN]: (771/1600): reward: 35.57471186667681, rates: 38.57471216098218, loss: 1.3770144673534497, rho: 0.4000000000000001, transmit_actions: 20, P: [0.09375, 0.09375, 0.125, 0.125, 0.125, 0.125, 0.0625, 0.0625, 0.0625, 0.125, 0.125, 0.125, 0.125, 0.125, 0.0625, 0.125, 0.125, 0.125, 0.125, 0.09375]
[TRAIN]: (772/1600): reward: 47.267646212130785, rates: 49.267646592718094, loss: 1.4234283266184884, rho: 0.4000000000000001, transmit_actions: 20, P: [0.125, 0.125, 0.15625, 0.125, 0.09375, 0.125, 0.125, 0.125, 0.125, 0.125, 0.125, 0.125, 0.125, 0.125, 0.125, 0.125, 0.125, 0.125, 0.125, 0.125]
[TRAIN]: (773/1600): reward: 42.32226286828518, rates: 44.32226291625244, loss: 1.4733312810632087, rho: 0.4000000000000001, transmit_actions: 20, P: [0.125, 0.15625, 0.125, 0.125, 0.125, 0.125, 0.125, 0.125, 0.125, 0.125, 0.125, 0.125, 0.125, 0.125, 0.125, 0.125, 0.125, 0.125, 0.125, 0.125]
[TRAIN]: (774/1600): reward: 36.84309824556112, rates: 39.84309762390668, loss: 1.194971510292441, rho: 0.4000000000000001, transmit_actions: 20, P: [0.125, 0.125, 0.125, 0.125, 0.125, 0.125, 0.125, 0.125, 0.125, 0.15625, 0.125, 0.125, 0.125, 0.125, 0.125, 0.0625, 0.09375, 0.625, 0.125, 0.125]
[TRAIN]: (775/1600): reward: 42.720825754106045, rates: 43.72082567030186, loss: 1.602555521461704, rho: 0.4000000000000001, transmit_actions: 20, P: [0.125, 0.125, 0.125, 0.125, 0.125, 0.125, 0.125, 0.09375, 0.125, 0.125, 0.125, 0.125, 0.09375, 0.125, 0.09375, 0.09375, 0.09375, 0.125, 0.0625, 0.09375]
[TRAIN]: (776/1600): reward: 42.8879090026021, rates: 44.88790933312655, loss: 1.2042926356635373, rho: 0.4000000000000001, transmit_actions: 20, P: [0.09375, 0.125, 0.15625, 0.125, 0.125, 0.15625, 0.0625, 0.125, 0.125, 0.125, 0.15625, 0.125, 0.15625, 0.09375, 0.125, 0.125, 0.125, 0.09375, 0.09375, 0.09375]
[TRAIN]: (777/1600): reward: 51.125490203499794, rates: 52.12549065699693, loss: 1.4637132001394164, rho: 0.4000000000000001, transmit_actions: 19, P: [0.125, 0.96875, 0.125, 0.125, 0.0625, 0.0625, 0.125, 0.125, 0.125, 0.125, 0.125, 0.125, 0.09375, 0.125, 0.125, 0.125, 0.125, 0.125, 0.09375, 0.125]
[TRAIN]: (778/1600): reward: 43.223850414156914, rates: 45.22385006785727, loss: 1.3322354793552487, rho: 0.4000000000000001, transmit_actions: 20, P: [0.125, 0.15625, 0.125, 0.125, 0.125, 0.125, 0.125, 0.125, 0.125, 0.0625, 0.125, 0.09375, 0.125, 0.09375, 0.09375, 0.125, 0.09375, 0.09375, 0.09375, 0.125]
[TRAIN]: (779/1600): reward: 46.121062168851495, rates: 47.12106159105047, loss: 1.3214853084063831, rho: 0.4000000000000001, transmit_actions: 19, P: [0.09375, 1.0, 0.125, 0.125, 0.09375, 0.125, 0.125, 0.125, 0.125, 0.125, 0.125, 0.125, 0.125, 0.125, 0.125, 0.125, 0.125, 0.09375, 0.125, 0.09375]
[TRAIN]: (780/1600): reward: 47.31916005536914, rates: 50.319160267054066, loss: 1.2553328788817628, rho: 0.4000000000000001, transmit_actions: 20, P: [0.125, 0.15625, 0.125, 0.125, 0.125, 0.125, 0.125, 0.15625, 0.0625, 0.125, 0.125, 0.125, 0.125, 0.125, 0.125, 0.125, 0.125, 0.125, 0.125, 0.125]
[TRAIN]: (781/1600): reward: 41.44633935391903, rates: 45.4463395046549, loss: 1.4042806998659052, rho: 0.4000000000000001, transmit_actions: 20, P: [0.125, 0.125, 0.125, 0.125, 0.75, 0.125, 0.125, 0.125, 0.125, 0.125, 0.125, 0.09375, 0.125, 0.125, 0.125, 0.125, 0.125, 0.125, 0.125, 0.125]
[TRAIN]: (782/1600): reward: 42.643899485468864, rates: 45.6438994826202, loss: 1.4058388946706522, rho: 0.4000000000000001, transmit_actions: 20, P: [0.125, 0.625, 0.125, 0.125, 0.125, 0.125, 0.125, 0.125, 0.125, 0.125, 0.125, 0.125, 0.125, 0.125, 0.125, 0.09375, 0.125, 0.125, 0.125, 0.125]
[TRAIN]: (783/1600): reward: 46.54060874506831, rates: 48.540608857200645, loss: 1.4263996132596666, rho: 0.4000000000000001, transmit_actions: 19, P: [0.125, 1.0, 0.15625, 0.125, 0.125, 0.125, 0.125, 0.125, 0.125, 0.125, 0.125, 0.125, 0.125, 0.125, 0.09375, 0.09375, 0.09375, 0.125, 0.125, 0.125]
[TRAIN]: (784/1600): reward: 46.32179555296898, rates: 47.321795829944335, loss: 1.324528958646448, rho: 0.4000000000000001, transmit_actions: 20, P: [0.125, 0.125, 0.15625, 0.125, 0.09375, 0.125, 0.125, 0.125, 0.125, 0.125, 0.125, 0.09375, 0.09375, 0.09375, 0.125, 0.09375, 0.125, 0.125, 0.09375, 0.125]
[TRAIN]: (785/1600): reward: 46.82252410799265, rates: 47.822524097635146, loss: 1.3897711282776295, rho: 0.4000000000000001, transmit_actions: 20, P: [0.09375, 0.09375, 0.125, 0.125, 0.125, 0.125, 0.125, 0.125, 0.125, 0.125, 0.125, 0.09375, 0.09375, 0.125, 0.09375, 0.09375, 0.125, 0.125, 0.125, 0.09375]
[TRAIN]: (786/1600): reward: 45.31262331455946, rates: 46.312623278474305, loss: 1.2247345792702202, rho: 0.4000000000000001, transmit_actions: 20, P: [0.09375, 0.125, 0.125, 0.0625, 0.125, 0.125, 0.09375, 0.125, 0.125, 0.125, 0.0625, 0.125, 0.125, 0.09375, 0.09375, 0.125, 0.125, 0.125, 0.09375, 0.125]
[TRAIN]: (787/1600): reward: 46.3846154846251, rates: 47.38461499764487, loss: 1.3437637838378405, rho: 0.4000000000000001, transmit_actions: 20, P: [0.125, 0.125, 0.125, 0.125, 0.125, 0.125, 0.125, 0.125, 0.125, 0.125, 0.125, 0.125, 0.15625, 0.09375, 0.09375, 0.125, 0.09375, 0.125, 0.09375, 0.125]
[TRAIN]: (788/1600): reward: 33.60388686694205, rates: 36.60388664697395, loss: 1.4910356316011188, rho: 0.4000000000000001, transmit_actions: 20, P: [0.125, 0.125, 0.125, 0.125, 0.125, 0.125, 0.125, 0.125, 0.125, 0.125, 0.0625, 0.125, 0.09375, 0.59375, 0.125, 0.125, 0.09375, 0.125, 0.125, 0.125]
[TRAIN]: (789/1600): reward: 47.565016865730286, rates: 48.56501735406637, loss: 1.5313168604956542, rho: 0.4000000000000001, transmit_actions: 20, P: [0.125, 0.09375, 0.125, 0.125, 0.125, 0.125, 0.125, 0.125, 0.125, 0.125, 0.125, 0.09375, 0.125, 0.125, 0.125, 0.09375, 0.09375, 0.125, 0.09375, 0.09375]
[TRAIN]: (790/1600): reward: 48.64184816367924, rates: 49.64184749958679, loss: 1.30312598094621, rho: 0.4000000000000001, transmit_actions: 20, P: [0.125, 0.125, 0.125, 0.125, 0.125, 0.09375, 0.0625, 0.125, 0.125, 0.125, 0.125, 0.09375, 0.125, 0.125, 0.15625, 0.125, 0.125, 0.09375, 0.125, 0.125]
[TRAIN]: (791/1600): reward: 42.14145521633327, rates: 44.141455984611824, loss: 1.2302168170667502, rho: 0.4000000000000001, transmit_actions: 18, P: [0.125, 0.96875, 0.125, 0.125, 0.125, 0.125, 0.125, 0.125, 0.125, 0.125, 0.59375, 0.125, 0.125, 0.125, 0.125, 0.125, 0.09375, 0.09375, 0.125, 0.09375]
[TRAIN]: (792/1600): reward: 47.14122951775789, rates: 49.14122927337198, loss: 1.3175811951415897, rho: 0.4000000000000001, transmit_actions: 20, P: [0.125, 0.09375, 0.125, 0.125, 0.125, 0.125, 0.125, 0.125, 0.125, 0.125, 0.125, 0.125, 0.34375, 0.125, 0.125, 0.125, 0.09375, 0.125, 0.09375, 0.125]
[TRAIN]: (793/1600): reward: 42.614701841026545, rates: 44.61470152721115, loss: 1.3514857106372822, rho: 0.4000000000000001, transmit_actions: 20, P: [0.125, 0.125, 0.125, 0.125, 0.125, 0.125, 0.125, 0.125, 0.125, 0.125, 0.15625, 0.125, 0.125, 0.125, 0.34375, 0.09375, 0.09375, 0.09375, 0.125, 0.125]
[TRAIN]: (794/1600): reward: 33.18820308893919, rates: 37.18820325091967, loss: 1.3589458458826407, rho: 0.4000000000000001, transmit_actions: 20, P: [0.125, 0.125, 0.125, 0.125, 0.125, 0.125, 0.125, 0.125, 0.125, 0.125, 0.96875, 0.125, 0.125, 0.15625, 0.09375, 0.125, 0.125, 0.125, 0.15625, 0.09375]
[TRAIN]: (795/1600): reward: 52.27000850439072, rates: 53.27000809183018, loss: 1.4089708510624621, rho: 0.4000000000000001, transmit_actions: 20, P: [0.125, 0.125, 0.125, 0.125, 0.125, 0.125, 0.15625, 0.125, 0.125, 0.125, 0.125, 0.125, 0.15625, 0.125, 0.125, 0.125, 0.125, 0.125, 0.125, 0.09375]
[TRAIN]: (796/1600): reward: 41.27060063183308, rates: 43.27060077133513, loss: 1.3232946450419258, rho: 0.4000000000000001, transmit_actions: 20, P: [0.125, 0.125, 0.125, 0.125, 0.125, 0.125, 0.125, 0.125, 0.125, 0.125, 0.125, 0.125, 0.125, 0.125, 0.125, 0.09375, 0.125, 0.125, 0.125, 0.125]
[TRAIN]: (797/1600): reward: 47.269657641649246, rates: 48.26965772252156, loss: 1.4077165127844071, rho: 0.4000000000000001, transmit_actions: 20, P: [0.125, 0.0625, 0.125, 0.125, 0.125, 0.125, 0.125, 0.125, 0.125, 0.125, 0.125, 0.125, 0.125, 0.125, 0.125, 0.125, 0.125, 0.09375, 0.125, 0.15625]
[TRAIN]: (798/1600): reward: 43.57943709939718, rates: 46.57943779367025, loss: 1.355541629868036, rho: 0.4000000000000001, transmit_actions: 20, P: [0.125, 0.125, 0.125, 0.125, 0.125, 0.125, 0.125, 0.125, 0.125, 0.15625, 0.125, 0.125, 0.125, 0.125, 0.125, 0.125, 0.125, 0.125, 0.125, 0.09375]
[TRAIN]: (799/1600): reward: 42.90147326141596, rates: 44.90147321213454, loss: 1.428418938873458, rho: 0.4000000000000001, transmit_actions: 20, P: [0.125, 0.125, 0.125, 0.125, 0.125, 0.125, 0.125, 0.15625, 0.125, 0.125, 0.125, 0.125, 0.125, 0.09375, 0.125, 0.125, 0.09375, 0.125, 0.125, 0.09375]
[TRAIN]: (800/1600): reward: 43.95721707493067, rates: 46.9572174175091, loss: 1.2022510432840545, rho: 0.4000000000000001, transmit_actions: 20, P: [0.125, 0.125, 0.125, 0.125, 0.125, 0.125, 0.125, 0.125, 0.125, 0.125, 0.125, 0.125, 0.125, 0.125, 0.125, 0.125, 0.125, 0.125, 0.125, 0.125]
[TRAIN]: (801/1600): reward: 36.39608684182167, rates: 39.396086686555606, loss: 1.3511251747663473, rho: 0.4000000000000001, transmit_actions: 20, P: [0.125, 0.125, 0.125, 0.125, 0.125, 0.125, 0.125, 0.125, 0.125, 0.125, 0.125, 0.15625, 0.09375, 0.125, 0.125, 0.09375, 0.125, 0.125, 0.125, 0.09375]
[TRAIN]: (802/1600): reward: 39.070049080997705, rates: 41.070049368749984, loss: 1.2366520418744074, rho: 0.4000000000000001, transmit_actions: 20, P: [0.125, 0.125, 0.125, 0.125, 0.15625, 0.125, 0.125, 0.125, 0.125, 0.125, 0.15625, 0.125, 0.125, 0.125, 0.09375, 0.125, 0.125, 0.125, 0.125, 0.125]
[TRAIN]: (803/1600): reward: 42.624173264950514, rates: 45.62417235467943, loss: 1.5285654666933843, rho: 0.4000000000000001, transmit_actions: 20, P: [0.125, 0.15625, 0.125, 0.125, 0.125, 0.125, 0.125, 0.125, 0.125, 0.125, 0.125, 0.09375, 0.125, 0.125, 0.125, 0.125, 0.125, 0.09375, 0.125, 0.09375]
[TRAIN]: (804/1600): reward: 45.97171567380428, rates: 46.97171562041557, loss: 1.4286796606322116, rho: 0.4000000000000001, transmit_actions: 18, P: [0.125, 0.9375, 0.125, 0.125, 0.125, 0.125, 0.125, 0.125, 0.125, 0.96875, 0.125, 0.15625, 0.09375, 0.09375, 0.125, 0.09375, 0.09375, 0.125, 0.125, 0.125]
[TRAIN]: (805/1600): reward: 51.00598906725645, rates: 53.005989427624165, loss: 1.259499286832277, rho: 0.4000000000000001, transmit_actions: 20, P: [0.125, 0.125, 0.125, 0.125, 0.125, 0.15625, 0.125, 0.125, 0.0625, 0.125, 0.125, 0.15625, 0.125, 0.125, 0.125, 0.125, 0.125, 0.125, 0.125, 0.125]
[TRAIN]: (806/1600): reward: 42.80650519579649, rates: 44.80650520468012, loss: 1.4932263832026802, rho: 0.4000000000000001, transmit_actions: 20, P: [0.125, 0.125, 0.125, 0.125, 0.125, 0.125, 0.125, 0.125, 0.125, 0.125, 0.15625, 0.125, 0.0625, 0.125, 0.15625, 0.09375, 0.125, 0.125, 0.125, 0.125]
[TRAIN]: (807/1600): reward: 44.03407695889473, rates: 47.03407685041377, loss: 1.695900889430043, rho: 0.4000000000000001, transmit_actions: 19, P: [0.125, 0.125, 0.125, 0.125, 0.125, 0.125, 0.15625, 0.125, 0.125, 0.125, 0.125, 0.15625, 0.125, 0.09375, 0.375, 0.125, 0.125, 0.15625, 0.125, 0.125]
[TRAIN]: (808/1600): reward: 43.02371595054865, rates: 45.02371558725005, loss: 1.3538475298722727, rho: 0.4000000000000001, transmit_actions: 20, P: [0.125, 0.125, 0.15625, 0.15625, 0.125, 0.15625, 0.125, 0.09375, 0.0625, 0.125, 0.125, 0.125, 0.125, 0.09375, 0.125, 0.125, 0.125, 0.15625, 0.15625, 0.125]
[TRAIN]: (809/1600): reward: 44.44799496233463, rates: 47.44799514528901, loss: 1.4989541775231554, rho: 0.4000000000000001, transmit_actions: 19, P: [0.125, 0.125, 0.125, 0.125, 0.15625, 0.125, 0.15625, 0.125, 0.125, 0.15625, 0.125, 0.09375, 0.0625, 0.125, 0.125, 0.09375, 0.125, 0.125, 0.09375, 0.09375]
[TRAIN]: (810/1600): reward: 48.104950688779354, rates: 51.10495071323947, loss: 1.4924719130873423, rho: 0.4000000000000001, transmit_actions: 20, P: [0.09375, 0.125, 0.125, 0.15625, 0.15625, 0.125, 0.125, 0.125, 0.15625, 0.125, 0.125, 0.15625, 0.09375, 0.09375, 0.125, 0.125, 0.09375, 0.125, 0.125, 0.125]
[TRAIN]: (811/1600): reward: 47.56837086379528, rates: 50.56837060844272, loss: 1.3119942854404216, rho: 0.4000000000000001, transmit_actions: 20, P: [0.125, 0.125, 0.125, 0.125, 0.125, 0.125, 0.15625, 0.125, 0.15625, 0.15625, 0.125, 0.125, 0.125, 0.09375, 0.125, 0.125, 0.125, 0.125, 0.125, 0.09375]
[TRAIN]: (812/1600): reward: 50.2496021091938, rates: 51.24960195837926, loss: 1.4800675682643778, rho: 0.4000000000000001, transmit_actions: 20, P: [0.125, 0.15625, 0.125, 0.09375, 0.125, 0.15625, 0.125, 0.125, 0.125, 0.125, 0.15625, 0.125, 0.125, 0.125, 0.125, 0.125, 0.125, 0.125, 0.15625, 0.125]
[TRAIN]: (813/1600): reward: 48.55770768970251, rates: 49.557707963353145, loss: 1.412624628262624, rho: 0.4000000000000001, transmit_actions: 20, P: [0.125, 0.125, 0.125, 0.15625, 0.125, 0.125, 0.125, 0.125, 0.15625, 0.125, 0.125, 0.125, 0.125, 0.125, 0.125, 0.125, 0.125, 0.125, 0.125, 0.125]
[TRAIN]: (814/1600): reward: 49.494619980454445, rates: 50.49462047020522, loss: 1.0447953289128635, rho: 0.4000000000000001, transmit_actions: 20, P: [0.09375, 0.15625, 0.125, 0.125, 0.125, 0.125, 0.125, 0.125, 0.125, 0.125, 0.125, 0.125, 0.125, 0.125, 0.125, 0.09375, 0.09375, 0.125, 0.125, 0.125]
[TRAIN]: (815/1600): reward: 47.05088911764324, rates: 48.05088881382418, loss: 1.1768671053506465, rho: 0.4000000000000001, transmit_actions: 20, P: [0.125, 0.125, 0.125, 0.125, 0.125, 0.125, 0.15625, 0.125, 0.125, 0.125, 0.125, 0.125, 0.09375, 0.125, 0.125, 0.125, 0.125, 0.09375, 0.125, 0.125]
[TRAIN]: (816/1600): reward: 51.22909423708916, rates: 52.22909457355709, loss: 1.4075169745293419, rho: 0.4000000000000001, transmit_actions: 19, P: [0.09375, 0.125, 0.125, 0.125, 0.125, 0.15625, 0.125, 0.875, 0.125, 0.125, 0.125, 0.125, 0.125, 0.125, 0.125, 0.125, 0.125, 0.09375, 0.09375, 0.09375]
[TRAIN]: (817/1600): reward: 46.12935271114111, rates: 48.129352412608114, loss: 1.4874567974334558, rho: 0.4000000000000001, transmit_actions: 20, P: [0.125, 0.125, 0.125, 0.125, 0.125, 0.125, 0.125, 0.125, 0.125, 0.125, 0.125, 0.125, 0.09375, 0.125, 0.125, 0.0625, 0.09375, 0.125, 0.125, 0.125]
[TRAIN]: (818/1600): reward: 33.69253334403038, rates: 38.692533737842844, loss: 1.4466205126723732, rho: 0.4000000000000001, transmit_actions: 20, P: [0.125, 0.125, 0.125, 0.125, 0.125, 0.125, 0.0625, 0.125, 0.125, 0.125, 0.125, 0.125, 0.09375, 0.125, 0.125, 0.125, 0.125, 0.125, 0.125, 0.125]
[TRAIN]: (819/1600): reward: 47.94797407463193, rates: 48.947974351639516, loss: 1.4328884258416577, rho: 0.4000000000000001, transmit_actions: 20, P: [0.125, 0.125, 0.125, 0.125, 0.125, 0.125, 0.125, 0.125, 0.125, 0.125, 0.125, 0.125, 0.125, 0.125, 0.125, 0.125, 0.125, 0.09375, 0.125, 0.125]
[TRAIN]: (820/1600): reward: 46.565351247787476, rates: 47.56535100992185, loss: 1.4230629655445581, rho: 0.4000000000000001, transmit_actions: 20, P: [0.125, 0.15625, 0.125, 0.125, 0.125, 0.125, 0.125, 0.125, 0.125, 0.125, 0.125, 0.125, 0.09375, 0.09375, 0.125, 0.09375, 0.125, 0.125, 0.09375, 0.125]
[TRAIN]: (821/1600): reward: 46.4489087164402, rates: 47.448908814341564, loss: 1.5087230130755451, rho: 0.4000000000000001, transmit_actions: 20, P: [0.09375, 0.125, 0.125, 0.125, 0.125, 0.125, 0.125, 0.125, 0.125, 0.125, 0.125, 0.09375, 0.125, 0.125, 0.09375, 0.125, 0.125, 0.09375, 0.09375, 0.09375]
[TRAIN]: (822/1600): reward: 43.21918073762208, rates: 46.219180295107485, loss: 1.4450973627266817, rho: 0.4000000000000001, transmit_actions: 20, P: [0.09375, 0.125, 0.125, 0.125, 0.125, 0.125, 0.125, 0.125, 0.125, 0.125, 0.125, 0.125, 0.125, 0.09375, 0.125, 0.09375, 0.09375, 0.125, 0.125, 0.125]
[TRAIN]: (823/1600): reward: 50.55975743383169, rates: 51.55975682592571, loss: 1.3861260392028676, rho: 0.4000000000000001, transmit_actions: 20, P: [0.125, 0.125, 0.125, 0.125, 0.125, 0.125, 0.125, 0.125, 0.125, 0.125, 0.125, 0.125, 0.125, 0.125, 0.125, 0.09375, 0.125, 0.09375, 0.125, 0.125]
[TRAIN]: (824/1600): reward: 47.72622050344944, rates: 49.72622060830386, loss: 1.4151300068706578, rho: 0.4000000000000001, transmit_actions: 20, P: [0.125, 0.125, 0.125, 0.125, 0.125, 0.125, 0.125, 0.125, 0.125, 0.125, 0.125, 0.15625, 0.125, 0.125, 0.125, 0.09375, 0.125, 0.125, 0.15625, 0.125]
[TRAIN]: (825/1600): reward: 44.67242965102196, rates: 45.67242999106188, loss: 1.4674830638034306, rho: 0.4000000000000001, transmit_actions: 20, P: [0.125, 0.125, 0.125, 0.125, 0.125, 0.125, 0.125, 0.125, 0.125, 0.125, 0.125, 0.125, 0.125, 0.125, 0.125, 0.09375, 0.125, 0.125, 0.15625, 0.125]
[TRAIN]: (826/1600): reward: 43.33990014344454, rates: 45.33989993653639, loss: 1.331927796374686, rho: 0.4000000000000001, transmit_actions: 20, P: [0.125, 0.125, 0.125, 0.125, 0.125, 0.125, 0.125, 0.125, 0.125, 0.125, 0.125, 0.125, 0.125, 0.125, 0.125, 0.09375, 0.125, 0.125, 0.125, 0.125]
[TRAIN]: (827/1600): reward: 36.61271213181317, rates: 40.61271240278343, loss: 1.4096681623954717, rho: 0.4000000000000001, transmit_actions: 20, P: [0.09375, 0.15625, 0.125, 0.125, 0.125, 0.125, 0.125, 0.15625, 0.125, 0.125, 0.15625, 0.09375, 0.125, 0.125, 0.125, 0.09375, 0.125, 0.125, 0.125, 0.09375]
[TRAIN]: (828/1600): reward: 46.985375821590424, rates: 47.9853754193697, loss: 1.2774471453038818, rho: 0.4000000000000001, transmit_actions: 20, P: [0.09375, 0.125, 0.125, 0.125, 0.125, 0.15625, 0.125, 0.125, 0.125, 0.125, 0.125, 0.125, 0.125, 0.09375, 0.125, 0.09375, 0.125, 0.09375, 0.09375, 0.125]
[TRAIN]: (829/1600): reward: 41.510180436074734, rates: 44.5101799035845, loss: 1.4024128699901401, rho: 0.4000000000000001, transmit_actions: 19, P: [0.09375, 0.15625, 0.125, 0.125, 0.125, 0.125, 0.125, 0.125, 0.125, 0.125, 0.125, 0.125, 0.125, 0.125, 0.09375, 0.5625, 0.125, 0.125, 0.125, 0.125]
[TRAIN]: (830/1600): reward: 46.67549837846309, rates: 47.67549807516342, loss: 1.3307562639703725, rho: 0.4000000000000001, transmit_actions: 20, P: [0.125, 0.125, 0.125, 0.125, 0.125, 0.125, 0.15625, 0.125, 0.125, 0.125, 0.125, 0.125, 0.09375, 0.125, 0.125, 0.125, 0.125, 0.125, 0.125, 0.125]
[TRAIN]: (831/1600): reward: 42.747822020202875, rates: 44.74782149063223, loss: 1.227460404002337, rho: 0.4000000000000001, transmit_actions: 20, P: [0.125, 0.15625, 0.125, 0.125, 0.125, 0.125, 0.125, 0.125, 0.125, 0.125, 0.125, 0.125, 0.125, 0.15625, 0.125, 0.125, 0.125, 0.15625, 0.125, 0.09375]
[TRAIN]: (832/1600): reward: 47.54163081943989, rates: 48.54163098901532, loss: 1.3324828311013373, rho: 0.4000000000000001, transmit_actions: 20, P: [0.09375, 0.15625, 0.125, 0.125, 0.125, 0.125, 0.125, 0.125, 0.125, 0.15625, 0.125, 0.125, 0.125, 0.09375, 0.09375, 0.125, 0.125, 0.125, 0.125, 0.125]
[TRAIN]: (833/1600): reward: 49.1316993702203, rates: 50.131698980695035, loss: 1.5860321468536662, rho: 0.4000000000000001, transmit_actions: 20, P: [0.125, 0.125, 0.125, 0.125, 0.125, 0.125, 0.125, 0.0625, 0.125, 0.125, 0.125, 0.09375, 0.125, 0.125, 0.09375, 0.125, 0.125, 0.09375, 0.125, 0.125]
[TRAIN]: (834/1600): reward: 50.632940454408526, rates: 51.63294002199346, loss: 1.4370921024347614, rho: 0.4000000000000001, transmit_actions: 20, P: [0.125, 0.125, 0.0625, 0.125, 0.125, 0.125, 0.125, 0.125, 0.125, 0.125, 0.125, 0.125, 0.09375, 0.09375, 0.09375, 0.125, 0.125, 0.125, 0.125, 0.125]
[TRAIN]: (835/1600): reward: 47.28185122460127, rates: 49.28185135559574, loss: 1.3418731459435842, rho: 0.4000000000000001, transmit_actions: 19, P: [0.09375, 0.15625, 0.125, 0.125, 0.125, 0.125, 0.125, 0.28125, 0.125, 0.125, 0.125, 0.09375, 0.125, 0.125, 0.125, 0.125, 0.125, 0.125, 0.09375, 0.09375]
[TRAIN]: (836/1600): reward: 45.890769235789776, rates: 46.89076876813229, loss: 1.3361582811028945, rho: 0.4000000000000001, transmit_actions: 20, P: [0.09375, 0.15625, 0.125, 0.125, 0.125, 0.125, 0.125, 0.125, 0.125, 0.125, 0.125, 0.125, 0.125, 0.125, 0.125, 0.125, 0.125, 0.15625, 0.125, 0.125]
[TRAIN]: (837/1600): reward: 45.91398748755455, rates: 47.913987687632286, loss: 1.2508404970095093, rho: 0.4000000000000001, transmit_actions: 20, P: [0.125, 0.125, 0.15625, 0.125, 0.125, 0.15625, 0.125, 0.15625, 0.15625, 0.125, 0.125, 0.15625, 0.09375, 0.125, 0.125, 0.125, 0.125, 0.125, 0.21875, 0.09375]
[TRAIN]: (838/1600): reward: 46.51653950661421, rates: 47.51653926430071, loss: 1.4567177542607395, rho: 0.4000000000000001, transmit_actions: 19, P: [0.09375, 1.0, 0.125, 0.125, 0.125, 0.125, 0.125, 0.125, 0.125, 0.125, 0.125, 0.125, 0.125, 0.125, 0.125, 0.125, 0.125, 0.125, 0.125, 0.125]
[TRAIN]: (839/1600): reward: 43.712975688278675, rates: 47.71297568118206, loss: 1.542681304324749, rho: 0.4000000000000001, transmit_actions: 19, P: [0.125, 0.84375, 0.375, 0.125, 0.125, 0.21875, 0.125, 0.125, 0.125, 0.15625, 0.125, 0.125, 0.125, 0.09375, 0.125, 0.125, 0.125, 0.125, 0.09375, 0.125]
[TRAIN]: (840/1600): reward: 47.45348799228668, rates: 48.45348762652891, loss: 1.558979066095666, rho: 0.4000000000000001, transmit_actions: 20, P: [0.125, 0.125, 0.125, 0.0625, 0.125, 0.375, 0.125, 0.125, 0.125, 0.125, 0.125, 0.09375, 0.125, 0.125, 0.125, 0.125, 0.125, 0.09375, 0.125, 0.125]
[TRAIN]: (841/1600): reward: 46.5065744034946, rates: 47.50657515093456, loss: 1.2888015234886692, rho: 0.4000000000000001, transmit_actions: 20, P: [0.09375, 0.125, 0.125, 0.125, 0.125, 0.0625, 0.125, 0.125, 0.125, 0.125, 0.125, 0.125, 0.125, 0.125, 0.125, 0.09375, 0.125, 0.125, 0.09375, 0.09375]
[TRAIN]: (842/1600): reward: 46.364923156797886, rates: 48.36492293346528, loss: 1.4303602120566021, rho: 0.4000000000000001, transmit_actions: 20, P: [0.09375, 0.125, 0.125, 0.125, 0.125, 0.125, 0.125, 0.125, 0.125, 0.125, 0.15625, 0.125, 0.125, 0.125, 0.09375, 0.125, 0.09375, 0.125, 0.125, 0.125]
[TRAIN]: (843/1600): reward: 32.772611144930124, rates: 35.77261065449989, loss: 1.1606478121426427, rho: 0.4000000000000001, transmit_actions: 20, P: [0.09375, 0.125, 0.125, 0.0625, 0.125, 0.125, 0.21875, 0.125, 0.21875, 0.125, 0.125, 0.125, 0.125, 0.09375, 0.125, 0.125, 0.125, 0.09375, 0.125, 0.21875]
[TRAIN]: (844/1600): reward: 37.82045064121485, rates: 39.82045074380989, loss: 1.3891256334195972, rho: 0.4000000000000001, transmit_actions: 20, P: [0.09375, 0.125, 0.125, 0.125, 0.125, 0.125, 0.125, 0.125, 0.125, 0.125, 0.0625, 0.125, 0.125, 0.125, 0.125, 0.125, 0.125, 0.21875, 0.09375, 0.125]
[TRAIN]: (845/1600): reward: 44.617002742365, rates: 45.61700292144009, loss: 1.2276995761966683, rho: 0.4000000000000001, transmit_actions: 20, P: [0.09375, 0.0625, 0.125, 0.125, 0.125, 0.125, 0.125, 0.125, 0.125, 0.125, 0.125, 0.125, 0.125, 0.125, 0.125, 0.125, 0.125, 0.09375, 0.125, 0.125]
[TRAIN]: (846/1600): reward: 43.65134769678116, rates: 44.6513476374641, loss: 1.4781589644379778, rho: 0.4000000000000001, transmit_actions: 19, P: [0.125, 0.90625, 0.125, 0.125, 0.125, 0.125, 0.125, 0.125, 0.125, 0.125, 0.125, 0.125, 0.125, 0.125, 0.125, 0.125, 0.125, 0.125, 0.125, 0.125]
[TRAIN]: (847/1600): reward: 42.41072261426598, rates: 46.41072273409704, loss: 1.3652801927600107, rho: 0.4000000000000001, transmit_actions: 19, P: [0.125, 0.125, 0.125, 0.125, 0.125, 0.125, 0.125, 0.125, 0.125, 0.21875, 0.15625, 0.125, 0.03125, 0.09375, 0.125, 0.125, 0.125, 0.09375, 0.125, 0.125]
[TRAIN]: (848/1600): reward: 45.023153886199, rates: 48.02315455124087, loss: 1.5260217557041182, rho: 0.4000000000000001, transmit_actions: 20, P: [0.09375, 0.125, 0.125, 0.125, 0.125, 0.125, 0.125, 0.125, 0.125, 0.125, 0.15625, 0.09375, 0.125, 0.125, 0.125, 0.125, 0.125, 0.125, 0.125, 0.125]
[TRAIN]: (849/1600): reward: 50.609496526420116, rates: 52.609496029549014, loss: 1.2726422977251706, rho: 0.4000000000000001, transmit_actions: 20, P: [0.125, 0.125, 0.125, 0.125, 0.125, 0.125, 0.125, 0.125, 0.125, 0.15625, 0.125, 0.125, 0.125, 0.125, 0.125, 0.125, 0.125, 0.125, 0.125, 0.125]
[TRAIN]: (850/1600): reward: 46.708019107580185, rates: 47.70801954508525, loss: 1.4417731756555547, rho: 0.4000000000000001, transmit_actions: 20, P: [0.125, 0.125, 0.125, 0.125, 0.125, 0.125, 0.125, 0.125, 0.125, 0.125, 0.125, 0.125, 0.125, 0.125, 0.09375, 0.125, 0.125, 0.125, 0.125, 0.125]
[TRAIN]: (851/1600): reward: 47.74899561703205, rates: 49.748995867271866, loss: 1.303257687133137, rho: 0.4000000000000001, transmit_actions: 20, P: [0.125, 0.125, 0.125, 0.125, 0.0625, 0.125, 0.125, 0.125, 0.125, 0.125, 0.125, 0.125, 0.125, 0.125, 0.125, 0.125, 0.125, 0.125, 0.125, 0.125]
[TRAIN]: (852/1600): reward: 46.71378917247057, rates: 47.71378925725488, loss: 1.3539646966865753, rho: 0.4000000000000001, transmit_actions: 20, P: [0.125, 0.125, 0.125, 0.125, 0.125, 0.125, 0.125, 0.125, 0.125, 0.125, 0.125, 0.125, 0.125, 0.125, 0.09375, 0.125, 0.09375, 0.125, 0.09375, 0.125]
[TRAIN]: (853/1600): reward: 39.16134089231491, rates: 42.1613413118766, loss: 1.5921131170384872, rho: 0.4000000000000001, transmit_actions: 19, P: [0.09375, 0.125, 0.125, 0.125, 0.125, 0.125, 0.125, 0.125, 0.125, 0.125, 0.3125, 0.15625, 0.125, 0.125, 0.125, 0.125, 0.96875, 0.125, 0.09375, 0.125]
[TRAIN]: (854/1600): reward: 45.987155847251415, rates: 46.98715636492988, loss: 1.3553140085973236, rho: 0.4000000000000001, transmit_actions: 20, P: [0.09375, 0.15625, 0.125, 0.125, 0.125, 0.125, 0.125, 0.125, 0.125, 0.125, 0.125, 0.125, 0.125, 0.125, 0.125, 0.125, 0.125, 0.125, 0.125, 0.125]
[TRAIN]: (855/1600): reward: 43.154760339297354, rates: 45.15476042417979, loss: 1.3983564772907955, rho: 0.4000000000000001, transmit_actions: 20, P: [0.125, 0.125, 0.125, 0.125, 0.125, 0.125, 0.125, 0.125, 0.125, 0.125, 0.125, 0.125, 0.125, 0.125, 0.125, 0.125, 0.125, 0.125, 0.125, 0.125]
[TRAIN]: (856/1600): reward: 43.771368995308876, rates: 45.771369161581134, loss: 1.4183832558835066, rho: 0.4000000000000001, transmit_actions: 20, P: [0.09375, 0.125, 0.34375, 0.125, 0.125, 0.15625, 0.125, 0.125, 0.125, 0.125, 0.125, 0.125, 0.125, 0.125, 0.125, 0.125, 0.125, 0.125, 0.09375, 0.125]
[TRAIN]: (857/1600): reward: 47.46786662749946, rates: 48.46786730766541, loss: 1.2344000266052526, rho: 0.4000000000000001, transmit_actions: 20, P: [0.09375, 0.125, 0.0625, 0.125, 0.125, 0.125, 0.0625, 0.125, 0.125, 0.125, 0.125, 0.09375, 0.09375, 0.0625, 0.125, 0.09375, 0.09375, 0.125, 0.09375, 0.125]
[TRAIN]: (858/1600): reward: 48.930276587605476, rates: 49.93027637992787, loss: 1.4281346066516074, rho: 0.4000000000000001, transmit_actions: 20, P: [0.09375, 0.125, 0.125, 0.125, 0.125, 0.125, 0.125, 0.125, 0.125, 0.125, 0.125, 0.125, 0.125, 0.09375, 0.125, 0.09375, 0.125, 0.125, 0.125, 0.125]
[TRAIN]: (859/1600): reward: 45.781766187399626, rates: 46.78176590374218, loss: 1.343950424132181, rho: 0.4000000000000001, transmit_actions: 20, P: [0.09375, 0.125, 0.125, 0.125, 0.125, 0.0625, 0.125, 0.125, 0.15625, 0.125, 0.125, 0.09375, 0.09375, 0.125, 0.59375, 0.125, 0.09375, 0.09375, 0.125, 0.09375]
[TRAIN]: (860/1600): reward: 50.57967223972082, rates: 52.57967170950522, loss: 1.452674253627627, rho: 0.4000000000000001, transmit_actions: 20, P: [0.09375, 0.125, 0.0625, 0.125, 0.125, 0.15625, 0.15625, 0.125, 0.125, 0.125, 0.125, 0.0625, 0.125, 0.125, 0.09375, 0.125, 0.125, 0.125, 0.125, 0.125]
[TRAIN]: (861/1600): reward: 44.133144058287144, rates: 47.13314453671011, loss: 1.1475015713609327, rho: 0.4000000000000001, transmit_actions: 20, P: [0.09375, 0.0625, 0.375, 0.15625, 0.15625, 0.0625, 0.125, 0.125, 0.125, 0.125, 0.125, 0.125, 0.125, 0.125, 0.125, 0.125, 0.09375, 0.09375, 0.125, 0.125]
[TRAIN]: (862/1600): reward: 38.96564460173249, rates: 40.96564451912109, loss: 1.3152248126167034, rho: 0.4000000000000001, transmit_actions: 20, P: [0.125, 0.125, 0.125, 0.125, 0.125, 0.0625, 0.125, 0.125, 0.125, 0.125, 0.125, 0.0625, 0.125, 0.125, 0.09375, 0.125, 0.125, 0.125, 0.09375, 0.125]
[TRAIN]: (863/1600): reward: 45.671447206288576, rates: 47.67144732043232, loss: 1.4884133415658198, rho: 0.4000000000000001, transmit_actions: 19, P: [0.09375, 0.125, 0.125, 0.125, 0.125, 0.46875, 0.125, 0.125, 0.0625, 0.0625, 0.125, 0.125, 0.125, 0.125, 0.125, 0.125, 0.125, 0.125, 0.125, 0.125]
[TRAIN]: (864/1600): reward: 49.09747128933668, rates: 50.097471956977174, loss: 1.437826103772132, rho: 0.4000000000000001, transmit_actions: 20, P: [0.125, 0.125, 0.125, 0.125, 0.125, 0.125, 0.125, 0.125, 0.125, 0.125, 0.125, 0.125, 0.125, 0.125, 0.125, 0.125, 0.09375, 0.09375, 0.15625, 0.125]
[TRAIN]: (865/1600): reward: 42.446468230336905, rates: 45.44646760752066, loss: 1.5571570290626675, rho: 0.4000000000000001, transmit_actions: 20, P: [0.09375, 0.0625, 0.125, 0.125, 0.125, 0.125, 0.125, 0.125, 0.125, 0.125, 0.0625, 0.09375, 0.09375, 0.125, 0.125, 0.125, 0.125, 0.125, 0.09375, 0.125]
[TRAIN]: (866/1600): reward: 49.816082417964935, rates: 50.816082496836884, loss: 1.364770681972206, rho: 0.4000000000000001, transmit_actions: 20, P: [0.09375, 0.125, 0.125, 0.125, 0.125, 0.125, 0.125, 0.125, 0.125, 0.0625, 0.125, 0.125, 0.125, 0.125, 0.125, 0.09375, 0.125, 0.125, 0.125, 0.125]
[TRAIN]: (867/1600): reward: 41.78146527800709, rates: 43.78146522203625, loss: 1.7035490036802894, rho: 0.4000000000000001, transmit_actions: 20, P: [0.09375, 0.0625, 0.125, 0.125, 0.96875, 0.0625, 0.125, 0.125, 0.125, 0.125, 0.125, 0.125, 0.125, 0.125, 0.125, 0.125, 0.125, 0.125, 0.09375, 0.125]
[TRAIN]: (868/1600): reward: 49.370494201779366, rates: 50.37049438393062, loss: 1.462302852191336, rho: 0.4000000000000001, transmit_actions: 20, P: [0.09375, 0.125, 0.125, 0.125, 0.125, 0.125, 0.125, 0.125, 0.0625, 0.0625, 0.125, 0.125, 0.125, 0.125, 0.09375, 0.125, 0.125, 0.125, 0.125, 0.09375]
[TRAIN]: (869/1600): reward: 49.29021154344082, rates: 50.29021117252187, loss: 1.2792314236850078, rho: 0.4000000000000001, transmit_actions: 20, P: [0.09375, 0.0625, 0.125, 0.125, 0.125, 0.125, 0.125, 0.125, 0.125, 0.125, 0.125, 0.15625, 0.125, 0.09375, 0.125, 0.125, 0.09375, 0.125, 0.125, 0.125]
[TRAIN]: (870/1600): reward: 47.49258918687701, rates: 49.492589020659764, loss: 1.336390623671544, rho: 0.4000000000000001, transmit_actions: 20, P: [0.09375, 0.0625, 0.125, 0.0625, 0.125, 0.125, 0.125, 0.125, 0.125, 0.125, 0.125, 0.125, 0.125, 0.125, 0.125, 0.125, 0.125, 0.125, 0.125, 0.09375]
[TRAIN]: (871/1600): reward: 45.59127456508577, rates: 46.59127425054246, loss: 1.2212470121722705, rho: 0.4000000000000001, transmit_actions: 20, P: [0.09375, 0.0, 0.125, 0.125, 0.125, 0.125, 0.125, 0.125, 0.125, 0.15625, 0.0625, 0.09375, 0.09375, 0.125, 0.125, 0.09375, 0.125, 0.125, 0.15625, 0.125]
[TRAIN]: (872/1600): reward: 44.8688944876194, rates: 45.868893784003255, loss: 1.4863770477334004, rho: 0.4000000000000001, transmit_actions: 19, P: [0.09375, 0.90625, 0.125, 0.125, 0.125, 0.125, 0.125, 0.125, 0.15625, 0.125, 0.0625, 0.125, 0.125, 0.125, 0.125, 0.125, 0.125, 0.125, 0.125, 0.125]
[TRAIN]: (873/1600): reward: 45.20480163022876, rates: 46.204801098673705, loss: 1.2874295044174533, rho: 0.4000000000000001, transmit_actions: 20, P: [0.09375, 0.125, 0.15625, 0.0625, 0.125, 0.125, 0.15625, 0.125, 0.125, 0.0625, 0.125, 0.125, 0.125, 0.125, 0.125, 0.09375, 0.125, 0.125, 0.125, 0.125]
[TRAIN]: (874/1600): reward: 51.09798640012741, rates: 53.09798540166102, loss: 1.502128438515134, rho: 0.4000000000000001, transmit_actions: 20, P: [0.09375, 0.125, 0.125, 0.15625, 0.1875, 0.125, 0.125, 0.1875, 0.125, 0.125, 0.15625, 0.125, 0.15625, 0.125, 0.125, 0.125, 0.125, 0.125, 0.125, 0.125]
[TRAIN]: (875/1600): reward: 47.70753503963351, rates: 49.70753542640352, loss: 1.446526098981923, rho: 0.4000000000000001, transmit_actions: 20, P: [0.09375, 0.125, 0.125, 0.125, 0.15625, 0.125, 0.15625, 0.125, 0.0625, 0.125, 0.125, 0.125, 0.125, 0.125, 0.125, 0.125, 0.125, 0.125, 0.15625, 0.15625]
[TRAIN]: (876/1600): reward: 39.42045430839062, rates: 41.42045486701662, loss: 1.3456777495854717, rho: 0.4000000000000001, transmit_actions: 20, P: [0.09375, 0.125, 0.125, 0.125, 0.15625, 0.15625, 0.0625, 0.15625, 0.125, 0.125, 0.0625, 0.125, 0.125, 0.125, 0.125, 0.125, 0.125, 0.125, 0.125, 0.125]
[TRAIN]: (877/1600): reward: 49.019018448889256, rates: 50.019017564742605, loss: 1.370536469462083, rho: 0.4000000000000001, transmit_actions: 20, P: [0.09375, 0.0625, 0.125, 0.125, 0.125, 0.125, 0.125, 0.125, 0.125, 0.125, 0.125, 0.125, 0.125, 0.125, 0.125, 0.125, 0.125, 0.125, 0.125, 0.125]
[TRAIN]: (878/1600): reward: 48.403898268938065, rates: 50.40389829873866, loss: 1.3203926328534579, rho: 0.4000000000000001, transmit_actions: 20, P: [0.09375, 0.15625, 0.15625, 0.125, 0.125, 0.15625, 0.15625, 0.125, 0.125, 0.125, 0.125, 0.125, 0.125, 0.125, 0.125, 0.125, 0.125, 0.125, 0.125, 0.125]
[TRAIN]: (879/1600): reward: 43.40271782502532, rates: 45.40271773517937, loss: 1.0994260340645314, rho: 0.4000000000000001, transmit_actions: 20, P: [0.125, 0.0, 0.15625, 0.15625, 0.15625, 0.125, 0.125, 0.125, 0.125, 0.125, 0.125, 0.125, 0.125, 0.09375, 0.125, 0.125, 0.125, 0.125, 0.125, 0.09375]
[TRAIN]: (880/1600): reward: 47.66133987903595, rates: 48.66133920136675, loss: 1.2090462760319842, rho: 0.4000000000000001, transmit_actions: 20, P: [0.09375, 0.125, 0.125, 0.125, 0.125, 0.125, 0.125, 0.125, 0.125, 0.125, 0.125, 0.125, 0.125, 0.09375, 0.125, 0.125, 0.125, 0.125, 0.125, 0.125]
[TRAIN]: (881/1600): reward: 43.77433096244931, rates: 45.77433113447376, loss: 1.440609200219874, rho: 0.4000000000000001, transmit_actions: 20, P: [0.09375, 0.125, 0.125, 0.125, 0.15625, 0.125, 0.125, 0.125, 0.125, 0.125, 0.125, 0.125, 0.125, 0.125, 0.125, 0.125, 0.125, 0.125, 0.125, 0.125]
[TRAIN]: (882/1600): reward: 41.651867505162954, rates: 44.6518674924771, loss: 1.4187891712305523, rho: 0.4000000000000001, transmit_actions: 20, P: [0.125, 0.125, 0.125, 0.125, 0.125, 0.125, 0.125, 0.125, 0.125, 0.125, 0.125, 0.125, 0.125, 0.125, 0.125, 0.125, 0.125, 0.125, 0.125, 0.125]
[TRAIN]: (883/1600): reward: 44.26336346939206, rates: 47.26336284219259, loss: 1.3214142255281156, rho: 0.4000000000000001, transmit_actions: 20, P: [0.125, 0.0, 0.125, 0.125, 0.125, 0.125, 0.125, 0.125, 0.125, 0.125, 0.125, 0.125, 0.125, 0.125, 0.125, 0.125, 0.125, 0.125, 0.125, 0.125]
[TRAIN]: (884/1600): reward: 50.46534252166748, rates: 51.46534208332128, loss: 1.5086029375574415, rho: 0.4000000000000001, transmit_actions: 20, P: [0.125, 0.125, 0.15625, 0.15625, 0.125, 0.125, 0.125, 0.125, 0.125, 0.125, 0.125, 0.125, 0.125, 0.125, 0.125, 0.125, 0.125, 0.125, 0.125, 0.125]
[TRAIN]: (885/1600): reward: 42.1820936948061, rates: 45.18209329531574, loss: 1.3880718325565227, rho: 0.4000000000000001, transmit_actions: 20, P: [0.125, 0.125, 0.125, 0.125, 0.625, 0.125, 0.125, 0.125, 0.125, 0.125, 0.125, 0.125, 0.125, 0.125, 0.125, 0.125, 0.125, 0.125, 0.125, 0.125]
[TRAIN]: (886/1600): reward: 43.80116904899478, rates: 45.80116945576738, loss: 1.5121690757060602, rho: 0.4000000000000001, transmit_actions: 20, P: [0.125, 0.15625, 0.125, 0.125, 0.125, 0.125, 0.125, 0.125, 0.125, 0.125, 0.125, 0.125, 0.125, 0.125, 0.125, 0.125, 0.125, 0.125, 0.125, 0.125]
[TRAIN]: (887/1600): reward: 47.975088991224766, rates: 49.97508817247034, loss: 1.351293579304611, rho: 0.4000000000000001, transmit_actions: 20, P: [0.125, 0.1875, 0.0625, 0.125, 0.125, 0.125, 0.125, 0.125, 0.125, 0.125, 0.125, 0.125, 0.125, 0.125, 0.125, 0.125, 0.125, 0.125, 0.125, 0.125]
[TRAIN]: (888/1600): reward: 50.92397100478411, rates: 51.92397123593456, loss: 1.4388941608573802, rho: 0.4000000000000001, transmit_actions: 20, P: [0.09375, 0.125, 0.125, 0.125, 0.125, 0.125, 0.125, 0.125, 0.125, 0.125, 0.125, 0.125, 0.125, 0.125, 0.125, 0.125, 0.125, 0.125, 0.125, 0.125]
[TRAIN]: (889/1600): reward: 48.83594375476241, rates: 49.83594421801171, loss: 1.4729515405870168, rho: 0.4000000000000001, transmit_actions: 20, P: [0.125, 0.0625, 0.125, 0.125, 0.125, 0.125, 0.125, 0.125, 0.125, 0.125, 0.125, 0.125, 0.125, 0.125, 0.125, 0.125, 0.125, 0.125, 0.125, 0.125]
[TRAIN]: (890/1600): reward: 40.15189752355218, rates: 43.151898166763026, loss: 1.3315748051849252, rho: 0.4000000000000001, transmit_actions: 20, P: [0.125, 0.0625, 0.125, 0.125, 0.15625, 0.125, 0.125, 0.125, 0.125, 0.125, 0.125, 0.125, 0.125, 0.125, 0.125, 0.125, 0.125, 0.125, 0.125, 0.125]
[TRAIN]: (891/1600): reward: 47.494322039186954, rates: 48.494321639147735, loss: 1.4797449087912082, rho: 0.4000000000000001, transmit_actions: 20, P: [0.125, 0.0, 0.125, 0.125, 0.125, 0.125, 0.125, 0.125, 0.125, 0.125, 0.125, 0.125, 0.125, 0.125, 0.125, 0.125, 0.125, 0.125, 0.09375, 0.125]
[TRAIN]: (892/1600): reward: 44.00356385111809, rates: 45.00356372352539, loss: 1.5283530888898809, rho: 0.4000000000000001, transmit_actions: 18, P: [0.09375, 0.9375, 0.9375, 0.15625, 0.125, 0.125, 0.125, 0.15625, 0.125, 0.125, 0.125, 0.09375, 0.09375, 0.125, 0.125, 0.09375, 0.125, 0.09375, 0.125, 0.125]
[TRAIN]: (893/1600): reward: 46.981869988143444, rates: 47.9818701497154, loss: 1.3413782477376701, rho: 0.4000000000000001, transmit_actions: 20, P: [0.09375, 0.0, 0.125, 0.125, 0.125, 0.125, 0.125, 0.125, 0.09375, 0.125, 0.0625, 0.125, 0.125, 0.09375, 0.125, 0.125, 0.125, 0.125, 0.125, 0.125]
[TRAIN]: (894/1600): reward: 45.0011947080493, rates: 47.00119431642146, loss: 1.2887366228249375, rho: 0.4000000000000001, transmit_actions: 19, P: [0.125, 0.9375, 0.125, 0.125, 0.125, 0.125, 0.15625, 0.125, 0.125, 0.125, 0.125, 0.125, 0.125, 0.125, 0.125, 0.125, 0.125, 0.125, 0.125, 0.09375]
[TRAIN]: (895/1600): reward: 41.18700721114874, rates: 44.187007225126905, loss: 1.5076145589727865, rho: 0.4000000000000001, transmit_actions: 20, P: [0.125, 0.125, 0.125, 0.125, 0.125, 0.125, 0.125, 0.125, 0.125, 0.125, 0.125, 0.125, 0.09375, 0.125, 0.125, 0.125, 0.125, 0.09375, 0.125, 0.125]
[TRAIN]: (896/1600): reward: 44.93832030892372, rates: 46.93832062092454, loss: 1.3181271000365784, rho: 0.4000000000000001, transmit_actions: 20, P: [0.09375, 0.125, 0.125, 0.125, 0.125, 0.125, 0.125, 0.125, 0.125, 0.125, 0.125, 0.125, 0.125, 0.6875, 0.125, 0.125, 0.125, 0.09375, 0.09375, 0.09375]
[TRAIN]: (897/1600): reward: 42.283513367176056, rates: 45.28351284459881, loss: 1.4719861306301387, rho: 0.4000000000000001, transmit_actions: 20, P: [0.09375, 0.59375, 0.125, 0.0, 0.15625, 0.1875, 0.125, 0.125, 0.125, 0.125, 0.125, 0.125, 0.125, 0.125, 0.125, 0.09375, 0.125, 0.125, 0.125, 0.125]
[TRAIN]: (898/1600): reward: 48.51573969423771, rates: 49.5157398479403, loss: 1.454441268297773, rho: 0.4000000000000001, transmit_actions: 20, P: [0.09375, 0.125, 0.125, 0.125, 0.125, 0.125, 0.125, 0.125, 0.125, 0.125, 0.125, 0.125, 0.125, 0.125, 0.125, 0.125, 0.09375, 0.125, 0.125, 0.125]
[TRAIN]: (899/1600): reward: 44.775847647339106, rates: 46.77584748522486, loss: 1.5493015935613685, rho: 0.4000000000000001, transmit_actions: 20, P: [0.125, 0.125, 0.125, 0.125, 0.125, 0.125, 0.125, 0.125, 0.125, 0.125, 0.125, 0.09375, 0.125, 0.125, 0.125, 0.125, 0.09375, 0.125, 0.09375, 0.125]
[TRAIN]: (900/1600): reward: 47.203472658991814, rates: 49.20347254535153, loss: 1.3090682256575625, rho: 0.4000000000000001, transmit_actions: 20, P: [0.09375, 0.125, 0.125, 0.125, 0.125, 0.125, 0.125, 0.125, 0.125, 0.125, 0.125, 0.09375, 0.09375, 0.125, 0.125, 0.125, 0.125, 0.125, 0.09375, 0.09375]
[TRAIN]: (901/1600): reward: 46.04987832903862, rates: 49.04987877820953, loss: 1.3938179794280843, rho: 0.4000000000000001, transmit_actions: 20, P: [0.125, 0.125, 0.0625, 0.125, 0.125, 0.125, 0.15625, 0.125, 0.125, 0.125, 0.125, 0.125, 0.125, 0.125, 0.125, 0.125, 0.09375, 0.125, 0.125, 0.125]
[TRAIN]: (902/1600): reward: 46.24843791127205, rates: 48.24843816433119, loss: 1.2867557220349373, rho: 0.4000000000000001, transmit_actions: 20, P: [0.09375, 0.0625, 0.0625, 0.0625, 0.125, 0.125, 0.125, 0.125, 0.125, 0.125, 0.125, 0.125, 0.125, 0.09375, 0.0625, 0.125, 0.125, 0.125, 0.125, 0.125]
[TRAIN]: (903/1600): reward: 43.3455750271678, rates: 45.34557510346835, loss: 1.6088070782944872, rho: 0.4000000000000001, transmit_actions: 20, P: [0.125, 0.15625, 0.15625, 0.125, 0.125, 0.125, 0.09375, 0.125, 0.125, 0.125, 0.125, 0.125, 0.125, 0.125, 0.125, 0.125, 0.125, 0.125, 0.125, 0.125]
[TRAIN]: (904/1600): reward: 44.88155912607908, rates: 45.88155924503473, loss: 1.6940819952371142, rho: 0.4000000000000001, transmit_actions: 20, P: [0.125, 0.125, 0.125, 0.125, 0.125, 0.125, 0.125, 0.125, 0.125, 0.125, 0.125, 0.125, 0.125, 0.125, 0.125, 0.125, 0.125, 0.125, 0.125, 0.125]
[TRAIN]: (905/1600): reward: 45.14990442246199, rates: 46.14990393507775, loss: 1.319640780350457, rho: 0.4000000000000001, transmit_actions: 19, P: [0.09375, 0.84375, 0.125, 0.09375, 0.125, 0.125, 0.125, 0.125, 0.125, 0.125, 0.125, 0.09375, 0.09375, 0.125, 0.09375, 0.09375, 0.125, 0.125, 0.125, 0.125]
[TRAIN]: (906/1600): reward: 38.33913441747427, rates: 40.33913449611177, loss: 1.4750171374779133, rho: 0.4000000000000001, transmit_actions: 20, P: [0.09375, 0.125, 0.125, 0.125, 0.125, 0.125, 0.125, 0.0625, 0.125, 0.125, 0.125, 0.125, 0.09375, 0.125, 0.125, 0.09375, 0.09375, 0.125, 0.125, 0.09375]
[TRAIN]: (907/1600): reward: 40.1277626901865, rates: 42.127763262523274, loss: 1.5297824912238402, rho: 0.4000000000000001, transmit_actions: 20, P: [0.09375, 0.0625, 0.125, 0.125, 0.125, 0.125, 0.125, 0.125, 0.125, 0.125, 0.125, 0.125, 0.125, 0.09375, 0.125, 0.09375, 0.125, 0.09375, 0.125, 0.125]
[TRAIN]: (908/1600): reward: 44.71332657709718, rates: 46.713326493121826, loss: 1.3239632802555832, rho: 0.4000000000000001, transmit_actions: 20, P: [0.125, 0.125, 0.125, 0.125, 0.125, 0.125, 0.125, 0.125, 0.125, 0.125, 0.125, 0.125, 0.125, 0.125, 0.125, 0.09375, 0.125, 0.125, 0.125, 0.125]
[TRAIN]: (909/1600): reward: 31.850648000836372, rates: 34.85064809818499, loss: 1.2455654953772823, rho: 0.4000000000000001, transmit_actions: 19, P: [0.09375, 0.125, 0.125, 0.0625, 0.125, 0.125, 0.125, 0.125, 0.125, 0.125, 0.71875, 0.125, 0.125, 0.125, 0.125, 0.15625, 0.125, 0.15625, 0.09375, 0.125]
[TRAIN]: (910/1600): reward: 42.85851791501045, rates: 45.85851848807221, loss: 1.4840306305041155, rho: 0.4000000000000001, transmit_actions: 20, P: [0.09375, 0.125, 0.15625, 0.125, 0.125, 0.125, 0.125, 0.34375, 0.125, 0.15625, 0.125, 0.125, 0.125, 0.125, 0.125, 0.125, 0.125, 0.125, 0.125, 0.125]
[TRAIN]: (911/1600): reward: 37.67464009672403, rates: 39.674640411226285, loss: 1.3618559147167821, rho: 0.4000000000000001, transmit_actions: 20, P: [0.125, 0.125, 0.125, 0.125, 0.125, 0.125, 0.125, 0.15625, 0.125, 0.125, 0.125, 0.125, 0.125, 0.09375, 0.09375, 0.125, 0.125, 0.125, 0.125, 0.0]
[TRAIN]: (912/1600): reward: 38.545744326896966, rates: 40.54574459827025, loss: 1.2403365982778787, rho: 0.4000000000000001, transmit_actions: 19, P: [0.09375, 0.9375, 0.125, 0.125, 0.125, 0.0625, 0.125, 0.125, 0.125, 0.125, 0.125, 0.125, 0.125, 0.15625, 0.125, 0.09375, 0.09375, 0.125, 0.125, 0.125]
[TRAIN]: (913/1600): reward: 43.612011194229126, rates: 47.612011864845634, loss: 1.511432742234828, rho: 0.4000000000000001, transmit_actions: 20, P: [0.09375, 0.125, 0.125, 0.125, 0.15625, 0.125, 0.125, 0.125, 0.15625, 0.15625, 0.125, 0.125, 0.125, 0.125, 0.125, 0.125, 0.125, 0.125, 0.125, 0.125]
[TRAIN]: (914/1600): reward: 44.99578399211168, rates: 45.99578429240076, loss: 1.5969747579401514, rho: 0.4000000000000001, transmit_actions: 19, P: [0.5625, 0.09375, 0.15625, 0.15625, 0.125, 0.125, 0.125, 0.125, 0.125, 0.125, 0.125, 0.09375, 0.09375, 0.09375, 0.125, 0.125, 0.125, 0.125, 0.09375, 0.125]
[TRAIN]: (915/1600): reward: 46.679895374923944, rates: 47.67989448529581, loss: 1.6463340183983426, rho: 0.4000000000000001, transmit_actions: 20, P: [0.09375, 0.125, 0.125, 0.0625, 0.125, 0.125, 0.09375, 0.125, 0.125, 0.125, 0.125, 0.125, 0.125, 0.09375, 0.125, 0.125, 0.09375, 0.125, 0.125, 0.125]
[TRAIN]: (916/1600): reward: 48.3395569100976, rates: 49.339556989382544, loss: 1.4818708754160412, rho: 0.4000000000000001, transmit_actions: 20, P: [0.09375, 0.125, 0.125, 0.125, 0.125, 0.125, 0.125, 0.125, 0.125, 0.125, 0.125, 0.125, 0.125, 0.125, 0.125, 0.125, 0.125, 0.09375, 0.09375, 0.125]
[TRAIN]: (917/1600): reward: 48.355786602944136, rates: 49.35578724289231, loss: 1.3917373305487362, rho: 0.4000000000000001, transmit_actions: 20, P: [0.09375, 0.125, 0.125, 0.125, 0.125, 0.125, 0.125, 0.125, 0.125, 0.125, 0.125, 0.125, 0.125, 0.125, 0.125, 0.125, 0.125, 0.125, 0.125, 0.125]
[TRAIN]: (918/1600): reward: 48.64574193954468, rates: 51.64574159694855, loss: 1.4816910102554592, rho: 0.4000000000000001, transmit_actions: 19, P: [0.125, 0.125, 0.0625, 0.125, 0.125, 0.65625, 0.125, 0.125, 0.125, 0.125, 0.125, 0.125, 0.125, 0.125, 0.125, 0.125, 0.125, 0.125, 0.125, 0.125]
[TRAIN]: (919/1600): reward: 39.10066583007574, rates: 44.10066566549552, loss: 1.2509714571475534, rho: 0.4000000000000001, transmit_actions: 20, P: [0.125, 0.125, 0.0625, 0.125, 0.15625, 0.125, 0.125, 0.0625, 0.125, 0.125, 0.1875, 0.125, 0.09375, 0.125, 0.125, 0.125, 0.125, 0.125, 0.125, 0.09375]
[TRAIN]: (920/1600): reward: 53.22593470104039, rates: 54.22593458514686, loss: 1.579641895928211, rho: 0.4000000000000001, transmit_actions: 20, P: [0.09375, 0.0625, 0.125, 0.0625, 0.125, 0.125, 0.125, 0.125, 0.125, 0.125, 0.125, 0.125, 0.125, 0.125, 0.125, 0.09375, 0.125, 0.09375, 0.125, 0.125]
[TRAIN]: (921/1600): reward: 49.75824099779129, rates: 51.75824042206693, loss: 1.2413223920853924, rho: 0.4000000000000001, transmit_actions: 20, P: [0.0625, 0.28125, 0.125, 0.15625, 0.125, 0.125, 0.15625, 0.0625, 0.125, 0.125, 0.125, 0.09375, 0.125, 0.125, 0.09375, 0.125, 0.125, 0.125, 0.09375, 0.09375]
[TRAIN]: (922/1600): reward: 42.86912462115288, rates: 43.8691246609079, loss: 1.3929159473231698, rho: 0.4000000000000001, transmit_actions: 20, P: [0.09375, 0.09375, 0.125, 0.15625, 0.0625, 0.15625, 0.125, 0.0625, 0.125, 0.125, 0.15625, 0.09375, 0.09375, 0.09375, 0.125, 0.09375, 0.09375, 0.125, 0.125, 0.09375]
[TRAIN]: (923/1600): reward: 46.86203159019351, rates: 49.86203197401816, loss: 1.4429657102060702, rho: 0.4000000000000001, transmit_actions: 18, P: [0.09375, 0.9375, 0.125, 0.03125, 0.15625, 0.125, 0.15625, 0.125, 0.15625, 0.125, 0.125, 0.09375, 0.125, 0.125, 0.125, 0.125, 0.09375, 0.125, 0.09375, 0.125]
[TRAIN]: (924/1600): reward: 43.88472639024258, rates: 45.88472703503886, loss: 1.3004949758029842, rho: 0.4000000000000001, transmit_actions: 19, P: [0.09375, 1.0, 0.125, 0.125, 0.125, 0.125, 0.125, 0.125, 0.125, 0.15625, 0.125, 0.09375, 0.09375, 0.125, 0.125, 0.125, 0.09375, 0.125, 0.125, 0.125]
[TRAIN]: (925/1600): reward: 48.6939984112978, rates: 49.69399806881466, loss: 1.4757749041419486, rho: 0.4000000000000001, transmit_actions: 20, P: [0.09375, 0.0625, 0.125, 0.125, 0.125, 0.125, 0.15625, 0.125, 0.125, 0.09375, 0.125, 0.125, 0.09375, 0.09375, 0.09375, 0.09375, 0.125, 0.09375, 0.125, 0.09375]
[TRAIN]: (926/1600): reward: 47.86581948585808, rates: 48.86581973832163, loss: 1.4415483357762333, rho: 0.4000000000000001, transmit_actions: 20, P: [0.125, 0.125, 0.125, 0.125, 0.125, 0.125, 0.125, 0.125, 0.125, 0.125, 0.0625, 0.125, 0.125, 0.125, 0.125, 0.125, 0.125, 0.125, 0.125, 0.125]
[TRAIN]: (927/1600): reward: 41.303706869482994, rates: 44.30370714477396, loss: 1.4635162461280953, rho: 0.4000000000000001, transmit_actions: 20, P: [0.09375, 0.28125, 0.15625, 0.15625, 0.125, 0.125, 0.15625, 0.125, 0.125, 0.125, 0.15625, 0.125, 0.125, 0.125, 0.125, 0.125, 0.15625, 0.125, 0.125, 0.125]
[TRAIN]: (928/1600): reward: 43.14929318707436, rates: 46.149292606905476, loss: 1.1327319629290458, rho: 0.4000000000000001, transmit_actions: 20, P: [0.0625, 0.125, 0.15625, 0.125, 0.125, 0.125, 0.125, 0.125, 0.125, 0.125, 0.125, 0.125, 0.125, 0.125, 0.125, 0.125, 0.125, 0.125, 0.09375, 0.125]
[TRAIN]: (929/1600): reward: 48.43664401397109, rates: 49.43664448667083, loss: 1.4172486209915243, rho: 0.4000000000000001, transmit_actions: 20, P: [0.0625, 0.125, 0.125, 0.125, 0.15625, 0.125, 0.125, 0.125, 0.125, 0.0625, 0.0625, 0.125, 0.125, 0.125, 0.125, 0.125, 0.125, 0.125, 0.125, 0.15625]
[TRAIN]: (930/1600): reward: 45.96675671637058, rates: 46.96675630907661, loss: 1.3653871935517716, rho: 0.4000000000000001, transmit_actions: 20, P: [0.0625, 0.0625, 0.15625, 0.125, 0.125, 0.125, 0.125, 0.125, 0.125, 0.125, 0.125, 0.125, 0.125, 0.125, 0.125, 0.125, 0.125, 0.125, 0.125, 0.125]
[TRAIN]: (931/1600): reward: 45.85041856765747, rates: 48.85041891590666, loss: 1.510960433226982, rho: 0.4000000000000001, transmit_actions: 20, P: [0.125, 0.28125, 0.125, 0.125, 0.125, 0.125, 0.125, 0.15625, 0.125, 0.125, 0.125, 0.125, 0.125, 0.125, 0.125, 0.125, 0.125, 0.125, 0.09375, 0.125]
[TRAIN]: (932/1600): reward: 46.21057992056012, rates: 47.21057987074521, loss: 1.5186378206324322, rho: 0.4000000000000001, transmit_actions: 20, P: [0.0625, 0.15625, 0.125, 0.09375, 0.125, 0.125, 0.125, 0.125, 0.125, 0.15625, 0.125, 0.125, 0.125, 0.15625, 0.15625, 0.125, 0.125, 0.125, 0.125, 0.125]
[TRAIN]: (933/1600): reward: 47.97714016214013, rates: 48.97714081925228, loss: 1.3567682285470697, rho: 0.4000000000000001, transmit_actions: 20, P: [0.0625, 0.125, 0.125, 0.125, 0.125, 0.15625, 0.125, 0.125, 0.125, 0.125, 0.125, 0.125, 0.125, 0.125, 0.125, 0.125, 0.125, 0.125, 0.125, 0.125]
[TRAIN]: (934/1600): reward: 51.275033781304955, rates: 52.275034294462586, loss: 1.4317622483559858, rho: 0.4000000000000001, transmit_actions: 20, P: [0.0625, 0.125, 0.125, 0.0625, 0.0625, 0.125, 0.15625, 0.125, 0.125, 0.15625, 0.125, 0.15625, 0.15625, 0.125, 0.125, 0.125, 0.15625, 0.125, 0.125, 0.125]
[TRAIN]: (935/1600): reward: 43.76808253116906, rates: 46.768081954352965, loss: 1.5057087811151475, rho: 0.4000000000000001, transmit_actions: 20, P: [0.0625, 0.15625, 0.15625, 0.125, 0.15625, 0.125, 0.125, 0.125, 0.15625, 0.125, 0.125, 0.125, 0.125, 0.03125, 0.125, 0.125, 0.125, 0.125, 0.125, 0.125]
[TRAIN]: (936/1600): reward: 49.7014971524477, rates: 50.70149725877099, loss: 1.328747184645328, rho: 0.4000000000000001, transmit_actions: 20, P: [0.0625, 0.125, 0.125, 0.125, 0.125, 0.125, 0.125, 0.125, 0.125, 0.125, 0.125, 0.125, 0.125, 0.125, 0.125, 0.125, 0.125, 0.125, 0.125, 0.125]
[TRAIN]: (937/1600): reward: 50.317760879173875, rates: 51.31776173620055, loss: 1.5418870258587278, rho: 0.4000000000000001, transmit_actions: 20, P: [0.0625, 0.125, 0.125, 0.125, 0.125, 0.0625, 0.125, 0.125, 0.125, 0.125, 0.125, 0.125, 0.125, 0.09375, 0.125, 0.125, 0.125, 0.125, 0.125, 0.125]
[TRAIN]: (938/1600): reward: 47.89924279600382, rates: 48.89924238849426, loss: 1.3101169926033966, rho: 0.4000000000000001, transmit_actions: 20, P: [0.0625, 0.15625, 0.125, 0.125, 0.125, 0.125, 0.125, 0.125, 0.125, 0.125, 0.125, 0.125, 0.125, 0.125, 0.125, 0.0625, 0.125, 0.125, 0.125, 0.09375]
[TRAIN]: (939/1600): reward: 46.08958579227328, rates: 50.08958590100261, loss: 1.303983475296271, rho: 0.4000000000000001, transmit_actions: 20, P: [0.0625, 0.15625, 0.15625, 0.125, 0.15625, 0.125, 0.125, 0.125, 0.125, 0.125, 0.125, 0.125, 0.125, 0.125, 0.125, 0.125, 0.125, 0.125, 0.125, 0.125]
[TRAIN]: (940/1600): reward: 47.624332655221224, rates: 48.624332453161706, loss: 1.3297442366868546, rho: 0.4000000000000001, transmit_actions: 20, P: [0.0625, 0.15625, 0.125, 0.125, 0.125, 0.125, 0.0625, 0.125, 0.125, 0.125, 0.125, 0.125, 0.125, 0.125, 0.125, 0.125, 0.125, 0.125, 0.125, 0.125]
[TRAIN]: (941/1600): reward: 44.637553833425045, rates: 46.63755391295452, loss: 1.3895715597757903, rho: 0.4000000000000001, transmit_actions: 20, P: [0.0625, 0.125, 0.125, 0.125, 0.125, 0.125, 0.125, 0.125, 0.125, 0.125, 0.125, 0.125, 0.125, 0.125, 0.125, 0.125, 0.125, 0.125, 0.125, 0.125]
[TRAIN]: (942/1600): reward: 41.52430658042431, rates: 44.52430607127356, loss: 1.1570241410778173, rho: 0.4000000000000001, transmit_actions: 20, P: [0.0625, 0.15625, 0.125, 0.125, 0.125, 0.125, 0.125, 0.125, 0.125, 0.125, 0.125, 0.125, 0.125, 0.125, 0.09375, 0.125, 0.125, 0.125, 0.125, 0.125]
[TRAIN]: (943/1600): reward: 45.654465790838, rates: 47.65446517383395, loss: 1.4891358275661046, rho: 0.4000000000000001, transmit_actions: 20, P: [0.0625, 0.15625, 0.125, 0.125, 0.125, 0.125, 0.9375, 0.125, 0.0625, 0.125, 0.125, 0.125, 0.125, 0.125, 0.125, 0.125, 0.125, 0.125, 0.125, 0.125]
[TRAIN]: (944/1600): reward: 50.377220675349236, rates: 51.37722127984215, loss: 1.3574172261981003, rho: 0.4000000000000001, transmit_actions: 20, P: [0.0625, 0.125, 0.125, 0.125, 0.125, 0.125, 0.125, 0.125, 0.125, 0.125, 0.125, 0.125, 0.125, 0.125, 0.125, 0.125, 0.15625, 0.125, 0.125, 0.125]
[TRAIN]: (945/1600): reward: 48.75766421109438, rates: 49.757664475861844, loss: 1.6285349928061148, rho: 0.4000000000000001, transmit_actions: 20, P: [0.0625, 0.125, 0.125, 0.125, 0.125, 0.125, 0.125, 0.15625, 0.125, 0.0625, 0.0625, 0.125, 0.125, 0.125, 0.125, 0.09375, 0.0625, 0.125, 0.125, 0.125]
[TRAIN]: (946/1600): reward: 40.78927531093359, rates: 43.78927510989687, loss: 1.4467314693506335, rho: 0.4000000000000001, transmit_actions: 19, P: [0.0625, 0.15625, 0.0625, 0.125, 0.5, 0.0625, 0.125, 0.125, 0.125, 0.0625, 0.125, 0.875, 0.125, 0.125, 0.125, 0.125, 0.125, 0.09375, 0.125, 0.125]
[TRAIN]: (947/1600): reward: 47.13301147893071, rates: 48.1330115223864, loss: 1.39177131849353, rho: 0.4000000000000001, transmit_actions: 20, P: [0.0625, 0.0625, 0.125, 0.125, 0.15625, 0.125, 0.0625, 0.125, 0.125, 0.125, 0.125, 0.125, 0.09375, 0.125, 0.125, 0.125, 0.125, 0.125, 0.125, 0.125]
[TRAIN]: (948/1600): reward: 46.89615971967578, rates: 48.89616022170094, loss: 1.2580099876172057, rho: 0.4000000000000001, transmit_actions: 20, P: [0.0625, 0.125, 0.125, 0.125, 0.125, 0.0625, 0.125, 0.0625, 0.125, 0.125, 0.125, 0.125, 0.125, 0.125, 0.09375, 0.125, 0.125, 0.125, 0.125, 0.125]
[TRAIN]: (949/1600): reward: 46.68819570168853, rates: 48.68819686173005, loss: 1.4061290537087188, rho: 0.4000000000000001, transmit_actions: 20, P: [0.0625, 0.125, 0.125, 0.15625, 0.125, 0.125, 0.125, 0.125, 0.125, 0.0625, 0.125, 0.125, 0.125, 0.09375, 0.125, 0.125, 0.125, 0.125, 0.125, 0.125]
[TRAIN]: (950/1600): reward: 48.70093695539981, rates: 50.70093693065092, loss: 1.4021873713248447, rho: 0.4000000000000001, transmit_actions: 20, P: [0.0625, 0.28125, 0.125, 0.125, 0.125, 0.125, 0.125, 0.25, 0.125, 0.125, 0.125, 0.125, 0.125, 0.125, 0.125, 0.09375, 0.125, 0.125, 0.125, 0.125]
[TRAIN]: (951/1600): reward: 51.02096959017217, rates: 52.02096988248552, loss: 1.2817623481090297, rho: 0.4000000000000001, transmit_actions: 20, P: [0.0625, 0.125, 0.0625, 0.125, 0.125, 0.125, 0.125, 0.125, 0.0625, 0.125, 0.15625, 0.125, 0.125, 0.125, 0.125, 0.125, 0.125, 0.125, 0.09375, 0.125]
[TRAIN]: (952/1600): reward: 38.88439482450485, rates: 41.88439500518861, loss: 1.164070055108311, rho: 0.4000000000000001, transmit_actions: 20, P: [0.0625, 0.15625, 0.15625, 0.125, 0.125, 0.125, 0.125, 0.125, 0.125, 0.125, 0.125, 0.125, 0.125, 0.125, 0.125, 0.125, 0.125, 0.125, 0.125, 0.125]
[TRAIN]: (953/1600): reward: 46.26013704389334, rates: 48.26013668082744, loss: 1.3290666910791038, rho: 0.4000000000000001, transmit_actions: 20, P: [0.0625, 0.15625, 0.0625, 0.125, 0.15625, 0.125, 0.125, 0.125, 0.0625, 0.125, 0.125, 0.125, 0.125, 0.125, 0.125, 0.125, 0.125, 0.125, 0.125, 0.125]
[TRAIN]: (954/1600): reward: 45.95059504546225, rates: 47.950595472227604, loss: 1.4158658290818344, rho: 0.4000000000000001, transmit_actions: 20, P: [0.0625, 0.0, 0.03125, 0.125, 0.125, 0.125, 0.15625, 0.125, 0.125, 0.0625, 0.125, 0.125, 0.125, 0.125, 0.125, 0.125, 0.125, 0.125, 0.125, 0.125]
[TRAIN]: (955/1600): reward: 50.14932521805167, rates: 51.14932576541551, loss: 1.1763343897690692, rho: 0.4000000000000001, transmit_actions: 20, P: [0.0625, 0.125, 0.15625, 0.125, 0.125, 0.15625, 0.125, 0.125, 0.0625, 0.125, 0.125, 0.125, 0.15625, 0.125, 0.125, 0.125, 0.125, 0.125, 0.125, 0.125]
[TRAIN]: (956/1600): reward: 47.7668649032712, rates: 48.76686461266761, loss: 1.4280711842840341, rho: 0.4000000000000001, transmit_actions: 20, P: [0.0625, 0.125, 0.125, 0.125, 0.125, 0.15625, 0.125, 0.125, 0.125, 0.15625, 0.125, 0.125, 0.125, 0.125, 0.125, 0.09375, 0.125, 0.125, 0.125, 0.125]
[TRAIN]: (957/1600): reward: 48.59703078866005, rates: 50.59703040314239, loss: 1.419436605825478, rho: 0.4000000000000001, transmit_actions: 19, P: [0.0625, 0.15625, 0.125, 0.15625, 0.125, 0.53125, 0.125, 0.125, 0.125, 0.125, 0.125, 0.125, 0.125, 0.125, 0.125, 0.125, 0.125, 0.125, 0.125, 0.125]
[TRAIN]: (958/1600): reward: 32.246082827448845, rates: 36.24608336687748, loss: 1.3926767608798583, rho: 0.4000000000000001, transmit_actions: 19, P: [0.0625, 0.0, 0.0, 0.125, 0.125, 0.3125, 0.125, 0.125, 0.125, 0.125, 0.125, 0.125, 0.125, 0.125, 0.0625, 0.125, 0.125, 0.125, 0.125, 0.125]
[TRAIN]: (959/1600): reward: 47.41027480736375, rates: 48.41027524183983, loss: 1.2227439539119591, rho: 0.4000000000000001, transmit_actions: 20, P: [0.0625, 0.125, 0.125, 0.125, 0.125, 0.125, 0.125, 0.125, 0.125, 0.125, 0.125, 0.125, 0.125, 0.125, 0.125, 0.15625, 0.125, 0.125, 0.125, 0.125]
[TRAIN]: (960/1600): reward: 41.527280773967505, rates: 44.52728099745208, loss: 1.3488301774524407, rho: 0.4000000000000001, transmit_actions: 20, P: [0.0625, 0.125, 0.125, 0.125, 0.28125, 0.125, 0.125, 0.15625, 0.125, 0.125, 0.125, 0.125, 0.125, 0.125, 0.125, 0.125, 0.125, 0.125, 0.125, 0.09375]
[TRAIN]: (961/1600): reward: 36.914519630372524, rates: 39.91452020727755, loss: 1.2109151251422587, rho: 0.4000000000000001, transmit_actions: 20, P: [0.03125, 0.125, 0.125, 0.125, 0.125, 0.125, 0.125, 0.15625, 0.125, 0.125, 0.125, 0.125, 0.125, 0.125, 0.125, 0.125, 0.125, 0.125, 0.125, 0.125]
[TRAIN]: (962/1600): reward: 41.00970099121332, rates: 43.009700776882255, loss: 1.1729971433247695, rho: 0.4000000000000001, transmit_actions: 19, P: [0.03125, 0.9375, 0.125, 0.125, 0.125, 0.15625, 0.125, 0.125, 0.125, 0.125, 0.125, 0.125, 0.125, 0.125, 0.125, 0.125, 0.125, 0.125, 0.125, 0.125]
[TRAIN]: (963/1600): reward: 41.71111696958542, rates: 43.711116985879244, loss: 1.3182778534279462, rho: 0.4000000000000001, transmit_actions: 19, P: [0.03125, 0.15625, 0.125, 0.125, 0.96875, 0.125, 0.125, 0.125, 0.15625, 0.125, 0.125, 0.125, 0.125, 0.125, 0.125, 0.09375, 0.125, 0.125, 0.125, 0.125]
[TRAIN]: (964/1600): reward: 51.22032728791237, rates: 52.220326617542426, loss: 1.4337266689515389, rho: 0.4000000000000001, transmit_actions: 20, P: [0.03125, 0.03125, 0.125, 0.125, 0.125, 0.125, 0.125, 0.125, 0.125, 0.125, 0.125, 0.125, 0.125, 0.125, 0.125, 0.125, 0.125, 0.125, 0.125, 0.125]
[TRAIN]: (965/1600): reward: 54.791615813970566, rates: 55.79161574331969, loss: 1.313131493988915, rho: 0.4000000000000001, transmit_actions: 20, P: [0.03125, 0.125, 0.125, 0.125, 0.125, 0.125, 0.125, 0.15625, 0.125, 0.125, 0.125, 0.125, 0.125, 0.125, 0.125, 0.125, 0.125, 0.125, 0.125, 0.125]
[TRAIN]: (966/1600): reward: 52.12080965191126, rates: 53.12081064957313, loss: 1.2776178728174177, rho: 0.4000000000000001, transmit_actions: 20, P: [0.03125, 0.15625, 0.125, 0.125, 0.125, 0.125, 0.15625, 0.125, 0.125, 0.125, 0.125, 0.125, 0.125, 0.125, 0.15625, 0.125, 0.125, 0.125, 0.125, 0.125]
[TRAIN]: (967/1600): reward: 48.80156521871686, rates: 49.80156505099224, loss: 1.2307015267247574, rho: 0.4000000000000001, transmit_actions: 20, P: [0.03125, 0.28125, 0.125, 0.15625, 0.125, 0.125, 0.125, 0.125, 0.125, 0.125, 0.125, 0.125, 0.125, 0.125, 0.125, 0.0625, 0.125, 0.125, 0.125, 0.125]
[TRAIN]: (968/1600): reward: 46.38033451512456, rates: 47.38033531454457, loss: 1.2573861639919983, rho: 0.4000000000000001, transmit_actions: 20, P: [0.03125, 0.0625, 0.125, 0.125, 0.125, 0.125, 0.125, 0.125, 0.125, 0.125, 0.125, 0.125, 0.09375, 0.125, 0.125, 0.125, 0.125, 0.125, 0.125, 0.125]
[TRAIN]: (969/1600): reward: 40.70580744743347, rates: 43.70580682869468, loss: 1.4363011495579867, rho: 0.4000000000000001, transmit_actions: 19, P: [0.03125, 0.15625, 0.28125, 0.125, 0.125, 0.125, 0.125, 0.125, 0.125, 0.125, 0.15625, 0.125, 0.125, 0.09375, 0.125, 0.125, 0.125, 0.125, 0.125, 1.0]
[TRAIN]: (970/1600): reward: 40.535388227552176, rates: 43.53538828963466, loss: 1.3599736872514474, rho: 0.4000000000000001, transmit_actions: 19, P: [0.03125, 1.0, 0.125, 0.15625, 0.125, 0.125, 0.125, 0.125, 0.125, 0.125, 0.125, 0.125, 0.125, 0.125, 0.125, 0.125, 0.125, 0.125, 0.125, 0.125]
[TRAIN]: (971/1600): reward: 43.221537094563246, rates: 46.221536493680645, loss: 1.2913703964459278, rho: 0.4000000000000001, transmit_actions: 20, P: [0.03125, 0.125, 0.125, 0.125, 0.125, 0.125, 0.125, 0.125, 0.125, 0.125, 0.125, 0.125, 0.125, 0.125, 0.125, 0.125, 0.125, 0.15625, 0.09375, 0.15625]
[TRAIN]: (972/1600): reward: 49.97814139910042, rates: 50.978140484223104, loss: 1.3872878776636124, rho: 0.4000000000000001, transmit_actions: 20, P: [0.03125, 0.125, 0.125, 0.125, 0.0625, 0.125, 0.125, 0.125, 0.125, 0.125, 0.125, 0.125, 0.125, 0.125, 0.125, 0.125, 0.125, 0.125, 0.125, 0.125]
[TRAIN]: (973/1600): reward: 41.72534830123186, rates: 44.725348728196295, loss: 1.3129464162674274, rho: 0.4000000000000001, transmit_actions: 19, P: [0.0625, 0.15625, 0.15625, 0.0625, 0.125, 0.125, 0.125, 0.03125, 0.375, 0.125, 0.125, 0.125, 0.125, 0.78125, 0.125, 0.125, 0.125, 0.125, 0.125, 0.125]
[TRAIN]: (974/1600): reward: 46.33629113063216, rates: 47.336291095214975, loss: 1.4528771854431128, rho: 0.4000000000000001, transmit_actions: 20, P: [0.0625, 0.125, 0.125, 0.125, 0.125, 0.125, 0.125, 0.125, 0.125, 0.125, 0.125, 0.375, 0.125, 0.125, 0.125, 0.125, 0.125, 0.125, 0.125, 0.125]
[TRAIN]: (975/1600): reward: 48.231850154697895, rates: 51.231849440118, loss: 1.2694047471039671, rho: 0.4000000000000001, transmit_actions: 20, P: [0.0625, 0.0625, 0.125, 0.125, 0.125, 0.125, 0.125, 0.15625, 0.15625, 0.125, 0.125, 0.125, 0.125, 0.125, 0.125, 0.125, 0.125, 0.09375, 0.125, 0.125]
[TRAIN]: (976/1600): reward: 46.311218190938234, rates: 47.31121868955084, loss: 1.3892061176068702, rho: 0.4000000000000001, transmit_actions: 20, P: [0.0625, 0.125, 0.125, 0.125, 0.125, 0.125, 0.125, 0.125, 0.125, 0.125, 0.125, 0.125, 0.125, 0.125, 0.125, 0.125, 0.125, 0.09375, 0.125, 0.125]
[TRAIN]: (977/1600): reward: 46.84075026959181, rates: 47.840749179735255, loss: 1.5391857149705659, rho: 0.4000000000000001, transmit_actions: 20, P: [0.03125, 0.15625, 0.15625, 0.125, 0.125, 0.125, 0.125, 0.125, 0.125, 0.125, 0.125, 0.125, 0.125, 0.125, 0.125, 0.125, 0.125, 0.125, 0.125, 0.125]
[TRAIN]: (978/1600): reward: 46.500536754727364, rates: 47.50053596457373, loss: 1.3401962532609253, rho: 0.4000000000000001, transmit_actions: 20, P: [0.03125, 0.03125, 0.125, 0.125, 0.125, 0.125, 0.125, 0.125, 0.125, 0.125, 0.0625, 0.125, 0.125, 0.125, 0.125, 0.125, 0.125, 0.125, 0.125, 0.125]
[TRAIN]: (979/1600): reward: 44.77344299852848, rates: 46.7734424811646, loss: 1.332059268974325, rho: 0.4000000000000001, transmit_actions: 20, P: [0.03125, 0.125, 0.125, 0.125, 0.125, 0.125, 0.0625, 0.125, 0.15625, 0.125, 0.125, 0.125, 0.125, 0.125, 0.125, 0.15625, 0.125, 0.125, 0.125, 0.125]
[TRAIN]: (980/1600): reward: 47.90217381622642, rates: 48.902173959062765, loss: 1.4386858790742942, rho: 0.4000000000000001, transmit_actions: 20, P: [0.03125, 0.0625, 0.125, 0.125, 0.125, 0.125, 0.15625, 0.125, 0.125, 0.125, 0.125, 0.125, 0.125, 0.125, 0.125, 0.125, 0.125, 0.125, 0.125, 0.125]
[TRAIN]: (981/1600): reward: 40.52509905770421, rates: 42.52509932654595, loss: 1.4094627754678943, rho: 0.4000000000000001, transmit_actions: 20, P: [0.03125, 0.0625, 0.125, 0.125, 0.125, 0.125, 0.125, 0.125, 0.15625, 0.0625, 0.125, 0.125, 0.125, 0.125, 0.125, 0.125, 0.125, 0.125, 0.09375, 0.125]
[TRAIN]: (982/1600): reward: 44.5295290350914, rates: 46.52952932367897, loss: 1.3980684384743467, rho: 0.4000000000000001, transmit_actions: 20, P: [0.0625, 0.0625, 0.125, 0.125, 0.125, 0.125, 0.125, 0.125, 0.125, 0.125, 0.125, 0.125, 0.125, 0.125, 0.125, 0.125, 0.125, 0.125, 0.125, 0.125]
[TRAIN]: (983/1600): reward: 48.76175110973418, rates: 49.76175175052162, loss: 1.2983649242460147, rho: 0.4000000000000001, transmit_actions: 20, P: [0.0625, 0.15625, 0.125, 0.125, 0.125, 0.125, 0.125, 0.0625, 0.15625, 0.125, 0.0625, 0.125, 0.125, 0.125, 0.125, 0.125, 0.125, 0.125, 0.125, 0.125]
[TRAIN]: (984/1600): reward: 44.813176177442074, rates: 46.81317634807026, loss: 1.1897124627845117, rho: 0.4000000000000001, transmit_actions: 20, P: [0.03125, 0.125, 0.125, 0.125, 0.125, 0.0625, 0.15625, 0.125, 0.125, 0.125, 0.125, 0.09375, 0.125, 0.125, 0.125, 0.125, 0.125, 0.125, 0.15625, 0.125]
[TRAIN]: (985/1600): reward: 41.097866863012314, rates: 43.097867111384026, loss: 1.2646934797385336, rho: 0.4000000000000001, transmit_actions: 20, P: [0.03125, 0.125, 0.0625, 0.0625, 0.0625, 0.125, 0.0625, 0.125, 0.125, 0.0625, 0.125, 0.125, 0.125, 0.125, 0.125, 0.125, 0.125, 0.125, 0.09375, 0.125]
[TRAIN]: (986/1600): reward: 39.01171789970249, rates: 41.01171809250695, loss: 1.374213447714762, rho: 0.4000000000000001, transmit_actions: 20, P: [0.03125, 0.0625, 0.125, 0.125, 0.0625, 0.125, 0.125, 0.125, 0.125, 0.125, 0.125, 0.125, 0.125, 0.125, 0.125, 0.125, 0.125, 0.09375, 0.125, 0.125]
[TRAIN]: (987/1600): reward: 35.17353751882911, rates: 38.17353751260768, loss: 1.5773012511836317, rho: 0.4000000000000001, transmit_actions: 20, P: [0.03125, 0.125, 0.125, 0.125, 0.125, 0.125, 0.125, 0.125, 0.125, 0.125, 0.125, 0.125, 0.125, 0.125, 0.125, 0.125, 0.09375, 0.125, 0.125, 0.125]
[TRAIN]: (988/1600): reward: 39.91053579561412, rates: 41.91053616312933, loss: 1.3383262398856925, rho: 0.4000000000000001, transmit_actions: 20, P: [0.03125, 0.0625, 0.125, 0.0625, 0.125, 0.125, 0.125, 0.125, 0.125, 0.15625, 0.125, 0.125, 0.125, 0.09375, 0.125, 0.125, 0.125, 0.125, 0.09375, 0.125]
[TRAIN]: (989/1600): reward: 40.3836884200573, rates: 43.383688262110375, loss: 1.430217627173959, rho: 0.4000000000000001, transmit_actions: 18, P: [0.03125, 0.96875, 0.15625, 0.0625, 0.125, 0.125, 0.15625, 0.15625, 0.125, 0.125, 0.75, 0.125, 0.125, 0.125, 0.125, 0.125, 0.125, 0.125, 0.125, 0.125]
[TRAIN]: (990/1600): reward: 42.86259309947491, rates: 44.862592810005935, loss: 1.5604361937029094, rho: 0.4000000000000001, transmit_actions: 20, P: [0.03125, 0.125, 0.125, 0.125, 0.125, 0.125, 0.125, 0.125, 0.0625, 0.125, 0.125, 0.125, 0.125, 0.125, 0.125, 0.15625, 0.125, 0.125, 0.125, 0.125]
[TRAIN]: (991/1600): reward: 48.2216638661921, rates: 49.221664428731, loss: 1.4314610758204163, rho: 0.4000000000000001, transmit_actions: 20, P: [0.03125, 0.125, 0.125, 0.125, 0.125, 0.0625, 0.125, 0.125, 0.125, 0.125, 0.125, 0.125, 0.125, 0.125, 0.15625, 0.125, 0.125, 0.125, 0.125, 0.125]
[TRAIN]: (992/1600): reward: 44.652735479176044, rates: 46.65273537363511, loss: 1.1971394649180709, rho: 0.4000000000000001, transmit_actions: 20, P: [0.03125, 0.0625, 0.125, 0.125, 0.125, 0.125, 0.125, 0.125, 0.125, 0.125, 0.125, 0.125, 0.125, 0.125, 0.125, 0.09375, 0.125, 0.125, 0.125, 0.125]
[TRAIN]: (993/1600): reward: 46.781589180231094, rates: 47.78158927453783, loss: 1.3015101619849418, rho: 0.4000000000000001, transmit_actions: 19, P: [0.03125, 0.9375, 0.125, 0.125, 0.125, 0.125, 0.125, 0.125, 0.125, 0.125, 0.125, 0.125, 0.09375, 0.09375, 0.09375, 0.125, 0.125, 0.125, 0.125, 0.125]
[TRAIN]: (994/1600): reward: 38.10786085948348, rates: 41.1078605112832, loss: 1.622483175884384, rho: 0.4000000000000001, transmit_actions: 20, P: [0.03125, 0.125, 0.125, 0.125, 0.125, 0.0625, 1.0, 0.125, 0.125, 0.125, 0.125, 0.125, 0.125, 0.125, 0.125, 0.09375, 0.09375, 0.125, 0.125, 0.15625]
[TRAIN]: (995/1600): reward: 34.727588690817356, rates: 37.727588798624474, loss: 1.285751690822584, rho: 0.4000000000000001, transmit_actions: 19, P: [0.03125, 0.0625, 0.125, 0.125, 0.125, 0.0625, 0.125, 0.125, 0.15625, 0.125, 0.125, 0.125, 0.125, 0.125, 0.09375, 0.125, 0.125, 0.125, 0.96875, 0.09375]
[TRAIN]: (996/1600): reward: 44.950357396155596, rates: 45.95035742009067, loss: 1.052337742897852, rho: 0.4000000000000001, transmit_actions: 19, P: [0.03125, 0.96875, 0.125, 0.125, 0.125, 0.125, 0.125, 0.125, 0.125, 0.125, 0.125, 0.125, 0.125, 0.125, 0.125, 0.09375, 0.125, 0.125, 0.09375, 0.09375]
[TRAIN]: (997/1600): reward: 46.95150224305689, rates: 47.95150223829213, loss: 1.6830531927746457, rho: 0.4000000000000001, transmit_actions: 19, P: [0.03125, 0.90625, 0.125, 0.125, 0.125, 0.125, 0.125, 0.125, 0.0625, 0.0625, 0.0625, 0.125, 0.125, 0.125, 0.125, 0.125, 0.125, 0.125, 0.125, 0.125]
[TRAIN]: (998/1600): reward: 47.30854254961014, rates: 49.30854371152172, loss: 1.4054450980407742, rho: 0.4000000000000001, transmit_actions: 20, P: [0.03125, 0.0625, 0.125, 0.15625, 0.125, 0.125, 0.125, 0.125, 0.15625, 0.125, 0.125, 0.125, 0.125, 0.125, 0.125, 0.125, 0.125, 0.125, 0.125, 0.125]
[TRAIN]: (999/1600): reward: 39.65034208446741, rates: 42.65034236896442, loss: 1.440585506059783, rho: 0.4000000000000001, transmit_actions: 18, P: [0.03125, 1.0, 0.125, 0.125, 0.125, 0.53125, 0.03125, 0.125, 0.125, 0.125, 0.125, 0.125, 0.125, 0.125, 0.09375, 0.75, 0.125, 0.09375, 0.125, 0.125]
[TRAIN]: (1000/1600): reward: 45.90724398754537, rates: 46.9072447785799, loss: 1.3237194187754513, rho: 0.4000000000000001, transmit_actions: 20, P: [0.03125, 0.125, 0.125, 0.125, 0.125, 0.09375, 0.125, 0.125, 0.125, 0.0625, 0.125, 0.125, 0.125, 0.125, 0.125, 0.09375, 0.125, 0.125, 0.125, 0.125]
[TRAIN]: (1001/1600): reward: 44.35364715009928, rates: 46.35364631959575, loss: 1.2384439520363424, rho: 0.4000000000000001, transmit_actions: 20, P: [0.03125, 0.0625, 0.125, 0.125, 0.15625, 0.0625, 0.125, 0.125, 0.21875, 0.125, 0.15625, 0.125, 0.125, 0.125, 0.125, 0.125, 0.125, 0.125, 0.125, 0.125]
[TRAIN]: (1002/1600): reward: 37.99861721880734, rates: 39.99861696498864, loss: 1.5363503924848045, rho: 0.4000000000000001, transmit_actions: 20, P: [0.03125, 0.125, 0.15625, 0.125, 0.0625, 0.125, 0.125, 0.0625, 0.125, 0.125, 0.125, 0.09375, 0.125, 0.125, 0.15625, 0.09375, 0.125, 0.09375, 0.125, 0.0625]
[TRAIN]: (1003/1600): reward: 45.92742061242461, rates: 48.92742035654382, loss: 1.4511742408341015, rho: 0.4000000000000001, transmit_actions: 20, P: [0.03125, 0.125, 0.375, 0.0625, 0.125, 0.0625, 0.0625, 0.03125, 0.09375, 0.125, 0.125, 0.125, 0.09375, 0.125, 0.125, 0.125, 0.125, 0.125, 0.15625, 0.125]
[TRAIN]: (1004/1600): reward: 49.305004708468914, rates: 50.30500490972588, loss: 1.407621045527287, rho: 0.4000000000000001, transmit_actions: 20, P: [0.03125, 0.15625, 0.125, 0.125, 0.125, 0.0625, 0.125, 0.125, 0.125, 0.125, 0.125, 0.125, 0.125, 0.125, 0.125, 0.125, 0.125, 0.125, 0.125, 0.125]
[TRAIN]: (1005/1600): reward: 45.6166282966733, rates: 47.616627849174904, loss: 1.1106296119399466, rho: 0.4000000000000001, transmit_actions: 20, P: [0.03125, 0.0625, 0.125, 0.125, 0.125, 0.125, 0.125, 0.0625, 0.125, 0.125, 0.15625, 0.125, 0.125, 0.125, 0.125, 0.125, 0.125, 0.09375, 0.125, 0.125]
[TRAIN]: (1006/1600): reward: 43.6134200822562, rates: 44.613419953388856, loss: 1.5462563194491241, rho: 0.4000000000000001, transmit_actions: 20, P: [0.03125, 0.15625, 0.0625, 0.0625, 0.125, 0.125, 0.15625, 0.125, 0.0625, 0.0625, 0.125, 0.125, 0.125, 0.125, 0.125, 0.125, 0.125, 0.125, 0.09375, 0.125]
[TRAIN]: (1007/1600): reward: 49.720867320895195, rates: 50.72086752525005, loss: 1.4550035680544664, rho: 0.4000000000000001, transmit_actions: 19, P: [0.03125, 0.96875, 0.125, 0.25, 0.125, 0.125, 0.125, 0.125, 0.125, 0.125, 0.125, 0.125, 0.125, 0.125, 0.125, 0.125, 0.125, 0.125, 0.125, 0.125]
[TRAIN]: (1008/1600): reward: 48.955504186451435, rates: 49.955505495039084, loss: 1.3276955905905126, rho: 0.4000000000000001, transmit_actions: 19, P: [0.03125, 0.96875, 0.125, 0.125, 0.125, 0.125, 0.125, 0.125, 0.125, 0.125, 0.125, 0.125, 0.125, 0.125, 0.125, 0.125, 0.125, 0.125, 0.125, 0.125]
[TRAIN]: (1009/1600): reward: 46.72189338505268, rates: 49.721893629413884, loss: 1.2282421851257053, rho: 0.4000000000000001, transmit_actions: 20, P: [0.03125, 0.125, 0.125, 0.15625, 0.125, 0.125, 0.125, 0.125, 0.15625, 0.15625, 0.125, 0.125, 0.125, 0.125, 0.125, 0.125, 0.125, 0.125, 0.15625, 0.125]
[TRAIN]: (1010/1600): reward: 48.43791074305773, rates: 49.437910592528645, loss: 1.2058762780154033, rho: 0.4000000000000001, transmit_actions: 19, P: [0.03125, 1.0, 0.125, 0.15625, 0.125, 0.125, 0.125, 0.125, 0.03125, 0.125, 0.125, 0.125, 0.125, 0.125, 0.125, 0.09375, 0.125, 0.09375, 0.125, 0.09375]
[TRAIN]: (1011/1600): reward: 50.467402935028076, rates: 51.46740227284618, loss: 1.2036369582974187, rho: 0.4000000000000001, transmit_actions: 20, P: [0.03125, 0.125, 0.03125, 0.125, 0.15625, 0.125, 0.125, 0.125, 0.125, 0.15625, 0.125, 0.125, 0.125, 0.125, 0.15625, 0.125, 0.09375, 0.15625, 0.125, 0.15625]
[TRAIN]: (1012/1600): reward: 44.09600472729653, rates: 45.096004806251344, loss: 1.2013811826583471, rho: 0.4000000000000001, transmit_actions: 20, P: [0.03125, 0.03125, 0.15625, 0.15625, 0.15625, 0.15625, 0.125, 0.03125, 0.03125, 0.125, 0.15625, 0.15625, 0.125, 0.09375, 0.125, 0.125, 0.15625, 0.09375, 0.125, 0.125]
[TRAIN]: (1013/1600): reward: 49.54208081960678, rates: 50.542080156107325, loss: 1.2338503428441516, rho: 0.4000000000000001, transmit_actions: 20, P: [0.03125, 0.03125, 0.125, 0.125, 0.03125, 0.0625, 0.15625, 0.125, 0.125, 0.15625, 0.125, 0.15625, 0.125, 0.125, 0.09375, 0.15625, 0.09375, 0.125, 0.09375, 0.125]
[TRAIN]: (1014/1600): reward: 47.062556337565184, rates: 48.06255617500013, loss: 1.5637465003947448, rho: 0.4000000000000001, transmit_actions: 19, P: [0.03125, 0.9375, 0.125, 0.125, 0.125, 0.03125, 0.125, 0.125, 0.125, 0.125, 0.0625, 0.125, 0.125, 0.125, 0.125, 0.125, 0.125, 0.125, 0.125, 0.125]
[TRAIN]: (1015/1600): reward: 34.0193305760622, rates: 37.0193305744505, loss: 1.4395224495811383, rho: 0.4000000000000001, transmit_actions: 19, P: [0.03125, 0.15625, 0.125, 0.03125, 0.125, 0.125, 0.125, 0.03125, 0.125, 0.03125, 0.125, 0.125, 0.0625, 0.125, 0.125, 0.125, 0.15625, 0.125, 0.21875, 0.125]
[TRAIN]: (1016/1600): reward: 46.33323974534869, rates: 49.33323997207695, loss: 1.3546087192815057, rho: 0.4000000000000001, transmit_actions: 20, P: [0.03125, 0.15625, 0.125, 0.15625, 0.125, 0.09375, 0.125, 0.125, 0.125, 0.0625, 0.125, 0.15625, 0.125, 0.125, 0.15625, 0.15625, 0.125, 0.15625, 0.125, 0.125]
[TRAIN]: (1017/1600): reward: 39.70288866665214, rates: 41.702888302413996, loss: 1.2920841658591884, rho: 0.4000000000000001, transmit_actions: 19, P: [0.03125, 0.125, 0.03125, 0.125, 0.125, 0.125, 0.125, 0.125, 0.03125, 0.0625, 0.0625, 0.125, 0.125, 0.125, 0.125, 0.125, 0.8125, 0.125, 0.125, 0.125]
[TRAIN]: (1018/1600): reward: 46.49818944185972, rates: 49.49818924481737, loss: 1.745337619127397, rho: 0.4000000000000001, transmit_actions: 20, P: [0.03125, 0.28125, 0.15625, 0.03125, 0.125, 0.125, 0.03125, 0.15625, 0.125, 0.125, 0.375, 0.09375, 0.15625, 0.125, 0.09375, 0.125, 0.125, 0.125, 0.125, 0.125]
[TRAIN]: (1019/1600): reward: 48.6843730956316, rates: 49.684373962207765, loss: 1.6249219485664184, rho: 0.4000000000000001, transmit_actions: 20, P: [0.03125, 0.125, 0.125, 0.15625, 0.125, 0.125, 0.0625, 0.125, 0.15625, 0.125, 0.125, 0.125, 0.125, 0.125, 0.125, 0.125, 0.09375, 0.09375, 0.125, 0.09375]
[TRAIN]: (1020/1600): reward: 44.705892426893115, rates: 45.70589218299917, loss: 1.6590272200975285, rho: 0.4000000000000001, transmit_actions: 20, P: [0.03125, 0.03125, 0.03125, 0.125, 0.125, 0.125, 0.125, 0.125, 0.125, 0.125, 0.125, 0.125, 0.09375, 0.125, 0.125, 0.125, 0.09375, 0.125, 0.125, 0.125]
[TRAIN]: (1021/1600): reward: 46.143510065972805, rates: 47.14350959473339, loss: 1.5228520284533467, rho: 0.4000000000000001, transmit_actions: 20, P: [0.03125, 0.15625, 0.125, 0.125, 0.125, 0.125, 0.125, 0.125, 0.125, 0.15625, 0.125, 0.09375, 0.125, 0.125, 0.125, 0.125, 0.125, 0.15625, 0.125, 0.09375]
[TRAIN]: (1022/1600): reward: 45.50010630302131, rates: 47.500106001274496, loss: 1.3616658653152403, rho: 0.4000000000000001, transmit_actions: 19, P: [0.03125, 0.9375, 0.125, 0.125, 0.125, 0.125, 0.125, 0.125, 0.96875, 0.125, 0.125, 0.15625, 0.125, 0.125, 0.125, 0.125, 0.125, 0.125, 0.125, 0.125]
[TRAIN]: (1023/1600): reward: 41.202106941491365, rates: 43.202107380128616, loss: 1.3284618154777672, rho: 0.4000000000000001, transmit_actions: 20, P: [0.03125, 0.125, 0.125, 0.15625, 0.125, 0.125, 0.125, 0.125, 0.125, 0.125, 0.125, 0.0625, 0.125, 0.125, 0.125, 0.125, 0.125, 0.125, 0.125, 0.125]
[TRAIN]: (1024/1600): reward: 48.46977639198303, rates: 50.46977636096565, loss: 1.3161560212603571, rho: 0.4000000000000001, transmit_actions: 20, P: [0.03125, 0.34375, 0.125, 0.125, 0.125, 0.125, 0.125, 0.125, 0.125, 0.125, 0.125, 0.125, 0.125, 0.15625, 0.125, 0.125, 0.125, 0.125, 0.09375, 0.125]
[TRAIN]: (1025/1600): reward: 43.72884652018547, rates: 44.728846876787344, loss: 1.2451215365325135, rho: 0.4000000000000001, transmit_actions: 18, P: [0.875, 0.0, 0.125, 0.125, 0.125, 0.84375, 0.125, 0.125, 0.125, 0.125, 0.125, 0.125, 0.15625, 0.125, 0.125, 0.71875, 0.125, 0.25, 0.09375, 0.125]
[TRAIN]: (1026/1600): reward: 45.72737991809845, rates: 46.72738019325498, loss: 1.2677380567934167, rho: 0.4000000000000001, transmit_actions: 19, P: [0.875, 0.125, 0.125, 0.125, 0.125, 0.125, 0.15625, 0.125, 0.125, 0.125, 0.125, 0.125, 0.125, 0.125, 0.125, 0.125, 0.125, 0.125, 0.125, 0.125]
[TRAIN]: (1027/1600): reward: 46.49211058020592, rates: 48.49211121409983, loss: 1.2856984051797555, rho: 0.4000000000000001, transmit_actions: 19, P: [0.875, 0.15625, 0.125, 0.125, 0.125, 0.125, 0.125, 0.125, 0.15625, 0.125, 0.15625, 0.125, 0.125, 0.09375, 0.125, 0.15625, 0.125, 0.125, 0.125, 0.09375]
[TRAIN]: (1028/1600): reward: 38.697816748172045, rates: 40.69781690336163, loss: 1.391564485749263, rho: 0.4000000000000001, transmit_actions: 18, P: [0.875, 0.9375, 0.125, 0.125, 0.125, 0.15625, 0.125, 0.09375, 0.125, 0.15625, 0.125, 0.15625, 0.125, 0.78125, 0.125, 0.09375, 0.125, 0.15625, 0.09375, 0.09375]
[TRAIN]: (1029/1600): reward: 44.596543073654175, rates: 44.59654272932962, loss: 1.2556024019948429, rho: 0.4000000000000001, transmit_actions: 19, P: [0.875, 0.03125, 0.125, 0.03125, 0.0625, 0.125, 0.125, 0.125, 0.125, 0.125, 0.125, 0.125, 0.125, 0.125, 0.125, 0.125, 0.125, 0.125, 0.09375, 0.125]
[TRAIN]: (1030/1600): reward: 41.66419228166342, rates: 43.66419200058002, loss: 1.2409912839016053, rho: 0.4000000000000001, transmit_actions: 17, P: [0.875, 0.90625, 0.125, 0.125, 0.125, 0.0625, 0.125, 0.125, 0.125, 0.125, 0.125, 0.09375, 0.09375, 0.125, 0.4375, 0.09375, 0.125, 0.125, 0.125, 0.15625]
[TRAIN]: (1031/1600): reward: 45.36137669533491, rates: 46.36137578085618, loss: 1.560192306611004, rho: 0.4000000000000001, transmit_actions: 19, P: [0.875, 0.125, 0.125, 0.125, 0.125, 0.125, 0.125, 0.125, 0.125, 0.125, 0.125, 0.125, 0.125, 0.125, 0.125, 0.125, 0.125, 0.125, 0.125, 0.03125]
[TRAIN]: (1032/1600): reward: 45.86991120502353, rates: 46.869910962175545, loss: 1.5035343665528922, rho: 0.4000000000000001, transmit_actions: 19, P: [0.875, 0.125, 0.125, 0.125, 0.125, 0.125, 0.75, 0.125, 0.0625, 0.125, 0.15625, 0.125, 0.15625, 0.09375, 0.09375, 0.125, 0.09375, 0.125, 0.125, 0.125]
[TRAIN]: (1033/1600): reward: 43.679710891097784, rates: 44.679710195385965, loss: 1.2172118924599828, rho: 0.4000000000000001, transmit_actions: 19, P: [0.875, 0.15625, 0.125, 0.15625, 0.125, 0.125, 0.125, 0.125, 0.125, 0.125, 0.125, 0.125, 0.125, 0.125, 0.125, 0.125, 0.125, 0.125, 0.125, 0.125]
[TRAIN]: (1034/1600): reward: 42.144300527870655, rates: 43.144300854436096, loss: 1.1671568794531322, rho: 0.4000000000000001, transmit_actions: 19, P: [0.875, 0.125, 0.125, 0.125, 0.125, 0.125, 0.15625, 0.125, 0.125, 0.125, 0.15625, 0.15625, 0.0625, 0.125, 0.125, 0.125, 0.09375, 0.125, 0.125, 0.09375]
[TRAIN]: (1035/1600): reward: 52.60075281560421, rates: 52.600752847932256, loss: 1.2379567826557432, rho: 0.4000000000000001, transmit_actions: 19, P: [0.875, 0.125, 0.125, 0.125, 0.125, 0.125, 0.125, 0.125, 0.125, 0.15625, 0.125, 0.125, 0.15625, 0.125, 0.15625, 0.125, 0.125, 0.15625, 0.09375, 0.125]
[TRAIN]: (1036/1600): reward: 50.89647273719311, rates: 50.896473064545944, loss: 1.2682383395674592, rho: 0.4000000000000001, transmit_actions: 19, P: [0.875, 0.15625, 0.125, 0.125, 0.125, 0.125, 0.125, 0.125, 0.125, 0.125, 0.125, 0.125, 0.125, 0.125, 0.15625, 0.125, 0.125, 0.15625, 0.15625, 0.125]
[TRAIN]: (1037/1600): reward: 45.94704935327172, rates: 47.94705003055278, loss: 1.307983642726114, rho: 0.4000000000000001, transmit_actions: 19, P: [0.875, 0.375, 0.125, 0.125, 0.125, 0.125, 0.125, 0.125, 0.0625, 0.59375, 0.125, 0.09375, 0.15625, 0.125, 0.0625, 0.125, 0.125, 0.09375, 0.09375, 0.0625]
[TRAIN]: (1038/1600): reward: 49.57826591655612, rates: 49.57826575172626, loss: 1.3375884580541026, rho: 0.4000000000000001, transmit_actions: 19, P: [0.875, 0.0625, 0.125, 0.125, 0.125, 0.0625, 0.125, 0.125, 0.125, 0.125, 0.125, 0.15625, 0.125, 0.09375, 0.125, 0.125, 0.125, 0.125, 0.125, 0.125]
[TRAIN]: (1039/1600): reward: 48.229670979082584, rates: 49.22967050818771, loss: 1.399691494925231, rho: 0.4000000000000001, transmit_actions: 19, P: [0.875, 0.15625, 0.0625, 0.125, 0.125, 0.125, 0.125, 0.125, 0.125, 0.125, 0.125, 0.125, 0.125, 0.125, 0.125, 0.125, 0.125, 0.125, 0.125, 0.125]
[TRAIN]: (1040/1600): reward: 43.432271122932434, rates: 45.43227198545945, loss: 1.4989982326845912, rho: 0.4000000000000001, transmit_actions: 19, P: [0.875, 0.125, 0.125, 0.125, 0.125, 0.125, 0.125, 0.125, 0.125, 0.125, 0.125, 0.09375, 0.125, 0.125, 0.125, 0.125, 0.125, 0.15625, 0.125, 0.125]
[TRAIN]: (1041/1600): reward: 48.27499710023403, rates: 49.27499694702225, loss: 1.4021382949444454, rho: 0.4000000000000001, transmit_actions: 19, P: [0.875, 0.28125, 0.125, 0.125, 0.125, 0.125, 0.125, 0.125, 0.125, 0.15625, 0.125, 0.125, 0.125, 0.125, 0.125, 0.125, 0.125, 0.1875, 0.125, 0.125]
[TRAIN]: (1042/1600): reward: 40.302752926945686, rates: 42.302752875668766, loss: 1.3626867576735626, rho: 0.4000000000000001, transmit_actions: 19, P: [0.875, 0.125, 0.28125, 0.125, 0.125, 0.125, 0.125, 0.125, 0.125, 0.125, 0.125, 0.125, 0.15625, 0.09375, 0.125, 0.125, 0.15625, 0.125, 0.09375, 0.125]
[TRAIN]: (1043/1600): reward: 52.277823612093925, rates: 53.277823905402606, loss: 1.394205697891727, rho: 0.4000000000000001, transmit_actions: 19, P: [0.875, 0.28125, 0.125, 0.125, 0.125, 0.125, 0.125, 0.15625, 0.125, 0.125, 0.125, 0.125, 0.15625, 0.125, 0.125, 0.125, 0.09375, 0.15625, 0.125, 0.125]
[TRAIN]: (1044/1600): reward: 43.99984020739794, rates: 44.99984011651058, loss: 1.4258091919013274, rho: 0.4000000000000001, transmit_actions: 19, P: [0.875, 0.125, 0.125, 0.125, 0.125, 0.125, 0.15625, 0.125, 0.125, 0.125, 0.125, 0.125, 0.125, 0.125, 0.15625, 0.125, 0.125, 0.15625, 0.09375, 0.125]
[TRAIN]: (1045/1600): reward: 51.38358858786523, rates: 51.383589097700174, loss: 1.1989257070826738, rho: 0.4000000000000001, transmit_actions: 19, P: [0.875, 0.125, 0.125, 0.125, 0.125, 0.125, 0.125, 0.125, 0.125, 0.125, 0.125, 0.1875, 0.15625, 0.125, 0.125, 0.21875, 0.125, 0.125, 0.125, 0.125]
[TRAIN]: (1046/1600): reward: 42.952683955430984, rates: 42.95268435893786, loss: 1.4015006624471502, rho: 0.4000000000000001, transmit_actions: 18, P: [0.875, 0.9375, 0.0625, 0.125, 0.125, 0.15625, 0.125, 0.125, 0.125, 0.125, 0.125, 0.09375, 0.09375, 0.09375, 0.09375, 0.09375, 0.09375, 0.125, 0.125, 0.125]
[TRAIN]: (1047/1600): reward: 46.56248565763235, rates: 47.562485758132645, loss: 1.207220707150671, rho: 0.4000000000000001, transmit_actions: 19, P: [0.875, 0.125, 0.125, 0.125, 0.125, 0.125, 0.125, 0.125, 0.125, 0.125, 0.125, 0.125, 0.125, 0.125, 0.125, 0.125, 0.15625, 0.125, 0.125, 0.125]
[TRAIN]: (1048/1600): reward: 38.816840417683125, rates: 40.81684070588401, loss: 1.1373822129307989, rho: 0.4000000000000001, transmit_actions: 18, P: [0.875, 0.90625, 0.15625, 0.125, 0.125, 0.84375, 0.125, 0.125, 0.125, 0.125, 0.125, 0.125, 0.09375, 0.125, 0.125, 0.09375, 0.09375, 0.125, 0.125, 0.125]
[TRAIN]: (1049/1600): reward: 51.86196357756853, rates: 52.86196343583109, loss: 1.2157616989794344, rho: 0.4000000000000001, transmit_actions: 19, P: [0.875, 0.28125, 0.125, 0.125, 0.125, 0.125, 0.125, 0.125, 0.125, 0.125, 0.125, 0.125, 0.15625, 0.15625, 0.125, 0.125, 0.125, 0.125, 0.125, 0.125]
[TRAIN]: (1050/1600): reward: 47.71913139522076, rates: 47.71913143456964, loss: 1.623962075789165, rho: 0.4000000000000001, transmit_actions: 19, P: [0.875, 0.125, 0.125, 0.125, 0.125, 0.125, 0.125, 0.125, 0.125, 0.125, 0.125, 0.09375, 0.125, 0.15625, 0.15625, 0.125, 0.125, 0.09375, 0.09375, 0.125]
[TRAIN]: (1051/1600): reward: 53.317466631531715, rates: 53.31746649507585, loss: 1.4106036214769293, rho: 0.4000000000000001, transmit_actions: 18, P: [0.875, 0.90625, 0.125, 0.125, 0.125, 0.125, 0.125, 0.125, 0.125, 0.15625, 0.125, 0.125, 0.125, 0.09375, 0.09375, 0.125, 0.09375, 0.09375, 0.125, 0.09375]
[TRAIN]: (1052/1600): reward: 48.143529672175646, rates: 48.14353002201334, loss: 1.5163112691626262, rho: 0.4000000000000001, transmit_actions: 19, P: [0.875, 0.125, 0.125, 0.125, 0.125, 0.0625, 0.125, 0.125, 0.125, 0.125, 0.125, 0.125, 0.125, 0.125, 0.125, 0.125, 0.125, 0.125, 0.125, 0.125]
[TRAIN]: (1053/1600): reward: 41.09244544059038, rates: 43.09244600424325, loss: 1.3943309855966441, rho: 0.4000000000000001, transmit_actions: 19, P: [0.875, 0.125, 0.125, 0.46875, 0.125, 0.125, 0.125, 0.125, 0.125, 0.125, 0.125, 0.125, 0.125, 0.125, 0.125, 0.125, 0.15625, 0.125, 0.125, 0.125]
[TRAIN]: (1054/1600): reward: 48.21722183376551, rates: 49.2172215402982, loss: 1.28269354432016, rho: 0.4000000000000001, transmit_actions: 19, P: [0.875, 0.28125, 0.125, 0.125, 0.125, 0.125, 0.125, 0.125, 0.125, 0.125, 0.125, 0.09375, 0.09375, 0.125, 0.125, 0.125, 0.09375, 0.125, 0.125, 0.125]
[TRAIN]: (1055/1600): reward: 44.884400095790625, rates: 45.884400310758906, loss: 1.0960525653371866, rho: 0.4000000000000001, transmit_actions: 19, P: [0.875, 0.125, 0.125, 0.125, 0.125, 0.125, 0.125, 0.125, 0.125, 0.125, 0.125, 0.125, 0.09375, 0.125, 0.125, 0.125, 0.09375, 0.125, 0.125, 0.09375]
[TRAIN]: (1056/1600): reward: 49.870216727256775, rates: 50.87021674771792, loss: 1.3206795912306135, rho: 0.4000000000000001, transmit_actions: 18, P: [0.875, 0.125, 0.25, 0.125, 0.125, 0.125, 0.125, 0.125, 0.125, 0.125, 0.125, 0.125, 0.125, 0.125, 0.125, 0.125, 0.125, 0.125, 0.125, 0.125]
[TRAIN]: (1057/1600): reward: 46.94113491475582, rates: 46.94113410428995, loss: 1.4535901045944268, rho: 0.4000000000000001, transmit_actions: 18, P: [0.875, 0.9375, 0.125, 0.125, 0.125, 0.125, 0.125, 0.125, 0.125, 0.125, 0.125, 0.125, 0.125, 0.125, 0.125, 0.125, 0.125, 0.125, 0.125, 0.125]
[TRAIN]: (1058/1600): reward: 42.185531463474035, rates: 43.18553218982109, loss: 1.5307520049267322, rho: 0.4000000000000001, transmit_actions: 19, P: [0.875, 0.125, 0.125, 0.125, 0.125, 0.125, 0.125, 0.125, 0.125, 0.125, 0.125, 0.125, 0.125, 0.09375, 0.125, 0.125, 0.125, 0.125, 0.125, 0.125]
[TRAIN]: (1059/1600): reward: 52.39270108565688, rates: 53.39270091673574, loss: 1.435640306489894, rho: 0.4000000000000001, transmit_actions: 19, P: [0.875, 0.125, 0.125, 0.125, 0.125, 0.125, 0.125, 0.125, 0.125, 0.125, 0.125, 0.125, 0.125, 0.125, 0.125, 0.125, 0.125, 0.09375, 0.125, 0.125]
[TRAIN]: (1060/1600): reward: 46.553721483796835, rates: 47.55372085321068, loss: 1.2629453832173803, rho: 0.4000000000000001, transmit_actions: 19, P: [0.875, 0.125, 0.125, 0.125, 0.125, 0.125, 0.125, 0.125, 0.125, 0.125, 0.125, 0.09375, 0.125, 0.125, 0.125, 0.125, 0.09375, 0.125, 0.125, 0.125]
[TRAIN]: (1061/1600): reward: 50.479328006505966, rates: 50.479327795036205, loss: 1.3530889827095067, rho: 0.4000000000000001, transmit_actions: 18, P: [0.875, 1.0, 0.125, 0.125, 0.125, 0.125, 0.125, 0.125, 0.125, 0.125, 0.125, 0.125, 0.15625, 0.125, 0.125, 0.125, 0.125, 0.125, 0.125, 0.125]
[TRAIN]: (1062/1600): reward: 51.854723528027534, rates: 51.85472338552292, loss: 1.5719980246904193, rho: 0.4000000000000001, transmit_actions: 19, P: [0.875, 0.125, 0.125, 0.125, 0.125, 0.125, 0.125, 0.125, 0.125, 0.125, 0.125, 0.125, 0.09375, 0.125, 0.125, 0.125, 0.125, 0.125, 0.125, 0.125]
[TRAIN]: (1063/1600): reward: 47.638330083340406, rates: 47.638329788298776, loss: 1.464953237999474, rho: 0.4000000000000001, transmit_actions: 19, P: [0.875, 0.125, 0.125, 0.125, 0.125, 0.125, 0.125, 0.125, 0.125, 0.125, 0.125, 0.09375, 0.125, 0.125, 0.125, 0.125, 0.125, 0.125, 0.125, 0.125]
[TRAIN]: (1064/1600): reward: 39.95458593219519, rates: 41.954585632313375, loss: 1.2826418580529821, rho: 0.4000000000000001, transmit_actions: 19, P: [0.875, 0.125, 0.28125, 0.125, 0.125, 0.125, 0.125, 0.125, 0.125, 0.125, 0.4375, 0.09375, 0.125, 0.125, 0.125, 0.09375, 0.125, 0.09375, 0.09375, 0.125]
[TRAIN]: (1065/1600): reward: 49.132068417966366, rates: 50.13206883922021, loss: 1.2596909582951228, rho: 0.4000000000000001, transmit_actions: 19, P: [0.875, 0.125, 0.125, 0.125, 0.125, 0.125, 0.125, 0.125, 0.125, 0.21875, 0.125, 0.09375, 0.125, 0.125, 0.09375, 0.125, 0.125, 0.125, 0.125, 0.125]
[TRAIN]: (1066/1600): reward: 47.168652571737766, rates: 47.16865314892043, loss: 1.704360633475326, rho: 0.4000000000000001, transmit_actions: 18, P: [0.875, 0.90625, 0.0625, 0.125, 0.125, 0.125, 0.125, 0.125, 0.125, 0.125, 0.125, 0.125, 0.125, 0.125, 0.09375, 0.125, 0.15625, 0.09375, 0.09375, 0.125]
[TRAIN]: (1067/1600): reward: 48.28344704210758, rates: 48.28344724981784, loss: 1.2338108606040856, rho: 0.4000000000000001, transmit_actions: 18, P: [0.875, 0.9375, 0.125, 0.125, 0.125, 0.125, 0.125, 0.125, 0.125, 0.125, 0.125, 0.125, 0.125, 0.09375, 0.125, 0.125, 0.125, 0.125, 0.125, 0.125]
[TRAIN]: (1068/1600): reward: 51.581985011696815, rates: 51.581984902867745, loss: 1.3712890233111792, rho: 0.4000000000000001, transmit_actions: 19, P: [0.875, 0.125, 0.125, 0.15625, 0.125, 0.125, 0.0625, 0.125, 0.125, 0.125, 0.125, 0.125, 0.125, 0.125, 0.125, 0.09375, 0.125, 0.09375, 0.125, 0.09375]
[TRAIN]: (1069/1600): reward: 43.13561062887311, rates: 44.135609973968926, loss: 1.300444344954353, rho: 0.4000000000000001, transmit_actions: 18, P: [0.875, 0.9375, 0.125, 0.125, 0.125, 0.125, 0.125, 0.125, 0.125, 0.125, 0.125, 0.125, 0.125, 0.125, 0.125, 0.125, 0.125, 0.09375, 0.125, 0.09375]
[TRAIN]: (1070/1600): reward: 49.95490399003029, rates: 49.95490399220329, loss: 1.6503708124786542, rho: 0.4000000000000001, transmit_actions: 19, P: [0.875, 0.125, 0.125, 0.125, 0.125, 0.125, 0.125, 0.125, 0.125, 0.125, 0.125, 0.125, 0.125, 0.125, 0.125, 0.125, 0.125, 0.125, 0.125, 0.125]
[TRAIN]: (1071/1600): reward: 43.999072536826134, rates: 44.99907273869422, loss: 1.621611389372762, rho: 0.4000000000000001, transmit_actions: 19, P: [0.875, 0.28125, 0.125, 0.125, 0.125, 0.125, 0.125, 0.125, 0.125, 0.125, 0.125, 0.125, 0.09375, 0.125, 0.09375, 0.125, 0.125, 0.09375, 0.15625, 0.125]
[TRAIN]: (1072/1600): reward: 35.86904202029109, rates: 40.86904156845227, loss: 1.4640923111827555, rho: 0.4000000000000001, transmit_actions: 18, P: [0.875, 0.90625, 0.0625, 0.125, 0.125, 0.125, 0.125, 0.15625, 0.125, 0.21875, 0.125, 0.125, 0.125, 0.09375, 0.125, 0.125, 0.125, 0.125, 0.09375, 0.125]
[TRAIN]: (1073/1600): reward: 41.508659817278385, rates: 43.50865955191857, loss: 1.2226726876779086, rho: 0.4000000000000001, transmit_actions: 19, P: [0.875, 0.125, 0.125, 0.125, 0.125, 0.125, 0.125, 0.125, 0.125, 0.125, 0.125, 0.125, 0.125, 0.125, 0.125, 0.125, 0.09375, 0.125, 0.0625, 0.125]
[TRAIN]: (1074/1600): reward: 42.17736311070621, rates: 43.177363606032166, loss: 1.4378385859079328, rho: 0.4000000000000001, transmit_actions: 19, P: [0.875, 0.125, 0.125, 0.125, 0.125, 0.125, 0.125, 0.125, 0.125, 0.125, 0.125, 0.125, 0.125, 0.125, 0.09375, 0.125, 0.125, 0.125, 0.0625, 0.125]
[TRAIN]: (1075/1600): reward: 48.65912854298949, rates: 48.65912866168561, loss: 1.5250585867216462, rho: 0.4000000000000001, transmit_actions: 19, P: [0.875, 0.125, 0.125, 0.125, 0.09375, 0.125, 0.125, 0.125, 0.125, 0.125, 0.125, 0.09375, 0.125, 0.125, 0.125, 0.09375, 0.125, 0.125, 0.125, 0.125]
[TRAIN]: (1076/1600): reward: 43.90228817239404, rates: 43.90228877201324, loss: 1.6924595461299767, rho: 0.4000000000000001, transmit_actions: 18, P: [0.875, 1.0, 0.125, 0.0625, 0.125, 0.125, 0.0625, 0.125, 0.125, 0.125, 0.125, 0.09375, 0.125, 0.125, 0.125, 0.09375, 0.09375, 0.125, 0.125, 0.125]
[TRAIN]: (1077/1600): reward: 49.37273979187012, rates: 49.37274010917032, loss: 1.1224748424215736, rho: 0.4000000000000001, transmit_actions: 19, P: [0.875, 0.28125, 0.125, 0.125, 0.125, 0.125, 0.0625, 0.125, 0.125, 0.125, 0.125, 0.0625, 0.125, 0.125, 0.125, 0.125, 0.09375, 0.125, 0.125, 0.125]
[TRAIN]: (1078/1600): reward: 48.780905317515135, rates: 48.780905320176466, loss: 1.533648903470084, rho: 0.4000000000000001, transmit_actions: 19, P: [0.875, 0.0, 0.125, 0.125, 0.125, 0.125, 0.125, 0.125, 0.21875, 0.125, 0.125, 0.15625, 0.0625, 0.09375, 0.125, 0.125, 0.125, 0.125, 0.09375, 0.125]
[TRAIN]: (1079/1600): reward: 49.54275575373322, rates: 49.54275661741322, loss: 1.4169768144595287, rho: 0.4000000000000001, transmit_actions: 19, P: [0.875, 0.125, 0.125, 0.125, 0.125, 0.125, 0.125, 0.125, 0.125, 0.125, 0.125, 0.125, 0.09375, 0.125, 0.125, 0.09375, 0.125, 0.125, 0.125, 0.125]
[TRAIN]: (1080/1600): reward: 43.138650581240654, rates: 44.138649705971616, loss: 1.387200312307966, rho: 0.4000000000000001, transmit_actions: 19, P: [0.875, 0.34375, 0.125, 0.125, 0.125, 0.125, 0.125, 0.125, 0.125, 0.125, 0.125, 0.125, 0.125, 0.125, 0.125, 0.125, 0.125, 0.125, 0.125, 0.125]
[TRAIN]: (1081/1600): reward: 44.533978840336204, rates: 45.533978587928495, loss: 1.25152899533956, rho: 0.4000000000000001, transmit_actions: 18, P: [0.875, 0.125, 0.125, 0.125, 0.125, 0.125, 0.125, 0.125, 0.125, 0.125, 0.125, 0.125, 0.125, 0.125, 0.125, 0.125, 0.125, 0.3125, 0.125, 0.125]
[TRAIN]: (1082/1600): reward: 47.355121329426765, rates: 47.355121697714544, loss: 1.6154626596893942, rho: 0.4000000000000001, transmit_actions: 18, P: [0.875, 1.0, 0.125, 0.125, 0.125, 0.125, 0.125, 0.125, 0.125, 0.125, 0.125, 0.15625, 0.125, 0.125, 0.125, 0.125, 0.125, 0.125, 0.125, 0.125]
[TRAIN]: (1083/1600): reward: 48.78537841513753, rates: 49.78537820846361, loss: 1.4532461837026438, rho: 0.4000000000000001, transmit_actions: 19, P: [0.875, 0.125, 0.125, 0.0625, 0.125, 0.125, 0.125, 0.125, 0.625, 0.125, 0.125, 0.125, 0.125, 0.09375, 0.125, 0.125, 0.15625, 0.125, 0.125, 0.125]
[TRAIN]: (1084/1600): reward: 55.50043277442455, rates: 55.500432877856205, loss: 1.3147657818395075, rho: 0.4000000000000001, transmit_actions: 19, P: [0.875, 0.125, 0.125, 0.125, 0.125, 0.125, 0.125, 0.125, 0.125, 0.125, 0.125, 0.125, 0.15625, 0.125, 0.125, 0.125, 0.125, 0.125, 0.15625, 0.15625]
[TRAIN]: (1085/1600): reward: 52.85537988692522, rates: 53.85538001742863, loss: 1.2390960327156886, rho: 0.4000000000000001, transmit_actions: 19, P: [0.875, 0.125, 0.125, 0.125, 0.125, 0.125, 0.125, 0.15625, 0.125, 0.125, 0.125, 0.125, 0.125, 0.125, 0.125, 0.125, 0.125, 0.09375, 0.125, 0.15625]
[TRAIN]: (1086/1600): reward: 43.31359755247831, rates: 44.31359781252887, loss: 1.3651226879675078, rho: 0.4000000000000001, transmit_actions: 19, P: [0.875, 0.28125, 0.0625, 0.125, 0.125, 0.125, 0.125, 0.125, 0.125, 0.125, 0.28125, 0.125, 0.15625, 0.125, 0.125, 0.125, 0.125, 0.15625, 0.15625, 0.125]
[TRAIN]: (1087/1600): reward: 53.32745485007763, rates: 53.32745432907559, loss: 1.6321505357425015, rho: 0.4000000000000001, transmit_actions: 18, P: [0.875, 0.84375, 0.125, 0.125, 0.125, 0.09375, 0.125, 0.125, 0.125, 0.125, 0.125, 0.125, 0.125, 0.09375, 0.125, 0.125, 0.125, 0.125, 0.15625, 0.125]
[TRAIN]: (1088/1600): reward: 49.87468272447586, rates: 49.874682794712044, loss: 1.4017668807876276, rho: 0.4000000000000001, transmit_actions: 18, P: [0.875, 1.0, 0.15625, 0.125, 0.125, 0.0625, 0.125, 0.125, 0.125, 0.125, 0.125, 0.1875, 0.09375, 0.09375, 0.09375, 0.09375, 0.125, 0.125, 0.125, 0.125]
[TRAIN]: (1089/1600): reward: 33.15167827159166, rates: 37.15167821878225, loss: 1.4321665032338422, rho: 0.4000000000000001, transmit_actions: 19, P: [0.875, 0.125, 0.125, 0.03125, 0.0625, 0.125, 0.125, 0.125, 0.125, 0.125, 0.125, 0.125, 0.125, 0.09375, 0.125, 0.125, 0.125, 0.15625, 0.125, 0.125]
[TRAIN]: (1090/1600): reward: 42.8377807661891, rates: 43.83778074469689, loss: 1.3045844323695588, rho: 0.4000000000000001, transmit_actions: 19, P: [0.875, 0.125, 0.125, 0.15625, 0.125, 0.125, 0.125, 0.125, 0.125, 0.125, 0.15625, 0.09375, 0.125, 0.125, 0.125, 0.125, 0.125, 0.15625, 0.125, 0.125]
[TRAIN]: (1091/1600): reward: 39.84654578194022, rates: 41.84654524873511, loss: 1.217275754520087, rho: 0.4000000000000001, transmit_actions: 19, P: [0.875, 0.28125, 0.125, 0.125, 0.125, 0.125, 0.125, 0.125, 0.125, 0.125, 0.125, 0.15625, 0.125, 0.125, 0.125, 0.125, 0.15625, 0.125, 0.125, 0.09375]
[TRAIN]: (1092/1600): reward: 37.87895453721285, rates: 39.878954626272694, loss: 1.3003113653062544, rho: 0.4000000000000001, transmit_actions: 19, P: [0.875, 0.15625, 0.125, 0.125, 0.125, 0.125, 0.125, 0.125, 0.125, 0.125, 0.125, 0.125, 0.125, 0.125, 0.09375, 0.125, 0.125, 0.125, 0.125, 0.125]
[TRAIN]: (1093/1600): reward: 44.81745669618249, rates: 44.81745635675513, loss: 1.492382585885931, rho: 0.4000000000000001, transmit_actions: 18, P: [0.875, 0.90625, 0.125, 0.125, 0.125, 0.125, 0.125, 0.125, 0.125, 0.125, 0.125, 0.125, 0.09375, 0.125, 0.125, 0.09375, 0.125, 0.09375, 0.15625, 0.125]
[TRAIN]: (1094/1600): reward: 50.40341377258301, rates: 52.40341395632312, loss: 1.2902762936997823, rho: 0.4000000000000001, transmit_actions: 19, P: [0.875, 0.125, 0.125, 0.15625, 0.125, 0.125, 0.125, 0.125, 0.125, 0.0625, 0.125, 0.125, 0.125, 0.125, 0.09375, 0.15625, 0.1875, 0.15625, 0.125, 0.09375]
[TRAIN]: (1095/1600): reward: 47.48442994058132, rates: 47.484430702712565, loss: 1.4976606591262533, rho: 0.4000000000000001, transmit_actions: 18, P: [0.875, 0.90625, 0.125, 0.125, 0.125, 0.125, 0.125, 0.15625, 0.125, 0.15625, 0.125, 0.125, 0.125, 0.125, 0.125, 0.125, 0.125, 0.15625, 0.125, 0.125]
[TRAIN]: (1096/1600): reward: 41.77904719859362, rates: 42.77904640975311, loss: 1.4211543706640524, rho: 0.4000000000000001, transmit_actions: 19, P: [0.875, 0.125, 0.125, 0.125, 0.125, 0.125, 0.125, 0.125, 0.125, 0.15625, 0.125, 0.125, 0.125, 0.15625, 0.0625, 0.125, 0.125, 0.125, 0.15625, 0.15625]
[TRAIN]: (1097/1600): reward: 50.63713050633669, rates: 50.637130845522265, loss: 1.2062999616670176, rho: 0.4000000000000001, transmit_actions: 18, P: [0.875, 0.875, 0.125, 0.125, 0.125, 0.125, 0.125, 0.125, 0.125, 0.125, 0.125, 0.125, 0.125, 0.125, 0.125, 0.125, 0.125, 0.125, 0.1875, 0.125]
[TRAIN]: (1098/1600): reward: 41.33858003281057, rates: 42.33858065918374, loss: 1.2194350420949394, rho: 0.4000000000000001, transmit_actions: 18, P: [0.875, 0.9375, 0.125, 0.125, 0.125, 0.125, 0.125, 0.125, 0.125, 0.09375, 0.125, 0.125, 0.125, 0.125, 0.125, 0.125, 0.125, 0.125, 0.09375, 0.125]
[TRAIN]: (1099/1600): reward: 43.13683357089758, rates: 43.13683371759972, loss: 1.4829088390701914, rho: 0.4000000000000001, transmit_actions: 18, P: [0.875, 0.9375, 0.125, 0.125, 0.125, 0.125, 0.15625, 0.125, 0.125, 0.125, 0.125, 0.125, 0.125, 0.125, 0.03125, 0.125, 0.125, 0.125, 0.1875, 0.125]
[TRAIN]: (1100/1600): reward: 45.6842632945627, rates: 45.68426334114553, loss: 1.5859699474104878, rho: 0.4000000000000001, transmit_actions: 19, P: [0.875, 0.125, 0.125, 0.125, 0.125, 0.125, 0.125, 0.125, 0.125, 0.125, 0.125, 0.125, 0.125, 0.09375, 0.09375, 0.125, 0.125, 0.125, 0.125, 0.125]
[TRAIN]: (1101/1600): reward: 42.25412505120039, rates: 43.25412553676189, loss: 1.5726505228292142, rho: 0.4000000000000001, transmit_actions: 19, P: [0.875, 0.125, 0.125, 0.125, 0.125, 0.125, 0.125, 0.125, 0.125, 0.125, 0.125, 0.125, 0.125, 0.125, 0.125, 0.125, 0.125, 0.09375, 0.125, 0.125]
[TRAIN]: (1102/1600): reward: 52.412494741380215, rates: 52.41249510279868, loss: 1.1528768019237996, rho: 0.4000000000000001, transmit_actions: 19, P: [0.875, 0.125, 0.125, 0.125, 0.125, 0.125, 0.125, 0.125, 0.125, 0.125, 0.125, 0.09375, 0.125, 0.125, 0.125, 0.125, 0.125, 0.125, 0.125, 0.125]
[TRAIN]: (1103/1600): reward: 39.133917555212975, rates: 40.133917100603135, loss: 1.2514780743928622, rho: 0.4000000000000001, transmit_actions: 19, P: [0.875, 0.125, 0.125, 0.125, 0.28125, 0.125, 0.125, 0.125, 0.125, 0.125, 0.125, 0.09375, 0.125, 0.125, 0.09375, 0.46875, 0.125, 0.125, 0.09375, 0.125]
[TRAIN]: (1104/1600): reward: 44.19866358488798, rates: 45.1986633316225, loss: 1.238124729799583, rho: 0.4000000000000001, transmit_actions: 19, P: [0.875, 0.28125, 0.125, 0.125, 0.125, 0.125, 0.125, 0.125, 0.125, 0.125, 0.125, 0.125, 0.125, 0.125, 0.125, 0.125, 0.125, 0.125, 0.125, 0.125]
[TRAIN]: (1105/1600): reward: 49.000806014984846, rates: 49.00080591771559, loss: 1.3296089352585363, rho: 0.4000000000000001, transmit_actions: 19, P: [0.875, 0.0, 0.125, 0.125, 0.125, 0.125, 0.125, 0.125, 0.125, 0.125, 0.125, 0.125, 0.125, 0.125, 0.125, 0.125, 0.125, 0.125, 0.125, 0.125]
[TRAIN]: (1106/1600): reward: 42.477638493292034, rates: 44.47763905469382, loss: 1.6541433737441018, rho: 0.4000000000000001, transmit_actions: 18, P: [0.875, 0.125, 0.125, 0.125, 0.21875, 0.125, 0.125, 0.125, 0.125, 0.125, 0.125, 0.125, 0.125, 0.125, 0.125, 0.125, 0.09375, 0.125, 0.125, 0.125]
[TRAIN]: (1107/1600): reward: 43.71012665331364, rates: 44.71012741408002, loss: 1.629053666463345, rho: 0.4000000000000001, transmit_actions: 19, P: [0.875, 0.125, 0.125, 0.125, 0.125, 0.125, 0.125, 0.125, 0.125, 0.125, 0.125, 0.0625, 0.09375, 0.125, 0.09375, 0.125, 0.125, 0.125, 0.125, 0.125]
[TRAIN]: (1108/1600): reward: 47.285929538309574, rates: 47.28592941226099, loss: 1.3832194826898265, rho: 0.4000000000000001, transmit_actions: 18, P: [0.875, 0.9375, 0.125, 0.125, 0.125, 0.125, 0.125, 0.125, 0.125, 0.125, 0.125, 0.125, 0.125, 0.125, 0.125, 0.125, 0.09375, 0.125, 0.125, 0.09375]
[TRAIN]: (1109/1600): reward: 48.844128381460905, rates: 48.84412906260234, loss: 1.473272926176187, rho: 0.4000000000000001, transmit_actions: 19, P: [0.875, 0.0625, 0.125, 0.125, 0.125, 0.125, 0.125, 0.125, 0.125, 0.125, 0.125, 0.09375, 0.125, 0.09375, 0.125, 0.125, 0.125, 0.09375, 0.125, 0.125]
[TRAIN]: (1110/1600): reward: 45.26451487839222, rates: 47.26451469287463, loss: 1.2007036611281152, rho: 0.4000000000000001, transmit_actions: 19, P: [0.875, 0.59375, 0.1875, 0.125, 0.125, 0.125, 0.125, 0.125, 0.125, 0.125, 0.125, 0.09375, 0.125, 0.125, 0.125, 0.125, 0.125, 0.125, 0.125, 0.125]
[TRAIN]: (1111/1600): reward: 47.00683735497296, rates: 47.00683726777384, loss: 1.253824194197163, rho: 0.4000000000000001, transmit_actions: 19, P: [0.875, 0.125, 0.125, 0.0625, 0.125, 0.125, 0.0625, 0.125, 0.125, 0.0625, 0.125, 0.125, 0.09375, 0.09375, 0.09375, 0.09375, 0.09375, 0.125, 0.125, 0.125]
[TRAIN]: (1112/1600): reward: 52.56237191800028, rates: 52.56237134554367, loss: 1.3967487134688423, rho: 0.4000000000000001, transmit_actions: 19, P: [0.875, 0.125, 0.125, 0.125, 0.125, 0.125, 0.125, 0.125, 0.125, 0.125, 0.125, 0.15625, 0.09375, 0.125, 0.125, 0.125, 0.125, 0.125, 0.15625, 0.125]
[TRAIN]: (1113/1600): reward: 49.86827805428766, rates: 50.868277478270166, loss: 1.418541233614285, rho: 0.4000000000000001, transmit_actions: 19, P: [0.875, 0.125, 0.125, 0.125, 0.125, 0.125, 0.125, 0.125, 0.125, 0.125, 0.125, 0.125, 0.125, 0.125, 0.125, 0.125, 0.125, 0.09375, 0.125, 0.125]
[TRAIN]: (1114/1600): reward: 43.309154380112886, rates: 44.30915431348762, loss: 1.4499168670145566, rho: 0.4000000000000001, transmit_actions: 19, P: [0.875, 0.125, 0.125, 0.125, 0.125, 0.125, 0.125, 0.125, 0.125, 0.125, 0.0625, 0.125, 0.125, 0.125, 0.15625, 0.125, 0.125, 0.125, 0.125, 0.125]
[TRAIN]: (1115/1600): reward: 49.53470333851874, rates: 50.53470314099512, loss: 1.5178596377946847, rho: 0.4000000000000001, transmit_actions: 19, P: [0.875, 0.125, 0.0625, 0.15625, 0.125, 0.125, 0.125, 0.15625, 0.125, 0.125, 0.0625, 0.125, 0.09375, 0.125, 0.15625, 0.125, 0.125, 0.125, 0.125, 0.125]
[TRAIN]: (1116/1600): reward: 48.239544220268726, rates: 48.239543695069905, loss: 1.1697766777180645, rho: 0.4000000000000001, transmit_actions: 19, P: [0.875, 0.125, 0.125, 0.125, 0.125, 0.125, 0.125, 0.125, 0.125, 0.125, 0.125, 0.125, 0.125, 0.125, 0.125, 0.125, 0.125, 0.125, 0.125, 0.125]
[TRAIN]: (1117/1600): reward: 49.98624733835459, rates: 49.986246827398816, loss: 1.5069487026286317, rho: 0.4000000000000001, transmit_actions: 18, P: [0.875, 1.0, 0.125, 0.125, 0.125, 0.15625, 0.125, 0.125, 0.125, 0.125, 0.125, 0.125, 0.125, 0.125, 0.125, 0.125, 0.125, 0.125, 0.09375, 0.125]
[TRAIN]: (1118/1600): reward: 45.50157901085913, rates: 46.501578166911024, loss: 1.3115213031550057, rho: 0.4000000000000001, transmit_actions: 19, P: [0.875, 0.125, 0.125, 0.125, 0.125, 0.125, 0.125, 0.15625, 0.125, 0.125, 0.125, 0.09375, 0.125, 0.125, 0.125, 0.125, 0.125, 0.125, 0.09375, 0.125]
[TRAIN]: (1119/1600): reward: 45.55478046089411, rates: 46.55478078986961, loss: 1.3100474973770049, rho: 0.4000000000000001, transmit_actions: 19, P: [0.875, 0.125, 0.125, 0.125, 0.125, 0.125, 0.125, 0.125, 0.125, 0.125, 0.125, 0.125, 0.125, 0.125, 0.125, 0.125, 0.125, 0.15625, 0.09375, 0.125]
[TRAIN]: (1120/1600): reward: 48.06963097304106, rates: 48.06963096261893, loss: 1.457443796005542, rho: 0.4000000000000001, transmit_actions: 19, P: [0.875, 0.125, 0.09375, 0.125, 0.125, 0.125, 0.125, 0.125, 0.125, 0.125, 0.125, 0.125, 0.125, 0.09375, 0.125, 0.125, 0.125, 0.09375, 0.09375, 0.125]
[TRAIN]: (1121/1600): reward: 44.56944091245532, rates: 46.56944111099867, loss: 1.2972179681084692, rho: 0.4000000000000001, transmit_actions: 18, P: [0.875, 0.28125, 0.9375, 0.15625, 0.0625, 0.125, 0.125, 0.125, 0.125, 0.125, 0.125, 0.125, 0.125, 0.125, 0.125, 0.1875, 0.125, 0.125, 0.125, 0.125]
[TRAIN]: (1122/1600): reward: 39.218403831124306, rates: 40.218403663985136, loss: 1.3843617929258238, rho: 0.4000000000000001, transmit_actions: 18, P: [0.875, 0.9375, 0.125, 0.15625, 0.125, 0.125, 0.125, 0.125, 0.125, 0.125, 0.125, 0.09375, 0.125, 0.09375, 0.09375, 0.09375, 0.125, 0.125, 0.0625, 0.125]
[TRAIN]: (1123/1600): reward: 51.468914456665516, rates: 51.46891409233639, loss: 1.5755931795559044, rho: 0.4000000000000001, transmit_actions: 19, P: [0.875, 0.125, 0.125, 0.125, 0.125, 0.125, 0.125, 0.125, 0.125, 0.125, 0.125, 0.125, 0.125, 0.125, 0.125, 0.125, 0.125, 0.125, 0.125, 0.09375]
[TRAIN]: (1124/1600): reward: 41.63509987294674, rates: 43.63510044693486, loss: 1.0724837798592177, rho: 0.4000000000000001, transmit_actions: 19, P: [0.875, 0.1875, 0.125, 0.125, 0.125, 0.125, 0.1875, 0.125, 0.125, 0.125, 0.125, 0.125, 0.125, 0.125, 0.125, 0.125, 0.125, 0.125, 0.09375, 1.0]
[TRAIN]: (1125/1600): reward: 47.85133816301823, rates: 47.85133763567807, loss: 1.4303865271427425, rho: 0.4000000000000001, transmit_actions: 18, P: [0.875, 0.9375, 0.125, 0.125, 0.125, 0.125, 0.125, 0.125, 0.125, 0.125, 0.125, 0.125, 0.125, 0.125, 0.125, 0.125, 0.09375, 0.09375, 0.125, 0.125]
[TRAIN]: (1126/1600): reward: 51.945655189454556, rates: 51.94565491016336, loss: 1.58932449288878, rho: 0.4000000000000001, transmit_actions: 19, P: [0.875, 0.125, 0.125, 0.125, 0.125, 0.125, 0.125, 0.125, 0.125, 0.125, 0.125, 0.125, 0.09375, 0.125, 0.125, 0.125, 0.125, 0.125, 0.125, 0.125]
[TRAIN]: (1127/1600): reward: 39.145277354866266, rates: 41.14527777314322, loss: 1.482404906540824, rho: 0.4000000000000001, transmit_actions: 19, P: [0.875, 0.125, 0.125, 0.125, 0.125, 0.125, 0.125, 0.125, 0.125, 0.125, 0.125, 0.125, 0.09375, 0.125, 0.09375, 0.125, 0.125, 0.15625, 0.09375, 0.125]
[TRAIN]: (1128/1600): reward: 44.68404036574066, rates: 45.68403989758451, loss: 1.3237832072413052, rho: 0.4000000000000001, transmit_actions: 19, P: [0.875, 0.125, 0.125, 0.125, 0.125, 0.125, 0.125, 0.125, 0.125, 0.09375, 0.125, 0.15625, 0.125, 0.125, 0.125, 0.125, 0.125, 0.125, 0.125, 0.0625]
[TRAIN]: (1129/1600): reward: 50.07860857248306, rates: 50.07860934618785, loss: 1.119108091698114, rho: 0.4000000000000001, transmit_actions: 19, P: [0.875, 0.125, 0.125, 0.125, 0.125, 0.125, 0.125, 0.125, 0.125, 0.125, 0.125, 0.0625, 0.125, 0.125, 0.09375, 0.125, 0.125, 0.125, 0.125, 0.125]
[TRAIN]: (1130/1600): reward: 43.91209449991584, rates: 44.91209369907537, loss: 1.3447331833121217, rho: 0.4000000000000001, transmit_actions: 19, P: [0.875, 0.125, 0.125, 0.125, 0.125, 0.125, 0.125, 0.125, 0.125, 0.125, 0.125, 0.15625, 0.125, 0.125, 0.125, 0.125, 0.125, 0.125, 0.125, 0.125]
[TRAIN]: (1131/1600): reward: 41.26837179809809, rates: 42.26837127432483, loss: 1.7749750204132475, rho: 0.4000000000000001, transmit_actions: 19, P: [0.875, 0.125, 0.0625, 0.125, 0.125, 0.125, 0.125, 0.125, 0.125, 0.125, 0.125, 0.125, 0.125, 0.125, 0.125, 0.125, 0.125, 0.125, 0.125, 0.375]
[TRAIN]: (1132/1600): reward: 42.46534798294306, rates: 43.4653486777908, loss: 1.2611069837159645, rho: 0.4000000000000001, transmit_actions: 19, P: [0.875, 0.125, 0.125, 0.125, 0.125, 0.125, 0.125, 0.15625, 0.125, 0.125, 0.125, 0.125, 0.09375, 0.125, 0.125, 0.125, 0.125, 0.125, 0.125, 0.09375]
[TRAIN]: (1133/1600): reward: 51.518861554563046, rates: 51.51886166835176, loss: 1.1621286206048809, rho: 0.4000000000000001, transmit_actions: 19, P: [0.875, 0.125, 0.125, 0.125, 0.125, 0.125, 0.125, 0.125, 0.125, 0.125, 0.125, 0.125, 0.5625, 0.125, 0.125, 0.125, 0.09375, 0.09375, 0.125, 0.125]
[TRAIN]: (1134/1600): reward: 43.69906241632998, rates: 44.69906209932274, loss: 1.552348974924202, rho: 0.4000000000000001, transmit_actions: 19, P: [0.875, 0.0, 0.125, 0.125, 0.125, 0.15625, 0.125, 0.125, 0.125, 0.09375, 0.125, 0.125, 0.125, 0.125, 0.125, 0.125, 0.125, 0.15625, 0.71875, 0.125]
[TRAIN]: (1135/1600): reward: 49.34166454896331, rates: 50.341664831104055, loss: 1.481330294132312, rho: 0.4000000000000001, transmit_actions: 19, P: [0.875, 0.375, 0.125, 0.125, 0.125, 0.125, 0.125, 0.125, 0.125, 0.125, 0.125, 0.125, 0.125, 0.125, 0.125, 0.125, 0.125, 0.125, 0.125, 0.125]
[TRAIN]: (1136/1600): reward: 41.81018107756972, rates: 42.81018067542766, loss: 1.3505774098141679, rho: 0.4000000000000001, transmit_actions: 19, P: [0.875, 0.0625, 0.15625, 0.125, 0.125, 0.125, 0.125, 0.125, 0.125, 0.125, 0.125, 0.125, 0.125, 0.125, 0.125, 0.125, 0.125, 0.125, 0.125, 0.125]
[TRAIN]: (1137/1600): reward: 49.37693277746439, rates: 49.37693190717262, loss: 1.432708155899153, rho: 0.4000000000000001, transmit_actions: 19, P: [0.875, 0.125, 0.125, 0.1875, 0.125, 0.125, 0.125, 0.125, 0.125, 0.125, 0.125, 0.15625, 0.125, 0.125, 0.125, 0.09375, 0.09375, 0.125, 0.09375, 0.125]
[TRAIN]: (1138/1600): reward: 38.169845536351204, rates: 40.1698453652084, loss: 1.3242829934947815, rho: 0.4000000000000001, transmit_actions: 19, P: [0.875, 0.125, 0.125, 0.125, 0.125, 0.125, 0.125, 0.125, 0.125, 0.125, 0.125, 0.125, 0.125, 0.125, 0.125, 0.125, 0.125, 0.15625, 0.125, 0.125]
[TRAIN]: (1139/1600): reward: 44.965653486549854, rates: 45.96565259963177, loss: 1.4148376043562056, rho: 0.4000000000000001, transmit_actions: 18, P: [0.875, 0.21875, 0.28125, 0.0625, 0.125, 0.125, 0.125, 0.125, 0.125, 0.125, 0.15625, 0.125, 0.125, 0.125, 0.125, 0.125, 0.125, 0.1875, 0.125, 0.125]
[TRAIN]: (1140/1600): reward: 39.498520909808576, rates: 40.49852104061506, loss: 1.3956250127156273, rho: 0.4000000000000001, transmit_actions: 17, P: [0.875, 0.0625, 0.125, 0.125, 0.125, 0.125, 0.28125, 0.125, 0.125, 0.125, 0.125, 0.125, 0.125, 0.125, 0.15625, 0.125, 0.125, 0.125, 0.9375, 0.0625]
[TRAIN]: (1141/1600): reward: 44.11657331138849, rates: 45.11657298227309, loss: 1.493887615535542, rho: 0.4000000000000001, transmit_actions: 18, P: [0.875, 0.90625, 0.125, 0.125, 0.125, 0.0625, 0.125, 0.125, 0.125, 0.125, 0.125, 0.125, 0.125, 0.125, 0.125, 0.125, 0.125, 0.125, 0.125, 0.125]
[TRAIN]: (1142/1600): reward: 49.358827866613865, rates: 49.35882832053659, loss: 1.166720007914574, rho: 0.4000000000000001, transmit_actions: 19, P: [0.875, 0.15625, 0.125, 0.125, 0.125, 0.125, 0.125, 0.125, 0.09375, 0.125, 0.125, 0.125, 0.125, 0.125, 0.125, 0.125, 0.125, 0.125, 0.125, 0.09375]
[TRAIN]: (1143/1600): reward: 44.85474982857704, rates: 44.854749670938894, loss: 1.4522754016614285, rho: 0.4000000000000001, transmit_actions: 19, P: [0.875, 0.125, 0.125, 0.125, 0.125, 0.125, 0.125, 0.125, 0.125, 0.125, 0.125, 0.125, 0.125, 0.125, 0.15625, 0.125, 0.125, 0.125, 0.125, 0.125]
[TRAIN]: (1144/1600): reward: 49.616352586075664, rates: 49.61635219754036, loss: 1.4345152237989791, rho: 0.4000000000000001, transmit_actions: 19, P: [0.875, 0.125, 0.125, 0.125, 0.125, 0.125, 0.125, 0.125, 0.125, 0.125, 0.15625, 0.125, 0.125, 0.125, 0.125, 0.125, 0.125, 0.125, 0.125, 0.125]
[TRAIN]: (1145/1600): reward: 46.98245162516832, rates: 47.98245106727588, loss: 1.4297772088842522, rho: 0.4000000000000001, transmit_actions: 19, P: [0.875, 0.125, 0.125, 0.125, 0.125, 0.125, 0.125, 0.125, 0.125, 0.125, 0.125, 0.125, 0.125, 0.125, 0.125, 0.125, 0.125, 0.125, 0.09375, 0.125]
[TRAIN]: (1146/1600): reward: 41.86174983903766, rates: 42.86174976208978, loss: 1.3492437244583617, rho: 0.4000000000000001, transmit_actions: 19, P: [0.875, 0.15625, 0.0625, 0.09375, 0.125, 0.0625, 0.125, 0.125, 0.125, 0.125, 0.125, 0.09375, 0.15625, 0.125, 0.125, 0.125, 0.09375, 0.125, 0.125, 0.125]
[TRAIN]: (1147/1600): reward: 49.520412020385265, rates: 49.5204122680843, loss: 1.3652056573176956, rho: 0.4000000000000001, transmit_actions: 19, P: [0.875, 0.0625, 0.125, 0.125, 0.0625, 0.09375, 0.125, 0.09375, 0.125, 0.09375, 0.125, 0.09375, 0.09375, 0.125, 0.125, 0.125, 0.09375, 0.125, 0.125, 0.125]
[TRAIN]: (1148/1600): reward: 50.934658505022526, rates: 50.93465851350963, loss: 1.3079043048490646, rho: 0.4000000000000001, transmit_actions: 19, P: [0.875, 0.125, 0.125, 0.0625, 0.125, 0.125, 0.125, 0.125, 0.125, 0.125, 0.125, 0.125, 0.125, 0.125, 0.09375, 0.125, 0.125, 0.125, 0.125, 0.125]
[TRAIN]: (1149/1600): reward: 44.73420097306371, rates: 45.73420099933811, loss: 1.3422749106762253, rho: 0.4000000000000001, transmit_actions: 19, P: [0.875, 0.125, 0.125, 0.125, 0.125, 0.125, 0.125, 0.125, 0.125, 0.125, 0.125, 0.09375, 0.09375, 0.125, 0.125, 0.125, 0.125, 0.09375, 0.125, 0.125]
[TRAIN]: (1150/1600): reward: 49.67650693655014, rates: 49.676506867630295, loss: 1.3585374687220877, rho: 0.4000000000000001, transmit_actions: 19, P: [0.875, 0.125, 0.125, 0.125, 0.125, 0.125, 0.125, 0.125, 0.125, 0.125, 0.125, 0.125, 0.125, 0.125, 0.125, 0.125, 0.125, 0.125, 0.125, 0.09375]
[TRAIN]: (1151/1600): reward: 48.96571700274944, rates: 48.96571718358386, loss: 1.2931987050345168, rho: 0.4000000000000001, transmit_actions: 19, P: [0.875, 0.125, 0.125, 0.125, 0.125, 0.125, 0.125, 0.125, 0.125, 0.125, 0.125, 0.125, 0.125, 0.125, 0.125, 0.125, 0.125, 0.125, 0.125, 0.125]
[TRAIN]: (1152/1600): reward: 47.67733020335436, rates: 47.677329878543915, loss: 1.4166440725202838, rho: 0.4000000000000001, transmit_actions: 19, P: [0.875, 0.125, 0.125, 0.125, 0.125, 0.125, 0.125, 0.0625, 0.125, 0.125, 0.125, 0.125, 0.125, 0.09375, 0.09375, 0.125, 0.125, 0.125, 0.125, 0.09375]
[TRAIN]: (1153/1600): reward: 47.76045897603035, rates: 47.7604598060612, loss: 1.2579651587678948, rho: 0.4000000000000001, transmit_actions: 18, P: [0.875, 0.9375, 0.125, 0.125, 0.125, 0.125, 0.125, 0.125, 0.125, 0.125, 0.125, 0.125, 0.125, 0.125, 0.09375, 0.125, 0.125, 0.09375, 0.125, 0.125]
[TRAIN]: (1154/1600): reward: 45.077814005315304, rates: 45.07781452447349, loss: 1.2900759037308718, rho: 0.4000000000000001, transmit_actions: 19, P: [0.875, 0.15625, 0.125, 0.125, 0.15625, 0.125, 0.125, 0.125, 0.125, 0.125, 0.125, 0.125, 0.125, 0.125, 0.125, 0.125, 0.125, 0.03125, 0.125, 0.125]
[TRAIN]: (1155/1600): reward: 41.966503486037254, rates: 43.966503345847705, loss: 1.3345919978813596, rho: 0.4000000000000001, transmit_actions: 19, P: [0.875, 0.28125, 0.0625, 0.15625, 0.125, 0.125, 0.125, 0.125, 0.0625, 0.125, 0.125, 0.125, 0.125, 0.125, 0.125, 0.125, 0.15625, 0.09375, 0.125, 0.125]
[TRAIN]: (1156/1600): reward: 45.966641172766685, rates: 46.96664121061781, loss: 1.4818368043114245, rho: 0.4000000000000001, transmit_actions: 18, P: [0.875, 0.1875, 0.125, 0.125, 0.125, 0.125, 0.125, 0.125, 0.125, 0.125, 0.125, 0.125, 0.125, 0.125, 0.09375, 0.125, 0.125, 0.125, 0.125, 0.125]
[TRAIN]: (1157/1600): reward: 46.06261531636119, rates: 46.0626151873655, loss: 1.1504580902243242, rho: 0.4000000000000001, transmit_actions: 19, P: [0.875, 0.125, 0.125, 0.125, 0.125, 0.125, 0.125, 0.125, 0.125, 0.125, 0.125, 0.125, 0.125, 0.125, 0.09375, 0.125, 0.125, 0.09375, 0.125, 0.09375]
[TRAIN]: (1158/1600): reward: 51.99214928969741, rates: 51.9921489920578, loss: 1.2374192894978582, rho: 0.4000000000000001, transmit_actions: 19, P: [0.875, 0.125, 0.125, 0.125, 0.125, 0.125, 0.125, 0.125, 0.125, 0.0625, 0.125, 0.125, 0.125, 0.09375, 0.125, 0.125, 0.09375, 0.125, 0.125, 0.125]
[TRAIN]: (1159/1600): reward: 48.90991223230958, rates: 49.909912094027554, loss: 1.2858596545727792, rho: 0.4000000000000001, transmit_actions: 20, P: [0.5, 0.125, 0.125, 0.125, 0.125, 0.125, 0.125, 0.125, 0.125, 0.125, 0.125, 0.125, 0.125, 0.125, 0.125, 0.125, 0.125, 0.125, 0.125, 0.125]
[TRAIN]: (1160/1600): reward: 43.4203575104475, rates: 43.420357483195474, loss: 1.5389470114208448, rho: 0.4000000000000001, transmit_actions: 19, P: [0.875, 0.125, 0.125, 0.125, 0.125, 0.125, 0.125, 0.125, 0.125, 0.125, 0.125, 0.125, 0.125, 0.125, 0.125, 0.125, 0.125, 0.125, 0.125, 0.125]
[TRAIN]: (1161/1600): reward: 46.63102602958679, rates: 46.63102636346929, loss: 1.2467480306267693, rho: 0.4000000000000001, transmit_actions: 19, P: [0.875, 0.15625, 0.125, 0.15625, 0.125, 0.125, 0.125, 0.0625, 0.125, 0.125, 0.125, 0.125, 0.125, 0.125, 0.125, 0.125, 0.125, 0.125, 0.125, 0.125]
[TRAIN]: (1162/1600): reward: 50.074870862066746, rates: 52.074871017843435, loss: 1.2587988473995055, rho: 0.4000000000000001, transmit_actions: 19, P: [0.875, 0.125, 0.125, 0.125, 0.125, 0.125, 0.125, 0.375, 0.125, 0.125, 0.125, 0.125, 0.125, 0.125, 0.125, 0.125, 0.125, 0.125, 0.125, 0.125]
[TRAIN]: (1163/1600): reward: 45.471842378377914, rates: 46.47184186059297, loss: 1.5364576820151532, rho: 0.4000000000000001, transmit_actions: 18, P: [0.875, 0.125, 0.125, 0.125, 0.125, 0.125, 0.125, 0.125, 0.125, 0.125, 0.125, 0.125, 0.125, 0.125, 0.125, 0.3125, 0.09375, 0.125, 0.125, 0.125]
[TRAIN]: (1164/1600): reward: 51.2870172560215, rates: 51.287016814963785, loss: 1.3508085408826673, rho: 0.4000000000000001, transmit_actions: 19, P: [0.875, 0.125, 0.125, 0.125, 0.125, 0.125, 0.125, 0.125, 0.125, 0.125, 0.125, 0.125, 0.125, 0.125, 0.125, 0.125, 0.125, 0.125, 0.125, 0.125]
[TRAIN]: (1165/1600): reward: 40.03794912621379, rates: 42.0379490734186, loss: 1.4011025782530075, rho: 0.4000000000000001, transmit_actions: 19, P: [0.875, 0.125, 0.125, 0.125, 0.125, 0.96875, 0.125, 0.125, 0.125, 0.125, 0.125, 0.125, 0.125, 0.125, 0.09375, 0.09375, 0.125, 0.125, 0.0625, 0.09375]
[TRAIN]: (1166/1600): reward: 46.50916638225317, rates: 46.50916698717096, loss: 1.31712969306484, rho: 0.4000000000000001, transmit_actions: 18, P: [0.875, 0.875, 0.15625, 0.125, 0.125, 0.125, 0.125, 0.125, 0.0625, 0.125, 0.125, 0.125, 0.125, 0.125, 0.15625, 0.125, 0.09375, 0.125, 0.09375, 0.125]
[TRAIN]: (1167/1600): reward: 49.09134634677321, rates: 49.0913472408845, loss: 1.6773282424347962, rho: 0.4000000000000001, transmit_actions: 19, P: [0.875, 0.125, 0.125, 0.125, 0.125, 0.125, 0.125, 0.125, 0.125, 0.125, 0.125, 0.125, 0.15625, 0.125, 0.125, 0.09375, 0.09375, 0.09375, 0.09375, 0.125]
[TRAIN]: (1168/1600): reward: 41.8548048697412, rates: 42.85480514154681, loss: 1.2366183084665412, rho: 0.4000000000000001, transmit_actions: 18, P: [0.875, 0.96875, 0.125, 0.0625, 0.15625, 0.125, 0.125, 0.125, 0.125, 0.125, 0.125, 0.125, 0.09375, 0.125, 0.09375, 0.125, 0.125, 0.09375, 0.125, 0.125]
[TRAIN]: (1169/1600): reward: 50.96292047947645, rates: 50.962919579125305, loss: 1.188593017304662, rho: 0.4000000000000001, transmit_actions: 19, P: [0.875, 0.125, 0.125, 0.125, 0.125, 0.125, 0.125, 0.125, 0.125, 0.125, 0.125, 0.125, 0.125, 0.125, 0.125, 0.125, 0.125, 0.09375, 0.125, 0.125]
[TRAIN]: (1170/1600): reward: 48.128233429044485, rates: 49.12823380746288, loss: 1.3794307496346832, rho: 0.4000000000000001, transmit_actions: 19, P: [0.875, 0.125, 0.34375, 0.125, 0.125, 0.125, 0.125, 0.09375, 0.125, 0.125, 0.125, 0.125, 0.125, 0.125, 0.1875, 0.125, 0.125, 0.125, 0.125, 0.15625]
[TRAIN]: (1171/1600): reward: 52.37468275427818, rates: 52.374682495759735, loss: 1.1032256597168681, rho: 0.4000000000000001, transmit_actions: 19, P: [0.875, 0.125, 0.125, 0.125, 0.125, 0.125, 0.125, 0.125, 0.125, 0.125, 0.125, 0.125, 0.15625, 0.125, 0.125, 0.125, 0.125, 0.125, 0.125, 0.125]
[TRAIN]: (1172/1600): reward: 43.43821680545807, rates: 45.43821695982966, loss: 1.7799803452321883, rho: 0.4000000000000001, transmit_actions: 18, P: [0.875, 0.34375, 0.125, 0.125, 0.125, 0.125, 0.125, 0.125, 0.125, 0.125, 0.09375, 0.125, 0.125, 0.125, 0.125, 0.25, 0.125, 0.125, 0.125, 0.125]
[TRAIN]: (1173/1600): reward: 49.522360822185874, rates: 50.52236084124712, loss: 1.325291714121711, rho: 0.4000000000000001, transmit_actions: 19, P: [0.875, 0.15625, 0.125, 0.125, 0.125, 0.125, 0.125, 0.125, 0.125, 0.21875, 0.125, 0.09375, 0.125, 0.15625, 0.125, 0.125, 0.15625, 0.125, 0.125, 0.125]
[TRAIN]: (1174/1600): reward: 50.42480066791177, rates: 50.42480048716089, loss: 1.4665836594967894, rho: 0.4000000000000001, transmit_actions: 19, P: [0.875, 0.125, 0.125, 0.125, 0.125, 0.125, 0.125, 0.125, 0.125, 0.125, 0.125, 0.125, 0.125, 0.15625, 0.125, 0.125, 0.125, 0.125, 0.125, 0.125]
[TRAIN]: (1175/1600): reward: 51.14104372262955, rates: 51.14104368490524, loss: 1.5541886601722679, rho: 0.4000000000000001, transmit_actions: 19, P: [0.875, 0.125, 0.125, 0.125, 0.125, 0.125, 0.21875, 0.125, 0.125, 0.125, 0.125, 0.15625, 0.125, 0.09375, 0.125, 0.09375, 0.125, 0.125, 0.125, 0.125]
[TRAIN]: (1176/1600): reward: 48.4776419326663, rates: 48.47764209142268, loss: 1.5055570629928121, rho: 0.4000000000000001, transmit_actions: 19, P: [0.875, 0.125, 0.125, 0.125, 0.125, 0.125, 0.125, 0.125, 0.125, 0.125, 0.125, 0.125, 0.09375, 0.125, 0.125, 0.15625, 0.125, 0.09375, 0.09375, 0.09375]
[TRAIN]: (1177/1600): reward: 49.629473730921745, rates: 49.62947429559493, loss: 1.3773647062280467, rho: 0.4000000000000001, transmit_actions: 19, P: [0.875, 0.125, 0.125, 0.125, 0.15625, 0.125, 0.125, 0.125, 0.125, 0.125, 0.125, 0.125, 0.125, 0.125, 0.125, 0.125, 0.09375, 0.125, 0.125, 0.09375]
[TRAIN]: (1178/1600): reward: 40.98636562842876, rates: 41.98636589644052, loss: 1.4528550422030428, rho: 0.4000000000000001, transmit_actions: 19, P: [0.875, 0.125, 0.125, 0.125, 0.375, 0.125, 0.125, 0.125, 0.125, 0.09375, 0.125, 0.125, 0.125, 0.125, 0.21875, 0.125, 0.09375, 0.125, 0.125, 0.09375]
[TRAIN]: (1179/1600): reward: 47.569955699145794, rates: 47.56995599199839, loss: 1.3486715124322004, rho: 0.4000000000000001, transmit_actions: 19, P: [0.875, 0.21875, 0.125, 0.125, 0.125, 0.125, 0.125, 0.125, 0.125, 0.125, 0.125, 0.125, 0.125, 0.09375, 0.125, 0.125, 0.125, 0.125, 0.125, 0.125]
[TRAIN]: (1180/1600): reward: 43.558307863771915, rates: 44.55830750965142, loss: 1.2901538561271129, rho: 0.4000000000000001, transmit_actions: 19, P: [0.875, 0.125, 0.125, 0.125, 0.125, 0.125, 0.125, 0.125, 0.125, 0.125, 0.125, 0.125, 0.125, 0.125, 0.125, 0.125, 0.125, 0.125, 0.125, 0.125]
[TRAIN]: (1181/1600): reward: 49.22698362916708, rates: 49.226983476039166, loss: 1.3386224231239274, rho: 0.4000000000000001, transmit_actions: 19, P: [0.875, 0.125, 0.15625, 0.125, 0.125, 0.125, 0.125, 0.125, 0.125, 0.125, 0.125, 0.125, 0.125, 0.125, 0.125, 0.125, 0.09375, 0.09375, 0.125, 0.125]
[TRAIN]: (1182/1600): reward: 44.98317477572709, rates: 45.983174506180326, loss: 1.537523129901815, rho: 0.4000000000000001, transmit_actions: 19, P: [0.875, 0.125, 0.125, 0.125, 0.125, 0.125, 0.125, 0.125, 0.125, 0.125, 0.125, 0.125, 0.125, 0.125, 0.125, 0.125, 0.1875, 0.125, 0.125, 0.125]
[TRAIN]: (1183/1600): reward: 44.03093258291483, rates: 45.03093190532635, loss: 1.2446023709744678, rho: 0.4000000000000001, transmit_actions: 19, P: [0.875, 0.125, 0.125, 0.125, 0.125, 0.125, 0.125, 0.125, 0.125, 0.125, 0.125, 0.125, 0.125, 0.125, 0.125, 0.125, 0.125, 0.125, 0.125, 0.125]
[TRAIN]: (1184/1600): reward: 40.17170695960522, rates: 43.17170674882023, loss: 1.5638777375393274, rho: 0.4000000000000001, transmit_actions: 18, P: [0.875, 0.84375, 0.125, 0.28125, 0.125, 0.125, 0.125, 0.125, 0.125, 0.125, 0.125, 0.125, 0.125, 0.125, 0.125, 0.125, 0.125, 0.125, 0.09375, 0.09375]
[TRAIN]: (1185/1600): reward: 48.73862739466131, rates: 48.73862681680454, loss: 1.3355616386111813, rho: 0.4000000000000001, transmit_actions: 19, P: [0.875, 0.125, 0.125, 0.125, 0.125, 0.125, 0.125, 0.125, 0.125, 0.125, 0.125, 0.15625, 0.125, 0.125, 0.125, 0.09375, 0.15625, 0.125, 0.09375, 0.09375]
[TRAIN]: (1186/1600): reward: 45.04200783371925, rates: 48.04200715116886, loss: 1.1935847448945098, rho: 0.4000000000000001, transmit_actions: 19, P: [0.875, 0.28125, 0.125, 0.21875, 0.125, 0.125, 0.125, 0.125, 0.125, 0.125, 0.125, 0.15625, 0.125, 0.09375, 0.125, 0.125, 0.125, 0.15625, 0.125, 0.125]
[TRAIN]: (1187/1600): reward: 42.157870683819056, rates: 43.1578711128625, loss: 1.2808001336771828, rho: 0.4000000000000001, transmit_actions: 19, P: [0.875, 0.125, 0.125, 0.125, 0.125, 0.125, 0.125, 0.125, 0.125, 0.125, 0.125, 0.125, 0.09375, 0.09375, 0.125, 0.125, 0.125, 0.09375, 0.125, 0.1875]
[TRAIN]: (1188/1600): reward: 45.070010624825954, rates: 46.07001002089957, loss: 1.5790150539792585, rho: 0.4000000000000001, transmit_actions: 19, P: [0.875, 0.125, 0.125, 0.125, 0.125, 0.125, 0.15625, 0.125, 0.125, 0.125, 0.125, 0.09375, 0.125, 0.125, 0.09375, 0.09375, 0.125, 0.125, 0.125, 0.125]
[TRAIN]: (1189/1600): reward: 46.08396439254284, rates: 47.08396392940732, loss: 1.6003607145402161, rho: 0.4000000000000001, transmit_actions: 19, P: [0.875, 0.125, 0.125, 0.125, 0.125, 0.125, 0.125, 0.125, 0.125, 0.125, 0.125, 0.125, 0.125, 0.125, 0.125, 0.125, 0.125, 0.125, 0.125, 0.09375]
[TRAIN]: (1190/1600): reward: 43.38434720784426, rates: 45.384346889712646, loss: 1.322022056888745, rho: 0.4000000000000001, transmit_actions: 19, P: [0.875, 0.125, 0.125, 0.125, 0.125, 0.125, 0.125, 0.125, 0.125, 0.125, 0.125, 0.125, 0.125, 0.09375, 0.125, 0.125, 0.125, 0.125, 0.125, 0.125]
[TRAIN]: (1191/1600): reward: 45.310210544615984, rates: 46.31021010965979, loss: 1.3690163525681753, rho: 0.4000000000000001, transmit_actions: 18, P: [0.875, 0.125, 0.125, 0.125, 0.125, 0.125, 0.125, 0.53125, 0.125, 0.125, 0.125, 0.125, 0.125, 0.125, 0.125, 0.125, 0.09375, 0.15625, 0.09375, 0.125]
[TRAIN]: (1192/1600): reward: 43.282927602529526, rates: 43.28292747674067, loss: 1.1285008961281036, rho: 0.4000000000000001, transmit_actions: 19, P: [0.875, 0.125, 0.125, 0.125, 0.125, 0.125, 0.125, 0.125, 0.125, 0.15625, 0.125, 0.125, 0.125, 0.125, 0.09375, 0.09375, 0.09375, 0.125, 0.0, 0.1875]
[TRAIN]: (1193/1600): reward: 55.82758893072605, rates: 55.82758901026084, loss: 1.5167646518037343, rho: 0.4000000000000001, transmit_actions: 19, P: [0.875, 0.21875, 0.125, 0.125, 0.125, 0.125, 0.125, 0.15625, 0.15625, 0.125, 0.125, 0.1875, 0.125, 0.125, 0.125, 0.125, 0.125, 0.09375, 0.125, 0.125]
[TRAIN]: (1194/1600): reward: 49.110570438206196, rates: 51.110570683125175, loss: 1.4071587728646584, rho: 0.4000000000000001, transmit_actions: 19, P: [0.875, 0.125, 0.125, 0.125, 0.15625, 0.15625, 0.21875, 0.125, 0.125, 0.125, 0.125, 0.125, 0.125, 0.125, 0.125, 0.15625, 0.125, 0.125, 0.125, 0.125]
[TRAIN]: (1195/1600): reward: 33.909609539434314, rates: 36.909609461962404, loss: 1.6672205058320273, rho: 0.4000000000000001, transmit_actions: 19, P: [0.875, 0.125, 0.59375, 0.125, 0.125, 0.125, 0.125, 0.125, 0.125, 0.125, 0.28125, 0.125, 0.0625, 0.125, 0.125, 0.125, 0.125, 0.15625, 0.15625, 0.125]
[TRAIN]: (1196/1600): reward: 49.33813072927296, rates: 49.3381312232831, loss: 1.5476578219063588, rho: 0.4000000000000001, transmit_actions: 19, P: [0.875, 0.15625, 0.125, 0.125, 0.125, 0.125, 0.125, 0.125, 0.125, 0.125, 0.125, 0.125, 0.125, 0.125, 0.125, 0.125, 0.125, 0.125, 0.125, 0.15625]
[TRAIN]: (1197/1600): reward: 48.63207596540451, rates: 48.63207609845238, loss: 1.321321652128185, rho: 0.4000000000000001, transmit_actions: 19, P: [0.875, 0.15625, 0.125, 0.125, 0.15625, 0.125, 0.125, 0.125, 0.125, 0.125, 0.125, 0.125, 0.125, 0.125, 0.125, 0.125, 0.125, 0.125, 0.125, 0.125]
[TRAIN]: (1198/1600): reward: 46.51997754583135, rates: 47.519977368969144, loss: 1.2807238993115109, rho: 0.4000000000000001, transmit_actions: 19, P: [0.875, 0.21875, 0.125, 0.125, 0.125, 0.125, 0.125, 0.15625, 0.125, 0.125, 0.125, 0.125, 0.125, 0.125, 0.125, 0.15625, 0.125, 0.125, 0.09375, 0.125]
[TRAIN]: (1199/1600): reward: 44.68947147578001, rates: 45.689470665517305, loss: 1.6018411835092354, rho: 0.4000000000000001, transmit_actions: 19, P: [0.875, 0.125, 0.125, 0.125, 0.15625, 0.125, 0.125, 0.125, 0.125, 0.125, 0.125, 0.125, 0.125, 0.09375, 0.1875, 0.125, 0.90625, 0.125, 0.125, 0.125]
[TRAIN]: (1200/1600): reward: 43.3785361405462, rates: 46.37853637712152, loss: 1.4931724146086065, rho: 0.4000000000000001, transmit_actions: 19, P: [0.875, 0.125, 0.125, 0.15625, 0.28125, 0.15625, 0.125, 0.125, 0.125, 0.125, 0.125, 0.125, 0.125, 0.0625, 0.125, 0.09375, 0.09375, 0.1875, 0.125, 0.125]
[TRAIN]: (1201/1600): reward: 44.716572657227516, rates: 45.71657223503248, loss: 1.6757583267842058, rho: 0.4000000000000001, transmit_actions: 19, P: [0.875, 0.125, 0.15625, 0.28125, 0.125, 0.125, 0.15625, 0.125, 0.125, 0.15625, 0.15625, 0.09375, 0.125, 0.125, 0.09375, 0.125, 0.125, 0.09375, 0.15625, 0.15625]
[TRAIN]: (1202/1600): reward: 44.92025554552674, rates: 46.92025577009014, loss: 1.386640282642076, rho: 0.4000000000000001, transmit_actions: 19, P: [0.875, 0.28125, 0.15625, 0.125, 0.15625, 0.125, 0.125, 0.0625, 0.125, 0.125, 0.15625, 0.09375, 0.125, 0.125, 0.125, 0.125, 0.125, 0.125, 0.125, 0.125]
[TRAIN]: (1203/1600): reward: 51.953743908554316, rates: 52.95374367849893, loss: 1.3668217179025763, rho: 0.4000000000000001, transmit_actions: 18, P: [0.875, 0.875, 0.125, 0.125, 0.125, 0.125, 0.125, 0.15625, 0.125, 0.125, 0.15625, 0.125, 0.125, 0.15625, 0.125, 0.09375, 0.125, 0.125, 0.125, 0.15625]
[TRAIN]: (1204/1600): reward: 49.35946445912123, rates: 49.359464553428275, loss: 1.6151888290814402, rho: 0.4000000000000001, transmit_actions: 19, P: [0.875, 0.125, 0.125, 0.15625, 0.125, 0.125, 0.125, 0.125, 0.125, 0.125, 0.125, 0.09375, 0.125, 0.125, 0.125, 0.09375, 0.25, 0.125, 0.125, 0.09375]
[TRAIN]: (1205/1600): reward: 48.05885897576809, rates: 48.058859531266094, loss: 1.3042780817993738, rho: 0.4000000000000001, transmit_actions: 19, P: [0.875, 0.125, 0.125, 0.125, 0.09375, 0.125, 0.125, 0.125, 0.125, 0.125, 0.15625, 0.125, 0.09375, 0.09375, 0.125, 0.125, 0.125, 0.09375, 0.09375, 0.09375]
[TRAIN]: (1206/1600): reward: 47.45817221701145, rates: 47.45817246770095, loss: 1.3127771641074315, rho: 0.4000000000000001, transmit_actions: 19, P: [0.875, 0.125, 0.125, 0.15625, 0.125, 0.125, 0.125, 0.125, 0.125, 0.125, 0.125, 0.125, 0.125, 0.09375, 0.125, 0.125, 0.09375, 0.125, 0.125, 0.125]
[TRAIN]: (1207/1600): reward: 49.028791055083275, rates: 49.02879112211998, loss: 1.6474764297192153, rho: 0.4000000000000001, transmit_actions: 19, P: [0.875, 0.125, 0.125, 0.125, 0.125, 0.125, 0.125, 0.125, 0.125, 0.125, 0.125, 0.125, 0.125, 0.125, 0.125, 0.125, 0.125, 0.125, 0.125, 0.125]
[TRAIN]: (1208/1600): reward: 49.02756717056036, rates: 49.027567291081716, loss: 1.1411505021798756, rho: 0.4000000000000001, transmit_actions: 19, P: [0.875, 0.125, 0.125, 0.125, 0.125, 0.125, 0.0625, 0.125, 0.125, 0.125, 0.125, 0.125, 0.125, 0.125, 0.125, 0.125, 0.125, 0.125, 0.125, 0.15625]
[TRAIN]: (1209/1600): reward: 43.68945288285613, rates: 44.68945262283229, loss: 1.2892767306315238, rho: 0.4000000000000001, transmit_actions: 19, P: [0.875, 0.125, 0.125, 0.125, 0.125, 0.125, 0.125, 0.125, 0.125, 0.125, 0.125, 0.125, 0.125, 0.125, 0.125, 0.125, 0.125, 0.125, 0.125, 0.125]
[TRAIN]: (1210/1600): reward: 48.72035739570856, rates: 48.720357393090005, loss: 1.2606587079552827, rho: 0.4000000000000001, transmit_actions: 19, P: [0.875, 0.125, 0.125, 0.125, 0.125, 0.125, 0.125, 0.125, 0.125, 0.125, 0.125, 0.125, 0.125, 0.125, 0.125, 0.125, 0.1875, 0.125, 0.125, 0.125]
[TRAIN]: (1211/1600): reward: 48.85096715763211, rates: 48.85096732278211, loss: 1.5823056006379805, rho: 0.4000000000000001, transmit_actions: 19, P: [0.875, 0.125, 0.125, 0.125, 0.125, 0.15625, 0.09375, 0.125, 0.125, 0.125, 0.125, 0.15625, 0.125, 0.09375, 0.125, 0.125, 0.125, 0.125, 0.125, 0.125]
[TRAIN]: (1212/1600): reward: 49.86759876459837, rates: 50.86759884397467, loss: 1.4782238918644865, rho: 0.4000000000000001, transmit_actions: 19, P: [0.21875, 0.9375, 0.125, 0.125, 0.125, 0.125, 0.125, 0.125, 0.125, 0.125, 0.125, 0.125, 0.0625, 0.09375, 0.125, 0.125, 0.09375, 0.15625, 0.125, 0.125]
[TRAIN]: (1213/1600): reward: 49.17649985477328, rates: 49.176499538078744, loss: 1.46264583230822, rho: 0.4000000000000001, transmit_actions: 19, P: [0.875, 0.125, 0.125, 0.15625, 0.125, 0.15625, 0.125, 0.125, 0.125, 0.125, 0.125, 0.125, 0.125, 0.09375, 0.125, 0.15625, 0.125, 0.1875, 0.125, 0.125]
[TRAIN]: (1214/1600): reward: 46.61843679845333, rates: 46.61843742458445, loss: 1.407008268721122, rho: 0.4000000000000001, transmit_actions: 18, P: [0.875, 0.875, 0.0625, 0.125, 0.15625, 0.125, 0.125, 0.125, 0.125, 0.125, 0.125, 0.125, 0.125, 0.125, 0.125, 0.125, 0.125, 0.125, 0.125, 0.125]
[TRAIN]: (1215/1600): reward: 38.06152417510748, rates: 40.061524582168154, loss: 1.4030506468935366, rho: 0.4000000000000001, transmit_actions: 18, P: [0.875, 0.9375, 0.125, 0.125, 0.125, 0.15625, 0.125, 0.125, 0.15625, 0.125, 0.15625, 0.125, 0.09375, 0.125, 0.15625, 0.125, 0.1875, 0.125, 0.125, 0.09375]
[TRAIN]: (1216/1600): reward: 50.285632990300655, rates: 51.285632969418465, loss: 1.2217384776860536, rho: 0.4000000000000001, transmit_actions: 18, P: [0.875, 0.125, 0.125, 0.125, 0.125, 0.125, 0.125, 0.15625, 0.125, 0.6875, 0.125, 0.15625, 0.125, 0.125, 0.125, 0.125, 0.125, 0.15625, 0.125, 0.15625]
[TRAIN]: (1217/1600): reward: 42.0277951117605, rates: 44.0277956570941, loss: 1.2420035688336744, rho: 0.4000000000000001, transmit_actions: 18, P: [0.875, 0.125, 0.125, 0.125, 0.125, 0.125, 0.15625, 0.8125, 0.125, 0.125, 0.15625, 0.09375, 0.125, 0.125, 0.15625, 0.15625, 0.125, 0.15625, 0.125, 0.15625]
[TRAIN]: (1218/1600): reward: 45.35757006704807, rates: 46.35757033694738, loss: 1.3468567158778402, rho: 0.4000000000000001, transmit_actions: 18, P: [0.875, 1.0, 0.125, 0.125, 0.125, 0.15625, 0.15625, 0.125, 0.125, 0.125, 0.125, 0.09375, 0.15625, 0.09375, 0.125, 0.15625, 0.125, 0.125, 0.125, 0.15625]
[TRAIN]: (1219/1600): reward: 41.01771630346775, rates: 42.0177166315189, loss: 1.5185124713927223, rho: 0.4000000000000001, transmit_actions: 19, P: [0.875, 0.125, 0.125, 0.125, 0.15625, 0.125, 0.125, 0.15625, 0.15625, 0.125, 0.125, 0.125, 0.09375, 0.125, 0.125, 0.125, 0.15625, 0.15625, 0.125, 0.09375]
[TRAIN]: (1220/1600): reward: 47.11008927039802, rates: 48.11008921034745, loss: 1.2363362642165217, rho: 0.4000000000000001, transmit_actions: 19, P: [0.875, 0.125, 0.15625, 0.125, 0.15625, 0.125, 0.125, 0.125, 0.125, 0.125, 0.15625, 0.125, 0.125, 0.125, 0.125, 0.125, 0.125, 0.125, 0.15625, 0.125]
[TRAIN]: (1221/1600): reward: 42.26496649160981, rates: 43.264966863574315, loss: 1.5771474013741882, rho: 0.4000000000000001, transmit_actions: 18, P: [0.875, 0.125, 0.15625, 0.15625, 0.125, 0.125, 0.125, 0.125, 0.96875, 0.125, 0.125, 0.125, 0.125, 0.15625, 0.09375, 0.125, 0.15625, 0.125, 0.09375, 0.125]
[TRAIN]: (1222/1600): reward: 34.77579104155302, rates: 37.77579162050277, loss: 1.5663411118397073, rho: 0.4000000000000001, transmit_actions: 19, P: [0.875, 0.125, 0.125, 0.125, 0.125, 0.125, 0.15625, 0.125, 0.125, 0.125, 0.125, 0.125, 0.125, 0.09375, 0.125, 0.09375, 0.09375, 0.15625, 0.125, 0.15625]
[TRAIN]: (1223/1600): reward: 37.875005066394806, rates: 40.8750048761166, loss: 1.2646645043668936, rho: 0.4000000000000001, transmit_actions: 19, P: [0.875, 0.15625, 0.125, 0.125, 0.125, 0.125, 0.125, 0.125, 0.125, 0.125, 0.125, 0.125, 0.125, 0.125, 0.125, 0.125, 0.125, 0.125, 0.125, 0.125]
[TRAIN]: (1224/1600): reward: 46.115595993585885, rates: 47.11559668056088, loss: 1.4409100184503991, rho: 0.4000000000000001, transmit_actions: 17, P: [0.875, 0.875, 1.0, 0.125, 0.125, 0.15625, 0.125, 0.15625, 0.125, 0.125, 0.15625, 0.15625, 0.125, 0.125, 0.125, 0.15625, 0.125, 0.15625, 0.125, 0.125]
[TRAIN]: (1225/1600): reward: 47.303181268274784, rates: 48.303180737671255, loss: 1.368105998707087, rho: 0.4000000000000001, transmit_actions: 19, P: [0.875, 0.125, 0.125, 0.125, 0.15625, 0.15625, 0.125, 0.09375, 0.125, 0.125, 0.125, 0.125, 0.125, 0.125, 0.125, 0.15625, 0.125, 0.125, 0.09375, 0.125]
[TRAIN]: (1226/1600): reward: 44.24628181010485, rates: 46.24628194676388, loss: 1.6188816436493336, rho: 0.4000000000000001, transmit_actions: 18, P: [0.875, 0.15625, 0.125, 0.15625, 0.125, 0.625, 0.125, 0.125, 0.15625, 0.125, 0.125, 0.125, 0.125, 0.09375, 0.125, 0.125, 0.125, 0.125, 0.09375, 0.09375]
[TRAIN]: (1227/1600): reward: 51.36196122691035, rates: 51.36196157019897, loss: 1.3933539202924463, rho: 0.4000000000000001, transmit_actions: 19, P: [0.875, 0.15625, 0.125, 0.15625, 0.125, 0.125, 0.125, 0.125, 0.125, 0.125, 0.125, 0.125, 0.125, 0.125, 0.125, 0.125, 0.125, 0.1875, 0.125, 0.125]
[TRAIN]: (1228/1600): reward: 48.303936548531055, rates: 49.303936841875, loss: 1.3464927015601937, rho: 0.4000000000000001, transmit_actions: 19, P: [0.875, 0.125, 0.15625, 0.125, 0.125, 0.1875, 0.125, 0.125, 0.125, 0.125, 0.125, 0.09375, 0.125, 0.125, 0.125, 0.09375, 0.125, 0.125, 0.125, 0.125]
[TRAIN]: (1229/1600): reward: 47.20152843743563, rates: 47.20152841918517, loss: 1.4865849133469407, rho: 0.4000000000000001, transmit_actions: 19, P: [0.875, 0.15625, 0.125, 0.125, 0.125, 0.125, 0.125, 0.125, 0.125, 0.125, 0.125, 0.09375, 0.125, 0.15625, 0.125, 0.09375, 0.125, 0.15625, 0.09375, 0.125]
[TRAIN]: (1230/1600): reward: 43.59582228213549, rates: 44.59582252463433, loss: 1.5286888418824816, rho: 0.4000000000000001, transmit_actions: 18, P: [0.875, 0.90625, 0.125, 0.125, 0.125, 0.125, 0.125, 0.125, 0.15625, 0.15625, 0.125, 0.125, 0.15625, 0.09375, 0.125, 0.125, 0.125, 0.125, 0.125, 0.125]
[TRAIN]: (1231/1600): reward: 46.85180815309286, rates: 48.851808164543954, loss: 1.3882473111861955, rho: 0.4000000000000001, transmit_actions: 19, P: [0.875, 0.125, 0.125, 0.125, 0.125, 0.125, 0.71875, 0.125, 0.28125, 0.125, 0.125, 0.125, 0.09375, 0.125, 0.15625, 0.125, 0.125, 0.125, 0.125, 0.125]
[TRAIN]: (1232/1600): reward: 48.034835547208786, rates: 48.03483637046028, loss: 1.539496243385057, rho: 0.4000000000000001, transmit_actions: 19, P: [0.875, 0.125, 0.125, 0.125, 0.125, 0.125, 0.125, 0.125, 0.125, 0.125, 0.125, 0.15625, 0.15625, 0.125, 0.125, 0.125, 0.09375, 0.15625, 0.15625, 0.15625]
[TRAIN]: (1233/1600): reward: 48.378373473882675, rates: 48.37837301498454, loss: 1.304070056689283, rho: 0.4000000000000001, transmit_actions: 18, P: [0.875, 0.96875, 0.15625, 0.125, 0.125, 0.125, 0.125, 0.125, 0.125, 0.125, 0.125, 0.125, 0.15625, 0.09375, 0.09375, 0.4375, 0.125, 0.125, 0.125, 0.125]
[TRAIN]: (1234/1600): reward: 45.09710627421737, rates: 45.09710671429978, loss: 1.3348182310327077, rho: 0.4000000000000001, transmit_actions: 18, P: [0.875, 0.875, 0.125, 0.125, 0.125, 0.125, 0.125, 0.125, 0.125, 0.125, 0.125, 0.125, 0.125, 0.125, 0.125, 0.125, 0.1875, 0.125, 0.125, 0.125]
[TRAIN]: (1235/1600): reward: 48.522798761725426, rates: 50.52279884369554, loss: 1.4985151297895032, rho: 0.4000000000000001, transmit_actions: 19, P: [0.875, 0.28125, 0.125, 0.15625, 0.125, 0.125, 0.125, 0.125, 0.125, 0.125, 0.125, 0.125, 0.125, 0.125, 0.125, 0.125, 0.1875, 0.125, 0.125, 0.125]
[TRAIN]: (1236/1600): reward: 48.03886327892542, rates: 48.03886279371862, loss: 1.366956101731938, rho: 0.4000000000000001, transmit_actions: 19, P: [0.875, 0.125, 0.125, 0.125, 0.125, 0.125, 0.125, 0.125, 0.125, 0.15625, 0.125, 0.125, 0.125, 0.125, 0.125, 0.125, 0.125, 0.125, 0.125, 0.125]
[TRAIN]: (1237/1600): reward: 48.0183397680521, rates: 48.01833963116297, loss: 1.2664628465952803, rho: 0.4000000000000001, transmit_actions: 19, P: [0.875, 0.125, 0.125, 0.125, 0.125, 0.15625, 0.125, 0.125, 0.125, 0.125, 0.125, 0.125, 0.125, 0.125, 0.125, 0.125, 0.15625, 0.125, 0.125, 0.125]
[TRAIN]: (1238/1600): reward: 41.497210185974836, rates: 42.49721009819395, loss: 1.3098826275053927, rho: 0.4000000000000001, transmit_actions: 19, P: [0.875, 0.125, 0.125, 0.21875, 0.125, 0.125, 0.125, 0.125, 0.125, 0.125, 0.125, 0.09375, 0.09375, 0.125, 0.09375, 0.1875, 0.125, 0.125, 0.09375, 0.125]
[TRAIN]: (1239/1600): reward: 28.43953463435173, rates: 31.439534548555606, loss: 1.4741409232658556, rho: 0.4000000000000001, transmit_actions: 18, P: [0.875, 0.125, 0.125, 0.125, 0.125, 0.125, 0.125, 0.125, 0.125, 0.125, 0.125, 0.125, 0.09375, 0.125, 0.625, 0.09375, 0.125, 0.125, 0.09375, 0.09375]
[TRAIN]: (1240/1600): reward: 49.65701190382242, rates: 50.65701138356513, loss: 1.5894268210519031, rho: 0.4000000000000001, transmit_actions: 19, P: [0.875, 0.125, 0.125, 0.1875, 0.125, 0.125, 0.125, 0.125, 0.125, 0.125, 0.125, 0.125, 0.125, 0.125, 0.125, 0.125, 0.125, 0.125, 0.15625, 0.125]
[TRAIN]: (1241/1600): reward: 44.0809488799423, rates: 44.080948481720675, loss: 1.1952540157064517, rho: 0.4000000000000001, transmit_actions: 18, P: [0.875, 0.15625, 0.125, 0.125, 0.15625, 0.125, 0.15625, 0.125, 0.15625, 0.125, 0.125, 1.0, 0.125, 0.125, 0.125, 0.125, 0.125, 0.15625, 0.09375, 0.09375]
[TRAIN]: (1242/1600): reward: 43.21964845433831, rates: 44.219648733173074, loss: 1.4248324371698935, rho: 0.4000000000000001, transmit_actions: 19, P: [0.875, 0.125, 0.125, 0.125, 0.125, 0.125, 0.125, 0.125, 0.15625, 0.15625, 0.125, 0.125, 0.125, 0.125, 0.125, 0.09375, 0.125, 0.125, 0.125, 0.125]
[TRAIN]: (1243/1600): reward: 47.65905775129795, rates: 49.65905782119312, loss: 1.077065078169905, rho: 0.4000000000000001, transmit_actions: 19, P: [0.875, 0.125, 0.15625, 0.21875, 0.125, 0.125, 0.15625, 0.125, 0.125, 0.15625, 0.15625, 0.125, 0.125, 0.125, 0.125, 0.125, 0.125, 0.125, 0.125, 0.125]
[TRAIN]: (1244/1600): reward: 48.662019645795226, rates: 49.662020286238665, loss: 1.5508039394381699, rho: 0.4000000000000001, transmit_actions: 19, P: [0.875, 0.15625, 0.0625, 0.15625, 0.125, 0.15625, 0.125, 0.125, 0.125, 0.125, 0.125, 0.125, 0.125, 0.125, 0.09375, 0.125, 0.125, 0.125, 0.125, 0.15625]
[TRAIN]: (1245/1600): reward: 50.37081599701196, rates: 50.370816116504294, loss: 1.4643330033333684, rho: 0.4000000000000001, transmit_actions: 19, P: [0.875, 0.125, 0.125, 0.15625, 0.125, 0.125, 0.15625, 0.125, 0.125, 0.125, 0.125, 0.125, 0.21875, 0.125, 0.09375, 0.125, 0.09375, 0.09375, 0.125, 0.125]
[TRAIN]: (1246/1600): reward: 51.388979298993945, rates: 52.388978972955165, loss: 1.5414456834963681, rho: 0.4000000000000001, transmit_actions: 19, P: [0.875, 0.21875, 0.125, 0.125, 0.125, 0.15625, 0.125, 0.125, 0.125, 0.125, 0.125, 0.125, 0.125, 0.125, 0.125, 0.125, 0.125, 0.125, 0.125, 0.125]
[TRAIN]: (1247/1600): reward: 45.92614874430001, rates: 46.92614880948942, loss: 1.493949560141434, rho: 0.4000000000000001, transmit_actions: 19, P: [0.875, 0.125, 0.15625, 0.15625, 0.125, 0.125, 0.125, 0.125, 0.125, 0.125, 0.125, 0.15625, 0.125, 0.09375, 0.125, 0.15625, 0.125, 0.125, 0.15625, 0.15625]
[TRAIN]: (1248/1600): reward: 50.151170305907726, rates: 50.151171046663045, loss: 1.4195554372094485, rho: 0.4000000000000001, transmit_actions: 19, P: [0.875, 0.15625, 0.125, 0.125, 0.125, 0.125, 0.125, 0.125, 0.125, 0.125, 0.125, 0.125, 0.125, 0.125, 0.125, 0.125, 0.125, 0.125, 0.125, 0.125]
[TRAIN]: (1249/1600): reward: 50.9571935236454, rates: 50.957193665191156, loss: 1.3578578075535586, rho: 0.4000000000000001, transmit_actions: 18, P: [0.875, 0.9375, 0.1875, 0.125, 0.125, 0.125, 0.15625, 0.125, 0.125, 0.125, 0.125, 0.125, 0.125, 0.125, 0.125, 0.125, 0.125, 0.125, 0.125, 0.125]
[TRAIN]: (1250/1600): reward: 44.897779643535614, rates: 45.89777952930238, loss: 1.3362624975159483, rho: 0.4000000000000001, transmit_actions: 19, P: [0.875, 0.125, 0.125, 0.125, 0.15625, 0.125, 0.125, 0.125, 0.125, 0.125, 0.125, 0.09375, 0.125, 0.125, 0.09375, 0.125, 0.125, 0.125, 0.125, 0.125]
[TRAIN]: (1251/1600): reward: 53.36329551786184, rates: 53.36329545044039, loss: 1.3838677867515057, rho: 0.4000000000000001, transmit_actions: 19, P: [0.875, 0.125, 0.15625, 0.125, 0.125, 0.125, 0.125, 0.125, 0.125, 0.125, 0.125, 0.125, 0.125, 0.125, 0.125, 0.125, 0.09375, 0.125, 0.125, 0.1875]
[TRAIN]: (1252/1600): reward: 51.072745241224766, rates: 51.072744979974054, loss: 1.3922216423194935, rho: 0.4000000000000001, transmit_actions: 19, P: [0.875, 0.125, 0.125, 0.125, 0.125, 0.125, 0.125, 0.125, 0.125, 0.15625, 0.125, 0.125, 0.125, 0.125, 0.125, 0.09375, 0.125, 0.125, 0.125, 0.125]
[TRAIN]: (1253/1600): reward: 42.95496219024062, rates: 43.95496192712308, loss: 1.464646914256941, rho: 0.4000000000000001, transmit_actions: 18, P: [0.875, 0.875, 0.15625, 0.125, 0.125, 0.125, 0.125, 0.125, 0.125, 0.125, 0.21875, 0.125, 0.125, 0.125, 0.125, 0.125, 0.125, 0.125, 0.125, 0.125]
[TRAIN]: (1254/1600): reward: 42.4446425922215, rates: 44.444643221791836, loss: 1.4710677184604903, rho: 0.4000000000000001, transmit_actions: 19, P: [0.875, 0.125, 0.125, 0.125, 0.125, 0.125, 0.125, 0.125, 0.125, 0.125, 0.125, 0.125, 0.125, 0.125, 0.125, 0.09375, 0.25, 0.125, 0.125, 0.125]
[TRAIN]: (1255/1600): reward: 50.51048217713833, rates: 51.51048178013975, loss: 1.5277301324692654, rho: 0.4000000000000001, transmit_actions: 19, P: [0.875, 0.125, 0.125, 0.125, 0.15625, 0.125, 0.125, 0.125, 0.125, 0.125, 0.125, 0.125, 0.09375, 0.0625, 0.09375, 0.125, 0.125, 0.125, 0.125, 0.125]
[TRAIN]: (1256/1600): reward: 41.76397990807891, rates: 43.76397964532585, loss: 1.4241194418726155, rho: 0.4000000000000001, transmit_actions: 19, P: [0.875, 0.125, 0.125, 0.125, 0.125, 0.125, 0.125, 0.15625, 0.125, 0.125, 0.125, 0.125, 0.125, 0.125, 0.125, 0.125, 0.78125, 0.125, 0.125, 0.125]
[TRAIN]: (1257/1600): reward: 45.368312519043684, rates: 46.36831187172677, loss: 1.6796648282403162, rho: 0.4000000000000001, transmit_actions: 19, P: [0.875, 0.125, 0.125, 0.125, 0.125, 0.15625, 0.125, 0.125, 0.125, 0.125, 0.125, 0.125, 0.125, 0.125, 0.125, 0.125, 0.125, 0.09375, 0.125, 0.125]
[TRAIN]: (1258/1600): reward: 50.171784069389105, rates: 50.17178467829124, loss: 1.4535909417571677, rho: 0.4000000000000001, transmit_actions: 19, P: [0.875, 0.125, 0.125, 0.125, 0.125, 0.125, 0.125, 0.125, 0.125, 0.125, 0.125, 0.125, 0.09375, 0.09375, 0.125, 0.125, 0.125, 0.125, 0.125, 0.1875]
[TRAIN]: (1259/1600): reward: 45.76127805933356, rates: 47.761278305963074, loss: 1.3704611365429358, rho: 0.4000000000000001, transmit_actions: 18, P: [0.875, 0.90625, 0.15625, 0.125, 0.125, 0.15625, 0.125, 0.15625, 0.15625, 0.15625, 0.125, 0.09375, 0.125, 0.125, 0.125, 0.125, 0.125, 0.15625, 0.125, 0.125]
[TRAIN]: (1260/1600): reward: 43.501079581677914, rates: 44.501079826015534, loss: 1.4351055289546184, rho: 0.4000000000000001, transmit_actions: 19, P: [0.875, 0.21875, 0.125, 0.125, 0.125, 0.125, 0.125, 0.125, 0.125, 0.125, 0.125, 0.125, 0.125, 0.125, 0.09375, 0.125, 0.125, 0.125, 0.125, 0.125]
[TRAIN]: (1261/1600): reward: 47.1764268130064, rates: 47.17642716724058, loss: 1.5537292476846551, rho: 0.4000000000000001, transmit_actions: 19, P: [0.875, 0.125, 0.125, 0.125, 0.125, 0.125, 0.125, 0.125, 0.125, 0.125, 0.125, 0.125, 0.125, 0.15625, 0.125, 0.125, 0.125, 0.09375, 0.125, 0.125]
[TRAIN]: (1262/1600): reward: 49.976036148145795, rates: 49.97603657605215, loss: 1.4095714232620966, rho: 0.4000000000000001, transmit_actions: 19, P: [0.875, 0.125, 0.125, 0.125, 0.125, 0.125, 0.125, 0.125, 0.21875, 0.125, 0.125, 0.125, 0.09375, 0.09375, 0.125, 0.15625, 0.125, 0.125, 0.09375, 0.09375]
[TRAIN]: (1263/1600): reward: 50.499382227659225, rates: 51.499381553467536, loss: 1.393620951172894, rho: 0.4000000000000001, transmit_actions: 19, P: [0.875, 0.0, 0.125, 0.125, 0.125, 0.125, 0.125, 0.125, 0.21875, 0.15625, 0.09375, 0.125, 0.15625, 0.125, 0.125, 0.1875, 0.125, 0.125, 0.125, 0.125]
[TRAIN]: (1264/1600): reward: 42.68349777907133, rates: 44.683498371258025, loss: 1.642666389082948, rho: 0.4000000000000001, transmit_actions: 19, P: [0.875, 0.125, 0.125, 0.125, 0.125, 0.125, 0.21875, 0.125, 0.125, 0.125, 0.125, 0.1875, 0.125, 0.125, 0.1875, 0.125, 0.125, 0.09375, 0.09375, 0.125]
[TRAIN]: (1265/1600): reward: 51.96816271543503, rates: 52.968163053292585, loss: 1.5974967674928657, rho: 0.4000000000000001, transmit_actions: 19, P: [0.875, 0.125, 0.125, 0.125, 0.125, 0.125, 0.125, 0.125, 0.21875, 0.21875, 0.125, 0.09375, 0.125, 0.125, 0.09375, 0.125, 0.125, 0.125, 0.125, 0.125]
[TRAIN]: (1266/1600): reward: 54.36230195686221, rates: 54.36230181567547, loss: 1.275761745138736, rho: 0.4000000000000001, transmit_actions: 18, P: [0.875, 0.90625, 0.125, 0.125, 0.125, 0.125, 0.125, 0.125, 0.125, 0.125, 0.125, 0.125, 0.125, 0.125, 0.125, 0.125, 0.125, 0.125, 0.125, 0.125]
[TRAIN]: (1267/1600): reward: 48.41460610553622, rates: 48.414605843953034, loss: 1.5957083696404113, rho: 0.4000000000000001, transmit_actions: 18, P: [0.875, 0.9375, 0.125, 0.125, 0.125, 0.125, 0.125, 0.125, 0.125, 0.125, 0.125, 0.125, 0.09375, 0.125, 0.125, 0.125, 0.125, 0.125, 0.125, 0.125]
[TRAIN]: (1268/1600): reward: 51.343595299869776, rates: 51.34359508635615, loss: 1.730610063146938, rho: 0.4000000000000001, transmit_actions: 19, P: [0.875, 0.125, 0.125, 0.125, 0.125, 0.125, 0.125, 0.125, 0.125, 0.125, 0.125, 0.125, 0.125, 0.125, 0.125, 0.125, 0.125, 0.125, 0.125, 0.09375]
[TRAIN]: (1269/1600): reward: 53.295904099941254, rates: 53.29590419151182, loss: 1.3199365973774495, rho: 0.4000000000000001, transmit_actions: 19, P: [0.875, 0.125, 0.125, 0.125, 0.125, 0.125, 0.125, 0.125, 0.125, 0.125, 0.125, 0.125, 0.125, 0.125, 0.125, 0.25, 0.125, 0.1875, 0.125, 0.09375]
[TRAIN]: (1270/1600): reward: 48.736277773976326, rates: 49.73627851525962, loss: 1.4115461683474932, rho: 0.4000000000000001, transmit_actions: 19, P: [0.875, 0.125, 0.125, 0.125, 0.125, 0.125, 0.21875, 0.15625, 0.125, 0.125, 0.125, 0.125, 0.125, 0.125, 0.125, 0.125, 0.09375, 0.1875, 0.125, 0.09375]
[TRAIN]: (1271/1600): reward: 42.354509208351374, rates: 46.35450953431846, loss: 1.3914916014363456, rho: 0.4000000000000001, transmit_actions: 18, P: [0.875, 0.15625, 0.21875, 0.125, 0.125, 0.125, 0.21875, 0.125, 0.125, 0.40625, 0.125, 0.125, 0.125, 0.125, 0.0625, 0.125, 0.125, 0.125, 0.125, 0.125]
[TRAIN]: (1272/1600): reward: 43.618172308430076, rates: 44.61817299951655, loss: 1.3734909088905463, rho: 0.4000000000000001, transmit_actions: 18, P: [0.875, 0.875, 0.125, 0.125, 0.125, 0.125, 0.125, 0.125, 0.125, 0.125, 0.125, 0.125, 0.125, 0.125, 0.125, 0.125, 0.125, 0.125, 0.125, 0.125]
[TRAIN]: (1273/1600): reward: 48.73641140758991, rates: 48.73641134504004, loss: 1.5015759550318757, rho: 0.4000000000000001, transmit_actions: 19, P: [0.875, 0.125, 0.125, 0.125, 0.125, 0.125, 0.125, 0.125, 0.125, 0.125, 0.125, 0.125, 0.0625, 0.125, 0.125, 0.125, 0.125, 0.125, 0.125, 0.125]
[TRAIN]: (1274/1600): reward: 46.40712973847985, rates: 47.407129805003414, loss: 1.1596345303278823, rho: 0.4000000000000001, transmit_actions: 18, P: [0.875, 0.125, 0.125, 0.125, 0.125, 0.125, 0.125, 0.125, 0.03125, 0.125, 0.15625, 0.125, 0.125, 0.125, 0.125, 0.09375, 0.125, 0.125, 0.125, 0.125]
[TRAIN]: (1275/1600): reward: 46.95220999792218, rates: 47.95221009171984, loss: 1.4242674200951615, rho: 0.4000000000000001, transmit_actions: 19, P: [0.875, 0.125, 0.125, 0.125, 0.125, 0.15625, 0.125, 0.15625, 0.125, 0.15625, 0.125, 0.125, 0.125, 0.09375, 0.125, 0.125, 0.125, 0.125, 0.125, 0.09375]
[TRAIN]: (1276/1600): reward: 46.78717612475157, rates: 47.78717648693232, loss: 1.5695005931498858, rho: 0.4000000000000001, transmit_actions: 19, P: [0.875, 0.15625, 0.125, 0.125, 0.125, 0.15625, 0.125, 0.15625, 0.15625, 0.125, 0.15625, 0.125, 0.09375, 0.125, 0.125, 0.09375, 0.09375, 0.1875, 0.125, 0.125]
[TRAIN]: (1277/1600): reward: 46.06034184247255, rates: 47.0603416101069, loss: 1.4975000542047459, rho: 0.4000000000000001, transmit_actions: 19, P: [0.875, 0.125, 0.125, 0.125, 0.125, 0.125, 0.125, 0.125, 0.125, 0.125, 0.125, 0.125, 0.09375, 0.125, 0.125, 0.125, 0.09375, 0.125, 0.125, 0.125]
[TRAIN]: (1278/1600): reward: 51.13609916716814, rates: 51.13609927263956, loss: 1.4196185208328675, rho: 0.4000000000000001, transmit_actions: 19, P: [0.875, 0.125, 0.125, 0.125, 0.125, 0.125, 0.125, 0.125, 0.125, 0.125, 0.125, 0.125, 0.125, 0.125, 0.125, 0.125, 0.125, 0.125, 0.125, 0.125]
[TRAIN]: (1279/1600): reward: 42.72298902645707, rates: 43.72298854985826, loss: 1.3568631246670357, rho: 0.4000000000000001, transmit_actions: 19, P: [0.875, 0.125, 0.125, 0.125, 0.125, 0.15625, 0.125, 0.15625, 0.125, 0.125, 0.125, 0.125, 0.125, 0.125, 0.0625, 0.125, 0.125, 0.125, 0.09375, 0.125]
[TRAIN]: (1280/1600): reward: 39.62270373851061, rates: 41.62270447167486, loss: 1.427531977911283, rho: 0.4000000000000001, transmit_actions: 19, P: [0.875, 0.125, 0.125, 0.125, 0.125, 0.125, 0.125, 0.125, 0.125, 0.125, 0.125, 0.125, 0.125, 0.125, 0.15625, 0.125, 0.09375, 0.125, 0.15625, 0.1875]
[TRAIN]: (1281/1600): reward: 46.23642894998193, rates: 47.23642934923374, loss: 1.6371343697731338, rho: 0.4000000000000001, transmit_actions: 19, P: [0.875, 0.125, 0.125, 0.15625, 0.15625, 0.125, 0.125, 0.125, 0.125, 0.15625, 0.125, 0.09375, 0.09375, 0.125, 0.15625, 0.125, 0.125, 0.15625, 0.125, 0.125]
[TRAIN]: (1282/1600): reward: 37.82416699081659, rates: 39.824166984867546, loss: 1.5369642364026148, rho: 0.4000000000000001, transmit_actions: 19, P: [0.875, 0.15625, 0.125, 0.125, 0.125, 0.125, 0.125, 0.125, 0.125, 0.125, 0.15625, 0.125, 0.125, 0.15625, 0.1875, 0.125, 0.1875, 0.125, 0.125, 0.09375]
[TRAIN]: (1283/1600): reward: 42.06187980622053, rates: 44.0618797244284, loss: 1.3859121859781154, rho: 0.4000000000000001, transmit_actions: 19, P: [0.875, 0.125, 0.125, 0.125, 0.15625, 0.125, 0.125, 0.125, 0.125, 0.125, 0.125, 0.125, 0.125, 0.125, 0.125, 0.09375, 0.125, 0.125, 0.125, 0.125]
[TRAIN]: (1284/1600): reward: 49.84807389229536, rates: 49.84807369460802, loss: 1.4691263034093986, rho: 0.4000000000000001, transmit_actions: 19, P: [0.875, 0.3125, 0.125, 0.125, 0.15625, 0.125, 0.125, 0.125, 0.125, 0.125, 0.125, 0.125, 0.125, 0.125, 0.125, 0.15625, 0.125, 0.125, 0.125, 0.125]
[TRAIN]: (1285/1600): reward: 45.535452991724014, rates: 47.535453458847265, loss: 1.5849712746775306, rho: 0.4000000000000001, transmit_actions: 19, P: [0.875, 0.125, 0.125, 0.125, 0.125, 0.125, 0.125, 0.125, 0.15625, 0.125, 0.125, 0.125, 0.125, 0.125, 0.09375, 0.125, 0.125, 0.125, 0.125, 0.125]
[TRAIN]: (1286/1600): reward: 46.89856172725558, rates: 46.89856168412527, loss: 1.3275270130461168, rho: 0.4000000000000001, transmit_actions: 19, P: [0.875, 0.125, 0.125, 0.125, 0.125, 0.125, 0.125, 0.125, 0.15625, 0.125, 0.125, 0.125, 0.09375, 0.125, 0.125, 0.125, 0.125, 0.125, 0.125, 0.125]
[TRAIN]: (1287/1600): reward: 50.00865409523249, rates: 50.008654412039355, loss: 1.6880849023125013, rho: 0.4000000000000001, transmit_actions: 19, P: [0.875, 0.125, 0.125, 0.125, 0.125, 0.15625, 0.125, 0.125, 0.125, 0.125, 0.125, 0.125, 0.09375, 0.125, 0.125, 0.125, 0.125, 0.125, 0.125, 0.125]
[TRAIN]: (1288/1600): reward: 50.28139052912593, rates: 50.28139082132398, loss: 1.553704205335057, rho: 0.4000000000000001, transmit_actions: 19, P: [0.875, 0.125, 0.125, 0.125, 0.125, 0.125, 0.125, 0.125, 0.125, 0.125, 0.125, 0.125, 0.125, 0.125, 0.125, 0.125, 0.09375, 0.125, 0.125, 0.125]
[TRAIN]: (1289/1600): reward: 51.85442429035902, rates: 51.854425380978526, loss: 1.5672108557283333, rho: 0.4000000000000001, transmit_actions: 19, P: [0.875, 0.125, 0.125, 0.125, 0.125, 0.125, 0.125, 0.125, 0.125, 0.125, 0.125, 0.09375, 0.125, 0.1875, 0.125, 0.125, 0.125, 0.125, 0.125, 0.125]
[TRAIN]: (1290/1600): reward: 46.43212544359267, rates: 46.43212575430832, loss: 1.6491452889188323, rho: 0.4000000000000001, transmit_actions: 19, P: [0.875, 0.125, 0.125, 0.125, 0.125, 0.125, 0.125, 0.125, 0.125, 0.125, 0.125, 0.125, 0.125, 0.125, 0.125, 0.125, 0.09375, 0.125, 0.125, 0.09375]
[TRAIN]: (1291/1600): reward: 45.30872431397438, rates: 46.30872452408616, loss: 1.3812972412313995, rho: 0.4000000000000001, transmit_actions: 19, P: [0.875, 0.125, 0.125, 0.125, 0.125, 0.125, 0.125, 0.125, 0.125, 0.125, 0.15625, 0.125, 0.09375, 0.125, 0.125, 0.125, 0.125, 0.09375, 0.125, 0.125]
[TRAIN]: (1292/1600): reward: 41.28402458131313, rates: 41.28402499672003, loss: 1.417027785792763, rho: 0.4000000000000001, transmit_actions: 19, P: [0.875, 0.125, 0.125, 0.125, 0.125, 0.125, 0.125, 0.09375, 0.125, 0.125, 0.125, 0.09375, 0.09375, 0.09375, 0.125, 0.125, 0.125, 0.09375, 0.09375, 0.125]
[TRAIN]: (1293/1600): reward: 44.95117139071226, rates: 45.95117133316462, loss: 1.537469612021678, rho: 0.4000000000000001, transmit_actions: 18, P: [0.875, 0.9375, 0.125, 0.125, 0.125, 0.15625, 0.125, 0.125, 0.125, 0.125, 0.125, 0.125, 0.125, 0.09375, 0.125, 0.125, 0.125, 0.125, 0.09375, 0.125]
[TRAIN]: (1294/1600): reward: 47.03852841258049, rates: 48.038528637966344, loss: 1.423467827068303, rho: 0.4000000000000001, transmit_actions: 19, P: [0.875, 0.125, 0.125, 0.125, 0.125, 0.125, 0.125, 0.15625, 0.125, 0.125, 0.125, 0.09375, 0.125, 0.09375, 0.125, 0.125, 0.09375, 0.125, 0.125, 0.125]
[TRAIN]: (1295/1600): reward: 47.94848974049091, rates: 48.94849053956411, loss: 1.162422072046282, rho: 0.4000000000000001, transmit_actions: 19, P: [0.875, 0.125, 0.125, 0.125, 0.15625, 0.15625, 0.125, 0.125, 0.125, 0.125, 0.125, 0.09375, 0.09375, 0.15625, 0.09375, 0.125, 0.125, 0.125, 0.125, 0.125]
[TRAIN]: (1296/1600): reward: 43.63657495006919, rates: 44.63657580456154, loss: 1.4607301158177275, rho: 0.4000000000000001, transmit_actions: 18, P: [0.875, 0.125, 0.125, 0.125, 0.125, 0.125, 0.125, 0.125, 0.125, 0.125, 0.125, 0.125, 0.09375, 0.125, 0.125, 0.125, 0.125, 0.15625, 0.125, 0.625]
[TRAIN]: (1297/1600): reward: 48.79724122956395, rates: 49.79724131950162, loss: 1.4530256697992059, rho: 0.4000000000000001, transmit_actions: 19, P: [0.875, 0.125, 0.125, 0.125, 0.125, 0.125, 0.125, 0.125, 0.125, 0.125, 0.125, 0.09375, 0.09375, 0.125, 0.09375, 0.125, 0.09375, 0.09375, 0.125, 0.125]
[TRAIN]: (1298/1600): reward: 41.00149838998914, rates: 42.00149865852198, loss: 1.5584904039708491, rho: 0.4000000000000001, transmit_actions: 19, P: [0.875, 0.125, 0.125, 0.125, 0.15625, 0.125, 0.125, 0.125, 0.125, 0.15625, 0.125, 0.125, 0.125, 0.125, 0.125, 0.3125, 0.125, 0.125, 0.125, 0.125]
[TRAIN]: (1299/1600): reward: 47.605485413223505, rates: 47.605485458909264, loss: 1.5286328299860592, rho: 0.4000000000000001, transmit_actions: 19, P: [0.875, 0.125, 0.125, 0.125, 0.125, 0.125, 0.125, 0.125, 0.125, 0.125, 0.125, 0.125, 0.09375, 0.125, 0.09375, 0.125, 0.09375, 0.125, 0.125, 0.125]
[TRAIN]: (1300/1600): reward: 48.567484982311726, rates: 48.56748481085451, loss: 1.4514345010982208, rho: 0.4000000000000001, transmit_actions: 19, P: [0.875, 0.125, 0.125, 0.125, 0.125, 0.125, 0.09375, 0.125, 0.125, 0.125, 0.125, 0.09375, 0.09375, 0.09375, 0.09375, 0.09375, 0.09375, 0.25, 0.125, 0.09375]
[TRAIN]: (1301/1600): reward: 50.205679558217525, rates: 50.20567910024633, loss: 1.5205997134438518, rho: 0.4000000000000001, transmit_actions: 19, P: [0.875, 0.125, 0.125, 0.125, 0.125, 0.125, 0.15625, 0.125, 0.125, 0.125, 0.125, 0.125, 0.125, 0.125, 0.125, 0.125, 0.125, 0.125, 0.125, 0.125]
[TRAIN]: (1302/1600): reward: 44.36674953997135, rates: 45.36674976704961, loss: 1.6239636214479531, rho: 0.4000000000000001, transmit_actions: 19, P: [0.875, 0.125, 0.125, 0.125, 0.125, 0.125, 0.125, 0.125, 0.125, 0.125, 0.125, 0.125, 0.125, 0.125, 0.125, 0.125, 0.125, 0.125, 0.125, 0.09375]
[TRAIN]: (1303/1600): reward: 48.92855305224657, rates: 48.928552780864045, loss: 1.19161375158474, rho: 0.4000000000000001, transmit_actions: 18, P: [0.875, 0.96875, 0.125, 0.125, 0.125, 0.125, 0.125, 0.125, 0.15625, 0.125, 0.125, 0.125, 0.09375, 0.125, 0.09375, 0.125, 0.09375, 0.09375, 0.125, 0.09375]
[TRAIN]: (1304/1600): reward: 50.828976996243, rates: 51.828976648546984, loss: 1.4442202814057354, rho: 0.4000000000000001, transmit_actions: 19, P: [0.875, 0.21875, 0.125, 0.09375, 0.125, 0.125, 0.125, 0.125, 0.125, 0.125, 0.125, 0.125, 0.09375, 0.125, 0.125, 0.125, 0.125, 0.125, 0.125, 0.125]
[TRAIN]: (1305/1600): reward: 52.53706231713295, rates: 52.53706265745469, loss: 1.4492157845068607, rho: 0.4000000000000001, transmit_actions: 19, P: [0.875, 0.125, 0.125, 0.125, 0.125, 0.125, 0.125, 0.125, 0.125, 0.125, 0.125, 0.125, 0.125, 0.09375, 0.125, 0.125, 0.125, 0.125, 0.125, 0.125]
[TRAIN]: (1306/1600): reward: 47.69215128943324, rates: 47.69215147748922, loss: 1.6201335702822768, rho: 0.4000000000000001, transmit_actions: 19, P: [0.875, 0.125, 0.125, 0.125, 0.125, 0.125, 0.125, 0.125, 0.125, 0.125, 0.125, 0.125, 0.125, 0.125, 0.125, 0.125, 0.125, 0.09375, 0.125, 0.09375]
[TRAIN]: (1307/1600): reward: 49.67437635734677, rates: 49.674376717819115, loss: 1.3310526344501614, rho: 0.4000000000000001, transmit_actions: 19, P: [0.875, 0.125, 0.125, 0.125, 0.15625, 0.125, 0.125, 0.125, 0.125, 0.125, 0.15625, 0.125, 0.125, 0.125, 0.125, 0.125, 0.125, 0.09375, 0.125, 0.125]
[TRAIN]: (1308/1600): reward: 50.48476817086339, rates: 51.48476803737396, loss: 1.611397655164118, rho: 0.4000000000000001, transmit_actions: 20, P: [0.625, 0.125, 0.125, 0.125, 0.125, 0.125, 0.125, 0.125, 0.125, 0.125, 0.125, 0.125, 0.125, 0.09375, 0.25, 0.09375, 0.09375, 0.125, 0.125, 0.125]
[TRAIN]: (1309/1600): reward: 49.03302080184221, rates: 49.03302041319545, loss: 1.5129727583099672, rho: 0.4000000000000001, transmit_actions: 19, P: [0.875, 0.125, 0.125, 0.125, 0.125, 0.125, 0.125, 0.125, 0.125, 0.125, 0.125, 0.125, 0.1875, 0.125, 0.125, 0.09375, 0.125, 0.125, 0.09375, 0.125]
[TRAIN]: (1310/1600): reward: 41.07105576992035, rates: 41.07105536263792, loss: 1.3804470593941343, rho: 0.4000000000000001, transmit_actions: 18, P: [0.875, 0.125, 0.125, 0.125, 0.125, 0.125, 0.125, 0.125, 0.125, 0.125, 0.125, 0.125, 0.125, 0.09375, 0.125, 0.09375, 0.125, 0.90625, 0.09375, 0.125]
[TRAIN]: (1311/1600): reward: 45.15743611752987, rates: 47.15743597252668, loss: 1.2191598369274546, rho: 0.4000000000000001, transmit_actions: 18, P: [0.875, 0.875, 0.125, 0.125, 0.125, 0.15625, 0.125, 0.125, 0.125, 0.125, 0.125, 0.125, 0.0625, 0.125, 0.09375, 0.125, 0.125, 0.125, 0.25, 0.1875]
[TRAIN]: (1312/1600): reward: 48.50373897328973, rates: 48.503738532343135, loss: 1.4454843883162687, rho: 0.4000000000000001, transmit_actions: 19, P: [0.875, 0.125, 0.125, 0.125, 0.125, 0.125, 0.125, 0.15625, 0.125, 0.125, 0.125, 0.09375, 0.125, 0.125, 0.125, 0.125, 0.125, 0.125, 0.125, 0.09375]
[TRAIN]: (1313/1600): reward: 52.96657195687294, rates: 52.96657206487442, loss: 1.397667031296432, rho: 0.4000000000000001, transmit_actions: 19, P: [0.875, 0.15625, 0.125, 0.125, 0.125, 0.125, 0.15625, 0.125, 0.0625, 0.125, 0.125, 0.125, 0.125, 0.125, 0.15625, 0.125, 0.09375, 0.09375, 0.09375, 0.125]
[TRAIN]: (1314/1600): reward: 46.503035224974155, rates: 46.50303521437811, loss: 1.7383982876564972, rho: 0.4000000000000001, transmit_actions: 19, P: [0.875, 0.125, 0.125, 0.125, 0.125, 0.15625, 0.125, 0.125, 0.125, 0.125, 0.125, 0.125, 0.125, 0.125, 0.09375, 0.09375, 0.125, 0.15625, 0.125, 0.125]
[TRAIN]: (1315/1600): reward: 49.95592512190342, rates: 50.955925557890964, loss: 1.35585183585503, rho: 0.4000000000000001, transmit_actions: 19, P: [0.875, 0.125, 0.15625, 0.125, 0.125, 0.125, 0.125, 0.125, 0.125, 0.125, 0.125, 0.09375, 0.125, 0.125, 0.125, 0.125, 0.125, 0.125, 0.125, 0.1875]
[TRAIN]: (1316/1600): reward: 50.04298159480095, rates: 51.04298146026578, loss: 1.54713741098779, rho: 0.4000000000000001, transmit_actions: 19, P: [0.875, 0.125, 0.125, 0.15625, 0.125, 0.125, 0.125, 0.125, 0.125, 0.125, 0.125, 0.125, 0.125, 0.125, 0.15625, 0.125, 0.125, 0.09375, 0.125, 0.125]
[TRAIN]: (1317/1600): reward: 48.67421007156372, rates: 49.674210353009705, loss: 1.4831247468613236, rho: 0.4000000000000001, transmit_actions: 19, P: [0.875, 0.125, 0.125, 0.15625, 0.125, 0.125, 0.125, 0.15625, 0.125, 0.15625, 0.125, 0.125, 0.09375, 0.125, 0.125, 0.125, 0.125, 0.125, 0.125, 0.09375]
[TRAIN]: (1318/1600): reward: 48.692846645601094, rates: 48.69284571600598, loss: 1.6231975699178256, rho: 0.4000000000000001, transmit_actions: 19, P: [0.875, 0.125, 0.125, 0.125, 0.125, 0.125, 0.125, 0.125, 0.125, 0.125, 0.125, 0.125, 0.125, 0.0625, 0.125, 0.125, 0.15625, 0.125, 0.125, 0.125]
[TRAIN]: (1319/1600): reward: 46.25437979027629, rates: 46.25438002980091, loss: 1.4589349913830643, rho: 0.4000000000000001, transmit_actions: 19, P: [0.875, 0.125, 0.125, 0.125, 0.125, 0.125, 0.125, 0.125, 0.125, 0.125, 0.125, 0.09375, 0.125, 0.125, 0.125, 0.09375, 0.125, 0.125, 0.125, 0.125]
[TRAIN]: (1320/1600): reward: 34.08693400770426, rates: 37.08693370025848, loss: 1.5729590170126477, rho: 0.4000000000000001, transmit_actions: 18, P: [0.875, 0.09375, 0.125, 0.125, 0.125, 0.15625, 0.125, 0.125, 0.125, 0.125, 0.125, 0.125, 0.09375, 0.0625, 0.09375, 0.0625, 0.125, 0.125, 0.125, 0.8125]
[TRAIN]: (1321/1600): reward: 47.0688339099288, rates: 48.06883379523788, loss: 1.8221041480525249, rho: 0.4000000000000001, transmit_actions: 19, P: [0.875, 0.125, 0.125, 0.125, 0.125, 0.125, 0.15625, 0.125, 0.125, 0.125, 0.125, 0.09375, 0.0625, 0.09375, 0.09375, 0.09375, 0.125, 0.09375, 0.09375, 0.125]
[TRAIN]: (1322/1600): reward: 48.667906153947115, rates: 50.667905568034065, loss: 1.334670109481789, rho: 0.4000000000000001, transmit_actions: 18, P: [0.875, 0.125, 0.125, 0.125, 0.125, 0.15625, 0.125, 0.125, 0.78125, 0.125, 0.125, 0.125, 0.0625, 0.125, 0.09375, 0.125, 0.125, 0.125, 0.125, 0.125]
[TRAIN]: (1323/1600): reward: 44.5916810259223, rates: 47.59168066900364, loss: 1.2551183524821858, rho: 0.4000000000000001, transmit_actions: 18, P: [0.875, 0.125, 0.125, 0.125, 0.125, 0.4375, 0.125, 0.125, 0.21875, 0.125, 0.125, 0.09375, 0.125, 0.125, 0.125, 0.125, 0.09375, 0.125, 0.09375, 0.09375]
[TRAIN]: (1324/1600): reward: 33.67285870015621, rates: 37.67285849548369, loss: 1.377027109797862, rho: 0.4000000000000001, transmit_actions: 19, P: [0.875, 0.21875, 0.125, 0.0625, 0.125, 0.21875, 0.125, 0.125, 0.21875, 0.125, 0.15625, 0.125, 0.09375, 0.125, 0.125, 0.125, 0.125, 0.125, 0.125, 0.125]
[TRAIN]: (1325/1600): reward: 45.70606955140829, rates: 46.70606933613048, loss: 1.7003763048866296, rho: 0.4000000000000001, transmit_actions: 18, P: [0.875, 0.875, 0.125, 0.125, 0.125, 0.125, 0.125, 0.125, 0.125, 0.125, 0.125, 0.125, 0.125, 0.125, 0.125, 0.125, 0.125, 0.125, 0.125, 0.15625]
[TRAIN]: (1326/1600): reward: 47.647027514874935, rates: 48.64702711596577, loss: 1.3491343237761828, rho: 0.4000000000000001, transmit_actions: 19, P: [0.875, 0.125, 0.125, 0.125, 0.125, 0.125, 0.125, 0.125, 0.125, 0.125, 0.125, 0.125, 0.125, 0.125, 0.125, 0.125, 0.125, 0.125, 0.09375, 0.125]
[TRAIN]: (1327/1600): reward: 46.47589432634413, rates: 46.4758946530865, loss: 1.2755125671205512, rho: 0.4000000000000001, transmit_actions: 18, P: [0.875, 1.0, 0.125, 0.125, 0.125, 0.125, 0.125, 0.0625, 0.125, 0.125, 0.125, 0.0625, 0.125, 0.125, 0.09375, 0.125, 0.125, 0.125, 0.09375, 0.09375]
[TRAIN]: (1328/1600): reward: 46.44580786302686, rates: 47.4458079671451, loss: 1.6936893908957629, rho: 0.4000000000000001, transmit_actions: 19, P: [0.875, 0.125, 0.125, 0.125, 0.125, 0.125, 0.125, 0.125, 0.125, 0.125, 0.90625, 0.125, 0.125, 0.125, 0.15625, 0.125, 0.125, 0.125, 0.09375, 0.125]
[TRAIN]: (1329/1600): reward: 42.92986307293177, rates: 43.92986288395578, loss: 1.340346602638994, rho: 0.4000000000000001, transmit_actions: 18, P: [0.875, 0.125, 0.125, 0.125, 0.125, 0.125, 0.125, 0.125, 0.15625, 0.125, 0.15625, 0.125, 0.125, 0.125, 0.125, 0.125, 0.125, 0.09375, 0.78125, 0.125]
[TRAIN]: (1330/1600): reward: 40.74906826764345, rates: 42.74906837596903, loss: 1.3582235515108791, rho: 0.4000000000000001, transmit_actions: 19, P: [0.875, 0.125, 0.125, 0.125, 0.125, 0.125, 0.125, 0.125, 0.125, 0.125, 0.125, 0.125, 0.0625, 0.125, 0.125, 0.125, 0.15625, 0.15625, 0.125, 0.125]
[TRAIN]: (1331/1600): reward: 47.010587349534035, rates: 47.01058682072321, loss: 1.3566752603310754, rho: 0.4000000000000001, transmit_actions: 19, P: [0.875, 0.1875, 0.125, 0.125, 0.125, 0.125, 0.125, 0.125, 0.125, 0.125, 0.125, 0.125, 0.09375, 0.125, 0.125, 0.09375, 0.125, 0.125, 0.125, 0.125]
[TRAIN]: (1332/1600): reward: 44.925544113852084, rates: 45.92554452942092, loss: 1.4520572352720553, rho: 0.4000000000000001, transmit_actions: 19, P: [0.875, 0.125, 0.125, 0.125, 0.125, 0.125, 0.125, 0.125, 0.125, 0.125, 0.125, 0.125, 0.125, 0.09375, 0.125, 0.125, 0.125, 0.125, 0.125, 0.125]
[TRAIN]: (1333/1600): reward: 43.36538331955671, rates: 45.3653835475254, loss: 1.310057741343411, rho: 0.4000000000000001, transmit_actions: 18, P: [0.875, 0.625, 0.125, 0.125, 0.125, 0.125, 0.15625, 0.15625, 0.15625, 0.15625, 0.125, 0.09375, 0.125, 0.125, 0.0625, 0.125, 0.125, 0.125, 0.09375, 0.09375]
[TRAIN]: (1334/1600): reward: 47.26565562188625, rates: 48.26565586240254, loss: 1.5854125391979195, rho: 0.4000000000000001, transmit_actions: 18, P: [0.875, 0.90625, 0.125, 0.125, 0.15625, 0.125, 0.125, 0.125, 0.125, 0.125, 0.125, 0.09375, 0.125, 0.125, 0.125, 0.125, 0.09375, 0.125, 0.125, 0.125]
[TRAIN]: (1335/1600): reward: 47.00904521346092, rates: 48.00904535842071, loss: 1.306857444604977, rho: 0.4000000000000001, transmit_actions: 18, P: [0.875, 0.875, 0.125, 0.125, 0.15625, 0.125, 0.125, 0.125, 0.125, 0.125, 0.125, 0.96875, 0.09375, 0.125, 0.125, 0.09375, 0.125, 0.125, 0.125, 0.125]
[TRAIN]: (1336/1600): reward: 49.13695532083511, rates: 49.13695553056836, loss: 1.2570763964345963, rho: 0.4000000000000001, transmit_actions: 18, P: [0.875, 1.0, 0.125, 0.125, 0.125, 0.125, 0.125, 0.125, 0.125, 0.15625, 0.125, 0.125, 0.125, 0.125, 0.125, 0.3125, 0.125, 0.09375, 0.125, 0.125]
[TRAIN]: (1337/1600): reward: 51.42212621867657, rates: 51.422126883467385, loss: 1.5419497576587375, rho: 0.4000000000000001, transmit_actions: 19, P: [0.875, 0.125, 0.125, 0.125, 0.125, 0.15625, 0.15625, 0.125, 0.125, 0.15625, 0.125, 0.125, 0.125, 0.125, 0.125, 0.125, 0.125, 0.125, 0.125, 0.125]
[TRAIN]: (1338/1600): reward: 44.360771998763084, rates: 45.36077187385141, loss: 1.5313591003434932, rho: 0.4000000000000001, transmit_actions: 19, P: [0.875, 0.15625, 0.125, 0.125, 0.125, 0.15625, 0.15625, 0.125, 0.125, 0.125, 0.125, 0.125, 0.125, 0.09375, 0.0625, 0.125, 0.09375, 0.125, 0.0625, 0.125]
[TRAIN]: (1339/1600): reward: 45.00144995003939, rates: 47.001449401814696, loss: 1.064514450691576, rho: 0.4000000000000001, transmit_actions: 19, P: [0.875, 0.15625, 0.125, 0.125, 0.125, 0.125, 0.125, 0.125, 0.15625, 0.125, 0.125, 0.125, 0.125, 0.125, 0.125, 0.125, 0.125, 0.125, 0.125, 0.125]
[TRAIN]: (1340/1600): reward: 53.33550518006086, rates: 53.335504527305005, loss: 1.3975435027813026, rho: 0.4000000000000001, transmit_actions: 19, P: [0.875, 0.125, 0.125, 0.125, 0.15625, 0.125, 0.15625, 0.125, 0.125, 0.125, 0.125, 0.125, 0.125, 0.125, 0.0625, 0.15625, 0.125, 0.125, 0.125, 0.125]
[TRAIN]: (1341/1600): reward: 42.193604838103056, rates: 44.19360432538283, loss: 1.265398293930334, rho: 0.4000000000000001, transmit_actions: 18, P: [0.875, 0.125, 0.125, 0.125, 0.15625, 0.125, 0.125, 0.125, 0.125, 0.125, 0.21875, 0.78125, 0.125, 0.125, 0.125, 0.0625, 0.125, 0.0625, 0.125, 0.09375]
[TRAIN]: (1342/1600): reward: 51.740047227591276, rates: 51.740046791645575, loss: 1.2099976033976485, rho: 0.4000000000000001, transmit_actions: 18, P: [0.875, 1.0, 0.125, 0.125, 0.125, 0.125, 0.125, 0.125, 0.125, 0.125, 0.125, 0.125, 0.125, 0.125, 0.09375, 0.125, 0.125, 0.125, 0.125, 0.125]
[TRAIN]: (1343/1600): reward: 42.33104143664241, rates: 43.331041219661785, loss: 1.3342290947820743, rho: 0.4000000000000001, transmit_actions: 19, P: [0.875, 0.125, 0.125, 0.125, 0.125, 0.15625, 0.125, 0.125, 0.125, 0.125, 0.125, 0.125, 0.125, 0.09375, 0.125, 0.125, 0.125, 0.125, 0.125, 0.15625]
[TRAIN]: (1344/1600): reward: 49.69066208600998, rates: 49.69066177686949, loss: 1.3259917637386223, rho: 0.4000000000000001, transmit_actions: 19, P: [0.875, 0.15625, 0.125, 0.15625, 0.125, 0.125, 0.125, 0.125, 0.125, 0.125, 0.125, 0.125, 0.125, 0.125, 0.125, 0.125, 0.15625, 0.125, 0.125, 0.125]
[TRAIN]: (1345/1600): reward: 48.432444646954536, rates: 48.43244456742917, loss: 1.241852708321923, rho: 0.4000000000000001, transmit_actions: 19, P: [0.875, 0.125, 0.15625, 0.15625, 0.125, 0.125, 0.15625, 0.125, 0.125, 0.125, 0.125, 0.15625, 0.125, 0.125, 0.125, 0.125, 0.125, 0.125, 0.125, 0.125]
[TRAIN]: (1346/1600): reward: 43.92353308200836, rates: 44.92353350366005, loss: 1.247966898182645, rho: 0.4000000000000001, transmit_actions: 19, P: [0.875, 0.125, 0.15625, 0.125, 0.125, 0.0625, 0.125, 0.125, 0.125, 0.125, 0.1875, 0.125, 0.09375, 0.125, 0.09375, 0.125, 0.125, 0.09375, 0.0625, 0.09375]
[TRAIN]: (1347/1600): reward: 44.80262704193592, rates: 44.80262675917573, loss: 1.3531599027064765, rho: 0.4000000000000001, transmit_actions: 18, P: [0.875, 0.875, 0.125, 0.125, 0.125, 0.0625, 0.125, 0.125, 0.125, 0.125, 0.125, 0.09375, 0.125, 0.09375, 0.125, 0.0625, 0.125, 0.125, 0.09375, 0.125]
[TRAIN]: (1348/1600): reward: 47.86997838318348, rates: 48.869978881724826, loss: 1.390050123168693, rho: 0.4000000000000001, transmit_actions: 18, P: [0.875, 0.9375, 0.125, 0.125, 0.15625, 0.15625, 0.15625, 0.125, 0.125, 0.125, 0.125, 0.09375, 0.125, 0.125, 0.125, 0.09375, 0.125, 0.125, 0.0625, 0.125]
[TRAIN]: (1349/1600): reward: 42.149328112602234, rates: 44.14932834004731, loss: 1.663069780261285, rho: 0.4000000000000001, transmit_actions: 18, P: [0.875, 1.0, 0.125, 0.0625, 0.125, 0.125, 0.125, 0.125, 0.15625, 0.125, 0.15625, 0.125, 0.1875, 0.125, 0.125, 0.125, 0.125, 0.125, 0.125, 0.125]
[TRAIN]: (1350/1600): reward: 44.63704789429903, rates: 46.637047517154556, loss: 1.2972723404078303, rho: 0.4000000000000001, transmit_actions: 19, P: [0.875, 0.1875, 0.125, 0.125, 0.125, 0.125, 0.15625, 0.15625, 0.125, 0.15625, 0.125, 0.125, 0.15625, 0.125, 0.125, 0.125, 0.125, 0.125, 0.59375, 0.125]
[TRAIN]: (1351/1600): reward: 39.15767437964678, rates: 40.15767474692895, loss: 1.4840097737264062, rho: 0.4000000000000001, transmit_actions: 19, P: [0.875, 0.125, 0.125, 0.125, 0.15625, 0.125, 0.125, 0.125, 0.15625, 0.125, 0.125, 0.125, 0.125, 0.125, 0.125, 0.09375, 0.09375, 0.125, 0.15625, 0.125]
[TRAIN]: (1352/1600): reward: 49.001963339746, rates: 50.00196270053447, loss: 1.433937695454253, rho: 0.4000000000000001, transmit_actions: 19, P: [0.875, 0.125, 0.125, 0.125, 0.125, 0.125, 0.125, 0.125, 0.15625, 0.125, 0.15625, 0.125, 0.15625, 0.125, 0.09375, 0.125, 0.09375, 0.09375, 0.15625, 0.09375]
[TRAIN]: (1353/1600): reward: 51.8186429142952, rates: 52.81864298535918, loss: 1.520793996610451, rho: 0.4000000000000001, transmit_actions: 19, P: [0.875, 0.125, 0.125, 0.125, 0.125, 0.125, 0.125, 0.15625, 0.125, 0.125, 0.15625, 0.09375, 0.09375, 0.15625, 0.125, 0.09375, 0.125, 0.125, 0.09375, 0.125]
[TRAIN]: (1354/1600): reward: 45.50065406784415, rates: 46.500653776866336, loss: 1.3057394836513376, rho: 0.4000000000000001, transmit_actions: 19, P: [0.875, 0.125, 0.125, 0.125, 0.15625, 0.125, 0.125, 0.125, 0.15625, 0.125, 0.125, 0.09375, 0.125, 0.09375, 0.15625, 0.125, 0.09375, 0.125, 0.09375, 0.125]
[TRAIN]: (1355/1600): reward: 46.77829331159592, rates: 47.77829345347372, loss: 1.509429132009461, rho: 0.4000000000000001, transmit_actions: 19, P: [0.875, 0.125, 0.125, 0.125, 0.125, 0.125, 0.15625, 0.125, 0.125, 0.15625, 0.125, 0.125, 0.09375, 0.09375, 0.125, 0.09375, 0.09375, 0.125, 0.125, 0.125]
[TRAIN]: (1356/1600): reward: 46.49289762228727, rates: 49.492897278693746, loss: 1.5656177742828015, rho: 0.4000000000000001, transmit_actions: 20, P: [0.125, 0.125, 0.125, 0.125, 0.28125, 0.125, 0.125, 0.125, 0.125, 0.125, 0.125, 0.1875, 0.09375, 0.09375, 0.125, 0.125, 0.125, 0.125, 0.125, 0.125]
[TRAIN]: (1357/1600): reward: 48.08829239755869, rates: 48.088292073571516, loss: 1.4960213571948788, rho: 0.4000000000000001, transmit_actions: 18, P: [0.875, 0.125, 0.125, 0.15625, 0.125, 0.125, 0.125, 0.125, 0.9375, 0.125, 0.125, 0.125, 0.125, 0.125, 0.125, 0.125, 0.125, 0.125, 0.125, 0.125]
[TRAIN]: (1358/1600): reward: 51.744902074337006, rates: 51.74490181221036, loss: 1.406026910330937, rho: 0.4000000000000001, transmit_actions: 19, P: [0.875, 0.125, 0.125, 0.125, 0.125, 0.125, 0.125, 0.125, 0.125, 0.125, 0.125, 0.125, 0.125, 0.125, 0.125, 0.125, 0.125, 0.125, 0.125, 0.125]
[TRAIN]: (1359/1600): reward: 50.06498051807284, rates: 51.064980329309755, loss: 1.2374062415347762, rho: 0.4000000000000001, transmit_actions: 19, P: [0.875, 0.125, 0.125, 0.125, 0.15625, 0.125, 0.125, 0.125, 0.125, 0.125, 0.15625, 0.09375, 0.125, 0.125, 0.09375, 0.125, 0.125, 0.1875, 0.125, 0.09375]
[TRAIN]: (1360/1600): reward: 50.87430642172694, rates: 50.874306806382734, loss: 1.543397437071421, rho: 0.4000000000000001, transmit_actions: 19, P: [0.875, 0.125, 0.125, 0.125, 0.125, 0.125, 0.125, 0.125, 0.15625, 0.125, 0.125, 0.125, 0.09375, 0.125, 0.15625, 0.125, 0.125, 0.125, 0.125, 0.125]
[TRAIN]: (1361/1600): reward: 43.654198095202446, rates: 45.65419761241952, loss: 1.372190027205673, rho: 0.4000000000000001, transmit_actions: 18, P: [0.875, 0.125, 0.125, 0.5625, 0.125, 0.125, 0.125, 0.125, 0.125, 0.15625, 0.125, 0.09375, 0.125, 0.125, 0.125, 0.125, 0.125, 0.09375, 0.125, 0.125]
[TRAIN]: (1362/1600): reward: 34.673454657197, rates: 38.673454472348865, loss: 1.332574340486038, rho: 0.4000000000000001, transmit_actions: 18, P: [0.875, 0.15625, 0.125, 0.125, 0.125, 0.125, 0.1875, 0.15625, 0.125, 0.125, 0.125, 0.125, 0.15625, 0.0625, 0.125, 0.125, 0.125, 0.125, 0.09375, 0.625]
[TRAIN]: (1363/1600): reward: 35.94986157119274, rates: 38.94986162891621, loss: 1.3758714612743141, rho: 0.4000000000000001, transmit_actions: 19, P: [0.875, 0.15625, 0.125, 0.15625, 0.125, 0.15625, 0.125, 0.125, 0.15625, 0.15625, 0.15625, 0.125, 0.125, 0.125, 0.125, 0.125, 0.125, 0.125, 0.125, 0.15625]
[TRAIN]: (1364/1600): reward: 43.59609957411885, rates: 44.59609919505503, loss: 1.4782819816441373, rho: 0.4000000000000001, transmit_actions: 19, P: [0.875, 0.15625, 0.125, 0.125, 0.125, 0.125, 0.125, 0.125, 0.15625, 0.125, 0.15625, 0.15625, 0.125, 0.125, 0.125, 0.09375, 0.09375, 0.125, 0.125, 0.125]
[TRAIN]: (1365/1600): reward: 50.87129464186728, rates: 52.87129503702717, loss: 1.420851082202765, rho: 0.4000000000000001, transmit_actions: 19, P: [0.875, 0.15625, 0.125, 0.125, 0.125, 0.15625, 0.125, 0.125, 0.125, 0.15625, 0.125, 0.125, 0.125, 0.15625, 0.125, 0.125, 0.125, 0.125, 0.125, 0.125]
[TRAIN]: (1366/1600): reward: 40.227573081851006, rates: 41.227573621521074, loss: 1.1255901132859218, rho: 0.4000000000000001, transmit_actions: 19, P: [0.875, 0.125, 0.15625, 0.125, 0.125, 0.125, 0.125, 0.125, 0.125, 0.125, 0.125, 0.125, 0.125, 0.125, 0.125, 0.125, 0.125, 0.125, 0.125, 0.125]
[TRAIN]: (1367/1600): reward: 40.17986450344324, rates: 41.179864238543416, loss: 1.2356405795764538, rho: 0.4000000000000001, transmit_actions: 19, P: [0.875, 0.125, 0.125, 0.125, 0.125, 0.125, 0.125, 0.125, 0.125, 0.125, 0.125, 0.125, 0.125, 0.125, 0.125, 0.09375, 0.125, 0.09375, 0.09375, 0.125]
[TRAIN]: (1368/1600): reward: 41.49341291189194, rates: 44.493413521745595, loss: 1.272038431587118, rho: 0.4000000000000001, transmit_actions: 19, P: [0.875, 0.125, 0.125, 0.125, 0.125, 0.125, 0.125, 1.0, 0.125, 0.125, 0.15625, 0.125, 0.125, 0.125, 0.125, 0.125, 0.125, 0.125, 0.15625, 0.125]
[TRAIN]: (1369/1600): reward: 46.82999724522233, rates: 47.82999743107657, loss: 1.2579076070908497, rho: 0.4000000000000001, transmit_actions: 19, P: [0.875, 0.125, 0.125, 0.125, 0.125, 0.125, 0.125, 0.125, 0.125, 0.125, 0.125, 0.125, 0.125, 0.125, 0.1875, 0.125, 0.125, 0.09375, 0.09375, 0.09375]
[TRAIN]: (1370/1600): reward: 47.25138786062598, rates: 47.251388141182, loss: 1.2901735280240996, rho: 0.4000000000000001, transmit_actions: 19, P: [0.875, 0.15625, 0.125, 0.125, 0.125, 0.125, 0.125, 0.125, 0.125, 0.125, 0.125, 0.09375, 0.125, 0.09375, 0.09375, 0.125, 0.125, 0.09375, 0.15625, 0.125]
[TRAIN]: (1371/1600): reward: 47.80693754553795, rates: 49.806937298793365, loss: 1.4923721697634345, rho: 0.4000000000000001, transmit_actions: 19, P: [0.875, 0.125, 0.15625, 0.125, 0.375, 0.125, 0.125, 0.125, 0.125, 0.125, 0.125, 0.125, 0.125, 0.125, 0.125, 0.125, 0.09375, 0.125, 0.09375, 0.0625]
[TRAIN]: (1372/1600): reward: 47.16330438107252, rates: 48.163304644140524, loss: 1.3148270526090364, rho: 0.4000000000000001, transmit_actions: 19, P: [0.875, 0.125, 0.21875, 0.125, 0.125, 0.125, 0.125, 0.125, 0.125, 0.125, 0.125, 0.125, 0.125, 0.15625, 0.125, 0.125, 0.09375, 0.125, 0.125, 0.125]
[TRAIN]: (1373/1600): reward: 47.76256788149476, rates: 47.7625673886915, loss: 1.1951479664370805, rho: 0.4000000000000001, transmit_actions: 19, P: [0.875, 0.125, 0.125, 0.125, 0.125, 0.125, 0.125, 0.125, 0.125, 0.125, 0.125, 0.125, 0.125, 0.125, 0.125, 0.125, 0.125, 0.125, 0.125, 0.125]
[TRAIN]: (1374/1600): reward: 34.52495716139674, rates: 36.52495660119624, loss: 1.6145792714687375, rho: 0.4000000000000001, transmit_actions: 19, P: [0.875, 0.125, 0.125, 0.125, 0.0625, 0.125, 0.125, 0.125, 0.125, 0.125, 0.0625, 0.125, 0.125, 0.09375, 0.125, 0.09375, 0.09375, 0.09375, 0.125, 0.15625]
[TRAIN]: (1375/1600): reward: 38.64603801816702, rates: 40.6460377759281, loss: 1.5003482968034452, rho: 0.4000000000000001, transmit_actions: 19, P: [0.875, 0.125, 0.125, 0.125, 0.125, 0.125, 0.125, 0.15625, 0.125, 0.125, 0.125, 0.125, 0.0625, 0.125, 0.0625, 0.125, 0.0625, 0.09375, 0.125, 0.125]
[TRAIN]: (1376/1600): reward: 38.63450105302036, rates: 39.63450146987168, loss: 1.4684931011053814, rho: 0.4000000000000001, transmit_actions: 18, P: [0.875, 0.875, 0.125, 0.125, 0.125, 0.125, 0.125, 0.125, 0.125, 0.125, 0.125, 0.125, 0.0625, 0.09375, 0.0625, 0.125, 0.09375, 0.0625, 0.09375, 0.09375]
[TRAIN]: (1377/1600): reward: 40.617003213614225, rates: 42.617003612955884, loss: 1.391545108652378, rho: 0.4000000000000001, transmit_actions: 18, P: [0.875, 1.0, 0.3125, 0.125, 0.0625, 0.125, 0.125, 0.125, 0.125, 0.15625, 0.125, 0.125, 0.125, 0.09375, 0.125, 0.1875, 0.125, 0.125, 0.125, 0.125]
[TRAIN]: (1378/1600): reward: 48.00565396994352, rates: 49.0056547638964, loss: 1.3873321408556456, rho: 0.4000000000000001, transmit_actions: 19, P: [0.875, 0.125, 0.125, 0.125, 0.125, 0.125, 0.125, 0.125, 0.125, 0.125, 0.125, 0.125, 0.125, 0.09375, 0.125, 0.125, 0.125, 0.125, 0.09375, 0.125]
[TRAIN]: (1379/1600): reward: 50.645661260932684, rates: 50.64566216110805, loss: 1.1585136071238424, rho: 0.4000000000000001, transmit_actions: 19, P: [0.875, 0.125, 0.125, 0.125, 0.125, 0.125, 0.125, 0.125, 0.125, 0.125, 0.125, 0.125, 0.125, 0.125, 0.125, 0.125, 0.125, 0.125, 0.125, 0.09375]
[TRAIN]: (1380/1600): reward: 46.47572272270918, rates: 47.47572256226707, loss: 1.1505090521397998, rho: 0.4000000000000001, transmit_actions: 19, P: [0.875, 0.125, 0.125, 0.125, 0.125, 0.125, 0.125, 0.125, 0.125, 0.125, 0.125, 0.125, 0.125, 0.125, 0.125, 0.125, 0.09375, 0.125, 0.125, 0.125]
[TRAIN]: (1381/1600): reward: 45.43035561405122, rates: 45.430355248634406, loss: 1.5016735280564937, rho: 0.4000000000000001, transmit_actions: 18, P: [0.875, 0.96875, 0.125, 0.125, 0.125, 0.125, 0.125, 0.125, 0.125, 0.125, 0.125, 0.125, 0.125, 0.125, 0.125, 0.15625, 0.125, 0.125, 0.125, 0.125]
[TRAIN]: (1382/1600): reward: 46.8303281031549, rates: 47.83032817117023, loss: 1.3195913369089856, rho: 0.4000000000000001, transmit_actions: 19, P: [0.875, 0.125, 0.09375, 0.15625, 0.125, 0.125, 0.125, 0.125, 0.125, 0.125, 0.125, 0.125, 0.125, 0.125, 0.125, 0.125, 0.125, 0.125, 0.125, 0.125]
[TRAIN]: (1383/1600): reward: 49.53063549846411, rates: 49.53063446042001, loss: 1.4252340466548616, rho: 0.4000000000000001, transmit_actions: 19, P: [0.875, 0.125, 0.125, 0.125, 0.125, 0.125, 0.125, 0.125, 0.125, 0.125, 0.125, 0.15625, 0.125, 0.15625, 0.125, 0.125, 0.125, 0.125, 0.125, 0.125]
[TRAIN]: (1384/1600): reward: 42.17722252756357, rates: 43.17722153510395, loss: 1.3560290692723154, rho: 0.4000000000000001, transmit_actions: 18, P: [0.875, 0.90625, 0.125, 0.125, 0.125, 0.15625, 0.125, 0.15625, 0.125, 0.125, 0.125, 0.15625, 0.125, 0.125, 0.09375, 0.125, 0.09375, 0.09375, 0.09375, 0.125]
[TRAIN]: (1385/1600): reward: 51.01858799159527, rates: 51.01858835316521, loss: 1.5079288837711515, rho: 0.4000000000000001, transmit_actions: 19, P: [0.875, 0.125, 0.125, 0.125, 0.15625, 0.125, 0.125, 0.125, 0.125, 0.125, 0.125, 0.125, 0.125, 0.125, 0.125, 0.125, 0.125, 0.125, 0.125, 0.125]
[TRAIN]: (1386/1600): reward: 30.823101043701172, rates: 34.82310082006547, loss: 1.49041764448579, rho: 0.4000000000000001, transmit_actions: 19, P: [0.875, 0.125, 0.15625, 0.15625, 0.15625, 0.15625, 0.15625, 0.125, 0.15625, 0.15625, 0.125, 0.15625, 0.1875, 0.09375, 0.125, 0.09375, 0.125, 0.15625, 0.125, 0.15625]
[TRAIN]: (1387/1600): reward: 50.542592473328114, rates: 50.54259155902859, loss: 1.3914832823717687, rho: 0.4000000000000001, transmit_actions: 19, P: [0.875, 0.125, 0.125, 0.125, 0.125, 0.125, 0.125, 0.125, 0.125, 0.15625, 0.125, 0.125, 0.15625, 0.125, 0.125, 0.15625, 0.125, 0.15625, 0.125, 0.125]
[TRAIN]: (1388/1600): reward: 43.77714654058218, rates: 45.77714618388763, loss: 1.3140588426412747, rho: 0.4000000000000001, transmit_actions: 19, P: [0.875, 0.125, 0.125, 0.15625, 0.125, 0.125, 0.125, 0.15625, 0.15625, 0.09375, 0.125, 0.125, 0.625, 0.1875, 0.125, 0.15625, 0.125, 0.125, 0.1875, 0.125]
[TRAIN]: (1389/1600): reward: 44.00169552862644, rates: 45.00169532399419, loss: 1.4938798665348618, rho: 0.4000000000000001, transmit_actions: 19, P: [0.875, 0.15625, 0.15625, 0.125, 0.125, 0.125, 0.125, 0.125, 0.125, 0.125, 0.125, 0.125, 0.15625, 0.125, 0.15625, 0.125, 0.09375, 0.125, 0.09375, 0.125]
[TRAIN]: (1390/1600): reward: 49.83268567919731, rates: 49.83268594011032, loss: 1.3929782888956985, rho: 0.4000000000000001, transmit_actions: 20, P: [0.0, 0.125, 0.125, 0.125, 0.125, 0.125, 0.15625, 0.125, 0.125, 0.15625, 0.125, 0.125, 0.125, 0.125, 0.15625, 0.15625, 0.125, 0.125, 0.125, 0.125]
[TRAIN]: (1391/1600): reward: 44.57228722423315, rates: 45.572286865289186, loss: 1.6010614084643113, rho: 0.4000000000000001, transmit_actions: 19, P: [0.875, 0.125, 0.125, 0.15625, 0.15625, 0.15625, 0.125, 0.125, 0.125, 0.125, 0.125, 0.125, 0.09375, 0.125, 0.09375, 0.125, 0.125, 0.125, 0.15625, 0.125]
[TRAIN]: (1392/1600): reward: 47.77152451314032, rates: 47.77152424071592, loss: 1.3526042910217677, rho: 0.4000000000000001, transmit_actions: 18, P: [0.875, 0.875, 0.125, 0.125, 0.125, 0.125, 0.125, 0.125, 0.15625, 0.15625, 0.125, 0.125, 0.125, 0.125, 0.125, 0.125, 0.0625, 0.125, 0.125, 0.15625]
[TRAIN]: (1393/1600): reward: 48.18919775635004, rates: 49.18919782291522, loss: 1.7000311962092218, rho: 0.4000000000000001, transmit_actions: 19, P: [0.875, 0.125, 0.125, 0.125, 0.125, 0.125, 0.15625, 0.15625, 0.125, 0.125, 0.125, 0.125, 0.125, 0.125, 0.125, 0.125, 0.125, 0.125, 0.125, 0.125]
[TRAIN]: (1394/1600): reward: 44.985609505325556, rates: 45.98561001210266, loss: 1.3841335669035517, rho: 0.4000000000000001, transmit_actions: 19, P: [0.875, 0.125, 0.125, 0.125, 0.125, 0.125, 0.09375, 0.15625, 0.125, 0.125, 0.125, 0.125, 0.125, 0.125, 0.125, 0.125, 0.1875, 0.125, 0.125, 0.15625]
[TRAIN]: (1395/1600): reward: 48.56407896801829, rates: 48.56407938956198, loss: 1.30606217442028, rho: 0.4000000000000001, transmit_actions: 19, P: [0.875, 0.125, 0.125, 0.125, 0.125, 0.125, 0.125, 0.125, 0.125, 0.125, 0.125, 0.125, 0.09375, 0.09375, 0.09375, 0.125, 0.125, 0.125, 0.125, 0.125]
[TRAIN]: (1396/1600): reward: 47.12794899940491, rates: 47.12794912522642, loss: 1.4155888684575062, rho: 0.4000000000000001, transmit_actions: 19, P: [0.875, 0.125, 0.15625, 0.125, 0.125, 0.125, 0.125, 0.125, 0.125, 0.15625, 0.125, 0.125, 0.3125, 0.125, 0.125, 0.0625, 0.125, 0.125, 0.125, 0.125]
[TRAIN]: (1397/1600): reward: 47.09393209358677, rates: 47.09393212684403, loss: 1.4492683483934583, rho: 0.4000000000000001, transmit_actions: 19, P: [0.875, 0.125, 0.125, 0.125, 0.15625, 0.125, 0.125, 0.125, 0.125, 0.0625, 0.125, 0.09375, 0.09375, 0.125, 0.09375, 0.125, 0.09375, 0.09375, 0.15625, 0.125]
[TRAIN]: (1398/1600): reward: 41.64128519594669, rates: 43.641284404828774, loss: 1.5677537383298716, rho: 0.4000000000000001, transmit_actions: 19, P: [0.875, 0.125, 0.125, 0.125, 0.125, 0.125, 0.125, 0.125, 0.125, 0.125, 0.15625, 0.15625, 0.15625, 0.15625, 0.125, 0.125, 0.125, 0.125, 0.0625, 0.15625]
[TRAIN]: (1399/1600): reward: 42.154565677046776, rates: 43.15456533016613, loss: 1.400580293926306, rho: 0.4000000000000001, transmit_actions: 19, P: [0.875, 0.125, 0.125, 0.125, 0.15625, 0.125, 0.15625, 0.125, 0.125, 0.125, 0.125, 0.125, 0.125, 0.125, 0.125, 0.15625, 0.09375, 0.125, 0.125, 0.09375]
[TRAIN]: (1400/1600): reward: 44.52924379706383, rates: 45.529244078002634, loss: 1.4625503912492743, rho: 0.4000000000000001, transmit_actions: 19, P: [0.875, 0.125, 0.125, 0.15625, 0.125, 0.15625, 0.125, 0.125, 0.125, 0.125, 0.125, 0.125, 0.125, 0.125, 0.09375, 0.125, 0.09375, 0.125, 0.125, 0.125]
[TRAIN]: (1401/1600): reward: 44.40395011007786, rates: 46.40395061733426, loss: 1.5906390085515894, rho: 0.4000000000000001, transmit_actions: 19, P: [0.875, 0.125, 0.125, 0.125, 0.125, 0.125, 0.125, 0.125, 0.125, 0.125, 0.125, 0.125, 0.125, 0.125, 0.125, 0.09375, 0.125, 0.125, 0.125, 0.125]
[TRAIN]: (1402/1600): reward: 47.68828851543367, rates: 48.688288583853755, loss: 1.8612898941365459, rho: 0.4000000000000001, transmit_actions: 19, P: [0.875, 0.125, 0.125, 0.125, 0.15625, 0.125, 0.125, 0.125, 0.125, 0.125, 0.125, 0.09375, 0.125, 0.09375, 0.125, 0.125, 0.125, 0.09375, 0.15625, 0.125]
[TRAIN]: (1403/1600): reward: 48.03437627106905, rates: 48.03437660528117, loss: 1.3094783574017685, rho: 0.4000000000000001, transmit_actions: 19, P: [0.875, 0.125, 0.125, 0.125, 0.125, 0.15625, 0.125, 0.125, 0.125, 0.125, 0.125, 0.125, 0.09375, 0.125, 0.125, 0.125, 0.125, 0.09375, 0.125, 0.125]
[TRAIN]: (1404/1600): reward: 48.22756631299853, rates: 48.22756704551447, loss: 1.383580040311918, rho: 0.4000000000000001, transmit_actions: 19, P: [0.875, 0.125, 0.125, 0.15625, 0.125, 0.125, 0.125, 0.125, 0.125, 0.125, 0.125, 0.125, 0.09375, 0.125, 0.125, 0.125, 0.125, 0.125, 0.125, 0.125]
[TRAIN]: (1405/1600): reward: 50.4759164750576, rates: 50.47591632361872, loss: 1.6317908997074198, rho: 0.4000000000000001, transmit_actions: 19, P: [0.875, 0.125, 0.125, 0.125, 0.125, 0.15625, 0.15625, 0.125, 0.125, 0.125, 0.125, 0.125, 0.125, 0.125, 0.125, 0.125, 0.125, 0.125, 0.15625, 0.125]
[TRAIN]: (1406/1600): reward: 40.66984476149082, rates: 41.66984452624692, loss: 1.436422313761466, rho: 0.4000000000000001, transmit_actions: 19, P: [0.875, 0.125, 0.125, 0.125, 0.125, 0.125, 0.125, 0.125, 0.125, 0.125, 0.125, 0.09375, 0.09375, 0.125, 0.125, 0.125, 0.125, 0.125, 0.125, 0.125]
[TRAIN]: (1407/1600): reward: 45.631581684574485, rates: 46.63158204168721, loss: 1.8328340910891907, rho: 0.4000000000000001, transmit_actions: 19, P: [0.875, 0.15625, 0.125, 0.125, 0.125, 0.125, 0.125, 0.125, 0.125, 0.125, 0.125, 0.125, 0.15625, 0.125, 0.125, 0.125, 0.125, 0.125, 0.125, 0.125]
[TRAIN]: (1408/1600): reward: 48.99680516496301, rates: 48.99680469438073, loss: 1.6501008450728292, rho: 0.4000000000000001, transmit_actions: 19, P: [0.875, 0.125, 0.125, 0.125, 0.125, 0.125, 0.125, 0.125, 0.125, 0.125, 0.125, 0.125, 0.125, 0.125, 0.125, 0.125, 0.125, 0.15625, 0.125, 0.125]
[TRAIN]: (1409/1600): reward: 54.044117238372564, rates: 54.04411764278873, loss: 1.3938536522173248, rho: 0.4000000000000001, transmit_actions: 19, P: [0.875, 0.125, 0.125, 0.125, 0.125, 0.125, 0.125, 0.125, 0.125, 0.15625, 0.15625, 0.125, 0.125, 0.15625, 0.125, 0.125, 0.125, 0.125, 0.125, 0.09375]
[TRAIN]: (1410/1600): reward: 37.87895032018423, rates: 39.87894983325567, loss: 1.3148837572878973, rho: 0.4000000000000001, transmit_actions: 19, P: [0.875, 0.125, 0.125, 0.125, 0.15625, 0.15625, 0.15625, 0.125, 0.125, 0.125, 0.15625, 0.125, 0.125, 0.0625, 0.0625, 0.09375, 0.125, 0.46875, 0.09375, 0.125]
[TRAIN]: (1411/1600): reward: 55.49782808125019, rates: 56.497828099427394, loss: 1.381420908069174, rho: 0.4000000000000001, transmit_actions: 19, P: [0.875, 0.125, 0.125, 0.15625, 0.15625, 0.125, 0.15625, 0.125, 0.125, 0.125, 0.125, 0.09375, 0.125, 0.125, 0.125, 0.125, 0.125, 0.125, 0.125, 0.125]
[TRAIN]: (1412/1600): reward: 45.79037822410464, rates: 48.79037797172923, loss: 1.3308531559222632, rho: 0.4000000000000001, transmit_actions: 19, P: [0.875, 0.875, 0.15625, 0.125, 0.125, 0.15625, 0.15625, 0.15625, 0.125, 0.125, 0.125, 0.15625, 0.125, 0.125, 0.09375, 0.125, 0.125, 0.125, 0.125, 0.125]
[TRAIN]: (1413/1600): reward: 49.1921319719404, rates: 50.19213272620601, loss: 1.5073338430407073, rho: 0.4000000000000001, transmit_actions: 18, P: [0.875, 0.21875, 0.125, 0.125, 0.125, 0.125, 0.0625, 0.125, 0.125, 0.125, 0.15625, 0.125, 0.125, 0.09375, 0.125, 0.125, 0.125, 0.125, 0.15625, 0.125]
[TRAIN]: (1414/1600): reward: 43.26511596143246, rates: 44.26511617517863, loss: 1.3329796147550914, rho: 0.4000000000000001, transmit_actions: 19, P: [0.875, 0.15625, 0.125, 0.125, 0.125, 0.15625, 0.125, 0.09375, 0.125, 0.125, 0.15625, 0.125, 0.125, 0.125, 0.125, 0.0625, 0.125, 0.125, 0.15625, 0.09375]
[TRAIN]: (1415/1600): reward: 51.87794856354594, rates: 52.87794842746376, loss: 1.2606250925761557, rho: 0.4000000000000001, transmit_actions: 19, P: [0.875, 0.125, 0.15625, 0.125, 0.125, 0.125, 0.125, 0.3125, 0.125, 0.125, 0.125, 0.15625, 0.125, 0.15625, 0.125, 0.125, 0.15625, 0.09375, 0.15625, 0.125]
[TRAIN]: (1416/1600): reward: 47.099062629044056, rates: 48.099062706613154, loss: 1.5006569171740394, rho: 0.4000000000000001, transmit_actions: 19, P: [0.875, 0.125, 0.15625, 0.15625, 0.125, 0.125, 0.15625, 0.125, 0.125, 0.15625, 0.125, 0.09375, 0.125, 0.125, 0.125, 0.09375, 0.125, 0.125, 0.125, 0.125]
[TRAIN]: (1417/1600): reward: 37.655387945473194, rates: 40.65538783617291, loss: 1.3348038603467403, rho: 0.4000000000000001, transmit_actions: 18, P: [0.875, 0.9375, 0.125, 0.125, 0.125, 0.125, 0.15625, 0.125, 0.125, 0.3125, 0.125, 0.125, 0.1875, 0.09375, 0.15625, 0.125, 0.09375, 0.125, 0.15625, 0.125]
[TRAIN]: (1418/1600): reward: 42.65427383594215, rates: 44.65427351829861, loss: 1.5821511422720342, rho: 0.4000000000000001, transmit_actions: 19, P: [0.875, 0.34375, 0.125, 0.125, 0.125, 0.125, 0.125, 0.125, 0.125, 0.125, 0.15625, 0.125, 0.125, 0.125, 0.09375, 0.15625, 0.0625, 0.09375, 0.1875, 0.125]
[TRAIN]: (1419/1600): reward: 49.37317944318056, rates: 50.37317877386123, loss: 1.4224108299008695, rho: 0.4000000000000001, transmit_actions: 19, P: [0.875, 0.15625, 0.125, 0.15625, 0.125, 0.125, 0.125, 0.125, 0.125, 0.15625, 0.125, 0.15625, 0.125, 0.125, 0.125, 0.125, 0.125, 0.125, 0.125, 0.125]
[TRAIN]: (1420/1600): reward: 44.97269128262997, rates: 45.97269040271362, loss: 1.6333801677590554, rho: 0.4000000000000001, transmit_actions: 19, P: [0.875, 0.125, 0.125, 0.125, 0.125, 0.125, 0.125, 0.125, 0.125, 0.125, 0.15625, 0.125, 0.09375, 0.125, 0.09375, 0.125, 0.125, 0.125, 0.125, 0.125]
[TRAIN]: (1421/1600): reward: 41.26123007014394, rates: 43.26123042768287, loss: 1.431702516269649, rho: 0.4000000000000001, transmit_actions: 19, P: [0.875, 0.125, 0.125, 0.125, 0.3125, 0.125, 0.125, 0.125, 0.125, 0.125, 0.125, 0.125, 0.09375, 0.125, 0.125, 0.125, 0.125, 0.125, 0.125, 0.125]
[TRAIN]: (1422/1600): reward: 51.737049754709005, rates: 51.73704985515798, loss: 1.31225408886354, rho: 0.4000000000000001, transmit_actions: 19, P: [0.875, 0.125, 0.125, 0.125, 0.125, 0.125, 0.125, 0.125, 0.125, 0.125, 0.125, 0.125, 0.125, 0.09375, 0.125, 0.125, 0.125, 0.125, 0.125, 0.1875]
[TRAIN]: (1423/1600): reward: 47.930254593491554, rates: 48.93025462134817, loss: 1.2898925103236916, rho: 0.4000000000000001, transmit_actions: 19, P: [0.875, 0.125, 0.15625, 0.125, 0.15625, 0.125, 0.125, 0.125, 0.15625, 0.125, 0.125, 0.125, 0.125, 0.125, 0.09375, 0.125, 0.125, 0.09375, 0.09375, 0.125]
[TRAIN]: (1424/1600): reward: 52.04864635691047, rates: 52.048646635257796, loss: 1.4481362630555108, rho: 0.4000000000000001, transmit_actions: 19, P: [0.875, 0.125, 0.15625, 0.125, 0.125, 0.125, 0.125, 0.125, 0.125, 0.125, 0.0625, 0.125, 0.09375, 0.125, 0.125, 0.125, 0.125, 0.125, 0.09375, 0.125]
[TRAIN]: (1425/1600): reward: 41.440682673826814, rates: 43.44068237079913, loss: 1.4671563956603706, rho: 0.4000000000000001, transmit_actions: 19, P: [0.875, 0.125, 0.125, 0.125, 0.125, 0.125, 0.125, 0.125, 0.125, 0.21875, 0.125, 0.125, 0.125, 0.125, 0.125, 0.125, 0.125, 0.125, 0.09375, 0.125]
[TRAIN]: (1426/1600): reward: 51.21492526680231, rates: 51.21492586030533, loss: 1.5461258629538221, rho: 0.4000000000000001, transmit_actions: 19, P: [0.875, 0.125, 0.125, 0.125, 0.125, 0.125, 0.125, 0.125, 0.09375, 0.125, 0.125, 0.125, 0.09375, 0.09375, 0.125, 0.09375, 0.09375, 0.125, 0.125, 0.125]
[TRAIN]: (1427/1600): reward: 48.279233779758215, rates: 48.27923392468341, loss: 1.6082716063395401, rho: 0.4000000000000001, transmit_actions: 19, P: [0.875, 0.125, 0.125, 0.125, 0.125, 0.125, 0.125, 0.125, 0.125, 0.15625, 0.125, 0.09375, 0.125, 0.09375, 0.125, 0.125, 0.125, 0.125, 0.125, 0.125]
[TRAIN]: (1428/1600): reward: 47.753895671106875, rates: 47.753896142626225, loss: 1.3815346363833196, rho: 0.4000000000000001, transmit_actions: 19, P: [0.875, 0.125, 0.125, 0.15625, 0.125, 0.125, 0.125, 0.125, 0.125, 0.125, 0.125, 0.09375, 0.09375, 0.125, 0.125, 0.09375, 0.09375, 0.125, 0.09375, 0.09375]
[TRAIN]: (1429/1600): reward: 46.78551000356674, rates: 47.78551024208508, loss: 1.2578670497281281, rho: 0.4000000000000001, transmit_actions: 19, P: [0.875, 0.125, 0.125, 0.125, 0.125, 0.125, 0.125, 0.125, 0.125, 0.125, 0.125, 0.09375, 0.09375, 0.125, 0.125, 0.125, 0.125, 0.125, 0.09375, 0.125]
[TRAIN]: (1430/1600): reward: 35.40037827566266, rates: 38.400378549464605, loss: 1.4269123515382756, rho: 0.4000000000000001, transmit_actions: 18, P: [0.875, 0.9375, 0.125, 0.125, 0.125, 0.125, 0.125, 0.125, 0.15625, 0.15625, 0.125, 0.125, 0.09375, 0.125, 0.09375, 0.125, 0.09375, 0.125, 0.09375, 0.125]
[TRAIN]: (1431/1600): reward: 48.90054386481643, rates: 48.90054379703156, loss: 1.283704771198768, rho: 0.4000000000000001, transmit_actions: 19, P: [0.875, 0.125, 0.15625, 0.125, 0.125, 0.0625, 0.125, 0.125, 0.125, 0.125, 0.125, 0.125, 0.125, 0.125, 0.125, 0.125, 0.125, 0.125, 0.125, 0.125]
[TRAIN]: (1432/1600): reward: 48.93945187702775, rates: 48.93945195292526, loss: 1.4916060018431672, rho: 0.4000000000000001, transmit_actions: 19, P: [0.875, 0.125, 0.125, 0.125, 0.125, 0.125, 0.125, 0.15625, 0.125, 0.125, 0.125, 0.09375, 0.125, 0.125, 0.125, 0.125, 0.09375, 0.125, 0.09375, 0.125]
[TRAIN]: (1433/1600): reward: 45.47517255693674, rates: 46.47517257008542, loss: 1.4940852566207625, rho: 0.4000000000000001, transmit_actions: 19, P: [0.875, 0.125, 0.125, 0.125, 0.125, 0.15625, 0.125, 0.125, 0.09375, 0.125, 0.125, 0.09375, 0.125, 0.125, 0.125, 0.125, 0.125, 0.125, 0.125, 0.09375]
[TRAIN]: (1434/1600): reward: 50.20810118690133, rates: 50.20810080042294, loss: 1.5590621042712176, rho: 0.4000000000000001, transmit_actions: 19, P: [0.875, 0.125, 0.125, 0.15625, 0.125, 0.125, 0.125, 0.125, 0.15625, 0.125, 0.125, 0.09375, 0.125, 0.125, 0.125, 0.09375, 0.125, 0.15625, 0.125, 0.125]
[TRAIN]: (1435/1600): reward: 42.29054939839989, rates: 43.29054992799538, loss: 1.5448963075814015, rho: 0.4000000000000001, transmit_actions: 19, P: [0.875, 0.125, 0.125, 0.125, 0.15625, 0.125, 0.15625, 0.0625, 0.125, 0.09375, 0.125, 0.125, 0.15625, 0.125, 0.09375, 0.15625, 0.15625, 0.125, 0.125, 0.09375]
[TRAIN]: (1436/1600): reward: 41.67036375775933, rates: 43.670363728502565, loss: 1.4253206520370743, rho: 0.4000000000000001, transmit_actions: 18, P: [0.875, 0.09375, 0.15625, 0.15625, 0.625, 0.125, 0.15625, 0.125, 0.15625, 0.125, 0.125, 0.09375, 0.125, 0.15625, 0.125, 0.09375, 0.15625, 0.09375, 0.125, 0.09375]
[TRAIN]: (1437/1600): reward: 39.519362069666386, rates: 40.51936234940693, loss: 1.2925693532334985, rho: 0.4000000000000001, transmit_actions: 19, P: [0.875, 0.15625, 0.125, 0.125, 0.15625, 0.125, 0.125, 0.15625, 0.125, 0.125, 0.15625, 0.09375, 0.09375, 0.125, 0.125, 0.125, 0.1875, 0.09375, 0.09375, 0.15625]
[TRAIN]: (1438/1600): reward: 47.470829360187054, rates: 47.47082886076346, loss: 1.7085372365608502, rho: 0.4000000000000001, transmit_actions: 19, P: [0.875, 0.125, 0.0625, 0.125, 0.15625, 0.125, 0.125, 0.125, 0.15625, 0.125, 0.125, 0.09375, 0.125, 0.125, 0.125, 0.09375, 0.125, 0.125, 0.125, 0.125]
[TRAIN]: (1439/1600): reward: 47.997075736522675, rates: 47.997076401288126, loss: 1.4841296946656386, rho: 0.4000000000000001, transmit_actions: 19, P: [0.875, 0.125, 0.125, 0.125, 0.125, 0.15625, 0.15625, 0.125, 0.125, 0.125, 0.125, 0.125, 0.125, 0.125, 0.125, 0.125, 0.125, 0.125, 0.125, 0.125]
[TRAIN]: (1440/1600): reward: 48.858134776353836, rates: 49.85813494289801, loss: 1.4690610710988614, rho: 0.4000000000000001, transmit_actions: 19, P: [0.875, 0.125, 0.125, 0.125, 0.15625, 0.15625, 0.125, 0.125, 0.125, 0.125, 0.125, 0.125, 0.15625, 0.125, 0.125, 0.125, 0.09375, 0.125, 0.09375, 0.15625]
[TRAIN]: (1441/1600): reward: 47.75005314312875, rates: 48.75005255334817, loss: 1.486078977902481, rho: 0.4000000000000001, transmit_actions: 19, P: [0.875, 0.125, 0.125, 0.125, 0.15625, 0.125, 0.15625, 0.125, 0.125, 0.15625, 0.125, 0.125, 0.09375, 0.125, 0.15625, 0.09375, 0.125, 0.125, 0.09375, 0.125]
[TRAIN]: (1442/1600): reward: 48.888746947050095, rates: 48.888746291935995, loss: 1.6106807789402662, rho: 0.4000000000000001, transmit_actions: 19, P: [0.875, 0.125, 0.125, 0.125, 0.125, 0.125, 0.125, 0.125, 0.125, 0.125, 0.125, 0.125, 0.125, 0.125, 0.125, 0.09375, 0.0625, 0.125, 0.125, 0.125]
[TRAIN]: (1443/1600): reward: 53.387257762253284, rates: 53.38725785227367, loss: 1.4624823869728882, rho: 0.4000000000000001, transmit_actions: 19, P: [0.875, 0.125, 0.125, 0.125, 0.125, 0.125, 0.125, 0.125, 0.125, 0.125, 0.125, 0.125, 0.125, 0.125, 0.125, 0.125, 0.125, 0.125, 0.125, 0.15625]
[TRAIN]: (1444/1600): reward: 48.33047550916672, rates: 48.33047568855956, loss: 1.5094532492578758, rho: 0.4000000000000001, transmit_actions: 19, P: [0.875, 0.125, 0.125, 0.125, 0.125, 0.125, 0.125, 0.125, 0.125, 0.125, 0.125, 0.125, 0.09375, 0.125, 0.09375, 0.125, 0.09375, 0.125, 0.125, 0.125]
[TRAIN]: (1445/1600): reward: 35.746941193938255, rates: 37.746940821399065, loss: 1.4671735832761539, rho: 0.4000000000000001, transmit_actions: 19, P: [0.875, 0.125, 0.125, 0.125, 0.125, 0.125, 0.125, 0.125, 0.15625, 0.125, 0.125, 0.09375, 0.125, 0.125, 0.59375, 0.71875, 0.125, 0.125, 0.125, 0.125]
[TRAIN]: (1446/1600): reward: 40.961643661372364, rates: 42.961643497950575, loss: 1.4510883537912302, rho: 0.4000000000000001, transmit_actions: 18, P: [0.875, 0.125, 0.125, 0.125, 0.125, 0.125, 0.125, 0.125, 0.125, 0.125, 0.125, 0.3125, 0.125, 0.125, 0.125, 0.125, 0.125, 0.125, 0.125, 0.1875]
[TRAIN]: (1447/1600): reward: 49.635756596922874, rates: 49.635756433552444, loss: 1.4683235424656194, rho: 0.4000000000000001, transmit_actions: 19, P: [0.875, 0.125, 0.125, 0.125, 0.125, 0.125, 0.125, 0.125, 0.125, 0.125, 0.125, 0.125, 0.125, 0.125, 0.125, 0.125, 0.09375, 0.125, 0.09375, 0.09375]
[TRAIN]: (1448/1600): reward: 47.504786908626556, rates: 47.50478661682558, loss: 1.5355230994302111, rho: 0.4000000000000001, transmit_actions: 18, P: [0.875, 0.125, 0.9375, 0.125, 0.125, 0.125, 0.125, 0.125, 0.125, 0.15625, 0.125, 0.125, 0.125, 0.125, 0.09375, 0.125, 0.125, 0.09375, 0.09375, 0.125]
[TRAIN]: (1449/1600): reward: 40.94665972515941, rates: 43.94665990407751, loss: 1.409032408791272, rho: 0.4000000000000001, transmit_actions: 18, P: [0.875, 0.9375, 0.125, 0.125, 0.125, 0.125, 0.125, 0.125, 0.15625, 0.125, 0.125, 0.09375, 0.09375, 0.09375, 0.09375, 0.15625, 0.125, 0.09375, 0.125, 0.15625]
[TRAIN]: (1450/1600): reward: 52.16221187124029, rates: 52.1622119482979, loss: 1.2494344666075015, rho: 0.4000000000000001, transmit_actions: 19, P: [0.875, 0.125, 0.15625, 0.125, 0.125, 0.15625, 0.0625, 0.125, 0.125, 0.125, 0.15625, 0.15625, 0.15625, 0.125, 0.15625, 0.09375, 0.09375, 0.15625, 0.09375, 0.125]
[TRAIN]: (1451/1600): reward: 48.659583896398544, rates: 48.65958400492524, loss: 1.6031528729516087, rho: 0.4000000000000001, transmit_actions: 19, P: [0.875, 0.125, 0.125, 0.125, 0.125, 0.125, 0.15625, 0.125, 0.125, 0.15625, 0.125, 0.09375, 0.125, 0.09375, 0.125, 0.125, 0.125, 0.125, 0.125, 0.125]
[TRAIN]: (1452/1600): reward: 50.74183345772326, rates: 50.74183317129651, loss: 1.588742452002086, rho: 0.4000000000000001, transmit_actions: 19, P: [0.875, 0.125, 0.125, 0.125, 0.15625, 0.15625, 0.125, 0.125, 0.125, 0.125, 0.125, 0.125, 0.125, 0.125, 0.125, 0.125, 0.8125, 0.125, 0.125, 0.125]
[TRAIN]: (1453/1600): reward: 50.238985911011696, rates: 50.238986115896, loss: 1.5919592340557727, rho: 0.4000000000000001, transmit_actions: 19, P: [0.875, 0.15625, 0.125, 0.125, 0.125, 0.125, 0.125, 0.125, 0.125, 0.125, 0.125, 0.125, 0.125, 0.125, 0.09375, 0.09375, 0.125, 0.125, 0.125, 0.125]
[TRAIN]: (1454/1600): reward: 45.03183959424496, rates: 46.03183964096435, loss: 1.461556220358269, rho: 0.4000000000000001, transmit_actions: 19, P: [0.875, 0.125, 0.125, 0.125, 0.125, 0.15625, 0.125, 0.125, 0.15625, 0.125, 0.125, 0.125, 0.125, 0.15625, 0.09375, 0.09375, 0.125, 0.09375, 0.09375, 0.125]
[TRAIN]: (1455/1600): reward: 47.18126914650202, rates: 49.1812690929433, loss: 1.3882765425169736, rho: 0.4000000000000001, transmit_actions: 19, P: [0.875, 0.125, 0.125, 0.125, 0.125, 0.15625, 0.78125, 0.125, 0.125, 0.125, 0.125, 0.09375, 0.125, 0.125, 0.15625, 0.125, 0.125, 0.125, 0.125, 0.125]
[TRAIN]: (1456/1600): reward: 51.95103448629379, rates: 51.9510349002626, loss: 1.7122521941405426, rho: 0.4000000000000001, transmit_actions: 19, P: [0.875, 0.125, 0.125, 0.125, 0.125, 0.125, 0.125, 0.125, 0.125, 0.125, 0.125, 0.125, 0.09375, 0.125, 0.125, 0.125, 0.125, 0.125, 0.125, 0.125]
[TRAIN]: (1457/1600): reward: 37.0679424200207, rates: 39.06794262664886, loss: 1.6187358874335764, rho: 0.4000000000000001, transmit_actions: 19, P: [0.875, 0.125, 0.125, 0.125, 0.125, 0.125, 0.125, 0.15625, 0.125, 0.15625, 0.15625, 0.125, 0.125, 0.125, 0.125, 0.125, 0.125, 0.15625, 0.125, 0.09375]
[TRAIN]: (1458/1600): reward: 47.979532681405544, rates: 49.97953285284525, loss: 1.7069075998778023, rho: 0.4000000000000001, transmit_actions: 19, P: [0.875, 0.15625, 0.125, 0.15625, 0.125, 0.125, 0.125, 0.125, 0.125, 0.125, 0.15625, 0.125, 0.125, 0.125, 0.125, 0.125, 0.125, 0.125, 0.125, 0.125]
[TRAIN]: (1459/1600): reward: 48.80925143510103, rates: 48.809251975797636, loss: 1.6552238658628753, rho: 0.4000000000000001, transmit_actions: 19, P: [0.875, 0.125, 0.125, 0.125, 0.15625, 0.125, 0.125, 0.125, 0.125, 0.125, 0.125, 0.125, 0.125, 0.125, 0.125, 0.09375, 0.15625, 0.125, 0.125, 0.125]
[TRAIN]: (1460/1600): reward: 47.049198128283024, rates: 47.0491974872816, loss: 1.4808469853449473, rho: 0.4000000000000001, transmit_actions: 19, P: [0.875, 0.125, 0.09375, 0.15625, 0.125, 0.15625, 0.125, 0.125, 0.125, 0.125, 0.15625, 0.09375, 0.125, 0.125, 0.0625, 0.125, 0.125, 0.125, 0.125, 0.125]
[TRAIN]: (1461/1600): reward: 49.7944555953145, rates: 49.79445529905082, loss: 1.4785532712883442, rho: 0.4000000000000001, transmit_actions: 19, P: [0.875, 0.125, 0.125, 0.125, 0.125, 0.125, 0.125, 0.125, 0.125, 0.125, 0.15625, 0.09375, 0.09375, 0.125, 0.125, 0.125, 0.125, 0.125, 0.125, 0.125]
[TRAIN]: (1462/1600): reward: 47.003754269331694, rates: 47.0037546915647, loss: 1.5574228752269041, rho: 0.4000000000000001, transmit_actions: 19, P: [0.875, 0.125, 0.125, 0.125, 0.125, 0.125, 0.125, 0.125, 0.125, 0.125, 0.125, 0.125, 0.125, 0.125, 0.125, 0.125, 0.125, 0.125, 0.125, 0.125]
[TRAIN]: (1463/1600): reward: 48.77829401195049, rates: 49.778294003516045, loss: 1.4205998676551392, rho: 0.4000000000000001, transmit_actions: 19, P: [0.875, 0.125, 0.125, 0.125, 0.125, 0.125, 0.125, 0.125, 0.21875, 0.125, 0.125, 0.125, 0.125, 0.125, 0.125, 0.09375, 0.125, 0.09375, 0.125, 0.125]
[TRAIN]: (1464/1600): reward: 49.424096915870905, rates: 49.42409672338266, loss: 1.4535608982854236, rho: 0.4000000000000001, transmit_actions: 19, P: [0.875, 0.125, 0.125, 0.125, 0.125, 0.125, 0.125, 0.125, 0.125, 0.125, 0.125, 0.125, 0.125, 0.09375, 0.125, 0.125, 0.125, 0.09375, 0.125, 0.125]
[TRAIN]: (1465/1600): reward: 46.944820303469896, rates: 46.94481991287787, loss: 1.4141409463057406, rho: 0.4000000000000001, transmit_actions: 19, P: [0.875, 0.125, 0.125, 0.125, 0.125, 0.125, 0.125, 0.125, 0.125, 0.125, 0.125, 0.125, 0.09375, 0.125, 0.125, 0.125, 0.09375, 0.125, 0.09375, 0.09375]
[TRAIN]: (1466/1600): reward: 46.35361792333424, rates: 46.35361813309855, loss: 1.6830424610369754, rho: 0.4000000000000001, transmit_actions: 19, P: [0.875, 0.125, 0.125, 0.125, 0.125, 0.125, 0.125, 0.125, 0.09375, 0.125, 0.125, 0.09375, 0.125, 0.09375, 0.09375, 0.09375, 0.125, 0.09375, 0.125, 0.09375]
[TRAIN]: (1467/1600): reward: 52.169397335499525, rates: 52.16939726768638, loss: 1.6703248965117001, rho: 0.4000000000000001, transmit_actions: 19, P: [0.875, 0.125, 0.125, 0.125, 0.125, 0.125, 0.125, 0.125, 0.125, 0.125, 0.125, 0.09375, 0.125, 0.125, 0.125, 0.125, 0.09375, 0.125, 0.125, 0.125]
[TRAIN]: (1468/1600): reward: 40.908313332125545, rates: 42.908313123124515, loss: 1.4735652465471822, rho: 0.4000000000000001, transmit_actions: 18, P: [0.875, 0.125, 0.125, 0.125, 0.125, 0.125, 0.125, 0.125, 0.125, 0.125, 0.125, 0.125, 0.125, 0.125, 0.125, 0.09375, 0.09375, 0.21875, 0.125, 0.125]
[TRAIN]: (1469/1600): reward: 49.48767031729221, rates: 49.487669717504716, loss: 1.8136082005195362, rho: 0.4000000000000001, transmit_actions: 19, P: [0.875, 0.125, 0.125, 0.125, 0.125, 0.125, 0.125, 0.125, 0.125, 0.125, 0.125, 0.09375, 0.09375, 0.09375, 0.09375, 0.125, 0.125, 0.125, 0.125, 0.125]
[TRAIN]: (1470/1600): reward: 33.424680434167385, rates: 37.424680644958556, loss: 1.366183823545997, rho: 0.4000000000000001, transmit_actions: 19, P: [0.875, 0.09375, 0.125, 0.125, 0.125, 0.125, 0.09375, 0.125, 0.125, 0.125, 0.125, 0.125, 0.125, 0.125, 0.125, 0.125, 0.125, 0.125, 0.09375, 0.125]
[TRAIN]: (1471/1600): reward: 50.059376031160355, rates: 51.05937604031565, loss: 1.6191278208805784, rho: 0.4000000000000001, transmit_actions: 19, P: [0.875, 0.21875, 0.125, 0.125, 0.1875, 0.125, 0.125, 0.125, 0.125, 0.125, 0.125, 0.125, 0.125, 0.125, 0.125, 0.125, 0.125, 0.125, 0.125, 0.125]
[TRAIN]: (1472/1600): reward: 47.99826516956091, rates: 48.99826502420917, loss: 1.4345201730389319, rho: 0.4000000000000001, transmit_actions: 19, P: [0.875, 0.125, 0.125, 0.15625, 0.125, 0.125, 0.125, 0.15625, 0.125, 0.125, 0.0625, 0.125, 0.09375, 0.09375, 0.125, 0.125, 0.125, 0.125, 0.09375, 0.125]
[TRAIN]: (1473/1600): reward: 45.8310447409749, rates: 45.831044168838204, loss: 1.2886234977914965, rho: 0.4000000000000001, transmit_actions: 19, P: [0.875, 0.125, 0.125, 0.125, 0.125, 0.15625, 0.125, 0.125, 0.125, 0.125, 0.125, 0.125, 0.09375, 0.09375, 0.125, 0.125, 0.09375, 0.125, 0.125, 0.125]
[TRAIN]: (1474/1600): reward: 51.48279942944646, rates: 51.482799286491996, loss: 1.3419555558919385, rho: 0.4000000000000001, transmit_actions: 18, P: [0.875, 0.90625, 0.0625, 0.125, 0.125, 0.15625, 0.125, 0.125, 0.125, 0.125, 0.125, 0.125, 0.125, 0.125, 0.125, 0.125, 0.125, 0.125, 0.125, 0.125]
[TRAIN]: (1475/1600): reward: 46.57611955702305, rates: 46.576119024469904, loss: 1.5528848362359684, rho: 0.4000000000000001, transmit_actions: 18, P: [0.875, 0.125, 0.875, 0.125, 0.125, 0.125, 0.125, 0.125, 0.125, 0.125, 0.125, 0.125, 0.125, 0.125, 0.125, 0.125, 0.125, 0.125, 0.125, 0.125]
[TRAIN]: (1476/1600): reward: 48.69297755509615, rates: 48.69297814659106, loss: 1.3865178998740948, rho: 0.4000000000000001, transmit_actions: 19, P: [0.875, 0.125, 0.125, 0.0625, 0.125, 0.125, 0.125, 0.125, 0.125, 0.125, 0.0625, 0.125, 0.125, 0.125, 0.125, 0.09375, 0.125, 0.09375, 0.125, 0.09375]
[TRAIN]: (1477/1600): reward: 45.83296248689294, rates: 45.8329620447841, loss: 1.369003965010017, rho: 0.4000000000000001, transmit_actions: 17, P: [0.875, 0.875, 0.84375, 0.0625, 0.125, 0.125, 0.125, 0.125, 0.125, 0.09375, 0.125, 0.125, 0.125, 0.09375, 0.09375, 0.125, 0.125, 0.125, 0.125, 0.09375]
[TRAIN]: (1478/1600): reward: 49.561571918427944, rates: 49.561571682977494, loss: 1.3351467068101708, rho: 0.4000000000000001, transmit_actions: 19, P: [0.875, 0.125, 0.125, 0.125, 0.125, 0.125, 0.0625, 0.15625, 0.15625, 0.125, 0.15625, 0.09375, 0.125, 0.125, 0.125, 0.125, 0.125, 0.125, 0.125, 0.125]
[TRAIN]: (1479/1600): reward: 43.967641934752464, rates: 44.9676427086898, loss: 1.4595668560678348, rho: 0.4000000000000001, transmit_actions: 19, P: [0.875, 0.125, 0.125, 0.125, 0.125, 0.125, 0.125, 0.125, 0.125, 0.125, 0.125, 0.09375, 0.125, 0.125, 0.125, 0.03125, 0.125, 0.125, 0.125, 0.125]
[TRAIN]: (1480/1600): reward: 50.15622071176767, rates: 50.15622011150078, loss: 1.7393068822943818, rho: 0.4000000000000001, transmit_actions: 19, P: [0.875, 0.125, 0.125, 0.125, 0.125, 0.125, 0.125, 0.125, 0.125, 0.125, 0.125, 0.09375, 0.125, 0.125, 0.125, 0.09375, 0.09375, 0.125, 0.125, 0.125]
[TRAIN]: (1481/1600): reward: 49.39972333610058, rates: 50.399723875684785, loss: 1.3409375011509008, rho: 0.4000000000000001, transmit_actions: 19, P: [0.875, 0.125, 0.125, 0.125, 0.0625, 0.15625, 0.125, 0.125, 0.125, 0.15625, 0.125, 0.125, 0.09375, 0.125, 0.125, 0.125, 0.125, 0.125, 0.125, 0.125]
[TRAIN]: (1482/1600): reward: 37.551218792796135, rates: 39.551218169240784, loss: 1.5972055225428814, rho: 0.4000000000000001, transmit_actions: 19, P: [0.875, 0.125, 0.125, 0.125, 0.15625, 0.125, 0.125, 0.125, 0.125, 0.125, 0.125, 0.96875, 0.125, 0.1875, 0.125, 0.125, 0.125, 0.125, 0.125, 0.125]
[TRAIN]: (1483/1600): reward: 49.5303348749876, rates: 49.53033469861247, loss: 1.440311955588958, rho: 0.4000000000000001, transmit_actions: 17, P: [0.875, 0.875, 0.75, 0.1875, 0.125, 0.125, 0.125, 0.125, 0.125, 0.125, 0.125, 0.125, 0.125, 0.125, 0.125, 0.125, 0.09375, 0.125, 0.125, 0.125]
[TRAIN]: (1484/1600): reward: 39.163219310343266, rates: 42.163219046673305, loss: 1.5302134265530158, rho: 0.4000000000000001, transmit_actions: 19, P: [0.875, 0.125, 0.125, 0.125, 0.125, 0.1875, 0.125, 0.125, 0.125, 0.125, 0.125, 0.1875, 0.125, 0.125, 0.09375, 0.125, 0.125, 0.125, 0.09375, 0.125]
[TRAIN]: (1485/1600): reward: 37.56022356823087, rates: 40.56022397476591, loss: 1.3869507997120272, rho: 0.4000000000000001, transmit_actions: 19, P: [0.875, 0.15625, 0.125, 0.125, 0.125, 0.125, 0.125, 0.125, 0.125, 0.125, 0.90625, 0.125, 0.09375, 0.125, 0.125, 0.125, 0.125, 0.125, 0.09375, 0.09375]
[TRAIN]: (1486/1600): reward: 52.34555320441723, rates: 53.34555345500816, loss: 1.3876137914448, rho: 0.4000000000000001, transmit_actions: 19, P: [0.875, 0.125, 0.125, 0.125, 0.125, 0.125, 0.0625, 0.125, 0.125, 0.125, 0.125, 0.125, 0.125, 0.125, 0.125, 0.09375, 0.125, 0.125, 0.125, 0.125]
[TRAIN]: (1487/1600): reward: 47.071079002693295, rates: 47.07107876914612, loss: 1.7264288150969964, rho: 0.4000000000000001, transmit_actions: 18, P: [0.875, 0.875, 0.125, 0.125, 0.09375, 0.1875, 0.15625, 0.125, 0.125, 0.125, 0.0625, 0.125, 0.125, 0.09375, 0.125, 0.125, 0.0625, 0.125, 0.125, 0.125]
[TRAIN]: (1488/1600): reward: 49.40115763992071, rates: 49.40115720310404, loss: 1.5757403248063286, rho: 0.4000000000000001, transmit_actions: 18, P: [0.875, 0.875, 0.125, 0.125, 0.125, 0.125, 0.125, 0.125, 0.125, 0.125, 0.125, 0.09375, 0.125, 0.125, 0.125, 0.125, 0.125, 0.125, 0.125, 0.125]
[TRAIN]: (1489/1600): reward: 44.51773838698864, rates: 46.517737868080914, loss: 1.4366552594065738, rho: 0.4000000000000001, transmit_actions: 19, P: [0.875, 0.125, 0.125, 0.125, 0.15625, 0.125, 0.125, 0.125, 0.125, 0.125, 0.125, 0.1875, 0.125, 0.125, 0.125, 0.125, 0.09375, 0.125, 0.09375, 0.125]
[TRAIN]: (1490/1600): reward: 49.53842942044139, rates: 49.53842908411509, loss: 1.2758803485250945, rho: 0.4000000000000001, transmit_actions: 19, P: [0.875, 0.125, 0.125, 0.125, 0.15625, 0.125, 0.125, 0.125, 0.125, 0.125, 0.125, 0.125, 0.125, 0.125, 0.125, 0.09375, 0.09375, 0.125, 0.125, 0.125]
[TRAIN]: (1491/1600): reward: 50.51754505932331, rates: 50.51754533061335, loss: 1.4102792716801993, rho: 0.4000000000000001, transmit_actions: 19, P: [0.875, 0.125, 0.125, 0.21875, 0.125, 0.125, 0.125, 0.15625, 0.125, 0.125, 0.125, 0.125, 0.09375, 0.125, 0.125, 0.09375, 0.125, 0.125, 0.125, 0.125]
[TRAIN]: (1492/1600): reward: 51.74100075289607, rates: 51.74100101882164, loss: 1.6580906352433336, rho: 0.4000000000000001, transmit_actions: 19, P: [0.875, 0.125, 0.15625, 0.125, 0.125, 0.125, 0.125, 0.125, 0.125, 0.125, 0.125, 0.125, 0.125, 0.09375, 0.125, 0.125, 0.125, 0.09375, 0.125, 0.125]
[TRAIN]: (1493/1600): reward: 52.286445546895266, rates: 52.28644547627548, loss: 1.3703569655050818, rho: 0.4000000000000001, transmit_actions: 19, P: [0.875, 0.125, 0.125, 0.125, 0.0625, 0.125, 0.125, 0.125, 0.125, 0.125, 0.125, 0.125, 0.125, 0.125, 0.125, 0.125, 0.125, 0.09375, 0.125, 0.09375]
[TRAIN]: (1494/1600): reward: 41.747118731960654, rates: 43.74711866168029, loss: 1.3997878528751309, rho: 0.4000000000000001, transmit_actions: 19, P: [0.875, 0.125, 0.125, 0.125, 0.125, 0.125, 0.125, 0.125, 0.125, 0.21875, 0.125, 0.0625, 0.125, 0.125, 0.125, 0.09375, 0.09375, 0.125, 0.09375, 0.125]
[TRAIN]: (1495/1600): reward: 49.01865242514759, rates: 49.018652311471314, loss: 1.5559217344267435, rho: 0.4000000000000001, transmit_actions: 19, P: [0.875, 0.0625, 0.125, 0.1875, 0.125, 0.15625, 0.125, 0.15625, 0.125, 0.125, 0.125, 0.125, 0.09375, 0.125, 0.09375, 0.125, 0.125, 0.125, 0.09375, 0.09375]
[TRAIN]: (1496/1600): reward: 44.54241818934679, rates: 45.54241839025201, loss: 1.3866877181246433, rho: 0.4000000000000001, transmit_actions: 19, P: [0.875, 0.125, 0.21875, 0.15625, 0.0625, 0.125, 0.125, 0.125, 0.125, 0.125, 0.125, 0.125, 0.125, 0.09375, 0.15625, 0.09375, 0.125, 0.125, 0.09375, 0.09375]
[TRAIN]: (1497/1600): reward: 44.56195291876793, rates: 46.561952679684296, loss: 1.2115538517918407, rho: 0.4000000000000001, transmit_actions: 18, P: [0.875, 1.0, 0.125, 0.125, 0.15625, 0.125, 0.125, 0.1875, 0.125, 0.125, 0.09375, 0.09375, 0.15625, 0.125, 0.15625, 0.125, 0.125, 0.125, 0.125, 0.125]
[TRAIN]: (1498/1600): reward: 48.52142431773245, rates: 49.52142380519379, loss: 1.4624971420590651, rho: 0.4000000000000001, transmit_actions: 19, P: [0.875, 0.125, 0.125, 0.15625, 0.125, 0.125, 0.125, 0.125, 0.125, 0.125, 0.15625, 0.125, 0.09375, 0.125, 0.125, 0.125, 0.125, 0.125, 0.125, 0.125]
[TRAIN]: (1499/1600): reward: 44.46034462377429, rates: 45.460344756860664, loss: 1.3277056563295286, rho: 0.4000000000000001, transmit_actions: 19, P: [0.875, 0.125, 0.125, 0.1875, 0.125, 0.125, 0.125, 0.125, 0.125, 0.0625, 0.125, 0.15625, 0.125, 0.125, 0.09375, 0.125, 0.125, 0.125, 0.125, 0.125]
[TRAIN]: (1500/1600): reward: 49.9803796634078, rates: 49.98037897796293, loss: 1.3515231940807382, rho: 0.4000000000000001, transmit_actions: 19, P: [0.875, 0.125, 0.125, 0.125, 0.125, 0.0625, 0.15625, 0.0625, 0.15625, 0.125, 0.125, 0.125, 0.125, 0.09375, 0.09375, 0.09375, 0.125, 0.125, 0.125, 0.125]
[TRAIN]: (1501/1600): reward: 49.99406684935093, rates: 49.99406662232981, loss: 1.4788519251295305, rho: 0.4000000000000001, transmit_actions: 19, P: [0.875, 0.125, 0.125, 0.0625, 0.125, 0.125, 0.125, 0.125, 0.15625, 0.125, 0.125, 0.125, 0.125, 0.125, 0.09375, 0.125, 0.125, 0.125, 0.09375, 0.125]
[TRAIN]: (1502/1600): reward: 40.95667263306677, rates: 42.956673252794396, loss: 1.6439045728105106, rho: 0.4000000000000001, transmit_actions: 18, P: [0.875, 0.84375, 0.125, 0.15625, 0.0625, 0.125, 0.15625, 0.125, 0.125, 0.125, 0.125, 0.09375, 0.125, 0.125, 0.09375, 0.125, 0.15625, 0.09375, 0.125, 0.09375]
[TRAIN]: (1503/1600): reward: 49.546157136559486, rates: 49.54615610043292, loss: 1.2055316709657737, rho: 0.4000000000000001, transmit_actions: 19, P: [0.875, 0.125, 0.15625, 0.125, 0.125, 0.125, 0.125, 0.15625, 0.125, 0.125, 0.125, 0.09375, 0.125, 0.09375, 0.125, 0.125, 0.15625, 0.09375, 0.125, 0.15625]
[TRAIN]: (1504/1600): reward: 54.044865883886814, rates: 54.04486604151147, loss: 1.4377661005858662, rho: 0.4000000000000001, transmit_actions: 19, P: [0.875, 0.125, 0.125, 0.125, 0.125, 0.125, 0.125, 0.125, 0.15625, 0.125, 0.125, 0.125, 0.125, 0.09375, 0.125, 0.125, 0.125, 0.125, 0.125, 0.15625]
[TRAIN]: (1505/1600): reward: 41.3668512403965, rates: 42.366851188059336, loss: 1.402945668077799, rho: 0.4000000000000001, transmit_actions: 18, P: [0.875, 0.875, 0.125, 0.125, 0.125, 0.125, 0.125, 0.125, 0.125, 0.125, 0.15625, 0.125, 0.125, 0.125, 0.15625, 0.125, 0.125, 0.125, 0.09375, 0.09375]
[TRAIN]: (1506/1600): reward: 38.64972519502044, rates: 42.649725010202836, loss: 1.5682909370333933, rho: 0.4000000000000001, transmit_actions: 18, P: [0.875, 0.125, 0.15625, 0.5625, 0.125, 0.125, 0.125, 0.125, 0.125, 0.15625, 0.125, 0.125, 0.125, 0.125, 0.125, 0.125, 0.125, 0.125, 0.125, 0.125]
[TRAIN]: (1507/1600): reward: 32.19221821799874, rates: 34.192218180539484, loss: 1.5891647834566638, rho: 0.4000000000000001, transmit_actions: 19, P: [0.875, 0.125, 0.125, 0.15625, 0.125, 0.125, 0.15625, 0.125, 0.125, 0.125, 0.125, 0.125, 0.125, 0.09375, 0.09375, 0.125, 0.125, 0.125, 0.125, 0.09375]
[TRAIN]: (1508/1600): reward: 49.36843314021826, rates: 49.368432420286894, loss: 1.381663026260792, rho: 0.4000000000000001, transmit_actions: 19, P: [0.875, 0.15625, 0.125, 0.125, 0.125, 0.125, 0.125, 0.125, 0.125, 0.125, 0.125, 0.125, 0.125, 0.09375, 0.15625, 0.09375, 0.125, 0.125, 0.125, 0.125]
[TRAIN]: (1509/1600): reward: 49.128883969038725, rates: 49.12888345936979, loss: 1.4643901425374177, rho: 0.4000000000000001, transmit_actions: 19, P: [0.875, 0.125, 0.125, 0.125, 0.125, 0.15625, 0.125, 0.125, 0.125, 0.125, 0.125, 0.125, 0.125, 0.125, 0.125, 0.125, 0.125, 0.09375, 0.125, 0.09375]
[TRAIN]: (1510/1600): reward: 42.62169334292412, rates: 43.621693086482836, loss: 1.424890472957596, rho: 0.4000000000000001, transmit_actions: 19, P: [0.875, 0.125, 0.125, 0.15625, 0.125, 0.125, 0.125, 0.125, 0.125, 0.15625, 0.125, 0.09375, 0.09375, 0.125, 0.125, 0.125, 0.125, 0.125, 0.125, 0.125]
[TRAIN]: (1511/1600): reward: 49.01241555809975, rates: 49.01241520634734, loss: 1.806764152893861, rho: 0.4000000000000001, transmit_actions: 19, P: [0.875, 0.125, 0.125, 0.125, 0.125, 0.125, 0.125, 0.125, 0.15625, 0.125, 0.125, 0.125, 0.125, 0.09375, 0.125, 0.125, 0.09375, 0.09375, 0.125, 0.09375]
[TRAIN]: (1512/1600): reward: 48.94398683309555, rates: 48.943985619667366, loss: 1.3214070628523875, rho: 0.4000000000000001, transmit_actions: 19, P: [0.875, 0.125, 0.125, 0.125, 0.15625, 0.15625, 0.125, 0.125, 0.125, 0.15625, 0.125, 0.125, 0.125, 0.09375, 0.125, 0.125, 0.125, 0.125, 0.125, 0.15625]
[TRAIN]: (1513/1600): reward: 40.257373824715614, rates: 42.25737416225983, loss: 1.4028783735116317, rho: 0.4000000000000001, transmit_actions: 19, P: [0.875, 0.125, 0.15625, 0.125, 0.125, 0.125, 0.125, 0.125, 0.125, 0.15625, 0.125, 0.125, 0.125, 0.125, 0.09375, 0.125, 0.125, 0.125, 0.09375, 0.125]
[TRAIN]: (1514/1600): reward: 50.66870867181569, rates: 50.668707842165105, loss: 1.390563490093832, rho: 0.4000000000000001, transmit_actions: 19, P: [0.875, 0.15625, 0.125, 0.15625, 0.125, 0.125, 0.125, 0.125, 0.15625, 0.15625, 0.125, 0.125, 0.09375, 0.125, 0.09375, 0.125, 0.09375, 0.125, 0.125, 0.125]
[TRAIN]: (1515/1600): reward: 40.85675247758627, rates: 43.85675318633202, loss: 1.3531546155598577, rho: 0.4000000000000001, transmit_actions: 19, P: [0.875, 0.0625, 0.125, 0.125, 0.09375, 0.1875, 0.125, 0.125, 0.125, 0.125, 0.15625, 0.125, 0.09375, 0.125, 0.125, 0.09375, 0.125, 0.125, 0.125, 0.125]
[TRAIN]: (1516/1600): reward: 52.32307109609246, rates: 52.32307156960359, loss: 1.4344773685113172, rho: 0.4000000000000001, transmit_actions: 19, P: [0.875, 0.125, 0.125, 0.125, 0.125, 0.125, 0.125, 0.125, 0.125, 0.125, 0.125, 0.125, 0.125, 0.09375, 0.125, 0.09375, 0.125, 0.125, 0.125, 0.125]
[TRAIN]: (1517/1600): reward: 50.85684582591057, rates: 50.85684549732808, loss: 1.12392228178453, rho: 0.4000000000000001, transmit_actions: 19, P: [0.875, 0.125, 0.125, 0.125, 0.125, 0.125, 0.125, 0.125, 0.15625, 0.125, 0.125, 0.125, 0.125, 0.125, 0.125, 0.09375, 0.125, 0.125, 0.125, 0.125]
[TRAIN]: (1518/1600): reward: 43.72863981500268, rates: 44.728639624405936, loss: 1.5323972013639824, rho: 0.4000000000000001, transmit_actions: 19, P: [0.875, 0.125, 0.125, 0.125, 0.125, 0.125, 0.125, 0.125, 0.125, 0.125, 0.125, 0.125, 0.125, 0.125, 0.09375, 0.125, 0.125, 0.125, 0.125, 0.125]
[TRAIN]: (1519/1600): reward: 44.78815533965826, rates: 45.788154999751974, loss: 1.5285137960559878, rho: 0.4000000000000001, transmit_actions: 19, P: [0.875, 0.125, 0.125, 0.125, 0.125, 0.15625, 0.125, 0.125, 0.125, 0.125, 0.125, 0.125, 0.125, 0.125, 0.09375, 0.09375, 0.125, 0.125, 0.125, 0.125]
[TRAIN]: (1520/1600): reward: 42.86028302833438, rates: 44.860283034688, loss: 1.4931770345700168, rho: 0.4000000000000001, transmit_actions: 19, P: [0.875, 0.125, 0.21875, 0.125, 0.125, 0.09375, 0.125, 0.125, 0.125, 0.125, 0.125, 0.125, 0.125, 0.125, 0.125, 0.9375, 0.125, 0.125, 0.125, 0.125]
[TRAIN]: (1521/1600): reward: 52.824236772954464, rates: 53.8242366772744, loss: 1.3647382503156469, rho: 0.4000000000000001, transmit_actions: 19, P: [0.875, 0.125, 0.15625, 0.125, 0.125, 0.0625, 0.125, 0.125, 0.125, 0.125, 0.125, 0.125, 0.125, 0.125, 0.125, 0.125, 0.125, 0.125, 0.15625, 0.125]
[TRAIN]: (1522/1600): reward: 51.9524239897728, rates: 51.952423480247084, loss: 1.4911130900404483, rho: 0.4000000000000001, transmit_actions: 19, P: [0.875, 0.125, 0.125, 0.125, 0.125, 0.125, 0.15625, 0.125, 0.125, 0.125, 0.125, 0.125, 0.125, 0.125, 0.125, 0.125, 0.125, 0.125, 0.125, 0.125]
[TRAIN]: (1523/1600): reward: 33.03346661478281, rates: 36.03346664810089, loss: 1.5108862378609298, rho: 0.4000000000000001, transmit_actions: 18, P: [0.875, 0.125, 0.125, 0.125, 0.125, 0.125, 0.125, 0.125, 0.125, 0.4375, 0.125, 0.09375, 0.09375, 0.125, 0.125, 0.15625, 0.125, 0.125, 0.125, 0.125]
[TRAIN]: (1524/1600): reward: 49.93706028535962, rates: 49.93706000289536, loss: 1.6677925568572074, rho: 0.4000000000000001, transmit_actions: 19, P: [0.875, 0.125, 0.125, 0.3125, 0.125, 0.125, 0.125, 0.125, 0.125, 0.0625, 0.125, 0.125, 0.09375, 0.125, 0.125, 0.125, 0.125, 0.125, 0.09375, 0.09375]
[TRAIN]: (1525/1600): reward: 43.33627445995808, rates: 45.33627426622982, loss: 1.29156096390059, rho: 0.4000000000000001, transmit_actions: 18, P: [0.875, 0.875, 0.125, 0.875, 0.125, 0.125, 0.125, 0.125, 0.125, 0.125, 0.15625, 0.09375, 0.125, 0.15625, 0.125, 0.125, 0.125, 0.15625, 0.125, 0.09375]
[TRAIN]: (1526/1600): reward: 37.00264751538634, rates: 42.00264707840253, loss: 1.5821753262537754, rho: 0.4000000000000001, transmit_actions: 18, P: [0.875, 0.125, 0.96875, 0.125, 0.96875, 0.125, 0.125, 0.125, 0.15625, 0.125, 0.125, 0.125, 0.09375, 0.125, 0.125, 0.125, 0.125, 0.125, 0.125, 0.125]
[TRAIN]: (1527/1600): reward: 47.563068291172385, rates: 48.56306845125655, loss: 1.6660268913679421, rho: 0.4000000000000001, transmit_actions: 19, P: [0.875, 0.125, 0.0625, 0.125, 0.125, 0.125, 0.125, 0.125, 0.125, 0.125, 0.15625, 0.125, 0.125, 0.125, 0.125, 0.125, 0.125, 0.125, 0.09375, 0.09375]
[TRAIN]: (1528/1600): reward: 47.71657323092222, rates: 48.716573351777065, loss: 1.5518877208837343, rho: 0.4000000000000001, transmit_actions: 18, P: [0.875, 0.125, 0.625, 0.125, 0.125, 0.125, 0.125, 0.125, 0.125, 0.125, 0.125, 0.09375, 0.125, 0.125, 0.125, 0.125, 0.125, 0.125, 0.125, 0.09375]
[TRAIN]: (1529/1600): reward: 45.693701915442944, rates: 45.69370175175128, loss: 1.401895521703235, rho: 0.4000000000000001, transmit_actions: 19, P: [0.875, 0.09375, 0.125, 0.125, 0.125, 0.125, 0.125, 0.125, 0.125, 0.125, 0.125, 0.125, 0.125, 0.125, 0.125, 0.125, 0.15625, 0.09375, 0.09375, 0.125]
[TRAIN]: (1530/1600): reward: 48.68816199153662, rates: 49.68816233915743, loss: 1.4111959368394535, rho: 0.4000000000000001, transmit_actions: 18, P: [0.875, 0.9375, 0.125, 0.125, 0.125, 0.125, 0.125, 0.125, 0.125, 0.125, 0.125, 0.125, 0.125, 0.125, 0.125, 0.125, 0.03125, 0.125, 0.125, 0.09375]
[TRAIN]: (1531/1600): reward: 49.41577575914562, rates: 49.41577622502306, loss: 1.565035624276212, rho: 0.4000000000000001, transmit_actions: 19, P: [0.875, 0.125, 0.125, 0.125, 0.125, 0.125, 0.125, 0.125, 0.125, 0.125, 0.125, 0.125, 0.125, 0.125, 0.125, 0.125, 0.125, 0.125, 0.125, 0.09375]
[TRAIN]: (1532/1600): reward: 45.33986108377576, rates: 46.33986110707928, loss: 1.662900059022331, rho: 0.4000000000000001, transmit_actions: 19, P: [0.875, 0.125, 0.125, 0.125, 0.125, 0.125, 0.125, 0.125, 0.125, 0.125, 0.125, 0.125, 0.125, 0.125, 0.125, 0.09375, 0.125, 0.125, 0.125, 0.125]
[TRAIN]: (1533/1600): reward: 48.45711301267147, rates: 48.45711267893949, loss: 1.4836353512132163, rho: 0.4000000000000001, transmit_actions: 19, P: [0.875, 0.125, 0.125, 0.125, 0.125, 0.125, 0.125, 0.125, 0.125, 0.125, 0.125, 0.09375, 0.125, 0.125, 0.125, 0.125, 0.09375, 0.125, 0.125, 0.125]
[TRAIN]: (1534/1600): reward: 46.932661436498165, rates: 47.93266125482225, loss: 1.4457358417846229, rho: 0.4000000000000001, transmit_actions: 19, P: [0.875, 0.125, 0.125, 0.15625, 0.125, 0.0625, 0.125, 0.0625, 0.125, 0.15625, 0.125, 0.09375, 0.125, 0.125, 0.125, 0.125, 0.125, 0.125, 0.125, 0.125]
[TRAIN]: (1535/1600): reward: 50.26776277832687, rates: 50.267762410456704, loss: 1.460894938328714, rho: 0.4000000000000001, transmit_actions: 19, P: [0.875, 0.125, 0.15625, 0.125, 0.125, 0.125, 0.125, 0.125, 0.125, 0.125, 0.125, 0.09375, 0.09375, 0.125, 0.09375, 0.09375, 0.09375, 0.09375, 0.09375, 0.125]
[TRAIN]: (1536/1600): reward: 40.892336808145046, rates: 44.89233654331045, loss: 1.380245920444912, rho: 0.4000000000000001, transmit_actions: 18, P: [0.875, 0.6875, 0.125, 0.9375, 0.15625, 0.96875, 0.09375, 0.125, 0.125, 0.125, 0.125, 0.125, 0.15625, 0.125, 0.09375, 0.125, 0.09375, 0.125, 0.09375, 0.125]
[TRAIN]: (1537/1600): reward: 46.90930373966694, rates: 48.90930416992102, loss: 1.341561402171803, rho: 0.4000000000000001, transmit_actions: 19, P: [0.875, 0.125, 0.75, 0.125, 0.125, 0.125, 0.125, 0.125, 0.125, 0.125, 0.125, 0.125, 0.125, 0.125, 0.09375, 0.125, 0.125, 0.125, 0.125, 0.09375]
[TRAIN]: (1538/1600): reward: 49.48569627851248, rates: 49.4856972138314, loss: 1.408910271631652, rho: 0.4000000000000001, transmit_actions: 19, P: [0.875, 0.125, 0.125, 0.125, 0.125, 0.0625, 0.15625, 0.125, 0.125, 0.125, 0.125, 0.125, 0.125, 0.125, 0.125, 0.125, 0.125, 0.125, 0.125, 0.125]
[TRAIN]: (1539/1600): reward: 50.72127617150545, rates: 50.72127645397541, loss: 1.7110527217709646, rho: 0.4000000000000001, transmit_actions: 19, P: [0.875, 0.15625, 0.125, 0.125, 0.125, 0.125, 0.125, 0.125, 0.125, 0.125, 0.125, 0.09375, 0.09375, 0.125, 0.09375, 0.125, 0.09375, 0.125, 0.125, 0.09375]
[TRAIN]: (1540/1600): reward: 45.78184316121042, rates: 46.78184334503052, loss: 1.5415999425516493, rho: 0.4000000000000001, transmit_actions: 19, P: [0.875, 0.125, 0.125, 0.125, 0.125, 0.125, 0.125, 0.125, 0.125, 0.125, 0.125, 0.125, 0.125, 0.125, 0.125, 0.09375, 0.125, 0.125, 0.125, 0.125]
[TRAIN]: (1541/1600): reward: 49.668524550274014, rates: 49.6685247371311, loss: 1.5112059080591342, rho: 0.4000000000000001, transmit_actions: 19, P: [0.875, 0.125, 0.125, 0.125, 0.125, 0.125, 0.125, 0.125, 0.0625, 0.125, 0.125, 0.125, 0.125, 0.09375, 0.09375, 0.125, 0.125, 0.125, 0.125, 0.09375]
[TRAIN]: (1542/1600): reward: 49.93599338084459, rates: 49.93599305915077, loss: 1.3734813512578152, rho: 0.4000000000000001, transmit_actions: 19, P: [0.875, 0.125, 0.125, 0.125, 0.125, 0.125, 0.125, 0.125, 0.125, 0.125, 0.125, 0.125, 0.125, 0.125, 0.125, 0.125, 0.125, 0.125, 0.125, 0.125]
[TRAIN]: (1543/1600): reward: 52.423184514045715, rates: 52.423184129808334, loss: 1.521243832862409, rho: 0.4000000000000001, transmit_actions: 19, P: [0.875, 0.125, 0.125, 0.125, 0.125, 0.125, 0.125, 0.125, 0.125, 0.125, 0.125, 0.125, 0.125, 0.125, 0.125, 0.125, 0.125, 0.125, 0.125, 0.125]
[TRAIN]: (1544/1600): reward: 42.531926207244396, rates: 43.53192593910077, loss: 1.749360492624754, rho: 0.4000000000000001, transmit_actions: 19, P: [0.875, 0.125, 0.125, 0.125, 0.125, 0.125, 0.125, 0.15625, 0.15625, 0.125, 0.125, 0.125, 0.15625, 0.125, 0.125, 0.125, 0.125, 0.125, 0.125, 0.96875]
[TRAIN]: (1545/1600): reward: 47.91391797363758, rates: 47.91391863919206, loss: 1.2589022574397006, rho: 0.4000000000000001, transmit_actions: 19, P: [0.875, 0.125, 0.125, 0.125, 0.125, 0.125, 0.0625, 0.125, 0.125, 0.125, 0.125, 0.09375, 0.125, 0.125, 0.15625, 0.125, 0.09375, 0.125, 0.125, 0.125]
[TRAIN]: (1546/1600): reward: 48.16743056848645, rates: 48.16743172451146, loss: 1.5195520460780747, rho: 0.4000000000000001, transmit_actions: 18, P: [0.875, 0.875, 0.125, 0.125, 0.125, 0.125, 0.125, 0.125, 0.15625, 0.125, 0.125, 0.125, 0.125, 0.125, 0.125, 0.125, 0.09375, 0.125, 0.125, 0.125]
[TRAIN]: (1547/1600): reward: 52.5057839974761, rates: 52.50578404169112, loss: 1.474608798702077, rho: 0.4000000000000001, transmit_actions: 19, P: [0.875, 0.125, 0.125, 0.125, 0.125, 0.125, 0.125, 0.125, 0.125, 0.125, 0.125, 0.09375, 0.125, 0.125, 0.125, 0.125, 0.125, 0.125, 0.125, 0.125]
[TRAIN]: (1548/1600): reward: 52.910508272238076, rates: 52.91050907008008, loss: 1.3425813852754533, rho: 0.4000000000000001, transmit_actions: 19, P: [0.875, 0.0, 0.125, 0.125, 0.125, 0.125, 0.125, 0.125, 0.125, 0.125, 0.15625, 0.125, 0.125, 0.125, 0.125, 0.125, 0.125, 0.125, 0.125, 0.125]
[TRAIN]: (1549/1600): reward: 45.54544100165367, rates: 45.545440966898774, loss: 1.4923008982322288, rho: 0.4000000000000001, transmit_actions: 19, P: [0.875, 0.125, 0.125, 0.125, 0.125, 0.15625, 0.125, 0.15625, 0.125, 0.125, 0.125, 0.125, 0.125, 0.125, 0.125, 0.15625, 0.125, 0.125, 0.125, 0.09375]
[TRAIN]: (1550/1600): reward: 44.28027504682541, rates: 45.28027585634797, loss: 1.3241718791623214, rho: 0.4000000000000001, transmit_actions: 19, P: [0.875, 0.125, 0.125, 0.15625, 0.125, 0.125, 0.125, 0.15625, 0.125, 0.15625, 0.15625, 0.09375, 0.125, 0.15625, 0.125, 0.09375, 0.15625, 0.15625, 0.09375, 0.125]
[TRAIN]: (1551/1600): reward: 49.856271520256996, rates: 49.856271853316464, loss: 1.4743200999950912, rho: 0.4000000000000001, transmit_actions: 19, P: [0.875, 0.125, 0.125, 0.125, 0.125, 0.125, 0.125, 0.15625, 0.125, 0.125, 0.125, 0.125, 0.125, 0.125, 0.125, 0.125, 0.125, 0.125, 0.125, 0.125]
[TRAIN]: (1552/1600): reward: 44.94042460620403, rates: 44.94042509129686, loss: 1.4971574460905182, rho: 0.4000000000000001, transmit_actions: 19, P: [0.875, 0.125, 0.125, 0.125, 0.0625, 0.125, 0.15625, 0.125, 0.125, 0.125, 0.125, 0.125, 0.09375, 0.125, 0.09375, 0.09375, 0.125, 0.125, 0.125, 0.125]
[TRAIN]: (1553/1600): reward: 43.561834283173084, rates: 44.56183424632015, loss: 1.1520585585014511, rho: 0.4000000000000001, transmit_actions: 19, P: [0.875, 0.125, 0.125, 0.125, 0.125, 0.125, 0.125, 0.125, 0.125, 0.125, 0.125, 0.15625, 0.125, 0.125, 0.125, 0.125, 0.125, 0.125, 0.125, 0.125]
[TRAIN]: (1554/1600): reward: 43.71343713440001, rates: 44.713436493934516, loss: 1.4102211064516375, rho: 0.4000000000000001, transmit_actions: 19, P: [0.875, 0.125, 0.125, 0.15625, 0.125, 0.125, 0.125, 0.15625, 0.125, 0.0625, 0.15625, 0.125, 0.125, 0.125, 0.125, 0.125, 0.125, 0.125, 0.15625, 0.125]
[TRAIN]: (1555/1600): reward: 49.817694153636694, rates: 49.817693781720635, loss: 1.5830618436490256, rho: 0.4000000000000001, transmit_actions: 19, P: [0.875, 0.125, 0.125, 0.0625, 0.125, 0.15625, 0.125, 0.125, 0.125, 0.125, 0.15625, 0.125, 0.125, 0.125, 0.125, 0.125, 0.15625, 0.125, 0.125, 0.125]
[TRAIN]: (1556/1600): reward: 46.27470438927412, rates: 47.27470436319079, loss: 1.631666850649753, rho: 0.4000000000000001, transmit_actions: 19, P: [0.875, 0.15625, 0.125, 0.125, 0.125, 0.125, 0.125, 0.125, 0.125, 0.125, 0.125, 0.0625, 0.125, 0.125, 0.125, 0.125, 0.125, 0.125, 0.125, 0.125]
[TRAIN]: (1557/1600): reward: 48.11641230620444, rates: 48.116412171040196, loss: 1.588066963521354, rho: 0.4000000000000001, transmit_actions: 19, P: [0.875, 0.15625, 0.15625, 0.125, 0.125, 0.15625, 0.125, 0.0625, 0.125, 0.0625, 0.125, 0.125, 0.125, 0.125, 0.09375, 0.09375, 0.09375, 0.125, 0.09375, 0.125]
[TRAIN]: (1558/1600): reward: 48.8560424153693, rates: 48.85604211627282, loss: 1.6715737212796928, rho: 0.4000000000000001, transmit_actions: 18, P: [0.875, 0.875, 0.125, 0.125, 0.125, 0.15625, 0.125, 0.125, 0.125, 0.125, 0.125, 0.125, 0.125, 0.125, 0.125, 0.125, 0.09375, 0.125, 0.125, 0.125]
[TRAIN]: (1559/1600): reward: 47.482839298434556, rates: 48.482839980287515, loss: 1.409584567452348, rho: 0.4000000000000001, transmit_actions: 19, P: [0.875, 0.125, 0.125, 0.125, 0.125, 0.125, 0.0625, 0.0625, 0.15625, 0.125, 0.15625, 0.125, 0.125, 0.125, 0.125, 0.09375, 0.125, 0.125, 0.125, 0.125]
[TRAIN]: (1560/1600): reward: 41.95137199014425, rates: 42.95137235992367, loss: 1.374377272537788, rho: 0.4000000000000001, transmit_actions: 19, P: [0.875, 0.125, 0.125, 0.125, 0.125, 0.125, 0.125, 0.15625, 0.125, 0.125, 0.125, 0.125, 0.125, 0.15625, 0.09375, 0.125, 0.09375, 0.125, 0.125, 0.125]
[TRAIN]: (1561/1600): reward: 51.97594128549099, rates: 51.97594166368992, loss: 1.496753255825402, rho: 0.4000000000000001, transmit_actions: 19, P: [0.875, 0.125, 0.125, 0.0625, 0.125, 0.125, 0.0625, 0.125, 0.125, 0.125, 0.125, 0.125, 0.125, 0.125, 0.125, 0.125, 0.125, 0.09375, 0.09375, 0.125]
[TRAIN]: (1562/1600): reward: 49.656138107180595, rates: 49.6561379705867, loss: 1.4106615884717042, rho: 0.4000000000000001, transmit_actions: 19, P: [0.875, 0.125, 0.125, 0.125, 0.125, 0.125, 0.125, 0.125, 0.125, 0.125, 0.125, 0.09375, 0.125, 0.125, 0.125, 0.15625, 0.125, 0.125, 0.15625, 0.125]
[TRAIN]: (1563/1600): reward: 45.97558213956654, rates: 46.97558162374345, loss: 1.6075949162903878, rho: 0.4000000000000001, transmit_actions: 19, P: [0.875, 0.125, 0.15625, 0.15625, 0.125, 0.125, 0.15625, 0.125, 0.125, 0.125, 0.125, 0.125, 0.09375, 0.125, 0.125, 0.0625, 0.125, 0.125, 0.09375, 0.125]
[TRAIN]: (1564/1600): reward: 47.25874067470431, rates: 48.258740613784326, loss: 1.3099752802833797, rho: 0.4000000000000001, transmit_actions: 18, P: [0.875, 0.875, 0.125, 0.125, 0.125, 0.125, 0.125, 0.125, 0.125, 0.125, 0.125, 0.125, 0.125, 0.125, 0.09375, 0.09375, 0.125, 0.09375, 0.125, 0.125]
[TRAIN]: (1565/1600): reward: 49.76598359644413, rates: 49.76598257470046, loss: 1.4918476777559728, rho: 0.4000000000000001, transmit_actions: 19, P: [0.875, 0.15625, 0.3125, 0.125, 0.15625, 0.125, 0.125, 0.125, 0.125, 0.125, 0.125, 0.125, 0.125, 0.09375, 0.09375, 0.125, 0.125, 0.125, 0.125, 0.125]
[TRAIN]: (1566/1600): reward: 46.03427260927856, rates: 47.034272199655746, loss: 1.6348468906567377, rho: 0.4000000000000001, transmit_actions: 19, P: [0.875, 0.125, 0.125, 0.125, 0.15625, 0.125, 0.125, 0.125, 0.125, 0.125, 0.125, 0.09375, 0.125, 0.15625, 0.125, 0.125, 0.1875, 0.125, 0.125, 0.09375]
[TRAIN]: (1567/1600): reward: 48.99861728027463, rates: 48.998617388478685, loss: 1.604389216708583, rho: 0.4000000000000001, transmit_actions: 19, P: [0.875, 0.125, 0.125, 0.125, 0.125, 0.125, 0.0625, 0.125, 0.125, 0.125, 0.125, 0.125, 0.09375, 0.125, 0.125, 0.125, 0.0625, 0.125, 0.125, 0.125]
[TRAIN]: (1568/1600): reward: 49.60608856379986, rates: 49.60608907068565, loss: 1.4898668154270573, rho: 0.4000000000000001, transmit_actions: 18, P: [0.875, 0.90625, 0.125, 0.125, 0.125, 0.125, 0.125, 0.125, 0.125, 0.125, 0.125, 0.125, 0.09375, 0.125, 0.125, 0.125, 0.125, 0.125, 0.09375, 0.125]
[TRAIN]: (1569/1600): reward: 42.22078041732311, rates: 44.22078049556932, loss: 1.4998345095715258, rho: 0.4000000000000001, transmit_actions: 18, P: [0.875, 0.15625, 0.125, 0.5, 0.125, 0.125, 0.125, 0.125, 0.125, 0.125, 0.125, 0.125, 0.125, 0.125, 0.125, 0.125, 0.125, 0.125, 0.125, 0.09375]
[TRAIN]: (1570/1600): reward: 39.783206544816494, rates: 41.78320556888506, loss: 1.2095342309452504, rho: 0.4000000000000001, transmit_actions: 19, P: [0.875, 0.125, 0.125, 0.125, 0.125, 0.15625, 0.125, 0.125, 0.125, 0.125, 0.0625, 0.125, 0.09375, 0.125, 0.125, 0.125, 0.125, 0.125, 0.125, 0.125]
[TRAIN]: (1571/1600): reward: 51.97694814950228, rates: 51.97694760481178, loss: 1.5624971404007424, rho: 0.4000000000000001, transmit_actions: 19, P: [0.875, 0.125, 0.0625, 0.125, 0.125, 0.125, 0.125, 0.125, 0.125, 0.125, 0.125, 0.125, 0.125, 0.09375, 0.125, 0.125, 0.125, 0.09375, 0.125, 0.125]
[TRAIN]: (1572/1600): reward: 49.86485669016838, rates: 51.86485672597726, loss: 1.6998725730172268, rho: 0.4000000000000001, transmit_actions: 19, P: [0.875, 0.15625, 0.125, 0.125, 0.15625, 0.15625, 0.15625, 0.125, 0.125, 0.125, 0.125, 0.125, 0.125, 0.125, 0.125, 0.125, 0.09375, 0.125, 0.09375, 0.125]
[TRAIN]: (1573/1600): reward: 42.91148226708174, rates: 43.911482250469675, loss: 1.5321208824363233, rho: 0.4000000000000001, transmit_actions: 19, P: [0.875, 0.125, 0.125, 0.125, 0.15625, 0.125, 0.15625, 0.125, 0.125, 0.125, 0.15625, 0.15625, 0.09375, 0.09375, 0.09375, 0.09375, 0.125, 0.09375, 0.125, 0.125]
[TRAIN]: (1574/1600): reward: 48.366179164499044, rates: 49.366179694050004, loss: 1.4551231395700412, rho: 0.4000000000000001, transmit_actions: 19, P: [0.875, 0.125, 0.125, 0.125, 0.125, 0.15625, 0.15625, 0.125, 0.125, 0.125, 0.125, 0.125, 0.09375, 0.125, 0.125, 0.125, 0.09375, 0.125, 0.125, 0.125]
[TRAIN]: (1575/1600): reward: 48.37021967768669, rates: 48.370219381058256, loss: 1.4808339876453689, rho: 0.4000000000000001, transmit_actions: 18, P: [0.875, 0.53125, 0.15625, 0.125, 0.125, 0.125, 0.125, 0.125, 0.125, 0.125, 0.125, 0.125, 0.125, 0.09375, 0.125, 0.125, 0.125, 0.125, 0.125, 0.125]
[TRAIN]: (1576/1600): reward: 50.26399830728769, rates: 50.263998232253726, loss: 1.3563348460594247, rho: 0.4000000000000001, transmit_actions: 19, P: [0.875, 0.125, 0.125, 0.125, 0.125, 0.125, 0.125, 0.125, 0.125, 0.0625, 0.125, 0.125, 0.125, 0.125, 0.09375, 0.125, 0.125, 0.125, 0.125, 0.125]
[TRAIN]: (1577/1600): reward: 48.19983033835888, rates: 48.19983021120585, loss: 1.3658434683944636, rho: 0.4000000000000001, transmit_actions: 19, P: [0.875, 0.125, 0.125, 0.125, 0.125, 0.125, 0.125, 0.0625, 0.125, 0.125, 0.15625, 0.125, 0.125, 0.125, 0.125, 0.125, 0.09375, 0.125, 0.09375, 0.125]
[TRAIN]: (1578/1600): reward: 49.66962227225304, rates: 49.669621394118415, loss: 1.4677820202564233, rho: 0.4000000000000001, transmit_actions: 19, P: [0.875, 0.125, 0.125, 0.125, 0.125, 0.125, 0.15625, 0.125, 0.125, 0.125, 0.125, 0.125, 0.125, 0.125, 0.125, 0.125, 0.15625, 0.125, 0.125, 0.125]
[TRAIN]: (1579/1600): reward: 40.762293331325054, rates: 41.762292839223576, loss: 1.3154525880130725, rho: 0.4000000000000001, transmit_actions: 19, P: [0.875, 0.125, 0.125, 0.125, 0.125, 0.125, 0.125, 0.125, 0.125, 0.125, 0.125, 0.125, 0.125, 0.125, 0.125, 0.125, 0.125, 0.125, 0.125, 0.125]
[TRAIN]: (1580/1600): reward: 44.190975312143564, rates: 45.190975040050006, loss: 1.5749059980876434, rho: 0.4000000000000001, transmit_actions: 19, P: [0.875, 0.375, 0.125, 0.125, 0.125, 0.125, 0.125, 0.125, 0.125, 0.125, 0.125, 0.125, 0.125, 0.09375, 0.125, 0.125, 0.125, 0.15625, 0.09375, 0.125]
[TRAIN]: (1581/1600): reward: 44.30443489179015, rates: 45.304434856434575, loss: 1.375739284111811, rho: 0.4000000000000001, transmit_actions: 18, P: [0.875, 0.9375, 0.125, 0.125, 0.125, 0.125, 0.125, 0.15625, 0.15625, 0.15625, 0.125, 0.125, 0.15625, 0.125, 0.125, 0.125, 0.125, 0.125, 0.125, 0.125]
[TRAIN]: (1582/1600): reward: 48.4697590097785, rates: 48.469759314699324, loss: 1.4596860091777022, rho: 0.4000000000000001, transmit_actions: 19, P: [0.875, 0.15625, 0.125, 0.125, 0.15625, 0.125, 0.15625, 0.125, 0.125, 0.125, 0.125, 0.125, 0.125, 0.125, 0.125, 0.125, 0.125, 0.125, 0.125, 0.125]
[TRAIN]: (1583/1600): reward: 37.3724828325212, rates: 41.372482426954335, loss: 1.4787886030849688, rho: 0.4000000000000001, transmit_actions: 18, P: [0.875, 0.125, 0.125, 0.125, 0.125, 0.125, 0.15625, 0.15625, 0.125, 0.65625, 0.125, 0.125, 0.125, 0.125, 0.125, 0.125, 0.125, 0.3125, 0.125, 0.125]
[TRAIN]: (1584/1600): reward: 45.77321073412895, rates: 45.77321036496882, loss: 1.466215608080466, rho: 0.4000000000000001, transmit_actions: 18, P: [0.875, 0.875, 0.15625, 0.15625, 0.125, 0.125, 0.0625, 0.125, 0.125, 0.125, 0.125, 0.125, 0.125, 0.125, 0.125, 0.125, 0.125, 0.125, 0.125, 0.125]
[TRAIN]: (1585/1600): reward: 44.91220599412918, rates: 46.912206036669026, loss: 1.3759675502358126, rho: 0.4000000000000001, transmit_actions: 19, P: [0.875, 0.125, 0.125, 0.125, 0.125, 0.125, 0.125, 0.5625, 0.125, 0.15625, 0.125, 0.09375, 0.125, 0.125, 0.125, 0.125, 0.125, 0.125, 0.125, 0.125]
[TRAIN]: (1586/1600): reward: 50.07781257480383, rates: 51.0778128433932, loss: 1.5015020043482656, rho: 0.4000000000000001, transmit_actions: 19, P: [0.875, 0.125, 0.15625, 0.125, 0.125, 0.125, 0.125, 0.125, 0.15625, 0.125, 0.15625, 0.125, 0.125, 0.125, 0.125, 0.125, 0.125, 0.125, 0.125, 0.125]
[TRAIN]: (1587/1600): reward: 50.52028578519821, rates: 51.52028616575872, loss: 1.3405152798757922, rho: 0.4000000000000001, transmit_actions: 18, P: [0.875, 0.875, 0.15625, 0.125, 0.125, 0.125, 0.15625, 0.15625, 0.125, 0.125, 0.125, 0.125, 0.125, 0.125, 0.125, 0.125, 0.125, 0.125, 0.125, 0.125]
[TRAIN]: (1588/1600): reward: 49.00104380398989, rates: 49.001044307545314, loss: 1.3606909189436167, rho: 0.4000000000000001, transmit_actions: 19, P: [0.875, 0.125, 0.125, 0.125, 0.125, 0.125, 0.125, 0.15625, 0.125, 0.125, 0.125, 0.125, 0.125, 0.125, 0.125, 0.125, 0.125, 0.125, 0.125, 0.125]
[TRAIN]: (1589/1600): reward: 40.060962714254856, rates: 42.06096234760845, loss: 1.6842040854701523, rho: 0.4000000000000001, transmit_actions: 19, P: [0.875, 0.125, 0.125, 0.125, 0.125, 0.125, 0.125, 0.125, 0.125, 0.15625, 0.125, 0.125, 0.125, 0.125, 0.125, 0.125, 0.125, 0.125, 0.9375, 0.125]
[TRAIN]: (1590/1600): reward: 54.29473715275526, rates: 54.29473673801712, loss: 1.4622053342617511, rho: 0.4000000000000001, transmit_actions: 19, P: [0.875, 0.125, 0.125, 0.125, 0.125, 0.125, 0.125, 0.125, 0.125, 0.125, 0.125, 0.125, 0.125, 0.125, 0.125, 0.09375, 0.125, 0.125, 0.09375, 0.125]
[TRAIN]: (1591/1600): reward: 43.874810084700584, rates: 44.87480984196709, loss: 1.2985625361139694, rho: 0.4000000000000001, transmit_actions: 19, P: [0.875, 0.125, 0.125, 0.125, 0.125, 0.125, 0.125, 0.125, 0.125, 0.125, 0.125, 0.09375, 0.125, 0.125, 0.125, 0.125, 0.125, 0.125, 0.125, 0.125]
[TRAIN]: (1592/1600): reward: 50.22362030297518, rates: 51.223620135526694, loss: 1.5337877667827826, rho: 0.4000000000000001, transmit_actions: 19, P: [0.875, 0.125, 0.15625, 0.125, 0.125, 0.15625, 0.125, 0.125, 0.125, 0.125, 0.125, 0.125, 0.125, 0.125, 0.125, 0.15625, 0.125, 0.125, 0.125, 0.125]
[TRAIN]: (1593/1600): reward: 54.74811612814665, rates: 54.7481157680278, loss: 1.570165695706803, rho: 0.4000000000000001, transmit_actions: 19, P: [0.875, 0.125, 0.125, 0.125, 0.125, 0.125, 0.125, 0.125, 0.125, 0.125, 0.125, 0.125, 0.1875, 0.125, 0.125, 0.09375, 0.125, 0.09375, 0.09375, 0.09375]
[TRAIN]: (1594/1600): reward: 46.728527419269085, rates: 47.728527552029526, loss: 1.23046745294091, rho: 0.4000000000000001, transmit_actions: 19, P: [0.875, 0.125, 0.125, 0.125, 0.125, 0.125, 0.125, 0.15625, 0.125, 0.125, 0.125, 0.125, 0.125, 0.09375, 0.125, 0.15625, 0.125, 0.125, 0.125, 0.125]
[TRAIN]: (1595/1600): reward: 40.74434036016464, rates: 41.74434016662081, loss: 1.454783743022473, rho: 0.4000000000000001, transmit_actions: 19, P: [0.875, 0.125, 0.125, 0.15625, 0.125, 0.125, 0.125, 0.125, 0.125, 0.15625, 0.125, 0.125, 0.15625, 0.125, 0.125, 0.125, 0.125, 0.15625, 0.09375, 0.125]
[TRAIN]: (1596/1600): reward: 47.77238895744085, rates: 47.772389295516355, loss: 1.5761678515219546, rho: 0.4000000000000001, transmit_actions: 18, P: [0.875, 0.875, 0.125, 0.125, 0.125, 0.125, 0.125, 0.125, 0.125, 0.125, 0.125, 0.125, 0.125, 0.125, 0.125, 0.125, 0.125, 0.125, 0.125, 0.125]
[TRAIN]: (1597/1600): reward: 42.40166849642992, rates: 43.401668416455486, loss: 1.616236124835439, rho: 0.4000000000000001, transmit_actions: 19, P: [0.875, 0.125, 0.15625, 0.125, 0.125, 0.125, 0.125, 0.125, 0.125, 0.125, 0.125, 0.125, 0.125, 0.125, 0.125, 0.125, 0.125, 0.125, 0.09375, 0.125]
[TRAIN]: (1598/1600): reward: 47.256200172007084, rates: 47.25619990272728, loss: 1.668164810147794, rho: 0.4000000000000001, transmit_actions: 19, P: [0.875, 0.125, 0.15625, 0.15625, 0.125, 0.125, 0.125, 0.15625, 0.125, 0.125, 0.125, 0.09375, 0.125, 0.125, 0.125, 0.125, 0.125, 0.125, 0.125, 0.125]
[TRAIN]: (1599/1600): reward: 51.554741874337196, rates: 51.55474126791233, loss: 1.5021580286249134, rho: 0.4000000000000001, transmit_actions: 19, P: [0.875, 0.125, 0.125, 0.125, 0.125, 0.15625, 0.125, 0.125, 0.125, 0.125, 0.125, 0.125, 0.15625, 0.125, 0.125, 0.125, 0.125, 0.125, 0.125, 0.09375]
[TRAIN]: (1600/1600): reward: 46.18283649533987, rates: 49.18283701604403, loss: 1.4635602539533012, rho: 0.4000000000000001, transmit_actions: 19, P: [0.875, 0.125, 0.125, 0.125, 0.15625, 0.125, 0.15625, 0.125, 0.125, 0.125, 0.125, 0.09375, 0.125, 0.125, 0.125, 0.09375, 0.125, 0.09375, 0.09375, 0.125]
[TRAIN_FINISHED]: Transmit Action: 25895/0
