[ENV]: Started init Environment
[ENV]: ACTIONS_SPACE: 66, [(0.0, 0.09375, 0.4), (0.0, 0.6875, 0.4), (1.0, 0.09375, 0.4), (1.0, 0.59375, 0.4), (0.0, 0.46875, 0.4), (0.0, 0.5625, 0.4), (0.0, 0.28125, 0.4), (1.0, 0.6875, 0.4), (0.0, 0.375, 0.4), (0.0, 0.1875, 0.4), (1.0, 0.0625, 0.4), (1.0, 0.5, 0.4), (0.0, 0.4375, 0.4), (1.0, 0.0, 0.4), (0.0, 0.25, 0.4), (1.0, 0.96875, 0.4), (0.0, 0.8125, 0.4), (1.0, 0.25, 0.4), (0.0, 0.125, 0.4), (0.0, 0.65625, 0.4), (1.0, 0.8125, 0.4), (1.0, 0.34375, 0.4), (0.0, 0.0, 0.4), (1.0, 0.1875, 0.4), (1.0, 1.0, 0.4), (0.0, 0.96875, 0.4), (1.0, 0.78125, 0.4), (0.0, 0.15625, 0.4), (1.0, 0.71875, 0.4), (0.0, 0.9375, 0.4), (1.0, 0.375, 0.4), (1.0, 0.40625, 0.4), (0.0, 0.75, 0.4), (0.0, 0.625, 0.4), (0.0, 0.90625, 0.4), (1.0, 0.75, 0.4), (0.0, 0.03125, 0.4), (1.0, 0.53125, 0.4), (0.0, 0.53125, 0.4), (1.0, 0.46875, 0.4), (0.0, 0.875, 0.4), (1.0, 0.03125, 0.4), (1.0, 0.90625, 0.4), (0.0, 1.0, 0.4), (0.0, 0.78125, 0.4), (1.0, 0.21875, 0.4), (0.0, 0.84375, 0.4), (1.0, 0.84375, 0.4), (1.0, 0.3125, 0.4), (1.0, 0.125, 0.4), (0.0, 0.0625, 0.4), (1.0, 0.875, 0.4), (0.0, 0.40625, 0.4), (1.0, 0.15625, 0.4), (0.0, 0.5, 0.4), (0.0, 0.59375, 0.4), (1.0, 0.65625, 0.4), (1.0, 0.28125, 0.4), (1.0, 0.5625, 0.4), (1.0, 0.4375, 0.4), (1.0, 0.9375, 0.4), (1.0, 0.625, 0.4), (0.0, 0.71875, 0.4), (0.0, 0.3125, 0.4), (0.0, 0.34375, 0.4), (0.0, 0.21875, 0.4)]
[ENV]: Finished init Environment
[TRAIN]: actions: 66, observations: 11
[TRAIN]: CUDA: True
[TRAIN]: (1/1600): reward: -8.717289388179779, rates: 0.2827106194849325, loss: 0, rho: 0.4000000000000001
[TRAIN]: (2/1600): reward: -9.610361576080322, rates: 5.389638531128261, loss: 0, rho: 0.4000000000000001
[TRAIN]: (3/1600): reward: -3.1466126441955566, rates: 5.853387578008257, loss: 0, rho: 0.4000000000000001
[TRAIN]: (4/1600): reward: -1.0237278118729591, rates: 8.976272216859751, loss: 1.544148697572596, rho: 0.4000000000000001
[TRAIN]: (5/1600): reward: 1.8271222114562988, rates: 9.827122378272017, loss: 1.7640798568725586, rho: 0.4000000000000001
[TRAIN]: (6/1600): reward: 7.688687205314636, rates: 16.68868710506295, loss: 2.09217309653759, rho: 0.4000000000000001
[TRAIN]: (7/1600): reward: -5.355181895196438, rates: 1.6448181069437253, loss: 2.0725524932146073, rho: 0.4000000000000001
[TRAIN]: (8/1600): reward: -13.0, rates: 0, loss: 1.6075764447450638, rho: 0.4000000000000001
[TRAIN]: (9/1600): reward: 1.5225377082824707, rates: 8.522537829823781, loss: 1.6404201686382294, rho: 0.4000000000000001
[TRAIN]: (10/1600): reward: -3.8553967028856277, rates: 5.1446030725197565, loss: 1.5064355567097665, rho: 0.4000000000000001
[TRAIN]: (11/1600): reward: -10.891890101134777, rates: 0.10810990158224723, loss: 1.4507729917764665, rho: 0.4000000000000001
[TRAIN]: (12/1600): reward: -7.600187301635742, rates: 6.399812637479416, loss: 1.4250030010938644, rho: 0.4000000000000001
[TRAIN]: (13/1600): reward: -8.849712580442429, rates: 0.15028742179506135, loss: 1.2935628570616244, rho: 0.4000000000000001
[TRAIN]: (14/1600): reward: 1.7135076522827148, rates: 10.713507407384952, loss: 1.0016068443655968, rho: 0.4000000000000001
[TRAIN]: (15/1600): reward: -10.0, rates: 0, loss: 1.074150601029396, rho: 0.4000000000000001
[TRAIN]: (16/1600): reward: -4.968802839517593, rates: 4.031197187784784, loss: 1.0459654361009598, rho: 0.4000000000000001
[TRAIN]: (17/1600): reward: -10.165207862854004, rates: 2.8347921497520425, loss: 0.9659356378018856, rho: 0.4000000000000001
[TRAIN]: (18/1600): reward: -9.869374081492424, rates: 0.1306259175088997, loss: 1.0306781485676766, rho: 0.4000000000000001
[TRAIN]: (19/1600): reward: 1.3905720710754395, rates: 11.39057200790624, loss: 0.8874040849506855, rho: 0.4000000000000001
[TRAIN]: (20/1600): reward: -10.94529901817441, rates: 0.054700982637729254, loss: 0.8567356795072556, rho: 0.4000000000000001
[TRAIN]: (21/1600): reward: -10.930590972304344, rates: 0.06940902820628446, loss: 0.9344362780451775, rho: 0.4000000000000001
[TRAIN]: (22/1600): reward: -9.857281118631363, rates: 0.1427188762759619, loss: 0.9012752220034599, rho: 0.4000000000000001
[TRAIN]: (23/1600): reward: -9.476172685623169, rates: 3.523827213345142, loss: 0.820609213411808, rho: 0.4000000000000001
[TRAIN]: (24/1600): reward: -3.731665790081024, rates: 6.268334105436657, loss: 0.8109073743224144, rho: 0.4000000000000001
[TRAIN]: (25/1600): reward: -15.0, rates: 0, loss: 0.7793224029242992, rho: 0.4000000000000001
[TRAIN]: (26/1600): reward: -1.4932569488883018, rates: 9.50674314010354, loss: 0.7400153465569019, rho: 0.4000000000000001
[TRAIN]: (27/1600): reward: -7.517505377531052, rates: 0.48249462103514296, loss: 0.8612369023263454, rho: 0.4000000000000001
[TRAIN]: (28/1600): reward: -9.0, rates: 0.0, loss: 1.0659333989024162, rho: 0.4000000000000001
[TRAIN]: (29/1600): reward: -13.0, rates: 0, loss: 1.0112303867936134, rho: 0.4000000000000001
[TRAIN]: (30/1600): reward: 10.640913486480713, rates: 19.640913124866298, loss: 0.8545312441885471, rho: 0.4000000000000001
[TRAIN]: (31/1600): reward: -4.712804306298494, rates: 5.287195818441035, loss: 0.8536568343639374, rho: 0.4000000000000001
[TRAIN]: (32/1600): reward: -13.0, rates: 0, loss: 0.9129681803286076, rho: 0.4000000000000001
[TRAIN]: (33/1600): reward: 11.422216165810823, rates: 18.42221577341164, loss: 0.946523904800415, rho: 0.4000000000000001
[TRAIN]: (34/1600): reward: 5.037928111851215, rates: 13.037928098707418, loss: 1.2475952342152596, rho: 0.4000000000000001
[TRAIN]: (35/1600): reward: -10.615718424320221, rates: 0.3842815706443244, loss: 1.3086109146475793, rho: 0.4000000000000001
[TRAIN]: (36/1600): reward: -7.502409934997559, rates: 5.497590216226335, loss: 1.1071060925722123, rho: 0.4000000000000001
[TRAIN]: (37/1600): reward: -3.8691707849502563, rates: 7.1308291549695975, loss: 0.9707147449254989, rho: 0.4000000000000001
[TRAIN]: (38/1600): reward: -5.144122123718262, rates: 5.8558778391064035, loss: 1.1276534132659435, rho: 0.4000000000000001
[TRAIN]: (39/1600): reward: 6.375599700957537, rates: 11.375599544053369, loss: 1.1981728360056878, rho: 0.4000000000000001
[TRAIN]: (40/1600): reward: -10.0, rates: 0.0, loss: 1.2321001067757607, rho: 0.4000000000000001
[TRAIN]: (41/1600): reward: 2.0612707138061523, rates: 12.061270980099092, loss: 1.1959668040275573, rho: 0.4000000000000001
[TRAIN]: (42/1600): reward: -5.742798432707787, rates: 5.257201440863009, loss: 1.0594936728477478, rho: 0.4000000000000001
[TRAIN]: (43/1600): reward: -10.0, rates: 0, loss: 1.2147864371538162, rho: 0.4000000000000001
[TRAIN]: (44/1600): reward: -5.535269260406494, rates: 5.464730947417455, loss: 1.0202635794878006, rho: 0.4000000000000001
[TRAIN]: (45/1600): reward: -10.766943335533142, rates: 0.23305666921117035, loss: 1.207325215637684, rho: 0.4000000000000001
[TRAIN]: (46/1600): reward: -9.271571636199951, rates: 5.728428293520095, loss: 1.2178790539503097, rho: 0.4000000000000001
[TRAIN]: (47/1600): reward: -5.942001819610596, rates: 5.05799802392024, loss: 1.1806213498115539, rho: 0.4000000000000001
[TRAIN]: (48/1600): reward: 4.732230842113495, rates: 12.73223067647399, loss: 1.1148375928401948, rho: 0.4000000000000001
[TRAIN]: (49/1600): reward: -12.945326633751392, rates: 0.0546733646608324, loss: 1.2378679499030114, rho: 0.4000000000000001
[TRAIN]: (50/1600): reward: -14.801794975996017, rates: 0.19820501755740763, loss: 1.062765946239233, rho: 0.4000000000000001
[TRAIN]: (51/1600): reward: 0.25006216019392014, rates: 10.250061994656892, loss: 1.1604975134134292, rho: 0.4000000000000001
[TRAIN]: (52/1600): reward: -8.404914379119873, rates: 5.595085818659856, loss: 0.9734669014811516, rho: 0.4000000000000001
[TRAIN]: (53/1600): reward: -10.0, rates: 0, loss: 1.3093536719679832, rho: 0.4000000000000001
[TRAIN]: (54/1600): reward: -9.0, rates: 0, loss: 1.230118814110756, rho: 0.4000000000000001
[TRAIN]: (55/1600): reward: 8.621177673339844, rates: 15.621177521295312, loss: 1.0518243834376335, rho: 0.4000000000000001
[TRAIN]: (56/1600): reward: -9.701155371963978, rates: 0.2988446204043287, loss: 1.0670412302017211, rho: 0.4000000000000001
[TRAIN]: (57/1600): reward: -9.660488337278366, rates: 0.33951166105388575, loss: 1.1178199619054794, rho: 0.4000000000000001
[TRAIN]: (58/1600): reward: -9.457718178629875, rates: 0.5422818164278362, loss: 1.1716528087854385, rho: 0.4000000000000001
[TRAIN]: (59/1600): reward: -4.264907196164131, rates: 5.73509272897279, loss: 0.9475019976496697, rho: 0.4000000000000001
[TRAIN]: (60/1600): reward: -8.277115106582642, rates: 3.722884798529156, loss: 0.9383249536156655, rho: 0.4000000000000001
[TRAIN]: (61/1600): reward: -11.0, rates: 0.0, loss: 1.0656321495771408, rho: 0.4000000000000001
[TRAIN]: (62/1600): reward: -9.437773145735264, rates: 3.562226818148163, loss: 1.1268984325230123, rho: 0.4000000000000001
[TRAIN]: (63/1600): reward: -12.0, rates: 0, loss: 1.168060153722763, rho: 0.4000000000000001
[TRAIN]: (64/1600): reward: -11.0, rates: 0, loss: 0.8695051595568657, rho: 0.4000000000000001
[TRAIN]: (65/1600): reward: -8.634191989898682, rates: 4.365807979027719, loss: 1.2184717491269113, rho: 0.4000000000000001
[TRAIN]: (66/1600): reward: -10.0, rates: 0, loss: 0.9080697029829026, rho: 0.4000000000000001
[TRAIN]: (67/1600): reward: 4.16688446700573, rates: 15.166883979945446, loss: 0.948135070502758, rho: 0.4000000000000001
[TRAIN]: (68/1600): reward: -8.109868049621582, rates: 4.890131785681304, loss: 1.0723879754543304, rho: 0.4000000000000001
[TRAIN]: (69/1600): reward: -5.120278522372246, rates: 3.8797215256324487, loss: 1.039961015433073, rho: 0.4000000000000001
[TRAIN]: (70/1600): reward: -5.211325168609619, rates: 4.788674870995782, loss: 1.0121574975550174, rho: 0.4000000000000001
[TRAIN]: (71/1600): reward: -7.383799076080322, rates: 3.6162008864592066, loss: 0.9862528711557388, rho: 0.4000000000000001
[TRAIN]: (72/1600): reward: 2.212776716798544, rates: 10.212776867114012, loss: 0.9302412033081054, rho: 0.4000000000000001
[TRAIN]: (73/1600): reward: 5.897929430007935, rates: 12.897929450370665, loss: 0.9821874827146531, rho: 0.4000000000000001
[TRAIN]: (74/1600): reward: -8.635895401239395, rates: 0.36410461301905805, loss: 0.933957502245903, rho: 0.4000000000000001
[TRAIN]: (75/1600): reward: -14.0, rates: 0, loss: 0.8676454097032547, rho: 0.4000000000000001
[TRAIN]: (76/1600): reward: -5.800112247467041, rates: 4.199887705636057, loss: 0.8126347780227661, rho: 0.4000000000000001
[TRAIN]: (77/1600): reward: -2.203697681427002, rates: 9.796302562700598, loss: 1.1291749030351639, rho: 0.4000000000000001
[TRAIN]: (78/1600): reward: -4.469799965620041, rates: 4.530199786867666, loss: 1.0363122016191482, rho: 0.4000000000000001
[TRAIN]: (79/1600): reward: -14.0, rates: 0, loss: 0.9592450290918351, rho: 0.4000000000000001
[TRAIN]: (80/1600): reward: -11.796224772930145, rates: 0.20377522340766954, loss: 0.8477177739143371, rho: 0.4000000000000001
[TRAIN]: (81/1600): reward: -0.33549103140830994, rates: 8.664508637576178, loss: 1.121161949634552, rho: 0.4000000000000001
[TRAIN]: (82/1600): reward: -10.361467003822327, rates: 0.6385329966166032, loss: 0.9628874823451042, rho: 0.4000000000000001
[TRAIN]: (83/1600): reward: -9.645312368869781, rates: 0.3546876308784907, loss: 0.921994948387146, rho: 0.4000000000000001
[TRAIN]: (84/1600): reward: -4.568185806274414, rates: 5.431814080118398, loss: 0.9731244415044784, rho: 0.4000000000000001
[TRAIN]: (85/1600): reward: -10.931333482265472, rates: 0.0686665145990858, loss: 0.7604663498699665, rho: 0.4000000000000001
[TRAIN]: (86/1600): reward: -6.954325586557388, rates: 5.045674304761988, loss: 1.1658508747816085, rho: 0.4000000000000001
[TRAIN]: (87/1600): reward: -11.0, rates: 0.0, loss: 0.9591945141553879, rho: 0.4000000000000001
[TRAIN]: (88/1600): reward: 0.30834484100341797, rates: 11.308344648327914, loss: 0.9163234546780586, rho: 0.4000000000000001
[TRAIN]: (89/1600): reward: -11.918401837348938, rates: 0.08159816482791013, loss: 1.0970919340848924, rho: 0.4000000000000001
[TRAIN]: (90/1600): reward: -13.0, rates: 0.0, loss: 1.0928033575415612, rho: 0.4000000000000001
[TRAIN]: (91/1600): reward: -9.846157878637314, rates: 0.15384212114261275, loss: 1.0354979157447814, rho: 0.4000000000000001
[TRAIN]: (92/1600): reward: -12.0, rates: 0.0, loss: 0.8242674678564071, rho: 0.4000000000000001
[TRAIN]: (93/1600): reward: -6.211498737335205, rates: 4.788501140362982, loss: 1.027459816634655, rho: 0.4000000000000001
[TRAIN]: (94/1600): reward: -15.0, rates: 0, loss: 0.9705013141036034, rho: 0.4000000000000001
[TRAIN]: (95/1600): reward: -8.936250768601894, rates: 0.06374923113774458, loss: 0.9259625032544136, rho: 0.4000000000000001
[TRAIN]: (96/1600): reward: -7.1191792488098145, rates: 2.880820706230257, loss: 0.9190502092242241, rho: 0.4000000000000001
[TRAIN]: (97/1600): reward: -13.83825108408928, rates: 0.16174891003873343, loss: 0.9216849014163018, rho: 0.4000000000000001
[TRAIN]: (98/1600): reward: -10.228149175643921, rates: 3.771850738843474, loss: 1.0280520975589753, rho: 0.4000000000000001
[TRAIN]: (99/1600): reward: -8.102039158344269, rates: 4.897960908385315, loss: 0.9959297627210617, rho: 0.4000000000000001
[TRAIN]: (100/1600): reward: -0.1946648210287094, rates: 7.805335175752777, loss: 0.861910930275917, rho: 0.4000000000000001
[TRAIN]: (101/1600): reward: 8.877287158742547, rates: 15.877286718673869, loss: 0.9164578422904015, rho: 0.4000000000000001
[TRAIN]: (102/1600): reward: -10.0, rates: 0, loss: 0.8864585682749748, rho: 0.4000000000000001
[TRAIN]: (103/1600): reward: 5.281422525644302, rates: 10.281422941927236, loss: 1.2052012100815772, rho: 0.4000000000000001
[TRAIN]: (104/1600): reward: -11.751134604215622, rates: 0.24886539294572466, loss: 1.0158966675400734, rho: 0.4000000000000001
[TRAIN]: (105/1600): reward: -3.3620388507843018, rates: 7.63796122161773, loss: 0.817282435297966, rho: 0.4000000000000001
[TRAIN]: (106/1600): reward: -2.0742583675310016, rates: 5.92574189390607, loss: 1.0374457329511642, rho: 0.4000000000000001
[TRAIN]: (107/1600): reward: -9.359751332551241, rates: 4.640248489171308, loss: 0.9200940191745758, rho: 0.4000000000000001
[TRAIN]: (108/1600): reward: -5.867736861109734, rates: 5.132262937416172, loss: 0.9940565168857575, rho: 0.4000000000000001
[TRAIN]: (109/1600): reward: 1.6111128330230713, rates: 10.61111281203819, loss: 1.0507369592785836, rho: 0.4000000000000001
[TRAIN]: (110/1600): reward: -7.452260956168175, rates: 0.5477390489370881, loss: 0.9257604077458381, rho: 0.4000000000000001
[TRAIN]: (111/1600): reward: -0.007544994354248047, rates: 9.992454893456788, loss: 0.9731456488370895, rho: 0.4000000000000001
[TRAIN]: (112/1600): reward: -9.434723377227783, rates: 2.5652767025554035, loss: 0.9932705000042915, rho: 0.4000000000000001
[TRAIN]: (113/1600): reward: 4.026304244995117, rates: 12.02630415759725, loss: 1.0332737177610398, rho: 0.4000000000000001
[TRAIN]: (114/1600): reward: -4.702576011419296, rates: 5.297424134106768, loss: 0.9341406881809234, rho: 0.4000000000000001
[TRAIN]: (115/1600): reward: -6.6787896156311035, rates: 4.321210285815127, loss: 0.8932327404618263, rho: 0.4000000000000001
[TRAIN]: (116/1600): reward: -11.789808511734009, rates: 1.210191470961342, loss: 1.1121530294418336, rho: 0.4000000000000001
[TRAIN]: (117/1600): reward: 1.8291033804416656, rates: 10.829103703773985, loss: 0.9156237050890923, rho: 0.4000000000000001
[TRAIN]: (118/1600): reward: 3.8474740982055664, rates: 9.847473856802631, loss: 0.859886822104454, rho: 0.4000000000000001
[TRAIN]: (119/1600): reward: -12.0, rates: 0, loss: 0.939266973733902, rho: 0.4000000000000001
[TRAIN]: (120/1600): reward: -9.957818739116192, rates: 0.042181262383325854, loss: 1.07855172008276, rho: 0.4000000000000001
[TRAIN]: (121/1600): reward: -5.460253715515137, rates: 4.539746180776148, loss: 0.8426983825862407, rho: 0.4000000000000001
[TRAIN]: (122/1600): reward: 1.710682362318039, rates: 11.710682256166667, loss: 1.1022538736462593, rho: 0.4000000000000001
[TRAIN]: (123/1600): reward: -13.0, rates: 0, loss: 1.0407707422971726, rho: 0.4000000000000001
[TRAIN]: (124/1600): reward: -10.0, rates: 0, loss: 1.0656134095042944, rho: 0.4000000000000001
[TRAIN]: (125/1600): reward: -14.0, rates: 0, loss: 0.9248616084456444, rho: 0.4000000000000001
[TRAIN]: (126/1600): reward: -0.84661465883255, rates: 9.153385082603059, loss: 1.0928623169660567, rho: 0.4000000000000001
[TRAIN]: (127/1600): reward: -5.234874248504639, rates: 4.7651256297211235, loss: 1.0110468827188015, rho: 0.4000000000000001
[TRAIN]: (128/1600): reward: -8.907122172415257, rates: 0.09287782729955994, loss: 0.8391767889261246, rho: 0.4000000000000001
[TRAIN]: (129/1600): reward: 4.23491108417511, rates: 11.234911134069407, loss: 0.9097994908690452, rho: 0.4000000000000001
[TRAIN]: (130/1600): reward: -8.0, rates: 0.0, loss: 1.251750534772873, rho: 0.4000000000000001
[TRAIN]: (131/1600): reward: -9.081206321716309, rates: 4.918793810698978, loss: 0.8958251569420099, rho: 0.4000000000000001
[TRAIN]: (132/1600): reward: -0.045331865549087524, rates: 10.954667764361243, loss: 1.1250383719801902, rho: 0.4000000000000001
[TRAIN]: (133/1600): reward: -8.336925372481346, rates: 0.6630746275232784, loss: 1.081400489807129, rho: 0.4000000000000001
[TRAIN]: (134/1600): reward: -9.72846782207489, rates: 0.2715321678761788, loss: 1.0277994558215142, rho: 0.4000000000000001
[TRAIN]: (135/1600): reward: -9.0, rates: 0.0, loss: 1.1038169056177138, rho: 0.4000000000000001
[TRAIN]: (136/1600): reward: -9.228315830230713, rates: 3.771684288432872, loss: 0.8602605521678924, rho: 0.4000000000000001
[TRAIN]: (137/1600): reward: -12.0, rates: 0, loss: 0.9121814355254173, rho: 0.4000000000000001
[TRAIN]: (138/1600): reward: -6.436523512005806, rates: 2.563476532122556, loss: 0.9433435745537281, rho: 0.4000000000000001
[TRAIN]: (139/1600): reward: -12.872933626174927, rates: 0.12706637950661318, loss: 0.950699183344841, rho: 0.4000000000000001
[TRAIN]: (140/1600): reward: -13.895058803260326, rates: 0.10494119945475032, loss: 0.9508339449763298, rho: 0.4000000000000001
[TRAIN]: (141/1600): reward: -7.718107223510742, rates: 4.2818929817310085, loss: 1.07380104213953, rho: 0.4000000000000001
[TRAIN]: (142/1600): reward: -14.0, rates: 0, loss: 0.8052431151270867, rho: 0.4000000000000001
[TRAIN]: (143/1600): reward: -5.3516552448272705, rates: 3.6483447511318916, loss: 0.9299870200455189, rho: 0.4000000000000001
[TRAIN]: (144/1600): reward: -13.0, rates: 0, loss: 0.939307002723217, rho: 0.4000000000000001
[TRAIN]: (145/1600): reward: 9.60912537574768, rates: 16.609125367242623, loss: 0.7316370084881783, rho: 0.4000000000000001
[TRAIN]: (146/1600): reward: -12.0, rates: 0, loss: 0.8582965210080147, rho: 0.4000000000000001
[TRAIN]: (147/1600): reward: -8.791173607110977, rates: 0.20882638953933622, loss: 0.922303655743599, rho: 0.4000000000000001
[TRAIN]: (148/1600): reward: -3.5865152552723885, rates: 5.4134848534235305, loss: 1.0064075753092765, rho: 0.4000000000000001
[TRAIN]: (149/1600): reward: -13.0, rates: 0, loss: 0.8066014438867569, rho: 0.4000000000000001
[TRAIN]: (150/1600): reward: -11.946334395557642, rates: 0.05366560374680854, loss: 0.8235295005142689, rho: 0.4000000000000001
[TRAIN]: (151/1600): reward: -5.09656286239624, rates: 5.903437088066811, loss: 1.0123643010854722, rho: 0.4000000000000001
[TRAIN]: (152/1600): reward: -1.8630452174693346, rates: 5.136954935093193, loss: 1.0424173444509506, rho: 0.4000000000000001
[TRAIN]: (153/1600): reward: 2.1113715283572674, rates: 10.111371401436635, loss: 0.8212311491370201, rho: 0.4000000000000001
[TRAIN]: (154/1600): reward: -12.0, rates: 0, loss: 1.0346521481871604, rho: 0.4000000000000001
[TRAIN]: (155/1600): reward: 2.4291277825832367, rates: 13.429127874546133, loss: 0.9687037408351898, rho: 0.4000000000000001
[TRAIN]: (156/1600): reward: -12.0, rates: 0.0, loss: 1.168514672666788, rho: 0.4000000000000001
[TRAIN]: (157/1600): reward: -6.956224322319031, rates: 1.0437756956095143, loss: 0.8169565558433532, rho: 0.4000000000000001
[TRAIN]: (158/1600): reward: -7.603888422250748, rates: 0.3961115710947776, loss: 0.972288703918457, rho: 0.4000000000000001
[TRAIN]: (159/1600): reward: -11.65864884853363, rates: 0.3413511430098209, loss: 1.1074806071817875, rho: 0.4000000000000001
[TRAIN]: (160/1600): reward: -11.0, rates: 0.0, loss: 0.8592227786779404, rho: 0.4000000000000001
[TRAIN]: (161/1600): reward: -9.274040147662163, rates: 0.72595987936708, loss: 0.8331979095935822, rho: 0.4000000000000001
[TRAIN]: (162/1600): reward: -11.304033041000366, rates: 2.6959669653264626, loss: 0.8927297428250313, rho: 0.4000000000000001
[TRAIN]: (163/1600): reward: -4.444862335920334, rates: 4.555137716034091, loss: 0.9202567785978317, rho: 0.4000000000000001
[TRAIN]: (164/1600): reward: -4.17175817489624, rates: 5.828241713573633, loss: 0.8844071865081787, rho: 0.4000000000000001
[TRAIN]: (165/1600): reward: -3.658356189727783, rates: 5.341643909581046, loss: 0.8251804172992706, rho: 0.4000000000000001
[TRAIN]: (166/1600): reward: -4.910577826201916, rates: 5.089422359784906, loss: 0.9460759818553924, rho: 0.4000000000000001
[TRAIN]: (167/1600): reward: -9.625534519553185, rates: 3.3744654278784667, loss: 0.9750013411045074, rho: 0.4000000000000001
[TRAIN]: (168/1600): reward: -2.2802329063415527, rates: 11.719767010718957, loss: 0.9622910261154175, rho: 0.4000000000000001
[TRAIN]: (169/1600): reward: -10.908154338598251, rates: 0.09184566510952862, loss: 0.8253421939909458, rho: 0.4000000000000001
[TRAIN]: (170/1600): reward: -11.896545052528381, rates: 0.10345494575423561, loss: 1.023209162056446, rho: 0.4000000000000001
[TRAIN]: (171/1600): reward: -4.205044724047184, rates: 4.79495549166986, loss: 1.110976430773735, rho: 0.4000000000000001
[TRAIN]: (172/1600): reward: -1.4221987463533878, rates: 7.577801074806109, loss: 0.8896576002240181, rho: 0.4000000000000001
[TRAIN]: (173/1600): reward: -15.0, rates: 0, loss: 1.0867748141288758, rho: 0.4000000000000001
[TRAIN]: (174/1600): reward: -7.16623592376709, rates: 4.833763866938456, loss: 0.9582125023007393, rho: 0.4000000000000001
[TRAIN]: (175/1600): reward: -7.250589609146118, rates: 2.749410377973065, loss: 0.8621490694582462, rho: 0.4000000000000001
[TRAIN]: (176/1600): reward: -10.497508071362972, rates: 1.502491925176097, loss: 0.7061987288296223, rho: 0.4000000000000001
[TRAIN]: (177/1600): reward: -0.9398124814033508, rates: 9.06018740405138, loss: 0.8832232564687729, rho: 0.4000000000000001
[TRAIN]: (178/1600): reward: -8.40686547756195, rates: 1.5931344839866588, loss: 0.8557810999453068, rho: 0.4000000000000001
[TRAIN]: (179/1600): reward: 9.944916725158691, rates: 18.944916709819243, loss: 0.9055147767066956, rho: 0.4000000000000001
[TRAIN]: (180/1600): reward: -5.367316663265228, rates: 3.6326833544095263, loss: 0.8454864487051964, rho: 0.4000000000000001
[TRAIN]: (181/1600): reward: -10.720476865768433, rates: 0.2795231304952081, loss: 0.9438318565487862, rho: 0.4000000000000001
[TRAIN]: (182/1600): reward: -6.958276890218258, rates: 0.041723107932342976, loss: 0.9111138105392456, rho: 0.4000000000000001
[TRAIN]: (183/1600): reward: -15.0, rates: 0, loss: 0.8656233966350555, rho: 0.4000000000000001
[TRAIN]: (184/1600): reward: -9.0, rates: 0.0, loss: 1.1270033955574035, rho: 0.4000000000000001
[TRAIN]: (185/1600): reward: -3.755892753601074, rates: 9.244107214683357, loss: 0.7169616028666497, rho: 0.4000000000000001
[TRAIN]: (186/1600): reward: -4.493547737598419, rates: 4.506452271254334, loss: 0.8765258133411408, rho: 0.4000000000000001
[TRAIN]: (187/1600): reward: -4.635601997375488, rates: 8.364397671126811, loss: 1.0981162361800672, rho: 0.4000000000000001
[TRAIN]: (188/1600): reward: -9.762534536421299, rates: 0.23746546448297118, loss: 1.171493697166443, rho: 0.4000000000000001
[TRAIN]: (189/1600): reward: -5.313840866088867, rates: 7.686159127187465, loss: 1.0143917247653007, rho: 0.4000000000000001
[TRAIN]: (190/1600): reward: -7.202228989452124, rates: 3.7977708898799634, loss: 0.935088524222374, rho: 0.4000000000000001
[TRAIN]: (191/1600): reward: -11.0, rates: 0, loss: 0.9587542697787285, rho: 0.4000000000000001
[TRAIN]: (192/1600): reward: -13.0, rates: 0, loss: 0.9197495177388191, rho: 0.4000000000000001
[TRAIN]: (193/1600): reward: -7.525386810302734, rates: 4.474613311234567, loss: 0.7236185573041439, rho: 0.4000000000000001
[TRAIN]: (194/1600): reward: -5.0689544677734375, rates: 3.9310454279051568, loss: 1.1559708625078202, rho: 0.4000000000000001
[TRAIN]: (195/1600): reward: -7.681118413805962, rates: 5.3188817255016545, loss: 0.6427502989768982, rho: 0.4000000000000001
[TRAIN]: (196/1600): reward: -5.057661533355713, rates: 4.942338618453346, loss: 0.99211565554142, rho: 0.4000000000000001
[TRAIN]: (197/1600): reward: -9.810920286923647, rates: 0.18907970732056628, loss: 0.9338988944888115, rho: 0.4000000000000001
[TRAIN]: (198/1600): reward: -6.417545795440674, rates: 4.58245425203745, loss: 0.7970384895801544, rho: 0.4000000000000001
[TRAIN]: (199/1600): reward: -0.12861904641613364, rates: 6.871381034275202, loss: 0.7965814575552941, rho: 0.4000000000000001
[TRAIN]: (200/1600): reward: -2.6953245662152767, rates: 7.304675133370603, loss: 0.9759422361850738, rho: 0.4000000000000001
[TRAIN]: (201/1600): reward: -13.0, rates: 0, loss: 0.9284269988536835, rho: 0.4000000000000001
[TRAIN]: (202/1600): reward: 1.630317822098732, rates: 10.630317882700169, loss: 0.974919568002224, rho: 0.4000000000000001
[TRAIN]: (203/1600): reward: 12.664737105369568, rates: 19.664736798669754, loss: 0.7517759755253792, rho: 0.4000000000000001
[TRAIN]: (204/1600): reward: -10.690825551748276, rates: 0.30917445444330743, loss: 1.0171645283699036, rho: 0.4000000000000001
[TRAIN]: (205/1600): reward: -7.281569287180901, rates: 0.7184307128521933, loss: 0.9154368877410889, rho: 0.4000000000000001
[TRAIN]: (206/1600): reward: 5.294112116098404, rates: 13.29411229709607, loss: 0.9183200657367706, rho: 0.4000000000000001
[TRAIN]: (207/1600): reward: -4.486004449427128, rates: 5.513995484478929, loss: 1.0890242606401443, rho: 0.4000000000000001
[TRAIN]: (208/1600): reward: -9.917412631213665, rates: 0.08258736585768532, loss: 0.8199095219373703, rho: 0.4000000000000001
[TRAIN]: (209/1600): reward: 10.438242256641388, rates: 17.438241935405067, loss: 0.9987031474709511, rho: 0.4000000000000001
[TRAIN]: (210/1600): reward: -3.3043084144592285, rates: 3.695691692169739, loss: 0.9409051582217216, rho: 0.4000000000000001
[TRAIN]: (211/1600): reward: -9.55915953218937, rates: 3.4408405100739525, loss: 0.8181309506297112, rho: 0.4000000000000001
[TRAIN]: (212/1600): reward: -2.406993865966797, rates: 4.593006049292254, loss: 0.7772563457489013, rho: 0.4000000000000001
[TRAIN]: (213/1600): reward: -7.60407018661499, rates: 5.395929636129794, loss: 1.018477489054203, rho: 0.4000000000000001
[TRAIN]: (214/1600): reward: -11.655986458063126, rates: 0.344013540453522, loss: 0.9238401159644127, rho: 0.4000000000000001
[TRAIN]: (215/1600): reward: -11.565000534057617, rates: 0.4349994695261636, loss: 0.6860260151326656, rho: 0.4000000000000001
[TRAIN]: (216/1600): reward: -11.271065473556519, rates: 1.7289345528923712, loss: 0.7973196163773537, rho: 0.4000000000000001
[TRAIN]: (217/1600): reward: -1.825378656387329, rates: 9.174621301216547, loss: 0.883058424293995, rho: 0.4000000000000001
[TRAIN]: (218/1600): reward: -8.12831997871399, rates: 3.871680005934418, loss: 0.8869469285011291, rho: 0.4000000000000001
[TRAIN]: (219/1600): reward: -1.1793670654296875, rates: 8.820633067980232, loss: 0.867388965189457, rho: 0.4000000000000001
[TRAIN]: (220/1600): reward: -11.248012125492096, rates: 0.7519878812340522, loss: 0.9737035155296325, rho: 0.4000000000000001
[TRAIN]: (221/1600): reward: -2.6990442276000977, rates: 5.30095567881571, loss: 1.0879091992974281, rho: 0.4000000000000001
[TRAIN]: (222/1600): reward: -12.771435007452965, rates: 0.22856499634923633, loss: 0.9466005094349385, rho: 0.4000000000000001
[TRAIN]: (223/1600): reward: 9.16883097589016, rates: 16.168830941045364, loss: 1.0039970129728317, rho: 0.4000000000000001
[TRAIN]: (224/1600): reward: -4.543642960488796, rates: 8.456357482111397, loss: 0.9323950737714768, rho: 0.4000000000000001
[TRAIN]: (225/1600): reward: -4.799891471862793, rates: 5.200108656124389, loss: 0.9064592733979225, rho: 0.4000000000000001
[TRAIN]: (226/1600): reward: -8.325711727142334, rates: 2.674288236056474, loss: 0.9969255059957505, rho: 0.4000000000000001
[TRAIN]: (227/1600): reward: -6.56370735168457, rates: 4.436292517634654, loss: 1.0470155104994774, rho: 0.4000000000000001
[TRAIN]: (228/1600): reward: -4.657867908477783, rates: 5.342132224479352, loss: 0.7767684936523438, rho: 0.4000000000000001
[TRAIN]: (229/1600): reward: -12.0, rates: 0, loss: 0.957226075232029, rho: 0.4000000000000001
[TRAIN]: (230/1600): reward: -4.5765158496797085, rates: 4.4234841947149075, loss: 0.9697099849581718, rho: 0.4000000000000001
[TRAIN]: (231/1600): reward: 0.027179956436157227, rates: 11.027180451740602, loss: 0.935068030655384, rho: 0.4000000000000001
[TRAIN]: (232/1600): reward: -13.0, rates: 0, loss: 1.0699953898787498, rho: 0.4000000000000001
[TRAIN]: (233/1600): reward: -13.0, rates: 0, loss: 0.937262062728405, rho: 0.4000000000000001
[TRAIN]: (234/1600): reward: -0.36596064269542694, rates: 9.634039210741236, loss: 0.9210769146680832, rho: 0.4000000000000001
[TRAIN]: (235/1600): reward: -14.0, rates: 0, loss: 0.8726283580064773, rho: 0.4000000000000001
[TRAIN]: (236/1600): reward: -8.824929118156433, rates: 4.175070834404466, loss: 0.9920479267835617, rho: 0.4000000000000001
[TRAIN]: (237/1600): reward: -9.578293733298779, rates: 0.4217062768209543, loss: 1.029014776647091, rho: 0.4000000000000001
[TRAIN]: (238/1600): reward: -3.3790961503982544, rates: 5.620903654918696, loss: 1.0630824148654938, rho: 0.4000000000000001
[TRAIN]: (239/1600): reward: -7.7360096871852875, rates: 2.2639903288052574, loss: 0.8923899903893471, rho: 0.4000000000000001
[TRAIN]: (240/1600): reward: 3.9110564291477203, rates: 9.911056503757724, loss: 1.0745658472180366, rho: 0.4000000000000001
[TRAIN]: (241/1600): reward: -7.118912696838379, rates: 4.881087135191978, loss: 1.0655123800039292, rho: 0.4000000000000001
[TRAIN]: (242/1600): reward: -5.012021541595459, rates: 4.98797825383591, loss: 1.003224788606167, rho: 0.4000000000000001
[TRAIN]: (243/1600): reward: -10.700456291437149, rates: 0.29954370354354026, loss: 0.743969339132309, rho: 0.4000000000000001
[TRAIN]: (244/1600): reward: 3.140326976776123, rates: 11.140327210859798, loss: 1.0019226729869843, rho: 0.4000000000000001
[TRAIN]: (245/1600): reward: -10.733428090810776, rates: 0.2665718959216357, loss: 0.9759057596325874, rho: 0.4000000000000001
[TRAIN]: (246/1600): reward: -12.37975800037384, rates: 0.620242025529479, loss: 0.9881618708372116, rho: 0.4000000000000001
[TRAIN]: (247/1600): reward: -14.0, rates: 0, loss: 0.8986232668161392, rho: 0.4000000000000001
[TRAIN]: (248/1600): reward: 3.7054819613695145, rates: 11.705482041792457, loss: 1.0032426416873932, rho: 0.4000000000000001
[TRAIN]: (249/1600): reward: 0.05041126906871796, rates: 8.05041136377914, loss: 0.9093507453799248, rho: 0.4000000000000001
[TRAIN]: (250/1600): reward: -10.0, rates: 0, loss: 1.1335439316928386, rho: 0.4000000000000001
[TRAIN]: (251/1600): reward: -9.202121168375015, rates: 2.797878905749577, loss: 0.8049108512699604, rho: 0.4000000000000001
[TRAIN]: (252/1600): reward: -7.846892476081848, rates: 0.15310752760321858, loss: 0.9412743866443634, rho: 0.4000000000000001
[TRAIN]: (253/1600): reward: -6.6371378898620605, rates: 4.362862185427614, loss: 0.8199638977646828, rho: 0.4000000000000001
[TRAIN]: (254/1600): reward: -7.131778538227081, rates: 1.8682215107622584, loss: 1.0352476716041565, rho: 0.4000000000000001
[TRAIN]: (255/1600): reward: -13.0, rates: 0, loss: 0.7991025619208812, rho: 0.4000000000000001
[TRAIN]: (256/1600): reward: -12.801356241106987, rates: 0.1986437575037098, loss: 0.8605030216276646, rho: 0.4000000000000001
[TRAIN]: (257/1600): reward: -2.9777016639709473, rates: 6.022298469871258, loss: 1.0974242217838763, rho: 0.4000000000000001
[TRAIN]: (258/1600): reward: -7.452226161956787, rates: 5.547773868724007, loss: 0.8849628195166588, rho: 0.4000000000000001
[TRAIN]: (259/1600): reward: 8.283765703439713, rates: 16.28376558562125, loss: 0.8933151185512542, rho: 0.4000000000000001
[TRAIN]: (260/1600): reward: -3.036703273653984, rates: 8.96329655226537, loss: 0.967682945728302, rho: 0.4000000000000001
[TRAIN]: (261/1600): reward: -8.592898800969124, rates: 0.40710119546847934, loss: 0.8124675557017327, rho: 0.4000000000000001
[TRAIN]: (262/1600): reward: -2.1433825492858887, rates: 7.85661732740035, loss: 0.9410186246037483, rho: 0.4000000000000001
[TRAIN]: (263/1600): reward: -0.554314136505127, rates: 9.445685718934836, loss: 1.011038353294134, rho: 0.4000000000000001
[TRAIN]: (264/1600): reward: -13.0, rates: 0, loss: 0.9313819900155067, rho: 0.4000000000000001
[TRAIN]: (265/1600): reward: -5.7675580978393555, rates: 5.232441788050475, loss: 1.055666495859623, rho: 0.4000000000000001
[TRAIN]: (266/1600): reward: -13.0, rates: 0, loss: 0.8075674161314964, rho: 0.4000000000000001
[TRAIN]: (267/1600): reward: -16.0, rates: 0, loss: 0.7999189667403698, rho: 0.4000000000000001
[TRAIN]: (268/1600): reward: -11.913321137428284, rates: 1.0866789143699136, loss: 0.8772384881973266, rho: 0.4000000000000001
[TRAIN]: (269/1600): reward: -10.024949789047241, rates: 2.9750501790214448, loss: 0.9734901919960975, rho: 0.4000000000000001
[TRAIN]: (270/1600): reward: -11.0, rates: 0, loss: 0.7839936509728431, rho: 0.4000000000000001
[TRAIN]: (271/1600): reward: -10.0, rates: 0.0, loss: 0.8053262062370777, rho: 0.4000000000000001
[TRAIN]: (272/1600): reward: -6.559685975313187, rates: 0.4403140229920814, loss: 0.967848202586174, rho: 0.4000000000000001
[TRAIN]: (273/1600): reward: 0.5043573081493378, rates: 10.504357536320214, loss: 0.999439699947834, rho: 0.4000000000000001
[TRAIN]: (274/1600): reward: 4.329390399158001, rates: 15.329390558211678, loss: 0.820697083324194, rho: 0.4000000000000001
[TRAIN]: (275/1600): reward: 0.15327906608581543, rates: 9.153278963604889, loss: 0.8158740311861038, rho: 0.4000000000000001
[TRAIN]: (276/1600): reward: -8.039025783538818, rates: 4.960974424092076, loss: 0.9207767590880394, rho: 0.4000000000000001
[TRAIN]: (277/1600): reward: -8.905472680926323, rates: 0.09452731792303945, loss: 1.0015943832695484, rho: 0.4000000000000001
[TRAIN]: (278/1600): reward: -9.215372815728188, rates: 0.7846271660259783, loss: 0.8621501281857491, rho: 0.4000000000000001
[TRAIN]: (279/1600): reward: -10.869723856449127, rates: 0.13027613897461726, loss: 1.031752497702837, rho: 0.4000000000000001
[TRAIN]: (280/1600): reward: -2.2926993370056152, rates: 5.70730088126953, loss: 0.8431870058178902, rho: 0.4000000000000001
[TRAIN]: (281/1600): reward: -2.681220605969429, rates: 5.318779416779327, loss: 0.9747576124966144, rho: 0.4000000000000001
[TRAIN]: (282/1600): reward: 4.431219577789307, rates: 13.431219728103947, loss: 1.025492998957634, rho: 0.4000000000000001
[TRAIN]: (283/1600): reward: 1.4021530151367188, rates: 11.402153384439266, loss: 1.0477234207093715, rho: 0.4000000000000001
[TRAIN]: (284/1600): reward: 2.8569209575653076, rates: 9.85692107154434, loss: 0.8558311738073826, rho: 0.4000000000000001
[TRAIN]: (285/1600): reward: -10.0, rates: 0, loss: 0.8607416331768036, rho: 0.4000000000000001
[TRAIN]: (286/1600): reward: -3.9010295420885086, rates: 6.098970607678638, loss: 0.9147104054689408, rho: 0.4000000000000001
[TRAIN]: (287/1600): reward: 1.348679780960083, rates: 13.348679576592694, loss: 0.9935319133102893, rho: 0.4000000000000001
[TRAIN]: (288/1600): reward: -8.270986437797546, rates: 0.7290135701497196, loss: 0.9778632022440433, rho: 0.4000000000000001
[TRAIN]: (289/1600): reward: -10.0, rates: 0.0, loss: 1.0602203391492366, rho: 0.4000000000000001
[TRAIN]: (290/1600): reward: -4.858246326446533, rates: 5.141753693830953, loss: 1.0301082849502563, rho: 0.4000000000000001
[TRAIN]: (291/1600): reward: -3.9753236770629883, rates: 6.024676422398109, loss: 1.0407474398612977, rho: 0.4000000000000001
[TRAIN]: (292/1600): reward: -6.143235679715872, rates: 3.8567642554694936, loss: 1.1938339971005916, rho: 0.4000000000000001
[TRAIN]: (293/1600): reward: -3.763385772705078, rates: 8.236614395153396, loss: 0.8534109249711037, rho: 0.4000000000000001
[TRAIN]: (294/1600): reward: -2.2495758533477783, rates: 8.750423911538883, loss: 0.9231708325445652, rho: 0.4000000000000001
[TRAIN]: (295/1600): reward: -9.926630087196827, rates: 0.07336991136943637, loss: 0.9674779549241066, rho: 0.4000000000000001
[TRAIN]: (296/1600): reward: -4.989129066467285, rates: 6.0108708084493525, loss: 0.977092982083559, rho: 0.4000000000000001
[TRAIN]: (297/1600): reward: 1.0683622360229492, rates: 8.06836190949546, loss: 0.7506396740674972, rho: 0.4000000000000001
[TRAIN]: (298/1600): reward: -10.602267980575562, rates: 0.3977320062746781, loss: 0.9729296490550041, rho: 0.4000000000000001
[TRAIN]: (299/1600): reward: -6.845024585723877, rates: 5.1549752435835, loss: 0.7871202535927295, rho: 0.4000000000000001
[TRAIN]: (300/1600): reward: -5.043463230133057, rates: 4.956536659531459, loss: 1.176329955458641, rho: 0.4000000000000001
[TRAIN]: (301/1600): reward: -7.714566722512245, rates: 5.285433169111406, loss: 0.8662118822336197, rho: 0.4000000000000001
[TRAIN]: (302/1600): reward: -12.78803138434887, rates: 0.21196861788837942, loss: 1.235938860476017, rho: 0.4000000000000001
[TRAIN]: (303/1600): reward: -12.0, rates: 0, loss: 1.1226137310266495, rho: 0.4000000000000001
[TRAIN]: (304/1600): reward: -6.504962921142578, rates: 4.4950372314027645, loss: 0.9544204078614712, rho: 0.4000000000000001
[TRAIN]: (305/1600): reward: -0.7119897902011871, rates: 8.28801016082782, loss: 0.6985152199864387, rho: 0.4000000000000001
[TRAIN]: (306/1600): reward: -2.968569278717041, rates: 11.031430788074736, loss: 1.042685916274786, rho: 0.4000000000000001
[TRAIN]: (307/1600): reward: 5.279520630836487, rates: 14.279520458146276, loss: 0.8790098160505295, rho: 0.4000000000000001
[TRAIN]: (308/1600): reward: -14.0, rates: 0, loss: 0.9113464429974556, rho: 0.4000000000000001
[TRAIN]: (309/1600): reward: -5.999741077423096, rates: 5.000258731859519, loss: 0.8938443616032601, rho: 0.4000000000000001
[TRAIN]: (310/1600): reward: -5.009767532348633, rates: 5.990232411652974, loss: 1.0124060019850731, rho: 0.4000000000000001
[TRAIN]: (311/1600): reward: -12.018742978572845, rates: 0.9812569840543659, loss: 0.837310454249382, rho: 0.4000000000000001
[TRAIN]: (312/1600): reward: -13.0, rates: 0, loss: 1.0723970033228398, rho: 0.4000000000000001
[TRAIN]: (313/1600): reward: -7.977582890540361, rates: 0.022417110340384926, loss: 1.003447787463665, rho: 0.4000000000000001
[TRAIN]: (314/1600): reward: -11.749485939741135, rates: 0.2505140599066966, loss: 0.8254973724484443, rho: 0.4000000000000001
[TRAIN]: (315/1600): reward: -12.0, rates: 0.0, loss: 0.8923187583684922, rho: 0.4000000000000001
[TRAIN]: (316/1600): reward: -6.474710464477539, rates: 5.5252895937267175, loss: 1.0449403703212738, rho: 0.4000000000000001
[TRAIN]: (317/1600): reward: -6.569180488586426, rates: 3.4308194988603016, loss: 1.068126630783081, rho: 0.4000000000000001
[TRAIN]: (318/1600): reward: -10.92842423170805, rates: 0.07157576829891991, loss: 0.7294485688209533, rho: 0.4000000000000001
[TRAIN]: (319/1600): reward: -8.987557888031006, rates: 4.012442102478019, loss: 0.7804827868938446, rho: 0.4000000000000001
[TRAIN]: (320/1600): reward: -9.776229605078697, rates: 0.22377039982086414, loss: 0.9528997059911489, rho: 0.4000000000000001
[TRAIN]: (321/1600): reward: -6.232832431793213, rates: 3.767167493007773, loss: 0.8910252600908279, rho: 0.4000000000000001
[TRAIN]: (322/1600): reward: -11.960789948701859, rates: 0.03921005249016827, loss: 0.9601030454039574, rho: 0.4000000000000001
[TRAIN]: (323/1600): reward: -14.0, rates: 0, loss: 0.7601202309131623, rho: 0.4000000000000001
[TRAIN]: (324/1600): reward: 0.1924525797367096, rates: 9.19245272687322, loss: 0.8749518655240536, rho: 0.4000000000000001
[TRAIN]: (325/1600): reward: -6.194407165050507, rates: 2.805592780208863, loss: 0.9449048817157746, rho: 0.4000000000000001
[TRAIN]: (326/1600): reward: -8.122906975448132, rates: 0.8770930392533952, loss: 0.8733160354197025, rho: 0.4000000000000001
[TRAIN]: (327/1600): reward: -6.424261569976807, rates: 5.575738390713287, loss: 0.9053814001381397, rho: 0.4000000000000001
[TRAIN]: (328/1600): reward: -6.213812351226807, rates: 5.78618765448508, loss: 1.0123963795602322, rho: 0.4000000000000001
[TRAIN]: (329/1600): reward: -9.949389476329088, rates: 0.05061052443461507, loss: 0.8009086102247238, rho: 0.4000000000000001
[TRAIN]: (330/1600): reward: -1.0092883110046387, rates: 8.99071165435171, loss: 0.9531623408198356, rho: 0.4000000000000001
[TRAIN]: (331/1600): reward: -15.0, rates: 0, loss: 0.8029464662075043, rho: 0.4000000000000001
[TRAIN]: (332/1600): reward: -12.0, rates: 0, loss: 0.9305948227643966, rho: 0.4000000000000001
[TRAIN]: (333/1600): reward: -12.938491474837065, rates: 0.061508526551390885, loss: 1.1101048722863198, rho: 0.4000000000000001
[TRAIN]: (334/1600): reward: -9.898587580770254, rates: 0.10141242056304564, loss: 1.1379023134708404, rho: 0.4000000000000001
[TRAIN]: (335/1600): reward: 2.5484625101089478, rates: 11.548462610218355, loss: 0.9898958906531334, rho: 0.4000000000000001
[TRAIN]: (336/1600): reward: -2.080912262201309, rates: 9.919087481129417, loss: 0.8503223180770874, rho: 0.4000000000000001
[TRAIN]: (337/1600): reward: -12.0, rates: 0, loss: 0.8900565691292286, rho: 0.4000000000000001
[TRAIN]: (338/1600): reward: 0.2601402997970581, rates: 11.260140675221592, loss: 0.9364177398383617, rho: 0.4000000000000001
[TRAIN]: (339/1600): reward: -13.0, rates: 0, loss: 1.003519530594349, rho: 0.4000000000000001
[TRAIN]: (340/1600): reward: -9.183651022613049, rates: 0.8163489781268227, loss: 0.8660771131515503, rho: 0.4000000000000001
[TRAIN]: (341/1600): reward: -10.0, rates: 0, loss: 0.9984826400876046, rho: 0.4000000000000001
[TRAIN]: (342/1600): reward: -14.0, rates: 0, loss: 1.229394993185997, rho: 0.4000000000000001
[TRAIN]: (343/1600): reward: -1.8287162780761719, rates: 11.171283850769175, loss: 0.6483115784823894, rho: 0.4000000000000001
[TRAIN]: (344/1600): reward: -8.710585594177246, rates: 4.2894145534796175, loss: 0.9931751549243927, rho: 0.4000000000000001
[TRAIN]: (345/1600): reward: -5.972708225250244, rates: 5.027292009383675, loss: 1.0958547011017798, rho: 0.4000000000000001
[TRAIN]: (346/1600): reward: -7.189309120178223, rates: 4.810690848719978, loss: 1.002820397913456, rho: 0.4000000000000001
[TRAIN]: (347/1600): reward: -10.767276465892792, rates: 0.23272354072093643, loss: 1.111423909664154, rho: 0.4000000000000001
[TRAIN]: (348/1600): reward: -11.0, rates: 0, loss: 0.8669688567519188, rho: 0.4000000000000001
[TRAIN]: (349/1600): reward: -0.5402803421020508, rates: 10.459719768149547, loss: 0.8725051447749138, rho: 0.4000000000000001
[TRAIN]: (350/1600): reward: 7.008781373500824, rates: 14.008781678870037, loss: 0.9298338919878006, rho: 0.4000000000000001
[TRAIN]: (351/1600): reward: -2.61584235727787, rates: 3.384157546142129, loss: 0.7044115155935288, rho: 0.4000000000000001
[TRAIN]: (352/1600): reward: -12.100709795951843, rates: 0.8992901994573764, loss: 0.8306580893695354, rho: 0.4000000000000001
[TRAIN]: (353/1600): reward: -14.0, rates: 0, loss: 0.9279853865504265, rho: 0.4000000000000001
[TRAIN]: (354/1600): reward: -10.592416822910309, rates: 0.4075831689965269, loss: 0.9377775982022285, rho: 0.4000000000000001
[TRAIN]: (355/1600): reward: -9.707502096891403, rates: 0.2924978956424827, loss: 0.7758664600551128, rho: 0.4000000000000001
[TRAIN]: (356/1600): reward: -4.394603729248047, rates: 4.605396164273748, loss: 0.8461228758096695, rho: 0.4000000000000001
[TRAIN]: (357/1600): reward: -6.3296003341674805, rates: 4.6703997548624985, loss: 1.0079568043351173, rho: 0.4000000000000001
[TRAIN]: (358/1600): reward: -14.616143733263016, rates: 0.3838562574970207, loss: 0.8710168264806271, rho: 0.4000000000000001
[TRAIN]: (359/1600): reward: -11.0, rates: 0, loss: 1.2843759015202523, rho: 0.4000000000000001
[TRAIN]: (360/1600): reward: -7.212102890014648, rates: 4.787896906738067, loss: 0.9847736999392509, rho: 0.4000000000000001
[TRAIN]: (361/1600): reward: -3.4304014444351196, rates: 4.569598431524296, loss: 0.8526428624987602, rho: 0.4000000000000001
[TRAIN]: (362/1600): reward: -14.0, rates: 0, loss: 0.9549480848014354, rho: 0.4000000000000001
[TRAIN]: (363/1600): reward: -4.651455298066139, rates: 6.3485445549334045, loss: 0.8250831723213196, rho: 0.4000000000000001
[TRAIN]: (364/1600): reward: -12.971613522619009, rates: 0.028386476834887958, loss: 1.0050682693719863, rho: 0.4000000000000001
[TRAIN]: (365/1600): reward: -8.626118803396821, rates: 4.373881173896156, loss: 0.9811322942376137, rho: 0.4000000000000001
[TRAIN]: (366/1600): reward: -14.0, rates: 0, loss: 1.0494534850120545, rho: 0.4000000000000001
[TRAIN]: (367/1600): reward: 5.856530338525772, rates: 14.856530401768493, loss: 0.8640617519617081, rho: 0.4000000000000001
[TRAIN]: (368/1600): reward: -14.0, rates: 0, loss: 1.1255416214466094, rho: 0.4000000000000001
[TRAIN]: (369/1600): reward: -9.895565412938595, rates: 0.10443458888868502, loss: 0.9744917213916778, rho: 0.4000000000000001
[TRAIN]: (370/1600): reward: -8.397536754608154, rates: 0.602463268624098, loss: 0.945911094546318, rho: 0.4000000000000001
[TRAIN]: (371/1600): reward: -0.20502126961946487, rates: 8.79497844009158, loss: 0.8236106798052788, rho: 0.4000000000000001
[TRAIN]: (372/1600): reward: -1.0912119299173355, rates: 5.9087879300232835, loss: 0.7392851166427136, rho: 0.4000000000000001
[TRAIN]: (373/1600): reward: -14.744716763496399, rates: 0.25528322229285566, loss: 0.8226459041237831, rho: 0.4000000000000001
[TRAIN]: (374/1600): reward: -8.755411118268967, rates: 3.2445889368139547, loss: 0.637978932261467, rho: 0.4000000000000001
[TRAIN]: (375/1600): reward: -7.5937139093875885, rates: 0.4062861010050072, loss: 0.8254645004868507, rho: 0.4000000000000001
[TRAIN]: (376/1600): reward: -7.568032741546631, rates: 4.4319671951264965, loss: 0.9121470801532269, rho: 0.4000000000000001
[TRAIN]: (377/1600): reward: -5.0958638191223145, rates: 3.9041362285130865, loss: 0.8350344568490982, rho: 0.4000000000000001
[TRAIN]: (378/1600): reward: -0.05988335609436035, rates: 6.940116741416457, loss: 1.0874663285911084, rho: 0.4000000000000001
[TRAIN]: (379/1600): reward: 6.757765054702759, rates: 13.75776531108749, loss: 1.0735731780529023, rho: 0.4000000000000001
[TRAIN]: (380/1600): reward: -0.1269979476928711, rates: 9.87300223898273, loss: 1.0462942600250245, rho: 0.4000000000000001
[TRAIN]: (381/1600): reward: -11.0, rates: 0, loss: 0.9767386347055436, rho: 0.4000000000000001
[TRAIN]: (382/1600): reward: -9.838670119643211, rates: 0.1613298828516361, loss: 1.0501448422670365, rho: 0.4000000000000001
[TRAIN]: (383/1600): reward: -3.412776380777359, rates: 6.587223421107095, loss: 0.6601724863052368, rho: 0.4000000000000001
[TRAIN]: (384/1600): reward: -11.738868601620197, rates: 0.2611314001943138, loss: 0.8031864926218987, rho: 0.4000000000000001
[TRAIN]: (385/1600): reward: -11.334141254425049, rates: 2.665858667012354, loss: 0.8035625025629998, rho: 0.4000000000000001
[TRAIN]: (386/1600): reward: 4.655862480401993, rates: 9.655862578944554, loss: 0.9600554659962655, rho: 0.4000000000000001
[TRAIN]: (387/1600): reward: -6.356956481933594, rates: 4.643043615011745, loss: 0.8468236312270164, rho: 0.4000000000000001
[TRAIN]: (388/1600): reward: -2.578479766845703, rates: 7.421520135058804, loss: 0.9456313028931618, rho: 0.4000000000000001
[TRAIN]: (389/1600): reward: -14.0, rates: 0, loss: 1.0559021338820458, rho: 0.4000000000000001
[TRAIN]: (390/1600): reward: -9.345144145190716, rates: 0.6548558472164016, loss: 1.1422716319561004, rho: 0.4000000000000001
[TRAIN]: (391/1600): reward: -6.355465471744537, rates: 4.6445344620128814, loss: 0.9933574616909027, rho: 0.4000000000000001
[TRAIN]: (392/1600): reward: -12.0, rates: 0, loss: 0.9564189612865448, rho: 0.4000000000000001
[TRAIN]: (393/1600): reward: -11.0, rates: 0, loss: 0.8528952490538358, rho: 0.4000000000000001
[TRAIN]: (394/1600): reward: -5.422537267208099, rates: 3.5774626303911727, loss: 0.7985091462731362, rho: 0.4000000000000001
[TRAIN]: (395/1600): reward: 1.578464835882187, rates: 10.578464807210395, loss: 0.82486527338624, rho: 0.4000000000000001
[TRAIN]: (396/1600): reward: -8.841280288994312, rates: 0.15871971046407207, loss: 1.009700208157301, rho: 0.4000000000000001
[TRAIN]: (397/1600): reward: 2.1846837997436523, rates: 13.184683358612986, loss: 1.0427037380635737, rho: 0.4000000000000001
[TRAIN]: (398/1600): reward: -7.471200540661812, rates: 4.528799251779226, loss: 0.7960075721144676, rho: 0.4000000000000001
[TRAIN]: (399/1600): reward: -14.0, rates: 0, loss: 1.0980498664081098, rho: 0.4000000000000001
[TRAIN]: (400/1600): reward: -6.934838965535164, rates: 5.065160874326011, loss: 0.8870188489556312, rho: 0.4000000000000001
[TRAIN]: (401/1600): reward: -8.53433084487915, rates: 0.4656691598156086, loss: 0.844840620458126, rho: 0.4000000000000001
[TRAIN]: (402/1600): reward: -0.6338376700878143, rates: 9.366162370188771, loss: 0.9204806014895439, rho: 0.4000000000000001
[TRAIN]: (403/1600): reward: -1.2854630947113037, rates: 8.714536845671464, loss: 0.9712062388658523, rho: 0.4000000000000001
[TRAIN]: (404/1600): reward: -14.0, rates: 0, loss: 0.7458397932350636, rho: 0.4000000000000001
[TRAIN]: (405/1600): reward: -4.010778114199638, rates: 6.989222015669337, loss: 1.108003942668438, rho: 0.4000000000000001
[TRAIN]: (406/1600): reward: -6.34765512496233, rates: 2.652344803235696, loss: 1.0975049003958701, rho: 0.4000000000000001
[TRAIN]: (407/1600): reward: -6.737256482243538, rates: 5.262743373578537, loss: 0.8243473656475544, rho: 0.4000000000000001
[TRAIN]: (408/1600): reward: -7.072045564651489, rates: 3.9279544372033914, loss: 1.211826491355896, rho: 0.4000000000000001
[TRAIN]: (409/1600): reward: -12.638327240943909, rates: 0.3616727695227187, loss: 0.9738830506801606, rho: 0.4000000000000001
[TRAIN]: (410/1600): reward: -0.0654248297214508, rates: 9.934574785741084, loss: 0.8649615496397018, rho: 0.4000000000000001
[TRAIN]: (411/1600): reward: -7.700121466070414, rates: 6.299878516233768, loss: 1.024607454240322, rho: 0.4000000000000001
[TRAIN]: (412/1600): reward: -8.89941120147705, rates: 4.100588975500801, loss: 0.8660340443253517, rho: 0.4000000000000001
[TRAIN]: (413/1600): reward: -9.905748650431633, rates: 0.09425135025316751, loss: 0.8440244123339653, rho: 0.4000000000000001
[TRAIN]: (414/1600): reward: 0.6990598887205124, rates: 6.699059843835354, loss: 0.9365991786122322, rho: 0.4000000000000001
[TRAIN]: (415/1600): reward: -4.2942421436309814, rates: 4.7057579631408935, loss: 0.9571935132145881, rho: 0.4000000000000001
[TRAIN]: (416/1600): reward: -3.7759261578321457, rates: 6.2240739644897705, loss: 0.9040165424346924, rho: 0.4000000000000001
[TRAIN]: (417/1600): reward: -8.756970312446356, rates: 0.2430296854842755, loss: 0.8896096378564835, rho: 0.4000000000000001
[TRAIN]: (418/1600): reward: 4.476574391126633, rates: 12.476574603727515, loss: 0.9076577767729759, rho: 0.4000000000000001
[TRAIN]: (419/1600): reward: -6.2510344833135605, rates: 4.7489655874535215, loss: 0.8256541207432747, rho: 0.4000000000000001
[TRAIN]: (420/1600): reward: -4.94575097411871, rates: 5.054249058535016, loss: 0.8481782637536526, rho: 0.4000000000000001
[TRAIN]: (421/1600): reward: -9.836227178573608, rates: 2.1637728418422904, loss: 0.8400975964963436, rho: 0.4000000000000001
[TRAIN]: (422/1600): reward: -12.0, rates: 0, loss: 0.8014086231589317, rho: 0.4000000000000001
[TRAIN]: (423/1600): reward: -11.361973524093628, rates: 3.638026460326698, loss: 0.9735945090651512, rho: 0.4000000000000001
[TRAIN]: (424/1600): reward: -12.0, rates: 0.0, loss: 0.8802533090114594, rho: 0.4000000000000001
[TRAIN]: (425/1600): reward: -4.15434604883194, rates: 5.845654004230188, loss: 0.9241666585206986, rho: 0.4000000000000001
[TRAIN]: (426/1600): reward: -11.0, rates: 0, loss: 1.1058606058359146, rho: 0.4000000000000001
[TRAIN]: (427/1600): reward: 10.93806779384613, rates: 18.93806797988773, loss: 0.9758090376853943, rho: 0.4000000000000001
[TRAIN]: (428/1600): reward: 0.0387883186340332, rates: 7.038788331342186, loss: 0.793662291765213, rho: 0.4000000000000001
[TRAIN]: (429/1600): reward: -6.579400539398193, rates: 5.4205992929987525, loss: 0.929561796784401, rho: 0.4000000000000001
[TRAIN]: (430/1600): reward: -5.274355888366699, rates: 4.725643959198804, loss: 0.6946463584899902, rho: 0.4000000000000001
[TRAIN]: (431/1600): reward: -9.4522335678339, rates: 0.5477664293436691, loss: 1.0265495777130127, rho: 0.4000000000000001
[TRAIN]: (432/1600): reward: -11.951390027999878, rates: 1.048610017592971, loss: 0.8041090056300163, rho: 0.4000000000000001
[TRAIN]: (433/1600): reward: -12.888328082859516, rates: 0.11167191366772611, loss: 0.9575052782893181, rho: 0.4000000000000001
[TRAIN]: (434/1600): reward: -6.987680554389954, rates: 5.012319381251018, loss: 0.7592441380023957, rho: 0.4000000000000001
[TRAIN]: (435/1600): reward: -6.783135414123535, rates: 5.2168647216964095, loss: 1.1209590882062912, rho: 0.4000000000000001
[TRAIN]: (436/1600): reward: -4.007979869842529, rates: 4.99202020340114, loss: 0.8361664861440659, rho: 0.4000000000000001
[TRAIN]: (437/1600): reward: -14.0, rates: 0, loss: 0.9942532919347287, rho: 0.4000000000000001
[TRAIN]: (438/1600): reward: -0.9327487647533417, rates: 10.067250822357128, loss: 0.7284484937787056, rho: 0.4000000000000001
[TRAIN]: (439/1600): reward: -13.0, rates: 0, loss: 0.9064441040158272, rho: 0.4000000000000001
[TRAIN]: (440/1600): reward: -5.402729630470276, rates: 5.597270175613946, loss: 0.9372709736227989, rho: 0.4000000000000001
[TRAIN]: (441/1600): reward: 3.001377820968628, rates: 13.001377801938212, loss: 0.9102732449769974, rho: 0.4000000000000001
[TRAIN]: (442/1600): reward: -11.499544627964497, rates: 0.5004553798336997, loss: 0.9043668329715728, rho: 0.4000000000000001
[TRAIN]: (443/1600): reward: -6.988414287567139, rates: 4.011585538062755, loss: 1.0627720475196838, rho: 0.4000000000000001
[TRAIN]: (444/1600): reward: -11.0, rates: 0.0, loss: 0.9428111359477043, rho: 0.4000000000000001
[TRAIN]: (445/1600): reward: -9.865462630987167, rates: 0.13453736889237566, loss: 0.7423399358987808, rho: 0.4000000000000001
[TRAIN]: (446/1600): reward: -11.654595948755741, rates: 0.34540405771029176, loss: 0.9441803634166718, rho: 0.4000000000000001
[TRAIN]: (447/1600): reward: 11.295528870075941, rates: 21.295528095462124, loss: 0.9047201663255692, rho: 0.4000000000000001
[TRAIN]: (448/1600): reward: 1.460784625262022, rates: 11.460784814438158, loss: 1.1373297154903412, rho: 0.4000000000000001
[TRAIN]: (449/1600): reward: 0.03842353820800781, rates: 9.0384234393491, loss: 0.9277501985430717, rho: 0.4000000000000001
[TRAIN]: (450/1600): reward: -9.187005519866943, rates: 4.812994632493385, loss: 1.0583698153495789, rho: 0.4000000000000001
[TRAIN]: (451/1600): reward: -5.012555301189423, rates: 4.987444801913583, loss: 0.916109885275364, rho: 0.4000000000000001
[TRAIN]: (452/1600): reward: -12.0, rates: 0.0, loss: 1.0579143323004245, rho: 0.4000000000000001
[TRAIN]: (453/1600): reward: -13.75592015683651, rates: 0.24407983940226846, loss: 0.9293791145086289, rho: 0.4000000000000001
[TRAIN]: (454/1600): reward: -2.9235801696777344, rates: 8.076420042110728, loss: 0.9732979893684387, rho: 0.4000000000000001
[TRAIN]: (455/1600): reward: -2.944456100463867, rates: 11.055543979965776, loss: 0.9068660363554955, rho: 0.4000000000000001
[TRAIN]: (456/1600): reward: 13.122504442930222, rates: 19.12250454951385, loss: 0.9569376841187477, rho: 0.4000000000000001
[TRAIN]: (457/1600): reward: -12.829522624611855, rates: 0.17047737877749145, loss: 0.8678752914071083, rho: 0.4000000000000001
[TRAIN]: (458/1600): reward: -5.788187131285667, rates: 6.211812818344889, loss: 1.006465068459511, rho: 0.4000000000000001
[TRAIN]: (459/1600): reward: -10.751025557518005, rates: 1.2489743939661506, loss: 0.8402430526912212, rho: 0.4000000000000001
[TRAIN]: (460/1600): reward: -2.108520269393921, rates: 7.891479700534978, loss: 1.0755780398845673, rho: 0.4000000000000001
[TRAIN]: (461/1600): reward: -11.0, rates: 0, loss: 1.135148322582245, rho: 0.4000000000000001
[TRAIN]: (462/1600): reward: -6.715146541595459, rates: 4.2848535527511125, loss: 0.9156364634633064, rho: 0.4000000000000001
[TRAIN]: (463/1600): reward: 2.033669140189886, rates: 11.033669110753868, loss: 0.9610549427568913, rho: 0.4000000000000001
[TRAIN]: (464/1600): reward: -13.0, rates: 0, loss: 0.962401895225048, rho: 0.4000000000000001
[TRAIN]: (465/1600): reward: -0.6094455718994141, rates: 11.390554489296207, loss: 0.9129057392477989, rho: 0.4000000000000001
[TRAIN]: (466/1600): reward: 14.089625477790833, rates: 21.089625778367683, loss: 0.8436850637197495, rho: 0.4000000000000001
[TRAIN]: (467/1600): reward: -0.2665071487426758, rates: 9.733492873076855, loss: 0.9063465490937233, rho: 0.4000000000000001
[TRAIN]: (468/1600): reward: -7.231531649827957, rates: 4.768468262491812, loss: 0.9364167578518391, rho: 0.4000000000000001
[TRAIN]: (469/1600): reward: -10.0, rates: 0, loss: 1.1229744255542755, rho: 0.4000000000000001
[TRAIN]: (470/1600): reward: -2.2695981562137604, rates: 6.730401880681028, loss: 0.949769527465105, rho: 0.4000000000000001
[TRAIN]: (471/1600): reward: -12.752785108983517, rates: 0.24721488654450974, loss: 0.9317519754171372, rho: 0.4000000000000001
[TRAIN]: (472/1600): reward: -5.751255095005035, rates: 4.2487449913134405, loss: 0.945277427136898, rho: 0.4000000000000001
[TRAIN]: (473/1600): reward: -4.421730220317841, rates: 5.57826965428593, loss: 1.05472751557827, rho: 0.4000000000000001
[TRAIN]: (474/1600): reward: -11.0, rates: 0.0, loss: 0.900630670785904, rho: 0.4000000000000001
[TRAIN]: (475/1600): reward: -9.0, rates: 0, loss: 0.8516083031892776, rho: 0.4000000000000001
[TRAIN]: (476/1600): reward: -10.68559929728508, rates: 0.31440069371195983, loss: 1.0166235610842704, rho: 0.4000000000000001
[TRAIN]: (477/1600): reward: -3.5151071548461914, rates: 5.4848928361667015, loss: 1.0947274327278138, rho: 0.4000000000000001
[TRAIN]: (478/1600): reward: -8.853252544999123, rates: 0.14674744930369604, loss: 0.7455335706472397, rho: 0.4000000000000001
[TRAIN]: (479/1600): reward: -12.77800066769123, rates: 0.22199933322620216, loss: 1.1509408444166183, rho: 0.4000000000000001
[TRAIN]: (480/1600): reward: -6.480659894645214, rates: 6.519340086785617, loss: 0.9762944608926774, rho: 0.4000000000000001
[TRAIN]: (481/1600): reward: -5.93541145324707, rates: 5.064588349739586, loss: 0.9565924242138862, rho: 0.4000000000000001
[TRAIN]: (482/1600): reward: -7.214444916695356, rates: 4.78555528271565, loss: 0.7467370070517063, rho: 0.4000000000000001
[TRAIN]: (483/1600): reward: -5.332734122872353, rates: 4.667266092549461, loss: 1.221581520140171, rho: 0.4000000000000001
[TRAIN]: (484/1600): reward: -0.4914013147354126, rates: 11.508598452125998, loss: 0.9150737166404724, rho: 0.4000000000000001
[TRAIN]: (485/1600): reward: -2.9552905559539795, rates: 5.044709657968267, loss: 0.8444483585655689, rho: 0.4000000000000001
[TRAIN]: (486/1600): reward: -9.781605988740921, rates: 0.21839401209760695, loss: 1.1911110043525697, rho: 0.4000000000000001
[TRAIN]: (487/1600): reward: -4.779620170593262, rates: 6.220379861171778, loss: 0.7172444924712181, rho: 0.4000000000000001
[TRAIN]: (488/1600): reward: -7.48395473882556, rates: 4.516045072005471, loss: 1.2209412038326264, rho: 0.4000000000000001
[TRAIN]: (489/1600): reward: -5.437438957393169, rates: 4.5625609681689685, loss: 1.006590687483549, rho: 0.4000000000000001
[TRAIN]: (490/1600): reward: -12.0, rates: 0.0, loss: 0.8238774627447129, rho: 0.4000000000000001
[TRAIN]: (491/1600): reward: -7.275528214871883, rates: 4.724471610791149, loss: 0.7948050148785114, rho: 0.4000000000000001
[TRAIN]: (492/1600): reward: -6.577539294958115, rates: 6.4224606717300805, loss: 1.0372137762606144, rho: 0.4000000000000001
[TRAIN]: (493/1600): reward: -11.381788665428758, rates: 0.6182113326415035, loss: 0.762546406686306, rho: 0.4000000000000001
[TRAIN]: (494/1600): reward: 1.45452880859375, rates: 12.454528923722433, loss: 0.9653139114379883, rho: 0.4000000000000001
[TRAIN]: (495/1600): reward: 5.848544955253601, rates: 15.848544748952104, loss: 0.9021249428391457, rho: 0.4000000000000001
[TRAIN]: (496/1600): reward: -13.0, rates: 0, loss: 0.8704643219709396, rho: 0.4000000000000001
[TRAIN]: (497/1600): reward: -2.1302342414855957, rates: 9.869765833970686, loss: 1.013349713385105, rho: 0.4000000000000001
[TRAIN]: (498/1600): reward: -10.0, rates: 0, loss: 0.9602633945643901, rho: 0.4000000000000001
[TRAIN]: (499/1600): reward: 0.9163717031478882, rates: 9.916371962012985, loss: 0.8386130169034004, rho: 0.4000000000000001
[TRAIN]: (500/1600): reward: 13.870114803314209, rates: 20.870114771790647, loss: 0.9297878414392471, rho: 0.4000000000000001
[TRAIN]: (501/1600): reward: -13.0, rates: 0.0, loss: 1.0541100636124612, rho: 0.4000000000000001
[TRAIN]: (502/1600): reward: -7.884261131286621, rates: 4.115739035468496, loss: 1.1932071283459664, rho: 0.4000000000000001
[TRAIN]: (503/1600): reward: -8.765714284032583, rates: 0.23428571978577015, loss: 0.7415426582098007, rho: 0.4000000000000001
[TRAIN]: (504/1600): reward: -0.3372787535190582, rates: 8.66272122371421, loss: 0.7795704320073128, rho: 0.4000000000000001
[TRAIN]: (505/1600): reward: -14.0, rates: 0, loss: 0.9552622020244599, rho: 0.4000000000000001
[TRAIN]: (506/1600): reward: -3.9180449321866035, rates: 4.081955217717248, loss: 0.9291738614439964, rho: 0.4000000000000001
[TRAIN]: (507/1600): reward: 1.5360357332974672, rates: 7.536035713517659, loss: 0.7219786092638969, rho: 0.4000000000000001
[TRAIN]: (508/1600): reward: -2.7058399990200996, rates: 6.2941599215199, loss: 0.7860551543533802, rho: 0.4000000000000001
[TRAIN]: (509/1600): reward: -3.313082218170166, rates: 8.686917988365934, loss: 0.9830566808581352, rho: 0.4000000000000001
[TRAIN]: (510/1600): reward: 1.4604254066944122, rates: 14.460425147988222, loss: 1.0154387816786765, rho: 0.4000000000000001
[TRAIN]: (511/1600): reward: 19.54042911529541, rates: 24.54042865255321, loss: 1.0242550879716874, rho: 0.4000000000000001
[TRAIN]: (512/1600): reward: -8.617571705020964, rates: 3.3824283489061635, loss: 0.8997714787721633, rho: 0.4000000000000001
[TRAIN]: (513/1600): reward: -1.3949251174926758, rates: 9.605074958512393, loss: 1.116889265924692, rho: 0.4000000000000001
[TRAIN]: (514/1600): reward: -2.2788017354905605, rates: 5.721198352472927, loss: 1.0522320613265037, rho: 0.4000000000000001
[TRAIN]: (515/1600): reward: -0.38696426153182983, rates: 9.613035542295805, loss: 1.0668178051710129, rho: 0.4000000000000001
[TRAIN]: (516/1600): reward: -9.985788345336914, rates: 4.014211553630198, loss: 0.9103450641036034, rho: 0.4000000000000001
[TRAIN]: (517/1600): reward: -10.418822765350342, rates: 4.581177303232941, loss: 0.8498668819665909, rho: 0.4000000000000001
[TRAIN]: (518/1600): reward: -1.1234731674194336, rates: 13.876527301206107, loss: 0.7944261088967324, rho: 0.4000000000000001
[TRAIN]: (519/1600): reward: 2.1730776131153107, rates: 14.173077614928843, loss: 0.8075633630156517, rho: 0.4000000000000001
[TRAIN]: (520/1600): reward: 10.50379228591919, rates: 23.503792015803988, loss: 1.038119228184223, rho: 0.4000000000000001
[TRAIN]: (521/1600): reward: -0.8324952349066734, rates: 10.16750464338449, loss: 0.8333463340997695, rho: 0.4000000000000001
[TRAIN]: (522/1600): reward: 17.269610442221165, rates: 24.269610050969916, loss: 1.0838907405734062, rho: 0.4000000000000001
[TRAIN]: (523/1600): reward: 7.903560638427734, rates: 14.903560614378787, loss: 0.9357073396444321, rho: 0.4000000000000001
[TRAIN]: (524/1600): reward: -10.688782066106796, rates: 1.311217949534853, loss: 0.9265765652060509, rho: 0.4000000000000001
[TRAIN]: (525/1600): reward: -6.517631530761719, rates: 9.482368246432639, loss: 1.079943123459816, rho: 0.4000000000000001
[TRAIN]: (526/1600): reward: 19.47222661972046, rates: 29.47222637792521, loss: 1.1012192785739898, rho: 0.4000000000000001
[TRAIN]: (527/1600): reward: 13.505683735013008, rates: 20.505683999928337, loss: 1.1037981510162354, rho: 0.4000000000000001
[TRAIN]: (528/1600): reward: 17.8483135253191, rates: 24.848313613859997, loss: 0.9582212701439857, rho: 0.4000000000000001
[TRAIN]: (529/1600): reward: 16.073675632476807, rates: 25.0736757746388, loss: 1.0295027904212475, rho: 0.4000000000000001
[TRAIN]: (530/1600): reward: 21.3790295869112, rates: 28.379029621086328, loss: 1.04185643941164, rho: 0.4000000000000001
[TRAIN]: (531/1600): reward: -1.3726958464831114, rates: 10.627304114720797, loss: 1.077970241010189, rho: 0.4000000000000001
[TRAIN]: (532/1600): reward: 23.828216411173344, rates: 28.8282157023232, loss: 1.1463788092136382, rho: 0.4000000000000001
[TRAIN]: (533/1600): reward: -4.91447913646698, rates: 5.085520811483195, loss: 1.1388996094465256, rho: 0.4000000000000001
[TRAIN]: (534/1600): reward: 6.416667990386486, rates: 17.41666816431114, loss: 1.0483204320073127, rho: 0.4000000000000001
[TRAIN]: (535/1600): reward: -17.0, rates: 0, loss: 1.147231562435627, rho: 0.4000000000000001
[TRAIN]: (536/1600): reward: 14.573428645730019, rates: 21.573428538110953, loss: 0.9969171285629272, rho: 0.4000000000000001
[TRAIN]: (537/1600): reward: 26.493969425559044, rates: 30.49396912741565, loss: 0.901972870528698, rho: 0.4000000000000001
[TRAIN]: (538/1600): reward: 25.59775414224714, rates: 32.597754622232976, loss: 1.114138549566269, rho: 0.4000000000000001
[TRAIN]: (539/1600): reward: 21.31189827248454, rates: 27.311898177270187, loss: 1.067310456931591, rho: 0.4000000000000001
[TRAIN]: (540/1600): reward: 28.254238568246365, rates: 32.25423883589575, loss: 1.1170312121510506, rho: 0.4000000000000001
[TRAIN]: (541/1600): reward: -5.813330128788948, rates: 5.18666998250012, loss: 0.915668249130249, rho: 0.4000000000000001
[TRAIN]: (542/1600): reward: 31.228512536734343, rates: 33.22851277375651, loss: 1.177386437356472, rho: 0.4000000000000001
[TRAIN]: (543/1600): reward: 2.9697582572698593, rates: 8.96975825944367, loss: 1.0796905636787415, rho: 0.4000000000000001
[TRAIN]: (544/1600): reward: -2.678946655243635, rates: 8.321053591282869, loss: 0.8655834376811982, rho: 0.4000000000000001
[TRAIN]: (545/1600): reward: 0.664236893877387, rates: 7.664236896994249, loss: 1.424111360311508, rho: 0.4000000000000001
[TRAIN]: (546/1600): reward: 20.002346895635128, rates: 26.002347129278004, loss: 1.416300904750824, rho: 0.4000000000000001
[TRAIN]: (547/1600): reward: 7.658480077981949, rates: 15.658480124938023, loss: 1.0955762773752213, rho: 0.4000000000000001
[TRAIN]: (548/1600): reward: 0.020050048828125, rates: 14.02004984682932, loss: 1.3055917546153069, rho: 0.4000000000000001
[TRAIN]: (549/1600): reward: 25.71703565493226, rates: 31.71703525087795, loss: 0.9659368947148324, rho: 0.4000000000000001
[TRAIN]: (550/1600): reward: 14.334919411689043, rates: 20.334919284247388, loss: 1.1102718010544776, rho: 0.4000000000000001
[TRAIN]: (551/1600): reward: 8.006967835128307, rates: 16.006967806099766, loss: 1.1674395248293876, rho: 0.4000000000000001
[TRAIN]: (552/1600): reward: 12.177408769726753, rates: 19.177408934539162, loss: 1.0304257906973362, rho: 0.4000000000000001
[TRAIN]: (553/1600): reward: 17.236357241868973, rates: 27.23635701289234, loss: 1.024496166408062, rho: 0.4000000000000001
[TRAIN]: (554/1600): reward: 25.92455588839948, rates: 30.924555626222503, loss: 0.8428912088274956, rho: 0.4000000000000001
[TRAIN]: (555/1600): reward: 15.37711963802576, rates: 21.377119987947978, loss: 1.3045879662036897, rho: 0.4000000000000001
[TRAIN]: (556/1600): reward: 17.256409373134375, rates: 22.25640925904875, loss: 1.0659033089876175, rho: 0.4000000000000001
[TRAIN]: (557/1600): reward: 17.3236321285367, rates: 27.323632513935927, loss: 1.05744608938694, rho: 0.4000000000000001
[TRAIN]: (558/1600): reward: -4.988821156322956, rates: 6.011178912589998, loss: 1.1851949751377107, rho: 0.4000000000000001
[TRAIN]: (559/1600): reward: 8.064827173948288, rates: 16.064826851837164, loss: 1.1520905256271363, rho: 0.4000000000000001
[TRAIN]: (560/1600): reward: 27.730631217360497, rates: 35.73063128425176, loss: 1.2389559611678123, rho: 0.4000000000000001
[TRAIN]: (561/1600): reward: 4.7277015298604965, rates: 12.72770151730489, loss: 1.2408783987164498, rho: 0.4000000000000001
[TRAIN]: (562/1600): reward: 37.66507678106427, rates: 39.665077152908545, loss: 0.8911056324839592, rho: 0.4000000000000001
[TRAIN]: (563/1600): reward: 28.007245652377605, rates: 33.00724567952132, loss: 1.123871746659279, rho: 0.4000000000000001
[TRAIN]: (564/1600): reward: 3.55547758936882, rates: 14.555477596428418, loss: 1.244144717603922, rho: 0.4000000000000001
[TRAIN]: (565/1600): reward: 27.86772334203124, rates: 32.86772324561338, loss: 0.9363339990377426, rho: 0.4000000000000001
[TRAIN]: (566/1600): reward: 15.382410138845444, rates: 23.382410195499414, loss: 1.2162748992443084, rho: 0.4000000000000001
[TRAIN]: (567/1600): reward: -12.749397442676127, rates: 0.2506025603812482, loss: 1.1692145437002182, rho: 0.4000000000000001
[TRAIN]: (568/1600): reward: -8.565180979669094, rates: 1.4348190456351615, loss: 0.9998050056397915, rho: 0.4000000000000001
[TRAIN]: (569/1600): reward: -5.251131072640419, rates: 4.748868879207515, loss: 1.3082576736807823, rho: 0.4000000000000001
[TRAIN]: (570/1600): reward: 38.38058723509312, rates: 41.38058716729303, loss: 1.3345043927431106, rho: 0.4000000000000001
[TRAIN]: (571/1600): reward: 26.35485577583313, rates: 33.354855975669075, loss: 1.414773526787758, rho: 0.4000000000000001
[TRAIN]: (572/1600): reward: -4.931771259754896, rates: 6.0682288405164755, loss: 1.2805357187986375, rho: 0.4000000000000001
[TRAIN]: (573/1600): reward: -13.053979232907295, rates: 1.9460207770163347, loss: 1.1108774229884149, rho: 0.4000000000000001
[TRAIN]: (574/1600): reward: 33.635835379362106, rates: 38.63583604419098, loss: 1.2032713174819947, rho: 0.4000000000000001
[TRAIN]: (575/1600): reward: 0.22075314819812775, rates: 9.220752966532075, loss: 1.2933078110218048, rho: 0.4000000000000001
[TRAIN]: (576/1600): reward: 14.532321002334356, rates: 23.53232089278687, loss: 1.2676636666059493, rho: 0.4000000000000001
[TRAIN]: (577/1600): reward: 8.655754327774048, rates: 18.655753847194486, loss: 1.488203328847885, rho: 0.4000000000000001
[TRAIN]: (578/1600): reward: 17.14309135824442, rates: 24.143091591116303, loss: 1.4025371581315995, rho: 0.4000000000000001
[TRAIN]: (579/1600): reward: -6.534543260931969, rates: 5.465456637003621, loss: 1.294498547911644, rho: 0.4000000000000001
[TRAIN]: (580/1600): reward: 5.904694106429815, rates: 13.904694041253673, loss: 1.2638534039258957, rho: 0.4000000000000001
[TRAIN]: (581/1600): reward: 18.260687585920095, rates: 25.2606875215098, loss: 1.2917711198329926, rho: 0.4000000000000001
[TRAIN]: (582/1600): reward: -1.4702258110046387, rates: 13.529774021767109, loss: 1.0301060616970061, rho: 0.4000000000000001
[TRAIN]: (583/1600): reward: 7.304709888994694, rates: 17.304709818915825, loss: 1.4154833018779756, rho: 0.4000000000000001
[TRAIN]: (584/1600): reward: 21.648062378168106, rates: 26.648063064855457, loss: 1.3664145275950432, rho: 0.4000000000000001
[TRAIN]: (585/1600): reward: 17.900000169873238, rates: 23.900000590354413, loss: 1.1565488412976266, rho: 0.4000000000000001
[TRAIN]: (586/1600): reward: 24.838068515062332, rates: 29.83806832525091, loss: 1.511745771765709, rho: 0.4000000000000001
[TRAIN]: (587/1600): reward: -6.202872455120087, rates: 4.797127639718722, loss: 1.2339518412947654, rho: 0.4000000000000001
[TRAIN]: (588/1600): reward: 31.697368271648884, rates: 35.69736805964265, loss: 1.159048581123352, rho: 0.4000000000000001
[TRAIN]: (589/1600): reward: 41.20137282460928, rates: 43.201372424231245, loss: 1.3062486946582794, rho: 0.4000000000000001
[TRAIN]: (590/1600): reward: 16.474278211593628, rates: 28.4742780462721, loss: 1.3456209272146225, rho: 0.4000000000000001
[TRAIN]: (591/1600): reward: 22.799249079078436, rates: 29.79924924725646, loss: 1.3241018056869507, rho: 0.4000000000000001
[TRAIN]: (592/1600): reward: 13.981618966907263, rates: 22.981618643547122, loss: 1.0647354006767273, rho: 0.4000000000000001
[TRAIN]: (593/1600): reward: -15.868980184197426, rates: 0.1310198190442901, loss: 1.3298064053058625, rho: 0.4000000000000001
[TRAIN]: (594/1600): reward: -4.467973668128252, rates: 8.532026294070294, loss: 1.3789661467075347, rho: 0.4000000000000001
[TRAIN]: (595/1600): reward: 20.72595315054059, rates: 26.725953679072497, loss: 1.215834954380989, rho: 0.4000000000000001
[TRAIN]: (596/1600): reward: 22.497138172388077, rates: 28.497138227260315, loss: 1.16284631639719, rho: 0.4000000000000001
[TRAIN]: (597/1600): reward: 16.863089106976986, rates: 24.86308895659852, loss: 1.1098524183034897, rho: 0.4000000000000001
[TRAIN]: (598/1600): reward: -7.0691438019275665, rates: 4.930856129739935, loss: 1.591537195444107, rho: 0.4000000000000001
[TRAIN]: (599/1600): reward: 19.712273057550192, rates: 26.712272664686804, loss: 1.4585617318749429, rho: 0.4000000000000001
[TRAIN]: (600/1600): reward: 0.8793792333453894, rates: 13.879379246943731, loss: 1.349157489836216, rho: 0.4000000000000001
[TRAIN]: (601/1600): reward: 13.545812964439392, rates: 20.54581319238278, loss: 1.5516651391983032, rho: 0.4000000000000001
[TRAIN]: (602/1600): reward: -13.285416910424829, rates: 0.71458310637107, loss: 1.51869535446167, rho: 0.4000000000000001
[TRAIN]: (603/1600): reward: 1.8423039466142654, rates: 13.842303495023895, loss: 1.4900330692529677, rho: 0.4000000000000001
[TRAIN]: (604/1600): reward: -10.322185546159744, rates: 1.67781448092555, loss: 1.116987232863903, rho: 0.4000000000000001
[TRAIN]: (605/1600): reward: 22.934115409851074, rates: 27.934115513752037, loss: 1.3349595606327056, rho: 0.4000000000000001
[TRAIN]: (606/1600): reward: 12.70145844295621, rates: 19.701458477721395, loss: 1.3435786008834838, rho: 0.4000000000000001
[TRAIN]: (607/1600): reward: 9.98499258607626, rates: 18.984992144542204, loss: 1.3373897463083266, rho: 0.4000000000000001
[TRAIN]: (608/1600): reward: -0.6189916878938675, rates: 8.38100819755025, loss: 1.1845474869012833, rho: 0.4000000000000001
[TRAIN]: (609/1600): reward: 41.01101616024971, rates: 43.0110160434178, loss: 1.2939753219485284, rho: 0.4000000000000001
[TRAIN]: (610/1600): reward: 0.9885189086198807, rates: 9.988519147564531, loss: 1.2887067139148711, rho: 0.4000000000000001
[TRAIN]: (611/1600): reward: 6.012824147939682, rates: 15.01282421600279, loss: 1.4776559799909592, rho: 0.4000000000000001
[TRAIN]: (612/1600): reward: 3.0842969976365566, rates: 12.084297056315787, loss: 1.5577737897634507, rho: 0.4000000000000001
[TRAIN]: (613/1600): reward: 0.20465869829058647, rates: 8.204658619546862, loss: 1.4934521913528442, rho: 0.4000000000000001
[TRAIN]: (614/1600): reward: 24.910072311758995, rates: 28.910072647757826, loss: 1.356268984079361, rho: 0.4000000000000001
[TRAIN]: (615/1600): reward: 19.972138676792383, rates: 24.972138166892133, loss: 1.3265136688947679, rho: 0.4000000000000001
[TRAIN]: (616/1600): reward: 2.5615309178829193, rates: 12.561530795969439, loss: 1.3333732634782791, rho: 0.4000000000000001
[TRAIN]: (617/1600): reward: 10.026452466845512, rates: 19.026452548132532, loss: 1.4000313147902488, rho: 0.4000000000000001
[TRAIN]: (618/1600): reward: 28.093322977423668, rates: 32.09332372532258, loss: 1.3709517255425454, rho: 0.4000000000000001
[TRAIN]: (619/1600): reward: 13.660285990685225, rates: 19.660285654538846, loss: 1.2175248011946678, rho: 0.4000000000000001
[TRAIN]: (620/1600): reward: -6.625720918178558, rates: 5.374279119120814, loss: 1.3627100452780723, rho: 0.4000000000000001
[TRAIN]: (621/1600): reward: 2.4817306473851204, rates: 12.481730655416248, loss: 1.431989523768425, rho: 0.4000000000000001
[TRAIN]: (622/1600): reward: -3.8951296210289, rates: 6.104870302172989, loss: 1.4113868027925491, rho: 0.4000000000000001
[TRAIN]: (623/1600): reward: 16.63177978992462, rates: 23.631779713222052, loss: 1.2700480192899704, rho: 0.4000000000000001
[TRAIN]: (624/1600): reward: 2.615362413227558, rates: 11.615362276671378, loss: 1.6047222882509231, rho: 0.4000000000000001
[TRAIN]: (625/1600): reward: 20.590889431536198, rates: 26.590889192418246, loss: 1.436301064491272, rho: 0.4000000000000001
[TRAIN]: (626/1600): reward: 32.81901765149087, rates: 36.81901774813301, loss: 1.1956728518009185, rho: 0.4000000000000001
[TRAIN]: (627/1600): reward: -11.712066415697336, rates: 1.2879335976940562, loss: 1.252195304632187, rho: 0.4000000000000001
[TRAIN]: (628/1600): reward: 16.398561734706163, rates: 22.398561747713355, loss: 1.4182290852069854, rho: 0.4000000000000001
[TRAIN]: (629/1600): reward: -2.963659092783928, rates: 7.036341099636551, loss: 1.3256477147340775, rho: 0.4000000000000001
[TRAIN]: (630/1600): reward: 17.04562322795391, rates: 23.045622931039592, loss: 1.1542911425232887, rho: 0.4000000000000001
[TRAIN]: (631/1600): reward: 25.44932349026203, rates: 29.449323845618668, loss: 1.505587363243103, rho: 0.4000000000000001
[TRAIN]: (632/1600): reward: 15.420061924494803, rates: 21.420062153815213, loss: 1.3539585337042808, rho: 0.4000000000000001
[TRAIN]: (633/1600): reward: -9.471052205190063, rates: 1.5289477871107031, loss: 1.3957552537322044, rho: 0.4000000000000001
[TRAIN]: (634/1600): reward: 2.335579751059413, rates: 10.335579538632818, loss: 1.4845974177122117, rho: 0.4000000000000001
[TRAIN]: (635/1600): reward: 19.478765591979027, rates: 24.478765588080538, loss: 1.2831013768911361, rho: 0.4000000000000001
[TRAIN]: (636/1600): reward: 15.57747115381062, rates: 22.577471019580656, loss: 1.2851225197315217, rho: 0.4000000000000001
[TRAIN]: (637/1600): reward: 18.35551491752267, rates: 24.355514812038717, loss: 1.5301609069108963, rho: 0.4000000000000001
[TRAIN]: (638/1600): reward: 13.266177053097636, rates: 22.266177062919702, loss: 1.5122789919376374, rho: 0.4000000000000001
[TRAIN]: (639/1600): reward: 22.880498230457306, rates: 27.880498116102608, loss: 1.4275224208831787, rho: 0.4000000000000001
[TRAIN]: (640/1600): reward: 8.908378601074219, rates: 16.908378488479308, loss: 1.2810235291719436, rho: 0.4000000000000001
[TRAIN]: (641/1600): reward: 13.15894990414381, rates: 20.158950132406204, loss: 1.4580268204212188, rho: 0.4000000000000001
[TRAIN]: (642/1600): reward: -2.503580176271498, rates: 8.49641964151688, loss: 1.242627039551735, rho: 0.4000000000000001
[TRAIN]: (643/1600): reward: 8.962565124034882, rates: 17.962565011344047, loss: 1.384835633635521, rho: 0.4000000000000001
[TRAIN]: (644/1600): reward: 26.899816170334816, rates: 30.89981620268147, loss: 1.4007615506649018, rho: 0.4000000000000001
[TRAIN]: (645/1600): reward: 21.376959681510925, rates: 26.37695916765708, loss: 1.3295283541083336, rho: 0.4000000000000001
[TRAIN]: (646/1600): reward: 9.373476823791862, rates: 17.37347672935227, loss: 1.3994302988052367, rho: 0.4000000000000001
[TRAIN]: (647/1600): reward: 19.533408474177122, rates: 25.53340855613348, loss: 1.4514122605323792, rho: 0.4000000000000001
[TRAIN]: (648/1600): reward: 24.396605391055346, rates: 29.396605370533223, loss: 1.4114679276943207, rho: 0.4000000000000001
[TRAIN]: (649/1600): reward: 21.02511517703533, rates: 26.025115681534743, loss: 1.3355793923139572, rho: 0.4000000000000001
[TRAIN]: (650/1600): reward: -3.988407328724861, rates: 6.011592702650419, loss: 1.5565494656562806, rho: 0.4000000000000001
[TRAIN]: (651/1600): reward: 16.539698787033558, rates: 23.53969882006864, loss: 1.5029570043087006, rho: 0.4000000000000001
[TRAIN]: (652/1600): reward: 15.242233961820602, rates: 23.24223377756742, loss: 1.4294047236442566, rho: 0.4000000000000001
[TRAIN]: (653/1600): reward: 19.339267686009407, rates: 26.339268103953184, loss: 1.4984780192375182, rho: 0.4000000000000001
[TRAIN]: (654/1600): reward: 14.11549306474626, rates: 21.115492970315962, loss: 1.5928267627954482, rho: 0.4000000000000001
[TRAIN]: (655/1600): reward: -4.65020177513361, rates: 5.349798324162439, loss: 1.4989180594682694, rho: 0.4000000000000001
[TRAIN]: (656/1600): reward: 35.41180692240596, rates: 38.41180674235276, loss: 1.5354692041873932, rho: 0.4000000000000001
[TRAIN]: (657/1600): reward: -8.02790791541338, rates: 3.9720921100728575, loss: 1.371476301550865, rho: 0.4000000000000001
[TRAIN]: (658/1600): reward: 14.409901585429907, rates: 21.409901615138523, loss: 1.3418445408344268, rho: 0.4000000000000001
[TRAIN]: (659/1600): reward: 12.511841263622046, rates: 19.51184148073864, loss: 1.5515972197055816, rho: 0.4000000000000001
[TRAIN]: (660/1600): reward: 20.96985132433474, rates: 25.96985121085439, loss: 1.2810937613248825, rho: 0.4000000000000001
[TRAIN]: (661/1600): reward: 24.89088566042483, rates: 28.890885652737815, loss: 1.5516615062952042, rho: 0.4000000000000001
[TRAIN]: (662/1600): reward: 11.539141036570072, rates: 18.539141248515747, loss: 1.4844487488269806, rho: 0.4000000000000001
[TRAIN]: (663/1600): reward: 26.120442859828472, rates: 31.120442663916386, loss: 1.5447481915354728, rho: 0.4000000000000001
[TRAIN]: (664/1600): reward: 28.66306532174349, rates: 33.66306573271126, loss: 1.5260456830263138, rho: 0.4000000000000001
[TRAIN]: (665/1600): reward: 27.669935727491975, rates: 31.66993634995728, loss: 1.3489062994718553, rho: 0.4000000000000001
[TRAIN]: (666/1600): reward: 37.283486695960164, rates: 39.283486908450655, loss: 1.7250595480203628, rho: 0.4000000000000001
[TRAIN]: (667/1600): reward: 4.854973655194044, rates: 12.85497384324526, loss: 1.5078392595052719, rho: 0.4000000000000001
[TRAIN]: (668/1600): reward: 5.769141733646393, rates: 13.76914191584201, loss: 1.490572738647461, rho: 0.4000000000000001
[TRAIN]: (669/1600): reward: 6.803733911365271, rates: 15.803734075140714, loss: 1.3143459111452103, rho: 0.4000000000000001
[TRAIN]: (670/1600): reward: 3.4103382527828217, rates: 13.410338549557324, loss: 1.3764251351356507, rho: 0.4000000000000001
[TRAIN]: (671/1600): reward: 19.300473015755415, rates: 25.30047279508447, loss: 1.451530385017395, rho: 0.4000000000000001
[TRAIN]: (672/1600): reward: 16.880609698593616, rates: 24.880609897745156, loss: 1.57764989733696, rho: 0.4000000000000001
[TRAIN]: (673/1600): reward: -5.5681253261864185, rates: 5.4318746660000325, loss: 1.368435302376747, rho: 0.4000000000000001
[TRAIN]: (674/1600): reward: 22.05279889330268, rates: 27.05279870632865, loss: 1.4248476207256318, rho: 0.4000000000000001
[TRAIN]: (675/1600): reward: 15.965105004608631, rates: 20.965104894372104, loss: 1.6619025886058807, rho: 0.4000000000000001
[TRAIN]: (676/1600): reward: 23.4649348128587, rates: 28.464935118128224, loss: 1.6209098398685455, rho: 0.4000000000000001
[TRAIN]: (677/1600): reward: 10.610483389813453, rates: 17.6104833705977, loss: 1.3336524575948716, rho: 0.4000000000000001
[TRAIN]: (678/1600): reward: 15.687604563776404, rates: 21.687604814386074, loss: 1.3657129287719727, rho: 0.4000000000000001
[TRAIN]: (679/1600): reward: 4.897187151014805, rates: 13.89718728475804, loss: 1.6572163075208663, rho: 0.4000000000000001
[TRAIN]: (680/1600): reward: 1.289357328787446, rates: 10.289357460986405, loss: 1.422175094485283, rho: 0.4000000000000001
[TRAIN]: (681/1600): reward: 1.847148665226996, rates: 10.8471487955523, loss: 1.6297240287065506, rho: 0.4000000000000001
[TRAIN]: (682/1600): reward: 21.57605816796422, rates: 26.576057988673917, loss: 1.5233092308044434, rho: 0.4000000000000001
[TRAIN]: (683/1600): reward: 36.522148579359055, rates: 40.52214818032486, loss: 1.3829380482435227, rho: 0.4000000000000001
[TRAIN]: (684/1600): reward: 23.01723376661539, rates: 28.01723357837136, loss: 1.4973006755113603, rho: 0.4000000000000001
[TRAIN]: (685/1600): reward: 14.25655072927475, rates: 21.256550565983094, loss: 1.551176306605339, rho: 0.4000000000000001
[TRAIN]: (686/1600): reward: 2.537950575351715, rates: 10.537950246858333, loss: 1.4335804551839828, rho: 0.4000000000000001
[TRAIN]: (687/1600): reward: 2.498262193053961, rates: 11.498262457680823, loss: 1.4960750818252564, rho: 0.4000000000000001
[TRAIN]: (688/1600): reward: 22.0655018389225, rates: 27.065502066070817, loss: 1.5351032257080077, rho: 0.4000000000000001
[TRAIN]: (689/1600): reward: 13.716014206409454, rates: 19.716014261712814, loss: 1.7036492377519608, rho: 0.4000000000000001
[TRAIN]: (690/1600): reward: 20.521252043545246, rates: 25.52125150809295, loss: 1.4639143228530884, rho: 0.4000000000000001
[TRAIN]: (691/1600): reward: 12.34187264740467, rates: 19.341872873774257, loss: 1.794008195400238, rho: 0.4000000000000001
[TRAIN]: (692/1600): reward: 9.420528046786785, rates: 18.420528245100932, loss: 1.5551930248737336, rho: 0.4000000000000001
[TRAIN]: (693/1600): reward: 20.35702858492732, rates: 26.357028192504202, loss: 1.6001774549484253, rho: 0.4000000000000001
[TRAIN]: (694/1600): reward: 10.94933894276619, rates: 18.949338917346218, loss: 1.5072530925273895, rho: 0.4000000000000001
[TRAIN]: (695/1600): reward: 1.5689267478883266, rates: 10.568926468328023, loss: 1.7023534268140792, rho: 0.4000000000000001
[TRAIN]: (696/1600): reward: 19.962140548974276, rates: 24.962140952727825, loss: 1.7144748091697692, rho: 0.4000000000000001
[TRAIN]: (697/1600): reward: 3.3465556697919965, rates: 13.34655504050677, loss: 1.445766893029213, rho: 0.4000000000000001
[TRAIN]: (698/1600): reward: 23.922454588115215, rates: 29.922454309062214, loss: 1.4364917188882829, rho: 0.4000000000000001
[TRAIN]: (699/1600): reward: -3.647247303277254, rates: 7.352752736098983, loss: 1.5009721964597702, rho: 0.4000000000000001
[TRAIN]: (700/1600): reward: 26.98028237745166, rates: 31.980282201518925, loss: 1.4065886080265044, rho: 0.4000000000000001
[TRAIN]: (701/1600): reward: 24.246042728424072, rates: 28.246043173349165, loss: 1.4287599802017212, rho: 0.4000000000000001
[TRAIN]: (702/1600): reward: 14.360246554017067, rates: 21.360246465277385, loss: 1.5685867965221405, rho: 0.4000000000000001
[TRAIN]: (703/1600): reward: -4.203483305871487, rates: 5.796516847067169, loss: 1.2936589926481248, rho: 0.4000000000000001
[TRAIN]: (704/1600): reward: 22.663486547768116, rates: 26.663487053449927, loss: 1.398453387618065, rho: 0.4000000000000001
[TRAIN]: (705/1600): reward: 0.9035578668117523, rates: 11.903558029646874, loss: 1.559915292263031, rho: 0.4000000000000001
[TRAIN]: (706/1600): reward: 9.198232844471931, rates: 18.198232725802125, loss: 1.5254212856292724, rho: 0.4000000000000001
[TRAIN]: (707/1600): reward: 9.070710690692067, rates: 17.07071072025525, loss: 1.3933866560459136, rho: 0.4000000000000001
[TRAIN]: (708/1600): reward: -3.992523070424795, rates: 6.007477140602343, loss: 1.6230169981718063, rho: 0.4000000000000001
[TRAIN]: (709/1600): reward: 21.41755398735404, rates: 28.417553602993422, loss: 1.1945556432008744, rho: 0.4000000000000001
[TRAIN]: (710/1600): reward: 13.02731503546238, rates: 22.027315182360354, loss: 1.4962972819805145, rho: 0.4000000000000001
[TRAIN]: (711/1600): reward: 6.6283960044384, rates: 16.628396276955367, loss: 1.221475550532341, rho: 0.4000000000000001
[TRAIN]: (712/1600): reward: 8.892531922087073, rates: 16.89253177374872, loss: 1.5521111845970155, rho: 0.4000000000000001
[TRAIN]: (713/1600): reward: -5.166075859218836, rates: 4.833924081526296, loss: 1.6065296530723572, rho: 0.4000000000000001
[TRAIN]: (714/1600): reward: 3.829016886651516, rates: 12.829016809531415, loss: 1.4545415073633194, rho: 0.4000000000000001
[TRAIN]: (715/1600): reward: 29.35703788883984, rates: 33.35703706982512, loss: 1.3230218857526779, rho: 0.4000000000000001
[TRAIN]: (716/1600): reward: 7.356659719720483, rates: 15.356659460422676, loss: 1.4839765891432761, rho: 0.4000000000000001
[TRAIN]: (717/1600): reward: 8.425513219088316, rates: 16.42551322529467, loss: 1.6107808768749237, rho: 0.4000000000000001
[TRAIN]: (718/1600): reward: 23.75580656155944, rates: 29.75580619670805, loss: 1.7383253455162049, rho: 0.4000000000000001
[TRAIN]: (719/1600): reward: -12.717445604503155, rates: 0.2825543891658707, loss: 1.5426352977752686, rho: 0.4000000000000001
[TRAIN]: (720/1600): reward: 21.89043713733554, rates: 27.890437400572747, loss: 1.5062523990869523, rho: 0.4000000000000001
[TRAIN]: (721/1600): reward: 25.28443383425474, rates: 30.28443337580457, loss: 1.538991418480873, rho: 0.4000000000000001
[TRAIN]: (722/1600): reward: -4.24721172451973, rates: 5.75278852449913, loss: 1.54700974971056, rho: 0.4000000000000001
[TRAIN]: (723/1600): reward: 18.285915687680244, rates: 24.28591490240805, loss: 1.4628696203231812, rho: 0.4000000000000001
[TRAIN]: (724/1600): reward: -0.1841274667531252, rates: 10.815872669330988, loss: 1.466176874935627, rho: 0.4000000000000001
[TRAIN]: (725/1600): reward: 28.873672232031822, rates: 32.87367200710774, loss: 1.4821181684732436, rho: 0.4000000000000001
[TRAIN]: (726/1600): reward: 18.08267206698656, rates: 24.082672208336184, loss: 1.431413134932518, rho: 0.4000000000000001
[TRAIN]: (727/1600): reward: 19.037665404379368, rates: 25.03766555161166, loss: 1.537738451361656, rho: 0.4000000000000001
[TRAIN]: (728/1600): reward: 23.021599624305964, rates: 29.021600269977064, loss: 1.56971275806427, rho: 0.4000000000000001
[TRAIN]: (729/1600): reward: 18.578420212492347, rates: 23.578420280859625, loss: 1.5744579583406448, rho: 0.4000000000000001
[TRAIN]: (730/1600): reward: 26.186384454369545, rates: 32.18638426468125, loss: 1.7688768476247787, rho: 0.4000000000000001
[TRAIN]: (731/1600): reward: 19.38475977256894, rates: 26.384759702252722, loss: 1.405391862988472, rho: 0.4000000000000001
[TRAIN]: (732/1600): reward: 27.609568659216166, rates: 31.609568209647442, loss: 1.454226052761078, rho: 0.4000000000000001
[TRAIN]: (733/1600): reward: 6.691945120692253, rates: 14.691945302337626, loss: 1.8294668555259705, rho: 0.4000000000000001
[TRAIN]: (734/1600): reward: 7.092593789100647, rates: 14.092593585073587, loss: 1.3618746995925903, rho: 0.4000000000000001
[TRAIN]: (735/1600): reward: 19.368599638342857, rates: 24.368599386735475, loss: 1.5322808831930161, rho: 0.4000000000000001
[TRAIN]: (736/1600): reward: 18.427726324647665, rates: 23.42772624006611, loss: 1.4543472558259964, rho: 0.4000000000000001
[TRAIN]: (737/1600): reward: 21.901444390416145, rates: 26.90144398065661, loss: 1.489677819609642, rho: 0.4000000000000001
[TRAIN]: (738/1600): reward: 3.24652049690485, rates: 11.246520743489267, loss: 1.620704036951065, rho: 0.4000000000000001
[TRAIN]: (739/1600): reward: 13.653955239802599, rates: 20.65395497917792, loss: 1.3984629601240157, rho: 0.4000000000000001
[TRAIN]: (740/1600): reward: 23.320029778406024, rates: 27.320029770364947, loss: 1.575090119242668, rho: 0.4000000000000001
[TRAIN]: (741/1600): reward: 26.316610801965, rates: 30.31661101128977, loss: 1.4633492588996888, rho: 0.4000000000000001
[TRAIN]: (742/1600): reward: 24.32382971793413, rates: 28.32382910133356, loss: 1.8077008485794068, rho: 0.4000000000000001
[TRAIN]: (743/1600): reward: 20.949186511337757, rates: 25.949186521745386, loss: 1.3748088240623475, rho: 0.4000000000000001
[TRAIN]: (744/1600): reward: 17.85174641571939, rates: 23.851747012310707, loss: 1.4775175034999848, rho: 0.4000000000000001
[TRAIN]: (745/1600): reward: 6.322889272123575, rates: 15.32288942378953, loss: 1.57601038813591, rho: 0.4000000000000001
[TRAIN]: (746/1600): reward: 22.800103329122066, rates: 27.800103990119194, loss: 1.4021481454372406, rho: 0.4000000000000001
[TRAIN]: (747/1600): reward: -1.685027502477169, rates: 7.314972580522142, loss: 1.510021263360977, rho: 0.4000000000000001
[TRAIN]: (748/1600): reward: 17.805895060300827, rates: 23.805895274383406, loss: 1.5713439524173736, rho: 0.4000000000000001
[TRAIN]: (749/1600): reward: -0.7823799028992653, rates: 8.217620101187235, loss: 1.2366009384393692, rho: 0.4000000000000001
[TRAIN]: (750/1600): reward: 11.589601461775601, rates: 18.589601608204916, loss: 1.5140746086835861, rho: 0.4000000000000001
[TRAIN]: (751/1600): reward: 23.92068573087454, rates: 28.92068484593314, loss: 1.562511247396469, rho: 0.4000000000000001
[TRAIN]: (752/1600): reward: 17.142523556947708, rates: 23.142523760747064, loss: 1.4237385183572768, rho: 0.4000000000000001
[TRAIN]: (753/1600): reward: 8.732295440509915, rates: 15.732295436046957, loss: 1.6979268014431, rho: 0.4000000000000001
[TRAIN]: (754/1600): reward: 31.205473393201828, rates: 33.205473663164014, loss: 1.4875114798545837, rho: 0.4000000000000001
[TRAIN]: (755/1600): reward: 14.572305087000132, rates: 20.57230542742883, loss: 1.3685425758361816, rho: 0.4000000000000001
[TRAIN]: (756/1600): reward: 27.93079523742199, rates: 32.930795226562815, loss: 1.5281580328941344, rho: 0.4000000000000001
[TRAIN]: (757/1600): reward: 22.43764604255557, rates: 26.437646009186015, loss: 1.5412702947854995, rho: 0.4000000000000001
[TRAIN]: (758/1600): reward: 16.598937580361962, rates: 22.598937325600144, loss: 1.7618849992752075, rho: 0.4000000000000001
[TRAIN]: (759/1600): reward: 17.74341420829296, rates: 22.743414390383293, loss: 1.3478659629821776, rho: 0.4000000000000001
[TRAIN]: (760/1600): reward: 34.35477728769183, rates: 37.35477776908466, loss: 1.5162239089608192, rho: 0.4000000000000001
[TRAIN]: (761/1600): reward: 22.6510747410357, rates: 27.651074655611527, loss: 1.4560566008090974, rho: 0.4000000000000001
[TRAIN]: (762/1600): reward: 25.102335147559643, rates: 29.102334533795048, loss: 1.2879669338464736, rho: 0.4000000000000001
[TRAIN]: (763/1600): reward: 20.889574714004993, rates: 25.88957494856216, loss: 1.3306306540966033, rho: 0.4000000000000001
[TRAIN]: (764/1600): reward: 13.278102206764743, rates: 19.278102661524116, loss: 1.3279051959514618, rho: 0.4000000000000001
[TRAIN]: (765/1600): reward: 12.085976786911488, rates: 19.08597690436038, loss: 1.442048227787018, rho: 0.4000000000000001
[TRAIN]: (766/1600): reward: 20.343430802226067, rates: 26.343430555727664, loss: 1.3883459627628327, rho: 0.4000000000000001
[TRAIN]: (767/1600): reward: 22.524858130142093, rates: 28.524858158662056, loss: 1.7235590666532516, rho: 0.4000000000000001
[TRAIN]: (768/1600): reward: 9.115520905703306, rates: 18.115520451971094, loss: 1.265600037574768, rho: 0.4000000000000001
[TRAIN]: (769/1600): reward: 8.857769846916199, rates: 15.857769792789608, loss: 1.7619387716054917, rho: 0.4000000000000001
[TRAIN]: (770/1600): reward: 38.11866708472371, rates: 39.11866746752738, loss: 1.489911013841629, rho: 0.4000000000000001
[TRAIN]: (771/1600): reward: 18.60329670086503, rates: 23.603296674840486, loss: 1.3809028804302215, rho: 0.4000000000000001
[TRAIN]: (772/1600): reward: 24.107741724699736, rates: 29.107742125745762, loss: 1.529375332593918, rho: 0.4000000000000001
[TRAIN]: (773/1600): reward: 20.132453925907612, rates: 25.132454019160313, loss: 1.565335950255394, rho: 0.4000000000000001
[TRAIN]: (774/1600): reward: 23.305528366938233, rates: 27.305528939428626, loss: 1.675100277364254, rho: 0.4000000000000001
[TRAIN]: (775/1600): reward: 1.250575851649046, rates: 9.250575735353614, loss: 1.4111246317625046, rho: 0.4000000000000001
[TRAIN]: (776/1600): reward: 7.887417055666447, rates: 14.88741722513683, loss: 1.3777614891529084, rho: 0.4000000000000001
[TRAIN]: (777/1600): reward: 18.703823745250702, rates: 26.703823657420806, loss: 1.4994788110256194, rho: 0.4000000000000001
[TRAIN]: (778/1600): reward: 18.410193637013435, rates: 23.410193466075683, loss: 1.2774874061346053, rho: 0.4000000000000001
[TRAIN]: (779/1600): reward: 28.30264724045992, rates: 32.30264727483761, loss: 1.4798478871583938, rho: 0.4000000000000001
[TRAIN]: (780/1600): reward: 27.428400687873363, rates: 32.42840037462267, loss: 1.6382474839687347, rho: 0.4000000000000001
[TRAIN]: (781/1600): reward: 29.59896559268236, rates: 32.59896562919129, loss: 1.346684318780899, rho: 0.4000000000000001
[TRAIN]: (782/1600): reward: 16.717288948595524, rates: 22.71728892771634, loss: 1.6629288226366044, rho: 0.4000000000000001
[TRAIN]: (783/1600): reward: 18.716835024300963, rates: 23.716835065124997, loss: 1.515596416592598, rho: 0.4000000000000001
[TRAIN]: (784/1600): reward: 16.333080276846886, rates: 21.3330802974431, loss: 1.6897049874067307, rho: 0.4000000000000001
[TRAIN]: (785/1600): reward: 19.132679514586926, rates: 24.132679349547107, loss: 1.504564532637596, rho: 0.4000000000000001
[TRAIN]: (786/1600): reward: 16.586191937327385, rates: 21.586192183359515, loss: 1.484140259027481, rho: 0.4000000000000001
[TRAIN]: (787/1600): reward: 5.898372892290354, rates: 12.898372964580977, loss: 1.5432857364416122, rho: 0.4000000000000001
[TRAIN]: (788/1600): reward: 14.585258580744267, rates: 18.58525847600482, loss: 1.44885346442461, rho: 0.4000000000000001
[TRAIN]: (789/1600): reward: 21.42467549443245, rates: 26.424675157709437, loss: 1.406376165151596, rho: 0.4000000000000001
[TRAIN]: (790/1600): reward: 23.35643047094345, rates: 28.356430120270748, loss: 1.627726349234581, rho: 0.4000000000000001
[TRAIN]: (791/1600): reward: 21.302921548485756, rates: 26.30292179823583, loss: 1.15869088023901, rho: 0.4000000000000001
[TRAIN]: (792/1600): reward: 23.278839223086834, rates: 28.27883907709477, loss: 1.5989883661270141, rho: 0.4000000000000001
[TRAIN]: (793/1600): reward: 20.68662748672068, rates: 23.68662758555795, loss: 1.549804189801216, rho: 0.4000000000000001
[TRAIN]: (794/1600): reward: 43.33336449414492, rates: 45.33336528805544, loss: 1.713437008857727, rho: 0.4000000000000001
[TRAIN]: (795/1600): reward: 29.242038503289223, rates: 31.242038542710603, loss: 1.444756853580475, rho: 0.4000000000000001
[TRAIN]: (796/1600): reward: 20.288279071450233, rates: 25.288279010138822, loss: 1.616496166586876, rho: 0.4000000000000001
[TRAIN]: (797/1600): reward: 25.599866673350334, rates: 29.599866451761148, loss: 1.3650729775428772, rho: 0.4000000000000001
[TRAIN]: (798/1600): reward: 34.001149136573076, rates: 36.001149648839046, loss: 1.4357735350728036, rho: 0.4000000000000001
[TRAIN]: (799/1600): reward: 3.751054387539625, rates: 10.751054238937623, loss: 1.5971986800432205, rho: 0.4000000000000001
[TRAIN]: (800/1600): reward: -7.737635537981987, rates: 1.2623644848668343, loss: 1.1752548456192016, rho: 0.4000000000000001
[TRAIN]: (801/1600): reward: 17.373201802372932, rates: 21.37320185163205, loss: 1.4937756761908532, rho: 0.4000000000000001
[TRAIN]: (802/1600): reward: 19.4565412402153, rates: 24.45654091141893, loss: 1.5077508091926575, rho: 0.4000000000000001
[TRAIN]: (803/1600): reward: 5.870137041434646, rates: 12.870136821630087, loss: 1.340549010038376, rho: 0.4000000000000001
[TRAIN]: (804/1600): reward: 27.743281261995435, rates: 30.743281109012088, loss: 1.4986175090074538, rho: 0.4000000000000001
[TRAIN]: (805/1600): reward: 26.598464716225863, rates: 31.59846476625902, loss: 1.4873828515410423, rho: 0.4000000000000001
[TRAIN]: (806/1600): reward: 20.01691672950983, rates: 25.016916401629196, loss: 1.4479175046086312, rho: 0.4000000000000001
[TRAIN]: (807/1600): reward: 25.214989058673382, rates: 28.214988625455927, loss: 1.7938327759504318, rho: 0.4000000000000001
[TRAIN]: (808/1600): reward: 17.749373022466898, rates: 22.749373155821566, loss: 1.478513729572296, rho: 0.4000000000000001
[TRAIN]: (809/1600): reward: 8.90307580307126, rates: 15.9030760146379, loss: 1.5251199930906296, rho: 0.4000000000000001
[TRAIN]: (810/1600): reward: 23.045007409527898, rates: 26.045007406379597, loss: 1.4006504952907561, rho: 0.4000000000000001
[TRAIN]: (811/1600): reward: 30.363616444170475, rates: 34.36361646434406, loss: 1.5894155532121659, rho: 0.4000000000000001
[TRAIN]: (812/1600): reward: 15.142993953078985, rates: 21.142993686948145, loss: 1.6394282519817351, rho: 0.4000000000000001
[TRAIN]: (813/1600): reward: 20.439093813300133, rates: 24.439093693729035, loss: 1.4801595628261566, rho: 0.4000000000000001
[TRAIN]: (814/1600): reward: 15.013240531086922, rates: 22.013240979643967, loss: 1.2709703490138053, rho: 0.4000000000000001
[TRAIN]: (815/1600): reward: 11.753572691231966, rates: 18.75357229263673, loss: 1.4755832254886627, rho: 0.4000000000000001
[TRAIN]: (816/1600): reward: 25.58376009762287, rates: 29.58376003024535, loss: 1.5179433226585388, rho: 0.4000000000000001
[TRAIN]: (817/1600): reward: 26.735093474388123, rates: 30.73509393345329, loss: 1.5988578975200654, rho: 0.4000000000000001
[TRAIN]: (818/1600): reward: 24.027224361896515, rates: 29.027224230298835, loss: 1.7047594666481019, rho: 0.4000000000000001
[TRAIN]: (819/1600): reward: 5.277724672108889, rates: 13.277724690282131, loss: 1.607786387205124, rho: 0.4000000000000001
[TRAIN]: (820/1600): reward: -3.0272008515894413, rates: 5.972799255972961, loss: 1.6490397453308105, rho: 0.4000000000000001
[TRAIN]: (821/1600): reward: 15.376348033547401, rates: 19.376348285522834, loss: 1.5247257351875305, rho: 0.4000000000000001
[TRAIN]: (822/1600): reward: 23.2061066031456, rates: 27.206106322389587, loss: 1.5281731247901917, rho: 0.4000000000000001
[TRAIN]: (823/1600): reward: 24.912203188985586, rates: 27.912202663499087, loss: 1.3157706379890441, rho: 0.4000000000000001
[TRAIN]: (824/1600): reward: 26.472719222307205, rates: 29.472719336133327, loss: 1.3394126534461974, rho: 0.4000000000000001
[TRAIN]: (825/1600): reward: 19.14756653830409, rates: 23.14756663248838, loss: 1.2895772337913514, rho: 0.4000000000000001
[TRAIN]: (826/1600): reward: 21.632284481078386, rates: 24.63228465888378, loss: 1.5453241795301438, rho: 0.4000000000000001
[TRAIN]: (827/1600): reward: 20.69694991596043, rates: 24.696950117988603, loss: 1.6862760484218597, rho: 0.4000000000000001
[TRAIN]: (828/1600): reward: 35.44022397696972, rates: 37.44022356180675, loss: 1.2000446230173112, rho: 0.4000000000000001
[TRAIN]: (829/1600): reward: 19.65538938716054, rates: 25.655389226993414, loss: 1.4345664381980896, rho: 0.4000000000000001
[TRAIN]: (830/1600): reward: 34.842242806218565, rates: 36.84224285528305, loss: 1.2200713217258454, rho: 0.4000000000000001
[TRAIN]: (831/1600): reward: 30.208919510245323, rates: 34.20891977418137, loss: 1.3031546607613564, rho: 0.4000000000000001
[TRAIN]: (832/1600): reward: 24.76647461950779, rates: 26.766474241868018, loss: 1.8596786558628082, rho: 0.4000000000000001
[TRAIN]: (833/1600): reward: 28.714862179011106, rates: 31.714861958527298, loss: 1.5587626516819, rho: 0.4000000000000001
[TRAIN]: (834/1600): reward: 17.266882893629372, rates: 21.266882984811676, loss: 1.4743828445672988, rho: 0.4000000000000001
[TRAIN]: (835/1600): reward: 13.94783103466034, rates: 20.947830685914823, loss: 1.522048783302307, rho: 0.4000000000000001
[TRAIN]: (836/1600): reward: 21.402129512280226, rates: 26.402129634841916, loss: 1.4817851275205611, rho: 0.4000000000000001
[TRAIN]: (837/1600): reward: 12.8403589874506, rates: 18.840359564233076, loss: 1.6317532747983932, rho: 0.4000000000000001
[TRAIN]: (838/1600): reward: 25.416653340682387, rates: 28.416653503561143, loss: 1.3808545783162116, rho: 0.4000000000000001
[TRAIN]: (839/1600): reward: 10.944253340363503, rates: 16.944253409999476, loss: 1.513386422395706, rho: 0.4000000000000001
[TRAIN]: (840/1600): reward: 13.66295638307929, rates: 18.662956289977608, loss: 1.5977720767259598, rho: 0.4000000000000001
[TRAIN]: (841/1600): reward: 31.283000882714987, rates: 33.28300140978302, loss: 1.7059281080961228, rho: 0.4000000000000001
[TRAIN]: (842/1600): reward: 27.45811066031456, rates: 29.45811083188963, loss: 1.3679677188396453, rho: 0.4000000000000001
[TRAIN]: (843/1600): reward: 21.87303007300943, rates: 25.873030270539843, loss: 1.4269915014505385, rho: 0.4000000000000001
[TRAIN]: (844/1600): reward: 22.920935355126858, rates: 27.920935288144612, loss: 1.3208593040704728, rho: 0.4000000000000001
[TRAIN]: (845/1600): reward: 22.203442790545523, rates: 26.203442859727915, loss: 1.4421623528003693, rho: 0.4000000000000001
[TRAIN]: (846/1600): reward: 16.26211077719927, rates: 20.262110571621612, loss: 1.5853540152311325, rho: 0.4000000000000001
[TRAIN]: (847/1600): reward: 23.886859595775604, rates: 28.88685990663562, loss: 1.475660678744316, rho: 0.4000000000000001
[TRAIN]: (848/1600): reward: 15.935680255293846, rates: 20.935679881777318, loss: 1.250607541203499, rho: 0.4000000000000001
[TRAIN]: (849/1600): reward: 13.261459685862064, rates: 19.26145981657778, loss: 1.5116109803318978, rho: 0.4000000000000001
[TRAIN]: (850/1600): reward: 22.538554660975933, rates: 25.538554580102026, loss: 1.3741822600364686, rho: 0.4000000000000001
[TRAIN]: (851/1600): reward: 25.510973021388054, rates: 29.510972746193403, loss: 1.5728753328323364, rho: 0.4000000000000001
[TRAIN]: (852/1600): reward: 24.739688811823726, rates: 28.739688593952465, loss: 1.4833455950021743, rho: 0.4000000000000001
[TRAIN]: (853/1600): reward: 29.722220979630947, rates: 31.722221323974694, loss: 1.5961285650730133, rho: 0.4000000000000001
[TRAIN]: (854/1600): reward: 24.980293665081263, rates: 28.980293679271234, loss: 1.5691522777080535, rho: 0.4000000000000001
[TRAIN]: (855/1600): reward: 20.69104182953015, rates: 24.69104167232641, loss: 1.492707324028015, rho: 0.4000000000000001
[TRAIN]: (856/1600): reward: 25.061173051595688, rates: 29.06117297436427, loss: 1.6918473690748215, rho: 0.4000000000000001
[TRAIN]: (857/1600): reward: 25.420967569574714, rates: 28.420967561513322, loss: 1.2892956554889679, rho: 0.4000000000000001
[TRAIN]: (858/1600): reward: 24.184599861502647, rates: 28.184599691426865, loss: 1.519957834482193, rho: 0.4000000000000001
[TRAIN]: (859/1600): reward: 13.675520569086075, rates: 19.675520349254136, loss: 1.3612158358097077, rho: 0.4000000000000001
[TRAIN]: (860/1600): reward: 22.85587302967906, rates: 26.855872919856807, loss: 1.303767943382263, rho: 0.4000000000000001
[TRAIN]: (861/1600): reward: 23.752814557403326, rates: 26.752814768803308, loss: 1.7578067868947982, rho: 0.4000000000000001
[TRAIN]: (862/1600): reward: 15.564774625003338, rates: 19.5647746524898, loss: 1.3363417118787766, rho: 0.4000000000000001
[TRAIN]: (863/1600): reward: 33.99157442525029, rates: 35.991574371776366, loss: 1.4404317766427994, rho: 0.4000000000000001
[TRAIN]: (864/1600): reward: 25.56502367183566, rates: 28.565023649030376, loss: 1.7154684782028198, rho: 0.4000000000000001
[TRAIN]: (865/1600): reward: 23.61319112405181, rates: 27.613190873046918, loss: 1.5936970055103301, rho: 0.4000000000000001
[TRAIN]: (866/1600): reward: 31.350053504109383, rates: 33.35005335488254, loss: 1.3788433372974396, rho: 0.4000000000000001
[TRAIN]: (867/1600): reward: 13.474146106280386, rates: 17.474146046422906, loss: 1.7903843998908997, rho: 0.4000000000000001
[TRAIN]: (868/1600): reward: 25.50110748410225, rates: 30.50110734392257, loss: 1.6681269735097886, rho: 0.4000000000000001
[TRAIN]: (869/1600): reward: 34.26548649743199, rates: 36.26548625446663, loss: 1.453716218471527, rho: 0.4000000000000001
[TRAIN]: (870/1600): reward: 17.899022042751312, rates: 23.89902187509456, loss: 1.4168966755270958, rho: 0.4000000000000001
[TRAIN]: (871/1600): reward: 14.958159869536757, rates: 19.958160142479695, loss: 1.742529311776161, rho: 0.4000000000000001
[TRAIN]: (872/1600): reward: 24.01448367163539, rates: 26.014483329757002, loss: 1.5809890866279601, rho: 0.4000000000000001
[TRAIN]: (873/1600): reward: 23.06234572455287, rates: 26.062345549171628, loss: 1.7825519129633904, rho: 0.4000000000000001
[TRAIN]: (874/1600): reward: 20.952223420143127, rates: 26.952223466467885, loss: 1.5755943402647972, rho: 0.4000000000000001
[TRAIN]: (875/1600): reward: 21.55358326807618, rates: 25.5535833152867, loss: 1.5750381529331208, rho: 0.4000000000000001
[TRAIN]: (876/1600): reward: 37.988907255232334, rates: 37.98890719212671, loss: 1.7100238621234893, rho: 0.4000000000000001
[TRAIN]: (877/1600): reward: 26.147280514240265, rates: 30.14728052519171, loss: 1.4544234350323677, rho: 0.4000000000000001
[TRAIN]: (878/1600): reward: 27.403035655617714, rates: 31.403035925444332, loss: 1.584987223148346, rho: 0.4000000000000001
[TRAIN]: (879/1600): reward: 26.22660243883729, rates: 28.22660228840976, loss: 1.4960386753082275, rho: 0.4000000000000001
[TRAIN]: (880/1600): reward: 18.372492387890816, rates: 23.37249221004618, loss: 1.7222821056842803, rho: 0.4000000000000001
[TRAIN]: (881/1600): reward: 25.446882516145706, rates: 29.44688244174371, loss: 1.4674786567687987, rho: 0.4000000000000001
[TRAIN]: (882/1600): reward: 20.350854985415936, rates: 24.35085510675209, loss: 1.5842803597450257, rho: 0.4000000000000001
[TRAIN]: (883/1600): reward: 24.373791383579373, rates: 28.373791138333416, loss: 1.4023708701133728, rho: 0.4000000000000001
[TRAIN]: (884/1600): reward: 35.01207194104791, rates: 36.01207150378385, loss: 1.380471934378147, rho: 0.4000000000000001
[TRAIN]: (885/1600): reward: 21.847561463713646, rates: 25.847561305498385, loss: 1.480266386270523, rho: 0.4000000000000001
[TRAIN]: (886/1600): reward: 20.871872644871473, rates: 24.87187281049131, loss: 1.764234483242035, rho: 0.4000000000000001
[TRAIN]: (887/1600): reward: 21.787794580683112, rates: 25.787793996947652, loss: 1.5875472933053971, rho: 0.4000000000000001
[TRAIN]: (888/1600): reward: 30.712447345256805, rates: 33.71244756217994, loss: 1.7739071547985077, rho: 0.4000000000000001
[TRAIN]: (889/1600): reward: 14.723797015845776, rates: 19.723797205072906, loss: 1.5399848163127898, rho: 0.4000000000000001
[TRAIN]: (890/1600): reward: 1.8968345616012812, rates: 7.896834455808596, loss: 1.3981408715248107, rho: 0.4000000000000001
[TRAIN]: (891/1600): reward: 16.8857584297657, rates: 21.88575858355759, loss: 1.5877250924706459, rho: 0.4000000000000001
[TRAIN]: (892/1600): reward: 17.690451081842184, rates: 20.69045092027546, loss: 1.6871173828840256, rho: 0.4000000000000001
[TRAIN]: (893/1600): reward: 21.46580968797207, rates: 24.465809334333578, loss: 1.453880277276039, rho: 0.4000000000000001
[TRAIN]: (894/1600): reward: 24.945630272850394, rates: 27.94563061696704, loss: 1.6533419370651246, rho: 0.4000000000000001
[TRAIN]: (895/1600): reward: 30.239821419119835, rates: 32.239821808164116, loss: 1.5631955921649934, rho: 0.4000000000000001
[TRAIN]: (896/1600): reward: 33.26892286539078, rates: 37.26892331229968, loss: 1.5568896979093552, rho: 0.4000000000000001
[TRAIN]: (897/1600): reward: 32.27822070196271, rates: 33.27822057258042, loss: 1.21638523042202, rho: 0.4000000000000001
[TRAIN]: (898/1600): reward: 8.081416055560112, rates: 15.081415784582196, loss: 1.6970162481069564, rho: 0.4000000000000001
[TRAIN]: (899/1600): reward: 20.681251542642713, rates: 24.681251435367724, loss: 1.619687420129776, rho: 0.4000000000000001
[TRAIN]: (900/1600): reward: 24.1849356405437, rates: 27.184935759872467, loss: 1.5459481447935104, rho: 0.4000000000000001
[TRAIN]: (901/1600): reward: 15.881359308958054, rates: 19.881359638850732, loss: 1.4168884575366973, rho: 0.4000000000000001
[TRAIN]: (902/1600): reward: 35.468177653849125, rates: 36.46817784273965, loss: 1.3339263767004013, rho: 0.4000000000000001
[TRAIN]: (903/1600): reward: 23.038556553423405, rates: 24.0385567125833, loss: 1.4215943664312363, rho: 0.4000000000000001
[TRAIN]: (904/1600): reward: 22.309571251273155, rates: 25.30957154011107, loss: 1.6288189083337783, rho: 0.4000000000000001
[TRAIN]: (905/1600): reward: 19.44210572168231, rates: 23.442105467901747, loss: 1.6968605160713195, rho: 0.4000000000000001
[TRAIN]: (906/1600): reward: 18.184047989547253, rates: 22.184047721482873, loss: 1.4449178516864776, rho: 0.4000000000000001
[TRAIN]: (907/1600): reward: 26.360563538968563, rates: 30.360562995394645, loss: 1.719080674648285, rho: 0.4000000000000001
[TRAIN]: (908/1600): reward: 24.691135421395302, rates: 27.691135281501108, loss: 1.4646509438753128, rho: 0.4000000000000001
[TRAIN]: (909/1600): reward: 17.095574766397476, rates: 20.095574836278644, loss: 1.4413249433040618, rho: 0.4000000000000001
[TRAIN]: (910/1600): reward: 25.76968938857317, rates: 28.769689767745135, loss: 1.4799415618181229, rho: 0.4000000000000001
[TRAIN]: (911/1600): reward: 23.10130812227726, rates: 26.10130806578912, loss: 1.543939146399498, rho: 0.4000000000000001
[TRAIN]: (912/1600): reward: 18.77622428908944, rates: 21.77622450973119, loss: 1.5502953588962556, rho: 0.4000000000000001
[TRAIN]: (913/1600): reward: 30.739168129861355, rates: 34.739168879900156, loss: 1.3622877955436707, rho: 0.4000000000000001
[TRAIN]: (914/1600): reward: 31.167152177542448, rates: 32.16715216215724, loss: 1.6115037381649018, rho: 0.4000000000000001
[TRAIN]: (915/1600): reward: 34.42726887203753, rates: 36.42726868211352, loss: 1.5306943982839585, rho: 0.4000000000000001
[TRAIN]: (916/1600): reward: 23.366274163126945, rates: 26.366274655794506, loss: 1.5749244511127471, rho: 0.4000000000000001
[TRAIN]: (917/1600): reward: 38.473553113639355, rates: 38.473553530964985, loss: 1.8684762090444564, rho: 0.4000000000000001
[TRAIN]: (918/1600): reward: 35.420061357319355, rates: 36.42006157826154, loss: 1.5190313845872878, rho: 0.4000000000000001
[TRAIN]: (919/1600): reward: 32.33060251176357, rates: 36.33060306854506, loss: 1.676508092880249, rho: 0.4000000000000001
[TRAIN]: (920/1600): reward: 43.29804245010018, rates: 44.29804208136178, loss: 1.7196066558361054, rho: 0.4000000000000001
[TRAIN]: (921/1600): reward: 31.475977383553982, rates: 34.47597747160217, loss: 1.7638518810272217, rho: 0.4000000000000001
[TRAIN]: (922/1600): reward: 33.649405125528574, rates: 35.6494049571731, loss: 1.4293391525745391, rho: 0.4000000000000001
[TRAIN]: (923/1600): reward: 36.36118669807911, rates: 38.36118674875771, loss: 1.6484068661928177, rho: 0.4000000000000001
[TRAIN]: (924/1600): reward: 36.05060326680541, rates: 38.050602799448846, loss: 1.6977516740560532, rho: 0.4000000000000001
[TRAIN]: (925/1600): reward: 31.760878548026085, rates: 34.760878481914574, loss: 1.53448246717453, rho: 0.4000000000000001
[TRAIN]: (926/1600): reward: 25.51820549927652, rates: 29.51820587811377, loss: 1.6925558745861053, rho: 0.4000000000000001
[TRAIN]: (927/1600): reward: 34.00790658593178, rates: 37.00790653812561, loss: 1.6379704087972642, rho: 0.4000000000000001
[TRAIN]: (928/1600): reward: 21.155799054540694, rates: 26.155799099586098, loss: 1.7927088424563409, rho: 0.4000000000000001
[TRAIN]: (929/1600): reward: 30.862416464835405, rates: 31.862416941269792, loss: 1.5272678315639496, rho: 0.4000000000000001
[TRAIN]: (930/1600): reward: 35.46609309501946, rates: 36.46609315312753, loss: 1.7291133254766464, rho: 0.4000000000000001
[TRAIN]: (931/1600): reward: 26.27618796378374, rates: 28.276187879579876, loss: 1.557144671678543, rho: 0.4000000000000001
[TRAIN]: (932/1600): reward: 20.948168013244867, rates: 24.948168415031667, loss: 1.699295324087143, rho: 0.4000000000000001
[TRAIN]: (933/1600): reward: 18.774472694844007, rates: 23.774472571813092, loss: 1.6072299242019654, rho: 0.4000000000000001
[TRAIN]: (934/1600): reward: 32.36192658171058, rates: 35.361926491840876, loss: 1.6233188658952713, rho: 0.4000000000000001
[TRAIN]: (935/1600): reward: 6.672436213120818, rates: 13.672436009106834, loss: 1.788379254937172, rho: 0.4000000000000001
[TRAIN]: (936/1600): reward: 30.38016289100051, rates: 34.38016256506298, loss: 1.8420420318841935, rho: 0.4000000000000001
[TRAIN]: (937/1600): reward: 18.25431089103222, rates: 22.254310653253093, loss: 1.7420327961444855, rho: 0.4000000000000001
[TRAIN]: (938/1600): reward: 31.714487373828888, rates: 33.714486971906446, loss: 1.3393662363290786, rho: 0.4000000000000001
[TRAIN]: (939/1600): reward: 23.29349882528186, rates: 26.293498629942697, loss: 1.740481862425804, rho: 0.4000000000000001
[TRAIN]: (940/1600): reward: 18.877748806029558, rates: 24.877748732384624, loss: 1.9099889606237412, rho: 0.4000000000000001
[TRAIN]: (941/1600): reward: 18.94218362122774, rates: 23.942183776154728, loss: 1.7552690237760544, rho: 0.4000000000000001
[TRAIN]: (942/1600): reward: 30.696691066026688, rates: 32.69669055978613, loss: 1.7100063472986222, rho: 0.4000000000000001
[TRAIN]: (943/1600): reward: 21.22535340115428, rates: 26.225353811118254, loss: 1.649007374048233, rho: 0.4000000000000001
[TRAIN]: (944/1600): reward: 22.071947917342186, rates: 26.07194811896836, loss: 1.9145353436470032, rho: 0.4000000000000001
[TRAIN]: (945/1600): reward: 30.12196546420455, rates: 32.121965293537514, loss: 1.7388648808002471, rho: 0.4000000000000001
[TRAIN]: (946/1600): reward: 37.29785420373082, rates: 38.297853933354155, loss: 1.417338454723358, rho: 0.4000000000000001
[TRAIN]: (947/1600): reward: 35.50872061215341, rates: 37.50872084923216, loss: 1.4842176645994187, rho: 0.4000000000000001
[TRAIN]: (948/1600): reward: 14.203938506543636, rates: 20.203938953454205, loss: 1.7347128063440322, rho: 0.4000000000000001
[TRAIN]: (949/1600): reward: 14.484785322099924, rates: 19.48478571012297, loss: 1.649003979563713, rho: 0.4000000000000001
[TRAIN]: (950/1600): reward: 27.31998265394941, rates: 30.319982979486106, loss: 1.6650881916284561, rho: 0.4000000000000001
[TRAIN]: (951/1600): reward: 26.38995986431837, rates: 29.38996020490224, loss: 1.6332891911268235, rho: 0.4000000000000001
[TRAIN]: (952/1600): reward: 22.96534664183855, rates: 26.965347057501702, loss: 1.2911309391260146, rho: 0.4000000000000001
[TRAIN]: (953/1600): reward: 24.322341741994023, rates: 28.322341877996113, loss: 1.6515843361616134, rho: 0.4000000000000001
[TRAIN]: (954/1600): reward: 25.739964179694653, rates: 27.739964102386416, loss: 1.878222146630287, rho: 0.4000000000000001
[TRAIN]: (955/1600): reward: 40.10580235905945, rates: 42.1058022296603, loss: 1.6401041328907013, rho: 0.4000000000000001
[TRAIN]: (956/1600): reward: 1.1439462304115295, rates: 10.14394644153988, loss: 1.656867390871048, rho: 0.4000000000000001
[TRAIN]: (957/1600): reward: 4.184868380893022, rates: 12.18486851894956, loss: 1.7069007128477096, rho: 0.4000000000000001
[TRAIN]: (958/1600): reward: 22.334789149463177, rates: 25.334789170866475, loss: 1.5901325643062592, rho: 0.4000000000000001
[TRAIN]: (959/1600): reward: 12.861902970820665, rates: 21.861902913602748, loss: 1.680558979511261, rho: 0.4000000000000001
[TRAIN]: (960/1600): reward: 24.83435733988881, rates: 28.834357175131558, loss: 1.5234173566102982, rho: 0.4000000000000001
[TRAIN]: (961/1600): reward: 21.88566241413355, rates: 24.885662950024134, loss: 1.4196058213710785, rho: 0.4000000000000001
[TRAIN]: (962/1600): reward: 14.246771356090903, rates: 19.246771634786427, loss: 1.518284446001053, rho: 0.4000000000000001
[TRAIN]: (963/1600): reward: 24.713872622698545, rates: 27.71387277898888, loss: 1.6473429888486861, rho: 0.4000000000000001
[TRAIN]: (964/1600): reward: 26.770391296595335, rates: 30.77039135540992, loss: 1.649557998776436, rho: 0.4000000000000001
[TRAIN]: (965/1600): reward: 23.47353157401085, rates: 29.473531066531265, loss: 1.492193266749382, rho: 0.4000000000000001
[TRAIN]: (966/1600): reward: 24.644221618771553, rates: 29.64422189406841, loss: 1.8218008697032928, rho: 0.4000000000000001
[TRAIN]: (967/1600): reward: 24.533152798190713, rates: 31.53315294879382, loss: 1.5790824353694917, rho: 0.4000000000000001
[TRAIN]: (968/1600): reward: 20.539610978215933, rates: 23.539611303105897, loss: 1.3648492515087127, rho: 0.4000000000000001
[TRAIN]: (969/1600): reward: 38.6830680668354, rates: 40.683068013581845, loss: 1.4740720868110657, rho: 0.4000000000000001
[TRAIN]: (970/1600): reward: 19.06900890916586, rates: 24.06900935313219, loss: 1.6271903574466706, rho: 0.4000000000000001
[TRAIN]: (971/1600): reward: 25.09136276692152, rates: 30.09136225650819, loss: 1.892045122385025, rho: 0.4000000000000001
[TRAIN]: (972/1600): reward: 19.885924266651273, rates: 24.885923830424655, loss: 1.455826100707054, rho: 0.4000000000000001
[TRAIN]: (973/1600): reward: 33.64593902416527, rates: 37.645939495895995, loss: 1.5269183725118638, rho: 0.4000000000000001
[TRAIN]: (974/1600): reward: 12.932330194860697, rates: 17.932330403744082, loss: 1.737375983595848, rho: 0.4000000000000001
[TRAIN]: (975/1600): reward: 41.1941565386951, rates: 44.194156532224575, loss: 1.5830804318189622, rho: 0.4000000000000001
[TRAIN]: (976/1600): reward: 29.247632570564747, rates: 31.247632805625827, loss: 1.5850558817386626, rho: 0.4000000000000001
[TRAIN]: (977/1600): reward: 31.67507829144597, rates: 33.67507754313653, loss: 1.9732725024223328, rho: 0.4000000000000001
[TRAIN]: (978/1600): reward: 23.692016914486885, rates: 27.692016460218447, loss: 1.5282105147838592, rho: 0.4000000000000001
[TRAIN]: (979/1600): reward: -5.027786714956164, rates: 4.972213338760976, loss: 1.5804075717926025, rho: 0.4000000000000001
[TRAIN]: (980/1600): reward: 17.4505756739527, rates: 23.450575569704114, loss: 1.7699565887451172, rho: 0.4000000000000001
[TRAIN]: (981/1600): reward: 36.0877144401893, rates: 36.087714535826244, loss: 1.6376910269260407, rho: 0.4000000000000001
[TRAIN]: (982/1600): reward: 28.982325218617916, rates: 31.982325133852665, loss: 1.6736587315797806, rho: 0.4000000000000001
[TRAIN]: (983/1600): reward: 20.983592896722257, rates: 23.98359327010685, loss: 1.9683289676904678, rho: 0.4000000000000001
[TRAIN]: (984/1600): reward: 20.740570716559887, rates: 24.740570936688044, loss: 1.7908059179782867, rho: 0.4000000000000001
[TRAIN]: (985/1600): reward: 21.130927808582783, rates: 25.13092809313175, loss: 1.8289472103118896, rho: 0.4000000000000001
[TRAIN]: (986/1600): reward: 4.887367087416351, rates: 10.887367074385402, loss: 1.6760683447122573, rho: 0.4000000000000001
[TRAIN]: (987/1600): reward: 0.34473273530602455, rates: 7.344732759764822, loss: 1.7692033350467682, rho: 0.4000000000000001
[TRAIN]: (988/1600): reward: 19.082571847364306, rates: 24.08257207172673, loss: 1.956067645549774, rho: 0.4000000000000001
[TRAIN]: (989/1600): reward: 30.938959719613194, rates: 33.93895928410689, loss: 1.7165168970823288, rho: 0.4000000000000001
[TRAIN]: (990/1600): reward: 16.535223960876465, rates: 24.53522320017093, loss: 1.4828841030597686, rho: 0.4000000000000001
[TRAIN]: (991/1600): reward: 20.791008960455656, rates: 26.79100843178597, loss: 1.5935585618019104, rho: 0.4000000000000001
[TRAIN]: (992/1600): reward: 11.462360873818398, rates: 20.46236093322755, loss: 1.6083658516407013, rho: 0.4000000000000001
[TRAIN]: (993/1600): reward: 27.089817591011524, rates: 30.08981728785682, loss: 1.5386233538389207, rho: 0.4000000000000001
[TRAIN]: (994/1600): reward: 17.489668432623148, rates: 22.489668035601692, loss: 1.549438911676407, rho: 0.4000000000000001
[TRAIN]: (995/1600): reward: 9.848291125148535, rates: 16.848291117192964, loss: 1.707694685459137, rho: 0.4000000000000001
[TRAIN]: (996/1600): reward: 15.99116268567741, rates: 21.9911626177867, loss: 1.5434286892414093, rho: 0.4000000000000001
[TRAIN]: (997/1600): reward: 15.91758604021743, rates: 20.917585721673902, loss: 1.7995982944965363, rho: 0.4000000000000001
[TRAIN]: (998/1600): reward: 40.545142862945795, rates: 42.545143541199394, loss: 1.6587222635746002, rho: 0.4000000000000001
[TRAIN]: (999/1600): reward: 18.570803835988045, rates: 25.570803973233488, loss: 1.7678803265094758, rho: 0.4000000000000001
[TRAIN]: (1000/1600): reward: 15.05556025635451, rates: 21.055560402373565, loss: 1.5760554909706115, rho: 0.4000000000000001
[TRAIN]: (1001/1600): reward: 35.37108171824366, rates: 37.37108132691484, loss: 1.5821215718984605, rho: 0.4000000000000001
[TRAIN]: (1002/1600): reward: 22.997113849967718, rates: 25.997113590800367, loss: 1.4776909857988358, rho: 0.4000000000000001
[TRAIN]: (1003/1600): reward: 40.08832060452551, rates: 40.08832087462585, loss: 1.9221087127923966, rho: 0.4000000000000001
[TRAIN]: (1004/1600): reward: 36.93778857216239, rates: 38.937788304715795, loss: 1.7232142835855484, rho: 0.4000000000000001
[TRAIN]: (1005/1600): reward: 42.75654578208923, rates: 45.75654595398633, loss: 1.7414100408554076, rho: 0.4000000000000001
[TRAIN]: (1006/1600): reward: 3.5682331919670105, rates: 9.568233004437339, loss: 1.5024282515048981, rho: 0.4000000000000001
[TRAIN]: (1007/1600): reward: 15.428906261920929, rates: 21.428905936317832, loss: 1.8563871324062347, rho: 0.4000000000000001
[TRAIN]: (1008/1600): reward: 6.586521297693253, rates: 13.586521329675676, loss: 2.0805489122867584, rho: 0.4000000000000001
[TRAIN]: (1009/1600): reward: 0.10393459722399712, rates: 8.103934589558596, loss: 1.611224702000618, rho: 0.4000000000000001
[TRAIN]: (1010/1600): reward: 5.725324176251888, rates: 12.725324040626383, loss: 1.6156049489974975, rho: 0.4000000000000001
[TRAIN]: (1011/1600): reward: 15.104331221431494, rates: 21.10433072634887, loss: 1.7655960261821746, rho: 0.4000000000000001
[TRAIN]: (1012/1600): reward: 33.77151460759342, rates: 35.77151513410338, loss: 1.7269377321004868, rho: 0.4000000000000001
[TRAIN]: (1013/1600): reward: 16.43308245576918, rates: 21.43308217968999, loss: 1.7352743864059448, rho: 0.4000000000000001
[TRAIN]: (1014/1600): reward: 16.77605814859271, rates: 21.776058078049292, loss: 1.647495862841606, rho: 0.4000000000000001
[TRAIN]: (1015/1600): reward: 16.53294925391674, rates: 22.532949162984345, loss: 1.7056906133890153, rho: 0.4000000000000001
[TRAIN]: (1016/1600): reward: 20.325823809951544, rates: 24.325824027409496, loss: 1.3981328010559082, rho: 0.4000000000000001
[TRAIN]: (1017/1600): reward: 29.075266167521477, rates: 32.07526606548102, loss: 1.6548758655786515, rho: 0.4000000000000001
[TRAIN]: (1018/1600): reward: 27.069563012570143, rates: 29.069563231676412, loss: 1.6116469830274582, rho: 0.4000000000000001
[TRAIN]: (1019/1600): reward: 18.24684429168701, rates: 24.246844643074738, loss: 1.9562086284160614, rho: 0.4000000000000001
[TRAIN]: (1020/1600): reward: 16.942173326388, rates: 20.9421733735302, loss: 1.720612707734108, rho: 0.4000000000000001
[TRAIN]: (1021/1600): reward: 7.86990309972316, rates: 13.869903065419255, loss: 1.6912198871374131, rho: 0.4000000000000001
[TRAIN]: (1022/1600): reward: 10.724960149265826, rates: 16.724960245047914, loss: 1.8491324841976167, rho: 0.4000000000000001
[TRAIN]: (1023/1600): reward: 39.155551915988326, rates: 39.15555241953357, loss: 1.5511399507522583, rho: 0.4000000000000001
[TRAIN]: (1024/1600): reward: 7.623785773292184, rates: 14.623785543688701, loss: 1.8262768179178237, rho: 0.4000000000000001
[TRAIN]: (1025/1600): reward: 30.151412983890623, rates: 32.15141274830162, loss: 1.389098897576332, rho: 0.4000000000000001
[TRAIN]: (1026/1600): reward: 9.629399307072163, rates: 15.629399801181789, loss: 1.5373586356639861, rho: 0.4000000000000001
[TRAIN]: (1027/1600): reward: 13.7577530965209, rates: 18.757753219539282, loss: 1.9759859263896942, rho: 0.4000000000000001
[TRAIN]: (1028/1600): reward: 10.066273130476475, rates: 16.066273195373146, loss: 1.6478727817535401, rho: 0.4000000000000001
[TRAIN]: (1029/1600): reward: 36.68918503448367, rates: 36.68918510629577, loss: 1.7627474814653397, rho: 0.4000000000000001
[TRAIN]: (1030/1600): reward: 8.110708566382527, rates: 15.110708192241557, loss: 1.7364561945199966, rho: 0.4000000000000001
[TRAIN]: (1031/1600): reward: 37.28673906996846, rates: 37.28673831825724, loss: 1.722193169593811, rho: 0.4000000000000001
[TRAIN]: (1032/1600): reward: 8.319841570220888, rates: 14.319841352798349, loss: 1.6317206799983979, rho: 0.4000000000000001
[TRAIN]: (1033/1600): reward: 19.361421013250947, rates: 23.361421070592783, loss: 1.6446951061487198, rho: 0.4000000000000001
[TRAIN]: (1034/1600): reward: 22.295706924051046, rates: 26.29570672915969, loss: 1.720444270968437, rho: 0.4000000000000001
[TRAIN]: (1035/1600): reward: 33.90463577583432, rates: 36.9046358607178, loss: 1.7260295033454895, rho: 0.4000000000000001
[TRAIN]: (1036/1600): reward: 25.949679866433144, rates: 29.949680091237862, loss: 1.8719725489616394, rho: 0.4000000000000001
[TRAIN]: (1037/1600): reward: 41.71528123319149, rates: 43.71528140937164, loss: 1.534370020031929, rho: 0.4000000000000001
[TRAIN]: (1038/1600): reward: 19.258342454209924, rates: 24.258342146589197, loss: 1.7968252450227737, rho: 0.4000000000000001
[TRAIN]: (1039/1600): reward: 30.561518335714936, rates: 31.561517942190346, loss: 1.8893053203821182, rho: 0.4000000000000001
[TRAIN]: (1040/1600): reward: 1.0178933516144753, rates: 11.017893592016085, loss: 1.6563517928123475, rho: 0.4000000000000001
[TRAIN]: (1041/1600): reward: 30.225569484755397, rates: 32.225569486717085, loss: 1.9788571894168854, rho: 0.4000000000000001
[TRAIN]: (1042/1600): reward: 32.939925730228424, rates: 32.93992569233545, loss: 1.8012331157922745, rho: 0.4000000000000001
[TRAIN]: (1043/1600): reward: 41.22369147837162, rates: 43.22369174649865, loss: 1.636980290710926, rho: 0.4000000000000001
[TRAIN]: (1044/1600): reward: 17.140233047306538, rates: 20.140233332535974, loss: 1.5332873269915581, rho: 0.4000000000000001
[TRAIN]: (1045/1600): reward: 16.723604300059378, rates: 20.72360424330815, loss: 1.7901302188634873, rho: 0.4000000000000001
[TRAIN]: (1046/1600): reward: 35.30092129856348, rates: 36.300921390800845, loss: 1.8506503701210022, rho: 0.4000000000000001
[TRAIN]: (1047/1600): reward: 9.81844149529934, rates: 15.81844158072427, loss: 1.6211966514587401, rho: 0.4000000000000001
[TRAIN]: (1048/1600): reward: 15.295042585581541, rates: 20.295043219464528, loss: 1.6025220960378648, rho: 0.4000000000000001
[TRAIN]: (1049/1600): reward: 37.21762964501977, rates: 39.21762937364032, loss: 1.6058093667030335, rho: 0.4000000000000001
[TRAIN]: (1050/1600): reward: 43.26056631281972, rates: 44.26056669407863, loss: 1.5462516337633132, rho: 0.4000000000000001
[TRAIN]: (1051/1600): reward: 35.49267491698265, rates: 38.492675003459595, loss: 1.745471516251564, rho: 0.4000000000000001
[TRAIN]: (1052/1600): reward: 33.21572977676988, rates: 35.21572981237789, loss: 1.8907996445894242, rho: 0.4000000000000001
[TRAIN]: (1053/1600): reward: 18.961220867931843, rates: 24.961220944357773, loss: 1.7157360553741454, rho: 0.4000000000000001
[TRAIN]: (1054/1600): reward: 28.094657190144062, rates: 33.09465686819416, loss: 1.8604455888271332, rho: 0.4000000000000001
[TRAIN]: (1055/1600): reward: 29.985455952584743, rates: 31.98545618522368, loss: 1.780784410238266, rho: 0.4000000000000001
[TRAIN]: (1056/1600): reward: 8.14884964376688, rates: 16.14884981472197, loss: 1.6390351682901383, rho: 0.4000000000000001
[TRAIN]: (1057/1600): reward: 26.06426227092743, rates: 29.064261806775075, loss: 1.6413365468382835, rho: 0.4000000000000001
[TRAIN]: (1058/1600): reward: 12.02484885789454, rates: 17.024848901989685, loss: 1.7885999888181687, rho: 0.4000000000000001
[TRAIN]: (1059/1600): reward: 9.972989132627845, rates: 16.972989482886234, loss: 1.8925321608781815, rho: 0.4000000000000001
[TRAIN]: (1060/1600): reward: 26.99317827448249, rates: 28.99317831459383, loss: 1.6457426309585572, rho: 0.4000000000000001
[TRAIN]: (1061/1600): reward: 4.013968389481306, rates: 12.013968396498218, loss: 1.837263610959053, rho: 0.4000000000000001
[TRAIN]: (1062/1600): reward: 20.26673555932939, rates: 24.26673544354916, loss: 1.6837674960494042, rho: 0.4000000000000001
[TRAIN]: (1063/1600): reward: 20.200356061570346, rates: 23.200355713558597, loss: 1.8333301872015, rho: 0.4000000000000001
[TRAIN]: (1064/1600): reward: 20.90669423341751, rates: 23.906694374038647, loss: 1.7978921502828598, rho: 0.4000000000000001
[TRAIN]: (1065/1600): reward: 42.3713146019727, rates: 42.37131488482348, loss: 1.620003694295883, rho: 0.4000000000000001
[TRAIN]: (1066/1600): reward: 20.16375969350338, rates: 23.163760192286755, loss: 1.6050922513008117, rho: 0.4000000000000001
[TRAIN]: (1067/1600): reward: -9.088812097907066, rates: 1.9111879350014656, loss: 2.029881876707077, rho: 0.4000000000000001
[TRAIN]: (1068/1600): reward: 12.37544783949852, rates: 18.375448281864614, loss: 1.7962055534124375, rho: 0.4000000000000001
[TRAIN]: (1069/1600): reward: 26.016334384679794, rates: 29.01633396823875, loss: 1.9080222964286804, rho: 0.4000000000000001
[TRAIN]: (1070/1600): reward: 31.98877953365445, rates: 33.98877961375055, loss: 1.6871545314788818, rho: 0.4000000000000001
[TRAIN]: (1071/1600): reward: 11.81968243420124, rates: 17.819682228045775, loss: 1.7109393745660781, rho: 0.4000000000000001
[TRAIN]: (1072/1600): reward: -10.91002888046205, rates: 1.0899711115051156, loss: 1.8124850541353226, rho: 0.4000000000000001
[TRAIN]: (1073/1600): reward: 20.9694536998868, rates: 26.969453693879437, loss: 1.5557339876890182, rho: 0.4000000000000001
[TRAIN]: (1074/1600): reward: 36.25445556640625, rates: 37.25445571018236, loss: 1.7990035951137542, rho: 0.4000000000000001
[TRAIN]: (1075/1600): reward: 4.579769091680646, rates: 11.579769157426178, loss: 1.7540227741003036, rho: 0.4000000000000001
[TRAIN]: (1076/1600): reward: 22.223560743033886, rates: 26.223560843497587, loss: 1.880895161628723, rho: 0.4000000000000001
[TRAIN]: (1077/1600): reward: 28.96881815418601, rates: 30.968818340806234, loss: 1.9710597336292266, rho: 0.4000000000000001
[TRAIN]: (1078/1600): reward: 33.981062091887, rates: 34.981061659715685, loss: 1.5208294957876205, rho: 0.4000000000000001
[TRAIN]: (1079/1600): reward: 12.153664052952081, rates: 17.15366426235576, loss: 1.6934393703937531, rho: 0.4000000000000001
[TRAIN]: (1080/1600): reward: 23.277562990784645, rates: 25.277562624109642, loss: 1.64059416949749, rho: 0.4000000000000001
[TRAIN]: (1081/1600): reward: 20.920727103948593, rates: 25.92072721580788, loss: 1.5245251595973968, rho: 0.4000000000000001
[TRAIN]: (1082/1600): reward: 31.896266566589475, rates: 31.896266647627943, loss: 1.5509870946407318, rho: 0.4000000000000001
[TRAIN]: (1083/1600): reward: 34.86150115355849, rates: 35.86150101588167, loss: 1.4879785984754563, rho: 0.4000000000000001
[TRAIN]: (1084/1600): reward: 9.803259454667568, rates: 16.803259520738116, loss: 1.7260478138923645, rho: 0.4000000000000001
[TRAIN]: (1085/1600): reward: 31.060417559929192, rates: 33.06041768431369, loss: 1.6774142533540726, rho: 0.4000000000000001
[TRAIN]: (1086/1600): reward: 21.28724431246519, rates: 25.28724432648447, loss: 1.4348801910877227, rho: 0.4000000000000001
[TRAIN]: (1087/1600): reward: 37.08960694074631, rates: 40.089607032169404, loss: 1.7942785024642944, rho: 0.4000000000000001
[TRAIN]: (1088/1600): reward: 13.135684803128242, rates: 19.13568447478104, loss: 1.8750066220760346, rho: 0.4000000000000001
[TRAIN]: (1089/1600): reward: 15.922966537997127, rates: 20.92296639597994, loss: 1.7910415083169937, rho: 0.4000000000000001
[TRAIN]: (1090/1600): reward: 28.3814966827631, rates: 30.381497079902122, loss: 1.6741416454315186, rho: 0.4000000000000001
[TRAIN]: (1091/1600): reward: 27.667711208574474, rates: 28.667711087275794, loss: 1.8266580432653428, rho: 0.4000000000000001
[TRAIN]: (1092/1600): reward: 16.594591606408358, rates: 20.59459155911179, loss: 1.6421838760375977, rho: 0.4000000000000001
[TRAIN]: (1093/1600): reward: 9.348602071404457, rates: 15.3486020783105, loss: 1.835266000032425, rho: 0.4000000000000001
[TRAIN]: (1094/1600): reward: 45.81992654129863, rates: 46.81992699582624, loss: 1.6370129197835923, rho: 0.4000000000000001
[TRAIN]: (1095/1600): reward: 18.675669938325882, rates: 21.675669902397637, loss: 1.8409776508808136, rho: 0.4000000000000001
[TRAIN]: (1096/1600): reward: 5.6249090656638145, rates: 11.62490892570286, loss: 1.7887185007333755, rho: 0.4000000000000001
[TRAIN]: (1097/1600): reward: 44.026611272245646, rates: 45.02661173589082, loss: 1.7757224678993224, rho: 0.4000000000000001
[TRAIN]: (1098/1600): reward: 23.344157746993005, rates: 27.344157947286106, loss: 1.7403775572776794, rho: 0.4000000000000001
[TRAIN]: (1099/1600): reward: 20.161889700219035, rates: 23.161889661929703, loss: 1.7947470098733902, rho: 0.4000000000000001
[TRAIN]: (1100/1600): reward: 42.60086779110134, rates: 42.60086730727387, loss: 1.9003067553043365, rho: 0.4000000000000001
[TRAIN]: (1101/1600): reward: 14.018779784440994, rates: 17.01877988778567, loss: 1.887054580450058, rho: 0.4000000000000001
[TRAIN]: (1102/1600): reward: 40.76169120892882, rates: 40.76169185992993, loss: 1.9455771446228027, rho: 0.4000000000000001
[TRAIN]: (1103/1600): reward: 31.547514591366053, rates: 33.547514498213054, loss: 1.5666658490896226, rho: 0.4000000000000001
[TRAIN]: (1104/1600): reward: 35.03901702724397, rates: 36.03901708588201, loss: 1.6204782664775848, rho: 0.4000000000000001
[TRAIN]: (1105/1600): reward: 39.03008117619902, rates: 39.03008109593817, loss: 1.754532516002655, rho: 0.4000000000000001
[TRAIN]: (1106/1600): reward: 41.89951945375651, rates: 41.899520083777965, loss: 1.759318944811821, rho: 0.4000000000000001
[TRAIN]: (1107/1600): reward: 28.03613182902336, rates: 31.036131764056456, loss: 1.9409591376781463, rho: 0.4000000000000001
[TRAIN]: (1108/1600): reward: 33.79492757841945, rates: 34.794927136263034, loss: 1.6094898343086244, rho: 0.4000000000000001
[TRAIN]: (1109/1600): reward: 29.872675213962793, rates: 31.872674784651952, loss: 1.8656698316335678, rho: 0.4000000000000001
[TRAIN]: (1110/1600): reward: 42.44361121766269, rates: 42.44361151257497, loss: 1.6649195194244384, rho: 0.4000000000000001
[TRAIN]: (1111/1600): reward: 43.17980552650988, rates: 43.17980583148617, loss: 1.8229851990938186, rho: 0.4000000000000001
[TRAIN]: (1112/1600): reward: -2.265574421733618, rates: 6.73442545424308, loss: 1.7014541745185852, rho: 0.4000000000000001
[TRAIN]: (1113/1600): reward: 23.47824667871464, rates: 26.478246668354288, loss: 1.9173019617795943, rho: 0.4000000000000001
[TRAIN]: (1114/1600): reward: 24.674193939194083, rates: 27.674194303239954, loss: 1.8271277576684952, rho: 0.4000000000000001
[TRAIN]: (1115/1600): reward: 29.637387361377478, rates: 32.637387306007156, loss: 1.9620601296424867, rho: 0.4000000000000001
[TRAIN]: (1116/1600): reward: 39.02688018232584, rates: 40.02688031801448, loss: 1.9174222946166992, rho: 0.4000000000000001
[TRAIN]: (1117/1600): reward: 25.344007834792137, rates: 29.34400787015574, loss: 1.7038099855184554, rho: 0.4000000000000001
[TRAIN]: (1118/1600): reward: 38.366304707247764, rates: 38.366304147606726, loss: 1.598376250267029, rho: 0.4000000000000001
[TRAIN]: (1119/1600): reward: 21.560515977442265, rates: 24.560515465883277, loss: 1.7227405160665512, rho: 0.4000000000000001
[TRAIN]: (1120/1600): reward: 18.47380710206926, rates: 23.47380673532522, loss: 1.8721798628568649, rho: 0.4000000000000001
[TRAIN]: (1121/1600): reward: 29.06496538594365, rates: 32.06496557972873, loss: 1.5402401030063628, rho: 0.4000000000000001
[TRAIN]: (1122/1600): reward: 4.861550897359848, rates: 11.861550751623886, loss: 1.7348981022834777, rho: 0.4000000000000001
[TRAIN]: (1123/1600): reward: 24.86246800981462, rates: 28.86246790370553, loss: 1.8136744260787965, rho: 0.4000000000000001
[TRAIN]: (1124/1600): reward: 27.819179713726044, rates: 31.819180343375756, loss: 1.8254381895065308, rho: 0.4000000000000001
[TRAIN]: (1125/1600): reward: 39.78404386341572, rates: 41.78404353337422, loss: 1.9447915524244308, rho: 0.4000000000000001
[TRAIN]: (1126/1600): reward: 2.2869703620672226, rates: 10.286970238928767, loss: 1.6712763160467148, rho: 0.4000000000000001
[TRAIN]: (1127/1600): reward: 31.0944250151515, rates: 37.09442524023062, loss: 1.8781400263309478, rho: 0.4000000000000001
[TRAIN]: (1128/1600): reward: 20.32914126943797, rates: 24.329141447196275, loss: 1.6017682403326035, rho: 0.4000000000000001
[TRAIN]: (1129/1600): reward: 26.90984059870243, rates: 29.90984034919475, loss: 1.9858900368213654, rho: 0.4000000000000001
[TRAIN]: (1130/1600): reward: 15.65199912339449, rates: 21.65199942369914, loss: 1.8374201834201813, rho: 0.4000000000000001
[TRAIN]: (1131/1600): reward: 33.46454222872853, rates: 34.46454222303394, loss: 1.8633323043584824, rho: 0.4000000000000001
[TRAIN]: (1132/1600): reward: 26.684759413823485, rates: 28.68475911250048, loss: 1.8873978346586227, rho: 0.4000000000000001
[TRAIN]: (1133/1600): reward: 40.299003165215254, rates: 41.29900308186099, loss: 1.7268975377082825, rho: 0.4000000000000001
[TRAIN]: (1134/1600): reward: 36.884688519407064, rates: 37.884688126552106, loss: 1.6197761118412017, rho: 0.4000000000000001
[TRAIN]: (1135/1600): reward: 7.773776815272868, rates: 15.773777082812698, loss: 1.8682141840457915, rho: 0.4000000000000001
[TRAIN]: (1136/1600): reward: 24.46451244689524, rates: 27.46451269617119, loss: 1.868217158317566, rho: 0.4000000000000001
[TRAIN]: (1137/1600): reward: 23.03084436804056, rates: 26.03084421601779, loss: 1.6916933119297028, rho: 0.4000000000000001
[TRAIN]: (1138/1600): reward: 27.301255717873573, rates: 29.301255757362533, loss: 1.6333459317684174, rho: 0.4000000000000001
[TRAIN]: (1139/1600): reward: 22.394929953850806, rates: 25.39493013541532, loss: 2.1451224088668823, rho: 0.4000000000000001
[TRAIN]: (1140/1600): reward: 30.666023481171578, rates: 32.666023661839276, loss: 1.714668133854866, rho: 0.4000000000000001
[TRAIN]: (1141/1600): reward: 40.121209998615086, rates: 40.1212096079722, loss: 1.8222853720188141, rho: 0.4000000000000001
[TRAIN]: (1142/1600): reward: 23.70629563741386, rates: 26.706295462688402, loss: 1.9574256479740142, rho: 0.4000000000000001
[TRAIN]: (1143/1600): reward: 33.09061964042485, rates: 33.09061995620866, loss: 1.9855970978736877, rho: 0.4000000000000001
[TRAIN]: (1144/1600): reward: 40.86068739835173, rates: 42.8606873699179, loss: 1.738494771718979, rho: 0.4000000000000001
[TRAIN]: (1145/1600): reward: 42.26416443288326, rates: 43.26416414892043, loss: 2.1021123439073564, rho: 0.4000000000000001
[TRAIN]: (1146/1600): reward: 14.281882759183645, rates: 20.281882868558277, loss: 1.840391394495964, rho: 0.4000000000000001
[TRAIN]: (1147/1600): reward: 39.39545439556241, rates: 39.39545460733049, loss: 2.0156145215034487, rho: 0.4000000000000001
[TRAIN]: (1148/1600): reward: 9.715900674462318, rates: 17.715900694520048, loss: 1.8591315269470214, rho: 0.4000000000000001
[TRAIN]: (1149/1600): reward: 0.9133032653480768, rates: 8.913303067976257, loss: 2.1361346513032915, rho: 0.4000000000000001
[TRAIN]: (1150/1600): reward: 41.56808369606733, rates: 42.568084039414025, loss: 1.7256030589342117, rho: 0.4000000000000001
[TRAIN]: (1151/1600): reward: 39.48747254535556, rates: 39.487472326445776, loss: 1.844120815396309, rho: 0.4000000000000001
[TRAIN]: (1152/1600): reward: 27.12440701574087, rates: 29.124406778125348, loss: 1.5613984763622284, rho: 0.4000000000000001
[TRAIN]: (1153/1600): reward: 27.933253597468138, rates: 32.933254473916215, loss: 1.6106046885252, rho: 0.4000000000000001
[TRAIN]: (1154/1600): reward: 24.18893243931234, rates: 27.1889321245021, loss: 1.8337322413921355, rho: 0.4000000000000001
[TRAIN]: (1155/1600): reward: 16.92321215569973, rates: 22.92321208645303, loss: 1.6534797549247742, rho: 0.4000000000000001
[TRAIN]: (1156/1600): reward: 40.82467586547136, rates: 41.82467547778748, loss: 1.712700253725052, rho: 0.4000000000000001
[TRAIN]: (1157/1600): reward: 15.462938073091209, rates: 18.46293799570392, loss: 1.744025632739067, rho: 0.4000000000000001
[TRAIN]: (1158/1600): reward: 36.376787804067135, rates: 40.37678759274642, loss: 1.8015042960643768, rho: 0.4000000000000001
[TRAIN]: (1159/1600): reward: 25.35533945634961, rates: 28.355339995275607, loss: 1.8760509878396987, rho: 0.4000000000000001
[TRAIN]: (1160/1600): reward: 23.278539158403873, rates: 28.27853906023646, loss: 1.5322703063488006, rho: 0.4000000000000001
[TRAIN]: (1161/1600): reward: 39.374007852748036, rates: 39.374008348211994, loss: 1.7493797898292542, rho: 0.4000000000000001
[TRAIN]: (1162/1600): reward: 45.493845127522945, rates: 45.4938451956588, loss: 1.9209291964769364, rho: 0.4000000000000001
[TRAIN]: (1163/1600): reward: -5.434453044086695, rates: 4.565547056292747, loss: 1.7473676651716232, rho: 0.4000000000000001
[TRAIN]: (1164/1600): reward: 36.709187999367714, rates: 36.70918827816043, loss: 1.9442821562290191, rho: 0.4000000000000001
[TRAIN]: (1165/1600): reward: 15.966877080500126, rates: 21.966877130357744, loss: 1.707496416568756, rho: 0.4000000000000001
[TRAIN]: (1166/1600): reward: 35.33968050405383, rates: 37.339680526749696, loss: 1.895967298746109, rho: 0.4000000000000001
[TRAIN]: (1167/1600): reward: 31.993049250915647, rates: 33.993049101054815, loss: 1.7563505917787552, rho: 0.4000000000000001
[TRAIN]: (1168/1600): reward: 20.78166116029024, rates: 23.781661113803615, loss: 1.9121441900730134, rho: 0.4000000000000001
[TRAIN]: (1169/1600): reward: 36.06817423179746, rates: 36.06817358603216, loss: 1.5831962823867798, rho: 0.4000000000000001
[TRAIN]: (1170/1600): reward: 35.592569877393544, rates: 37.59256967734822, loss: 1.7025355458259583, rho: 0.4000000000000001
[TRAIN]: (1171/1600): reward: 43.09885373711586, rates: 43.09885380974878, loss: 1.7322904407978057, rho: 0.4000000000000001
[TRAIN]: (1172/1600): reward: 39.24123075604439, rates: 40.2412300383357, loss: 1.7035969138145446, rho: 0.4000000000000001
[TRAIN]: (1173/1600): reward: -6.474429989233613, rates: 4.5255699533851805, loss: 1.6657845705747605, rho: 0.4000000000000001
[TRAIN]: (1174/1600): reward: 28.268601631745696, rates: 30.2686014686071, loss: 1.5895502507686614, rho: 0.4000000000000001
[TRAIN]: (1175/1600): reward: 40.53156946785748, rates: 42.53156978750681, loss: 1.6558605134487152, rho: 0.4000000000000001
[TRAIN]: (1176/1600): reward: 19.012967012822628, rates: 23.01296702462396, loss: 1.7411160230636598, rho: 0.4000000000000001
[TRAIN]: (1177/1600): reward: 29.929798029363155, rates: 33.92979816658652, loss: 1.8783862113952636, rho: 0.4000000000000001
[TRAIN]: (1178/1600): reward: -3.793560592457652, rates: 5.20643945042832, loss: 2.0113767087459564, rho: 0.4000000000000001
[TRAIN]: (1179/1600): reward: 3.7035486921668053, rates: 9.703548693124684, loss: 1.9529059737920762, rho: 0.4000000000000001
[TRAIN]: (1180/1600): reward: -3.360902924090624, rates: 5.639097189595794, loss: 1.876155287027359, rho: 0.4000000000000001
[TRAIN]: (1181/1600): reward: 6.597684856504202, rates: 12.597684783934413, loss: 1.8772732883691787, rho: 0.4000000000000001
[TRAIN]: (1182/1600): reward: -9.222722557839006, rates: 1.7772774323304756, loss: 1.890747570991516, rho: 0.4000000000000001
[TRAIN]: (1183/1600): reward: 16.18624554388225, rates: 20.186245521375266, loss: 1.6112653076648713, rho: 0.4000000000000001
[TRAIN]: (1184/1600): reward: 40.93339614011347, rates: 41.93339683235669, loss: 1.586523026227951, rho: 0.4000000000000001
[TRAIN]: (1185/1600): reward: -7.508287603035569, rates: 1.491712410487082, loss: 1.6330521166324616, rho: 0.4000000000000001
[TRAIN]: (1186/1600): reward: 33.06644231826067, rates: 36.06644230168367, loss: 1.8297838643193245, rho: 0.4000000000000001
[TRAIN]: (1187/1600): reward: 34.67803689464927, rates: 36.678036536394615, loss: 1.8756806701421738, rho: 0.4000000000000001
[TRAIN]: (1188/1600): reward: 27.242283191531897, rates: 29.242283290813695, loss: 1.7728275805711746, rho: 0.4000000000000001
[TRAIN]: (1189/1600): reward: 12.27002490311861, rates: 17.270025005088353, loss: 1.884680476784706, rho: 0.4000000000000001
[TRAIN]: (1190/1600): reward: 28.413458488881588, rates: 33.41345761474247, loss: 1.954541265964508, rho: 0.4000000000000001
[TRAIN]: (1191/1600): reward: 32.41010657325387, rates: 34.410106609047276, loss: 1.7842919290065766, rho: 0.4000000000000001
[TRAIN]: (1192/1600): reward: 26.89882291574031, rates: 28.898823103375783, loss: 1.7585304737091065, rho: 0.4000000000000001
[TRAIN]: (1193/1600): reward: -6.984623339027166, rates: 6.015376835312302, loss: 1.904229712486267, rho: 0.4000000000000001
[TRAIN]: (1194/1600): reward: -7.471880920231342, rates: 3.528119093236679, loss: 1.7684945583343505, rho: 0.4000000000000001
[TRAIN]: (1195/1600): reward: -6.913145263679326, rates: 4.086854814935346, loss: 1.9595247656106949, rho: 0.4000000000000001
[TRAIN]: (1196/1600): reward: 17.73163767857477, rates: 24.731637905457436, loss: 1.7493464052677155, rho: 0.4000000000000001
[TRAIN]: (1197/1600): reward: 8.753559181466699, rates: 14.753559555234903, loss: 1.7870547950267792, rho: 0.4000000000000001
[TRAIN]: (1198/1600): reward: 22.445067180786282, rates: 24.445066915704913, loss: 1.601544165611267, rho: 0.4000000000000001
[TRAIN]: (1199/1600): reward: -1.684225756675005, rates: 5.3157743340752335, loss: 1.5528218477964402, rho: 0.4000000000000001
[TRAIN]: (1200/1600): reward: 27.663904996588826, rates: 29.663904900549632, loss: 1.8309630036354065, rho: 0.4000000000000001
[TRAIN]: (1201/1600): reward: -2.3417986817657948, rates: 5.658201332777697, loss: 1.843072834610939, rho: 0.4000000000000001
[TRAIN]: (1202/1600): reward: 36.53075829334557, rates: 37.53075800953654, loss: 1.7446049571037292, rho: 0.4000000000000001
[TRAIN]: (1203/1600): reward: 3.850425312295556, rates: 12.850425392862629, loss: 1.7865102171897889, rho: 0.4000000000000001
[TRAIN]: (1204/1600): reward: 27.307418655604124, rates: 30.307418977446112, loss: 1.637747311592102, rho: 0.4000000000000001
[TRAIN]: (1205/1600): reward: 9.149938171729445, rates: 15.149938403043258, loss: 2.0947232604026795, rho: 0.4000000000000001
[TRAIN]: (1206/1600): reward: 37.356017054989934, rates: 41.35601701400897, loss: 1.882732981443405, rho: 0.4000000000000001
[TRAIN]: (1207/1600): reward: -8.984709337353706, rates: 2.01529070058429, loss: 1.8576689064502716, rho: 0.4000000000000001
[TRAIN]: (1208/1600): reward: 16.69105409644544, rates: 20.69105401836294, loss: 1.7447051897644996, rho: 0.4000000000000001
[TRAIN]: (1209/1600): reward: 18.099449947476387, rates: 22.09945001662853, loss: 2.0251610219478606, rho: 0.4000000000000001
[TRAIN]: (1210/1600): reward: 41.50160628557205, rates: 44.501606102820034, loss: 1.7431392192840576, rho: 0.4000000000000001
[TRAIN]: (1211/1600): reward: 34.248937144875526, rates: 36.24893757401128, loss: 1.8661142468452454, rho: 0.4000000000000001
[TRAIN]: (1212/1600): reward: 11.168972603976727, rates: 19.168972310750654, loss: 1.5535390257835389, rho: 0.4000000000000001
[TRAIN]: (1213/1600): reward: 23.621620187535882, rates: 25.6216199046886, loss: 1.7059079498052596, rho: 0.4000000000000001
[TRAIN]: (1214/1600): reward: 25.0178108420223, rates: 28.01781077611894, loss: 1.6375475227832794, rho: 0.4000000000000001
[TRAIN]: (1215/1600): reward: 25.927733570337296, rates: 27.927733617005927, loss: 1.931830295920372, rho: 0.4000000000000001
[TRAIN]: (1216/1600): reward: 43.047723311930895, rates: 46.04772287448473, loss: 1.824925923347473, rho: 0.4000000000000001
[TRAIN]: (1217/1600): reward: 26.8841069387272, rates: 28.884107112217297, loss: 1.6500518202781678, rho: 0.4000000000000001
[TRAIN]: (1218/1600): reward: -6.402344238013029, rates: 4.597655704117703, loss: 1.869505363702774, rho: 0.4000000000000001
[TRAIN]: (1219/1600): reward: 21.038627235218883, rates: 25.0386273866434, loss: 1.5436861127614976, rho: 0.4000000000000001
[TRAIN]: (1220/1600): reward: 33.27670828392729, rates: 34.276708574455746, loss: 1.727326899766922, rho: 0.4000000000000001
[TRAIN]: (1221/1600): reward: -7.235216461122036, rates: 3.764783604949776, loss: 1.643795630335808, rho: 0.4000000000000001
[TRAIN]: (1222/1600): reward: 8.062519012019038, rates: 15.06251885233429, loss: 1.826326447725296, rho: 0.4000000000000001
[TRAIN]: (1223/1600): reward: 37.39762814715505, rates: 38.397628841827974, loss: 2.0398931980133055, rho: 0.4000000000000001
[TRAIN]: (1224/1600): reward: 33.241551361919846, rates: 34.24155105248769, loss: 1.7304935514926911, rho: 0.4000000000000001
[TRAIN]: (1225/1600): reward: 26.71566455811262, rates: 28.715664583570938, loss: 1.7334171861410141, rho: 0.4000000000000001
[TRAIN]: (1226/1600): reward: 34.16005526855588, rates: 37.16005505087396, loss: 1.9505057632923126, rho: 0.4000000000000001
[TRAIN]: (1227/1600): reward: 35.17830380424857, rates: 35.17830368715972, loss: 1.884083154797554, rho: 0.4000000000000001
[TRAIN]: (1228/1600): reward: -1.9996897596865892, rates: 7.00031023349601, loss: 1.7524766147136688, rho: 0.4000000000000001
[TRAIN]: (1229/1600): reward: -5.339258830994368, rates: 4.660741115352766, loss: 1.878452757000923, rho: 0.4000000000000001
[TRAIN]: (1230/1600): reward: 38.258611023426056, rates: 42.25861104630147, loss: 1.7735106766223907, rho: 0.4000000000000001
[TRAIN]: (1231/1600): reward: 17.91414637118578, rates: 21.9141463215827, loss: 1.8168152093887329, rho: 0.4000000000000001
[TRAIN]: (1232/1600): reward: 38.304672149941325, rates: 39.304672684274195, loss: 1.583347499370575, rho: 0.4000000000000001
[TRAIN]: (1233/1600): reward: 5.063993759453297, rates: 12.063993802231852, loss: 1.7938153862953186, rho: 0.4000000000000001
[TRAIN]: (1234/1600): reward: 32.442200142890215, rates: 32.44219988929739, loss: 1.7779406160116196, rho: 0.4000000000000001
[TRAIN]: (1235/1600): reward: 19.570996679365635, rates: 23.570996574450877, loss: 1.9768052875995636, rho: 0.4000000000000001
[TRAIN]: (1236/1600): reward: 24.510493259876966, rates: 26.510493009027286, loss: 1.9308245092630387, rho: 0.4000000000000001
[TRAIN]: (1237/1600): reward: 1.9075036570429802, rates: 9.907503509719922, loss: 1.8742786705493928, rho: 0.4000000000000001
[TRAIN]: (1238/1600): reward: 4.189735870808363, rates: 12.189735944732622, loss: 1.6813370615243912, rho: 0.4000000000000001
[TRAIN]: (1239/1600): reward: 18.25971196591854, rates: 21.259712332836624, loss: 1.7224130839109422, rho: 0.4000000000000001
[TRAIN]: (1240/1600): reward: 38.06367237120867, rates: 39.06367208513296, loss: 1.830887046456337, rho: 0.4000000000000001
[TRAIN]: (1241/1600): reward: 8.189546758309007, rates: 13.189546645506605, loss: 1.73862581551075, rho: 0.4000000000000001
[TRAIN]: (1242/1600): reward: 35.19984655454755, rates: 37.199846684395105, loss: 1.599472749233246, rho: 0.4000000000000001
[TRAIN]: (1243/1600): reward: 36.45123305171728, rates: 36.45123354859086, loss: 1.702055072784424, rho: 0.4000000000000001
[TRAIN]: (1244/1600): reward: 10.43765795044601, rates: 18.437658560754887, loss: 1.6371558368206025, rho: 0.4000000000000001
[TRAIN]: (1245/1600): reward: 41.82896514702588, rates: 41.828965073217624, loss: 2.145884656906128, rho: 0.4000000000000001
[TRAIN]: (1246/1600): reward: 15.816001841798425, rates: 22.81600174667959, loss: 1.854779714345932, rho: 0.4000000000000001
[TRAIN]: (1247/1600): reward: 34.76797648333013, rates: 35.76797646110741, loss: 1.8111043363809585, rho: 0.4000000000000001
[TRAIN]: (1248/1600): reward: 26.435396015644073, rates: 27.435396052126805, loss: 1.8962566316127778, rho: 0.4000000000000001
[TRAIN]: (1249/1600): reward: -9.04591990634799, rates: 0.9540800810030952, loss: 1.969838845729828, rho: 0.4000000000000001
[TRAIN]: (1250/1600): reward: -13.269902534782887, rates: 1.7300974215324265, loss: 1.8445298731327058, rho: 0.4000000000000001
[TRAIN]: (1251/1600): reward: -9.604387253522873, rates: 2.395612799549281, loss: 2.1914010286331176, rho: 0.4000000000000001
[TRAIN]: (1252/1600): reward: 45.48089464381337, rates: 45.480894442377746, loss: 1.8083051681518554, rho: 0.4000000000000001
[TRAIN]: (1253/1600): reward: 22.373740473762155, rates: 28.373740708192617, loss: 1.6125470221042633, rho: 0.4000000000000001
[TRAIN]: (1254/1600): reward: -3.069302000105381, rates: 5.930698013825969, loss: 1.9176781803369523, rho: 0.4000000000000001
[TRAIN]: (1255/1600): reward: 26.2646254748106, rates: 31.264625553523924, loss: 1.713443061709404, rho: 0.4000000000000001
[TRAIN]: (1256/1600): reward: -10.047168176621199, rates: 1.9528318148819448, loss: 1.748864048719406, rho: 0.4000000000000001
[TRAIN]: (1257/1600): reward: 41.387265022844076, rates: 42.38726432083425, loss: 1.4499609827995301, rho: 0.4000000000000001
[TRAIN]: (1258/1600): reward: -3.4919523671269417, rates: 5.508047747124984, loss: 1.8758735209703445, rho: 0.4000000000000001
[TRAIN]: (1259/1600): reward: 20.825140153057873, rates: 22.825140488705728, loss: 1.8572345912456512, rho: 0.4000000000000001
[TRAIN]: (1260/1600): reward: 35.04459486156702, rates: 35.04459464341059, loss: 1.8571151435375213, rho: 0.4000000000000001
[TRAIN]: (1261/1600): reward: 35.771637722849846, rates: 35.771637341740195, loss: 1.7065010040998458, rho: 0.4000000000000001
[TRAIN]: (1262/1600): reward: 40.793794360011816, rates: 40.793794547517564, loss: 1.6142034143209458, rho: 0.4000000000000001
[TRAIN]: (1263/1600): reward: 32.504398573189974, rates: 37.50439883130965, loss: 2.0289551854133605, rho: 0.4000000000000001
[TRAIN]: (1264/1600): reward: -9.438421946018934, rates: 1.5615780475383803, loss: 1.7139996826648711, rho: 0.4000000000000001
[TRAIN]: (1265/1600): reward: 38.49568301066756, rates: 38.49568342549678, loss: 1.851750272512436, rho: 0.4000000000000001
[TRAIN]: (1266/1600): reward: 2.404490729793906, rates: 10.404490598255894, loss: 1.9095461040735244, rho: 0.4000000000000001
[TRAIN]: (1267/1600): reward: 38.89904809370637, rates: 39.89904808374417, loss: 1.9449503511190414, rho: 0.4000000000000001
[TRAIN]: (1268/1600): reward: -4.821905555203557, rates: 5.178094650048902, loss: 1.9692884802818298, rho: 0.4000000000000001
[TRAIN]: (1269/1600): reward: 39.67571735009551, rates: 40.67571761182573, loss: 1.9122903764247894, rho: 0.4000000000000001
[TRAIN]: (1270/1600): reward: 12.205472841858864, rates: 21.205472875912857, loss: 1.9748874843120574, rho: 0.4000000000000001
[TRAIN]: (1271/1600): reward: 10.048995099961758, rates: 19.048995137401853, loss: 1.806188130378723, rho: 0.4000000000000001
[TRAIN]: (1272/1600): reward: 5.903289365582168, rates: 12.903289440772575, loss: 1.7706997275352478, rho: 0.4000000000000001
[TRAIN]: (1273/1600): reward: 26.658330731093884, rates: 30.658330612553232, loss: 1.7535094797611237, rho: 0.4000000000000001
[TRAIN]: (1274/1600): reward: 36.22416653484106, rates: 38.22416634570524, loss: 1.978978580236435, rho: 0.4000000000000001
[TRAIN]: (1275/1600): reward: 19.892749842256308, rates: 23.89274979865879, loss: 2.080357003211975, rho: 0.4000000000000001
[TRAIN]: (1276/1600): reward: 36.007040336728096, rates: 40.00704033209624, loss: 1.8091473162174225, rho: 0.4000000000000001
[TRAIN]: (1277/1600): reward: 34.00591792538762, rates: 40.00591793374438, loss: 1.9881934821605682, rho: 0.4000000000000001
[TRAIN]: (1278/1600): reward: 38.54567682556808, rates: 40.54567674021111, loss: 1.726810410618782, rho: 0.4000000000000001
[TRAIN]: (1279/1600): reward: 10.65005149692297, rates: 21.650051536399637, loss: 1.7997663855552672, rho: 0.4000000000000001
[TRAIN]: (1280/1600): reward: 5.4965774938464165, rates: 15.496577523849904, loss: 1.8184982657432556, rho: 0.4000000000000001
[TRAIN]: (1281/1600): reward: 34.89745347201824, rates: 36.897453165997135, loss: 1.6087503015995026, rho: 0.4000000000000001
[TRAIN]: (1282/1600): reward: 35.473763352259994, rates: 37.473763614501316, loss: 1.7507205069065095, rho: 0.4000000000000001
[TRAIN]: (1283/1600): reward: 40.20192351192236, rates: 41.20192349932469, loss: 1.852567982673645, rho: 0.4000000000000001
[TRAIN]: (1284/1600): reward: 23.97127879038453, rates: 28.971278686427105, loss: 1.8010459303855897, rho: 0.4000000000000001
[TRAIN]: (1285/1600): reward: 32.884989358484745, rates: 33.88498911320736, loss: 1.7309823662042618, rho: 0.4000000000000001
[TRAIN]: (1286/1600): reward: 20.12882793135941, rates: 23.128827800067302, loss: 1.8378538995981217, rho: 0.4000000000000001
[TRAIN]: (1287/1600): reward: -11.155436200089753, rates: 1.844563838157931, loss: 1.8305534899234772, rho: 0.4000000000000001
[TRAIN]: (1288/1600): reward: 0.7393343523144722, rates: 9.73933419796695, loss: 1.8181961506605149, rho: 0.4000000000000001
[TRAIN]: (1289/1600): reward: 36.48922282084823, rates: 40.48922280921055, loss: 1.542096769809723, rho: 0.4000000000000001
[TRAIN]: (1290/1600): reward: 14.239184845238924, rates: 22.239185148106017, loss: 2.0863056421279906, rho: 0.4000000000000001
[TRAIN]: (1291/1600): reward: 23.660842709243298, rates: 30.66084269818488, loss: 2.00944527387619, rho: 0.4000000000000001
[TRAIN]: (1292/1600): reward: 8.290764268487692, rates: 16.29076431012545, loss: 1.895143949985504, rho: 0.4000000000000001
[TRAIN]: (1293/1600): reward: 29.93266418389976, rates: 33.93266435471276, loss: 1.761742740869522, rho: 0.4000000000000001
[TRAIN]: (1294/1600): reward: 10.94799229875207, rates: 16.947992034135375, loss: 1.6941513031721116, rho: 0.4000000000000001
[TRAIN]: (1295/1600): reward: 29.540751546621323, rates: 31.540751682886874, loss: 1.7094803959131242, rho: 0.4000000000000001
[TRAIN]: (1296/1600): reward: 41.23375303670764, rates: 41.2337534392764, loss: 1.8711617946624757, rho: 0.4000000000000001
[TRAIN]: (1297/1600): reward: 7.947901846840978, rates: 13.947901900707917, loss: 1.8366850852966308, rho: 0.4000000000000001
[TRAIN]: (1298/1600): reward: 34.88283242657781, rates: 34.88283242532801, loss: 2.1064591288566588, rho: 0.4000000000000001
[TRAIN]: (1299/1600): reward: 24.873320072889328, rates: 28.873320749919728, loss: 2.1650076687335966, rho: 0.4000000000000001
[TRAIN]: (1300/1600): reward: -9.865782972425222, rates: 2.1342170464939016, loss: 1.7186630338430404, rho: 0.4000000000000001
[TRAIN]: (1301/1600): reward: 38.93646375089884, rates: 40.936463803540555, loss: 1.8297296106815337, rho: 0.4000000000000001
[TRAIN]: (1302/1600): reward: 39.100690722465515, rates: 40.100690572430004, loss: 1.875635462999344, rho: 0.4000000000000001
[TRAIN]: (1303/1600): reward: 32.394688710570335, rates: 33.39468914313981, loss: 2.0444639176130295, rho: 0.4000000000000001
[TRAIN]: (1304/1600): reward: 35.536971129477024, rates: 37.53697084619749, loss: 1.8432171612977981, rho: 0.4000000000000001
[TRAIN]: (1305/1600): reward: 39.69972211495042, rates: 41.699722604610706, loss: 1.9393255174160005, rho: 0.4000000000000001
[TRAIN]: (1306/1600): reward: -9.908840684220195, rates: 1.09115931348403, loss: 1.808557352423668, rho: 0.4000000000000001
[TRAIN]: (1307/1600): reward: 38.7798585742712, rates: 40.77985855903371, loss: 1.6987936288118362, rho: 0.4000000000000001
[TRAIN]: (1308/1600): reward: 43.64744835719466, rates: 46.64744829982022, loss: 1.9496879607439042, rho: 0.4000000000000001
[TRAIN]: (1309/1600): reward: -8.213935226202011, rates: 4.786064557198239, loss: 1.8249259918928147, rho: 0.4000000000000001
[TRAIN]: (1310/1600): reward: 15.917810097336769, rates: 19.917810232382994, loss: 2.009465730190277, rho: 0.4000000000000001
[TRAIN]: (1311/1600): reward: 16.326164739206433, rates: 26.326164248748217, loss: 2.0949742794036865, rho: 0.4000000000000001
[TRAIN]: (1312/1600): reward: 19.723561752587557, rates: 25.72356184899797, loss: 1.7065998703241347, rho: 0.4000000000000001
[TRAIN]: (1313/1600): reward: 22.95389410853386, rates: 25.953894009799757, loss: 2.063922554254532, rho: 0.4000000000000001
[TRAIN]: (1314/1600): reward: 33.14395849592984, rates: 34.143958660148684, loss: 1.7213945508003234, rho: 0.4000000000000001
[TRAIN]: (1315/1600): reward: 22.590045928955078, rates: 29.59004580538883, loss: 1.814771294593811, rho: 0.4000000000000001
[TRAIN]: (1316/1600): reward: 13.956439018249512, rates: 20.95643891099866, loss: 1.8901748567819596, rho: 0.4000000000000001
[TRAIN]: (1317/1600): reward: 37.426540898159146, rates: 38.4265410041974, loss: 1.8073794007301331, rho: 0.4000000000000001
[TRAIN]: (1318/1600): reward: 38.178227216005325, rates: 41.17822718365716, loss: 1.8475786089897155, rho: 0.4000000000000001
[TRAIN]: (1319/1600): reward: 30.40653385221958, rates: 31.406533734355598, loss: 1.9329507529735566, rho: 0.4000000000000001
[TRAIN]: (1320/1600): reward: 22.901216067373753, rates: 25.901215762536058, loss: 2.028363448381424, rho: 0.4000000000000001
[TRAIN]: (1321/1600): reward: -2.784667421132326, rates: 7.215332627428484, loss: 1.86436767578125, rho: 0.4000000000000001
[TRAIN]: (1322/1600): reward: 4.731444435194135, rates: 16.731444833675894, loss: 2.0425851225852965, rho: 0.4000000000000001
[TRAIN]: (1323/1600): reward: 43.166537277400494, rates: 43.166537239204025, loss: 1.7765829801559447, rho: 0.4000000000000001
[TRAIN]: (1324/1600): reward: 39.62410919368267, rates: 41.62410898510972, loss: 1.656165936589241, rho: 0.4000000000000001
[TRAIN]: (1325/1600): reward: 20.109919525682926, rates: 24.109919619196077, loss: 2.023510229587555, rho: 0.4000000000000001
[TRAIN]: (1326/1600): reward: 37.25823326408863, rates: 39.258232642768, loss: 2.061717909574509, rho: 0.4000000000000001
[TRAIN]: (1327/1600): reward: -9.35639676451683, rates: 1.6436032546742858, loss: 1.7907850205898286, rho: 0.4000000000000001
[TRAIN]: (1328/1600): reward: 25.949888272210956, rates: 28.949888108211994, loss: 1.7507224380970001, rho: 0.4000000000000001
[TRAIN]: (1329/1600): reward: -0.3007914610207081, rates: 7.699208260018818, loss: 1.7644481807947159, rho: 0.4000000000000001
[TRAIN]: (1330/1600): reward: 16.870753590017557, rates: 21.870753753951355, loss: 1.9574734270572662, rho: 0.4000000000000001
[TRAIN]: (1331/1600): reward: 26.9945165514946, rates: 28.994516489343017, loss: 1.8682843267917633, rho: 0.4000000000000001
[TRAIN]: (1332/1600): reward: 6.716007763054222, rates: 15.716007312212593, loss: 1.7037635296583176, rho: 0.4000000000000001
[TRAIN]: (1333/1600): reward: 32.71772677823901, rates: 32.71772700894735, loss: 1.9390616446733475, rho: 0.4000000000000001
[TRAIN]: (1334/1600): reward: 39.04827166348696, rates: 40.04827202685526, loss: 1.757077258825302, rho: 0.4000000000000001
[TRAIN]: (1335/1600): reward: 9.193220272660255, rates: 17.19322005542889, loss: 2.143921458721161, rho: 0.4000000000000001
[TRAIN]: (1336/1600): reward: 38.89202197641134, rates: 39.89202217219862, loss: 2.0353820592164995, rho: 0.4000000000000001
[TRAIN]: (1337/1600): reward: 1.819303996860981, rates: 11.819303823712207, loss: 1.7343327879905701, rho: 0.4000000000000001
[TRAIN]: (1338/1600): reward: -8.03811358101666, rates: 1.9618864006015224, loss: 1.954130944609642, rho: 0.4000000000000001
[TRAIN]: (1339/1600): reward: 13.063117273151875, rates: 19.063117300052184, loss: 1.6093239188194275, rho: 0.4000000000000001
[TRAIN]: (1340/1600): reward: 20.95086196064949, rates: 24.950862291593523, loss: 1.7573543310165405, rho: 0.4000000000000001
[TRAIN]: (1341/1600): reward: 36.9611086435616, rates: 38.96110894317622, loss: 1.7580168157815934, rho: 0.4000000000000001
[TRAIN]: (1342/1600): reward: 13.542744018137455, rates: 19.54274424659447, loss: 2.0066423654556274, rho: 0.4000000000000001
[TRAIN]: (1343/1600): reward: 30.85869623720646, rates: 34.85869581456469, loss: 2.0178156018257143, rho: 0.4000000000000001
[TRAIN]: (1344/1600): reward: 16.21658369526267, rates: 21.216583711520887, loss: 2.0203894078731537, rho: 0.4000000000000001
[TRAIN]: (1345/1600): reward: 36.0170965641737, rates: 36.01709653187313, loss: 1.6787706017494202, rho: 0.4000000000000001
[TRAIN]: (1346/1600): reward: 39.20602622721344, rates: 40.2060260254467, loss: 1.9386997759342193, rho: 0.4000000000000001
[TRAIN]: (1347/1600): reward: 32.307344663888216, rates: 33.307344999535154, loss: 1.9543878436088562, rho: 0.4000000000000001
[TRAIN]: (1348/1600): reward: 2.6735787093639374, rates: 11.673578457727945, loss: 1.946896830201149, rho: 0.4000000000000001
[TRAIN]: (1349/1600): reward: -10.898084610700607, rates: 1.1019154170975491, loss: 1.8910772949457169, rho: 0.4000000000000001
[TRAIN]: (1350/1600): reward: 24.08648644387722, rates: 27.08648686480303, loss: 1.848170906305313, rho: 0.4000000000000001
[TRAIN]: (1351/1600): reward: 0.9241010658442974, rates: 8.924101056635076, loss: 1.9035877466201783, rho: 0.4000000000000001
[TRAIN]: (1352/1600): reward: 17.53885880485177, rates: 22.538858683028295, loss: 1.8517136335372926, rho: 0.4000000000000001
[TRAIN]: (1353/1600): reward: 30.819163862615824, rates: 37.819163100338336, loss: 1.7034390896558762, rho: 0.4000000000000001
[TRAIN]: (1354/1600): reward: -6.465811975300312, rates: 3.5341880598435806, loss: 1.9611563324928283, rho: 0.4000000000000001
[TRAIN]: (1355/1600): reward: 29.784019075334072, rates: 35.78401901137093, loss: 1.9675386071205139, rho: 0.4000000000000001
[TRAIN]: (1356/1600): reward: 25.06449870020151, rates: 28.06449866537418, loss: 1.7234041929244994, rho: 0.4000000000000001
[TRAIN]: (1357/1600): reward: 32.26257983222604, rates: 35.262579666652314, loss: 2.151438695192337, rho: 0.4000000000000001
[TRAIN]: (1358/1600): reward: 17.436331544071436, rates: 21.436331704096595, loss: 1.8111567467451095, rho: 0.4000000000000001
[TRAIN]: (1359/1600): reward: 37.507486620917916, rates: 38.507486227123316, loss: 1.7974681690335275, rho: 0.4000000000000001
[TRAIN]: (1360/1600): reward: 21.259716044180095, rates: 24.25971592160308, loss: 1.9165676951408386, rho: 0.4000000000000001
[TRAIN]: (1361/1600): reward: 32.628783885389566, rates: 35.62878383896961, loss: 1.735400715470314, rho: 0.4000000000000001
[TRAIN]: (1362/1600): reward: 23.762089487165213, rates: 26.762089420030527, loss: 1.9876478850841521, rho: 0.4000000000000001
[TRAIN]: (1363/1600): reward: 28.41338599100709, rates: 31.413386189637244, loss: 2.1313173174858093, rho: 0.4000000000000001
[TRAIN]: (1364/1600): reward: 19.044503800570965, rates: 23.04450411559762, loss: 1.9718016803264617, rho: 0.4000000000000001
[TRAIN]: (1365/1600): reward: 11.824608761817217, rates: 18.82460882774706, loss: 1.6362811535596848, rho: 0.4000000000000001
[TRAIN]: (1366/1600): reward: 3.5284652691334486, rates: 10.528465109552528, loss: 1.8408940196037293, rho: 0.4000000000000001
[TRAIN]: (1367/1600): reward: 26.086234575137496, rates: 29.08623506286023, loss: 1.9066023886203767, rho: 0.4000000000000001
[TRAIN]: (1368/1600): reward: 23.53900757431984, rates: 26.539007610153938, loss: 1.8808010041713714, rho: 0.4000000000000001
[TRAIN]: (1369/1600): reward: 35.78237360715866, rates: 37.78237317785105, loss: 2.0099333465099334, rho: 0.4000000000000001
[TRAIN]: (1370/1600): reward: 16.999792218208313, rates: 24.999792192524872, loss: 1.8709720134735108, rho: 0.4000000000000001
[TRAIN]: (1371/1600): reward: 25.14198414236307, rates: 31.141983935650256, loss: 1.913051176071167, rho: 0.4000000000000001
[TRAIN]: (1372/1600): reward: 27.950165318325162, rates: 29.950165544015828, loss: 1.8475296050310135, rho: 0.4000000000000001
[TRAIN]: (1373/1600): reward: 14.06712644547224, rates: 20.067126651371424, loss: 1.744624239206314, rho: 0.4000000000000001
[TRAIN]: (1374/1600): reward: 8.513544813729823, rates: 14.513544780420773, loss: 2.189757317304611, rho: 0.4000000000000001
[TRAIN]: (1375/1600): reward: 36.45211486518383, rates: 37.452115109145865, loss: 2.16428684592247, rho: 0.4000000000000001
[TRAIN]: (1376/1600): reward: 31.392648611217737, rates: 31.392649041074876, loss: 2.036373311281204, rho: 0.4000000000000001
[TRAIN]: (1377/1600): reward: -7.5629751812666655, rates: 3.4370248284771976, loss: 1.8174086302518844, rho: 0.4000000000000001
[TRAIN]: (1378/1600): reward: 41.95031971111894, rates: 42.950319844177784, loss: 1.7780187010765076, rho: 0.4000000000000001
[TRAIN]: (1379/1600): reward: 17.089268166571856, rates: 20.089268327071416, loss: 1.9839999854564667, rho: 0.4000000000000001
[TRAIN]: (1380/1600): reward: 21.010968804359436, rates: 26.01096914645037, loss: 1.6825497180223465, rho: 0.4000000000000001
[TRAIN]: (1381/1600): reward: 34.00671897549182, rates: 34.00671920003959, loss: 1.9020533323287965, rho: 0.4000000000000001
[TRAIN]: (1382/1600): reward: 8.151570454239845, rates: 16.151570368385432, loss: 1.9683945238590241, rho: 0.4000000000000001
[TRAIN]: (1383/1600): reward: 4.89053850620985, rates: 14.89053838888081, loss: 1.8515512019395828, rho: 0.4000000000000001
[TRAIN]: (1384/1600): reward: 17.998116683214903, rates: 22.998116789626252, loss: 1.8421814799308778, rho: 0.4000000000000001
[TRAIN]: (1385/1600): reward: 39.34928431361914, rates: 39.34928471267685, loss: 1.9358406901359557, rho: 0.4000000000000001
[TRAIN]: (1386/1600): reward: 32.74183350801468, rates: 34.74183307229306, loss: 1.8026839196681976, rho: 0.4000000000000001
[TRAIN]: (1387/1600): reward: 10.358062321320176, rates: 15.358062139604797, loss: 1.7338628947734833, rho: 0.4000000000000001
[TRAIN]: (1388/1600): reward: 10.340327121317387, rates: 16.34032706102487, loss: 2.07448804974556, rho: 0.4000000000000001
[TRAIN]: (1389/1600): reward: 22.84451998770237, rates: 27.844520199548825, loss: 1.7462771892547608, rho: 0.4000000000000001
[TRAIN]: (1390/1600): reward: 32.66608277708292, rates: 34.66608307464572, loss: 1.722819435596466, rho: 0.4000000000000001
[TRAIN]: (1391/1600): reward: 3.331662017852068, rates: 10.331662072039542, loss: 1.922429049015045, rho: 0.4000000000000001
[TRAIN]: (1392/1600): reward: 41.94086361862719, rates: 42.94086362374604, loss: 1.844344002008438, rho: 0.4000000000000001
[TRAIN]: (1393/1600): reward: 40.93451062217355, rates: 41.93451046324896, loss: 1.8746866077184676, rho: 0.4000000000000001
[TRAIN]: (1394/1600): reward: 41.89686072990298, rates: 41.89686072460844, loss: 1.963406467437744, rho: 0.4000000000000001
[TRAIN]: (1395/1600): reward: 31.40845999121666, rates: 34.4084598622264, loss: 1.6875132411718368, rho: 0.4000000000000001
[TRAIN]: (1396/1600): reward: 32.39574970304966, rates: 33.39575001786606, loss: 1.7258938118815421, rho: 0.4000000000000001
[TRAIN]: (1397/1600): reward: 21.24644479737617, rates: 26.246444975909043, loss: 1.9084032386541367, rho: 0.4000000000000001
[TRAIN]: (1398/1600): reward: 29.56291386205703, rates: 30.562913958062296, loss: 1.90539852976799, rho: 0.4000000000000001
[TRAIN]: (1399/1600): reward: 19.159193884581327, rates: 23.159193940420547, loss: 1.8462487995624541, rho: 0.4000000000000001
[TRAIN]: (1400/1600): reward: 38.6593270637095, rates: 39.65932712972332, loss: 1.9332345515489577, rho: 0.4000000000000001
[TRAIN]: (1401/1600): reward: 12.548566851764917, rates: 19.548566564184263, loss: 1.9023784220218658, rho: 0.4000000000000001
[TRAIN]: (1402/1600): reward: 36.245874751359224, rates: 36.2458751611167, loss: 1.971858984231949, rho: 0.4000000000000001
[TRAIN]: (1403/1600): reward: 38.021237801760435, rates: 38.02123822455185, loss: 1.683995506167412, rho: 0.4000000000000001
[TRAIN]: (1404/1600): reward: -7.719719087705016, rates: 2.2802809695911566, loss: 2.0358988106250764, rho: 0.4000000000000001
[TRAIN]: (1405/1600): reward: 12.465617932379246, rates: 18.465618178329102, loss: 2.1228483855724334, rho: 0.4000000000000001
[TRAIN]: (1406/1600): reward: 34.38413005694747, rates: 36.38412998063635, loss: 1.9592892587184907, rho: 0.4000000000000001
[TRAIN]: (1407/1600): reward: -7.087459651753306, rates: 3.9125402473962647, loss: 2.0150860011577607, rho: 0.4000000000000001
[TRAIN]: (1408/1600): reward: 37.24395148642361, rates: 38.24395131655133, loss: 1.6474325329065322, rho: 0.4000000000000001
[TRAIN]: (1409/1600): reward: 32.73582783341408, rates: 36.73582757033543, loss: 2.0592090606689455, rho: 0.4000000000000001
[TRAIN]: (1410/1600): reward: 29.888744194060564, rates: 29.88874444891303, loss: 2.113192307949066, rho: 0.4000000000000001
[TRAIN]: (1411/1600): reward: 47.64740640670061, rates: 48.64740579707938, loss: 2.0758244693279266, rho: 0.4000000000000001
[TRAIN]: (1412/1600): reward: 1.1497280523180962, rates: 10.1497283104312, loss: 1.9464908182621001, rho: 0.4000000000000001
[TRAIN]: (1413/1600): reward: 37.35040682926774, rates: 39.3504067760191, loss: 1.9021825194358826, rho: 0.4000000000000001
[TRAIN]: (1414/1600): reward: 39.05365223810077, rates: 39.053652267796956, loss: 1.9225186437368393, rho: 0.4000000000000001
[TRAIN]: (1415/1600): reward: 8.020235260948539, rates: 15.020235280965066, loss: 1.9636577785015106, rho: 0.4000000000000001
[TRAIN]: (1416/1600): reward: 36.495164074003696, rates: 37.49516334672282, loss: 1.9966996967792512, rho: 0.4000000000000001
[TRAIN]: (1417/1600): reward: 28.2582996096462, rates: 32.258299675534765, loss: 1.9078267484903335, rho: 0.4000000000000001
[TRAIN]: (1418/1600): reward: 12.302537688985467, rates: 17.302537514744202, loss: 1.668004298210144, rho: 0.4000000000000001
[TRAIN]: (1419/1600): reward: 37.92144703119993, rates: 39.92144758785454, loss: 1.7929914176464081, rho: 0.4000000000000001
[TRAIN]: (1420/1600): reward: 42.38291338831186, rates: 44.38291343026741, loss: 1.8953264772891998, rho: 0.4000000000000001
[TRAIN]: (1421/1600): reward: 39.07402881793678, rates: 39.074028996549664, loss: 2.1602623462677, rho: 0.4000000000000001
[TRAIN]: (1422/1600): reward: -11.9229702539742, rates: 2.077029788988624, loss: 1.8473230302333832, rho: 0.4000000000000001
[TRAIN]: (1423/1600): reward: 15.918786205351353, rates: 19.918786151267874, loss: 1.5844393104314805, rho: 0.4000000000000001
[TRAIN]: (1424/1600): reward: 37.94393675774336, rates: 39.94393670331546, loss: 2.0086345046758654, rho: 0.4000000000000001
[TRAIN]: (1425/1600): reward: 41.10523020196706, rates: 43.10523031640417, loss: 1.7587221562862396, rho: 0.4000000000000001
[TRAIN]: (1426/1600): reward: 44.396888453513384, rates: 44.39688817906694, loss: 2.075561535358429, rho: 0.4000000000000001
[TRAIN]: (1427/1600): reward: 38.67447417974472, rates: 41.67447370314327, loss: 1.746747899055481, rho: 0.4000000000000001
[TRAIN]: (1428/1600): reward: 18.703960653860122, rates: 23.703960313453152, loss: 2.0856016248464586, rho: 0.4000000000000001
[TRAIN]: (1429/1600): reward: 25.629153966903687, rates: 28.6291541753151, loss: 1.8266138464212418, rho: 0.4000000000000001
[TRAIN]: (1430/1600): reward: 44.128974018618464, rates: 44.12897367111498, loss: 1.9409872084856032, rho: 0.4000000000000001
[TRAIN]: (1431/1600): reward: 36.76733951643109, rates: 37.76733981675137, loss: 1.717447093129158, rho: 0.4000000000000001
[TRAIN]: (1432/1600): reward: -10.228810606524348, rates: 1.7711893483797754, loss: 1.5404233485460281, rho: 0.4000000000000001
[TRAIN]: (1433/1600): reward: 17.153481543064117, rates: 21.15348146294751, loss: 2.1006612181663513, rho: 0.4000000000000001
[TRAIN]: (1434/1600): reward: 33.19963377714157, rates: 35.19963398562676, loss: 1.8977371037006379, rho: 0.4000000000000001
[TRAIN]: (1435/1600): reward: 29.619476309977472, rates: 33.619476752967586, loss: 1.9804866373538972, rho: 0.4000000000000001
[TRAIN]: (1436/1600): reward: 5.9542134664952755, rates: 13.954213315371872, loss: 1.5782048016786576, rho: 0.4000000000000001
[TRAIN]: (1437/1600): reward: 28.14421858265996, rates: 29.144218544682136, loss: 1.8438434302806854, rho: 0.4000000000000001
[TRAIN]: (1438/1600): reward: -1.1286257207393646, rates: 9.871374230422655, loss: 2.034281474351883, rho: 0.4000000000000001
[TRAIN]: (1439/1600): reward: 2.6086107790470123, rates: 12.60861079970195, loss: 2.063749313354492, rho: 0.4000000000000001
[TRAIN]: (1440/1600): reward: 47.37242425233126, rates: 50.37242448850353, loss: 1.7836604297161103, rho: 0.4000000000000001
[TRAIN]: (1441/1600): reward: 15.1510653719306, rates: 19.15106545054384, loss: 1.7057316869497299, rho: 0.4000000000000001
[TRAIN]: (1442/1600): reward: 36.79027373343706, rates: 37.790273652340694, loss: 1.9396247029304505, rho: 0.4000000000000001
[TRAIN]: (1443/1600): reward: 29.476221730932593, rates: 31.476221547317483, loss: 1.878608652949333, rho: 0.4000000000000001
[TRAIN]: (1444/1600): reward: 38.75005843117833, rates: 41.750058332800535, loss: 1.7042684108018875, rho: 0.4000000000000001
[TRAIN]: (1445/1600): reward: -7.1694962084293365, rates: 1.8305037925782366, loss: 1.6789029121398926, rho: 0.4000000000000001
[TRAIN]: (1446/1600): reward: 26.91853187419474, rates: 29.91853229198281, loss: 1.916341033577919, rho: 0.4000000000000001
[TRAIN]: (1447/1600): reward: 36.7383163459599, rates: 37.73831666535786, loss: 1.6086954057216645, rho: 0.4000000000000001
[TRAIN]: (1448/1600): reward: -12.151375375688076, rates: 1.8486245643335206, loss: 2.0966095685958863, rho: 0.4000000000000001
[TRAIN]: (1449/1600): reward: 37.350887812674046, rates: 40.350888192267305, loss: 1.7201942563056947, rho: 0.4000000000000001
[TRAIN]: (1450/1600): reward: 45.02465182938613, rates: 45.02465174444801, loss: 1.9176261216402053, rho: 0.4000000000000001
[TRAIN]: (1451/1600): reward: 39.213864736258984, rates: 43.21386485314794, loss: 2.1021280169486998, rho: 0.4000000000000001
[TRAIN]: (1452/1600): reward: 29.194920094683766, rates: 31.19491975315021, loss: 1.8995094448328018, rho: 0.4000000000000001
[TRAIN]: (1453/1600): reward: -8.487323461100459, rates: 3.51267643688791, loss: 1.7880488693714143, rho: 0.4000000000000001
[TRAIN]: (1454/1600): reward: 38.26703391224146, rates: 42.26703399345196, loss: 1.8820032894611358, rho: 0.4000000000000001
[TRAIN]: (1455/1600): reward: 22.215375658124685, rates: 26.215376094788905, loss: 2.075405326485634, rho: 0.4000000000000001
[TRAIN]: (1456/1600): reward: 45.433797776699066, rates: 46.4337977183079, loss: 1.8096059083938598, rho: 0.4000000000000001
[TRAIN]: (1457/1600): reward: -4.88719841837883, rates: 5.112801547323988, loss: 1.9171058714389801, rho: 0.4000000000000001
[TRAIN]: (1458/1600): reward: 34.306945003569126, rates: 39.306944597464245, loss: 1.9860253989696504, rho: 0.4000000000000001
[TRAIN]: (1459/1600): reward: 27.248748760670424, rates: 31.248748876386777, loss: 1.7775079697370528, rho: 0.4000000000000001
[TRAIN]: (1460/1600): reward: 19.04349584132433, rates: 26.043495964887384, loss: 2.0182783603668213, rho: 0.4000000000000001
[TRAIN]: (1461/1600): reward: -0.8687508180737495, rates: 7.131249083760315, loss: 2.0065953850746157, rho: 0.4000000000000001
[TRAIN]: (1462/1600): reward: 4.766090966761112, rates: 10.76609095853627, loss: 1.728318464756012, rho: 0.4000000000000001
[TRAIN]: (1463/1600): reward: 24.59811593592167, rates: 27.598115680433967, loss: 2.0627080142498015, rho: 0.4000000000000001
[TRAIN]: (1464/1600): reward: 34.402340272441506, rates: 37.40233999378179, loss: 2.072565424442291, rho: 0.4000000000000001
[TRAIN]: (1465/1600): reward: 36.924408964812756, rates: 38.92440951161997, loss: 1.8813054263591766, rho: 0.4000000000000001
[TRAIN]: (1466/1600): reward: 21.85472700931132, rates: 25.854726643753587, loss: 1.9894423723220824, rho: 0.4000000000000001
[TRAIN]: (1467/1600): reward: 45.73559860512614, rates: 45.73559828528825, loss: 2.019216713309288, rho: 0.4000000000000001
[TRAIN]: (1468/1600): reward: 33.72027485072613, rates: 35.72027483186232, loss: 2.117348313331604, rho: 0.4000000000000001
[TRAIN]: (1469/1600): reward: 41.11787390708923, rates: 41.11787372856379, loss: 1.766854065656662, rho: 0.4000000000000001
[TRAIN]: (1470/1600): reward: 29.625515766441822, rates: 31.625516105995207, loss: 1.916854238510132, rho: 0.4000000000000001
[TRAIN]: (1471/1600): reward: 39.88890442252159, rates: 41.88890475627424, loss: 1.9864995002746582, rho: 0.4000000000000001
[TRAIN]: (1472/1600): reward: 40.73281145468354, rates: 40.732811043025855, loss: 1.7944200217723847, rho: 0.4000000000000001
[TRAIN]: (1473/1600): reward: -2.8811309821903706, rates: 5.11886909356623, loss: 2.0558764815330504, rho: 0.4000000000000001
[TRAIN]: (1474/1600): reward: 37.92282150313258, rates: 38.92282143619509, loss: 1.9002205431461334, rho: 0.4000000000000001
[TRAIN]: (1475/1600): reward: 29.182615526020527, rates: 30.18261544304685, loss: 1.8822632014751435, rho: 0.4000000000000001
[TRAIN]: (1476/1600): reward: 42.78270652145147, rates: 42.782706542944226, loss: 1.8475250840187072, rho: 0.4000000000000001
[TRAIN]: (1477/1600): reward: 37.86233601719141, rates: 37.86233570812129, loss: 1.697521722316742, rho: 0.4000000000000001
[TRAIN]: (1478/1600): reward: 42.41209181584418, rates: 42.41209199508403, loss: 1.6564763516187668, rho: 0.4000000000000001
[TRAIN]: (1479/1600): reward: 36.476262614130974, rates: 38.47626282990816, loss: 1.849993634223938, rho: 0.4000000000000001
[TRAIN]: (1480/1600): reward: 5.987803366035223, rates: 13.987803574735288, loss: 1.6319031983613967, rho: 0.4000000000000001
[TRAIN]: (1481/1600): reward: 39.70761005207896, rates: 39.70761088372742, loss: 1.7562147796154022, rho: 0.4000000000000001
[TRAIN]: (1482/1600): reward: 6.2713791355490685, rates: 12.271379213751441, loss: 2.049232655763626, rho: 0.4000000000000001
[TRAIN]: (1483/1600): reward: 38.665622010827065, rates: 40.66562196054326, loss: 1.9207579284906386, rho: 0.4000000000000001
[TRAIN]: (1484/1600): reward: 35.240836918354034, rates: 37.240836848777036, loss: 1.6991163581609725, rho: 0.4000000000000001
[TRAIN]: (1485/1600): reward: 41.64340225607157, rates: 42.64340237295965, loss: 2.113534891605377, rho: 0.4000000000000001
[TRAIN]: (1486/1600): reward: 39.75681073963642, rates: 42.7568110504741, loss: 1.9976479589939118, rho: 0.4000000000000001
[TRAIN]: (1487/1600): reward: 35.60587336868048, rates: 38.60587370932276, loss: 2.006271168589592, rho: 0.4000000000000001
[TRAIN]: (1488/1600): reward: 12.38673847913742, rates: 17.386738307512015, loss: 2.034851613640785, rho: 0.4000000000000001
[TRAIN]: (1489/1600): reward: -8.077926963567734, rates: 4.922073139474442, loss: 2.094693198800087, rho: 0.4000000000000001
[TRAIN]: (1490/1600): reward: -7.635792624205351, rates: 2.3642074137667364, loss: 1.9518887281417847, rho: 0.4000000000000001
[TRAIN]: (1491/1600): reward: -7.71001909673214, rates: 3.2899808876587464, loss: 1.7906772255897523, rho: 0.4000000000000001
[TRAIN]: (1492/1600): reward: 49.285019382834435, rates: 50.285018894232365, loss: 1.8484237521886826, rho: 0.4000000000000001
[TRAIN]: (1493/1600): reward: 15.296833757311106, rates: 21.296834061816522, loss: 1.7610972195863723, rho: 0.4000000000000001
[TRAIN]: (1494/1600): reward: 32.06568980589509, rates: 35.06568998955776, loss: 1.93495112657547, rho: 0.4000000000000001
[TRAIN]: (1495/1600): reward: 13.621822379529476, rates: 18.621822179152836, loss: 1.7719735234975815, rho: 0.4000000000000001
[TRAIN]: (1496/1600): reward: 39.94919642806053, rates: 40.94919649704918, loss: 1.7971574664115906, rho: 0.4000000000000001
[TRAIN]: (1497/1600): reward: -15.700923316180706, rates: 0.29907668701006374, loss: 2.2590765744447707, rho: 0.4000000000000001
[TRAIN]: (1498/1600): reward: 9.742226508911699, rates: 15.742226425692209, loss: 2.0111084789037705, rho: 0.4000000000000001
[TRAIN]: (1499/1600): reward: 44.39729131758213, rates: 44.39729148504805, loss: 1.93598213493824, rho: 0.4000000000000001
[TRAIN]: (1500/1600): reward: 32.27019679173827, rates: 35.270196650333155, loss: 1.937994021177292, rho: 0.4000000000000001
[TRAIN]: (1501/1600): reward: 12.78451194241643, rates: 17.78451190856027, loss: 1.8541777342557908, rho: 0.4000000000000001
[TRAIN]: (1502/1600): reward: 32.03467836230993, rates: 34.03467806602539, loss: 2.1494519293308256, rho: 0.4000000000000001
[TRAIN]: (1503/1600): reward: 0.7085853926837444, rates: 10.708585545273598, loss: 1.8261602133512498, rho: 0.4000000000000001
[TRAIN]: (1504/1600): reward: 51.79522702842951, rates: 51.79522691042578, loss: 1.8086821019649506, rho: 0.4000000000000001
[TRAIN]: (1505/1600): reward: 23.24898956902325, rates: 26.24898942557655, loss: 2.0915692865848543, rho: 0.4000000000000001
[TRAIN]: (1506/1600): reward: 25.876925695687532, rates: 27.876925622644926, loss: 1.5970073893666268, rho: 0.4000000000000001
[TRAIN]: (1507/1600): reward: 13.54958400130272, rates: 18.549583902532333, loss: 1.6544249713420869, rho: 0.4000000000000001
[TRAIN]: (1508/1600): reward: 10.4222695492208, rates: 16.42226955830281, loss: 1.7364982485771179, rho: 0.4000000000000001
[TRAIN]: (1509/1600): reward: 30.865429610013962, rates: 32.865429300962816, loss: 1.8173172265291213, rho: 0.4000000000000001
[TRAIN]: (1510/1600): reward: -8.827179476618767, rates: 2.1728204795031965, loss: 1.9007947534322738, rho: 0.4000000000000001
[TRAIN]: (1511/1600): reward: 32.365771643817425, rates: 35.36577148644054, loss: 1.8339117407798766, rho: 0.4000000000000001
[TRAIN]: (1512/1600): reward: 25.91559661179781, rates: 30.915596575399626, loss: 1.7204499870538712, rho: 0.4000000000000001
[TRAIN]: (1513/1600): reward: 38.029310796409845, rates: 38.0293103845474, loss: 1.9053218722343446, rho: 0.4000000000000001
[TRAIN]: (1514/1600): reward: 40.66698481282219, rates: 40.6669843974567, loss: 1.9229580461978912, rho: 0.4000000000000001
[TRAIN]: (1515/1600): reward: 45.17281198501587, rates: 45.17281164699103, loss: 1.7673422306776048, rho: 0.4000000000000001
[TRAIN]: (1516/1600): reward: 39.00961992517114, rates: 39.009620221722486, loss: 1.8769437670707703, rho: 0.4000000000000001
[TRAIN]: (1517/1600): reward: -0.9299201713874936, rates: 7.070079873534493, loss: 2.1155640304088594, rho: 0.4000000000000001
[TRAIN]: (1518/1600): reward: 32.59343557432294, rates: 34.59343548524812, loss: 1.7914634674787522, rho: 0.4000000000000001
[TRAIN]: (1519/1600): reward: 35.520193099975586, rates: 36.52019286630369, loss: 1.9923684418201446, rho: 0.4000000000000001
[TRAIN]: (1520/1600): reward: 32.41829531267285, rates: 33.41829489563459, loss: 2.0437162816524506, rho: 0.4000000000000001
[TRAIN]: (1521/1600): reward: 27.602182138711214, rates: 33.60218253135026, loss: 2.0548059582710265, rho: 0.4000000000000001
[TRAIN]: (1522/1600): reward: 42.4053516164422, rates: 42.40535143140241, loss: 1.6511868804693222, rho: 0.4000000000000001
[TRAIN]: (1523/1600): reward: 33.73025253042579, rates: 37.73025259055991, loss: 1.7355694830417634, rho: 0.4000000000000001
[TRAIN]: (1524/1600): reward: 15.658200863748789, rates: 19.65820062835047, loss: 1.8283424854278565, rho: 0.4000000000000001
[TRAIN]: (1525/1600): reward: 28.364409051835537, rates: 31.364408963049115, loss: 1.832211646437645, rho: 0.4000000000000001
[TRAIN]: (1526/1600): reward: 31.422283872961998, rates: 34.42228431620001, loss: 1.7202925771474837, rho: 0.4000000000000001
[TRAIN]: (1527/1600): reward: 3.4455879740417004, rates: 11.445588194648025, loss: 2.1396331071853636, rho: 0.4000000000000001
[TRAIN]: (1528/1600): reward: -12.30704491212964, rates: 0.6929550882408482, loss: 1.8064869105815888, rho: 0.4000000000000001
[TRAIN]: (1529/1600): reward: 18.995133521035314, rates: 22.99513375133374, loss: 1.7958611726760865, rho: 0.4000000000000001
[TRAIN]: (1530/1600): reward: 38.630744993686676, rates: 42.63074493437828, loss: 1.9652263075113297, rho: 0.4000000000000001
[TRAIN]: (1531/1600): reward: 37.28242912515998, rates: 39.28242897681441, loss: 1.9477459192276, rho: 0.4000000000000001
[TRAIN]: (1532/1600): reward: -9.032238213345408, rates: 0.9677618097668318, loss: 2.170584589242935, rho: 0.4000000000000001
[TRAIN]: (1533/1600): reward: 5.169508904218674, rates: 15.169508807244759, loss: 1.9924874246120452, rho: 0.4000000000000001
[TRAIN]: (1534/1600): reward: 3.034013692289591, rates: 10.034013681112686, loss: 1.93155277967453, rho: 0.4000000000000001
[TRAIN]: (1535/1600): reward: 40.539506029337645, rates: 41.53950664213712, loss: 1.9764103651046754, rho: 0.4000000000000001
[TRAIN]: (1536/1600): reward: 35.19113416224718, rates: 36.191133925768895, loss: 1.7879582643508911, rho: 0.4000000000000001
[TRAIN]: (1537/1600): reward: 32.00921428948641, rates: 34.009214404140245, loss: 2.0068371474742888, rho: 0.4000000000000001
[TRAIN]: (1538/1600): reward: 37.32242066040635, rates: 38.322420827120474, loss: 1.8467377096414566, rho: 0.4000000000000001
[TRAIN]: (1539/1600): reward: -0.5194758623838425, rates: 8.480524057339977, loss: 1.9638582229614259, rho: 0.4000000000000001
[TRAIN]: (1540/1600): reward: 40.42451072484255, rates: 40.42451127041079, loss: 1.5428209275007247, rho: 0.4000000000000001
[TRAIN]: (1541/1600): reward: 46.495236260816455, rates: 46.49523668456362, loss: 1.8135468006134032, rho: 0.4000000000000001
[TRAIN]: (1542/1600): reward: 14.966496270149946, rates: 20.966496342237384, loss: 1.6830723643302918, rho: 0.4000000000000001
[TRAIN]: (1543/1600): reward: 42.202787924557924, rates: 43.202787279219784, loss: 2.1002961337566375, rho: 0.4000000000000001
[TRAIN]: (1544/1600): reward: 4.524380434304476, rates: 12.524380557897475, loss: 1.9206251621246337, rho: 0.4000000000000001
[TRAIN]: (1545/1600): reward: 34.771151691675186, rates: 34.771151748147645, loss: 1.8118062019348145, rho: 0.4000000000000001
[TRAIN]: (1546/1600): reward: 17.489501839503646, rates: 20.48950215037401, loss: 1.8707216024398803, rho: 0.4000000000000001
[TRAIN]: (1547/1600): reward: 41.54610890895128, rates: 43.54610894256762, loss: 1.9766032159328462, rho: 0.4000000000000001
[TRAIN]: (1548/1600): reward: 12.296005804091692, rates: 19.2960056400821, loss: 1.8261954545974732, rho: 0.4000000000000001
[TRAIN]: (1549/1600): reward: 29.84520284458995, rates: 31.845202302562576, loss: 1.9165445387363433, rho: 0.4000000000000001
[TRAIN]: (1550/1600): reward: 17.167782984673977, rates: 23.167783287316432, loss: 1.9964699268341064, rho: 0.4000000000000001
[TRAIN]: (1551/1600): reward: 16.370453353971243, rates: 22.370453352619883, loss: 1.949330958724022, rho: 0.4000000000000001
[TRAIN]: (1552/1600): reward: 25.099527779966593, rates: 27.099527934515017, loss: 2.0426468908786775, rho: 0.4000000000000001
[TRAIN]: (1553/1600): reward: 28.623942241072655, rates: 31.623942654516213, loss: 1.7436171114444732, rho: 0.4000000000000001
[TRAIN]: (1554/1600): reward: 36.27173835225403, rates: 36.27173815219684, loss: 1.964383751153946, rho: 0.4000000000000001
[TRAIN]: (1555/1600): reward: -9.686783527955413, rates: 2.3132164583179566, loss: 2.012959975004196, rho: 0.4000000000000001
[TRAIN]: (1556/1600): reward: 8.442449226975441, rates: 17.442449455565466, loss: 1.7398669004440308, rho: 0.4000000000000001
[TRAIN]: (1557/1600): reward: 37.54806949943304, rates: 38.548069589138414, loss: 1.791505181789398, rho: 0.4000000000000001
[TRAIN]: (1558/1600): reward: 11.138539767824113, rates: 17.138539830714798, loss: 1.813995462656021, rho: 0.4000000000000001
[TRAIN]: (1559/1600): reward: 22.973603202030063, rates: 25.973603015934547, loss: 1.797301995754242, rho: 0.4000000000000001
[TRAIN]: (1560/1600): reward: 20.689042508602142, rates: 23.689042515652485, loss: 1.8371316552162171, rho: 0.4000000000000001
[TRAIN]: (1561/1600): reward: 16.42789725959301, rates: 22.427897169126037, loss: 2.143902450799942, rho: 0.4000000000000001
[TRAIN]: (1562/1600): reward: 35.59678635187447, rates: 35.59678663333938, loss: 1.8433619290590286, rho: 0.4000000000000001
[TRAIN]: (1563/1600): reward: 17.942481491714716, rates: 21.94248176806885, loss: 1.992621076107025, rho: 0.4000000000000001
[TRAIN]: (1564/1600): reward: 12.95515781827271, rates: 20.955158002779402, loss: 1.959307998418808, rho: 0.4000000000000001
[TRAIN]: (1565/1600): reward: 24.548413641750813, rates: 28.54841373433775, loss: 1.8061275899410247, rho: 0.4000000000000001
[TRAIN]: (1566/1600): reward: 44.80156556516886, rates: 46.80156516798494, loss: 1.9013334810733795, rho: 0.4000000000000001
[TRAIN]: (1567/1600): reward: 33.333296339958906, rates: 34.3332961841631, loss: 1.7161727994680405, rho: 0.4000000000000001
[TRAIN]: (1568/1600): reward: 38.31070964038372, rates: 39.31070983476943, loss: 1.9576792955398559, rho: 0.4000000000000001
[TRAIN]: (1569/1600): reward: 12.027244009077549, rates: 19.027244244681917, loss: 2.0460309267044066, rho: 0.4000000000000001
[TRAIN]: (1570/1600): reward: 26.673804223537445, rates: 31.673803877900998, loss: 1.7091388911008836, rho: 0.4000000000000001
[TRAIN]: (1571/1600): reward: 2.1793850660324097, rates: 10.179385026207337, loss: 1.9869819283485413, rho: 0.4000000000000001
[TRAIN]: (1572/1600): reward: 42.072678700089455, rates: 42.07267890807608, loss: 1.8619011729955672, rho: 0.4000000000000001
[TRAIN]: (1573/1600): reward: 35.74342701584101, rates: 35.743426750937495, loss: 2.060669332742691, rho: 0.4000000000000001
[TRAIN]: (1574/1600): reward: 12.659718782640994, rates: 18.65971885862931, loss: 2.0191923320293426, rho: 0.4000000000000001
[TRAIN]: (1575/1600): reward: 38.88228887319565, rates: 38.88228896137504, loss: 2.2072457015514373, rho: 0.4000000000000001
[TRAIN]: (1576/1600): reward: 39.573391646146774, rates: 40.57339133818038, loss: 1.8662719637155534, rho: 0.4000000000000001
[TRAIN]: (1577/1600): reward: 38.00909256376326, rates: 38.009092543301016, loss: 1.9891246646642684, rho: 0.4000000000000001
[TRAIN]: (1578/1600): reward: 0.18009021878242493, rates: 8.180090255235893, loss: 1.8521465510129929, rho: 0.4000000000000001
[TRAIN]: (1579/1600): reward: 27.616013940423727, rates: 28.616014248044237, loss: 1.777114498615265, rho: 0.4000000000000001
[TRAIN]: (1580/1600): reward: 4.535257261246443, rates: 11.535257079605543, loss: 1.841294527053833, rho: 0.4000000000000001
[TRAIN]: (1581/1600): reward: 19.058726966381073, rates: 24.058726583246507, loss: 1.9151094377040863, rho: 0.4000000000000001
[TRAIN]: (1582/1600): reward: -6.840379271656275, rates: 3.1596207683963184, loss: 1.873582023382187, rho: 0.4000000000000001
[TRAIN]: (1583/1600): reward: 24.64637023024261, rates: 26.646370571463095, loss: 1.9710818469524383, rho: 0.4000000000000001
[TRAIN]: (1584/1600): reward: 11.566288604401052, rates: 14.566288769677508, loss: 1.8225753158330917, rho: 0.4000000000000001
[TRAIN]: (1585/1600): reward: 19.815750189125538, rates: 22.81574999719093, loss: 1.9441385507583617, rho: 0.4000000000000001
[TRAIN]: (1586/1600): reward: -8.299540147185326, rates: 1.700459860019185, loss: 2.1154445588588713, rho: 0.4000000000000001
[TRAIN]: (1587/1600): reward: 16.928587863221765, rates: 21.928587782163838, loss: 1.7096968948841096, rho: 0.4000000000000001
[TRAIN]: (1588/1600): reward: 34.37341429293156, rates: 36.37341510237142, loss: 1.7676786214113236, rho: 0.4000000000000001
[TRAIN]: (1589/1600): reward: 29.69782441109419, rates: 31.697824342728794, loss: 1.8337226331233978, rho: 0.4000000000000001
[TRAIN]: (1590/1600): reward: 1.287750519812107, rates: 10.287750475423781, loss: 1.8544845968484878, rho: 0.4000000000000001
[TRAIN]: (1591/1600): reward: 37.1072769202292, rates: 39.10727741952383, loss: 2.0811367332935333, rho: 0.4000000000000001
[TRAIN]: (1592/1600): reward: 36.91433350741863, rates: 37.91433325231436, loss: 1.76223304271698, rho: 0.4000000000000001
[TRAIN]: (1593/1600): reward: 41.50808723270893, rates: 43.50808703288242, loss: 1.6654195755720138, rho: 0.4000000000000001
[TRAIN]: (1594/1600): reward: 20.8893541097641, rates: 23.889354165682526, loss: 2.0287614822387696, rho: 0.4000000000000001
[TRAIN]: (1595/1600): reward: 0.0727585218846798, rates: 8.072758319694643, loss: 1.877462238073349, rho: 0.4000000000000001
[TRAIN]: (1596/1600): reward: 35.56826452165842, rates: 37.56826466056523, loss: 1.8225288182497024, rho: 0.4000000000000001
[TRAIN]: (1597/1600): reward: 29.34274034947157, rates: 30.342740319501065, loss: 1.9758398711681366, rho: 0.4000000000000001
[TRAIN]: (1598/1600): reward: -6.576605718582869, rates: 2.423394276381607, loss: 1.582518568634987, rho: 0.4000000000000001
[TRAIN]: (1599/1600): reward: 42.01274140179157, rates: 42.01274125570636, loss: 2.071395772695541, rho: 0.4000000000000001
[TRAIN]: (1600/1600): reward: 27.092656180262566, rates: 33.09265619960664, loss: 2.0958459079265594, rho: 0.4000000000000001
[MAIN]: Time: 1613.758139848709
[MAIN]: END
