[MAIN]: START
[ENV]: Started init Environment
[ENV]: ACTIONS_SPACE: 66
[ENV]: Finished init Environment
[TRAIN]: actions: 66, observations: 12
[TRAIN]: CUDA: True
[TRAIN]: (1/1600): reward: -14.717289388179779, rates: 0.2827106194849325, loss: 0, rho: 0.4000000000000001, transmit_actions: 7, P: [0.875, 0.4375, 0.40625, 0.71875, 0.75, 0.3125, 0.34375, 0.21875, 0.21875, 0.5625, 0.4375, 0.78125, 0.5625, 0.71875, 0.71875, 0.03125, 0.34375, 0.90625, 0.625, 0.46875]
[TRAIN]: (2/1600): reward: -6.452646836638451, rates: 7.5473533081326405, loss: 0, rho: 0.4000000000000001, transmit_actions: 13, P: [0.53125, 0.34375, 0.34375, 0.40625, 0.46875, 0.78125, 0.71875, 0.21875, 0.84375, 0.1875, 1.0, 0.6875, 1.0, 0.0, 0.6875, 0.28125, 0.90625, 0.9375, 0.0, 0.25]
[TRAIN]: (3/1600): reward: -7.888859689235687, rates: 6.111140545170613, loss: 0, rho: 0.4000000000000001, transmit_actions: 10, P: [0.90625, 0.40625, 0.78125, 0.6875, 0.5, 0.46875, 0.6875, 0.84375, 0.84375, 0.0, 0.40625, 0.59375, 0.0625, 0.25, 0.375, 0.59375, 0.5625, 0.09375, 0.84375, 0.75]
[TRAIN]: (4/1600): reward: -4.023727811872959, rates: 8.976272216859751, loss: 1.6164573991999907, rho: 0.4000000000000001, transmit_actions: 11, P: [0.8125, 0.8125, 0.1875, 0.09375, 0.40625, 0.84375, 0.90625, 0.4375, 0.1875, 0.78125, 0.875, 0.125, 0.28125, 0.9375, 0.0625, 0.375, 0.625, 0.5625, 1.0, 0.875]
[TRAIN]: (5/1600): reward: -3.110425651073456, rates: 9.889574372367253, loss: 1.7193812727928162, rho: 0.4000000000000001, transmit_actions: 8, P: [0.375, 0.625, 0.53125, 0.28125, 0.5, 0.625, 0.1875, 0.9375, 0.40625, 0.71875, 0.8125, 0.28125, 0.53125, 0.09375, 0.15625, 0.25, 0.21875, 0.15625, 0.875, 0.96875]
[TRAIN]: (6/1600): reward: 13.943556606769562, rates: 23.94355632674375, loss: 2.0096807062625883, rho: 0.4000000000000001, transmit_actions: 11, P: [0.875, 0.65625, 0.53125, 0.3125, 0.1875, 0.625, 0.71875, 0.125, 1.0, 0.03125, 0.625, 0.90625, 0.40625, 0.03125, 0.46875, 0.5, 0.25, 0.0625, 0.375, 0.375]
[TRAIN]: (7/1600): reward: -14.982147119939327, rates: 1.0178528690033426, loss: 2.0004814505577087, rho: 0.4000000000000001, transmit_actions: 9, P: [0.6875, 0.53125, 0.9375, 0.5, 0.28125, 0.375, 1.0, 0.78125, 0.8125, 0.0625, 0.46875, 0.4375, 0.1875, 0.25, 0.625, 0.375, 0.59375, 0.5625, 0.78125, 0.5]
[TRAIN]: (8/1600): reward: -7.865843772888184, rates: 6.134156323892115, loss: 1.7488157004117966, rho: 0.4000000000000001, transmit_actions: 12, P: [0.59375, 0.625, 0.5, 0.46875, 0.90625, 0.90625, 0.3125, 0.46875, 0.125, 0.375, 0.6875, 0.34375, 0.21875, 0.90625, 0.40625, 0.9375, 0.375, 0.875, 0.65625, 0.59375]
[TRAIN]: (9/1600): reward: -5.477462291717529, rates: 8.522537829823781, loss: 1.84204441010952, rho: 0.4000000000000001, transmit_actions: 7, P: [0.1875, 0.1875, 0.875, 0.96875, 0.5625, 0.53125, 0.46875, 0.75, 0.1875, 0.3125, 0.3125, 0.375, 0.5625, 0.1875, 0.03125, 0.90625, 0.46875, 0.8125, 0.09375, 0.53125]
[TRAIN]: (10/1600): reward: -7.936014771461487, rates: 5.0639850085635105, loss: 1.9013470143079758, rho: 0.4000000000000001, transmit_actions: 12, P: [0.125, 0.84375, 0.4375, 0.46875, 0.3125, 0.375, 0.03125, 0.125, 0.6875, 0.46875, 0.8125, 0.875, 0.65625, 0.53125, 0.34375, 0.34375, 0.90625, 0.8125, 0.78125, 0.4375]
[TRAIN]: (11/1600): reward: -11.26830642670393, rates: 1.7316935296913971, loss: 1.8418343484401702, rho: 0.4000000000000001, transmit_actions: 9, P: [0.90625, 0.6875, 0.9375, 0.75, 0.53125, 0.5625, 0.71875, 0.03125, 0.59375, 0.96875, 0.8125, 0.1875, 0.875, 0.875, 0.65625, 0.09375, 0.53125, 0.15625, 0.0625, 0.28125]
[TRAIN]: (12/1600): reward: -11.160112380981445, rates: 3.8398875824876493, loss: 1.521504208445549, rho: 0.4000000000000001, transmit_actions: 12, P: [0.5, 0.78125, 1.0, 0.1875, 0.9375, 0.59375, 0.625, 0.9375, 0.46875, 0.34375, 0.125, 0.65625, 0.65625, 0.53125, 0.5, 1.0, 0.15625, 0.75, 0.4375, 0.8125]
[TRAIN]: (13/1600): reward: -2.8626758754253387, rates: 11.137324273327241, loss: 1.3646146029233932, rho: 0.4000000000000001, transmit_actions: 8, P: [0.78125, 0.59375, 0.09375, 0.125, 0.40625, 0.40625, 0.90625, 0.6875, 0.59375, 0.90625, 0.625, 0.09375, 0.59375, 0.0, 0.75, 0.59375, 0.03125, 0.53125, 0.25, 0.75]
[TRAIN]: (14/1600): reward: -1.2864923477172852, rates: 10.713507407384952, loss: 1.4512944489717483, rho: 0.4000000000000001, transmit_actions: 11, P: [1.0, 0.90625, 0.5625, 0.96875, 0.53125, 0.6875, 0.0, 0.78125, 0.78125, 1.0, 0.625, 0.28125, 0.25, 0.09375, 0.46875, 0.75, 0.9375, 0.46875, 0.59375, 0.84375]
[TRAIN]: (15/1600): reward: -14.0, rates: 0, loss: 1.5384100377559662, rho: 0.4000000000000001, transmit_actions: 6, P: [0.21875, 0.78125, 0.4375, 0.375, 0.90625, 0.8125, 0.40625, 0.5625, 0.90625, 0.5625, 0.59375, 0.4375, 0.375, 0.4375, 0.5625, 0.34375, 0.75, 0.4375, 0.84375, 0.9375]
[TRAIN]: (16/1600): reward: -8.968802839517593, rates: 4.031197187784784, loss: 1.216136744618416, rho: 0.4000000000000001, transmit_actions: 6, P: [0.15625, 0.9375, 0.03125, 0.875, 0.875, 0.1875, 0.90625, 0.65625, 0.09375, 0.625, 0.78125, 0.03125, 0.0, 0.34375, 0.78125, 0.03125, 0.84375, 0.4375, 0.78125, 0.40625]
[TRAIN]: (17/1600): reward: -13.64624136686325, rates: 3.353758637143073, loss: 1.1877709195017814, rho: 0.4000000000000001, transmit_actions: 12, P: [0.75, 0.375, 0.78125, 0.9375, 0.75, 0.5, 0.1875, 0.53125, 0.5, 0.21875, 0.6875, 0.8125, 0.5625, 1.0, 0.09375, 0.375, 0.625, 0.40625, 0.8125, 0.03125]
[TRAIN]: (18/1600): reward: -16.869374081492424, rates: 0.1306259175088997, loss: 1.27941185683012, rho: 0.4000000000000001, transmit_actions: 10, P: [0.96875, 0.375, 1.0, 0.75, 0.78125, 0.125, 0.6875, 0.625, 0.03125, 0.25, 0.71875, 0.75, 0.75, 0.4375, 0.34375, 0.59375, 0.90625, 0.375, 0.59375, 0.8125]
[TRAIN]: (19/1600): reward: -6.13023829460144, rates: 8.869761476829723, loss: 0.9565136313438416, rho: 0.4000000000000001, transmit_actions: 7, P: [0.15625, 0.21875, 0.96875, 0.125, 0.5625, 0.21875, 0.03125, 0.65625, 0.5625, 0.0, 0.96875, 0.03125, 0.15625, 0.96875, 0.125, 0.125, 0.5625, 0.59375, 0.53125, 0.40625]
[TRAIN]: (20/1600): reward: -14.682433385401964, rates: 0.3175666073134004, loss: 1.1563626915216445, rho: 0.4000000000000001, transmit_actions: 9, P: [0.0, 0.84375, 0.8125, 0.4375, 0.0625, 0.78125, 0.28125, 0.875, 0.5625, 0.53125, 0.0, 0.21875, 0.125, 0.8125, 0.875, 0.3125, 0.5, 0.65625, 0.9375, 0.84375]
[TRAIN]: (21/1600): reward: -11.811425611376762, rates: 0.1885743858089746, loss: 1.1390056774020194, rho: 0.4000000000000001, transmit_actions: 10, P: [0.4375, 0.03125, 1.0, 0.375, 0.78125, 0.96875, 0.8125, 0.125, 0.875, 0.09375, 0.25, 0.75, 0.8125, 0.875, 0.59375, 0.625, 0.53125, 0.4375, 0.9375, 0.59375]
[TRAIN]: (22/1600): reward: -9.119548231363297, rates: 4.880451671561638, loss: 0.9867369860410691, rho: 0.4000000000000001, transmit_actions: 7, P: [0.8125, 0.4375, 0.46875, 0.65625, 0.09375, 0.96875, 0.34375, 0.96875, 0.8125, 0.125, 0.625, 0.75, 0.9375, 0.5625, 0.90625, 0.9375, 0.6875, 0.3125, 0.8125, 0.5625]
[TRAIN]: (23/1600): reward: -2.5549750328063965, rates: 11.445024979370595, loss: 1.0441938117146492, rho: 0.4000000000000001, transmit_actions: 11, P: [0.40625, 0.0625, 1.0, 0.8125, 0.4375, 0.6875, 0.71875, 0.875, 0.3125, 0.375, 0.03125, 0.03125, 0.4375, 0.40625, 0.5625, 0.625, 0.125, 0.0625, 0.625, 0.5625]
[TRAIN]: (24/1600): reward: 9.595756828784943, rates: 22.595756536716138, loss: 1.1290531948208808, rho: 0.4000000000000001, transmit_actions: 11, P: [0.71875, 0.40625, 0.34375, 0.65625, 0.6875, 0.375, 0.4375, 0.25, 0.65625, 0.5625, 0.65625, 0.53125, 0.875, 0.21875, 0.9375, 0.3125, 0.96875, 0.65625, 0.34375, 0.9375]
[TRAIN]: (25/1600): reward: 2.9047951698303223, rates: 15.90479549049138, loss: 1.3080623686313628, rho: 0.4000000000000001, transmit_actions: 13, P: [0.71875, 0.0625, 0.40625, 0.0, 0.09375, 0.03125, 0.6875, 0.65625, 0.375, 0.4375, 0.0625, 0.875, 0.28125, 0.59375, 0.28125, 0.21875, 0.5, 0.40625, 0.15625, 0.96875]
[TRAIN]: (26/1600): reward: 3.9809701070189476, rates: 14.980970197865258, loss: 1.2590546369552613, rho: 0.4000000000000001, transmit_actions: 14, P: [1.0, 0.6875, 0.625, 0.53125, 0.96875, 0.4375, 0.15625, 0.125, 0.125, 0.9375, 0.375, 0.5625, 0.3125, 0.84375, 0.3125, 0.0, 0.65625, 0.9375, 0.15625, 0.21875]
[TRAIN]: (27/1600): reward: -14.517505377531052, rates: 0.48249462103514296, loss: 1.743812683224678, rho: 0.4000000000000001, transmit_actions: 11, P: [0.84375, 0.125, 0.0, 0.71875, 0.625, 0.40625, 0.28125, 0.4375, 0.5, 0.78125, 0.65625, 0.53125, 0.375, 0.625, 0.53125, 0.78125, 0.625, 0.0, 0.625, 0.90625]
[TRAIN]: (28/1600): reward: -11.59436097741127, rates: 0.40563902379053546, loss: 1.6013495534658433, rho: 0.4000000000000001, transmit_actions: 10, P: [0.90625, 0.90625, 0.875, 0.25, 0.0, 0.125, 0.3125, 0.78125, 0.0, 0.96875, 0.625, 0.15625, 0.75, 1.0, 0.875, 0.5, 0.625, 0.15625, 0.78125, 1.0]
[TRAIN]: (29/1600): reward: -8.08436632156372, rates: 5.915633752247048, loss: 1.5126955717802049, rho: 0.4000000000000001, transmit_actions: 12, P: [0.125, 0.71875, 0.3125, 0.6875, 0.375, 0.625, 0.59375, 0.15625, 0.03125, 0.5, 0.78125, 0.90625, 0.78125, 0.53125, 0.96875, 0.84375, 0.5625, 0.84375, 0.71875, 0.71875]
[TRAIN]: (30/1600): reward: 7.640913486480713, rates: 19.640913124866298, loss: 1.0821649491786958, rho: 0.4000000000000001, transmit_actions: 9, P: [0.53125, 0.125, 0.71875, 0.46875, 0.65625, 0.625, 0.59375, 0.9375, 1.0, 0.375, 0.09375, 0.28125, 0.03125, 0.90625, 0.6875, 0.6875, 0.90625, 0.25, 0.25, 0.21875]
[TRAIN]: (31/1600): reward: -7.712804306298494, rates: 5.287195818441035, loss: 1.3734479576349259, rho: 0.4000000000000001, transmit_actions: 10, P: [0.96875, 0.03125, 0.28125, 0.96875, 0.375, 0.25, 0.625, 0.65625, 0.21875, 0.84375, 0.53125, 0.03125, 1.0, 0.75, 0.5625, 0.90625, 0.9375, 0.15625, 0.03125, 0.1875]
[TRAIN]: (32/1600): reward: -16.815168857574463, rates: 0.1848311368577616, loss: 1.536346396803856, rho: 0.4000000000000001, transmit_actions: 11, P: [1.0, 0.46875, 0.03125, 0.65625, 0.21875, 0.65625, 0.625, 0.8125, 0.84375, 0.03125, 0.65625, 0.5625, 0.21875, 0.53125, 0.0, 0.375, 0.6875, 0.4375, 0.6875, 0.84375]
[TRAIN]: (33/1600): reward: 9.6450164206326, rates: 19.645016491230578, loss: 1.3081297308206559, rho: 0.4000000000000001, transmit_actions: 8, P: [0.125, 0.40625, 0.4375, 0.125, 0.53125, 0.1875, 0.03125, 0.75, 0.96875, 0.59375, 0.09375, 1.0, 0.3125, 0.1875, 0.96875, 0.09375, 0.5, 0.125, 1.0, 0.34375]
[TRAIN]: (34/1600): reward: 10.201847918331623, rates: 19.201848099231494, loss: 1.480811733007431, rho: 0.4000000000000001, transmit_actions: 14, P: [0.25, 0.9375, 0.375, 0.03125, 0.21875, 0.9375, 0.375, 0.03125, 0.3125, 0.8125, 0.09375, 0.59375, 0.0625, 0.78125, 0.6875, 0.09375, 0.90625, 0.75, 0.75, 0.3125]
[TRAIN]: (35/1600): reward: -8.457676112651825, rates: 6.542324054664555, loss: 1.6138612657785416, rho: 0.4000000000000001, transmit_actions: 8, P: [0.625, 0.1875, 0.375, 0.9375, 0.21875, 0.40625, 0.46875, 0.46875, 0.4375, 0.03125, 0.34375, 0.25, 0.71875, 0.90625, 0.90625, 0.15625, 0.15625, 0.6875, 0.25, 0.46875]
[TRAIN]: (36/1600): reward: -12.502409934997559, rates: 5.497590216226335, loss: 1.5729487180709838, rho: 0.4000000000000001, transmit_actions: 11, P: [0.46875, 0.03125, 0.875, 0.3125, 0.1875, 0.53125, 0.09375, 0.46875, 0.78125, 0.59375, 0.0625, 0.1875, 0.9375, 0.15625, 0.375, 0.96875, 0.5625, 0.8125, 0.59375, 0.75]
[TRAIN]: (37/1600): reward: 2.985880210995674, rates: 11.985880121232132, loss: 1.4593246638774873, rho: 0.4000000000000001, transmit_actions: 11, P: [0.8125, 0.1875, 0.84375, 0.125, 0.40625, 0.0, 0.84375, 0.96875, 0.8125, 0.6875, 0.3125, 0.96875, 0.4375, 0.78125, 0.96875, 0.375, 0.75, 0.71875, 0.78125, 0.65625]
[TRAIN]: (38/1600): reward: 3.1645779609680176, rates: 16.164578107659032, loss: 1.415076157450676, rho: 0.4000000000000001, transmit_actions: 9, P: [0.90625, 0.28125, 0.03125, 0.875, 0.84375, 0.6875, 0.625, 0.53125, 0.15625, 0.53125, 0.375, 0.71875, 0.15625, 0.34375, 0.59375, 0.84375, 0.375, 0.03125, 0.59375, 0.96875]
[TRAIN]: (39/1600): reward: 0.3755997009575367, rates: 11.375599544053369, loss: 1.7119982957839965, rho: 0.4000000000000001, transmit_actions: 8, P: [0.40625, 0.78125, 0.9375, 0.15625, 0.03125, 0.625, 0.09375, 0.28125, 0.78125, 0.125, 0.59375, 0.875, 0.625, 0.9375, 0.34375, 0.53125, 1.0, 0.25, 0.125, 0.75]
[TRAIN]: (40/1600): reward: -9.236023545265198, rates: 0.7639764538319258, loss: 1.5253055840730667, rho: 0.4000000000000001, transmit_actions: 10, P: [0.09375, 0.5625, 0.0, 0.84375, 0.75, 0.25, 0.96875, 0.28125, 0.6875, 0.90625, 0.90625, 0.875, 0.625, 0.75, 0.03125, 0.875, 0.40625, 0.75, 0.875, 0.96875]
[TRAIN]: (41/1600): reward: 0.061270713806152344, rates: 12.061270980099092, loss: 1.5272200554609299, rho: 0.4000000000000001, transmit_actions: 10, P: [0.21875, 0.4375, 0.46875, 0.65625, 1.0, 0.5, 0.875, 0.59375, 0.875, 0.34375, 0.25, 0.96875, 0.53125, 0.03125, 0.21875, 0.25, 0.09375, 0.84375, 0.8125, 0.40625]
[TRAIN]: (42/1600): reward: 3.8156618922948837, rates: 15.815661868045531, loss: 1.6324340015649796, rho: 0.4000000000000001, transmit_actions: 12, P: [0.09375, 0.09375, 0.5, 0.4375, 0.5625, 0.0625, 0.53125, 0.28125, 0.3125, 0.125, 0.84375, 0.03125, 0.15625, 0.25, 0.40625, 0.125, 0.125, 0.875, 0.96875, 0.125]
[TRAIN]: (43/1600): reward: -16.0, rates: 0, loss: 1.5352976262569427, rho: 0.4000000000000001, transmit_actions: 10, P: [0.71875, 0.15625, 0.65625, 0.59375, 0.625, 0.625, 0.1875, 0.78125, 0.75, 0.5, 0.25, 0.40625, 0.5625, 0.625, 0.5625, 0.8125, 0.59375, 0.71875, 0.9375, 0.53125]
[TRAIN]: (44/1600): reward: -8.535269260406494, rates: 5.464730947417455, loss: 1.5278676956892014, rho: 0.4000000000000001, transmit_actions: 7, P: [0.34375, 0.90625, 0.96875, 0.40625, 0.875, 0.4375, 0.15625, 0.875, 0.125, 0.3125, 0.59375, 0.5, 0.28125, 0.9375, 0.375, 1.0, 0.5625, 0.59375, 0.03125, 0.9375]
[TRAIN]: (45/1600): reward: -9.588687300682068, rates: 6.41131262482324, loss: 1.6094536021351815, rho: 0.4000000000000001, transmit_actions: 7, P: [0.25, 0.0625, 0.5625, 0.8125, 0.46875, 0.125, 0.125, 0.3125, 0.40625, 1.0, 0.0, 0.59375, 0.78125, 0.625, 0.0625, 0.53125, 0.875, 0.1875, 0.5625, 0.3125]
[TRAIN]: (46/1600): reward: -1.451958179473877, rates: 13.548041738802056, loss: 1.7494772404432297, rho: 0.4000000000000001, transmit_actions: 12, P: [0.3125, 0.53125, 0.03125, 0.40625, 0.4375, 0.84375, 0.3125, 1.0, 0.34375, 0.6875, 0.21875, 0.40625, 0.84375, 0.53125, 0.0625, 0.3125, 1.0, 0.1875, 0.65625, 0.28125]
[TRAIN]: (47/1600): reward: -10.965201139450073, rates: 3.034798814352144, loss: 1.736330622434616, rho: 0.4000000000000001, transmit_actions: 9, P: [0.59375, 0.84375, 0.59375, 0.96875, 0.4375, 0.96875, 0.59375, 0.59375, 0.53125, 0.375, 0.5, 0.0625, 0.1875, 0.9375, 0.25, 0.1875, 0.3125, 0.0, 0.0, 0.46875]
[TRAIN]: (48/1600): reward: 3.6495761573314667, rates: 13.649575999388881, loss: 1.3770113736391068, rho: 0.4000000000000001, transmit_actions: 10, P: [0.09375, 0.3125, 0.5625, 0.625, 0.625, 0.53125, 0.0625, 0.90625, 0.03125, 0.25, 0.125, 0.0, 0.84375, 0.8125, 0.40625, 1.0, 0.34375, 0.0625, 0.15625, 0.625]
[TRAIN]: (49/1600): reward: -2.9913520887494087, rates: 11.008648202140161, loss: 1.4094511404633523, rho: 0.4000000000000001, transmit_actions: 11, P: [0.625, 0.40625, 0.15625, 0.78125, 0.21875, 0.15625, 0.84375, 0.5, 0.28125, 0.4375, 0.03125, 0.25, 0.4375, 0.53125, 0.5, 0.34375, 0.375, 0.8125, 0.96875, 0.25]
[TRAIN]: (50/1600): reward: -6.734985917806625, rates: 7.265014117987164, loss: 1.4170940116047859, rho: 0.4000000000000001, transmit_actions: 16, P: [0.125, 0.1875, 0.375, 0.65625, 0.9375, 0.25, 0.0625, 0.28125, 0.4375, 0.40625, 0.5, 0.8125, 0.34375, 0.84375, 0.5, 0.6875, 0.3125, 0.40625, 0.34375, 0.34375]
[TRAIN]: (51/1600): reward: -2.5023454651236534, rates: 10.497654374857117, loss: 1.6364510014653206, rho: 0.4000000000000001, transmit_actions: 12, P: [0.09375, 0.75, 0.34375, 0.84375, 0.4375, 0.125, 0.625, 0.59375, 0.15625, 0.53125, 0.65625, 0.03125, 0.75, 0.34375, 0.625, 0.21875, 0.21875, 0.3125, 0.15625, 0.625]
[TRAIN]: (52/1600): reward: -8.876023590564728, rates: 6.12397659998701, loss: 1.597662290930748, rho: 0.4000000000000001, transmit_actions: 12, P: [0.25, 1.0, 0.4375, 1.0, 0.78125, 0.5, 1.0, 0.21875, 0.90625, 0.84375, 0.5625, 0.5625, 0.28125, 0.15625, 0.03125, 0.09375, 0.65625, 0.25, 0.34375, 0.90625]
[TRAIN]: (53/1600): reward: -8.011331677436829, rates: 6.9886681220948175, loss: 1.6136467456817627, rho: 0.4000000000000001, transmit_actions: 10, P: [0.34375, 0.53125, 0.90625, 0.375, 0.5, 0.1875, 0.8125, 0.9375, 0.53125, 0.3125, 0.96875, 0.6875, 0.5, 0.59375, 0.65625, 0.96875, 0.53125, 0.78125, 0.875, 0.34375]
[TRAIN]: (54/1600): reward: -14.147012621164322, rates: 0.8529873710980113, loss: 1.5821850717067718, rho: 0.4000000000000001, transmit_actions: 9, P: [0.375, 0.78125, 0.84375, 0.5625, 1.0, 0.6875, 0.59375, 0.40625, 0.375, 0.25, 0.65625, 0.5, 0.25, 0.46875, 0.4375, 0.28125, 0.21875, 0.125, 0.34375, 0.625]
[TRAIN]: (55/1600): reward: -0.821121096611023, rates: 11.17887888733732, loss: 1.4361987337470055, rho: 0.4000000000000001, transmit_actions: 8, P: [0.0, 0.34375, 0.0625, 0.875, 0.0625, 0.96875, 0.625, 0.5625, 1.0, 0.84375, 0.3125, 0.71875, 0.53125, 0.9375, 0.1875, 0.1875, 1.0, 0.40625, 0.03125, 0.75]
[TRAIN]: (56/1600): reward: -11.407083936035633, rates: 3.592916006280416, loss: 1.35464046895504, rho: 0.4000000000000001, transmit_actions: 11, P: [0.3125, 0.875, 0.6875, 0.625, 0.625, 0.125, 0.03125, 0.03125, 0.84375, 0.40625, 0.40625, 0.6875, 0.375, 0.875, 0.40625, 0.3125, 0.78125, 0.125, 0.625, 0.625]
[TRAIN]: (57/1600): reward: -15.660488337278366, rates: 0.33951166105388575, loss: 1.599628931283951, rho: 0.4000000000000001, transmit_actions: 8, P: [0.21875, 0.15625, 0.46875, 0.28125, 0.71875, 0.78125, 0.46875, 0.15625, 0.8125, 0.375, 0.625, 0.75, 0.78125, 0.25, 0.21875, 0.53125, 0.5625, 0.40625, 0.875, 0.4375]
[TRAIN]: (58/1600): reward: -2.250204011797905, rates: 6.74979588062811, loss: 1.4994084894657136, rho: 0.4000000000000001, transmit_actions: 10, P: [0.6875, 0.84375, 0.125, 0.96875, 0.4375, 0.0, 0.1875, 0.0, 0.78125, 0.5, 0.59375, 0.3125, 1.0, 0.875, 0.90625, 0.6875, 0.6875, 0.1875, 0.75, 0.3125]
[TRAIN]: (59/1600): reward: -5.108621224761009, rates: 6.8913787546070875, loss: 1.3742882072925569, rho: 0.4000000000000001, transmit_actions: 9, P: [0.125, 0.75, 0.375, 0.0, 0.5625, 0.15625, 0.0625, 0.90625, 0.625, 0.375, 0.5625, 0.71875, 0.96875, 0.6875, 0.8125, 0.1875, 0.71875, 0.125, 0.625, 0.46875]
[TRAIN]: (60/1600): reward: -11.022614687681198, rates: 3.977385209998188, loss: 1.6123292446136475, rho: 0.4000000000000001, transmit_actions: 11, P: [0.78125, 0.78125, 0.1875, 0.59375, 0.625, 0.5, 1.0, 0.96875, 0.46875, 0.4375, 0.21875, 0.6875, 0.40625, 0.53125, 0.03125, 0.5, 0.46875, 0.1875, 0.6875, 0.375]
[TRAIN]: (61/1600): reward: -14.0, rates: 0.0, loss: 1.7566436648368835, rho: 0.4000000000000001, transmit_actions: 11, P: [0.6875, 0.9375, 0.5, 0.6875, 0.0, 0.4375, 0.84375, 0.0625, 0.9375, 0.90625, 0.0, 0.59375, 1.0, 0.40625, 0.75, 0.125, 0.84375, 0.6875, 0.53125, 0.71875]
[TRAIN]: (62/1600): reward: -12.437773145735264, rates: 3.562226818148163, loss: 1.5635105922818184, rho: 0.4000000000000001, transmit_actions: 12, P: [0.3125, 0.46875, 0.03125, 0.15625, 0.03125, 0.25, 0.625, 0.46875, 0.78125, 1.0, 0.53125, 0.65625, 0.5625, 1.0, 0.53125, 0.90625, 0.09375, 0.40625, 0.0625, 0.71875]
[TRAIN]: (63/1600): reward: -17.0, rates: 0, loss: 1.3890568420290947, rho: 0.4000000000000001, transmit_actions: 9, P: [0.625, 0.8125, 0.84375, 0.90625, 0.53125, 0.25, 0.125, 1.0, 0.84375, 0.4375, 0.65625, 0.21875, 0.34375, 0.71875, 0.4375, 0.75, 0.78125, 0.625, 0.375, 0.96875]
[TRAIN]: (64/1600): reward: -11.340568780899048, rates: 2.659431243227656, loss: 1.3344319954514503, rho: 0.4000000000000001, transmit_actions: 9, P: [0.125, 0.0, 0.78125, 0.03125, 0.96875, 0.65625, 0.78125, 0.21875, 0.25, 0.75, 0.875, 0.53125, 0.96875, 0.1875, 0.90625, 0.5625, 0.625, 0.9375, 0.75, 0.78125]
[TRAIN]: (65/1600): reward: -5.559026718139648, rates: 9.440973094042388, loss: 1.6157780170440674, rho: 0.4000000000000001, transmit_actions: 9, P: [0.71875, 0.8125, 0.40625, 0.46875, 0.03125, 0.5, 0.59375, 0.59375, 0.6875, 0.4375, 0.0625, 0.5625, 0.5625, 0.875, 0.15625, 0.53125, 0.1875, 0.6875, 0.5625, 0.40625]
[TRAIN]: (66/1600): reward: -3.0421953201293945, rates: 9.957804460543272, loss: 1.5559206783771515, rho: 0.4000000000000001, transmit_actions: 8, P: [0.875, 0.8125, 0.09375, 1.0, 0.25, 0.0, 0.59375, 0.84375, 0.78125, 0.78125, 0.59375, 0.34375, 0.28125, 0.28125, 0.875, 0.875, 0.25, 0.71875, 0.90625, 0.71875]
[TRAIN]: (67/1600): reward: 2.200982604175806, rates: 15.200982117102456, loss: 1.3895891189575196, rho: 0.4000000000000001, transmit_actions: 11, P: [1.0, 0.34375, 0.4375, 0.5625, 0.03125, 0.84375, 0.40625, 0.25, 0.5, 0.15625, 0.625, 0.65625, 0.5, 0.46875, 0.21875, 0.09375, 0.96875, 0.28125, 0.1875, 0.1875]
[TRAIN]: (68/1600): reward: -6.881123453378677, rates: 6.118876386464321, loss: 1.7248396158218384, rho: 0.4000000000000001, transmit_actions: 8, P: [0.53125, 0.25, 0.53125, 0.28125, 0.65625, 0.9375, 0.875, 0.09375, 0.90625, 0.5, 0.15625, 0.1875, 0.1875, 0.34375, 0.1875, 0.78125, 0.15625, 1.0, 0.09375, 0.3125]
[TRAIN]: (69/1600): reward: -6.842450454831123, rates: 4.157549580833078, loss: 1.502944454550743, rho: 0.4000000000000001, transmit_actions: 12, P: [0.9375, 0.90625, 0.84375, 0.15625, 0.03125, 0.65625, 1.0, 0.9375, 0.96875, 0.1875, 0.0, 1.0, 0.6875, 0.25, 0.625, 0.4375, 0.03125, 0.375, 0.625, 0.75]
[TRAIN]: (70/1600): reward: 0.9073606729507446, rates: 12.907360728530183, loss: 1.551587525010109, rho: 0.4000000000000001, transmit_actions: 10, P: [0.125, 0.25, 0.15625, 0.40625, 0.84375, 0.125, 1.0, 0.75, 0.34375, 0.75, 0.40625, 0.65625, 0.625, 0.125, 0.4375, 0.875, 0.78125, 0.65625, 0.75, 0.875]
[TRAIN]: (71/1600): reward: -0.3174985349178314, rates: 10.682501375383413, loss: 1.4137563854455948, rho: 0.4000000000000001, transmit_actions: 10, P: [0.1875, 1.0, 0.90625, 0.0625, 0.46875, 1.0, 0.75, 0.4375, 0.84375, 0.59375, 0.03125, 0.46875, 0.21875, 0.8125, 0.53125, 0.65625, 0.65625, 0.0, 0.5625, 0.90625]
[TRAIN]: (72/1600): reward: -2.742381986230612, rates: 10.257618163913158, loss: 1.5321823090314866, rho: 0.4000000000000001, transmit_actions: 10, P: [0.0, 0.96875, 0.5, 0.59375, 0.03125, 1.0, 0.4375, 0.0625, 0.28125, 0.40625, 0.46875, 0.59375, 0.65625, 0.0, 0.53125, 0.1875, 0.0625, 0.1875, 0.34375, 0.9375]
[TRAIN]: (73/1600): reward: 1.8979294300079346, rates: 12.897929450370665, loss: 1.5012713342905044, rho: 0.4000000000000001, transmit_actions: 7, P: [0.5625, 0.53125, 0.59375, 0.65625, 0.875, 0.84375, 0.40625, 0.4375, 0.75, 0.9375, 0.21875, 0.1875, 0.65625, 0.1875, 0.03125, 0.90625, 0.78125, 0.96875, 0.9375, 0.21875]
[TRAIN]: (74/1600): reward: -9.213764280080795, rates: 1.7862357672298246, loss: 1.4891280293464662, rho: 0.4000000000000001, transmit_actions: 8, P: [0.875, 0.25, 0.3125, 0.1875, 0.90625, 0.6875, 0.75, 0.4375, 0.96875, 0.65625, 0.78125, 0.8125, 0.8125, 1.0, 0.625, 0.9375, 0.53125, 0.375, 0.375, 0.78125]
[TRAIN]: (75/1600): reward: -10.734424591064453, rates: 4.265575395226584, loss: 1.3639433950185775, rho: 0.4000000000000001, transmit_actions: 8, P: [1.0, 0.875, 0.96875, 0.90625, 0.9375, 0.0625, 0.1875, 0.40625, 0.4375, 0.21875, 0.4375, 0.71875, 0.03125, 0.53125, 0.8125, 0.96875, 0.96875, 0.125, 0.96875, 0.65625]
[TRAIN]: (76/1600): reward: -1.9322786331176758, rates: 10.067721359666802, loss: 1.3061750799417495, rho: 0.4000000000000001, transmit_actions: 8, P: [0.0625, 0.21875, 0.34375, 0.5625, 0.9375, 0.0, 0.90625, 0.375, 0.15625, 1.0, 0.6875, 0.375, 0.75, 0.6875, 0.625, 0.15625, 0.34375, 0.15625, 0.96875, 0.96875]
[TRAIN]: (77/1600): reward: 9.512212224304676, rates: 20.51221230404946, loss: 1.6401787102222443, rho: 0.4000000000000001, transmit_actions: 14, P: [0.8125, 0.34375, 0.4375, 0.125, 0.4375, 0.15625, 0.625, 0.5625, 0.84375, 0.875, 0.28125, 0.75, 0.96875, 0.34375, 0.3125, 0.59375, 0.375, 0.8125, 0.21875, 0.1875]
[TRAIN]: (78/1600): reward: -8.469799965620041, rates: 4.530199786867666, loss: 1.551894748210907, rho: 0.4000000000000001, transmit_actions: 6, P: [0.71875, 0.25, 0.125, 0.09375, 0.1875, 0.8125, 0.59375, 0.21875, 0.9375, 0.6875, 0.9375, 0.125, 0.0625, 0.4375, 0.90625, 0.875, 0.875, 0.21875, 0.75, 0.25]
[TRAIN]: (79/1600): reward: -16.0, rates: 0, loss: 1.4225796729326248, rho: 0.4000000000000001, transmit_actions: 10, P: [0.96875, 0.34375, 0.9375, 1.0, 0.46875, 0.125, 0.71875, 0.46875, 0.875, 0.46875, 0.15625, 0.96875, 0.4375, 0.59375, 0.78125, 0.1875, 0.375, 0.28125, 0.90625, 0.875]
[TRAIN]: (80/1600): reward: -15.796224772930145, rates: 0.20377522340766954, loss: 1.379563830792904, rho: 0.4000000000000001, transmit_actions: 11, P: [0.84375, 0.625, 0.4375, 0.1875, 0.4375, 0.78125, 0.84375, 0.46875, 0.90625, 0.4375, 0.96875, 0.59375, 0.375, 0.90625, 0.46875, 0.4375, 0.78125, 0.125, 0.53125, 0.875]
[TRAIN]: (81/1600): reward: -6.766188472509384, rates: 5.233811519463268, loss: 1.4592880219221116, rho: 0.4000000000000001, transmit_actions: 11, P: [0.96875, 0.0, 0.03125, 0.1875, 0.0625, 0.09375, 0.8125, 0.625, 0.5625, 0.84375, 0.875, 1.0, 0.625, 0.375, 0.90625, 0.34375, 0.84375, 0.125, 0.6875, 0.28125]
[TRAIN]: (82/1600): reward: -13.850551843643188, rates: 2.149448140769896, loss: 1.419999086856842, rho: 0.4000000000000001, transmit_actions: 7, P: [0.5625, 0.0, 0.5625, 0.3125, 0.21875, 0.6875, 0.71875, 0.25, 0.28125, 0.5625, 0.96875, 0.84375, 0.125, 0.3125, 0.0, 0.5625, 0.21875, 0.6875, 0.125, 0.15625]
[TRAIN]: (83/1600): reward: -14.645312368869781, rates: 0.3546876308784907, loss: 1.508498764038086, rho: 0.4000000000000001, transmit_actions: 7, P: [0.375, 0.1875, 0.6875, 0.375, 0.625, 0.75, 0.46875, 0.15625, 0.21875, 0.125, 0.6875, 0.9375, 0.0, 0.5, 0.59375, 0.71875, 0.15625, 1.0, 0.6875, 0.875]
[TRAIN]: (84/1600): reward: -10.568185806274414, rates: 5.431814080118398, loss: 1.4978499323129655, rho: 0.4000000000000001, transmit_actions: 9, P: [0.28125, 0.625, 0.8125, 0.59375, 0.0, 0.125, 0.78125, 0.625, 0.90625, 1.0, 0.5625, 0.21875, 0.09375, 0.59375, 0.09375, 0.59375, 0.25, 0.3125, 0.71875, 0.5]
[TRAIN]: (85/1600): reward: -2.7719187140464783, rates: 11.228081698957368, loss: 1.160705229640007, rho: 0.4000000000000001, transmit_actions: 8, P: [0.71875, 0.34375, 0.375, 0.03125, 0.1875, 0.96875, 0.0625, 0.4375, 0.03125, 0.53125, 0.5, 0.15625, 0.75, 0.71875, 0.71875, 0.21875, 0.46875, 0.03125, 0.96875, 0.71875]
[TRAIN]: (86/1600): reward: -11.954325586557388, rates: 5.045674304761988, loss: 1.5870001316070557, rho: 0.4000000000000001, transmit_actions: 11, P: [0.8125, 0.34375, 0.625, 0.53125, 0.875, 0.1875, 0.65625, 0.5625, 0.125, 0.375, 0.15625, 0.5, 0.53125, 0.4375, 0.15625, 0.40625, 0.84375, 0.40625, 0.40625, 0.78125]
[TRAIN]: (87/1600): reward: -12.757438063621521, rates: 1.2425619405232615, loss: 1.3940289825201035, rho: 0.4000000000000001, transmit_actions: 12, P: [0.46875, 0.46875, 0.9375, 0.25, 0.78125, 0.0, 0.875, 0.40625, 0.21875, 0.15625, 0.78125, 0.0, 0.34375, 0.625, 0.03125, 0.96875, 0.59375, 0.0, 0.875, 0.53125]
[TRAIN]: (88/1600): reward: -2.9584555625915527, rates: 12.0415442152452, loss: 1.416331911087036, rho: 0.4000000000000001, transmit_actions: 8, P: [0.09375, 0.75, 0.78125, 0.6875, 0.40625, 0.28125, 0.125, 0.59375, 0.84375, 0.53125, 0.21875, 0.375, 0.4375, 0.21875, 0.9375, 0.46875, 0.78125, 0.5625, 0.15625, 0.5]
[TRAIN]: (89/1600): reward: -16.833720326423645, rates: 0.166279673620848, loss: 1.549770760536194, rho: 0.4000000000000001, transmit_actions: 13, P: [0.40625, 0.3125, 0.71875, 0.625, 0.46875, 0.53125, 0.625, 0.1875, 0.125, 1.0, 0.15625, 0.1875, 0.5, 0.4375, 0.90625, 0.75, 0.40625, 0.53125, 0.59375, 0.65625]
[TRAIN]: (90/1600): reward: -8.986386775970459, rates: 5.013613409906246, loss: 1.6589953362941743, rho: 0.4000000000000001, transmit_actions: 13, P: [0.78125, 0.90625, 0.03125, 0.90625, 0.75, 0.9375, 0.3125, 0.0, 0.4375, 0.90625, 0.75, 0.78125, 0.125, 0.5625, 0.84375, 0.75, 0.84375, 0.5, 0.5, 0.875]
[TRAIN]: (91/1600): reward: -14.846157878637314, rates: 0.15384212114261275, loss: 1.3994305074214934, rho: 0.4000000000000001, transmit_actions: 7, P: [1.0, 0.5625, 0.9375, 0.5, 0.09375, 0.40625, 0.0625, 0.03125, 0.40625, 0.375, 0.75, 0.9375, 0.5625, 0.21875, 0.28125, 0.0, 0.78125, 1.0, 0.9375, 0.53125]
[TRAIN]: (92/1600): reward: -3.579040829092264, rates: 8.420959325631584, loss: 1.1668936282396316, rho: 0.4000000000000001, transmit_actions: 12, P: [0.84375, 0.6875, 0.125, 0.03125, 0.875, 0.40625, 0.1875, 0.875, 0.75, 0.5625, 0.21875, 0.53125, 0.90625, 0.0, 1.0, 0.6875, 0.75, 0.6875, 0.5, 0.0]
[TRAIN]: (93/1600): reward: -1.5397562980651855, rates: 10.460243510925409, loss: 1.5285189956426621, rho: 0.4000000000000001, transmit_actions: 10, P: [0.875, 0.78125, 0.90625, 0.625, 0.90625, 0.5, 0.96875, 0.34375, 0.625, 0.6875, 0.875, 0.25, 0.125, 0.0, 0.375, 0.03125, 0.46875, 0.96875, 0.9375, 0.25]
[TRAIN]: (94/1600): reward: -15.368789613246918, rates: 0.6312103639219846, loss: 1.4430867105722427, rho: 0.4000000000000001, transmit_actions: 13, P: [0.3125, 0.40625, 0.46875, 0.59375, 0.90625, 0.96875, 0.15625, 0.28125, 0.09375, 1.0, 0.8125, 1.0, 0.96875, 0.78125, 0.5625, 0.6875, 0.9375, 0.375, 0.4375, 0.65625]
[TRAIN]: (95/1600): reward: -13.936250768601894, rates: 0.06374923113774458, loss: 1.1930818021297456, rho: 0.4000000000000001, transmit_actions: 8, P: [0.71875, 1.0, 0.6875, 0.5, 0.03125, 0.78125, 0.0625, 0.5, 0.46875, 0.84375, 0.53125, 0.78125, 0.46875, 0.125, 0.9375, 0.625, 0.4375, 0.46875, 0.84375, 0.5625]
[TRAIN]: (96/1600): reward: -9.654186248779297, rates: 4.345813685097583, loss: 1.4530700489878654, rho: 0.4000000000000001, transmit_actions: 10, P: [0.65625, 0.4375, 0.46875, 0.65625, 0.84375, 0.375, 0.40625, 0.15625, 0.90625, 0.1875, 0.34375, 1.0, 0.53125, 0.03125, 0.5, 0.90625, 1.0, 0.75, 0.0625, 0.625]
[TRAIN]: (97/1600): reward: -9.33196659386158, rates: 5.668033437442922, loss: 1.2617351084947586, rho: 0.4000000000000001, transmit_actions: 12, P: [0.125, 0.78125, 0.3125, 0.1875, 0.15625, 0.59375, 0.1875, 0.03125, 0.28125, 0.40625, 0.625, 0.4375, 0.28125, 0.0, 0.25, 0.65625, 0.25, 1.0, 0.5, 0.5]
[TRAIN]: (98/1600): reward: -4.752129286527634, rates: 9.247870448271398, loss: 1.4199907720088958, rho: 0.4000000000000001, transmit_actions: 13, P: [0.625, 0.59375, 0.59375, 0.78125, 0.53125, 0.03125, 0.4375, 0.53125, 0.3125, 0.4375, 0.1875, 0.3125, 0.03125, 1.0, 0.65625, 0.15625, 0.25, 0.96875, 1.0, 0.1875]
[TRAIN]: (99/1600): reward: -11.047006703913212, rates: 4.952993363052391, loss: 1.3345019429922105, rho: 0.4000000000000001, transmit_actions: 11, P: [0.0, 0.6875, 0.59375, 0.03125, 0.71875, 0.40625, 0.9375, 0.21875, 0.25, 0.1875, 0.5625, 0.8125, 0.40625, 0.6875, 0.1875, 0.5625, 0.71875, 0.375, 0.21875, 0.09375]
[TRAIN]: (100/1600): reward: 7.084169045090675, rates: 19.084168850581356, loss: 1.329234141111374, rho: 0.4000000000000001, transmit_actions: 9, P: [0.6875, 0.25, 0.75, 0.28125, 0.625, 0.65625, 0.875, 0.03125, 0.71875, 0.15625, 0.6875, 0.375, 0.6875, 0.375, 1.0, 0.125, 0.28125, 0.03125, 0.84375, 0.03125]
[TRAIN]: (101/1600): reward: 4.064009198918939, rates: 13.064008837173223, loss: 1.3254069209098815, rho: 0.4000000000000001, transmit_actions: 10, P: [0.5, 0.25, 0.125, 0.125, 0.40625, 0.90625, 0.46875, 1.0, 0.90625, 0.53125, 0.25, 0.84375, 0.40625, 0.5, 0.25, 0.6875, 0.5, 0.59375, 0.8125, 0.125]
[TRAIN]: (102/1600): reward: -14.320746779441833, rates: 0.6792532457155351, loss: 1.33229803442955, rho: 0.4000000000000001, transmit_actions: 10, P: [0.3125, 0.09375, 0.65625, 0.40625, 0.75, 0.75, 0.375, 0.625, 0.125, 0.59375, 0.53125, 0.96875, 0.71875, 0.78125, 0.40625, 1.0, 0.96875, 0.3125, 0.375, 0.96875]
[TRAIN]: (103/1600): reward: 1.1402539312839508, rates: 11.140254346066065, loss: 1.0943993642926215, rho: 0.4000000000000001, transmit_actions: 10, P: [0.0625, 0.59375, 0.625, 0.125, 0.21875, 0.1875, 0.15625, 0.96875, 0.46875, 0.59375, 0.9375, 0.96875, 0.8125, 0.90625, 0.84375, 0.15625, 0.375, 0.03125, 0.3125, 0.0]
[TRAIN]: (104/1600): reward: -16.751134604215622, rates: 0.24886539294572466, loss: 1.544444304704666, rho: 0.4000000000000001, transmit_actions: 10, P: [0.96875, 0.4375, 0.28125, 0.03125, 0.09375, 0.71875, 0.78125, 0.09375, 0.90625, 0.09375, 0.8125, 0.6875, 0.71875, 0.90625, 0.4375, 0.21875, 0.375, 0.46875, 0.5, 0.5625]
[TRAIN]: (105/1600): reward: -7.2432984337210655, rates: 7.756701635386067, loss: 1.248964788019657, rho: 0.4000000000000001, transmit_actions: 10, P: [0.28125, 0.46875, 0.125, 0.53125, 0.03125, 0.65625, 0.71875, 0.125, 0.71875, 0.1875, 0.1875, 0.53125, 0.3125, 0.40625, 0.46875, 0.25, 0.9375, 0.59375, 0.3125, 0.03125]
[TRAIN]: (106/1600): reward: -0.4574861777946353, rates: 10.542514278340906, loss: 1.8412760823965073, rho: 0.4000000000000001, transmit_actions: 11, P: [0.84375, 0.6875, 0.0625, 0.84375, 0.03125, 0.25, 0.1875, 0.1875, 0.625, 0.375, 1.0, 0.15625, 0.59375, 0.09375, 0.25, 0.78125, 0.78125, 0.09375, 0.125, 0.53125]
[TRAIN]: (107/1600): reward: -6.725302804261446, rates: 9.274697003622428, loss: 1.4288193494081498, rho: 0.4000000000000001, transmit_actions: 11, P: [0.4375, 0.78125, 0.40625, 0.1875, 0.53125, 0.78125, 0.65625, 0.75, 0.0625, 0.15625, 0.6875, 0.75, 0.53125, 0.15625, 0.71875, 0.3125, 0.15625, 0.46875, 0.09375, 0.0]
[TRAIN]: (108/1600): reward: -3.2655191868543625, rates: 11.73448066841673, loss: 1.373736599087715, rho: 0.4000000000000001, transmit_actions: 9, P: [0.78125, 0.75, 0.46875, 0.65625, 0.28125, 0.34375, 0.03125, 0.03125, 0.84375, 0.21875, 0.0, 0.78125, 0.65625, 0.125, 0.53125, 0.5, 0.25, 0.1875, 0.03125, 0.875]
[TRAIN]: (109/1600): reward: -2.2549002170562744, rates: 9.745099770456369, loss: 1.5283340454101562, rho: 0.4000000000000001, transmit_actions: 10, P: [0.59375, 0.25, 0.1875, 0.6875, 0.65625, 0.65625, 0.625, 0.8125, 0.1875, 0.3125, 0.0, 0.0, 0.6875, 0.53125, 0.84375, 0.90625, 0.4375, 0.03125, 0.125, 0.03125]
[TRAIN]: (110/1600): reward: -13.452260956168175, rates: 0.5477390489370881, loss: 1.3439538806676865, rho: 0.4000000000000001, transmit_actions: 8, P: [0.75, 0.21875, 0.5, 0.375, 0.59375, 0.78125, 0.125, 0.9375, 0.28125, 0.3125, 0.46875, 0.40625, 0.5625, 0.40625, 0.6875, 0.75, 0.59375, 0.6875, 0.46875, 1.0]
[TRAIN]: (111/1600): reward: -2.007544994354248, rates: 9.992454893456788, loss: 1.4079772591590882, rho: 0.4000000000000001, transmit_actions: 10, P: [0.875, 0.9375, 0.8125, 0.53125, 0.75, 1.0, 0.71875, 0.96875, 0.8125, 0.21875, 0.3125, 0.0625, 0.625, 0.3125, 0.375, 0.09375, 0.84375, 0.90625, 0.84375, 0.5]
[TRAIN]: (112/1600): reward: -11.239613771438599, rates: 3.760386332361035, loss: 1.5754586279392242, rho: 0.4000000000000001, transmit_actions: 11, P: [0.5, 1.0, 0.21875, 0.53125, 0.25, 0.9375, 0.4375, 0.75, 0.3125, 0.40625, 0.84375, 0.96875, 0.8125, 0.1875, 0.6875, 0.65625, 0.4375, 0.25, 0.03125, 0.4375]
[TRAIN]: (113/1600): reward: 3.085350513458252, rates: 18.085350282478693, loss: 1.3754542976617814, rho: 0.4000000000000001, transmit_actions: 11, P: [0.8125, 0.5625, 0.28125, 0.3125, 0.84375, 0.34375, 0.5, 0.6875, 0.15625, 0.9375, 0.53125, 0.3125, 0.0625, 0.28125, 0.0625, 0.0625, 0.5, 0.46875, 0.5625, 0.5]
[TRAIN]: (114/1600): reward: -10.702576011419296, rates: 5.297424134106768, loss: 1.609330701828003, rho: 0.4000000000000001, transmit_actions: 7, P: [0.5, 0.59375, 0.03125, 0.65625, 0.03125, 0.65625, 0.25, 0.03125, 0.71875, 0.78125, 0.75, 0.125, 0.875, 0.34375, 0.75, 0.1875, 0.1875, 0.75, 0.125, 0.1875]
[TRAIN]: (115/1600): reward: -8.678789615631104, rates: 4.321210285815127, loss: 1.5313123047351838, rho: 0.4000000000000001, transmit_actions: 11, P: [0.625, 0.40625, 0.90625, 0.0, 0.46875, 0.78125, 0.1875, 0.6875, 0.78125, 0.65625, 0.375, 0.96875, 0.5625, 1.0, 0.25, 0.28125, 0.0625, 0.21875, 0.375, 0.90625]
[TRAIN]: (116/1600): reward: -9.947950720787048, rates: 5.052049398158245, loss: 1.557687944173813, rho: 0.4000000000000001, transmit_actions: 10, P: [0.875, 0.46875, 0.34375, 0.9375, 0.03125, 0.9375, 0.375, 0.15625, 0.96875, 0.15625, 0.09375, 0.84375, 0.09375, 0.6875, 0.40625, 0.9375, 0.46875, 0.3125, 0.59375, 0.46875]
[TRAIN]: (117/1600): reward: -1.750650018453598, rates: 11.249350308413964, loss: 1.3222555100917817, rho: 0.4000000000000001, transmit_actions: 11, P: [0.90625, 0.15625, 0.59375, 0.71875, 0.59375, 0.0, 0.8125, 0.96875, 0.65625, 0.1875, 0.9375, 0.375, 0.1875, 0.125, 0.5, 0.59375, 0.28125, 0.5, 0.875, 0.65625]
[TRAIN]: (118/1600): reward: -2.1525259017944336, rates: 9.847473856802631, loss: 1.164867702126503, rho: 0.4000000000000001, transmit_actions: 6, P: [0.0625, 0.9375, 0.96875, 0.65625, 0.5625, 0.6875, 0.875, 0.21875, 0.6875, 0.34375, 0.25, 0.0625, 0.6875, 0.875, 0.53125, 0.71875, 0.0, 0.78125, 0.875, 0.78125]
[TRAIN]: (119/1600): reward: -10.820167899131775, rates: 5.179832257631934, loss: 1.3658437877893448, rho: 0.4000000000000001, transmit_actions: 10, P: [0.71875, 0.5625, 0.25, 0.125, 0.03125, 0.46875, 0.96875, 0.59375, 0.90625, 0.25, 0.40625, 0.75, 0.875, 0.3125, 0.1875, 0.34375, 0.03125, 0.96875, 0.75, 0.4375]
[TRAIN]: (120/1600): reward: -10.229580633342266, rates: 4.770419324160687, loss: 1.3639994531869888, rho: 0.4000000000000001, transmit_actions: 7, P: [0.03125, 0.3125, 0.84375, 0.59375, 0.1875, 0.3125, 0.84375, 0.0625, 0.09375, 0.96875, 1.0, 0.09375, 0.03125, 0.5625, 0.46875, 0.75, 0.5625, 0.65625, 0.75, 0.5]
[TRAIN]: (121/1600): reward: 0.11246776580810547, rates: 14.112467649019386, loss: 1.351884236931801, rho: 0.4000000000000001, transmit_actions: 10, P: [0.71875, 0.34375, 0.875, 0.65625, 0.25, 0.75, 0.0625, 0.4375, 1.0, 0.71875, 0.6875, 0.4375, 0.15625, 0.84375, 0.96875, 0.1875, 0.53125, 0.0625, 0.4375, 0.59375]
[TRAIN]: (122/1600): reward: -1.9847638309001923, rates: 12.015236068475902, loss: 1.3117321193218232, rho: 0.4000000000000001, transmit_actions: 10, P: [0.28125, 0.6875, 0.09375, 0.28125, 0.5, 0.53125, 0.5, 0.03125, 0.0625, 0.9375, 0.21875, 0.21875, 0.0, 0.75, 0.5625, 0.34375, 0.46875, 0.59375, 0.46875, 0.375]
[TRAIN]: (123/1600): reward: 4.550935745239258, rates: 16.550935723195078, loss: 1.4472131311893464, rho: 0.4000000000000001, transmit_actions: 11, P: [0.1875, 0.625, 0.5, 0.9375, 0.40625, 0.9375, 0.15625, 0.90625, 0.53125, 0.59375, 0.3125, 1.0, 0.96875, 0.1875, 0.71875, 0.65625, 0.3125, 0.09375, 0.40625, 0.65625]
[TRAIN]: (124/1600): reward: -15.0, rates: 0, loss: 1.4409622430801392, rho: 0.4000000000000001, transmit_actions: 7, P: [0.25, 0.9375, 0.3125, 0.71875, 0.5625, 0.53125, 0.5625, 0.71875, 0.9375, 0.53125, 0.84375, 0.65625, 0.6875, 0.90625, 0.34375, 0.9375, 0.375, 0.53125, 0.375, 0.21875]
[TRAIN]: (125/1600): reward: -15.787471294403076, rates: 0.21252870415865047, loss: 1.3451486259698868, rho: 0.4000000000000001, transmit_actions: 12, P: [0.34375, 0.375, 0.71875, 0.9375, 0.34375, 0.0625, 0.875, 0.84375, 0.125, 0.71875, 0.78125, 0.65625, 0.65625, 0.4375, 0.65625, 0.25, 0.5, 0.0625, 0.9375, 0.40625]
[TRAIN]: (126/1600): reward: -3.1856852173805237, rates: 8.814314490714633, loss: 1.386147139966488, rho: 0.4000000000000001, transmit_actions: 9, P: [0.875, 0.09375, 0.8125, 0.1875, 0.5625, 0.78125, 0.59375, 0.0, 0.125, 0.15625, 0.375, 0.8125, 0.96875, 0.78125, 0.75, 0.6875, 0.1875, 0.09375, 0.03125, 0.875]
[TRAIN]: (127/1600): reward: -2.5095572471618652, rates: 10.49044244002323, loss: 1.3833954140543938, rho: 0.4000000000000001, transmit_actions: 8, P: [0.375, 0.40625, 1.0, 0.09375, 0.5625, 0.375, 0.1875, 0.84375, 0.53125, 0.40625, 0.09375, 0.3125, 0.34375, 0.125, 0.03125, 0.1875, 0.59375, 0.21875, 0.78125, 0.25]
[TRAIN]: (128/1600): reward: -7.019021071493626, rates: 4.980978895588309, loss: 1.1901908710598945, rho: 0.4000000000000001, transmit_actions: 8, P: [0.25, 0.28125, 0.0, 0.40625, 0.5, 0.1875, 0.65625, 0.90625, 0.40625, 0.75, 0.96875, 0.6875, 0.09375, 0.875, 0.0, 0.46875, 0.15625, 0.71875, 0.71875, 0.40625]
[TRAIN]: (129/1600): reward: 7.648128628730774, rates: 17.64812887656514, loss: 1.2912857994437217, rho: 0.4000000000000001, transmit_actions: 8, P: [0.625, 0.375, 0.875, 0.9375, 0.1875, 0.28125, 0.875, 0.03125, 0.5, 0.625, 1.0, 0.25, 0.96875, 0.125, 0.25, 0.59375, 0.09375, 0.59375, 0.28125, 0.4375]
[TRAIN]: (130/1600): reward: -12.668753623962402, rates: 2.331246466917464, loss: 1.5545980215072632, rho: 0.4000000000000001, transmit_actions: 6, P: [0.78125, 0.59375, 0.0625, 0.3125, 0.8125, 0.71875, 0.40625, 0.53125, 0.59375, 0.71875, 1.0, 0.46875, 0.53125, 0.8125, 0.5, 0.21875, 0.0, 0.875, 0.5625, 0.6875]
[TRAIN]: (131/1600): reward: -1.4347177855670452, rates: 11.565282486507979, loss: 1.3878285378217696, rho: 0.4000000000000001, transmit_actions: 13, P: [0.25, 0.0, 0.9375, 0.78125, 0.0625, 0.78125, 0.59375, 0.1875, 0.4375, 0.0, 0.9375, 0.3125, 0.96875, 0.4375, 0.78125, 0.9375, 0.15625, 0.6875, 0.375, 0.34375]
[TRAIN]: (132/1600): reward: -1.8466800302267075, rates: 11.153319594821026, loss: 1.385931743681431, rho: 0.4000000000000001, transmit_actions: 12, P: [0.3125, 0.71875, 0.46875, 0.75, 0.03125, 0.59375, 0.34375, 0.84375, 0.03125, 0.34375, 0.125, 0.25, 0.0, 0.21875, 0.9375, 0.125, 0.0625, 0.3125, 0.3125, 0.1875]
[TRAIN]: (133/1600): reward: -11.144574478268623, rates: 0.8554255240694095, loss: 1.6808822870254516, rho: 0.4000000000000001, transmit_actions: 9, P: [0.3125, 0.96875, 0.65625, 0.25, 0.125, 0.34375, 0.78125, 0.875, 0.375, 0.5, 0.875, 1.0, 0.0625, 0.375, 0.3125, 0.25, 0.6875, 0.78125, 0.40625, 0.40625]
[TRAIN]: (134/1600): reward: -14.72846782207489, rates: 0.2715321678761788, loss: 1.4376969128847121, rho: 0.4000000000000001, transmit_actions: 8, P: [0.78125, 0.0625, 0.65625, 0.625, 0.03125, 0.3125, 0.0625, 0.8125, 0.6875, 0.3125, 0.90625, 0.4375, 0.34375, 0.25, 0.84375, 0.46875, 0.59375, 0.59375, 0.53125, 0.46875]
[TRAIN]: (135/1600): reward: -12.331142373383045, rates: 0.668857655318266, loss: 1.3071934118866921, rho: 0.4000000000000001, transmit_actions: 8, P: [1.0, 0.5625, 0.75, 0.375, 0.875, 0.71875, 0.96875, 0.03125, 0.40625, 0.375, 0.78125, 0.0, 0.6875, 0.78125, 0.375, 0.9375, 0.78125, 0.28125, 0.375, 1.0]
[TRAIN]: (136/1600): reward: -8.770098686218262, rates: 8.229901497217073, loss: 1.2739068657159804, rho: 0.4000000000000001, transmit_actions: 12, P: [0.46875, 0.6875, 0.5, 0.75, 0.6875, 0.90625, 0.5, 0.03125, 0.65625, 0.375, 0.59375, 0.34375, 0.625, 0.40625, 0.3125, 0.65625, 0.0625, 0.0, 0.0, 0.0625]
[TRAIN]: (137/1600): reward: -8.410551309585571, rates: 5.589448884023311, loss: 1.3883060812950134, rho: 0.4000000000000001, transmit_actions: 11, P: [0.8125, 0.28125, 0.4375, 0.4375, 0.0625, 1.0, 0.59375, 0.96875, 0.3125, 0.625, 0.90625, 0.65625, 0.0625, 0.75, 0.46875, 0.53125, 0.75, 0.625, 0.53125, 0.53125]
[TRAIN]: (138/1600): reward: -14.436523512005806, rates: 2.563476532122556, loss: 1.6847923278808594, rho: 0.4000000000000001, transmit_actions: 8, P: [0.28125, 0.0625, 0.78125, 0.75, 0.625, 0.09375, 0.8125, 0.28125, 0.90625, 0.53125, 0.875, 0.09375, 0.03125, 0.46875, 0.625, 0.78125, 0.09375, 0.78125, 0.40625, 0.53125]
[TRAIN]: (139/1600): reward: -4.086650967597961, rates: 10.913348938577652, loss: 1.4284990698099136, rho: 0.4000000000000001, transmit_actions: 9, P: [0.78125, 0.875, 0.21875, 0.28125, 0.1875, 0.15625, 0.3125, 0.3125, 0.4375, 0.03125, 0.625, 0.78125, 0.0625, 0.5, 0.15625, 0.78125, 0.25, 0.21875, 0.28125, 0.0]
[TRAIN]: (140/1600): reward: -15.895058803260326, rates: 0.10494119945475032, loss: 1.0572977006435393, rho: 0.4000000000000001, transmit_actions: 9, P: [0.46875, 0.53125, 0.5625, 0.25, 0.1875, 0.3125, 0.25, 0.65625, 0.90625, 0.875, 0.9375, 0.46875, 0.9375, 0.3125, 0.5, 0.9375, 0.0, 0.5, 0.9375, 0.34375]
[TRAIN]: (141/1600): reward: -10.718107223510742, rates: 4.2818929817310085, loss: 1.4189505249261856, rho: 0.4000000000000001, transmit_actions: 9, P: [0.4375, 0.78125, 1.0, 0.96875, 0.0625, 0.6875, 0.78125, 0.90625, 0.34375, 0.84375, 0.46875, 0.25, 0.125, 0.90625, 0.34375, 0.90625, 0.28125, 0.03125, 0.4375, 0.625]
[TRAIN]: (142/1600): reward: -3.1451796293258667, rates: 11.854820137901818, loss: 1.1969026327133179, rho: 0.4000000000000001, transmit_actions: 11, P: [0.78125, 0.0, 0.71875, 0.28125, 0.4375, 0.46875, 0.125, 0.71875, 0.5625, 0.71875, 0.71875, 0.3125, 0.625, 0.96875, 0.59375, 0.5, 0.375, 0.9375, 0.34375, 0.8125]
[TRAIN]: (143/1600): reward: -11.257275208830833, rates: 3.742724786968547, loss: 1.2935672596096992, rho: 0.4000000000000001, transmit_actions: 7, P: [0.09375, 0.71875, 1.0, 0.03125, 0.6875, 0.3125, 0.625, 0.25, 0.5625, 0.28125, 0.84375, 0.90625, 0.65625, 0.09375, 0.53125, 0.875, 0.375, 0.625, 0.28125, 0.09375]
[TRAIN]: (144/1600): reward: -10.925020694732666, rates: 6.074979290838432, loss: 1.516914078593254, rho: 0.4000000000000001, transmit_actions: 12, P: [0.3125, 0.5, 0.84375, 0.59375, 0.40625, 0.46875, 0.4375, 1.0, 0.78125, 0.71875, 0.15625, 0.59375, 0.8125, 0.625, 0.5625, 0.53125, 1.0, 0.875, 0.8125, 0.65625]
[TRAIN]: (145/1600): reward: 5.760971084237099, rates: 16.76097107782369, loss: 1.3789135068655014, rho: 0.4000000000000001, transmit_actions: 11, P: [0.5, 0.875, 0.90625, 0.6875, 0.71875, 0.78125, 0.90625, 0.5, 0.90625, 0.1875, 0.21875, 0.03125, 0.625, 0.3125, 0.9375, 0.75, 0.875, 0.28125, 0.125, 0.65625]
[TRAIN]: (146/1600): reward: -11.04536560177803, rates: 3.9546343642180557, loss: 1.247990819811821, rho: 0.4000000000000001, transmit_actions: 11, P: [0.75, 0.53125, 0.25, 0.03125, 0.75, 0.34375, 0.625, 0.84375, 0.84375, 0.96875, 0.03125, 0.15625, 0.71875, 0.5625, 0.65625, 0.15625, 0.96875, 0.1875, 0.75, 0.6875]
[TRAIN]: (147/1600): reward: -8.386912971735, rates: 5.613087164341442, loss: 1.4653819859027863, rho: 0.4000000000000001, transmit_actions: 9, P: [0.46875, 0.1875, 0.28125, 0.78125, 0.21875, 1.0, 0.96875, 0.21875, 0.3125, 0.71875, 0.65625, 0.71875, 0.21875, 0.03125, 0.9375, 0.96875, 0.90625, 0.15625, 0.40625, 0.875]
[TRAIN]: (148/1600): reward: -7.5865152552723885, rates: 5.4134848534235305, loss: 1.5459326684474946, rho: 0.4000000000000001, transmit_actions: 9, P: [0.53125, 0.59375, 0.375, 0.25, 0.5625, 0.8125, 0.1875, 0.25, 0.84375, 0.5, 0.34375, 0.9375, 0.3125, 0.84375, 0.5625, 0.375, 0.0625, 0.375, 0.375, 0.1875]
[TRAIN]: (149/1600): reward: 0.23046112060546875, rates: 11.230461484445865, loss: 1.1394628524780273, rho: 0.4000000000000001, transmit_actions: 8, P: [0.78125, 0.96875, 0.9375, 0.0, 0.875, 0.84375, 0.5, 0.0, 0.5625, 0.09375, 0.90625, 0.0625, 0.875, 0.78125, 0.46875, 0.0625, 0.09375, 0.4375, 0.78125, 0.125]
[TRAIN]: (150/1600): reward: -9.510064873844385, rates: 3.489935165286314, loss: 1.1464124605059625, rho: 0.4000000000000001, transmit_actions: 9, P: [0.34375, 0.8125, 0.5, 0.40625, 0.28125, 0.84375, 0.6875, 0.125, 0.0625, 0.96875, 0.125, 0.34375, 0.71875, 0.90625, 0.8125, 0.46875, 0.3125, 0.25, 0.75, 0.9375]
[TRAIN]: (151/1600): reward: -8.09656286239624, rates: 5.903437088066811, loss: 1.2541176170110702, rho: 0.4000000000000001, transmit_actions: 10, P: [1.0, 0.5, 0.78125, 0.59375, 0.9375, 0.375, 0.96875, 0.1875, 0.25, 0.5, 1.0, 0.6875, 0.53125, 0.71875, 0.0625, 0.65625, 0.9375, 0.78125, 0.03125, 0.59375]
[TRAIN]: (152/1600): reward: -3.5030407924205065, rates: 11.496959562001946, loss: 1.6669746339321136, rho: 0.4000000000000001, transmit_actions: 8, P: [0.28125, 0.78125, 0.5, 0.0625, 0.59375, 0.5625, 0.46875, 0.71875, 0.875, 0.1875, 0.59375, 0.375, 0.5, 0.8125, 0.21875, 0.1875, 0.59375, 0.375, 0.5, 0.53125]
[TRAIN]: (153/1600): reward: 3.9502201192080975, rates: 14.950219834397945, loss: 1.2026043489575386, rho: 0.4000000000000001, transmit_actions: 7, P: [0.25, 0.8125, 0.875, 0.71875, 0.34375, 0.125, 0.0625, 0.25, 0.25, 0.75, 0.21875, 0.78125, 0.15625, 0.0625, 1.0, 0.09375, 0.65625, 0.375, 0.25, 0.8125]
[TRAIN]: (154/1600): reward: -8.800902843475342, rates: 6.199096952239102, loss: 1.3456729918718338, rho: 0.4000000000000001, transmit_actions: 9, P: [0.84375, 0.09375, 0.65625, 0.9375, 0.25, 0.3125, 0.0, 0.34375, 0.59375, 0.8125, 0.0625, 0.53125, 0.90625, 0.78125, 0.25, 0.84375, 0.84375, 0.625, 0.1875, 0.875]
[TRAIN]: (155/1600): reward: 4.107366174459457, rates: 16.10736627162641, loss: 1.450551551580429, rho: 0.4000000000000001, transmit_actions: 8, P: [0.25, 0.84375, 0.90625, 0.0, 0.3125, 0.0625, 0.34375, 0.8125, 0.8125, 0.90625, 0.4375, 0.5625, 0.34375, 0.28125, 0.15625, 0.84375, 0.6875, 0.15625, 0.0625, 0.9375]
[TRAIN]: (156/1600): reward: -15.0, rates: 0.0, loss: 1.3758546739816666, rho: 0.4000000000000001, transmit_actions: 12, P: [0.65625, 0.75, 0.53125, 0.21875, 0.875, 0.34375, 0.65625, 0.5, 0.0, 0.53125, 1.0, 1.0, 0.9375, 0.8125, 0.8125, 0.84375, 0.0, 0.03125, 0.15625, 0.21875]
[TRAIN]: (157/1600): reward: -9.95622432231903, rates: 1.0437756956095143, loss: 1.0843976095318795, rho: 0.4000000000000001, transmit_actions: 9, P: [0.4375, 0.34375, 0.65625, 1.0, 0.25, 0.09375, 1.0, 0.0, 0.9375, 0.375, 0.6875, 1.0, 1.0, 0.21875, 0.75, 0.53125, 0.0, 0.15625, 0.46875, 0.53125]
[TRAIN]: (158/1600): reward: -12.603888422250748, rates: 0.3961115710947776, loss: 1.0725044131278991, rho: 0.4000000000000001, transmit_actions: 8, P: [0.8125, 0.90625, 0.15625, 0.5, 0.28125, 0.0, 0.1875, 0.9375, 1.0, 0.1875, 0.75, 0.96875, 0.59375, 0.5, 0.125, 0.65625, 0.6875, 0.625, 0.8125, 0.875]
[TRAIN]: (159/1600): reward: -11.293240666389465, rates: 1.7067593239455694, loss: 1.4945526026189326, rho: 0.4000000000000001, transmit_actions: 11, P: [0.78125, 0.09375, 0.875, 0.5, 0.8125, 1.0, 0.46875, 0.6875, 0.28125, 0.4375, 0.1875, 0.8125, 0.78125, 0.40625, 0.4375, 0.75, 0.71875, 0.4375, 0.03125, 0.625]
[TRAIN]: (160/1600): reward: -11.648938179016113, rates: 5.351061903535958, loss: 1.219523200392723, rho: 0.4000000000000001, transmit_actions: 12, P: [0.78125, 1.0, 0.09375, 0.4375, 0.75, 0.75, 0.8125, 0.5625, 0.65625, 0.4375, 0.5, 0.96875, 0.71875, 0.375, 0.1875, 0.71875, 0.75, 0.0, 0.5625, 0.53125]
[TRAIN]: (161/1600): reward: -2.940087005496025, rates: 9.059913136405614, loss: 1.1205362424254417, rho: 0.4000000000000001, transmit_actions: 11, P: [0.65625, 0.03125, 0.5625, 0.75, 0.71875, 0.4375, 0.53125, 0.0625, 0.40625, 0.46875, 0.3125, 0.3125, 0.78125, 0.65625, 0.03125, 1.0, 0.03125, 0.3125, 0.34375, 0.875]
[TRAIN]: (162/1600): reward: -7.563522018492222, rates: 6.436477776774931, loss: 1.2610935762524604, rho: 0.4000000000000001, transmit_actions: 14, P: [0.96875, 0.40625, 0.78125, 0.40625, 0.875, 0.09375, 0.0, 0.1875, 0.5, 0.1875, 0.90625, 0.53125, 0.8125, 0.5, 0.53125, 0.375, 0.4375, 0.21875, 0.125, 0.3125]
[TRAIN]: (163/1600): reward: -8.444862335920334, rates: 4.555137716034091, loss: 1.2186257481575011, rho: 0.4000000000000001, transmit_actions: 13, P: [0.6875, 0.3125, 0.40625, 0.34375, 0.09375, 0.40625, 1.0, 0.75, 0.75, 0.875, 0.96875, 0.15625, 0.5, 0.5, 0.4375, 0.375, 0.03125, 0.53125, 0.84375, 0.5625]
[TRAIN]: (164/1600): reward: -9.17175817489624, rates: 5.828241713573633, loss: 1.2652913719415664, rho: 0.4000000000000001, transmit_actions: 10, P: [0.90625, 0.96875, 0.0, 0.875, 0.4375, 0.15625, 0.28125, 0.5625, 0.875, 0.0, 0.75, 0.125, 0.5625, 0.0, 0.3125, 0.71875, 0.25, 0.46875, 0.40625, 0.5]
[TRAIN]: (165/1600): reward: -9.658356189727783, rates: 5.341643909581046, loss: 1.4715766549110412, rho: 0.4000000000000001, transmit_actions: 8, P: [0.4375, 0.5625, 0.15625, 0.53125, 0.15625, 0.71875, 0.0, 0.3125, 0.4375, 0.59375, 0.28125, 0.25, 0.875, 1.0, 0.625, 0.21875, 0.34375, 0.28125, 0.75, 0.75]
[TRAIN]: (166/1600): reward: -2.6226387545466423, rates: 10.377361462001998, loss: 1.461044031381607, rho: 0.4000000000000001, transmit_actions: 6, P: [0.28125, 0.53125, 0.0, 0.28125, 0.65625, 0.90625, 0.03125, 0.28125, 0.5, 0.15625, 0.21875, 0.5625, 1.0, 0.96875, 0.375, 0.5, 0.96875, 0.90625, 0.15625, 0.5625]
[TRAIN]: (167/1600): reward: -7.217558369040489, rates: 7.78244142325272, loss: 1.168672901391983, rho: 0.4000000000000001, transmit_actions: 14, P: [0.6875, 0.59375, 0.40625, 0.34375, 0.625, 0.25, 0.375, 0.3125, 0.03125, 0.25, 0.34375, 0.875, 0.09375, 0.78125, 0.9375, 0.96875, 0.40625, 0.0625, 0.125, 0.96875]
[TRAIN]: (168/1600): reward: -1.7859836257994175, rates: 10.214016336778007, loss: 1.3511394441127778, rho: 0.4000000000000001, transmit_actions: 14, P: [0.03125, 0.78125, 0.15625, 0.8125, 0.0625, 0.5625, 0.25, 0.40625, 0.5625, 0.71875, 0.90625, 0.625, 0.25, 0.40625, 0.1875, 0.71875, 0.625, 0.0625, 0.5, 0.21875]
[TRAIN]: (169/1600): reward: -15.908154338598251, rates: 0.09184566510952862, loss: 1.2238271355628967, rho: 0.4000000000000001, transmit_actions: 10, P: [0.875, 0.625, 1.0, 0.28125, 0.375, 0.09375, 0.40625, 0.96875, 0.375, 0.625, 0.4375, 0.5625, 0.375, 0.75, 0.59375, 1.0, 0.75, 0.375, 1.0, 0.65625]
[TRAIN]: (170/1600): reward: -10.310680508613586, rates: 4.689319580614737, loss: 1.2406551197171212, rho: 0.4000000000000001, transmit_actions: 8, P: [0.6875, 0.4375, 0.34375, 0.5, 0.375, 0.4375, 0.46875, 0.09375, 0.84375, 0.40625, 0.21875, 0.8125, 0.1875, 0.59375, 0.5, 0.6875, 0.25, 0.375, 0.84375, 0.96875]
[TRAIN]: (171/1600): reward: 3.6786208376288414, rates: 15.678621170383519, loss: 1.2364084288477897, rho: 0.4000000000000001, transmit_actions: 12, P: [0.375, 0.96875, 0.75, 0.78125, 0.8125, 0.0, 0.46875, 0.71875, 0.15625, 0.84375, 0.78125, 0.53125, 0.96875, 0.25, 0.28125, 0.6875, 0.5625, 0.9375, 0.5, 0.1875]
[TRAIN]: (172/1600): reward: -5.298476431518793, rates: 7.701523581106375, loss: 1.2493887320160866, rho: 0.4000000000000001, transmit_actions: 8, P: [0.03125, 0.6875, 0.78125, 0.96875, 0.96875, 0.40625, 0.09375, 0.03125, 0.71875, 0.5, 0.875, 0.84375, 0.5625, 0.0, 0.5625, 0.15625, 0.5, 0.40625, 0.0625, 0.03125]
[TRAIN]: (173/1600): reward: -16.55149856209755, rates: 0.44850145190265434, loss: 1.477932670712471, rho: 0.4000000000000001, transmit_actions: 11, P: [0.1875, 0.59375, 0.25, 0.59375, 0.25, 0.90625, 0.46875, 0.15625, 0.625, 0.15625, 0.875, 0.625, 0.0, 0.625, 0.625, 1.0, 0.375, 0.625, 0.65625, 0.34375]
[TRAIN]: (174/1600): reward: -10.999429687857628, rates: 5.000570099089016, loss: 1.26977901160717, rho: 0.4000000000000001, transmit_actions: 10, P: [0.84375, 0.875, 0.125, 0.5625, 0.28125, 1.0, 0.15625, 0.96875, 0.75, 0.25, 0.5, 0.09375, 1.0, 0.71875, 0.28125, 0.53125, 0.0, 0.75, 0.46875, 0.15625]
[TRAIN]: (175/1600): reward: 4.7484893798828125, rates: 16.748489292782306, loss: 1.308215744793415, rho: 0.4000000000000001, transmit_actions: 10, P: [0.4375, 0.59375, 0.6875, 0.40625, 0.96875, 0.96875, 0.53125, 1.0, 0.25, 0.875, 0.8125, 0.15625, 0.1875, 0.1875, 0.0, 0.125, 0.71875, 0.03125, 0.0, 0.875]
[TRAIN]: (176/1600): reward: 1.7632978931069374, rates: 13.76329787888762, loss: 1.3097769156098367, rho: 0.4000000000000001, transmit_actions: 14, P: [0.0, 0.96875, 0.375, 0.0625, 0.0625, 0.6875, 0.65625, 0.5, 0.6875, 0.8125, 0.5, 0.875, 0.46875, 0.25, 0.8125, 0.40625, 0.96875, 0.0, 0.90625, 0.40625]
[TRAIN]: (177/1600): reward: -4.939812481403351, rates: 9.06018740405138, loss: 1.436996129155159, rho: 0.4000000000000001, transmit_actions: 10, P: [0.0625, 0.4375, 0.6875, 0.09375, 0.78125, 0.6875, 0.8125, 0.125, 0.8125, 0.34375, 0.375, 0.625, 1.0, 0.4375, 0.5, 1.0, 0.5625, 0.28125, 0.28125, 0.5]
[TRAIN]: (178/1600): reward: -8.791520059108734, rates: 6.208479950263126, loss: 1.2795906722545625, rho: 0.4000000000000001, transmit_actions: 8, P: [0.90625, 0.4375, 0.90625, 0.1875, 0.0625, 0.8125, 0.8125, 0.28125, 0.84375, 0.125, 0.90625, 0.15625, 0.84375, 0.59375, 0.21875, 0.6875, 0.53125, 0.3125, 0.71875, 0.78125]
[TRAIN]: (179/1600): reward: 1.4965858459472656, rates: 15.496586052936784, loss: 1.4416332811117172, rho: 0.4000000000000001, transmit_actions: 7, P: [0.71875, 0.8125, 0.40625, 0.6875, 0.09375, 0.03125, 0.28125, 0.96875, 0.78125, 0.21875, 0.25, 0.34375, 0.5, 0.53125, 0.5, 0.625, 0.125, 0.75, 0.21875, 0.25]
[TRAIN]: (180/1600): reward: -10.367316663265228, rates: 3.6326833544095263, loss: 1.2877119176089764, rho: 0.4000000000000001, transmit_actions: 8, P: [0.8125, 0.34375, 0.96875, 0.21875, 0.96875, 0.53125, 0.1875, 0.59375, 0.0625, 0.78125, 1.0, 0.75, 0.96875, 0.0625, 0.25, 0.78125, 0.78125, 0.59375, 0.625, 0.46875]
[TRAIN]: (181/1600): reward: -5.90168384462595, rates: 6.098316318668752, loss: 1.2754237979650498, rho: 0.4000000000000001, transmit_actions: 12, P: [0.8125, 0.40625, 0.125, 0.375, 0.90625, 0.125, 0.09375, 0.625, 0.8125, 0.0, 0.0, 0.59375, 0.375, 0.53125, 0.4375, 0.5, 0.75, 0.75, 0.625, 0.75]
[TRAIN]: (182/1600): reward: -11.295634411275387, rates: 4.704365537588168, loss: 1.2911778464913368, rho: 0.4000000000000001, transmit_actions: 7, P: [0.65625, 0.8125, 0.09375, 0.375, 0.65625, 0.6875, 0.5625, 0.875, 0.25, 0.53125, 0.65625, 0.96875, 0.21875, 0.625, 0.21875, 0.9375, 0.8125, 0.96875, 0.1875, 0.8125]
[TRAIN]: (183/1600): reward: 3.0941017270088196, rates: 15.094101572219884, loss: 1.344096487760544, rho: 0.4000000000000001, transmit_actions: 13, P: [0.625, 0.96875, 0.875, 0.125, 0.6875, 0.15625, 0.4375, 0.9375, 0.34375, 0.53125, 0.5, 0.78125, 0.46875, 0.0625, 0.875, 0.5625, 0.625, 0.53125, 0.96875, 0.9375]
[TRAIN]: (184/1600): reward: -6.485192775726318, rates: 5.514807355193738, loss: 1.5242726549506187, rho: 0.4000000000000001, transmit_actions: 9, P: [0.9375, 0.0, 0.5625, 0.4375, 0.9375, 0.9375, 0.75, 0.28125, 0.9375, 0.375, 0.28125, 0.96875, 0.59375, 0.875, 0.5, 0.625, 0.9375, 0.0, 0.03125, 0.34375]
[TRAIN]: (185/1600): reward: 3.3303515911102295, rates: 14.330351211302055, loss: 1.2565068036317826, rho: 0.4000000000000001, transmit_actions: 12, P: [0.5, 0.46875, 0.9375, 0.28125, 0.65625, 0.1875, 0.0, 0.96875, 0.25, 0.96875, 0.15625, 0.375, 0.6875, 0.28125, 0.375, 0.03125, 0.0, 0.40625, 0.375, 0.21875]
[TRAIN]: (186/1600): reward: -2.36997252702713, rates: 10.63002752375589, loss: 1.2392999961972238, rho: 0.4000000000000001, transmit_actions: 10, P: [0.3125, 0.6875, 0.625, 0.65625, 0.53125, 0.40625, 0.65625, 0.71875, 0.34375, 0.53125, 0.8125, 0.25, 0.375, 0.125, 0.65625, 0.625, 0.5625, 0.40625, 0.09375, 0.15625]
[TRAIN]: (187/1600): reward: -11.981361389160156, rates: 5.018638602676087, loss: 1.2490517258644105, rho: 0.4000000000000001, transmit_actions: 12, P: [0.28125, 0.375, 0.53125, 0.3125, 0.0, 0.46875, 0.03125, 0.09375, 0.0, 0.03125, 0.34375, 0.28125, 0.53125, 0.8125, 0.1875, 0.625, 0.75, 0.8125, 0.875, 0.8125]
[TRAIN]: (188/1600): reward: -12.762534536421299, rates: 0.23746546448297118, loss: 1.7757572501897811, rho: 0.4000000000000001, transmit_actions: 8, P: [0.84375, 0.1875, 0.875, 0.96875, 0.25, 0.71875, 0.125, 0.6875, 0.96875, 0.34375, 0.03125, 1.0, 0.0625, 0.0, 0.84375, 0.59375, 1.0, 0.0, 0.75, 0.0]
[TRAIN]: (189/1600): reward: -1.2526971101760864, rates: 11.747302860475349, loss: 1.2176497489213944, rho: 0.4000000000000001, transmit_actions: 12, P: [0.5, 0.4375, 0.71875, 0.65625, 0.6875, 0.375, 0.1875, 0.28125, 0.75, 0.375, 0.6875, 0.625, 0.84375, 1.0, 1.0, 0.59375, 0.5625, 0.25, 0.59375, 0.0625]
[TRAIN]: (190/1600): reward: -4.169214215129614, rates: 9.830785614341336, loss: 1.1986901372671128, rho: 0.4000000000000001, transmit_actions: 11, P: [0.1875, 0.0625, 0.25, 0.4375, 0.90625, 0.71875, 0.3125, 0.34375, 0.03125, 0.90625, 0.09375, 0.875, 0.3125, 0.5625, 0.9375, 0.28125, 0.34375, 0.1875, 0.40625, 0.4375]
[TRAIN]: (191/1600): reward: -11.379464328289032, rates: 4.620535748459119, loss: 1.2049077957868577, rho: 0.4000000000000001, transmit_actions: 10, P: [0.84375, 0.59375, 0.6875, 0.03125, 0.46875, 0.1875, 0.625, 0.09375, 0.46875, 0.15625, 0.59375, 0.71875, 1.0, 0.6875, 0.46875, 0.9375, 0.28125, 0.65625, 0.125, 0.1875]
[TRAIN]: (192/1600): reward: -14.548392295837402, rates: 1.4516076646824227, loss: 1.4188537567853927, rho: 0.4000000000000001, transmit_actions: 12, P: [0.75, 0.96875, 0.3125, 0.75, 0.28125, 0.96875, 0.96875, 0.125, 0.28125, 0.96875, 0.53125, 0.6875, 0.90625, 0.90625, 0.8125, 0.0625, 0.21875, 0.71875, 0.625, 0.5625]
[TRAIN]: (193/1600): reward: 8.945948362350464, rates: 19.945949033535943, loss: 1.1923107609152794, rho: 0.4000000000000001, transmit_actions: 12, P: [0.5, 0.96875, 0.375, 0.4375, 0.59375, 0.9375, 0.0, 0.9375, 0.75, 0.40625, 0.6875, 0.09375, 0.75, 0.6875, 0.375, 0.59375, 0.125, 0.96875, 0.03125, 0.5625]
[TRAIN]: (194/1600): reward: -8.87660825252533, rates: 5.123391589958182, loss: 1.3289174169301987, rho: 0.4000000000000001, transmit_actions: 6, P: [0.5625, 0.03125, 0.375, 0.21875, 0.0625, 0.78125, 0.78125, 0.34375, 0.25, 0.96875, 0.375, 0.0, 0.84375, 0.9375, 0.8125, 0.5625, 0.09375, 0.25, 0.78125, 0.84375]
[TRAIN]: (195/1600): reward: 17.34385259449482, rates: 29.343852662895554, loss: 1.10396309196949, rho: 0.4000000000000001, transmit_actions: 10, P: [0.0625, 0.71875, 0.46875, 0.3125, 0.25, 0.75, 0.1875, 0.03125, 0.59375, 0.40625, 0.1875, 0.40625, 0.09375, 0.0625, 0.0625, 0.59375, 0.21875, 0.0625, 0.78125, 0.3125]
[TRAIN]: (196/1600): reward: -3.841116428375244, rates: 10.158883681867696, loss: 1.2066572695970534, rho: 0.4000000000000001, transmit_actions: 10, P: [0.59375, 0.21875, 0.6875, 0.4375, 0.3125, 0.5, 0.0, 0.5, 0.6875, 0.53125, 0.6875, 0.15625, 0.9375, 0.4375, 0.71875, 0.75, 0.21875, 0.125, 0.71875, 0.25]
[TRAIN]: (197/1600): reward: -13.810920286923647, rates: 0.18907970732056628, loss: 1.371125465631485, rho: 0.4000000000000001, transmit_actions: 10, P: [0.75, 0.6875, 0.53125, 0.0625, 0.03125, 0.5625, 0.84375, 1.0, 0.75, 0.96875, 0.0, 0.90625, 0.90625, 0.8125, 0.0625, 0.5, 0.96875, 0.125, 0.34375, 0.1875]
[TRAIN]: (198/1600): reward: -7.84131395816803, rates: 5.158686083285362, loss: 1.2010912418365478, rho: 0.4000000000000001, transmit_actions: 10, P: [0.96875, 0.53125, 0.4375, 0.4375, 0.90625, 0.28125, 0.875, 0.875, 0.3125, 0.78125, 0.46875, 0.34375, 0.8125, 0.9375, 0.34375, 0.4375, 0.09375, 0.0625, 0.96875, 0.4375]
[TRAIN]: (199/1600): reward: -5.029317261185497, rates: 6.97068282085812, loss: 1.4009897142648697, rho: 0.4000000000000001, transmit_actions: 6, P: [0.84375, 0.6875, 0.03125, 0.375, 0.46875, 0.125, 0.03125, 0.21875, 0.96875, 0.09375, 0.75, 0.375, 0.5, 0.0, 0.96875, 0.71875, 0.03125, 0.40625, 0.0, 0.40625]
[TRAIN]: (200/1600): reward: -6.436037834733725, rates: 7.563961860853736, loss: 1.32965896576643, rho: 0.4000000000000001, transmit_actions: 11, P: [0.03125, 0.6875, 0.21875, 0.4375, 0.875, 0.25, 0.65625, 0.0, 0.65625, 0.0625, 0.375, 0.34375, 1.0, 0.125, 0.3125, 0.34375, 0.1875, 0.03125, 0.21875, 0.84375]
[TRAIN]: (201/1600): reward: -13.82411777973175, rates: 1.1758822141199468, loss: 1.237518560886383, rho: 0.4000000000000001, transmit_actions: 11, P: [0.625, 0.25, 0.125, 0.53125, 0.1875, 0.3125, 0.125, 0.25, 0.1875, 0.4375, 0.59375, 0.1875, 0.0625, 0.53125, 0.125, 0.5625, 0.6875, 0.375, 0.78125, 0.40625]
[TRAIN]: (202/1600): reward: 4.888744488358498, rates: 14.888744559377184, loss: 1.2973006248474122, rho: 0.4000000000000001, transmit_actions: 12, P: [0.875, 0.5625, 0.9375, 0.0625, 0.53125, 0.84375, 0.65625, 0.03125, 0.40625, 0.9375, 0.75, 1.0, 0.3125, 0.6875, 0.1875, 0.78125, 0.15625, 0.875, 0.6875, 0.78125]
[TRAIN]: (203/1600): reward: 5.286851286888123, rates: 16.28685109485304, loss: 1.2411814212799073, rho: 0.4000000000000001, transmit_actions: 12, P: [0.3125, 0.75, 0.625, 0.375, 0.6875, 0.125, 0.1875, 0.65625, 0.8125, 0.875, 0.5625, 0.03125, 0.59375, 0.34375, 0.0, 0.0625, 0.96875, 0.09375, 0.125, 0.5]
[TRAIN]: (204/1600): reward: -9.247950062155724, rates: 5.752049763651106, loss: 1.3485897064208985, rho: 0.4000000000000001, transmit_actions: 9, P: [0.875, 0.375, 0.84375, 0.5, 0.125, 0.71875, 0.875, 0.125, 0.65625, 0.125, 0.40625, 0.46875, 0.65625, 0.34375, 0.625, 0.53125, 0.40625, 0.5, 0.59375, 0.125]
[TRAIN]: (205/1600): reward: -12.2815692871809, rates: 0.7184307128521933, loss: 1.5809285551309586, rho: 0.4000000000000001, transmit_actions: 6, P: [0.28125, 0.21875, 0.0625, 0.6875, 0.6875, 0.5625, 0.40625, 0.375, 1.0, 0.59375, 0.65625, 0.5, 0.65625, 0.375, 0.4375, 0.28125, 0.46875, 0.8125, 0.9375, 0.15625]
[TRAIN]: (206/1600): reward: -2.7195022106170654, rates: 10.280497807753234, loss: 1.4392049461603165, rho: 0.4000000000000001, transmit_actions: 11, P: [0.375, 0.59375, 0.40625, 0.53125, 0.59375, 0.375, 0.5, 0.96875, 0.09375, 0.71875, 0.125, 0.875, 0.625, 0.21875, 0.46875, 0.1875, 0.71875, 0.53125, 0.0, 0.15625]
[TRAIN]: (207/1600): reward: -8.486004449427128, rates: 5.513995484478929, loss: 1.3612049117684364, rho: 0.4000000000000001, transmit_actions: 10, P: [0.8125, 0.40625, 0.125, 0.53125, 0.71875, 0.90625, 0.65625, 0.59375, 0.5, 0.0625, 0.0, 0.0, 0.96875, 0.53125, 0.15625, 0.28125, 0.46875, 0.0, 0.5, 0.40625]
[TRAIN]: (208/1600): reward: -11.917412631213665, rates: 0.08258736585768532, loss: 1.194559781253338, rho: 0.4000000000000001, transmit_actions: 7, P: [0.84375, 0.53125, 0.125, 0.90625, 0.0625, 0.96875, 0.84375, 0.09375, 0.4375, 0.71875, 0.84375, 0.34375, 0.84375, 0.9375, 0.96875, 0.6875, 0.84375, 0.03125, 0.9375, 0.34375]
[TRAIN]: (209/1600): reward: 5.4583151787519455, rates: 16.458314841984965, loss: 1.2946388825774193, rho: 0.4000000000000001, transmit_actions: 9, P: [0.09375, 0.9375, 0.125, 0.9375, 0.125, 0.90625, 0.03125, 0.21875, 0.0625, 0.96875, 0.375, 0.28125, 0.03125, 0.8125, 0.40625, 0.6875, 0.5625, 0.78125, 0.78125, 0.34375]
[TRAIN]: (210/1600): reward: -9.304308414459229, rates: 3.695691692169739, loss: 1.2980124533176423, rho: 0.4000000000000001, transmit_actions: 7, P: [0.03125, 0.25, 0.59375, 0.21875, 1.0, 0.65625, 0.90625, 0.8125, 0.78125, 0.71875, 0.0, 0.03125, 0.75, 0.0, 0.6875, 0.0625, 0.5625, 0.65625, 0.75, 0.78125]
[TRAIN]: (211/1600): reward: -0.3295939117670059, rates: 13.670406340785377, loss: 1.1314013332128525, rho: 0.4000000000000001, transmit_actions: 14, P: [0.65625, 0.125, 0.09375, 0.9375, 0.875, 0.78125, 0.125, 0.21875, 0.34375, 0.28125, 0.28125, 0.09375, 0.40625, 0.96875, 0.03125, 0.78125, 1.0, 0.59375, 0.40625, 0.625]
[TRAIN]: (212/1600): reward: -7.406993865966797, rates: 4.593006049292254, loss: 1.2768072992563249, rho: 0.4000000000000001, transmit_actions: 5, P: [0.09375, 0.15625, 0.28125, 0.84375, 0.4375, 0.875, 0.15625, 0.9375, 0.875, 0.1875, 0.46875, 0.8125, 0.15625, 0.65625, 0.15625, 1.0, 0.9375, 0.9375, 0.65625, 0.34375]
[TRAIN]: (213/1600): reward: 1.477715902030468, rates: 16.477715892534214, loss: 1.3554585590958594, rho: 0.4000000000000001, transmit_actions: 13, P: [0.5, 0.9375, 0.25, 0.96875, 0.71875, 0.75, 0.4375, 0.78125, 0.09375, 0.5625, 0.1875, 0.625, 0.1875, 0.875, 0.09375, 0.6875, 0.25, 0.375, 0.5625, 0.8125]
[TRAIN]: (214/1600): reward: -3.326085239648819, rates: 9.673914648553222, loss: 1.315918155014515, rho: 0.4000000000000001, transmit_actions: 13, P: [0.0625, 0.53125, 0.125, 0.15625, 0.75, 0.34375, 0.71875, 0.78125, 0.6875, 0.0, 0.96875, 0.875, 0.625, 0.0625, 0.71875, 0.15625, 0.375, 0.3125, 0.53125, 0.3125]
[TRAIN]: (215/1600): reward: -10.418602585792542, rates: 5.581397179021936, loss: 1.1047821700572968, rho: 0.4000000000000001, transmit_actions: 8, P: [0.15625, 0.09375, 0.09375, 0.125, 0.8125, 0.96875, 0.78125, 0.25, 0.90625, 0.03125, 0.0625, 0.96875, 0.15625, 0.25, 0.03125, 0.4375, 0.40625, 0.8125, 0.3125, 0.46875]
[TRAIN]: (216/1600): reward: 3.042431116104126, rates: 18.042431510234962, loss: 1.0640031024813652, rho: 0.4000000000000001, transmit_actions: 11, P: [0.0, 0.75, 0.53125, 0.4375, 0.4375, 0.3125, 0.6875, 0.375, 0.25, 0.40625, 0.5625, 0.25, 0.25, 0.125, 0.0, 0.59375, 0.875, 0.1875, 0.40625, 0.75]
[TRAIN]: (217/1600): reward: -8.01336133480072, rates: 7.986638646312098, loss: 1.2041551053524018, rho: 0.4000000000000001, transmit_actions: 12, P: [0.4375, 0.375, 0.28125, 0.3125, 0.34375, 0.125, 0.5, 0.28125, 0.96875, 0.125, 0.59375, 0.75, 0.0, 0.5625, 0.625, 0.28125, 0.84375, 0.3125, 0.84375, 0.46875]
[TRAIN]: (218/1600): reward: -3.264694780111313, rates: 9.735305428557965, loss: 1.2797585994005203, rho: 0.4000000000000001, transmit_actions: 12, P: [0.0, 0.625, 0.1875, 0.1875, 0.90625, 0.0, 0.96875, 0.4375, 0.0, 0.75, 0.59375, 0.09375, 0.3125, 0.15625, 0.6875, 0.0, 0.875, 0.21875, 0.65625, 0.78125]
[TRAIN]: (219/1600): reward: -3.1793670654296875, rates: 8.820633067980232, loss: 1.1474372774362565, rho: 0.4000000000000001, transmit_actions: 11, P: [0.28125, 0.125, 0.875, 0.0625, 0.03125, 0.96875, 0.875, 0.46875, 0.875, 0.78125, 0.15625, 1.0, 0.15625, 0.3125, 0.0625, 0.59375, 0.78125, 0.875, 0.4375, 0.53125]
[TRAIN]: (220/1600): reward: -6.974135518074036, rates: 7.025864312904096, loss: 1.340540774166584, rho: 0.4000000000000001, transmit_actions: 13, P: [0.46875, 0.875, 0.96875, 1.0, 0.53125, 0.625, 0.875, 0.5, 0.5, 0.21875, 0.8125, 0.40625, 0.96875, 0.875, 0.15625, 0.125, 0.03125, 0.3125, 0.84375, 0.0]
[TRAIN]: (221/1600): reward: -8.493701934814453, rates: 5.506297964902991, loss: 1.5322881788015366, rho: 0.4000000000000001, transmit_actions: 7, P: [0.53125, 0.96875, 0.15625, 0.6875, 0.53125, 0.09375, 0.28125, 0.75, 0.84375, 0.6875, 0.65625, 0.40625, 0.78125, 0.21875, 0.4375, 0.1875, 0.375, 0.90625, 0.78125, 0.40625]
[TRAIN]: (222/1600): reward: 7.9683492332696915, rates: 19.968349390836366, loss: 1.3667392134666443, rho: 0.4000000000000001, transmit_actions: 11, P: [1.0, 0.9375, 0.84375, 0.03125, 0.59375, 0.15625, 0.78125, 0.75, 0.875, 0.15625, 0.28125, 0.4375, 0.6875, 0.25, 0.78125, 0.28125, 0.4375, 0.0625, 0.65625, 0.9375]
[TRAIN]: (223/1600): reward: 10.717758148908615, rates: 21.717758255149942, loss: 1.2708092361688614, rho: 0.4000000000000001, transmit_actions: 11, P: [0.0, 0.21875, 0.5, 0.09375, 0.28125, 0.1875, 0.875, 0.40625, 0.875, 0.375, 0.125, 0.34375, 0.78125, 0.09375, 0.59375, 0.125, 0.1875, 0.1875, 0.84375, 0.4375]
[TRAIN]: (224/1600): reward: 14.064230240881443, rates: 26.06423058545316, loss: 1.184400524199009, rho: 0.4000000000000001, transmit_actions: 13, P: [0.8125, 0.125, 0.53125, 0.3125, 0.1875, 0.375, 0.09375, 0.5, 0.1875, 0.875, 0.03125, 0.28125, 0.34375, 0.0625, 0.40625, 0.03125, 0.3125, 0.875, 0.21875, 0.6875]
[TRAIN]: (225/1600): reward: -7.301955223083496, rates: 6.698044924558723, loss: 1.2429934605956077, rho: 0.4000000000000001, transmit_actions: 10, P: [0.59375, 0.46875, 0.9375, 1.0, 0.46875, 0.375, 0.6875, 0.125, 0.1875, 0.375, 0.375, 0.21875, 1.0, 0.03125, 0.8125, 0.8125, 0.75, 0.9375, 0.21875, 0.8125]
[TRAIN]: (226/1600): reward: -6.053768157958984, rates: 7.9462316457293625, loss: 1.2877283945679665, rho: 0.4000000000000001, transmit_actions: 10, P: [0.75, 0.9375, 0.90625, 0.625, 0.25, 0.46875, 0.28125, 0.3125, 0.5, 0.59375, 0.9375, 0.78125, 0.46875, 0.96875, 0.125, 0.5625, 0.375, 0.0625, 0.125, 0.78125]
[TRAIN]: (227/1600): reward: -10.56370735168457, rates: 4.436292517634654, loss: 1.3104403778910636, rho: 0.4000000000000001, transmit_actions: 7, P: [0.71875, 0.53125, 0.9375, 0.5, 0.5625, 0.9375, 0.0, 0.09375, 0.1875, 0.4375, 0.65625, 0.40625, 0.03125, 0.71875, 0.0625, 0.96875, 0.6875, 0.46875, 1.0, 0.34375]
[TRAIN]: (228/1600): reward: -8.657867908477783, rates: 5.342132224479352, loss: 1.2998610004782676, rho: 0.4000000000000001, transmit_actions: 5, P: [0.59375, 0.46875, 0.6875, 0.75, 0.78125, 0.1875, 0.96875, 0.40625, 0.75, 0.5, 0.125, 0.5625, 0.1875, 0.125, 0.40625, 0.96875, 0.5, 0.03125, 0.625, 1.0]
[TRAIN]: (229/1600): reward: -12.85745270550251, rates: 0.14254729559381682, loss: 1.3521566897630692, rho: 0.4000000000000001, transmit_actions: 5, P: [0.8125, 0.65625, 0.625, 0.4375, 0.4375, 0.125, 0.9375, 0.84375, 0.125, 0.15625, 0.09375, 0.875, 0.9375, 0.125, 0.59375, 0.46875, 0.34375, 0.84375, 0.28125, 0.6875]
[TRAIN]: (230/1600): reward: -13.328539546579123, rates: 2.6714604801104707, loss: 1.0810581475496293, rho: 0.4000000000000001, transmit_actions: 9, P: [0.65625, 0.21875, 0.875, 0.375, 0.84375, 0.59375, 0.46875, 0.0, 0.03125, 0.25, 0.75, 0.625, 0.65625, 0.625, 0.9375, 0.40625, 0.6875, 0.28125, 0.71875, 0.4375]
[TRAIN]: (231/1600): reward: -7.397877026349306, rates: 7.602122921423403, loss: 1.35095257461071, rho: 0.4000000000000001, transmit_actions: 8, P: [0.25, 0.03125, 0.6875, 0.21875, 0.375, 0.5, 0.5625, 0.96875, 0.125, 0.59375, 0.65625, 0.78125, 0.71875, 0.0, 0.21875, 0.40625, 0.125, 0.1875, 0.03125, 0.875]
[TRAIN]: (232/1600): reward: -4.328849792480469, rates: 12.67114996359687, loss: 1.3767311781644822, rho: 0.4000000000000001, transmit_actions: 11, P: [0.75, 0.40625, 0.15625, 0.46875, 0.875, 0.34375, 0.6875, 0.53125, 0.625, 0.375, 0.8125, 0.4375, 0.25, 0.6875, 0.5, 0.03125, 0.25, 0.40625, 0.125, 0.59375]
[TRAIN]: (233/1600): reward: -9.428817242383957, rates: 5.571182884467936, loss: 1.4444277554750442, rho: 0.4000000000000001, transmit_actions: 13, P: [0.15625, 0.40625, 0.625, 0.71875, 0.25, 0.09375, 0.40625, 0.4375, 0.4375, 0.625, 0.84375, 0.46875, 0.8125, 0.90625, 0.1875, 0.25, 1.0, 0.90625, 0.96875, 0.125]
[TRAIN]: (234/1600): reward: -3.365960642695427, rates: 9.634039210741236, loss: 1.335905283689499, rho: 0.4000000000000001, transmit_actions: 9, P: [0.625, 0.34375, 0.3125, 0.96875, 0.28125, 0.15625, 0.21875, 0.875, 0.375, 0.0, 0.90625, 0.1875, 0.4375, 0.375, 0.28125, 0.1875, 0.0625, 0.59375, 0.875, 0.40625]
[TRAIN]: (235/1600): reward: -18.0, rates: 0, loss: 1.0129134684801102, rho: 0.4000000000000001, transmit_actions: 9, P: [0.75, 0.96875, 0.0, 0.875, 0.0, 0.78125, 0.625, 0.5625, 0.4375, 0.15625, 0.03125, 0.53125, 0.03125, 0.9375, 0.71875, 0.5, 0.96875, 0.59375, 0.90625, 0.65625]
[TRAIN]: (236/1600): reward: -10.824929118156433, rates: 4.175070834404466, loss: 1.2333372101187705, rho: 0.4000000000000001, transmit_actions: 11, P: [0.84375, 0.21875, 0.96875, 0.8125, 0.75, 0.15625, 0.71875, 0.03125, 0.3125, 0.90625, 0.65625, 0.125, 0.84375, 0.78125, 0.28125, 0.0, 0.03125, 0.28125, 0.96875, 0.375]
[TRAIN]: (237/1600): reward: -12.07331670075655, rates: 0.9266833155739027, loss: 1.3140831142663956, rho: 0.4000000000000001, transmit_actions: 10, P: [1.0, 0.1875, 0.21875, 0.65625, 0.96875, 0.96875, 0.1875, 0.0625, 0.3125, 0.0, 0.40625, 0.5625, 0.28125, 0.1875, 0.46875, 0.3125, 0.15625, 0.5, 0.375, 0.5625]
[TRAIN]: (238/1600): reward: -2.3586121797561646, rates: 9.64138767721916, loss: 1.4307550579309463, rho: 0.4000000000000001, transmit_actions: 8, P: [0.5, 0.8125, 0.65625, 0.9375, 0.65625, 0.9375, 0.9375, 0.1875, 0.125, 0.5, 0.40625, 0.59375, 0.125, 0.625, 0.59375, 0.375, 0.15625, 1.0, 0.8125, 0.0]
[TRAIN]: (239/1600): reward: -6.703148931264877, rates: 8.296851004178798, loss: 1.1383906364440919, rho: 0.4000000000000001, transmit_actions: 9, P: [0.09375, 0.375, 1.0, 1.0, 0.71875, 0.5, 0.375, 0.9375, 0.03125, 0.21875, 0.53125, 0.78125, 0.0, 0.6875, 0.1875, 0.03125, 0.5625, 0.59375, 0.625, 0.3125]
[TRAIN]: (240/1600): reward: -0.08894357085227966, rates: 9.911056503757724, loss: 1.3118856132030488, rho: 0.4000000000000001, transmit_actions: 7, P: [0.9375, 0.25, 0.09375, 0.9375, 0.65625, 0.9375, 0.375, 0.5625, 0.8125, 0.125, 0.40625, 0.5, 0.34375, 0.75, 0.5625, 0.9375, 0.125, 0.625, 0.8125, 0.875]
[TRAIN]: (241/1600): reward: -2.367131769657135, rates: 11.632868061058339, loss: 1.5195318728685379, rho: 0.4000000000000001, transmit_actions: 12, P: [0.0, 0.84375, 0.625, 0.71875, 0.1875, 0.5625, 0.375, 0.71875, 0.90625, 0.78125, 0.8125, 0.96875, 0.5625, 0.34375, 0.34375, 0.65625, 0.15625, 0.5625, 0.6875, 0.9375]
[TRAIN]: (242/1600): reward: 2.9775220546871424, rates: 13.977521752339099, loss: 1.1391637936234473, rho: 0.4000000000000001, transmit_actions: 11, P: [0.125, 0.6875, 0.0, 0.84375, 0.90625, 0.59375, 0.5, 0.09375, 0.46875, 0.9375, 0.15625, 0.78125, 0.15625, 0.15625, 0.625, 0.625, 0.6875, 0.03125, 0.90625, 0.0625]
[TRAIN]: (243/1600): reward: -14.700456291437149, rates: 0.29954370354354026, loss: 1.1425610840320588, rho: 0.4000000000000001, transmit_actions: 6, P: [0.375, 0.0, 0.6875, 0.875, 0.25, 0.15625, 0.625, 0.5625, 0.46875, 0.5, 1.0, 0.40625, 0.25, 0.9375, 1.0, 0.875, 0.9375, 0.46875, 0.09375, 0.03125]
[TRAIN]: (244/1600): reward: -2.859673023223877, rates: 11.140327210859798, loss: 1.2391842961311341, rho: 0.4000000000000001, transmit_actions: 6, P: [0.375, 0.53125, 0.15625, 0.375, 0.875, 0.90625, 0.3125, 0.25, 0.6875, 0.59375, 0.3125, 0.71875, 0.9375, 0.84375, 0.75, 0.5625, 0.5, 0.28125, 0.78125, 0.09375]
[TRAIN]: (245/1600): reward: -0.3920389711856842, rates: 11.607960977847753, loss: 1.2246150642633438, rho: 0.4000000000000001, transmit_actions: 13, P: [0.28125, 0.1875, 0.90625, 0.09375, 1.0, 0.21875, 0.53125, 0.03125, 0.875, 0.21875, 0.65625, 0.0, 1.0, 0.96875, 0.5625, 0.21875, 0.375, 1.0, 0.6875, 0.6875]
[TRAIN]: (246/1600): reward: -13.37975800037384, rates: 0.620242025529479, loss: 1.3389137908816338, rho: 0.4000000000000001, transmit_actions: 10, P: [0.875, 0.53125, 0.53125, 0.09375, 0.3125, 0.15625, 0.15625, 0.375, 0.5625, 0.4375, 0.5625, 0.59375, 0.90625, 0.40625, 0.625, 0.125, 0.9375, 0.0625, 0.96875, 0.875]
[TRAIN]: (247/1600): reward: -15.0, rates: 0, loss: 1.1773032009601594, rho: 0.4000000000000001, transmit_actions: 11, P: [0.875, 0.28125, 0.34375, 0.625, 0.875, 0.0625, 0.78125, 0.09375, 0.1875, 1.0, 0.96875, 0.46875, 0.28125, 0.59375, 0.78125, 1.0, 0.40625, 0.96875, 0.5625, 0.4375]
[TRAIN]: (248/1600): reward: -1.9790053814649582, rates: 9.02099488476099, loss: 1.4332637935876846, rho: 0.4000000000000001, transmit_actions: 8, P: [0.90625, 0.375, 0.90625, 0.25, 0.03125, 0.59375, 0.0625, 0.625, 0.1875, 0.9375, 0.125, 0.21875, 0.4375, 0.3125, 0.40625, 1.0, 0.96875, 0.8125, 0.53125, 0.03125]
[TRAIN]: (249/1600): reward: -5.949588730931282, rates: 8.05041136377914, loss: 1.234011635184288, rho: 0.4000000000000001, transmit_actions: 8, P: [0.96875, 0.5625, 0.5625, 0.8125, 0.5, 0.125, 0.59375, 0.5625, 0.15625, 0.625, 0.5625, 0.03125, 0.03125, 0.875, 0.4375, 0.125, 0.21875, 0.53125, 0.34375, 0.125]
[TRAIN]: (250/1600): reward: -15.0, rates: 0, loss: 1.144063487648964, rho: 0.4000000000000001, transmit_actions: 9, P: [0.65625, 0.21875, 0.75, 0.03125, 0.8125, 0.4375, 0.03125, 0.9375, 1.0, 0.71875, 0.90625, 0.6875, 0.6875, 0.9375, 0.46875, 0.40625, 0.5, 0.9375, 0.6875, 0.15625]
[TRAIN]: (251/1600): reward: 2.362157940864563, rates: 13.362157854837264, loss: 1.4545845150947572, rho: 0.4000000000000001, transmit_actions: 9, P: [0.78125, 0.75, 0.96875, 0.28125, 0.4375, 0.46875, 0.09375, 0.6875, 0.5625, 0.53125, 0.8125, 0.4375, 0.34375, 0.6875, 0.03125, 0.21875, 0.09375, 0.53125, 0.1875, 0.90625]
[TRAIN]: (252/1600): reward: -9.27182161808014, rates: 4.728178156260909, loss: 1.0380001842975617, rho: 0.4000000000000001, transmit_actions: 7, P: [1.0, 0.875, 0.125, 0.40625, 0.28125, 0.59375, 0.625, 0.46875, 0.6875, 0.3125, 0.71875, 0.6875, 0.34375, 0.59375, 0.84375, 0.5, 0.4375, 0.125, 0.84375, 0.65625]
[TRAIN]: (253/1600): reward: 2.0065464973449707, rates: 15.006546521848378, loss: 1.0889687687158585, rho: 0.4000000000000001, transmit_actions: 10, P: [0.03125, 0.5, 1.0, 0.8125, 0.90625, 0.9375, 0.28125, 0.25, 0.6875, 0.3125, 0.15625, 0.9375, 0.09375, 0.15625, 0.96875, 0.21875, 0.59375, 0.59375, 0.625, 0.9375]
[TRAIN]: (254/1600): reward: -10.131778538227081, rates: 1.8682215107622584, loss: 1.2361644983291626, rho: 0.4000000000000001, transmit_actions: 8, P: [0.96875, 0.15625, 0.59375, 0.9375, 0.78125, 0.1875, 1.0, 0.4375, 0.75, 0.4375, 0.375, 0.3125, 0.625, 0.25, 0.3125, 0.96875, 0.40625, 0.03125, 0.90625, 0.875]
[TRAIN]: (255/1600): reward: -14.743743032217026, rates: 0.256256968624917, loss: 1.2095559552311896, rho: 0.4000000000000001, transmit_actions: 9, P: [0.03125, 0.28125, 0.21875, 0.875, 0.03125, 0.59375, 0.5, 0.75, 0.21875, 0.40625, 0.8125, 0.0625, 0.03125, 0.78125, 0.84375, 0.125, 0.125, 0.4375, 0.5625, 0.78125]
[TRAIN]: (256/1600): reward: -5.874830171465874, rates: 10.125169597960753, loss: 1.115001480281353, rho: 0.4000000000000001, transmit_actions: 12, P: [0.90625, 0.5625, 0.0625, 0.3125, 0.5625, 0.3125, 0.65625, 0.5625, 0.125, 0.40625, 0.5, 0.40625, 0.71875, 0.375, 0.96875, 0.5, 0.34375, 0.03125, 0.96875, 0.5625]
[TRAIN]: (257/1600): reward: 2.4705559350550175, rates: 13.470555992320598, loss: 1.4058056011795999, rho: 0.4000000000000001, transmit_actions: 8, P: [0.4375, 0.28125, 0.6875, 0.625, 0.34375, 0.0625, 0.90625, 0.46875, 0.5, 0.90625, 0.3125, 0.28125, 0.65625, 0.6875, 0.875, 0.1875, 0.6875, 0.78125, 0.71875, 0.0625]
[TRAIN]: (258/1600): reward: -3.959508001804352, rates: 11.040491963540369, loss: 1.2486198648810387, rho: 0.4000000000000001, transmit_actions: 11, P: [0.375, 0.03125, 0.25, 0.25, 0.90625, 0.71875, 0.21875, 0.75, 0.0625, 0.6875, 0.5625, 0.5625, 0.0, 0.96875, 0.15625, 0.4375, 0.15625, 0.5, 0.90625, 0.15625]
[TRAIN]: (259/1600): reward: 8.190088957548141, rates: 17.190088847100274, loss: 1.047317312657833, rho: 0.4000000000000001, transmit_actions: 8, P: [0.6875, 0.125, 0.09375, 0.28125, 0.9375, 0.25, 0.53125, 0.4375, 0.59375, 0.25, 0.1875, 0.3125, 0.8125, 0.96875, 0.84375, 0.0625, 0.375, 0.15625, 0.84375, 0.40625]
[TRAIN]: (260/1600): reward: -5.036703273653984, rates: 8.96329655226537, loss: 1.26726703196764, rho: 0.4000000000000001, transmit_actions: 12, P: [0.3125, 0.96875, 0.21875, 0.5625, 0.1875, 0.53125, 1.0, 0.375, 0.25, 0.5625, 0.59375, 0.3125, 0.53125, 0.84375, 0.09375, 0.65625, 0.3125, 0.125, 0.03125, 0.09375]
[TRAIN]: (261/1600): reward: -14.500767298042774, rates: 0.49923269796651926, loss: 1.2878936946392059, rho: 0.4000000000000001, transmit_actions: 10, P: [0.6875, 0.21875, 0.59375, 0.28125, 0.46875, 0.8125, 0.0625, 0.5, 0.28125, 0.90625, 0.40625, 0.59375, 0.21875, 0.78125, 0.21875, 0.96875, 0.625, 0.53125, 0.53125, 0.375]
[TRAIN]: (262/1600): reward: -5.109984055161476, rates: 4.890016157029449, loss: 1.2185924351215363, rho: 0.4000000000000001, transmit_actions: 13, P: [0.96875, 0.71875, 0.0, 0.75, 0.46875, 0.8125, 0.0625, 0.0625, 0.0, 0.90625, 1.0, 0.125, 0.53125, 0.6875, 0.65625, 0.90625, 0.375, 0.625, 0.8125, 0.8125]
[TRAIN]: (263/1600): reward: 3.1371429562568665, rates: 13.137142841671828, loss: 1.6359553694725038, rho: 0.4000000000000001, transmit_actions: 12, P: [0.90625, 0.6875, 0.84375, 0.8125, 1.0, 0.5625, 0.75, 0.3125, 0.78125, 0.65625, 0.75, 0.5, 0.6875, 0.09375, 0.71875, 0.96875, 0.84375, 0.1875, 0.8125, 1.0]
[TRAIN]: (264/1600): reward: -18.0, rates: 0, loss: 1.1517834842205048, rho: 0.4000000000000001, transmit_actions: 12, P: [0.375, 0.8125, 0.59375, 0.75, 0.84375, 0.96875, 0.3125, 0.1875, 0.78125, 0.84375, 0.28125, 0.78125, 0.875, 1.0, 0.6875, 0.4375, 0.5, 0.75, 0.75, 0.53125]
[TRAIN]: (265/1600): reward: 4.467543125152588, rates: 15.467543167998592, loss: 1.4245751231908799, rho: 0.4000000000000001, transmit_actions: 12, P: [0.59375, 0.59375, 0.9375, 0.71875, 0.96875, 0.40625, 0.75, 0.65625, 0.9375, 0.75, 0.71875, 0.46875, 0.3125, 0.78125, 0.90625, 0.28125, 0.6875, 0.375, 0.375, 0.75]
[TRAIN]: (266/1600): reward: -17.0, rates: 0, loss: 1.3886303573846817, rho: 0.4000000000000001, transmit_actions: 7, P: [0.15625, 0.40625, 0.21875, 0.6875, 0.5625, 0.3125, 0.09375, 0.5, 0.78125, 0.90625, 0.28125, 0.5, 0.5, 0.4375, 0.4375, 0.9375, 0.8125, 0.09375, 0.59375, 0.84375]
[TRAIN]: (267/1600): reward: -14.571768045425415, rates: 3.4282318648497054, loss: 1.1010886892676353, rho: 0.4000000000000001, transmit_actions: 11, P: [0.65625, 0.59375, 0.90625, 0.0, 0.71875, 0.34375, 0.21875, 0.28125, 0.21875, 0.5625, 0.25, 0.8125, 0.5, 0.90625, 0.875, 1.0, 0.46875, 0.03125, 0.125, 0.375]
[TRAIN]: (268/1600): reward: -13.012693732976913, rates: 0.9873062601557743, loss: 1.2886207431554795, rho: 0.4000000000000001, transmit_actions: 13, P: [0.71875, 0.53125, 0.75, 0.125, 0.0, 0.21875, 0.09375, 0.46875, 0.90625, 0.9375, 0.90625, 0.96875, 0.25, 0.71875, 0.125, 0.4375, 0.375, 0.71875, 0.375, 0.5]
[TRAIN]: (269/1600): reward: 2.11646431684494, rates: 16.116464263254606, loss: 1.435794284939766, rho: 0.4000000000000001, transmit_actions: 12, P: [0.46875, 0.84375, 0.15625, 0.28125, 0.46875, 0.96875, 0.96875, 0.4375, 0.09375, 0.5625, 0.90625, 0.4375, 0.125, 0.03125, 0.34375, 0.5625, 0.875, 0.5625, 0.09375, 0.34375]
[TRAIN]: (270/1600): reward: -4.465120792388916, rates: 10.534878921398025, loss: 0.9283635601401329, rho: 0.4000000000000001, transmit_actions: 8, P: [0.03125, 0.0625, 0.78125, 0.03125, 0.375, 1.0, 1.0, 0.9375, 0.375, 0.59375, 0.65625, 0.40625, 0.28125, 0.4375, 0.46875, 0.875, 0.34375, 0.875, 0.09375, 0.375]
[TRAIN]: (271/1600): reward: -7.258265972137451, rates: 5.74173407862876, loss: 1.2452644616365434, rho: 0.4000000000000001, transmit_actions: 9, P: [0.6875, 0.0625, 0.375, 0.6875, 0.0, 0.21875, 0.3125, 0.4375, 0.65625, 0.6875, 0.96875, 0.5, 0.1875, 0.03125, 0.5, 0.0625, 0.8125, 0.75, 0.0, 0.96875]
[TRAIN]: (272/1600): reward: -13.559685975313187, rates: 0.4403140229920814, loss: 1.0800232991576195, rho: 0.4000000000000001, transmit_actions: 6, P: [0.5625, 0.875, 0.0, 0.84375, 1.0, 0.625, 0.78125, 0.0, 0.03125, 0.21875, 0.8125, 0.71875, 0.5625, 0.5625, 0.46875, 0.65625, 0.3125, 0.71875, 0.40625, 0.1875]
[TRAIN]: (273/1600): reward: -2.567811980843544, rates: 10.432188241457773, loss: 1.068122534453869, rho: 0.4000000000000001, transmit_actions: 9, P: [0.4375, 1.0, 0.40625, 0.03125, 0.75, 0.34375, 0.09375, 0.90625, 0.0, 0.375, 0.5, 0.46875, 0.625, 0.34375, 0.90625, 0.6875, 0.03125, 0.3125, 0.8125, 0.96875]
[TRAIN]: (274/1600): reward: 0.2714267894625664, rates: 13.27142700774915, loss: 1.2548142179846764, rho: 0.4000000000000001, transmit_actions: 10, P: [0.5, 0.5, 0.4375, 0.59375, 0.53125, 0.34375, 0.09375, 0.21875, 0.0625, 0.03125, 1.0, 0.15625, 0.09375, 0.15625, 0.3125, 0.28125, 0.78125, 0.03125, 0.09375, 0.5]
[TRAIN]: (275/1600): reward: -2.116091728210449, rates: 10.883908197492001, loss: 1.0756284415721893, rho: 0.4000000000000001, transmit_actions: 9, P: [0.21875, 0.875, 0.59375, 0.40625, 0.9375, 0.46875, 0.8125, 1.0, 0.84375, 0.1875, 0.4375, 0.8125, 0.1875, 0.21875, 0.71875, 0.28125, 0.03125, 1.0, 0.15625, 0.875]
[TRAIN]: (276/1600): reward: -1.7961044311523438, rates: 11.203895899915718, loss: 1.1112145632505417, rho: 0.4000000000000001, transmit_actions: 8, P: [0.125, 0.6875, 0.90625, 0.21875, 0.5625, 0.46875, 0.875, 0.5625, 0.5625, 0.34375, 0.625, 0.0, 0.125, 0.90625, 0.34375, 0.0625, 0.1875, 0.15625, 0.28125, 0.90625]
[TRAIN]: (277/1600): reward: -13.905472680926323, rates: 0.09452731792303945, loss: 1.3201284870505332, rho: 0.4000000000000001, transmit_actions: 8, P: [0.40625, 0.9375, 0.34375, 0.09375, 0.25, 0.8125, 0.03125, 0.875, 0.3125, 0.15625, 0.4375, 0.59375, 0.25, 0.65625, 0.0, 0.3125, 0.59375, 0.6875, 0.84375, 0.5]
[TRAIN]: (278/1600): reward: -12.215372815728188, rates: 0.7846271660259783, loss: 1.187216505408287, rho: 0.4000000000000001, transmit_actions: 10, P: [0.0, 0.90625, 0.78125, 0.96875, 0.03125, 0.21875, 0.40625, 0.75, 0.21875, 0.1875, 0.5625, 0.78125, 0.46875, 0.40625, 0.46875, 0.90625, 0.9375, 0.6875, 1.0, 0.1875]
[TRAIN]: (279/1600): reward: -5.622633980587125, rates: 4.377366002003454, loss: 0.9766547292470932, rho: 0.4000000000000001, transmit_actions: 9, P: [0.71875, 0.28125, 0.0625, 0.75, 0.21875, 0.25, 0.9375, 0.375, 0.5, 0.34375, 0.375, 0.90625, 0.53125, 0.65625, 0.875, 0.71875, 0.34375, 0.21875, 0.0625, 0.90625]
[TRAIN]: (280/1600): reward: -0.043343544006347656, rates: 10.956656633675768, loss: 1.1741042539477349, rho: 0.4000000000000001, transmit_actions: 8, P: [0.5, 0.78125, 0.78125, 0.6875, 0.3125, 0.90625, 0.96875, 0.5, 1.0, 0.3125, 0.53125, 0.625, 0.46875, 0.875, 0.03125, 0.96875, 1.0, 0.90625, 0.65625, 0.53125]
[TRAIN]: (281/1600): reward: -6.681220605969429, rates: 5.318779416779327, loss: 1.1304885104298592, rho: 0.4000000000000001, transmit_actions: 7, P: [0.84375, 0.34375, 0.125, 0.3125, 0.71875, 0.40625, 0.6875, 0.90625, 0.84375, 0.53125, 0.0, 0.6875, 1.0, 0.0625, 0.5625, 0.59375, 0.90625, 0.25, 0.125, 0.5625]
[TRAIN]: (282/1600): reward: -1.3960161209106445, rates: 11.603983863572328, loss: 1.6610764920711518, rho: 0.4000000000000001, transmit_actions: 10, P: [0.90625, 1.0, 0.15625, 0.96875, 0.625, 0.09375, 0.25, 0.46875, 0.90625, 0.21875, 0.09375, 0.71875, 0.09375, 0.59375, 0.0, 0.46875, 0.15625, 0.09375, 0.25, 0.03125]
[TRAIN]: (283/1600): reward: 0.40215301513671875, rates: 11.402153384439266, loss: 0.9514900356531143, rho: 0.4000000000000001, transmit_actions: 11, P: [1.0, 0.3125, 0.15625, 0.0, 0.875, 0.84375, 0.96875, 0.34375, 1.0, 0.34375, 0.9375, 0.375, 0.28125, 0.25, 0.1875, 0.21875, 1.0, 0.75, 0.5, 0.9375]
[TRAIN]: (284/1600): reward: -4.143079042434692, rates: 9.85692107154434, loss: 0.9943677708506584, rho: 0.4000000000000001, transmit_actions: 8, P: [0.96875, 0.5, 0.46875, 0.84375, 0.75, 0.9375, 0.75, 0.625, 0.53125, 0.34375, 0.65625, 0.9375, 0.96875, 0.65625, 0.0625, 0.40625, 0.6875, 0.4375, 0.65625, 0.125]
[TRAIN]: (285/1600): reward: -10.561367511749268, rates: 5.438632431460023, loss: 1.2876697927713394, rho: 0.4000000000000001, transmit_actions: 9, P: [0.78125, 0.875, 0.78125, 0.5625, 0.25, 0.625, 0.59375, 0.53125, 0.71875, 0.46875, 0.53125, 0.15625, 0.34375, 0.75, 0.28125, 0.15625, 0.71875, 0.84375, 0.59375, 0.28125]
[TRAIN]: (286/1600): reward: -7.095102414488792, rates: 5.904897783558145, loss: 1.3154815569519998, rho: 0.4000000000000001, transmit_actions: 7, P: [0.65625, 0.03125, 0.0625, 0.21875, 0.6875, 0.5, 0.28125, 0.0625, 0.625, 0.03125, 0.3125, 1.0, 0.40625, 0.3125, 0.28125, 0.1875, 0.875, 0.0625, 0.625, 0.21875]
[TRAIN]: (287/1600): reward: 0.005255937576293945, rates: 15.00525591778905, loss: 1.230212426185608, rho: 0.4000000000000001, transmit_actions: 10, P: [0.6875, 0.40625, 0.6875, 0.34375, 0.4375, 0.4375, 0.21875, 0.59375, 0.0, 0.375, 0.125, 0.125, 0.25, 0.59375, 0.875, 0.34375, 0.40625, 0.125, 0.84375, 0.21875]
[TRAIN]: (288/1600): reward: -9.571857810020447, rates: 5.4281423628894165, loss: 1.3038189485669136, rho: 0.4000000000000001, transmit_actions: 10, P: [0.03125, 0.4375, 0.78125, 0.875, 0.4375, 0.40625, 0.625, 0.40625, 0.8125, 0.65625, 0.59375, 0.21875, 0.0, 0.09375, 0.40625, 0.3125, 0.625, 0.5, 0.90625, 0.8125]
[TRAIN]: (289/1600): reward: -4.519384443759918, rates: 9.480615230363771, loss: 1.1518299132585526, rho: 0.4000000000000001, transmit_actions: 11, P: [0.8125, 0.6875, 0.28125, 0.5, 0.59375, 0.5, 0.84375, 0.40625, 0.0, 0.25, 0.34375, 0.9375, 0.5, 0.84375, 0.71875, 0.53125, 0.5625, 0.96875, 0.78125, 0.375]
[TRAIN]: (290/1600): reward: -6.858246326446533, rates: 5.141753693830953, loss: 1.0793077938258648, rho: 0.4000000000000001, transmit_actions: 11, P: [0.53125, 0.84375, 0.9375, 0.78125, 0.84375, 0.65625, 0.5, 0.9375, 0.71875, 0.15625, 0.84375, 0.5, 0.96875, 0.75, 0.75, 0.8125, 0.625, 0.3125, 0.8125, 0.71875]
[TRAIN]: (291/1600): reward: -1.5939197540283203, rates: 12.406080290972767, loss: 1.3710898384451866, rho: 0.4000000000000001, transmit_actions: 9, P: [0.53125, 0.125, 0.1875, 0.625, 0.75, 0.75, 0.84375, 0.53125, 0.65625, 0.6875, 0.65625, 0.59375, 0.25, 0.375, 0.625, 0.3125, 0.03125, 0.125, 0.90625, 0.28125]
[TRAIN]: (292/1600): reward: -10.143235679715872, rates: 3.8567642554694936, loss: 1.165254432708025, rho: 0.4000000000000001, transmit_actions: 8, P: [0.3125, 0.1875, 0.53125, 0.09375, 0.9375, 0.375, 0.1875, 0.40625, 0.90625, 0.8125, 0.25, 0.28125, 1.0, 0.34375, 0.90625, 0.96875, 0.21875, 0.8125, 0.09375, 0.21875]
[TRAIN]: (293/1600): reward: -1.4068115949630737, rates: 10.59318848617232, loss: 1.1252109214663506, rho: 0.4000000000000001, transmit_actions: 13, P: [0.03125, 0.5625, 0.65625, 0.9375, 0.90625, 0.8125, 0.46875, 0.5, 0.84375, 1.0, 0.0625, 0.0625, 0.15625, 0.84375, 0.9375, 0.03125, 0.9375, 0.21875, 0.71875, 0.40625]
[TRAIN]: (294/1600): reward: -4.891812354326248, rates: 9.108187419007972, loss: 0.9580829977989197, rho: 0.4000000000000001, transmit_actions: 12, P: [0.28125, 0.5, 0.40625, 0.71875, 0.1875, 0.28125, 0.71875, 0.46875, 0.3125, 0.96875, 0.84375, 0.1875, 0.71875, 0.09375, 0.5, 0.3125, 0.90625, 0.25, 0.6875, 0.4375]
[TRAIN]: (295/1600): reward: -15.926630087196827, rates: 0.07336991136943637, loss: 1.2866332143545152, rho: 0.4000000000000001, transmit_actions: 8, P: [0.46875, 0.21875, 0.09375, 0.8125, 0.4375, 0.96875, 0.84375, 0.96875, 0.1875, 0.75, 0.71875, 0.78125, 0.21875, 0.125, 0.15625, 0.59375, 0.5, 0.6875, 0.5625, 0.375]
[TRAIN]: (296/1600): reward: -12.93482118844986, rates: 4.065178728461171, loss: 1.264387348294258, rho: 0.4000000000000001, transmit_actions: 8, P: [0.0625, 0.75, 0.5, 0.5, 0.0625, 0.84375, 0.15625, 0.65625, 0.6875, 0.96875, 0.375, 0.71875, 0.0625, 0.0, 0.5, 0.375, 0.0625, 0.96875, 0.875, 0.3125]
[TRAIN]: (297/1600): reward: -11.158982753753662, rates: 4.8410171456972755, loss: 1.078731995820999, rho: 0.4000000000000001, transmit_actions: 8, P: [1.0, 0.90625, 0.0, 0.5625, 0.96875, 0.0625, 0.75, 0.71875, 0.71875, 0.09375, 0.8125, 0.625, 0.25, 0.9375, 0.5625, 0.25, 0.6875, 0.25, 0.5625, 0.84375]
[TRAIN]: (298/1600): reward: -9.664263486862183, rates: 5.335736688505874, loss: 1.3102343261241913, rho: 0.4000000000000001, transmit_actions: 10, P: [0.71875, 0.0, 0.3125, 0.0, 0.78125, 0.78125, 0.90625, 0.8125, 0.0625, 0.21875, 0.6875, 0.6875, 0.15625, 0.84375, 0.71875, 0.625, 0.53125, 0.21875, 0.71875, 0.75]
[TRAIN]: (299/1600): reward: -10.845024585723877, rates: 5.1549752435835, loss: 1.0771457105875015, rho: 0.4000000000000001, transmit_actions: 14, P: [0.65625, 0.875, 0.53125, 0.96875, 0.0, 0.28125, 1.0, 0.46875, 0.65625, 0.5, 0.21875, 0.90625, 0.1875, 0.3125, 0.8125, 0.53125, 0.75, 0.40625, 0.15625, 0.625]
[TRAIN]: (300/1600): reward: -9.043463230133057, rates: 4.956536659531459, loss: 1.1222655311226846, rho: 0.4000000000000001, transmit_actions: 11, P: [0.34375, 0.0, 0.53125, 0.71875, 0.6875, 0.96875, 0.4375, 0.15625, 0.0, 0.78125, 0.96875, 0.71875, 1.0, 0.09375, 0.03125, 0.5, 0.75, 0.78125, 0.15625, 0.40625]
[TRAIN]: (301/1600): reward: -3.8311066776514053, rates: 8.168893108393867, loss: 1.2742498263716697, rho: 0.4000000000000001, transmit_actions: 10, P: [0.71875, 0.96875, 0.0625, 0.9375, 0.84375, 0.65625, 0.6875, 0.0, 0.71875, 0.0, 1.0, 0.3125, 0.21875, 0.15625, 0.96875, 0.75, 0.09375, 0.75, 0.0625, 0.25]
[TRAIN]: (302/1600): reward: -11.447101429104805, rates: 1.5528985543621008, loss: 1.3810526072978973, rho: 0.4000000000000001, transmit_actions: 11, P: [0.65625, 0.09375, 0.78125, 0.9375, 0.46875, 0.90625, 0.3125, 0.5, 0.625, 0.375, 0.90625, 1.0, 0.34375, 0.625, 0.3125, 0.125, 0.5, 0.84375, 0.40625, 1.0]
[TRAIN]: (303/1600): reward: -14.186288073658943, rates: 0.8137119410231662, loss: 1.2653681188821793, rho: 0.4000000000000001, transmit_actions: 8, P: [0.5, 1.0, 0.21875, 0.15625, 0.625, 0.375, 0.125, 0.4375, 0.59375, 0.9375, 0.34375, 0.3125, 0.78125, 0.90625, 0.0, 0.625, 0.25, 0.75, 0.5625, 0.15625]
[TRAIN]: (304/1600): reward: -5.385073900222778, rates: 7.614926204708017, loss: 1.094853201508522, rho: 0.4000000000000001, transmit_actions: 12, P: [0.71875, 0.4375, 0.65625, 0.53125, 0.5, 0.125, 0.65625, 0.375, 0.9375, 0.8125, 0.6875, 0.875, 0.09375, 0.84375, 0.59375, 0.625, 0.40625, 0.78125, 0.65625, 0.21875]
[TRAIN]: (305/1600): reward: -2.669006258249283, rates: 10.330993603993434, loss: 1.178395141661167, rho: 0.4000000000000001, transmit_actions: 11, P: [0.59375, 0.0, 0.71875, 0.4375, 0.15625, 0.59375, 0.40625, 0.9375, 0.1875, 0.34375, 0.0, 0.625, 0.03125, 0.5625, 0.6875, 0.03125, 0.21875, 0.21875, 0.75, 1.0]
[TRAIN]: (306/1600): reward: 0.6587690785527229, rates: 16.658769139486672, loss: 1.252771396934986, rho: 0.4000000000000001, transmit_actions: 14, P: [0.84375, 0.59375, 0.53125, 0.4375, 0.28125, 0.1875, 0.96875, 0.75, 0.28125, 0.125, 0.6875, 0.4375, 0.28125, 0.40625, 0.53125, 0.53125, 0.1875, 0.09375, 0.34375, 0.28125]
[TRAIN]: (307/1600): reward: 1.2795206308364868, rates: 14.279520458146276, loss: 1.1353397220373154, rho: 0.4000000000000001, transmit_actions: 10, P: [0.4375, 0.875, 0.5, 0.75, 0.6875, 0.84375, 0.15625, 0.21875, 0.0, 1.0, 0.34375, 0.0625, 0.0625, 0.90625, 0.9375, 0.1875, 0.03125, 0.9375, 0.8125, 0.90625]
[TRAIN]: (308/1600): reward: -17.0, rates: 0, loss: 1.2170136630535127, rho: 0.4000000000000001, transmit_actions: 11, P: [0.59375, 0.5, 0.9375, 0.375, 0.46875, 0.875, 0.78125, 0.375, 0.8125, 0.875, 0.09375, 0.1875, 0.125, 0.5625, 0.46875, 0.75, 0.875, 0.84375, 0.78125, 0.59375]
[TRAIN]: (309/1600): reward: -6.999741077423096, rates: 5.000258731859519, loss: 1.0796552494168281, rho: 0.4000000000000001, transmit_actions: 7, P: [0.15625, 0.96875, 0.6875, 0.625, 0.25, 0.15625, 0.34375, 0.53125, 1.0, 1.0, 0.90625, 0.4375, 0.71875, 0.8125, 0.0, 0.125, 0.15625, 0.84375, 0.84375, 0.90625]
[TRAIN]: (310/1600): reward: -9.009767532348633, rates: 5.990232411652974, loss: 1.2052410066127777, rho: 0.4000000000000001, transmit_actions: 8, P: [0.21875, 0.03125, 0.09375, 0.84375, 0.9375, 0.78125, 0.15625, 0.375, 0.65625, 0.0, 0.46875, 0.34375, 0.1875, 0.71875, 0.65625, 0.375, 0.9375, 0.78125, 0.6875, 0.875]
[TRAIN]: (311/1600): reward: -2.2081307023763657, rates: 9.791869511840554, loss: 0.9498595297336578, rho: 0.4000000000000001, transmit_actions: 15, P: [0.1875, 1.0, 0.09375, 0.28125, 0.34375, 0.1875, 0.78125, 0.5, 0.0, 0.8125, 0.96875, 0.71875, 0.375, 0.78125, 0.65625, 0.375, 0.75, 0.15625, 0.40625, 0.0]
[TRAIN]: (312/1600): reward: -7.972396910190582, rates: 7.027603215133576, loss: 1.3723343908786774, rho: 0.4000000000000001, transmit_actions: 9, P: [0.96875, 0.9375, 0.28125, 0.75, 0.625, 0.1875, 0.78125, 0.84375, 0.75, 0.0, 0.875, 0.5625, 0.75, 0.40625, 0.875, 0.1875, 0.0625, 0.71875, 0.8125, 0.0]
[TRAIN]: (313/1600): reward: -12.977582890540361, rates: 0.022417110340384926, loss: 1.163203051686287, rho: 0.4000000000000001, transmit_actions: 5, P: [0.84375, 0.9375, 0.1875, 0.625, 0.09375, 0.625, 0.9375, 0.21875, 0.03125, 0.96875, 0.6875, 0.4375, 0.09375, 0.375, 1.0, 0.15625, 0.84375, 0.75, 0.96875, 0.5]
[TRAIN]: (314/1600): reward: -13.749485939741135, rates: 0.2505140599066966, loss: 1.2241700917482377, rho: 0.4000000000000001, transmit_actions: 7, P: [1.0, 0.15625, 0.0625, 0.09375, 0.125, 0.125, 0.96875, 0.8125, 0.0, 0.5625, 0.1875, 0.96875, 0.90625, 0.4375, 0.8125, 0.625, 0.6875, 0.375, 0.625, 0.5625]
[TRAIN]: (315/1600): reward: -8.939309298992157, rates: 5.060690659001368, loss: 1.1103320002555848, rho: 0.4000000000000001, transmit_actions: 12, P: [0.3125, 0.5, 0.25, 0.96875, 0.90625, 0.96875, 0.0, 0.65625, 0.78125, 0.5, 0.0625, 0.90625, 0.53125, 0.71875, 0.1875, 0.5625, 0.78125, 0.59375, 0.75, 0.59375]
[TRAIN]: (316/1600): reward: 3.095649242401123, rates: 17.095649216393795, loss: 0.9757022529840469, rho: 0.4000000000000001, transmit_actions: 12, P: [0.8125, 0.21875, 0.53125, 0.71875, 0.28125, 0.8125, 0.28125, 0.1875, 0.3125, 0.71875, 0.5, 1.0, 0.71875, 0.40625, 0.21875, 0.71875, 0.1875, 0.40625, 0.8125, 0.15625]
[TRAIN]: (317/1600): reward: -10.212184499949217, rates: 3.7878154743977652, loss: 1.4535674661397935, rho: 0.4000000000000001, transmit_actions: 10, P: [0.15625, 0.53125, 0.84375, 0.75, 0.0625, 0.4375, 0.625, 0.6875, 0.09375, 0.5625, 0.8125, 0.4375, 0.40625, 0.875, 0.3125, 0.59375, 0.78125, 0.75, 0.875, 0.0625]
[TRAIN]: (318/1600): reward: -13.806729093194008, rates: 0.19327090888254633, loss: 1.3734964653849602, rho: 0.4000000000000001, transmit_actions: 12, P: [0.8125, 0.8125, 0.90625, 0.09375, 0.78125, 0.09375, 0.5, 0.90625, 0.8125, 0.40625, 0.8125, 0.75, 0.09375, 0.46875, 0.53125, 0.59375, 0.75, 0.625, 0.53125, 0.6875]
[TRAIN]: (319/1600): reward: -10.070401161909103, rates: 4.9295988684798315, loss: 1.1782019451260566, rho: 0.4000000000000001, transmit_actions: 13, P: [0.78125, 0.5, 0.125, 0.71875, 0.84375, 0.25, 0.25, 0.21875, 0.53125, 0.5625, 0.90625, 0.09375, 0.5, 0.8125, 0.90625, 0.59375, 0.21875, 0.75, 0.53125, 0.03125]
[TRAIN]: (320/1600): reward: -7.579539999365807, rates: 4.420459844063242, loss: 1.0161591455340386, rho: 0.4000000000000001, transmit_actions: 7, P: [0.5, 0.5625, 0.75, 0.375, 0.40625, 0.96875, 0.5, 0.5, 0.84375, 0.21875, 0.40625, 0.6875, 0.78125, 0.25, 0.84375, 0.125, 0.375, 0.65625, 0.875, 0.625]
[TRAIN]: (321/1600): reward: -12.170043155550957, rates: 3.8299567697018664, loss: 1.2097282163798808, rho: 0.4000000000000001, transmit_actions: 9, P: [0.96875, 0.46875, 0.4375, 0.03125, 0.75, 0.53125, 0.375, 0.15625, 0.78125, 0.90625, 0.5625, 0.5625, 0.96875, 0.375, 0.0, 0.40625, 0.4375, 0.28125, 0.4375, 0.03125]
[TRAIN]: (322/1600): reward: -10.542961865663528, rates: 4.457038018469928, loss: 1.3247891649603845, rho: 0.4000000000000001, transmit_actions: 12, P: [0.5, 0.0625, 0.78125, 0.5, 0.59375, 0.9375, 0.03125, 0.96875, 0.65625, 0.75, 0.71875, 0.1875, 0.5, 0.09375, 0.5625, 1.0, 0.625, 0.71875, 0.90625, 0.0625]
[TRAIN]: (323/1600): reward: -17.54672199487686, rates: 0.4532780120930271, loss: 1.072110439836979, rho: 0.4000000000000001, transmit_actions: 9, P: [0.03125, 0.8125, 0.5625, 0.8125, 0.28125, 1.0, 0.21875, 0.625, 0.15625, 0.84375, 0.15625, 0.75, 0.03125, 0.3125, 0.40625, 0.28125, 0.375, 0.75, 0.1875, 0.03125]
[TRAIN]: (324/1600): reward: 11.113140791654587, rates: 21.11314086405832, loss: 1.2632950007915498, rho: 0.4000000000000001, transmit_actions: 13, P: [0.0625, 0.15625, 0.28125, 0.625, 0.28125, 0.34375, 0.28125, 0.03125, 0.9375, 0.75, 0.75, 0.46875, 0.0625, 0.0, 0.15625, 1.0, 0.9375, 0.3125, 0.15625, 0.15625]
[TRAIN]: (325/1600): reward: -10.194407165050507, rates: 2.805592780208863, loss: 1.1743285000324248, rho: 0.4000000000000001, transmit_actions: 8, P: [0.28125, 0.5, 0.25, 0.9375, 0.46875, 0.28125, 0.0625, 0.6875, 0.6875, 0.8125, 0.90625, 1.0, 0.34375, 0.03125, 0.03125, 0.375, 0.90625, 0.46875, 0.40625, 0.65625]
[TRAIN]: (326/1600): reward: -8.939201168715954, rates: 5.060798860209045, loss: 1.1885985016822815, rho: 0.4000000000000001, transmit_actions: 10, P: [0.4375, 0.625, 0.3125, 0.96875, 0.125, 0.25, 0.625, 0.84375, 0.53125, 0.0625, 0.65625, 0.0625, 0.8125, 0.5625, 0.5625, 0.21875, 0.875, 0.8125, 0.5, 0.5]
[TRAIN]: (327/1600): reward: -10.02617684006691, rates: 5.973823126320904, loss: 1.3340837344527245, rho: 0.4000000000000001, transmit_actions: 9, P: [0.03125, 0.0625, 0.6875, 0.875, 0.28125, 0.21875, 0.09375, 0.34375, 0.3125, 0.3125, 0.5625, 0.15625, 0.6875, 0.96875, 0.0625, 0.8125, 0.5, 0.96875, 0.46875, 0.46875]
[TRAIN]: (328/1600): reward: -3.5391035079956055, rates: 11.460896276640725, loss: 1.1614178195595741, rho: 0.4000000000000001, transmit_actions: 12, P: [0.5, 0.34375, 0.8125, 0.84375, 0.8125, 0.15625, 0.9375, 0.8125, 0.125, 0.4375, 0.875, 0.90625, 0.5, 0.40625, 0.5625, 0.34375, 0.625, 0.34375, 1.0, 0.5625]
[TRAIN]: (329/1600): reward: -14.949389476329088, rates: 0.05061052443461507, loss: 1.0117175176739692, rho: 0.4000000000000001, transmit_actions: 9, P: [0.21875, 0.8125, 0.71875, 0.03125, 0.65625, 0.8125, 0.1875, 0.03125, 0.625, 0.90625, 1.0, 0.5, 0.21875, 1.0, 0.75, 0.5625, 0.9375, 0.28125, 0.59375, 1.0]
[TRAIN]: (330/1600): reward: -5.889833062887192, rates: 9.11016690215666, loss: 1.260666547715664, rho: 0.4000000000000001, transmit_actions: 8, P: [0.0625, 0.0625, 0.0625, 0.09375, 0.96875, 0.84375, 0.40625, 0.6875, 0.25, 0.96875, 0.625, 0.59375, 0.25, 0.78125, 0.40625, 0.46875, 0.40625, 0.15625, 0.0625, 0.1875]
[TRAIN]: (331/1600): reward: -10.510048240423203, rates: 5.489951754748109, loss: 1.123326101154089, rho: 0.4000000000000001, transmit_actions: 13, P: [0.15625, 0.34375, 0.71875, 0.5, 0.65625, 0.71875, 0.15625, 0.71875, 0.71875, 0.46875, 0.71875, 0.8125, 0.78125, 0.90625, 0.75, 0.3125, 0.46875, 0.75, 0.03125, 0.3125]
[TRAIN]: (332/1600): reward: -12.412165328860283, rates: 2.5878346791165945, loss: 1.1848238661885262, rho: 0.4000000000000001, transmit_actions: 12, P: [1.0, 0.53125, 0.34375, 0.5, 0.65625, 0.21875, 0.9375, 0.09375, 0.71875, 0.15625, 0.21875, 0.875, 0.53125, 0.84375, 0.28125, 0.875, 0.5, 0.6875, 0.1875, 0.71875]
[TRAIN]: (333/1600): reward: -13.55478386208415, rates: 1.4452161182104253, loss: 1.4828504770994186, rho: 0.4000000000000001, transmit_actions: 9, P: [0.75, 0.21875, 0.09375, 0.09375, 0.53125, 0.625, 0.71875, 0.25, 0.78125, 0.21875, 0.15625, 0.5, 0.3125, 0.84375, 0.53125, 0.21875, 0.90625, 0.1875, 0.15625, 0.9375]
[TRAIN]: (334/1600): reward: -5.2768701277673244, rates: 5.723129821337453, loss: 1.3388486087322236, rho: 0.4000000000000001, transmit_actions: 11, P: [0.65625, 0.25, 0.65625, 0.46875, 0.125, 0.5, 0.90625, 0.625, 0.84375, 0.03125, 0.4375, 0.21875, 0.6875, 1.0, 0.46875, 0.25, 0.3125, 0.34375, 0.875, 0.21875]
[TRAIN]: (335/1600): reward: -3.0951823592185974, rates: 10.90481777284932, loss: 1.2480269119143486, rho: 0.4000000000000001, transmit_actions: 11, P: [0.0625, 0.34375, 0.71875, 0.40625, 0.53125, 0.4375, 0.0625, 0.0, 0.90625, 0.3125, 0.5625, 0.6875, 0.0625, 1.0, 0.4375, 0.0, 0.34375, 0.9375, 0.65625, 0.78125]
[TRAIN]: (336/1600): reward: -2.8009174168109894, rates: 10.199082337089056, loss: 1.0666768193244933, rho: 0.4000000000000001, transmit_actions: 11, P: [0.53125, 0.5, 0.9375, 0.21875, 0.1875, 0.65625, 0.59375, 0.71875, 0.15625, 0.59375, 0.59375, 0.28125, 0.4375, 0.09375, 0.0625, 0.96875, 0.1875, 0.40625, 0.3125, 0.375]
[TRAIN]: (337/1600): reward: -6.212647929787636, rates: 6.78735223616031, loss: 1.0911777831614018, rho: 0.4000000000000001, transmit_actions: 10, P: [0.25, 0.34375, 0.4375, 0.34375, 0.0625, 0.5, 0.09375, 0.0625, 0.71875, 0.5625, 0.28125, 0.9375, 0.96875, 0.9375, 0.125, 0.59375, 0.5625, 0.0625, 0.9375, 0.96875]
[TRAIN]: (338/1600): reward: -2.739859700202942, rates: 11.260140675221592, loss: 1.1886179998517037, rho: 0.4000000000000001, transmit_actions: 8, P: [0.4375, 0.375, 0.3125, 0.09375, 0.0, 0.5, 0.1875, 0.1875, 0.71875, 0.5625, 0.4375, 0.0, 0.65625, 0.84375, 0.0625, 0.1875, 0.0, 0.90625, 0.0, 0.03125]
[TRAIN]: (339/1600): reward: -15.236802160739899, rates: 0.763197818111126, loss: 1.26661776304245, rho: 0.4000000000000001, transmit_actions: 8, P: [0.34375, 0.53125, 0.96875, 0.46875, 0.4375, 0.78125, 0.90625, 0.59375, 0.46875, 0.59375, 0.0, 0.21875, 0.28125, 0.0, 0.59375, 0.59375, 0.375, 1.0, 0.46875, 0.46875]
[TRAIN]: (340/1600): reward: -13.183651022613049, rates: 0.8163489781268227, loss: 1.2273481473326684, rho: 0.4000000000000001, transmit_actions: 7, P: [0.0625, 0.03125, 0.4375, 0.5, 0.0625, 0.46875, 0.15625, 0.46875, 0.5, 0.28125, 1.0, 0.375, 0.5, 0.84375, 0.875, 0.375, 0.0, 0.53125, 0.5, 0.34375]
[TRAIN]: (341/1600): reward: -15.0, rates: 0, loss: 1.26571643948555, rho: 0.4000000000000001, transmit_actions: 8, P: [0.5, 0.625, 0.71875, 0.71875, 0.6875, 0.84375, 0.40625, 0.40625, 0.3125, 0.96875, 0.59375, 0.34375, 0.84375, 0.3125, 0.21875, 0.75, 0.28125, 0.8125, 0.4375, 0.9375]
[TRAIN]: (342/1600): reward: -3.789008140563965, rates: 11.210991924675591, loss: 1.4563779696822166, rho: 0.4000000000000001, transmit_actions: 11, P: [0.71875, 0.40625, 0.5625, 0.5, 0.6875, 0.65625, 0.5625, 0.59375, 0.875, 0.5625, 0.875, 0.28125, 0.46875, 0.78125, 0.375, 0.1875, 0.65625, 0.28125, 0.875, 0.375]
[TRAIN]: (343/1600): reward: -1.5283380039036274, rates: 11.471662128092676, loss: 1.1511183470487594, rho: 0.4000000000000001, transmit_actions: 13, P: [0.5625, 0.875, 0.96875, 0.75, 0.875, 0.125, 0.0625, 0.375, 0.09375, 0.21875, 0.375, 0.90625, 1.0, 0.78125, 0.40625, 0.125, 0.3125, 0.75, 0.34375, 0.125]
[TRAIN]: (344/1600): reward: -12.710585594177246, rates: 4.2894145534796175, loss: 1.1413924664258956, rho: 0.4000000000000001, transmit_actions: 7, P: [0.28125, 0.625, 1.0, 0.28125, 0.53125, 0.84375, 0.1875, 0.40625, 0.4375, 0.59375, 0.40625, 0.0625, 0.5625, 0.59375, 0.3125, 0.375, 0.9375, 0.21875, 0.34375, 0.375]
[TRAIN]: (345/1600): reward: -12.972708225250244, rates: 5.027292009383675, loss: 1.1318454340100288, rho: 0.4000000000000001, transmit_actions: 7, P: [0.28125, 0.65625, 0.71875, 0.5625, 0.28125, 0.78125, 0.0, 0.75, 0.65625, 0.15625, 0.28125, 0.5625, 0.0, 0.46875, 0.84375, 0.875, 0.78125, 0.1875, 0.65625, 0.1875]
[TRAIN]: (346/1600): reward: -12.189309120178223, rates: 4.810690848719978, loss: 1.382949836552143, rho: 0.4000000000000001, transmit_actions: 11, P: [0.625, 0.9375, 0.71875, 0.5, 0.71875, 0.53125, 0.78125, 0.8125, 0.40625, 0.03125, 0.5625, 0.5625, 0.15625, 0.71875, 0.8125, 0.1875, 0.375, 0.0625, 0.59375, 0.28125]
[TRAIN]: (347/1600): reward: -14.767276465892792, rates: 0.23272354072093643, loss: 1.073512190580368, rho: 0.4000000000000001, transmit_actions: 11, P: [0.46875, 0.46875, 0.03125, 0.40625, 0.09375, 0.71875, 0.21875, 0.125, 0.4375, 0.65625, 0.0, 0.75, 0.375, 0.34375, 0.625, 0.5, 0.65625, 0.59375, 0.5625, 0.90625]
[TRAIN]: (348/1600): reward: -11.04380178451538, rates: 3.9561981140748497, loss: 1.1300322443246842, rho: 0.4000000000000001, transmit_actions: 11, P: [0.8125, 1.0, 0.5, 0.84375, 0.96875, 0.90625, 0.84375, 0.59375, 0.78125, 0.875, 0.59375, 0.09375, 0.875, 0.625, 0.53125, 0.78125, 0.125, 0.5625, 0.96875, 0.40625]
[TRAIN]: (349/1600): reward: -0.6562427282333374, rates: 12.343757404666082, loss: 1.2678317964076995, rho: 0.4000000000000001, transmit_actions: 10, P: [0.625, 0.65625, 0.6875, 0.4375, 0.875, 0.84375, 0.375, 0.8125, 0.5625, 0.65625, 0.34375, 0.28125, 0.03125, 0.84375, 0.96875, 0.375, 0.125, 0.96875, 0.0, 0.53125]
[TRAIN]: (350/1600): reward: 2.4766949713230133, rates: 14.476695286198435, loss: 1.2425690710544586, rho: 0.4000000000000001, transmit_actions: 10, P: [0.03125, 0.59375, 0.46875, 1.0, 0.59375, 0.0625, 0.09375, 0.875, 0.75, 0.5625, 0.5, 0.5, 0.5, 0.125, 0.4375, 0.375, 0.1875, 0.34375, 0.40625, 0.65625]
[TRAIN]: (351/1600): reward: -3.065890446305275, rates: 7.934109418884981, loss: 0.9988601580262184, rho: 0.4000000000000001, transmit_actions: 9, P: [0.90625, 0.96875, 0.96875, 0.21875, 0.1875, 0.34375, 0.1875, 0.96875, 0.09375, 0.75, 0.4375, 0.75, 0.03125, 0.0, 0.53125, 0.71875, 0.71875, 0.84375, 0.03125, 0.625]
[TRAIN]: (352/1600): reward: -13.100709795951843, rates: 0.8992901994573764, loss: 1.0306498184800148, rho: 0.4000000000000001, transmit_actions: 11, P: [0.75, 0.5, 0.96875, 0.09375, 0.84375, 0.46875, 0.5, 0.15625, 0.375, 0.375, 0.34375, 0.875, 0.625, 0.9375, 0.0, 1.0, 0.28125, 0.59375, 0.21875, 0.75]
[TRAIN]: (353/1600): reward: -8.460422396659851, rates: 5.539577571012121, loss: 1.120911678671837, rho: 0.4000000000000001, transmit_actions: 8, P: [0.625, 0.34375, 0.84375, 0.96875, 0.65625, 0.1875, 0.59375, 0.40625, 0.4375, 0.0625, 0.09375, 0.40625, 0.78125, 0.46875, 0.125, 0.1875, 0.375, 0.65625, 1.0, 0.0625]
[TRAIN]: (354/1600): reward: -16.59241682291031, rates: 0.4075831689965269, loss: 1.0846528172492982, rho: 0.4000000000000001, transmit_actions: 9, P: [0.875, 0.59375, 0.8125, 0.5625, 0.0, 0.25, 0.46875, 0.78125, 0.53125, 0.1875, 0.40625, 0.40625, 0.71875, 0.0625, 0.90625, 0.46875, 0.125, 0.84375, 1.0, 0.84375]
[TRAIN]: (355/1600): reward: -16.707502096891403, rates: 0.2924978956424827, loss: 1.1371953770518304, rho: 0.4000000000000001, transmit_actions: 9, P: [0.75, 0.375, 0.71875, 0.8125, 1.0, 0.09375, 0.09375, 0.59375, 0.3125, 0.3125, 0.28125, 0.1875, 0.65625, 0.25, 0.8125, 0.84375, 1.0, 0.71875, 0.5625, 0.96875]
[TRAIN]: (356/1600): reward: -10.394603729248047, rates: 4.605396164273748, loss: 0.9983716547489166, rho: 0.4000000000000001, transmit_actions: 6, P: [0.625, 0.78125, 0.625, 0.625, 0.28125, 0.625, 0.1875, 1.0, 0.0, 0.09375, 0.0625, 0.8125, 0.84375, 0.28125, 0.875, 0.75, 0.5625, 0.75, 0.1875, 0.9375]
[TRAIN]: (357/1600): reward: -3.8436149284243584, rates: 6.156385176635299, loss: 1.1500921174883842, rho: 0.4000000000000001, transmit_actions: 13, P: [0.125, 0.375, 0.125, 0.0625, 0.71875, 0.25, 0.0625, 0.4375, 0.6875, 0.0, 0.3125, 0.96875, 0.8125, 0.0, 0.34375, 0.8125, 0.28125, 0.75, 0.71875, 0.96875]
[TRAIN]: (358/1600): reward: -7.197987347841263, rates: 6.802012417923055, loss: 1.0319477453827859, rho: 0.4000000000000001, transmit_actions: 10, P: [0.875, 0.71875, 0.71875, 0.875, 0.09375, 0.1875, 0.875, 0.25, 0.53125, 0.21875, 0.0625, 0.5, 0.28125, 0.90625, 0.28125, 0.15625, 0.125, 0.4375, 0.25, 0.15625]
[TRAIN]: (359/1600): reward: -7.714664459228516, rates: 5.2853354802738615, loss: 1.2089568674564362, rho: 0.4000000000000001, transmit_actions: 9, P: [0.375, 0.9375, 0.21875, 0.53125, 0.46875, 0.53125, 0.15625, 0.9375, 0.46875, 0.375, 0.96875, 0.40625, 0.71875, 0.71875, 0.5625, 0.84375, 0.0, 0.78125, 0.875, 0.8125]
[TRAIN]: (360/1600): reward: -6.267864473164082, rates: 8.732135307601343, loss: 1.3604364171624184, rho: 0.4000000000000001, transmit_actions: 12, P: [0.4375, 0.65625, 0.625, 0.9375, 1.0, 0.28125, 0.03125, 0.84375, 0.625, 0.40625, 0.84375, 0.71875, 0.90625, 0.40625, 0.96875, 0.25, 0.3125, 0.71875, 0.0625, 0.25]
[TRAIN]: (361/1600): reward: -0.7718926668167114, rates: 10.228107097892835, loss: 1.0284355990588665, rho: 0.4000000000000001, transmit_actions: 10, P: [0.53125, 0.21875, 0.71875, 0.9375, 0.65625, 0.90625, 0.25, 0.90625, 0.25, 0.21875, 0.125, 0.5, 0.8125, 0.375, 0.71875, 0.25, 0.5625, 0.59375, 0.09375, 0.21875]
[TRAIN]: (362/1600): reward: -11.253747463226318, rates: 5.746252489601926, loss: 1.1404010027647018, rho: 0.4000000000000001, transmit_actions: 11, P: [0.3125, 0.625, 0.46875, 0.625, 0.5625, 0.65625, 0.15625, 0.625, 0.46875, 0.4375, 0.1875, 0.625, 0.59375, 0.75, 0.4375, 0.3125, 0.65625, 0.71875, 1.0, 0.1875]
[TRAIN]: (363/1600): reward: -3.70015849173069, rates: 11.299841139091473, loss: 1.05144045650959, rho: 0.4000000000000001, transmit_actions: 8, P: [0.9375, 0.21875, 0.59375, 0.0, 0.0, 0.53125, 0.125, 0.46875, 0.53125, 0.6875, 0.0625, 0.0625, 0.28125, 0.6875, 0.28125, 0.71875, 0.03125, 0.34375, 0.0625, 0.25]
[TRAIN]: (364/1600): reward: -3.596563618630171, rates: 10.40343639227093, loss: 1.1547416277229785, rho: 0.4000000000000001, transmit_actions: 9, P: [0.0625, 0.78125, 0.375, 0.03125, 0.84375, 0.0, 0.0625, 0.25, 0.71875, 0.09375, 0.3125, 0.96875, 0.0, 0.59375, 0.09375, 0.71875, 0.6875, 0.09375, 0.21875, 0.96875]
[TRAIN]: (365/1600): reward: 17.5158327575773, rates: 26.515833061152552, loss: 1.184055319428444, rho: 0.4000000000000001, transmit_actions: 13, P: [0.65625, 0.40625, 0.875, 0.25, 0.15625, 0.8125, 0.09375, 0.03125, 0.84375, 0.90625, 0.09375, 0.09375, 0.8125, 0.15625, 0.46875, 0.5625, 0.09375, 0.3125, 0.09375, 0.03125]
[TRAIN]: (366/1600): reward: 3.5713019371032715, rates: 17.571301988335847, loss: 1.2075301706790924, rho: 0.4000000000000001, transmit_actions: 11, P: [0.53125, 0.25, 0.65625, 0.75, 0.46875, 0.6875, 0.0625, 0.28125, 0.625, 0.9375, 0.875, 0.34375, 0.9375, 0.59375, 0.53125, 0.75, 0.125, 0.8125, 0.65625, 0.625]
[TRAIN]: (367/1600): reward: -0.7432094663381577, rates: 13.256790862957681, loss: 1.1244523257017136, rho: 0.4000000000000001, transmit_actions: 11, P: [0.46875, 0.21875, 0.53125, 0.125, 0.15625, 0.40625, 0.15625, 0.4375, 0.21875, 0.5, 0.0625, 0.21875, 0.59375, 0.625, 0.59375, 0.03125, 0.1875, 0.21875, 0.3125, 0.8125]
[TRAIN]: (368/1600): reward: -13.569986209273338, rates: 0.4300137902486606, loss: 1.4022236481308936, rho: 0.4000000000000001, transmit_actions: 13, P: [0.625, 0.40625, 0.78125, 0.90625, 0.25, 0.25, 0.09375, 0.53125, 1.0, 0.96875, 0.65625, 0.5, 1.0, 0.5, 0.40625, 0.90625, 0.78125, 0.75, 0.90625, 0.21875]
[TRAIN]: (369/1600): reward: -3.868112727999687, rates: 6.131887235686862, loss: 1.2655066147446632, rho: 0.4000000000000001, transmit_actions: 9, P: [0.5625, 0.15625, 0.90625, 0.5, 0.625, 0.03125, 0.875, 0.5625, 0.46875, 0.03125, 0.09375, 0.90625, 0.40625, 0.625, 0.3125, 0.84375, 0.21875, 0.65625, 0.71875, 0.5625]
[TRAIN]: (370/1600): reward: -11.564250886440277, rates: 1.4357491468234498, loss: 1.1202935442328452, rho: 0.4000000000000001, transmit_actions: 10, P: [0.875, 0.96875, 0.9375, 0.40625, 0.4375, 0.84375, 0.15625, 0.84375, 0.75, 0.625, 0.28125, 0.75, 0.125, 0.84375, 0.6875, 0.125, 0.0, 0.8125, 0.75, 0.71875]
[TRAIN]: (371/1600): reward: 3.621121995151043, rates: 15.62112188458027, loss: 1.329448790848255, rho: 0.4000000000000001, transmit_actions: 9, P: [0.6875, 0.78125, 0.125, 1.0, 0.6875, 0.90625, 0.375, 0.75, 0.125, 0.65625, 0.875, 0.8125, 0.65625, 0.625, 0.09375, 0.5, 0.03125, 0.28125, 0.5, 0.15625]
[TRAIN]: (372/1600): reward: -1.373174324631691, rates: 10.626825575074864, loss: 1.0232107177376748, rho: 0.4000000000000001, transmit_actions: 10, P: [0.28125, 0.40625, 0.9375, 0.71875, 0.75, 0.21875, 0.65625, 0.15625, 0.84375, 0.4375, 0.3125, 0.625, 0.59375, 0.3125, 0.65625, 0.9375, 0.84375, 0.46875, 0.125, 0.21875]
[TRAIN]: (373/1600): reward: -13.318936824798584, rates: 0.6810631482802001, loss: 1.3018183171749116, rho: 0.4000000000000001, transmit_actions: 14, P: [0.375, 0.03125, 0.4375, 0.96875, 0.40625, 0.90625, 0.3125, 0.0625, 0.5, 0.15625, 0.96875, 0.5625, 0.34375, 0.5625, 0.96875, 0.6875, 0.75, 0.15625, 0.625, 0.0]
[TRAIN]: (374/1600): reward: -5.036083668470383, rates: 8.963916161589179, loss: 1.1144257128238677, rho: 0.4000000000000001, transmit_actions: 8, P: [0.1875, 0.90625, 0.03125, 0.71875, 0.15625, 0.25, 0.875, 0.84375, 0.34375, 0.875, 0.21875, 0.46875, 0.4375, 1.0, 0.03125, 0.71875, 0.34375, 0.8125, 0.4375, 0.375]
[TRAIN]: (375/1600): reward: -11.593713909387589, rates: 0.4062861010050072, loss: 0.9513916812837124, rho: 0.4000000000000001, transmit_actions: 6, P: [0.34375, 0.90625, 0.84375, 0.1875, 0.0, 0.40625, 0.71875, 0.71875, 0.75, 0.5625, 0.28125, 0.71875, 0.0, 0.375, 0.53125, 0.03125, 0.90625, 0.71875, 0.9375, 0.09375]
[TRAIN]: (376/1600): reward: -6.343694686889648, rates: 8.656305251982866, loss: 0.9505230233073234, rho: 0.4000000000000001, transmit_actions: 10, P: [0.90625, 0.34375, 0.0625, 0.84375, 0.25, 0.90625, 0.03125, 0.375, 0.75, 0.375, 0.78125, 0.78125, 0.15625, 0.0625, 0.71875, 0.1875, 0.3125, 0.46875, 0.9375, 0.59375]
[TRAIN]: (377/1600): reward: -2.550534248352051, rates: 7.4494658241037275, loss: 1.3604034259915352, rho: 0.4000000000000001, transmit_actions: 9, P: [0.46875, 0.375, 0.125, 0.28125, 0.59375, 0.0, 0.0, 0.46875, 0.9375, 0.9375, 0.75, 0.59375, 0.0625, 0.8125, 0.34375, 0.5, 0.09375, 0.84375, 0.96875, 0.375]
[TRAIN]: (378/1600): reward: -5.05988335609436, rates: 6.940116741416457, loss: 1.2468478202819824, rho: 0.4000000000000001, transmit_actions: 7, P: [0.15625, 0.40625, 0.34375, 0.09375, 1.0, 0.34375, 0.375, 0.53125, 0.53125, 0.625, 0.625, 0.0, 0.90625, 0.25, 0.9375, 0.96875, 0.0625, 0.125, 0.4375, 0.03125]
[TRAIN]: (379/1600): reward: -2.9723880290985107, rates: 10.027611955889139, loss: 1.1570031240582466, rho: 0.4000000000000001, transmit_actions: 9, P: [0.6875, 0.84375, 0.5625, 0.53125, 0.28125, 0.59375, 0.53125, 0.25, 0.96875, 0.8125, 0.1875, 0.6875, 0.90625, 0.46875, 0.40625, 0.0625, 0.8125, 0.71875, 0.6875, 0.9375]
[TRAIN]: (380/1600): reward: 4.6139914989471436, rates: 16.61399153656419, loss: 1.19619622528553, rho: 0.4000000000000001, transmit_actions: 12, P: [0.46875, 0.84375, 0.375, 0.15625, 0.5625, 0.28125, 0.375, 0.875, 0.5, 0.9375, 0.625, 0.09375, 0.53125, 0.0625, 0.96875, 0.21875, 0.78125, 0.21875, 0.84375, 0.96875]
[TRAIN]: (381/1600): reward: -9.589948654174805, rates: 5.410051238140526, loss: 1.176924955844879, rho: 0.4000000000000001, transmit_actions: 9, P: [0.03125, 0.40625, 0.625, 0.25, 0.96875, 1.0, 0.03125, 0.90625, 0.15625, 0.5625, 0.6875, 0.5, 0.71875, 0.6875, 0.25, 0.65625, 0.1875, 0.1875, 0.84375, 0.71875]
[TRAIN]: (382/1600): reward: -4.599301859736443, rates: 10.40069776493009, loss: 1.239813894033432, rho: 0.4000000000000001, transmit_actions: 11, P: [0.0, 0.5, 0.59375, 0.09375, 0.84375, 0.375, 0.25, 0.5625, 0.3125, 0.9375, 0.75, 0.4375, 0.5625, 0.46875, 0.59375, 0.5625, 0.25, 0.125, 0.71875, 0.875]
[TRAIN]: (383/1600): reward: -6.295949280261993, rates: 6.704050523986291, loss: 1.0482661217451095, rho: 0.4000000000000001, transmit_actions: 8, P: [0.09375, 0.46875, 0.25, 0.96875, 0.78125, 0.78125, 0.28125, 0.875, 0.5625, 0.78125, 0.84375, 0.90625, 0.875, 0.21875, 0.65625, 0.3125, 0.34375, 0.125, 0.28125, 0.96875]
[TRAIN]: (384/1600): reward: -12.457180060446262, rates: 0.542819945726654, loss: 1.0559171259403228, rho: 0.4000000000000001, transmit_actions: 13, P: [0.96875, 0.71875, 0.03125, 0.625, 0.78125, 0.8125, 0.625, 0.875, 0.0625, 0.125, 0.59375, 0.375, 0.46875, 0.03125, 0.5625, 0.875, 0.375, 0.78125, 0.9375, 0.5625]
[TRAIN]: (385/1600): reward: -12.935718953609467, rates: 3.0642809747211888, loss: 1.029585000872612, rho: 0.4000000000000001, transmit_actions: 15, P: [0.78125, 0.28125, 0.25, 0.90625, 0.46875, 0.4375, 0.375, 0.65625, 0.40625, 0.09375, 0.53125, 0.4375, 0.09375, 0.53125, 0.71875, 1.0, 0.78125, 0.75, 0.5, 0.9375]
[TRAIN]: (386/1600): reward: -3.9947327077388763, rates: 6.005267454040438, loss: 1.339292947947979, rho: 0.4000000000000001, transmit_actions: 9, P: [0.9375, 0.46875, 0.96875, 0.4375, 0.5, 0.53125, 0.625, 0.875, 0.75, 0.21875, 0.375, 0.0, 0.1875, 0.8125, 0.96875, 0.28125, 0.625, 0.8125, 0.5, 0.9375]
[TRAIN]: (387/1600): reward: -9.188589796423912, rates: 4.811410300650249, loss: 1.0141847550868988, rho: 0.4000000000000001, transmit_actions: 11, P: [0.0, 0.09375, 0.375, 0.9375, 0.65625, 0.28125, 0.5, 0.4375, 0.75, 0.4375, 0.96875, 0.21875, 0.9375, 0.46875, 0.40625, 0.1875, 0.25, 0.9375, 0.59375, 0.0625]
[TRAIN]: (388/1600): reward: -7.547088146209717, rates: 4.452912081035282, loss: 1.269239890575409, rho: 0.4000000000000001, transmit_actions: 10, P: [0.40625, 0.9375, 0.875, 0.25, 0.65625, 0.0, 0.96875, 0.0, 0.65625, 0.9375, 0.1875, 0.84375, 0.84375, 0.6875, 0.40625, 0.40625, 0.3125, 0.875, 0.96875, 0.21875]
[TRAIN]: (389/1600): reward: -16.377611994743347, rates: 0.6223880182998405, loss: 1.2651662245392798, rho: 0.4000000000000001, transmit_actions: 12, P: [0.59375, 0.3125, 0.5, 0.96875, 0.4375, 0.78125, 0.15625, 0.25, 0.25, 0.28125, 0.4375, 0.0, 0.5625, 0.3125, 0.625, 0.3125, 0.5625, 0.75, 0.65625, 0.78125]
[TRAIN]: (390/1600): reward: -7.895911566913128, rates: 6.104088657370356, loss: 1.2313305661082268, rho: 0.4000000000000001, transmit_actions: 10, P: [0.53125, 0.53125, 0.34375, 0.46875, 0.96875, 0.4375, 0.0625, 0.71875, 0.28125, 0.6875, 0.28125, 0.46875, 0.15625, 0.21875, 0.6875, 0.125, 0.375, 0.59375, 0.84375, 0.15625]
[TRAIN]: (391/1600): reward: -1.3415002822875977, rates: 11.658499666232053, loss: 1.1724894896149636, rho: 0.4000000000000001, transmit_actions: 13, P: [0.09375, 0.84375, 0.375, 1.0, 0.6875, 0.28125, 0.09375, 0.5625, 0.34375, 0.09375, 0.625, 0.53125, 0.65625, 0.15625, 0.25, 0.625, 0.0625, 0.34375, 0.78125, 0.59375]
[TRAIN]: (392/1600): reward: -17.0, rates: 0, loss: 1.126677668094635, rho: 0.4000000000000001, transmit_actions: 10, P: [0.21875, 0.875, 0.09375, 0.59375, 0.90625, 0.21875, 0.78125, 0.125, 0.5625, 0.34375, 0.96875, 0.96875, 0.90625, 0.84375, 0.03125, 0.59375, 0.5, 0.6875, 0.40625, 0.125]
[TRAIN]: (393/1600): reward: -11.700384259223938, rates: 5.299615815017673, loss: 1.3210449129343034, rho: 0.4000000000000001, transmit_actions: 9, P: [0.15625, 0.53125, 0.0625, 0.75, 0.75, 0.65625, 0.5625, 0.34375, 0.78125, 0.59375, 0.96875, 0.71875, 0.40625, 0.9375, 0.375, 1.0, 0.15625, 0.90625, 1.0, 0.59375]
[TRAIN]: (394/1600): reward: -4.915778338909149, rates: 8.08422150922316, loss: 1.3755364269018173, rho: 0.4000000000000001, transmit_actions: 8, P: [0.9375, 0.1875, 0.1875, 0.53125, 0.625, 1.0, 0.875, 0.78125, 0.09375, 0.34375, 0.28125, 0.15625, 0.5625, 0.6875, 0.59375, 0.25, 0.28125, 0.53125, 0.5, 0.5625]
[TRAIN]: (395/1600): reward: -3.421535164117813, rates: 10.578464807210395, loss: 1.1999383687973022, rho: 0.4000000000000001, transmit_actions: 11, P: [0.78125, 1.0, 0.625, 0.9375, 0.9375, 0.46875, 0.46875, 0.5, 0.1875, 0.78125, 0.5625, 0.625, 0.21875, 0.84375, 0.1875, 0.5, 0.40625, 0.8125, 0.375, 0.90625]
[TRAIN]: (396/1600): reward: -13.540197499096394, rates: 0.459802513110342, loss: 1.217220628261566, rho: 0.4000000000000001, transmit_actions: 10, P: [0.34375, 0.28125, 0.375, 0.0625, 0.96875, 1.0, 0.5625, 0.21875, 0.65625, 0.0625, 0.8125, 0.9375, 0.84375, 0.5, 0.0625, 0.6875, 0.78125, 0.3125, 0.84375, 0.75]
[TRAIN]: (397/1600): reward: -2.741118907928467, rates: 10.258880836426723, loss: 1.4174653321504593, rho: 0.4000000000000001, transmit_actions: 13, P: [0.03125, 0.875, 0.59375, 0.96875, 0.75, 0.96875, 0.53125, 0.9375, 0.84375, 0.875, 0.84375, 0.875, 0.4375, 0.34375, 0.28125, 0.9375, 0.40625, 0.0625, 0.375, 0.0]
[TRAIN]: (398/1600): reward: -10.471200540661812, rates: 4.528799251779226, loss: 1.0193596631288528, rho: 0.4000000000000001, transmit_actions: 11, P: [0.0625, 0.03125, 0.34375, 0.71875, 0.375, 0.625, 0.0625, 0.71875, 0.8125, 1.0, 0.15625, 0.71875, 0.59375, 0.1875, 0.84375, 0.09375, 0.125, 0.8125, 0.90625, 0.0625]
[TRAIN]: (399/1600): reward: -16.0, rates: 0, loss: 1.3739534720778466, rho: 0.4000000000000001, transmit_actions: 10, P: [0.25, 0.0, 0.40625, 0.375, 0.75, 0.78125, 0.96875, 0.34375, 0.0625, 0.25, 0.9375, 1.0, 0.6875, 0.875, 0.25, 0.78125, 0.875, 0.71875, 0.125, 0.90625]
[TRAIN]: (400/1600): reward: 3.6136095970869064, rates: 14.613609301720949, loss: 1.1430742532014846, rho: 0.4000000000000001, transmit_actions: 8, P: [0.90625, 0.03125, 0.21875, 0.90625, 0.875, 0.78125, 0.125, 0.9375, 0.25, 0.0625, 0.3125, 0.90625, 0.21875, 0.59375, 0.09375, 0.28125, 0.53125, 0.75, 0.40625, 0.4375]
[TRAIN]: (401/1600): reward: -13.53433084487915, rates: 0.4656691598156086, loss: 1.1544535472989081, rho: 0.4000000000000001, transmit_actions: 8, P: [0.53125, 0.75, 0.75, 0.78125, 0.46875, 0.34375, 0.65625, 0.65625, 0.65625, 0.8125, 0.78125, 0.0, 1.0, 0.4375, 0.625, 0.4375, 0.90625, 0.0625, 0.875, 0.28125]
[TRAIN]: (402/1600): reward: -4.633837670087814, rates: 9.366162370188771, loss: 1.0211059361696244, rho: 0.4000000000000001, transmit_actions: 11, P: [0.46875, 0.40625, 0.5625, 0.21875, 0.15625, 0.78125, 0.3125, 0.53125, 0.84375, 0.34375, 0.5625, 0.4375, 0.125, 0.03125, 0.0, 0.375, 0.625, 0.28125, 0.28125, 0.375]
[TRAIN]: (403/1600): reward: 6.006715536117554, rates: 18.006715659825257, loss: 1.090021660923958, rho: 0.4000000000000001, transmit_actions: 10, P: [0.40625, 0.375, 0.96875, 0.90625, 0.59375, 0.78125, 0.53125, 0.34375, 0.84375, 0.21875, 0.09375, 0.9375, 1.0, 0.125, 0.1875, 0.15625, 0.4375, 0.0625, 0.03125, 0.84375]
[TRAIN]: (404/1600): reward: -8.231934443116188, rates: 5.768065670914926, loss: 0.9750810630619526, rho: 0.4000000000000001, transmit_actions: 12, P: [0.78125, 0.0625, 0.25, 0.28125, 0.34375, 0.84375, 0.375, 0.9375, 0.53125, 1.0, 0.34375, 0.46875, 0.9375, 0.84375, 0.71875, 0.96875, 0.09375, 0.375, 0.5, 0.9375]
[TRAIN]: (405/1600): reward: -5.897581942379475, rates: 7.102418187680608, loss: 1.3609167709946632, rho: 0.4000000000000001, transmit_actions: 12, P: [1.0, 0.25, 0.71875, 0.4375, 0.875, 0.125, 0.96875, 0.46875, 0.5625, 0.375, 0.84375, 0.71875, 0.28125, 0.1875, 0.0, 0.125, 0.40625, 0.3125, 0.71875, 0.1875]
[TRAIN]: (406/1600): reward: -4.414312727749348, rates: 7.585687134373121, loss: 1.3198476701974868, rho: 0.4000000000000001, transmit_actions: 12, P: [1.0, 0.5625, 0.5, 0.46875, 0.84375, 0.21875, 0.15625, 0.15625, 0.0625, 0.0, 0.4375, 0.59375, 0.5, 0.21875, 0.0, 0.09375, 0.8125, 1.0, 0.1875, 0.5625]
[TRAIN]: (407/1600): reward: -5.739324524998665, rates: 10.260675397022592, loss: 1.2364559948444367, rho: 0.4000000000000001, transmit_actions: 11, P: [0.03125, 0.03125, 0.21875, 0.5, 0.28125, 0.09375, 0.25, 0.25, 0.84375, 0.25, 0.9375, 0.15625, 0.6875, 0.3125, 0.8125, 0.21875, 0.84375, 0.375, 0.15625, 0.65625]
[TRAIN]: (408/1600): reward: -3.7306095361709595, rates: 10.269390291618047, loss: 1.2686576783657073, rho: 0.4000000000000001, transmit_actions: 13, P: [0.1875, 0.21875, 0.375, 0.4375, 0.71875, 0.09375, 0.65625, 0.28125, 0.5, 0.90625, 0.75, 0.375, 0.0, 0.84375, 0.4375, 0.96875, 0.0625, 0.59375, 0.5, 0.125]
[TRAIN]: (409/1600): reward: -7.71810607612133, rates: 5.281894128402394, loss: 1.1860342055559159, rho: 0.4000000000000001, transmit_actions: 11, P: [0.78125, 0.96875, 0.78125, 0.21875, 0.53125, 0.40625, 0.78125, 0.15625, 0.71875, 0.6875, 0.1875, 0.4375, 0.4375, 0.21875, 0.5, 0.0, 0.21875, 0.4375, 0.8125, 0.625]
[TRAIN]: (410/1600): reward: -0.7908657193183899, rates: 10.209133897311476, loss: 1.3407705768942833, rho: 0.4000000000000001, transmit_actions: 13, P: [0.5, 0.1875, 0.9375, 0.90625, 0.9375, 0.09375, 0.65625, 0.0625, 0.125, 0.625, 0.40625, 0.09375, 0.9375, 0.0625, 0.09375, 0.96875, 1.0, 0.09375, 0.0625, 0.75]
[TRAIN]: (411/1600): reward: -3.0695548690855503, rates: 10.930445001056441, loss: 1.3080614417791367, rho: 0.4000000000000001, transmit_actions: 14, P: [0.15625, 0.53125, 0.46875, 0.96875, 0.4375, 0.4375, 0.125, 0.875, 0.78125, 0.75, 0.9375, 0.3125, 0.625, 0.375, 0.03125, 0.40625, 0.5, 0.625, 0.625, 0.5]
[TRAIN]: (412/1600): reward: -1.7102982997894287, rates: 12.289701730829773, loss: 1.023825143277645, rho: 0.4000000000000001, transmit_actions: 13, P: [0.8125, 0.0, 0.6875, 0.40625, 0.40625, 0.59375, 0.8125, 0.96875, 0.21875, 0.1875, 0.09375, 0.78125, 0.53125, 0.875, 0.15625, 0.8125, 0.6875, 0.78125, 0.375, 0.5625]
[TRAIN]: (413/1600): reward: -12.905748650431633, rates: 0.09425135025316751, loss: 0.988484239578247, rho: 0.4000000000000001, transmit_actions: 7, P: [0.03125, 0.0625, 0.28125, 0.0, 0.90625, 0.125, 0.875, 0.625, 0.9375, 0.53125, 0.0, 0.625, 0.34375, 0.5625, 1.0, 0.1875, 0.375, 0.15625, 0.9375, 0.03125]
[TRAIN]: (414/1600): reward: -4.300940111279488, rates: 6.699059843835354, loss: 1.1892464622855186, rho: 0.4000000000000001, transmit_actions: 7, P: [0.78125, 0.78125, 0.4375, 0.6875, 0.53125, 0.15625, 1.0, 0.1875, 0.3125, 0.375, 0.8125, 0.46875, 0.71875, 0.71875, 0.3125, 0.0, 0.53125, 1.0, 0.1875, 0.03125]
[TRAIN]: (415/1600): reward: -11.294242143630981, rates: 4.7057579631408935, loss: 1.1508018046617507, rho: 0.4000000000000001, transmit_actions: 9, P: [0.28125, 0.4375, 1.0, 0.625, 0.71875, 0.6875, 0.65625, 0.40625, 0.75, 0.90625, 0.1875, 0.625, 0.0625, 0.65625, 0.25, 0.34375, 0.125, 0.125, 0.59375, 0.375]
[TRAIN]: (416/1600): reward: 0.4695710688829422, rates: 12.469571208395871, loss: 1.2585941687226296, rho: 0.4000000000000001, transmit_actions: 9, P: [0.84375, 0.9375, 0.0625, 0.875, 0.59375, 0.4375, 0.1875, 1.0, 0.03125, 0.46875, 0.1875, 0.5625, 0.5, 0.1875, 0.8125, 0.5625, 0.53125, 0.125, 0.0, 0.4375]
[TRAIN]: (417/1600): reward: -14.756970312446356, rates: 0.2430296854842755, loss: 1.0690907269716263, rho: 0.4000000000000001, transmit_actions: 10, P: [0.625, 0.03125, 0.78125, 0.125, 0.375, 0.75, 0.09375, 0.5625, 0.40625, 0.0, 0.0, 0.78125, 0.625, 0.5625, 0.40625, 0.625, 0.28125, 0.6875, 0.75, 0.25]
[TRAIN]: (418/1600): reward: -1.4052537977695465, rates: 11.5947464136126, loss: 0.9978918015956879, rho: 0.4000000000000001, transmit_actions: 8, P: [0.78125, 0.40625, 0.3125, 0.40625, 0.71875, 0.96875, 0.28125, 0.09375, 0.75, 0.46875, 0.375, 0.4375, 0.96875, 0.53125, 0.28125, 0.125, 0.28125, 0.0625, 0.65625, 0.625]
[TRAIN]: (419/1600): reward: -3.5283723697066307, rates: 10.47162792491947, loss: 0.9502150125801563, rho: 0.4000000000000001, transmit_actions: 11, P: [0.71875, 0.1875, 0.53125, 0.875, 0.90625, 0.03125, 0.78125, 0.09375, 0.0, 0.46875, 0.5625, 0.09375, 0.59375, 0.625, 0.71875, 0.78125, 0.71875, 0.28125, 0.78125, 0.21875]
[TRAIN]: (420/1600): reward: 0.28386233001947403, rates: 15.283862312980453, loss: 1.084892100840807, rho: 0.4000000000000001, transmit_actions: 11, P: [0.78125, 0.40625, 0.03125, 0.6875, 0.125, 0.59375, 0.3125, 0.53125, 0.6875, 0.34375, 0.625, 0.59375, 0.21875, 0.34375, 0.625, 0.5, 0.53125, 0.0625, 0.25, 0.0625]
[TRAIN]: (421/1600): reward: 1.133991003036499, rates: 14.133991148779224, loss: 1.010329431295395, rho: 0.4000000000000001, transmit_actions: 11, P: [0.78125, 0.5625, 0.34375, 0.3125, 0.6875, 0.71875, 0.34375, 0.875, 0.375, 0.3125, 0.0, 0.0625, 0.78125, 0.5625, 0.75, 0.875, 0.71875, 0.375, 0.28125, 0.53125]
[TRAIN]: (422/1600): reward: -13.461951807141304, rates: 0.5380481844125995, loss: 1.1168898284435271, rho: 0.4000000000000001, transmit_actions: 9, P: [0.8125, 0.84375, 0.59375, 0.40625, 0.1875, 0.8125, 0.96875, 0.53125, 0.90625, 0.59375, 0.15625, 0.65625, 0.3125, 0.09375, 0.84375, 0.84375, 0.5625, 0.53125, 0.28125, 0.3125]
[TRAIN]: (423/1600): reward: 8.095322370529175, rates: 21.095322427803247, loss: 1.0799939140677453, rho: 0.4000000000000001, transmit_actions: 14, P: [0.90625, 0.71875, 0.8125, 1.0, 0.1875, 0.28125, 0.65625, 0.03125, 0.71875, 0.875, 0.34375, 0.03125, 0.34375, 0.21875, 0.125, 0.3125, 0.71875, 0.25, 0.90625, 0.0625]
[TRAIN]: (424/1600): reward: -9.416841506958008, rates: 4.583158393117129, loss: 1.2122233599424361, rho: 0.4000000000000001, transmit_actions: 11, P: [0.96875, 0.125, 0.09375, 0.6875, 0.71875, 0.21875, 0.34375, 0.78125, 0.84375, 0.53125, 0.34375, 1.0, 0.90625, 0.09375, 0.0, 0.875, 0.34375, 0.40625, 0.53125, 0.78125]
[TRAIN]: (425/1600): reward: -4.969053640961647, rates: 6.0309464087961056, loss: 1.2437656447291374, rho: 0.4000000000000001, transmit_actions: 9, P: [0.75, 0.5, 0.5625, 0.1875, 0.21875, 0.0625, 0.09375, 0.875, 0.3125, 0.875, 0.625, 0.0, 0.96875, 0.15625, 0.53125, 0.3125, 0.25, 0.625, 0.84375, 0.34375]
[TRAIN]: (426/1600): reward: -14.0, rates: 0, loss: 1.248274165391922, rho: 0.4000000000000001, transmit_actions: 5, P: [0.84375, 0.65625, 0.75, 0.78125, 0.21875, 0.0, 0.71875, 1.0, 0.8125, 0.0625, 0.875, 0.9375, 0.75, 0.96875, 0.65625, 0.84375, 0.46875, 0.21875, 0.0, 0.8125]
[TRAIN]: (427/1600): reward: 12.229007676243782, rates: 22.22900769225674, loss: 1.315628531575203, rho: 0.4000000000000001, transmit_actions: 10, P: [0.625, 0.40625, 0.78125, 0.5625, 0.28125, 0.71875, 0.65625, 0.3125, 0.9375, 0.03125, 0.28125, 0.28125, 0.09375, 0.65625, 0.125, 0.15625, 0.34375, 0.875, 0.03125, 0.65625]
[TRAIN]: (428/1600): reward: 3.5237436294555664, rates: 13.523743849265111, loss: 1.1324625089764595, rho: 0.4000000000000001, transmit_actions: 8, P: [0.125, 0.8125, 0.0, 0.96875, 0.90625, 0.46875, 0.28125, 0.78125, 0.3125, 0.3125, 0.4375, 0.15625, 0.6875, 0.09375, 0.46875, 0.0625, 0.375, 0.84375, 0.6875, 0.6875]
[TRAIN]: (429/1600): reward: 14.27940320968628, rates: 25.279403114682665, loss: 1.1992130726575851, rho: 0.4000000000000001, transmit_actions: 16, P: [0.34375, 0.5625, 0.46875, 0.0, 0.6875, 0.46875, 0.0, 0.5625, 0.0, 0.53125, 0.53125, 0.3125, 0.90625, 0.25, 1.0, 0.5625, 0.5, 0.5625, 0.53125, 0.03125]
[TRAIN]: (430/1600): reward: -5.258297443389893, rates: 8.741702552697387, loss: 0.9071003392338752, rho: 0.4000000000000001, transmit_actions: 9, P: [0.9375, 0.65625, 0.46875, 0.6875, 0.96875, 0.75, 0.75, 0.90625, 0.34375, 0.625, 0.5, 1.0, 0.1875, 0.625, 0.65625, 0.9375, 0.25, 0.8125, 0.125, 0.28125]
[TRAIN]: (431/1600): reward: -7.515359178185463, rates: 6.484640877578056, loss: 1.2521374434232713, rho: 0.4000000000000001, transmit_actions: 8, P: [0.78125, 0.5, 0.84375, 0.71875, 0.25, 0.4375, 0.46875, 0.46875, 0.1875, 0.28125, 0.28125, 0.1875, 0.4375, 0.46875, 0.53125, 0.5625, 0.46875, 0.09375, 0.875, 0.65625]
[TRAIN]: (432/1600): reward: -1.5524413585662842, rates: 11.447558517481228, loss: 0.9436770774424076, rho: 0.4000000000000001, transmit_actions: 10, P: [0.75, 0.96875, 0.96875, 0.5, 0.0625, 0.84375, 0.21875, 0.9375, 0.125, 0.375, 0.5625, 0.90625, 0.90625, 0.875, 0.5625, 0.15625, 0.3125, 0.5, 0.4375, 0.75]
[TRAIN]: (433/1600): reward: -15.888328082859516, rates: 0.11167191366772611, loss: 1.3130612313747405, rho: 0.4000000000000001, transmit_actions: 12, P: [0.21875, 0.65625, 0.59375, 0.09375, 0.75, 0.96875, 0.0, 0.6875, 0.3125, 0.5625, 0.375, 0.3125, 0.25, 0.59375, 0.0, 0.21875, 0.96875, 0.75, 0.6875, 0.78125]
[TRAIN]: (434/1600): reward: 1.5122214555740356, rates: 13.512221509825407, loss: 0.9272900283336639, rho: 0.4000000000000001, transmit_actions: 13, P: [0.8125, 0.1875, 0.75, 0.90625, 0.9375, 0.90625, 0.21875, 0.3125, 0.75, 0.75, 0.53125, 0.96875, 0.0, 0.0625, 0.90625, 0.15625, 0.09375, 0.125, 0.53125, 1.0]
[TRAIN]: (435/1600): reward: -8.013954915106297, rates: 5.986045225308679, loss: 1.3632426738739014, rho: 0.4000000000000001, transmit_actions: 12, P: [0.0625, 0.625, 0.78125, 0.125, 0.34375, 0.5, 0.90625, 0.34375, 0.8125, 1.0, 0.71875, 0.78125, 0.5, 0.6875, 0.34375, 0.46875, 0.25, 0.375, 0.1875, 0.90625]
[TRAIN]: (436/1600): reward: -10.00797986984253, rates: 4.99202020340114, loss: 0.8604037865996361, rho: 0.4000000000000001, transmit_actions: 11, P: [0.125, 0.40625, 0.71875, 0.5625, 0.34375, 0.9375, 0.5, 0.71875, 0.15625, 0.75, 0.78125, 0.78125, 0.0, 0.5, 0.9375, 0.1875, 0.375, 0.4375, 0.28125, 0.0]
[TRAIN]: (437/1600): reward: -16.754650607705116, rates: 0.2453493972778249, loss: 1.3000155940651894, rho: 0.4000000000000001, transmit_actions: 14, P: [0.09375, 0.90625, 0.65625, 0.71875, 0.78125, 0.15625, 0.375, 0.8125, 0.3125, 1.0, 0.875, 0.125, 0.84375, 0.96875, 0.46875, 0.53125, 0.4375, 0.5, 0.25, 0.5]
[TRAIN]: (438/1600): reward: -3.0412645637989044, rates: 11.958735496740132, loss: 1.1451512664556502, rho: 0.4000000000000001, transmit_actions: 14, P: [0.28125, 0.625, 0.65625, 0.125, 0.75, 0.28125, 0.3125, 0.71875, 0.0625, 0.28125, 0.8125, 0.1875, 1.0, 0.21875, 1.0, 0.25, 0.3125, 0.375, 0.5625, 0.53125]
[TRAIN]: (439/1600): reward: -15.51725897192955, rates: 0.48274101444082873, loss: 0.9988286606967449, rho: 0.4000000000000001, transmit_actions: 11, P: [0.40625, 0.28125, 0.4375, 0.25, 0.84375, 0.40625, 0.9375, 0.84375, 0.78125, 0.21875, 0.46875, 0.21875, 0.90625, 0.4375, 0.25, 0.1875, 0.84375, 0.53125, 0.0, 0.96875]
[TRAIN]: (440/1600): reward: 5.139535762369633, rates: 17.139535395879967, loss: 1.281775763630867, rho: 0.4000000000000001, transmit_actions: 11, P: [0.125, 0.53125, 0.1875, 0.21875, 0.375, 0.28125, 0.625, 0.875, 0.46875, 0.125, 0.75, 0.34375, 0.71875, 0.65625, 0.125, 0.34375, 0.78125, 0.21875, 0.28125, 0.59375]
[TRAIN]: (441/1600): reward: 7.110076606273651, rates: 19.11007642465798, loss: 1.2621225908398628, rho: 0.4000000000000001, transmit_actions: 11, P: [0.4375, 0.5, 0.25, 0.25, 0.15625, 0.9375, 0.53125, 0.46875, 0.9375, 0.25, 0.6875, 0.375, 0.78125, 0.0625, 0.96875, 0.09375, 0.5, 0.15625, 0.125, 0.28125]
[TRAIN]: (442/1600): reward: 10.653766624629498, rates: 22.65376681081023, loss: 1.0937987700104714, rho: 0.4000000000000001, transmit_actions: 13, P: [0.46875, 0.53125, 0.25, 0.71875, 0.21875, 0.03125, 0.78125, 0.8125, 0.59375, 0.65625, 0.375, 0.21875, 0.28125, 0.40625, 0.1875, 0.8125, 0.28125, 0.28125, 0.25, 0.5625]
[TRAIN]: (443/1600): reward: -13.60946199297905, rates: 4.390537825881484, loss: 1.3054009526968002, rho: 0.4000000000000001, transmit_actions: 10, P: [0.0625, 0.71875, 0.34375, 0.6875, 0.375, 0.5625, 0.78125, 0.34375, 0.09375, 0.34375, 0.625, 0.78125, 0.4375, 0.78125, 0.5625, 0.375, 0.09375, 0.75, 0.15625, 0.59375]
[TRAIN]: (444/1600): reward: -8.144078254699707, rates: 5.855921624587652, loss: 1.303591474890709, rho: 0.4000000000000001, transmit_actions: 10, P: [0.125, 0.40625, 0.84375, 0.4375, 0.5, 0.5, 0.34375, 0.8125, 0.5625, 0.75, 0.625, 0.34375, 0.75, 0.25, 0.1875, 0.78125, 0.3125, 0.625, 0.59375, 0.0]
[TRAIN]: (445/1600): reward: -16.865462630987167, rates: 0.13453736889237566, loss: 1.2850287064909935, rho: 0.4000000000000001, transmit_actions: 8, P: [0.53125, 0.65625, 0.6875, 0.25, 0.125, 0.09375, 0.8125, 0.5625, 0.5, 0.78125, 0.25, 0.8125, 0.09375, 0.875, 0.96875, 0.46875, 0.9375, 0.34375, 0.78125, 0.9375]
[TRAIN]: (446/1600): reward: -4.475279189646244, rates: 8.524720625298546, loss: 1.3706171035766601, rho: 0.4000000000000001, transmit_actions: 13, P: [0.15625, 0.65625, 0.34375, 0.59375, 0.0625, 0.0625, 0.09375, 0.5, 0.53125, 0.8125, 0.3125, 0.0625, 0.53125, 0.34375, 0.0, 0.03125, 0.53125, 0.84375, 0.53125, 0.40625]
[TRAIN]: (447/1600): reward: 1.010161381214857, rates: 13.010161585120718, loss: 1.3614041924476623, rho: 0.4000000000000001, transmit_actions: 8, P: [0.59375, 0.9375, 0.15625, 0.15625, 0.03125, 0.25, 0.03125, 0.09375, 0.03125, 0.0, 0.375, 0.25, 0.46875, 0.46875, 0.4375, 0.5, 0.96875, 0.28125, 0.5, 0.96875]
[TRAIN]: (448/1600): reward: 7.372658025473356, rates: 18.372658276022506, loss: 1.0411649227142334, rho: 0.4000000000000001, transmit_actions: 8, P: [0.1875, 0.0, 0.4375, 0.53125, 0.75, 0.3125, 0.25, 0.125, 0.3125, 0.34375, 0.59375, 0.15625, 0.28125, 0.75, 0.1875, 0.84375, 0.1875, 0.03125, 0.59375, 0.09375]
[TRAIN]: (449/1600): reward: 12.28346562385559, rates: 20.283465642803932, loss: 1.063335071504116, rho: 0.4000000000000001, transmit_actions: 11, P: [0.09375, 0.375, 0.59375, 0.9375, 0.9375, 0.5, 0.71875, 0.84375, 0.78125, 0.375, 0.03125, 0.8125, 1.0, 0.1875, 0.625, 0.9375, 0.28125, 0.84375, 0.28125, 0.4375]
[TRAIN]: (450/1600): reward: -11.187005519866943, rates: 4.812994632493385, loss: 1.3650158017873764, rho: 0.4000000000000001, transmit_actions: 10, P: [0.25, 0.28125, 0.15625, 0.9375, 0.5625, 0.4375, 1.0, 0.71875, 0.21875, 0.25, 0.15625, 0.28125, 0.03125, 0.59375, 0.125, 0.71875, 1.0, 0.03125, 0.78125, 0.8125]
[TRAIN]: (451/1600): reward: -7.503270328044891, rates: 5.4967297547426694, loss: 1.1822180956602097, rho: 0.4000000000000001, transmit_actions: 6, P: [0.125, 0.375, 0.53125, 0.0625, 0.84375, 0.75, 0.9375, 1.0, 0.09375, 0.0, 0.09375, 0.78125, 0.0, 0.8125, 0.8125, 0.53125, 0.34375, 0.5625, 0.15625, 0.1875]
[TRAIN]: (452/1600): reward: -4.0234270468354225, rates: 5.976572901872557, loss: 1.224883422255516, rho: 0.4000000000000001, transmit_actions: 12, P: [0.25, 0.75, 0.5625, 0.875, 0.125, 0.90625, 0.90625, 0.28125, 0.625, 1.0, 0.4375, 0.09375, 0.5, 0.0, 0.34375, 0.84375, 0.375, 0.65625, 1.0, 0.46875]
[TRAIN]: (453/1600): reward: 0.08927623927593231, rates: 12.089275878261352, loss: 1.402056948840618, rho: 0.4000000000000001, transmit_actions: 15, P: [0.53125, 0.46875, 0.0625, 0.5, 0.625, 0.0625, 0.40625, 0.5, 0.5, 0.96875, 0.90625, 0.375, 0.90625, 0.5625, 0.84375, 1.0, 0.78125, 0.59375, 0.625, 0.375]
[TRAIN]: (454/1600): reward: -1.460285760462284, rates: 11.539714363565164, loss: 1.437766644358635, rho: 0.4000000000000001, transmit_actions: 9, P: [0.21875, 0.21875, 0.90625, 0.78125, 0.625, 0.09375, 0.96875, 0.375, 0.09375, 0.96875, 0.40625, 0.5625, 0.0, 0.0, 0.1875, 0.59375, 0.34375, 0.375, 0.28125, 0.40625]
[TRAIN]: (455/1600): reward: -2.2685531675815582, rates: 11.731446883229346, loss: 1.4577373713254929, rho: 0.4000000000000001, transmit_actions: 15, P: [0.5, 0.1875, 0.1875, 0.71875, 0.75, 0.5625, 0.5, 0.3125, 0.1875, 1.0, 0.25, 0.96875, 0.8125, 0.625, 0.28125, 0.96875, 0.25, 0.4375, 0.71875, 0.9375]
[TRAIN]: (456/1600): reward: 8.122504442930222, rates: 19.12250454951385, loss: 1.143893514573574, rho: 0.4000000000000001, transmit_actions: 11, P: [0.0, 0.03125, 0.78125, 0.65625, 0.6875, 0.21875, 0.65625, 0.40625, 0.625, 0.03125, 0.5, 0.4375, 0.15625, 0.28125, 0.875, 0.53125, 0.0625, 1.0, 0.21875, 0.15625]
[TRAIN]: (457/1600): reward: -2.153083935379982, rates: 10.846916210385043, loss: 1.1383286774158479, rho: 0.4000000000000001, transmit_actions: 12, P: [0.75, 0.40625, 0.59375, 0.09375, 0.6875, 0.03125, 0.90625, 1.0, 0.21875, 0.875, 0.15625, 0.09375, 0.21875, 0.625, 0.5, 0.6875, 0.6875, 0.0, 1.0, 0.5625]
[TRAIN]: (458/1600): reward: -6.495961979031563, rates: 6.504037956485732, loss: 1.3108333960175513, rho: 0.4000000000000001, transmit_actions: 11, P: [0.46875, 0.09375, 0.59375, 0.46875, 0.84375, 0.09375, 0.78125, 0.15625, 0.5, 0.3125, 0.09375, 0.96875, 0.40625, 0.46875, 0.46875, 0.78125, 0.375, 0.28125, 0.0625, 0.96875]
[TRAIN]: (459/1600): reward: -14.250615358352661, rates: 0.7493846363796903, loss: 1.0923543199896812, rho: 0.4000000000000001, transmit_actions: 12, P: [0.6875, 0.84375, 0.75, 0.65625, 0.84375, 0.75, 0.5625, 0.65625, 0.625, 0.21875, 0.96875, 0.53125, 0.59375, 0.3125, 0.9375, 0.65625, 0.40625, 0.8125, 0.6875, 0.09375]
[TRAIN]: (460/1600): reward: -5.304964303970337, rates: 8.69503565266807, loss: 1.2736495718359948, rho: 0.4000000000000001, transmit_actions: 11, P: [0.53125, 0.28125, 0.3125, 0.96875, 0.3125, 0.1875, 0.59375, 0.71875, 0.1875, 0.25, 0.34375, 0.40625, 0.5625, 0.1875, 0.46875, 0.59375, 0.625, 0.375, 0.46875, 0.0]
[TRAIN]: (461/1600): reward: -14.917310789227486, rates: 0.0826892075407, loss: 1.3372054442763328, rho: 0.4000000000000001, transmit_actions: 7, P: [0.3125, 0.3125, 0.84375, 0.21875, 0.9375, 0.4375, 0.875, 0.5, 0.40625, 0.625, 0.9375, 0.5625, 0.34375, 0.1875, 0.0625, 0.3125, 0.65625, 0.4375, 0.75, 0.90625]
[TRAIN]: (462/1600): reward: -12.715146541595459, rates: 4.2848535527511125, loss: 1.26763157248497, rho: 0.4000000000000001, transmit_actions: 9, P: [0.59375, 0.78125, 0.9375, 0.5, 0.96875, 0.0625, 0.25, 0.1875, 0.71875, 0.4375, 0.40625, 1.0, 0.625, 0.6875, 0.6875, 0.6875, 0.03125, 0.46875, 0.125, 0.78125]
[TRAIN]: (463/1600): reward: -0.9663308598101139, rates: 11.033669110753868, loss: 1.205240586400032, rho: 0.4000000000000001, transmit_actions: 10, P: [0.21875, 0.1875, 0.0, 0.09375, 0.21875, 0.90625, 0.84375, 0.28125, 0.78125, 1.0, 1.0, 0.25, 0.1875, 0.1875, 0.90625, 0.1875, 0.0625, 0.25, 0.125, 0.96875]
[TRAIN]: (464/1600): reward: -4.7072062492370605, rates: 9.292793996282253, loss: 1.304842908680439, rho: 0.4000000000000001, transmit_actions: 12, P: [0.40625, 0.96875, 0.34375, 0.65625, 0.46875, 0.875, 0.8125, 0.65625, 0.3125, 0.71875, 0.9375, 0.8125, 0.40625, 0.0625, 0.375, 0.875, 0.0625, 0.125, 0.46875, 0.75]
[TRAIN]: (465/1600): reward: -2.609445571899414, rates: 11.390554489296207, loss: 1.0401591941714288, rho: 0.4000000000000001, transmit_actions: 12, P: [0.03125, 0.65625, 0.71875, 0.4375, 0.96875, 0.53125, 0.375, 0.53125, 0.90625, 0.46875, 0.1875, 0.09375, 0.0625, 0.15625, 0.5625, 0.0, 0.90625, 0.625, 0.6875, 0.96875]
[TRAIN]: (466/1600): reward: 6.085245251655579, rates: 18.085245274494284, loss: 1.3520206272602082, rho: 0.4000000000000001, transmit_actions: 11, P: [0.5625, 0.15625, 0.90625, 0.5625, 0.15625, 0.5, 0.5, 0.625, 0.5, 0.5625, 0.90625, 0.03125, 1.0, 0.1875, 0.09375, 0.78125, 0.78125, 0.0625, 0.5625, 0.125]
[TRAIN]: (467/1600): reward: -0.6578383445739746, rates: 14.342161699206972, loss: 1.1930515810847282, rho: 0.4000000000000001, transmit_actions: 12, P: [0.09375, 0.5, 0.15625, 0.8125, 0.96875, 0.625, 0.46875, 0.5625, 0.4375, 0.96875, 0.34375, 0.6875, 0.40625, 0.125, 0.0625, 0.84375, 0.28125, 0.53125, 0.8125, 0.40625]
[TRAIN]: (468/1600): reward: -3.0146566182374954, rates: 10.98534332868189, loss: 1.136177623271942, rho: 0.4000000000000001, transmit_actions: 11, P: [0.4375, 0.59375, 0.03125, 0.3125, 0.21875, 0.875, 0.375, 0.59375, 0.84375, 0.96875, 0.71875, 0.65625, 0.0, 0.15625, 0.0, 0.78125, 0.6875, 0.53125, 0.21875, 0.15625]
[TRAIN]: (469/1600): reward: -11.947057694196701, rates: 1.052942271276489, loss: 1.401996871829033, rho: 0.4000000000000001, transmit_actions: 9, P: [0.09375, 0.875, 0.0625, 0.53125, 0.84375, 0.875, 0.8125, 0.09375, 0.15625, 0.625, 0.46875, 0.53125, 0.65625, 0.78125, 0.65625, 0.09375, 0.90625, 0.53125, 0.5625, 0.71875]
[TRAIN]: (470/1600): reward: -5.869725674390793, rates: 6.130274375779727, loss: 1.3763523697853088, rho: 0.4000000000000001, transmit_actions: 9, P: [0.78125, 0.6875, 0.34375, 0.3125, 0.09375, 0.03125, 0.65625, 0.9375, 0.03125, 0.84375, 0.96875, 0.59375, 0.5, 0.125, 0.9375, 0.59375, 0.8125, 0.75, 0.0, 0.3125]
[TRAIN]: (471/1600): reward: -9.799219854176044, rates: 4.20078025867389, loss: 1.4793252915143966, rho: 0.4000000000000001, transmit_actions: 12, P: [0.875, 0.3125, 0.625, 0.78125, 0.5, 0.15625, 0.375, 0.5, 0.875, 0.46875, 0.5625, 0.53125, 0.0, 0.53125, 0.875, 0.03125, 0.875, 0.375, 0.25, 0.375]
[TRAIN]: (472/1600): reward: -5.419245779514313, rates: 9.580754383048937, loss: 1.3994119107723235, rho: 0.4000000000000001, transmit_actions: 7, P: [0.59375, 0.09375, 0.625, 0.21875, 0.125, 0.40625, 0.90625, 0.4375, 0.0, 0.78125, 0.0, 0.5, 0.3125, 0.15625, 0.3125, 0.34375, 0.21875, 0.3125, 0.03125, 0.375]
[TRAIN]: (473/1600): reward: -7.421730220317841, rates: 5.57826965428593, loss: 1.2847222596406938, rho: 0.4000000000000001, transmit_actions: 9, P: [0.8125, 0.0, 0.78125, 0.0, 0.90625, 0.5625, 0.125, 0.4375, 0.0, 0.40625, 0.34375, 0.34375, 0.46875, 0.21875, 0.90625, 1.0, 0.03125, 0.40625, 0.75, 0.75]
[TRAIN]: (474/1600): reward: -16.0, rates: 0.0, loss: 1.2999745190143586, rho: 0.4000000000000001, transmit_actions: 11, P: [0.0, 0.8125, 1.0, 0.5, 0.0, 0.1875, 0.25, 0.875, 0.59375, 0.59375, 0.125, 0.25, 0.25, 0.90625, 0.84375, 0.3125, 0.625, 0.34375, 0.9375, 0.40625]
[TRAIN]: (475/1600): reward: -11.405635237693787, rates: 0.5943647690082184, loss: 1.0966078594326973, rho: 0.4000000000000001, transmit_actions: 9, P: [0.03125, 0.65625, 0.5625, 0.4375, 1.0, 0.03125, 0.25, 0.46875, 0.53125, 0.8125, 0.8125, 0.8125, 0.65625, 0.40625, 0.8125, 0.75, 0.625, 0.625, 0.71875, 0.375]
[TRAIN]: (476/1600): reward: -7.8857302367687225, rates: 6.1142696480119, loss: 1.4435894906520843, rho: 0.4000000000000001, transmit_actions: 8, P: [0.65625, 0.59375, 0.84375, 0.71875, 0.875, 0.03125, 0.09375, 0.0, 0.84375, 0.75, 0.5, 0.21875, 0.5, 0.6875, 0.53125, 0.59375, 0.375, 0.1875, 0.4375, 0.75]
[TRAIN]: (477/1600): reward: -1.8655767440795898, rates: 11.134423393001606, loss: 1.4800957396626473, rho: 0.4000000000000001, transmit_actions: 9, P: [0.53125, 0.8125, 0.625, 0.9375, 0.75, 0.15625, 0.1875, 0.53125, 0.46875, 0.34375, 0.28125, 0.90625, 0.6875, 0.34375, 0.96875, 0.0625, 0.25, 0.625, 0.09375, 0.625]
[TRAIN]: (478/1600): reward: -13.610278263688087, rates: 2.389721634084602, loss: 1.1221533924341203, rho: 0.4000000000000001, transmit_actions: 6, P: [0.6875, 0.65625, 0.34375, 0.46875, 0.28125, 0.8125, 0.21875, 0.15625, 0.75, 0.8125, 0.59375, 0.75, 0.3125, 0.84375, 0.1875, 0.84375, 0.46875, 0.25, 0.34375, 0.6875]
[TRAIN]: (479/1600): reward: -10.80903346836567, rates: 4.1909665663396245, loss: 1.2349395990371703, rho: 0.4000000000000001, transmit_actions: 13, P: [0.90625, 0.65625, 0.0, 0.21875, 0.0625, 1.0, 0.4375, 0.53125, 0.875, 0.4375, 0.6875, 0.09375, 0.875, 0.5625, 0.6875, 0.5, 0.875, 0.0625, 0.25, 0.8125]
[TRAIN]: (480/1600): reward: -5.899258308112621, rates: 8.100741714792367, loss: 1.2978623241186142, rho: 0.4000000000000001, transmit_actions: 9, P: [0.8125, 0.09375, 0.03125, 0.375, 0.28125, 0.0625, 0.53125, 0.03125, 0.4375, 0.0625, 0.8125, 0.8125, 0.09375, 0.0625, 0.5, 0.5, 0.71875, 0.5625, 0.75, 0.0]
[TRAIN]: (481/1600): reward: -9.93541145324707, rates: 5.064588349739586, loss: 1.170728662610054, rho: 0.4000000000000001, transmit_actions: 9, P: [0.53125, 0.03125, 1.0, 0.0, 0.9375, 0.8125, 0.71875, 0.90625, 0.71875, 0.5625, 0.4375, 0.5, 0.8125, 0.4375, 0.59375, 0.4375, 0.34375, 0.65625, 0.125, 0.0]
[TRAIN]: (482/1600): reward: -3.864085476845503, rates: 9.135914548570561, loss: 1.240693947672844, rho: 0.4000000000000001, transmit_actions: 11, P: [0.28125, 0.875, 0.90625, 0.46875, 0.09375, 0.65625, 0.53125, 0.0, 0.25, 0.90625, 0.15625, 0.8125, 0.28125, 0.25, 1.0, 0.15625, 0.78125, 0.0625, 0.875, 0.875]
[TRAIN]: (483/1600): reward: 3.1932244151830673, rates: 15.193224692297562, loss: 1.2929129153490067, rho: 0.4000000000000001, transmit_actions: 8, P: [0.34375, 0.5, 0.8125, 0.8125, 0.625, 0.40625, 0.1875, 0.75, 0.125, 1.0, 0.40625, 0.28125, 0.21875, 0.1875, 0.1875, 0.9375, 0.5625, 0.65625, 0.9375, 0.25]
[TRAIN]: (484/1600): reward: -2.4914013147354126, rates: 11.508598452125998, loss: 1.1240457132458688, rho: 0.4000000000000001, transmit_actions: 11, P: [0.15625, 0.625, 0.78125, 0.90625, 0.28125, 0.1875, 0.6875, 1.0, 0.90625, 0.03125, 1.0, 0.25, 0.34375, 0.3125, 0.0, 0.34375, 0.78125, 0.46875, 0.15625, 0.46875]
[TRAIN]: (485/1600): reward: 5.469255208969116, rates: 16.469255191519345, loss: 1.1591936275362968, rho: 0.4000000000000001, transmit_actions: 10, P: [0.03125, 0.03125, 0.28125, 0.0, 0.25, 0.6875, 0.375, 0.90625, 0.21875, 0.875, 0.25, 0.53125, 1.0, 0.28125, 0.96875, 0.28125, 0.1875, 0.5, 0.46875, 0.75]
[TRAIN]: (486/1600): reward: -14.35652270913124, rates: 0.6434772910632462, loss: 1.680636864900589, rho: 0.4000000000000001, transmit_actions: 11, P: [0.9375, 0.3125, 1.0, 0.40625, 0.09375, 0.21875, 0.65625, 0.96875, 0.4375, 0.125, 0.5625, 0.6875, 0.78125, 0.59375, 0.0625, 0.625, 0.84375, 0.75, 0.46875, 0.40625]
[TRAIN]: (487/1600): reward: -9.447528421878815, rates: 6.552471595793786, loss: 1.0986634641885757, rho: 0.4000000000000001, transmit_actions: 11, P: [0.46875, 0.125, 0.8125, 0.59375, 0.4375, 0.90625, 0.78125, 0.25, 0.8125, 0.5625, 0.34375, 0.6875, 0.875, 0.25, 0.78125, 0.46875, 0.34375, 0.53125, 0.75, 0.625]
[TRAIN]: (488/1600): reward: -10.121865384280682, rates: 4.878134414214347, loss: 1.2744495153427124, rho: 0.4000000000000001, transmit_actions: 11, P: [0.125, 0.75, 0.59375, 0.03125, 0.53125, 0.375, 0.625, 0.03125, 0.8125, 0.15625, 0.4375, 0.6875, 0.0, 0.84375, 0.0625, 0.75, 0.0, 0.0, 0.5, 0.1875]
[TRAIN]: (489/1600): reward: -2.763750545680523, rates: 9.236249403942576, loss: 1.2267485439777375, rho: 0.4000000000000001, transmit_actions: 13, P: [0.09375, 0.1875, 0.21875, 0.84375, 0.375, 0.5, 0.125, 0.8125, 0.125, 0.3125, 0.9375, 0.0, 0.84375, 0.03125, 0.3125, 0.8125, 0.03125, 0.03125, 0.84375, 0.5]
[TRAIN]: (490/1600): reward: -6.588742598891258, rates: 6.411257574651094, loss: 1.2528234645724297, rho: 0.4000000000000001, transmit_actions: 8, P: [0.125, 0.90625, 0.21875, 0.8125, 0.625, 0.9375, 0.375, 0.71875, 0.0, 0.21875, 0.0, 0.375, 0.25, 0.1875, 0.59375, 0.1875, 0.59375, 0.84375, 0.03125, 1.0]
[TRAIN]: (491/1600): reward: -3.7929699644446373, rates: 11.207029878086946, loss: 1.0522654786705972, rho: 0.4000000000000001, transmit_actions: 11, P: [0.40625, 0.125, 0.3125, 0.59375, 0.84375, 0.0, 0.25, 0.84375, 0.75, 0.0625, 0.5, 0.75, 0.53125, 0.53125, 0.28125, 0.21875, 0.1875, 0.625, 0.9375, 0.9375]
[TRAIN]: (492/1600): reward: -6.388688385486603, rates: 6.611311581634421, loss: 1.128983974456787, rho: 0.4000000000000001, transmit_actions: 11, P: [0.90625, 0.84375, 0.84375, 0.15625, 0.53125, 0.875, 0.28125, 0.25, 0.5, 0.0625, 0.375, 0.71875, 0.59375, 0.5625, 0.84375, 0.71875, 0.0, 0.25, 0.90625, 0.0]
[TRAIN]: (493/1600): reward: -4.455644065514207, rates: 10.544355785079945, loss: 1.4694618165493012, rho: 0.4000000000000001, transmit_actions: 12, P: [0.84375, 0.96875, 0.0625, 0.625, 0.96875, 0.3125, 0.625, 0.4375, 0.21875, 0.03125, 0.28125, 0.25, 0.78125, 0.625, 0.1875, 0.6875, 0.25, 0.5, 0.25, 0.5]
[TRAIN]: (494/1600): reward: 5.95587682723999, rates: 17.955877021590062, loss: 1.2573322102427482, rho: 0.4000000000000001, transmit_actions: 9, P: [0.625, 0.15625, 0.625, 0.9375, 0.1875, 0.46875, 0.09375, 0.3125, 0.25, 0.40625, 0.28125, 0.375, 0.0625, 0.9375, 0.21875, 0.96875, 0.90625, 0.375, 0.3125, 0.90625]
[TRAIN]: (495/1600): reward: 9.340789198875427, rates: 21.34078918265131, loss: 1.2048070833086968, rho: 0.4000000000000001, transmit_actions: 12, P: [0.84375, 0.21875, 0.65625, 0.21875, 0.84375, 0.90625, 0.59375, 0.84375, 0.03125, 0.5, 0.78125, 0.21875, 0.8125, 0.21875, 0.3125, 0.0625, 0.65625, 0.375, 0.5, 0.34375]
[TRAIN]: (496/1600): reward: -17.0, rates: 0, loss: 1.1578096821904182, rho: 0.4000000000000001, transmit_actions: 12, P: [0.5, 0.875, 0.96875, 1.0, 0.625, 0.28125, 0.78125, 0.90625, 0.5, 0.34375, 0.40625, 0.8125, 0.1875, 0.78125, 0.5625, 0.5625, 0.34375, 0.46875, 0.34375, 0.28125]
[TRAIN]: (497/1600): reward: 5.088956415653229, rates: 19.088956468887588, loss: 1.2149774983525277, rho: 0.4000000000000001, transmit_actions: 10, P: [0.9375, 0.40625, 0.28125, 0.0625, 0.09375, 0.5625, 0.625, 0.65625, 0.71875, 0.875, 0.78125, 0.09375, 0.28125, 0.625, 0.0625, 0.875, 0.09375, 0.03125, 0.78125, 0.28125]
[TRAIN]: (498/1600): reward: -13.820056781172752, rates: 0.17994321462193932, loss: 1.3787042275071144, rho: 0.4000000000000001, transmit_actions: 9, P: [0.46875, 0.09375, 0.5625, 0.78125, 0.0625, 0.84375, 0.84375, 0.65625, 0.125, 0.5, 0.46875, 0.59375, 0.9375, 0.40625, 0.875, 0.84375, 0.6875, 0.28125, 0.8125, 0.59375]
[TRAIN]: (499/1600): reward: -8.761972546577454, rates: 6.238027515989317, loss: 1.1580729886889458, rho: 0.4000000000000001, transmit_actions: 8, P: [0.3125, 0.0, 0.5, 0.875, 0.25, 0.625, 0.59375, 0.1875, 0.15625, 0.53125, 0.59375, 0.25, 0.53125, 0.375, 0.5, 0.3125, 0.3125, 0.84375, 0.84375, 0.34375]
[TRAIN]: (500/1600): reward: 2.357492446899414, rates: 17.357492765642352, loss: 1.3240317344665526, rho: 0.4000000000000001, transmit_actions: 5, P: [0.53125, 0.53125, 0.84375, 0.5625, 0.6875, 0.46875, 0.8125, 0.3125, 0.59375, 0.375, 0.34375, 0.5, 0.21875, 0.46875, 0.4375, 0.1875, 0.21875, 0.125, 0.375, 0.75]
[TRAIN]: (501/1600): reward: -4.876601491123438, rates: 8.123398448218218, loss: 1.366396763920784, rho: 0.4000000000000001, transmit_actions: 11, P: [0.09375, 0.40625, 0.25, 0.875, 0.3125, 0.03125, 0.875, 0.0625, 0.59375, 0.96875, 0.25, 0.21875, 0.125, 0.34375, 0.3125, 1.0, 0.40625, 0.0625, 0.15625, 0.0]
[TRAIN]: (502/1600): reward: -6.369013212621212, rates: 6.630986958219371, loss: 1.3147563934326172, rho: 0.4000000000000001, transmit_actions: 11, P: [0.875, 0.25, 0.65625, 0.78125, 0.1875, 0.75, 0.4375, 1.0, 0.78125, 0.15625, 0.25, 0.8125, 0.6875, 0.625, 0.96875, 0.0625, 0.625, 0.0, 0.6875, 0.03125]
[TRAIN]: (503/1600): reward: -2.8433820120990276, rates: 9.156618116548923, loss: 1.209254428744316, rho: 0.4000000000000001, transmit_actions: 12, P: [0.625, 0.28125, 0.03125, 0.25, 1.0, 0.5625, 0.28125, 0.4375, 0.875, 0.21875, 0.75, 0.125, 0.15625, 0.21875, 0.28125, 0.4375, 0.3125, 0.125, 0.75, 0.71875]
[TRAIN]: (504/1600): reward: 1.1425899416208267, rates: 13.142589949000913, loss: 1.0784757271409036, rho: 0.4000000000000001, transmit_actions: 14, P: [0.21875, 0.40625, 0.125, 0.34375, 0.40625, 0.1875, 0.90625, 0.46875, 0.59375, 0.0625, 0.65625, 0.84375, 0.59375, 0.09375, 0.78125, 0.71875, 0.125, 0.125, 0.8125, 0.09375]
[TRAIN]: (505/1600): reward: -13.250216528773308, rates: 0.7497834996842561, loss: 1.2704348266124725, rho: 0.4000000000000001, transmit_actions: 13, P: [0.0625, 0.53125, 0.09375, 0.59375, 0.125, 0.40625, 1.0, 0.5, 0.4375, 0.5625, 0.28125, 1.0, 0.8125, 0.0, 1.0, 0.65625, 0.9375, 0.5625, 0.3125, 0.46875]
[TRAIN]: (506/1600): reward: 8.069207295775414, rates: 16.06920728430858, loss: 1.4058347806334495, rho: 0.4000000000000001, transmit_actions: 14, P: [0.3125, 0.59375, 0.0, 0.3125, 0.0625, 0.125, 0.0625, 0.375, 0.125, 0.1875, 0.59375, 0.0, 0.125, 0.90625, 0.15625, 0.03125, 0.96875, 0.34375, 0.1875, 0.75]
[TRAIN]: (507/1600): reward: 10.146043973043561, rates: 18.14604391456572, loss: 1.1221686199307441, rho: 0.4000000000000001, transmit_actions: 10, P: [0.5625, 0.03125, 0.9375, 0.0, 0.0625, 0.75, 0.125, 0.34375, 0.84375, 0.5, 0.5, 0.0625, 0.53125, 0.34375, 0.9375, 0.03125, 0.78125, 0.78125, 0.03125, 0.1875]
[TRAIN]: (508/1600): reward: 8.113369524478912, rates: 18.113369859097187, loss: 1.4203002527356148, rho: 0.4000000000000001, transmit_actions: 13, P: [0.375, 0.28125, 0.28125, 0.9375, 0.375, 0.125, 0.96875, 0.3125, 0.0, 0.125, 0.8125, 0.8125, 0.875, 0.59375, 0.15625, 0.125, 0.09375, 0.0625, 0.6875, 0.125]
[TRAIN]: (509/1600): reward: 4.3601155281066895, rates: 17.36011560835061, loss: 1.237654733657837, rho: 0.4000000000000001, transmit_actions: 12, P: [0.09375, 0.65625, 0.625, 0.25, 0.8125, 0.09375, 0.34375, 0.53125, 0.40625, 0.96875, 0.125, 0.40625, 0.75, 0.90625, 0.84375, 0.625, 0.125, 0.15625, 1.0, 0.0625]
[TRAIN]: (510/1600): reward: 7.046715348958969, rates: 19.046715035061535, loss: 1.2041865229606628, rho: 0.4000000000000001, transmit_actions: 16, P: [0.25, 0.0, 0.125, 0.75, 0.59375, 0.40625, 0.75, 0.09375, 0.125, 0.71875, 0.9375, 0.125, 0.53125, 1.0, 0.03125, 0.125, 0.125, 0.125, 0.125, 0.96875]
[TRAIN]: (511/1600): reward: 23.713400438427925, rates: 29.713399963643162, loss: 1.445665366947651, rho: 0.4000000000000001, transmit_actions: 13, P: [0.15625, 0.28125, 0.09375, 0.0625, 0.0625, 0.0, 0.0625, 0.9375, 0.875, 0.875, 0.0625, 0.40625, 0.0, 0.1875, 0.15625, 0.09375, 0.5, 0.125, 0.875, 0.125]
[TRAIN]: (512/1600): reward: 15.89680505450815, rates: 25.89680479856129, loss: 1.1301810190081596, rho: 0.4000000000000001, transmit_actions: 15, P: [0.40625, 0.8125, 0.125, 0.0625, 0.46875, 0.1875, 0.0625, 0.25, 0.96875, 0.25, 0.4375, 0.71875, 0.15625, 0.0625, 0.3125, 0.625, 0.125, 0.09375, 0.46875, 0.78125]
[TRAIN]: (513/1600): reward: 23.156861640512943, rates: 32.156861589673646, loss: 1.417096059024334, rho: 0.4000000000000001, transmit_actions: 13, P: [0.09375, 0.65625, 0.5, 1.0, 0.375, 0.875, 0.0625, 0.6875, 0.125, 0.90625, 0.09375, 0.6875, 0.75, 0.125, 0.34375, 0.25, 0.15625, 0.5, 0.15625, 0.3125]
[TRAIN]: (514/1600): reward: 8.92837537266314, rates: 16.92837490173843, loss: 1.3798684552311897, rho: 0.4000000000000001, transmit_actions: 11, P: [0.09375, 0.5625, 0.0625, 0.375, 0.28125, 0.96875, 0.0625, 0.125, 0.78125, 0.875, 0.34375, 0.59375, 0.625, 0.96875, 0.46875, 0.15625, 0.15625, 0.84375, 0.03125, 0.6875]
[TRAIN]: (515/1600): reward: 10.388584315776825, rates: 19.388583800257074, loss: 1.5495205581188203, rho: 0.4000000000000001, transmit_actions: 14, P: [0.8125, 0.21875, 0.125, 0.5, 0.125, 0.03125, 1.0, 0.125, 0.21875, 0.15625, 0.09375, 0.125, 0.96875, 0.8125, 0.125, 0.46875, 0.625, 0.1875, 0.125, 0.96875]
[TRAIN]: (516/1600): reward: 18.664190262556076, rates: 29.664190132393763, loss: 1.5872137427330018, rho: 0.4000000000000001, transmit_actions: 15, P: [0.09375, 0.53125, 0.84375, 0.59375, 0.9375, 0.34375, 0.9375, 0.53125, 0.78125, 0.5625, 0.28125, 0.15625, 0.59375, 0.15625, 0.21875, 0.5625, 0.03125, 0.34375, 0.46875, 0.125]
[TRAIN]: (517/1600): reward: 17.51631337404251, rates: 27.51631304934028, loss: 1.2541447445750236, rho: 0.4000000000000001, transmit_actions: 17, P: [0.09375, 0.125, 0.125, 0.53125, 0.15625, 0.4375, 0.53125, 0.125, 0.6875, 0.5625, 0.1875, 0.125, 0.65625, 0.40625, 0.09375, 0.125, 0.15625, 0.71875, 0.15625, 0.15625]
[TRAIN]: (518/1600): reward: 12.542693801224232, rates: 22.542693907787175, loss: 1.1769297301769257, rho: 0.4000000000000001, transmit_actions: 18, P: [0.09375, 0.46875, 0.15625, 0.6875, 0.1875, 0.84375, 0.59375, 0.125, 0.0625, 0.09375, 0.15625, 0.28125, 0.5, 0.03125, 0.75, 0.15625, 0.71875, 0.34375, 0.125, 0.15625]
[TRAIN]: (519/1600): reward: 14.444771870970726, rates: 26.444771608832053, loss: 1.1366285517811776, rho: 0.4000000000000001, transmit_actions: 15, P: [0.09375, 0.71875, 0.28125, 0.625, 0.75, 0.65625, 0.09375, 0.59375, 0.125, 0.28125, 0.125, 0.75, 0.0625, 0.125, 0.21875, 0.15625, 0.0625, 0.875, 0.15625, 0.28125]
[TRAIN]: (520/1600): reward: 21.424209935590625, rates: 28.424209678097345, loss: 1.347643420100212, rho: 0.4000000000000001, transmit_actions: 16, P: [0.09375, 0.90625, 0.125, 0.9375, 0.15625, 0.15625, 0.125, 0.0625, 0.125, 0.78125, 0.84375, 0.15625, 0.8125, 0.125, 0.5, 0.09375, 0.0, 0.15625, 0.125, 0.09375]
[TRAIN]: (521/1600): reward: 19.72360648214817, rates: 30.72360651740014, loss: 1.0248810410499574, rho: 0.4000000000000001, transmit_actions: 14, P: [0.09375, 0.125, 0.15625, 0.28125, 1.0, 0.5625, 0.125, 0.59375, 0.09375, 0.375, 0.46875, 0.15625, 0.125, 0.15625, 0.15625, 0.125, 0.09375, 0.59375, 0.15625, 0.15625]
[TRAIN]: (522/1600): reward: 25.662182949483395, rates: 31.662182523876577, loss: 1.2932453364133836, rho: 0.4000000000000001, transmit_actions: 15, P: [1.0, 0.15625, 0.125, 0.125, 0.0625, 0.125, 0.125, 0.75, 0.1875, 0.3125, 0.125, 0.21875, 0.71875, 0.125, 0.15625, 0.96875, 0.15625, 0.84375, 0.625, 0.125]
[TRAIN]: (523/1600): reward: 8.775387316942215, rates: 17.775387143969095, loss: 1.2540970906615256, rho: 0.4000000000000001, transmit_actions: 15, P: [0.09375, 0.125, 1.0, 0.125, 0.84375, 0.625, 0.0625, 0.65625, 0.75, 0.5, 0.125, 0.0, 0.0, 0.15625, 0.75, 0.125, 0.5625, 0.96875, 1.0, 0.125]
[TRAIN]: (524/1600): reward: 23.023427890613675, rates: 30.023427477274353, loss: 1.284917737543583, rho: 0.4000000000000001, transmit_actions: 16, P: [0.96875, 0.28125, 0.34375, 0.125, 0.125, 0.125, 0.09375, 0.15625, 0.15625, 0.65625, 0.125, 0.0625, 0.125, 0.15625, 1.0, 0.6875, 0.46875, 0.15625, 0.125, 0.375]
[TRAIN]: (525/1600): reward: 30.3964164853096, rates: 40.39641626559907, loss: 1.2960554540157319, rho: 0.4000000000000001, transmit_actions: 18, P: [0.09375, 0.125, 0.125, 0.09375, 0.8125, 0.28125, 0.4375, 0.4375, 0.65625, 0.09375, 0.59375, 0.125, 0.125, 0.125, 0.125, 0.46875, 0.125, 0.15625, 0.46875, 0.125]
[TRAIN]: (526/1600): reward: 31.94518455862999, rates: 38.94518503714965, loss: 1.4380057781934739, rho: 0.4000000000000001, transmit_actions: 15, P: [0.09375, 0.125, 0.125, 0.28125, 0.875, 0.28125, 0.0, 0.75, 0.125, 0.375, 0.125, 0.125, 0.15625, 0.125, 0.125, 0.15625, 0.0625, 0.125, 0.625, 0.125]
[TRAIN]: (527/1600): reward: 21.237908743321896, rates: 27.237909053095894, loss: 1.1706094399094582, rho: 0.4000000000000001, transmit_actions: 17, P: [0.5625, 0.53125, 0.09375, 0.125, 0.09375, 0.125, 0.125, 0.125, 0.53125, 0.125, 0.125, 0.0, 0.375, 0.125, 0.125, 0.125, 0.875, 0.125, 0.875, 0.125]
[TRAIN]: (528/1600): reward: 26.28795725107193, rates: 33.28795763930004, loss: 1.3073258191347121, rho: 0.4000000000000001, transmit_actions: 14, P: [0.09375, 0.125, 0.84375, 0.71875, 0.21875, 0.125, 0.125, 0.46875, 0.125, 0.71875, 0.65625, 0.96875, 0.21875, 0.75, 0.15625, 0.15625, 0.21875, 0.3125, 0.15625, 0.15625]
[TRAIN]: (529/1600): reward: 13.285541474819183, rates: 23.28554182692531, loss: 1.1988907486200333, rho: 0.4000000000000001, transmit_actions: 13, P: [0.5625, 0.125, 0.3125, 0.90625, 0.0625, 0.125, 0.125, 0.21875, 0.53125, 0.71875, 0.0625, 0.15625, 0.9375, 0.125, 0.625, 0.03125, 0.59375, 0.71875, 0.3125, 0.09375]
[TRAIN]: (530/1600): reward: 28.115363404154778, rates: 35.11536350383358, loss: 1.0384562999010085, rho: 0.4000000000000001, transmit_actions: 14, P: [0.0625, 0.125, 0.125, 0.5, 0.125, 0.125, 0.78125, 0.78125, 0.75, 1.0, 0.34375, 0.53125, 0.15625, 0.09375, 0.15625, 0.96875, 0.15625, 0.15625, 0.125, 0.40625]
[TRAIN]: (531/1600): reward: 30.456667521968484, rates: 35.4566673746574, loss: 1.3491038158535957, rho: 0.4000000000000001, transmit_actions: 17, P: [0.09375, 0.125, 0.96875, 0.09375, 0.125, 0.1875, 0.125, 0.125, 0.15625, 0.71875, 0.0625, 0.90625, 0.125, 0.125, 0.15625, 0.125, 0.125, 0.40625, 0.3125, 0.125]
[TRAIN]: (532/1600): reward: 21.03689036332071, rates: 29.036889608021124, loss: 1.4029754921793938, rho: 0.4000000000000001, transmit_actions: 15, P: [0.09375, 0.28125, 0.78125, 0.125, 0.375, 0.125, 0.125, 0.625, 0.0625, 0.0625, 0.875, 0.125, 0.125, 0.125, 0.875, 0.03125, 0.5, 0.125, 0.15625, 0.15625]
[TRAIN]: (533/1600): reward: 33.80441528558731, rates: 38.80441533251918, loss: 1.2503068506717683, rho: 0.4000000000000001, transmit_actions: 17, P: [0.21875, 0.125, 0.75, 0.125, 0.15625, 0.125, 0.8125, 0.09375, 0.5625, 0.125, 0.125, 0.15625, 0.125, 0.125, 0.15625, 0.71875, 0.5, 0.09375, 0.375, 0.15625]
[TRAIN]: (534/1600): reward: 28.377337343990803, rates: 32.377337597740926, loss: 1.0758377671241761, rho: 0.4000000000000001, transmit_actions: 16, P: [0.34375, 0.40625, 0.0625, 0.125, 0.125, 0.09375, 0.125, 0.875, 0.125, 0.90625, 0.34375, 0.15625, 0.125, 0.125, 0.71875, 0.15625, 0.15625, 0.125, 0.125, 0.03125]
[TRAIN]: (535/1600): reward: 26.368485793471336, rates: 34.36848599497527, loss: 1.1728682488203048, rho: 0.4000000000000001, transmit_actions: 19, P: [0.25, 0.84375, 0.21875, 0.125, 0.28125, 0.34375, 0.125, 0.9375, 0.6875, 0.15625, 0.78125, 0.15625, 0.15625, 0.15625, 1.0, 0.125, 0.1875, 0.78125, 0.78125, 0.21875]
[TRAIN]: (536/1600): reward: 34.41255737096071, rates: 39.412556384853765, loss: 1.1793701767921447, rho: 0.4000000000000001, transmit_actions: 15, P: [0.1875, 0.90625, 0.03125, 0.125, 0.5, 0.125, 0.96875, 0.125, 0.125, 0.125, 0.09375, 0.8125, 0.4375, 0.125, 0.125, 0.15625, 0.125, 0.3125, 0.15625, 0.125]
[TRAIN]: (537/1600): reward: 32.16366681456566, rates: 36.163666471125424, loss: 1.3438298851251602, rho: 0.4000000000000001, transmit_actions: 16, P: [0.1875, 0.125, 0.25, 0.125, 0.1875, 0.125, 0.125, 0.0625, 0.125, 0.15625, 0.09375, 0.15625, 0.34375, 0.15625, 0.96875, 0.125, 0.15625, 0.15625, 0.25, 0.21875]
[TRAIN]: (538/1600): reward: 31.734017308801413, rates: 36.73401717236842, loss: 1.2565908491611482, rho: 0.4000000000000001, transmit_actions: 16, P: [0.6875, 0.90625, 0.0625, 0.3125, 0.125, 0.125, 0.1875, 0.96875, 0.0625, 0.0625, 0.09375, 0.15625, 0.125, 0.53125, 0.125, 0.15625, 0.15625, 0.125, 0.125, 0.15625]
[TRAIN]: (539/1600): reward: 16.236836180090904, rates: 24.236835843394765, loss: 1.3850139826536179, rho: 0.4000000000000001, transmit_actions: 13, P: [0.1875, 0.125, 0.375, 0.0625, 0.125, 0.375, 0.125, 0.15625, 0.96875, 0.5625, 0.34375, 0.90625, 0.125, 0.15625, 0.21875, 0.15625, 0.125, 0.125, 0.28125, 0.125]
[TRAIN]: (540/1600): reward: 27.351188465952873, rates: 34.35118845771279, loss: 1.408661288022995, rho: 0.4000000000000001, transmit_actions: 10, P: [0.40625, 0.40625, 0.78125, 0.90625, 0.0625, 0.84375, 0.6875, 0.03125, 0.0625, 0.90625, 0.8125, 0.15625, 0.15625, 0.75, 0.15625, 0.15625, 0.125, 0.125, 0.15625, 0.15625]
[TRAIN]: (541/1600): reward: 24.7553653717041, rates: 30.755365462505395, loss: 1.5210911631584167, rho: 0.4000000000000001, transmit_actions: 15, P: [0.1875, 0.90625, 0.125, 1.0, 0.09375, 0.15625, 0.375, 0.125, 0.0625, 0.125, 0.90625, 0.1875, 0.125, 0.71875, 0.125, 0.125, 0.15625, 0.53125, 0.15625, 0.125]
[TRAIN]: (542/1600): reward: 28.853850234299898, rates: 34.85385017459043, loss: 1.4579776257276535, rho: 0.4000000000000001, transmit_actions: 12, P: [0.1875, 0.6875, 0.5, 0.125, 0.6875, 0.09375, 0.125, 0.03125, 0.875, 0.6875, 0.875, 0.5, 0.59375, 0.125, 0.125, 0.21875, 0.125, 0.125, 0.15625, 0.15625]
[TRAIN]: (543/1600): reward: 24.365448608994484, rates: 29.365449007014927, loss: 1.3545587182044982, rho: 0.4000000000000001, transmit_actions: 13, P: [0.09375, 0.90625, 0.125, 0.09375, 0.125, 0.46875, 0.125, 0.65625, 0.125, 0.15625, 0.9375, 0.15625, 0.15625, 0.15625, 0.1875, 0.875, 0.125, 0.15625, 0.15625, 0.40625]
[TRAIN]: (544/1600): reward: 33.52010829001665, rates: 37.520108184789834, loss: 1.3211205676198006, rho: 0.4000000000000001, transmit_actions: 16, P: [0.09375, 0.15625, 0.1875, 0.09375, 0.125, 0.1875, 0.09375, 0.125, 0.125, 0.125, 0.3125, 0.3125, 0.15625, 0.15625, 0.09375, 0.0625, 0.15625, 0.15625, 0.125, 0.15625]
[TRAIN]: (545/1600): reward: 21.457122061401606, rates: 29.457122508136706, loss: 1.6087216675281524, rho: 0.4000000000000001, transmit_actions: 15, P: [0.09375, 0.65625, 0.09375, 0.125, 0.125, 0.125, 0.125, 0.0625, 0.09375, 0.625, 0.90625, 0.09375, 0.25, 0.15625, 0.125, 0.25, 0.125, 0.125, 0.53125, 0.375]
[TRAIN]: (546/1600): reward: 41.74771225824952, rates: 46.74771322177047, loss: 1.6147923439741134, rho: 0.4000000000000001, transmit_actions: 18, P: [0.09375, 0.125, 0.125, 0.09375, 0.1875, 0.6875, 0.09375, 0.1875, 0.125, 0.625, 0.28125, 0.125, 0.125, 0.125, 0.09375, 0.5, 0.125, 0.21875, 0.15625, 0.125]
[TRAIN]: (547/1600): reward: 22.1261716298759, rates: 30.12617123691348, loss: 1.061204807460308, rho: 0.4000000000000001, transmit_actions: 17, P: [0.1875, 0.28125, 0.0625, 0.28125, 0.125, 0.3125, 0.125, 0.1875, 0.125, 0.125, 0.09375, 0.0, 0.15625, 0.125, 0.1875, 1.0, 0.09375, 0.78125, 0.84375, 0.125]
[TRAIN]: (548/1600): reward: 20.554366033524275, rates: 28.55436601238355, loss: 1.505979585647583, rho: 0.4000000000000001, transmit_actions: 20, P: [0.09375, 0.28125, 0.28125, 0.6875, 0.1875, 0.0625, 0.09375, 0.125, 0.28125, 0.125, 0.125, 0.125, 0.125, 0.15625, 1.0, 0.125, 0.875, 0.15625, 0.15625, 0.125]
[TRAIN]: (549/1600): reward: 31.504239574074745, rates: 37.504239504224344, loss: 1.3469083845615386, rho: 0.4000000000000001, transmit_actions: 18, P: [0.09375, 0.125, 0.375, 0.125, 0.09375, 0.09375, 0.9375, 0.0625, 0.28125, 0.0625, 0.125, 0.125, 0.3125, 0.125, 0.59375, 0.15625, 0.15625, 0.125, 0.125, 0.15625]
[TRAIN]: (550/1600): reward: 40.38912599906325, rates: 44.38912522187208, loss: 1.4141642823815346, rho: 0.4000000000000001, transmit_actions: 17, P: [0.21875, 0.34375, 0.09375, 0.21875, 0.125, 0.0625, 0.28125, 0.125, 0.28125, 0.0625, 0.125, 0.0625, 0.46875, 0.28125, 0.15625, 0.15625, 0.125, 0.09375, 0.0625, 0.09375]
[TRAIN]: (551/1600): reward: 39.24936014786363, rates: 44.24936106858857, loss: 1.366872861981392, rho: 0.4000000000000001, transmit_actions: 18, P: [0.1875, 0.28125, 0.0625, 0.125, 0.125, 0.28125, 0.28125, 0.125, 0.28125, 0.6875, 0.125, 0.125, 0.125, 0.125, 0.0625, 0.125, 0.21875, 0.125, 0.15625, 0.03125]
[TRAIN]: (552/1600): reward: 36.92213271930814, rates: 42.92213225048212, loss: 1.2334747463464737, rho: 0.4000000000000001, transmit_actions: 17, P: [0.1875, 0.28125, 0.125, 0.09375, 0.59375, 0.0625, 0.78125, 0.28125, 0.0625, 0.0625, 0.125, 0.125, 0.125, 0.15625, 0.03125, 0.125, 0.125, 0.15625, 0.8125, 0.15625]
[TRAIN]: (553/1600): reward: 29.82926334440708, rates: 35.82926327702782, loss: 1.3603387266397475, rho: 0.4000000000000001, transmit_actions: 19, P: [0.1875, 0.125, 0.0625, 0.125, 0.09375, 0.125, 0.0625, 0.125, 0.125, 0.125, 0.28125, 0.125, 0.71875, 0.125, 0.09375, 0.125, 0.15625, 0.09375, 0.125, 0.125]
[TRAIN]: (554/1600): reward: 31.80535431113094, rates: 36.80535404181148, loss: 1.3434436440467834, rho: 0.4000000000000001, transmit_actions: 17, P: [0.1875, 0.125, 0.0625, 0.0625, 0.125, 0.5, 0.09375, 0.375, 0.0625, 0.1875, 0.0625, 0.125, 0.09375, 0.09375, 0.125, 0.15625, 0.4375, 0.15625, 0.8125, 0.125]
[TRAIN]: (555/1600): reward: 38.49273758754134, rates: 43.492737807230164, loss: 1.3983628302812576, rho: 0.4000000000000001, transmit_actions: 18, P: [0.1875, 0.90625, 0.28125, 0.28125, 0.34375, 0.125, 0.0625, 0.0625, 0.1875, 0.0625, 0.1875, 0.125, 0.125, 0.125, 0.09375, 0.09375, 0.15625, 0.5625, 0.125, 0.125]
[TRAIN]: (556/1600): reward: 35.60233675315976, rates: 38.60233657425738, loss: 1.3344461441040039, rho: 0.4000000000000001, transmit_actions: 19, P: [0.1875, 0.125, 0.0625, 0.0625, 0.09375, 0.0625, 0.0625, 0.0625, 0.125, 0.0625, 0.125, 0.15625, 0.0625, 0.15625, 0.125, 0.125, 0.09375, 0.8125, 0.15625, 0.15625]
[TRAIN]: (557/1600): reward: 34.46648471057415, rates: 41.46648500490808, loss: 1.248652732372284, rho: 0.4000000000000001, transmit_actions: 19, P: [0.1875, 0.28125, 0.625, 0.28125, 0.125, 0.125, 0.125, 0.0625, 0.0625, 0.65625, 0.09375, 0.0625, 0.15625, 0.15625, 0.125, 0.15625, 0.15625, 0.15625, 0.15625, 0.15625]
[TRAIN]: (558/1600): reward: 38.57229594141245, rates: 42.5722953508291, loss: 1.3511875554919244, rho: 0.4000000000000001, transmit_actions: 17, P: [0.71875, 0.28125, 0.0625, 0.53125, 0.125, 0.125, 0.0, 0.125, 0.09375, 0.125, 0.3125, 0.125, 0.125, 0.09375, 0.15625, 0.15625, 0.125, 0.125, 0.125, 0.15625]
[TRAIN]: (559/1600): reward: 32.66810919344425, rates: 36.66810823409716, loss: 1.3167665421962738, rho: 0.4000000000000001, transmit_actions: 16, P: [0.09375, 0.28125, 0.90625, 0.28125, 0.0625, 0.0625, 0.0625, 0.125, 0.0625, 0.125, 0.125, 0.125, 0.15625, 0.125, 0.09375, 0.125, 0.125, 0.96875, 0.90625, 0.09375]
[TRAIN]: (560/1600): reward: 28.975294552743435, rates: 34.975294783458466, loss: 1.3499881088733674, rho: 0.4000000000000001, transmit_actions: 16, P: [0.09375, 1.0, 0.84375, 0.125, 0.0625, 0.09375, 0.3125, 0.28125, 0.0625, 0.25, 0.125, 0.15625, 0.1875, 0.84375, 0.15625, 0.15625, 0.15625, 0.09375, 0.15625, 0.125]
[TRAIN]: (561/1600): reward: 25.530289016664028, rates: 29.530289076152236, loss: 1.2137090802192687, rho: 0.4000000000000001, transmit_actions: 17, P: [0.09375, 0.90625, 0.0625, 0.25, 0.0625, 0.125, 0.125, 0.0625, 0.09375, 0.125, 0.0625, 0.15625, 0.15625, 0.125, 0.15625, 0.59375, 0.4375, 1.0, 0.15625, 0.125]
[TRAIN]: (562/1600): reward: 41.5232818108052, rates: 44.52328228333386, loss: 1.5429047986865043, rho: 0.4000000000000001, transmit_actions: 19, P: [0.09375, 0.09375, 0.0, 0.0625, 0.0625, 0.0625, 0.09375, 0.125, 0.125, 0.125, 0.0625, 0.125, 0.125, 0.1875, 0.125, 0.15625, 0.125, 0.125, 0.125, 0.125]
[TRAIN]: (563/1600): reward: 24.30260292440653, rates: 30.302603167151158, loss: 1.2326502829790116, rho: 0.4000000000000001, transmit_actions: 18, P: [0.125, 0.125, 0.125, 0.125, 0.125, 0.0625, 0.15625, 0.0625, 0.21875, 0.125, 0.125, 0.125, 0.46875, 0.125, 0.15625, 0.46875, 0.125, 0.125, 0.09375, 0.5]
[TRAIN]: (564/1600): reward: 39.417783819139004, rates: 42.41778446711966, loss: 1.4921468079090119, rho: 0.4000000000000001, transmit_actions: 19, P: [0.09375, 0.0625, 0.0625, 0.125, 0.0625, 0.09375, 0.0625, 0.53125, 0.125, 0.125, 0.125, 0.09375, 0.125, 0.125, 0.125, 0.5625, 0.125, 0.09375, 0.125, 0.09375]
[TRAIN]: (565/1600): reward: 29.227306112647057, rates: 35.22730554148803, loss: 1.371624293923378, rho: 0.4000000000000001, transmit_actions: 17, P: [0.125, 0.125, 0.71875, 0.03125, 0.125, 0.125, 0.125, 0.0625, 0.75, 0.09375, 0.0625, 0.125, 0.0625, 0.6875, 0.125, 0.125, 0.125, 0.71875, 0.125, 0.125]
[TRAIN]: (566/1600): reward: 45.77881574258208, rates: 48.7788152111422, loss: 1.4162745416164397, rho: 0.4000000000000001, transmit_actions: 18, P: [0.125, 0.1875, 0.15625, 0.0625, 0.0625, 0.0625, 0.125, 0.0625, 0.125, 0.78125, 0.125, 0.125, 0.125, 0.125, 0.15625, 0.125, 0.125, 0.125, 0.125, 0.15625]
[TRAIN]: (567/1600): reward: 40.341187700629234, rates: 44.34118827394062, loss: 1.5587807476520539, rho: 0.4000000000000001, transmit_actions: 20, P: [0.125, 0.125, 0.28125, 0.15625, 0.15625, 0.125, 0.0625, 0.125, 0.125, 0.125, 0.1875, 0.15625, 0.125, 0.125, 0.125, 0.125, 0.125, 0.09375, 0.125, 0.1875]
[TRAIN]: (568/1600): reward: 41.24862241744995, rates: 43.24862258153536, loss: 1.139293012022972, rho: 0.4000000000000001, transmit_actions: 18, P: [0.75, 0.28125, 0.09375, 0.09375, 0.0625, 0.125, 0.09375, 0.125, 0.09375, 0.125, 0.125, 0.125, 0.09375, 0.125, 0.125, 0.15625, 0.15625, 0.09375, 0.15625, 0.125]
[TRAIN]: (569/1600): reward: 21.521769305691123, rates: 26.521769233963045, loss: 1.3740007504820824, rho: 0.4000000000000001, transmit_actions: 15, P: [0.90625, 0.90625, 0.09375, 0.125, 0.125, 0.125, 0.125, 0.09375, 0.28125, 0.09375, 0.3125, 0.75, 0.125, 0.09375, 0.15625, 0.96875, 0.09375, 0.125, 0.125, 0.34375]
[TRAIN]: (570/1600): reward: 41.884095165878534, rates: 43.884095614088615, loss: 1.234588859975338, rho: 0.4000000000000001, transmit_actions: 16, P: [0.1875, 0.90625, 0.75, 0.09375, 1.0, 0.09375, 0.1875, 0.28125, 0.09375, 0.09375, 0.125, 0.125, 0.125, 0.03125, 0.09375, 0.15625, 0.125, 0.09375, 0.125, 0.09375]
[TRAIN]: (571/1600): reward: 30.65705506829545, rates: 33.65705537870162, loss: 1.2895059496164323, rho: 0.4000000000000001, transmit_actions: 16, P: [0.09375, 0.90625, 0.09375, 0.0625, 0.125, 0.125, 0.0625, 0.0625, 0.15625, 0.09375, 0.84375, 0.09375, 0.125, 0.15625, 0.125, 0.15625, 0.125, 0.8125, 0.5, 0.125]
[TRAIN]: (572/1600): reward: 22.392895072698593, rates: 28.39289516707337, loss: 1.3033969491720199, rho: 0.4000000000000001, transmit_actions: 19, P: [0.1875, 0.125, 0.28125, 0.125, 0.15625, 0.0625, 0.125, 0.09375, 0.09375, 0.0625, 0.125, 0.125, 0.125, 0.125, 0.15625, 0.15625, 0.125, 0.1875, 0.125, 0.125]
[TRAIN]: (573/1600): reward: 37.141683116555214, rates: 42.141682932269745, loss: 1.2859487414360047, rho: 0.4000000000000001, transmit_actions: 20, P: [0.1875, 0.28125, 0.34375, 0.1875, 0.0625, 0.125, 0.125, 0.125, 0.15625, 0.75, 0.1875, 0.09375, 0.125, 0.125, 0.09375, 0.09375, 0.15625, 0.15625, 0.125, 0.15625]
[TRAIN]: (574/1600): reward: 46.462407521903515, rates: 49.46240772707478, loss: 1.3129077568650245, rho: 0.4000000000000001, transmit_actions: 18, P: [0.1875, 0.9375, 0.8125, 0.125, 0.125, 0.1875, 0.09375, 0.125, 0.09375, 0.125, 0.125, 0.125, 0.125, 0.15625, 0.15625, 0.15625, 0.125, 0.71875, 0.15625, 0.15625]
[TRAIN]: (575/1600): reward: 37.65937677770853, rates: 40.65937735414757, loss: 1.3359581291675569, rho: 0.4000000000000001, transmit_actions: 19, P: [0.1875, 0.90625, 0.125, 0.125, 0.125, 0.1875, 0.125, 0.125, 0.125, 0.09375, 0.125, 0.15625, 0.5, 0.15625, 0.1875, 0.125, 0.125, 0.15625, 0.125, 0.15625]
[TRAIN]: (576/1600): reward: 35.65780667960644, rates: 41.65780684847807, loss: 1.3765184879302979, rho: 0.4000000000000001, transmit_actions: 18, P: [0.1875, 0.125, 0.125, 0.125, 0.5, 0.125, 0.125, 0.125, 0.125, 0.0625, 0.125, 0.125, 0.125, 0.15625, 0.15625, 0.09375, 0.09375, 0.15625, 0.71875, 0.125]
[TRAIN]: (577/1600): reward: 41.789530739188194, rates: 45.78953120134736, loss: 1.5306550875306129, rho: 0.4000000000000001, transmit_actions: 20, P: [0.1875, 0.28125, 0.28125, 0.09375, 0.46875, 0.1875, 0.125, 0.125, 0.09375, 0.125, 0.125, 0.125, 0.15625, 0.15625, 0.125, 0.15625, 0.375, 0.15625, 0.125, 0.125]
[TRAIN]: (578/1600): reward: 47.94523983262479, rates: 47.945239501510486, loss: 1.4451745480298996, rho: 0.4000000000000001, transmit_actions: 18, P: [0.09375, 0.1875, 0.09375, 0.03125, 0.125, 0.125, 0.125, 0.875, 0.1875, 0.15625, 0.125, 0.125, 0.1875, 0.15625, 0.15625, 0.15625, 0.125, 0.125, 0.125, 0.15625]
[TRAIN]: (579/1600): reward: 31.96465226262808, rates: 34.964652343091295, loss: 1.572624871134758, rho: 0.4000000000000001, transmit_actions: 19, P: [0.125, 0.0625, 0.09375, 0.0625, 0.125, 0.125, 0.09375, 0.1875, 0.125, 0.125, 0.125, 0.125, 0.125, 0.15625, 0.125, 0.125, 0.125, 0.15625, 0.125, 0.9375]
[TRAIN]: (580/1600): reward: 38.847734382376075, rates: 41.84773404705479, loss: 1.5401862263679504, rho: 0.4000000000000001, transmit_actions: 19, P: [0.125, 0.28125, 0.09375, 0.15625, 0.1875, 0.09375, 0.125, 0.625, 0.125, 0.125, 0.1875, 0.125, 0.125, 0.125, 0.125, 0.09375, 0.125, 0.09375, 0.09375, 0.125]
[TRAIN]: (581/1600): reward: 44.929393988102674, rates: 46.92939405678476, loss: 1.4696962147951127, rho: 0.4000000000000001, transmit_actions: 19, P: [0.125, 0.28125, 0.90625, 0.125, 0.125, 0.09375, 0.125, 0.09375, 0.125, 0.125, 0.125, 0.09375, 0.09375, 0.125, 0.125, 0.125, 0.125, 0.09375, 0.125, 0.125]
[TRAIN]: (582/1600): reward: 37.28304434940219, rates: 41.28304348456218, loss: 1.220715507864952, rho: 0.4000000000000001, transmit_actions: 19, P: [0.125, 0.90625, 0.0625, 0.125, 0.125, 0.125, 0.125, 0.65625, 0.125, 0.1875, 0.125, 0.15625, 0.125, 0.125, 0.125, 0.875, 0.09375, 0.25, 0.125, 0.125]
[TRAIN]: (583/1600): reward: 26.98547923564911, rates: 31.985479077730382, loss: 1.7433105289936066, rho: 0.4000000000000001, transmit_actions: 19, P: [0.125, 0.125, 0.28125, 0.1875, 0.125, 0.09375, 0.125, 0.125, 0.125, 0.125, 0.0625, 0.84375, 0.125, 0.125, 0.09375, 0.15625, 0.1875, 0.125, 0.15625, 0.125]
[TRAIN]: (584/1600): reward: 42.529636546969414, rates: 46.52963701889545, loss: 1.4974214911460877, rho: 0.4000000000000001, transmit_actions: 18, P: [0.125, 0.03125, 0.28125, 0.3125, 0.09375, 0.0625, 0.28125, 0.125, 0.28125, 0.125, 0.0625, 0.09375, 0.15625, 0.125, 0.09375, 0.125, 0.125, 0.125, 0.09375, 0.75]
[TRAIN]: (585/1600): reward: 39.279304563999176, rates: 42.279305017476894, loss: 1.6500216245651245, rho: 0.4000000000000001, transmit_actions: 20, P: [0.125, 0.125, 0.125, 0.125, 0.28125, 0.125, 0.125, 0.125, 0.125, 0.125, 0.09375, 0.125, 0.15625, 0.15625, 0.15625, 0.125, 0.15625, 0.125, 0.09375, 0.125]
[TRAIN]: (586/1600): reward: 29.0791015625, rates: 34.079101365409954, loss: 1.6134204894304276, rho: 0.4000000000000001, transmit_actions: 18, P: [0.125, 0.90625, 0.09375, 0.125, 0.25, 0.09375, 0.0625, 0.125, 0.125, 0.125, 0.125, 0.125, 0.46875, 0.25, 0.125, 0.125, 0.09375, 0.125, 0.125, 0.15625]
[TRAIN]: (587/1600): reward: 35.53878929838538, rates: 39.53878980353202, loss: 1.5027723252773284, rho: 0.4000000000000001, transmit_actions: 18, P: [0.125, 0.96875, 0.125, 0.125, 0.125, 0.125, 0.3125, 0.125, 0.125, 0.65625, 0.125, 0.125, 0.125, 0.09375, 0.15625, 0.125, 0.125, 0.09375, 0.25, 0.125]
[TRAIN]: (588/1600): reward: 45.24429289251566, rates: 48.24429298370602, loss: 1.220881739258766, rho: 0.4000000000000001, transmit_actions: 18, P: [0.125, 0.09375, 0.28125, 0.59375, 0.09375, 0.09375, 0.0625, 0.15625, 0.09375, 0.78125, 0.09375, 0.15625, 0.125, 0.09375, 0.125, 0.125, 0.09375, 0.15625, 0.125, 0.15625]
[TRAIN]: (589/1600): reward: 39.041471019387245, rates: 44.041471070244356, loss: 1.2193622648715974, rho: 0.4000000000000001, transmit_actions: 18, P: [0.125, 0.28125, 0.125, 0.125, 0.125, 0.125, 0.28125, 0.125, 0.125, 0.125, 0.09375, 0.125, 0.125, 0.15625, 0.71875, 0.15625, 0.125, 0.125, 0.125, 0.125]
[TRAIN]: (590/1600): reward: 42.232122890651226, rates: 45.23212208865001, loss: 1.4605091631412506, rho: 0.4000000000000001, transmit_actions: 19, P: [0.125, 0.125, 0.1875, 0.125, 0.125, 0.15625, 0.125, 0.125, 0.125, 0.125, 0.125, 0.125, 0.15625, 0.09375, 0.09375, 0.125, 0.40625, 0.40625, 0.15625, 0.15625]
[TRAIN]: (591/1600): reward: 28.539341123774648, rates: 32.53934137235734, loss: 1.4025035947561264, rho: 0.4000000000000001, transmit_actions: 18, P: [0.125, 0.125, 0.125, 0.125, 0.125, 0.09375, 0.09375, 0.09375, 0.125, 0.15625, 0.09375, 1.0, 0.125, 0.125, 0.9375, 0.125, 0.125, 0.125, 0.125, 0.09375]
[TRAIN]: (592/1600): reward: 44.677766390144825, rates: 46.677766283512256, loss: 1.2400672525167464, rho: 0.4000000000000001, transmit_actions: 20, P: [0.125, 0.875, 0.125, 0.125, 0.125, 0.125, 0.125, 0.125, 0.125, 0.125, 0.09375, 0.09375, 0.09375, 0.125, 0.125, 0.125, 0.125, 0.125, 0.125, 0.15625]
[TRAIN]: (593/1600): reward: 46.98833453655243, rates: 48.988334832322515, loss: 1.2985493540763855, rho: 0.4000000000000001, transmit_actions: 19, P: [0.125, 0.90625, 0.125, 0.09375, 0.9375, 0.15625, 0.09375, 0.125, 0.125, 0.125, 0.125, 0.09375, 0.09375, 0.09375, 0.125, 0.125, 0.125, 0.125, 0.125, 0.125]
[TRAIN]: (594/1600): reward: 43.296513728797436, rates: 45.29651408390249, loss: 1.4143634110689163, rho: 0.4000000000000001, transmit_actions: 18, P: [0.125, 0.90625, 0.90625, 0.125, 0.09375, 0.09375, 0.125, 0.09375, 0.09375, 0.9375, 0.09375, 0.09375, 0.09375, 0.09375, 0.15625, 0.125, 0.125, 0.09375, 0.125, 0.09375]
[TRAIN]: (595/1600): reward: 41.96493958681822, rates: 43.96493983027697, loss: 1.420575389266014, rho: 0.4000000000000001, transmit_actions: 18, P: [0.5625, 0.09375, 0.09375, 0.125, 0.125, 0.125, 0.125, 0.125, 0.28125, 0.0625, 0.125, 0.09375, 0.09375, 0.15625, 0.125, 0.15625, 0.125, 0.125, 0.09375, 0.09375]
[TRAIN]: (596/1600): reward: 43.926324516534805, rates: 46.92632462340081, loss: 1.1472843647003175, rho: 0.4000000000000001, transmit_actions: 20, P: [0.125, 0.09375, 0.0625, 0.09375, 0.09375, 0.125, 0.125, 0.125, 0.1875, 0.125, 0.09375, 0.09375, 0.125, 0.09375, 0.09375, 0.125, 0.15625, 0.125, 0.125, 0.09375]
[TRAIN]: (597/1600): reward: 46.60856994986534, rates: 49.6085698627126, loss: 1.3497622698545455, rho: 0.4000000000000001, transmit_actions: 20, P: [0.09375, 0.28125, 0.125, 0.09375, 0.09375, 0.28125, 0.09375, 0.09375, 0.125, 0.09375, 0.09375, 0.15625, 0.09375, 0.125, 0.09375, 0.125, 0.15625, 0.09375, 0.15625, 0.09375]
[TRAIN]: (598/1600): reward: 44.31131887808442, rates: 46.311318329582605, loss: 1.5338952124118805, rho: 0.4000000000000001, transmit_actions: 19, P: [0.125, 0.28125, 0.90625, 0.09375, 0.1875, 0.15625, 0.09375, 0.125, 0.125, 0.125, 0.125, 0.09375, 0.125, 0.125, 0.15625, 0.15625, 0.15625, 0.125, 0.15625, 0.125]
[TRAIN]: (599/1600): reward: 40.49509919434786, rates: 42.49509909855261, loss: 1.4127266556024551, rho: 0.4000000000000001, transmit_actions: 19, P: [0.125, 0.125, 0.125, 0.09375, 0.0625, 0.0625, 0.09375, 0.125, 0.125, 0.09375, 0.0625, 0.15625, 0.15625, 0.09375, 0.125, 0.375, 0.125, 0.125, 0.09375, 0.125]
[TRAIN]: (600/1600): reward: 46.68296403437853, rates: 47.68296419660207, loss: 1.5723469614982606, rho: 0.4000000000000001, transmit_actions: 19, P: [0.125, 0.90625, 0.28125, 0.0625, 0.125, 0.125, 0.125, 0.125, 0.0625, 0.125, 0.125, 0.09375, 0.09375, 0.09375, 0.09375, 0.15625, 0.125, 0.125, 0.15625, 0.125]
[TRAIN]: (601/1600): reward: 49.43555549532175, rates: 50.43555527762887, loss: 1.3999092906713486, rho: 0.4000000000000001, transmit_actions: 20, P: [0.125, 0.125, 0.0625, 0.09375, 0.125, 0.0625, 0.0625, 0.0625, 0.28125, 0.125, 0.125, 0.09375, 0.15625, 0.125, 0.09375, 0.15625, 0.09375, 0.15625, 0.125, 0.125]
[TRAIN]: (602/1600): reward: 40.00903327856213, rates: 44.00903348437815, loss: 1.4620065435767173, rho: 0.4000000000000001, transmit_actions: 20, P: [0.125, 0.125, 0.125, 0.125, 0.125, 0.09375, 0.125, 0.1875, 0.25, 0.15625, 0.125, 0.15625, 0.125, 0.125, 0.09375, 0.15625, 0.09375, 0.15625, 0.09375, 0.15625]
[TRAIN]: (603/1600): reward: 48.57189513742924, rates: 50.57189576923524, loss: 1.5289992079138757, rho: 0.4000000000000001, transmit_actions: 19, P: [0.125, 0.75, 0.125, 0.65625, 0.09375, 0.125, 0.09375, 0.125, 0.1875, 0.125, 0.09375, 0.09375, 0.125, 0.125, 0.125, 0.15625, 0.15625, 0.125, 0.09375, 0.125]
[TRAIN]: (604/1600): reward: 38.23344834148884, rates: 42.233448016742464, loss: 1.2424600653350353, rho: 0.4000000000000001, transmit_actions: 19, P: [0.125, 0.15625, 0.125, 0.90625, 0.0625, 0.125, 0.125, 0.15625, 0.09375, 0.125, 0.25, 0.125, 0.125, 0.125, 0.09375, 0.09375, 0.15625, 0.15625, 0.15625, 0.15625]
[TRAIN]: (605/1600): reward: 44.77847313135862, rates: 47.77847351003346, loss: 1.4767483651638031, rho: 0.4000000000000001, transmit_actions: 19, P: [0.125, 0.125, 0.125, 0.125, 0.125, 0.09375, 0.125, 0.78125, 0.125, 0.125, 0.09375, 0.15625, 0.15625, 0.125, 0.125, 0.09375, 0.125, 0.125, 0.09375, 0.09375]
[TRAIN]: (606/1600): reward: 50.61599291115999, rates: 52.61599299136564, loss: 1.3126554697752, rho: 0.4000000000000001, transmit_actions: 20, P: [0.125, 0.125, 0.28125, 0.125, 0.125, 0.09375, 0.09375, 0.125, 0.15625, 0.28125, 0.15625, 0.09375, 0.15625, 0.125, 0.09375, 0.15625, 0.15625, 0.15625, 0.125, 0.15625]
[TRAIN]: (607/1600): reward: 44.25431999564171, rates: 47.25431976681731, loss: 1.4020846873521804, rho: 0.4000000000000001, transmit_actions: 19, P: [0.125, 0.0625, 0.09375, 0.65625, 0.0625, 0.09375, 0.125, 0.09375, 0.125, 0.0625, 0.125, 0.125, 0.125, 0.125, 0.125, 0.15625, 0.125, 0.15625, 0.125, 0.75]
[TRAIN]: (608/1600): reward: 42.994286976754665, rates: 44.994287207710414, loss: 1.3594263404607774, rho: 0.4000000000000001, transmit_actions: 18, P: [0.125, 0.90625, 0.09375, 0.09375, 0.09375, 0.6875, 0.125, 0.09375, 0.09375, 0.09375, 0.0625, 0.09375, 0.125, 0.15625, 0.125, 0.09375, 0.15625, 0.125, 0.15625, 0.15625]
[TRAIN]: (609/1600): reward: 42.23302971571684, rates: 45.23302983534655, loss: 1.3982993841171265, rho: 0.4000000000000001, transmit_actions: 19, P: [0.125, 0.28125, 0.1875, 0.0625, 0.28125, 0.125, 0.125, 0.1875, 0.0625, 0.0625, 0.125, 0.125, 0.125, 0.125, 0.65625, 0.09375, 0.125, 0.09375, 0.125, 0.125]
[TRAIN]: (610/1600): reward: 49.143325850367546, rates: 51.143325397760215, loss: 1.4775616943836212, rho: 0.4000000000000001, transmit_actions: 20, P: [0.125, 0.125, 0.125, 0.1875, 0.0625, 0.15625, 0.125, 0.125, 0.125, 0.125, 0.09375, 0.125, 0.40625, 0.125, 0.09375, 0.09375, 0.125, 0.125, 0.125, 0.1875]
[TRAIN]: (611/1600): reward: 39.21439805626869, rates: 42.21439844710479, loss: 1.489474633336067, rho: 0.4000000000000001, transmit_actions: 20, P: [0.125, 0.1875, 0.125, 0.1875, 0.09375, 0.09375, 0.09375, 0.28125, 0.1875, 0.125, 0.1875, 0.25, 0.125, 0.125, 0.125, 0.125, 0.125, 0.15625, 0.78125, 0.125]
[TRAIN]: (612/1600): reward: 35.12538337148726, rates: 40.12538355148273, loss: 1.4212495595216752, rho: 0.4000000000000001, transmit_actions: 18, P: [0.125, 0.84375, 0.09375, 0.09375, 0.28125, 0.125, 0.28125, 0.53125, 0.0625, 0.1875, 0.0625, 0.125, 0.15625, 0.125, 0.125, 0.15625, 0.09375, 0.09375, 0.15625, 0.125]
[TRAIN]: (613/1600): reward: 32.79138793423772, rates: 36.79138747967072, loss: 1.4166717797517776, rho: 0.4000000000000001, transmit_actions: 19, P: [0.125, 0.1875, 0.0625, 0.125, 0.09375, 0.125, 0.1875, 0.0625, 0.125, 0.09375, 0.53125, 0.125, 0.15625, 0.125, 0.09375, 0.125, 0.125, 0.125, 0.25, 0.09375]
[TRAIN]: (614/1600): reward: 48.918280109763145, rates: 50.91828049357879, loss: 1.3718242734670638, rho: 0.4000000000000001, transmit_actions: 20, P: [0.125, 0.1875, 0.0625, 0.125, 0.1875, 0.0625, 0.125, 0.125, 0.125, 0.125, 0.09375, 0.125, 0.125, 0.15625, 0.09375, 0.15625, 0.125, 0.09375, 0.125, 0.09375]
[TRAIN]: (615/1600): reward: 40.74669162184, rates: 42.74669105465417, loss: 1.4060074374079705, rho: 0.4000000000000001, transmit_actions: 20, P: [0.125, 0.0625, 0.125, 0.125, 0.1875, 0.125, 0.1875, 0.1875, 0.09375, 0.1875, 0.125, 0.15625, 0.125, 0.125, 0.125, 0.15625, 0.125, 0.125, 0.125, 0.125]
[TRAIN]: (616/1600): reward: 37.481775254011154, rates: 41.48177498225087, loss: 1.406941881775856, rho: 0.4000000000000001, transmit_actions: 18, P: [0.125, 0.90625, 0.09375, 0.96875, 0.0625, 0.09375, 0.09375, 0.125, 0.1875, 0.125, 0.28125, 0.15625, 0.15625, 0.15625, 0.1875, 0.125, 0.4375, 0.125, 0.125, 0.125]
[TRAIN]: (617/1600): reward: 48.54801569133997, rates: 49.54801560256243, loss: 1.3937035918235778, rho: 0.4000000000000001, transmit_actions: 20, P: [0.125, 0.125, 0.125, 0.0625, 0.09375, 0.09375, 0.09375, 0.09375, 0.09375, 0.125, 0.125, 0.15625, 0.125, 0.125, 0.15625, 0.09375, 0.125, 0.125, 0.125, 0.125]
[TRAIN]: (618/1600): reward: 48.198436573147774, rates: 50.19843534324894, loss: 1.484495371580124, rho: 0.4000000000000001, transmit_actions: 18, P: [0.125, 0.90625, 0.125, 0.125, 0.125, 0.125, 0.125, 0.125, 0.09375, 0.0625, 0.09375, 0.09375, 0.125, 0.125, 0.15625, 0.15625, 0.15625, 0.125, 0.15625, 0.125]
[TRAIN]: (619/1600): reward: 45.54862327128649, rates: 45.54862355466606, loss: 1.5195269241929055, rho: 0.4000000000000001, transmit_actions: 18, P: [0.3125, 0.90625, 0.125, 0.0625, 0.09375, 0.09375, 0.125, 0.125, 0.09375, 0.09375, 0.09375, 0.125, 0.125, 0.125, 0.125, 0.15625, 0.125, 0.09375, 0.125, 0.15625]
[TRAIN]: (620/1600): reward: 43.83876724541187, rates: 46.8387671789957, loss: 1.4700286567211152, rho: 0.4000000000000001, transmit_actions: 20, P: [0.125, 0.09375, 0.28125, 0.09375, 0.09375, 0.125, 0.125, 0.125, 0.09375, 0.4375, 0.125, 0.09375, 0.125, 0.125, 0.125, 0.125, 0.125, 0.125, 0.15625, 0.15625]
[TRAIN]: (621/1600): reward: 40.545720264315605, rates: 45.54572047223462, loss: 1.3310044556856155, rho: 0.4000000000000001, transmit_actions: 19, P: [0.125, 0.25, 0.125, 0.125, 0.125, 0.09375, 0.125, 0.125, 0.09375, 0.25, 0.125, 0.15625, 0.125, 0.125, 0.125, 0.09375, 0.09375, 0.09375, 0.15625, 0.125]
[TRAIN]: (622/1600): reward: 42.362434558570385, rates: 45.362433938053044, loss: 1.6731688737869264, rho: 0.4000000000000001, transmit_actions: 20, P: [0.125, 0.09375, 0.09375, 0.125, 0.125, 0.09375, 0.125, 0.28125, 0.09375, 0.125, 0.0625, 0.46875, 0.15625, 0.09375, 0.125, 0.09375, 0.09375, 0.125, 0.09375, 0.15625]
[TRAIN]: (623/1600): reward: 41.345187708735466, rates: 43.345187222846306, loss: 1.53491829931736, rho: 0.4000000000000001, transmit_actions: 19, P: [0.125, 0.125, 0.1875, 0.125, 0.09375, 0.09375, 0.09375, 0.03125, 0.0625, 0.125, 0.25, 0.125, 0.125, 0.09375, 0.15625, 0.09375, 0.125, 0.15625, 0.125, 0.09375]
[TRAIN]: (624/1600): reward: 40.336136082187295, rates: 42.336135865448554, loss: 1.7964970201253891, rho: 0.4000000000000001, transmit_actions: 18, P: [0.125, 0.90625, 0.90625, 0.1875, 0.125, 0.0625, 0.15625, 0.09375, 0.03125, 0.125, 0.09375, 0.15625, 0.15625, 0.15625, 0.09375, 0.09375, 0.09375, 0.15625, 0.125, 0.09375]
[TRAIN]: (625/1600): reward: 51.86651334166527, rates: 52.866513175824906, loss: 1.4314807042479516, rho: 0.4000000000000001, transmit_actions: 20, P: [0.125, 0.125, 0.09375, 0.09375, 0.125, 0.125, 0.09375, 0.1875, 0.125, 0.09375, 0.09375, 0.125, 0.125, 0.125, 0.15625, 0.15625, 0.09375, 0.125, 0.15625, 0.125]
[TRAIN]: (626/1600): reward: 44.7840209370479, rates: 47.7840206901275, loss: 1.4703244239091873, rho: 0.4000000000000001, transmit_actions: 20, P: [0.125, 0.125, 0.09375, 0.09375, 0.09375, 0.125, 0.09375, 0.125, 0.09375, 0.0625, 0.15625, 0.09375, 0.125, 0.125, 0.125, 0.15625, 0.15625, 0.125, 0.125, 0.15625]
[TRAIN]: (627/1600): reward: 40.02408686466515, rates: 42.024086751520095, loss: 1.3200095921754837, rho: 0.4000000000000001, transmit_actions: 19, P: [0.125, 0.90625, 0.125, 0.125, 0.125, 0.1875, 0.09375, 0.15625, 0.09375, 0.09375, 0.15625, 0.125, 0.09375, 0.1875, 0.125, 0.125, 0.15625, 0.125, 0.125, 0.125]
[TRAIN]: (628/1600): reward: 40.10205331072211, rates: 41.102053864380615, loss: 1.2089637488126754, rho: 0.4000000000000001, transmit_actions: 18, P: [0.34375, 0.03125, 0.1875, 0.0625, 0.0625, 0.09375, 0.09375, 0.03125, 0.15625, 0.09375, 0.875, 0.15625, 0.15625, 0.15625, 0.15625, 0.125, 0.3125, 0.125, 0.15625, 0.125]
[TRAIN]: (629/1600): reward: 48.9128954410553, rates: 49.91289581153473, loss: 1.251253779232502, rho: 0.4000000000000001, transmit_actions: 19, P: [0.125, 0.90625, 0.0625, 0.125, 0.125, 0.09375, 0.125, 0.09375, 0.0625, 0.125, 0.0625, 0.09375, 0.125, 0.125, 0.09375, 0.125, 0.125, 0.15625, 0.125, 0.15625]
[TRAIN]: (630/1600): reward: 47.244478955864906, rates: 49.24447887787795, loss: 1.4114883601665498, rho: 0.4000000000000001, transmit_actions: 17, P: [0.125, 0.90625, 0.90625, 0.90625, 0.28125, 0.125, 0.1875, 0.09375, 0.0625, 0.0625, 0.0625, 0.125, 0.15625, 0.125, 0.09375, 0.125, 0.125, 0.125, 0.15625, 0.09375]
[TRAIN]: (631/1600): reward: 48.18493405729532, rates: 49.18493413681945, loss: 1.569159673154354, rho: 0.4000000000000001, transmit_actions: 19, P: [0.125, 0.90625, 0.09375, 0.09375, 0.125, 0.125, 0.125, 0.09375, 0.09375, 0.125, 0.125, 0.15625, 0.125, 0.125, 0.15625, 0.125, 0.09375, 0.15625, 0.125, 0.15625]
[TRAIN]: (632/1600): reward: 40.870101877488196, rates: 42.87010208234392, loss: 1.53113334774971, rho: 0.4000000000000001, transmit_actions: 18, P: [0.125, 0.90625, 0.125, 0.90625, 0.09375, 0.0625, 0.1875, 0.0625, 0.0625, 0.0625, 0.125, 0.125, 0.125, 0.125, 0.15625, 0.125, 0.125, 0.125, 0.15625, 0.15625]
[TRAIN]: (633/1600): reward: 33.918665532022715, rates: 36.91866562927728, loss: 1.3465047493577003, rho: 0.4000000000000001, transmit_actions: 19, P: [0.125, 0.125, 0.90625, 0.125, 0.0625, 0.09375, 0.1875, 0.15625, 0.0625, 0.09375, 0.0625, 0.15625, 0.125, 0.09375, 0.125, 0.125, 0.125, 0.125, 0.875, 0.125]
[TRAIN]: (634/1600): reward: 37.27068896219134, rates: 41.27068890110035, loss: 1.3203340619802475, rho: 0.4000000000000001, transmit_actions: 20, P: [0.125, 0.375, 0.0625, 0.0625, 0.09375, 0.0, 0.125, 0.09375, 0.125, 0.09375, 0.09375, 0.125, 0.09375, 0.09375, 0.09375, 0.125, 0.09375, 0.09375, 0.125, 0.15625]
[TRAIN]: (635/1600): reward: 34.601361826993525, rates: 38.60136162109271, loss: 1.3208159893751144, rho: 0.4000000000000001, transmit_actions: 18, P: [0.125, 0.90625, 0.125, 0.125, 0.09375, 0.1875, 0.25, 0.0625, 0.0625, 0.09375, 0.09375, 0.09375, 0.15625, 0.125, 0.375, 0.09375, 0.09375, 0.125, 0.15625, 0.125]
[TRAIN]: (636/1600): reward: 47.24941570311785, rates: 48.24941508707264, loss: 1.5559143126010895, rho: 0.4000000000000001, transmit_actions: 18, P: [0.125, 0.90625, 0.90625, 0.125, 0.28125, 0.09375, 0.125, 0.09375, 0.09375, 0.09375, 0.0625, 0.15625, 0.125, 0.15625, 0.09375, 0.125, 0.09375, 0.125, 0.125, 0.125]
[TRAIN]: (637/1600): reward: 45.420496886596084, rates: 46.42049664416478, loss: 1.4371911734342575, rho: 0.4000000000000001, transmit_actions: 19, P: [0.125, 0.90625, 0.09375, 0.09375, 0.0625, 0.125, 0.0625, 0.125, 0.09375, 0.09375, 0.125, 0.09375, 0.125, 0.15625, 0.125, 0.09375, 0.125, 0.125, 0.09375, 0.125]
[TRAIN]: (638/1600): reward: 44.05550107720774, rates: 46.0555006643044, loss: 1.5869974404573441, rho: 0.4000000000000001, transmit_actions: 20, P: [0.125, 0.28125, 0.0625, 0.09375, 0.09375, 0.125, 0.125, 0.09375, 0.15625, 0.0625, 0.09375, 0.125, 0.125, 0.09375, 0.125, 0.15625, 0.125, 0.15625, 0.09375, 0.09375]
[TRAIN]: (639/1600): reward: 36.6587795317173, rates: 39.65877950518749, loss: 1.3024328529834748, rho: 0.4000000000000001, transmit_actions: 20, P: [0.125, 0.125, 0.09375, 0.28125, 0.28125, 0.125, 0.09375, 0.0625, 0.125, 0.0625, 0.125, 0.09375, 0.125, 0.125, 0.125, 0.0, 0.09375, 0.125, 0.125, 0.125]
[TRAIN]: (640/1600): reward: 48.20173275656998, rates: 49.20173248306235, loss: 1.0699475347995757, rho: 0.4000000000000001, transmit_actions: 20, P: [0.125, 0.0625, 0.09375, 0.15625, 0.09375, 0.09375, 0.09375, 0.0625, 0.0625, 0.0625, 0.0625, 0.125, 0.125, 0.125, 0.15625, 0.125, 0.125, 0.125, 0.09375, 0.15625]
[TRAIN]: (641/1600): reward: 48.218082308769226, rates: 49.21808224102404, loss: 1.4585201770067215, rho: 0.4000000000000001, transmit_actions: 19, P: [0.125, 0.90625, 0.15625, 0.125, 0.125, 0.125, 0.0625, 0.09375, 0.03125, 0.125, 0.09375, 0.125, 0.125, 0.15625, 0.15625, 0.125, 0.125, 0.125, 0.125, 0.125]
[TRAIN]: (642/1600): reward: 43.60703661479056, rates: 46.607036906684435, loss: 1.301624244451523, rho: 0.4000000000000001, transmit_actions: 20, P: [0.125, 0.125, 0.1875, 0.0625, 0.125, 0.09375, 0.125, 0.125, 0.0625, 0.125, 0.125, 0.125, 0.125, 0.15625, 0.125, 0.15625, 0.125, 0.125, 0.125, 0.09375]
[TRAIN]: (643/1600): reward: 46.34033428505063, rates: 47.34033401329394, loss: 1.4210516959428787, rho: 0.4000000000000001, transmit_actions: 20, P: [0.125, 0.09375, 0.0625, 0.0625, 0.125, 0.125, 0.125, 0.125, 0.125, 0.125, 0.125, 0.125, 0.125, 0.125, 0.15625, 0.125, 0.125, 0.125, 0.125, 0.09375]
[TRAIN]: (644/1600): reward: 35.29126977920532, rates: 38.29126961316936, loss: 1.2410798817873, rho: 0.4000000000000001, transmit_actions: 18, P: [0.125, 0.90625, 0.90625, 0.0625, 0.0625, 0.125, 0.125, 0.125, 0.09375, 0.0625, 0.125, 0.15625, 0.125, 0.125, 0.125, 0.15625, 0.125, 0.125, 0.125, 0.125]
[TRAIN]: (645/1600): reward: 48.794053085148335, rates: 49.794052451271995, loss: 1.5078370422124863, rho: 0.4000000000000001, transmit_actions: 19, P: [0.125, 0.90625, 0.125, 0.0625, 0.09375, 0.0625, 0.09375, 0.09375, 0.0625, 0.125, 0.0625, 0.15625, 0.125, 0.15625, 0.125, 0.125, 0.125, 0.125, 0.15625, 0.15625]
[TRAIN]: (646/1600): reward: 47.24425529502332, rates: 48.244254997943855, loss: 1.5097327768802642, rho: 0.4000000000000001, transmit_actions: 20, P: [0.125, 0.0625, 0.0625, 0.0625, 0.09375, 0.125, 0.125, 0.0625, 0.125, 0.09375, 0.09375, 0.15625, 0.125, 0.125, 0.15625, 0.15625, 0.15625, 0.15625, 0.125, 0.125]
[TRAIN]: (647/1600): reward: 42.565264493227005, rates: 43.565264493823264, loss: 1.3868609964847565, rho: 0.4000000000000001, transmit_actions: 20, P: [0.125, 0.125, 0.09375, 0.0625, 0.09375, 0.0625, 0.0625, 0.0625, 0.0625, 0.0625, 0.125, 0.125, 0.125, 0.125, 0.125, 0.09375, 0.125, 0.125, 0.125, 0.125]
[TRAIN]: (648/1600): reward: 27.188809745013714, rates: 31.18880976491074, loss: 1.513325683772564, rho: 0.4000000000000001, transmit_actions: 18, P: [0.125, 0.90625, 0.125, 0.09375, 0.0625, 0.0625, 0.0625, 0.0625, 0.0625, 0.125, 0.125, 0.125, 0.125, 0.53125, 0.125, 0.125, 0.125, 0.625, 0.125, 0.125]
[TRAIN]: (649/1600): reward: 39.21516643092036, rates: 41.21516724867581, loss: 1.4075415074825286, rho: 0.4000000000000001, transmit_actions: 19, P: [0.125, 0.90625, 0.125, 0.0625, 0.09375, 0.28125, 0.0625, 0.0625, 0.125, 0.0625, 0.0625, 0.125, 0.15625, 0.125, 0.125, 0.125, 0.125, 0.125, 0.09375, 0.15625]
[TRAIN]: (650/1600): reward: 47.28184889256954, rates: 48.2818492917836, loss: 1.4931018590927123, rho: 0.4000000000000001, transmit_actions: 19, P: [0.125, 0.90625, 0.09375, 0.28125, 0.0625, 0.1875, 0.1875, 0.0625, 0.125, 0.0625, 0.15625, 0.125, 0.09375, 0.125, 0.09375, 0.125, 0.125, 0.15625, 0.125, 0.15625]
[TRAIN]: (651/1600): reward: 46.606654174625874, rates: 48.60665474255471, loss: 1.5311121463775634, rho: 0.4000000000000001, transmit_actions: 19, P: [0.125, 0.90625, 0.15625, 0.0625, 0.125, 0.125, 0.09375, 0.15625, 0.125, 0.15625, 0.0625, 0.125, 0.125, 0.15625, 0.09375, 0.15625, 0.15625, 0.125, 0.125, 0.125]
[TRAIN]: (652/1600): reward: 52.21056494489312, rates: 53.21056540710746, loss: 1.387135499715805, rho: 0.4000000000000001, transmit_actions: 20, P: [0.125, 0.125, 0.0625, 0.125, 0.09375, 0.125, 0.0625, 0.09375, 0.09375, 0.125, 0.125, 0.15625, 0.125, 0.125, 0.15625, 0.125, 0.09375, 0.125, 0.15625, 0.125]
[TRAIN]: (653/1600): reward: 40.773252449929714, rates: 42.77325187509143, loss: 1.585113313794136, rho: 0.4000000000000001, transmit_actions: 19, P: [0.125, 0.90625, 0.15625, 0.09375, 0.1875, 0.0625, 0.125, 0.0625, 0.0625, 0.125, 0.0625, 0.125, 0.125, 0.15625, 0.125, 0.125, 0.125, 0.125, 0.15625, 0.125]
[TRAIN]: (654/1600): reward: 42.69517918676138, rates: 44.6951792163222, loss: 1.414674496650696, rho: 0.4000000000000001, transmit_actions: 20, P: [0.125, 0.0625, 0.125, 0.0625, 0.125, 0.125, 0.125, 0.125, 0.125, 0.0625, 0.0625, 0.125, 0.125, 0.125, 0.125, 0.125, 0.15625, 0.125, 0.125, 0.125]
[TRAIN]: (655/1600): reward: 46.69816464185715, rates: 47.698165525672565, loss: 1.4588689655065536, rho: 0.4000000000000001, transmit_actions: 20, P: [0.125, 0.0625, 0.15625, 0.15625, 0.0625, 0.09375, 0.0625, 0.125, 0.125, 0.09375, 0.125, 0.09375, 0.125, 0.125, 0.09375, 0.15625, 0.15625, 0.125, 0.125, 0.125]
[TRAIN]: (656/1600): reward: 49.608466517180204, rates: 50.608466822051646, loss: 1.34179844558239, rho: 0.4000000000000001, transmit_actions: 19, P: [0.125, 0.90625, 0.125, 0.0625, 0.125, 0.0625, 0.125, 0.09375, 0.125, 0.0625, 0.125, 0.15625, 0.15625, 0.09375, 0.15625, 0.15625, 0.125, 0.09375, 0.125, 0.125]
[TRAIN]: (657/1600): reward: 45.10813906043768, rates: 49.108138908512025, loss: 1.4914367973804474, rho: 0.4000000000000001, transmit_actions: 19, P: [0.125, 0.90625, 0.625, 0.125, 0.03125, 0.15625, 0.125, 0.15625, 0.09375, 0.09375, 0.09375, 0.125, 0.15625, 0.15625, 0.125, 0.125, 0.125, 0.125, 0.125, 0.15625]
[TRAIN]: (658/1600): reward: 46.672971084713936, rates: 47.67297132806403, loss: 1.4369249999523164, rho: 0.4000000000000001, transmit_actions: 20, P: [0.15625, 0.0625, 0.0625, 0.125, 0.0625, 0.1875, 0.0625, 0.125, 0.0625, 0.1875, 0.1875, 0.125, 0.125, 0.125, 0.15625, 0.09375, 0.125, 0.09375, 0.125, 0.15625]
[TRAIN]: (659/1600): reward: 37.607374742627144, rates: 40.60737474576735, loss: 1.3601738214492798, rho: 0.4000000000000001, transmit_actions: 19, P: [0.15625, 0.90625, 0.0625, 0.1875, 0.09375, 0.15625, 0.09375, 0.1875, 0.0625, 0.09375, 0.15625, 0.15625, 0.125, 0.15625, 0.125, 0.15625, 0.09375, 0.15625, 0.15625, 0.15625]
[TRAIN]: (660/1600): reward: 46.97768748551607, rates: 48.97768760452253, loss: 1.45681873857975, rho: 0.4000000000000001, transmit_actions: 18, P: [0.15625, 0.90625, 0.4375, 0.125, 0.125, 0.09375, 0.09375, 0.0625, 0.09375, 0.0625, 0.09375, 0.15625, 0.15625, 0.125, 0.15625, 0.125, 0.09375, 0.09375, 0.15625, 0.125]
[TRAIN]: (661/1600): reward: 48.416431080549955, rates: 49.41643108400263, loss: 1.3758883118629455, rho: 0.4000000000000001, transmit_actions: 20, P: [0.15625, 0.125, 0.0625, 0.125, 0.15625, 0.09375, 0.0625, 0.125, 0.1875, 0.09375, 0.1875, 0.15625, 0.125, 0.15625, 0.125, 0.09375, 0.15625, 0.125, 0.15625, 0.15625]
[TRAIN]: (662/1600): reward: 42.971373092383146, rates: 45.971373492213075, loss: 1.383498015999794, rho: 0.4000000000000001, transmit_actions: 19, P: [0.15625, 0.0625, 0.90625, 0.0625, 0.125, 0.09375, 0.09375, 0.09375, 0.125, 0.0625, 0.1875, 0.09375, 0.125, 0.09375, 0.15625, 0.15625, 0.125, 0.125, 0.15625, 0.125]
[TRAIN]: (663/1600): reward: 43.805262342095375, rates: 46.805262965410996, loss: 1.577290591597557, rho: 0.4000000000000001, transmit_actions: 19, P: [0.15625, 0.84375, 0.09375, 0.1875, 0.09375, 0.1875, 0.125, 0.1875, 0.1875, 0.15625, 0.03125, 0.15625, 0.125, 0.125, 0.125, 0.125, 0.125, 0.09375, 0.125, 0.125]
[TRAIN]: (664/1600): reward: 48.692340936511755, rates: 49.69234087953995, loss: 1.4715925812721253, rho: 0.4000000000000001, transmit_actions: 19, P: [0.125, 0.90625, 0.09375, 0.125, 0.125, 0.09375, 0.1875, 0.09375, 0.1875, 0.125, 0.125, 0.09375, 0.125, 0.15625, 0.125, 0.15625, 0.125, 0.125, 0.125, 0.15625]
[TRAIN]: (665/1600): reward: 42.631253307685256, rates: 44.631253173889405, loss: 1.622129389643669, rho: 0.4000000000000001, transmit_actions: 20, P: [0.125, 0.09375, 0.125, 0.125, 0.03125, 0.0625, 0.0625, 0.15625, 0.125, 0.125, 0.125, 0.125, 0.125, 0.125, 0.15625, 0.125, 0.125, 0.125, 0.15625, 0.125]
[TRAIN]: (666/1600): reward: 39.440860498696566, rates: 43.44086054600442, loss: 1.7334034711122512, rho: 0.4000000000000001, transmit_actions: 19, P: [0.125, 0.0, 0.1875, 0.15625, 0.125, 0.1875, 0.15625, 0.09375, 0.125, 0.1875, 0.0625, 0.125, 0.125, 0.125, 0.15625, 0.125, 0.09375, 0.625, 0.125, 0.15625]
[TRAIN]: (667/1600): reward: 45.466964073479176, rates: 47.46696434083292, loss: 1.5187196344137193, rho: 0.4000000000000001, transmit_actions: 19, P: [0.125, 0.90625, 0.1875, 0.125, 0.125, 0.09375, 0.125, 0.1875, 0.15625, 0.125, 0.0625, 0.15625, 0.09375, 0.15625, 0.125, 0.15625, 0.15625, 0.09375, 0.15625, 0.15625]
[TRAIN]: (668/1600): reward: 36.35378944501281, rates: 40.353788909383184, loss: 1.5866020888090133, rho: 0.4000000000000001, transmit_actions: 20, P: [0.15625, 0.125, 0.09375, 0.09375, 0.125, 0.09375, 0.0625, 0.1875, 0.09375, 0.1875, 0.1875, 0.15625, 0.40625, 0.125, 0.125, 0.125, 0.125, 0.15625, 0.15625, 0.15625]
[TRAIN]: (669/1600): reward: 45.770018983632326, rates: 46.77001880255388, loss: 1.4215535551309586, rho: 0.4000000000000001, transmit_actions: 20, P: [0.125, 0.0625, 0.09375, 0.0625, 0.03125, 0.125, 0.09375, 0.1875, 0.1875, 0.09375, 0.125, 0.09375, 0.15625, 0.125, 0.125, 0.15625, 0.125, 0.125, 0.15625, 0.15625]
[TRAIN]: (670/1600): reward: 41.84667282551527, rates: 45.84667250286044, loss: 1.4268396884202956, rho: 0.4000000000000001, transmit_actions: 20, P: [0.15625, 0.1875, 0.0, 0.0625, 0.0625, 0.09375, 0.3125, 0.875, 0.09375, 0.1875, 0.0625, 0.09375, 0.125, 0.09375, 0.125, 0.125, 0.125, 0.125, 0.15625, 0.125]
[TRAIN]: (671/1600): reward: 40.630026031285524, rates: 42.630025543616554, loss: 1.2438437700271607, rho: 0.4000000000000001, transmit_actions: 19, P: [0.15625, 0.84375, 0.09375, 0.15625, 0.125, 0.1875, 0.125, 0.125, 0.1875, 0.125, 0.0625, 0.09375, 0.125, 0.09375, 0.125, 0.125, 0.125, 0.15625, 0.125, 0.125]
[TRAIN]: (672/1600): reward: 49.400950849056244, rates: 50.40095066468614, loss: 1.500092101097107, rho: 0.4000000000000001, transmit_actions: 20, P: [0.15625, 0.125, 0.09375, 0.125, 0.1875, 0.09375, 0.09375, 0.1875, 0.09375, 0.125, 0.09375, 0.125, 0.125, 0.15625, 0.125, 0.09375, 0.15625, 0.125, 0.125, 0.15625]
[TRAIN]: (673/1600): reward: 27.362429417669773, rates: 32.362430243915774, loss: 1.7175916731357574, rho: 0.4000000000000001, transmit_actions: 19, P: [0.15625, 0.90625, 0.1875, 0.09375, 0.125, 0.1875, 0.15625, 0.125, 0.0625, 0.28125, 0.28125, 0.125, 0.375, 0.125, 0.15625, 0.09375, 0.125, 0.15625, 0.09375, 0.15625]
[TRAIN]: (674/1600): reward: 45.300370424985886, rates: 46.300370402635714, loss: 1.6732120037078857, rho: 0.4000000000000001, transmit_actions: 20, P: [0.15625, 0.0, 0.0625, 0.09375, 0.0625, 0.09375, 0.0625, 0.0625, 0.125, 0.125, 0.125, 0.125, 0.125, 0.15625, 0.125, 0.125, 0.15625, 0.125, 0.15625, 0.15625]
[TRAIN]: (675/1600): reward: 42.972175773233175, rates: 44.97217593243025, loss: 1.6757548332214356, rho: 0.4000000000000001, transmit_actions: 20, P: [0.15625, 0.625, 0.0625, 0.09375, 0.15625, 0.125, 0.09375, 0.15625, 0.09375, 0.0625, 0.1875, 0.15625, 0.125, 0.15625, 0.15625, 0.15625, 0.15625, 0.09375, 0.125, 0.125]
[TRAIN]: (676/1600): reward: 47.02503955550492, rates: 49.02503933727201, loss: 1.7364086240530014, rho: 0.4000000000000001, transmit_actions: 18, P: [0.15625, 0.90625, 0.0625, 0.09375, 0.09375, 0.0625, 0.125, 0.125, 0.25, 0.09375, 0.0625, 0.09375, 0.125, 0.09375, 0.1875, 0.125, 0.15625, 0.125, 0.15625, 0.125]
[TRAIN]: (677/1600): reward: 39.73898264253512, rates: 41.738982462785614, loss: 1.2069631516933441, rho: 0.4000000000000001, transmit_actions: 17, P: [0.15625, 0.90625, 0.90625, 0.125, 0.0625, 0.0625, 0.125, 0.15625, 0.125, 0.125, 0.09375, 0.09375, 0.15625, 0.125, 0.125, 0.125, 0.09375, 0.125, 0.46875, 0.09375]
[TRAIN]: (678/1600): reward: 42.42066888976842, rates: 45.42066924916118, loss: 1.5674080699682236, rho: 0.4000000000000001, transmit_actions: 20, P: [0.125, 0.09375, 0.125, 0.125, 0.09375, 0.125, 0.0625, 0.125, 0.0625, 0.09375, 0.09375, 0.125, 0.15625, 0.125, 0.125, 0.15625, 0.09375, 0.09375, 0.09375, 0.09375]
[TRAIN]: (679/1600): reward: 40.71737356483936, rates: 42.717373796087806, loss: 1.3810044646263122, rho: 0.4000000000000001, transmit_actions: 19, P: [0.125, 0.90625, 0.125, 0.0625, 0.0625, 0.09375, 0.09375, 0.0625, 0.125, 0.0625, 0.0625, 0.125, 0.125, 0.15625, 0.125, 0.09375, 0.09375, 0.15625, 0.125, 0.15625]
[TRAIN]: (680/1600): reward: 39.35791161283851, rates: 41.357911357760784, loss: 1.249273207783699, rho: 0.4000000000000001, transmit_actions: 18, P: [0.125, 0.90625, 0.90625, 0.0625, 0.125, 0.15625, 0.09375, 0.0625, 0.09375, 0.09375, 0.125, 0.09375, 0.125, 0.15625, 0.15625, 0.09375, 0.125, 0.125, 0.125, 0.15625]
[TRAIN]: (681/1600): reward: 48.882099045440555, rates: 49.88209929245939, loss: 1.3419618785381318, rho: 0.4000000000000001, transmit_actions: 20, P: [0.125, 0.125, 0.09375, 0.1875, 0.125, 0.09375, 0.0625, 0.125, 0.09375, 0.125, 0.09375, 0.15625, 0.125, 0.125, 0.15625, 0.125, 0.125, 0.15625, 0.15625, 0.125]
[TRAIN]: (682/1600): reward: 48.536331959068775, rates: 49.5363319151881, loss: 1.4095012903213502, rho: 0.4000000000000001, transmit_actions: 19, P: [0.15625, 0.78125, 0.09375, 0.0625, 0.09375, 0.0625, 0.09375, 0.125, 0.09375, 0.0625, 0.125, 0.15625, 0.125, 0.125, 0.15625, 0.125, 0.09375, 0.15625, 0.125, 0.125]
[TRAIN]: (683/1600): reward: 41.609347600489855, rates: 44.60934768190606, loss: 1.7092157125473022, rho: 0.4000000000000001, transmit_actions: 17, P: [0.125, 0.90625, 0.125, 0.09375, 0.09375, 0.09375, 0.09375, 0.0, 0.0625, 0.125, 0.125, 0.125, 0.125, 0.6875, 0.125, 0.125, 0.125, 0.09375, 0.125, 0.125]
[TRAIN]: (684/1600): reward: 42.224625904113054, rates: 44.22462582184658, loss: 1.794685146212578, rho: 0.4000000000000001, transmit_actions: 20, P: [0.125, 0.125, 0.125, 0.0625, 0.09375, 0.125, 0.125, 0.09375, 0.125, 0.0625, 0.0625, 0.15625, 0.125, 0.125, 0.15625, 0.09375, 0.125, 0.125, 0.09375, 0.09375]
[TRAIN]: (685/1600): reward: 43.52972637116909, rates: 45.52972669658675, loss: 1.6200159907341003, rho: 0.4000000000000001, transmit_actions: 20, P: [0.125, 0.0, 0.125, 0.0625, 0.125, 0.09375, 0.125, 0.0625, 0.125, 0.0625, 0.09375, 0.125, 0.125, 0.125, 0.09375, 0.125, 0.09375, 0.125, 0.125, 0.125]
[TRAIN]: (686/1600): reward: 47.32247421517968, rates: 48.32247402594763, loss: 1.3678658574819564, rho: 0.4000000000000001, transmit_actions: 19, P: [0.125, 0.90625, 0.0, 0.0625, 0.125, 0.125, 0.125, 0.125, 0.125, 0.0625, 0.0625, 0.125, 0.125, 0.125, 0.09375, 0.15625, 0.15625, 0.125, 0.125, 0.15625]
[TRAIN]: (687/1600): reward: 38.11268260702491, rates: 41.11268329077888, loss: 1.3183097556233405, rho: 0.4000000000000001, transmit_actions: 20, P: [0.09375, 0.0625, 0.0625, 0.125, 0.0625, 0.125, 0.0625, 0.1875, 0.09375, 0.09375, 0.0625, 0.09375, 0.125, 0.125, 0.125, 0.0625, 0.15625, 0.125, 0.125, 0.125]
[TRAIN]: (688/1600): reward: 46.36981418542564, rates: 47.36981426780976, loss: 1.5329605311155319, rho: 0.4000000000000001, transmit_actions: 19, P: [0.125, 0.90625, 0.0625, 0.09375, 0.0625, 0.09375, 0.0625, 0.0625, 0.0625, 0.0625, 0.0625, 0.15625, 0.125, 0.125, 0.125, 0.09375, 0.125, 0.125, 0.125, 0.09375]
[TRAIN]: (689/1600): reward: 39.27127479016781, rates: 41.271274448666695, loss: 1.7127939730882644, rho: 0.4000000000000001, transmit_actions: 19, P: [0.09375, 0.0625, 0.0625, 0.09375, 0.0625, 0.125, 0.0625, 0.09375, 0.0625, 0.0625, 0.0625, 0.125, 0.15625, 0.125, 0.0625, 0.34375, 0.0625, 0.125, 0.15625, 0.125]
[TRAIN]: (690/1600): reward: 46.64374050498009, rates: 47.64373970573561, loss: 1.6118084102869035, rho: 0.4000000000000001, transmit_actions: 19, P: [0.125, 0.90625, 0.125, 0.0625, 0.09375, 0.125, 0.09375, 0.1875, 0.09375, 0.125, 0.125, 0.09375, 0.125, 0.125, 0.15625, 0.125, 0.125, 0.125, 0.125, 0.09375]
[TRAIN]: (691/1600): reward: 47.63925363123417, rates: 48.63925400080289, loss: 1.6202836990356446, rho: 0.4000000000000001, transmit_actions: 20, P: [0.09375, 0.125, 0.125, 0.09375, 0.0625, 0.0625, 0.125, 0.125, 0.09375, 0.09375, 0.09375, 0.125, 0.09375, 0.15625, 0.125, 0.15625, 0.09375, 0.09375, 0.09375, 0.09375]
[TRAIN]: (692/1600): reward: 37.216307889670134, rates: 40.21630815763973, loss: 1.2363485425710679, rho: 0.4000000000000001, transmit_actions: 19, P: [0.15625, 0.90625, 0.0625, 0.09375, 0.0625, 0.09375, 0.125, 0.0625, 0.09375, 0.09375, 0.09375, 0.125, 0.15625, 0.15625, 0.15625, 0.125, 0.09375, 0.125, 0.125, 0.15625]
[TRAIN]: (693/1600): reward: 49.69252846296877, rates: 50.69252888570944, loss: 1.5843581438064576, rho: 0.4000000000000001, transmit_actions: 19, P: [0.09375, 0.90625, 0.125, 0.09375, 0.0625, 0.09375, 0.0625, 0.125, 0.0625, 0.09375, 0.15625, 0.125, 0.09375, 0.15625, 0.09375, 0.09375, 0.15625, 0.15625, 0.15625, 0.125]
[TRAIN]: (694/1600): reward: 48.40138689801097, rates: 49.40138686936376, loss: 1.6177564859390259, rho: 0.4000000000000001, transmit_actions: 20, P: [0.15625, 0.0625, 0.125, 0.09375, 0.0625, 0.125, 0.0625, 0.0625, 0.09375, 0.09375, 0.09375, 0.09375, 0.125, 0.09375, 0.125, 0.09375, 0.125, 0.15625, 0.15625, 0.125]
[TRAIN]: (695/1600): reward: 45.657153610140085, rates: 46.65715372140315, loss: 1.7245090693235396, rho: 0.4000000000000001, transmit_actions: 19, P: [0.15625, 0.90625, 0.09375, 0.09375, 0.09375, 0.125, 0.09375, 0.0625, 0.125, 0.09375, 0.09375, 0.15625, 0.125, 0.09375, 0.125, 0.125, 0.09375, 0.09375, 0.125, 0.09375]
[TRAIN]: (696/1600): reward: 46.400684787891805, rates: 47.40068523339302, loss: 1.4055019289255142, rho: 0.4000000000000001, transmit_actions: 20, P: [0.09375, 0.0, 0.125, 0.125, 0.0625, 0.125, 0.09375, 0.125, 0.125, 0.125, 0.125, 0.125, 0.125, 0.125, 0.125, 0.15625, 0.125, 0.15625, 0.15625, 0.125]
[TRAIN]: (697/1600): reward: 44.428319928236306, rates: 45.4283201318764, loss: 1.4458437383174896, rho: 0.4000000000000001, transmit_actions: 20, P: [0.09375, 0.0625, 0.09375, 0.125, 0.125, 0.125, 0.125, 0.03125, 0.125, 0.125, 0.0625, 0.125, 0.125, 0.09375, 0.125, 0.09375, 0.09375, 0.125, 0.15625, 0.125]
[TRAIN]: (698/1600): reward: 48.60334377735853, rates: 49.60334408295151, loss: 1.6961179673671722, rho: 0.4000000000000001, transmit_actions: 20, P: [0.15625, 0.125, 0.125, 0.09375, 0.125, 0.0625, 0.125, 0.125, 0.09375, 0.0625, 0.125, 0.125, 0.15625, 0.15625, 0.15625, 0.15625, 0.125, 0.0625, 0.15625, 0.125]
[TRAIN]: (699/1600): reward: 44.719189308583736, rates: 46.71918997531062, loss: 1.496984612941742, rho: 0.4000000000000001, transmit_actions: 19, P: [0.09375, 0.125, 0.125, 0.0, 0.125, 0.0625, 0.0625, 0.125, 0.125, 0.125, 0.0625, 0.15625, 0.125, 0.15625, 0.09375, 0.15625, 0.09375, 0.15625, 0.09375, 0.09375]
[TRAIN]: (700/1600): reward: 44.787879321724176, rates: 45.787878655122725, loss: 1.5859184443950654, rho: 0.4000000000000001, transmit_actions: 18, P: [0.09375, 0.90625, 0.90625, 0.09375, 0.09375, 0.09375, 0.09375, 0.09375, 0.09375, 0.0625, 0.0625, 0.15625, 0.09375, 0.09375, 0.125, 0.125, 0.125, 0.15625, 0.125, 0.09375]
[TRAIN]: (701/1600): reward: 41.382298797369, rates: 43.38229921081754, loss: 1.5139137238264084, rho: 0.4000000000000001, transmit_actions: 19, P: [0.125, 0.125, 0.0625, 0.125, 0.09375, 0.125, 0.0625, 0.125, 0.125, 0.09375, 0.09375, 0.125, 0.09375, 0.09375, 0.125, 0.125, 0.125, 0.125, 0.6875, 0.125]
[TRAIN]: (702/1600): reward: 50.198924459517, rates: 51.19892453222535, loss: 1.5092674970626831, rho: 0.4000000000000001, transmit_actions: 20, P: [0.125, 0.125, 0.09375, 0.125, 0.125, 0.125, 0.125, 0.0625, 0.125, 0.125, 0.125, 0.125, 0.15625, 0.125, 0.125, 0.09375, 0.09375, 0.125, 0.125, 0.15625]
[TRAIN]: (703/1600): reward: 48.11484457924962, rates: 49.11484411719606, loss: 1.5008025497198105, rho: 0.4000000000000001, transmit_actions: 20, P: [0.09375, 0.0625, 0.125, 0.09375, 0.09375, 0.09375, 0.09375, 0.125, 0.125, 0.09375, 0.09375, 0.09375, 0.09375, 0.09375, 0.125, 0.125, 0.125, 0.125, 0.125, 0.09375]
[TRAIN]: (704/1600): reward: 44.93897109478712, rates: 45.938970667444416, loss: 1.5745081156492233, rho: 0.4000000000000001, transmit_actions: 20, P: [0.09375, 0.09375, 0.125, 0.125, 0.09375, 0.09375, 0.0625, 0.09375, 0.0625, 0.09375, 0.09375, 0.125, 0.09375, 0.125, 0.15625, 0.125, 0.09375, 0.125, 0.09375, 0.125]
[TRAIN]: (705/1600): reward: 48.582865081727505, rates: 49.58286541864043, loss: 1.6155075013637543, rho: 0.4000000000000001, transmit_actions: 20, P: [0.09375, 0.09375, 0.09375, 0.09375, 0.125, 0.125, 0.125, 0.0625, 0.09375, 0.09375, 0.125, 0.15625, 0.09375, 0.09375, 0.09375, 0.15625, 0.09375, 0.125, 0.09375, 0.125]
[TRAIN]: (706/1600): reward: 51.29331807792187, rates: 52.293317904314705, loss: 1.519514614343643, rho: 0.4000000000000001, transmit_actions: 20, P: [0.09375, 0.125, 0.09375, 0.09375, 0.0625, 0.09375, 0.09375, 0.125, 0.09375, 0.125, 0.09375, 0.15625, 0.15625, 0.125, 0.15625, 0.125, 0.09375, 0.09375, 0.125, 0.125]
[TRAIN]: (707/1600): reward: 44.100651644170284, rates: 45.10065193044764, loss: 1.4168660402297975, rho: 0.4000000000000001, transmit_actions: 19, P: [0.09375, 0.90625, 0.0625, 0.09375, 0.0625, 0.0625, 0.125, 0.125, 0.0625, 0.125, 0.09375, 0.125, 0.125, 0.125, 0.09375, 0.125, 0.09375, 0.125, 0.09375, 0.15625]
[TRAIN]: (708/1600): reward: 37.14484712854028, rates: 40.144847301101834, loss: 1.5641815662384033, rho: 0.4000000000000001, transmit_actions: 20, P: [0.15625, 0.125, 0.125, 0.0625, 0.125, 0.125, 0.0625, 0.0625, 0.125, 0.09375, 0.09375, 0.09375, 0.15625, 0.15625, 0.125, 0.15625, 0.15625, 0.125, 0.15625, 0.15625]
[TRAIN]: (709/1600): reward: 46.16568439267576, rates: 48.16568406470984, loss: 1.3263003334403038, rho: 0.4000000000000001, transmit_actions: 20, P: [0.15625, 0.125, 0.0625, 0.125, 0.0625, 0.0625, 0.0625, 0.125, 0.0625, 0.15625, 0.125, 0.09375, 0.15625, 0.125, 0.125, 0.125, 0.125, 0.15625, 0.15625, 0.09375]
[TRAIN]: (710/1600): reward: 47.08575915545225, rates: 48.08575960616262, loss: 1.5156814754009247, rho: 0.4000000000000001, transmit_actions: 19, P: [0.09375, 0.90625, 0.125, 0.0625, 0.125, 0.125, 0.0625, 0.0625, 0.125, 0.125, 0.0625, 0.09375, 0.125, 0.09375, 0.15625, 0.09375, 0.09375, 0.15625, 0.125, 0.09375]
[TRAIN]: (711/1600): reward: 50.59539504349232, rates: 51.5953954977804, loss: 1.5516501158475875, rho: 0.4000000000000001, transmit_actions: 18, P: [0.09375, 0.125, 0.125, 0.90625, 0.90625, 0.09375, 0.09375, 0.125, 0.03125, 0.0625, 0.125, 0.125, 0.15625, 0.09375, 0.125, 0.15625, 0.125, 0.125, 0.09375, 0.125]
[TRAIN]: (712/1600): reward: 49.04862279072404, rates: 50.04862283845593, loss: 1.5678012251853943, rho: 0.4000000000000001, transmit_actions: 20, P: [0.15625, 0.125, 0.0625, 0.125, 0.03125, 0.125, 0.125, 0.125, 0.0625, 0.125, 0.125, 0.125, 0.125, 0.125, 0.125, 0.09375, 0.15625, 0.09375, 0.125, 0.125]
[TRAIN]: (713/1600): reward: 39.96370652318001, rates: 41.963706504008314, loss: 1.751580947637558, rho: 0.4000000000000001, transmit_actions: 19, P: [0.09375, 0.90625, 0.09375, 0.09375, 0.09375, 0.0625, 0.125, 0.0625, 0.125, 0.125, 0.0625, 0.125, 0.125, 0.09375, 0.09375, 0.09375, 0.09375, 0.125, 0.09375, 0.09375]
[TRAIN]: (714/1600): reward: 45.06279515475035, rates: 46.06279465239873, loss: 1.6716596692800523, rho: 0.4000000000000001, transmit_actions: 20, P: [0.09375, 0.125, 0.125, 0.09375, 0.09375, 0.0625, 0.125, 0.09375, 0.09375, 0.0625, 0.0625, 0.125, 0.15625, 0.09375, 0.09375, 0.125, 0.125, 0.09375, 0.125, 0.125]
[TRAIN]: (715/1600): reward: 45.88124703988433, rates: 47.881247299294536, loss: 1.4667854934930802, rho: 0.4000000000000001, transmit_actions: 20, P: [0.09375, 0.28125, 0.0625, 0.0625, 0.125, 0.125, 0.0625, 0.125, 0.0625, 0.0625, 0.0625, 0.125, 0.09375, 0.15625, 0.125, 0.125, 0.125, 0.125, 0.09375, 0.125]
[TRAIN]: (716/1600): reward: 43.9488009698689, rates: 45.94880167639596, loss: 1.500944474339485, rho: 0.4000000000000001, transmit_actions: 20, P: [0.09375, 0.09375, 0.125, 0.1875, 0.09375, 0.125, 0.125, 0.09375, 0.125, 0.09375, 0.0625, 0.09375, 0.15625, 0.125, 0.125, 0.15625, 0.125, 0.125, 0.125, 0.09375]
[TRAIN]: (717/1600): reward: 46.14999141916633, rates: 47.149991737980116, loss: 1.7292718559503555, rho: 0.4000000000000001, transmit_actions: 19, P: [0.09375, 0.90625, 0.125, 0.125, 0.09375, 0.125, 0.09375, 0.09375, 0.125, 0.125, 0.09375, 0.09375, 0.15625, 0.125, 0.125, 0.125, 0.09375, 0.09375, 0.125, 0.125]
[TRAIN]: (718/1600): reward: 50.63469009846449, rates: 51.63468975609385, loss: 1.538427621126175, rho: 0.4000000000000001, transmit_actions: 20, P: [0.09375, 0.125, 0.0625, 0.125, 0.125, 0.125, 0.09375, 0.125, 0.125, 0.125, 0.125, 0.09375, 0.125, 0.09375, 0.15625, 0.125, 0.09375, 0.125, 0.125, 0.15625]
[TRAIN]: (719/1600): reward: 39.47564006596804, rates: 42.47564056457292, loss: 1.6153695046901704, rho: 0.4000000000000001, transmit_actions: 20, P: [0.09375, 0.0, 0.09375, 0.0625, 0.125, 0.125, 0.15625, 0.09375, 0.09375, 0.09375, 0.84375, 0.09375, 0.125, 0.09375, 0.15625, 0.125, 0.15625, 0.125, 0.09375, 0.09375]
[TRAIN]: (720/1600): reward: 49.678391087800264, rates: 50.67839095608718, loss: 1.6225727260112763, rho: 0.4000000000000001, transmit_actions: 20, P: [0.09375, 0.125, 0.09375, 0.125, 0.09375, 0.125, 0.09375, 0.09375, 0.125, 0.125, 0.125, 0.125, 0.09375, 0.125, 0.09375, 0.15625, 0.125, 0.125, 0.125, 0.09375]
[TRAIN]: (721/1600): reward: 45.87125224620104, rates: 46.871252489133, loss: 1.5801948219537736, rho: 0.4000000000000001, transmit_actions: 20, P: [0.09375, 0.125, 0.09375, 0.09375, 0.09375, 0.09375, 0.125, 0.09375, 0.0625, 0.125, 0.125, 0.09375, 0.125, 0.09375, 0.09375, 0.125, 0.125, 0.09375, 0.125, 0.09375]
[TRAIN]: (722/1600): reward: 41.433977432549, rates: 44.43397751204006, loss: 1.511851516366005, rho: 0.4000000000000001, transmit_actions: 18, P: [0.09375, 0.90625, 0.1875, 0.125, 0.125, 0.125, 0.0625, 0.125, 0.5, 0.15625, 0.0625, 0.15625, 0.125, 0.125, 0.125, 0.15625, 0.09375, 0.125, 0.15625, 0.15625]
[TRAIN]: (723/1600): reward: 39.68199706450105, rates: 43.68199679249277, loss: 1.6047075897455216, rho: 0.4000000000000001, transmit_actions: 20, P: [0.15625, 0.125, 0.125, 0.03125, 0.125, 0.09375, 0.125, 0.125, 0.125, 0.03125, 0.1875, 0.09375, 0.125, 0.15625, 0.15625, 0.15625, 0.125, 0.125, 0.125, 0.125]
[TRAIN]: (724/1600): reward: 53.488594096153975, rates: 54.488594645006174, loss: 1.3645368009805678, rho: 0.4000000000000001, transmit_actions: 19, P: [0.15625, 0.90625, 0.125, 0.125, 0.125, 0.15625, 0.125, 0.09375, 0.125, 0.0625, 0.125, 0.15625, 0.125, 0.15625, 0.09375, 0.15625, 0.125, 0.125, 0.15625, 0.125]
[TRAIN]: (725/1600): reward: 39.591720059514046, rates: 42.591720333082286, loss: 1.7154521971940995, rho: 0.4000000000000001, transmit_actions: 19, P: [0.15625, 0.90625, 0.375, 0.09375, 0.125, 0.125, 0.125, 0.125, 0.0625, 0.09375, 0.125, 0.15625, 0.125, 0.15625, 0.09375, 0.125, 0.125, 0.3125, 0.125, 0.125]
[TRAIN]: (726/1600): reward: 51.125077806413174, rates: 52.125077937977316, loss: 1.3692395299673081, rho: 0.4000000000000001, transmit_actions: 20, P: [0.09375, 0.125, 0.125, 0.125, 0.0625, 0.09375, 0.0625, 0.125, 0.0625, 0.0625, 0.125, 0.125, 0.15625, 0.09375, 0.09375, 0.09375, 0.125, 0.15625, 0.125, 0.15625]
[TRAIN]: (727/1600): reward: 48.617000080645084, rates: 49.61700041156266, loss: 1.4665424823760986, rho: 0.4000000000000001, transmit_actions: 20, P: [0.09375, 0.1875, 0.0625, 0.125, 0.09375, 0.1875, 0.09375, 0.0625, 0.09375, 0.125, 0.09375, 0.15625, 0.09375, 0.09375, 0.125, 0.125, 0.125, 0.09375, 0.15625, 0.125]
[TRAIN]: (728/1600): reward: 47.856294587254524, rates: 49.85629465223519, loss: 1.4377651914954186, rho: 0.4000000000000001, transmit_actions: 20, P: [0.09375, 0.125, 0.125, 0.125, 0.125, 0.125, 0.125, 0.09375, 0.125, 0.125, 0.125, 0.125, 0.125, 0.09375, 0.15625, 0.09375, 0.125, 0.15625, 0.09375, 0.15625]
[TRAIN]: (729/1600): reward: 46.789739863947034, rates: 48.78974051544233, loss: 1.4555028259754181, rho: 0.4000000000000001, transmit_actions: 19, P: [0.09375, 0.90625, 0.09375, 0.1875, 0.125, 0.125, 0.125, 0.125, 0.09375, 0.0625, 0.125, 0.125, 0.15625, 0.125, 0.15625, 0.125, 0.125, 0.125, 0.15625, 0.15625]
[TRAIN]: (730/1600): reward: 49.479650124907494, rates: 50.47965003663896, loss: 1.4658923998475075, rho: 0.4000000000000001, transmit_actions: 18, P: [0.15625, 0.90625, 0.90625, 0.09375, 0.125, 0.0625, 0.125, 0.1875, 0.125, 0.15625, 0.125, 0.15625, 0.15625, 0.09375, 0.125, 0.09375, 0.09375, 0.125, 0.125, 0.125]
[TRAIN]: (731/1600): reward: 46.17145521938801, rates: 47.17145560050098, loss: 1.5043901354074478, rho: 0.4000000000000001, transmit_actions: 19, P: [0.15625, 0.90625, 0.15625, 0.125, 0.0625, 0.09375, 0.09375, 0.125, 0.125, 0.09375, 0.1875, 0.09375, 0.09375, 0.125, 0.125, 0.125, 0.15625, 0.125, 0.15625, 0.15625]
[TRAIN]: (732/1600): reward: 44.88315983116627, rates: 46.88316085342666, loss: 1.6093277841806413, rho: 0.4000000000000001, transmit_actions: 18, P: [0.15625, 0.90625, 0.125, 0.09375, 0.09375, 0.375, 0.125, 0.125, 0.09375, 0.125, 0.125, 0.09375, 0.09375, 0.125, 0.125, 0.09375, 0.09375, 0.1875, 0.125, 0.09375]
[TRAIN]: (733/1600): reward: 40.72448845207691, rates: 42.72448827287452, loss: 1.5691366612911224, rho: 0.4000000000000001, transmit_actions: 20, P: [0.09375, 0.0, 0.09375, 0.09375, 0.09375, 0.09375, 0.09375, 0.09375, 0.09375, 0.09375, 0.09375, 0.09375, 0.09375, 0.125, 0.125, 0.125, 0.09375, 0.125, 0.125, 0.09375]
[TRAIN]: (734/1600): reward: 44.53037814050913, rates: 46.530377252113766, loss: 1.8387403428554534, rho: 0.4000000000000001, transmit_actions: 20, P: [0.09375, 0.375, 0.125, 0.125, 0.09375, 0.09375, 0.125, 0.09375, 0.125, 0.125, 0.125, 0.125, 0.125, 0.09375, 0.125, 0.125, 0.125, 0.125, 0.125, 0.09375]
[TRAIN]: (735/1600): reward: 43.14059787243605, rates: 46.14059859196773, loss: 1.3957733288407326, rho: 0.4000000000000001, transmit_actions: 20, P: [0.09375, 0.375, 0.09375, 0.1875, 0.125, 0.125, 0.09375, 0.09375, 0.1875, 0.125, 0.28125, 0.15625, 0.09375, 0.125, 0.125, 0.09375, 0.125, 0.09375, 0.125, 0.09375]
[TRAIN]: (736/1600): reward: 40.15004996955395, rates: 42.15005045321225, loss: 1.7881207838654518, rho: 0.4000000000000001, transmit_actions: 20, P: [0.09375, 0.03125, 0.125, 0.125, 0.09375, 0.125, 0.03125, 0.125, 0.125, 0.1875, 0.1875, 0.125, 0.125, 0.125, 0.09375, 0.125, 0.125, 0.15625, 0.15625, 0.15625]
[TRAIN]: (737/1600): reward: 45.29367683827877, rates: 46.29367606842727, loss: 1.6254878729581832, rho: 0.4000000000000001, transmit_actions: 20, P: [0.15625, 0.125, 0.125, 0.1875, 0.125, 0.09375, 0.125, 0.09375, 0.09375, 0.125, 0.09375, 0.125, 0.125, 0.125, 0.125, 0.125, 0.09375, 0.15625, 0.125, 0.125]
[TRAIN]: (738/1600): reward: 47.37729315459728, rates: 48.37729288312639, loss: 1.3446088254451751, rho: 0.4000000000000001, transmit_actions: 19, P: [0.15625, 0.90625, 0.15625, 0.125, 0.1875, 0.125, 0.0625, 0.125, 0.0625, 0.125, 0.1875, 0.125, 0.125, 0.15625, 0.125, 0.15625, 0.09375, 0.125, 0.15625, 0.09375]
[TRAIN]: (739/1600): reward: 45.33170314505696, rates: 49.331702596781405, loss: 1.5135259121656417, rho: 0.4000000000000001, transmit_actions: 20, P: [0.15625, 0.1875, 0.1875, 0.125, 0.125, 0.1875, 0.1875, 0.125, 0.125, 0.1875, 0.1875, 0.125, 0.125, 0.09375, 0.15625, 0.09375, 0.15625, 0.125, 0.15625, 0.15625]
[TRAIN]: (740/1600): reward: 45.46429681777954, rates: 48.46429691824221, loss: 1.7246686100959778, rho: 0.4000000000000001, transmit_actions: 20, P: [0.15625, 0.1875, 0.1875, 0.28125, 0.125, 0.09375, 0.1875, 0.1875, 0.1875, 0.09375, 0.0625, 0.15625, 0.15625, 0.15625, 0.09375, 0.09375, 0.09375, 0.15625, 0.125, 0.125]
[TRAIN]: (741/1600): reward: 42.21349309757352, rates: 44.21349369172942, loss: 1.7390711635351181, rho: 0.4000000000000001, transmit_actions: 19, P: [0.09375, 0.0625, 1.0, 0.09375, 0.125, 0.09375, 0.09375, 0.09375, 0.125, 0.09375, 0.09375, 0.09375, 0.125, 0.15625, 0.15625, 0.125, 0.15625, 0.15625, 0.15625, 0.09375]
[TRAIN]: (742/1600): reward: 48.922946602106094, rates: 49.92294669722878, loss: 1.6531135052442552, rho: 0.4000000000000001, transmit_actions: 18, P: [0.15625, 0.90625, 1.0, 0.125, 0.09375, 0.125, 0.125, 0.125, 0.125, 0.0625, 0.125, 0.15625, 0.125, 0.125, 0.09375, 0.15625, 0.15625, 0.09375, 0.125, 0.125]
[TRAIN]: (743/1600): reward: 36.887041971087456, rates: 40.887041441790046, loss: 1.4510957270860672, rho: 0.4000000000000001, transmit_actions: 18, P: [0.15625, 0.90625, 1.0, 0.1875, 0.0625, 0.09375, 0.1875, 0.09375, 0.28125, 0.1875, 0.1875, 0.125, 0.15625, 0.15625, 0.125, 0.125, 0.125, 0.15625, 0.15625, 0.125]
[TRAIN]: (744/1600): reward: 37.24766348209232, rates: 42.247663341837296, loss: 1.5224730581045152, rho: 0.4000000000000001, transmit_actions: 18, P: [0.15625, 0.90625, 0.03125, 0.1875, 0.15625, 0.15625, 0.21875, 0.1875, 0.0625, 0.125, 0.125, 0.125, 0.125, 0.09375, 0.15625, 0.125, 0.15625, 0.125, 0.125, 0.125]
[TRAIN]: (745/1600): reward: 50.45392347872257, rates: 51.453923235481795, loss: 1.3957528740167617, rho: 0.4000000000000001, transmit_actions: 19, P: [0.15625, 0.90625, 0.0625, 0.09375, 0.65625, 0.125, 0.03125, 0.0625, 0.1875, 0.15625, 0.125, 0.125, 0.09375, 0.125, 0.125, 0.09375, 0.125, 0.125, 0.125, 0.09375]
[TRAIN]: (746/1600): reward: 43.1133032143116, rates: 46.11330371109392, loss: 1.7112349897623063, rho: 0.4000000000000001, transmit_actions: 20, P: [0.15625, 0.0625, 0.125, 0.1875, 0.125, 0.09375, 0.15625, 0.125, 0.125, 0.1875, 0.0625, 0.125, 0.125, 0.09375, 0.125, 0.125, 0.09375, 0.15625, 0.15625, 0.125]
[TRAIN]: (747/1600): reward: 40.25185591634363, rates: 44.251855828300926, loss: 1.6358060628175735, rho: 0.4000000000000001, transmit_actions: 20, P: [0.15625, 0.375, 0.0, 0.125, 0.0625, 0.125, 0.09375, 0.0625, 0.125, 0.09375, 0.15625, 0.125, 0.15625, 0.125, 0.125, 0.125, 0.125, 0.125, 0.15625, 0.15625]
[TRAIN]: (748/1600): reward: 39.32776430994272, rates: 43.327764137240024, loss: 1.7030766755342484, rho: 0.4000000000000001, transmit_actions: 18, P: [0.09375, 0.90625, 1.0, 0.0625, 0.1875, 0.03125, 0.03125, 0.125, 0.125, 0.375, 0.15625, 0.125, 0.125, 0.125, 0.15625, 0.15625, 0.125, 0.15625, 0.125, 0.125]
[TRAIN]: (749/1600): reward: 49.984745423309505, rates: 50.98474504256863, loss: 1.2995382696390152, rho: 0.4000000000000001, transmit_actions: 19, P: [0.125, 0.90625, 0.0625, 0.125, 0.1875, 0.1875, 0.125, 0.0625, 0.125, 0.0625, 0.125, 0.125, 0.125, 0.125, 0.125, 0.125, 0.15625, 0.125, 0.09375, 0.09375]
[TRAIN]: (750/1600): reward: 40.89161617401987, rates: 42.89161628532605, loss: 1.5909261345863341, rho: 0.4000000000000001, transmit_actions: 20, P: [0.15625, 0.0625, 0.0625, 0.1875, 0.0625, 0.1875, 0.125, 0.125, 0.15625, 0.0625, 0.125, 0.125, 0.125, 0.125, 0.15625, 0.125, 0.125, 0.15625, 0.15625, 0.15625]
[TRAIN]: (751/1600): reward: 33.70632801391184, rates: 37.70632801880933, loss: 1.8245901137590408, rho: 0.4000000000000001, transmit_actions: 19, P: [0.15625, 1.0, 0.09375, 0.0625, 0.1875, 0.0625, 0.1875, 0.09375, 0.0625, 0.1875, 0.1875, 0.125, 0.09375, 0.15625, 0.15625, 0.15625, 0.09375, 0.15625, 0.125, 0.125]
[TRAIN]: (752/1600): reward: 46.2448904812336, rates: 47.24489096611784, loss: 1.6983094066381454, rho: 0.4000000000000001, transmit_actions: 19, P: [0.09375, 0.84375, 0.0625, 0.125, 0.1875, 0.125, 0.125, 0.0625, 0.03125, 0.03125, 0.09375, 0.125, 0.125, 0.09375, 0.125, 0.09375, 0.15625, 0.09375, 0.09375, 0.09375]
[TRAIN]: (753/1600): reward: 45.306159215047956, rates: 46.30615934430248, loss: 1.7615366011857987, rho: 0.4000000000000001, transmit_actions: 20, P: [0.09375, 0.125, 0.125, 0.125, 0.09375, 0.0625, 0.125, 0.125, 0.125, 0.09375, 0.125, 0.09375, 0.09375, 0.125, 0.125, 0.125, 0.09375, 0.15625, 0.09375, 0.09375]
[TRAIN]: (754/1600): reward: 46.262599751353264, rates: 48.26259994603751, loss: 1.7635879158973693, rho: 0.4000000000000001, transmit_actions: 20, P: [0.09375, 0.125, 0.1875, 0.125, 0.125, 0.125, 0.125, 0.1875, 0.0625, 0.125, 0.125, 0.15625, 0.125, 0.125, 0.15625, 0.15625, 0.15625, 0.15625, 0.125, 0.125]
[TRAIN]: (755/1600): reward: 46.78313563391566, rates: 47.783136281259885, loss: 1.4806764811277389, rho: 0.4000000000000001, transmit_actions: 20, P: [0.15625, 0.125, 0.1875, 0.125, 0.125, 0.125, 0.15625, 0.125, 0.1875, 0.125, 0.125, 0.125, 0.125, 0.15625, 0.125, 0.125, 0.125, 0.15625, 0.125, 0.09375]
[TRAIN]: (756/1600): reward: 44.897940665483475, rates: 47.89794081378793, loss: 1.6099423438310623, rho: 0.4000000000000001, transmit_actions: 19, P: [0.15625, 0.125, 0.1875, 0.09375, 0.125, 0.125, 0.125, 0.71875, 0.09375, 0.09375, 0.125, 0.15625, 0.15625, 0.125, 0.125, 0.125, 0.125, 0.125, 0.125, 0.125]
[TRAIN]: (757/1600): reward: 48.921098336577415, rates: 49.921098323104886, loss: 1.672316488623619, rho: 0.4000000000000001, transmit_actions: 20, P: [0.125, 0.125, 0.0625, 0.125, 0.125, 0.125, 0.125, 0.09375, 0.125, 0.125, 0.125, 0.15625, 0.15625, 0.125, 0.125, 0.125, 0.125, 0.125, 0.125, 0.125]
[TRAIN]: (758/1600): reward: 32.41051775962114, rates: 36.41051709579193, loss: 1.8890602707862854, rho: 0.4000000000000001, transmit_actions: 19, P: [0.15625, 0.90625, 0.125, 0.125, 0.1875, 0.15625, 0.09375, 0.125, 0.125, 0.125, 0.125, 0.15625, 0.09375, 0.09375, 0.09375, 0.15625, 0.125, 0.125, 0.15625, 0.15625]
[TRAIN]: (759/1600): reward: 43.870112631469965, rates: 46.87011288354727, loss: 1.6519576728343963, rho: 0.4000000000000001, transmit_actions: 19, P: [0.09375, 0.28125, 0.09375, 0.03125, 0.125, 0.09375, 0.125, 0.5, 0.1875, 0.125, 0.125, 0.125, 0.125, 0.09375, 0.125, 0.125, 0.125, 0.125, 0.125, 0.125]
[TRAIN]: (760/1600): reward: 52.58047169819474, rates: 53.58047181277634, loss: 1.577069503068924, rho: 0.4000000000000001, transmit_actions: 20, P: [0.125, 0.125, 0.125, 0.09375, 0.0625, 0.125, 0.125, 0.125, 0.125, 0.1875, 0.125, 0.125, 0.125, 0.125, 0.125, 0.09375, 0.125, 0.125, 0.125, 0.125]
[TRAIN]: (761/1600): reward: 46.209999322891235, rates: 48.20999960054923, loss: 1.649968358874321, rho: 0.4000000000000001, transmit_actions: 19, P: [0.125, 0.125, 0.90625, 0.125, 0.0625, 0.09375, 0.1875, 0.125, 0.125, 0.1875, 0.0625, 0.15625, 0.125, 0.125, 0.125, 0.125, 0.15625, 0.09375, 0.125, 0.09375]
[TRAIN]: (762/1600): reward: 39.654764764010906, rates: 42.654765008039476, loss: 1.7545359194278718, rho: 0.4000000000000001, transmit_actions: 20, P: [0.15625, 0.0, 0.0625, 0.125, 0.09375, 0.1875, 0.0625, 0.125, 0.1875, 0.125, 0.125, 0.15625, 0.125, 0.09375, 0.15625, 0.125, 0.125, 0.125, 0.125, 0.09375]
[TRAIN]: (763/1600): reward: 46.06730690598488, rates: 48.06730644181579, loss: 1.5367249220609664, rho: 0.4000000000000001, transmit_actions: 20, P: [0.15625, 0.0625, 0.375, 0.125, 0.125, 0.125, 0.09375, 0.125, 0.125, 0.125, 0.0625, 0.15625, 0.09375, 0.09375, 0.15625, 0.09375, 0.09375, 0.125, 0.125, 0.125]
[TRAIN]: (764/1600): reward: 45.21297325449996, rates: 47.21297379659092, loss: 1.434240010380745, rho: 0.4000000000000001, transmit_actions: 20, P: [0.15625, 0.0, 0.15625, 0.15625, 0.0625, 0.15625, 0.09375, 0.1875, 0.09375, 0.09375, 0.125, 0.09375, 0.125, 0.125, 0.09375, 0.125, 0.125, 0.09375, 0.09375, 0.125]
[TRAIN]: (765/1600): reward: 36.67594284564257, rates: 39.67594319182945, loss: 1.72635777592659, rho: 0.4000000000000001, transmit_actions: 20, P: [0.15625, 0.0, 0.125, 0.125, 0.125, 0.0625, 0.125, 0.0625, 0.0625, 0.125, 0.125, 0.125, 0.125, 1.0, 0.125, 0.125, 0.125, 0.15625, 0.125, 0.125]
[TRAIN]: (766/1600): reward: 40.978284515440464, rates: 43.978284723493815, loss: 1.718154150247574, rho: 0.4000000000000001, transmit_actions: 19, P: [0.15625, 1.0, 0.125, 0.0625, 0.09375, 0.125, 0.125, 0.125, 0.125, 0.09375, 0.125, 0.125, 0.125, 0.15625, 0.15625, 0.125, 0.125, 0.15625, 0.125, 0.125]
[TRAIN]: (767/1600): reward: 44.06630081310868, rates: 47.06630091381121, loss: 1.7239057660102843, rho: 0.4000000000000001, transmit_actions: 18, P: [0.15625, 0.90625, 0.125, 0.125, 0.125, 0.0625, 0.125, 0.125, 0.1875, 0.125, 0.125, 0.09375, 0.125, 0.125, 0.15625, 0.125, 0.125, 0.125, 0.125, 0.125]
[TRAIN]: (768/1600): reward: 41.70544657483697, rates: 43.70544578979098, loss: 1.4505949109792708, rho: 0.4000000000000001, transmit_actions: 19, P: [0.15625, 0.90625, 0.0625, 0.125, 0.09375, 0.09375, 0.0625, 0.0625, 0.0625, 0.0625, 0.125, 0.125, 0.125, 0.125, 0.125, 0.125, 0.15625, 0.15625, 0.125, 0.15625]
[TRAIN]: (769/1600): reward: 43.44750075787306, rates: 44.447500818236165, loss: 1.665712919831276, rho: 0.4000000000000001, transmit_actions: 19, P: [0.15625, 0.90625, 0.125, 0.125, 0.1875, 0.0625, 0.09375, 0.125, 0.0625, 0.125, 0.0625, 0.125, 0.03125, 0.15625, 0.09375, 0.125, 0.15625, 0.125, 0.09375, 0.09375]
[TRAIN]: (770/1600): reward: 39.82985906675458, rates: 41.82985871813769, loss: 1.654531553387642, rho: 0.4000000000000001, transmit_actions: 19, P: [0.09375, 0.0625, 0.09375, 0.125, 0.125, 0.125, 0.0625, 0.125, 0.125, 0.125, 0.0625, 0.125, 0.125, 0.15625, 0.125, 0.125, 0.28125, 0.125, 0.125, 0.125]
[TRAIN]: (771/1600): reward: 27.20346052572131, rates: 31.20346038531406, loss: 1.570257693529129, rho: 0.4000000000000001, transmit_actions: 19, P: [0.125, 0.125, 0.125, 0.125, 0.15625, 0.125, 0.0625, 0.125, 0.15625, 0.125, 0.96875, 0.15625, 0.125, 0.125, 0.15625, 0.125, 0.09375, 0.09375, 0.125, 0.15625]
[TRAIN]: (772/1600): reward: 48.17604546621442, rates: 49.17604612809755, loss: 1.7821454882621766, rho: 0.4000000000000001, transmit_actions: 20, P: [0.15625, 0.125, 0.09375, 0.125, 0.125, 0.125, 0.125, 0.125, 0.125, 0.125, 0.125, 0.125, 0.125, 0.125, 0.125, 0.125, 0.09375, 0.125, 0.125, 0.125]
[TRAIN]: (773/1600): reward: 42.11370503902435, rates: 44.11370512617675, loss: 1.6180186718702316, rho: 0.4000000000000001, transmit_actions: 19, P: [0.125, 0.875, 0.125, 0.125, 0.0625, 0.125, 0.0625, 0.125, 0.125, 0.0625, 0.125, 0.15625, 0.15625, 0.125, 0.09375, 0.125, 0.15625, 0.125, 0.125, 0.15625]
[TRAIN]: (774/1600): reward: 37.75281582213938, rates: 40.75281558672101, loss: 1.7572955042123795, rho: 0.4000000000000001, transmit_actions: 20, P: [0.15625, 0.125, 0.09375, 0.09375, 0.0625, 0.0625, 0.15625, 0.0625, 0.15625, 0.1875, 0.125, 0.09375, 0.125, 0.125, 0.125, 0.15625, 0.125, 0.125, 0.125, 0.125]
[TRAIN]: (775/1600): reward: 37.50907091423869, rates: 40.5090708138854, loss: 1.783442884683609, rho: 0.4000000000000001, transmit_actions: 19, P: [0.125, 0.125, 0.125, 0.59375, 0.0625, 0.0625, 0.0625, 0.1875, 0.1875, 0.09375, 0.1875, 0.125, 0.15625, 0.15625, 0.09375, 0.125, 0.09375, 0.125, 0.125, 0.125]
[TRAIN]: (776/1600): reward: 43.33204395323992, rates: 44.33204449486545, loss: 1.639038111269474, rho: 0.4000000000000001, transmit_actions: 19, P: [0.09375, 0.90625, 0.15625, 0.0625, 0.0625, 0.09375, 0.0625, 0.125, 0.09375, 0.125, 0.125, 0.09375, 0.15625, 0.09375, 0.125, 0.15625, 0.15625, 0.09375, 0.09375, 0.09375]
[TRAIN]: (777/1600): reward: 49.990848779678345, rates: 51.99084897158881, loss: 1.5849338576197625, rho: 0.4000000000000001, transmit_actions: 19, P: [0.15625, 0.90625, 0.125, 0.125, 0.0625, 0.84375, 0.09375, 0.09375, 0.09375, 0.1875, 0.125, 0.09375, 0.125, 0.125, 0.09375, 0.15625, 0.125, 0.125, 0.125, 0.125]
[TRAIN]: (778/1600): reward: 40.33278785645962, rates: 44.33278757356729, loss: 1.7864639908075333, rho: 0.4000000000000001, transmit_actions: 19, P: [0.125, 0.125, 0.09375, 0.125, 0.125, 0.15625, 0.09375, 0.125, 0.59375, 0.15625, 0.125, 0.15625, 0.15625, 0.09375, 0.125, 0.125, 0.15625, 0.09375, 0.09375, 0.0]
[TRAIN]: (779/1600): reward: 46.172776348888874, rates: 47.172776142210076, loss: 1.43680100440979, rho: 0.4000000000000001, transmit_actions: 19, P: [0.15625, 0.90625, 0.125, 0.125, 0.125, 0.09375, 0.15625, 0.125, 0.125, 0.0625, 0.125, 0.125, 0.15625, 0.125, 0.125, 0.125, 0.09375, 0.15625, 0.125, 0.09375]
[TRAIN]: (780/1600): reward: 47.55107932537794, rates: 50.551079739640066, loss: 1.9862989962100983, rho: 0.4000000000000001, transmit_actions: 20, P: [0.125, 0.125, 0.125, 0.125, 0.125, 0.0625, 0.09375, 0.125, 0.0625, 0.15625, 0.1875, 0.09375, 0.15625, 0.125, 0.125, 0.125, 0.125, 0.125, 0.125, 0.125]
[TRAIN]: (781/1600): reward: 41.9209588393569, rates: 45.92095897437685, loss: 1.692637875676155, rho: 0.4000000000000001, transmit_actions: 20, P: [0.125, 0.125, 0.1875, 0.15625, 0.0625, 0.125, 0.0625, 0.125, 0.09375, 0.0625, 0.125, 0.125, 0.125, 0.125, 0.125, 0.15625, 0.15625, 0.15625, 0.09375, 0.125]
[TRAIN]: (782/1600): reward: 42.90620222687721, rates: 44.90620251447729, loss: 1.6724054217338562, rho: 0.4000000000000001, transmit_actions: 19, P: [0.09375, 0.125, 0.125, 0.09375, 0.125, 0.21875, 0.09375, 0.125, 0.125, 0.1875, 0.09375, 0.125, 0.125, 0.125, 0.09375, 0.09375, 0.15625, 0.09375, 0.09375, 0.125]
[TRAIN]: (783/1600): reward: 47.85590208088979, rates: 48.85590198260636, loss: 1.4795966655015946, rho: 0.4000000000000001, transmit_actions: 19, P: [0.09375, 0.90625, 0.125, 0.09375, 0.125, 0.125, 0.09375, 0.15625, 0.1875, 0.15625, 0.09375, 0.15625, 0.125, 0.125, 0.15625, 0.09375, 0.125, 0.09375, 0.09375, 0.15625]
[TRAIN]: (784/1600): reward: 44.51319084316492, rates: 46.513190325511886, loss: 1.8475793600082397, rho: 0.4000000000000001, transmit_actions: 18, P: [0.125, 0.90625, 0.90625, 0.09375, 0.1875, 0.09375, 0.0625, 0.125, 0.125, 0.09375, 0.125, 0.09375, 0.125, 0.125, 0.125, 0.15625, 0.15625, 0.15625, 0.125, 0.125]
[TRAIN]: (785/1600): reward: 38.00020407140255, rates: 42.000203960506205, loss: 1.435816216468811, rho: 0.4000000000000001, transmit_actions: 20, P: [0.09375, 0.0, 0.125, 0.1875, 0.09375, 0.125, 0.0625, 0.1875, 0.0625, 0.09375, 0.1875, 0.125, 0.125, 0.125, 0.125, 0.09375, 0.09375, 0.125, 0.125, 0.09375]
[TRAIN]: (786/1600): reward: 45.90527526848018, rates: 46.90527542292111, loss: 2.064959794282913, rho: 0.4000000000000001, transmit_actions: 19, P: [0.125, 0.90625, 0.125, 0.125, 0.125, 0.0625, 0.1875, 0.125, 0.09375, 0.125, 0.0625, 0.125, 0.15625, 0.15625, 0.125, 0.125, 0.125, 0.09375, 0.09375, 0.125]
[TRAIN]: (787/1600): reward: 44.321026641875505, rates: 45.32102607380682, loss: 1.796006977558136, rho: 0.4000000000000001, transmit_actions: 19, P: [0.125, 0.90625, 0.125, 0.125, 0.1875, 0.125, 0.125, 0.0625, 0.09375, 0.125, 0.09375, 0.125, 0.125, 0.125, 0.125, 0.125, 0.09375, 0.125, 0.125, 0.15625]
[TRAIN]: (788/1600): reward: 37.56204617395997, rates: 40.562046333345684, loss: 1.6952463209629058, rho: 0.4000000000000001, transmit_actions: 19, P: [0.125, 0.375, 0.125, 0.125, 0.09375, 0.0625, 0.125, 0.09375, 0.09375, 0.0625, 0.1875, 0.09375, 0.125, 0.125, 0.125, 0.125, 0.09375, 0.125, 0.125, 0.78125]
[TRAIN]: (789/1600): reward: 45.59668184816837, rates: 47.59668192980874, loss: 1.9623793959617615, rho: 0.4000000000000001, transmit_actions: 18, P: [0.125, 0.0, 0.84375, 0.0625, 0.34375, 0.125, 0.1875, 0.125, 0.125, 0.125, 0.125, 0.125, 0.125, 0.125, 0.125, 0.125, 0.09375, 0.125, 0.09375, 0.09375]
[TRAIN]: (790/1600): reward: 48.70291879680008, rates: 49.70291823981283, loss: 1.9397495627403258, rho: 0.4000000000000001, transmit_actions: 20, P: [0.125, 0.0625, 0.15625, 0.0625, 0.125, 0.125, 0.0625, 0.125, 0.125, 0.0625, 0.125, 0.125, 0.125, 0.125, 0.125, 0.125, 0.125, 0.125, 0.125, 0.125]
[TRAIN]: (791/1600): reward: 43.52215409092605, rates: 45.52215447727801, loss: 1.4027273684740067, rho: 0.4000000000000001, transmit_actions: 20, P: [0.125, 0.125, 0.125, 0.125, 0.125, 0.125, 0.1875, 0.125, 0.125, 0.125, 0.125, 0.125, 0.09375, 0.125, 0.125, 0.125, 0.125, 0.15625, 0.125, 0.09375]
[TRAIN]: (792/1600): reward: 52.865684390068054, rates: 53.86568478263199, loss: 1.847363418340683, rho: 0.4000000000000001, transmit_actions: 19, P: [0.09375, 0.90625, 0.125, 0.125, 0.125, 0.125, 0.09375, 0.125, 0.1875, 0.125, 0.125, 0.125, 0.125, 0.09375, 0.09375, 0.125, 0.09375, 0.125, 0.15625, 0.125]
[TRAIN]: (793/1600): reward: 47.146380603313446, rates: 48.146380303258304, loss: 1.5614605098962784, rho: 0.4000000000000001, transmit_actions: 19, P: [0.125, 0.90625, 0.125, 0.125, 0.125, 0.125, 0.125, 0.1875, 0.1875, 0.0625, 0.125, 0.15625, 0.125, 0.125, 0.125, 0.125, 0.09375, 0.15625, 0.09375, 0.125]
[TRAIN]: (794/1600): reward: 45.36265351623297, rates: 47.36265346536831, loss: 1.8774176478385924, rho: 0.4000000000000001, transmit_actions: 20, P: [0.125, 0.125, 0.09375, 0.125, 0.09375, 0.0625, 0.125, 0.125, 0.0625, 0.125, 0.125, 0.125, 0.125, 0.125, 0.125, 0.125, 0.15625, 0.125, 0.125, 0.15625]
[TRAIN]: (795/1600): reward: 51.3648257702589, rates: 52.364825916234864, loss: 1.6158562481403351, rho: 0.4000000000000001, transmit_actions: 19, P: [0.125, 0.84375, 0.0625, 0.09375, 0.125, 0.125, 0.09375, 0.125, 0.125, 0.125, 0.125, 0.125, 0.125, 0.125, 0.125, 0.09375, 0.125, 0.125, 0.125, 0.125]
[TRAIN]: (796/1600): reward: 34.23296320438385, rates: 38.23296315219098, loss: 1.5339472144842148, rho: 0.4000000000000001, transmit_actions: 20, P: [0.59375, 0.28125, 0.0, 0.125, 0.125, 0.125, 0.125, 0.125, 0.125, 0.125, 0.125, 0.125, 0.125, 0.09375, 0.125, 0.15625, 0.125, 0.125, 0.125, 0.125]
[TRAIN]: (797/1600): reward: 45.81316231191158, rates: 46.81316197720068, loss: 1.6284217953681945, rho: 0.4000000000000001, transmit_actions: 19, P: [0.125, 0.125, 0.125, 0.125, 0.125, 0.125, 0.125, 0.125, 0.125, 1.0, 0.125, 0.125, 0.125, 0.125, 0.09375, 0.125, 0.125, 0.125, 0.125, 0.09375]
[TRAIN]: (798/1600): reward: 48.79321753978729, rates: 50.79321801801815, loss: 1.8070410013198852, rho: 0.4000000000000001, transmit_actions: 19, P: [0.09375, 0.84375, 0.09375, 0.125, 0.125, 0.125, 0.125, 0.125, 0.125, 0.09375, 0.125, 0.125, 0.125, 0.125, 0.125, 0.125, 0.09375, 0.125, 0.09375, 0.09375]
[TRAIN]: (799/1600): reward: 42.84539125114679, rates: 44.8453907563505, loss: 1.7839668720960618, rho: 0.4000000000000001, transmit_actions: 20, P: [0.09375, 0.125, 0.0, 0.125, 0.09375, 0.125, 0.125, 0.09375, 0.125, 0.125, 0.125, 0.125, 0.125, 0.09375, 0.125, 0.15625, 0.125, 0.125, 0.125, 0.15625]
[TRAIN]: (800/1600): reward: 44.064592108130455, rates: 46.06459207946391, loss: 1.3461961627006531, rho: 0.4000000000000001, transmit_actions: 19, P: [0.09375, 0.125, 0.84375, 0.09375, 0.0625, 0.0625, 0.125, 0.09375, 0.09375, 0.125, 0.125, 0.125, 0.125, 0.09375, 0.125, 0.125, 0.125, 0.09375, 0.125, 0.125]
[TRAIN]: (801/1600): reward: 40.24847695231438, rates: 43.248476714897954, loss: 1.7495906352996826, rho: 0.4000000000000001, transmit_actions: 20, P: [0.125, 0.0, 0.15625, 0.0625, 0.0625, 0.125, 0.125, 0.0625, 0.125, 0.125, 0.125, 0.125, 0.09375, 0.125, 0.125, 0.09375, 0.125, 0.125, 0.125, 0.15625]
[TRAIN]: (802/1600): reward: 42.71236103400588, rates: 43.71236159996643, loss: 1.857331281900406, rho: 0.4000000000000001, transmit_actions: 19, P: [0.09375, 0.90625, 0.125, 0.0625, 0.125, 0.09375, 0.0625, 0.125, 0.125, 0.09375, 0.125, 0.125, 0.15625, 0.09375, 0.09375, 0.125, 0.15625, 0.09375, 0.125, 0.09375]
[TRAIN]: (803/1600): reward: 38.57736688479781, rates: 40.577366513067425, loss: 1.7722363382577897, rho: 0.4000000000000001, transmit_actions: 19, P: [0.09375, 0.0, 0.90625, 0.09375, 0.125, 0.125, 0.09375, 0.09375, 0.15625, 0.09375, 0.0625, 0.09375, 0.125, 0.09375, 0.09375, 0.09375, 0.15625, 0.125, 0.125, 0.15625]
[TRAIN]: (804/1600): reward: 47.376789819449186, rates: 48.37678879028332, loss: 1.8175808012485504, rho: 0.4000000000000001, transmit_actions: 20, P: [0.09375, 0.0, 0.125, 0.125, 0.09375, 0.15625, 0.125, 0.0625, 0.125, 0.125, 0.125, 0.09375, 0.15625, 0.15625, 0.15625, 0.15625, 0.125, 0.125, 0.09375, 0.15625]
[TRAIN]: (805/1600): reward: 50.376268304884434, rates: 52.37626871373961, loss: 1.6179714232683182, rho: 0.4000000000000001, transmit_actions: 20, P: [0.15625, 0.125, 0.15625, 0.0625, 0.0625, 0.15625, 0.0625, 0.09375, 0.125, 0.125, 0.125, 0.15625, 0.125, 0.09375, 0.15625, 0.15625, 0.125, 0.125, 0.125, 0.125]
[TRAIN]: (806/1600): reward: 49.83072053641081, rates: 50.8307203880381, loss: 1.5756998717784882, rho: 0.4000000000000001, transmit_actions: 20, P: [0.15625, 0.125, 0.125, 0.125, 0.15625, 0.125, 0.125, 0.125, 0.125, 0.09375, 0.125, 0.15625, 0.125, 0.15625, 0.125, 0.125, 0.125, 0.125, 0.15625, 0.125]
[TRAIN]: (807/1600): reward: 43.68993949890137, rates: 46.6899391625511, loss: 1.9213493436574935, rho: 0.4000000000000001, transmit_actions: 19, P: [0.15625, 0.125, 0.125, 0.125, 0.0625, 0.09375, 0.09375, 0.125, 0.125, 0.125, 0.125, 0.15625, 0.125, 0.09375, 0.09375, 0.125, 0.3125, 0.15625, 0.09375, 0.15625]
[TRAIN]: (808/1600): reward: 43.08402777463198, rates: 45.08402761496481, loss: 1.6559917867183684, rho: 0.4000000000000001, transmit_actions: 19, P: [0.15625, 0.90625, 0.375, 0.15625, 0.125, 0.375, 0.125, 0.15625, 0.0625, 0.15625, 0.0625, 0.15625, 0.125, 0.125, 0.125, 0.125, 0.15625, 0.125, 0.125, 0.15625]
[TRAIN]: (809/1600): reward: 42.851099103689194, rates: 44.85109949344733, loss: 1.6194123864173888, rho: 0.4000000000000001, transmit_actions: 20, P: [0.15625, 0.0, 0.0625, 0.0625, 0.0625, 0.125, 0.09375, 0.125, 0.125, 0.15625, 0.0625, 0.125, 0.125, 0.125, 0.125, 0.15625, 0.15625, 0.125, 0.15625, 0.125]
[TRAIN]: (810/1600): reward: 48.87777192890644, rates: 50.877772057454784, loss: 1.2508943930268288, rho: 0.4000000000000001, transmit_actions: 20, P: [0.125, 0.125, 0.125, 0.0625, 0.0625, 0.125, 0.125, 0.125, 0.0625, 0.125, 0.15625, 0.125, 0.09375, 0.125, 0.125, 0.125, 0.15625, 0.125, 0.125, 0.09375]
[TRAIN]: (811/1600): reward: 48.95288186520338, rates: 50.95288178593611, loss: 1.7752141058444977, rho: 0.4000000000000001, transmit_actions: 19, P: [0.125, 0.25, 0.125, 0.15625, 0.125, 0.125, 0.125, 0.15625, 0.125, 0.125, 0.0625, 0.125, 0.125, 0.15625, 0.125, 0.125, 0.125, 0.125, 0.09375, 0.125]
[TRAIN]: (812/1600): reward: 48.14028488099575, rates: 49.14028505388974, loss: 1.670841607451439, rho: 0.4000000000000001, transmit_actions: 20, P: [0.125, 0.0, 0.125, 0.09375, 0.09375, 0.125, 0.125, 0.125, 0.09375, 0.1875, 0.125, 0.125, 0.125, 0.125, 0.125, 0.09375, 0.125, 0.125, 0.125, 0.125]
[TRAIN]: (813/1600): reward: 48.225923508405685, rates: 49.225923774000336, loss: 1.3480459034442902, rho: 0.4000000000000001, transmit_actions: 20, P: [0.125, 0.0625, 0.125, 0.09375, 0.0625, 0.0625, 0.125, 0.125, 0.125, 0.125, 0.125, 0.125, 0.125, 0.125, 0.125, 0.125, 0.125, 0.125, 0.125, 0.125]
[TRAIN]: (814/1600): reward: 43.527723141014576, rates: 45.527723755460855, loss: 1.5833007961511611, rho: 0.4000000000000001, transmit_actions: 20, P: [0.125, 0.0, 0.125, 0.09375, 0.125, 0.0625, 0.125, 0.125, 0.125, 0.09375, 0.125, 0.125, 0.125, 0.125, 0.125, 0.125, 0.125, 0.125, 0.125, 0.125]
[TRAIN]: (815/1600): reward: 40.91619326919317, rates: 42.916192767224615, loss: 1.6931967437267303, rho: 0.4000000000000001, transmit_actions: 20, P: [0.8125, 0.0, 0.0, 0.15625, 0.125, 0.125, 0.125, 0.125, 0.15625, 0.09375, 0.09375, 0.125, 0.15625, 0.125, 0.09375, 0.125, 0.125, 0.15625, 0.125, 0.125]
[TRAIN]: (816/1600): reward: 45.76524583995342, rates: 47.76524624734769, loss: 1.8728928983211517, rho: 0.4000000000000001, transmit_actions: 19, P: [0.125, 0.125, 0.125, 0.125, 0.15625, 0.125, 0.09375, 0.125, 0.125, 0.125, 0.125, 0.125, 0.8125, 0.09375, 0.125, 0.125, 0.125, 0.09375, 0.09375, 0.09375]
[TRAIN]: (817/1600): reward: 47.268846802413464, rates: 48.26884649786838, loss: 1.541473963856697, rho: 0.4000000000000001, transmit_actions: 20, P: [0.125, 0.125, 0.09375, 0.125, 0.09375, 0.09375, 0.125, 0.125, 0.09375, 0.15625, 0.125, 0.09375, 0.125, 0.125, 0.125, 0.125, 0.09375, 0.09375, 0.09375, 0.15625]
[TRAIN]: (818/1600): reward: 35.054612409323454, rates: 39.054612533856734, loss: 1.6703636467456817, rho: 0.4000000000000001, transmit_actions: 19, P: [0.125, 0.90625, 0.125, 0.125, 0.09375, 0.15625, 0.125, 0.125, 0.125, 0.09375, 0.125, 0.15625, 0.125, 0.15625, 0.125, 0.125, 0.125, 0.125, 0.15625, 0.125]
[TRAIN]: (819/1600): reward: 47.42399974539876, rates: 48.42399989317516, loss: 1.7203011959791183, rho: 0.4000000000000001, transmit_actions: 20, P: [0.125, 0.125, 0.125, 0.0625, 0.09375, 0.125, 0.125, 0.125, 0.125, 0.15625, 0.09375, 0.09375, 0.15625, 0.125, 0.09375, 0.125, 0.125, 0.15625, 0.125, 0.125]
[TRAIN]: (820/1600): reward: 45.19492932409048, rates: 46.19492957944033, loss: 1.9183620989322663, rho: 0.4000000000000001, transmit_actions: 20, P: [0.125, 0.0, 0.125, 0.125, 0.125, 0.125, 0.15625, 0.09375, 0.09375, 0.15625, 0.0625, 0.125, 0.15625, 0.09375, 0.15625, 0.09375, 0.125, 0.15625, 0.09375, 0.09375]
[TRAIN]: (821/1600): reward: 42.35394564270973, rates: 44.35394558399244, loss: 1.9610167860984802, rho: 0.4000000000000001, transmit_actions: 20, P: [0.09375, 0.0, 0.1875, 0.125, 0.09375, 0.09375, 0.09375, 0.125, 0.1875, 0.125, 0.125, 0.125, 0.09375, 0.125, 0.09375, 0.125, 0.125, 0.15625, 0.125, 0.15625]
[TRAIN]: (822/1600): reward: 42.184396361000836, rates: 45.18439613925005, loss: 1.491819441318512, rho: 0.4000000000000001, transmit_actions: 19, P: [0.125, 1.0, 0.125, 0.125, 0.125, 0.125, 0.15625, 0.125, 0.125, 0.125, 0.15625, 0.125, 0.125, 0.15625, 0.09375, 0.15625, 0.09375, 0.125, 0.125, 0.125]
[TRAIN]: (823/1600): reward: 51.26179191097617, rates: 52.261791683490564, loss: 1.671868336200714, rho: 0.4000000000000001, transmit_actions: 20, P: [0.125, 0.125, 0.125, 0.125, 0.125, 0.0625, 0.125, 0.125, 0.125, 0.125, 0.1875, 0.125, 0.15625, 0.125, 0.125, 0.15625, 0.09375, 0.09375, 0.125, 0.125]
[TRAIN]: (824/1600): reward: 47.331287149339914, rates: 49.33128743008144, loss: 1.6510865569114686, rho: 0.4000000000000001, transmit_actions: 20, P: [0.125, 0.125, 0.125, 0.125, 0.15625, 0.125, 0.125, 0.09375, 0.125, 0.125, 0.125, 0.125, 0.125, 0.125, 0.15625, 0.125, 0.125, 0.125, 0.09375, 0.09375]
[TRAIN]: (825/1600): reward: 44.44486013054848, rates: 45.44486044638308, loss: 1.4646903306245804, rho: 0.4000000000000001, transmit_actions: 20, P: [0.125, 0.0, 0.125, 0.125, 0.125, 0.09375, 0.125, 0.125, 0.125, 0.125, 0.125, 0.125, 0.125, 0.125, 0.125, 0.09375, 0.125, 0.15625, 0.125, 0.125]
[TRAIN]: (826/1600): reward: 43.581152610480785, rates: 45.5811528058736, loss: 1.656733325123787, rho: 0.4000000000000001, transmit_actions: 20, P: [0.125, 0.125, 0.125, 0.125, 0.125, 0.15625, 0.125, 0.15625, 0.125, 0.125, 0.15625, 0.125, 0.125, 0.125, 0.09375, 0.125, 0.15625, 0.125, 0.09375, 0.125]
[TRAIN]: (827/1600): reward: 35.73241436574608, rates: 40.73241471508445, loss: 1.8370298147201538, rho: 0.4000000000000001, transmit_actions: 20, P: [0.125, 0.0, 0.125, 0.1875, 0.15625, 0.15625, 0.125, 0.09375, 0.125, 0.125, 0.125, 0.15625, 0.125, 0.15625, 0.125, 0.15625, 0.125, 0.125, 0.15625, 0.09375]
[TRAIN]: (828/1600): reward: 39.94438163936138, rates: 41.944381761259436, loss: 1.6169703245162963, rho: 0.4000000000000001, transmit_actions: 19, P: [0.125, 0.0, 0.125, 0.125, 0.125, 0.125, 0.125, 0.125, 0.125, 0.125, 0.0625, 0.09375, 0.09375, 0.40625, 0.09375, 0.125, 0.09375, 0.15625, 0.125, 0.125]
[TRAIN]: (829/1600): reward: 48.67766508087516, rates: 49.67766457556955, loss: 1.8010467886924744, rho: 0.4000000000000001, transmit_actions: 20, P: [0.125, 0.375, 0.125, 0.09375, 0.0625, 0.125, 0.09375, 0.15625, 0.125, 0.0625, 0.125, 0.125, 0.125, 0.125, 0.09375, 0.15625, 0.15625, 0.15625, 0.125, 0.125]
[TRAIN]: (830/1600): reward: 46.95176280103624, rates: 47.95176298589604, loss: 1.5024057865142821, rho: 0.4000000000000001, transmit_actions: 20, P: [0.125, 0.0, 0.125, 0.1875, 0.15625, 0.125, 0.125, 0.15625, 0.09375, 0.15625, 0.1875, 0.15625, 0.125, 0.15625, 0.09375, 0.09375, 0.125, 0.15625, 0.15625, 0.125]
[TRAIN]: (831/1600): reward: 48.30286581069231, rates: 49.30286536461999, loss: 1.632260051369667, rho: 0.4000000000000001, transmit_actions: 20, P: [0.125, 0.0, 0.125, 0.125, 0.09375, 0.125, 0.125, 0.09375, 0.125, 0.125, 0.1875, 0.125, 0.125, 0.125, 0.125, 0.15625, 0.125, 0.09375, 0.09375, 0.15625]
[TRAIN]: (832/1600): reward: 42.2801373898983, rates: 44.28013725434497, loss: 1.7237521409988403, rho: 0.4000000000000001, transmit_actions: 18, P: [0.09375, 0.90625, 0.09375, 0.125, 0.09375, 0.125, 0.125, 0.125, 0.125, 0.125, 0.125, 0.125, 0.125, 0.15625, 0.15625, 0.125, 0.09375, 0.125, 0.15625, 0.5625]
[TRAIN]: (833/1600): reward: 36.563634188845754, rates: 40.56363388507195, loss: 1.8766672641038895, rho: 0.4000000000000001, transmit_actions: 19, P: [0.09375, 0.0, 0.1875, 0.0625, 0.125, 0.125, 0.125, 0.1875, 0.125, 0.125, 0.15625, 0.15625, 0.0625, 0.125, 0.09375, 0.125, 0.125, 0.09375, 0.125, 0.09375]
[TRAIN]: (834/1600): reward: 49.825104681774974, rates: 51.825105066758525, loss: 1.52088143825531, rho: 0.4000000000000001, transmit_actions: 20, P: [0.09375, 0.125, 0.1875, 0.125, 0.125, 0.1875, 0.0625, 0.125, 0.125, 0.1875, 0.125, 0.125, 0.125, 0.125, 0.125, 0.09375, 0.09375, 0.125, 0.09375, 0.09375]
[TRAIN]: (835/1600): reward: 35.70834558457136, rates: 39.70834526889816, loss: 1.5554681450128556, rho: 0.4000000000000001, transmit_actions: 20, P: [0.125, 0.0, 0.125, 0.1875, 0.125, 0.28125, 0.125, 0.1875, 0.1875, 0.125, 0.125, 0.09375, 0.125, 0.125, 0.09375, 0.15625, 0.15625, 0.15625, 0.15625, 0.15625]
[TRAIN]: (836/1600): reward: 45.601980816572905, rates: 46.60198030337416, loss: 1.846911871433258, rho: 0.4000000000000001, transmit_actions: 20, P: [0.125, 0.0, 0.125, 0.0625, 0.1875, 0.15625, 0.15625, 0.125, 0.0625, 0.125, 0.125, 0.125, 0.125, 0.15625, 0.125, 0.125, 0.125, 0.125, 0.125, 0.125]
[TRAIN]: (837/1600): reward: 44.9671443849802, rates: 47.967144566333836, loss: 1.8462170124053956, rho: 0.4000000000000001, transmit_actions: 20, P: [0.125, 0.125, 0.0, 0.1875, 0.125, 0.125, 0.125, 0.125, 0.375, 0.125, 0.125, 0.125, 0.15625, 0.125, 0.15625, 0.125, 0.125, 0.125, 0.125, 0.125]
[TRAIN]: (838/1600): reward: 46.97739838808775, rates: 47.97739775541049, loss: 1.6310308694839477, rho: 0.4000000000000001, transmit_actions: 20, P: [0.125, 0.0, 0.125, 0.125, 0.125, 0.1875, 0.125, 0.125, 0.125, 0.125, 0.125, 0.125, 0.125, 0.125, 0.125, 0.125, 0.125, 0.15625, 0.125, 0.15625]
[TRAIN]: (839/1600): reward: 40.489560797810555, rates: 43.48956075714849, loss: 1.5661873638629913, rho: 0.4000000000000001, transmit_actions: 19, P: [0.125, 0.90625, 0.0, 0.125, 0.125, 0.0625, 0.125, 0.125, 0.0625, 0.0625, 0.125, 0.09375, 0.375, 0.125, 0.09375, 0.125, 0.125, 0.125, 0.125, 0.15625]
[TRAIN]: (840/1600): reward: 46.89207524433732, rates: 47.89207526783532, loss: 1.7128875106573105, rho: 0.4000000000000001, transmit_actions: 20, P: [0.125, 0.0, 0.125, 0.15625, 0.125, 0.125, 0.125, 0.0625, 0.125, 0.1875, 0.125, 0.09375, 0.09375, 0.15625, 0.125, 0.15625, 0.125, 0.09375, 0.125, 0.125]
[TRAIN]: (841/1600): reward: 47.796597484499216, rates: 48.79659771217143, loss: 1.8087997704744339, rho: 0.4000000000000001, transmit_actions: 20, P: [0.125, 0.125, 0.125, 0.15625, 0.125, 0.15625, 0.125, 0.125, 0.125, 0.125, 0.09375, 0.125, 0.15625, 0.125, 0.125, 0.09375, 0.125, 0.125, 0.125, 0.15625]
[TRAIN]: (842/1600): reward: 46.93442952632904, rates: 48.934430207985315, loss: 1.5564083486795426, rho: 0.4000000000000001, transmit_actions: 20, P: [0.125, 0.0, 0.125, 0.125, 0.0625, 0.125, 0.0625, 0.0625, 0.125, 0.125, 0.125, 0.15625, 0.125, 0.15625, 0.15625, 0.15625, 0.15625, 0.125, 0.125, 0.125]
[TRAIN]: (843/1600): reward: 43.40151537954807, rates: 44.4015152172851, loss: 1.5907038182020188, rho: 0.4000000000000001, transmit_actions: 20, P: [0.125, 0.0, 0.125, 0.1875, 0.1875, 0.125, 0.0625, 0.1875, 0.125, 0.15625, 0.0625, 0.125, 0.125, 0.125, 0.125, 0.125, 0.125, 0.34375, 0.09375, 0.0625]
[TRAIN]: (844/1600): reward: 38.09520725160837, rates: 40.09520750383815, loss: 1.4923771858215331, rho: 0.4000000000000001, transmit_actions: 19, P: [0.71875, 0.90625, 0.0, 0.1875, 0.0625, 0.0625, 0.09375, 0.09375, 0.0625, 0.125, 0.1875, 0.125, 0.125, 0.125, 0.09375, 0.125, 0.125, 0.15625, 0.09375, 0.15625]
[TRAIN]: (845/1600): reward: 44.4585241060704, rates: 45.458524483423766, loss: 1.5172528445720672, rho: 0.4000000000000001, transmit_actions: 20, P: [0.125, 0.15625, 0.0625, 0.125, 0.15625, 0.1875, 0.125, 0.125, 0.125, 0.125, 0.0625, 0.125, 0.125, 0.125, 0.09375, 0.125, 0.15625, 0.15625, 0.125, 0.125]
[TRAIN]: (846/1600): reward: 43.70805272459984, rates: 44.708052511273046, loss: 1.6438775479793548, rho: 0.4000000000000001, transmit_actions: 20, P: [0.125, 0.0, 0.0, 0.09375, 0.0625, 0.0625, 0.0625, 0.09375, 0.125, 0.125, 0.15625, 0.125, 0.125, 0.15625, 0.21875, 0.125, 0.125, 0.125, 0.15625, 0.09375]
[TRAIN]: (847/1600): reward: 48.385818749666214, rates: 51.38581918764895, loss: 1.6009729266166688, rho: 0.4000000000000001, transmit_actions: 19, P: [0.09375, 0.90625, 0.15625, 0.1875, 0.125, 0.0625, 0.125, 0.0625, 0.1875, 0.15625, 0.125, 0.15625, 0.09375, 0.09375, 0.125, 0.15625, 0.125, 0.125, 0.125, 0.125]
[TRAIN]: (848/1600): reward: 43.34386882185936, rates: 46.34386885655235, loss: 1.6192744731903077, rho: 0.4000000000000001, transmit_actions: 19, P: [0.125, 0.90625, 0.125, 0.125, 0.09375, 0.125, 0.125, 0.0625, 0.0625, 0.125, 0.125, 0.09375, 0.09375, 0.125, 0.125, 0.09375, 0.125, 0.15625, 0.125, 0.09375]
[TRAIN]: (849/1600): reward: 47.328436091542244, rates: 49.328436125623604, loss: 1.7225051939487457, rho: 0.4000000000000001, transmit_actions: 19, P: [0.125, 0.0, 0.84375, 0.125, 0.125, 0.125, 0.125, 0.125, 0.125, 0.125, 0.125, 0.125, 0.125, 0.125, 0.125, 0.125, 0.09375, 0.15625, 0.125, 0.09375]
[TRAIN]: (850/1600): reward: 45.34924944490194, rates: 46.349249808386446, loss: 1.9739006191492081, rho: 0.4000000000000001, transmit_actions: 19, P: [0.125, 0.90625, 0.1875, 0.125, 0.0625, 0.125, 0.125, 0.125, 0.125, 0.125, 0.125, 0.125, 0.125, 0.125, 0.09375, 0.09375, 0.125, 0.09375, 0.125, 0.125]
[TRAIN]: (851/1600): reward: 48.10935255885124, rates: 51.10935277027194, loss: 1.583917424082756, rho: 0.4000000000000001, transmit_actions: 20, P: [0.125, 0.375, 0.09375, 0.125, 0.0625, 0.125, 0.125, 0.1875, 0.125, 0.1875, 0.125, 0.125, 0.5, 0.09375, 0.125, 0.125, 0.125, 0.15625, 0.125, 0.125]
[TRAIN]: (852/1600): reward: 46.67437578365207, rates: 47.67437588957863, loss: 1.5602026462554932, rho: 0.4000000000000001, transmit_actions: 20, P: [0.125, 0.125, 0.125, 0.125, 0.125, 0.125, 0.1875, 0.09375, 0.125, 0.09375, 0.125, 0.09375, 0.125, 0.125, 0.09375, 0.09375, 0.09375, 0.125, 0.15625, 0.125]
[TRAIN]: (853/1600): reward: 50.467651039361954, rates: 52.46765111538576, loss: 1.6227390080690385, rho: 0.4000000000000001, transmit_actions: 19, P: [0.125, 0.90625, 0.125, 0.1875, 0.125, 0.1875, 0.15625, 0.1875, 0.125, 0.125, 0.125, 0.15625, 0.15625, 0.125, 0.125, 0.125, 0.125, 0.15625, 0.09375, 0.125]
[TRAIN]: (854/1600): reward: 37.596982315182686, rates: 41.59698239306466, loss: 1.7003271028399467, rho: 0.4000000000000001, transmit_actions: 20, P: [0.125, 0.375, 0.1875, 0.4375, 0.1875, 0.15625, 0.1875, 0.09375, 0.1875, 0.125, 0.1875, 0.09375, 0.125, 0.125, 0.15625, 0.125, 0.125, 0.125, 0.125, 0.125]
[TRAIN]: (855/1600): reward: 36.63045177701861, rates: 40.630452243843365, loss: 1.7052352517843246, rho: 0.4000000000000001, transmit_actions: 20, P: [0.125, 0.5, 0.125, 0.1875, 0.1875, 0.125, 0.125, 0.125, 0.125, 0.125, 0.125, 0.125, 0.125, 0.125, 0.125, 0.125, 0.125, 0.96875, 0.125, 0.09375]
[TRAIN]: (856/1600): reward: 43.963708341121674, rates: 45.96370840617624, loss: 1.8057947337627411, rho: 0.4000000000000001, transmit_actions: 20, P: [0.125, 0.0, 0.1875, 0.125, 0.0625, 0.125, 0.125, 0.1875, 0.1875, 0.125, 0.125, 0.125, 0.125, 0.125, 0.125, 0.125, 0.125, 0.15625, 0.125, 0.125]
[TRAIN]: (857/1600): reward: 50.57343753427267, rates: 51.57343845540513, loss: 1.489675799012184, rho: 0.4000000000000001, transmit_actions: 19, P: [0.125, 0.96875, 0.1875, 0.125, 0.125, 0.1875, 0.1875, 0.125, 0.1875, 0.0625, 0.1875, 0.09375, 0.15625, 0.15625, 0.125, 0.125, 0.15625, 0.125, 0.15625, 0.15625]
[TRAIN]: (858/1600): reward: 44.38139300048351, rates: 46.381392416429584, loss: 1.7348016500473022, rho: 0.4000000000000001, transmit_actions: 20, P: [0.125, 0.0, 0.125, 0.125, 0.15625, 0.1875, 0.125, 0.125, 0.125, 0.15625, 0.09375, 0.15625, 0.125, 0.15625, 0.125, 0.15625, 0.125, 0.15625, 0.15625, 0.125]
[TRAIN]: (859/1600): reward: 46.40125399827957, rates: 47.40125422853942, loss: 1.5403900384902953, rho: 0.4000000000000001, transmit_actions: 20, P: [0.125, 0.0, 0.15625, 0.09375, 0.0625, 0.125, 0.125, 0.125, 0.0625, 0.125, 0.125, 0.15625, 0.15625, 0.125, 0.125, 0.125, 0.15625, 0.125, 0.125, 0.15625]
[TRAIN]: (860/1600): reward: 51.27496951445937, rates: 53.27496998700832, loss: 1.6430788606405258, rho: 0.4000000000000001, transmit_actions: 20, P: [0.125, 0.125, 0.0625, 0.0625, 0.125, 0.15625, 0.125, 0.0625, 0.15625, 0.0625, 0.125, 0.15625, 0.125, 0.15625, 0.15625, 0.09375, 0.125, 0.125, 0.125, 0.125]
[TRAIN]: (861/1600): reward: 46.264780193567276, rates: 48.264780167120456, loss: 1.6895625352859498, rho: 0.4000000000000001, transmit_actions: 20, P: [0.125, 0.125, 0.0625, 0.125, 0.1875, 0.125, 0.125, 0.125, 0.0625, 0.09375, 0.125, 0.125, 0.125, 0.125, 0.15625, 0.125, 0.15625, 0.09375, 0.125, 0.125]
[TRAIN]: (862/1600): reward: 39.807679150253534, rates: 41.80767885925743, loss: 1.8673604279756546, rho: 0.4000000000000001, transmit_actions: 20, P: [0.125, 0.0, 0.125, 0.09375, 0.0625, 0.1875, 0.09375, 0.1875, 0.1875, 0.15625, 0.1875, 0.125, 0.125, 0.125, 0.09375, 0.125, 0.125, 0.09375, 0.15625, 0.125]
[TRAIN]: (863/1600): reward: 42.46516915038228, rates: 45.46516905703547, loss: 1.7058005675673484, rho: 0.4000000000000001, transmit_actions: 19, P: [0.125, 1.0, 0.125, 0.1875, 0.125, 0.0625, 0.125, 0.1875, 0.1875, 0.1875, 0.09375, 0.09375, 0.125, 0.09375, 0.125, 0.09375, 0.09375, 0.09375, 0.125, 0.15625]
[TRAIN]: (864/1600): reward: 48.27822197973728, rates: 49.27822226297421, loss: 1.901414680480957, rho: 0.4000000000000001, transmit_actions: 19, P: [0.125, 0.84375, 0.125, 0.1875, 0.1875, 0.125, 0.09375, 0.0625, 0.09375, 0.09375, 0.09375, 0.125, 0.125, 0.125, 0.125, 0.09375, 0.15625, 0.09375, 0.09375, 0.09375]
[TRAIN]: (865/1600): reward: 37.375186409801245, rates: 41.37518615976589, loss: 1.7961787670850753, rho: 0.4000000000000001, transmit_actions: 18, P: [0.125, 0.90625, 1.0, 0.375, 0.125, 0.15625, 0.125, 0.125, 0.125, 0.1875, 0.0625, 0.15625, 0.15625, 0.125, 0.125, 0.125, 0.125, 0.125, 0.125, 0.125]
[TRAIN]: (866/1600): reward: 47.98109157383442, rates: 49.98109175479128, loss: 1.730907928943634, rho: 0.4000000000000001, transmit_actions: 20, P: [0.125, 0.125, 0.125, 0.125, 0.125, 0.125, 0.1875, 0.125, 0.125, 0.125, 0.125, 0.125, 0.125, 0.09375, 0.125, 0.125, 0.125, 0.125, 0.09375, 0.125]
[TRAIN]: (867/1600): reward: 41.18917885515839, rates: 43.18917879086584, loss: 2.2012208133935927, rho: 0.4000000000000001, transmit_actions: 20, P: [0.125, 0.125, 0.125, 0.0625, 0.125, 0.0625, 0.09375, 0.0625, 0.125, 0.125, 0.125, 0.125, 0.09375, 0.09375, 0.125, 0.125, 0.125, 0.125, 0.09375, 0.125]
[TRAIN]: (868/1600): reward: 46.71996100246906, rates: 48.71996110258246, loss: 1.9540085732936858, rho: 0.4000000000000001, transmit_actions: 19, P: [0.09375, 0.90625, 0.09375, 0.1875, 0.0625, 0.09375, 0.09375, 0.125, 0.09375, 0.1875, 0.1875, 0.125, 0.09375, 0.09375, 0.09375, 0.09375, 0.09375, 0.125, 0.09375, 0.09375]
[TRAIN]: (869/1600): reward: 48.931307170540094, rates: 49.931307015159746, loss: 1.4939952611923217, rho: 0.4000000000000001, transmit_actions: 20, P: [0.125, 0.0, 0.125, 0.125, 0.125, 0.125, 0.09375, 0.125, 0.1875, 0.09375, 0.09375, 0.125, 0.125, 0.09375, 0.125, 0.15625, 0.09375, 0.125, 0.125, 0.125]
[TRAIN]: (870/1600): reward: 47.05368873104453, rates: 49.05368851987103, loss: 1.8029280573129653, rho: 0.4000000000000001, transmit_actions: 20, P: [0.09375, 0.1875, 0.15625, 0.0625, 0.09375, 0.125, 0.125, 0.125, 0.1875, 0.1875, 0.09375, 0.09375, 0.125, 0.125, 0.09375, 0.125, 0.125, 0.125, 0.125, 0.125]
[TRAIN]: (871/1600): reward: 45.828422812744975, rates: 46.82842218300844, loss: 1.9708214938640594, rho: 0.4000000000000001, transmit_actions: 20, P: [0.125, 0.0, 0.125, 0.0625, 0.125, 0.125, 0.125, 0.125, 0.125, 0.125, 0.125, 0.09375, 0.09375, 0.09375, 0.125, 0.125, 0.125, 0.125, 0.125, 0.125]
[TRAIN]: (872/1600): reward: 44.098742730915546, rates: 45.09874224839964, loss: 1.8043168038129807, rho: 0.4000000000000001, transmit_actions: 19, P: [0.125, 1.0, 0.09375, 0.125, 0.0625, 0.125, 0.125, 0.125, 0.0625, 0.125, 0.0625, 0.125, 0.125, 0.15625, 0.09375, 0.125, 0.09375, 0.125, 0.09375, 0.125]
[TRAIN]: (873/1600): reward: 41.89934739470482, rates: 43.89934707305065, loss: 1.6460638761520385, rho: 0.4000000000000001, transmit_actions: 19, P: [0.09375, 1.0, 0.0625, 0.28125, 0.125, 0.1875, 0.09375, 0.09375, 0.125, 0.09375, 0.09375, 0.09375, 0.09375, 0.125, 0.125, 0.15625, 0.09375, 0.125, 0.125, 0.09375]
[TRAIN]: (874/1600): reward: 49.43573887646198, rates: 51.43573894684513, loss: 1.5852781116962433, rho: 0.4000000000000001, transmit_actions: 20, P: [0.09375, 0.125, 0.125, 0.0625, 0.125, 0.125, 0.125, 0.09375, 0.125, 0.125, 0.125, 0.09375, 0.125, 0.09375, 0.09375, 0.125, 0.125, 0.125, 0.125, 0.125]
[TRAIN]: (875/1600): reward: 47.86714496836066, rates: 48.86714530503922, loss: 1.7872996509075165, rho: 0.4000000000000001, transmit_actions: 19, P: [0.125, 0.84375, 0.125, 0.09375, 0.09375, 0.0625, 0.125, 0.125, 0.0625, 0.0625, 0.125, 0.125, 0.125, 0.09375, 0.125, 0.125, 0.125, 0.125, 0.125, 0.125]
[TRAIN]: (876/1600): reward: 38.76594606786966, rates: 41.765946789555066, loss: 1.6683024913072586, rho: 0.4000000000000001, transmit_actions: 19, P: [0.125, 0.125, 1.0, 0.125, 0.125, 0.125, 0.125, 0.125, 0.125, 0.0625, 0.1875, 0.125, 0.125, 0.125, 0.125, 0.125, 0.125, 0.125, 0.15625, 0.125]
[TRAIN]: (877/1600): reward: 49.433664571493864, rates: 50.433663848692994, loss: 1.4522434592247009, rho: 0.4000000000000001, transmit_actions: 20, P: [0.125, 0.1875, 0.125, 0.125, 0.125, 0.125, 0.125, 0.1875, 0.125, 0.125, 0.125, 0.15625, 0.125, 0.15625, 0.125, 0.125, 0.125, 0.125, 0.125, 0.09375]
[TRAIN]: (878/1600): reward: 46.8306530714035, rates: 48.83065315462662, loss: 1.9632668882608413, rho: 0.4000000000000001, transmit_actions: 20, P: [0.125, 0.0, 0.125, 0.09375, 0.125, 0.125, 0.0625, 0.125, 0.125, 0.125, 0.125, 0.125, 0.125, 0.125, 0.125, 0.125, 0.09375, 0.125, 0.125, 0.125]
[TRAIN]: (879/1600): reward: 38.98731369897723, rates: 40.98731379186118, loss: 1.5846911460161208, rho: 0.4000000000000001, transmit_actions: 19, P: [0.125, 0.0, 1.0, 0.0, 0.125, 0.125, 0.125, 0.125, 0.125, 0.125, 0.125, 0.125, 0.125, 0.125, 0.125, 0.125, 0.125, 0.125, 0.125, 0.125]
[TRAIN]: (880/1600): reward: 46.22694732621312, rates: 48.226946507980585, loss: 1.791005602478981, rho: 0.4000000000000001, transmit_actions: 19, P: [0.125, 0.0, 0.1875, 0.125, 0.125, 0.125, 0.375, 0.0625, 0.125, 0.9375, 0.125, 0.125, 0.125, 0.125, 0.125, 0.125, 0.125, 0.125, 0.125, 0.125]
[TRAIN]: (881/1600): reward: 43.755318857729435, rates: 45.75531919242793, loss: 1.6725925117731095, rho: 0.4000000000000001, transmit_actions: 20, P: [0.125, 0.125, 0.1875, 0.125, 0.09375, 0.125, 0.125, 0.125, 0.1875, 0.1875, 0.125, 0.09375, 0.125, 0.125, 0.15625, 0.125, 0.09375, 0.15625, 0.125, 0.125]
[TRAIN]: (882/1600): reward: 39.25223687663674, rates: 43.252236918353994, loss: 1.8380137860774994, rho: 0.4000000000000001, transmit_actions: 20, P: [0.1875, 0.0, 0.125, 0.0625, 0.125, 0.1875, 0.0625, 0.125, 0.125, 0.09375, 0.1875, 0.125, 0.09375, 0.125, 0.125, 0.125, 0.09375, 0.125, 0.125, 0.125]
[TRAIN]: (883/1600): reward: 43.134936636313796, rates: 46.134935809391955, loss: 2.0329448580741882, rho: 0.4000000000000001, transmit_actions: 18, P: [0.125, 0.90625, 1.0, 0.125, 0.125, 0.125, 0.125, 0.125, 0.125, 0.0625, 0.125, 0.09375, 0.125, 0.09375, 0.09375, 0.125, 0.15625, 0.09375, 0.125, 0.09375]
[TRAIN]: (884/1600): reward: 49.389786683022976, rates: 50.38978606658836, loss: 1.7221039712429047, rho: 0.4000000000000001, transmit_actions: 19, P: [0.09375, 0.90625, 0.125, 0.125, 0.125, 0.125, 0.125, 0.09375, 0.125, 0.125, 0.125, 0.125, 0.09375, 0.125, 0.125, 0.09375, 0.15625, 0.125, 0.125, 0.09375]
[TRAIN]: (885/1600): reward: 44.13407604396343, rates: 45.13407559615019, loss: 1.7884464412927628, rho: 0.4000000000000001, transmit_actions: 19, P: [0.125, 0.90625, 0.125, 0.09375, 0.125, 0.125, 0.125, 0.125, 0.125, 0.125, 0.125, 0.09375, 0.125, 0.125, 0.125, 0.125, 0.125, 0.125, 0.15625, 0.125]
[TRAIN]: (886/1600): reward: 45.61388527974486, rates: 47.61388514446362, loss: 1.9028018951416015, rho: 0.4000000000000001, transmit_actions: 20, P: [0.09375, 0.125, 0.125, 0.125, 0.15625, 0.09375, 0.125, 0.09375, 0.09375, 0.125, 0.125, 0.125, 0.15625, 0.15625, 0.15625, 0.125, 0.46875, 0.125, 0.15625, 0.15625]
[TRAIN]: (887/1600): reward: 49.02728506736457, rates: 50.027284355162784, loss: 1.9312111496925355, rho: 0.4000000000000001, transmit_actions: 19, P: [0.125, 0.90625, 0.125, 0.125, 0.125, 0.0625, 0.125, 0.125, 0.125, 0.125, 0.125, 0.125, 0.125, 0.09375, 0.125, 0.125, 0.125, 0.125, 0.125, 0.125]
[TRAIN]: (888/1600): reward: 50.19889358431101, rates: 51.19889318127358, loss: 2.1785518318414687, rho: 0.4000000000000001, transmit_actions: 19, P: [0.125, 1.0, 0.125, 0.0625, 0.125, 0.125, 0.125, 0.09375, 0.125, 0.125, 0.125, 0.125, 0.15625, 0.15625, 0.125, 0.125, 0.09375, 0.09375, 0.125, 0.09375]
[TRAIN]: (889/1600): reward: 47.08047315850854, rates: 49.08047387523952, loss: 1.7294149696826935, rho: 0.4000000000000001, transmit_actions: 20, P: [0.1875, 0.0, 0.125, 0.125, 0.125, 0.1875, 0.0625, 0.1875, 0.1875, 0.0625, 0.125, 0.09375, 0.09375, 0.125, 0.125, 0.125, 0.125, 0.125, 0.15625, 0.15625]
[TRAIN]: (890/1600): reward: 33.30475861206651, rates: 38.30475912980267, loss: 1.5603627383708953, rho: 0.4000000000000001, transmit_actions: 20, P: [0.1875, 0.1875, 0.125, 0.125, 0.1875, 0.125, 0.125, 0.125, 0.09375, 0.125, 0.1875, 0.15625, 0.125, 0.15625, 0.3125, 0.125, 0.125, 0.125, 0.09375, 0.125]
[TRAIN]: (891/1600): reward: 41.71942299604416, rates: 44.71942256837265, loss: 1.784608209133148, rho: 0.4000000000000001, transmit_actions: 20, P: [0.1875, 0.0, 0.0, 0.125, 0.125, 0.125, 0.125, 0.1875, 0.125, 0.125, 0.125, 1.0, 0.125, 0.15625, 0.125, 0.15625, 0.125, 0.125, 0.15625, 0.125]
[TRAIN]: (892/1600): reward: 44.29357259720564, rates: 45.29357249724605, loss: 1.8085558414459229, rho: 0.4000000000000001, transmit_actions: 19, P: [0.1875, 0.96875, 0.0, 0.0625, 0.1875, 0.125, 0.09375, 0.09375, 0.09375, 0.0625, 0.125, 0.15625, 0.09375, 0.09375, 0.15625, 0.15625, 0.125, 0.09375, 0.125, 0.15625]
[TRAIN]: (893/1600): reward: 33.72121415287256, rates: 38.72121394855947, loss: 1.8355975329875946, rho: 0.4000000000000001, transmit_actions: 19, P: [0.1875, 0.0, 0.125, 0.1875, 0.1875, 0.0625, 0.125, 0.1875, 0.1875, 0.125, 0.1875, 0.125, 0.125, 0.125, 0.09375, 0.125, 0.15625, 0.3125, 0.125, 0.125]
[TRAIN]: (894/1600): reward: 46.854546155780554, rates: 47.85454568043748, loss: 1.995019155740738, rho: 0.4000000000000001, transmit_actions: 19, P: [0.1875, 0.90625, 0.0, 0.1875, 0.15625, 0.09375, 0.15625, 0.125, 0.09375, 0.125, 0.15625, 0.09375, 0.125, 0.125, 0.125, 0.15625, 0.125, 0.15625, 0.15625, 0.09375]
[TRAIN]: (895/1600): reward: 41.532245092093945, rates: 44.532245788658535, loss: 1.4260301858186721, rho: 0.4000000000000001, transmit_actions: 20, P: [0.1875, 0.125, 0.125, 0.125, 0.09375, 0.125, 0.125, 0.15625, 0.125, 0.125, 0.125, 0.125, 0.15625, 0.125, 0.09375, 0.125, 0.09375, 0.15625, 0.125, 0.125]
[TRAIN]: (896/1600): reward: 50.45072719454765, rates: 51.45072755250024, loss: 1.8043630421161652, rho: 0.4000000000000001, transmit_actions: 19, P: [0.59375, 0.90625, 0.125, 0.1875, 0.1875, 0.125, 0.125, 0.125, 0.125, 0.125, 0.0625, 0.09375, 0.125, 0.125, 0.125, 0.09375, 0.15625, 0.09375, 0.125, 0.09375]
[TRAIN]: (897/1600): reward: 44.80032577365637, rates: 45.80032539021276, loss: 1.706961277127266, rho: 0.4000000000000001, transmit_actions: 19, P: [0.1875, 0.84375, 0.0, 0.125, 0.125, 0.125, 0.09375, 0.125, 0.09375, 0.125, 0.125, 0.125, 0.09375, 0.09375, 0.125, 0.15625, 0.15625, 0.125, 0.125, 0.15625]
[TRAIN]: (898/1600): reward: 47.5524713024497, rates: 49.55247196672906, loss: 2.0135553896427156, rho: 0.4000000000000001, transmit_actions: 20, P: [0.1875, 0.0, 0.125, 0.09375, 0.1875, 0.125, 0.125, 0.1875, 0.1875, 0.1875, 0.1875, 0.125, 0.09375, 0.125, 0.3125, 0.125, 0.09375, 0.125, 0.125, 0.15625]
[TRAIN]: (899/1600): reward: 42.441767267882824, rates: 46.44176715924447, loss: 1.827119880914688, rho: 0.4000000000000001, transmit_actions: 20, P: [0.1875, 0.125, 0.125, 0.1875, 0.0625, 0.125, 0.1875, 0.1875, 0.125, 0.125, 0.15625, 0.09375, 0.09375, 0.125, 0.125, 0.125, 0.09375, 0.15625, 0.09375, 0.125]
[TRAIN]: (900/1600): reward: 47.35179019719362, rates: 49.35179036049825, loss: 1.58941593170166, rho: 0.4000000000000001, transmit_actions: 20, P: [0.1875, 0.0, 0.125, 0.125, 0.09375, 0.125, 0.1875, 0.0625, 0.09375, 0.125, 0.125, 0.15625, 0.125, 0.125, 0.125, 0.125, 0.15625, 0.125, 0.15625, 0.09375]
[TRAIN]: (901/1600): reward: 48.14023844897747, rates: 49.14023917216011, loss: 1.8509090691804886, rho: 0.4000000000000001, transmit_actions: 19, P: [0.1875, 0.0, 0.0, 0.90625, 0.09375, 0.125, 0.1875, 0.125, 0.125, 0.125, 0.125, 0.125, 0.15625, 0.125, 0.125, 0.125, 0.125, 0.09375, 0.15625, 0.125]
[TRAIN]: (902/1600): reward: 47.042967677116394, rates: 49.04296776003994, loss: 1.9021935403347014, rho: 0.4000000000000001, transmit_actions: 20, P: [0.1875, 0.0, 0.0, 0.1875, 0.125, 0.15625, 0.125, 0.125, 0.125, 0.125, 0.125, 0.09375, 0.125, 0.09375, 0.125, 0.125, 0.125, 0.125, 0.125, 0.125]
[TRAIN]: (903/1600): reward: 39.384929694235325, rates: 41.38493012847864, loss: 1.6096414387226106, rho: 0.4000000000000001, transmit_actions: 18, P: [0.1875, 0.84375, 0.0, 0.125, 0.125, 0.125, 0.125, 0.125, 0.125, 0.125, 0.09375, 0.09375, 0.15625, 0.15625, 0.09375, 0.03125, 0.15625, 0.09375, 0.125, 0.125]
[TRAIN]: (904/1600): reward: 37.317405596375465, rates: 40.31740581997149, loss: 1.870397251844406, rho: 0.4000000000000001, transmit_actions: 20, P: [0.1875, 0.1875, 0.09375, 0.09375, 0.09375, 0.125, 0.125, 0.125, 0.0625, 0.125, 0.1875, 0.84375, 0.125, 0.125, 0.15625, 0.09375, 0.09375, 0.125, 0.125, 0.125]
[TRAIN]: (905/1600): reward: 38.75658432766795, rates: 40.756584773519236, loss: 1.8265740811824798, rho: 0.4000000000000001, transmit_actions: 19, P: [0.09375, 0.84375, 0.125, 0.125, 0.125, 0.09375, 0.09375, 0.0625, 0.09375, 0.09375, 0.0625, 0.15625, 0.125, 0.09375, 0.09375, 0.125, 0.125, 0.15625, 0.125, 0.15625]
[TRAIN]: (906/1600): reward: 39.381188325583935, rates: 41.381188549645486, loss: 1.6796653598546982, rho: 0.4000000000000001, transmit_actions: 20, P: [0.0625, 0.125, 0.125, 0.125, 0.125, 0.0625, 0.0625, 0.0625, 0.0625, 0.09375, 0.125, 0.125, 0.15625, 0.125, 0.125, 0.125, 0.125, 0.15625, 0.125, 0.15625]
[TRAIN]: (907/1600): reward: 39.905971862375736, rates: 41.905972096637115, loss: 1.814671090245247, rho: 0.4000000000000001, transmit_actions: 19, P: [0.0625, 0.84375, 0.125, 0.125, 0.125, 0.0625, 0.125, 0.125, 0.125, 0.15625, 0.0625, 0.125, 0.15625, 0.09375, 0.125, 0.15625, 0.125, 0.125, 0.125, 0.125]
[TRAIN]: (908/1600): reward: 45.06739228963852, rates: 46.067391970180566, loss: 1.9283355981111527, rho: 0.4000000000000001, transmit_actions: 19, P: [0.21875, 0.90625, 0.125, 0.125, 0.125, 0.125, 0.15625, 0.125, 0.0625, 0.0625, 0.0625, 0.125, 0.09375, 0.15625, 0.09375, 0.15625, 0.125, 0.125, 0.125, 0.125]
[TRAIN]: (909/1600): reward: 36.727496057748795, rates: 38.727495874405676, loss: 1.7580187410116195, rho: 0.4000000000000001, transmit_actions: 19, P: [0.0625, 0.84375, 0.125, 0.125, 0.0625, 0.0625, 0.125, 0.09375, 0.0625, 0.125, 0.125, 0.125, 0.125, 0.125, 0.125, 0.125, 0.15625, 0.125, 0.125, 0.125]
[TRAIN]: (910/1600): reward: 40.050630897283554, rates: 43.0506313239709, loss: 1.8031316488981246, rho: 0.4000000000000001, transmit_actions: 20, P: [0.0625, 0.0, 0.0, 0.125, 0.03125, 0.125, 0.125, 0.0625, 0.125, 0.125, 0.125, 0.125, 0.125, 0.125, 0.125, 0.125, 0.15625, 0.125, 0.125, 0.125]
[TRAIN]: (911/1600): reward: 42.791872411966324, rates: 44.791872067916835, loss: 1.642534253001213, rho: 0.4000000000000001, transmit_actions: 19, P: [0.0625, 0.90625, 0.125, 0.125, 0.125, 0.125, 0.125, 0.0625, 0.09375, 0.0625, 0.0625, 0.125, 0.125, 0.15625, 0.15625, 0.125, 0.15625, 0.125, 0.125, 0.125]
[TRAIN]: (912/1600): reward: 38.829194420948625, rates: 40.82919476847405, loss: 1.6557923823595047, rho: 0.4000000000000001, transmit_actions: 19, P: [0.21875, 0.90625, 0.0, 0.125, 0.125, 0.15625, 0.15625, 0.125, 0.1875, 0.0625, 0.125, 0.125, 0.125, 0.125, 0.125, 0.15625, 0.09375, 0.125, 0.125, 0.125]
[TRAIN]: (913/1600): reward: 39.14850879460573, rates: 42.14850961094499, loss: 2.0024377763271333, rho: 0.4000000000000001, transmit_actions: 18, P: [0.21875, 0.90625, 0.0, 0.125, 0.125, 0.09375, 0.09375, 0.09375, 0.125, 0.125, 0.125, 0.125, 0.125, 0.125, 0.125, 0.125, 0.09375, 0.15625, 0.125, 0.125]
[TRAIN]: (914/1600): reward: 44.30969691649079, rates: 45.30969682268851, loss: 2.0815539062023163, rho: 0.4000000000000001, transmit_actions: 19, P: [0.125, 0.90625, 0.0, 0.125, 0.125, 0.125, 0.15625, 0.125, 0.125, 0.09375, 0.09375, 0.09375, 0.09375, 0.09375, 0.125, 0.09375, 0.125, 0.09375, 0.125, 0.125]
[TRAIN]: (915/1600): reward: 44.45005190372467, rates: 46.45005100269017, loss: 1.6801443845033646, rho: 0.4000000000000001, transmit_actions: 20, P: [0.1875, 0.125, 0.125, 0.125, 0.125, 0.125, 0.125, 0.125, 0.1875, 0.1875, 0.0625, 0.15625, 0.09375, 0.09375, 0.125, 0.09375, 0.09375, 0.09375, 0.125, 0.09375]
[TRAIN]: (916/1600): reward: 46.873925901949406, rates: 48.87392560985502, loss: 1.7861210733652115, rho: 0.4000000000000001, transmit_actions: 18, P: [0.1875, 0.84375, 0.0625, 0.125, 0.09375, 0.125, 0.0625, 0.125, 0.125, 0.15625, 0.1875, 0.15625, 0.09375, 0.125, 0.125, 0.125, 0.125, 0.09375, 0.125, 0.125]
[TRAIN]: (917/1600): reward: 41.86601034924388, rates: 43.86601117964795, loss: 1.9554371178150176, rho: 0.4000000000000001, transmit_actions: 19, P: [0.1875, 0.0, 0.125, 0.125, 0.125, 0.125, 0.0625, 0.125, 0.125, 0.1875, 0.125, 0.125, 0.125, 0.125, 0.5625, 0.125, 0.15625, 0.09375, 0.125, 0.125]
[TRAIN]: (918/1600): reward: 50.04423435777426, rates: 52.04423399993087, loss: 1.762436419725418, rho: 0.4000000000000001, transmit_actions: 20, P: [0.1875, 0.125, 0.1875, 0.125, 0.125, 0.1875, 0.0625, 0.1875, 0.125, 0.125, 0.125, 0.125, 0.125, 0.125, 0.125, 0.125, 0.125, 0.125, 0.125, 0.125]
[TRAIN]: (919/1600): reward: 35.11885533481836, rates: 40.11885549209677, loss: 1.831591323018074, rho: 0.4000000000000001, transmit_actions: 20, P: [0.1875, 0.0, 0.1875, 0.0625, 0.09375, 0.125, 0.1875, 0.1875, 0.125, 0.125, 0.25, 0.15625, 0.15625, 0.125, 0.15625, 0.125, 0.15625, 0.125, 0.125, 0.125]
[TRAIN]: (920/1600): reward: 50.689910151064396, rates: 53.689910419380475, loss: 2.0586246609687806, rho: 0.4000000000000001, transmit_actions: 20, P: [0.1875, 0.1875, 0.1875, 0.15625, 0.125, 0.125, 0.125, 0.125, 0.125, 0.125, 0.1875, 0.125, 0.125, 0.125, 0.15625, 0.15625, 0.125, 0.09375, 0.125, 0.15625]
[TRAIN]: (921/1600): reward: 51.58726708590984, rates: 52.587266735660414, loss: 2.002148923277855, rho: 0.4000000000000001, transmit_actions: 19, P: [0.1875, 1.0, 0.125, 0.125, 0.125, 0.125, 0.125, 0.1875, 0.125, 0.125, 0.125, 0.09375, 0.125, 0.125, 0.125, 0.15625, 0.125, 0.125, 0.125, 0.125]
[TRAIN]: (922/1600): reward: 38.68149050325155, rates: 41.68149083567048, loss: 1.9679128706455231, rho: 0.4000000000000001, transmit_actions: 20, P: [0.1875, 0.125, 0.125, 0.125, 0.125, 0.125, 0.125, 0.1875, 0.125, 0.1875, 0.125, 0.15625, 0.15625, 0.15625, 0.15625, 0.09375, 0.09375, 0.15625, 0.15625, 0.09375]
[TRAIN]: (923/1600): reward: 47.71129697933793, rates: 49.71129702488081, loss: 1.8148532450199126, rho: 0.4000000000000001, transmit_actions: 19, P: [0.1875, 0.96875, 0.0, 0.125, 0.1875, 0.0625, 0.125, 0.15625, 0.125, 0.0625, 0.125, 0.15625, 0.125, 0.125, 0.125, 0.09375, 0.15625, 0.125, 0.09375, 0.09375]
[TRAIN]: (924/1600): reward: 42.68546687066555, rates: 45.685467514945195, loss: 1.762041762471199, rho: 0.4000000000000001, transmit_actions: 18, P: [0.1875, 0.90625, 1.0, 0.125, 0.1875, 0.125, 0.125, 0.125, 0.125, 0.375, 0.125, 0.15625, 0.09375, 0.125, 0.125, 0.125, 0.09375, 0.125, 0.125, 0.125]
[TRAIN]: (925/1600): reward: 50.009146608412266, rates: 51.00914664159278, loss: 1.7153101295232773, rho: 0.4000000000000001, transmit_actions: 20, P: [0.1875, 0.0, 0.125, 0.125, 0.125, 0.0625, 0.125, 0.125, 0.125, 0.1875, 0.125, 0.125, 0.15625, 0.15625, 0.125, 0.09375, 0.09375, 0.15625, 0.125, 0.125]
[TRAIN]: (926/1600): reward: 48.09873380884528, rates: 49.0987339788215, loss: 1.6821088284254073, rho: 0.4000000000000001, transmit_actions: 20, P: [0.1875, 0.0, 0.1875, 0.15625, 0.125, 0.125, 0.125, 0.125, 0.0625, 0.125, 0.09375, 0.125, 0.125, 0.125, 0.125, 0.125, 0.15625, 0.125, 0.125, 0.125]
[TRAIN]: (927/1600): reward: 42.42081990838051, rates: 44.42082015689617, loss: 1.8111751139163972, rho: 0.4000000000000001, transmit_actions: 19, P: [0.1875, 1.0, 0.125, 0.3125, 0.125, 0.0625, 0.1875, 0.09375, 0.125, 0.125, 0.125, 0.15625, 0.125, 0.125, 0.15625, 0.125, 0.125, 0.15625, 0.125, 0.84375]
[TRAIN]: (928/1600): reward: 42.8463806854561, rates: 44.8463806983321, loss: 1.9284337341785431, rho: 0.4000000000000001, transmit_actions: 19, P: [0.1875, 1.0, 0.0, 0.125, 0.15625, 0.09375, 0.0625, 0.1875, 0.09375, 0.09375, 0.15625, 0.15625, 0.09375, 0.09375, 0.09375, 0.09375, 0.15625, 0.125, 0.15625, 0.125]
[TRAIN]: (929/1600): reward: 36.869910188019276, rates: 39.869909608718935, loss: 1.7688233256340027, rho: 0.4000000000000001, transmit_actions: 20, P: [0.21875, 0.0, 0.125, 0.09375, 0.15625, 0.09375, 0.1875, 0.15625, 0.125, 0.1875, 0.09375, 0.09375, 0.09375, 0.15625, 0.125, 0.15625, 0.15625, 0.09375, 0.125, 0.125]
[TRAIN]: (930/1600): reward: 45.96660812199116, rates: 46.96660749319065, loss: 1.8562205255031585, rho: 0.4000000000000001, transmit_actions: 20, P: [0.21875, 0.0, 0.3125, 0.125, 0.125, 0.125, 0.125, 0.125, 0.125, 0.0625, 0.1875, 0.125, 0.15625, 0.125, 0.09375, 0.125, 0.125, 0.125, 0.15625, 0.09375]
[TRAIN]: (931/1600): reward: 48.66719937324524, rates: 49.66719960943897, loss: 2.1357518315315245, rho: 0.4000000000000001, transmit_actions: 19, P: [0.21875, 0.96875, 0.125, 0.125, 0.125, 0.125, 0.125, 0.125, 0.125, 0.125, 0.09375, 0.125, 0.125, 0.15625, 0.125, 0.15625, 0.125, 0.125, 0.09375, 0.125]
[TRAIN]: (932/1600): reward: 45.71349847316742, rates: 46.71349835056023, loss: 1.6972875267267227, rho: 0.4000000000000001, transmit_actions: 20, P: [0.1875, 0.0, 0.09375, 0.125, 0.125, 0.125, 0.125, 0.09375, 0.125, 0.125, 0.125, 0.125, 0.125, 0.125, 0.125, 0.125, 0.125, 0.15625, 0.125, 0.15625]
[TRAIN]: (933/1600): reward: 47.37178309634328, rates: 48.37178382638016, loss: 1.5385663777589798, rho: 0.4000000000000001, transmit_actions: 19, P: [0.1875, 1.0, 0.125, 0.125, 0.125, 0.125, 0.125, 0.15625, 0.125, 0.09375, 0.125, 0.125, 0.125, 0.125, 0.125, 0.125, 0.125, 0.125, 0.09375, 0.125]
[TRAIN]: (934/1600): reward: 47.90820628032088, rates: 50.90820654065917, loss: 1.9713725090026855, rho: 0.4000000000000001, transmit_actions: 20, P: [0.21875, 0.25, 0.125, 0.125, 0.3125, 0.15625, 0.125, 0.125, 0.125, 0.125, 0.125, 0.125, 0.125, 0.125, 0.125, 0.125, 0.09375, 0.125, 0.125, 0.125]
[TRAIN]: (935/1600): reward: 38.898574182763696, rates: 42.89857352587112, loss: 1.8471061050891877, rho: 0.4000000000000001, transmit_actions: 20, P: [0.1875, 0.0, 0.125, 0.25, 0.15625, 0.25, 0.125, 0.09375, 0.0625, 0.09375, 0.125, 0.125, 0.125, 0.09375, 0.125, 0.09375, 0.09375, 0.125, 0.09375, 0.15625]
[TRAIN]: (936/1600): reward: 49.54207544773817, rates: 50.54207591211894, loss: 1.970180982351303, rho: 0.4000000000000001, transmit_actions: 20, P: [0.21875, 0.09375, 0.0625, 0.125, 0.125, 0.125, 0.125, 0.125, 0.125, 0.09375, 0.125, 0.125, 0.125, 0.15625, 0.125, 0.15625, 0.125, 0.125, 0.09375, 0.125]
[TRAIN]: (937/1600): reward: 50.46664314903319, rates: 51.46664434644704, loss: 1.9306816905736923, rho: 0.4000000000000001, transmit_actions: 18, P: [0.1875, 0.96875, 1.0, 0.125, 0.1875, 0.125, 0.09375, 0.125, 0.1875, 0.125, 0.125, 0.125, 0.125, 0.09375, 0.125, 0.125, 0.15625, 0.09375, 0.125, 0.15625]
[TRAIN]: (938/1600): reward: 48.84280751645565, rates: 49.84280719114559, loss: 1.8255297720432282, rho: 0.4000000000000001, transmit_actions: 19, P: [0.1875, 0.90625, 0.0625, 0.125, 0.125, 0.09375, 0.125, 0.125, 0.125, 0.125, 0.125, 0.125, 0.15625, 0.125, 0.125, 0.125, 0.125, 0.125, 0.125, 0.15625]
[TRAIN]: (939/1600): reward: 41.744664542376995, rates: 45.744664291857454, loss: 1.8591726750135422, rho: 0.4000000000000001, transmit_actions: 20, P: [0.1875, 0.125, 0.125, 0.125, 0.15625, 0.15625, 0.09375, 0.125, 0.125, 0.15625, 0.125, 0.125, 0.125, 0.125, 0.125, 0.09375, 0.125, 0.125, 0.09375, 0.15625]
[TRAIN]: (940/1600): reward: 47.50813955068588, rates: 48.50813918755154, loss: 2.066547340154648, rho: 0.4000000000000001, transmit_actions: 20, P: [0.1875, 0.0, 0.125, 0.125, 0.125, 0.125, 0.1875, 0.125, 0.09375, 0.125, 0.125, 0.125, 0.15625, 0.125, 0.09375, 0.125, 0.09375, 0.15625, 0.15625, 0.125]
[TRAIN]: (941/1600): reward: 43.85108380764723, rates: 45.85108402249285, loss: 2.062728062272072, rho: 0.4000000000000001, transmit_actions: 20, P: [0.21875, 0.0, 0.125, 0.125, 0.125, 0.125, 0.125, 0.09375, 0.125, 0.125, 0.0625, 0.125, 0.125, 0.125, 0.125, 0.125, 0.125, 0.125, 0.15625, 0.125]
[TRAIN]: (942/1600): reward: 39.53162716329098, rates: 42.53162702255092, loss: 1.9039093017578126, rho: 0.4000000000000001, transmit_actions: 19, P: [0.21875, 0.125, 0.125, 0.09375, 0.125, 0.125, 0.125, 0.125, 0.09375, 0.125, 0.1875, 0.125, 0.125, 0.125, 0.125, 0.78125, 0.125, 0.09375, 0.125, 0.125]
[TRAIN]: (943/1600): reward: 44.650698371231556, rates: 46.650697818703456, loss: 2.030021142959595, rho: 0.4000000000000001, transmit_actions: 20, P: [0.1875, 0.0, 0.1875, 0.96875, 0.125, 0.1875, 0.09375, 0.125, 0.09375, 0.125, 0.125, 0.125, 0.125, 0.09375, 0.125, 0.09375, 0.125, 0.125, 0.09375, 0.125]
[TRAIN]: (944/1600): reward: 49.23268076777458, rates: 50.23268082092228, loss: 2.040899080038071, rho: 0.4000000000000001, transmit_actions: 20, P: [0.1875, 0.125, 0.125, 0.125, 0.125, 0.125, 0.09375, 0.09375, 0.125, 0.125, 0.09375, 0.09375, 0.125, 0.09375, 0.125, 0.125, 0.125, 0.125, 0.125, 0.125]
[TRAIN]: (945/1600): reward: 41.908264979720116, rates: 44.90826465398008, loss: 2.1532062023878096, rho: 0.4000000000000001, transmit_actions: 20, P: [0.1875, 0.25, 0.125, 0.125, 0.125, 0.1875, 0.125, 0.25, 0.125, 0.25, 0.09375, 0.09375, 0.125, 0.125, 0.09375, 0.15625, 0.15625, 0.15625, 0.125, 0.09375]
[TRAIN]: (946/1600): reward: 47.83280806988478, rates: 48.83280785068284, loss: 1.7163137197494507, rho: 0.4000000000000001, transmit_actions: 20, P: [0.1875, 0.125, 0.1875, 0.0625, 0.1875, 0.125, 0.125, 0.125, 0.125, 0.125, 0.15625, 0.09375, 0.15625, 0.09375, 0.125, 0.15625, 0.125, 0.15625, 0.125, 0.125]
[TRAIN]: (947/1600): reward: 47.5731156617403, rates: 48.573115834185316, loss: 1.838488644361496, rho: 0.4000000000000001, transmit_actions: 19, P: [0.1875, 1.0, 0.125, 0.125, 0.125, 0.125, 0.15625, 0.125, 0.125, 0.0625, 0.125, 0.09375, 0.15625, 0.125, 0.15625, 0.15625, 0.125, 0.125, 0.125, 0.125]
[TRAIN]: (948/1600): reward: 41.05091144144535, rates: 44.05091191718232, loss: 1.9540396273136138, rho: 0.4000000000000001, transmit_actions: 19, P: [0.0625, 1.0, 0.125, 0.125, 0.125, 0.15625, 0.125, 0.15625, 0.125, 0.125, 0.125, 0.125, 0.125, 0.625, 0.09375, 0.15625, 0.125, 0.15625, 0.09375, 0.125]
[TRAIN]: (949/1600): reward: 47.75844092294574, rates: 48.75844211188071, loss: 1.98659106194973, rho: 0.4000000000000001, transmit_actions: 19, P: [0.0625, 0.90625, 0.0625, 0.0625, 0.125, 0.125, 0.125, 0.125, 0.125, 0.15625, 0.125, 0.125, 0.125, 0.09375, 0.125, 0.125, 0.125, 0.125, 0.125, 0.125]
[TRAIN]: (950/1600): reward: 47.41639104904607, rates: 48.41639078774546, loss: 1.9245185911655427, rho: 0.4000000000000001, transmit_actions: 19, P: [0.0625, 0.90625, 0.125, 0.125, 0.0625, 0.09375, 0.09375, 0.0625, 0.0625, 0.09375, 0.09375, 0.09375, 0.125, 0.15625, 0.125, 0.09375, 0.09375, 0.09375, 0.09375, 0.125]
[TRAIN]: (951/1600): reward: 48.853269438259304, rates: 49.85326943528741, loss: 1.7620623409748077, rho: 0.4000000000000001, transmit_actions: 20, P: [0.0625, 0.0, 0.1875, 0.125, 0.09375, 0.125, 0.0625, 0.0625, 0.0625, 0.125, 0.125, 0.09375, 0.125, 0.125, 0.15625, 0.09375, 0.125, 0.09375, 0.125, 0.09375]
[TRAIN]: (952/1600): reward: 39.13660051673651, rates: 41.136600081156985, loss: 1.470829889178276, rho: 0.4000000000000001, transmit_actions: 19, P: [0.0625, 0.90625, 0.0, 0.125, 0.1875, 0.125, 0.03125, 0.125, 0.125, 0.09375, 0.125, 0.125, 0.09375, 0.125, 0.15625, 0.125, 0.125, 0.09375, 0.125, 0.125]
[TRAIN]: (953/1600): reward: 46.02815515547991, rates: 48.02815473017871, loss: 1.86481574177742, rho: 0.4000000000000001, transmit_actions: 20, P: [0.21875, 0.0, 0.0, 0.125, 0.15625, 0.125, 0.125, 0.125, 0.125, 0.25, 0.125, 0.09375, 0.125, 0.125, 0.125, 0.125, 0.09375, 0.125, 0.125, 0.125]
[TRAIN]: (954/1600): reward: 40.10315489768982, rates: 43.103154825089774, loss: 2.0063489228487015, rho: 0.4000000000000001, transmit_actions: 20, P: [0.21875, 0.0, 0.0, 0.125, 0.125, 0.125, 0.125, 0.125, 0.125, 0.125, 0.125, 0.125, 0.15625, 0.15625, 0.125, 0.09375, 0.125, 0.125, 0.09375, 0.15625]
[TRAIN]: (955/1600): reward: 49.816365119069815, rates: 50.81636555444282, loss: 1.899362814426422, rho: 0.4000000000000001, transmit_actions: 20, P: [0.21875, 0.0, 0.125, 0.125, 0.125, 0.125, 0.125, 0.0625, 0.0625, 0.125, 0.125, 0.125, 0.125, 0.125, 0.125, 0.125, 0.125, 0.125, 0.125, 0.15625]
[TRAIN]: (956/1600): reward: 48.447177447378635, rates: 49.44717708860759, loss: 1.9366212010383606, rho: 0.4000000000000001, transmit_actions: 20, P: [0.1875, 0.0, 0.125, 0.1875, 0.09375, 0.125, 0.125, 0.09375, 0.125, 0.125, 0.125, 0.125, 0.15625, 0.125, 0.125, 0.15625, 0.125, 0.125, 0.15625, 0.125]
[TRAIN]: (957/1600): reward: 43.14285523444414, rates: 45.1428546258426, loss: 1.802431270480156, rho: 0.4000000000000001, transmit_actions: 20, P: [0.1875, 0.0, 0.0, 0.125, 0.0625, 0.125, 0.125, 0.125, 0.125, 0.15625, 0.125, 0.125, 0.125, 0.125, 0.15625, 0.125, 0.125, 0.15625, 0.125, 0.125]
[TRAIN]: (958/1600): reward: 34.04914604499936, rates: 37.049146524106426, loss: 1.8798135697841645, rho: 0.4000000000000001, transmit_actions: 20, P: [0.1875, 0.0, 0.0, 0.125, 0.125, 0.0625, 0.0625, 0.09375, 0.125, 0.125, 0.1875, 0.125, 0.09375, 0.125, 0.125, 0.125, 0.125, 0.125, 0.15625, 0.125]
[TRAIN]: (959/1600): reward: 46.699682626873255, rates: 47.69968278748441, loss: 1.9604414522647857, rho: 0.4000000000000001, transmit_actions: 20, P: [0.1875, 0.0, 0.125, 0.125, 0.125, 0.125, 0.0625, 0.125, 0.125, 0.125, 0.125, 0.125, 0.15625, 0.125, 0.125, 0.125, 0.125, 0.125, 0.125, 0.125]
[TRAIN]: (960/1600): reward: 42.567541282624006, rates: 44.567541742944115, loss: 1.7436895936727523, rho: 0.4000000000000001, transmit_actions: 20, P: [0.21875, 0.125, 0.125, 0.125, 0.125, 0.125, 0.125, 0.125, 0.125, 0.125, 0.125, 0.125, 0.125, 0.125, 0.15625, 0.09375, 0.125, 0.125, 0.125, 0.09375]
[TRAIN]: (961/1600): reward: 32.577997736632824, rates: 35.577998252301946, loss: 1.8636895090341568, rho: 0.4000000000000001, transmit_actions: 19, P: [0.21875, 0.0, 0.0, 0.125, 0.125, 0.0625, 0.125, 0.125, 0.125, 0.125, 0.125, 0.125, 0.125, 0.15625, 0.125, 0.125, 0.125, 0.0, 0.125, 0.125]
[TRAIN]: (962/1600): reward: 40.96378760971129, rates: 42.96378739456295, loss: 2.066937083005905, rho: 0.4000000000000001, transmit_actions: 20, P: [0.21875, 0.0, 0.125, 0.125, 0.125, 0.125, 0.125, 0.125, 0.125, 0.09375, 0.125, 0.125, 0.125, 0.125, 0.125, 0.125, 0.125, 0.125, 0.125, 0.125]
[TRAIN]: (963/1600): reward: 42.1587414778769, rates: 44.15874150729131, loss: 1.9262566089630127, rho: 0.4000000000000001, transmit_actions: 20, P: [0.125, 0.0, 0.125, 0.3125, 0.125, 0.125, 0.125, 0.125, 0.125, 0.125, 0.125, 0.125, 0.125, 0.125, 0.125, 0.09375, 0.125, 0.125, 0.125, 0.125]
[TRAIN]: (964/1600): reward: 50.00399333238602, rates: 52.00399314463799, loss: 2.15607635974884, rho: 0.4000000000000001, transmit_actions: 19, P: [0.21875, 1.0, 0.34375, 0.125, 0.125, 0.15625, 0.125, 0.125, 0.125, 0.125, 0.125, 0.15625, 0.09375, 0.125, 0.125, 0.125, 0.15625, 0.15625, 0.125, 0.09375]
[TRAIN]: (965/1600): reward: 53.62841346859932, rates: 54.62841319066978, loss: 1.4161034643650054, rho: 0.4000000000000001, transmit_actions: 20, P: [0.21875, 0.0, 0.125, 0.125, 0.09375, 0.125, 0.0625, 0.125, 0.125, 0.0625, 0.125, 0.09375, 0.125, 0.15625, 0.15625, 0.09375, 0.125, 0.15625, 0.125, 0.125]
[TRAIN]: (966/1600): reward: 51.15746510773897, rates: 52.15746626520489, loss: 1.9423861294984817, rho: 0.4000000000000001, transmit_actions: 19, P: [0.21875, 0.96875, 0.125, 0.125, 0.125, 0.125, 0.125, 0.125, 0.125, 0.125, 0.125, 0.125, 0.125, 0.09375, 0.125, 0.125, 0.125, 0.125, 0.125, 0.125]
[TRAIN]: (967/1600): reward: 48.76891668140888, rates: 49.768916340422166, loss: 1.9737185418605805, rho: 0.4000000000000001, transmit_actions: 19, P: [0.21875, 0.0, 1.0, 0.125, 0.125, 0.125, 0.15625, 0.125, 0.125, 0.125, 0.125, 0.125, 0.125, 0.125, 0.09375, 0.125, 0.125, 0.125, 0.15625, 0.125]
[TRAIN]: (968/1600): reward: 44.71044982969761, rates: 46.71045015690163, loss: 2.0120632737874984, rho: 0.4000000000000001, transmit_actions: 19, P: [0.21875, 1.0, 0.125, 0.125, 0.125, 0.125, 0.34375, 0.0625, 0.125, 0.125, 0.125, 0.125, 0.09375, 0.125, 0.15625, 0.15625, 0.15625, 0.15625, 0.125, 0.125]
[TRAIN]: (969/1600): reward: 46.951417207717896, rates: 48.951417110288645, loss: 1.7939413070678711, rho: 0.4000000000000001, transmit_actions: 20, P: [0.0625, 0.0, 0.34375, 0.125, 0.125, 0.125, 0.125, 0.125, 0.125, 0.125, 0.125, 0.15625, 0.125, 0.09375, 0.125, 0.125, 0.125, 0.125, 0.125, 0.125]
[TRAIN]: (970/1600): reward: 40.37694388255477, rates: 43.376944611106985, loss: 2.0485971540212633, rho: 0.4000000000000001, transmit_actions: 20, P: [0.21875, 0.0, 0.125, 0.15625, 0.125, 0.125, 0.125, 0.125, 0.125, 0.0625, 0.125, 0.15625, 0.09375, 0.125, 0.15625, 0.15625, 0.15625, 0.15625, 0.09375, 0.125]
[TRAIN]: (971/1600): reward: 43.034082017838955, rates: 46.03408173326941, loss: 2.175168478488922, rho: 0.4000000000000001, transmit_actions: 20, P: [0.21875, 0.0, 0.125, 0.125, 0.125, 0.125, 0.0625, 0.125, 0.125, 0.125, 0.125, 0.15625, 0.125, 0.125, 0.15625, 0.125, 0.125, 0.09375, 0.125, 0.125]
[TRAIN]: (972/1600): reward: 49.60647817887366, rates: 50.606477150183785, loss: 1.8216869205236434, rho: 0.4000000000000001, transmit_actions: 19, P: [0.125, 1.0, 0.125, 0.125, 0.125, 0.125, 0.125, 0.125, 0.125, 0.125, 0.125, 0.125, 0.125, 0.09375, 0.09375, 0.125, 0.125, 0.125, 0.125, 0.125]
[TRAIN]: (973/1600): reward: 46.72390425205231, rates: 48.72390455219551, loss: 1.9536188006401063, rho: 0.4000000000000001, transmit_actions: 19, P: [0.0625, 0.96875, 0.125, 0.0625, 0.125, 0.09375, 0.125, 0.125, 0.125, 0.125, 0.0625, 0.09375, 0.125, 0.09375, 0.125, 0.09375, 0.125, 0.125, 0.125, 0.125]
[TRAIN]: (974/1600): reward: 45.26764980331063, rates: 46.2676502964987, loss: 1.929987731575966, rho: 0.4000000000000001, transmit_actions: 19, P: [0.125, 0.84375, 0.125, 0.125, 0.125, 0.125, 0.125, 0.125, 0.125, 0.125, 0.125, 0.125, 0.15625, 0.09375, 0.125, 0.125, 0.125, 0.125, 0.15625, 0.09375]
[TRAIN]: (975/1600): reward: 49.06280165165663, rates: 51.06280167900559, loss: 1.936057512462139, rho: 0.4000000000000001, transmit_actions: 19, P: [0.21875, 1.0, 0.125, 0.125, 0.125, 0.09375, 0.125, 0.09375, 0.125, 0.125, 0.125, 0.125, 0.125, 0.09375, 0.09375, 0.125, 0.125, 0.15625, 0.09375, 0.125]
[TRAIN]: (976/1600): reward: 40.46032081916928, rates: 42.46032134367123, loss: 1.7360686898231505, rho: 0.4000000000000001, transmit_actions: 19, P: [0.21875, 0.0, 0.125, 0.125, 0.125, 0.125, 0.125, 0.125, 0.125, 0.125, 0.125, 0.15625, 0.125, 0.125, 0.125, 0.125, 0.125, 0.09375, 0.125, 0.15625]
[TRAIN]: (977/1600): reward: 44.760957553982735, rates: 46.760956491250035, loss: 2.2290835827589035, rho: 0.4000000000000001, transmit_actions: 19, P: [0.21875, 0.84375, 0.375, 0.0625, 0.125, 0.125, 0.125, 0.125, 0.125, 0.125, 0.125, 0.15625, 0.125, 0.125, 0.09375, 0.09375, 0.125, 0.125, 0.15625, 0.125]
[TRAIN]: (978/1600): reward: 46.67659476399422, rates: 47.67659417666775, loss: 1.8460362195968627, rho: 0.4000000000000001, transmit_actions: 19, P: [0.21875, 0.84375, 0.09375, 0.125, 0.125, 0.125, 0.125, 0.125, 0.125, 0.125, 0.125, 0.15625, 0.125, 0.125, 0.125, 0.125, 0.09375, 0.125, 0.125, 0.125]
[TRAIN]: (979/1600): reward: 45.3683382216841, rates: 47.36833802450085, loss: 1.7705433666706085, rho: 0.4000000000000001, transmit_actions: 19, P: [0.21875, 1.0, 0.125, 0.125, 0.125, 0.0625, 0.1875, 0.125, 0.125, 0.125, 0.125, 0.125, 0.125, 0.125, 0.15625, 0.15625, 0.15625, 0.125, 0.15625, 0.15625]
[TRAIN]: (980/1600): reward: 46.743888296186924, rates: 48.74388853365189, loss: 2.1979306817054747, rho: 0.4000000000000001, transmit_actions: 18, P: [0.21875, 0.96875, 0.875, 0.15625, 0.125, 0.15625, 0.125, 0.125, 0.125, 0.125, 0.125, 0.125, 0.15625, 0.15625, 0.125, 0.125, 0.125, 0.125, 0.125, 0.125]
[TRAIN]: (981/1600): reward: 41.645099401474, rates: 43.64509964380311, loss: 2.0509386897087096, rho: 0.4000000000000001, transmit_actions: 20, P: [0.21875, 0.125, 0.125, 0.15625, 0.125, 0.125, 0.125, 0.125, 0.125, 0.125, 0.125, 0.125, 0.125, 0.125, 0.15625, 0.15625, 0.125, 0.15625, 0.125, 0.15625]
[TRAIN]: (982/1600): reward: 43.001621186733246, rates: 45.00162137283214, loss: 1.8236020028591156, rho: 0.4000000000000001, transmit_actions: 19, P: [0.21875, 1.0, 0.09375, 0.125, 0.125, 0.15625, 0.125, 0.125, 0.125, 0.125, 0.125, 0.09375, 0.125, 0.125, 0.125, 0.125, 0.125, 0.125, 0.09375, 0.09375]
[TRAIN]: (983/1600): reward: 47.486461045220494, rates: 48.48646103675615, loss: 2.0934712290763855, rho: 0.4000000000000001, transmit_actions: 19, P: [0.21875, 0.90625, 0.0, 0.125, 0.125, 0.125, 0.125, 0.125, 0.125, 0.125, 0.125, 0.125, 0.125, 0.125, 0.125, 0.125, 0.125, 0.15625, 0.15625, 0.15625]
[TRAIN]: (984/1600): reward: 44.9588682949543, rates: 46.95886834556207, loss: 1.7914101094007493, rho: 0.4000000000000001, transmit_actions: 20, P: [0.21875, 0.125, 0.125, 0.125, 0.125, 0.125, 0.125, 0.125, 0.125, 0.09375, 0.125, 0.125, 0.09375, 0.15625, 0.15625, 0.09375, 0.125, 0.15625, 0.125, 0.125]
[TRAIN]: (985/1600): reward: 41.352543123066425, rates: 43.3525433386532, loss: 1.8557956665754318, rho: 0.4000000000000001, transmit_actions: 20, P: [0.21875, 0.0, 0.125, 0.125, 0.09375, 0.125, 0.15625, 0.125, 0.125, 0.125, 0.125, 0.125, 0.125, 0.125, 0.09375, 0.125, 0.125, 0.125, 0.09375, 0.15625]
[TRAIN]: (986/1600): reward: 43.48460883181542, rates: 44.48460885899165, loss: 1.866120159626007, rho: 0.4000000000000001, transmit_actions: 18, P: [0.21875, 0.84375, 1.0, 0.125, 0.15625, 0.125, 0.125, 0.125, 0.09375, 0.125, 0.125, 0.15625, 0.125, 0.125, 0.125, 0.125, 0.09375, 0.125, 0.125, 0.125]
[TRAIN]: (987/1600): reward: 35.420006301254034, rates: 38.420006150399786, loss: 1.9929976284503936, rho: 0.4000000000000001, transmit_actions: 20, P: [0.21875, 0.125, 0.125, 0.125, 0.125, 0.125, 0.125, 0.125, 0.125, 0.125, 0.125, 0.15625, 0.125, 0.125, 0.125, 0.125, 0.125, 0.125, 0.125, 0.125]
[TRAIN]: (988/1600): reward: 40.465690622106194, rates: 42.465691099907204, loss: 1.8618046760559082, rho: 0.4000000000000001, transmit_actions: 19, P: [0.21875, 1.0, 0.1875, 0.125, 0.125, 0.125, 0.125, 0.125, 0.125, 0.125, 0.125, 0.125, 0.15625, 0.125, 0.125, 0.125, 0.125, 0.125, 0.09375, 0.125]
[TRAIN]: (989/1600): reward: 47.49728734046221, rates: 48.49728785639429, loss: 1.813668927550316, rho: 0.4000000000000001, transmit_actions: 20, P: [0.21875, 0.0, 0.125, 0.125, 0.125, 0.125, 0.125, 0.125, 0.125, 0.125, 0.125, 0.125, 0.28125, 0.09375, 0.125, 0.125, 0.15625, 0.09375, 0.09375, 0.125]
[TRAIN]: (990/1600): reward: 42.99399469792843, rates: 44.993994354193106, loss: 1.8066383183002472, rho: 0.4000000000000001, transmit_actions: 19, P: [0.21875, 1.0, 0.125, 0.125, 0.125, 0.125, 0.125, 0.125, 0.125, 0.125, 0.125, 0.125, 0.15625, 0.125, 0.125, 0.125, 0.125, 0.125, 0.15625, 0.125]
[TRAIN]: (991/1600): reward: 48.141923278570175, rates: 49.14192389962192, loss: 1.9024885892868042, rho: 0.4000000000000001, transmit_actions: 20, P: [0.21875, 0.0, 0.15625, 0.125, 0.09375, 0.125, 0.0625, 0.09375, 0.125, 0.15625, 0.125, 0.125, 0.15625, 0.125, 0.15625, 0.125, 0.09375, 0.15625, 0.125, 0.125]
[TRAIN]: (992/1600): reward: 36.27300996333361, rates: 41.27301010255214, loss: 2.201963093876839, rho: 0.4000000000000001, transmit_actions: 20, P: [0.21875, 0.5625, 0.125, 0.125, 0.09375, 0.0625, 0.125, 0.1875, 0.125, 0.125, 0.1875, 0.125, 0.125, 0.125, 0.125, 0.15625, 0.125, 0.125, 0.125, 0.09375]
[TRAIN]: (993/1600): reward: 41.477030232548714, rates: 43.4770301569334, loss: 2.016700354218483, rho: 0.4000000000000001, transmit_actions: 19, P: [0.21875, 0.90625, 0.125, 0.09375, 0.15625, 0.125, 0.125, 0.125, 0.125, 0.1875, 0.125, 0.09375, 0.15625, 0.15625, 0.125, 0.09375, 0.125, 0.125, 0.125, 0.09375]
[TRAIN]: (994/1600): reward: 42.92006942629814, rates: 44.92006860056829, loss: 1.9055494844913483, rho: 0.4000000000000001, transmit_actions: 20, P: [0.21875, 0.0, 0.0625, 0.125, 0.125, 0.1875, 0.1875, 0.1875, 0.25, 0.125, 0.1875, 0.125, 0.15625, 0.15625, 0.09375, 0.15625, 0.09375, 0.125, 0.125, 0.15625]
[TRAIN]: (995/1600): reward: 40.506062768399715, rates: 43.50606308213871, loss: 1.8027973532676698, rho: 0.4000000000000001, transmit_actions: 19, P: [0.21875, 0.0, 0.84375, 0.1875, 0.125, 0.1875, 0.1875, 0.1875, 0.15625, 0.125, 0.125, 0.15625, 0.15625, 0.125, 0.15625, 0.15625, 0.125, 0.125, 0.125, 0.15625]
[TRAIN]: (996/1600): reward: 44.171290654689074, rates: 46.17129113807977, loss: 2.109879434108734, rho: 0.4000000000000001, transmit_actions: 20, P: [0.21875, 0.0, 0.125, 0.15625, 0.125, 0.125, 0.125, 0.125, 0.125, 0.1875, 0.125, 0.15625, 0.125, 0.125, 0.09375, 0.125, 0.125, 0.09375, 0.09375, 0.125]
[TRAIN]: (997/1600): reward: 46.01580709964037, rates: 50.01580725416677, loss: 2.0597895681858063, rho: 0.4000000000000001, transmit_actions: 20, P: [0.1875, 0.125, 0.375, 0.1875, 0.1875, 0.1875, 0.125, 0.1875, 0.1875, 0.1875, 0.1875, 0.125, 0.15625, 0.125, 0.125, 0.125, 0.125, 0.125, 0.125, 0.125]
[TRAIN]: (998/1600): reward: 43.02592785656452, rates: 46.025928277415275, loss: 1.9670449018478393, rho: 0.4000000000000001, transmit_actions: 20, P: [0.1875, 0.1875, 0.125, 0.1875, 0.1875, 0.1875, 0.1875, 0.1875, 0.1875, 0.1875, 0.1875, 0.125, 0.09375, 0.09375, 0.125, 0.15625, 0.15625, 0.15625, 0.125, 0.125]
[TRAIN]: (999/1600): reward: 42.522318944334984, rates: 45.52231922251241, loss: 2.048154431581497, rho: 0.4000000000000001, transmit_actions: 19, P: [0.1875, 1.0, 0.125, 0.125, 0.1875, 0.0625, 0.125, 0.125, 0.1875, 0.125, 0.1875, 0.15625, 0.125, 0.15625, 0.15625, 0.15625, 0.09375, 0.15625, 0.09375, 0.125]
[TRAIN]: (1000/1600): reward: 42.181353490799665, rates: 44.18135375574851, loss: 2.026550218462944, rho: 0.4000000000000001, transmit_actions: 18, P: [0.1875, 0.90625, 0.90625, 0.125, 0.1875, 0.1875, 0.125, 0.125, 0.1875, 0.1875, 0.125, 0.125, 0.15625, 0.125, 0.15625, 0.15625, 0.125, 0.125, 0.09375, 0.15625]
[TRAIN]: (1001/1600): reward: 43.61823248490691, rates: 46.618231651011506, loss: 2.0084797382354735, rho: 0.4000000000000001, transmit_actions: 20, P: [0.1875, 0.1875, 0.1875, 0.1875, 0.0625, 0.1875, 0.1875, 0.1875, 0.0625, 0.125, 0.1875, 0.125, 0.125, 0.125, 0.125, 0.125, 0.125, 0.125, 0.125, 0.125]
[TRAIN]: (1002/1600): reward: 36.367355063557625, rates: 40.367355172165276, loss: 1.6983872652053833, rho: 0.4000000000000001, transmit_actions: 20, P: [0.1875, 0.0, 0.0, 0.125, 0.1875, 0.125, 0.25, 0.125, 0.125, 0.1875, 0.125, 0.125, 0.15625, 0.125, 0.125, 0.125, 0.125, 0.125, 0.09375, 0.125]
[TRAIN]: (1003/1600): reward: 45.178386975079775, rates: 48.1783875179152, loss: 1.8976508349180221, rho: 0.4000000000000001, transmit_actions: 19, P: [0.1875, 0.90625, 0.0625, 0.0625, 0.125, 0.1875, 0.1875, 0.25, 0.1875, 0.125, 0.125, 0.125, 0.125, 0.125, 0.125, 0.125, 0.125, 0.09375, 0.09375, 0.125]
[TRAIN]: (1004/1600): reward: 47.412699446082115, rates: 49.41269916341009, loss: 2.2238884955644607, rho: 0.4000000000000001, transmit_actions: 20, P: [0.1875, 0.0, 0.1875, 0.0625, 0.0625, 0.1875, 0.1875, 0.125, 0.125, 0.1875, 0.09375, 0.125, 0.125, 0.125, 0.09375, 0.125, 0.09375, 0.125, 0.09375, 0.09375]
[TRAIN]: (1005/1600): reward: 40.41755458712578, rates: 44.417554797969856, loss: 1.99863503575325, rho: 0.4000000000000001, transmit_actions: 19, P: [0.1875, 0.0, 0.1875, 0.1875, 0.125, 0.25, 0.1875, 0.1875, 0.125, 0.125, 0.1875, 0.125, 0.5, 0.125, 0.125, 0.15625, 0.125, 0.125, 0.15625, 0.125]
[TRAIN]: (1006/1600): reward: 44.6526743080467, rates: 45.652674361152776, loss: 1.6924983471632005, rho: 0.4000000000000001, transmit_actions: 20, P: [0.1875, 0.125, 0.1875, 0.1875, 0.25, 0.125, 0.125, 0.25, 0.1875, 0.125, 0.125, 0.15625, 0.09375, 0.125, 0.125, 0.15625, 0.09375, 0.125, 0.125, 0.125]
[TRAIN]: (1007/1600): reward: 50.38563318550587, rates: 51.38563402635142, loss: 2.222489857673645, rho: 0.4000000000000001, transmit_actions: 20, P: [0.1875, 0.0, 0.125, 0.1875, 0.125, 0.125, 0.25, 0.125, 0.125, 0.1875, 0.125, 0.15625, 0.15625, 0.15625, 0.15625, 0.09375, 0.15625, 0.125, 0.125, 0.09375]
[TRAIN]: (1008/1600): reward: 46.9063865095377, rates: 48.90638760814498, loss: 2.221526449918747, rho: 0.4000000000000001, transmit_actions: 20, P: [0.0625, 0.0, 0.125, 0.0625, 0.25, 0.09375, 0.1875, 0.125, 0.125, 0.125, 0.125, 0.125, 0.125, 0.125, 0.125, 0.09375, 0.125, 0.125, 0.125, 0.125]
[TRAIN]: (1009/1600): reward: 46.878367602825165, rates: 48.878367503715154, loss: 1.9014465779066085, rho: 0.4000000000000001, transmit_actions: 20, P: [0.1875, 0.0, 0.125, 0.125, 0.125, 0.125, 0.0625, 0.125, 0.125, 0.125, 0.0625, 0.15625, 0.125, 0.125, 0.125, 0.125, 0.125, 0.125, 0.125, 0.125]
[TRAIN]: (1010/1600): reward: 43.76804343611002, rates: 45.76804335749282, loss: 1.779852095246315, rho: 0.4000000000000001, transmit_actions: 19, P: [0.21875, 0.90625, 0.09375, 0.25, 0.125, 0.15625, 0.0625, 0.0625, 0.125, 0.125, 0.125, 0.15625, 0.125, 0.09375, 0.125, 0.15625, 0.125, 0.125, 0.15625, 0.15625]
[TRAIN]: (1011/1600): reward: 49.398585453629494, rates: 50.39858442119388, loss: 1.9062199145555496, rho: 0.4000000000000001, transmit_actions: 18, P: [0.21875, 1.0, 0.90625, 0.125, 0.125, 0.125, 0.0625, 0.125, 0.125, 0.1875, 0.125, 0.125, 0.15625, 0.09375, 0.15625, 0.15625, 0.15625, 0.09375, 0.15625, 0.09375]
[TRAIN]: (1012/1600): reward: 43.997669756412506, rates: 44.99766988818264, loss: 2.0451462239027025, rho: 0.4000000000000001, transmit_actions: 20, P: [0.1875, 0.0, 0.125, 0.125, 0.1875, 0.1875, 0.125, 0.1875, 0.125, 0.125, 0.125, 0.125, 0.125, 0.125, 0.09375, 0.125, 0.125, 0.125, 0.125, 0.125]
[TRAIN]: (1013/1600): reward: 49.10663289576769, rates: 50.106632796430276, loss: 2.0731081068515778, rho: 0.4000000000000001, transmit_actions: 20, P: [0.21875, 0.0, 0.125, 0.09375, 0.09375, 0.15625, 0.09375, 0.09375, 0.09375, 0.1875, 0.09375, 0.125, 0.125, 0.125, 0.125, 0.125, 0.09375, 0.15625, 0.15625, 0.09375]
[TRAIN]: (1014/1600): reward: 46.75801249220967, rates: 47.75801269468141, loss: 2.1355716198682786, rho: 0.4000000000000001, transmit_actions: 19, P: [0.21875, 1.0, 0.125, 0.125, 0.09375, 0.09375, 0.125, 0.125, 0.125, 0.09375, 0.1875, 0.125, 0.125, 0.09375, 0.09375, 0.09375, 0.09375, 0.09375, 0.15625, 0.09375]
[TRAIN]: (1015/1600): reward: 33.84429305046797, rates: 37.844292706954775, loss: 1.7949081301689147, rho: 0.4000000000000001, transmit_actions: 20, P: [0.21875, 0.0, 0.1875, 0.09375, 0.09375, 0.125, 0.1875, 0.09375, 0.1875, 0.09375, 0.09375, 0.15625, 0.15625, 0.15625, 0.125, 0.15625, 0.125, 0.125, 0.125, 0.09375]
[TRAIN]: (1016/1600): reward: 46.486891973763704, rates: 48.486892409940694, loss: 1.7452033191919327, rho: 0.4000000000000001, transmit_actions: 19, P: [0.21875, 0.90625, 0.25, 0.0, 0.125, 0.125, 0.09375, 0.125, 0.09375, 0.09375, 0.125, 0.125, 0.15625, 0.125, 0.125, 0.125, 0.15625, 0.125, 0.09375, 0.125]
[TRAIN]: (1017/1600): reward: 46.94367641489953, rates: 47.94367746568706, loss: 1.7960204273462295, rho: 0.4000000000000001, transmit_actions: 19, P: [0.21875, 0.875, 0.09375, 0.09375, 0.0625, 0.09375, 0.15625, 0.125, 0.125, 0.0625, 0.15625, 0.15625, 0.09375, 0.09375, 0.15625, 0.15625, 0.125, 0.09375, 0.15625, 0.125]
[TRAIN]: (1018/1600): reward: 46.77991655468941, rates: 48.77991627024481, loss: 1.766088056564331, rho: 0.4000000000000001, transmit_actions: 19, P: [0.21875, 1.0, 0.09375, 0.25, 0.1875, 0.125, 0.25, 0.1875, 0.125, 0.09375, 0.0625, 0.09375, 0.15625, 0.125, 0.15625, 0.125, 0.09375, 0.15625, 0.125, 0.125]
[TRAIN]: (1019/1600): reward: 48.927399680018425, rates: 49.92740034895536, loss: 1.9241722404956818, rho: 0.4000000000000001, transmit_actions: 20, P: [0.21875, 0.0, 0.125, 0.125, 0.125, 0.09375, 0.1875, 0.125, 0.125, 0.125, 0.09375, 0.125, 0.125, 0.15625, 0.125, 0.125, 0.125, 0.15625, 0.125, 0.09375]
[TRAIN]: (1020/1600): reward: 40.449661798775196, rates: 42.44966136329415, loss: 2.121275117993355, rho: 0.4000000000000001, transmit_actions: 19, P: [0.21875, 1.0, 0.125, 0.125, 0.125, 0.125, 0.09375, 0.125, 0.15625, 0.09375, 0.1875, 0.15625, 0.15625, 0.125, 0.125, 0.125, 0.15625, 0.125, 0.15625, 0.125]
[TRAIN]: (1021/1600): reward: 36.94221295043826, rates: 40.9422124855662, loss: 2.1514247059822083, rho: 0.4000000000000001, transmit_actions: 20, P: [0.21875, 0.0, 0.1875, 0.09375, 0.15625, 0.125, 0.125, 0.25, 0.1875, 0.125, 0.1875, 0.09375, 0.09375, 0.125, 0.09375, 0.09375, 0.125, 0.125, 0.09375, 0.09375]
[TRAIN]: (1022/1600): reward: 46.23749892227352, rates: 47.23749845766784, loss: 2.253471624851227, rho: 0.4000000000000001, transmit_actions: 19, P: [0.21875, 0.90625, 0.125, 0.125, 0.125, 0.125, 0.125, 0.125, 0.125, 0.125, 0.125, 0.125, 0.125, 0.125, 0.09375, 0.125, 0.125, 0.125, 0.125, 0.125]
[TRAIN]: (1023/1600): reward: 35.1551812812686, rates: 38.15518203334236, loss: 2.2489798963069916, rho: 0.4000000000000001, transmit_actions: 20, P: [0.21875, 0.0, 0.125, 0.125, 0.125, 0.125, 0.125, 0.125, 0.125, 0.09375, 0.125, 0.125, 0.125, 0.125, 0.09375, 0.09375, 0.15625, 0.125, 0.15625, 0.125]
[TRAIN]: (1024/1600): reward: 49.17947871983051, rates: 50.179479467282476, loss: 2.0064470767974854, rho: 0.4000000000000001, transmit_actions: 18, P: [0.21875, 0.96875, 1.0, 0.125, 0.125, 0.125, 0.125, 0.125, 0.125, 0.09375, 0.09375, 0.15625, 0.125, 0.125, 0.15625, 0.15625, 0.125, 0.125, 0.09375, 0.09375]
[TRAIN]: (1025/1600): reward: 47.842864078469574, rates: 48.84286444727932, loss: 1.7885928928852082, rho: 0.4000000000000001, transmit_actions: 19, P: [0.21875, 0.0, 0.90625, 0.125, 0.25, 0.125, 0.0625, 0.09375, 0.09375, 0.125, 0.125, 0.09375, 0.15625, 0.125, 0.125, 0.125, 0.09375, 0.125, 0.09375, 0.15625]
[TRAIN]: (1026/1600): reward: 45.45579705387354, rates: 46.455797312053676, loss: 1.6834213465452195, rho: 0.4000000000000001, transmit_actions: 20, P: [0.21875, 0.125, 0.125, 0.125, 0.125, 0.125, 0.125, 0.125, 0.125, 0.125, 0.0625, 0.125, 0.125, 0.125, 0.125, 0.125, 0.125, 0.125, 0.125, 0.15625]
[TRAIN]: (1027/1600): reward: 42.70330471545458, rates: 45.70330492498108, loss: 1.994758477807045, rho: 0.4000000000000001, transmit_actions: 20, P: [0.21875, 0.0, 0.125, 0.125, 0.125, 0.1875, 0.09375, 0.125, 0.09375, 0.0625, 0.25, 0.15625, 0.125, 0.15625, 0.125, 0.125, 0.125, 0.09375, 0.15625, 0.125]
[TRAIN]: (1028/1600): reward: 36.80206657573581, rates: 40.80206654176607, loss: 1.8884109884500504, rho: 0.4000000000000001, transmit_actions: 19, P: [0.21875, 0.90625, 0.09375, 0.25, 0.0625, 0.15625, 0.125, 0.0625, 0.125, 0.125, 0.125, 0.125, 0.125, 0.125, 0.09375, 0.125, 0.125, 0.125, 0.15625, 0.15625]
[TRAIN]: (1029/1600): reward: 35.25282843410969, rates: 38.25282823784973, loss: 1.8782349795103073, rho: 0.4000000000000001, transmit_actions: 19, P: [0.21875, 0.0, 0.09375, 0.0625, 0.1875, 0.125, 0.0625, 0.1875, 0.1875, 0.125, 0.1875, 0.96875, 0.125, 0.125, 0.125, 0.15625, 0.15625, 0.125, 0.15625, 0.125]
[TRAIN]: (1030/1600): reward: 45.75678647309542, rates: 48.75678643791113, loss: 2.133378654718399, rho: 0.4000000000000001, transmit_actions: 18, P: [0.21875, 1.0, 1.0, 0.28125, 0.125, 0.34375, 0.125, 0.125, 0.125, 0.125, 0.125, 0.09375, 0.125, 0.125, 0.15625, 0.125, 0.125, 0.125, 0.125, 0.125]
[TRAIN]: (1031/1600): reward: 47.0213395729661, rates: 48.021339118401634, loss: 1.7877865463495255, rho: 0.4000000000000001, transmit_actions: 19, P: [0.0625, 0.84375, 0.09375, 0.125, 0.0625, 0.125, 0.125, 0.125, 0.125, 0.125, 0.125, 0.125, 0.125, 0.125, 0.15625, 0.15625, 0.125, 0.125, 0.15625, 0.125]
[TRAIN]: (1032/1600): reward: 41.64745935797691, rates: 43.64745964538647, loss: 1.8222196877002717, rho: 0.4000000000000001, transmit_actions: 20, P: [0.21875, 0.125, 0.125, 0.125, 0.125, 0.125, 0.125, 0.1875, 0.1875, 0.125, 0.125, 0.125, 0.15625, 0.15625, 0.15625, 0.15625, 0.09375, 0.125, 0.15625, 0.125]
[TRAIN]: (1033/1600): reward: 41.13378008827567, rates: 43.13377970719583, loss: 2.067847156524658, rho: 0.4000000000000001, transmit_actions: 20, P: [0.21875, 0.0, 0.0, 0.1875, 0.09375, 0.0625, 0.0625, 0.1875, 0.125, 0.125, 0.1875, 0.125, 0.125, 0.125, 0.125, 0.125, 0.09375, 0.125, 0.15625, 0.125]
[TRAIN]: (1034/1600): reward: 36.436183005571365, rates: 39.43618282799033, loss: 1.8672639369964599, rho: 0.4000000000000001, transmit_actions: 20, P: [0.1875, 0.125, 0.1875, 0.1875, 0.1875, 0.125, 0.125, 0.125, 0.125, 0.125, 0.09375, 0.15625, 0.15625, 0.15625, 0.125, 0.15625, 0.125, 0.15625, 0.125, 0.09375]
[TRAIN]: (1035/1600): reward: 49.38552774488926, rates: 51.38552834329717, loss: 2.148049604892731, rho: 0.4000000000000001, transmit_actions: 19, P: [0.21875, 1.0, 0.0, 0.1875, 0.1875, 0.125, 0.1875, 0.1875, 0.1875, 0.09375, 0.09375, 0.09375, 0.15625, 0.15625, 0.125, 0.09375, 0.09375, 0.125, 0.15625, 0.125]
[TRAIN]: (1036/1600): reward: 49.80191771686077, rates: 50.80191703866187, loss: 1.8399397432804108, rho: 0.4000000000000001, transmit_actions: 20, P: [0.21875, 0.0, 0.09375, 0.1875, 0.125, 0.125, 0.125, 0.125, 0.1875, 0.1875, 0.1875, 0.15625, 0.125, 0.15625, 0.15625, 0.125, 0.15625, 0.09375, 0.125, 0.09375]
[TRAIN]: (1037/1600): reward: 50.57320588082075, rates: 51.5732063715281, loss: 1.9563908398151397, rho: 0.4000000000000001, transmit_actions: 20, P: [0.1875, 0.0, 0.0, 0.1875, 0.125, 0.125, 0.125, 0.09375, 0.1875, 0.09375, 0.125, 0.15625, 0.125, 0.15625, 0.15625, 0.125, 0.15625, 0.15625, 0.15625, 0.15625]
[TRAIN]: (1038/1600): reward: 47.5370382592082, rates: 49.53703783139988, loss: 1.8790782779455184, rho: 0.4000000000000001, transmit_actions: 20, P: [0.1875, 0.1875, 0.1875, 0.1875, 0.1875, 0.1875, 0.125, 0.1875, 0.1875, 0.125, 0.125, 0.125, 0.15625, 0.15625, 0.125, 0.125, 0.125, 0.09375, 0.125, 0.09375]
[TRAIN]: (1039/1600): reward: 42.9228355884552, rates: 45.92283529742973, loss: 2.188546958565712, rho: 0.4000000000000001, transmit_actions: 18, P: [0.1875, 0.78125, 0.1875, 0.1875, 0.125, 0.1875, 0.1875, 0.125, 0.125, 0.125, 0.125, 0.125, 0.125, 0.65625, 0.15625, 0.15625, 0.15625, 0.15625, 0.15625, 0.125]
[TRAIN]: (1040/1600): reward: 41.22846394777298, rates: 45.22846452925605, loss: 1.9033153414726258, rho: 0.4000000000000001, transmit_actions: 18, P: [0.1875, 1.0, 0.125, 0.0, 0.125, 0.125, 0.125, 0.125, 0.15625, 0.125, 0.125, 0.125, 0.125, 0.125, 0.125, 0.125, 0.125, 0.125, 0.125, 0.125]
[TRAIN]: (1041/1600): reward: 42.94352672994137, rates: 44.94352703544737, loss: 2.1745946198701858, rho: 0.4000000000000001, transmit_actions: 19, P: [0.1875, 1.0, 0.125, 0.125, 0.125, 0.125, 0.125, 0.125, 0.125, 0.125, 0.1875, 0.125, 0.125, 0.15625, 0.125, 0.15625, 0.15625, 0.15625, 0.125, 0.125]
[TRAIN]: (1042/1600): reward: 39.040800496935844, rates: 42.040800833310655, loss: 2.1837698400020598, rho: 0.4000000000000001, transmit_actions: 18, P: [0.1875, 0.90625, 1.0, 0.1875, 0.125, 0.125, 0.125, 0.125, 0.1875, 0.125, 0.125, 0.125, 0.15625, 0.15625, 0.125, 0.125, 0.125, 0.125, 0.125, 0.15625]
[TRAIN]: (1043/1600): reward: 44.99555590003729, rates: 48.99555590190673, loss: 1.8364095598459245, rho: 0.4000000000000001, transmit_actions: 20, P: [0.03125, 0.1875, 0.125, 0.1875, 0.125, 0.09375, 0.1875, 0.15625, 0.0625, 0.125, 0.125, 0.125, 0.125, 0.15625, 0.15625, 0.15625, 0.15625, 0.125, 0.15625, 0.125]
[TRAIN]: (1044/1600): reward: 47.28442391753197, rates: 49.284423658073095, loss: 1.8675687462091446, rho: 0.4000000000000001, transmit_actions: 19, P: [0.1875, 0.84375, 0.1875, 0.125, 0.125, 0.125, 0.1875, 0.125, 0.09375, 0.125, 0.125, 0.125, 0.125, 0.125, 0.125, 0.15625, 0.15625, 0.125, 0.125, 0.125]
[TRAIN]: (1045/1600): reward: 48.86850865744054, rates: 49.868508794695785, loss: 1.8919210106134414, rho: 0.4000000000000001, transmit_actions: 19, P: [0.03125, 1.0, 0.125, 0.125, 0.09375, 0.125, 0.125, 0.125, 0.125, 0.125, 0.125, 0.15625, 0.125, 0.15625, 0.125, 0.125, 0.125, 0.125, 0.125, 0.125]
[TRAIN]: (1046/1600): reward: 36.4195406511426, rates: 38.41954037196012, loss: 1.9958080410957337, rho: 0.4000000000000001, transmit_actions: 20, P: [0.03125, 0.0, 0.1875, 0.09375, 0.125, 0.1875, 0.125, 0.1875, 0.125, 0.09375, 0.0625, 0.09375, 0.15625, 0.09375, 0.125, 0.125, 0.15625, 0.09375, 0.09375, 0.125]
[TRAIN]: (1047/1600): reward: 38.75213339179754, rates: 42.752133662486905, loss: 2.242752856016159, rho: 0.4000000000000001, transmit_actions: 20, P: [0.03125, 0.1875, 0.125, 0.125, 0.125, 0.125, 0.125, 0.125, 0.125, 0.125, 0.28125, 0.125, 0.125, 0.15625, 0.125, 0.125, 0.125, 0.15625, 0.125, 0.125]
[TRAIN]: (1048/1600): reward: 39.06879819184542, rates: 41.068798610759, loss: 1.9599876582622529, rho: 0.4000000000000001, transmit_actions: 20, P: [0.03125, 0.0, 0.0625, 0.125, 0.125, 0.125, 0.125, 0.125, 0.125, 0.125, 0.125, 0.125, 0.09375, 0.125, 0.125, 0.125, 0.09375, 0.125, 0.125, 0.125]
[TRAIN]: (1049/1600): reward: 51.160909935832024, rates: 52.16091030281436, loss: 2.0290986865758898, rho: 0.4000000000000001, transmit_actions: 19, P: [0.03125, 1.0, 0.0625, 0.125, 0.125, 0.125, 0.125, 0.125, 0.125, 0.125, 0.125, 0.125, 0.125, 0.125, 0.09375, 0.125, 0.125, 0.125, 0.125, 0.125]
[TRAIN]: (1050/1600): reward: 40.883250057697296, rates: 42.883250614163984, loss: 2.0185348808765413, rho: 0.4000000000000001, transmit_actions: 18, P: [0.03125, 1.0, 0.125, 0.09375, 0.125, 0.125, 0.125, 0.125, 0.125, 0.0625, 0.125, 0.125, 0.125, 0.0625, 0.125, 0.09375, 0.125, 0.125, 0.09375, 0.125]
[TRAIN]: (1051/1600): reward: 53.66771672666073, rates: 54.66771629612467, loss: 1.776511999964714, rho: 0.4000000000000001, transmit_actions: 19, P: [0.03125, 1.0, 0.28125, 0.125, 0.125, 0.125, 0.125, 0.125, 0.125, 0.125, 0.125, 0.125, 0.125, 0.125, 0.125, 0.125, 0.125, 0.15625, 0.125, 0.09375]
[TRAIN]: (1052/1600): reward: 47.37105364724994, rates: 48.37105419694366, loss: 1.9143335044384002, rho: 0.4000000000000001, transmit_actions: 20, P: [0.0625, 0.125, 0.125, 0.125, 0.125, 0.125, 0.125, 0.125, 0.125, 0.125, 0.125, 0.125, 0.125, 0.125, 0.125, 0.125, 0.125, 0.125, 0.125, 0.15625]
[TRAIN]: (1053/1600): reward: 41.41077195852995, rates: 43.410772362487386, loss: 2.0295039415359497, rho: 0.4000000000000001, transmit_actions: 19, P: [0.03125, 1.0, 0.125, 0.125, 0.125, 0.0625, 0.15625, 0.125, 0.125, 0.125, 0.125, 0.15625, 0.125, 0.15625, 0.125, 0.125, 0.15625, 0.09375, 0.125, 0.15625]
[TRAIN]: (1054/1600): reward: 43.929352059960365, rates: 46.9293519125637, loss: 2.1072487413883207, rho: 0.4000000000000001, transmit_actions: 18, P: [0.0625, 1.0, 0.0, 0.90625, 0.125, 1.0, 0.125, 0.125, 0.125, 0.125, 0.125, 0.125, 0.09375, 0.125, 0.125, 0.15625, 0.125, 0.125, 0.125, 0.125]
[TRAIN]: (1055/1600): reward: 40.34703476727009, rates: 42.34703463032885, loss: 2.1662201464176176, rho: 0.4000000000000001, transmit_actions: 20, P: [0.03125, 0.0, 0.125, 0.125, 0.125, 0.125, 0.09375, 0.09375, 0.0625, 0.0625, 0.125, 0.15625, 0.15625, 0.125, 0.09375, 0.125, 0.125, 0.125, 0.15625, 0.125]
[TRAIN]: (1056/1600): reward: 50.0353671759367, rates: 51.035367088424735, loss: 1.9509363889694213, rho: 0.4000000000000001, transmit_actions: 19, P: [0.0625, 1.0, 0.125, 0.125, 0.125, 0.0625, 0.125, 0.15625, 0.125, 0.125, 0.125, 0.125, 0.15625, 0.125, 0.125, 0.125, 0.125, 0.125, 0.125, 0.15625]
[TRAIN]: (1057/1600): reward: 46.07796095311642, rates: 47.07796067529288, loss: 2.1589587926864624, rho: 0.4000000000000001, transmit_actions: 20, P: [0.0625, 0.0, 0.125, 0.125, 0.125, 0.125, 0.125, 0.125, 0.125, 0.125, 0.125, 0.15625, 0.125, 0.125, 0.125, 0.125, 0.125, 0.125, 0.15625, 0.09375]
[TRAIN]: (1058/1600): reward: 41.249139573425055, rates: 43.249140259360956, loss: 2.3830388128757476, rho: 0.4000000000000001, transmit_actions: 19, P: [0.0625, 1.0, 0.1875, 0.125, 0.125, 0.125, 0.125, 0.125, 0.125, 0.125, 0.125, 0.15625, 0.125, 0.125, 0.125, 0.125, 0.125, 0.125, 0.125, 0.125]
[TRAIN]: (1059/1600): reward: 52.896141704171896, rates: 53.89614178385751, loss: 2.195094496011734, rho: 0.4000000000000001, transmit_actions: 18, P: [0.0625, 0.875, 0.90625, 0.125, 0.125, 0.125, 0.15625, 0.125, 0.125, 0.125, 0.15625, 0.125, 0.125, 0.125, 0.15625, 0.125, 0.125, 0.15625, 0.125, 0.125]
[TRAIN]: (1060/1600): reward: 47.23961954936385, rates: 48.23961943205648, loss: 2.0297416150569916, rho: 0.4000000000000001, transmit_actions: 20, P: [0.0625, 0.0, 0.125, 0.125, 0.125, 0.125, 0.125, 0.125, 0.125, 0.125, 0.125, 0.125, 0.125, 0.125, 0.15625, 0.125, 0.125, 0.125, 0.125, 0.125]
[TRAIN]: (1061/1600): reward: 49.55121949315071, rates: 50.55121943819294, loss: 2.362251675128937, rho: 0.4000000000000001, transmit_actions: 20, P: [0.0625, 0.125, 0.125, 0.125, 0.125, 0.125, 0.125, 0.0625, 0.125, 0.125, 0.125, 0.15625, 0.125, 0.125, 0.125, 0.125, 0.125, 0.125, 0.125, 0.125]
[TRAIN]: (1062/1600): reward: 52.32474298775196, rates: 53.32474285529111, loss: 2.0417950719594957, rho: 0.4000000000000001, transmit_actions: 19, P: [0.0625, 1.0, 0.125, 0.125, 0.125, 0.125, 0.125, 0.125, 0.125, 0.15625, 0.125, 0.15625, 0.125, 0.15625, 0.15625, 0.15625, 0.15625, 0.15625, 0.15625, 0.15625]
[TRAIN]: (1063/1600): reward: 47.13902483321726, rates: 48.13902469620496, loss: 1.8597750872373582, rho: 0.4000000000000001, transmit_actions: 20, P: [0.0625, 0.0, 0.125, 0.125, 0.125, 0.125, 0.125, 0.125, 0.125, 0.0625, 0.125, 0.125, 0.125, 0.15625, 0.125, 0.125, 0.125, 0.125, 0.125, 0.15625]
[TRAIN]: (1064/1600): reward: 46.03065725415945, rates: 47.030656821019896, loss: 1.9816532641649247, rho: 0.4000000000000001, transmit_actions: 18, P: [0.0625, 1.0, 1.0, 0.125, 0.125, 0.125, 0.125, 0.125, 0.125, 0.125, 0.125, 0.125, 0.125, 0.125, 0.125, 0.125, 0.125, 0.125, 0.125, 0.15625]
[TRAIN]: (1065/1600): reward: 47.38227428495884, rates: 50.3822741114555, loss: 2.1604028046131134, rho: 0.4000000000000001, transmit_actions: 18, P: [0.0625, 0.90625, 0.4375, 0.125, 0.125, 0.125, 0.125, 0.125, 0.125, 0.15625, 0.125, 0.125, 0.125, 0.15625, 0.09375, 0.09375, 0.15625, 0.125, 0.15625, 0.125]
[TRAIN]: (1066/1600): reward: 40.23049120604992, rates: 42.23049113949552, loss: 2.059215062856674, rho: 0.4000000000000001, transmit_actions: 18, P: [0.0625, 1.0, 0.84375, 0.125, 0.0625, 0.125, 0.0625, 0.0625, 0.125, 0.0625, 0.125, 0.15625, 0.125, 0.15625, 0.3125, 0.125, 0.125, 0.15625, 0.09375, 0.125]
[TRAIN]: (1067/1600): reward: 48.10393352806568, rates: 49.10393357760265, loss: 1.888786718249321, rho: 0.4000000000000001, transmit_actions: 19, P: [0.0625, 0.875, 0.125, 0.125, 0.125, 0.1875, 0.125, 0.125, 0.125, 0.125, 0.125, 0.15625, 0.125, 0.09375, 0.125, 0.15625, 0.125, 0.125, 0.15625, 0.125]
[TRAIN]: (1068/1600): reward: 49.59720155596733, rates: 51.59720114530212, loss: 1.9681768655776977, rho: 0.4000000000000001, transmit_actions: 20, P: [0.21875, 0.125, 0.125, 0.125, 0.1875, 0.125, 0.125, 0.1875, 0.125, 0.125, 0.125, 0.125, 0.15625, 0.09375, 0.125, 0.125, 0.125, 0.125, 0.125, 0.09375]
[TRAIN]: (1069/1600): reward: 48.39434269070625, rates: 49.394342314853986, loss: 1.9422929644584657, rho: 0.4000000000000001, transmit_actions: 19, P: [0.0625, 0.90625, 0.1875, 0.09375, 0.125, 0.125, 0.125, 0.125, 0.125, 0.125, 0.125, 0.125, 0.125, 0.125, 0.125, 0.125, 0.125, 0.125, 0.09375, 0.125]
[TRAIN]: (1070/1600): reward: 47.61502683162689, rates: 48.61502673120113, loss: 2.1176511734724044, rho: 0.4000000000000001, transmit_actions: 19, P: [0.21875, 0.90625, 0.125, 0.1875, 0.125, 0.125, 0.125, 0.125, 0.125, 0.125, 0.125, 0.125, 0.09375, 0.125, 0.09375, 0.09375, 0.125, 0.125, 0.125, 0.125]
[TRAIN]: (1071/1600): reward: 43.01552186906338, rates: 45.01552190789039, loss: 2.397010827064514, rho: 0.4000000000000001, transmit_actions: 20, P: [0.21875, 0.0, 0.125, 0.125, 0.125, 0.125, 0.125, 0.125, 0.125, 0.125, 0.125, 0.125, 0.125, 0.125, 0.125, 0.125, 0.125, 0.15625, 0.125, 0.15625]
[TRAIN]: (1072/1600): reward: 35.951958026736975, rates: 40.951958253772816, loss: 2.2603610128164293, rho: 0.4000000000000001, transmit_actions: 20, P: [0.0625, 0.125, 0.125, 0.125, 0.0625, 0.125, 0.125, 0.15625, 0.0625, 0.0625, 0.09375, 0.09375, 0.125, 0.15625, 0.15625, 0.15625, 0.125, 0.15625, 0.125, 0.09375]
[TRAIN]: (1073/1600): reward: 42.56572613865137, rates: 44.56572609447237, loss: 1.8317000299692154, rho: 0.4000000000000001, transmit_actions: 20, P: [0.0625, 0.0, 0.0625, 0.1875, 0.125, 0.125, 0.125, 0.125, 0.125, 0.125, 0.125, 0.15625, 0.15625, 0.125, 0.15625, 0.125, 0.09375, 0.125, 0.125, 0.125]
[TRAIN]: (1074/1600): reward: 41.15358851663768, rates: 43.153588565094346, loss: 2.1044721394777297, rho: 0.4000000000000001, transmit_actions: 20, P: [0.0625, 0.0, 0.125, 0.125, 0.125, 0.125, 0.125, 0.125, 0.125, 0.15625, 0.125, 0.09375, 0.125, 0.125, 0.09375, 0.125, 0.15625, 0.125, 0.125, 0.125]
[TRAIN]: (1075/1600): reward: 48.310962818562984, rates: 49.310962925428285, loss: 2.255974328517914, rho: 0.4000000000000001, transmit_actions: 20, P: [0.0625, 0.125, 0.125, 0.125, 0.125, 0.125, 0.125, 0.125, 0.125, 0.125, 0.125, 0.125, 0.125, 0.125, 0.125, 0.09375, 0.15625, 0.125, 0.125, 0.15625]
[TRAIN]: (1076/1600): reward: 36.11680702865124, rates: 39.11680744211728, loss: 2.1711503863334656, rho: 0.4000000000000001, transmit_actions: 19, P: [0.0625, 1.0, 0.125, 0.1875, 0.125, 0.1875, 0.1875, 0.15625, 0.125, 0.125, 0.0625, 0.15625, 0.09375, 0.09375, 0.15625, 0.15625, 0.15625, 0.09375, 0.125, 0.09375]
[TRAIN]: (1077/1600): reward: 49.73822669684887, rates: 50.73822661447771, loss: 1.984212154150009, rho: 0.4000000000000001, transmit_actions: 19, P: [0.0625, 0.84375, 0.125, 0.1875, 0.1875, 0.125, 0.1875, 0.125, 0.1875, 0.125, 0.125, 0.125, 0.09375, 0.125, 0.125, 0.125, 0.125, 0.125, 0.125, 0.125]
[TRAIN]: (1078/1600): reward: 44.08264635875821, rates: 46.082646277380874, loss: 1.741505315899849, rho: 0.4000000000000001, transmit_actions: 19, P: [0.0625, 0.125, 0.125, 0.125, 0.125, 0.125, 0.125, 0.125, 0.1875, 0.125, 0.125, 0.6875, 0.125, 0.125, 0.125, 0.125, 0.125, 0.125, 0.125, 0.125]
[TRAIN]: (1079/1600): reward: 47.54208698961884, rates: 49.542086900363955, loss: 2.2045924782752992, rho: 0.4000000000000001, transmit_actions: 20, P: [0.03125, 0.125, 0.15625, 0.125, 0.125, 0.125, 0.125, 0.125, 0.1875, 0.125, 0.125, 0.09375, 0.125, 0.15625, 0.125, 0.125, 0.09375, 0.15625, 0.125, 0.125]
[TRAIN]: (1080/1600): reward: 41.252114817500114, rates: 43.25211419106711, loss: 2.0380124390125274, rho: 0.4000000000000001, transmit_actions: 19, P: [0.03125, 0.84375, 0.125, 0.1875, 0.125, 0.125, 0.125, 0.125, 0.125, 0.125, 0.125, 0.09375, 0.09375, 0.125, 0.125, 0.125, 0.125, 0.09375, 0.125, 0.125]
[TRAIN]: (1081/1600): reward: 44.820031045004725, rates: 46.820030939509714, loss: 1.907798883318901, rho: 0.4000000000000001, transmit_actions: 20, P: [0.03125, 0.0, 0.1875, 0.125, 0.1875, 0.1875, 0.125, 0.125, 0.125, 0.125, 0.125, 0.125, 0.125, 0.125, 0.09375, 0.15625, 0.15625, 0.125, 0.125, 0.125]
[TRAIN]: (1082/1600): reward: 45.61291904747486, rates: 46.612918707441125, loss: 1.7985450088977815, rho: 0.4000000000000001, transmit_actions: 19, P: [0.0625, 1.0, 0.125, 0.125, 0.125, 0.125, 0.125, 0.125, 0.125, 0.125, 0.125, 0.125, 0.09375, 0.125, 0.15625, 0.09375, 0.125, 0.125, 0.09375, 0.125]
[TRAIN]: (1083/1600): reward: 47.33596279472113, rates: 48.33596222445257, loss: 2.004421758651733, rho: 0.4000000000000001, transmit_actions: 20, P: [0.0625, 0.125, 0.1875, 0.1875, 0.125, 0.125, 0.125, 0.125, 0.125, 0.09375, 0.125, 0.09375, 0.09375, 0.09375, 0.09375, 0.09375, 0.09375, 0.09375, 0.09375, 0.125]
[TRAIN]: (1084/1600): reward: 51.74636034667492, rates: 53.74636008020784, loss: 2.2404423713684083, rho: 0.4000000000000001, transmit_actions: 19, P: [0.0625, 1.0, 0.125, 0.1875, 0.1875, 0.125, 0.125, 0.125, 0.125, 0.125, 0.125, 0.125, 0.125, 0.125, 0.125, 0.15625, 0.125, 0.125, 0.125, 0.09375]
[TRAIN]: (1085/1600): reward: 47.30924755707383, rates: 49.30924785659556, loss: 1.946726956963539, rho: 0.4000000000000001, transmit_actions: 19, P: [0.0625, 0.9375, 0.0, 0.1875, 0.125, 0.0625, 0.3125, 0.0625, 0.0625, 0.0625, 0.125, 0.09375, 0.09375, 0.125, 0.125, 0.125, 0.125, 0.09375, 0.125, 0.125]
[TRAIN]: (1086/1600): reward: 48.24294675886631, rates: 49.24294799669205, loss: 1.690231478214264, rho: 0.4000000000000001, transmit_actions: 19, P: [0.0625, 1.0, 0.125, 0.125, 0.125, 0.125, 0.125, 0.125, 0.125, 0.125, 0.1875, 0.125, 0.15625, 0.125, 0.15625, 0.125, 0.125, 0.125, 0.125, 0.09375]
[TRAIN]: (1087/1600): reward: 46.92898564040661, rates: 48.92898532136013, loss: 2.0639663487672806, rho: 0.4000000000000001, transmit_actions: 19, P: [0.0625, 1.0, 0.125, 0.125, 0.15625, 0.09375, 0.125, 0.125, 0.125, 0.125, 0.15625, 0.15625, 0.125, 0.15625, 0.15625, 0.125, 0.125, 0.125, 0.125, 0.125]
[TRAIN]: (1088/1600): reward: 49.7765212059021, rates: 50.77652110847233, loss: 2.361110121011734, rho: 0.4000000000000001, transmit_actions: 20, P: [0.03125, 0.0, 0.125, 0.15625, 0.125, 0.1875, 0.1875, 0.125, 0.125, 0.125, 0.125, 0.125, 0.125, 0.09375, 0.125, 0.125, 0.09375, 0.09375, 0.15625, 0.125]
[TRAIN]: (1089/1600): reward: 37.94352078437805, rates: 41.943520503379105, loss: 1.9815857142210007, rho: 0.4000000000000001, transmit_actions: 20, P: [0.03125, 0.0, 0.125, 0.125, 0.1875, 0.125, 0.125, 0.125, 0.125, 0.125, 0.125, 0.125, 0.09375, 0.15625, 0.125, 0.125, 0.15625, 0.125, 0.15625, 0.125]
[TRAIN]: (1090/1600): reward: 41.344452790915966, rates: 43.34445330257332, loss: 2.2372412383556366, rho: 0.4000000000000001, transmit_actions: 20, P: [0.03125, 0.0, 0.125, 0.0, 0.125, 0.125, 0.125, 0.125, 0.125, 0.125, 0.125, 0.15625, 0.15625, 0.125, 0.15625, 0.125, 0.125, 0.125, 0.15625, 0.09375]
[TRAIN]: (1091/1600): reward: 39.31227959319949, rates: 41.312279320543446, loss: 1.865436279773712, rho: 0.4000000000000001, transmit_actions: 19, P: [0.03125, 0.875, 0.125, 0.09375, 0.125, 0.125, 0.125, 0.1875, 0.125, 0.09375, 0.125, 0.15625, 0.09375, 0.09375, 0.15625, 0.125, 0.125, 0.125, 0.15625, 0.09375]
[TRAIN]: (1092/1600): reward: 36.44394312053919, rates: 39.44394281171421, loss: 1.804457464814186, rho: 0.4000000000000001, transmit_actions: 20, P: [0.03125, 0.1875, 0.125, 0.125, 0.125, 0.125, 0.09375, 0.125, 0.125, 0.125, 0.09375, 0.09375, 0.15625, 0.15625, 0.15625, 0.09375, 0.09375, 0.09375, 0.15625, 0.125]
[TRAIN]: (1093/1600): reward: 44.55292985960841, rates: 45.55292957301189, loss: 2.131831967830658, rho: 0.4000000000000001, transmit_actions: 20, P: [0.03125, 0.0, 0.125, 0.09375, 0.09375, 0.125, 0.125, 0.125, 0.125, 0.125, 0.125, 0.15625, 0.15625, 0.125, 0.125, 0.15625, 0.15625, 0.09375, 0.125, 0.09375]
[TRAIN]: (1094/1600): reward: 49.37178924679756, rates: 52.37178969334756, loss: 1.9014249265193939, rho: 0.4000000000000001, transmit_actions: 20, P: [0.03125, 0.125, 0.125, 0.125, 0.125, 0.125, 0.125, 0.15625, 0.125, 0.09375, 0.125, 0.15625, 0.125, 0.125, 0.15625, 0.125, 0.09375, 0.09375, 0.125, 0.15625]
[TRAIN]: (1095/1600): reward: 45.15566238760948, rates: 46.15566303328744, loss: 2.1108998239040373, rho: 0.4000000000000001, transmit_actions: 19, P: [0.03125, 1.0, 0.125, 0.125, 0.125, 0.125, 0.125, 0.125, 0.125, 0.125, 0.125, 0.09375, 0.09375, 0.09375, 0.09375, 0.125, 0.125, 0.125, 0.09375, 0.15625]
[TRAIN]: (1096/1600): reward: 34.511566020548344, rates: 37.51156527159763, loss: 2.1516389191150664, rho: 0.4000000000000001, transmit_actions: 20, P: [0.03125, 0.125, 0.125, 0.125, 0.125, 0.125, 0.125, 0.125, 0.125, 0.125, 0.125, 0.125, 0.09375, 0.125, 0.125, 0.125, 0.09375, 0.125, 0.15625, 0.15625]
[TRAIN]: (1097/1600): reward: 43.591931127011776, rates: 45.59193119583866, loss: 1.8173954486846924, rho: 0.4000000000000001, transmit_actions: 18, P: [0.03125, 0.125, 0.09375, 0.125, 0.125, 0.125, 0.90625, 0.09375, 0.125, 0.125, 0.125, 0.15625, 0.125, 0.125, 0.03125, 0.125, 0.15625, 0.125, 0.15625, 0.125]
[TRAIN]: (1098/1600): reward: 35.04470766894519, rates: 38.04470806320187, loss: 2.089147061109543, rho: 0.4000000000000001, transmit_actions: 19, P: [0.03125, 0.96875, 0.125, 0.125, 0.125, 0.125, 0.15625, 0.125, 0.125, 0.125, 0.125, 0.125, 0.09375, 0.125, 0.125, 0.125, 0.125, 0.15625, 0.125, 0.125]
[TRAIN]: (1099/1600): reward: 42.62280627340078, rates: 43.622806785381556, loss: 2.3635269165039063, rho: 0.4000000000000001, transmit_actions: 19, P: [0.03125, 0.96875, 0.125, 0.125, 0.125, 0.125, 0.125, 0.125, 0.125, 0.125, 0.125, 0.125, 0.125, 0.15625, 0.125, 0.125, 0.125, 0.09375, 0.125, 0.09375]
[TRAIN]: (1100/1600): reward: 45.0108011867851, rates: 46.010801012755266, loss: 2.044463312625885, rho: 0.4000000000000001, transmit_actions: 20, P: [0.03125, 0.0, 0.125, 0.125, 0.125, 0.09375, 0.125, 0.125, 0.125, 0.125, 0.09375, 0.125, 0.15625, 0.09375, 0.15625, 0.15625, 0.125, 0.125, 0.125, 0.125]
[TRAIN]: (1101/1600): reward: 36.4203709885478, rates: 38.420371214119406, loss: 2.3388563215732576, rho: 0.4000000000000001, transmit_actions: 20, P: [0.03125, 0.125, 0.125, 0.125, 0.125, 0.125, 0.125, 0.125, 0.125, 0.125, 0.125, 0.125, 0.125, 0.125, 0.125, 0.09375, 0.125, 0.09375, 0.125, 0.0]
[TRAIN]: (1102/1600): reward: 46.463002271950245, rates: 48.463002941270105, loss: 2.0470945954322817, rho: 0.4000000000000001, transmit_actions: 18, P: [0.03125, 0.875, 0.1875, 0.125, 0.125, 0.125, 0.125, 0.125, 0.125, 0.125, 0.1875, 0.15625, 0.125, 0.125, 0.125, 0.03125, 0.125, 0.15625, 0.09375, 0.15625]
[TRAIN]: (1103/1600): reward: 39.616771161556244, rates: 41.61677126842498, loss: 1.8844826996326447, rho: 0.4000000000000001, transmit_actions: 19, P: [0.03125, 0.0, 0.125, 0.125, 0.1875, 0.125, 0.125, 0.1875, 0.1875, 0.125, 0.09375, 0.125, 0.125, 0.125, 0.125, 0.125, 0.125, 0.09375, 0.125, 0.125]
[TRAIN]: (1104/1600): reward: 43.655258923769, rates: 45.65525836455224, loss: 1.9971814036369324, rho: 0.4000000000000001, transmit_actions: 20, P: [0.03125, 0.34375, 0.125, 0.15625, 0.125, 0.125, 0.125, 0.125, 0.09375, 0.125, 0.125, 0.125, 0.125, 0.125, 0.125, 0.125, 0.125, 0.15625, 0.15625, 0.125]
[TRAIN]: (1105/1600): reward: 49.45919295027852, rates: 49.459192908393355, loss: 1.8573929458856582, rho: 0.4000000000000001, transmit_actions: 17, P: [0.84375, 0.96875, 1.0, 0.125, 0.1875, 0.125, 0.125, 0.125, 0.125, 0.125, 0.125, 0.125, 0.125, 0.15625, 0.15625, 0.09375, 0.125, 0.15625, 0.15625, 0.125]
[TRAIN]: (1106/1600): reward: 41.04515789076686, rates: 44.04515870039281, loss: 2.2656144201755524, rho: 0.4000000000000001, transmit_actions: 20, P: [0.03125, 0.375, 0.125, 0.125, 0.125, 0.09375, 0.15625, 0.15625, 0.125, 0.125, 0.125, 0.09375, 0.125, 0.125, 0.125, 0.125, 0.09375, 0.125, 0.09375, 0.125]
[TRAIN]: (1107/1600): reward: 43.37071876227856, rates: 45.37071807743945, loss: 2.201789128780365, rho: 0.4000000000000001, transmit_actions: 20, P: [0.0625, 0.0, 0.125, 0.09375, 0.125, 0.125, 0.15625, 0.125, 0.125, 0.125, 0.125, 0.125, 0.09375, 0.125, 0.15625, 0.125, 0.15625, 0.15625, 0.15625, 0.09375]
[TRAIN]: (1108/1600): reward: 46.45564853399992, rates: 47.45564841194267, loss: 2.112682783603668, rho: 0.4000000000000001, transmit_actions: 19, P: [0.0625, 1.0, 0.125, 0.125, 0.09375, 0.125, 0.125, 0.125, 0.125, 0.125, 0.125, 0.09375, 0.125, 0.15625, 0.125, 0.125, 0.125, 0.125, 0.125, 0.09375]
[TRAIN]: (1109/1600): reward: 43.6051322594285, rates: 44.60513257324192, loss: 2.1217872112989427, rho: 0.4000000000000001, transmit_actions: 18, P: [0.84375, 1.0, 0.125, 0.09375, 0.125, 0.125, 0.125, 0.125, 0.125, 0.125, 0.125, 0.125, 0.15625, 0.125, 0.09375, 0.125, 0.125, 0.09375, 0.125, 0.125]
[TRAIN]: (1110/1600): reward: 51.47208625078201, rates: 52.472085530576244, loss: 2.1076480865478517, rho: 0.4000000000000001, transmit_actions: 19, P: [0.84375, 0.40625, 0.125, 0.125, 0.09375, 0.15625, 0.28125, 0.09375, 0.125, 0.125, 0.125, 0.09375, 0.15625, 0.09375, 0.09375, 0.15625, 0.09375, 0.15625, 0.125, 0.125]
[TRAIN]: (1111/1600): reward: 47.18183570355177, rates: 47.18183652107226, loss: 2.4040696680545808, rho: 0.4000000000000001, transmit_actions: 18, P: [0.84375, 1.0, 0.125, 0.09375, 0.125, 0.125, 0.1875, 0.125, 0.125, 0.125, 0.0625, 0.09375, 0.09375, 0.15625, 0.125, 0.125, 0.09375, 0.125, 0.125, 0.125]
[TRAIN]: (1112/1600): reward: 51.0671917879954, rates: 52.06719134968935, loss: 2.1823794722557066, rho: 0.4000000000000001, transmit_actions: 20, P: [0.0625, 0.125, 0.125, 0.125, 0.125, 0.125, 0.125, 0.125, 0.125, 0.125, 0.125, 0.125, 0.09375, 0.15625, 0.09375, 0.15625, 0.09375, 0.125, 0.125, 0.125]
[TRAIN]: (1113/1600): reward: 42.406238881638274, rates: 45.406238515897066, loss: 1.9610989779233932, rho: 0.4000000000000001, transmit_actions: 19, P: [0.03125, 0.125, 0.125, 0.125, 0.0625, 0.125, 0.125, 0.125, 0.125, 0.125, 0.125, 0.375, 0.15625, 0.125, 0.09375, 0.09375, 0.15625, 0.09375, 0.125, 0.09375]
[TRAIN]: (1114/1600): reward: 42.48098563030362, rates: 44.48098567706314, loss: 2.0468733608722687, rho: 0.4000000000000001, transmit_actions: 20, P: [0.03125, 0.0, 0.125, 0.125, 0.125, 0.125, 0.125, 0.125, 0.15625, 0.125, 0.125, 0.125, 0.125, 0.125, 0.125, 0.125, 0.15625, 0.125, 0.09375, 0.125]
[TRAIN]: (1115/1600): reward: 44.28929608128965, rates: 46.28929653438187, loss: 2.3434405505657194, rho: 0.4000000000000001, transmit_actions: 18, P: [0.84375, 0.125, 0.125, 0.125, 0.125, 0.125, 0.125, 0.0625, 0.125, 0.125, 0.0625, 0.125, 0.125, 0.59375, 0.125, 0.125, 0.15625, 0.15625, 0.15625, 0.125]
[TRAIN]: (1116/1600): reward: 47.09816525876522, rates: 49.09816479181196, loss: 2.147652491927147, rho: 0.4000000000000001, transmit_actions: 19, P: [0.0625, 0.125, 0.125, 0.125, 0.125, 0.0, 0.125, 0.125, 0.125, 0.125, 0.125, 0.15625, 0.125, 0.15625, 0.125, 0.15625, 0.15625, 0.125, 0.15625, 0.125]
[TRAIN]: (1117/1600): reward: 50.408778823912144, rates: 50.40877855854032, loss: 2.1049899786710737, rho: 0.4000000000000001, transmit_actions: 18, P: [0.84375, 1.0, 0.125, 0.125, 0.125, 0.125, 0.125, 0.15625, 0.125, 0.125, 0.125, 0.125, 0.125, 0.125, 0.125, 0.125, 0.125, 0.15625, 0.125, 0.125]
[TRAIN]: (1118/1600): reward: 45.705012584105134, rates: 47.705011968677184, loss: 2.1425942212343214, rho: 0.4000000000000001, transmit_actions: 20, P: [0.0625, 0.125, 0.125, 0.125, 0.125, 0.125, 0.125, 0.125, 0.125, 0.125, 0.125, 0.15625, 0.125, 0.125, 0.125, 0.125, 0.15625, 0.125, 0.15625, 0.15625]
[TRAIN]: (1119/1600): reward: 45.4130070284009, rates: 46.41300795274874, loss: 2.163344669342041, rho: 0.4000000000000001, transmit_actions: 19, P: [0.84375, 0.125, 0.125, 0.125, 0.0625, 0.15625, 0.125, 0.125, 0.125, 0.125, 0.125, 0.15625, 0.125, 0.15625, 0.125, 0.09375, 0.125, 0.125, 0.09375, 0.125]
[TRAIN]: (1120/1600): reward: 48.54015688598156, rates: 48.54015680672668, loss: 2.1744531989097595, rho: 0.4000000000000001, transmit_actions: 18, P: [0.84375, 1.0, 0.125, 0.125, 0.09375, 0.125, 0.125, 0.125, 0.125, 0.125, 0.125, 0.125, 0.09375, 0.09375, 0.125, 0.15625, 0.09375, 0.125, 0.15625, 0.15625]
[TRAIN]: (1121/1600): reward: 44.4975030887872, rates: 46.49750317483819, loss: 2.1653324842453, rho: 0.4000000000000001, transmit_actions: 19, P: [0.0625, 1.0, 0.125, 0.125, 0.125, 0.125, 0.125, 0.125, 0.125, 0.125, 0.125, 0.15625, 0.125, 0.125, 0.125, 0.125, 0.125, 0.125, 0.125, 0.125]
[TRAIN]: (1122/1600): reward: 29.15178817510605, rates: 32.15178833489472, loss: 2.0550086379051207, rho: 0.4000000000000001, transmit_actions: 18, P: [0.84375, 0.84375, 0.125, 0.125, 0.125, 0.125, 0.125, 0.125, 0.125, 0.125, 0.125, 0.15625, 0.125, 0.15625, 0.15625, 0.125, 0.09375, 0.15625, 0.125, 0.125]
[TRAIN]: (1123/1600): reward: 51.00801254063845, rates: 51.00801236370895, loss: 2.211656445264816, rho: 0.4000000000000001, transmit_actions: 18, P: [0.84375, 1.0, 0.15625, 0.125, 0.125, 0.15625, 0.125, 0.125, 0.125, 0.125, 0.125, 0.125, 0.125, 0.15625, 0.15625, 0.15625, 0.125, 0.125, 0.125, 0.125]
[TRAIN]: (1124/1600): reward: 45.136695712804794, rates: 48.136696424327276, loss: 2.5035638868808747, rho: 0.4000000000000001, transmit_actions: 20, P: [0.03125, 0.125, 0.125, 0.125, 0.125, 0.125, 0.125, 0.1875, 0.0625, 0.125, 0.125, 0.125, 0.125, 0.125, 0.125, 0.125, 0.125, 0.125, 0.15625, 0.15625]
[TRAIN]: (1125/1600): reward: 46.06494653970003, rates: 47.0649457583634, loss: 2.2266088306903837, rho: 0.4000000000000001, transmit_actions: 19, P: [0.0625, 1.0, 0.0625, 0.125, 0.0625, 0.125, 0.125, 0.0625, 0.125, 0.125, 0.09375, 0.125, 0.09375, 0.125, 0.125, 0.125, 0.125, 0.09375, 0.125, 0.125]
[TRAIN]: (1126/1600): reward: 51.2775958403945, rates: 52.27759542898137, loss: 2.055584502220154, rho: 0.4000000000000001, transmit_actions: 20, P: [0.0625, 0.125, 0.125, 0.125, 0.125, 0.125, 0.125, 0.125, 0.125, 0.125, 0.125, 0.125, 0.15625, 0.125, 0.15625, 0.125, 0.09375, 0.09375, 0.125, 0.15625]
[TRAIN]: (1127/1600): reward: 39.21412803977728, rates: 41.214128229578655, loss: 1.8117369651794433, rho: 0.4000000000000001, transmit_actions: 19, P: [0.84375, 0.0, 0.125, 0.125, 0.125, 0.125, 0.125, 0.0625, 0.125, 0.125, 0.125, 0.125, 0.15625, 0.15625, 0.15625, 0.15625, 0.125, 0.09375, 0.15625, 0.125]
[TRAIN]: (1128/1600): reward: 44.184847546741366, rates: 45.184847751921374, loss: 2.4395689249038695, rho: 0.4000000000000001, transmit_actions: 19, P: [0.84375, 0.0, 0.09375, 0.125, 0.125, 0.09375, 0.09375, 0.125, 0.125, 0.125, 0.15625, 0.09375, 0.125, 0.125, 0.09375, 0.15625, 0.15625, 0.15625, 0.15625, 0.09375]
[TRAIN]: (1129/1600): reward: 50.93889141082764, rates: 50.938891720194064, loss: 2.0203976690769196, rho: 0.4000000000000001, transmit_actions: 18, P: [0.84375, 1.0, 0.125, 0.15625, 0.09375, 0.125, 0.125, 0.125, 0.125, 0.125, 0.125, 0.125, 0.15625, 0.125, 0.15625, 0.09375, 0.15625, 0.125, 0.125, 0.15625]
[TRAIN]: (1130/1600): reward: 43.6318667717278, rates: 44.631866726732184, loss: 2.042833665013313, rho: 0.4000000000000001, transmit_actions: 19, P: [0.84375, 0.15625, 0.125, 0.15625, 0.125, 0.125, 0.125, 0.125, 0.125, 0.125, 0.125, 0.125, 0.125, 0.125, 0.125, 0.125, 0.15625, 0.15625, 0.09375, 0.09375]
[TRAIN]: (1131/1600): reward: 45.54191332310438, rates: 46.54191347951031, loss: 2.2362609922885897, rho: 0.4000000000000001, transmit_actions: 17, P: [0.84375, 0.125, 0.84375, 0.125, 0.1875, 0.25, 0.125, 0.125, 0.125, 0.125, 0.125, 0.15625, 0.15625, 0.15625, 0.09375, 0.15625, 0.125, 0.15625, 0.15625, 0.15625]
[TRAIN]: (1132/1600): reward: 42.04195982217789, rates: 44.0419599344191, loss: 2.618430256843567, rho: 0.4000000000000001, transmit_actions: 18, P: [0.84375, 0.9375, 0.125, 0.15625, 0.125, 0.125, 0.125, 0.125, 0.3125, 0.15625, 0.15625, 0.125, 0.15625, 0.15625, 0.125, 0.09375, 0.125, 0.125, 0.125, 0.15625]
[TRAIN]: (1133/1600): reward: 51.042651139199734, rates: 51.042651368680936, loss: 2.0168972641229628, rho: 0.4000000000000001, transmit_actions: 19, P: [0.84375, 0.125, 0.125, 0.125, 0.09375, 0.125, 0.09375, 0.125, 0.125, 0.125, 0.1875, 0.125, 0.125, 0.125, 0.09375, 0.125, 0.15625, 0.15625, 0.125, 0.125]
[TRAIN]: (1134/1600): reward: 45.279410937801, rates: 46.279410718030945, loss: 2.08305703997612, rho: 0.4000000000000001, transmit_actions: 18, P: [0.84375, 0.9375, 0.125, 0.125, 0.125, 0.53125, 0.125, 0.125, 0.15625, 0.125, 0.125, 0.125, 0.09375, 0.09375, 0.125, 0.09375, 0.09375, 0.09375, 0.125, 0.15625]
[TRAIN]: (1135/1600): reward: 50.07301027700305, rates: 50.07301039548405, loss: 2.4358531296253205, rho: 0.4000000000000001, transmit_actions: 19, P: [0.84375, 0.0, 0.125, 0.15625, 0.125, 0.125, 0.125, 0.125, 0.125, 0.125, 0.125, 0.09375, 0.125, 0.15625, 0.125, 0.125, 0.125, 0.125, 0.09375, 0.125]
[TRAIN]: (1136/1600): reward: 42.18014982715249, rates: 43.18014936833372, loss: 2.4752830982208254, rho: 0.4000000000000001, transmit_actions: 19, P: [0.84375, 0.15625, 0.125, 0.125, 0.125, 0.125, 0.125, 0.125, 0.125, 0.125, 0.125, 0.15625, 0.125, 0.125, 0.125, 0.125, 0.125, 0.15625, 0.125, 0.125]
[TRAIN]: (1137/1600): reward: 48.70780033618212, rates: 48.70779960035207, loss: 2.1196582704782485, rho: 0.4000000000000001, transmit_actions: 17, P: [0.84375, 1.0, 0.96875, 0.125, 0.125, 0.125, 0.125, 0.125, 0.0625, 0.125, 0.125, 0.125, 0.125, 0.15625, 0.125, 0.125, 0.09375, 0.15625, 0.125, 0.09375]
[TRAIN]: (1138/1600): reward: 38.77559918910265, rates: 40.77559867534685, loss: 2.069497826695442, rho: 0.4000000000000001, transmit_actions: 19, P: [0.84375, 0.125, 0.125, 0.125, 0.125, 0.125, 0.125, 0.15625, 0.125, 0.15625, 0.1875, 0.15625, 0.125, 0.125, 0.125, 0.15625, 0.125, 0.15625, 0.375, 0.09375]
[TRAIN]: (1139/1600): reward: 45.66113571822643, rates: 45.66113485306619, loss: 2.2948331087827682, rho: 0.4000000000000001, transmit_actions: 19, P: [0.84375, 0.125, 0.125, 0.125, 0.125, 0.125, 0.125, 0.125, 0.125, 0.125, 0.125, 0.15625, 0.09375, 0.15625, 0.125, 0.125, 0.125, 0.125, 0.125, 0.125]
[TRAIN]: (1140/1600): reward: 43.86203045304865, rates: 43.8620307279372, loss: 2.0636566132307053, rho: 0.4000000000000001, transmit_actions: 19, P: [0.84375, 0.0, 0.125, 0.125, 0.125, 0.125, 0.125, 0.125, 0.125, 0.125, 0.125, 0.09375, 0.09375, 0.125, 0.125, 0.125, 0.09375, 0.125, 0.09375, 0.09375]
[TRAIN]: (1141/1600): reward: 44.98253923282027, rates: 45.98253875116613, loss: 2.417926865816116, rho: 0.4000000000000001, transmit_actions: 19, P: [0.84375, 0.0, 0.125, 0.125, 0.125, 0.1875, 0.0625, 0.125, 0.15625, 0.125, 0.125, 0.125, 0.125, 0.125, 0.15625, 0.15625, 0.15625, 0.15625, 0.15625, 0.125]
[TRAIN]: (1142/1600): reward: 37.495787896215916, rates: 39.49578846847611, loss: 2.3942813515663146, rho: 0.4000000000000001, transmit_actions: 19, P: [0.84375, 0.0, 0.125, 0.125, 0.125, 0.125, 0.125, 0.125, 0.125, 0.125, 0.125, 0.125, 0.15625, 0.125, 0.15625, 0.15625, 0.125, 0.0625, 0.15625, 0.09375]
[TRAIN]: (1143/1600): reward: 44.31154511868954, rates: 44.31154504098642, loss: 2.1124606013298033, rho: 0.4000000000000001, transmit_actions: 18, P: [0.84375, 0.125, 0.90625, 0.125, 0.125, 0.125, 0.125, 0.125, 0.125, 0.125, 0.125, 0.125, 0.15625, 0.125, 0.125, 0.125, 0.09375, 0.125, 0.125, 0.09375]
[TRAIN]: (1144/1600): reward: 47.46948725171387, rates: 48.46948728819273, loss: 1.938455444574356, rho: 0.4000000000000001, transmit_actions: 19, P: [0.84375, 0.125, 0.125, 0.78125, 0.15625, 0.15625, 0.125, 0.125, 0.1875, 0.09375, 0.125, 0.125, 0.125, 0.125, 0.125, 0.125, 0.125, 0.125, 0.125, 0.125]
[TRAIN]: (1145/1600): reward: 40.312596805393696, rates: 43.312597125080856, loss: 2.1062217384576796, rho: 0.4000000000000001, transmit_actions: 18, P: [0.84375, 0.0, 0.125, 0.125, 0.125, 0.125, 0.125, 0.15625, 0.21875, 0.125, 0.125, 0.09375, 0.125, 0.125, 0.15625, 0.15625, 0.09375, 0.15625, 0.15625, 0.125]
[TRAIN]: (1146/1600): reward: 41.53880301862955, rates: 42.538802821479955, loss: 2.3240164816379547, rho: 0.4000000000000001, transmit_actions: 19, P: [0.84375, 0.0, 0.125, 0.125, 0.125, 0.125, 0.125, 0.125, 0.0625, 0.125, 0.125, 0.09375, 0.125, 0.125, 0.09375, 0.125, 0.125, 0.125, 0.125, 0.125]
[TRAIN]: (1147/1600): reward: 45.211013299413025, rates: 46.211013679520576, loss: 2.2553604423999785, rho: 0.4000000000000001, transmit_actions: 18, P: [0.84375, 0.125, 0.09375, 0.125, 0.1875, 0.1875, 0.125, 0.125, 0.125, 0.125, 0.125, 0.15625, 0.59375, 0.125, 0.15625, 0.125, 0.09375, 0.125, 0.15625, 0.125]
[TRAIN]: (1148/1600): reward: 49.966354079544544, rates: 50.96635402088058, loss: 2.2723617911338807, rho: 0.4000000000000001, transmit_actions: 18, P: [0.84375, 0.90625, 0.125, 0.125, 0.125, 0.125, 0.125, 0.125, 0.65625, 0.125, 0.125, 0.125, 0.125, 0.125, 0.15625, 0.125, 0.125, 0.15625, 0.125, 0.125]
[TRAIN]: (1149/1600): reward: 41.20005281642079, rates: 43.20005266373231, loss: 2.440061241388321, rho: 0.4000000000000001, transmit_actions: 19, P: [0.84375, 0.125, 0.125, 0.125, 0.125, 0.125, 0.125, 0.15625, 0.125, 0.125, 0.125, 0.15625, 0.09375, 0.125, 0.125, 0.15625, 0.15625, 0.09375, 0.09375, 0.15625]
[TRAIN]: (1150/1600): reward: 49.88569924235344, rates: 49.88569894375451, loss: 2.3233466923236845, rho: 0.4000000000000001, transmit_actions: 19, P: [0.84375, 0.125, 0.125, 0.125, 0.09375, 0.15625, 0.125, 0.125, 0.15625, 0.125, 0.125, 0.125, 0.125, 0.125, 0.125, 0.09375, 0.125, 0.125, 0.125, 0.15625]
[TRAIN]: (1151/1600): reward: 48.661750480532646, rates: 48.661750588171955, loss: 2.0851832807064055, rho: 0.4000000000000001, transmit_actions: 19, P: [0.84375, 0.125, 0.125, 0.125, 0.125, 0.125, 0.125, 0.125, 0.125, 0.125, 0.125, 0.125, 0.125, 0.125, 0.125, 0.15625, 0.125, 0.09375, 0.09375, 0.125]
[TRAIN]: (1152/1600): reward: 48.87726975232363, rates: 48.87726958216328, loss: 2.208499249815941, rho: 0.4000000000000001, transmit_actions: 19, P: [0.84375, 0.125, 0.125, 0.125, 0.125, 0.125, 0.125, 0.1875, 0.125, 0.125, 0.1875, 0.125, 0.15625, 0.09375, 0.15625, 0.125, 0.09375, 0.125, 0.125, 0.125]
[TRAIN]: (1153/1600): reward: 48.6381154358387, rates: 48.63811642985304, loss: 2.090097239613533, rho: 0.4000000000000001, transmit_actions: 19, P: [0.84375, 0.0, 0.125, 0.125, 0.125, 0.125, 0.125, 0.125, 0.125, 0.125, 0.125, 0.125, 0.125, 0.125, 0.125, 0.125, 0.15625, 0.15625, 0.125, 0.125]
[TRAIN]: (1154/1600): reward: 46.25248443335295, rates: 46.252484176811635, loss: 2.1723652690649033, rho: 0.4000000000000001, transmit_actions: 19, P: [0.84375, 0.125, 0.125, 0.125, 0.125, 0.125, 0.125, 0.125, 0.125, 0.125, 0.125, 0.125, 0.125, 0.15625, 0.125, 0.09375, 0.15625, 0.125, 0.09375, 0.15625]
[TRAIN]: (1155/1600): reward: 30.662306629121304, rates: 35.6623065659385, loss: 2.196638602018356, rho: 0.4000000000000001, transmit_actions: 19, P: [0.84375, 0.34375, 0.1875, 0.125, 0.125, 0.15625, 0.125, 0.125, 0.125, 0.125, 0.125, 0.125, 0.15625, 0.15625, 0.125, 0.125, 0.09375, 0.125, 0.15625, 0.125]
[TRAIN]: (1156/1600): reward: 46.66379664838314, rates: 46.66379664310671, loss: 2.0567168205976487, rho: 0.4000000000000001, transmit_actions: 18, P: [0.84375, 1.0, 0.125, 0.125, 0.125, 0.125, 0.125, 0.125, 0.125, 0.125, 0.125, 0.125, 0.125, 0.125, 0.09375, 0.09375, 0.15625, 0.09375, 0.125, 0.125]
[TRAIN]: (1157/1600): reward: 45.62476022168994, rates: 45.62476018943234, loss: 2.178685390949249, rho: 0.4000000000000001, transmit_actions: 18, P: [0.84375, 1.0, 0.1875, 0.125, 0.125, 0.125, 0.125, 0.125, 0.15625, 0.125, 0.125, 0.125, 0.125, 0.09375, 0.09375, 0.125, 0.125, 0.09375, 0.125, 0.09375]
[TRAIN]: (1158/1600): reward: 52.428990446031094, rates: 52.42899012312637, loss: 2.1205596715211867, rho: 0.4000000000000001, transmit_actions: 19, P: [0.84375, 0.125, 0.125, 0.125, 0.125, 0.125, 0.125, 0.125, 0.125, 0.125, 0.125, 0.125, 0.125, 0.09375, 0.09375, 0.125, 0.15625, 0.15625, 0.125, 0.125]
[TRAIN]: (1159/1600): reward: 49.07419593632221, rates: 49.07419558672933, loss: 2.3355329275131225, rho: 0.4000000000000001, transmit_actions: 18, P: [0.84375, 1.0, 0.1875, 0.125, 0.125, 0.125, 0.125, 0.125, 0.125, 0.125, 0.125, 0.125, 0.09375, 0.09375, 0.125, 0.125, 0.125, 0.09375, 0.125, 0.125]
[TRAIN]: (1160/1600): reward: 37.79097320139408, rates: 39.79097353479335, loss: 2.565388423204422, rho: 0.4000000000000001, transmit_actions: 19, P: [0.84375, 0.125, 0.125, 0.125, 0.125, 0.125, 0.125, 0.5, 0.125, 0.125, 0.125, 0.125, 0.09375, 0.09375, 0.09375, 0.125, 0.09375, 0.15625, 0.15625, 0.15625]
[TRAIN]: (1161/1600): reward: 45.73178464919329, rates: 46.73178456919811, loss: 2.5960937261581423, rho: 0.4000000000000001, transmit_actions: 18, P: [0.84375, 0.9375, 0.125, 0.125, 0.125, 0.125, 0.125, 0.1875, 0.1875, 0.125, 0.125, 0.125, 0.09375, 0.15625, 0.125, 0.15625, 0.125, 0.15625, 0.125, 0.125]
[TRAIN]: (1162/1600): reward: 45.050649505108595, rates: 47.05064985205509, loss: 2.3631195783615113, rho: 0.4000000000000001, transmit_actions: 18, P: [0.84375, 0.125, 0.125, 0.125, 0.125, 0.125, 0.125, 0.0625, 0.125, 0.125, 0.125, 0.09375, 0.125, 0.78125, 0.125, 0.125, 0.15625, 0.125, 0.125, 0.125]
[TRAIN]: (1163/1600): reward: 43.504768028855324, rates: 45.504768425009, loss: 2.2895282089710234, rho: 0.4000000000000001, transmit_actions: 18, P: [0.84375, 0.875, 0.125, 0.125, 0.125, 0.34375, 0.125, 0.125, 0.125, 0.125, 0.125, 0.09375, 0.09375, 0.15625, 0.125, 0.125, 0.15625, 0.09375, 0.09375, 0.15625]
[TRAIN]: (1164/1600): reward: 51.77318325638771, rates: 51.77318303587308, loss: 2.299439013004303, rho: 0.4000000000000001, transmit_actions: 19, P: [0.875, 0.125, 0.125, 0.125, 0.125, 0.125, 0.125, 0.125, 0.125, 0.125, 0.1875, 0.15625, 0.15625, 0.09375, 0.125, 0.125, 0.125, 0.125, 0.125, 0.125]
[TRAIN]: (1165/1600): reward: 35.127793204039335, rates: 38.12779309752165, loss: 1.8841071784496308, rho: 0.4000000000000001, transmit_actions: 20, P: [0.6875, 0.125, 0.125, 0.125, 0.125, 0.125, 0.125, 0.125, 0.125, 0.125, 0.15625, 0.125, 0.125, 0.15625, 0.125, 0.09375, 0.09375, 0.125, 0.125, 0.125]
[TRAIN]: (1166/1600): reward: 47.368996534496546, rates: 47.36899653357204, loss: 2.2838459372520448, rho: 0.4000000000000001, transmit_actions: 18, P: [0.84375, 0.34375, 0.84375, 0.0625, 0.125, 0.15625, 0.0625, 0.125, 0.15625, 0.125, 0.125, 0.15625, 0.15625, 0.125, 0.125, 0.125, 0.15625, 0.15625, 0.125, 0.15625]
[TRAIN]: (1167/1600): reward: 46.29493343504146, rates: 47.2949343017219, loss: 2.313636827468872, rho: 0.4000000000000001, transmit_actions: 18, P: [0.84375, 0.96875, 0.125, 0.125, 0.125, 0.34375, 0.15625, 0.125, 0.0625, 0.0625, 0.0625, 0.125, 0.09375, 0.125, 0.125, 0.09375, 0.09375, 0.09375, 0.125, 0.125]
[TRAIN]: (1168/1600): reward: 42.00340882688761, rates: 43.00340898276664, loss: 2.2178126752376555, rho: 0.4000000000000001, transmit_actions: 19, P: [0.875, 0.125, 0.125, 0.15625, 0.125, 0.125, 0.0625, 0.125, 0.125, 0.125, 0.0625, 0.125, 0.125, 0.125, 0.125, 0.125, 0.125, 0.09375, 0.125, 0.125]
[TRAIN]: (1169/1600): reward: 39.09687576442957, rates: 42.09687523530796, loss: 2.351287084817886, rho: 0.4000000000000001, transmit_actions: 18, P: [0.84375, 0.34375, 0.125, 0.1875, 0.125, 0.125, 0.0625, 0.0625, 0.1875, 0.1875, 0.125, 0.09375, 0.15625, 0.125, 0.28125, 0.125, 0.125, 0.15625, 0.15625, 0.15625]
[TRAIN]: (1170/1600): reward: 46.283176366239786, rates: 48.28317661968495, loss: 2.1147671818733214, rho: 0.4000000000000001, transmit_actions: 19, P: [0.875, 0.34375, 0.34375, 0.125, 0.125, 0.125, 0.125, 0.1875, 0.125, 0.125, 0.125, 0.15625, 0.125, 0.125, 0.09375, 0.125, 0.125, 0.125, 0.125, 0.125]
[TRAIN]: (1171/1600): reward: 49.97196285426617, rates: 50.97196265535348, loss: 2.5531381756067275, rho: 0.4000000000000001, transmit_actions: 17, P: [0.875, 0.96875, 0.0, 0.125, 0.125, 0.4375, 0.125, 0.125, 0.25, 0.125, 0.125, 0.125, 0.125, 0.15625, 0.125, 0.125, 0.125, 0.125, 0.125, 0.125]
[TRAIN]: (1172/1600): reward: 43.24945318698883, rates: 45.2494530888565, loss: 1.9408460557460785, rho: 0.4000000000000001, transmit_actions: 18, P: [0.875, 0.34375, 0.125, 0.125, 0.125, 0.125, 0.125, 0.125, 0.125, 0.125, 0.125, 0.09375, 0.15625, 0.15625, 0.125, 0.15625, 0.09375, 0.125, 0.125, 0.09375]
[TRAIN]: (1173/1600): reward: 48.28763044439256, rates: 49.287630755468236, loss: 2.245125362277031, rho: 0.4000000000000001, transmit_actions: 19, P: [0.84375, 0.0, 0.125, 0.125, 0.125, 0.15625, 0.125, 0.125, 0.125, 0.125, 0.125, 0.125, 0.09375, 0.125, 0.09375, 0.125, 0.125, 0.09375, 0.125, 0.125]
[TRAIN]: (1174/1600): reward: 49.594151470810175, rates: 49.594151157987625, loss: 2.2933805644512177, rho: 0.4000000000000001, transmit_actions: 19, P: [0.875, 0.0, 0.125, 0.125, 0.125, 0.125, 0.125, 0.125, 0.125, 0.125, 0.1875, 0.15625, 0.09375, 0.15625, 0.09375, 0.09375, 0.15625, 0.15625, 0.09375, 0.15625]
[TRAIN]: (1175/1600): reward: 46.962115839123726, rates: 47.96211639589045, loss: 2.2019690692424776, rho: 0.4000000000000001, transmit_actions: 19, P: [0.875, 0.125, 0.15625, 0.125, 0.125, 0.125, 0.1875, 0.125, 0.125, 0.125, 0.1875, 0.125, 0.09375, 0.09375, 0.15625, 0.15625, 0.125, 0.125, 0.15625, 0.125]
[TRAIN]: (1176/1600): reward: 49.34868889302015, rates: 49.34868845579645, loss: 1.9870981514453887, rho: 0.4000000000000001, transmit_actions: 18, P: [0.84375, 1.0, 0.125, 0.125, 0.09375, 0.125, 0.09375, 0.125, 0.125, 0.125, 0.125, 0.09375, 0.09375, 0.125, 0.15625, 0.125, 0.125, 0.15625, 0.15625, 0.15625]
[TRAIN]: (1177/1600): reward: 49.94028823077679, rates: 49.94028842894257, loss: 2.122173398733139, rho: 0.4000000000000001, transmit_actions: 18, P: [0.875, 0.9375, 0.125, 0.125, 0.125, 0.125, 0.125, 0.1875, 0.125, 0.125, 0.125, 0.125, 0.125, 0.125, 0.15625, 0.15625, 0.09375, 0.15625, 0.09375, 0.09375]
[TRAIN]: (1178/1600): reward: 34.67278691846877, rates: 36.672787437998025, loss: 2.3493215322494505, rho: 0.4000000000000001, transmit_actions: 19, P: [0.84375, 0.125, 0.125, 0.125, 0.15625, 0.125, 0.125, 0.125, 0.125, 0.125, 0.125, 0.125, 0.15625, 0.15625, 0.15625, 0.09375, 0.09375, 0.15625, 0.09375, 0.15625]
[TRAIN]: (1179/1600): reward: 46.644745633006096, rates: 46.64474603557291, loss: 2.469481188058853, rho: 0.4000000000000001, transmit_actions: 18, P: [0.84375, 0.96875, 0.125, 0.1875, 0.125, 0.25, 0.125, 0.15625, 0.125, 0.125, 0.125, 0.09375, 0.15625, 0.125, 0.125, 0.09375, 0.09375, 0.09375, 0.125, 0.09375]
[TRAIN]: (1180/1600): reward: 40.404227428138256, rates: 41.404226676993375, loss: 2.3434327960014345, rho: 0.4000000000000001, transmit_actions: 19, P: [0.84375, 0.0, 0.125, 0.125, 0.1875, 0.125, 0.25, 0.125, 0.125, 0.125, 0.1875, 0.125, 0.09375, 0.09375, 0.09375, 0.09375, 0.15625, 0.09375, 0.09375, 0.125]
[TRAIN]: (1181/1600): reward: 48.45654444396496, rates: 49.456544751044106, loss: 2.0938307732343673, rho: 0.4000000000000001, transmit_actions: 19, P: [0.84375, 0.21875, 0.125, 0.125, 0.125, 0.125, 0.125, 0.1875, 0.125, 0.1875, 0.125, 0.125, 0.15625, 0.125, 0.125, 0.15625, 0.15625, 0.09375, 0.09375, 0.09375]
[TRAIN]: (1182/1600): reward: 43.8382983841002, rates: 44.83829791530698, loss: 2.4384737998247146, rho: 0.4000000000000001, transmit_actions: 18, P: [0.84375, 0.875, 0.09375, 0.125, 0.1875, 0.125, 0.09375, 0.09375, 0.125, 0.125, 0.125, 0.09375, 0.09375, 0.09375, 0.09375, 0.15625, 0.09375, 0.15625, 0.15625, 0.15625]
[TRAIN]: (1183/1600): reward: 49.01902326196432, rates: 50.01902297337206, loss: 2.0868796348571776, rho: 0.4000000000000001, transmit_actions: 19, P: [0.84375, 0.375, 0.125, 0.1875, 0.09375, 0.0625, 0.125, 0.125, 0.125, 0.125, 0.1875, 0.09375, 0.15625, 0.09375, 0.125, 0.125, 0.15625, 0.125, 0.15625, 0.15625]
[TRAIN]: (1184/1600): reward: 39.10826502740383, rates: 42.10826570562054, loss: 2.389198413491249, rho: 0.4000000000000001, transmit_actions: 18, P: [0.84375, 0.84375, 0.125, 0.1875, 0.125, 0.0625, 0.1875, 0.1875, 0.125, 0.1875, 0.0625, 0.125, 0.09375, 0.15625, 0.09375, 0.15625, 0.09375, 0.15625, 0.125, 0.09375]
[TRAIN]: (1185/1600): reward: 39.149916207417846, rates: 41.149916287639186, loss: 1.995967361330986, rho: 0.4000000000000001, transmit_actions: 19, P: [0.84375, 0.0, 0.125, 0.125, 0.125, 0.1875, 0.125, 0.125, 0.125, 0.125, 0.125, 0.125, 0.125, 0.125, 0.15625, 0.15625, 0.125, 0.15625, 0.15625, 0.15625]
[TRAIN]: (1186/1600): reward: 47.66892993450165, rates: 48.66892909665555, loss: 2.557805600762367, rho: 0.4000000000000001, transmit_actions: 18, P: [0.84375, 0.34375, 1.0, 0.0, 0.125, 0.1875, 0.125, 0.15625, 0.125, 0.125, 0.125, 0.125, 0.15625, 0.125, 0.15625, 0.125, 0.125, 0.125, 0.125, 0.125]
[TRAIN]: (1187/1600): reward: 48.918358001857996, rates: 48.9183578172008, loss: 2.3268031239509583, rho: 0.4000000000000001, transmit_actions: 19, P: [0.84375, 0.125, 0.125, 0.125, 0.125, 0.125, 0.125, 0.125, 0.125, 0.125, 0.125, 0.15625, 0.15625, 0.125, 0.09375, 0.09375, 0.125, 0.125, 0.125, 0.125]
[TRAIN]: (1188/1600): reward: 45.055937334895134, rates: 46.05593794770627, loss: 2.1705488204956054, rho: 0.4000000000000001, transmit_actions: 19, P: [0.84375, 0.125, 0.125, 0.125, 0.125, 0.125, 0.125, 0.125, 0.125, 0.15625, 0.125, 0.125, 0.15625, 0.125, 0.125, 0.09375, 0.09375, 0.09375, 0.09375, 0.125]
[TRAIN]: (1189/1600): reward: 45.782210394740105, rates: 46.78221051861616, loss: 2.2787424355745314, rho: 0.4000000000000001, transmit_actions: 19, P: [0.84375, 0.125, 0.125, 0.125, 0.125, 0.125, 0.125, 0.125, 0.125, 0.125, 0.125, 0.125, 0.125, 0.09375, 0.09375, 0.125, 0.09375, 0.15625, 0.125, 0.125]
[TRAIN]: (1190/1600): reward: 43.142181642353535, rates: 45.14218161047073, loss: 2.26732651591301, rho: 0.4000000000000001, transmit_actions: 19, P: [0.84375, 0.125, 0.125, 0.125, 0.125, 0.125, 0.125, 0.125, 0.125, 0.125, 0.125, 0.125, 0.15625, 0.125, 0.125, 0.09375, 0.125, 0.125, 0.125, 0.09375]
[TRAIN]: (1191/1600): reward: 46.42682069912553, rates: 46.426820278344096, loss: 1.9751072466373443, rho: 0.4000000000000001, transmit_actions: 18, P: [0.84375, 1.0, 0.125, 0.125, 0.125, 0.125, 0.125, 0.125, 0.125, 0.125, 0.125, 0.15625, 0.125, 0.125, 0.15625, 0.125, 0.09375, 0.125, 0.09375, 0.125]
[TRAIN]: (1192/1600): reward: 41.63024664670229, rates: 42.63024654576362, loss: 2.3715439438819885, rho: 0.4000000000000001, transmit_actions: 18, P: [0.84375, 1.0, 0.125, 0.15625, 0.125, 0.125, 0.125, 0.125, 0.125, 0.125, 0.125, 0.15625, 0.15625, 0.15625, 0.15625, 0.09375, 0.09375, 0.09375, 0.5625, 0.125]
[TRAIN]: (1193/1600): reward: 54.30112570524216, rates: 54.301126001938016, loss: 2.3498248547315597, rho: 0.4000000000000001, transmit_actions: 19, P: [0.84375, 0.0, 0.1875, 0.125, 0.125, 0.125, 0.125, 0.125, 0.125, 0.125, 0.125, 0.125, 0.125, 0.125, 0.125, 0.125, 0.09375, 0.125, 0.125, 0.09375]
[TRAIN]: (1194/1600): reward: 49.597656197845936, rates: 50.59765661532654, loss: 2.0109304964542387, rho: 0.4000000000000001, transmit_actions: 19, P: [0.84375, 0.125, 0.125, 0.125, 0.125, 0.125, 0.0625, 0.125, 0.125, 0.125, 0.125, 0.125, 0.15625, 0.125, 0.15625, 0.125, 0.125, 0.15625, 0.125, 0.09375]
[TRAIN]: (1195/1600): reward: 40.888107819482684, rates: 41.88810712084357, loss: 2.0156655311584473, rho: 0.4000000000000001, transmit_actions: 18, P: [0.84375, 0.875, 0.125, 0.125, 0.125, 0.15625, 0.125, 0.125, 0.125, 0.15625, 0.0625, 0.125, 0.125, 0.125, 0.125, 0.125, 0.15625, 0.125, 0.125, 0.09375]
[TRAIN]: (1196/1600): reward: 36.3982262481004, rates: 38.39822666096252, loss: 2.1063698887825013, rho: 0.4000000000000001, transmit_actions: 18, P: [0.84375, 0.96875, 0.34375, 0.125, 0.125, 0.125, 0.125, 0.125, 0.125, 0.125, 0.09375, 0.15625, 0.15625, 0.46875, 0.09375, 0.09375, 0.15625, 0.09375, 0.09375, 0.15625]
[TRAIN]: (1197/1600): reward: 47.716355577111244, rates: 47.716355752340135, loss: 2.6242541551589964, rho: 0.4000000000000001, transmit_actions: 19, P: [0.84375, 0.0, 0.125, 0.125, 0.125, 0.09375, 0.125, 0.125, 0.125, 0.125, 0.125, 0.125, 0.15625, 0.09375, 0.15625, 0.09375, 0.125, 0.09375, 0.125, 0.09375]
[TRAIN]: (1198/1600): reward: 47.443645066116005, rates: 47.443645445501666, loss: 2.2085533261299135, rho: 0.4000000000000001, transmit_actions: 18, P: [0.84375, 0.9375, 0.125, 0.125, 0.125, 0.125, 0.125, 0.125, 0.125, 0.125, 0.125, 0.125, 0.125, 0.09375, 0.125, 0.125, 0.15625, 0.09375, 0.15625, 0.125]
[TRAIN]: (1199/1600): reward: 50.03973983973265, rates: 50.03973925493282, loss: 2.21475173830986, rho: 0.4000000000000001, transmit_actions: 19, P: [0.84375, 0.125, 0.125, 0.125, 0.125, 0.125, 0.125, 0.125, 0.125, 0.125, 0.125, 0.125, 0.125, 0.125, 0.125, 0.125, 0.125, 0.15625, 0.125, 0.09375]
[TRAIN]: (1200/1600): reward: 43.040284952148795, rates: 46.04028498720339, loss: 2.316385281085968, rho: 0.4000000000000001, transmit_actions: 19, P: [0.84375, 0.125, 0.125, 0.0625, 0.0625, 0.125, 0.125, 0.1875, 0.125, 0.125, 0.125, 0.125, 0.125, 0.125, 0.125, 0.09375, 0.09375, 0.125, 0.125, 0.125]
[TRAIN]: (1201/1600): reward: 46.54369775950909, rates: 46.543697281676614, loss: 2.362664484977722, rho: 0.4000000000000001, transmit_actions: 19, P: [0.84375, 0.1875, 0.125, 0.125, 0.1875, 0.125, 0.125, 0.125, 0.125, 0.125, 0.125, 0.09375, 0.09375, 0.15625, 0.15625, 0.15625, 0.125, 0.125, 0.15625, 0.125]
[TRAIN]: (1202/1600): reward: 49.289568949490786, rates: 51.28956860973287, loss: 2.3748659610748293, rho: 0.4000000000000001, transmit_actions: 19, P: [0.84375, 0.34375, 0.375, 0.1875, 0.125, 0.125, 0.125, 0.1875, 0.125, 0.125, 0.125, 0.125, 0.15625, 0.125, 0.09375, 0.15625, 0.125, 0.09375, 0.125, 0.125]
[TRAIN]: (1203/1600): reward: 51.62843480706215, rates: 52.62843431605935, loss: 2.580895560979843, rho: 0.4000000000000001, transmit_actions: 18, P: [0.84375, 1.0, 0.125, 0.125, 0.125, 0.125, 0.1875, 0.125, 0.1875, 0.125, 0.1875, 0.125, 0.09375, 0.125, 0.125, 0.09375, 0.15625, 0.09375, 0.125, 0.125]
[TRAIN]: (1204/1600): reward: 49.31748064607382, rates: 49.3174812463721, loss: 2.2303817868232727, rho: 0.4000000000000001, transmit_actions: 18, P: [0.84375, 0.875, 0.125, 0.125, 0.125, 0.125, 0.125, 0.125, 0.125, 0.125, 0.125, 0.09375, 0.125, 0.125, 0.125, 0.125, 0.125, 0.125, 0.125, 0.15625]
[TRAIN]: (1205/1600): reward: 49.06342051923275, rates: 49.06342142188407, loss: 2.4461334973573683, rho: 0.4000000000000001, transmit_actions: 19, P: [0.84375, 0.125, 0.125, 0.125, 0.125, 0.125, 0.125, 0.125, 0.125, 0.125, 0.125, 0.15625, 0.125, 0.09375, 0.15625, 0.09375, 0.125, 0.15625, 0.125, 0.09375]
[TRAIN]: (1206/1600): reward: 47.03455397486687, rates: 47.03455412763485, loss: 2.4462230086326597, rho: 0.4000000000000001, transmit_actions: 18, P: [0.84375, 0.875, 0.125, 0.125, 0.125, 0.125, 0.125, 0.125, 0.125, 0.34375, 0.125, 0.125, 0.125, 0.125, 0.09375, 0.09375, 0.15625, 0.15625, 0.09375, 0.09375]
[TRAIN]: (1207/1600): reward: 48.31353613734245, rates: 48.31353626274321, loss: 2.6629620134830474, rho: 0.4000000000000001, transmit_actions: 19, P: [0.84375, 0.125, 0.1875, 0.125, 0.125, 0.125, 0.125, 0.125, 0.125, 0.125, 0.125, 0.125, 0.09375, 0.125, 0.125, 0.125, 0.09375, 0.09375, 0.125, 0.125]
[TRAIN]: (1208/1600): reward: 47.766332663595676, rates: 47.766333246588474, loss: 1.9193726241588593, rho: 0.4000000000000001, transmit_actions: 18, P: [0.84375, 1.0, 0.125, 0.125, 0.125, 0.125, 0.1875, 0.125, 0.125, 0.125, 0.125, 0.09375, 0.09375, 0.09375, 0.125, 0.09375, 0.125, 0.125, 0.09375, 0.125]
[TRAIN]: (1209/1600): reward: 45.990858882665634, rates: 47.99085839369723, loss: 2.4777213752269747, rho: 0.4000000000000001, transmit_actions: 17, P: [0.84375, 0.84375, 0.125, 0.3125, 0.40625, 0.15625, 0.125, 0.125, 0.125, 0.125, 0.125, 0.15625, 0.09375, 0.15625, 0.15625, 0.09375, 0.15625, 0.15625, 0.09375, 0.09375]
[TRAIN]: (1210/1600): reward: 44.952225625514984, rates: 46.95222572990352, loss: 2.2697743833065034, rho: 0.4000000000000001, transmit_actions: 18, P: [0.84375, 1.0, 0.53125, 0.125, 0.125, 0.1875, 0.1875, 0.125, 0.34375, 0.1875, 0.125, 0.09375, 0.125, 0.15625, 0.15625, 0.09375, 0.09375, 0.15625, 0.09375, 0.09375]
[TRAIN]: (1211/1600): reward: 38.05204638466239, rates: 40.05204593264908, loss: 2.3203844666481017, rho: 0.4000000000000001, transmit_actions: 19, P: [0.84375, 0.125, 0.125, 0.125, 0.125, 0.125, 0.125, 0.125, 0.1875, 0.125, 0.125, 0.125, 0.125, 0.125, 0.15625, 0.125, 0.125, 0.15625, 0.125, 0.125]
[TRAIN]: (1212/1600): reward: 51.65585970133543, rates: 51.65585998395307, loss: 2.150690275430679, rho: 0.4000000000000001, transmit_actions: 18, P: [0.84375, 0.90625, 0.125, 0.125, 0.125, 0.125, 0.125, 0.125, 0.125, 0.125, 0.125, 0.09375, 0.125, 0.15625, 0.125, 0.09375, 0.15625, 0.125, 0.125, 0.125]
[TRAIN]: (1213/1600): reward: 49.15536580607295, rates: 49.15536636663869, loss: 2.187191116809845, rho: 0.4000000000000001, transmit_actions: 19, P: [0.84375, 0.125, 0.125, 0.0625, 0.125, 0.125, 0.125, 0.125, 0.125, 0.125, 0.125, 0.125, 0.125, 0.15625, 0.125, 0.125, 0.15625, 0.125, 0.15625, 0.125]
[TRAIN]: (1214/1600): reward: 46.10659167915583, rates: 47.1065917804063, loss: 1.9937771081924438, rho: 0.4000000000000001, transmit_actions: 19, P: [0.84375, 0.34375, 0.15625, 0.125, 0.125, 0.125, 0.125, 0.125, 0.125, 0.125, 0.125, 0.09375, 0.15625, 0.15625, 0.125, 0.15625, 0.15625, 0.125, 0.125, 0.125]
[TRAIN]: (1215/1600): reward: 38.3723511621356, rates: 40.37235106265291, loss: 2.8837565064430235, rho: 0.4000000000000001, transmit_actions: 18, P: [0.84375, 1.0, 0.125, 0.125, 0.0625, 0.125, 0.125, 0.125, 0.125, 0.125, 0.125, 0.15625, 0.125, 0.125, 0.125, 0.125, 0.15625, 0.15625, 0.15625, 0.15625]
[TRAIN]: (1216/1600): reward: 51.78322995454073, rates: 51.78322987197067, loss: 2.344891917705536, rho: 0.4000000000000001, transmit_actions: 19, P: [0.84375, 0.125, 0.125, 0.125, 0.125, 0.15625, 0.125, 0.1875, 0.1875, 0.09375, 0.125, 0.125, 0.15625, 0.125, 0.125, 0.125, 0.125, 0.125, 0.15625, 0.125]
[TRAIN]: (1217/1600): reward: 48.340362621471286, rates: 48.34036299725978, loss: 2.4763128966093064, rho: 0.4000000000000001, transmit_actions: 19, P: [0.84375, 0.125, 0.125, 0.125, 0.125, 0.125, 0.125, 0.125, 0.125, 0.0625, 0.125, 0.15625, 0.125, 0.125, 0.125, 0.125, 0.125, 0.125, 0.125, 0.125]
[TRAIN]: (1218/1600): reward: 51.27284833043814, rates: 51.27284839428409, loss: 2.614512676000595, rho: 0.4000000000000001, transmit_actions: 19, P: [0.84375, 0.125, 0.125, 0.125, 0.125, 0.125, 0.125, 0.125, 0.125, 0.125, 0.125, 0.125, 0.125, 0.15625, 0.09375, 0.125, 0.125, 0.125, 0.15625, 0.125]
[TRAIN]: (1219/1600): reward: 40.80874250084162, rates: 41.80874281393524, loss: 2.3884791046380998, rho: 0.4000000000000001, transmit_actions: 19, P: [0.84375, 0.125, 0.125, 0.125, 0.125, 0.125, 0.125, 0.125, 0.125, 0.125, 0.125, 0.125, 0.125, 0.125, 0.0625, 0.15625, 0.125, 0.125, 0.125, 0.15625]
[TRAIN]: (1220/1600): reward: 40.79226124472916, rates: 42.792261197585866, loss: 2.4747924745082854, rho: 0.4000000000000001, transmit_actions: 19, P: [0.84375, 0.125, 0.125, 0.125, 0.0625, 0.125, 0.125, 0.125, 0.125, 0.125, 0.125, 0.125, 0.15625, 0.125, 0.125, 0.125, 0.09375, 0.125, 0.15625, 0.125]
[TRAIN]: (1221/1600): reward: 42.51678301766515, rates: 43.516783109447495, loss: 2.4090023964643477, rho: 0.4000000000000001, transmit_actions: 19, P: [0.84375, 0.125, 0.125, 0.125, 0.125, 0.125, 0.125, 0.125, 0.125, 0.125, 0.125, 0.09375, 0.125, 0.15625, 0.125, 0.125, 0.125, 0.125, 0.125, 0.125]
[TRAIN]: (1222/1600): reward: 36.44499149546027, rates: 38.444991439864694, loss: 2.47324942946434, rho: 0.4000000000000001, transmit_actions: 19, P: [0.84375, 0.125, 0.125, 0.125, 0.125, 0.125, 0.125, 0.0625, 0.15625, 0.125, 0.125, 0.125, 0.125, 0.125, 0.125, 0.125, 0.09375, 0.125, 0.125, 0.125]
[TRAIN]: (1223/1600): reward: 49.0881008580327, rates: 50.08810065438383, loss: 2.7112685680389403, rho: 0.4000000000000001, transmit_actions: 18, P: [0.84375, 0.875, 0.15625, 0.125, 0.34375, 0.125, 0.125, 0.125, 0.125, 0.125, 0.125, 0.125, 0.09375, 0.15625, 0.09375, 0.125, 0.09375, 0.15625, 0.09375, 0.15625]
[TRAIN]: (1224/1600): reward: 43.60150175692979, rates: 45.601502555523375, loss: 2.226835197210312, rho: 0.4000000000000001, transmit_actions: 18, P: [0.84375, 1.0, 0.34375, 0.125, 0.125, 0.125, 0.125, 0.125, 0.125, 0.125, 0.125, 0.15625, 0.125, 0.125, 0.09375, 0.125, 0.09375, 0.09375, 0.09375, 0.125]
[TRAIN]: (1225/1600): reward: 41.958340637385845, rates: 42.95834068361307, loss: 2.20813330411911, rho: 0.4000000000000001, transmit_actions: 19, P: [0.84375, 0.0, 0.125, 0.125, 0.125, 0.125, 0.09375, 0.1875, 0.125, 0.0625, 0.125, 0.09375, 0.125, 0.125, 0.15625, 0.15625, 0.15625, 0.15625, 0.15625, 0.09375]
[TRAIN]: (1226/1600): reward: 40.93450058251619, rates: 41.934500699650464, loss: 2.184839555621147, rho: 0.4000000000000001, transmit_actions: 18, P: [0.84375, 0.90625, 0.125, 0.125, 0.15625, 0.125, 0.125, 0.125, 0.125, 0.125, 0.125, 0.09375, 0.125, 0.125, 0.09375, 0.15625, 0.15625, 0.15625, 0.09375, 0.15625]
[TRAIN]: (1227/1600): reward: 45.911535140126944, rates: 46.91153545028049, loss: 2.458336961269379, rho: 0.4000000000000001, transmit_actions: 18, P: [0.84375, 0.96875, 0.125, 0.125, 0.125, 0.125, 0.125, 0.15625, 0.125, 0.125, 0.125, 0.125, 0.15625, 0.125, 0.15625, 0.15625, 0.125, 0.125, 0.125, 0.15625]
[TRAIN]: (1228/1600): reward: 49.2532709017396, rates: 50.2532712290652, loss: 2.5198887288570404, rho: 0.4000000000000001, transmit_actions: 19, P: [0.84375, 0.34375, 0.125, 0.125, 0.125, 0.125, 0.125, 0.125, 0.125, 0.125, 0.125, 0.125, 0.125, 0.125, 0.125, 0.125, 0.15625, 0.15625, 0.125, 0.125]
[TRAIN]: (1229/1600): reward: 46.0341460108757, rates: 47.03414551701194, loss: 2.4180929601192473, rho: 0.4000000000000001, transmit_actions: 18, P: [0.84375, 0.9375, 0.125, 0.125, 0.15625, 0.125, 0.25, 0.125, 0.125, 0.125, 0.125, 0.15625, 0.09375, 0.125, 0.125, 0.09375, 0.125, 0.125, 0.125, 0.15625]
[TRAIN]: (1230/1600): reward: 49.62447928637266, rates: 49.6244790088543, loss: 2.190994894504547, rho: 0.4000000000000001, transmit_actions: 19, P: [0.84375, 0.0, 0.125, 0.125, 0.125, 0.15625, 0.125, 0.125, 0.125, 0.125, 0.125, 0.125, 0.125, 0.125, 0.125, 0.125, 0.15625, 0.125, 0.15625, 0.15625]
[TRAIN]: (1231/1600): reward: 49.58974912017584, rates: 49.58974937405668, loss: 2.1106549859046937, rho: 0.4000000000000001, transmit_actions: 18, P: [0.84375, 0.125, 0.84375, 0.0625, 0.125, 0.1875, 0.125, 0.125, 0.15625, 0.125, 0.125, 0.15625, 0.09375, 0.125, 0.15625, 0.125, 0.125, 0.125, 0.15625, 0.125]
[TRAIN]: (1232/1600): reward: 44.737979382276535, rates: 45.73798029896839, loss: 2.2023929178714754, rho: 0.4000000000000001, transmit_actions: 18, P: [0.84375, 0.96875, 0.125, 0.125, 0.125, 0.125, 0.125, 0.1875, 0.15625, 0.125, 0.125, 0.125, 0.09375, 0.09375, 0.125, 0.125, 0.125, 0.125, 0.09375, 0.125]
[TRAIN]: (1233/1600): reward: 47.851472444832325, rates: 47.85147222069409, loss: 2.2365286469459535, rho: 0.4000000000000001, transmit_actions: 18, P: [0.84375, 0.84375, 0.125, 0.125, 0.125, 0.125, 0.125, 0.125, 0.125, 0.125, 0.125, 0.15625, 0.125, 0.09375, 0.15625, 0.15625, 0.125, 0.15625, 0.09375, 0.125]
[TRAIN]: (1234/1600): reward: 44.202866699546576, rates: 45.20286698023773, loss: 2.7412191331386566, rho: 0.4000000000000001, transmit_actions: 19, P: [0.84375, 0.34375, 0.15625, 0.125, 0.125, 0.125, 0.125, 0.125, 0.125, 0.125, 0.125, 0.125, 0.125, 0.125, 0.15625, 0.15625, 0.125, 0.125, 0.125, 0.125]
[TRAIN]: (1235/1600): reward: 47.3230486959219, rates: 49.323049090429535, loss: 2.4985960483551026, rho: 0.4000000000000001, transmit_actions: 18, P: [0.84375, 0.40625, 0.96875, 0.125, 0.125, 0.125, 0.125, 0.125, 0.125, 0.125, 0.125, 0.125, 0.125, 0.125, 0.09375, 0.125, 0.09375, 0.125, 0.125, 0.125]
[TRAIN]: (1236/1600): reward: 41.75201741605997, rates: 42.75201743903595, loss: 2.5659795999526978, rho: 0.4000000000000001, transmit_actions: 19, P: [0.84375, 0.125, 0.125, 0.125, 0.125, 0.125, 0.125, 0.125, 0.125, 0.125, 0.125, 0.125, 0.09375, 0.09375, 0.15625, 0.125, 0.125, 0.125, 0.84375, 0.09375]
[TRAIN]: (1237/1600): reward: 41.11453317850828, rates: 42.11453336000225, loss: 2.383113664388657, rho: 0.4000000000000001, transmit_actions: 19, P: [0.84375, 0.125, 0.125, 0.15625, 0.125, 0.125, 0.125, 0.125, 0.125, 0.125, 0.125, 0.125, 0.09375, 0.15625, 0.125, 0.46875, 0.09375, 0.125, 0.09375, 0.15625]
[TRAIN]: (1238/1600): reward: 41.7189768217504, rates: 42.71897682029103, loss: 2.2898844093084336, rho: 0.4000000000000001, transmit_actions: 19, P: [0.84375, 0.125, 0.09375, 0.125, 0.125, 0.125, 0.125, 0.125, 0.125, 0.09375, 0.125, 0.125, 0.15625, 0.125, 0.15625, 0.09375, 0.125, 0.15625, 0.09375, 0.15625]
[TRAIN]: (1239/1600): reward: 31.20809742808342, rates: 34.20809785508052, loss: 2.414259856939316, rho: 0.4000000000000001, transmit_actions: 19, P: [0.84375, 0.125, 0.125, 0.125, 0.125, 0.125, 0.125, 0.125, 0.125, 0.125, 0.125, 0.15625, 0.15625, 0.15625, 0.125, 0.15625, 0.125, 0.125, 0.125, 0.125]
[TRAIN]: (1240/1600): reward: 48.48499505966902, rates: 49.48499460832187, loss: 2.6088410884141924, rho: 0.4000000000000001, transmit_actions: 18, P: [0.84375, 1.0, 0.125, 0.125, 0.125, 0.125, 0.125, 0.125, 0.125, 0.125, 0.125, 0.125, 0.125, 0.15625, 0.09375, 0.15625, 0.125, 0.125, 0.125, 0.09375]
[TRAIN]: (1241/1600): reward: 48.855694903060794, rates: 48.8556948854039, loss: 2.389333027601242, rho: 0.4000000000000001, transmit_actions: 19, P: [0.84375, 0.125, 0.125, 0.125, 0.125, 0.125, 0.125, 0.09375, 0.125, 0.125, 0.09375, 0.09375, 0.15625, 0.125, 0.09375, 0.15625, 0.15625, 0.15625, 0.125, 0.125]
[TRAIN]: (1242/1600): reward: 41.73835503682494, rates: 42.73835513685107, loss: 2.2650203138589857, rho: 0.4000000000000001, transmit_actions: 18, P: [0.84375, 1.0, 0.125, 0.125, 0.125, 0.125, 0.125, 0.125, 0.125, 0.125, 0.125, 0.09375, 0.09375, 0.09375, 0.15625, 0.09375, 0.15625, 0.0625, 0.09375, 0.15625]
[TRAIN]: (1243/1600): reward: 37.379522040486336, rates: 39.37952172151533, loss: 2.14593865275383, rho: 0.4000000000000001, transmit_actions: 18, P: [0.84375, 0.125, 0.125, 0.0625, 0.15625, 0.125, 0.09375, 0.125, 0.125, 0.125, 0.125, 0.09375, 0.4375, 0.125, 0.125, 0.09375, 0.15625, 0.15625, 0.15625, 0.09375]
[TRAIN]: (1244/1600): reward: 50.91168040595949, rates: 50.91168099575336, loss: 2.4143763959407805, rho: 0.4000000000000001, transmit_actions: 18, P: [0.84375, 0.84375, 0.125, 0.125, 0.125, 0.125, 0.125, 0.125, 0.125, 0.125, 0.125, 0.15625, 0.59375, 0.15625, 0.09375, 0.125, 0.09375, 0.09375, 0.09375, 0.125]
[TRAIN]: (1245/1600): reward: 45.06889344472438, rates: 46.068893865636866, loss: 2.5289401352405547, rho: 0.4000000000000001, transmit_actions: 19, P: [0.84375, 0.15625, 0.125, 0.0625, 0.125, 0.09375, 0.125, 0.125, 0.125, 0.125, 0.125, 0.15625, 0.15625, 0.15625, 0.15625, 0.09375, 0.15625, 0.125, 0.125, 0.125]
[TRAIN]: (1246/1600): reward: 49.337792528793216, rates: 50.33779211312154, loss: 2.5779971957206724, rho: 0.4000000000000001, transmit_actions: 18, P: [0.84375, 0.875, 0.125, 0.125, 0.125, 0.0625, 0.125, 0.125, 0.125, 0.125, 0.125, 0.09375, 0.15625, 0.125, 0.09375, 0.09375, 0.125, 0.125, 0.09375, 0.125]
[TRAIN]: (1247/1600): reward: 49.796514155343175, rates: 50.79651441200759, loss: 2.429272639751434, rho: 0.4000000000000001, transmit_actions: 18, P: [0.84375, 0.125, 0.125, 0.65625, 0.125, 0.125, 0.125, 0.125, 0.125, 0.125, 0.125, 0.125, 0.125, 0.125, 0.15625, 0.09375, 0.09375, 0.09375, 0.15625, 0.125]
[TRAIN]: (1248/1600): reward: 49.829774133861065, rates: 49.82977498803059, loss: 2.4976247191429137, rho: 0.4000000000000001, transmit_actions: 19, P: [0.84375, 0.125, 0.125, 0.125, 0.125, 0.125, 0.125, 0.125, 0.125, 0.125, 0.125, 0.125, 0.125, 0.09375, 0.125, 0.125, 0.15625, 0.09375, 0.125, 0.125]
[TRAIN]: (1249/1600): reward: 50.457481756806374, rates: 50.45748247969528, loss: 2.5496756613254545, rho: 0.4000000000000001, transmit_actions: 19, P: [0.84375, 0.125, 0.09375, 0.0625, 0.125, 0.125, 0.125, 0.125, 0.125, 0.125, 0.40625, 0.09375, 0.09375, 0.09375, 0.09375, 0.125, 0.15625, 0.09375, 0.09375, 0.09375]
[TRAIN]: (1250/1600): reward: 43.25933638215065, rates: 44.25933671933126, loss: 2.7093389868736266, rho: 0.4000000000000001, transmit_actions: 18, P: [0.84375, 1.0, 0.125, 0.125, 0.125, 0.0625, 0.125, 0.125, 0.0625, 0.09375, 0.125, 0.09375, 0.09375, 0.15625, 0.0625, 0.15625, 0.09375, 0.15625, 0.125, 0.125]
[TRAIN]: (1251/1600): reward: 47.03042133152485, rates: 48.03042155653211, loss: 2.86995444893837, rho: 0.4000000000000001, transmit_actions: 18, P: [0.84375, 0.125, 0.875, 0.125, 0.125, 0.15625, 0.125, 0.125, 0.15625, 0.125, 0.125, 0.15625, 0.125, 0.125, 0.125, 0.125, 0.15625, 0.15625, 0.125, 0.125]
[TRAIN]: (1252/1600): reward: 40.882200963795185, rates: 41.88220079524962, loss: 2.238722896575928, rho: 0.4000000000000001, transmit_actions: 18, P: [0.84375, 0.875, 0.125, 0.125, 0.125, 0.125, 0.125, 0.125, 0.125, 0.125, 0.125, 0.09375, 0.125, 0.09375, 0.125, 0.09375, 0.09375, 0.15625, 0.125, 0.09375]
[TRAIN]: (1253/1600): reward: 44.099677216261625, rates: 45.099677537882464, loss: 2.7277160465717314, rho: 0.4000000000000001, transmit_actions: 18, P: [0.84375, 1.0, 0.125, 0.125, 0.125, 0.125, 0.125, 0.125, 0.125, 0.125, 0.28125, 0.125, 0.15625, 0.125, 0.15625, 0.15625, 0.125, 0.15625, 0.15625, 0.15625]
[TRAIN]: (1254/1600): reward: 48.52866520732641, rates: 49.528665400419584, loss: 2.3622717440128325, rho: 0.4000000000000001, transmit_actions: 18, P: [0.84375, 0.875, 0.125, 0.0625, 0.125, 0.125, 0.125, 0.125, 0.125, 0.125, 0.125, 0.15625, 0.125, 0.15625, 0.125, 0.09375, 0.125, 0.09375, 0.125, 0.125]
[TRAIN]: (1255/1600): reward: 48.91892618313432, rates: 49.91892573548762, loss: 2.334751933813095, rho: 0.4000000000000001, transmit_actions: 19, P: [0.84375, 0.125, 0.125, 0.125, 0.0625, 0.0625, 0.125, 0.125, 0.125, 0.125, 0.125, 0.09375, 0.09375, 0.0625, 0.09375, 0.09375, 0.125, 0.09375, 0.125, 0.09375]
[TRAIN]: (1256/1600): reward: 44.496599335223436, rates: 45.49659888895534, loss: 2.704222649335861, rho: 0.4000000000000001, transmit_actions: 19, P: [0.84375, 0.125, 0.125, 0.125, 0.125, 0.125, 0.125, 0.125, 0.125, 0.125, 0.125, 0.09375, 0.09375, 0.09375, 0.09375, 0.125, 0.09375, 0.125, 0.09375, 0.09375]
[TRAIN]: (1257/1600): reward: 39.38926098868251, rates: 41.38926052471165, loss: 2.3841983914375304, rho: 0.4000000000000001, transmit_actions: 19, P: [0.84375, 0.125, 0.125, 0.125, 0.125, 0.125, 0.125, 0.125, 0.125, 0.125, 0.125, 0.125, 0.125, 0.09375, 0.125, 0.09375, 0.15625, 0.125, 0.125, 0.09375]
[TRAIN]: (1258/1600): reward: 49.70316323265433, rates: 49.70316409395517, loss: 2.4946536660194396, rho: 0.4000000000000001, transmit_actions: 18, P: [0.84375, 0.875, 0.125, 0.125, 0.1875, 0.125, 0.125, 0.125, 0.125, 0.125, 0.125, 0.125, 0.09375, 0.15625, 0.125, 0.125, 0.09375, 0.09375, 0.15625, 0.09375]
[TRAIN]: (1259/1600): reward: 47.930609764531255, rates: 47.93061045194395, loss: 2.2565916419029235, rho: 0.4000000000000001, transmit_actions: 19, P: [0.84375, 0.125, 0.125, 0.125, 0.125, 0.125, 0.125, 0.1875, 0.125, 0.125, 0.125, 0.15625, 0.125, 0.125, 0.125, 0.09375, 0.09375, 0.09375, 0.125, 0.15625]
[TRAIN]: (1260/1600): reward: 38.23003675788641, rates: 39.23003721035284, loss: 2.6278412103652955, rho: 0.4000000000000001, transmit_actions: 17, P: [0.84375, 0.875, 0.125, 0.125, 0.125, 0.125, 0.125, 0.125, 0.125, 0.125, 0.125, 0.09375, 0.125, 0.125, 0.8125, 0.09375, 0.09375, 0.125, 0.125, 0.15625]
[TRAIN]: (1261/1600): reward: 43.24683503806591, rates: 44.24683464111354, loss: 2.3205262422561646, rho: 0.4000000000000001, transmit_actions: 18, P: [0.84375, 0.875, 0.1875, 0.125, 0.125, 0.1875, 0.125, 0.125, 0.09375, 0.09375, 0.1875, 0.09375, 0.09375, 0.09375, 0.09375, 0.09375, 0.125, 0.125, 0.15625, 0.15625]
[TRAIN]: (1262/1600): reward: 49.72856461443007, rates: 49.728563506862045, loss: 2.094398853182793, rho: 0.4000000000000001, transmit_actions: 18, P: [0.84375, 1.0, 0.125, 0.09375, 0.09375, 0.125, 0.125, 0.125, 0.125, 0.125, 0.125, 0.15625, 0.125, 0.09375, 0.09375, 0.125, 0.09375, 0.09375, 0.15625, 0.125]
[TRAIN]: (1263/1600): reward: 50.498004995286465, rates: 50.49800496762241, loss: 2.544907587766647, rho: 0.4000000000000001, transmit_actions: 18, P: [0.84375, 0.875, 0.09375, 0.125, 0.09375, 0.15625, 0.125, 0.15625, 0.125, 0.125, 0.125, 0.125, 0.125, 0.09375, 0.09375, 0.09375, 0.09375, 0.125, 0.15625, 0.09375]
[TRAIN]: (1264/1600): reward: 42.83966138586402, rates: 43.839661849091996, loss: 2.3183277785778045, rho: 0.4000000000000001, transmit_actions: 18, P: [0.84375, 0.875, 0.125, 0.125, 0.1875, 0.125, 0.15625, 0.125, 0.125, 0.0625, 0.125, 0.09375, 0.09375, 0.09375, 0.09375, 0.125, 0.125, 0.15625, 0.09375, 0.125]
[TRAIN]: (1265/1600): reward: 52.80206125974655, rates: 53.802061303756794, loss: 2.3930605351924896, rho: 0.4000000000000001, transmit_actions: 19, P: [0.84375, 0.125, 0.125, 0.125, 0.125, 0.125, 0.125, 0.125, 0.125, 0.1875, 0.125, 0.15625, 0.15625, 0.09375, 0.15625, 0.15625, 0.125, 0.15625, 0.125, 0.09375]
[TRAIN]: (1266/1600): reward: 48.04255736991763, rates: 49.04255740905312, loss: 2.994945079088211, rho: 0.4000000000000001, transmit_actions: 18, P: [0.84375, 0.90625, 0.125, 0.125, 0.125, 0.125, 0.125, 0.125, 0.125, 0.125, 1.0, 0.125, 0.125, 0.125, 0.125, 0.09375, 0.15625, 0.125, 0.09375, 0.125]
[TRAIN]: (1267/1600): reward: 47.69417666271329, rates: 48.69417725832435, loss: 2.5670576810836794, rho: 0.4000000000000001, transmit_actions: 19, P: [0.84375, 0.125, 0.125, 0.15625, 0.09375, 0.125, 0.125, 0.15625, 0.125, 0.15625, 0.15625, 0.125, 0.15625, 0.125, 0.15625, 0.125, 0.125, 0.125, 0.09375, 0.15625]
[TRAIN]: (1268/1600): reward: 50.650254998356104, rates: 50.650254905617736, loss: 2.5074866235256197, rho: 0.4000000000000001, transmit_actions: 19, P: [0.84375, 0.0, 0.125, 0.125, 0.125, 0.125, 0.125, 0.125, 0.125, 0.125, 0.125, 0.125, 0.125, 0.09375, 0.125, 0.125, 0.15625, 0.125, 0.125, 0.09375]
[TRAIN]: (1269/1600): reward: 49.70025711879134, rates: 49.70025692663771, loss: 2.447988837957382, rho: 0.4000000000000001, transmit_actions: 18, P: [0.84375, 0.875, 0.125, 0.125, 0.125, 0.125, 0.125, 0.09375, 0.0625, 0.125, 0.09375, 0.09375, 0.09375, 0.09375, 0.125, 0.125, 0.09375, 0.09375, 0.125, 0.15625]
[TRAIN]: (1270/1600): reward: 49.63865007460117, rates: 49.63865079807132, loss: 2.4739889562129975, rho: 0.4000000000000001, transmit_actions: 18, P: [0.84375, 1.0, 0.125, 0.125, 0.125, 0.125, 0.125, 0.125, 0.125, 0.125, 0.125, 0.09375, 0.125, 0.125, 0.125, 0.09375, 0.15625, 0.15625, 0.09375, 0.15625]
[TRAIN]: (1271/1600): reward: 45.55665335431695, rates: 46.556654042094294, loss: 2.5430705428123472, rho: 0.4000000000000001, transmit_actions: 18, P: [0.84375, 1.0, 0.125, 0.125, 0.125, 0.09375, 0.125, 0.125, 0.125, 0.125, 0.125, 0.125, 0.125, 0.15625, 0.09375, 0.09375, 0.09375, 0.15625, 0.125, 0.09375]
[TRAIN]: (1272/1600): reward: 43.2628938164562, rates: 44.26289484506818, loss: 1.9346214473247527, rho: 0.4000000000000001, transmit_actions: 18, P: [0.84375, 0.84375, 0.125, 0.125, 0.125, 0.125, 0.125, 0.125, 0.125, 0.125, 0.125, 0.125, 0.09375, 0.15625, 0.09375, 0.09375, 0.15625, 0.125, 0.125, 0.15625]
[TRAIN]: (1273/1600): reward: 48.28878791630268, rates: 48.28878768705065, loss: 2.3014087200164797, rho: 0.4000000000000001, transmit_actions: 19, P: [0.84375, 0.125, 0.125, 0.125, 0.125, 0.125, 0.125, 0.125, 0.125, 0.125, 0.125, 0.09375, 0.125, 0.09375, 0.15625, 0.125, 0.125, 0.09375, 0.09375, 0.09375]
[TRAIN]: (1274/1600): reward: 47.83817915990949, rates: 47.83817922607198, loss: 2.7118250846862795, rho: 0.4000000000000001, transmit_actions: 19, P: [0.84375, 0.125, 0.125, 0.125, 0.125, 0.125, 0.125, 0.15625, 0.125, 0.125, 0.125, 0.09375, 0.125, 0.125, 0.09375, 0.125, 0.15625, 0.25, 0.09375, 0.15625]
[TRAIN]: (1275/1600): reward: 45.99685363471508, rates: 46.99685366495056, loss: 2.5692402839660646, rho: 0.4000000000000001, transmit_actions: 18, P: [0.84375, 0.125, 0.125, 1.0, 0.125, 0.125, 0.125, 0.09375, 0.28125, 0.125, 0.125, 0.09375, 0.125, 0.125, 0.125, 0.125, 0.09375, 0.09375, 0.125, 0.09375]
[TRAIN]: (1276/1600): reward: 46.38041860610247, rates: 47.3804177580932, loss: 2.466568297147751, rho: 0.4000000000000001, transmit_actions: 18, P: [0.84375, 0.90625, 0.125, 0.09375, 0.125, 0.125, 0.125, 0.125, 0.125, 0.125, 0.125, 0.125, 0.15625, 0.09375, 0.125, 0.15625, 0.125, 0.125, 0.09375, 0.15625]
[TRAIN]: (1277/1600): reward: 46.19644833356142, rates: 47.19644867155981, loss: 2.5707053542137146, rho: 0.4000000000000001, transmit_actions: 19, P: [0.84375, 0.125, 0.125, 0.125, 0.125, 0.125, 0.125, 0.125, 0.125, 0.125, 0.125, 0.15625, 0.125, 0.09375, 0.15625, 0.125, 0.15625, 0.125, 0.09375, 0.09375]
[TRAIN]: (1278/1600): reward: 50.18985018134117, rates: 51.189849776006106, loss: 2.482943367958069, rho: 0.4000000000000001, transmit_actions: 18, P: [0.84375, 0.875, 0.125, 0.125, 0.125, 0.125, 0.15625, 0.125, 0.1875, 0.125, 0.125, 0.125, 0.15625, 0.125, 0.15625, 0.15625, 0.09375, 0.15625, 0.09375, 0.15625]
[TRAIN]: (1279/1600): reward: 46.936566659249365, rates: 47.93656639283936, loss: 2.1789730936288834, rho: 0.4000000000000001, transmit_actions: 18, P: [0.84375, 0.96875, 0.125, 0.15625, 0.0625, 0.125, 0.125, 0.125, 0.125, 0.125, 0.125, 0.09375, 0.125, 0.09375, 0.125, 0.125, 0.15625, 0.15625, 0.15625, 0.09375]
[TRAIN]: (1280/1600): reward: 48.41375368088484, rates: 49.41375437611417, loss: 2.469530373811722, rho: 0.4000000000000001, transmit_actions: 19, P: [0.84375, 0.0, 0.125, 0.125, 0.125, 0.1875, 0.125, 0.125, 0.125, 0.125, 0.125, 0.09375, 0.09375, 0.09375, 0.125, 0.09375, 0.15625, 0.09375, 0.125, 0.125]
[TRAIN]: (1281/1600): reward: 46.693306148052216, rates: 46.69330657329244, loss: 2.3321962475776674, rho: 0.4000000000000001, transmit_actions: 18, P: [0.84375, 0.125, 0.125, 0.125, 0.125, 0.90625, 0.125, 0.15625, 0.125, 0.125, 0.125, 0.09375, 0.09375, 0.125, 0.15625, 0.15625, 0.09375, 0.09375, 0.09375, 0.15625]
[TRAIN]: (1282/1600): reward: 43.317631624639034, rates: 44.31763152651508, loss: 1.991569948196411, rho: 0.4000000000000001, transmit_actions: 18, P: [0.84375, 0.9375, 0.125, 0.125, 0.125, 0.125, 0.125, 0.125, 0.125, 0.125, 0.125, 0.125, 0.125, 0.15625, 0.15625, 0.125, 0.125, 0.125, 0.125, 0.15625]
[TRAIN]: (1283/1600): reward: 42.115427277982235, rates: 44.115427312726666, loss: 2.501022773981094, rho: 0.4000000000000001, transmit_actions: 19, P: [0.84375, 0.125, 0.125, 0.125, 0.125, 0.125, 0.125, 0.125, 0.125, 0.125, 0.125, 0.125, 0.15625, 0.09375, 0.125, 0.125, 0.125, 0.125, 0.15625, 0.09375]
[TRAIN]: (1284/1600): reward: 48.93522218614817, rates: 48.93522197123595, loss: 2.7836741328239443, rho: 0.4000000000000001, transmit_actions: 19, P: [0.84375, 0.125, 0.125, 0.125, 0.125, 0.125, 0.125, 0.125, 0.125, 0.125, 0.125, 0.125, 0.125, 0.09375, 0.125, 0.15625, 0.09375, 0.09375, 0.15625, 0.125]
[TRAIN]: (1285/1600): reward: 47.7083543241024, rates: 48.70835464644704, loss: 2.3787795424461367, rho: 0.4000000000000001, transmit_actions: 19, P: [0.84375, 0.125, 0.15625, 0.125, 0.125, 0.125, 0.125, 0.125, 0.125, 0.125, 0.125, 0.125, 0.09375, 0.09375, 0.125, 0.09375, 0.125, 0.15625, 0.09375, 0.15625]
[TRAIN]: (1286/1600): reward: 47.03811279311776, rates: 47.038112326584084, loss: 2.597358727455139, rho: 0.4000000000000001, transmit_actions: 18, P: [0.84375, 1.0, 0.125, 0.125, 0.125, 0.09375, 0.125, 0.125, 0.125, 0.1875, 0.125, 0.125, 0.125, 0.15625, 0.125, 0.09375, 0.15625, 0.125, 0.125, 0.125]
[TRAIN]: (1287/1600): reward: 49.12120196968317, rates: 49.12120204310854, loss: 2.4056537747383118, rho: 0.4000000000000001, transmit_actions: 19, P: [0.84375, 0.125, 0.125, 0.125, 0.125, 0.125, 0.125, 0.125, 0.125, 0.125, 0.125, 0.125, 0.125, 0.125, 0.09375, 0.09375, 0.09375, 0.125, 0.09375, 0.125]
[TRAIN]: (1288/1600): reward: 49.97761283442378, rates: 49.97761316085921, loss: 2.4572134375572205, rho: 0.4000000000000001, transmit_actions: 19, P: [0.84375, 0.125, 0.125, 0.125, 0.125, 0.125, 0.125, 0.125, 0.125, 0.125, 0.125, 0.09375, 0.125, 0.09375, 0.125, 0.09375, 0.125, 0.125, 0.15625, 0.125]
[TRAIN]: (1289/1600): reward: 52.33980192989111, rates: 52.339803338410825, loss: 2.5857339799404144, rho: 0.4000000000000001, transmit_actions: 18, P: [0.84375, 0.84375, 0.125, 0.125, 0.125, 0.1875, 0.1875, 0.125, 0.125, 0.125, 0.125, 0.09375, 0.125, 0.125, 0.125, 0.125, 0.125, 0.15625, 0.15625, 0.125]
[TRAIN]: (1290/1600): reward: 47.06157504953444, rates: 47.06157510481587, loss: 2.611609327793121, rho: 0.4000000000000001, transmit_actions: 19, P: [0.84375, 0.125, 0.125, 0.125, 0.125, 0.125, 0.125, 0.125, 0.125, 0.125, 0.125, 0.15625, 0.125, 0.125, 0.125, 0.15625, 0.125, 0.125, 0.125, 0.09375]
[TRAIN]: (1291/1600): reward: 51.01805382966995, rates: 51.0180538758314, loss: 2.7852677524089815, rho: 0.4000000000000001, transmit_actions: 19, P: [0.84375, 0.0, 0.125, 0.28125, 0.125, 0.125, 0.125, 0.125, 0.125, 0.125, 0.125, 0.09375, 0.125, 0.125, 0.125, 0.125, 0.125, 0.09375, 0.125, 0.125]
[TRAIN]: (1292/1600): reward: 40.349654614925385, rates: 41.34965462178899, loss: 2.5144394278526305, rho: 0.4000000000000001, transmit_actions: 19, P: [0.84375, 0.125, 0.125, 0.125, 0.125, 0.125, 0.125, 0.28125, 0.125, 0.125, 0.125, 0.09375, 0.09375, 0.15625, 0.09375, 0.09375, 0.09375, 0.15625, 0.15625, 0.09375]
[TRAIN]: (1293/1600): reward: 39.79727529734373, rates: 41.79727502088277, loss: 2.771039438247681, rho: 0.4000000000000001, transmit_actions: 18, P: [0.84375, 0.96875, 0.125, 0.125, 0.125, 0.125, 0.125, 0.125, 0.125, 0.15625, 0.125, 0.09375, 0.09375, 0.15625, 0.09375, 0.125, 0.15625, 0.125, 0.09375, 0.15625]
[TRAIN]: (1294/1600): reward: 33.48379909992218, rates: 36.48379944395507, loss: 2.3261627316474915, rho: 0.4000000000000001, transmit_actions: 18, P: [0.84375, 0.9375, 0.15625, 0.125, 0.125, 0.125, 0.125, 0.125, 0.125, 0.125, 0.125, 0.09375, 0.09375, 0.125, 0.09375, 0.0625, 0.09375, 0.09375, 0.15625, 0.09375]
[TRAIN]: (1295/1600): reward: 43.699936509132385, rates: 44.699936192419834, loss: 2.242064970731735, rho: 0.4000000000000001, transmit_actions: 19, P: [0.84375, 0.125, 0.125, 0.125, 0.125, 0.125, 0.125, 0.09375, 0.125, 0.125, 0.125, 0.15625, 0.125, 0.125, 0.09375, 0.09375, 0.15625, 0.15625, 0.15625, 0.09375]
[TRAIN]: (1296/1600): reward: 48.49057933315635, rates: 48.490579642531365, loss: 2.2559391885995863, rho: 0.4000000000000001, transmit_actions: 19, P: [0.84375, 0.125, 0.125, 0.125, 0.125, 0.125, 0.125, 0.125, 0.125, 0.0625, 0.125, 0.09375, 0.09375, 0.125, 0.15625, 0.125, 0.15625, 0.125, 0.125, 0.125]
[TRAIN]: (1297/1600): reward: 49.331573221832514, rates: 50.331573149019626, loss: 2.7287617087364198, rho: 0.4000000000000001, transmit_actions: 19, P: [0.84375, 0.125, 0.125, 0.125, 0.125, 0.125, 0.125, 0.125, 0.125, 0.0625, 0.125, 0.125, 0.125, 0.09375, 0.09375, 0.15625, 0.09375, 0.09375, 0.125, 0.15625]
[TRAIN]: (1298/1600): reward: 45.07757415249944, rates: 46.07757490799525, loss: 2.819927084445953, rho: 0.4000000000000001, transmit_actions: 19, P: [0.84375, 0.40625, 0.125, 0.125, 0.125, 0.125, 0.125, 0.125, 0.1875, 0.125, 0.125, 0.125, 0.125, 0.125, 0.09375, 0.15625, 0.15625, 0.125, 0.09375, 0.125]
[TRAIN]: (1299/1600): reward: 47.91111681237817, rates: 47.91111689391484, loss: 2.2046165466308594, rho: 0.4000000000000001, transmit_actions: 18, P: [0.84375, 1.0, 0.125, 0.125, 0.125, 0.125, 0.125, 0.125, 0.125, 0.125, 0.125, 0.125, 0.125, 0.15625, 0.125, 0.125, 0.125, 0.09375, 0.125, 0.15625]
[TRAIN]: (1300/1600): reward: 44.21790888905525, rates: 45.21790945889555, loss: 2.245311808586121, rho: 0.4000000000000001, transmit_actions: 19, P: [0.84375, 0.125, 0.125, 0.1875, 0.125, 0.125, 0.125, 0.125, 0.125, 0.125, 0.125, 0.125, 0.125, 0.125, 0.09375, 0.15625, 0.125, 0.125, 0.15625, 0.15625]
[TRAIN]: (1301/1600): reward: 50.44112344831228, rates: 50.44112282280548, loss: 2.6815352499485017, rho: 0.4000000000000001, transmit_actions: 18, P: [0.84375, 1.0, 0.125, 0.125, 0.125, 0.125, 0.125, 0.125, 0.125, 0.125, 0.125, 0.125, 0.15625, 0.125, 0.15625, 0.15625, 0.15625, 0.125, 0.125, 0.09375]
[TRAIN]: (1302/1600): reward: 43.7990752607584, rates: 44.79907532796595, loss: 2.3896106600761415, rho: 0.4000000000000001, transmit_actions: 19, P: [0.84375, 0.0, 0.125, 0.125, 0.125, 0.15625, 0.125, 0.125, 0.125, 0.125, 0.125, 0.125, 0.125, 0.125, 0.125, 0.125, 0.125, 0.125, 0.15625, 0.125]
[TRAIN]: (1303/1600): reward: 51.31691739708185, rates: 51.31691773633741, loss: 2.5045223593711854, rho: 0.4000000000000001, transmit_actions: 19, P: [0.84375, 0.125, 0.125, 0.125, 0.125, 0.125, 0.125, 0.125, 0.125, 0.125, 0.125, 0.125, 0.15625, 0.125, 0.15625, 0.125, 0.15625, 0.125, 0.125, 0.15625]
[TRAIN]: (1304/1600): reward: 52.17153073102236, rates: 52.17153072432612, loss: 2.2877428770065307, rho: 0.4000000000000001, transmit_actions: 18, P: [0.84375, 0.84375, 0.125, 0.125, 0.125, 0.125, 0.125, 0.125, 0.125, 0.125, 0.125, 0.125, 0.09375, 0.125, 0.125, 0.09375, 0.15625, 0.125, 0.15625, 0.125]
[TRAIN]: (1305/1600): reward: 51.978443294763565, rates: 52.97844356793349, loss: 2.7419895827770233, rho: 0.4000000000000001, transmit_actions: 20, P: [0.15625, 0.125, 0.125, 0.125, 0.125, 0.125, 0.125, 0.125, 0.125, 0.125, 0.125, 0.125, 0.125, 0.15625, 0.125, 0.125, 0.125, 0.125, 0.125, 0.125]
[TRAIN]: (1306/1600): reward: 42.271649707108736, rates: 43.271649413447044, loss: 2.5455576300621034, rho: 0.4000000000000001, transmit_actions: 18, P: [0.84375, 0.875, 0.125, 0.125, 0.125, 0.125, 0.125, 0.125, 0.125, 0.125, 0.59375, 0.125, 0.125, 0.125, 0.125, 0.125, 0.09375, 0.125, 0.125, 0.125]
[TRAIN]: (1307/1600): reward: 49.65131892636418, rates: 49.65131917108861, loss: 2.3132542610168456, rho: 0.4000000000000001, transmit_actions: 19, P: [0.84375, 0.125, 0.125, 0.125, 0.125, 0.125, 0.125, 0.125, 0.125, 0.125, 0.125, 0.125, 0.125, 0.125, 0.125, 0.125, 0.125, 0.125, 0.125, 0.125]
[TRAIN]: (1308/1600): reward: 50.39051749184728, rates: 50.39051712197444, loss: 2.4743209570646285, rho: 0.4000000000000001, transmit_actions: 19, P: [0.84375, 0.125, 0.125, 0.125, 0.125, 0.125, 0.125, 0.125, 0.125, 0.125, 0.125, 0.125, 0.09375, 0.09375, 0.125, 0.09375, 0.125, 0.125, 0.09375, 0.09375]
[TRAIN]: (1309/1600): reward: 42.60273339599371, rates: 43.60273310368744, loss: 2.5914243161678314, rho: 0.4000000000000001, transmit_actions: 19, P: [0.84375, 0.125, 0.125, 0.09375, 0.125, 0.125, 0.125, 0.09375, 0.125, 0.125, 0.125, 0.125, 0.125, 0.09375, 0.34375, 0.125, 0.09375, 0.125, 0.09375, 0.09375]
[TRAIN]: (1310/1600): reward: 45.38736516237259, rates: 45.38736451767511, loss: 2.756381314992905, rho: 0.4000000000000001, transmit_actions: 18, P: [0.84375, 0.875, 0.125, 0.125, 0.125, 0.125, 0.125, 0.125, 0.125, 0.125, 0.125, 0.125, 0.125, 0.09375, 0.125, 0.125, 0.125, 0.125, 0.15625, 0.15625]
[TRAIN]: (1311/1600): reward: 51.650203831493855, rates: 52.650203807878285, loss: 2.687331122159958, rho: 0.4000000000000001, transmit_actions: 19, P: [0.84375, 0.125, 0.125, 0.125, 0.125, 0.0625, 0.125, 0.125, 0.125, 0.125, 0.125, 0.125, 0.125, 0.15625, 0.125, 0.125, 0.125, 0.125, 0.125, 0.125]
[TRAIN]: (1312/1600): reward: 46.430105078965425, rates: 48.430105326168004, loss: 2.3734018564224244, rho: 0.4000000000000001, transmit_actions: 19, P: [0.84375, 0.125, 0.125, 0.125, 0.125, 0.125, 0.1875, 0.125, 0.9375, 0.125, 0.125, 0.15625, 0.09375, 0.125, 0.125, 0.09375, 0.125, 0.15625, 0.125, 0.125]
[TRAIN]: (1313/1600): reward: 52.58353462815285, rates: 52.58353484119372, loss: 2.491876095533371, rho: 0.4000000000000001, transmit_actions: 18, P: [0.84375, 0.9375, 0.09375, 0.125, 0.1875, 0.125, 0.125, 0.125, 0.125, 0.125, 0.125, 0.09375, 0.125, 0.09375, 0.125, 0.125, 0.125, 0.125, 0.125, 0.125]
[TRAIN]: (1314/1600): reward: 41.38883534818888, rates: 42.38883496124387, loss: 2.5012748181819915, rho: 0.4000000000000001, transmit_actions: 19, P: [0.84375, 0.125, 0.125, 0.125, 0.125, 0.125, 0.125, 0.125, 0.125, 0.125, 0.1875, 0.125, 0.125, 0.15625, 0.125, 0.125, 0.125, 0.125, 0.125, 0.125]
[TRAIN]: (1315/1600): reward: 42.32856610417366, rates: 45.32856629675892, loss: 2.61909139752388, rho: 0.4000000000000001, transmit_actions: 18, P: [0.84375, 0.125, 0.125, 0.125, 0.125, 0.125, 0.125, 0.03125, 0.125, 0.125, 0.125, 0.15625, 0.125, 0.125, 0.125, 0.125, 0.15625, 0.125, 0.125, 0.125]
[TRAIN]: (1316/1600): reward: 44.61337125301361, rates: 46.61337073445291, loss: 2.5236342668533327, rho: 0.4000000000000001, transmit_actions: 18, P: [0.84375, 0.125, 0.125, 0.125, 0.125, 1.0, 0.125, 0.125, 0.125, 0.125, 0.1875, 0.125, 0.15625, 0.125, 0.125, 0.125, 0.125, 0.15625, 0.125, 0.125]
[TRAIN]: (1317/1600): reward: 43.71053560823202, rates: 45.710535945914, loss: 2.608468323945999, rho: 0.4000000000000001, transmit_actions: 19, P: [0.84375, 0.125, 0.125, 0.125, 0.125, 0.125, 0.125, 0.125, 0.125, 0.125, 0.125, 0.09375, 0.125, 0.125, 0.125, 0.125, 0.125, 0.125, 0.125, 0.125]
[TRAIN]: (1318/1600): reward: 44.06795965600759, rates: 44.06795949874979, loss: 2.4096846103668215, rho: 0.4000000000000001, transmit_actions: 18, P: [0.84375, 0.125, 0.125, 0.125, 0.125, 0.125, 0.125, 0.125, 0.125, 0.125, 0.125, 0.15625, 0.125, 0.875, 0.125, 0.09375, 0.125, 0.09375, 0.125, 0.125]
[TRAIN]: (1319/1600): reward: 40.130214523524046, rates: 42.130214808711685, loss: 2.991956186294556, rho: 0.4000000000000001, transmit_actions: 18, P: [0.84375, 0.125, 0.125, 0.125, 0.125, 0.625, 0.125, 0.125, 0.125, 0.125, 0.125, 0.125, 0.125, 0.125, 0.09375, 0.09375, 0.125, 0.125, 0.09375, 0.125]
[TRAIN]: (1320/1600): reward: 31.082605896517634, rates: 35.08260593120599, loss: 2.6657483994960787, rho: 0.4000000000000001, transmit_actions: 18, P: [0.84375, 0.84375, 0.125, 0.125, 0.125, 0.15625, 0.0625, 0.125, 0.125, 0.125, 0.125, 0.125, 0.15625, 0.15625, 0.15625, 0.125, 0.09375, 0.125, 0.09375, 0.125]
[TRAIN]: (1321/1600): reward: 48.202218554914, rates: 50.202218326943324, loss: 2.5933066487312315, rho: 0.4000000000000001, transmit_actions: 19, P: [0.84375, 0.125, 0.125, 0.125, 0.4375, 0.125, 0.125, 0.125, 0.125, 0.125, 0.125, 0.125, 0.125, 0.15625, 0.125, 0.125, 0.125, 0.15625, 0.125, 0.125]
[TRAIN]: (1322/1600): reward: 50.11405438557267, rates: 51.11405414819343, loss: 2.7183848202228544, rho: 0.4000000000000001, transmit_actions: 18, P: [0.84375, 0.96875, 0.125, 0.125, 0.125, 0.125, 0.125, 0.15625, 0.125, 0.125, 0.125, 0.09375, 0.15625, 0.09375, 0.09375, 0.125, 0.09375, 0.15625, 0.15625, 0.15625]
[TRAIN]: (1323/1600): reward: 48.3293886706233, rates: 49.32938813519843, loss: 2.730999153852463, rho: 0.4000000000000001, transmit_actions: 19, P: [0.84375, 0.125, 0.125, 0.125, 0.125, 0.125, 0.125, 0.125, 0.1875, 0.125, 0.125, 0.15625, 0.125, 0.09375, 0.125, 0.125, 0.09375, 0.125, 0.125, 0.09375]
[TRAIN]: (1324/1600): reward: 36.45173431187868, rates: 38.45173436539294, loss: 2.528218549489975, rho: 0.4000000000000001, transmit_actions: 19, P: [0.84375, 0.0, 0.125, 0.125, 0.125, 0.125, 0.125, 0.125, 0.125, 0.125, 0.125, 0.125, 0.125, 0.125, 0.15625, 0.15625, 0.125, 0.125, 0.125, 0.15625]
[TRAIN]: (1325/1600): reward: 45.86108411103487, rates: 47.86108340957994, loss: 2.519629862904549, rho: 0.4000000000000001, transmit_actions: 19, P: [0.84375, 0.125, 0.125, 0.125, 0.125, 0.15625, 0.125, 0.125, 0.125, 0.125, 0.125, 0.15625, 0.09375, 0.15625, 0.125, 0.125, 0.15625, 0.09375, 0.125, 0.125]
[TRAIN]: (1326/1600): reward: 47.647027514874935, rates: 48.64702711596577, loss: 2.6257892370224, rho: 0.4000000000000001, transmit_actions: 19, P: [0.84375, 0.125, 0.125, 0.125, 0.125, 0.125, 0.125, 0.125, 0.125, 0.125, 0.125, 0.125, 0.125, 0.125, 0.125, 0.125, 0.125, 0.125, 0.09375, 0.125]
[TRAIN]: (1327/1600): reward: 47.210169987753034, rates: 47.21017000745615, loss: 2.7923378467559816, rho: 0.4000000000000001, transmit_actions: 19, P: [0.84375, 0.125, 0.125, 0.125, 0.125, 0.125, 0.125, 0.125, 0.1875, 0.125, 0.125, 0.125, 0.09375, 0.09375, 0.09375, 0.125, 0.09375, 0.125, 0.125, 0.125]
[TRAIN]: (1328/1600): reward: 52.01513341255486, rates: 52.01513324936872, loss: 2.249695611000061, rho: 0.4000000000000001, transmit_actions: 19, P: [0.84375, 0.125, 0.125, 0.125, 0.0625, 0.125, 0.125, 0.125, 0.09375, 0.15625, 0.125, 0.09375, 0.125, 0.09375, 0.125, 0.125, 0.09375, 0.125, 0.125, 0.125]
[TRAIN]: (1329/1600): reward: 48.02831805497408, rates: 48.028317867384075, loss: 2.717729073762894, rho: 0.4000000000000001, transmit_actions: 18, P: [0.84375, 0.84375, 0.125, 0.125, 0.125, 0.125, 0.125, 0.125, 0.125, 0.125, 0.125, 0.09375, 0.09375, 0.15625, 0.125, 0.15625, 0.125, 0.15625, 0.09375, 0.09375]
[TRAIN]: (1330/1600): reward: 43.81969153136015, rates: 44.819691124418306, loss: 3.0458382964134216, rho: 0.4000000000000001, transmit_actions: 18, P: [0.84375, 0.96875, 0.125, 0.09375, 0.125, 0.125, 0.125, 0.125, 0.125, 0.125, 0.0625, 0.09375, 0.09375, 0.09375, 0.125, 0.09375, 0.09375, 0.09375, 0.09375, 0.09375]
[TRAIN]: (1331/1600): reward: 45.30465339124203, rates: 46.30465294266857, loss: 2.4398308038711547, rho: 0.4000000000000001, transmit_actions: 19, P: [0.84375, 0.40625, 0.125, 0.125, 0.125, 0.125, 0.125, 0.125, 0.125, 0.125, 0.125, 0.125, 0.125, 0.125, 0.125, 0.09375, 0.125, 0.125, 0.09375, 0.09375]
[TRAIN]: (1332/1600): reward: 43.35747651848942, rates: 44.357476051184804, loss: 2.2746671199798585, rho: 0.4000000000000001, transmit_actions: 19, P: [0.84375, 0.125, 0.1875, 0.09375, 0.09375, 0.125, 0.125, 0.09375, 0.125, 0.125, 0.09375, 0.09375, 0.125, 0.15625, 0.09375, 0.09375, 0.09375, 0.125, 0.09375, 0.09375]
[TRAIN]: (1333/1600): reward: 46.20161271840334, rates: 46.201612225537524, loss: 2.336625611782074, rho: 0.4000000000000001, transmit_actions: 18, P: [0.84375, 0.84375, 0.125, 0.1875, 0.125, 0.125, 0.125, 0.125, 0.125, 0.125, 0.125, 0.09375, 0.09375, 0.09375, 0.125, 0.09375, 0.125, 0.15625, 0.09375, 0.125]
[TRAIN]: (1334/1600): reward: 48.095095217227936, rates: 49.095095051138614, loss: 2.3883703887462615, rho: 0.4000000000000001, transmit_actions: 19, P: [0.84375, 0.125, 0.125, 0.125, 0.15625, 0.125, 0.125, 0.125, 0.125, 0.125, 0.15625, 0.09375, 0.125, 0.125, 0.125, 0.125, 0.15625, 0.125, 0.125, 0.125]
[TRAIN]: (1335/1600): reward: 49.25112468004227, rates: 50.251124605236335, loss: 2.608592426776886, rho: 0.4000000000000001, transmit_actions: 18, P: [0.84375, 0.84375, 0.125, 0.1875, 0.125, 0.15625, 0.125, 0.15625, 0.125, 0.125, 0.125, 0.125, 0.15625, 0.125, 0.09375, 0.09375, 0.09375, 0.15625, 0.09375, 0.09375]
[TRAIN]: (1336/1600): reward: 49.09417177736759, rates: 49.09417191987913, loss: 2.619636517763138, rho: 0.4000000000000001, transmit_actions: 19, P: [0.84375, 0.0, 0.125, 0.125, 0.125, 0.15625, 0.125, 0.125, 0.125, 0.15625, 0.15625, 0.09375, 0.15625, 0.15625, 0.125, 0.15625, 0.125, 0.09375, 0.15625, 0.125]
[TRAIN]: (1337/1600): reward: 50.32037810981274, rates: 50.32037849087518, loss: 2.5631005585193636, rho: 0.4000000000000001, transmit_actions: 18, P: [0.84375, 0.84375, 0.125, 0.125, 0.125, 0.125, 0.125, 0.125, 0.125, 0.125, 0.125, 0.125, 0.125, 0.125, 0.125, 0.125, 0.125, 0.09375, 0.125, 0.09375]
[TRAIN]: (1338/1600): reward: 46.360374085605145, rates: 47.36037399765201, loss: 2.5789358973503114, rho: 0.4000000000000001, transmit_actions: 19, P: [0.84375, 0.125, 0.125, 0.125, 0.125, 0.125, 0.125, 0.125, 0.15625, 0.125, 0.125, 0.125, 0.125, 0.15625, 0.15625, 0.125, 0.15625, 0.125, 0.125, 0.125]
[TRAIN]: (1339/1600): reward: 40.41480157524347, rates: 43.41480113185798, loss: 2.438297575712204, rho: 0.4000000000000001, transmit_actions: 18, P: [0.84375, 0.375, 0.125, 0.96875, 0.15625, 0.125, 0.125, 0.125, 0.15625, 0.125, 0.15625, 0.15625, 0.125, 0.125, 0.15625, 0.125, 0.125, 0.15625, 0.125, 0.15625]
[TRAIN]: (1340/1600): reward: 48.703870706260204, rates: 49.703871080620594, loss: 2.5769872963428497, rho: 0.4000000000000001, transmit_actions: 19, P: [0.84375, 0.125, 0.125, 0.125, 0.125, 0.125, 0.15625, 0.125, 0.125, 0.125, 0.0625, 0.15625, 0.15625, 0.15625, 0.15625, 0.125, 0.09375, 0.15625, 0.15625, 0.15625]
[TRAIN]: (1341/1600): reward: 43.566365610808134, rates: 45.566365859349816, loss: 2.640970289707184, rho: 0.4000000000000001, transmit_actions: 19, P: [0.84375, 0.125, 0.125, 0.125, 0.15625, 0.125, 0.125, 0.125, 0.125, 0.125, 0.15625, 0.15625, 0.09375, 0.125, 0.15625, 0.125, 0.125, 0.15625, 0.125, 0.125]
[TRAIN]: (1342/1600): reward: 51.44110943004489, rates: 51.44110979035696, loss: 2.7627691864967345, rho: 0.4000000000000001, transmit_actions: 18, P: [0.84375, 0.875, 0.125, 0.125, 0.125, 0.125, 0.125, 0.125, 0.15625, 0.125, 0.125, 0.09375, 0.125, 0.09375, 0.15625, 0.09375, 0.09375, 0.125, 0.15625, 0.125]
[TRAIN]: (1343/1600): reward: 40.090115290135145, rates: 42.09011493584237, loss: 2.8347401082515717, rho: 0.4000000000000001, transmit_actions: 19, P: [0.84375, 0.125, 0.71875, 0.125, 0.125, 0.125, 0.125, 0.125, 0.0625, 0.125, 0.125, 0.125, 0.15625, 0.0625, 0.125, 0.09375, 0.09375, 0.125, 0.125, 0.125]
[TRAIN]: (1344/1600): reward: 48.36366909369826, rates: 48.363669177112904, loss: 2.6993149757385253, rho: 0.4000000000000001, transmit_actions: 19, P: [0.84375, 0.125, 0.125, 0.125, 0.125, 0.0625, 0.125, 0.125, 0.125, 0.125, 0.125, 0.125, 0.125, 0.09375, 0.125, 0.125, 0.09375, 0.125, 0.09375, 0.09375]
[TRAIN]: (1345/1600): reward: 46.842290461063385, rates: 46.84229034486475, loss: 2.6321013987064363, rho: 0.4000000000000001, transmit_actions: 19, P: [0.84375, 0.125, 0.125, 0.125, 0.125, 0.125, 0.125, 0.125, 0.125, 0.125, 0.125, 0.09375, 0.09375, 0.125, 0.09375, 0.09375, 0.09375, 0.15625, 0.125, 0.09375]
[TRAIN]: (1346/1600): reward: 39.55512945353985, rates: 41.55512946518671, loss: 2.8769182741641997, rho: 0.4000000000000001, transmit_actions: 19, P: [0.84375, 0.125, 0.125, 0.125, 0.125, 0.125, 0.09375, 0.125, 0.125, 0.09375, 0.25, 0.125, 0.15625, 0.125, 0.125, 0.125, 0.125, 0.125, 0.15625, 0.09375]
[TRAIN]: (1347/1600): reward: 46.06126081943512, rates: 46.061261169267794, loss: 2.244873172044754, rho: 0.4000000000000001, transmit_actions: 18, P: [0.84375, 0.875, 0.125, 0.125, 0.125, 0.125, 0.125, 0.0625, 0.125, 0.125, 0.125, 0.125, 0.09375, 0.15625, 0.15625, 0.125, 0.125, 0.09375, 0.125, 0.09375]
[TRAIN]: (1348/1600): reward: 48.084959641098976, rates: 49.08496023066536, loss: 2.3903857618570328, rho: 0.4000000000000001, transmit_actions: 19, P: [0.84375, 0.625, 0.125, 0.0625, 0.125, 0.125, 0.125, 0.125, 0.125, 0.15625, 0.125, 0.09375, 0.09375, 0.125, 0.125, 0.125, 0.125, 0.125, 0.0625, 0.125]
[TRAIN]: (1349/1600): reward: 45.93796197324991, rates: 47.93796208335602, loss: 2.6712374925613402, rho: 0.4000000000000001, transmit_actions: 19, P: [0.84375, 0.40625, 0.125, 0.125, 0.0625, 0.0625, 0.125, 0.125, 0.25, 0.125, 0.0625, 0.125, 0.125, 0.125, 0.125, 0.125, 0.125, 0.125, 0.125, 0.09375]
[TRAIN]: (1350/1600): reward: 42.54416490346193, rates: 45.54416504239049, loss: 2.604990965127945, rho: 0.4000000000000001, transmit_actions: 19, P: [0.84375, 0.0, 0.125, 0.25, 0.125, 0.125, 0.125, 0.15625, 0.125, 0.125, 0.125, 0.125, 0.125, 0.125, 0.125, 0.125, 0.125, 0.15625, 0.125, 0.125]
[TRAIN]: (1351/1600): reward: 38.51730990037322, rates: 39.51730991465924, loss: 2.230212652683258, rho: 0.4000000000000001, transmit_actions: 19, P: [0.84375, 0.0625, 0.0625, 0.125, 0.125, 0.125, 0.125, 0.125, 0.125, 0.0625, 0.125, 0.125, 0.125, 0.125, 0.15625, 0.0625, 0.15625, 0.125, 0.125, 0.125]
[TRAIN]: (1352/1600): reward: 48.34175772219896, rates: 49.341757468077155, loss: 2.5847874164581297, rho: 0.4000000000000001, transmit_actions: 19, P: [0.84375, 0.0, 0.09375, 0.0625, 0.125, 0.125, 0.15625, 0.125, 0.0625, 0.125, 0.0625, 0.125, 0.125, 0.09375, 0.15625, 0.15625, 0.15625, 0.15625, 0.125, 0.125]
[TRAIN]: (1353/1600): reward: 52.28610035777092, rates: 52.28609989665456, loss: 2.5469672441482545, rho: 0.4000000000000001, transmit_actions: 17, P: [0.84375, 0.96875, 0.875, 0.09375, 0.125, 0.125, 0.125, 0.125, 0.125, 0.125, 0.125, 0.125, 0.125, 0.125, 0.125, 0.125, 0.125, 0.125, 0.09375, 0.09375]
[TRAIN]: (1354/1600): reward: 50.54334072396159, rates: 50.54334057695712, loss: 2.8121451318264006, rho: 0.4000000000000001, transmit_actions: 18, P: [0.84375, 1.0, 0.125, 0.125, 0.125, 0.125, 0.125, 0.09375, 0.0625, 0.125, 0.125, 0.15625, 0.09375, 0.125, 0.09375, 0.125, 0.09375, 0.09375, 0.15625, 0.09375]
[TRAIN]: (1355/1600): reward: 47.78388224542141, rates: 48.78388278459941, loss: 2.582505577802658, rho: 0.4000000000000001, transmit_actions: 19, P: [0.84375, 0.625, 0.125, 0.125, 0.125, 0.125, 0.125, 0.125, 0.125, 0.125, 0.125, 0.125, 0.125, 0.15625, 0.15625, 0.125, 0.125, 0.125, 0.09375, 0.125]
[TRAIN]: (1356/1600): reward: 49.97769581526518, rates: 49.97769564484469, loss: 2.616818928718567, rho: 0.4000000000000001, transmit_actions: 19, P: [0.84375, 0.0, 0.15625, 0.125, 0.125, 0.125, 0.125, 0.125, 0.125, 0.125, 0.125, 0.125, 0.125, 0.125, 0.125, 0.125, 0.125, 0.125, 0.125, 0.125]
[TRAIN]: (1357/1600): reward: 42.88456768728793, rates: 45.88456710229491, loss: 2.8454407691955566, rho: 0.4000000000000001, transmit_actions: 17, P: [0.84375, 0.96875, 0.125, 0.125, 0.125, 0.0625, 0.96875, 0.125, 0.125, 0.5625, 0.125, 0.09375, 0.09375, 0.125, 0.09375, 0.125, 0.125, 0.125, 0.125, 0.09375]
[TRAIN]: (1358/1600): reward: 50.59842134267092, rates: 50.598420994443714, loss: 2.648237919807434, rho: 0.4000000000000001, transmit_actions: 19, P: [0.84375, 0.125, 0.125, 0.0625, 0.15625, 0.125, 0.125, 0.125, 0.125, 0.15625, 0.09375, 0.09375, 0.15625, 0.09375, 0.09375, 0.125, 0.09375, 0.09375, 0.15625, 0.125]
[TRAIN]: (1359/1600): reward: 50.43837920203805, rates: 51.438379719233566, loss: 2.291820800304413, rho: 0.4000000000000001, transmit_actions: 18, P: [0.84375, 1.0, 0.125, 0.125, 0.125, 0.125, 0.15625, 0.125, 0.125, 0.125, 0.15625, 0.15625, 0.15625, 0.15625, 0.15625, 0.15625, 0.15625, 0.15625, 0.15625, 0.125]
[TRAIN]: (1360/1600): reward: 38.49693148955703, rates: 40.49693184433568, loss: 2.7055643081665037, rho: 0.4000000000000001, transmit_actions: 18, P: [0.84375, 0.6875, 0.125, 0.125, 0.125, 0.125, 0.125, 0.125, 0.125, 0.125, 0.28125, 0.71875, 0.15625, 0.125, 0.125, 0.125, 0.15625, 0.09375, 0.0625, 0.125]
[TRAIN]: (1361/1600): reward: 45.7892013117671, rates: 46.7892011736605, loss: 2.744894915819168, rho: 0.4000000000000001, transmit_actions: 18, P: [0.84375, 0.125, 0.84375, 0.125, 0.15625, 0.125, 0.125, 0.125, 0.125, 0.15625, 0.125, 0.125, 0.0625, 0.125, 0.15625, 0.125, 0.125, 0.15625, 0.125, 0.15625]
[TRAIN]: (1362/1600): reward: 46.72359357774258, rates: 47.7235937357961, loss: 2.7047697067260743, rho: 0.4000000000000001, transmit_actions: 18, P: [0.84375, 0.5625, 0.125, 0.125, 0.09375, 0.125, 0.15625, 0.125, 0.125, 0.125, 0.125, 0.0625, 0.09375, 0.0625, 0.09375, 0.125, 0.09375, 0.15625, 0.15625, 0.125]
[TRAIN]: (1363/1600): reward: 35.639479406178, rates: 37.63947972397838, loss: 2.6273658633232118, rho: 0.4000000000000001, transmit_actions: 18, P: [0.84375, 0.125, 0.125, 0.0625, 0.09375, 0.125, 0.125, 0.125, 0.125, 0.125, 0.90625, 0.09375, 0.09375, 0.0625, 0.15625, 0.15625, 0.09375, 0.125, 0.125, 0.0625]
[TRAIN]: (1364/1600): reward: 44.36079243570566, rates: 45.36079258147214, loss: 2.6592869639396666, rho: 0.4000000000000001, transmit_actions: 19, P: [0.84375, 0.28125, 0.125, 0.125, 0.0625, 0.125, 0.125, 0.125, 0.125, 0.125, 0.28125, 0.125, 0.125, 0.125, 0.125, 0.125, 0.15625, 0.0625, 0.15625, 0.15625]
[TRAIN]: (1365/1600): reward: 55.25551687553525, rates: 56.25551707874864, loss: 2.6023507118225098, rho: 0.4000000000000001, transmit_actions: 19, P: [0.84375, 0.0, 0.125, 0.0625, 0.125, 0.28125, 0.15625, 0.125, 0.125, 0.125, 0.15625, 0.15625, 0.09375, 0.125, 0.15625, 0.15625, 0.125, 0.09375, 0.125, 0.125]
[TRAIN]: (1366/1600): reward: 39.94323979318142, rates: 40.94324031782396, loss: 2.5646665692329407, rho: 0.4000000000000001, transmit_actions: 19, P: [0.84375, 0.125, 0.0625, 0.09375, 0.125, 0.125, 0.125, 0.15625, 0.125, 0.125, 0.125, 0.125, 0.125, 0.125, 0.125, 0.125, 0.125, 0.125, 0.15625, 0.125]
[TRAIN]: (1367/1600): reward: 40.75074724853039, rates: 41.75074673515684, loss: 2.4524853765964507, rho: 0.4000000000000001, transmit_actions: 18, P: [0.84375, 0.875, 0.125, 0.0625, 0.125, 0.125, 0.125, 0.15625, 0.125, 0.125, 0.125, 0.125, 0.125, 0.09375, 0.125, 0.09375, 0.125, 0.15625, 0.15625, 0.125]
[TRAIN]: (1368/1600): reward: 43.38657520711422, rates: 45.38657501239083, loss: 2.58668093085289, rho: 0.4000000000000001, transmit_actions: 18, P: [0.84375, 0.84375, 0.125, 0.125, 0.15625, 0.125, 0.15625, 0.0625, 0.15625, 0.125, 0.125, 0.15625, 0.15625, 0.15625, 0.15625, 0.15625, 0.15625, 0.15625, 0.125, 0.15625]
[TRAIN]: (1369/1600): reward: 52.688145607709885, rates: 53.688145782740726, loss: 3.0695000112056734, rho: 0.4000000000000001, transmit_actions: 19, P: [0.84375, 0.125, 0.125, 0.125, 0.09375, 0.28125, 0.125, 0.15625, 0.125, 0.28125, 0.125, 0.15625, 0.125, 0.15625, 0.09375, 0.125, 0.09375, 0.09375, 0.15625, 0.15625]
[TRAIN]: (1370/1600): reward: 47.40028893575072, rates: 47.40028873209979, loss: 2.9774986684322355, rho: 0.4000000000000001, transmit_actions: 19, P: [0.84375, 0.0625, 0.125, 0.125, 0.125, 0.0625, 0.1875, 0.09375, 0.09375, 0.125, 0.125, 0.125, 0.09375, 0.125, 0.125, 0.125, 0.15625, 0.125, 0.125, 0.125]
[TRAIN]: (1371/1600): reward: 48.31364877521992, rates: 50.31364820765827, loss: 2.615608608722687, rho: 0.4000000000000001, transmit_actions: 19, P: [0.84375, 0.125, 0.28125, 0.125, 0.0625, 0.125, 0.125, 0.125, 0.125, 0.125, 0.125, 0.125, 0.125, 0.125, 0.15625, 0.125, 0.125, 0.15625, 0.15625, 0.125]
[TRAIN]: (1372/1600): reward: 41.02876627445221, rates: 43.028766160896545, loss: 2.3117754757404327, rho: 0.4000000000000001, transmit_actions: 19, P: [0.84375, 0.125, 0.0625, 0.125, 0.125, 0.125, 0.125, 0.125, 0.125, 0.125, 0.125, 0.125, 0.125, 0.15625, 0.125, 0.125, 0.125, 0.125, 0.125, 0.15625]
[TRAIN]: (1373/1600): reward: 48.84811580553651, rates: 48.84811564261837, loss: 2.61165811419487, rho: 0.4000000000000001, transmit_actions: 19, P: [0.84375, 0.125, 0.125, 0.125, 0.125, 0.125, 0.125, 0.125, 0.125, 0.125, 0.28125, 0.125, 0.125, 0.125, 0.125, 0.15625, 0.125, 0.125, 0.15625, 0.125]
[TRAIN]: (1374/1600): reward: 34.8380810264498, rates: 37.83808070088523, loss: 3.0243332743644715, rho: 0.4000000000000001, transmit_actions: 19, P: [0.84375, 0.125, 0.125, 0.125, 0.125, 0.125, 0.125, 0.125, 0.125, 0.125, 0.125, 0.125, 0.125, 0.125, 0.125, 0.125, 0.09375, 0.125, 0.125, 0.125]
[TRAIN]: (1375/1600): reward: 38.63147858157754, rates: 41.63147856777001, loss: 2.76659899353981, rho: 0.4000000000000001, transmit_actions: 19, P: [0.84375, 0.125, 0.125, 0.125, 0.125, 0.125, 0.125, 0.375, 0.125, 0.125, 0.09375, 0.125, 0.15625, 0.125, 0.0625, 0.15625, 0.09375, 0.15625, 0.09375, 0.09375]
[TRAIN]: (1376/1600): reward: 41.668822756037116, rates: 43.66882279232902, loss: 2.8989162862300875, rho: 0.4000000000000001, transmit_actions: 19, P: [0.84375, 0.34375, 0.15625, 0.125, 0.125, 0.09375, 0.09375, 0.125, 0.125, 0.125, 0.15625, 0.125, 0.125, 0.15625, 0.15625, 0.09375, 0.125, 0.15625, 0.125, 0.15625]
[TRAIN]: (1377/1600): reward: 46.30068812891841, rates: 48.30068768062466, loss: 2.4537290036678314, rho: 0.4000000000000001, transmit_actions: 19, P: [0.84375, 0.125, 0.15625, 0.125, 0.125, 0.125, 0.125, 0.125, 0.125, 0.125, 0.375, 0.15625, 0.125, 0.15625, 0.125, 0.125, 0.15625, 0.15625, 0.09375, 0.15625]
[TRAIN]: (1378/1600): reward: 49.07383894175291, rates: 50.07383962853441, loss: 2.5394498467445374, rho: 0.4000000000000001, transmit_actions: 19, P: [0.84375, 0.125, 0.125, 0.125, 0.125, 0.15625, 0.125, 0.125, 0.125, 0.125, 0.125, 0.125, 0.125, 0.15625, 0.15625, 0.09375, 0.125, 0.125, 0.15625, 0.15625]
[TRAIN]: (1379/1600): reward: 50.76352961733937, rates: 50.763531039344606, loss: 2.5855379700660706, rho: 0.4000000000000001, transmit_actions: 19, P: [0.84375, 0.125, 0.125, 0.125, 0.125, 0.125, 0.125, 0.09375, 0.125, 0.125, 0.125, 0.15625, 0.09375, 0.125, 0.125, 0.15625, 0.125, 0.125, 0.125, 0.09375]
[TRAIN]: (1380/1600): reward: 43.54681508988142, rates: 45.546814889518494, loss: 2.435354620218277, rho: 0.4000000000000001, transmit_actions: 19, P: [0.84375, 0.125, 0.125, 0.125, 0.125, 0.125, 0.125, 0.125, 0.125, 0.125, 0.125, 0.125, 0.15625, 0.15625, 0.15625, 0.125, 0.15625, 0.125, 0.125, 0.15625]
[TRAIN]: (1381/1600): reward: 34.09043557010591, rates: 36.09043495243363, loss: 2.623879238963127, rho: 0.4000000000000001, transmit_actions: 17, P: [0.84375, 0.84375, 0.125, 0.125, 0.125, 0.125, 0.125, 0.125, 0.125, 0.125, 0.59375, 0.09375, 0.15625, 0.09375, 0.09375, 0.125, 0.125, 0.125, 0.15625, 0.125]
[TRAIN]: (1382/1600): reward: 46.31400401517749, rates: 47.31400462789212, loss: 2.7067103326320647, rho: 0.4000000000000001, transmit_actions: 19, P: [0.84375, 0.125, 0.125, 0.125, 0.125, 0.125, 0.125, 0.15625, 0.125, 0.1875, 0.125, 0.09375, 0.09375, 0.15625, 0.15625, 0.09375, 0.125, 0.125, 0.09375, 0.125]
[TRAIN]: (1383/1600): reward: 49.561926014721394, rates: 49.561926159318794, loss: 2.4995080798864366, rho: 0.4000000000000001, transmit_actions: 18, P: [0.84375, 0.84375, 0.09375, 0.09375, 0.09375, 0.125, 0.125, 0.125, 0.125, 0.125, 0.125, 0.125, 0.09375, 0.125, 0.15625, 0.15625, 0.15625, 0.15625, 0.15625, 0.125]
[TRAIN]: (1384/1600): reward: 39.013959132134914, rates: 42.01395873790039, loss: 2.5561838150024414, rho: 0.4000000000000001, transmit_actions: 17, P: [0.84375, 0.84375, 0.1875, 0.09375, 0.125, 0.125, 0.125, 0.1875, 0.09375, 0.125, 0.125, 0.125, 0.125, 0.09375, 0.09375, 0.125, 0.125, 0.125, 0.09375, 0.09375]
[TRAIN]: (1385/1600): reward: 48.52292653918266, rates: 49.52292672712529, loss: 2.870110994577408, rho: 0.4000000000000001, transmit_actions: 18, P: [0.84375, 0.84375, 0.125, 0.125, 0.125, 0.125, 0.125, 0.09375, 0.1875, 0.125, 0.125, 0.125, 0.125, 0.09375, 0.09375, 0.125, 0.125, 0.125, 0.09375, 0.09375]
[TRAIN]: (1386/1600): reward: 41.95266616344452, rates: 42.95266624668596, loss: 2.5526876628398893, rho: 0.4000000000000001, transmit_actions: 18, P: [0.84375, 0.125, 0.125, 0.5625, 0.125, 0.125, 0.125, 0.125, 0.125, 0.125, 0.125, 0.875, 0.125, 0.09375, 0.125, 0.09375, 0.125, 0.09375, 0.125, 0.09375]
[TRAIN]: (1387/1600): reward: 44.41180581599474, rates: 45.411805708874844, loss: 2.308895695209503, rho: 0.4000000000000001, transmit_actions: 19, P: [0.84375, 0.125, 0.125, 0.125, 0.125, 0.125, 0.125, 0.125, 0.125, 0.125, 0.1875, 0.8125, 0.125, 0.09375, 0.09375, 0.125, 0.125, 0.125, 0.125, 0.09375]
[TRAIN]: (1388/1600): reward: 50.573948949575424, rates: 50.57394908505213, loss: 2.742460161447525, rho: 0.4000000000000001, transmit_actions: 19, P: [0.84375, 0.125, 0.125, 0.125, 0.125, 0.125, 0.125, 0.125, 0.125, 0.125, 0.1875, 0.125, 0.09375, 0.125, 0.125, 0.125, 0.125, 0.09375, 0.125, 0.125]
[TRAIN]: (1389/1600): reward: 44.771838650107384, rates: 44.771838173003864, loss: 2.5523252904415132, rho: 0.4000000000000001, transmit_actions: 18, P: [0.84375, 0.96875, 0.125, 0.125, 0.125, 0.125, 0.125, 0.125, 0.125, 0.125, 0.125, 0.09375, 0.125, 0.125, 0.125, 0.125, 0.125, 0.09375, 0.125, 0.15625]
[TRAIN]: (1390/1600): reward: 48.66030430048704, rates: 48.660303583499825, loss: 2.708001744747162, rho: 0.4000000000000001, transmit_actions: 19, P: [0.84375, 0.125, 0.125, 0.09375, 0.09375, 0.09375, 0.125, 0.09375, 0.09375, 0.125, 0.125, 0.15625, 0.125, 0.09375, 0.09375, 0.15625, 0.125, 0.09375, 0.125, 0.125]
[TRAIN]: (1391/1600): reward: 39.17313842475414, rates: 41.1731389024776, loss: 2.552851676940918, rho: 0.4000000000000001, transmit_actions: 19, P: [0.84375, 0.125, 0.0625, 0.125, 0.125, 0.125, 0.125, 0.125, 0.125, 0.125, 0.125, 0.125, 0.125, 0.15625, 0.125, 0.125, 0.09375, 0.125, 0.125, 0.09375]
[TRAIN]: (1392/1600): reward: 46.91503702942282, rates: 46.91503682012387, loss: 2.321653866767883, rho: 0.4000000000000001, transmit_actions: 18, P: [0.84375, 1.0, 0.125, 0.125, 0.125, 0.125, 0.125, 0.125, 0.125, 0.125, 0.125, 0.125, 0.125, 0.0625, 0.125, 0.0625, 0.125, 0.125, 0.125, 0.125]
[TRAIN]: (1393/1600): reward: 47.972278486937284, rates: 47.97227816203071, loss: 2.781927353143692, rho: 0.4000000000000001, transmit_actions: 18, P: [0.84375, 0.84375, 0.125, 0.125, 0.125, 0.125, 0.125, 0.0625, 0.125, 0.1875, 0.125, 0.09375, 0.125, 0.09375, 0.125, 0.09375, 0.125, 0.09375, 0.125, 0.09375]
[TRAIN]: (1394/1600): reward: 44.589777294546366, rates: 45.5897766697443, loss: 2.706120890378952, rho: 0.4000000000000001, transmit_actions: 19, P: [0.84375, 0.125, 0.09375, 0.125, 0.09375, 0.125, 0.15625, 0.125, 0.125, 0.125, 0.15625, 0.125, 0.125, 0.09375, 0.15625, 0.15625, 0.125, 0.125, 0.15625, 0.125]
[TRAIN]: (1395/1600): reward: 49.40722827240825, rates: 49.40722873590168, loss: 2.495520406961441, rho: 0.4000000000000001, transmit_actions: 19, P: [0.84375, 0.125, 0.125, 0.125, 0.125, 0.125, 0.09375, 0.125, 0.125, 0.09375, 0.09375, 0.15625, 0.15625, 0.09375, 0.125, 0.15625, 0.15625, 0.125, 0.125, 0.125]
[TRAIN]: (1396/1600): reward: 46.90437775850296, rates: 46.90437799952908, loss: 2.6358650267124175, rho: 0.4000000000000001, transmit_actions: 19, P: [0.84375, 0.125, 0.15625, 0.125, 0.125, 0.125, 0.15625, 0.125, 0.09375, 0.15625, 0.125, 0.125, 0.15625, 0.125, 0.09375, 0.125, 0.125, 0.125, 0.125, 0.125]
[TRAIN]: (1397/1600): reward: 47.06646420201287, rates: 48.06646443610798, loss: 2.3273153066635133, rho: 0.4000000000000001, transmit_actions: 19, P: [0.84375, 0.125, 0.125, 0.15625, 0.15625, 0.125, 0.125, 0.125, 0.125, 0.15625, 0.125, 0.09375, 0.15625, 0.125, 0.125, 0.125, 0.09375, 0.15625, 0.125, 0.125]
[TRAIN]: (1398/1600): reward: 40.463338900357485, rates: 42.46333901616716, loss: 2.6625782668590547, rho: 0.4000000000000001, transmit_actions: 18, P: [0.84375, 0.875, 0.125, 0.125, 0.125, 0.125, 0.125, 0.09375, 0.125, 0.125, 0.125, 0.125, 0.125, 0.125, 0.125, 0.125, 0.125, 0.125, 0.125, 0.15625]
[TRAIN]: (1399/1600): reward: 48.626698926091194, rates: 48.626698442125274, loss: 2.7720972418785097, rho: 0.4000000000000001, transmit_actions: 18, P: [0.84375, 0.84375, 0.125, 0.125, 0.125, 0.125, 0.125, 0.125, 0.125, 0.125, 0.125, 0.15625, 0.125, 0.125, 0.09375, 0.125, 0.125, 0.125, 0.125, 0.15625]
[TRAIN]: (1400/1600): reward: 44.590400733053684, rates: 45.59040059128095, loss: 2.8097291469573973, rho: 0.4000000000000001, transmit_actions: 18, P: [0.84375, 0.875, 0.125, 0.15625, 0.125, 0.125, 0.125, 0.125, 0.125, 0.125, 0.125, 0.125, 0.125, 0.125, 0.125, 0.125, 0.125, 0.125, 0.09375, 0.125]
[TRAIN]: (1401/1600): reward: 38.96788975596428, rates: 41.96788995163333, loss: 2.7570620238780976, rho: 0.4000000000000001, transmit_actions: 19, P: [0.84375, 0.125, 0.1875, 0.1875, 0.125, 0.09375, 0.125, 0.125, 0.125, 0.125, 0.125, 0.125, 0.125, 0.09375, 0.125, 0.125, 0.15625, 0.125, 0.125, 0.5625]
[TRAIN]: (1402/1600): reward: 47.57491231523454, rates: 48.574913261975446, loss: 2.930185544490814, rho: 0.4000000000000001, transmit_actions: 18, P: [0.84375, 0.84375, 0.0625, 0.125, 0.40625, 0.15625, 0.125, 0.09375, 0.125, 0.125, 0.125, 0.09375, 0.15625, 0.09375, 0.15625, 0.15625, 0.125, 0.125, 0.09375, 0.09375]
[TRAIN]: (1403/1600): reward: 46.386167250573635, rates: 47.38616754559099, loss: 2.41194606423378, rho: 0.4000000000000001, transmit_actions: 19, P: [0.84375, 0.125, 0.125, 0.125, 0.15625, 0.125, 0.125, 0.09375, 0.125, 0.125, 0.125, 0.125, 0.09375, 0.125, 0.125, 0.125, 0.125, 0.09375, 0.125, 0.125]
[TRAIN]: (1404/1600): reward: 47.29579918459058, rates: 47.295799875418595, loss: 2.581536602973938, rho: 0.4000000000000001, transmit_actions: 19, P: [0.84375, 0.125, 0.125, 0.125, 0.125, 0.125, 0.125, 0.125, 0.125, 0.0625, 0.125, 0.125, 0.09375, 0.09375, 0.125, 0.09375, 0.125, 0.15625, 0.09375, 0.09375]
[TRAIN]: (1405/1600): reward: 50.000333994627, rates: 50.00033410735067, loss: 2.6041358768939973, rho: 0.4000000000000001, transmit_actions: 18, P: [0.84375, 0.84375, 0.125, 0.125, 0.125, 0.125, 0.25, 0.125, 0.125, 0.125, 0.125, 0.09375, 0.125, 0.125, 0.125, 0.125, 0.125, 0.125, 0.125, 0.09375]
[TRAIN]: (1406/1600): reward: 41.58675213158131, rates: 42.58675150929257, loss: 3.071853846311569, rho: 0.4000000000000001, transmit_actions: 18, P: [0.84375, 0.84375, 0.125, 0.125, 0.125, 0.125, 0.125, 0.1875, 0.125, 0.125, 0.125, 0.15625, 0.125, 0.15625, 0.125, 0.125, 0.125, 0.15625, 0.125, 0.125]
[TRAIN]: (1407/1600): reward: 45.29182725213468, rates: 46.29182649508497, loss: 2.8800838589668274, rho: 0.4000000000000001, transmit_actions: 19, P: [0.84375, 0.125, 0.125, 0.125, 0.125, 0.125, 0.125, 0.125, 0.125, 0.125, 0.125, 0.09375, 0.125, 0.125, 0.125, 0.125, 0.09375, 0.125, 0.125, 0.15625]
[TRAIN]: (1408/1600): reward: 48.45182066783309, rates: 48.45182055155869, loss: 2.7234318256378174, rho: 0.4000000000000001, transmit_actions: 19, P: [0.84375, 0.125, 0.15625, 0.125, 0.125, 0.125, 0.125, 0.125, 0.1875, 0.125, 0.125, 0.125, 0.125, 0.125, 0.125, 0.125, 0.15625, 0.09375, 0.0625, 0.125]
[TRAIN]: (1409/1600): reward: 53.916954066604376, rates: 53.916953987614306, loss: 2.715731954574585, rho: 0.4000000000000001, transmit_actions: 19, P: [0.84375, 0.125, 0.125, 0.125, 0.125, 0.125, 0.125, 0.125, 0.125, 0.125, 0.125, 0.125, 0.125, 0.125, 0.125, 0.15625, 0.125, 0.125, 0.125, 0.125]
[TRAIN]: (1410/1600): reward: 39.06434477865696, rates: 41.064344470031564, loss: 2.848570680618286, rho: 0.4000000000000001, transmit_actions: 19, P: [0.84375, 0.125, 0.125, 0.125, 0.125, 0.125, 0.125, 0.125, 0.125, 0.125, 0.0625, 0.125, 0.125, 0.15625, 0.125, 0.125, 0.125, 0.125, 0.125, 0.125]
[TRAIN]: (1411/1600): reward: 55.504090055823326, rates: 55.50409037698504, loss: 2.750317966938019, rho: 0.4000000000000001, transmit_actions: 18, P: [0.84375, 0.84375, 0.125, 0.125, 0.125, 0.125, 0.125, 0.125, 0.125, 0.125, 0.125, 0.125, 0.09375, 0.125, 0.125, 0.125, 0.125, 0.125, 0.125, 0.09375]
[TRAIN]: (1412/1600): reward: 47.127660889178514, rates: 49.1276609033053, loss: 3.0681181609630586, rho: 0.4000000000000001, transmit_actions: 19, P: [0.84375, 0.125, 1.0, 0.125, 0.125, 0.125, 0.125, 0.125, 0.125, 0.125, 0.125, 0.125, 0.125, 0.125, 0.15625, 0.125, 0.125, 0.09375, 0.09375, 0.15625]
[TRAIN]: (1413/1600): reward: 50.39544369839132, rates: 50.39544453101797, loss: 2.391787749528885, rho: 0.4000000000000001, transmit_actions: 18, P: [0.84375, 0.875, 0.125, 0.125, 0.125, 0.15625, 0.125, 0.125, 0.125, 0.125, 0.125, 0.09375, 0.125, 0.125, 0.125, 0.125, 0.125, 0.125, 0.125, 0.15625]
[TRAIN]: (1414/1600): reward: 42.809862941503525, rates: 43.80986281746775, loss: 2.368952828645706, rho: 0.4000000000000001, transmit_actions: 18, P: [0.84375, 0.9375, 0.125, 0.125, 0.125, 0.15625, 0.125, 0.125, 0.125, 0.125, 0.125, 0.125, 0.09375, 0.15625, 0.125, 0.09375, 0.09375, 0.09375, 0.125, 0.15625]
[TRAIN]: (1415/1600): reward: 45.09609105810523, rates: 47.096091423791755, loss: 2.732857894897461, rho: 0.4000000000000001, transmit_actions: 18, P: [0.84375, 0.84375, 0.125, 0.125, 0.125, 0.125, 0.125, 0.125, 0.78125, 0.15625, 0.1875, 0.125, 0.15625, 0.125, 0.125, 0.125, 0.125, 0.125, 0.125, 0.125]
[TRAIN]: (1416/1600): reward: 51.626596830785275, rates: 51.62659684940773, loss: 2.519354557991028, rho: 0.4000000000000001, transmit_actions: 19, P: [0.84375, 0.125, 0.15625, 0.125, 0.125, 0.125, 0.125, 0.125, 0.125, 0.125, 0.15625, 0.15625, 0.125, 0.125, 0.15625, 0.15625, 0.15625, 0.125, 0.15625, 0.125]
[TRAIN]: (1417/1600): reward: 48.38226711563766, rates: 48.38226723201112, loss: 2.6832778573036196, rho: 0.4000000000000001, transmit_actions: 17, P: [0.84375, 0.90625, 0.875, 0.125, 0.125, 0.125, 0.15625, 0.125, 0.125, 0.125, 0.125, 0.125, 0.125, 0.15625, 0.09375, 0.09375, 0.15625, 0.125, 0.09375, 0.125]
[TRAIN]: (1418/1600): reward: 49.45821846742183, rates: 49.4582180087989, loss: 2.724041247367859, rho: 0.4000000000000001, transmit_actions: 19, P: [0.84375, 0.125, 0.125, 0.09375, 0.125, 0.125, 0.125, 0.125, 0.125, 0.125, 0.125, 0.125, 0.125, 0.125, 0.15625, 0.125, 0.0625, 0.15625, 0.1875, 0.125]
[TRAIN]: (1419/1600): reward: 48.5749795474112, rates: 49.5749791541502, loss: 2.974672144651413, rho: 0.4000000000000001, transmit_actions: 18, P: [0.84375, 0.90625, 0.125, 0.125, 0.125, 0.125, 0.125, 0.0625, 0.1875, 0.125, 0.125, 0.125, 0.125, 0.125, 0.125, 0.125, 0.125, 0.125, 0.125, 0.125]
[TRAIN]: (1420/1600): reward: 44.0446735098958, rates: 46.04467337364933, loss: 2.639091023802757, rho: 0.4000000000000001, transmit_actions: 19, P: [0.84375, 0.1875, 0.125, 0.1875, 0.125, 0.1875, 0.125, 0.0625, 0.125, 0.125, 0.125, 0.0625, 0.15625, 0.125, 0.125, 0.15625, 0.15625, 0.125, 0.15625, 0.125]
[TRAIN]: (1421/1600): reward: 37.810638803988695, rates: 39.810639200044776, loss: 2.8656856536865236, rho: 0.4000000000000001, transmit_actions: 19, P: [0.84375, 0.125, 0.125, 0.125, 0.0625, 0.125, 0.125, 0.125, 0.125, 0.125, 0.125, 0.125, 0.15625, 0.125, 0.125, 0.15625, 0.125, 0.1875, 0.1875, 0.125]
[TRAIN]: (1422/1600): reward: 50.571510907262564, rates: 51.57151088195279, loss: 2.5923540949821473, rho: 0.4000000000000001, transmit_actions: 18, P: [0.84375, 0.875, 0.1875, 0.125, 0.1875, 0.125, 0.125, 0.125, 0.125, 0.125, 0.125, 0.125, 0.125, 0.15625, 0.125, 0.125, 0.125, 0.15625, 0.15625, 0.125]
[TRAIN]: (1423/1600): reward: 40.680900648236275, rates: 43.68090020672794, loss: 2.821271079778671, rho: 0.4000000000000001, transmit_actions: 18, P: [0.84375, 0.875, 0.1875, 0.125, 0.125, 0.125, 0.125, 0.125, 0.15625, 0.125, 0.125, 0.125, 0.09375, 0.15625, 0.15625, 0.09375, 0.15625, 0.125, 0.09375, 0.15625]
[TRAIN]: (1424/1600): reward: 52.31816756352782, rates: 52.31816758661738, loss: 2.8642166167497636, rho: 0.4000000000000001, transmit_actions: 18, P: [0.84375, 0.875, 0.1875, 0.09375, 0.125, 0.125, 0.125, 0.125, 0.125, 0.15625, 0.09375, 0.09375, 0.09375, 0.125, 0.125, 0.125, 0.125, 0.125, 0.15625, 0.125]
[TRAIN]: (1425/1600): reward: 48.25268987379968, rates: 48.25268951410197, loss: 2.801803630590439, rho: 0.4000000000000001, transmit_actions: 19, P: [0.84375, 0.125, 0.125, 0.125, 0.125, 0.125, 0.125, 0.125, 0.1875, 0.125, 0.1875, 0.09375, 0.09375, 0.15625, 0.125, 0.125, 0.09375, 0.09375, 0.125, 0.15625]
[TRAIN]: (1426/1600): reward: 51.643154352903366, rates: 51.64315473855689, loss: 2.9412374794483185, rho: 0.4000000000000001, transmit_actions: 19, P: [0.84375, 0.0, 0.125, 0.15625, 0.125, 0.125, 0.125, 0.125, 0.125, 0.125, 0.125, 0.125, 0.125, 0.09375, 0.125, 0.09375, 0.125, 0.09375, 0.125, 0.15625]
[TRAIN]: (1427/1600): reward: 49.11223713867366, rates: 49.112237613652496, loss: 2.5004257559776306, rho: 0.4000000000000001, transmit_actions: 19, P: [0.84375, 0.125, 0.125, 0.125, 0.125, 0.125, 0.125, 0.125, 0.125, 0.125, 0.125, 0.125, 0.125, 0.15625, 0.09375, 0.125, 0.125, 0.15625, 0.15625, 0.125]
[TRAIN]: (1428/1600): reward: 43.70826714579016, rates: 44.70826767524528, loss: 2.894917780160904, rho: 0.4000000000000001, transmit_actions: 19, P: [0.84375, 0.125, 0.125, 0.125, 0.125, 0.125, 0.125, 0.125, 0.125, 0.125, 0.125, 0.125, 0.15625, 0.125, 0.125, 0.125, 0.15625, 0.09375, 0.125, 0.125]
[TRAIN]: (1429/1600): reward: 47.91193360090256, rates: 48.91193391309456, loss: 2.7315974950790407, rho: 0.4000000000000001, transmit_actions: 19, P: [0.84375, 0.125, 0.125, 0.125, 0.125, 0.125, 0.125, 0.125, 0.125, 0.125, 0.125, 0.125, 0.125, 0.125, 0.125, 0.125, 0.125, 0.125, 0.15625, 0.15625]
[TRAIN]: (1430/1600): reward: 38.28890703059733, rates: 41.28890732029753, loss: 2.797730267047882, rho: 0.4000000000000001, transmit_actions: 18, P: [0.84375, 0.125, 0.125, 0.125, 0.125, 0.125, 0.15625, 0.125, 0.125, 0.125, 0.125, 0.125, 0.125, 0.15625, 0.125, 0.125, 0.125, 0.09375, 0.125, 0.09375]
[TRAIN]: (1431/1600): reward: 48.21990602836013, rates: 48.21990598933116, loss: 3.08635328412056, rho: 0.4000000000000001, transmit_actions: 19, P: [0.84375, 0.125, 0.125, 0.125, 0.125, 0.125, 0.125, 0.125, 0.125, 0.125, 0.125, 0.09375, 0.09375, 0.125, 0.125, 0.125, 0.125, 0.09375, 0.125, 0.125]
[TRAIN]: (1432/1600): reward: 49.69710187986493, rates: 49.69710135115168, loss: 2.824682915210724, rho: 0.4000000000000001, transmit_actions: 18, P: [0.84375, 0.84375, 0.125, 0.125, 0.125, 0.125, 0.125, 0.125, 0.125, 0.125, 0.125, 0.15625, 0.125, 0.125, 0.125, 0.125, 0.125, 0.125, 0.09375, 0.15625]
[TRAIN]: (1433/1600): reward: 39.882805712521076, rates: 41.88280593896788, loss: 2.824505627155304, rho: 0.4000000000000001, transmit_actions: 19, P: [0.84375, 0.125, 0.125, 0.125, 0.125, 0.125, 0.125, 0.125, 0.125, 0.125, 0.125, 0.125, 0.125, 0.125, 0.125, 0.125, 0.15625, 0.09375, 0.125, 0.15625]
[TRAIN]: (1434/1600): reward: 48.28453179448843, rates: 48.28453126436168, loss: 2.865458196401596, rho: 0.4000000000000001, transmit_actions: 18, P: [0.84375, 0.84375, 0.125, 0.125, 0.125, 0.125, 0.09375, 0.09375, 0.125, 0.1875, 0.09375, 0.09375, 0.09375, 0.09375, 0.125, 0.09375, 0.125, 0.125, 0.09375, 0.125]
[TRAIN]: (1435/1600): reward: 48.304338552989066, rates: 48.304339004879424, loss: 2.9238717555999756, rho: 0.4000000000000001, transmit_actions: 19, P: [0.84375, 0.125, 0.125, 0.125, 0.125, 0.125, 0.15625, 0.125, 0.125, 0.125, 0.125, 0.125, 0.125, 0.125, 0.15625, 0.125, 0.125, 0.125, 0.125, 0.125]
[TRAIN]: (1436/1600): reward: 45.49889520928264, rates: 47.498894908740375, loss: 2.368045634031296, rho: 0.4000000000000001, transmit_actions: 17, P: [0.84375, 0.84375, 0.125, 0.125, 0.125, 0.75, 0.125, 0.125, 0.125, 0.125, 0.125, 0.125, 0.125, 0.125, 0.125, 0.125, 0.15625, 0.125, 0.125, 0.125]
[TRAIN]: (1437/1600): reward: 39.47076944634318, rates: 40.47076986885307, loss: 2.753721982240677, rho: 0.4000000000000001, transmit_actions: 18, P: [0.84375, 0.84375, 0.125, 0.125, 0.125, 0.125, 0.125, 0.125, 0.125, 0.125, 0.125, 0.125, 0.125, 0.125, 0.125, 0.125, 0.125, 0.125, 0.125, 0.15625]
[TRAIN]: (1438/1600): reward: 48.596527490764856, rates: 48.59652704980535, loss: 2.7615169048309327, rho: 0.4000000000000001, transmit_actions: 19, P: [0.84375, 0.0, 0.125, 0.125, 0.15625, 0.125, 0.125, 0.125, 0.125, 0.15625, 0.125, 0.125, 0.15625, 0.125, 0.125, 0.125, 0.125, 0.15625, 0.125, 0.15625]
[TRAIN]: (1439/1600): reward: 48.0803794413805, rates: 48.0803797869264, loss: 3.00522118806839, rho: 0.4000000000000001, transmit_actions: 19, P: [0.84375, 0.125, 0.125, 0.125, 0.125, 0.125, 0.125, 0.125, 0.125, 0.15625, 0.125, 0.09375, 0.125, 0.125, 0.125, 0.15625, 0.15625, 0.125, 0.125, 0.125]
[TRAIN]: (1440/1600): reward: 48.566285997629166, rates: 49.566285715403154, loss: 2.825081765651703, rho: 0.4000000000000001, transmit_actions: 19, P: [0.84375, 0.125, 0.125, 0.09375, 0.28125, 0.15625, 0.125, 0.125, 0.125, 0.125, 0.125, 0.125, 0.125, 0.125, 0.09375, 0.125, 0.125, 0.125, 0.125, 0.125]
[TRAIN]: (1441/1600): reward: 48.77385755814612, rates: 48.77385731979522, loss: 2.7412910044193266, rho: 0.4000000000000001, transmit_actions: 19, P: [0.84375, 0.125, 0.125, 0.125, 0.15625, 0.125, 0.125, 0.15625, 0.125, 0.125, 0.125, 0.15625, 0.09375, 0.125, 0.09375, 0.09375, 0.09375, 0.125, 0.125, 0.15625]
[TRAIN]: (1442/1600): reward: 49.21581569314003, rates: 49.21581567753435, loss: 3.0213846027851106, rho: 0.4000000000000001, transmit_actions: 19, P: [0.84375, 0.125, 0.125, 0.125, 0.15625, 0.09375, 0.125, 0.09375, 0.125, 0.125, 0.125, 0.15625, 0.15625, 0.09375, 0.15625, 0.09375, 0.15625, 0.09375, 0.09375, 0.09375]
[TRAIN]: (1443/1600): reward: 52.94658298045397, rates: 52.94658314571572, loss: 2.6516497135162354, rho: 0.4000000000000001, transmit_actions: 19, P: [0.84375, 0.125, 0.125, 0.125, 0.125, 0.125, 0.125, 0.125, 0.125, 0.125, 0.125, 0.125, 0.125, 0.125, 0.09375, 0.125, 0.125, 0.125, 0.125, 0.125]
[TRAIN]: (1444/1600): reward: 47.43180330097675, rates: 48.43180340746683, loss: 2.4411253929138184, rho: 0.4000000000000001, transmit_actions: 19, P: [0.84375, 0.125, 0.125, 0.6875, 0.15625, 0.125, 0.15625, 0.125, 0.125, 0.125, 0.125, 0.09375, 0.09375, 0.09375, 0.125, 0.15625, 0.15625, 0.09375, 0.125, 0.125]
[TRAIN]: (1445/1600): reward: 46.52511429786682, rates: 46.5251146529552, loss: 2.512014791369438, rho: 0.4000000000000001, transmit_actions: 19, P: [0.84375, 0.0, 0.125, 0.125, 0.125, 0.125, 0.125, 0.09375, 0.125, 0.125, 0.125, 0.125, 0.125, 0.125, 0.09375, 0.125, 0.125, 0.125, 0.09375, 0.09375]
[TRAIN]: (1446/1600): reward: 45.981343041174114, rates: 46.98134387221799, loss: 2.714671117067337, rho: 0.4000000000000001, transmit_actions: 19, P: [0.84375, 0.125, 0.09375, 0.1875, 0.125, 0.125, 0.125, 0.09375, 0.125, 0.125, 0.125, 0.15625, 0.125, 0.15625, 0.09375, 0.09375, 0.09375, 0.125, 0.125, 0.15625]
[TRAIN]: (1447/1600): reward: 51.08807948231697, rates: 51.08807972502119, loss: 2.986533010005951, rho: 0.4000000000000001, transmit_actions: 19, P: [0.84375, 0.125, 0.125, 0.09375, 0.1875, 0.09375, 0.09375, 0.125, 0.125, 0.125, 0.1875, 0.09375, 0.15625, 0.125, 0.15625, 0.125, 0.15625, 0.15625, 0.09375, 0.125]
[TRAIN]: (1448/1600): reward: 46.67115706205368, rates: 47.67115642438693, loss: 2.8179055571556093, rho: 0.4000000000000001, transmit_actions: 17, P: [0.84375, 0.625, 0.84375, 0.90625, 0.125, 0.125, 0.125, 0.125, 0.125, 0.125, 0.125, 0.125, 0.125, 0.125, 0.125, 0.125, 0.125, 0.15625, 0.125, 0.125]
[TRAIN]: (1449/1600): reward: 48.1084186732769, rates: 50.10841849076547, loss: 2.6168064773082733, rho: 0.4000000000000001, transmit_actions: 18, P: [0.84375, 0.84375, 0.1875, 0.125, 0.15625, 0.125, 0.125, 0.125, 0.15625, 0.125, 0.09375, 0.125, 0.15625, 0.15625, 0.15625, 0.125, 0.125, 0.125, 0.125, 0.09375]
[TRAIN]: (1450/1600): reward: 50.5551266039256, rates: 51.555127226826414, loss: 2.663651889562607, rho: 0.4000000000000001, transmit_actions: 19, P: [0.84375, 0.125, 0.125, 0.125, 0.125, 0.125, 0.125, 0.125, 0.125, 0.1875, 0.125, 0.125, 0.09375, 0.125, 0.125, 0.125, 0.09375, 0.125, 0.125, 0.15625]
[TRAIN]: (1451/1600): reward: 49.38634588569403, rates: 49.386345466708946, loss: 3.2001372039318086, rho: 0.4000000000000001, transmit_actions: 19, P: [0.84375, 0.125, 0.125, 0.09375, 0.125, 0.125, 0.125, 0.125, 0.125, 0.125, 0.125, 0.125, 0.09375, 0.15625, 0.125, 0.125, 0.15625, 0.125, 0.125, 0.15625]
[TRAIN]: (1452/1600): reward: 47.7114723585546, rates: 47.71147186174309, loss: 3.1608073353767394, rho: 0.4000000000000001, transmit_actions: 19, P: [0.84375, 0.125, 0.125, 0.125, 0.125, 0.125, 0.125, 0.125, 0.125, 0.125, 0.125, 0.125, 0.125, 0.125, 0.125, 0.125, 0.09375, 0.09375, 0.09375, 0.0625]
[TRAIN]: (1453/1600): reward: 49.07882480323315, rates: 49.078825163592846, loss: 2.79559006690979, rho: 0.4000000000000001, transmit_actions: 19, P: [0.84375, 0.125, 0.125, 0.125, 0.125, 0.125, 0.125, 0.125, 0.125, 0.125, 0.125, 0.125, 0.125, 0.0625, 0.0625, 0.125, 0.125, 0.15625, 0.125, 0.0625]
[TRAIN]: (1454/1600): reward: 41.400718063116074, rates: 43.40071836780981, loss: 2.871396243572235, rho: 0.4000000000000001, transmit_actions: 19, P: [0.84375, 0.125, 0.125, 0.125, 0.125, 0.0625, 0.125, 0.125, 0.125, 0.15625, 0.125, 0.125, 0.15625, 0.125, 0.125, 0.125, 0.125, 0.15625, 0.125, 0.125]
[TRAIN]: (1455/1600): reward: 48.13149903714657, rates: 49.13149907887875, loss: 3.101403510570526, rho: 0.4000000000000001, transmit_actions: 19, P: [0.84375, 0.125, 0.125, 0.125, 0.125, 0.125, 0.1875, 0.1875, 0.125, 0.125, 0.125, 0.0625, 0.125, 0.125, 0.125, 0.125, 0.125, 0.125, 0.125, 0.15625]
[TRAIN]: (1456/1600): reward: 51.063446402549744, rates: 52.063446687771695, loss: 2.781695359945297, rho: 0.4000000000000001, transmit_actions: 19, P: [0.84375, 0.125, 0.125, 0.125, 0.125, 0.0625, 0.625, 0.125, 0.125, 0.1875, 0.1875, 0.09375, 0.125, 0.09375, 0.125, 0.125, 0.15625, 0.125, 0.125, 0.125]
[TRAIN]: (1457/1600): reward: 35.69348146021366, rates: 37.69348088543358, loss: 2.6098711490631104, rho: 0.4000000000000001, transmit_actions: 19, P: [0.84375, 0.0, 0.1875, 0.125, 0.1875, 0.125, 0.125, 0.125, 0.125, 0.125, 0.1875, 0.125, 0.125, 0.125, 0.09375, 0.125, 0.125, 0.0625, 0.125, 0.125]
[TRAIN]: (1458/1600): reward: 47.84627541154623, rates: 49.846275583926904, loss: 3.1054203510284424, rho: 0.4000000000000001, transmit_actions: 19, P: [0.84375, 0.125, 0.125, 0.125, 0.125, 0.125, 0.125, 0.125, 0.125, 0.125, 0.125, 0.125, 0.125, 0.125, 0.15625, 0.125, 0.125, 0.125, 0.125, 0.125]
[TRAIN]: (1459/1600): reward: 46.81678331270814, rates: 47.81678406481081, loss: 2.8977753043174745, rho: 0.4000000000000001, transmit_actions: 18, P: [0.84375, 0.84375, 0.125, 0.125, 0.40625, 0.1875, 0.125, 0.125, 0.0625, 0.0625, 0.0625, 0.125, 0.125, 0.125, 0.09375, 0.125, 0.125, 0.15625, 0.125, 0.15625]
[TRAIN]: (1460/1600): reward: 44.13962933048606, rates: 46.13962892717743, loss: 3.135602903366089, rho: 0.4000000000000001, transmit_actions: 19, P: [0.84375, 0.125, 0.28125, 0.1875, 0.125, 0.125, 0.15625, 0.125, 0.125, 0.125, 0.125, 0.125, 0.125, 0.125, 0.125, 0.125, 0.125, 0.125, 0.125, 0.125]
[TRAIN]: (1461/1600): reward: 47.929157204926014, rates: 47.92915615427556, loss: 3.0908474802970884, rho: 0.4000000000000001, transmit_actions: 18, P: [0.84375, 0.875, 0.125, 0.125, 0.125, 0.125, 0.125, 0.125, 0.125, 0.125, 0.15625, 0.09375, 0.09375, 0.125, 0.09375, 0.15625, 0.125, 0.09375, 0.15625, 0.125]
[TRAIN]: (1462/1600): reward: 46.99864673987031, rates: 46.998647157816904, loss: 2.7330081343650816, rho: 0.4000000000000001, transmit_actions: 19, P: [0.84375, 0.0625, 0.125, 0.125, 0.15625, 0.125, 0.125, 0.125, 0.125, 0.125, 0.125, 0.09375, 0.125, 0.09375, 0.15625, 0.15625, 0.15625, 0.15625, 0.125, 0.09375]
[TRAIN]: (1463/1600): reward: 48.08580568432808, rates: 49.08580559663057, loss: 3.0354196429252625, rho: 0.4000000000000001, transmit_actions: 18, P: [0.84375, 0.90625, 0.125, 0.125, 0.15625, 0.125, 0.125, 0.125, 0.15625, 0.09375, 0.09375, 0.125, 0.125, 0.125, 0.09375, 0.125, 0.09375, 0.125, 0.125, 0.09375]
[TRAIN]: (1464/1600): reward: 50.157607678323984, rates: 50.1576076383856, loss: 3.0021231353282927, rho: 0.4000000000000001, transmit_actions: 19, P: [0.84375, 0.125, 0.1875, 0.125, 0.125, 0.125, 0.15625, 0.125, 0.125, 0.125, 0.125, 0.15625, 0.125, 0.15625, 0.09375, 0.125, 0.125, 0.125, 0.09375, 0.125]
[TRAIN]: (1465/1600): reward: 38.67089864984155, rates: 41.670898621337955, loss: 2.811432194709778, rho: 0.4000000000000001, transmit_actions: 19, P: [0.53125, 0.125, 0.84375, 0.125, 0.125, 0.0625, 0.125, 0.125, 0.125, 0.09375, 0.125, 0.125, 0.09375, 0.125, 0.09375, 0.15625, 0.09375, 0.15625, 0.125, 0.09375]
[TRAIN]: (1466/1600): reward: 36.369174079969525, rates: 39.36917445472349, loss: 2.77691193819046, rho: 0.4000000000000001, transmit_actions: 18, P: [0.84375, 0.125, 0.125, 0.125, 0.125, 0.125, 0.125, 0.125, 0.28125, 0.15625, 0.125, 0.15625, 0.71875, 0.15625, 0.15625, 0.15625, 0.15625, 0.15625, 0.125, 0.125]
[TRAIN]: (1467/1600): reward: 52.36787233874202, rates: 52.36787251153944, loss: 2.9645728409290313, rho: 0.4000000000000001, transmit_actions: 19, P: [0.84375, 0.125, 0.125, 0.125, 0.125, 0.125, 0.15625, 0.125, 0.125, 0.125, 0.125, 0.09375, 0.15625, 0.125, 0.125, 0.125, 0.09375, 0.125, 0.15625, 0.09375]
[TRAIN]: (1468/1600): reward: 48.2783951703459, rates: 49.278395475042494, loss: 3.177642488479614, rho: 0.4000000000000001, transmit_actions: 19, P: [0.78125, 0.125, 0.125, 0.125, 0.125, 0.125, 0.09375, 0.09375, 0.40625, 0.125, 0.125, 0.15625, 0.125, 0.15625, 0.125, 0.125, 0.125, 0.15625, 0.09375, 0.125]
[TRAIN]: (1469/1600): reward: 33.256690450012684, rates: 36.256690271906955, loss: 2.437490779161453, rho: 0.4000000000000001, transmit_actions: 19, P: [0.84375, 0.125, 0.125, 0.125, 0.125, 0.125, 0.125, 0.125, 0.15625, 0.125, 0.125, 0.15625, 0.125, 0.15625, 0.125, 0.125, 0.125, 0.09375, 0.09375, 0.09375]
[TRAIN]: (1470/1600): reward: 38.489376448094845, rates: 41.48937620600268, loss: 2.7299505889415743, rho: 0.4000000000000001, transmit_actions: 18, P: [0.84375, 0.84375, 0.125, 0.125, 0.125, 0.15625, 0.125, 0.125, 0.15625, 0.125, 0.125, 0.125, 0.125, 0.125, 0.125, 0.09375, 0.125, 0.15625, 0.125, 0.15625]
[TRAIN]: (1471/1600): reward: 51.40539199113846, rates: 51.40539215118544, loss: 2.757924073934555, rho: 0.4000000000000001, transmit_actions: 19, P: [0.84375, 0.125, 0.125, 0.125, 0.125, 0.125, 0.125, 0.125, 0.125, 0.125, 0.125, 0.15625, 0.125, 0.15625, 0.15625, 0.125, 0.09375, 0.09375, 0.09375, 0.125]
[TRAIN]: (1472/1600): reward: 49.34526168555021, rates: 50.345261244130654, loss: 2.8608074605464937, rho: 0.4000000000000001, transmit_actions: 19, P: [0.84375, 0.125, 0.125, 0.125, 0.125, 0.125, 0.125, 0.09375, 0.125, 0.125, 0.1875, 0.09375, 0.09375, 0.15625, 0.125, 0.15625, 0.15625, 0.09375, 0.09375, 0.15625]
[TRAIN]: (1473/1600): reward: 41.425329975783825, rates: 42.425329828497624, loss: 2.809421992301941, rho: 0.4000000000000001, transmit_actions: 19, P: [0.59375, 0.125, 0.125, 0.125, 0.125, 0.125, 0.125, 0.125, 0.125, 0.0625, 0.125, 0.125, 0.15625, 0.125, 0.15625, 0.09375, 0.125, 0.15625, 0.15625, 0.125]
[TRAIN]: (1474/1600): reward: 46.5053824223578, rates: 47.505382175221285, loss: 3.1060156404972075, rho: 0.4000000000000001, transmit_actions: 18, P: [0.84375, 0.0, 0.125, 0.125, 0.125, 0.125, 0.125, 0.125, 0.125, 0.1875, 0.125, 0.15625, 0.09375, 0.15625, 0.0625, 0.15625, 0.125, 0.125, 0.125, 0.15625]
[TRAIN]: (1475/1600): reward: 39.13373154401779, rates: 40.133731162664404, loss: 3.1972899556159975, rho: 0.4000000000000001, transmit_actions: 17, P: [0.84375, 0.0, 0.84375, 0.125, 0.125, 0.15625, 0.125, 0.15625, 0.125, 0.15625, 0.125, 0.125, 0.0625, 0.28125, 0.125, 0.125, 0.125, 0.15625, 0.125, 0.125]
[TRAIN]: (1476/1600): reward: 50.31941933184862, rates: 50.319419685965435, loss: 2.427091896533966, rho: 0.4000000000000001, transmit_actions: 19, P: [0.84375, 0.125, 0.125, 0.125, 0.125, 0.125, 0.15625, 0.125, 0.09375, 0.125, 0.1875, 0.09375, 0.09375, 0.125, 0.15625, 0.09375, 0.125, 0.125, 0.125, 0.15625]
[TRAIN]: (1477/1600): reward: 46.641972322016954, rates: 46.64197145689128, loss: 2.726071208715439, rho: 0.4000000000000001, transmit_actions: 17, P: [0.84375, 0.84375, 0.84375, 0.125, 0.15625, 0.125, 0.125, 0.125, 0.125, 0.125, 0.125, 0.125, 0.15625, 0.125, 0.125, 0.09375, 0.125, 0.125, 0.125, 0.125]
[TRAIN]: (1478/1600): reward: 48.62554109096527, rates: 48.62554145772902, loss: 2.2996005713939667, rho: 0.4000000000000001, transmit_actions: 18, P: [0.84375, 0.90625, 0.125, 0.125, 0.125, 0.125, 0.125, 0.09375, 0.125, 0.09375, 0.125, 0.125, 0.15625, 0.09375, 0.125, 0.125, 0.125, 0.125, 0.125, 0.09375]
[TRAIN]: (1479/1600): reward: 44.721425130963326, rates: 45.72142579427307, loss: 2.9587609231472016, rho: 0.4000000000000001, transmit_actions: 19, P: [0.84375, 0.0, 0.125, 0.125, 0.125, 0.125, 0.0625, 0.125, 0.125, 0.125, 0.125, 0.125, 0.125, 0.09375, 0.125, 0.125, 0.125, 0.125, 0.125, 0.125]
[TRAIN]: (1480/1600): reward: 48.67715824395418, rates: 49.677158249615545, loss: 3.0128649473190308, rho: 0.4000000000000001, transmit_actions: 19, P: [0.84375, 0.125, 0.15625, 0.0625, 0.125, 0.125, 0.125, 0.125, 0.125, 0.125, 0.0625, 0.125, 0.125, 0.125, 0.15625, 0.09375, 0.15625, 0.125, 0.09375, 0.125]
[TRAIN]: (1481/1600): reward: 48.96836515516043, rates: 49.9683655044562, loss: 3.1915897369384765, rho: 0.4000000000000001, transmit_actions: 19, P: [0.84375, 0.125, 0.125, 0.125, 0.125, 0.125, 0.125, 0.125, 0.125, 0.125, 0.125, 0.125, 0.125, 0.09375, 0.125, 0.125, 0.125, 0.09375, 0.125, 0.09375]
[TRAIN]: (1482/1600): reward: 49.45564241707325, rates: 49.45564226659428, loss: 3.0110944867134095, rho: 0.4000000000000001, transmit_actions: 19, P: [0.84375, 0.125, 0.15625, 0.125, 0.125, 0.125, 0.125, 0.125, 0.125, 0.125, 0.15625, 0.125, 0.125, 0.125, 0.09375, 0.125, 0.15625, 0.09375, 0.15625, 0.09375]
[TRAIN]: (1483/1600): reward: 46.01089304685593, rates: 48.010892877847475, loss: 3.1019799262285233, rho: 0.4000000000000001, transmit_actions: 17, P: [0.84375, 0.84375, 0.125, 0.40625, 0.125, 0.09375, 0.125, 0.1875, 0.125, 0.125, 0.125, 0.09375, 0.09375, 0.09375, 0.09375, 0.09375, 0.09375, 0.125, 0.125, 0.09375]
[TRAIN]: (1484/1600): reward: 45.01455074734986, rates: 47.014550323474076, loss: 2.8146264970302584, rho: 0.4000000000000001, transmit_actions: 18, P: [0.84375, 0.125, 0.125, 0.09375, 0.125, 0.125, 0.125, 0.09375, 0.09375, 0.0625, 0.125, 0.09375, 0.125, 0.125, 0.15625, 0.09375, 0.15625, 0.15625, 0.09375, 0.15625]
[TRAIN]: (1485/1600): reward: 43.80180250480771, rates: 45.80180265620679, loss: 3.1946093678474425, rho: 0.4000000000000001, transmit_actions: 19, P: [0.84375, 0.125, 0.125, 0.125, 0.125, 0.125, 0.125, 0.125, 0.1875, 0.125, 0.125, 0.125, 0.15625, 0.125, 0.125, 0.0625, 0.125, 0.125, 0.125, 0.125]
[TRAIN]: (1486/1600): reward: 46.78301618993282, rates: 48.783016605986305, loss: 3.0410725593566896, rho: 0.4000000000000001, transmit_actions: 19, P: [0.84375, 0.125, 0.125, 0.125, 0.125, 0.0625, 0.125, 0.125, 0.125, 0.125, 0.0625, 0.15625, 0.125, 0.125, 0.125, 0.15625, 0.09375, 0.15625, 0.15625, 0.09375]
[TRAIN]: (1487/1600): reward: 45.33457605727017, rates: 46.33457589227656, loss: 3.0464954137802125, rho: 0.4000000000000001, transmit_actions: 19, P: [0.84375, 0.125, 0.125, 0.0625, 0.28125, 0.1875, 0.125, 0.125, 0.125, 0.125, 0.125, 0.09375, 0.09375, 0.125, 0.09375, 0.09375, 0.09375, 0.09375, 0.09375, 0.09375]
[TRAIN]: (1488/1600): reward: 39.287545301020145, rates: 41.28754540187162, loss: 3.132006746530533, rho: 0.4000000000000001, transmit_actions: 18, P: [0.84375, 0.125, 0.125, 0.125, 0.09375, 0.0625, 0.0625, 0.125, 0.125, 0.125, 0.15625, 0.15625, 0.15625, 0.15625, 0.125, 0.125, 0.125, 0.09375, 0.09375, 0.125]
[TRAIN]: (1489/1600): reward: 45.66760525107384, rates: 48.66760435257647, loss: 2.9230564415454863, rho: 0.4000000000000001, transmit_actions: 19, P: [0.84375, 0.125, 0.40625, 0.125, 0.15625, 0.125, 0.1875, 0.15625, 0.1875, 0.125, 0.125, 0.125, 0.125, 0.125, 0.125, 0.15625, 0.15625, 0.125, 0.125, 0.125]
[TRAIN]: (1490/1600): reward: 50.513796489685774, rates: 50.513796195804154, loss: 2.7219566822052004, rho: 0.4000000000000001, transmit_actions: 19, P: [0.84375, 0.125, 0.125, 0.125, 0.125, 0.1875, 0.125, 0.125, 0.125, 0.125, 0.125, 0.125, 0.125, 0.15625, 0.125, 0.15625, 0.125, 0.125, 0.125, 0.125]
[TRAIN]: (1491/1600): reward: 50.609359219670296, rates: 50.60935945354284, loss: 2.7628305554389954, rho: 0.4000000000000001, transmit_actions: 19, P: [0.84375, 0.125, 0.125, 0.125, 0.125, 0.125, 0.125, 0.125, 0.125, 0.125, 0.125, 0.125, 0.09375, 0.125, 0.125, 0.15625, 0.125, 0.125, 0.125, 0.125]
[TRAIN]: (1492/1600): reward: 52.372845858335495, rates: 52.37284607282733, loss: 2.7401765167713164, rho: 0.4000000000000001, transmit_actions: 19, P: [0.84375, 0.1875, 0.125, 0.125, 0.125, 0.125, 0.125, 0.1875, 0.15625, 0.125, 0.1875, 0.09375, 0.125, 0.125, 0.125, 0.125, 0.15625, 0.15625, 0.09375, 0.09375]
[TRAIN]: (1493/1600): reward: 51.08446120098233, rates: 52.084461192515754, loss: 2.8296014308929442, rho: 0.4000000000000001, transmit_actions: 18, P: [0.84375, 1.0, 0.125, 0.125, 0.53125, 0.125, 0.125, 0.125, 0.15625, 0.125, 0.125, 0.125, 0.125, 0.09375, 0.125, 0.125, 0.125, 0.15625, 0.15625, 0.125]
[TRAIN]: (1494/1600): reward: 43.053710421547294, rates: 45.05371033099446, loss: 2.820305824279785, rho: 0.4000000000000001, transmit_actions: 19, P: [0.84375, 0.125, 0.125, 0.125, 0.125, 0.125, 0.125, 0.125, 0.125, 0.15625, 0.125, 0.125, 0.15625, 0.125, 0.125, 0.15625, 0.125, 0.125, 0.09375, 0.125]
[TRAIN]: (1495/1600): reward: 50.26860659196973, rates: 50.2686069020013, loss: 2.753721410036087, rho: 0.4000000000000001, transmit_actions: 19, P: [0.84375, 0.125, 0.125, 0.1875, 0.1875, 0.125, 0.15625, 0.125, 0.125, 0.125, 0.09375, 0.125, 0.15625, 0.09375, 0.15625, 0.125, 0.125, 0.125, 0.09375, 0.125]
[TRAIN]: (1496/1600): reward: 46.07822224497795, rates: 48.07822294670909, loss: 3.0853792488574983, rho: 0.4000000000000001, transmit_actions: 18, P: [0.84375, 0.0, 0.15625, 0.125, 0.28125, 0.1875, 0.0625, 0.875, 0.125, 0.125, 0.125, 0.125, 0.09375, 0.125, 0.125, 0.125, 0.125, 0.125, 0.09375, 0.09375]
[TRAIN]: (1497/1600): reward: 44.38210368156433, rates: 47.38210354661235, loss: 3.4773164629936217, rho: 0.4000000000000001, transmit_actions: 19, P: [0.84375, 0.40625, 0.125, 0.46875, 0.125, 0.125, 0.1875, 0.1875, 0.125, 0.125, 0.125, 0.125, 0.125, 0.125, 0.15625, 0.125, 0.125, 0.125, 0.125, 0.125]
[TRAIN]: (1498/1600): reward: 49.66465594805777, rates: 50.66465557093513, loss: 3.1316489696502687, rho: 0.4000000000000001, transmit_actions: 19, P: [0.84375, 0.125, 0.125, 0.125, 0.125, 0.125, 0.125, 0.125, 0.125, 0.125, 0.125, 0.125, 0.125, 0.53125, 0.125, 0.125, 0.125, 0.125, 0.125, 0.125]
[TRAIN]: (1499/1600): reward: 45.26087671890855, rates: 46.26087708570436, loss: 2.545781171321869, rho: 0.4000000000000001, transmit_actions: 19, P: [0.84375, 0.125, 0.125, 0.125, 0.125, 0.125, 0.125, 0.125, 0.125, 0.125, 0.125, 0.125, 0.15625, 0.125, 0.15625, 0.125, 0.125, 0.15625, 0.15625, 0.125]
[TRAIN]: (1500/1600): reward: 51.70995279401541, rates: 51.709952685824916, loss: 2.8961275696754454, rho: 0.4000000000000001, transmit_actions: 19, P: [0.84375, 0.125, 0.125, 0.125, 0.125, 0.15625, 0.28125, 0.125, 0.125, 0.125, 0.125, 0.15625, 0.15625, 0.09375, 0.15625, 0.125, 0.125, 0.125, 0.09375, 0.09375]
[TRAIN]: (1501/1600): reward: 49.34961399435997, rates: 50.349614027283565, loss: 2.888608580827713, rho: 0.4000000000000001, transmit_actions: 19, P: [0.84375, 0.125, 0.1875, 0.1875, 0.125, 0.125, 0.125, 0.125, 0.125, 0.1875, 0.125, 0.125, 0.125, 0.15625, 0.09375, 0.125, 0.125, 0.125, 0.125, 0.09375]
[TRAIN]: (1502/1600): reward: 42.5173556599766, rates: 43.51735629479116, loss: 3.0189832210540772, rho: 0.4000000000000001, transmit_actions: 18, P: [0.84375, 0.84375, 0.125, 0.125, 0.125, 0.125, 0.125, 0.125, 0.125, 0.125, 0.125, 0.09375, 0.09375, 0.09375, 0.15625, 0.15625, 0.125, 0.125, 0.09375, 0.09375]
[TRAIN]: (1503/1600): reward: 49.34982492774725, rates: 49.34982403938412, loss: 2.803778213262558, rho: 0.4000000000000001, transmit_actions: 19, P: [0.84375, 0.125, 0.125, 0.125, 0.125, 0.1875, 0.125, 0.125, 0.125, 0.125, 0.125, 0.125, 0.125, 0.09375, 0.125, 0.21875, 0.125, 0.09375, 0.09375, 0.09375]
[TRAIN]: (1504/1600): reward: 53.9746550321579, rates: 53.97465509800545, loss: 2.8204950273036955, rho: 0.4000000000000001, transmit_actions: 19, P: [0.84375, 0.1875, 0.125, 0.09375, 0.125, 0.125, 0.125, 0.125, 0.125, 0.125, 0.125, 0.125, 0.125, 0.125, 0.125, 0.125, 0.125, 0.125, 0.125, 0.125]
[TRAIN]: (1505/1600): reward: 45.96138894557953, rates: 46.96138884072053, loss: 3.4494889438152314, rho: 0.4000000000000001, transmit_actions: 17, P: [0.84375, 0.84375, 0.125, 0.59375, 0.125, 0.09375, 0.125, 0.125, 0.125, 0.125, 0.125, 0.125, 0.125, 0.125, 0.125, 0.125, 0.125, 0.125, 0.09375, 0.09375]
[TRAIN]: (1506/1600): reward: 39.190700102597475, rates: 42.19069987760689, loss: 2.7838332414627076, rho: 0.4000000000000001, transmit_actions: 19, P: [0.84375, 0.125, 0.1875, 0.125, 0.125, 0.125, 0.125, 0.125, 0.09375, 0.125, 0.125, 0.125, 0.125, 0.125, 0.125, 0.09375, 0.09375, 0.125, 0.125, 0.125]
[TRAIN]: (1507/1600): reward: 38.18939484655857, rates: 39.189394747669205, loss: 2.510129025578499, rho: 0.4000000000000001, transmit_actions: 18, P: [0.84375, 0.84375, 0.125, 0.09375, 0.125, 0.125, 0.125, 0.125, 0.09375, 0.125, 0.125, 0.09375, 0.125, 0.125, 0.125, 0.125, 0.09375, 0.125, 0.09375, 0.15625]
[TRAIN]: (1508/1600): reward: 49.93283464759588, rates: 49.93283441552974, loss: 2.5834704101085664, rho: 0.4000000000000001, transmit_actions: 19, P: [0.84375, 0.125, 0.125, 0.125, 0.125, 0.125, 0.125, 0.125, 0.125, 0.125, 0.125, 0.125, 0.125, 0.15625, 0.125, 0.15625, 0.09375, 0.15625, 0.09375, 0.15625]
[TRAIN]: (1509/1600): reward: 44.712954979389906, rates: 45.71295474725783, loss: 2.5016608476638793, rho: 0.4000000000000001, transmit_actions: 18, P: [0.84375, 0.125, 0.125, 0.125, 0.15625, 0.125, 0.125, 0.125, 0.125, 0.125, 0.1875, 0.125, 0.125, 0.15625, 0.125, 0.4375, 0.125, 0.125, 0.125, 0.125]
[TRAIN]: (1510/1600): reward: 42.210010193288326, rates: 43.21001020488129, loss: 3.0702905654907227, rho: 0.4000000000000001, transmit_actions: 19, P: [0.84375, 0.125, 0.125, 0.125, 0.125, 0.125, 0.125, 0.125, 0.125, 0.1875, 0.125, 0.09375, 0.09375, 0.125, 0.125, 0.09375, 0.09375, 0.125, 0.125, 0.125]
[TRAIN]: (1511/1600): reward: 50.40024474263191, rates: 50.400244496364884, loss: 2.8379414916038512, rho: 0.4000000000000001, transmit_actions: 19, P: [0.84375, 0.125, 0.125, 0.125, 0.15625, 0.125, 0.1875, 0.125, 0.125, 0.125, 0.125, 0.125, 0.125, 0.125, 0.125, 0.125, 0.15625, 0.125, 0.125, 0.15625]
[TRAIN]: (1512/1600): reward: 44.27032299339771, rates: 45.270322703313795, loss: 2.5683760046958923, rho: 0.4000000000000001, transmit_actions: 19, P: [0.84375, 0.125, 0.125, 0.125, 0.125, 0.1875, 0.125, 0.125, 0.125, 0.125, 0.1875, 0.125, 0.15625, 0.15625, 0.15625, 0.15625, 0.125, 0.15625, 0.125, 0.125]
[TRAIN]: (1513/1600): reward: 35.51946483552456, rates: 38.51946517585757, loss: 2.9463971316814423, rho: 0.4000000000000001, transmit_actions: 19, P: [0.84375, 0.125, 0.125, 0.125, 0.125, 0.125, 0.125, 0.1875, 0.15625, 0.28125, 0.1875, 0.125, 0.125, 0.125, 0.125, 0.125, 0.09375, 0.125, 0.125, 0.125]
[TRAIN]: (1514/1600): reward: 50.835626994259655, rates: 50.83562676898459, loss: 3.1029117584228514, rho: 0.4000000000000001, transmit_actions: 19, P: [0.84375, 0.125, 0.125, 0.125, 0.125, 0.125, 0.125, 0.125, 0.125, 0.125, 0.125, 0.125, 0.125, 0.125, 0.125, 0.125, 0.125, 0.09375, 0.09375, 0.15625]
[TRAIN]: (1515/1600): reward: 41.32991646975279, rates: 44.329917266869195, loss: 3.5109633445739745, rho: 0.4000000000000001, transmit_actions: 19, P: [0.84375, 0.0625, 0.125, 0.125, 0.1875, 0.28125, 0.125, 0.125, 0.125, 0.09375, 0.125, 0.125, 0.09375, 0.125, 0.125, 0.125, 0.125, 0.125, 0.15625, 0.15625]
[TRAIN]: (1516/1600): reward: 52.9534166790545, rates: 52.95341642668441, loss: 3.1330611944198608, rho: 0.4000000000000001, transmit_actions: 19, P: [0.84375, 0.125, 0.125, 0.125, 0.125, 0.125, 0.125, 0.125, 0.125, 0.125, 0.125, 0.15625, 0.125, 0.15625, 0.125, 0.125, 0.125, 0.125, 0.125, 0.09375]
[TRAIN]: (1517/1600): reward: 44.31665974110365, rates: 45.31665931446061, loss: 3.146734869480133, rho: 0.4000000000000001, transmit_actions: 19, P: [0.84375, 0.0, 0.125, 0.125, 0.125, 0.125, 0.125, 0.125, 0.125, 0.125, 0.125, 0.09375, 0.15625, 0.125, 0.125, 0.125, 0.125, 0.125, 0.125, 0.125]
[TRAIN]: (1518/1600): reward: 44.689281675964594, rates: 45.68928193831721, loss: 2.8574455201625826, rho: 0.4000000000000001, transmit_actions: 19, P: [0.84375, 0.125, 0.125, 0.125, 0.125, 0.125, 0.125, 0.125, 0.125, 0.125, 0.125, 0.125, 0.15625, 0.15625, 0.15625, 0.15625, 0.15625, 0.15625, 0.09375, 0.125]
[TRAIN]: (1519/1600): reward: 45.24485504627228, rates: 46.24485470398522, loss: 2.8789260029792785, rho: 0.4000000000000001, transmit_actions: 18, P: [0.84375, 0.125, 0.125, 0.125, 0.125, 0.125, 0.125, 0.125, 0.90625, 0.125, 0.125, 0.125, 0.15625, 0.125, 0.09375, 0.15625, 0.125, 0.125, 0.125, 0.125]
[TRAIN]: (1520/1600): reward: 48.079175978899, rates: 49.079176096768, loss: 3.1617092430591582, rho: 0.4000000000000001, transmit_actions: 19, P: [0.84375, 0.125, 0.0625, 0.125, 0.15625, 0.125, 0.125, 0.15625, 0.125, 0.125, 0.125, 0.125, 0.125, 0.125, 0.125, 0.125, 0.125, 0.125, 0.125, 0.125]
[TRAIN]: (1521/1600): reward: 52.97093757241964, rates: 53.9709376047296, loss: 3.6338868618011473, rho: 0.4000000000000001, transmit_actions: 19, P: [0.84375, 0.125, 0.125, 0.125, 0.125, 0.1875, 0.125, 0.125, 0.125, 0.125, 0.125, 0.125, 0.125, 0.125, 0.125, 0.125, 0.125, 0.09375, 0.125, 0.15625]
[TRAIN]: (1522/1600): reward: 46.58655635267496, rates: 47.5865553040009, loss: 2.5316282629966738, rho: 0.4000000000000001, transmit_actions: 19, P: [0.84375, 0.125, 0.125, 0.125, 0.125, 0.1875, 0.125, 0.125, 0.1875, 0.125, 0.125, 0.15625, 0.125, 0.15625, 0.15625, 0.125, 0.15625, 0.125, 0.15625, 0.125]
[TRAIN]: (1523/1600): reward: 33.82800816744566, rates: 35.82800835131847, loss: 2.7887766540050505, rho: 0.4000000000000001, transmit_actions: 18, P: [0.84375, 0.84375, 0.125, 0.125, 0.125, 0.1875, 0.125, 0.125, 0.125, 0.125, 0.125, 0.125, 0.09375, 0.09375, 0.09375, 0.125, 0.125, 0.125, 0.125, 0.125]
[TRAIN]: (1524/1600): reward: 49.30526711046696, rates: 50.305267012596055, loss: 2.645752567052841, rho: 0.4000000000000001, transmit_actions: 19, P: [0.84375, 0.125, 0.1875, 0.15625, 0.125, 0.1875, 0.125, 0.15625, 0.125, 0.1875, 0.125, 0.15625, 0.125, 0.15625, 0.125, 0.125, 0.15625, 0.125, 0.125, 0.09375]
[TRAIN]: (1525/1600): reward: 47.200451746582985, rates: 47.200451652077106, loss: 3.0338549256324767, rho: 0.4000000000000001, transmit_actions: 19, P: [0.84375, 0.0, 0.125, 0.125, 0.125, 0.125, 0.125, 0.125, 0.125, 0.1875, 0.125, 0.125, 0.09375, 0.125, 0.15625, 0.125, 0.15625, 0.125, 0.125, 0.15625]
[TRAIN]: (1526/1600): reward: 34.54215871542692, rates: 38.542158376818925, loss: 2.5854445457458497, rho: 0.4000000000000001, transmit_actions: 18, P: [0.84375, 0.125, 0.96875, 0.125, 0.125, 0.125, 0.15625, 0.15625, 0.125, 0.125, 0.125, 0.125, 0.15625, 0.15625, 0.15625, 0.125, 0.125, 0.125, 0.125, 0.125]
[TRAIN]: (1527/1600): reward: 42.0641053467989, rates: 44.06410568258736, loss: 3.0608426153659822, rho: 0.4000000000000001, transmit_actions: 19, P: [0.84375, 0.125, 0.1875, 0.125, 0.0625, 0.1875, 0.1875, 0.125, 0.125, 0.125, 0.125, 0.125, 0.125, 0.15625, 0.125, 0.15625, 0.125, 0.125, 0.15625, 0.125]
[TRAIN]: (1528/1600): reward: 47.04430325701833, rates: 50.04430323205367, loss: 3.068935590982437, rho: 0.4000000000000001, transmit_actions: 18, P: [0.84375, 0.125, 0.125, 0.125, 0.125, 0.125, 0.1875, 0.125, 0.1875, 0.15625, 0.1875, 0.125, 0.125, 0.125, 0.125, 0.125, 0.125, 0.09375, 0.125, 0.15625]
[TRAIN]: (1529/1600): reward: 46.27028105407953, rates: 46.27028109587048, loss: 3.0591063678264616, rho: 0.4000000000000001, transmit_actions: 18, P: [0.84375, 0.125, 0.84375, 0.125, 0.125, 0.125, 0.125, 0.125, 0.125, 0.1875, 0.125, 0.125, 0.125, 0.15625, 0.125, 0.125, 0.125, 0.125, 0.125, 0.125]
[TRAIN]: (1530/1600): reward: 50.534916423261166, rates: 51.534916752274555, loss: 3.269950735569, rho: 0.4000000000000001, transmit_actions: 18, P: [0.84375, 0.9375, 0.125, 0.09375, 0.1875, 0.125, 0.125, 0.0625, 0.1875, 0.09375, 0.125, 0.125, 0.125, 0.125, 0.15625, 0.125, 0.125, 0.125, 0.125, 0.15625]
[TRAIN]: (1531/1600): reward: 48.899897968396544, rates: 48.89989703502627, loss: 3.108173781633377, rho: 0.4000000000000001, transmit_actions: 18, P: [0.84375, 0.875, 0.0625, 0.125, 0.125, 0.1875, 0.125, 0.125, 0.125, 0.125, 0.0625, 0.15625, 0.125, 0.125, 0.15625, 0.125, 0.15625, 0.125, 0.0625, 0.125]
[TRAIN]: (1532/1600): reward: 46.75866765156388, rates: 47.758667523330665, loss: 3.3014419317245483, rho: 0.4000000000000001, transmit_actions: 19, P: [0.84375, 0.125, 0.125, 0.125, 0.125, 0.15625, 0.125, 0.1875, 0.125, 0.15625, 0.8125, 0.125, 0.125, 0.125, 0.15625, 0.09375, 0.125, 0.125, 0.125, 0.0625]
[TRAIN]: (1533/1600): reward: 49.50035057216883, rates: 49.50035027902148, loss: 2.7451580226421357, rho: 0.4000000000000001, transmit_actions: 19, P: [0.84375, 0.125, 0.0625, 0.125, 0.125, 0.0625, 0.125, 0.125, 0.125, 0.125, 0.125, 0.15625, 0.15625, 0.125, 0.125, 0.15625, 0.15625, 0.125, 0.125, 0.125]
[TRAIN]: (1534/1600): reward: 38.72429656237364, rates: 41.724295986361696, loss: 3.864138329029083, rho: 0.4000000000000001, transmit_actions: 18, P: [0.84375, 0.40625, 0.0625, 0.125, 0.125, 0.125, 0.125, 0.125, 0.125, 0.125, 0.125, 0.125, 0.125, 0.125, 0.125, 0.09375, 0.125, 0.0625, 0.125, 0.125]
[TRAIN]: (1535/1600): reward: 46.274183778092265, rates: 47.274183547155765, loss: 3.2093895733356477, rho: 0.4000000000000001, transmit_actions: 19, P: [0.84375, 0.125, 0.125, 0.125, 0.125, 0.125, 0.125, 0.125, 0.125, 0.1875, 0.125, 0.15625, 0.125, 0.125, 0.125, 0.15625, 0.125, 0.15625, 0.125, 0.125]
[TRAIN]: (1536/1600): reward: 40.17730347067118, rates: 42.17730395613816, loss: 2.8941486477851868, rho: 0.4000000000000001, transmit_actions: 18, P: [0.84375, 0.9375, 0.125, 0.1875, 0.125, 0.125, 0.15625, 0.125, 0.1875, 0.125, 0.125, 0.15625, 0.125, 0.125, 0.09375, 0.125, 0.15625, 0.125, 0.125, 0.125]
[TRAIN]: (1537/1600): reward: 48.61461128294468, rates: 49.614611845525104, loss: 3.0200250864028932, rho: 0.4000000000000001, transmit_actions: 19, P: [0.84375, 0.125, 0.125, 0.125, 0.125, 0.0625, 0.125, 0.125, 0.125, 0.125, 0.125, 0.125, 0.125, 0.125, 0.15625, 0.09375, 0.125, 0.15625, 0.125, 0.125]
[TRAIN]: (1538/1600): reward: 49.08962132036686, rates: 49.08962186450921, loss: 2.654907763004303, rho: 0.4000000000000001, transmit_actions: 19, P: [0.84375, 0.125, 0.125, 0.125, 0.125, 0.125, 0.125, 0.125, 0.125, 0.125, 0.125, 0.125, 0.125, 0.09375, 0.09375, 0.09375, 0.15625, 0.125, 0.125, 0.125]
[TRAIN]: (1539/1600): reward: 50.70799481123686, rates: 50.70799569834843, loss: 3.5360848188400267, rho: 0.4000000000000001, transmit_actions: 19, P: [0.84375, 0.125, 0.15625, 0.15625, 0.125, 0.125, 0.0625, 0.125, 0.125, 0.125, 0.125, 0.09375, 0.09375, 0.09375, 0.09375, 0.125, 0.15625, 0.125, 0.09375, 0.125]
[TRAIN]: (1540/1600): reward: 43.72656097635627, rates: 45.72656135541978, loss: 2.6599765717983246, rho: 0.4000000000000001, transmit_actions: 17, P: [0.84375, 0.96875, 0.125, 0.125, 0.125, 0.0625, 0.125, 0.0625, 0.1875, 0.75, 0.125, 0.125, 0.09375, 0.09375, 0.0625, 0.15625, 0.15625, 0.125, 0.09375, 0.15625]
[TRAIN]: (1541/1600): reward: 48.98568960092962, rates: 48.98569009969333, loss: 3.0633267223834992, rho: 0.4000000000000001, transmit_actions: 19, P: [0.84375, 0.125, 0.1875, 0.125, 0.125, 0.125, 0.125, 0.125, 0.125, 0.125, 0.0625, 0.09375, 0.09375, 0.15625, 0.125, 0.125, 0.125, 0.0625, 0.125, 0.125]
[TRAIN]: (1542/1600): reward: 48.797835525125265, rates: 48.79783507819517, loss: 3.059301996231079, rho: 0.4000000000000001, transmit_actions: 19, P: [0.84375, 0.0, 0.125, 0.125, 0.125, 0.125, 0.0625, 0.125, 0.125, 0.125, 0.125, 0.125, 0.15625, 0.125, 0.0625, 0.125, 0.0625, 0.125, 0.125, 0.125]
[TRAIN]: (1543/1600): reward: 45.57777199149132, rates: 46.57777151953744, loss: 3.333214890956879, rho: 0.4000000000000001, transmit_actions: 18, P: [0.84375, 0.0, 0.125, 0.125, 0.125, 0.125, 0.125, 0.125, 0.125, 0.125, 0.125, 0.125, 0.40625, 0.125, 0.09375, 0.09375, 0.09375, 0.125, 0.125, 0.125]
[TRAIN]: (1544/1600): reward: 47.81851543486118, rates: 47.818514571976664, loss: 3.004233220219612, rho: 0.4000000000000001, transmit_actions: 18, P: [0.84375, 0.875, 0.125, 0.125, 0.125, 0.125, 0.125, 0.125, 0.125, 0.125, 0.125, 0.09375, 0.125, 0.125, 0.125, 0.125, 0.125, 0.09375, 0.15625, 0.125]
[TRAIN]: (1545/1600): reward: 47.129687771201134, rates: 48.12968792802224, loss: 3.1703630924224853, rho: 0.4000000000000001, transmit_actions: 19, P: [0.84375, 0.125, 0.125, 0.125, 0.125, 0.125, 0.28125, 0.0625, 0.125, 0.125, 0.28125, 0.15625, 0.125, 0.125, 0.125, 0.09375, 0.125, 0.09375, 0.09375, 0.125]
[TRAIN]: (1546/1600): reward: 48.266104746609926, rates: 48.26610578840866, loss: 3.1461471915245056, rho: 0.4000000000000001, transmit_actions: 18, P: [0.84375, 0.96875, 0.125, 0.1875, 0.125, 0.125, 0.125, 0.125, 0.125, 0.125, 0.125, 0.125, 0.125, 0.125, 0.125, 0.15625, 0.15625, 0.125, 0.0625, 0.125]
[TRAIN]: (1547/1600): reward: 51.13058149069548, rates: 51.13058161929522, loss: 3.388561001420021, rho: 0.4000000000000001, transmit_actions: 18, P: [0.84375, 0.125, 0.125, 0.125, 0.125, 0.96875, 0.125, 0.1875, 0.0625, 0.125, 0.0625, 0.09375, 0.125, 0.125, 0.09375, 0.125, 0.125, 0.125, 0.15625, 0.125]
[TRAIN]: (1548/1600): reward: 53.176487107761204, rates: 53.17648678218778, loss: 2.8413733541965485, rho: 0.4000000000000001, transmit_actions: 19, P: [0.84375, 0.125, 0.125, 0.125, 0.125, 0.15625, 0.125, 0.125, 0.125, 0.125, 0.125, 0.125, 0.15625, 0.125, 0.09375, 0.09375, 0.125, 0.15625, 0.09375, 0.15625]
[TRAIN]: (1549/1600): reward: 36.12975835055113, rates: 38.129758456064, loss: 2.9381475269794466, rho: 0.4000000000000001, transmit_actions: 18, P: [0.84375, 0.125, 0.125, 0.125, 0.125, 0.125, 0.125, 0.15625, 0.125, 0.125, 0.0, 0.15625, 0.15625, 0.15625, 0.15625, 0.15625, 0.125, 0.125, 0.125, 0.09375]
[TRAIN]: (1550/1600): reward: 43.29729599133134, rates: 45.297296649982584, loss: 3.156501978635788, rho: 0.4000000000000001, transmit_actions: 18, P: [0.84375, 0.125, 0.0625, 0.125, 0.125, 0.125, 0.125, 0.125, 0.125, 0.125, 0.125, 0.125, 0.125, 0.125, 0.125, 0.09375, 0.1875, 0.125, 0.15625, 0.125]
[TRAIN]: (1551/1600): reward: 50.40788382291794, rates: 50.40788417207837, loss: 3.2584716975688934, rho: 0.4000000000000001, transmit_actions: 19, P: [0.84375, 0.125, 0.125, 0.125, 0.125, 0.125, 0.125, 0.125, 0.125, 0.125, 0.125, 0.125, 0.125, 0.125, 0.15625, 0.125, 0.125, 0.15625, 0.15625, 0.125]
[TRAIN]: (1552/1600): reward: 43.109185479581356, rates: 44.10918571013126, loss: 3.25201256275177, rho: 0.4000000000000001, transmit_actions: 19, P: [0.84375, 0.125, 0.125, 0.375, 0.125, 0.125, 0.125, 0.125, 0.125, 0.125, 0.125, 0.09375, 0.125, 0.09375, 0.09375, 0.09375, 0.09375, 0.09375, 0.125, 0.125]
[TRAIN]: (1553/1600): reward: 42.922093100845814, rates: 43.922093274601096, loss: 2.726754254102707, rho: 0.4000000000000001, transmit_actions: 19, P: [0.84375, 0.125, 0.0625, 0.125, 0.125, 0.125, 0.125, 0.125, 0.125, 0.125, 0.125, 0.125, 0.125, 0.125, 0.125, 0.125, 0.125, 0.125, 0.125, 0.125]
[TRAIN]: (1554/1600): reward: 41.099258257076144, rates: 42.09925812329313, loss: 2.82300066947937, rho: 0.4000000000000001, transmit_actions: 19, P: [0.84375, 0.0625, 0.125, 0.125, 0.125, 0.125, 0.125, 0.125, 0.125, 0.15625, 0.0625, 0.09375, 0.125, 0.125, 0.0625, 0.0625, 0.125, 0.125, 0.125, 0.125]
[TRAIN]: (1555/1600): reward: 50.38741718791425, rates: 50.387417156856834, loss: 3.3778209328651427, rho: 0.4000000000000001, transmit_actions: 19, P: [0.84375, 0.0, 0.125, 0.1875, 0.125, 0.125, 0.125, 0.125, 0.15625, 0.125, 0.125, 0.125, 0.125, 0.125, 0.09375, 0.15625, 0.125, 0.15625, 0.15625, 0.125]
[TRAIN]: (1556/1600): reward: 49.22088696807623, rates: 49.220886347971806, loss: 2.8617806494235993, rho: 0.4000000000000001, transmit_actions: 19, P: [0.84375, 0.125, 0.0625, 0.125, 0.125, 0.125, 0.125, 0.125, 0.125, 0.125, 0.125, 0.15625, 0.125, 0.0625, 0.125, 0.125, 0.125, 0.09375, 0.15625, 0.15625]
[TRAIN]: (1557/1600): reward: 48.944618720561266, rates: 48.94461890515432, loss: 3.0557858139276504, rho: 0.4000000000000001, transmit_actions: 19, P: [0.84375, 0.40625, 0.125, 0.125, 0.125, 0.125, 0.125, 0.1875, 0.28125, 0.125, 0.125, 0.125, 0.09375, 0.09375, 0.09375, 0.125, 0.09375, 0.125, 0.125, 0.125]
[TRAIN]: (1558/1600): reward: 42.359358180779964, rates: 43.359358376715505, loss: 3.100018161535263, rho: 0.4000000000000001, transmit_actions: 19, P: [0.84375, 0.125, 0.125, 0.125, 0.125, 0.125, 0.125, 0.125, 0.125, 0.125, 0.0625, 0.125, 0.125, 0.125, 0.09375, 0.125, 0.125, 0.46875, 0.125, 0.125]
[TRAIN]: (1559/1600): reward: 45.90886721946299, rates: 47.90886797142705, loss: 3.129985600709915, rho: 0.4000000000000001, transmit_actions: 19, P: [0.84375, 0.125, 0.1875, 0.1875, 0.125, 0.0625, 0.0625, 0.125, 0.125, 0.125, 0.125, 0.125, 0.125, 0.125, 0.125, 0.125, 0.125, 0.125, 0.125, 0.125]
[TRAIN]: (1560/1600): reward: 41.97908754646778, rates: 42.97908796707048, loss: 3.28952956199646, rho: 0.4000000000000001, transmit_actions: 19, P: [0.84375, 0.125, 0.125, 0.125, 0.125, 0.125, 0.125, 0.125, 0.125, 0.125, 0.125, 0.0625, 0.125, 0.125, 0.15625, 0.125, 0.15625, 0.125, 0.09375, 0.125]
[TRAIN]: (1561/1600): reward: 52.830290004611015, rates: 52.830290435927644, loss: 3.117926287651062, rho: 0.4000000000000001, transmit_actions: 19, P: [0.84375, 0.125, 0.125, 0.125, 0.125, 0.125, 0.125, 0.1875, 0.125, 0.125, 0.125, 0.125, 0.125, 0.125, 0.125, 0.125, 0.09375, 0.125, 0.125, 0.125]
[TRAIN]: (1562/1600): reward: 36.57379904575646, rates: 38.57379860563739, loss: 3.1509722590446474, rho: 0.4000000000000001, transmit_actions: 17, P: [0.84375, 0.875, 0.125, 0.0625, 0.125, 0.125, 0.0625, 0.125, 0.0625, 0.125, 0.125, 0.09375, 0.15625, 0.15625, 0.125, 0.125, 0.125, 0.125, 0.125, 0.125]
[TRAIN]: (1563/1600): reward: 47.294622188434005, rates: 48.294621930060835, loss: 2.9153610289096834, rho: 0.4000000000000001, transmit_actions: 19, P: [0.84375, 0.125, 0.125, 0.15625, 0.15625, 0.125, 0.0625, 0.125, 0.125, 0.125, 0.125, 0.125, 0.125, 0.15625, 0.125, 0.125, 0.125, 0.125, 0.125, 0.125]
[TRAIN]: (1564/1600): reward: 40.19023835286498, rates: 44.190238834284, loss: 3.094078767299652, rho: 0.4000000000000001, transmit_actions: 19, P: [0.5, 0.84375, 0.125, 0.125, 0.125, 0.125, 0.125, 0.125, 0.125, 1.0, 0.125, 0.125, 0.125, 0.09375, 0.125, 0.09375, 0.125, 0.125, 0.125, 0.125]
[TRAIN]: (1565/1600): reward: 49.15314795076847, rates: 49.15314731937759, loss: 2.54744331240654, rho: 0.4000000000000001, transmit_actions: 19, P: [0.84375, 0.125, 0.125, 0.125, 0.125, 0.125, 0.125, 0.125, 0.125, 0.125, 0.125, 0.09375, 0.15625, 0.15625, 0.09375, 0.09375, 0.09375, 0.09375, 0.09375, 0.15625]
[TRAIN]: (1566/1600): reward: 50.136745523661375, rates: 50.13674547111402, loss: 2.7109974205493925, rho: 0.4000000000000001, transmit_actions: 19, P: [0.84375, 0.125, 0.0625, 0.125, 0.125, 0.09375, 0.125, 0.125, 0.0625, 0.0625, 0.125, 0.09375, 0.09375, 0.125, 0.09375, 0.09375, 0.09375, 0.09375, 0.15625, 0.09375]
[TRAIN]: (1567/1600): reward: 50.45196023583412, rates: 50.45195994656608, loss: 2.568823218345642, rho: 0.4000000000000001, transmit_actions: 19, P: [0.84375, 0.125, 0.1875, 0.125, 0.125, 0.125, 0.125, 0.125, 0.125, 0.125, 0.125, 0.125, 0.15625, 0.125, 0.125, 0.125, 0.125, 0.15625, 0.125, 0.125]
[TRAIN]: (1568/1600): reward: 50.19150461256504, rates: 50.19150534765076, loss: 3.112371003627777, rho: 0.4000000000000001, transmit_actions: 18, P: [0.84375, 0.875, 0.125, 0.125, 0.125, 0.125, 0.125, 0.125, 0.125, 0.1875, 0.125, 0.09375, 0.09375, 0.09375, 0.125, 0.15625, 0.15625, 0.15625, 0.15625, 0.125]
[TRAIN]: (1569/1600): reward: 42.41333717852831, rates: 44.413337837207564, loss: 3.045052057504654, rho: 0.4000000000000001, transmit_actions: 19, P: [0.84375, 0.0625, 0.125, 0.125, 0.1875, 0.125, 0.125, 0.125, 0.125, 0.125, 0.125, 0.09375, 0.125, 0.125, 0.125, 1.0, 0.125, 0.125, 0.09375, 0.125]
[TRAIN]: (1570/1600): reward: 44.60841255635023, rates: 45.608411932682024, loss: 3.0308761656284333, rho: 0.4000000000000001, transmit_actions: 18, P: [0.84375, 0.84375, 0.125, 0.125, 0.125, 0.125, 0.125, 0.125, 0.125, 0.125, 0.0625, 0.09375, 0.125, 0.09375, 0.09375, 0.09375, 0.125, 0.125, 0.125, 0.09375]
[TRAIN]: (1571/1600): reward: 46.26465333998203, rates: 47.26465295718819, loss: 3.075359308719635, rho: 0.4000000000000001, transmit_actions: 19, P: [0.84375, 0.125, 0.125, 0.125, 0.125, 0.1875, 0.125, 0.0625, 0.1875, 0.125, 0.125, 0.09375, 0.125, 0.125, 0.15625, 0.125, 0.125, 0.125, 0.15625, 0.125]
[TRAIN]: (1572/1600): reward: 49.006074868142605, rates: 51.00607498117226, loss: 2.9030028760433195, rho: 0.4000000000000001, transmit_actions: 18, P: [0.84375, 0.125, 0.875, 0.125, 0.125, 0.125, 0.125, 0.125, 0.125, 0.125, 0.125, 0.15625, 0.125, 0.125, 0.125, 0.125, 0.125, 0.09375, 0.09375, 0.125]
[TRAIN]: (1573/1600): reward: 43.873643808066845, rates: 44.87364391317308, loss: 2.8534874439239504, rho: 0.4000000000000001, transmit_actions: 19, P: [0.84375, 0.125, 0.125, 0.125, 0.125, 0.125, 0.0625, 0.125, 0.125, 0.125, 0.125, 0.15625, 0.125, 0.125, 0.125, 0.125, 0.15625, 0.125, 0.125, 0.125]
[TRAIN]: (1574/1600): reward: 49.371517818421125, rates: 49.37151741727631, loss: 3.3188248753547667, rho: 0.4000000000000001, transmit_actions: 19, P: [0.84375, 0.125, 0.125, 0.125, 0.125, 0.125, 0.125, 0.125, 0.15625, 0.125, 0.125, 0.09375, 0.09375, 0.09375, 0.15625, 0.09375, 0.15625, 0.09375, 0.09375, 0.09375]
[TRAIN]: (1575/1600): reward: 44.404467053711414, rates: 45.404467008702184, loss: 3.5407201528549193, rho: 0.4000000000000001, transmit_actions: 19, P: [0.84375, 0.125, 0.125, 0.125, 0.125, 0.125, 0.125, 0.125, 0.125, 0.125, 0.125, 0.125, 0.125, 0.125, 0.125, 0.125, 0.15625, 0.125, 0.125, 0.15625]
[TRAIN]: (1576/1600): reward: 49.21505853161216, rates: 49.21505803382696, loss: 3.1536120176315308, rho: 0.4000000000000001, transmit_actions: 18, P: [0.84375, 0.875, 0.125, 0.15625, 0.125, 0.125, 0.125, 0.125, 0.125, 0.125, 0.125, 0.125, 0.125, 0.09375, 0.15625, 0.125, 0.125, 0.15625, 0.125, 0.125]
[TRAIN]: (1577/1600): reward: 47.22953175008297, rates: 48.229531600700184, loss: 2.7568143606185913, rho: 0.4000000000000001, transmit_actions: 19, P: [0.84375, 0.125, 0.125, 0.125, 0.125, 0.125, 0.125, 0.0625, 0.125, 0.15625, 0.125, 0.125, 0.125, 0.15625, 0.125, 0.125, 0.15625, 0.125, 0.125, 0.125]
[TRAIN]: (1578/1600): reward: 49.01205940544605, rates: 49.01205878701377, loss: 3.057531750202179, rho: 0.4000000000000001, transmit_actions: 19, P: [0.84375, 0.125, 0.125, 0.125, 0.15625, 0.125, 0.125, 0.125, 0.0625, 0.125, 0.125, 0.125, 0.125, 0.125, 0.125, 0.125, 0.125, 0.125, 0.09375, 0.125]
[TRAIN]: (1579/1600): reward: 47.2271816842258, rates: 47.227181133452476, loss: 2.940082997083664, rho: 0.4000000000000001, transmit_actions: 18, P: [0.84375, 0.875, 0.125, 0.125, 0.125, 0.125, 0.125, 0.0625, 0.125, 0.125, 0.125, 0.125, 0.125, 0.09375, 0.15625, 0.15625, 0.15625, 0.15625, 0.125, 0.15625]
[TRAIN]: (1580/1600): reward: 45.12037404254079, rates: 45.12037390263435, loss: 2.97941215634346, rho: 0.4000000000000001, transmit_actions: 18, P: [0.84375, 0.9375, 0.125, 0.125, 0.1875, 0.125, 0.125, 0.0625, 0.125, 0.125, 0.125, 0.125, 0.125, 0.125, 0.125, 0.09375, 0.125, 0.125, 0.125, 0.125]
[TRAIN]: (1581/1600): reward: 42.28751805052161, rates: 43.28751793951327, loss: 3.5068075597286223, rho: 0.4000000000000001, transmit_actions: 18, P: [0.84375, 0.875, 0.125, 0.125, 0.125, 0.125, 0.125, 0.125, 0.125, 0.125, 0.0625, 0.125, 0.125, 0.09375, 0.15625, 0.125, 0.125, 0.15625, 0.09375, 0.09375]
[TRAIN]: (1582/1600): reward: 46.732501335442066, rates: 47.73250178893017, loss: 3.3933099448680877, rho: 0.4000000000000001, transmit_actions: 19, P: [0.84375, 0.125, 0.28125, 0.125, 0.125, 0.125, 0.28125, 0.125, 0.125, 0.125, 0.125, 0.125, 0.125, 0.125, 0.09375, 0.125, 0.125, 0.09375, 0.125, 0.125]
[TRAIN]: (1583/1600): reward: 38.289649091660976, rates: 40.289648746411025, loss: 3.1717470586299896, rho: 0.4000000000000001, transmit_actions: 19, P: [0.84375, 0.125, 0.125, 0.125, 0.125, 0.125, 0.125, 0.0625, 0.125, 0.125, 0.125, 0.09375, 0.125, 0.125, 0.125, 0.125, 0.0625, 0.125, 0.125, 0.09375]
[TRAIN]: (1584/1600): reward: 45.166513822972775, rates: 46.16651385173464, loss: 2.940547299385071, rho: 0.4000000000000001, transmit_actions: 18, P: [0.84375, 0.84375, 0.375, 0.125, 0.125, 0.125, 0.125, 0.125, 0.125, 0.125, 0.125, 0.125, 0.125, 0.125, 0.125, 0.15625, 0.15625, 0.125, 0.125, 0.125]
[TRAIN]: (1585/1600): reward: 39.76745945215225, rates: 41.76745866973032, loss: 2.773774379491806, rho: 0.4000000000000001, transmit_actions: 18, P: [0.84375, 0.125, 0.125, 0.125, 0.125, 0.125, 0.125, 0.125, 0.125, 0.15625, 0.125, 0.125, 0.125, 0.125, 0.125, 0.09375, 0.125, 0.09375, 0.34375, 0.09375]
[TRAIN]: (1586/1600): reward: 48.98643134906888, rates: 49.98643094625303, loss: 3.4608913213014603, rho: 0.4000000000000001, transmit_actions: 19, P: [0.84375, 0.125, 0.0625, 0.125, 0.125, 0.125, 0.125, 0.125, 0.125, 0.125, 0.125, 0.09375, 0.09375, 0.09375, 0.125, 0.125, 0.09375, 0.125, 0.15625, 0.125]
[TRAIN]: (1587/1600): reward: 50.64683052897453, rates: 51.64683062046206, loss: 3.2239890456199647, rho: 0.4000000000000001, transmit_actions: 19, P: [0.84375, 0.125, 0.0625, 0.125, 0.125, 0.125, 0.0625, 0.125, 0.125, 0.125, 0.125, 0.125, 0.125, 0.15625, 0.15625, 0.125, 0.09375, 0.15625, 0.15625, 0.09375]
[TRAIN]: (1588/1600): reward: 48.58016476780176, rates: 48.58016428453377, loss: 3.547868311405182, rho: 0.4000000000000001, transmit_actions: 19, P: [0.84375, 0.125, 0.125, 0.125, 0.125, 0.125, 0.125, 0.125, 0.125, 0.125, 0.125, 0.09375, 0.125, 0.125, 0.125, 0.09375, 0.125, 0.09375, 0.15625, 0.15625]
[TRAIN]: (1589/1600): reward: 45.09267096966505, rates: 47.092671284229766, loss: 2.6871370017528533, rho: 0.4000000000000001, transmit_actions: 19, P: [0.84375, 0.125, 0.125, 0.125, 0.1875, 0.1875, 0.1875, 0.125, 0.28125, 0.15625, 0.125, 0.15625, 0.125, 0.15625, 0.125, 0.15625, 0.09375, 0.09375, 0.09375, 0.125]
[TRAIN]: (1590/1600): reward: 45.585154227912426, rates: 47.58515357542606, loss: 3.2955125153064726, rho: 0.4000000000000001, transmit_actions: 19, P: [0.84375, 0.125, 0.125, 0.125, 0.125, 0.125, 0.125, 0.28125, 0.125, 0.125, 0.28125, 0.125, 0.09375, 0.15625, 0.15625, 0.09375, 0.15625, 0.09375, 0.09375, 0.125]
[TRAIN]: (1591/1600): reward: 44.189147278666496, rates: 46.18914754820138, loss: 3.24849129319191, rho: 0.4000000000000001, transmit_actions: 18, P: [0.84375, 1.0, 0.125, 0.15625, 0.125, 0.125, 0.125, 0.1875, 0.125, 0.1875, 0.125, 0.125, 0.15625, 0.15625, 0.125, 0.125, 0.1875, 0.125, 0.125, 0.15625]
[TRAIN]: (1592/1600): reward: 43.91919481754303, rates: 45.919194386104515, loss: 3.1706247091293336, rho: 0.4000000000000001, transmit_actions: 18, P: [0.84375, 0.84375, 0.125, 0.125, 0.1875, 0.125, 0.125, 0.125, 0.125, 0.125, 0.28125, 0.125, 0.09375, 0.125, 0.125, 0.15625, 0.09375, 0.125, 0.125, 0.125]
[TRAIN]: (1593/1600): reward: 43.102107636630535, rates: 45.10210740125548, loss: 3.2543555736541747, rho: 0.4000000000000001, transmit_actions: 18, P: [0.84375, 0.125, 0.125, 0.125, 0.125, 0.125, 0.125, 0.125, 0.125, 0.125, 0.15625, 0.125, 0.09375, 0.125, 0.125, 0.125, 0.125, 0.15625, 0.125, 0.125]
[TRAIN]: (1594/1600): reward: 47.48030352592468, rates: 48.480303427039715, loss: 3.3481341004371643, rho: 0.4000000000000001, transmit_actions: 19, P: [0.84375, 0.1875, 0.125, 0.125, 0.125, 0.125, 0.1875, 0.125, 0.125, 0.125, 0.125, 0.125, 0.125, 0.125, 0.125, 0.125, 0.15625, 0.125, 0.15625, 0.15625]
[TRAIN]: (1595/1600): reward: 40.23346393555403, rates: 41.233463841488614, loss: 3.3864084780216217, rho: 0.4000000000000001, transmit_actions: 19, P: [0.84375, 0.125, 0.125, 0.125, 0.125, 0.125, 0.125, 0.125, 0.125, 0.125, 0.125, 0.125, 0.125, 0.125, 0.125, 0.15625, 0.125, 0.15625, 0.09375, 0.09375]
[TRAIN]: (1596/1600): reward: 46.60252683609724, rates: 47.60252691161138, loss: 3.3224322736263274, rho: 0.4000000000000001, transmit_actions: 19, P: [0.84375, 0.125, 0.125, 0.125, 0.125, 0.125, 0.21875, 0.125, 0.125, 0.125, 0.125, 0.125, 0.09375, 0.125, 0.09375, 0.09375, 0.09375, 0.15625, 0.125, 0.125]
[TRAIN]: (1597/1600): reward: 31.568921335041523, rates: 34.5689215285191, loss: 2.95468927025795, rho: 0.4000000000000001, transmit_actions: 17, P: [0.84375, 0.125, 0.125, 0.125, 0.125, 0.125, 0.125, 0.125, 0.125, 0.125, 0.125, 0.125, 0.28125, 0.125, 0.15625, 0.125, 0.125, 0.15625, 0.28125, 0.15625]
[TRAIN]: (1598/1600): reward: 41.51210633665323, rates: 42.51210671377051, loss: 2.7017748951911926, rho: 0.4000000000000001, transmit_actions: 19, P: [0.84375, 0.125, 0.125, 0.125, 0.15625, 0.1875, 0.125, 0.125, 0.125, 0.125, 0.125, 0.15625, 0.125, 0.125, 0.125, 0.125, 0.09375, 0.125, 0.09375, 0.15625]
[TRAIN]: (1599/1600): reward: 51.5657043159008, rates: 51.565703534240285, loss: 3.183217889070511, rho: 0.4000000000000001, transmit_actions: 19, P: [0.84375, 0.125, 0.1875, 0.125, 0.125, 0.125, 0.125, 0.125, 0.125, 0.125, 0.125, 0.09375, 0.125, 0.125, 0.125, 0.125, 0.125, 0.125, 0.125, 0.125]
[TRAIN]: (1600/1600): reward: 47.020051561295986, rates: 49.0200518414251, loss: 3.68562775850296, rho: 0.4000000000000001, transmit_actions: 19, P: [0.84375, 0.125, 0.125, 0.125, 0.15625, 0.125, 0.125, 0.125, 0.125, 0.125, 0.125, 0.125, 0.125, 0.09375, 0.09375, 0.09375, 0.09375, 0.09375, 0.09375, 0.09375]
[TRAIN_FINISHED]: Transmit Action: 25636/0
[MAIN]: Time: 4431.02042388916
[MAIN]: END
