[MAIN]: START
[ENV]: Started init Environment
[ENV]: ACTIONS_SPACE: 238
[ENV]: Finished init Environment
[TRAIN]: actions: 238, observations: 70
[TRAIN]: CUDA: True
[TRAIN]: (1/1600): reward: -80.65625357627869, rates: 0.34374641476780443, loss: 0, rho: 0.4625, transmit_actions: 10, P: [0.25, 0.3125, 0.625, 0.875, 0.0, 0.625, 0.0625, 0.0625, 0.4375, 0.5, 0.8125, 0.5, 0.3125, 0.4375, 0.5625, 0.5625, 0.0, 0.0, 0.9375, 0.3125]
[TRAIN]: (2/1600): reward: -70.24598038196564, rates: 1.75401963657717, loss: 0, rho: 0.5, transmit_actions: 10, P: [0.75, 0.0625, 0.6875, 0.625, 0.125, 0.625, 0.125, 1.0, 0.125, 0.6875, 0.25, 0.875, 0.25, 0.875, 1.0, 0.5, 0.8125, 0.75, 0.625, 0.875]
[TRAIN]: (3/1600): reward: -70.90144336223602, rates: 4.098556405788783, loss: 0, rho: 0.49375, transmit_actions: 10, P: [0.5625, 0.375, 0.8125, 0.3125, 0.9375, 1.0, 0.125, 0.75, 0.125, 0.3125, 0.1875, 0.0, 0.25, 0.125, 0.625, 0.625, 0.9375, 0.4375, 0.6875, 0.75]
[TRAIN]: (4/1600): reward: -79.67537379264832, rates: 1.3246262789566288, loss: 12.440556413987103, rho: 0.5875, transmit_actions: 7, P: [0.5625, 0.1875, 1.0, 0.1875, 0.1875, 0.5625, 0.6875, 0.3125, 0.1875, 0.0625, 0.5, 0.3125, 0.625, 0.4375, 1.0, 0.75, 0.0625, 0.4375, 0.3125, 0.125]
[TRAIN]: (5/1600): reward: -70.06260141730309, rates: 0.9373986141004382, loss: 10.897677326202393, rho: 0.44375, transmit_actions: 10, P: [0.125, 0.5, 0.0, 0.3125, 0.5625, 1.0, 1.0, 0.625, 0.875, 0.0625, 0.0625, 0.6875, 0.1875, 0.375, 0.25, 0.3125, 0.25, 0.4375, 0.75, 0.8125]
[TRAIN]: (6/1600): reward: -78.33650070428848, rates: 1.6634992825198425, loss: 8.460876560211181, rho: 0.51875, transmit_actions: 6, P: [0.375, 0.75, 0.125, 0.6875, 0.8125, 1.0, 0.0, 0.4375, 0.5625, 0.6875, 0.3125, 0.3125, 0.125, 0.0, 0.125, 0.625, 1.0, 0.1875, 0.125, 0.9375]
[TRAIN]: (7/1600): reward: -72.48784625530243, rates: 1.5121537180874776, loss: 4.933946347236633, rho: 0.5125, transmit_actions: 12, P: [0.0, 0.5, 0.3125, 0.4375, 0.6875, 0.4375, 0.9375, 0.5, 0.125, 0.375, 0.1875, 0.125, 0.5, 0.5625, 0.75, 0.3125, 0.375, 0.3125, 0.5, 0.875]
[TRAIN]: (8/1600): reward: -57.391540199518204, rates: 3.6084594829699856, loss: 3.2586917877197266, rho: 0.43125, transmit_actions: 13, P: [0.4375, 0.625, 0.1875, 0.3125, 0.5, 0.5, 0.5, 0.5, 0.75, 0.0625, 0.3125, 0.0625, 0.0625, 0.5, 0.3125, 0.125, 0.375, 0.8125, 0.625, 0.625]
[TRAIN]: (9/1600): reward: -66.12315726280212, rates: 0.8768427325845585, loss: 1.9753065884113312, rho: 0.39375, transmit_actions: 9, P: [0.5, 0.5, 0.4375, 0.25, 0.875, 0.9375, 0.625, 0.5625, 0.5625, 1.0, 0.1875, 0.8125, 0.75, 0.375, 0.125, 0.5625, 0.875, 0.875, 0.125, 0.125]
[TRAIN]: (10/1600): reward: -72.97670832276344, rates: 1.0232918318117665, loss: 1.7502415150403976, rho: 0.4625, transmit_actions: 8, P: [1.0, 0.9375, 0.6875, 0.9375, 0.125, 0.875, 0.9375, 0.1875, 0.3125, 0.5625, 0.9375, 0.8125, 0.625, 0.875, 0.3125, 0.9375, 0.125, 0.5625, 0.75, 0.5]
[TRAIN]: (11/1600): reward: -61.24410355091095, rates: 0.7558963623304514, loss: 1.9666297137737274, rho: 0.53125, transmit_actions: 10, P: [0.8125, 0.1875, 0.3125, 0.6875, 0.6875, 1.0, 0.25, 1.0, 0.9375, 0.5625, 0.3125, 0.0, 0.75, 0.8125, 0.5625, 0.8125, 0.6875, 0.3125, 0.4375, 0.6875]
[TRAIN]: (12/1600): reward: -52.08883649110794, rates: 3.9111635468383725, loss: 1.5073238462209702, rho: 0.49375, transmit_actions: 12, P: [0.25, 0.875, 0.5, 0.625, 0.375, 0.1875, 0.25, 0.0625, 0.0625, 0.5, 0.875, 0.25, 1.0, 0.125, 0.875, 0.0625, 0.9375, 0.8125, 0.5, 0.5]
[TRAIN]: (13/1600): reward: -71.49452675879002, rates: 1.5054734406561179, loss: 1.4757852226495742, rho: 0.5875, transmit_actions: 12, P: [0.0, 0.625, 0.9375, 0.0, 0.375, 0.75, 0.25, 0.625, 0.6875, 0.1875, 0.5625, 0.875, 0.1875, 1.0, 0.8125, 0.375, 0.0625, 0.4375, 0.8125, 0.6875]
[TRAIN]: (14/1600): reward: -71.13388758897781, rates: 1.8661124225697456, loss: 1.8318712413311005, rho: 0.625, transmit_actions: 12, P: [0.875, 0.0625, 0.1875, 0.9375, 0.625, 0.6875, 0.8125, 1.0, 0.875, 0.9375, 0.8125, 0.6875, 0.6875, 0.125, 0.875, 0.625, 0.25, 0.25, 0.9375, 0.4375]
[TRAIN]: (15/1600): reward: -66.07979020476341, rates: 0.9202099680174836, loss: 1.5540088832378387, rho: 0.5375, transmit_actions: 10, P: [0.8125, 0.3125, 0.875, 0.875, 0.5625, 0.5625, 0.9375, 0.6875, 0.1875, 0.5, 0.25, 0.3125, 0.1875, 0.75, 0.0, 0.5625, 0.6875, 0.1875, 0.0, 0.625]
[TRAIN]: (16/1600): reward: -68.46180146932602, rates: 1.538198558962915, loss: 1.6409878611564637, rho: 0.53125, transmit_actions: 11, P: [0.25, 0.75, 0.375, 0.0625, 0.625, 0.1875, 0.9375, 0.5, 0.875, 0.4375, 0.5, 0.25, 0.4375, 1.0, 0.4375, 0.875, 0.5, 0.6875, 0.0, 0.75]
[TRAIN]: (17/1600): reward: -66.16875803470612, rates: 0.831241940373949, loss: 1.4564010471105575, rho: 0.475, transmit_actions: 9, P: [0.0, 0.375, 0.3125, 0.0, 0.6875, 0.0, 1.0, 0.375, 0.875, 0.125, 1.0, 0.0, 0.875, 0.375, 0.8125, 0.6875, 0.875, 0.1875, 0.5, 0.9375]
[TRAIN]: (18/1600): reward: -64.8357236161828, rates: 2.1642764233355667, loss: 1.4136842221021653, rho: 0.5, transmit_actions: 11, P: [0.5, 0.625, 0.3125, 1.0, 0.0, 0.1875, 0.0625, 0.875, 0.5625, 0.1875, 0.25, 0.25, 0.0625, 0.1875, 0.625, 0.625, 0.0, 0.875, 0.0625, 0.3125]
[TRAIN]: (19/1600): reward: -58.23643445968628, rates: 3.7635655223532454, loss: 1.5596704930067062, rho: 0.5, transmit_actions: 12, P: [0.5625, 0.375, 0.3125, 0.5625, 0.25, 0.1875, 0.125, 0.4375, 0.9375, 0.0, 0.1875, 0.75, 0.875, 0.75, 0.8125, 0.0625, 0.125, 0.8125, 0.875, 0.375]
[TRAIN]: (20/1600): reward: -85.58199292421341, rates: 0.41800724819642127, loss: 1.5423001632094384, rho: 0.49375, transmit_actions: 8, P: [0.3125, 0.0625, 0.0625, 0.5, 0.0, 0.25, 0.3125, 1.0, 0.375, 0.4375, 0.375, 0.5, 0.8125, 0.6875, 0.375, 0.6875, 0.4375, 0.1875, 0.875, 0.8125]
[TRAIN]: (21/1600): reward: -76.95711731910706, rates: 0.04288260145450465, loss: 1.6792333871126175, rho: 0.4375, transmit_actions: 6, P: [0.0625, 0.9375, 0.8125, 0.75, 0.0625, 0.8125, 0.5625, 0.625, 0.625, 0.625, 0.875, 0.3125, 0.8125, 0.6875, 0.25, 0.3125, 1.0, 0.0, 0.125, 1.0]
[TRAIN]: (22/1600): reward: -83.7279497385025, rates: 0.2720503799000723, loss: 1.5639502942562102, rho: 0.5625, transmit_actions: 9, P: [0.3125, 0.5, 0.4375, 0.8125, 0.25, 0.75, 0.0, 0.4375, 1.0, 0.4375, 0.4375, 0.0625, 0.75, 0.9375, 0.6875, 0.875, 0.1875, 0.8125, 0.0625, 0.5]
[TRAIN]: (23/1600): reward: -73.0068154335022, rates: 3.993184415909986, loss: 1.6085488140583037, rho: 0.49375, transmit_actions: 11, P: [0.9375, 0.875, 1.0, 0.875, 1.0, 0.5625, 0.8125, 0.25, 0.25, 0.25, 1.0, 0.4375, 0.375, 0.3125, 0.0, 0.1875, 0.8125, 0.1875, 0.375, 0.125]
[TRAIN]: (24/1600): reward: -70.58028835058212, rates: 2.419711457540176, loss: 1.5472568780183793, rho: 0.46875, transmit_actions: 10, P: [0.25, 0.0625, 0.8125, 0.0, 1.0, 0.25, 0.625, 1.0, 0.3125, 0.375, 0.125, 0.75, 0.8125, 0.8125, 0.0625, 0.9375, 0.75, 0.625, 0.75, 1.0]
[TRAIN]: (25/1600): reward: -65.51115350797772, rates: 2.488846649054204, loss: 1.7276093393564225, rho: 0.49375, transmit_actions: 7, P: [0.1875, 0.25, 0.3125, 0.625, 0.0, 0.6875, 0.0, 0.125, 0.875, 0.875, 0.25, 0.5, 0.25, 1.0, 0.75, 0.3125, 1.0, 0.125, 0.5, 0.75]
[TRAIN]: (26/1600): reward: -66.38550169765949, rates: 3.614498325852427, loss: 1.4344534009695054, rho: 0.41875, transmit_actions: 12, P: [0.25, 0.4375, 0.6875, 0.5, 0.3125, 0.3125, 0.1875, 0.375, 0.125, 0.375, 0.3125, 0.0, 0.3125, 0.375, 0.125, 0.875, 0.5, 0.625, 0.875, 0.1875]
[TRAIN]: (27/1600): reward: -83.288654088974, rates: 0.7113459773283816, loss: 1.3467713594436646, rho: 0.6, transmit_actions: 7, P: [0.75, 0.25, 0.75, 0.3125, 0.5625, 0.25, 0.875, 0.6875, 0.75, 0.5625, 0.1875, 0.25, 1.0, 0.875, 0.5, 0.1875, 0.5, 0.8125, 0.125, 0.3125]
[TRAIN]: (28/1600): reward: -76.59038894623518, rates: 1.4096111570982564, loss: 1.5229817524552345, rho: 0.525, transmit_actions: 9, P: [0.4375, 0.8125, 0.3125, 1.0, 1.0, 0.3125, 0.625, 0.5, 0.25, 0.0625, 0.4375, 0.5625, 0.9375, 0.9375, 0.5625, 0.0, 0.25, 0.625, 0.125, 1.0]
[TRAIN]: (29/1600): reward: -86.91895198822021, rates: 0.08104796120553018, loss: 1.4341011941432953, rho: 0.4875, transmit_actions: 10, P: [0.25, 0.5, 0.9375, 0.8125, 0.3125, 0.0625, 1.0, 0.9375, 0.875, 0.8125, 0.6875, 0.9375, 0.25, 0.25, 0.6875, 0.6875, 0.8125, 0.5, 0.0, 0.625]
[TRAIN]: (30/1600): reward: -79.7781286239624, rates: 0.22187137022811004, loss: 1.5367429733276368, rho: 0.4875, transmit_actions: 9, P: [0.125, 0.375, 0.0, 0.9375, 0.1875, 0.0, 0.75, 0.875, 0.0625, 0.875, 0.6875, 0.0, 0.625, 0.1875, 0.0, 0.5, 0.875, 0.75, 0.75, 0.5625]
[TRAIN]: (31/1600): reward: -65.70716245472431, rates: 1.292837480969511, loss: 1.3797027587890625, rho: 0.6375, transmit_actions: 10, P: [0.0, 0.125, 0.0, 0.75, 0.375, 0.0625, 0.6875, 0.75, 0.9375, 0.375, 0.8125, 0.0, 0.0625, 0.4375, 0.5625, 0.4375, 0.0625, 0.1875, 0.5, 0.5625]
[TRAIN]: (32/1600): reward: -62.38035845756531, rates: 0.6196415484706713, loss: 1.36789510846138, rho: 0.45, transmit_actions: 10, P: [0.5625, 0.875, 0.4375, 0.1875, 0.0, 0.6875, 0.4375, 0.8125, 0.1875, 0.0, 0.5625, 0.5625, 0.875, 0.75, 0.125, 0.875, 1.0, 0.5, 0.25, 0.9375]
[TRAIN]: (33/1600): reward: -56.57375559210777, rates: 3.426244258506877, loss: 1.538863855600357, rho: 0.48125, transmit_actions: 13, P: [0.1875, 1.0, 0.0625, 0.5, 0.4375, 0.375, 0.75, 0.5625, 0.1875, 1.0, 0.0, 0.125, 0.875, 0.0625, 1.0, 0.3125, 0.5, 0.6875, 0.25, 0.4375]
[TRAIN]: (34/1600): reward: -73.30270802974701, rates: 0.697291990600696, loss: 1.2181684106588364, rho: 0.35625, transmit_actions: 11, P: [0.1875, 0.0625, 0.6875, 0.5625, 0.0, 0.875, 0.9375, 0.625, 0.5625, 0.625, 0.9375, 0.375, 0.875, 0.3125, 1.0, 0.75, 0.9375, 0.3125, 0.875, 0.5]
[TRAIN]: (35/1600): reward: -81.43734124302864, rates: 1.562659058387538, loss: 1.409617856144905, rho: 0.5375, transmit_actions: 12, P: [0.75, 0.125, 0.5, 0.25, 0.1875, 0.75, 0.3125, 0.125, 0.375, 0.5625, 0.125, 0.5, 0.4375, 0.9375, 1.0, 0.6875, 0.8125, 0.75, 0.25, 0.8125]
[TRAIN]: (36/1600): reward: -75.88626497983932, rates: 2.1137350848948295, loss: 1.453089290857315, rho: 0.53125, transmit_actions: 11, P: [0.0625, 0.9375, 0.0, 0.5625, 0.5625, 0.375, 0.0625, 1.0, 0.375, 0.4375, 0.5625, 0.0625, 0.1875, 0.875, 1.0, 0.5, 0.4375, 0.375, 0.125, 1.0]
[TRAIN]: (37/1600): reward: -69.25111031532288, rates: 1.74888991686651, loss: 1.452413436770439, rho: 0.54375, transmit_actions: 12, P: [1.0, 0.4375, 0.5, 0.875, 0.3125, 0.0625, 0.3125, 0.9375, 0.125, 0.9375, 0.75, 0.4375, 1.0, 0.0625, 1.0, 0.6875, 0.0625, 1.0, 0.875, 0.1875]
[TRAIN]: (38/1600): reward: -82.65425062179565, rates: 0.3457494241803429, loss: 1.3434943586587906, rho: 0.5375, transmit_actions: 8, P: [0.5625, 0.0, 0.5, 0.5625, 0.5, 0.5, 0.3125, 0.4375, 0.625, 0.9375, 0.6875, 0.4375, 0.6875, 0.5, 0.625, 0.0625, 0.125, 0.9375, 1.0, 0.625]
[TRAIN]: (39/1600): reward: -72.72302824258804, rates: 1.2769717672848255, loss: 1.454873913526535, rho: 0.425, transmit_actions: 10, P: [1.0, 0.125, 1.0, 0.0625, 0.375, 0.5, 0.125, 0.8125, 0.5625, 0.0, 0.125, 0.3125, 0.6875, 0.6875, 0.25, 0.6875, 0.5, 0.1875, 1.0, 0.625]
[TRAIN]: (40/1600): reward: -62.1947965323925, rates: 0.8052034837197618, loss: 1.3902521014213562, rho: 0.475, transmit_actions: 8, P: [0.0, 0.1875, 0.8125, 0.5, 0.875, 0.5, 0.0625, 1.0, 0.8125, 0.125, 0.3125, 0.9375, 0.9375, 0.9375, 0.1875, 0.4375, 0.0625, 0.0, 0.25, 0.0]
[TRAIN]: (41/1600): reward: -79.66977858543396, rates: 0.3302213218635166, loss: 1.4401564478874207, rho: 0.50625, transmit_actions: 9, P: [0.5625, 0.5, 0.6875, 0.5, 1.0, 0.375, 0.0, 0.75, 0.3125, 0.8125, 0.625, 0.6875, 0.5, 0.875, 0.25, 1.0, 0.875, 0.1875, 0.9375, 0.5625]
[TRAIN]: (42/1600): reward: -71.69835996627808, rates: 1.3016402266471243, loss: 1.368867775797844, rho: 0.53125, transmit_actions: 7, P: [0.125, 0.375, 0.375, 0.125, 0.0, 0.9375, 0.0625, 0.6875, 0.875, 0.1875, 0.8125, 0.9375, 0.8125, 0.875, 0.3125, 0.4375, 0.6875, 0.875, 0.8125, 0.9375]
[TRAIN]: (43/1600): reward: -59.60437774658203, rates: 2.3956221735004184, loss: 1.3842936605215073, rho: 0.50625, transmit_actions: 15, P: [0.4375, 0.6875, 0.9375, 0.5, 1.0, 0.25, 0.1875, 0.1875, 0.9375, 0.625, 0.375, 0.0, 1.0, 0.5, 0.0, 0.0, 0.25, 0.5625, 0.875, 0.9375]
[TRAIN]: (44/1600): reward: -54.16614383459091, rates: 1.8338562720449945, loss: 1.363856628537178, rho: 0.475, transmit_actions: 12, P: [0.5625, 0.625, 0.0, 0.0, 0.0625, 0.4375, 0.0625, 0.5, 0.6875, 0.0, 0.5, 0.1875, 0.25, 0.75, 0.8125, 0.9375, 0.625, 0.625, 0.9375, 0.125]
[TRAIN]: (45/1600): reward: -65.95836961269379, rates: 1.0416302009575011, loss: 1.2960531681776046, rho: 0.5375, transmit_actions: 9, P: [0.5, 0.5, 0.375, 0.0, 0.8125, 0.875, 0.8125, 1.0, 0.125, 0.125, 0.1875, 0.75, 0.5, 1.0, 0.75, 0.875, 0.3125, 0.9375, 0.5, 0.4375]
[TRAIN]: (46/1600): reward: -73.8056697845459, rates: 1.19433025590916, loss: 1.350910058617592, rho: 0.475, transmit_actions: 11, P: [0.3125, 0.625, 0.375, 0.625, 0.875, 1.0, 1.0, 0.5, 0.6875, 0.125, 0.8125, 0.25, 0.3125, 0.0, 0.1875, 0.375, 0.3125, 1.0, 0.0625, 0.625]
[TRAIN]: (47/1600): reward: -73.53817129135132, rates: 1.4618288680062412, loss: 1.4726825207471848, rho: 0.5375, transmit_actions: 9, P: [0.0, 0.875, 1.0, 0.375, 0.4375, 0.1875, 0.8125, 0.125, 0.5625, 0.8125, 0.0625, 0.6875, 0.625, 0.75, 1.0, 0.0625, 0.3125, 0.625, 0.4375, 0.9375]
[TRAIN]: (48/1600): reward: -78.1722347587347, rates: 0.8277652158044686, loss: 1.3685005873441696, rho: 0.63125, transmit_actions: 7, P: [0.3125, 0.5, 0.75, 0.9375, 0.375, 0.5, 0.75, 0.0, 0.125, 0.0, 0.25, 0.0625, 0.3125, 0.375, 0.125, 0.1875, 0.375, 0.3125, 0.6875, 0.5625]
[TRAIN]: (49/1600): reward: -73.2128541469574, rates: 0.7871457547765468, loss: 1.204381388425827, rho: 0.5875, transmit_actions: 9, P: [0.625, 0.6875, 0.375, 0.625, 0.75, 0.0625, 0.0625, 0.5625, 0.6875, 0.3125, 0.9375, 0.875, 0.8125, 0.375, 0.75, 1.0, 0.4375, 0.375, 0.375, 0.25]
[TRAIN]: (50/1600): reward: -87.9178908765316, rates: 1.0821091957090232, loss: 1.4165790915489196, rho: 0.4875, transmit_actions: 12, P: [0.625, 0.8125, 0.4375, 0.0625, 0.25, 0.625, 0.5, 0.75, 0.875, 0.875, 0.75, 0.5, 0.5625, 1.0, 0.125, 0.6875, 0.8125, 0.75, 0.4375, 0.9375]
[TRAIN]: (51/1600): reward: -76.42806422710419, rates: 1.5719358872453897, loss: 1.3477359861135483, rho: 0.625, transmit_actions: 11, P: [0.1875, 0.625, 0.5625, 0.25, 0.625, 0.375, 0.6875, 0.25, 0.4375, 0.5, 0.375, 1.0, 0.5625, 0.9375, 1.0, 0.6875, 0.0625, 0.25, 0.25, 0.1875]
[TRAIN]: (52/1600): reward: -62.42738950252533, rates: 1.5726107352550325, loss: 1.249736875295639, rho: 0.50625, transmit_actions: 9, P: [0.375, 0.4375, 0.0625, 0.6875, 0.875, 1.0, 0.375, 0.5, 0.25, 0.4375, 0.8125, 0.375, 0.8125, 0.5, 0.5, 0.25, 0.1875, 0.0, 0.3125, 1.0]
[TRAIN]: (53/1600): reward: -82.01163452863693, rates: 0.9883655865662533, loss: 1.327240628004074, rho: 0.53125, transmit_actions: 10, P: [0.6875, 0.4375, 0.25, 0.0625, 0.1875, 0.8125, 0.4375, 1.0, 0.5, 0.4375, 0.4375, 0.25, 0.9375, 0.1875, 0.4375, 0.625, 0.4375, 0.875, 0.25, 0.3125]
[TRAIN]: (54/1600): reward: -70.74311769008636, rates: 3.2568822316394757, loss: 1.2269677430391313, rho: 0.39375, transmit_actions: 10, P: [0.25, 0.1875, 0.125, 0.1875, 0.4375, 0.1875, 0.5, 0.1875, 0.0, 0.0625, 0.8125, 0.3125, 0.1875, 0.75, 0.375, 0.6875, 0.4375, 0.5, 0.5625, 0.375]
[TRAIN]: (55/1600): reward: -64.14820712804794, rates: 2.8517928537501183, loss: 1.1852942079305648, rho: 0.4875, transmit_actions: 12, P: [0.4375, 0.0, 0.375, 0.5625, 0.125, 0.875, 0.0625, 0.9375, 0.1875, 0.6875, 0.5625, 1.0, 0.8125, 0.4375, 0.125, 0.3125, 0.9375, 0.75, 0.25, 0.75]
[TRAIN]: (56/1600): reward: -64.84441968798637, rates: 2.155580508996363, loss: 1.3987805426120759, rho: 0.5875, transmit_actions: 11, P: [0.875, 0.375, 0.4375, 0.3125, 0.875, 0.1875, 0.0, 0.625, 0.25, 0.1875, 0.9375, 0.0625, 0.1875, 0.3125, 0.375, 1.0, 0.3125, 1.0, 0.0625, 0.625]
[TRAIN]: (57/1600): reward: -70.46747946739197, rates: 0.5325203985295942, loss: 1.2824595004320145, rho: 0.43125, transmit_actions: 13, P: [0.0625, 1.0, 0.125, 0.25, 0.25, 1.0, 0.25, 0.875, 0.625, 0.25, 0.1875, 0.9375, 0.3125, 0.625, 0.9375, 0.0, 0.5, 0.875, 0.4375, 0.6875]
[TRAIN]: (58/1600): reward: -60.83606109023094, rates: 3.163938937008993, loss: 1.2678892970085145, rho: 0.4375, transmit_actions: 11, P: [0.1875, 0.4375, 0.625, 0.8125, 0.625, 0.1875, 0.0, 0.1875, 1.0, 0.25, 0.8125, 0.1875, 0.0625, 0.0, 0.9375, 0.0625, 0.125, 0.375, 0.0625, 0.1875]
[TRAIN]: (59/1600): reward: -59.96529135107994, rates: 2.034708703548393, loss: 1.2792633444070816, rho: 0.51875, transmit_actions: 10, P: [1.0, 0.9375, 1.0, 0.1875, 0.125, 0.1875, 1.0, 0.25, 0.875, 0.375, 0.5, 0.125, 0.9375, 0.75, 0.8125, 0.75, 0.8125, 0.6875, 0.6875, 0.1875]
[TRAIN]: (60/1600): reward: -62.80665171146393, rates: 1.1933482894408884, loss: 1.4191124618053437, rho: 0.5375, transmit_actions: 11, P: [0.5, 0.5, 0.9375, 0.5625, 0.1875, 0.9375, 0.125, 0.9375, 0.625, 0.4375, 0.5625, 0.9375, 0.9375, 0.75, 0.0, 0.75, 0.9375, 0.9375, 0.375, 0.5]
[TRAIN]: (61/1600): reward: -73.58884336054325, rates: 1.4111565548964164, loss: 1.2508805781602859, rho: 0.475, transmit_actions: 9, P: [0.9375, 0.5625, 0.25, 0.125, 0.25, 0.875, 0.6875, 0.0, 0.1875, 0.125, 0.125, 1.0, 0.5625, 1.0, 0.5625, 0.0, 0.6875, 0.6875, 1.0, 0.4375]
[TRAIN]: (62/1600): reward: -65.55686232447624, rates: 1.443137694913728, loss: 1.2818656325340272, rho: 0.475, transmit_actions: 10, P: [0.375, 0.875, 0.0, 0.625, 0.375, 0.1875, 0.625, 0.1875, 0.5625, 0.0625, 0.0, 0.0, 0.4375, 0.9375, 0.125, 1.0, 0.8125, 0.0, 0.8125, 0.9375]
[TRAIN]: (63/1600): reward: -69.26962125301361, rates: 1.7303787800620363, loss: 1.3560597866773605, rho: 0.5, transmit_actions: 12, P: [0.5625, 0.625, 0.875, 1.0, 1.0, 0.6875, 0.125, 0.375, 0.8125, 0.6875, 0.5625, 0.8125, 0.875, 0.9375, 0.8125, 0.5, 0.8125, 0.4375, 0.25, 0.1875]
[TRAIN]: (64/1600): reward: -53.90060904622078, rates: 4.099390884718149, loss: 1.2356615155935287, rho: 0.51875, transmit_actions: 13, P: [0.5625, 0.75, 0.5, 0.5, 0.4375, 0.5, 0.875, 0.8125, 0.9375, 0.8125, 0.875, 0.0625, 0.9375, 0.0, 0.6875, 0.125, 0.1875, 0.1875, 0.6875, 0.0625]
[TRAIN]: (65/1600): reward: -51.889219515025616, rates: 3.1107803903306515, loss: 1.33826904296875, rho: 0.45625, transmit_actions: 13, P: [0.9375, 0.3125, 0.6875, 1.0, 0.3125, 0.0625, 0.8125, 0.5625, 0.625, 0.375, 0.0, 0.3125, 1.0, 0.125, 0.125, 0.1875, 0.625, 0.25, 1.0, 0.25]
[TRAIN]: (66/1600): reward: -63.47100955247879, rates: 0.5289903946944217, loss: 1.4619788587093354, rho: 0.48125, transmit_actions: 8, P: [0.75, 0.4375, 0.0, 0.0625, 0.875, 0.4375, 0.5, 0.6875, 0.625, 0.625, 0.5, 0.625, 0.75, 0.6875, 0.75, 0.0, 0.875, 0.0625, 0.6875, 0.9375]
[TRAIN]: (67/1600): reward: -69.99718824028969, rates: 2.0028116763821058, loss: 1.4189384222030639, rho: 0.55, transmit_actions: 12, P: [0.6875, 0.9375, 0.0, 0.5625, 0.125, 0.375, 0.25, 0.1875, 0.9375, 0.9375, 0.625, 0.1875, 0.8125, 0.8125, 0.75, 0.125, 0.625, 0.125, 0.8125, 0.1875]
[TRAIN]: (68/1600): reward: -57.532358169555664, rates: 1.4676418572905232, loss: 1.4066149920225144, rho: 0.4, transmit_actions: 9, P: [0.125, 0.8125, 0.0625, 0.3125, 0.1875, 0.8125, 0.6875, 0.25, 0.125, 0.625, 0.5625, 0.0625, 0.75, 0.0, 0.375, 0.25, 0.25, 0.3125, 0.5625, 0.0625]
[TRAIN]: (69/1600): reward: -63.81782352924347, rates: 4.182176494634396, loss: 1.2822051644325256, rho: 0.4375, transmit_actions: 8, P: [0.3125, 0.4375, 0.8125, 0.25, 0.75, 0.1875, 0.125, 0.0625, 0.25, 0.75, 0.6875, 0.1875, 0.625, 0.875, 0.625, 0.8125, 0.875, 0.75, 0.0625, 0.1875]
[TRAIN]: (70/1600): reward: -64.67565444111824, rates: 5.324345667089457, loss: 1.2706015586853028, rho: 0.56875, transmit_actions: 10, P: [0.9375, 0.0625, 0.9375, 0.5625, 0.0625, 0.6875, 0.5, 0.625, 0.75, 0.5, 0.25, 0.75, 0.0, 0.0625, 0.625, 0.8125, 0.125, 0.375, 0.4375, 0.0625]
[TRAIN]: (71/1600): reward: -49.63543087244034, rates: 2.364569311725878, loss: 1.3740225553512573, rho: 0.48125, transmit_actions: 9, P: [0.6875, 0.375, 0.1875, 0.1875, 0.625, 0.6875, 0.0625, 0.6875, 0.9375, 0.5, 0.875, 0.8125, 0.6875, 0.5625, 0.8125, 0.25, 0.8125, 0.5625, 0.375, 0.9375]
[TRAIN]: (72/1600): reward: -66.71840780973434, rates: 1.281592019225334, loss: 1.2644887447357178, rho: 0.44375, transmit_actions: 11, P: [0.6875, 1.0, 0.4375, 0.3125, 0.75, 0.25, 0.6875, 0.5625, 0.25, 0.625, 0.9375, 0.6875, 0.5625, 1.0, 0.9375, 0.375, 0.4375, 0.1875, 0.5625, 0.375]
[TRAIN]: (73/1600): reward: -59.82354438304901, rates: 1.1764555406972728, loss: 1.3974006712436675, rho: 0.45625, transmit_actions: 11, P: [1.0, 0.25, 0.9375, 0.875, 0.1875, 0.6875, 0.1875, 0.25, 0.4375, 0.0625, 0.8125, 0.0625, 0.25, 0.875, 0.375, 0.75, 0.375, 0.8125, 0.8125, 0.0]
[TRAIN]: (74/1600): reward: -72.03248536586761, rates: 0.9675145869039696, loss: 1.379911521077156, rho: 0.3875, transmit_actions: 7, P: [0.625, 0.9375, 0.1875, 0.5625, 0.375, 0.25, 0.875, 0.625, 0.625, 0.8125, 0.1875, 1.0, 0.3125, 0.4375, 0.25, 0.0625, 1.0, 1.0, 0.875, 0.375]
[TRAIN]: (75/1600): reward: -77.85144013166428, rates: 1.1485599647610434, loss: 1.405877211689949, rho: 0.50625, transmit_actions: 7, P: [0.9375, 0.4375, 0.8125, 0.1875, 0.6875, 0.25, 0.125, 0.4375, 0.875, 0.1875, 0.375, 0.4375, 0.1875, 0.4375, 0.625, 0.75, 0.8125, 0.5, 0.5, 0.1875]
[TRAIN]: (76/1600): reward: -74.63588118553162, rates: 2.364118674938228, loss: 1.4236578822135926, rho: 0.49375, transmit_actions: 10, P: [0.375, 0.5625, 0.625, 0.375, 1.0, 0.625, 0.375, 0.75, 0.9375, 0.375, 0.375, 0.5625, 0.125, 0.875, 0.9375, 0.0, 0.4375, 0.75, 0.6875, 0.8125]
[TRAIN]: (77/1600): reward: -63.3583702147007, rates: 0.6416298067294601, loss: 1.3043399184942246, rho: 0.4125, transmit_actions: 8, P: [0.375, 0.0625, 0.4375, 1.0, 0.9375, 0.9375, 1.0, 0.3125, 0.5625, 0.0, 0.9375, 0.875, 0.0, 0.25, 0.75, 0.0625, 0.5, 0.375, 0.5625, 0.75]
[TRAIN]: (78/1600): reward: -67.77504655718803, rates: 1.2249534473203814, loss: 1.204670137166977, rho: 0.40625, transmit_actions: 9, P: [0.125, 0.5, 0.75, 0.125, 0.875, 0.125, 0.75, 0.0625, 0.875, 1.0, 0.4375, 0.375, 0.5, 0.25, 0.1875, 0.4375, 0.625, 0.875, 0.25, 0.5625]
[TRAIN]: (79/1600): reward: -58.613654755055904, rates: 2.386345092450553, loss: 1.2968139871954918, rho: 0.45625, transmit_actions: 11, P: [0.0, 0.625, 0.125, 0.9375, 0.3125, 0.625, 0.0625, 0.1875, 0.5, 0.25, 0.4375, 0.5625, 0.0, 0.875, 0.25, 0.4375, 0.5625, 0.8125, 0.625, 0.4375]
[TRAIN]: (80/1600): reward: -80.61929845809937, rates: 0.38070160032568867, loss: 1.2511352121829986, rho: 0.5625, transmit_actions: 10, P: [0.75, 0.875, 0.3125, 0.125, 0.6875, 0.75, 0.125, 0.0, 0.0, 0.0, 0.75, 0.8125, 0.3125, 0.0, 0.9375, 0.4375, 1.0, 0.0, 0.8125, 0.6875]
[TRAIN]: (81/1600): reward: -71.38039898872375, rates: 1.6196007739015923, loss: 1.2648009687662125, rho: 0.50625, transmit_actions: 10, P: [0.5625, 0.4375, 0.625, 0.75, 0.125, 0.0625, 0.25, 0.9375, 0.5625, 0.8125, 0.6875, 0.0625, 1.0, 1.0, 0.8125, 1.0, 0.75, 0.625, 0.25, 0.8125]
[TRAIN]: (82/1600): reward: -65.46850579977036, rates: 2.531494039142277, loss: 1.3531356513500215, rho: 0.49375, transmit_actions: 12, P: [0.625, 0.3125, 0.75, 0.3125, 0.5, 0.9375, 0.0, 0.9375, 0.5625, 0.75, 0.75, 0.375, 0.375, 0.375, 0.1875, 0.3125, 0.125, 0.625, 0.3125, 0.9375]
[TRAIN]: (83/1600): reward: -68.38384781777859, rates: 2.616152161502863, loss: 1.2888860285282135, rho: 0.46875, transmit_actions: 8, P: [0.9375, 0.0625, 0.25, 0.75, 0.4375, 0.25, 0.375, 0.25, 0.5, 0.4375, 0.6875, 1.0, 0.25, 0.0, 0.1875, 0.1875, 0.0625, 0.6875, 0.875, 0.5625]
[TRAIN]: (84/1600): reward: -70.71105003356934, rates: 1.2889497990008232, loss: 1.3872124135494233, rho: 0.51875, transmit_actions: 9, P: [0.0625, 0.625, 0.75, 0.75, 0.4375, 0.6875, 0.875, 0.6875, 0.5625, 0.0625, 0.875, 0.5, 0.1875, 0.3125, 0.5625, 0.9375, 0.4375, 0.375, 0.5, 0.375]
[TRAIN]: (85/1600): reward: -86.02044251561165, rates: 0.9795575629609139, loss: 1.2895058959722518, rho: 0.59375, transmit_actions: 13, P: [0.375, 0.75, 1.0, 0.9375, 0.375, 0.9375, 0.125, 0.875, 0.5625, 0.875, 1.0, 0.8125, 0.0625, 0.0, 0.375, 0.25, 0.6875, 0.5, 0.25, 0.9375]
[TRAIN]: (86/1600): reward: -61.13186743110418, rates: 2.868132556053989, loss: 1.4151453077793121, rho: 0.475, transmit_actions: 10, P: [0.25, 0.5, 0.0, 0.8125, 0.4375, 0.5625, 0.4375, 0.4375, 0.3125, 0.125, 0.125, 1.0, 0.3125, 0.25, 0.375, 0.4375, 0.9375, 0.25, 0.25, 0.1875]
[TRAIN]: (87/1600): reward: -75.7653619647026, rates: 1.2346378821687294, loss: 1.645824098587036, rho: 0.48125, transmit_actions: 9, P: [0.9375, 0.5625, 0.375, 0.625, 0.875, 0.1875, 0.1875, 0.9375, 0.125, 0.375, 0.25, 0.25, 0.75, 0.6875, 0.8125, 0.25, 0.875, 0.8125, 0.4375, 0.625]
[TRAIN]: (88/1600): reward: -74.36570765078068, rates: 1.6342924478505725, loss: 1.3563032686710357, rho: 0.55625, transmit_actions: 8, P: [0.125, 0.25, 0.25, 0.4375, 0.3125, 0.375, 0.5, 0.8125, 0.0625, 0.4375, 0.0625, 0.1875, 0.75, 0.75, 0.625, 0.0, 0.875, 0.5625, 0.1875, 0.375]
[TRAIN]: (89/1600): reward: -70.00260344147682, rates: 0.997396619482035, loss: 1.359064871072769, rho: 0.46875, transmit_actions: 8, P: [0.6875, 0.8125, 0.625, 0.8125, 0.5625, 0.375, 0.6875, 0.375, 0.0625, 0.1875, 0.0625, 1.0, 1.0, 0.8125, 0.25, 0.875, 0.0, 0.0625, 0.5625, 0.0]
[TRAIN]: (90/1600): reward: -69.81635856628418, rates: 1.1836413777314772, loss: 1.4979227304458618, rho: 0.45625, transmit_actions: 8, P: [0.1875, 0.25, 0.6875, 0.25, 0.4375, 0.5625, 0.1875, 0.6875, 0.125, 0.6875, 0.5625, 0.3125, 0.0, 0.0, 0.4375, 0.0625, 0.8125, 0.0625, 0.875, 0.75]
[TRAIN]: (91/1600): reward: -85.71444344520569, rates: 0.2855564989065288, loss: 1.4287001550197602, rho: 0.5125, transmit_actions: 8, P: [0.25, 0.875, 0.25, 0.8125, 0.8125, 0.1875, 0.25, 0.0, 0.375, 0.5, 0.4375, 0.625, 0.9375, 0.375, 0.9375, 0.9375, 0.5625, 0.5, 0.8125, 0.0]
[TRAIN]: (92/1600): reward: -57.797922015190125, rates: 3.202078181971334, loss: 1.2890542834997176, rho: 0.45625, transmit_actions: 9, P: [0.6875, 0.625, 0.3125, 0.8125, 0.125, 0.0625, 0.125, 0.375, 0.5, 0.8125, 0.75, 0.6875, 0.1875, 0.75, 0.375, 0.0, 0.6875, 0.75, 0.75, 0.75]
[TRAIN]: (93/1600): reward: -69.41844689846039, rates: 1.5815530976414087, loss: 1.549354788661003, rho: 0.525, transmit_actions: 8, P: [0.25, 0.125, 0.5, 0.0625, 0.375, 0.8125, 0.8125, 0.5, 0.6875, 0.25, 0.25, 0.8125, 0.9375, 0.3125, 0.125, 0.625, 0.625, 0.875, 0.1875, 0.25]
[TRAIN]: (94/1600): reward: -78.82969559729099, rates: 3.1703045409310415, loss: 1.4239174395799636, rho: 0.525, transmit_actions: 10, P: [0.625, 0.4375, 0.3125, 0.5625, 0.4375, 0.3125, 0.0, 0.25, 0.9375, 0.375, 0.5, 0.75, 0.0625, 0.625, 0.6875, 0.125, 0.25, 0.375, 0.3125, 0.5]
[TRAIN]: (95/1600): reward: -77.9180888235569, rates: 1.081911116085038, loss: 1.3798418283462524, rho: 0.54375, transmit_actions: 7, P: [0.5625, 0.375, 0.25, 0.4375, 0.5, 0.0, 0.9375, 1.0, 0.625, 0.5625, 0.1875, 0.0, 0.0625, 0.6875, 0.1875, 0.875, 0.25, 1.0, 1.0, 0.25]
[TRAIN]: (96/1600): reward: -75.56899273395538, rates: 0.43100718864850573, loss: 1.5275936007499695, rho: 0.56875, transmit_actions: 7, P: [0.25, 0.5625, 0.875, 0.375, 0.9375, 0.1875, 0.4375, 1.0, 0.625, 0.6875, 0.3125, 0.5, 0.8125, 0.6875, 0.875, 0.5625, 0.625, 0.25, 0.6875, 0.375]
[TRAIN]: (97/1600): reward: -72.89482593536377, rates: 0.10517408862637831, loss: 1.4287692576646804, rho: 0.4875, transmit_actions: 9, P: [0.875, 0.9375, 0.9375, 0.8125, 0.1875, 0.75, 0.9375, 0.9375, 0.625, 0.375, 0.375, 0.4375, 0.0, 0.125, 0.375, 0.625, 0.0, 0.6875, 0.625, 0.1875]
[TRAIN]: (98/1600): reward: -44.18947559595108, rates: 0.8105244031108161, loss: 1.3941867619752883, rho: 0.29375, transmit_actions: 5, P: [0.75, 0.0, 0.125, 0.6875, 0.0625, 0.5625, 0.75, 0.3125, 0.9375, 0.875, 0.875, 0.375, 0.125, 0.75, 0.6875, 0.125, 1.0, 0.875, 0.875, 0.375]
[TRAIN]: (99/1600): reward: -70.50657600164413, rates: 1.4934240384573791, loss: 1.2414944052696228, rho: 0.4875, transmit_actions: 8, P: [1.0, 1.0, 0.6875, 0.0, 0.0, 0.0625, 0.5625, 0.1875, 0.3125, 0.1875, 1.0, 0.8125, 0.0625, 0.125, 0.5625, 1.0, 0.1875, 0.9375, 0.875, 0.6875]
[TRAIN]: (100/1600): reward: -69.62831059098244, rates: 1.3716891157084503, loss: 1.3536542505025864, rho: 0.48125, transmit_actions: 11, P: [0.6875, 0.5, 1.0, 0.9375, 0.3125, 0.0, 0.625, 0.875, 0.3125, 0.375, 0.4375, 0.3125, 0.375, 0.125, 0.25, 0.5625, 0.4375, 0.25, 0.8125, 0.6875]
[TRAIN]: (101/1600): reward: -75.01766273379326, rates: 0.9823371840493519, loss: 1.37466559112072, rho: 0.54375, transmit_actions: 7, P: [0.0625, 0.875, 0.1875, 0.375, 0.75, 0.6875, 0.3125, 0.625, 0.9375, 0.5, 0.9375, 0.8125, 0.5625, 0.6875, 0.75, 0.6875, 0.1875, 0.0625, 0.25, 0.5]
[TRAIN]: (102/1600): reward: -67.22505195438862, rates: 1.7749479901406817, loss: 1.4601667076349258, rho: 0.4875, transmit_actions: 10, P: [0.125, 0.625, 0.5, 0.8125, 0.125, 0.125, 0.9375, 0.875, 0.875, 0.0, 0.0625, 0.0, 0.3125, 0.375, 0.4375, 0.625, 0.1875, 0.3125, 0.0, 0.75]
[TRAIN]: (103/1600): reward: -71.78646928071976, rates: 1.2135307618598217, loss: 1.2759026288986206, rho: 0.41875, transmit_actions: 8, P: [0.8125, 0.25, 0.5, 0.125, 0.0, 0.75, 0.6875, 0.875, 0.0, 0.0, 0.5, 0.0625, 0.5625, 0.6875, 0.5, 0.6875, 0.4375, 0.0625, 0.1875, 0.8125]
[TRAIN]: (104/1600): reward: -88.84514427185059, rates: 0.1548557908874788, loss: 1.4578032314777374, rho: 0.50625, transmit_actions: 9, P: [0.625, 0.875, 1.0, 0.875, 0.5, 0.375, 0.5625, 0.5, 0.4375, 0.4375, 0.0, 0.1875, 0.8125, 0.3125, 0.5625, 0.75, 1.0, 0.625, 1.0, 0.9375]
[TRAIN]: (105/1600): reward: -71.00673314929008, rates: 0.9932670716940549, loss: 1.4210876196622848, rho: 0.575, transmit_actions: 7, P: [0.75, 0.625, 0.0, 0.5, 0.1875, 0.5, 0.5625, 0.125, 0.9375, 0.75, 0.1875, 0.9375, 0.1875, 0.3125, 0.875, 0.75, 0.125, 0.625, 0.625, 0.875]
[TRAIN]: (106/1600): reward: -80.1809504032135, rates: 0.8190496151081272, loss: 1.3696621507406235, rho: 0.65, transmit_actions: 9, P: [0.5, 0.0, 0.75, 0.8125, 0.625, 0.625, 0.125, 0.1875, 0.5625, 0.125, 0.5, 0.5625, 0.8125, 0.6875, 0.5625, 0.625, 0.875, 0.4375, 1.0, 0.625]
[TRAIN]: (107/1600): reward: -60.892905712127686, rates: 1.10709414279509, loss: 1.4000032663345336, rho: 0.46875, transmit_actions: 9, P: [0.5, 0.0625, 0.0, 0.125, 0.25, 0.0, 1.0, 0.1875, 0.875, 0.5, 0.75, 0.0, 0.8125, 0.75, 0.4375, 0.0, 0.3125, 0.125, 0.6875, 0.25]
[TRAIN]: (108/1600): reward: -66.4407254755497, rates: 2.5592745290428276, loss: 1.471639832854271, rho: 0.3875, transmit_actions: 11, P: [0.6875, 0.3125, 0.875, 0.6875, 0.0, 0.875, 0.0625, 0.375, 0.0, 0.9375, 0.5625, 0.125, 0.0625, 0.125, 0.75, 0.8125, 0.1875, 1.0, 0.625, 0.0]
[TRAIN]: (109/1600): reward: -68.40199315547943, rates: 2.5980068435203005, loss: 1.3937264740467072, rho: 0.53125, transmit_actions: 12, P: [0.625, 0.75, 0.0, 0.0625, 0.5, 0.5625, 0.4375, 0.9375, 0.4375, 0.0625, 0.625, 0.0625, 0.375, 0.4375, 0.125, 0.8125, 0.375, 0.75, 0.1875, 0.8125]
[TRAIN]: (110/1600): reward: -77.17880445718765, rates: 1.8211953493711632, loss: 1.3906013250350953, rho: 0.575, transmit_actions: 10, P: [0.875, 0.5625, 0.5625, 0.9375, 0.25, 0.1875, 0.9375, 0.75, 0.875, 0.4375, 0.75, 1.0, 0.8125, 1.0, 0.9375, 0.1875, 0.3125, 0.125, 0.125, 0.3125]
[TRAIN]: (111/1600): reward: -80.05153024196625, rates: 0.9484698398848384, loss: 1.4392739713191987, rho: 0.63125, transmit_actions: 11, P: [0.125, 0.3125, 0.625, 0.9375, 0.75, 0.375, 0.0, 0.6875, 0.5625, 0.3125, 0.625, 0.1875, 0.875, 0.625, 0.4375, 0.625, 0.375, 0.9375, 0.5625, 0.125]
[TRAIN]: (112/1600): reward: -74.84661710262299, rates: 1.1533827140783897, loss: 1.312871778011322, rho: 0.44375, transmit_actions: 7, P: [0.625, 0.4375, 0.5625, 0.5, 0.1875, 0.0625, 0.8125, 0.375, 0.0625, 0.4375, 0.8125, 0.75, 0.5625, 0.8125, 0.75, 0.75, 0.3125, 0.375, 1.0, 0.6875]
[TRAIN]: (113/1600): reward: -66.35785961151123, rates: 2.6421403882490817, loss: 1.28567815721035, rho: 0.475, transmit_actions: 7, P: [0.5625, 0.4375, 0.375, 0.9375, 0.5625, 0.875, 0.125, 0.625, 0.5, 1.0, 0.9375, 0.25, 0.75, 0.3125, 0.0625, 1.0, 0.0625, 0.75, 0.25, 0.8125]
[TRAIN]: (114/1600): reward: -77.63519961386919, rates: 2.364800581089659, loss: 1.4137216001749038, rho: 0.5875, transmit_actions: 10, P: [0.5, 0.25, 0.4375, 0.8125, 0.1875, 0.125, 1.0, 0.8125, 0.125, 0.375, 0.25, 0.375, 0.6875, 0.3125, 0.3125, 0.875, 0.3125, 0.1875, 0.4375, 0.875]
[TRAIN]: (115/1600): reward: -87.59883113205433, rates: 0.4011689737635732, loss: 1.3488022625446319, rho: 0.54375, transmit_actions: 7, P: [1.0, 0.0, 0.375, 0.25, 0.4375, 0.5, 0.9375, 0.5, 0.9375, 0.0625, 0.375, 0.0, 0.5, 0.0625, 0.9375, 0.9375, 0.6875, 1.0, 0.6875, 0.9375]
[TRAIN]: (116/1600): reward: -64.86908069252968, rates: 3.1309194576164874, loss: 1.5456726908683778, rho: 0.55, transmit_actions: 11, P: [0.5, 0.875, 0.75, 0.4375, 0.875, 0.75, 0.25, 0.4375, 0.5, 0.1875, 0.125, 0.1875, 0.3125, 0.5, 0.125, 0.5625, 1.0, 0.5625, 0.625, 0.8125]
[TRAIN]: (117/1600): reward: -71.21513694524765, rates: 1.784862973509977, loss: 1.3548815339803695, rho: 0.5375, transmit_actions: 9, P: [0.1875, 0.125, 0.0625, 0.6875, 1.0, 0.3125, 0.8125, 0.625, 0.75, 0.0, 0.1875, 0.8125, 0.9375, 0.25, 0.625, 0.625, 0.125, 0.875, 0.0625, 0.875]
[TRAIN]: (118/1600): reward: -55.723528265953064, rates: 3.2764717412856883, loss: 1.2253785192966462, rho: 0.45, transmit_actions: 13, P: [0.9375, 0.5, 0.875, 0.125, 0.625, 0.0, 0.1875, 1.0, 1.0, 0.4375, 1.0, 0.625, 0.75, 0.5625, 0.125, 0.125, 0.0625, 0.8125, 1.0, 0.625]
[TRAIN]: (119/1600): reward: -79.70757615566254, rates: 1.2924240934075075, loss: 1.5607937097549438, rho: 0.56875, transmit_actions: 8, P: [0.625, 0.625, 0.625, 0.75, 0.9375, 0.8125, 0.3125, 0.875, 0.0, 0.125, 0.9375, 0.125, 0.6875, 0.125, 0.1875, 0.4375, 0.8125, 0.3125, 0.375, 0.0]
[TRAIN]: (120/1600): reward: -72.56524133682251, rates: 1.434758455785568, loss: 1.348323804140091, rho: 0.575, transmit_actions: 11, P: [0.9375, 0.75, 0.5625, 0.125, 0.875, 0.0, 0.75, 0.3125, 0.0625, 0.6875, 0.8125, 0.125, 0.6875, 0.1875, 0.75, 1.0, 0.625, 1.0, 0.4375, 0.5625]
[TRAIN]: (121/1600): reward: -69.34738937020302, rates: 1.6526106659917938, loss: 1.4345854818820953, rho: 0.41875, transmit_actions: 13, P: [0.125, 0.25, 0.125, 0.0, 0.6875, 0.5625, 0.9375, 0.1875, 0.6875, 0.9375, 0.8125, 0.25, 0.875, 0.8125, 0.875, 0.8125, 0.625, 0.4375, 0.6875, 0.9375]
[TRAIN]: (122/1600): reward: -69.00248849391937, rates: 1.9975114944419667, loss: 1.350820317864418, rho: 0.51875, transmit_actions: 14, P: [0.25, 0.625, 0.75, 0.125, 0.4375, 0.9375, 0.375, 0.0625, 0.9375, 0.8125, 0.3125, 0.1875, 0.0625, 0.5, 0.25, 0.9375, 0.9375, 0.125, 0.8125, 0.3125]
[TRAIN]: (123/1600): reward: -64.04184371232986, rates: 1.958156359188661, loss: 1.4714482218027114, rho: 0.5875, transmit_actions: 10, P: [0.375, 0.5625, 0.5, 0.1875, 0.625, 0.625, 0.875, 0.0625, 0.125, 0.0, 0.8125, 0.4375, 0.25, 0.125, 0.25, 0.0625, 0.3125, 0.8125, 0.125, 0.5625]
[TRAIN]: (124/1600): reward: -71.58120737969875, rates: 2.4187926424937762, loss: 1.3501882702112198, rho: 0.50625, transmit_actions: 10, P: [0.8125, 0.375, 0.625, 0.0, 0.875, 0.25, 0.3125, 0.125, 0.375, 1.0, 0.25, 0.125, 0.3125, 0.0, 0.8125, 0.25, 0.4375, 0.75, 0.3125, 0.75]
[TRAIN]: (125/1600): reward: -59.65407395362854, rates: 2.345926086893198, loss: 1.3752953976392746, rho: 0.5125, transmit_actions: 13, P: [0.625, 0.6875, 0.8125, 0.3125, 0.6875, 0.875, 0.0, 1.0, 0.625, 0.875, 0.75, 0.6875, 0.0625, 0.625, 0.25, 0.8125, 0.0, 0.1875, 0.625, 0.3125]
[TRAIN]: (126/1600): reward: -70.41656765341759, rates: 1.5834321326289151, loss: 1.6637491554021835, rho: 0.4875, transmit_actions: 11, P: [0.9375, 0.0, 0.1875, 0.4375, 0.875, 0.9375, 1.0, 1.0, 0.0, 0.25, 0.8125, 0.0, 0.5, 0.9375, 0.125, 0.6875, 0.875, 0.3125, 0.0, 0.125]
[TRAIN]: (127/1600): reward: -49.188667327165604, rates: 3.811332591882499, loss: 1.2305272549390793, rho: 0.475, transmit_actions: 14, P: [0.4375, 0.9375, 0.8125, 0.125, 0.125, 0.1875, 0.4375, 0.25, 0.6875, 0.4375, 0.875, 0.0625, 0.5, 0.0625, 0.25, 0.6875, 0.4375, 0.125, 0.3125, 0.4375]
[TRAIN]: (128/1600): reward: -71.29264098405838, rates: 1.7073590579815257, loss: 1.5193801254034043, rho: 0.45, transmit_actions: 10, P: [0.625, 0.0625, 0.9375, 0.375, 0.875, 0.0625, 0.0625, 0.75, 0.125, 0.125, 0.9375, 0.125, 0.6875, 0.4375, 0.125, 0.6875, 0.5, 0.3125, 0.625, 0.4375]
[TRAIN]: (129/1600): reward: -63.044670194387436, rates: 1.9553295381029856, loss: 1.6288350701332093, rho: 0.45, transmit_actions: 10, P: [0.9375, 0.3125, 0.3125, 0.25, 0.625, 0.75, 0.875, 0.9375, 0.625, 0.125, 0.5625, 0.1875, 0.6875, 0.3125, 0.0625, 0.625, 0.25, 0.9375, 0.375, 0.9375]
[TRAIN]: (130/1600): reward: -54.23663309216499, rates: 1.763366861742043, loss: 1.455794295668602, rho: 0.41875, transmit_actions: 11, P: [0.75, 0.625, 0.0625, 0.9375, 0.0, 0.625, 1.0, 0.375, 0.0625, 0.3125, 0.25, 0.375, 0.9375, 0.3125, 0.1875, 0.625, 0.25, 0.1875, 0.1875, 0.9375]
[TRAIN]: (131/1600): reward: -59.19594165682793, rates: 1.8040583359681917, loss: 1.37987322807312, rho: 0.4875, transmit_actions: 10, P: [0.875, 0.9375, 0.1875, 0.8125, 0.4375, 0.8125, 0.125, 1.0, 0.0625, 0.8125, 0.5, 0.5, 0.5625, 0.125, 1.0, 0.875, 0.375, 0.6875, 0.625, 0.1875]
[TRAIN]: (132/1600): reward: -76.90084230899811, rates: 1.0991576875597056, loss: 1.4554713845252991, rho: 0.41875, transmit_actions: 13, P: [0.8125, 0.3125, 0.1875, 0.9375, 0.625, 0.875, 0.9375, 0.5625, 0.375, 0.125, 0.3125, 0.9375, 0.0, 1.0, 0.1875, 0.5625, 0.875, 0.8125, 0.5, 0.4375]
[TRAIN]: (133/1600): reward: -48.569072648882866, rates: 3.4309275737196403, loss: 1.3579221099615097, rho: 0.425, transmit_actions: 13, P: [0.3125, 0.0625, 1.0, 0.6875, 0.0, 0.0, 0.0, 0.8125, 0.625, 0.0625, 0.9375, 0.4375, 0.375, 0.1875, 0.4375, 0.25, 0.1875, 0.625, 0.375, 0.6875]
[TRAIN]: (134/1600): reward: -69.2984904050827, rates: 1.7015096922121538, loss: 1.3707677885890006, rho: 0.5375, transmit_actions: 9, P: [0.3125, 0.8125, 0.0625, 0.25, 0.3125, 0.9375, 0.5625, 0.125, 0.0, 0.4375, 0.3125, 0.25, 0.3125, 0.125, 0.0, 1.0, 0.625, 0.0625, 0.625, 0.875]
[TRAIN]: (135/1600): reward: -44.961726024746895, rates: 3.038273756835435, loss: 1.3820955067873002, rho: 0.49375, transmit_actions: 12, P: [0.6875, 0.0, 0.5, 0.0, 0.75, 0.5625, 0.1875, 0.8125, 0.25, 0.625, 0.625, 0.0, 0.0, 0.0625, 0.25, 0.5625, 0.875, 0.375, 0.1875, 0.125]
[TRAIN]: (136/1600): reward: -64.3932652771473, rates: 2.6067344886739683, loss: 1.4630604565143586, rho: 0.5, transmit_actions: 14, P: [0.9375, 0.375, 0.1875, 0.75, 0.0625, 0.9375, 0.375, 0.625, 0.875, 0.0625, 0.25, 0.5625, 0.6875, 0.3125, 0.625, 0.0, 0.625, 0.3125, 0.4375, 0.3125]
[TRAIN]: (137/1600): reward: -76.86613607406616, rates: 0.1338639960704188, loss: 1.3448202550411223, rho: 0.48125, transmit_actions: 9, P: [0.125, 0.4375, 0.8125, 0.125, 0.5625, 0.5, 0.25, 0.125, 0.8125, 0.0, 0.9375, 1.0, 0.75, 0.5625, 0.4375, 0.0625, 0.375, 0.75, 0.0, 0.5625]
[TRAIN]: (138/1600): reward: -70.21823148429394, rates: 0.7817683369480549, loss: 1.3224371701478959, rho: 0.43125, transmit_actions: 10, P: [0.0625, 0.5, 0.8125, 0.25, 1.0, 0.3125, 0.25, 0.875, 0.1875, 0.25, 0.0, 0.375, 1.0, 0.75, 0.125, 1.0, 0.875, 0.4375, 0.4375, 0.875]
[TRAIN]: (139/1600): reward: -66.02065807580948, rates: 0.979341888743947, loss: 1.3049631506204604, rho: 0.50625, transmit_actions: 8, P: [0.8125, 0.0625, 0.6875, 0.3125, 0.5, 0.125, 1.0, 0.1875, 0.3125, 0.875, 0.5, 0.3125, 0.0, 0.8125, 0.125, 0.9375, 0.4375, 0.8125, 0.6875, 0.75]
[TRAIN]: (140/1600): reward: -75.3396224975586, rates: 0.6603776361504714, loss: 1.4307648152112962, rho: 0.51875, transmit_actions: 8, P: [0.3125, 0.4375, 0.375, 0.0625, 0.25, 0.375, 1.0, 0.75, 0.5625, 0.8125, 0.3125, 0.5, 0.1875, 0.0, 0.9375, 0.5, 0.6875, 0.75, 0.9375, 1.0]
[TRAIN]: (141/1600): reward: -75.39442801475525, rates: 0.6055719952459739, loss: 1.492241010069847, rho: 0.4875, transmit_actions: 14, P: [0.375, 0.8125, 0.8125, 0.6875, 0.5625, 0.625, 0.375, 0.3125, 0.5625, 0.125, 0.0, 0.4375, 0.4375, 0.625, 0.5, 0.375, 0.875, 0.4375, 0.0, 0.875]
[TRAIN]: (142/1600): reward: -64.9624225795269, rates: 2.037577503409885, loss: 1.4218258380889892, rho: 0.55, transmit_actions: 14, P: [0.6875, 0.9375, 1.0, 0.8125, 0.75, 0.25, 0.9375, 0.9375, 0.0, 0.3125, 0.6875, 0.0625, 0.1875, 0.3125, 0.375, 0.3125, 0.375, 0.0625, 0.8125, 0.0625]
[TRAIN]: (143/1600): reward: -60.84194152057171, rates: 1.1580585711152835, loss: 1.3832319736480714, rho: 0.5, transmit_actions: 8, P: [0.25, 0.5, 0.0625, 0.5, 0.375, 0.875, 0.1875, 0.0, 0.375, 0.9375, 0.375, 0.3125, 0.0, 0.9375, 0.875, 0.125, 0.125, 1.0, 0.8125, 0.5]
[TRAIN]: (144/1600): reward: -73.71531349420547, rates: 2.2846865097263183, loss: 1.5173799812793731, rho: 0.38125, transmit_actions: 8, P: [0.375, 0.125, 0.5625, 0.3125, 0.4375, 0.8125, 0.875, 0.1875, 0.125, 0.125, 0.1875, 0.4375, 0.125, 0.0, 0.75, 0.875, 0.5, 0.8125, 0.3125, 0.625]
[TRAIN]: (145/1600): reward: -71.35472494363785, rates: 2.645275055964833, loss: 1.3183834075927734, rho: 0.58125, transmit_actions: 11, P: [0.3125, 0.5, 0.6875, 0.75, 0.75, 0.25, 0.1875, 0.5, 0.6875, 0.0, 0.8125, 0.5, 0.8125, 0.75, 1.0, 0.1875, 0.4375, 0.125, 0.875, 0.125]
[TRAIN]: (146/1600): reward: -76.0802481174469, rates: 0.9197520367307397, loss: 1.509786519408226, rho: 0.48125, transmit_actions: 12, P: [0.625, 0.8125, 0.75, 0.1875, 0.0, 0.0, 0.5625, 0.0625, 0.4375, 0.625, 0.3125, 0.5625, 0.6875, 0.75, 0.9375, 0.5625, 1.0, 0.6875, 1.0, 0.5]
[TRAIN]: (147/1600): reward: -62.57832728326321, rates: 1.4216726408061273, loss: 1.3827596336603165, rho: 0.4875, transmit_actions: 9, P: [0.375, 0.1875, 0.375, 0.9375, 0.125, 0.6875, 0.9375, 0.6875, 0.375, 0.9375, 0.1875, 0.5625, 0.75, 0.0625, 0.3125, 0.6875, 0.5625, 0.1875, 0.125, 0.25]
[TRAIN]: (148/1600): reward: -82.61272072792053, rates: 1.3872794528296666, loss: 1.3807802319526672, rho: 0.4625, transmit_actions: 11, P: [0.125, 0.4375, 0.3125, 0.3125, 0.0, 0.8125, 0.4375, 0.375, 0.3125, 0.375, 1.0, 0.4375, 0.875, 0.8125, 0.125, 0.4375, 0.9375, 0.625, 0.4375, 0.375]
[TRAIN]: (149/1600): reward: -73.16931518912315, rates: 0.830684649116253, loss: 1.3833144843578338, rho: 0.4875, transmit_actions: 11, P: [0.125, 0.125, 0.5625, 0.75, 0.6875, 0.1875, 0.9375, 0.6875, 0.0, 1.0, 0.375, 0.9375, 0.875, 0.9375, 0.5, 0.375, 0.6875, 0.75, 0.6875, 0.5625]
[TRAIN]: (150/1600): reward: -76.36616945266724, rates: 0.6338305534351757, loss: 1.223622214794159, rho: 0.5375, transmit_actions: 4, P: [0.9375, 0.375, 0.9375, 0.4375, 0.5625, 0.375, 0.6875, 0.25, 0.625, 0.8125, 0.6875, 0.9375, 0.4375, 0.9375, 0.5625, 0.0, 0.5625, 0.5625, 0.625, 0.3125]
[TRAIN]: (151/1600): reward: -78.2836844921112, rates: 0.7163154670111263, loss: 1.5780200719833375, rho: 0.44375, transmit_actions: 11, P: [0.1875, 0.0625, 0.375, 0.5625, 0.75, 0.125, 0.3125, 1.0, 0.6875, 0.875, 0.6875, 1.0, 0.0, 0.3125, 0.0, 1.0, 0.5625, 0.125, 0.5625, 0.5]
[TRAIN]: (152/1600): reward: -68.82284331321716, rates: 2.1771567970107073, loss: 1.3902136951684951, rho: 0.5, transmit_actions: 7, P: [0.5, 0.375, 0.5625, 0.5625, 0.5, 0.375, 0.1875, 0.375, 0.9375, 0.875, 0.75, 0.875, 0.0625, 0.3125, 0.375, 0.6875, 0.9375, 0.25, 0.0625, 0.4375]
[TRAIN]: (153/1600): reward: -71.1249487400055, rates: 1.8750514106708072, loss: 1.357547751069069, rho: 0.4125, transmit_actions: 12, P: [0.375, 0.0, 0.5, 0.125, 0.4375, 0.5625, 0.625, 0.625, 0.3125, 0.3125, 0.9375, 0.8125, 0.875, 0.75, 0.875, 0.6875, 1.0, 0.4375, 0.9375, 0.75]
[TRAIN]: (154/1600): reward: -80.58067771792412, rates: 1.4193222940003425, loss: 1.4732065826654435, rho: 0.5125, transmit_actions: 7, P: [0.5, 0.3125, 0.0, 0.5, 0.3125, 0.9375, 0.9375, 0.5625, 0.5, 0.1875, 0.75, 0.25, 0.25, 0.8125, 0.625, 0.6875, 0.375, 0.25, 0.375, 0.4375]
[TRAIN]: (155/1600): reward: -72.54770934581757, rates: 0.4522906431612664, loss: 1.424575799703598, rho: 0.4875, transmit_actions: 8, P: [0.75, 0.9375, 0.8125, 0.25, 0.75, 0.6875, 0.3125, 0.9375, 0.4375, 0.5625, 0.3125, 0.625, 0.875, 0.0, 0.25, 0.4375, 0.75, 0.9375, 0.8125, 0.8125]
[TRAIN]: (156/1600): reward: -72.50482969731092, rates: 2.495170389333765, loss: 1.5758202075958252, rho: 0.53125, transmit_actions: 10, P: [0.25, 0.0, 0.4375, 0.375, 0.875, 0.4375, 0.5625, 0.1875, 0.75, 0.0625, 0.25, 0.125, 0.875, 0.1875, 0.5, 0.0625, 0.1875, 0.3125, 0.375, 0.125]
[TRAIN]: (157/1600): reward: -79.29285335540771, rates: 0.707146769983711, loss: 1.437796413898468, rho: 0.44375, transmit_actions: 12, P: [0.5, 0.0625, 0.375, 0.625, 0.1875, 0.0625, 0.875, 0.75, 0.125, 0.5625, 0.75, 0.9375, 0.6875, 0.625, 0.3125, 0.8125, 0.3125, 0.8125, 0.25, 0.25]
[TRAIN]: (158/1600): reward: -66.14199495315552, rates: 1.8580049760071107, loss: 1.3443636864423751, rho: 0.475, transmit_actions: 11, P: [0.25, 0.25, 0.0, 0.0625, 0.6875, 0.9375, 0.0625, 0.0, 0.625, 0.9375, 0.25, 0.625, 0.5, 0.4375, 0.5625, 0.9375, 0.9375, 0.0625, 0.1875, 0.625]
[TRAIN]: (159/1600): reward: -58.71127377450466, rates: 3.288725991803888, loss: 1.1721923768520355, rho: 0.53125, transmit_actions: 13, P: [0.3125, 1.0, 0.875, 0.5, 0.875, 0.125, 0.25, 0.5, 0.3125, 0.3125, 0.5, 0.5625, 0.25, 0.5, 0.875, 0.6875, 0.3125, 0.125, 0.8125, 0.0]
[TRAIN]: (160/1600): reward: -76.35354459285736, rates: 1.6464552855616938, loss: 1.330931505560875, rho: 0.51875, transmit_actions: 8, P: [0.0, 0.8125, 0.1875, 0.875, 0.0625, 0.1875, 0.3125, 0.0, 0.1875, 0.9375, 0.4375, 0.4375, 0.0625, 0.9375, 1.0, 0.6875, 0.0, 0.3125, 0.25, 0.0]
[TRAIN]: (161/1600): reward: -79.92990624904633, rates: 1.070093683241951, loss: 1.5658870309591293, rho: 0.59375, transmit_actions: 12, P: [0.125, 0.6875, 0.5, 0.5625, 0.625, 0.5625, 0.25, 0.9375, 0.75, 0.0625, 0.8125, 0.125, 0.8125, 0.625, 0.75, 0.25, 0.6875, 0.6875, 0.3125, 0.25]
[TRAIN]: (162/1600): reward: -65.90188252925873, rates: 2.0981173915545988, loss: 1.4523663759231566, rho: 0.48125, transmit_actions: 10, P: [0.9375, 0.0625, 1.0, 0.75, 0.4375, 0.375, 0.0, 0.75, 0.875, 0.3125, 0.3125, 0.5625, 0.3125, 0.625, 0.625, 0.875, 0.8125, 0.0625, 0.3125, 0.0625]
[TRAIN]: (163/1600): reward: -67.00868953764439, rates: 1.9913105400096054, loss: 1.3732325673103332, rho: 0.51875, transmit_actions: 12, P: [0.5, 0.9375, 0.0625, 0.25, 0.0, 0.75, 0.8125, 0.0625, 0.0, 0.5, 0.75, 0.375, 0.0625, 0.875, 0.1875, 0.75, 0.875, 0.5, 0.9375, 0.375]
[TRAIN]: (164/1600): reward: -63.90235698223114, rates: 1.097643078076053, loss: 1.4559398680925368, rho: 0.36875, transmit_actions: 12, P: [0.75, 0.0, 0.375, 0.8125, 0.4375, 0.1875, 0.4375, 0.375, 0.625, 0.375, 0.1875, 0.5, 0.5, 0.75, 0.125, 0.75, 0.6875, 0.75, 0.75, 1.0]
[TRAIN]: (165/1600): reward: -72.78816258907318, rates: 1.2118373409805643, loss: 1.3602683871984482, rho: 0.5625, transmit_actions: 13, P: [0.375, 0.3125, 0.5625, 0.0, 0.8125, 0.5625, 0.625, 0.1875, 0.8125, 0.0625, 0.3125, 0.125, 0.125, 1.0, 0.4375, 0.9375, 0.1875, 0.5625, 0.375, 1.0]
[TRAIN]: (166/1600): reward: -72.96907925605774, rates: 2.0309207887840848, loss: 1.4705271154642106, rho: 0.49375, transmit_actions: 11, P: [0.75, 0.5, 0.8125, 0.0625, 0.25, 0.625, 0.6875, 0.6875, 0.5625, 0.625, 0.625, 0.5625, 0.8125, 0.8125, 0.1875, 0.1875, 0.125, 0.375, 0.375, 0.0]
[TRAIN]: (167/1600): reward: -56.803963931277394, rates: 3.1960359254386748, loss: 1.3764604091644288, rho: 0.58125, transmit_actions: 13, P: [0.5, 0.3125, 0.0, 0.625, 1.0, 0.625, 0.5625, 0.0, 0.375, 0.5, 0.25, 0.625, 0.0625, 0.8125, 0.0625, 0.125, 0.375, 0.4375, 0.0625, 0.375]
[TRAIN]: (168/1600): reward: -55.175238601863384, rates: 2.8247613260647464, loss: 1.50532785654068, rho: 0.475, transmit_actions: 9, P: [0.0, 0.5625, 0.375, 0.4375, 0.125, 0.5625, 0.0625, 0.875, 0.875, 0.125, 0.1875, 0.25, 0.625, 0.125, 0.125, 0.4375, 0.9375, 0.25, 0.5625, 0.375]
[TRAIN]: (169/1600): reward: -76.6069120913744, rates: 0.39308794260305124, loss: 1.4782251983880996, rho: 0.50625, transmit_actions: 9, P: [0.5, 0.6875, 0.875, 0.5625, 0.5625, 0.125, 0.0625, 0.5625, 0.0625, 0.625, 1.0, 0.125, 0.625, 0.3125, 0.9375, 0.9375, 0.5, 0.3125, 0.875, 0.6875]
[TRAIN]: (170/1600): reward: -80.62717604637146, rates: 1.3728239989472, loss: 1.2613600671291352, rho: 0.65, transmit_actions: 12, P: [0.25, 0.5625, 0.0, 0.5625, 0.8125, 0.1875, 0.6875, 0.6875, 0.0625, 0.9375, 0.375, 0.3125, 0.25, 0.3125, 0.1875, 0.375, 0.375, 0.1875, 0.25, 0.625]
[TRAIN]: (171/1600): reward: -66.79636662453413, rates: 1.2036333919822724, loss: 1.4098557263612748, rho: 0.575, transmit_actions: 8, P: [0.8125, 0.75, 0.625, 0.5625, 0.6875, 0.0, 0.8125, 1.0, 0.8125, 0.0625, 0.625, 0.6875, 0.6875, 0.125, 0.0, 0.1875, 0.75, 0.25, 0.375, 0.75]
[TRAIN]: (172/1600): reward: -70.59336751699448, rates: 1.4066325428124649, loss: 1.270883896946907, rho: 0.46875, transmit_actions: 14, P: [0.1875, 0.375, 0.25, 0.875, 0.4375, 0.5625, 0.3125, 1.0, 0.375, 0.9375, 0.9375, 0.1875, 0.4375, 0.25, 0.3125, 0.1875, 0.625, 0.625, 0.0, 1.0]
[TRAIN]: (173/1600): reward: -53.66219091415405, rates: 0.337809306274936, loss: 1.415053391456604, rho: 0.45625, transmit_actions: 7, P: [0.8125, 0.8125, 1.0, 0.0, 0.875, 0.75, 0.75, 0.75, 0.25, 1.0, 0.0, 0.875, 0.6875, 0.5, 0.0, 0.375, 0.0, 0.75, 0.3125, 0.75]
[TRAIN]: (174/1600): reward: -83.42952591180801, rates: 1.5704739274033934, loss: 1.3521874040365218, rho: 0.53125, transmit_actions: 8, P: [0.375, 0.5, 0.1875, 0.125, 0.1875, 0.125, 0.375, 0.3125, 0.375, 0.125, 0.3125, 0.1875, 0.875, 0.125, 0.9375, 0.5, 0.3125, 0.3125, 0.5, 0.0]
[TRAIN]: (175/1600): reward: -88.20519945025444, rates: 0.7948006353323462, loss: 1.4503358006477356, rho: 0.49375, transmit_actions: 8, P: [0.8125, 0.3125, 0.75, 0.9375, 0.75, 0.375, 0.75, 0.25, 0.375, 0.0625, 0.375, 0.0, 0.375, 1.0, 0.0625, 0.8125, 0.4375, 0.9375, 0.1875, 0.0]
[TRAIN]: (176/1600): reward: -56.38153621554375, rates: 2.6184639503984197, loss: 1.384997022151947, rho: 0.51875, transmit_actions: 13, P: [0.4375, 0.3125, 0.25, 0.125, 0.75, 0.75, 0.625, 0.25, 0.375, 0.3125, 0.1875, 0.375, 0.8125, 0.25, 0.9375, 0.5, 0.4375, 0.125, 0.0625, 1.0]
[TRAIN]: (177/1600): reward: -75.46350371837616, rates: 1.5364963202372408, loss: 1.4914395213127136, rho: 0.48125, transmit_actions: 9, P: [0.1875, 0.625, 0.9375, 0.3125, 0.875, 0.375, 1.0, 0.875, 0.5625, 0.1875, 0.75, 0.9375, 0.3125, 0.5625, 0.625, 0.75, 1.0, 0.8125, 0.5, 0.75]
[TRAIN]: (178/1600): reward: -69.20999518036842, rates: 2.79000480135534, loss: 1.2940095245838166, rho: 0.46875, transmit_actions: 8, P: [0.75, 0.375, 0.125, 0.5, 0.125, 0.375, 0.875, 0.6875, 0.8125, 0.8125, 0.75, 1.0, 0.75, 0.0625, 0.1875, 0.8125, 0.125, 0.6875, 0.75, 0.625]
[TRAIN]: (179/1600): reward: -74.12879250943661, rates: 1.871207454475567, loss: 1.2757035344839096, rho: 0.56875, transmit_actions: 10, P: [0.4375, 0.375, 0.5625, 0.0625, 0.625, 0.875, 0.875, 0.375, 0.8125, 0.625, 0.75, 0.375, 0.25, 0.6875, 0.375, 0.3125, 0.0625, 0.3125, 0.25, 0.75]
[TRAIN]: (180/1600): reward: -72.70073163509369, rates: 2.299268473251042, loss: 1.3566039681434632, rho: 0.60625, transmit_actions: 11, P: [0.125, 0.8125, 0.1875, 1.0, 0.3125, 0.4375, 0.9375, 0.5625, 0.4375, 0.5, 0.4375, 0.0, 0.6875, 0.6875, 0.9375, 0.375, 0.9375, 0.5625, 0.25, 0.3125]
[TRAIN]: (181/1600): reward: -77.42521673440933, rates: 1.5747833215019011, loss: 1.3145899966359138, rho: 0.6125, transmit_actions: 10, P: [0.625, 0.9375, 0.625, 0.25, 0.25, 0.5, 0.9375, 0.1875, 0.25, 0.6875, 0.5, 0.6875, 0.9375, 0.4375, 0.9375, 0.6875, 0.5625, 0.6875, 0.25, 0.625]
[TRAIN]: (182/1600): reward: -74.8667163848877, rates: 1.1332834854652063, loss: 1.2693888992071152, rho: 0.45, transmit_actions: 12, P: [1.0, 0.875, 0.375, 0.0, 0.5625, 0.25, 0.4375, 0.8125, 1.0, 0.0, 0.4375, 1.0, 0.3125, 0.8125, 0.875, 0.8125, 0.6875, 0.0625, 0.4375, 0.5625]
[TRAIN]: (183/1600): reward: -66.42420440912247, rates: 0.5757957479777052, loss: 1.463989019393921, rho: 0.49375, transmit_actions: 10, P: [0.25, 0.8125, 0.6875, 0.8125, 0.1875, 0.75, 0.9375, 0.125, 0.4375, 0.5625, 0.1875, 0.5625, 0.5, 0.5625, 1.0, 1.0, 0.3125, 0.125, 0.0625, 0.875]
[TRAIN]: (184/1600): reward: -61.33147290209308, rates: 2.6685272344561373, loss: 1.4375771433115005, rho: 0.41875, transmit_actions: 13, P: [0.1875, 0.125, 0.25, 0.0625, 1.0, 0.4375, 0.1875, 0.25, 0.25, 0.1875, 0.9375, 0.625, 0.5, 0.5, 1.0, 0.625, 0.5625, 0.875, 0.25, 0.1875]
[TRAIN]: (185/1600): reward: -55.494656562805176, rates: 0.5053433590687435, loss: 1.3621915519237517, rho: 0.49375, transmit_actions: 13, P: [0.9375, 1.0, 0.875, 0.875, 0.625, 0.5, 0.25, 0.0, 0.4375, 0.75, 0.875, 1.0, 1.0, 0.6875, 0.4375, 0.6875, 0.375, 0.0, 0.0, 0.875]
[TRAIN]: (186/1600): reward: -71.71553820371628, rates: 2.284461694447609, loss: 1.3123076796531676, rho: 0.475, transmit_actions: 9, P: [0.1875, 0.9375, 0.25, 0.5, 0.625, 0.3125, 0.25, 0.4375, 0.125, 0.25, 0.6875, 1.0, 0.5625, 0.25, 0.3125, 0.8125, 0.1875, 0.0, 0.5625, 0.1875]
[TRAIN]: (187/1600): reward: -67.8834847053513, rates: 2.1165153582365246, loss: 1.4946359634399413, rho: 0.51875, transmit_actions: 7, P: [0.75, 1.0, 0.25, 0.8125, 0.5, 0.25, 0.8125, 0.375, 1.0, 0.1875, 0.5, 0.0625, 0.625, 0.5625, 0.625, 0.1875, 0.3125, 0.5, 0.9375, 0.0625]
[TRAIN]: (188/1600): reward: -80.57446825504303, rates: 1.425531695963459, loss: 1.632857972383499, rho: 0.46875, transmit_actions: 6, P: [0.3125, 0.875, 0.125, 0.125, 0.5625, 0.6875, 0.125, 0.375, 0.8125, 0.6875, 0.6875, 0.1875, 0.75, 0.0, 0.0625, 0.0625, 0.9375, 0.5625, 0.5, 0.0625]
[TRAIN]: (189/1600): reward: -73.5480272769928, rates: 1.4519729126741854, loss: 1.4660336375236511, rho: 0.4625, transmit_actions: 12, P: [0.5625, 0.6875, 0.6875, 0.875, 0.25, 0.5, 0.0, 0.0625, 0.3125, 0.125, 0.625, 0.4375, 0.4375, 0.9375, 0.6875, 0.3125, 0.5, 0.4375, 0.5625, 0.75]
[TRAIN]: (190/1600): reward: -76.93633532524109, rates: 0.06366463203403917, loss: 1.2749596029520034, rho: 0.45625, transmit_actions: 7, P: [0.125, 0.9375, 0.9375, 0.3125, 0.9375, 0.625, 0.875, 0.75, 0.4375, 0.5, 0.625, 0.6875, 0.5, 0.875, 0.9375, 0.125, 0.0, 0.9375, 0.5625, 0.0625]
[TRAIN]: (191/1600): reward: -71.53733217716217, rates: 1.462667839800667, loss: 1.318015268445015, rho: 0.4875, transmit_actions: 11, P: [0.1875, 0.0625, 0.75, 0.25, 1.0, 0.3125, 0.625, 0.8125, 0.625, 0.5, 0.3125, 0.25, 0.375, 0.1875, 0.875, 0.8125, 0.0625, 0.8125, 0.4375, 0.8125]
[TRAIN]: (192/1600): reward: -86.35735231637955, rates: 1.6426476816099527, loss: 1.2468271672725677, rho: 0.50625, transmit_actions: 16, P: [0.875, 0.25, 0.75, 0.6875, 0.6875, 0.875, 0.375, 0.375, 0.8125, 0.1875, 0.9375, 0.9375, 0.0625, 0.375, 0.125, 0.0625, 0.125, 0.5625, 0.75, 0.75]
[TRAIN]: (193/1600): reward: -67.49129246920347, rates: 2.5087073539534925, loss: 1.453084808588028, rho: 0.525, transmit_actions: 12, P: [0.625, 0.3125, 0.4375, 0.125, 0.8125, 0.625, 1.0, 0.8125, 0.3125, 0.125, 0.9375, 0.6875, 0.125, 0.375, 0.625, 0.5625, 0.375, 0.1875, 0.25, 0.5625]
[TRAIN]: (194/1600): reward: -81.15485095977783, rates: 0.8451491638167575, loss: 1.4174439936876297, rho: 0.50625, transmit_actions: 13, P: [1.0, 0.125, 0.875, 0.3125, 0.6875, 0.875, 0.0, 0.0, 0.5625, 0.875, 0.75, 0.4375, 0.4375, 0.6875, 0.0625, 1.0, 0.6875, 0.8125, 0.75, 0.8125]
[TRAIN]: (195/1600): reward: -76.96592402458191, rates: 0.03407593510842044, loss: 1.4520907640457152, rho: 0.4125, transmit_actions: 6, P: [0.0625, 1.0, 0.6875, 0.5, 0.375, 0.8125, 0.0, 0.75, 0.3125, 0.9375, 0.5625, 0.625, 0.75, 0.75, 0.4375, 0.4375, 0.125, 0.625, 0.875, 0.0]
[TRAIN]: (196/1600): reward: -84.26462832093239, rates: 0.7353716247814309, loss: 1.2906493723392487, rho: 0.5875, transmit_actions: 7, P: [0.875, 0.125, 0.125, 0.25, 0.0625, 0.25, 0.1875, 0.3125, 0.9375, 0.875, 0.6875, 0.0, 0.3125, 0.4375, 0.5625, 0.5625, 0.375, 0.5, 0.625, 0.1875]
[TRAIN]: (197/1600): reward: -57.28316909074783, rates: 3.7168308869619686, loss: 1.1309664011001588, rho: 0.475, transmit_actions: 11, P: [0.5625, 0.375, 0.3125, 0.125, 0.875, 0.625, 0.875, 0.6875, 0.3125, 0.625, 0.1875, 0.0, 0.8125, 0.25, 0.0, 0.875, 0.1875, 0.5625, 0.9375, 0.125]
[TRAIN]: (198/1600): reward: -60.91573986411095, rates: 1.084260069740561, loss: 1.4768111526966095, rho: 0.51875, transmit_actions: 11, P: [0.875, 0.0625, 0.5625, 0.25, 0.75, 0.6875, 0.375, 0.125, 0.5625, 0.25, 0.125, 0.125, 0.0, 0.0, 1.0, 0.75, 0.375, 0.9375, 0.6875, 0.125]
[TRAIN]: (199/1600): reward: -69.8426548242569, rates: 1.1573453078847324, loss: 1.3954272985458374, rho: 0.45, transmit_actions: 11, P: [0.625, 0.3125, 0.9375, 0.5625, 0.5625, 0.875, 0.625, 0.375, 0.4375, 0.1875, 0.8125, 0.0625, 0.75, 0.4375, 1.0, 1.0, 0.375, 0.75, 0.375, 0.875]
[TRAIN]: (200/1600): reward: -63.056349977850914, rates: 2.9436498638385027, loss: 1.39273402094841, rho: 0.4625, transmit_actions: 10, P: [0.4375, 0.8125, 0.3125, 0.125, 0.25, 0.5, 0.375, 0.9375, 0.625, 0.0625, 0.4375, 0.75, 0.9375, 0.875, 0.75, 0.125, 0.5, 0.4375, 0.125, 0.0]
[TRAIN]: (201/1600): reward: -62.45985233783722, rates: 1.540147814252669, loss: 1.7748943507671355, rho: 0.50625, transmit_actions: 10, P: [0.0, 0.0, 0.125, 0.375, 0.75, 0.9375, 1.0, 0.9375, 0.6875, 0.4375, 0.0625, 0.25, 0.125, 0.875, 0.625, 0.25, 0.8125, 0.5625, 0.0625, 0.625]
[TRAIN]: (202/1600): reward: -70.43238294124603, rates: 1.5676168964249733, loss: 1.3316451847553252, rho: 0.53125, transmit_actions: 12, P: [0.75, 0.25, 0.75, 0.25, 0.375, 0.8125, 0.8125, 0.5, 0.4375, 0.375, 0.4375, 0.8125, 0.6875, 0.375, 0.3125, 0.875, 0.5625, 0.625, 0.625, 0.0]
[TRAIN]: (203/1600): reward: -54.47675696015358, rates: 1.5232429667772058, loss: 1.4123673915863038, rho: 0.5125, transmit_actions: 12, P: [0.5, 0.125, 0.6875, 1.0, 0.6875, 0.3125, 0.8125, 0.625, 0.4375, 0.125, 0.0, 0.0, 0.375, 0.9375, 0.875, 0.25, 0.6875, 0.125, 0.75, 1.0]
[TRAIN]: (204/1600): reward: -68.25748982280493, rates: 0.7425101949959614, loss: 1.4519040703773498, rho: 0.5, transmit_actions: 8, P: [0.9375, 0.875, 0.25, 0.8125, 1.0, 0.375, 0.625, 0.25, 0.125, 0.9375, 0.0625, 0.3125, 0.875, 0.6875, 0.8125, 0.1875, 0.0625, 0.75, 0.1875, 0.9375]
[TRAIN]: (205/1600): reward: -80.28499329090118, rates: 2.7150067775836937, loss: 1.527706378698349, rho: 0.50625, transmit_actions: 11, P: [0.125, 0.3125, 0.9375, 0.0625, 0.5625, 0.6875, 0.9375, 1.0, 0.75, 0.75, 0.0, 0.375, 0.6875, 0.625, 0.25, 0.125, 0.8125, 0.1875, 0.0625, 0.0625]
[TRAIN]: (206/1600): reward: -65.67484864592552, rates: 2.32515124477027, loss: 1.5449601411819458, rho: 0.51875, transmit_actions: 11, P: [1.0, 0.0, 0.0625, 1.0, 0.0625, 0.3125, 0.4375, 0.0625, 0.875, 0.3125, 0.375, 0.8125, 0.1875, 0.0625, 0.5, 0.75, 0.375, 0.625, 0.3125, 0.75]
[TRAIN]: (207/1600): reward: -68.7216944694519, rates: 2.2783056374455315, loss: 1.3924103677272797, rho: 0.50625, transmit_actions: 11, P: [0.0, 0.1875, 0.5, 0.9375, 0.125, 0.1875, 0.0, 0.0625, 0.9375, 0.5, 0.3125, 0.125, 0.125, 0.875, 0.375, 1.0, 0.1875, 0.6875, 1.0, 0.125]
[TRAIN]: (208/1600): reward: -55.37227854132652, rates: 4.627721727815423, loss: 1.3723612308502198, rho: 0.4875, transmit_actions: 13, P: [0.9375, 0.375, 0.625, 0.3125, 0.5, 0.375, 0.125, 0.125, 0.1875, 0.8125, 0.4375, 0.5, 0.4375, 0.0625, 0.0625, 0.75, 0.3125, 0.4375, 0.6875, 0.75]
[TRAIN]: (209/1600): reward: -87.79542565345764, rates: 0.20457449769876743, loss: 1.2253704786300659, rho: 0.56875, transmit_actions: 9, P: [0.5, 0.5625, 1.0, 0.375, 0.5625, 0.5625, 0.0625, 1.0, 0.8125, 0.375, 1.0, 0.0, 0.4375, 0.8125, 0.5, 0.75, 1.0, 0.0, 0.1875, 0.375]
[TRAIN]: (210/1600): reward: -57.10392525792122, rates: 1.8960746704225824, loss: 1.2346716910600661, rho: 0.5, transmit_actions: 11, P: [0.75, 0.625, 0.75, 0.875, 0.0625, 1.0, 0.0, 0.0, 0.875, 0.0, 0.625, 0.375, 0.25, 0.625, 0.8125, 0.125, 0.1875, 0.75, 0.125, 0.9375]
[TRAIN]: (211/1600): reward: -62.31643587350845, rates: 1.6835639198011567, loss: 1.4696924269199372, rho: 0.56875, transmit_actions: 11, P: [0.4375, 1.0, 0.1875, 0.0, 0.3125, 0.375, 0.5625, 0.0625, 0.3125, 0.125, 0.6875, 0.4375, 0.0, 0.8125, 0.0, 0.6875, 0.5, 1.0, 0.875, 0.0]
[TRAIN]: (212/1600): reward: -67.76765045523643, rates: 1.2323496264775327, loss: 1.4165744543075562, rho: 0.43125, transmit_actions: 8, P: [0.875, 0.75, 0.375, 0.6875, 0.625, 0.25, 0.625, 0.625, 1.0, 0.375, 0.1875, 0.9375, 0.8125, 0.8125, 0.625, 0.25, 0.6875, 0.625, 0.25, 0.5]
[TRAIN]: (213/1600): reward: -67.44991959631443, rates: 3.5500803138820034, loss: 1.55278040766716, rho: 0.49375, transmit_actions: 10, P: [0.5, 0.125, 0.625, 0.375, 0.8125, 0.625, 0.0625, 0.8125, 0.8125, 0.125, 0.3125, 0.0625, 0.8125, 0.6875, 0.0, 0.3125, 0.8125, 0.125, 0.875, 0.0]
[TRAIN]: (214/1600): reward: -67.85916203260422, rates: 4.140837872931051, loss: 1.457149374485016, rho: 0.44375, transmit_actions: 11, P: [0.375, 0.5625, 0.5, 0.4375, 0.6875, 0.0, 0.125, 0.9375, 0.4375, 0.1875, 0.25, 0.75, 0.1875, 0.4375, 0.4375, 0.1875, 0.5625, 0.6875, 0.125, 0.3125]
[TRAIN]: (215/1600): reward: -78.22727084159851, rates: 0.7727291443138911, loss: 1.3204846203327179, rho: 0.49375, transmit_actions: 14, P: [0.625, 0.625, 0.5, 0.75, 0.3125, 1.0, 0.8125, 0.5, 1.0, 0.5, 0.75, 1.0, 0.5, 0.0, 1.0, 0.6875, 0.9375, 0.9375, 0.3125, 0.25]
[TRAIN]: (216/1600): reward: -78.87382544577122, rates: 1.1261747205477988, loss: 1.446542251110077, rho: 0.56875, transmit_actions: 11, P: [0.8125, 0.625, 0.625, 0.8125, 0.75, 0.0625, 0.8125, 1.0, 0.375, 0.3125, 0.1875, 0.8125, 0.875, 0.0625, 0.8125, 0.9375, 0.9375, 0.9375, 0.625, 0.0625]
[TRAIN]: (217/1600): reward: -69.9802718758583, rates: 3.019728280707913, loss: 1.311522400379181, rho: 0.4625, transmit_actions: 12, P: [0.375, 0.1875, 0.875, 0.3125, 0.75, 0.5625, 0.1875, 0.125, 0.125, 0.8125, 0.375, 0.875, 0.9375, 0.125, 0.5, 0.3125, 0.1875, 0.5625, 1.0, 0.4375]
[TRAIN]: (218/1600): reward: -81.80983090400696, rates: 0.1901690857166863, loss: 1.492594662308693, rho: 0.55625, transmit_actions: 7, P: [0.75, 0.25, 0.3125, 0.0, 0.4375, 0.5, 0.8125, 0.5625, 0.5625, 0.6875, 0.875, 0.6875, 0.875, 0.9375, 0.125, 0.3125, 0.0625, 0.125, 0.4375, 0.6875]
[TRAIN]: (219/1600): reward: -77.02524042129517, rates: 1.9747595348899845, loss: 1.2942591816186906, rho: 0.55, transmit_actions: 8, P: [0.25, 0.9375, 0.8125, 0.75, 0.8125, 0.3125, 0.875, 0.1875, 1.0, 0.5, 0.125, 0.75, 1.0, 0.75, 0.125, 0.0, 0.1875, 0.875, 0.25, 0.0]
[TRAIN]: (220/1600): reward: -65.68723204731941, rates: 2.3127679491045563, loss: 1.3946417331695558, rho: 0.5125, transmit_actions: 14, P: [0.1875, 0.875, 0.4375, 0.5, 0.0, 0.1875, 0.6875, 0.5, 0.6875, 0.8125, 0.5, 0.5, 0.875, 0.875, 0.5625, 0.125, 0.375, 0.5, 0.75, 0.9375]
[TRAIN]: (221/1600): reward: -81.51402027904987, rates: 0.48597973071304984, loss: 1.3838725417852402, rho: 0.49375, transmit_actions: 6, P: [0.9375, 0.375, 0.0, 1.0, 0.0, 0.0625, 0.5625, 0.0625, 0.1875, 0.6875, 0.875, 1.0, 0.6875, 0.125, 0.625, 0.0, 0.1875, 0.125, 0.9375, 0.25]
[TRAIN]: (222/1600): reward: -96.28343677520752, rates: 0.7165632884194262, loss: 1.455614823102951, rho: 0.5625, transmit_actions: 9, P: [0.25, 0.4375, 0.0, 0.75, 0.0625, 0.0625, 1.0, 0.5, 0.5625, 0.875, 0.0, 0.75, 0.4375, 1.0, 0.375, 0.3125, 0.8125, 0.5, 0.9375, 0.625]
[TRAIN]: (223/1600): reward: -62.67914828658104, rates: 2.32085189853849, loss: 1.434306690096855, rho: 0.525, transmit_actions: 12, P: [0.125, 1.0, 0.8125, 0.0, 0.125, 0.0, 0.5, 0.625, 0.4375, 0.125, 0.3125, 0.4375, 0.875, 0.1875, 0.125, 0.5625, 0.625, 0.375, 0.25, 0.1875]
[TRAIN]: (224/1600): reward: -69.723588347435, rates: 1.2764117934806756, loss: 1.4115290820598603, rho: 0.5125, transmit_actions: 11, P: [0.9375, 0.8125, 0.6875, 0.3125, 0.9375, 0.0625, 0.3125, 0.5625, 0.375, 0.9375, 0.9375, 0.8125, 0.6875, 0.3125, 0.375, 0.8125, 0.0, 0.625, 0.5625, 0.0625]
[TRAIN]: (225/1600): reward: -64.90130922198296, rates: 1.098690728386533, loss: 1.4105347275733948, rho: 0.425, transmit_actions: 10, P: [0.3125, 0.8125, 0.8125, 0.25, 0.25, 0.75, 0.625, 0.875, 0.0625, 0.8125, 0.25, 1.0, 0.3125, 0.375, 0.9375, 0.0, 0.5625, 0.875, 0.4375, 0.1875]
[TRAIN]: (226/1600): reward: -56.194058299064636, rates: 0.8059416517582505, loss: 1.2714687496423722, rho: 0.5, transmit_actions: 9, P: [0.9375, 0.5625, 0.625, 0.875, 0.625, 0.25, 0.9375, 0.3125, 0.625, 0.875, 0.5625, 0.125, 0.6875, 0.375, 0.8125, 0.625, 0.8125, 0.375, 0.625, 0.1875]
[TRAIN]: (227/1600): reward: -60.4243266582489, rates: 1.5756733120777515, loss: 1.4239809691905976, rho: 0.5125, transmit_actions: 10, P: [0.8125, 0.4375, 0.9375, 1.0, 0.125, 0.9375, 0.25, 0.75, 0.375, 0.5625, 0.5, 0.6875, 0.5625, 0.1875, 0.375, 0.5, 1.0, 0.25, 0.125, 0.6875]
[TRAIN]: (228/1600): reward: -61.70514090359211, rates: 2.2948592282326605, loss: 1.3314900636672973, rho: 0.44375, transmit_actions: 10, P: [0.375, 0.125, 0.1875, 0.5625, 0.25, 0.0625, 0.125, 0.0625, 0.5625, 0.3125, 0.3125, 0.9375, 0.25, 0.0, 0.9375, 0.5625, 0.3125, 0.5625, 0.625, 0.1875]
[TRAIN]: (229/1600): reward: -52.81121911108494, rates: 2.1887809718043325, loss: 1.3706534057855606, rho: 0.4875, transmit_actions: 10, P: [0.9375, 0.3125, 0.75, 0.9375, 0.8125, 0.9375, 0.5625, 1.0, 0.0, 0.1875, 0.9375, 0.0625, 0.6875, 0.0625, 0.875, 0.375, 1.0, 0.125, 0.0, 0.625]
[TRAIN]: (230/1600): reward: -82.64170849323273, rates: 0.3582914821750623, loss: 1.4480831146240234, rho: 0.55, transmit_actions: 9, P: [0.5625, 0.4375, 0.9375, 0.8125, 0.375, 0.6875, 0.0625, 0.75, 0.1875, 0.75, 0.1875, 0.125, 0.8125, 0.5, 0.9375, 0.5, 0.375, 0.375, 0.75, 0.875]
[TRAIN]: (231/1600): reward: -65.42892527580261, rates: 1.5710746861293383, loss: 1.5600017577409744, rho: 0.425, transmit_actions: 7, P: [0.6875, 0.0, 0.0625, 1.0, 0.1875, 0.4375, 0.125, 0.75, 0.75, 1.0, 0.8125, 0.0, 0.8125, 1.0, 0.625, 0.125, 0.8125, 0.5625, 0.5, 0.0625]
[TRAIN]: (232/1600): reward: -78.20602664351463, rates: 0.7939733471356984, loss: 1.2724283635616302, rho: 0.5375, transmit_actions: 5, P: [0.625, 0.1875, 0.0625, 0.875, 0.3125, 0.75, 0.5, 1.0, 0.25, 0.4375, 1.0, 0.3125, 0.875, 0.9375, 0.875, 0.8125, 0.1875, 0.375, 0.3125, 1.0]
[TRAIN]: (233/1600): reward: -54.85536074638367, rates: 3.1446392524826847, loss: 1.3129272401332854, rho: 0.4125, transmit_actions: 13, P: [0.8125, 0.1875, 0.125, 0.125, 0.5, 0.6875, 0.75, 0.5625, 0.625, 0.625, 0.25, 0.4375, 0.0, 0.125, 0.1875, 0.625, 0.4375, 0.1875, 0.0, 0.5]
[TRAIN]: (234/1600): reward: -62.024821788072586, rates: 3.9751779464984818, loss: 1.4748165160417557, rho: 0.51875, transmit_actions: 15, P: [0.875, 0.1875, 0.375, 0.625, 0.9375, 0.8125, 0.4375, 0.0, 0.375, 0.875, 0.8125, 0.125, 0.75, 0.9375, 0.1875, 0.1875, 0.1875, 0.125, 0.375, 0.875]
[TRAIN]: (235/1600): reward: -64.1265606880188, rates: 1.8734393528136435, loss: 1.275166666507721, rho: 0.56875, transmit_actions: 11, P: [0.125, 0.125, 0.125, 0.25, 0.5625, 0.5625, 0.5, 0.9375, 0.5625, 0.5625, 0.1875, 0.3125, 0.4375, 0.0, 0.0, 0.0, 0.6875, 1.0, 0.8125, 0.25]
[TRAIN]: (236/1600): reward: -65.34128410369158, rates: 1.6587158683308028, loss: 1.332572840154171, rho: 0.50625, transmit_actions: 15, P: [0.9375, 0.0625, 0.0625, 0.375, 0.3125, 0.8125, 0.0625, 0.25, 0.0, 0.0, 0.1875, 0.4375, 0.25, 0.625, 0.9375, 0.5625, 0.5, 0.375, 0.6875, 0.6875]
[TRAIN]: (237/1600): reward: -75.95364651083946, rates: 1.0463536361861994, loss: 1.391260525584221, rho: 0.525, transmit_actions: 11, P: [0.375, 0.1875, 0.125, 0.75, 0.625, 0.5625, 0.125, 0.9375, 0.0, 0.625, 0.625, 1.0, 0.125, 0.0, 0.5625, 0.4375, 0.0625, 0.5, 0.5625, 0.125]
[TRAIN]: (238/1600): reward: -59.944328382611275, rates: 2.0556717640775473, loss: 1.4301844090223312, rho: 0.475, transmit_actions: 12, P: [0.1875, 0.4375, 0.5, 0.4375, 0.875, 0.75, 1.0, 0.375, 0.9375, 0.1875, 0.8125, 0.0, 0.875, 0.125, 0.0625, 0.4375, 0.0625, 0.0625, 0.625, 0.0625]
[TRAIN]: (239/1600): reward: -76.53696340322495, rates: 0.46303667921378017, loss: 1.4153870731592177, rho: 0.475, transmit_actions: 7, P: [0.25, 0.4375, 0.4375, 0.4375, 0.375, 0.125, 0.375, 0.3125, 0.6875, 0.1875, 0.8125, 1.0, 0.25, 0.4375, 0.8125, 0.0, 0.375, 0.75, 0.625, 0.875]
[TRAIN]: (240/1600): reward: -58.01852911710739, rates: 2.981470781996038, loss: 1.5398048520088197, rho: 0.54375, transmit_actions: 8, P: [0.5, 0.375, 0.25, 0.625, 0.5625, 0.125, 0.9375, 1.0, 0.5625, 0.625, 0.0, 0.625, 0.3125, 0.5625, 0.5, 0.4375, 0.9375, 0.5625, 0.0, 0.125]
[TRAIN]: (241/1600): reward: -70.05125081539154, rates: 1.9487492184265514, loss: 1.377808752655983, rho: 0.475, transmit_actions: 14, P: [0.0, 0.125, 1.0, 0.625, 0.125, 0.1875, 0.4375, 0.9375, 0.4375, 0.9375, 0.8125, 0.0625, 0.5625, 0.1875, 0.125, 0.875, 0.875, 0.1875, 0.0, 0.625]
[TRAIN]: (242/1600): reward: -61.75576786696911, rates: 1.2442321575210793, loss: 1.3037002474069594, rho: 0.575, transmit_actions: 9, P: [0.8125, 0.0, 0.8125, 0.0625, 0.75, 0.3125, 0.375, 0.875, 0.9375, 0.4375, 0.0, 0.875, 0.0625, 0.375, 0.3125, 0.8125, 0.75, 0.0625, 0.1875, 0.875]
[TRAIN]: (243/1600): reward: -61.386651024222374, rates: 2.6133489945284607, loss: 1.295166838169098, rho: 0.55, transmit_actions: 9, P: [0.875, 0.625, 0.25, 0.75, 0.125, 0.75, 0.625, 0.75, 0.0625, 0.5, 0.75, 0.375, 0.3125, 0.0, 0.125, 0.875, 0.0625, 0.0625, 0.375, 0.5]
[TRAIN]: (244/1600): reward: -64.51163539290428, rates: 1.4883648281944657, loss: 1.292020356655121, rho: 0.53125, transmit_actions: 6, P: [0.0625, 0.8125, 0.9375, 0.25, 0.9375, 1.0, 0.75, 0.5625, 0.875, 0.3125, 0.875, 0.4375, 0.8125, 0.5625, 0.8125, 0.6875, 0.1875, 0.8125, 0.25, 0.0625]
[TRAIN]: (245/1600): reward: -58.86487376689911, rates: 2.135126195517092, loss: 1.4301219761371613, rho: 0.45625, transmit_actions: 11, P: [0.0625, 0.1875, 0.4375, 0.6875, 1.0, 0.9375, 0.625, 0.75, 0.6875, 0.75, 0.5, 0.375, 0.6875, 0.4375, 1.0, 0.6875, 0.0, 0.3125, 0.4375, 0.9375]
[TRAIN]: (246/1600): reward: -68.49137020111084, rates: 1.5086296464255022, loss: 1.4691957086324692, rho: 0.46875, transmit_actions: 10, P: [0.9375, 0.75, 0.375, 0.75, 0.4375, 0.75, 0.1875, 0.3125, 1.0, 0.9375, 0.75, 0.875, 0.4375, 0.4375, 0.125, 0.75, 0.5, 0.9375, 0.6875, 0.25]
[TRAIN]: (247/1600): reward: -73.08928322792053, rates: 1.910716693727684, loss: 1.4579501092433929, rho: 0.49375, transmit_actions: 13, P: [0.4375, 0.5, 0.875, 0.9375, 0.0625, 0.9375, 0.0, 0.4375, 0.25, 0.875, 0.625, 0.125, 0.875, 0.6875, 0.0, 0.5625, 0.75, 0.1875, 0.6875, 0.4375]
[TRAIN]: (248/1600): reward: -52.75123146176338, rates: 3.248768615130709, loss: 1.374832844734192, rho: 0.5625, transmit_actions: 10, P: [0.3125, 0.5625, 0.375, 0.125, 0.125, 0.8125, 0.0625, 0.3125, 0.1875, 0.1875, 0.375, 0.1875, 0.5625, 0.3125, 0.8125, 0.375, 0.75, 0.25, 1.0, 0.75]
[TRAIN]: (249/1600): reward: -78.41275084018707, rates: 1.5872490142000735, loss: 1.4142767190933228, rho: 0.525, transmit_actions: 11, P: [0.375, 0.875, 0.875, 0.125, 0.375, 0.875, 0.1875, 0.4375, 0.375, 1.0, 0.875, 0.625, 0.75, 0.125, 0.1875, 0.75, 0.375, 0.5625, 0.4375, 0.625]
[TRAIN]: (250/1600): reward: -78.35103297233582, rates: 1.6489670479165928, loss: 1.4140129417181015, rho: 0.51875, transmit_actions: 11, P: [0.0625, 0.3125, 1.0, 0.5625, 1.0, 0.6875, 0.3125, 0.6875, 0.0625, 0.6875, 0.0625, 0.0625, 0.375, 0.3125, 0.8125, 1.0, 0.0, 0.625, 0.6875, 0.25]
[TRAIN]: (251/1600): reward: -54.42903119325638, rates: 1.5709688463570926, loss: 1.237186774611473, rho: 0.3875, transmit_actions: 7, P: [0.6875, 0.125, 0.3125, 0.875, 0.875, 0.8125, 0.875, 0.875, 0.9375, 0.5, 0.5625, 0.0625, 0.625, 0.5625, 0.3125, 1.0, 0.5, 0.25, 1.0, 0.25]
[TRAIN]: (252/1600): reward: -85.52115473151207, rates: 1.4788452689441043, loss: 1.218935278058052, rho: 0.46875, transmit_actions: 14, P: [0.9375, 0.6875, 0.5, 0.6875, 0.5625, 0.25, 0.375, 0.5, 0.75, 0.3125, 1.0, 0.8125, 1.0, 0.8125, 0.1875, 0.6875, 0.875, 0.875, 0.875, 0.375]
[TRAIN]: (253/1600): reward: -79.06795418262482, rates: 0.9320456759797743, loss: 1.2834207952022552, rho: 0.50625, transmit_actions: 11, P: [0.0625, 0.0, 0.9375, 0.8125, 0.6875, 0.8125, 0.0, 0.75, 0.5625, 0.9375, 0.4375, 0.0, 0.625, 0.5, 0.875, 0.375, 0.6875, 0.75, 0.25, 0.3125]
[TRAIN]: (254/1600): reward: -76.89429822564125, rates: 2.105701514766518, loss: 1.520202285051346, rho: 0.5625, transmit_actions: 12, P: [0.8125, 0.375, 0.125, 0.9375, 0.1875, 0.75, 0.625, 0.9375, 0.4375, 0.5, 0.125, 0.9375, 0.875, 0.0625, 0.0625, 0.375, 0.4375, 0.125, 0.75, 0.8125]
[TRAIN]: (255/1600): reward: -82.28454279899597, rates: 0.7154573217059929, loss: 1.4571927547454835, rho: 0.4625, transmit_actions: 8, P: [1.0, 0.75, 0.25, 0.75, 1.0, 0.25, 0.5, 1.0, 0.8125, 0.3125, 1.0, 1.0, 0.5625, 0.6875, 0.5, 0.9375, 0.3125, 0.4375, 0.8125, 0.8125]
[TRAIN]: (256/1600): reward: -80.9245463758707, rates: 1.0754536086869149, loss: 1.3330070346593856, rho: 0.56875, transmit_actions: 9, P: [0.4375, 0.8125, 0.5, 0.8125, 0.625, 0.375, 0.25, 1.0, 0.0625, 0.0625, 0.0625, 0.6875, 0.3125, 0.625, 0.875, 0.9375, 0.5, 0.875, 0.6875, 0.25]
[TRAIN]: (257/1600): reward: -61.36955440044403, rates: 1.630445710420556, loss: 1.730375051498413, rho: 0.4375, transmit_actions: 10, P: [0.125, 0.6875, 0.875, 0.125, 0.0, 0.3125, 1.0, 0.4375, 0.5, 0.375, 0.3125, 0.625, 0.0625, 0.6875, 0.1875, 0.875, 0.9375, 0.75, 0.6875, 0.6875]
[TRAIN]: (258/1600): reward: -86.90582585334778, rates: 0.09417411570716452, loss: 1.3710632860660552, rho: 0.53125, transmit_actions: 10, P: [0.875, 0.1875, 0.0, 0.375, 1.0, 0.4375, 0.875, 1.0, 0.625, 0.625, 0.125, 1.0, 0.5, 0.75, 0.75, 0.0, 0.75, 0.0, 0.75, 0.875]
[TRAIN]: (259/1600): reward: -77.7121387720108, rates: 1.2878613099266476, loss: 1.421448603272438, rho: 0.5625, transmit_actions: 12, P: [0.6875, 0.4375, 0.3125, 0.5, 0.6875, 0.875, 0.3125, 0.375, 0.0625, 0.75, 0.375, 0.5625, 0.5625, 0.4375, 0.875, 0.875, 0.3125, 0.75, 0.25, 0.625]
[TRAIN]: (260/1600): reward: -51.207314163446426, rates: 2.7926856697571187, loss: 1.3956384032964706, rho: 0.55625, transmit_actions: 12, P: [0.125, 0.375, 0.1875, 0.0, 0.8125, 0.125, 0.375, 0.8125, 0.8125, 0.875, 0.3125, 0.0, 0.875, 0.0, 0.4375, 0.0625, 0.8125, 0.875, 0.1875, 0.25]
[TRAIN]: (261/1600): reward: -65.31693482771516, rates: 0.683065150424913, loss: 1.461225014925003, rho: 0.45, transmit_actions: 14, P: [0.6875, 0.125, 0.0625, 0.125, 0.0, 0.6875, 0.0, 1.0, 0.8125, 0.0625, 0.625, 0.3125, 0.75, 0.9375, 0.8125, 0.8125, 1.0, 0.75, 0.75, 0.75]
[TRAIN]: (262/1600): reward: -72.04965800046921, rates: 0.9503420645257661, loss: 1.5702652275562285, rho: 0.48125, transmit_actions: 12, P: [0.8125, 0.625, 0.0, 0.1875, 0.9375, 0.375, 0.5625, 0.5625, 0.8125, 0.875, 0.4375, 0.4375, 0.5625, 0.0625, 0.3125, 0.0625, 0.9375, 0.625, 0.625, 1.0]
[TRAIN]: (263/1600): reward: -64.01447880268097, rates: 1.9855211896895144, loss: 1.1540711224079132, rho: 0.49375, transmit_actions: 10, P: [0.0, 0.4375, 0.6875, 0.4375, 0.75, 0.4375, 0.75, 0.875, 0.3125, 0.8125, 0.0625, 0.0, 0.4375, 0.6875, 0.5625, 0.0, 0.1875, 0.6875, 0.1875, 0.3125]
[TRAIN]: (264/1600): reward: -53.38208740949631, rates: 3.6179127523088197, loss: 1.189602440595627, rho: 0.3875, transmit_actions: 8, P: [0.5, 0.8125, 0.875, 0.5625, 0.375, 0.125, 1.0, 0.9375, 0.3125, 0.5625, 0.625, 0.0, 0.0625, 0.0625, 0.6875, 0.25, 0.125, 0.25, 0.125, 0.5625]
[TRAIN]: (265/1600): reward: -63.282450795173645, rates: 2.7175491459786487, loss: 1.3478827565908431, rho: 0.5875, transmit_actions: 8, P: [0.9375, 0.0625, 0.25, 0.375, 0.5625, 1.0, 0.8125, 0.0, 0.4375, 0.6875, 0.8125, 0.8125, 0.8125, 0.5625, 0.625, 1.0, 0.0625, 1.0, 0.875, 0.25]
[TRAIN]: (266/1600): reward: -70.62081158161163, rates: 2.379188187875476, loss: 1.358356523513794, rho: 0.5375, transmit_actions: 10, P: [0.375, 0.375, 0.375, 0.625, 0.5625, 0.5, 0.75, 0.0, 0.875, 0.25, 0.6875, 0.0625, 0.8125, 0.0625, 0.75, 0.875, 0.25, 0.3125, 0.5, 0.1875]
[TRAIN]: (267/1600): reward: -73.0628899037838, rates: 0.9371100509345079, loss: 1.670682245492935, rho: 0.45625, transmit_actions: 13, P: [0.3125, 0.25, 0.9375, 0.9375, 0.75, 0.375, 0.3125, 0.5625, 0.0, 0.0625, 0.9375, 0.5625, 0.8125, 0.0, 0.625, 0.5, 0.5, 0.4375, 0.8125, 0.625]
[TRAIN]: (268/1600): reward: -81.42813022434711, rates: 0.5718697800543826, loss: 1.4579142093658448, rho: 0.5125, transmit_actions: 7, P: [0.625, 0.9375, 0.375, 0.4375, 0.9375, 0.0, 0.6875, 0.4375, 0.5, 0.875, 0.875, 0.5625, 0.0, 0.1875, 0.25, 0.0625, 0.1875, 0.0625, 0.6875, 0.4375]
[TRAIN]: (269/1600): reward: -68.88070902228355, rates: 1.119290930874962, loss: 1.2956209421157836, rho: 0.5125, transmit_actions: 9, P: [0.5, 0.8125, 0.75, 0.0625, 0.3125, 0.0, 0.875, 0.8125, 0.125, 0.625, 0.75, 0.25, 0.4375, 1.0, 0.9375, 0.75, 1.0, 0.0, 0.375, 0.9375]
[TRAIN]: (270/1600): reward: -74.85505485534668, rates: 1.1449449744932327, loss: 1.3239409118890761, rho: 0.51875, transmit_actions: 11, P: [0.625, 0.5625, 0.25, 1.0, 0.8125, 0.8125, 1.0, 0.375, 0.8125, 0.125, 0.3125, 0.625, 0.5, 0.8125, 0.375, 0.0, 0.375, 0.9375, 0.8125, 0.9375]
[TRAIN]: (271/1600): reward: -60.79567393660545, rates: 3.2043260680023202, loss: 1.2598437398672104, rho: 0.51875, transmit_actions: 10, P: [0.0, 0.125, 0.1875, 0.875, 0.875, 0.125, 0.375, 0.625, 0.125, 0.3125, 1.0, 0.8125, 0.125, 0.1875, 0.5, 0.5625, 0.375, 0.375, 0.0, 0.0625]
[TRAIN]: (272/1600): reward: -48.86437065899372, rates: 3.1356294496390396, loss: 1.2352074176073073, rho: 0.45, transmit_actions: 9, P: [0.0625, 0.6875, 0.6875, 0.75, 0.3125, 0.125, 0.375, 0.1875, 0.375, 0.9375, 0.9375, 0.125, 1.0, 0.3125, 0.25, 0.1875, 0.9375, 0.6875, 0.6875, 0.75]
[TRAIN]: (273/1600): reward: -83.90560698509216, rates: 0.0943929255055528, loss: 1.3140953302383422, rho: 0.5875, transmit_actions: 6, P: [0.0625, 0.3125, 0.75, 0.875, 0.875, 0.1875, 0.9375, 0.5, 0.375, 0.4375, 0.4375, 0.5625, 0.9375, 0.0625, 0.75, 0.0625, 1.0, 0.4375, 0.125, 0.0]
[TRAIN]: (274/1600): reward: -78.93390646576881, rates: 1.0660934879366148, loss: 1.4467056810855865, rho: 0.46875, transmit_actions: 12, P: [0.75, 0.25, 0.5625, 0.25, 0.3125, 0.8125, 0.0625, 0.0625, 0.0625, 0.5, 0.3125, 0.875, 0.9375, 0.4375, 0.9375, 0.9375, 0.75, 0.6875, 0.6875, 0.625]
[TRAIN]: (275/1600): reward: -60.92577528953552, rates: 2.074224464251647, loss: 1.3399690061807632, rho: 0.60625, transmit_actions: 11, P: [0.9375, 0.3125, 0.4375, 0.5625, 0.0, 0.3125, 0.375, 0.75, 0.75, 0.375, 0.375, 0.625, 0.125, 0.4375, 0.5625, 0.5, 0.0, 0.375, 0.8125, 0.1875]
[TRAIN]: (276/1600): reward: -75.1998662352562, rates: 2.8001335123936437, loss: 1.3638868063688279, rho: 0.6, transmit_actions: 12, P: [0.8125, 0.4375, 0.0625, 0.0, 0.0625, 0.3125, 0.125, 0.5625, 0.75, 1.0, 0.4375, 0.8125, 0.6875, 0.8125, 0.75, 0.1875, 0.25, 0.9375, 0.3125, 1.0]
[TRAIN]: (277/1600): reward: -59.71439316868782, rates: 1.2856070149772254, loss: 1.4008852750062943, rho: 0.38125, transmit_actions: 11, P: [0.125, 0.375, 0.9375, 0.0625, 0.1875, 0.5625, 0.8125, 0.9375, 0.1875, 0.8125, 0.4375, 0.9375, 0.625, 0.6875, 0.25, 1.0, 0.8125, 0.75, 0.1875, 0.5625]
[TRAIN]: (278/1600): reward: -75.87168064713478, rates: 1.128319413007316, loss: 1.2783106178045274, rho: 0.49375, transmit_actions: 9, P: [0.75, 0.375, 0.625, 0.625, 0.125, 0.3125, 0.1875, 0.5625, 0.0, 0.9375, 0.25, 0.25, 1.0, 0.0, 0.125, 0.9375, 0.4375, 0.4375, 0.0625, 0.6875]
[TRAIN]: (279/1600): reward: -77.5177526473999, rates: 0.48224742982888047, loss: 1.4012793332338334, rho: 0.5625, transmit_actions: 6, P: [0.625, 0.9375, 0.25, 0.25, 0.0625, 1.0, 0.6875, 0.25, 0.1875, 0.5625, 0.0, 0.5625, 0.6875, 1.0, 0.5, 1.0, 0.5625, 0.25, 0.75, 0.625]
[TRAIN]: (280/1600): reward: -70.59852877259254, rates: 1.401471226245573, loss: 1.5371523439884185, rho: 0.5625, transmit_actions: 8, P: [0.6875, 0.4375, 0.0625, 0.4375, 0.9375, 0.6875, 1.0, 0.375, 0.0625, 1.0, 0.6875, 0.125, 0.0625, 0.4375, 0.0625, 1.0, 0.625, 0.6875, 0.75, 0.375]
[TRAIN]: (281/1600): reward: -78.9902708530426, rates: 1.0097291043910828, loss: 1.4556926846504212, rho: 0.5375, transmit_actions: 8, P: [0.5625, 0.125, 0.4375, 0.4375, 0.25, 0.5, 1.0, 0.75, 0.3125, 0.4375, 1.0, 0.3125, 0.5, 0.1875, 0.5, 0.75, 0.5625, 0.1875, 0.9375, 1.0]
[TRAIN]: (282/1600): reward: -83.00801734626293, rates: 0.991982628200396, loss: 1.2589767694473266, rho: 0.55625, transmit_actions: 12, P: [0.8125, 0.375, 0.125, 0.8125, 0.0625, 0.6875, 0.875, 0.6875, 0.75, 0.5, 0.5, 0.125, 0.625, 0.8125, 0.25, 0.5, 0.5625, 0.6875, 0.125, 0.375]
[TRAIN]: (283/1600): reward: -67.23675332963467, rates: 0.7632464805177706, loss: 1.205278018116951, rho: 0.45, transmit_actions: 13, P: [0.375, 0.9375, 0.25, 0.9375, 1.0, 0.0, 0.4375, 0.875, 0.0, 0.3125, 0.5625, 0.0, 0.1875, 0.4375, 0.6875, 0.0625, 0.875, 0.3125, 0.625, 0.0625]
[TRAIN]: (284/1600): reward: -68.50470520555973, rates: 2.495294608661074, loss: 1.39338418841362, rho: 0.56875, transmit_actions: 14, P: [0.4375, 1.0, 0.25, 0.3125, 0.625, 0.5, 0.0625, 0.6875, 0.8125, 0.1875, 0.125, 0.5625, 0.0, 0.8125, 0.375, 0.5625, 0.8125, 0.125, 0.6875, 0.75]
[TRAIN]: (285/1600): reward: -64.19285641610622, rates: 2.8071435216698486, loss: 1.411982101202011, rho: 0.51875, transmit_actions: 12, P: [0.375, 0.5, 0.0, 0.125, 0.1875, 1.0, 0.9375, 0.125, 0.25, 0.6875, 0.0, 0.4375, 0.375, 0.625, 0.5, 0.0, 0.25, 0.4375, 0.125, 0.9375]
[TRAIN]: (286/1600): reward: -68.33287811279297, rates: 0.6671218964840597, loss: 1.2448540806770325, rho: 0.5625, transmit_actions: 10, P: [0.125, 0.5625, 0.6875, 0.875, 0.0, 0.125, 0.0625, 0.125, 0.875, 0.625, 0.8125, 0.25, 0.5625, 0.3125, 0.6875, 0.0, 0.1875, 0.375, 0.75, 0.1875]
[TRAIN]: (287/1600): reward: -62.08660584688187, rates: 0.9133941407631607, loss: 1.4011865496635436, rho: 0.45, transmit_actions: 8, P: [0.9375, 0.5, 0.4375, 0.375, 0.3125, 0.3125, 0.375, 0.3125, 0.4375, 0.0, 0.6875, 0.6875, 0.9375, 0.6875, 0.25, 0.4375, 0.25, 0.375, 0.9375, 0.625]
[TRAIN]: (288/1600): reward: -64.49105978012085, rates: 1.5089399442366715, loss: 1.2075980335474015, rho: 0.55625, transmit_actions: 10, P: [0.625, 0.6875, 0.9375, 0.375, 0.625, 0.0625, 0.5, 0.625, 0.125, 0.4375, 0.375, 0.75, 0.75, 0.4375, 0.3125, 0.875, 0.0625, 0.625, 1.0, 0.125]
[TRAIN]: (289/1600): reward: -66.17897307872772, rates: 0.8210269740484382, loss: 1.519279584288597, rho: 0.48125, transmit_actions: 8, P: [0.5, 0.5625, 0.75, 0.625, 0.875, 0.0, 0.875, 1.0, 0.5625, 0.875, 0.1875, 1.0, 0.875, 0.9375, 0.3125, 0.0625, 0.5, 0.125, 0.5, 0.75]
[TRAIN]: (290/1600): reward: -82.68304061889648, rates: 1.3169593166589573, loss: 1.3360812783241272, rho: 0.4625, transmit_actions: 11, P: [0.6875, 0.625, 0.9375, 0.1875, 0.0, 1.0, 0.125, 0.125, 0.375, 0.0, 0.5625, 0.0625, 0.1875, 0.25, 0.625, 0.6875, 0.625, 0.75, 0.75, 0.0625]
[TRAIN]: (291/1600): reward: -56.79357647895813, rates: 3.206423689587784, loss: 1.2593804866075515, rho: 0.46875, transmit_actions: 10, P: [1.0, 0.6875, 0.0625, 0.3125, 0.125, 0.3125, 0.9375, 0.5625, 1.0, 0.75, 1.0, 0.4375, 0.125, 0.0625, 0.5625, 0.3125, 1.0, 0.6875, 0.4375, 0.5]
[TRAIN]: (292/1600): reward: -81.5286226272583, rates: 0.47137754337086, loss: 1.5328926146030426, rho: 0.525, transmit_actions: 9, P: [0.875, 0.3125, 0.375, 0.5, 0.5625, 0.375, 0.9375, 0.3125, 0.5625, 0.625, 0.0, 0.3125, 0.5, 0.625, 1.0, 0.4375, 0.0625, 0.4375, 0.0625, 0.5625]
[TRAIN]: (293/1600): reward: -75.06009769439697, rates: 2.9399024690408684, loss: 1.2921179562807084, rho: 0.50625, transmit_actions: 13, P: [0.6875, 0.875, 0.25, 0.0625, 0.3125, 0.6875, 0.375, 0.6875, 0.5625, 0.25, 0.0625, 0.375, 0.6875, 0.875, 0.875, 1.0, 0.9375, 0.4375, 0.75, 0.6875]
[TRAIN]: (294/1600): reward: -64.6466566324234, rates: 1.3533433210628023, loss: 1.261701899766922, rho: 0.48125, transmit_actions: 12, P: [0.375, 0.6875, 0.4375, 1.0, 0.25, 0.375, 0.6875, 0.3125, 1.0, 1.0, 0.5625, 0.6875, 0.375, 0.6875, 0.6875, 0.5, 0.5625, 0.25, 0.1875, 0.6875]
[TRAIN]: (295/1600): reward: -85.68429136276245, rates: 0.3157088059670641, loss: 1.356740254163742, rho: 0.56875, transmit_actions: 12, P: [0.9375, 0.875, 0.0, 0.3125, 0.8125, 0.625, 0.125, 1.0, 0.9375, 0.75, 0.9375, 0.5625, 0.0625, 1.0, 0.375, 0.9375, 1.0, 0.125, 0.375, 0.5]
[TRAIN]: (296/1600): reward: -70.54545480012894, rates: 2.4545451667731966, loss: 1.3306627541780471, rho: 0.50625, transmit_actions: 12, P: [0.75, 0.0, 0.8125, 0.875, 0.25, 0.6875, 0.8125, 0.6875, 0.3125, 0.375, 0.5, 0.8125, 0.8125, 0.0625, 0.25, 0.625, 0.875, 0.125, 0.5, 0.4375]
[TRAIN]: (297/1600): reward: -72.07864356040955, rates: 1.9213563713927542, loss: 1.3823313266038895, rho: 0.5875, transmit_actions: 11, P: [0.25, 0.9375, 0.9375, 0.375, 0.6875, 0.875, 0.3125, 0.75, 0.375, 0.375, 0.3125, 0.0625, 0.8125, 0.9375, 0.4375, 0.5, 0.625, 0.5625, 0.5, 0.125]
[TRAIN]: (298/1600): reward: -84.510955452919, rates: 0.48904466706307936, loss: 1.300982590019703, rho: 0.48125, transmit_actions: 7, P: [0.625, 0.75, 0.0, 0.5, 0.125, 0.5, 0.75, 0.625, 0.4375, 0.0625, 1.0, 0.3125, 1.0, 0.8125, 0.0625, 0.6875, 0.75, 0.625, 0.4375, 0.6875]
[TRAIN]: (299/1600): reward: -66.66591191291809, rates: 1.3340880626284701, loss: 1.46324762403965, rho: 0.475, transmit_actions: 11, P: [0.75, 0.5, 0.0, 0.0625, 0.8125, 0.25, 0.0625, 0.875, 0.75, 0.5, 0.4375, 0.0625, 0.6875, 0.625, 1.0, 0.625, 0.0625, 0.6875, 0.6875, 0.5]
[TRAIN]: (300/1600): reward: -65.50329157710075, rates: 2.4967083023051386, loss: 1.255878022313118, rho: 0.6, transmit_actions: 10, P: [0.1875, 0.375, 0.0, 0.8125, 0.9375, 0.375, 0.0, 0.5, 0.3125, 0.6875, 0.625, 0.5, 0.4375, 0.5, 0.0625, 0.4375, 0.9375, 0.5625, 0.9375, 0.875]
[TRAIN]: (301/1600): reward: -53.118340253829956, rates: 0.8816597376950266, loss: 1.59372179210186, rho: 0.48125, transmit_actions: 11, P: [0.375, 0.0625, 0.5625, 0.3125, 0.9375, 0.9375, 1.0, 0.5625, 0.0, 0.875, 0.5625, 0.125, 0.0625, 0.5, 0.0, 0.25, 0.0, 0.0, 0.0, 1.0]
[TRAIN]: (302/1600): reward: -70.16680558770895, rates: 2.8331943748731563, loss: 1.4800822973251342, rho: 0.54375, transmit_actions: 10, P: [0.3125, 0.6875, 0.1875, 0.8125, 1.0, 0.875, 0.125, 0.1875, 0.6875, 0.9375, 0.5, 0.375, 0.5, 0.25, 0.6875, 0.0625, 0.25, 0.375, 0.75, 0.9375]
[TRAIN]: (303/1600): reward: -62.13820903748274, rates: 3.8617908415826774, loss: 1.385481145977974, rho: 0.54375, transmit_actions: 10, P: [0.75, 0.1875, 0.5625, 0.375, 0.1875, 0.125, 0.25, 0.1875, 0.6875, 0.3125, 0.0, 0.25, 0.125, 0.25, 0.75, 0.0625, 0.6875, 0.1875, 0.375, 0.6875]
[TRAIN]: (304/1600): reward: -66.52535271644592, rates: 1.4746472929911336, loss: 1.2200583815574646, rho: 0.4375, transmit_actions: 9, P: [0.1875, 0.625, 1.0, 0.9375, 0.625, 0.125, 0.0, 0.9375, 0.0, 0.8125, 0.1875, 0.9375, 0.0, 0.0, 0.875, 0.0, 0.0625, 0.6875, 0.3125, 0.125]
[TRAIN]: (305/1600): reward: -73.26048815250397, rates: 2.7395119284255616, loss: 1.3556012004613875, rho: 0.50625, transmit_actions: 7, P: [0.625, 0.6875, 0.4375, 0.125, 0.125, 0.25, 0.875, 0.1875, 0.9375, 0.0, 1.0, 0.9375, 0.4375, 0.4375, 0.6875, 0.375, 0.125, 0.4375, 0.6875, 0.875]
[TRAIN]: (306/1600): reward: -69.48617887496948, rates: 0.5138211069653698, loss: 1.4777678072452545, rho: 0.40625, transmit_actions: 7, P: [0.5, 0.25, 0.8125, 0.375, 0.9375, 0.125, 0.25, 0.875, 0.875, 0.375, 0.875, 0.6875, 0.6875, 0.8125, 0.1875, 0.8125, 0.25, 0.8125, 0.75, 0.9375]
[TRAIN]: (307/1600): reward: -57.53611332178116, rates: 1.4638866315254386, loss: 1.3192281514406203, rho: 0.575, transmit_actions: 15, P: [0.5, 0.625, 0.125, 0.9375, 0.0, 0.0, 0.8125, 0.5, 0.5625, 0.125, 0.875, 0.0, 0.8125, 0.5, 0.3125, 0.25, 0.125, 0.9375, 1.0, 0.125]
[TRAIN]: (308/1600): reward: -65.99673727154732, rates: 2.003262729653616, loss: 1.3709982305765152, rho: 0.375, transmit_actions: 12, P: [0.9375, 0.1875, 1.0, 0.75, 0.875, 0.5625, 0.125, 0.0, 0.6875, 0.9375, 0.125, 0.5, 0.375, 0.9375, 0.6875, 0.125, 0.375, 0.8125, 0.125, 0.875]
[TRAIN]: (309/1600): reward: -69.51829153299332, rates: 2.481708357387008, loss: 1.3144910991191865, rho: 0.5625, transmit_actions: 12, P: [0.875, 0.375, 0.625, 0.4375, 0.1875, 0.0, 0.5, 1.0, 0.0, 0.9375, 0.25, 0.75, 0.4375, 0.3125, 0.625, 0.3125, 0.75, 0.0625, 0.375, 0.625]
[TRAIN]: (310/1600): reward: -79.62808728218079, rates: 1.3719128634071613, loss: 1.3901313096284866, rho: 0.4375, transmit_actions: 11, P: [0.0625, 0.0, 0.3125, 0.9375, 0.5, 0.0625, 0.375, 0.9375, 0.875, 0.75, 0.9375, 0.125, 0.5625, 0.8125, 0.0, 0.9375, 0.25, 0.5625, 0.625, 0.625]
[TRAIN]: (311/1600): reward: -84.17785382270813, rates: 0.822146032729852, loss: 1.245248445868492, rho: 0.4875, transmit_actions: 12, P: [0.625, 0.75, 0.375, 0.5625, 0.8125, 0.375, 0.25, 0.75, 0.6875, 0.5625, 0.625, 0.25, 0.8125, 0.625, 0.875, 0.75, 0.3125, 0.25, 0.6875, 0.1875]
[TRAIN]: (312/1600): reward: -62.61801475286484, rates: 2.3819851326892736, loss: 1.400067001581192, rho: 0.525, transmit_actions: 11, P: [0.125, 0.75, 0.8125, 0.25, 0.8125, 0.5625, 0.1875, 0.3125, 0.5625, 0.0625, 0.3125, 0.25, 0.625, 0.25, 0.8125, 0.125, 0.8125, 0.1875, 0.375, 0.9375]
[TRAIN]: (313/1600): reward: -79.23027363419533, rates: 1.769726457330922, loss: 1.3845250219106675, rho: 0.5125, transmit_actions: 12, P: [0.5625, 0.0625, 0.625, 0.125, 0.8125, 0.0, 0.375, 0.5, 0.5, 0.0625, 0.875, 0.75, 0.0, 0.8125, 0.375, 0.5625, 0.5625, 0.3125, 0.3125, 0.875]
[TRAIN]: (314/1600): reward: -67.8704851269722, rates: 3.1295149436726413, loss: 1.4757920026779174, rho: 0.4625, transmit_actions: 13, P: [1.0, 0.5625, 0.5625, 0.875, 0.125, 0.875, 0.375, 0.0625, 0.25, 0.25, 0.125, 0.875, 0.3125, 0.8125, 0.75, 0.3125, 0.875, 0.4375, 0.1875, 0.4375]
[TRAIN]: (315/1600): reward: -59.195866387337446, rates: 2.8041334767292008, loss: 1.3061374366283416, rho: 0.5, transmit_actions: 12, P: [0.625, 0.125, 0.8125, 0.625, 0.8125, 0.8125, 0.5625, 0.25, 0.625, 0.0, 0.5, 0.8125, 1.0, 0.25, 0.625, 0.6875, 0.125, 0.375, 0.0625, 0.5625]
[TRAIN]: (316/1600): reward: -85.8132677078247, rates: 0.18673220531208962, loss: 1.391970020532608, rho: 0.50625, transmit_actions: 9, P: [0.1875, 0.25, 0.5, 0.9375, 0.25, 0.9375, 0.625, 0.75, 0.5625, 1.0, 0.5625, 0.875, 0.0, 0.4375, 0.625, 0.8125, 0.8125, 0.625, 0.1875, 0.5625]
[TRAIN]: (317/1600): reward: -74.3264981508255, rates: 0.6735016843172689, loss: 1.2838450253009797, rho: 0.46875, transmit_actions: 13, P: [0.625, 0.5, 0.8125, 0.375, 0.625, 1.0, 0.375, 0.9375, 0.6875, 0.375, 0.9375, 0.9375, 0.6875, 0.5625, 1.0, 0.1875, 0.25, 0.5625, 0.5, 0.5]
[TRAIN]: (318/1600): reward: -47.148233249783516, rates: 1.8517668306644084, loss: 1.2979696244001389, rho: 0.41875, transmit_actions: 10, P: [0.625, 0.125, 0.9375, 0.875, 0.0625, 0.375, 0.125, 0.625, 1.0, 0.6875, 0.5625, 0.5, 0.4375, 0.6875, 0.9375, 0.75, 0.8125, 0.5625, 1.0, 0.75]
[TRAIN]: (319/1600): reward: -68.43303686380386, rates: 0.5669632524212235, loss: 1.2881940275430679, rho: 0.49375, transmit_actions: 7, P: [0.8125, 0.1875, 0.4375, 1.0, 1.0, 0.5, 0.375, 0.5625, 0.0, 0.5625, 0.0, 0.9375, 0.0625, 0.6875, 0.375, 0.5, 0.8125, 0.0, 0.75, 0.9375]
[TRAIN]: (320/1600): reward: -54.55775207281113, rates: 1.4422479639195815, loss: 1.363592830300331, rho: 0.44375, transmit_actions: 10, P: [0.5625, 0.6875, 0.8125, 0.0, 0.625, 0.125, 0.5625, 0.8125, 0.4375, 0.0, 0.9375, 0.4375, 0.375, 0.125, 1.0, 0.875, 0.875, 1.0, 0.5, 0.6875]
[TRAIN]: (321/1600): reward: -83.83776521682739, rates: 1.1622348009083021, loss: 1.4812440007925034, rho: 0.46875, transmit_actions: 11, P: [0.25, 0.3125, 0.4375, 1.0, 0.3125, 0.25, 0.5, 0.9375, 0.875, 0.375, 0.125, 0.75, 0.125, 1.0, 0.0625, 0.8125, 0.25, 0.4375, 0.5625, 0.0625]
[TRAIN]: (322/1600): reward: -68.12902973592281, rates: 1.8709701951147955, loss: 1.3991755545139313, rho: 0.4875, transmit_actions: 8, P: [0.0625, 0.875, 0.875, 0.3125, 0.375, 0.25, 0.8125, 0.9375, 0.625, 0.625, 0.625, 0.125, 0.0, 0.0, 0.375, 0.1875, 0.75, 0.0625, 0.1875, 0.75]
[TRAIN]: (323/1600): reward: -53.616281270980835, rates: 1.3837186579199194, loss: 1.3650307804346085, rho: 0.475, transmit_actions: 10, P: [0.0625, 0.3125, 0.875, 0.6875, 0.8125, 0.5625, 0.5, 0.25, 0.875, 0.6875, 0.0, 0.3125, 0.0625, 0.0, 0.25, 0.1875, 0.0625, 0.9375, 0.1875, 0.625]
[TRAIN]: (324/1600): reward: -71.98830790817738, rates: 2.0116919139202105, loss: 1.5438823848962784, rho: 0.525, transmit_actions: 11, P: [0.0625, 0.125, 0.25, 0.3125, 0.1875, 0.125, 1.0, 0.0, 0.4375, 0.1875, 0.875, 0.5, 0.25, 0.0625, 0.25, 0.25, 0.5, 1.0, 0.5625, 0.6875]
[TRAIN]: (325/1600): reward: -78.63668948411942, rates: 0.36331052230895683, loss: 1.327932396531105, rho: 0.5875, transmit_actions: 9, P: [0.9375, 0.1875, 0.375, 1.0, 0.5, 1.0, 0.4375, 1.0, 0.75, 0.375, 0.0, 0.9375, 0.875, 0.0, 0.5625, 1.0, 0.375, 0.1875, 0.75, 0.1875]
[TRAIN]: (326/1600): reward: -65.86083455383778, rates: 1.1391654532145086, loss: 1.3132946252822877, rho: 0.5125, transmit_actions: 6, P: [0.5625, 0.125, 0.3125, 0.875, 1.0, 0.25, 0.6875, 0.625, 0.1875, 0.5, 0.25, 0.3125, 1.0, 0.5, 0.4375, 0.0625, 0.6875, 0.375, 0.5625, 1.0]
[TRAIN]: (327/1600): reward: -77.36517053842545, rates: 0.6348294289522027, loss: 1.308073204755783, rho: 0.46875, transmit_actions: 9, P: [0.6875, 1.0, 1.0, 0.0, 0.8125, 0.125, 1.0, 0.0, 0.25, 0.3125, 0.625, 0.75, 0.6875, 1.0, 0.0625, 0.875, 0.5625, 0.375, 0.125, 0.0625]
[TRAIN]: (328/1600): reward: -71.88199537992477, rates: 1.1180044600114054, loss: 1.3494593337178231, rho: 0.51875, transmit_actions: 11, P: [0.75, 0.375, 0.5, 0.5, 0.3125, 1.0, 0.875, 0.625, 0.9375, 0.5, 0.5625, 0.9375, 0.375, 0.875, 0.375, 0.75, 0.3125, 0.5, 0.875, 0.125]
[TRAIN]: (329/1600): reward: -51.86998024582863, rates: 2.1300199840868626, loss: 1.3894163608551025, rho: 0.5375, transmit_actions: 10, P: [0.875, 0.0625, 0.0, 0.5, 0.125, 0.25, 0.75, 0.5625, 0.0625, 0.875, 1.0, 0.4375, 0.625, 0.5, 0.9375, 0.9375, 0.125, 0.8125, 0.4375, 0.3125]
[TRAIN]: (330/1600): reward: -65.15679462254047, rates: 2.843205481016248, loss: 1.41354139149189, rho: 0.5125, transmit_actions: 13, P: [0.8125, 0.5625, 0.9375, 0.8125, 0.0625, 0.5, 0.1875, 0.125, 0.8125, 0.125, 0.8125, 0.875, 0.0625, 0.5625, 0.6875, 0.25, 0.8125, 0.25, 0.75, 0.3125]
[TRAIN]: (331/1600): reward: -66.06252193450928, rates: 1.937477957728702, loss: 1.4292108863592148, rho: 0.44375, transmit_actions: 8, P: [0.6875, 0.8125, 0.875, 0.6875, 0.6875, 0.5, 0.125, 0.3125, 0.375, 0.5, 0.4375, 0.5625, 1.0, 0.9375, 0.625, 0.625, 0.4375, 0.4375, 0.9375, 0.5]
[TRAIN]: (332/1600): reward: -63.53727415204048, rates: 3.462725903186997, loss: 1.4391291081905364, rho: 0.54375, transmit_actions: 10, P: [0.5, 0.0625, 0.0625, 0.4375, 0.125, 0.375, 0.8125, 0.3125, 0.0, 0.0, 0.1875, 0.5, 0.0, 0.75, 0.0625, 0.75, 0.9375, 0.375, 0.0625, 0.6875]
[TRAIN]: (333/1600): reward: -67.51830124855042, rates: 1.481698683424634, loss: 1.2986534863710404, rho: 0.4875, transmit_actions: 9, P: [0.3125, 0.875, 0.5625, 0.3125, 0.75, 0.0, 0.1875, 0.5625, 0.875, 0.5, 0.0625, 0.75, 0.75, 0.9375, 0.875, 0.1875, 0.0625, 0.25, 0.8125, 0.5]
[TRAIN]: (334/1600): reward: -68.45827436447144, rates: 1.5417257132056206, loss: 1.2253549218177795, rho: 0.48125, transmit_actions: 9, P: [0.25, 0.3125, 0.8125, 1.0, 0.4375, 0.6875, 0.8125, 1.0, 0.125, 0.625, 0.875, 0.3125, 0.1875, 0.5625, 0.625, 0.5625, 0.8125, 0.4375, 0.0625, 0.8125]
[TRAIN]: (335/1600): reward: -72.43974614143372, rates: 0.5602537623510446, loss: 1.4134270399808884, rho: 0.54375, transmit_actions: 8, P: [0.75, 0.875, 0.375, 0.6875, 0.125, 0.375, 0.5, 0.8125, 0.375, 0.375, 0.5, 0.875, 0.6875, 0.0625, 0.0625, 0.875, 0.875, 0.3125, 0.0, 0.75]
[TRAIN]: (336/1600): reward: -67.61658346652985, rates: 3.383416575363845, loss: 1.4341117709875106, rho: 0.425, transmit_actions: 13, P: [0.1875, 0.625, 0.75, 1.0, 0.5625, 0.25, 0.625, 0.75, 0.375, 0.5625, 0.4375, 0.75, 0.75, 0.1875, 0.125, 0.5, 0.4375, 0.75, 0.0625, 0.625]
[TRAIN]: (337/1600): reward: -64.54473209381104, rates: 0.45526791680563555, loss: 1.357418018579483, rho: 0.4375, transmit_actions: 8, P: [0.875, 0.625, 0.375, 0.75, 1.0, 0.9375, 0.0, 0.75, 0.25, 0.875, 0.4375, 0.875, 0.6875, 0.875, 0.125, 0.8125, 0.8125, 0.75, 0.5, 0.1875]
[TRAIN]: (338/1600): reward: -73.46568179130554, rates: 1.5343182919611589, loss: 1.3657872140407563, rho: 0.525, transmit_actions: 8, P: [0.0625, 0.5, 0.5, 0.6875, 0.9375, 0.9375, 0.9375, 0.875, 0.5625, 0.4375, 0.625, 0.4375, 0.9375, 0.4375, 0.875, 0.1875, 0.75, 0.4375, 0.1875, 0.875]
[TRAIN]: (339/1600): reward: -64.98046270012856, rates: 4.019537436952572, loss: 1.2847766816616057, rho: 0.5125, transmit_actions: 13, P: [0.25, 0.5, 0.75, 0.1875, 0.25, 0.3125, 0.1875, 0.75, 0.4375, 0.4375, 0.125, 0.375, 0.875, 0.875, 0.8125, 0.8125, 0.5625, 0.5, 0.125, 0.5]
[TRAIN]: (340/1600): reward: -84.73859484307468, rates: 1.2614052918669898, loss: 1.359058779478073, rho: 0.5375, transmit_actions: 10, P: [0.75, 0.5625, 0.375, 0.0625, 0.9375, 0.8125, 0.375, 0.125, 0.625, 0.5625, 0.25, 0.0, 0.875, 0.375, 0.6875, 0.0, 0.1875, 0.75, 0.125, 0.75]
[TRAIN]: (341/1600): reward: -60.07999390363693, rates: 2.92000589875625, loss: 1.2837137281894684, rho: 0.5625, transmit_actions: 10, P: [0.125, 0.6875, 0.8125, 0.375, 0.625, 0.0625, 0.625, 0.5625, 0.5, 0.125, 0.5625, 0.3125, 0.0625, 0.0, 0.25, 0.0625, 1.0, 0.8125, 0.9375, 0.75]
[TRAIN]: (342/1600): reward: -66.61905801296234, rates: 1.3809419716810916, loss: 1.3792646169662475, rho: 0.625, transmit_actions: 9, P: [0.75, 0.6875, 0.4375, 0.8125, 0.75, 0.4375, 0.9375, 0.0, 0.875, 0.6875, 0.5, 0.9375, 0.5625, 0.5625, 0.8125, 0.25, 0.125, 0.0625, 0.0, 0.75]
[TRAIN]: (343/1600): reward: -70.31438910961151, rates: 0.6856109676607116, loss: 1.2878797739744186, rho: 0.50625, transmit_actions: 11, P: [0.9375, 0.1875, 0.6875, 1.0, 0.9375, 0.75, 0.375, 0.75, 0.8125, 1.0, 0.625, 0.3125, 0.1875, 0.25, 0.75, 0.375, 0.875, 0.75, 0.5625, 0.4375]
[TRAIN]: (344/1600): reward: -71.26752805709839, rates: 0.7324720062296981, loss: 1.2815993636846543, rho: 0.44375, transmit_actions: 10, P: [0.625, 0.4375, 0.4375, 0.75, 0.3125, 1.0, 0.4375, 0.375, 0.6875, 0.25, 0.75, 0.5, 0.625, 0.9375, 0.5, 0.9375, 0.1875, 0.75, 0.6875, 0.4375]
[TRAIN]: (345/1600): reward: -58.548197507858276, rates: 2.451802320116028, loss: 1.502618709206581, rho: 0.53125, transmit_actions: 14, P: [0.375, 0.9375, 0.9375, 0.75, 0.8125, 0.25, 0.375, 0.875, 0.125, 0.1875, 0.6875, 0.9375, 0.125, 0.5625, 0.4375, 0.375, 0.1875, 0.75, 0.9375, 0.5625]
[TRAIN]: (346/1600): reward: -84.85491675138474, rates: 1.1450832460557883, loss: 1.302344486117363, rho: 0.56875, transmit_actions: 10, P: [0.875, 0.9375, 0.6875, 0.5625, 0.25, 0.8125, 0.9375, 0.9375, 0.375, 0.75, 0.625, 0.5625, 1.0, 1.0, 0.25, 0.5, 1.0, 0.4375, 0.0625, 0.875]
[TRAIN]: (347/1600): reward: -61.30446657538414, rates: 3.6955333980259835, loss: 1.3207173138856887, rho: 0.56875, transmit_actions: 10, P: [0.25, 0.6875, 0.125, 0.875, 0.9375, 0.1875, 0.1875, 0.375, 0.8125, 0.375, 0.75, 0.0625, 0.0625, 0.8125, 1.0, 0.0, 0.1875, 0.375, 0.3125, 0.25]
[TRAIN]: (348/1600): reward: -65.66978270560503, rates: 0.3302173739894563, loss: 1.3182898312807083, rho: 0.425, transmit_actions: 9, P: [0.375, 0.1875, 0.5625, 0.1875, 0.3125, 0.4375, 0.5625, 0.125, 0.125, 0.625, 0.375, 0.875, 0.375, 0.6875, 0.5, 0.375, 0.6875, 0.9375, 0.8125, 0.375]
[TRAIN]: (349/1600): reward: -83.62388151884079, rates: 1.3761184719778665, loss: 1.4126687437295913, rho: 0.58125, transmit_actions: 8, P: [0.0625, 0.6875, 0.5, 0.0625, 0.1875, 0.5625, 0.5625, 0.8125, 0.5, 0.3125, 0.875, 0.375, 0.625, 0.5, 0.375, 0.5, 0.625, 0.8125, 1.0, 1.0]
[TRAIN]: (350/1600): reward: -60.7459402680397, rates: 3.2540596745257186, loss: 1.3995906054973601, rho: 0.40625, transmit_actions: 9, P: [0.9375, 0.625, 0.8125, 0.75, 0.625, 0.625, 0.9375, 0.875, 0.8125, 0.5625, 0.1875, 0.1875, 0.5625, 0.25, 0.9375, 0.6875, 0.1875, 0.1875, 0.5625, 0.875]
[TRAIN]: (351/1600): reward: -68.56742805242538, rates: 1.432571952760119, loss: 1.3248252540826797, rho: 0.49375, transmit_actions: 8, P: [0.3125, 0.375, 0.75, 0.625, 0.25, 0.5, 0.875, 0.0, 0.25, 0.8125, 0.5, 0.8125, 0.5, 0.375, 0.75, 0.25, 0.8125, 0.0625, 0.5625, 0.875]
[TRAIN]: (352/1600): reward: -56.23550035059452, rates: 3.764499674475601, loss: 1.3214406937360763, rho: 0.39375, transmit_actions: 10, P: [0.125, 0.0, 0.8125, 0.125, 1.0, 0.375, 0.8125, 1.0, 0.0625, 0.125, 0.75, 1.0, 0.0625, 0.0625, 0.875, 0.5625, 0.0625, 0.875, 0.6875, 1.0]
[TRAIN]: (353/1600): reward: -52.51466962695122, rates: 1.4853302842032707, loss: 1.465960645675659, rho: 0.5125, transmit_actions: 10, P: [0.75, 0.9375, 0.9375, 0.5, 0.375, 0.25, 0.0625, 0.625, 1.0, 0.875, 0.9375, 0.5, 0.5625, 0.6875, 1.0, 0.9375, 0.0, 0.5, 0.9375, 0.8125]
[TRAIN]: (354/1600): reward: -64.92223107814789, rates: 1.0777689152969838, loss: 1.5145999103784562, rho: 0.4875, transmit_actions: 10, P: [0.4375, 0.8125, 0.9375, 0.3125, 0.6875, 1.0, 1.0, 0.4375, 1.0, 0.625, 0.875, 0.75, 0.5625, 0.0, 0.25, 0.625, 0.0, 0.4375, 1.0, 0.875]
[TRAIN]: (355/1600): reward: -72.74065825343132, rates: 3.259341827267156, loss: 1.4193986013531685, rho: 0.46875, transmit_actions: 8, P: [0.25, 0.6875, 0.875, 0.0, 0.375, 0.875, 0.4375, 0.4375, 0.0625, 0.375, 0.75, 0.3125, 0.8125, 0.25, 0.1875, 0.625, 0.0625, 0.875, 0.3125, 0.125]
[TRAIN]: (356/1600): reward: -89.38040652871132, rates: 0.6195934007722337, loss: 1.2947196871042252, rho: 0.5375, transmit_actions: 10, P: [0.3125, 0.75, 0.5625, 0.8125, 0.8125, 0.3125, 1.0, 0.3125, 0.1875, 0.875, 0.3125, 0.5, 0.5625, 1.0, 0.3125, 0.375, 0.625, 0.6875, 0.5625, 0.375]
[TRAIN]: (357/1600): reward: -50.65602803975344, rates: 3.3439719654114604, loss: 1.0499018251895904, rho: 0.43125, transmit_actions: 11, P: [0.1875, 0.5, 0.8125, 1.0, 0.6875, 0.75, 0.6875, 0.875, 0.3125, 0.1875, 0.3125, 0.8125, 0.0, 0.1875, 0.8125, 0.3125, 0.6875, 0.25, 0.375, 0.0625]
[TRAIN]: (358/1600): reward: -74.7018210887909, rates: 0.2981790137902556, loss: 1.33351773917675, rho: 0.45, transmit_actions: 8, P: [0.5625, 0.0625, 0.8125, 0.25, 1.0, 0.625, 0.5, 1.0, 0.875, 0.1875, 0.8125, 0.9375, 0.1875, 0.8125, 0.875, 0.125, 0.8125, 0.9375, 0.0625, 0.5]
[TRAIN]: (359/1600): reward: -71.98888111114502, rates: 3.0111187522242164, loss: 1.4178517252206801, rho: 0.475, transmit_actions: 11, P: [0.8125, 0.6875, 0.375, 0.25, 0.6875, 0.9375, 1.0, 0.0625, 0.6875, 0.5625, 0.25, 0.25, 0.5, 0.125, 0.5, 0.1875, 0.5625, 0.5, 0.0, 0.875]
[TRAIN]: (360/1600): reward: -81.17546081542969, rates: 0.8245392389686221, loss: 1.401531919836998, rho: 0.53125, transmit_actions: 7, P: [0.0, 0.3125, 0.5, 0.8125, 0.1875, 0.0, 0.25, 0.9375, 0.9375, 0.9375, 0.9375, 0.5625, 0.75, 0.625, 0.6875, 0.5625, 0.9375, 0.8125, 0.5, 1.0]
[TRAIN]: (361/1600): reward: -78.41508042812347, rates: 1.58491957741465, loss: 1.2468248099088668, rho: 0.63125, transmit_actions: 11, P: [0.75, 1.0, 0.8125, 0.1875, 0.9375, 0.3125, 0.9375, 0.25, 1.0, 0.3125, 0.75, 0.4375, 0.8125, 0.5625, 0.4375, 0.875, 0.8125, 0.6875, 0.8125, 0.25]
[TRAIN]: (362/1600): reward: -69.24604833126068, rates: 2.7539517806420184, loss: 1.3196454077959061, rho: 0.39375, transmit_actions: 11, P: [0.875, 0.3125, 0.8125, 0.9375, 0.4375, 0.75, 0.25, 0.1875, 0.625, 0.1875, 0.4375, 0.0625, 0.625, 0.0625, 0.6875, 0.8125, 0.3125, 0.0625, 0.0625, 0.125]
[TRAIN]: (363/1600): reward: -77.95161527395248, rates: 1.0483844679755991, loss: 1.3122408211231231, rho: 0.5625, transmit_actions: 8, P: [0.5625, 0.4375, 0.0, 0.875, 0.0625, 0.75, 0.3125, 0.5625, 0.9375, 0.3125, 0.9375, 0.0, 0.3125, 0.8125, 0.4375, 0.25, 0.9375, 0.5, 0.875, 0.3125]
[TRAIN]: (364/1600): reward: -60.95738273859024, rates: 3.0426172151404236, loss: 1.2642250448465346, rho: 0.54375, transmit_actions: 11, P: [0.0625, 0.0625, 0.5, 0.4375, 0.4375, 0.5, 0.1875, 1.0, 0.0625, 0.375, 0.9375, 0.875, 0.875, 1.0, 0.0625, 0.625, 0.0625, 0.6875, 0.25, 0.375]
[TRAIN]: (365/1600): reward: -77.28094435483217, rates: 0.719055719755018, loss: 1.1171646416187286, rho: 0.525, transmit_actions: 15, P: [0.375, 0.8125, 0.4375, 0.0, 0.5625, 0.75, 0.25, 0.4375, 0.5, 0.0625, 0.5625, 0.375, 0.1875, 0.0, 0.3125, 0.0625, 1.0, 0.75, 0.625, 0.75]
[TRAIN]: (366/1600): reward: -69.0276310890913, rates: 1.9723690726310579, loss: 1.4648072570562363, rho: 0.54375, transmit_actions: 10, P: [0.75, 0.5, 0.25, 0.625, 0.0, 0.75, 0.875, 0.5625, 0.0625, 0.6875, 0.125, 0.1875, 0.5625, 0.75, 0.4375, 0.4375, 0.1875, 0.375, 0.75, 0.25]
[TRAIN]: (367/1600): reward: -71.10799461603165, rates: 1.8920052392665259, loss: 1.4703237175941468, rho: 0.49375, transmit_actions: 7, P: [0.0, 0.25, 0.5, 0.875, 0.875, 0.4375, 0.3125, 0.4375, 0.25, 0.3125, 0.4375, 0.5625, 0.1875, 0.375, 0.5, 0.6875, 0.0625, 0.8125, 0.125, 0.375]
[TRAIN]: (368/1600): reward: -64.3138639330864, rates: 1.6861362654837486, loss: 1.287098005414009, rho: 0.53125, transmit_actions: 11, P: [0.625, 0.375, 0.125, 0.1875, 1.0, 0.25, 0.375, 0.4375, 0.0625, 0.0, 0.4375, 0.75, 0.0625, 0.6875, 0.0, 0.6875, 0.8125, 0.875, 0.125, 0.0625]
[TRAIN]: (369/1600): reward: -71.01153236627579, rates: 2.98846739425903, loss: 1.2461730420589447, rho: 0.45625, transmit_actions: 10, P: [0.75, 0.0625, 1.0, 0.375, 0.625, 0.5625, 0.125, 0.125, 0.375, 0.375, 0.4375, 0.4375, 0.5, 0.0, 0.1875, 1.0, 0.1875, 0.0, 0.4375, 1.0]
[TRAIN]: (370/1600): reward: -81.40693812817335, rates: 0.5930618328335011, loss: 1.3827546060085296, rho: 0.675, transmit_actions: 9, P: [0.875, 0.8125, 1.0, 0.125, 0.625, 0.75, 0.9375, 0.25, 0.0625, 0.5625, 0.0625, 0.5625, 0.0, 0.9375, 0.625, 0.5625, 0.75, 1.0, 0.875, 0.375]
[TRAIN]: (371/1600): reward: -63.88268771767616, rates: 1.117312409334376, loss: 1.3198199152946473, rho: 0.44375, transmit_actions: 10, P: [0.875, 0.8125, 0.1875, 0.6875, 0.375, 0.625, 0.0625, 0.1875, 0.5625, 1.0, 0.6875, 0.625, 0.9375, 1.0, 1.0, 0.5625, 0.75, 0.0, 0.5625, 0.375]
[TRAIN]: (372/1600): reward: -73.56441906094551, rates: 2.4355809957754246, loss: 1.2107454717159272, rho: 0.5125, transmit_actions: 11, P: [0.9375, 0.3125, 0.375, 0.5625, 0.625, 0.6875, 0.125, 0.5625, 0.0625, 0.75, 0.75, 0.125, 0.9375, 0.0, 1.0, 0.375, 0.4375, 0.8125, 0.0625, 0.625]
[TRAIN]: (373/1600): reward: -46.88339614868164, rates: 3.116603879894736, loss: 1.3747234255075456, rho: 0.50625, transmit_actions: 7, P: [0.5625, 0.9375, 0.3125, 0.625, 0.1875, 0.4375, 0.625, 0.5, 0.875, 0.6875, 0.0625, 1.0, 0.25, 0.875, 0.625, 1.0, 1.0, 0.5625, 0.125, 0.6875]
[TRAIN]: (374/1600): reward: -66.39692771434784, rates: 1.603072451139471, loss: 1.5263277113437652, rho: 0.5125, transmit_actions: 15, P: [0.875, 0.375, 0.0625, 0.5625, 0.75, 1.0, 0.4375, 0.375, 0.6875, 0.6875, 0.9375, 0.4375, 0.625, 0.1875, 0.5, 0.5, 0.0, 0.9375, 0.4375, 0.375]
[TRAIN]: (375/1600): reward: -53.056372597813606, rates: 3.943627241283934, loss: 1.3254489928483963, rho: 0.65625, transmit_actions: 14, P: [0.6875, 0.75, 0.25, 0.5, 0.0625, 0.875, 0.375, 0.5625, 0.25, 0.5, 0.625, 0.125, 0.0625, 0.6875, 0.75, 0.3125, 0.25, 0.1875, 0.5, 0.375]
[TRAIN]: (376/1600): reward: -73.02755850553513, rates: 1.9724415879967396, loss: 1.3953098863363267, rho: 0.4875, transmit_actions: 11, P: [1.0, 0.5625, 0.375, 0.5625, 0.8125, 0.5625, 0.3125, 0.5625, 0.0625, 1.0, 0.6875, 1.0, 0.125, 0.8125, 0.6875, 0.125, 0.25, 0.8125, 0.9375, 0.9375]
[TRAIN]: (377/1600): reward: -83.39548349380493, rates: 0.6045164481911866, loss: 1.2743598729372025, rho: 0.5875, transmit_actions: 13, P: [0.3125, 0.375, 0.75, 0.25, 0.625, 0.9375, 0.9375, 0.375, 0.9375, 0.6875, 0.625, 0.5625, 1.0, 0.125, 0.9375, 0.8125, 1.0, 0.0, 0.5, 0.0625]
[TRAIN]: (378/1600): reward: -82.75112414360046, rates: 1.2488760333927549, loss: 1.37974973320961, rho: 0.60625, transmit_actions: 9, P: [0.5, 0.6875, 0.8125, 0.0, 0.5625, 0.8125, 0.3125, 0.5625, 0.25, 0.5625, 0.625, 0.6875, 0.125, 0.3125, 0.4375, 0.625, 0.4375, 0.5625, 0.625, 0.625]
[TRAIN]: (379/1600): reward: -77.17313772439957, rates: 1.8268621010127033, loss: 1.3799893230199813, rho: 0.5625, transmit_actions: 13, P: [0.25, 0.75, 0.75, 0.125, 0.5, 0.875, 0.6875, 0.4375, 0.8125, 0.375, 0.125, 0.6875, 0.4375, 0.125, 1.0, 0.875, 0.5, 0.125, 0.0, 0.625]
[TRAIN]: (380/1600): reward: -64.36361700296402, rates: 1.6363829723573557, loss: 1.3260910749435424, rho: 0.55, transmit_actions: 10, P: [0.25, 0.8125, 0.3125, 0.75, 0.8125, 0.4375, 0.5, 0.0, 0.4375, 0.375, 0.625, 1.0, 0.8125, 0.1875, 1.0, 0.0, 0.0625, 0.375, 0.3125, 0.1875]
[TRAIN]: (381/1600): reward: -66.61125910282135, rates: 1.3887406822434434, loss: 1.4197781413793564, rho: 0.425, transmit_actions: 10, P: [0.5, 0.25, 0.8125, 0.9375, 0.5, 0.125, 0.375, 0.5, 0.4375, 0.375, 0.875, 0.875, 0.625, 0.75, 0.375, 0.4375, 0.75, 1.0, 0.875, 0.75]
[TRAIN]: (382/1600): reward: -87.48178219795227, rates: 0.5182175929171897, loss: 1.2138208031654358, rho: 0.6125, transmit_actions: 11, P: [0.6875, 0.5625, 0.875, 0.625, 0.375, 0.5, 1.0, 0.25, 0.4375, 0.4375, 0.9375, 0.5625, 0.375, 0.75, 0.875, 0.6875, 0.3125, 0.5, 0.375, 1.0]
[TRAIN]: (383/1600): reward: -59.75260419398546, rates: 2.2473956924639658, loss: 1.534587824344635, rho: 0.64375, transmit_actions: 12, P: [0.8125, 0.1875, 0.0, 0.9375, 0.25, 0.5625, 0.375, 0.25, 0.75, 0.3125, 0.625, 0.8125, 0.5625, 0.5, 0.0625, 0.375, 0.5625, 0.0, 1.0, 0.75]
[TRAIN]: (384/1600): reward: -74.84814795851707, rates: 0.15185204324997115, loss: 1.1829320430755614, rho: 0.5875, transmit_actions: 6, P: [0.5625, 0.125, 0.5625, 1.0, 0.25, 0.375, 0.0625, 0.625, 0.9375, 0.3125, 0.75, 0.0, 0.625, 1.0, 0.0625, 0.375, 0.625, 0.9375, 0.3125, 0.0]
[TRAIN]: (385/1600): reward: -59.42371344566345, rates: 3.576286607566271, loss: 1.2804211378097534, rho: 0.5, transmit_actions: 12, P: [0.5625, 1.0, 0.9375, 1.0, 0.375, 0.375, 1.0, 0.875, 0.875, 0.1875, 0.875, 0.9375, 0.9375, 0.75, 0.25, 0.3125, 0.125, 0.3125, 0.125, 0.125]
[TRAIN]: (386/1600): reward: -67.72953051328659, rates: 2.2704697777425773, loss: 1.3022943675518035, rho: 0.49375, transmit_actions: 8, P: [0.875, 0.0625, 0.875, 0.375, 0.8125, 0.125, 0.0625, 0.0625, 0.6875, 0.1875, 0.125, 1.0, 0.5, 0.1875, 0.0625, 0.125, 0.625, 0.5625, 0.3125, 0.0]
[TRAIN]: (387/1600): reward: -68.34547936916351, rates: 1.6545207163416857, loss: 1.2848136097192764, rho: 0.45625, transmit_actions: 15, P: [0.875, 0.4375, 1.0, 0.875, 0.0, 0.1875, 0.625, 0.625, 0.3125, 0.25, 0.375, 0.375, 0.375, 0.375, 0.4375, 0.0, 0.625, 0.4375, 0.4375, 0.625]
[TRAIN]: (388/1600): reward: -71.2660943865776, rates: 2.7339057015859805, loss: 1.3456052869558335, rho: 0.54375, transmit_actions: 11, P: [0.5, 0.0625, 0.5625, 0.9375, 0.5, 0.9375, 0.0, 0.25, 0.4375, 0.25, 0.5, 0.1875, 0.25, 0.25, 0.25, 0.8125, 1.0, 0.25, 0.4375, 0.1875]
[TRAIN]: (389/1600): reward: -54.53093886375427, rates: 1.469061003967628, loss: 1.3809561818838119, rho: 0.4625, transmit_actions: 7, P: [0.9375, 0.125, 0.1875, 0.8125, 0.125, 0.75, 0.4375, 0.9375, 0.875, 0.75, 0.8125, 0.75, 0.5, 0.5625, 0.3125, 0.625, 0.625, 0.1875, 0.9375, 1.0]
[TRAIN]: (390/1600): reward: -69.45070683583617, rates: 1.549293227370982, loss: 1.4519085615873337, rho: 0.60625, transmit_actions: 9, P: [0.5625, 0.0, 0.5625, 0.0, 0.1875, 0.375, 0.25, 0.8125, 0.8125, 0.6875, 0.625, 0.9375, 0.1875, 0.0, 0.0625, 0.9375, 0.4375, 0.5, 0.5, 0.8125]
[TRAIN]: (391/1600): reward: -55.47968751192093, rates: 3.5203125838716347, loss: 1.276949256658554, rho: 0.56875, transmit_actions: 13, P: [0.125, 0.25, 0.0, 0.6875, 0.9375, 0.625, 0.125, 0.6875, 0.4375, 0.625, 0.1875, 0.125, 0.1875, 1.0, 0.375, 0.8125, 0.3125, 0.125, 0.5625, 0.875]
[TRAIN]: (392/1600): reward: -68.97107285261154, rates: 1.0289270771334365, loss: 1.3650877863168716, rho: 0.4875, transmit_actions: 8, P: [0.375, 0.75, 0.875, 0.6875, 0.8125, 0.375, 0.5625, 0.25, 0.0625, 0.625, 0.25, 0.4375, 0.9375, 1.0, 0.25, 0.75, 0.5, 0.6875, 0.3125, 0.125]
[TRAIN]: (393/1600): reward: -72.97078931331635, rates: 2.0292105306859476, loss: 1.2720649689435959, rho: 0.51875, transmit_actions: 8, P: [0.0625, 0.3125, 0.5625, 0.3125, 0.75, 0.9375, 0.75, 1.0, 0.5625, 0.6875, 0.3125, 0.9375, 0.8125, 1.0, 0.0, 0.0625, 0.6875, 0.5625, 0.875, 0.375]
[TRAIN]: (394/1600): reward: -67.81182566285133, rates: 2.188174319859918, loss: 1.2969672679901123, rho: 0.50625, transmit_actions: 9, P: [0.0625, 0.5, 0.375, 0.6875, 0.1875, 0.125, 0.0625, 0.1875, 0.625, 0.6875, 0.4375, 0.25, 0.1875, 0.4375, 0.1875, 0.6875, 0.6875, 0.25, 0.75, 0.375]
[TRAIN]: (395/1600): reward: -80.17373985052109, rates: 0.8262599692163077, loss: 1.2462976634502412, rho: 0.5625, transmit_actions: 10, P: [0.0625, 0.3125, 0.1875, 0.9375, 0.625, 0.5, 0.8125, 0.75, 0.3125, 0.6875, 0.125, 0.75, 0.1875, 0.9375, 0.6875, 0.6875, 0.3125, 0.375, 0.625, 0.375]
[TRAIN]: (396/1600): reward: -72.78037124872208, rates: 1.219628818865671, loss: 1.0455368652939796, rho: 0.54375, transmit_actions: 11, P: [0.5625, 1.0, 0.8125, 0.875, 0.0625, 0.625, 0.875, 0.25, 0.875, 0.0625, 0.0, 0.625, 0.0625, 0.4375, 0.8125, 0.6875, 0.4375, 0.6875, 0.375, 0.0625]
[TRAIN]: (397/1600): reward: -72.41644084453583, rates: 1.58355895283107, loss: 1.223370537161827, rho: 0.46875, transmit_actions: 9, P: [0.0625, 0.125, 0.1875, 0.9375, 0.25, 0.8125, 0.4375, 0.0625, 0.5625, 0.3125, 0.1875, 0.6875, 0.8125, 0.3125, 0.875, 0.4375, 0.1875, 0.6875, 0.5, 0.5]
[TRAIN]: (398/1600): reward: -60.77529241144657, rates: 1.2247075423902918, loss: 1.3577338308095932, rho: 0.50625, transmit_actions: 9, P: [0.5, 0.375, 0.25, 0.1875, 0.125, 1.0, 1.0, 0.125, 0.375, 0.9375, 0.5, 0.0, 0.0, 1.0, 0.25, 0.0, 0.0625, 0.1875, 0.875, 0.9375]
[TRAIN]: (399/1600): reward: -65.54016071557999, rates: 0.45983941680065754, loss: 1.2874824017286302, rho: 0.5, transmit_actions: 5, P: [0.1875, 0.5625, 0.9375, 0.9375, 0.4375, 0.25, 0.3125, 0.8125, 0.4375, 0.6875, 0.875, 0.8125, 1.0, 0.5625, 0.875, 0.4375, 0.25, 0.0625, 0.375, 0.0625]
[TRAIN]: (400/1600): reward: -60.95307366549969, rates: 3.0469263067644854, loss: 1.3552813470363616, rho: 0.54375, transmit_actions: 11, P: [0.0625, 0.0, 0.1875, 1.0, 0.3125, 0.3125, 0.5, 0.75, 0.375, 0.25, 0.1875, 0.6875, 0.4375, 0.0, 0.3125, 0.4375, 0.5625, 0.3125, 0.3125, 0.125]
[TRAIN]: (401/1600): reward: -86.77566504478455, rates: 0.22433498765795867, loss: 1.447742721438408, rho: 0.50625, transmit_actions: 12, P: [0.4375, 0.0625, 0.75, 0.3125, 0.125, 0.8125, 0.875, 0.5, 1.0, 1.0, 0.8125, 0.5, 0.375, 0.875, 0.5, 0.8125, 0.75, 0.0, 0.6875, 0.875]
[TRAIN]: (402/1600): reward: -66.8363566994667, rates: 2.1636432704303385, loss: 1.2724062711000443, rho: 0.59375, transmit_actions: 12, P: [0.0, 0.5, 0.5625, 0.625, 0.3125, 0.375, 0.1875, 0.5625, 0.1875, 0.125, 0.0, 0.3125, 0.6875, 0.875, 0.25, 0.3125, 1.0, 0.5625, 0.5625, 0.875]
[TRAIN]: (403/1600): reward: -70.49289512634277, rates: 1.507104829659172, loss: 1.454584214091301, rho: 0.525, transmit_actions: 11, P: [0.3125, 0.75, 1.0, 0.0625, 0.8125, 0.125, 0.125, 0.3125, 0.75, 0.5, 0.1875, 1.0, 0.5, 0.0, 0.5, 0.9375, 0.375, 0.6875, 1.0, 0.1875]
[TRAIN]: (404/1600): reward: -77.44599863886833, rates: 1.5540012593424886, loss: 1.4991274029016495, rho: 0.48125, transmit_actions: 9, P: [0.875, 0.375, 0.0, 0.0, 0.9375, 0.3125, 0.0, 0.125, 0.625, 0.125, 0.0625, 0.875, 0.3125, 0.3125, 0.4375, 0.3125, 0.375, 0.4375, 0.625, 0.4375]
[TRAIN]: (405/1600): reward: -75.55770885944366, rates: 1.4422910870873047, loss: 1.3927155584096909, rho: 0.4625, transmit_actions: 11, P: [0.5625, 0.1875, 0.625, 0.25, 0.5625, 0.625, 0.625, 0.625, 0.4375, 0.125, 0.3125, 0.875, 0.9375, 0.5625, 0.1875, 0.125, 0.5625, 0.8125, 0.8125, 0.6875]
[TRAIN]: (406/1600): reward: -61.118474781513214, rates: 2.8815253399766565, loss: 1.5025531202554703, rho: 0.44375, transmit_actions: 11, P: [0.5, 0.1875, 0.3125, 0.8125, 0.6875, 0.375, 0.6875, 0.3125, 0.9375, 0.875, 0.25, 0.625, 0.5, 0.125, 0.4375, 1.0, 1.0, 0.5, 0.8125, 0.1875]
[TRAIN]: (407/1600): reward: -71.9304812848568, rates: 1.0695184712334944, loss: 1.284223383665085, rho: 0.51875, transmit_actions: 14, P: [0.9375, 0.375, 0.875, 0.5625, 0.875, 0.25, 0.375, 0.375, 0.5, 0.3125, 0.9375, 1.0, 0.5625, 1.0, 0.875, 0.0, 0.125, 0.4375, 0.5625, 0.5625]
[TRAIN]: (408/1600): reward: -78.10824024677277, rates: 1.8917596971143555, loss: 1.2021984696388244, rho: 0.4, transmit_actions: 10, P: [0.4375, 0.375, 0.5625, 0.5625, 0.625, 0.75, 0.5, 0.25, 0.5, 0.4375, 0.8125, 0.625, 0.6875, 0.1875, 0.5625, 0.125, 0.25, 0.25, 0.25, 0.625]
[TRAIN]: (409/1600): reward: -64.85018017888069, rates: 1.1498199943699157, loss: 1.4263118356466293, rho: 0.5125, transmit_actions: 12, P: [0.3125, 0.3125, 0.5, 0.375, 0.0, 0.0625, 0.75, 0.0, 0.25, 0.5, 0.875, 0.3125, 0.8125, 0.8125, 0.5, 0.6875, 0.5625, 0.1875, 0.75, 0.625]
[TRAIN]: (410/1600): reward: -52.16046244651079, rates: 1.8395374908138025, loss: 1.4094502627849579, rho: 0.39375, transmit_actions: 10, P: [0.375, 0.5, 0.3125, 0.5625, 0.5625, 0.0625, 0.25, 0.25, 0.3125, 0.3125, 0.6875, 0.5625, 0.1875, 0.375, 1.0, 0.8125, 0.6875, 0.9375, 0.4375, 0.1875]
[TRAIN]: (411/1600): reward: -69.12728828191757, rates: 1.8727115096257383, loss: 1.3512043863534928, rho: 0.5, transmit_actions: 11, P: [0.75, 0.6875, 0.625, 0.625, 0.3125, 0.6875, 0.0625, 0.5625, 0.25, 0.4375, 0.3125, 0.5, 0.3125, 0.5, 0.75, 0.5, 0.5, 0.9375, 0.6875, 0.375]
[TRAIN]: (412/1600): reward: -65.38121980428696, rates: 2.6187802294126348, loss: 1.3074128180742264, rho: 0.44375, transmit_actions: 11, P: [0.125, 0.0625, 0.8125, 0.125, 0.875, 0.875, 0.4375, 0.25, 0.0, 0.1875, 0.9375, 0.125, 0.1875, 0.625, 0.5625, 0.6875, 0.5625, 0.0, 0.1875, 0.6875]
[TRAIN]: (413/1600): reward: -85.18820929527283, rates: 0.8117906948033985, loss: 1.4074323177337646, rho: 0.5375, transmit_actions: 9, P: [0.6875, 1.0, 0.375, 1.0, 0.9375, 1.0, 0.6875, 0.25, 0.1875, 0.9375, 0.375, 0.125, 0.0625, 0.5625, 0.6875, 0.5625, 0.5625, 0.625, 0.5625, 1.0]
[TRAIN]: (414/1600): reward: -71.85787773132324, rates: 1.1421223240006704, loss: 1.3371214509010314, rho: 0.475, transmit_actions: 7, P: [0.625, 0.0, 0.875, 0.0, 0.3125, 0.75, 0.0, 0.0625, 0.375, 0.3125, 0.0625, 0.0625, 0.1875, 0.375, 0.875, 1.0, 0.0, 0.0, 0.375, 0.1875]
[TRAIN]: (415/1600): reward: -69.40133794024587, rates: 2.598662099025878, loss: 1.3914805680513382, rho: 0.49375, transmit_actions: 8, P: [0.25, 0.5625, 0.375, 0.4375, 0.8125, 0.625, 0.125, 0.125, 0.1875, 0.8125, 0.25, 0.9375, 0.0625, 0.25, 0.9375, 0.25, 0.875, 0.3125, 0.375, 0.8125]
[TRAIN]: (416/1600): reward: -77.80708460509777, rates: 1.1929154711454926, loss: 1.337617528438568, rho: 0.53125, transmit_actions: 14, P: [0.625, 1.0, 0.9375, 0.5625, 0.1875, 0.5625, 0.5625, 0.1875, 1.0, 0.3125, 0.5625, 0.1875, 0.6875, 0.625, 0.625, 0.375, 0.625, 0.5625, 0.25, 0.125]
[TRAIN]: (417/1600): reward: -68.64495640993118, rates: 2.355043692172045, loss: 1.5820383310317994, rho: 0.51875, transmit_actions: 12, P: [0.6875, 0.25, 0.0, 0.0, 0.75, 0.9375, 0.5, 0.0, 0.5625, 0.25, 0.5, 0.8125, 0.125, 0.4375, 0.875, 0.0, 0.6875, 0.125, 0.6875, 0.375]
[TRAIN]: (418/1600): reward: -78.28353735804558, rates: 0.7164626939192996, loss: 1.4465214312076569, rho: 0.54375, transmit_actions: 10, P: [0.9375, 0.625, 0.5, 0.375, 0.3125, 0.5, 0.125, 0.5, 0.25, 0.625, 0.625, 0.1875, 1.0, 0.5, 0.75, 0.5, 1.0, 0.875, 0.375, 0.25]
[TRAIN]: (419/1600): reward: -67.26232060790062, rates: 1.7376794086097291, loss: 1.3909533083438874, rho: 0.56875, transmit_actions: 8, P: [1.0, 0.125, 0.1875, 0.25, 0.875, 0.875, 0.625, 0.5625, 0.125, 0.5625, 0.4375, 0.6875, 0.4375, 0.5625, 0.125, 0.3125, 0.1875, 0.1875, 0.625, 0.6875]
[TRAIN]: (420/1600): reward: -75.15848636627197, rates: 1.8415135201973578, loss: 1.328138956427574, rho: 0.5, transmit_actions: 9, P: [0.4375, 0.875, 0.8125, 0.125, 0.1875, 0.1875, 0.75, 0.75, 0.5, 0.25, 0.625, 0.0, 0.625, 0.25, 0.3125, 0.25, 0.75, 0.5, 0.1875, 0.125]
[TRAIN]: (421/1600): reward: -61.216553032398224, rates: 1.7834470661076447, loss: 1.3094163298606873, rho: 0.44375, transmit_actions: 8, P: [0.375, 0.625, 0.75, 0.1875, 0.1875, 0.4375, 1.0, 0.5625, 0.5, 1.0, 0.75, 0.6875, 0.8125, 0.0625, 0.0, 0.0, 0.125, 0.25, 0.3125, 0.875]
[TRAIN]: (422/1600): reward: -54.77330467104912, rates: 2.226695344808697, loss: 1.291507390141487, rho: 0.5, transmit_actions: 12, P: [0.75, 0.5, 0.9375, 0.875, 0.0625, 1.0, 0.4375, 0.4375, 0.0625, 0.0625, 0.5625, 0.5625, 0.5, 0.875, 0.9375, 0.875, 0.8125, 0.375, 0.875, 0.5]
[TRAIN]: (423/1600): reward: -76.25407779216766, rates: 2.745922233963981, loss: 1.2038432896137237, rho: 0.53125, transmit_actions: 11, P: [0.5625, 0.75, 0.125, 0.375, 0.0625, 0.0, 0.0625, 0.375, 0.5625, 0.5, 0.125, 0.0, 0.5625, 0.8125, 0.375, 0.75, 0.4375, 0.0625, 0.0625, 0.6875]
[TRAIN]: (424/1600): reward: -78.17109405994415, rates: 1.8289061728545286, loss: 1.2875116348266602, rho: 0.55625, transmit_actions: 11, P: [0.4375, 0.75, 0.4375, 0.375, 0.6875, 0.0, 0.375, 0.875, 0.0, 0.375, 0.4375, 0.75, 1.0, 0.4375, 0.8125, 0.75, 1.0, 0.125, 0.4375, 0.3125]
[TRAIN]: (425/1600): reward: -62.0736233368516, rates: 1.9263767151733944, loss: 1.3677139073610305, rho: 0.5125, transmit_actions: 12, P: [0.8125, 1.0, 0.0, 0.5, 0.0, 0.8125, 0.8125, 0.9375, 0.5625, 0.1875, 0.0, 0.5625, 0.5625, 0.5, 0.6875, 0.3125, 0.25, 0.75, 0.875, 0.25]
[TRAIN]: (426/1600): reward: -66.47107356786728, rates: 1.5289263362106218, loss: 1.304572583734989, rho: 0.48125, transmit_actions: 7, P: [0.4375, 0.375, 0.125, 0.875, 0.5, 0.3125, 0.375, 0.0625, 0.3125, 0.6875, 0.3125, 0.125, 0.3125, 0.75, 0.375, 0.9375, 0.0625, 0.3125, 0.5625, 0.6875]
[TRAIN]: (427/1600): reward: -66.9555413722992, rates: 1.0444587220589374, loss: 1.28392833173275, rho: 0.38125, transmit_actions: 11, P: [1.0, 0.6875, 0.375, 0.4375, 0.875, 0.3125, 0.375, 1.0, 0.5, 0.5, 0.5, 1.0, 0.75, 1.0, 1.0, 0.0, 0.375, 0.0, 0.4375, 0.25]
[TRAIN]: (428/1600): reward: -59.65806174278259, rates: 1.3419382855545063, loss: 1.2994648873806, rho: 0.4125, transmit_actions: 7, P: [0.375, 0.9375, 0.8125, 0.4375, 0.6875, 0.8125, 0.9375, 0.0625, 0.0, 0.625, 1.0, 0.125, 0.5625, 0.375, 1.0, 0.8125, 0.5, 0.375, 0.5, 0.75]
[TRAIN]: (429/1600): reward: -61.884552612900734, rates: 1.1154474654461586, loss: 1.3728544950485229, rho: 0.4375, transmit_actions: 10, P: [0.9375, 0.5625, 0.8125, 0.875, 0.5, 0.3125, 0.8125, 0.125, 0.6875, 0.3125, 0.375, 0.375, 0.9375, 0.875, 0.25, 0.875, 0.0, 0.1875, 0.9375, 0.4375]
[TRAIN]: (430/1600): reward: -73.70491403341293, rates: 1.295085968326984, loss: 1.5235365331172943, rho: 0.4375, transmit_actions: 7, P: [0.0625, 0.1875, 0.0, 0.9375, 0.375, 0.4375, 0.5, 0.75, 0.8125, 0.125, 0.5, 0.3125, 0.25, 0.9375, 0.1875, 1.0, 0.0625, 0.25, 0.5625, 0.125]
[TRAIN]: (431/1600): reward: -75.60705018043518, rates: 1.3929498466069397, loss: 1.3683169096708299, rho: 0.49375, transmit_actions: 9, P: [0.125, 0.5625, 0.125, 0.4375, 1.0, 0.3125, 0.0, 0.5, 0.875, 0.75, 0.6875, 0.4375, 0.5, 0.4375, 0.5, 0.875, 0.75, 0.5625, 0.375, 0.6875]
[TRAIN]: (432/1600): reward: -85.76074483990669, rates: 1.239254961003431, loss: 1.3322964400053023, rho: 0.51875, transmit_actions: 9, P: [0.4375, 0.625, 0.375, 0.6875, 0.5625, 0.6875, 0.8125, 1.0, 0.6875, 0.0625, 0.5625, 0.25, 0.375, 0.8125, 0.75, 0.0, 0.6875, 0.625, 0.6875, 0.5]
[TRAIN]: (433/1600): reward: -60.174049742519855, rates: 2.8259505348211085, loss: 1.524803912639618, rho: 0.5375, transmit_actions: 10, P: [0.3125, 0.1875, 0.9375, 0.875, 0.8125, 0.4375, 0.0625, 0.5, 1.0, 0.0625, 0.0625, 0.25, 0.9375, 0.5, 0.75, 0.4375, 0.875, 0.3125, 0.875, 0.75]
[TRAIN]: (434/1600): reward: -76.18980032205582, rates: 1.8101997503989078, loss: 1.3514308631420135, rho: 0.54375, transmit_actions: 14, P: [0.625, 0.875, 0.0625, 0.9375, 0.375, 0.5625, 0.75, 0.5, 0.5, 0.625, 0.5, 1.0, 0.375, 0.75, 0.5625, 0.0625, 0.625, 0.25, 0.375, 0.1875]
[TRAIN]: (435/1600): reward: -71.8328337520361, rates: 1.1671661662890935, loss: 1.524753674864769, rho: 0.50625, transmit_actions: 9, P: [0.625, 0.25, 0.8125, 0.1875, 0.6875, 0.1875, 0.25, 0.625, 1.0, 1.0, 0.875, 0.5625, 0.125, 0.6875, 0.875, 0.8125, 0.25, 0.8125, 1.0, 0.0]
[TRAIN]: (436/1600): reward: -61.24908386170864, rates: 2.750916162079018, loss: 1.2969761312007904, rho: 0.625, transmit_actions: 10, P: [0.625, 0.5, 0.5, 0.1875, 0.0625, 0.875, 1.0, 0.375, 0.375, 0.3125, 0.0, 0.125, 0.4375, 0.5, 0.375, 0.4375, 0.6875, 0.0, 0.8125, 0.8125]
[TRAIN]: (437/1600): reward: -59.52149510383606, rates: 1.478504993892631, loss: 1.2296344488859177, rho: 0.51875, transmit_actions: 9, P: [0.375, 0.1875, 0.1875, 0.9375, 0.5625, 0.6875, 0.0, 0.5625, 0.75, 0.5, 0.75, 0.0, 0.5625, 0.6875, 0.6875, 0.4375, 0.875, 0.0625, 0.375, 0.875]
[TRAIN]: (438/1600): reward: -71.08869279921055, rates: 1.9113070975912358, loss: 1.3241607755422593, rho: 0.5125, transmit_actions: 10, P: [0.9375, 0.5, 0.125, 0.875, 0.9375, 0.0625, 0.5625, 0.4375, 0.0625, 0.375, 0.875, 0.375, 0.0, 0.625, 0.75, 0.5, 0.25, 0.125, 0.4375, 0.8125]
[TRAIN]: (439/1600): reward: -68.66938066482544, rates: 2.3306193683342307, loss: 1.2988389790058137, rho: 0.46875, transmit_actions: 9, P: [0.5, 0.25, 0.1875, 0.6875, 0.4375, 0.625, 0.3125, 0.8125, 0.3125, 0.3125, 0.4375, 0.5, 0.75, 0.75, 1.0, 0.875, 0.375, 0.3125, 0.625, 0.25]
[TRAIN]: (440/1600): reward: -70.87283623218536, rates: 1.1271639268295701, loss: 1.2573690116405487, rho: 0.5125, transmit_actions: 9, P: [0.0, 0.3125, 0.875, 0.9375, 0.4375, 0.25, 1.0, 0.6875, 0.4375, 0.3125, 0.0, 0.375, 0.75, 0.625, 0.0625, 0.125, 0.0625, 1.0, 0.1875, 0.375]
[TRAIN]: (441/1600): reward: -81.57564724981785, rates: 1.4243527427157252, loss: 1.3207440078258514, rho: 0.46875, transmit_actions: 10, P: [0.8125, 0.5625, 0.1875, 0.5625, 0.375, 0.25, 0.625, 0.6875, 0.0, 0.8125, 0.125, 0.625, 0.0, 0.4375, 0.8125, 0.0, 0.3125, 0.6875, 0.375, 1.0]
[TRAIN]: (442/1600): reward: -73.19909524917603, rates: 1.8009047027741776, loss: 1.3693772435188294, rho: 0.38125, transmit_actions: 9, P: [0.75, 0.8125, 0.3125, 0.5, 0.4375, 0.75, 0.0625, 0.5, 0.9375, 1.0, 0.75, 0.3125, 0.0, 0.4375, 0.9375, 0.125, 0.5, 0.0625, 0.0625, 0.375]
[TRAIN]: (443/1600): reward: -78.79700946807861, rates: 0.20299043858209387, loss: 1.4729859828948975, rho: 0.50625, transmit_actions: 6, P: [0.0625, 1.0, 0.8125, 0.3125, 0.1875, 0.4375, 0.9375, 0.5625, 0.8125, 0.0, 0.75, 0.25, 0.375, 0.0, 0.0625, 0.25, 0.4375, 0.9375, 0.0, 0.0625]
[TRAIN]: (444/1600): reward: -65.5009514093399, rates: 0.499048689069586, loss: 1.1219011425971985, rho: 0.45, transmit_actions: 13, P: [1.0, 0.25, 0.0, 0.625, 0.8125, 0.875, 1.0, 0.625, 0.25, 0.9375, 0.3125, 0.9375, 0.8125, 0.875, 0.5625, 0.25, 0.1875, 0.875, 0.625, 0.625]
[TRAIN]: (445/1600): reward: -62.72085563838482, rates: 0.2791442973776651, loss: 1.368291401863098, rho: 0.5, transmit_actions: 6, P: [0.25, 0.125, 0.5625, 0.8125, 0.375, 0.8125, 0.125, 0.75, 0.1875, 0.75, 0.9375, 0.5, 0.875, 0.0, 0.5625, 0.75, 0.75, 0.8125, 0.3125, 0.8125]
[TRAIN]: (446/1600): reward: -63.777423322200775, rates: 1.2225767252114128, loss: 1.1993929505348206, rho: 0.41875, transmit_actions: 9, P: [0.0625, 0.8125, 0.6875, 0.8125, 0.5, 0.8125, 0.0625, 0.0625, 0.6875, 0.8125, 0.125, 0.8125, 0.0625, 0.5, 0.0, 0.6875, 0.75, 0.0, 0.1875, 0.8125]
[TRAIN]: (447/1600): reward: -70.41557958722115, rates: 0.5844203852571147, loss: 1.4356536388397216, rho: 0.575, transmit_actions: 8, P: [0.8125, 0.125, 0.375, 0.8125, 0.375, 0.8125, 0.25, 0.125, 0.625, 0.5, 0.3125, 0.5625, 0.6875, 0.375, 0.125, 0.375, 0.0, 0.375, 0.4375, 0.0]
[TRAIN]: (448/1600): reward: -69.8987822830677, rates: 1.101217537782689, loss: 1.5418995916843414, rho: 0.6, transmit_actions: 7, P: [0.6875, 0.0, 0.25, 0.75, 0.625, 0.4375, 0.25, 0.4375, 0.1875, 0.875, 0.625, 0.1875, 0.375, 0.9375, 0.4375, 1.0, 0.0625, 0.0, 0.0, 0.9375]
[TRAIN]: (449/1600): reward: -78.63247710466385, rates: 1.3675228970213102, loss: 1.2361846834421157, rho: 0.5875, transmit_actions: 8, P: [0.1875, 0.0, 0.0, 0.8125, 0.75, 0.6875, 0.3125, 0.875, 0.5625, 0.8125, 0.1875, 0.375, 0.125, 0.125, 0.75, 0.5, 0.75, 0.5, 0.875, 0.6875]
[TRAIN]: (450/1600): reward: -74.62015380710363, rates: 0.3798461948787325, loss: 1.200275182723999, rho: 0.49375, transmit_actions: 6, P: [0.75, 0.5625, 0.375, 0.125, 0.4375, 0.125, 0.8125, 0.0, 0.75, 0.0625, 0.25, 0.4375, 0.125, 1.0, 0.0, 0.3125, 0.875, 1.0, 0.5, 0.8125]
[TRAIN]: (451/1600): reward: -77.19652390107512, rates: 2.8034762008519523, loss: 1.3419322401285172, rho: 0.4875, transmit_actions: 9, P: [0.6875, 0.625, 0.25, 0.6875, 0.5625, 0.0625, 0.6875, 0.8125, 0.5625, 0.5, 0.4375, 0.125, 0.25, 0.875, 0.8125, 0.1875, 0.0625, 0.375, 0.0, 0.25]
[TRAIN]: (452/1600): reward: -75.58349135518074, rates: 1.4165086678491574, loss: 1.3291515231132507, rho: 0.4875, transmit_actions: 12, P: [0.625, 0.875, 0.4375, 0.875, 0.1875, 0.75, 0.125, 0.5, 0.4375, 0.3125, 0.625, 0.375, 1.0, 0.0, 0.125, 0.1875, 0.375, 0.9375, 0.75, 0.875]
[TRAIN]: (453/1600): reward: -58.78745794296265, rates: 3.212542307657291, loss: 1.409090918302536, rho: 0.44375, transmit_actions: 11, P: [0.25, 0.0, 0.125, 0.8125, 0.5, 0.5, 0.0, 0.375, 0.4375, 0.9375, 0.0625, 0.625, 0.0625, 0.5625, 0.1875, 0.9375, 0.8125, 0.0625, 0.9375, 0.8125]
[TRAIN]: (454/1600): reward: -66.9171854108572, rates: 3.082814581650502, loss: 1.3470883011817931, rho: 0.55, transmit_actions: 12, P: [0.4375, 0.1875, 1.0, 0.1875, 0.3125, 0.5625, 0.25, 0.0625, 0.25, 0.5625, 0.375, 0.5625, 1.0, 0.375, 1.0, 0.4375, 0.625, 0.375, 0.6875, 0.1875]
[TRAIN]: (455/1600): reward: -63.45326301455498, rates: 1.5467370797998918, loss: 1.2701587229967117, rho: 0.51875, transmit_actions: 11, P: [0.25, 0.5625, 0.375, 0.875, 0.1875, 0.5, 0.8125, 0.6875, 0.4375, 0.625, 0.25, 0.375, 0.625, 0.375, 0.0, 0.1875, 0.9375, 0.75, 0.9375, 0.375]
[TRAIN]: (456/1600): reward: -66.6193677186966, rates: 3.380632263774298, loss: 1.223283550143242, rho: 0.5125, transmit_actions: 11, P: [1.0, 0.875, 0.75, 0.8125, 1.0, 0.875, 0.6875, 0.3125, 0.6875, 0.0625, 0.4375, 0.125, 0.0625, 0.875, 0.1875, 0.8125, 0.8125, 0.375, 0.0625, 0.875]
[TRAIN]: (457/1600): reward: -72.2089069634676, rates: 0.7910931676229805, loss: 1.1497128874063491, rho: 0.5, transmit_actions: 9, P: [0.3125, 0.9375, 0.9375, 0.0625, 0.5625, 0.625, 0.375, 0.6875, 0.3125, 0.625, 0.9375, 0.5625, 0.0625, 0.1875, 0.0625, 0.6875, 0.4375, 0.25, 0.5, 0.5625]
[TRAIN]: (458/1600): reward: -61.83136663772166, rates: 2.168633421022856, loss: 1.3345349431037903, rho: 0.55, transmit_actions: 13, P: [0.375, 0.0, 0.5625, 0.125, 0.5625, 0.0, 0.6875, 0.125, 0.25, 0.375, 0.875, 0.375, 0.6875, 0.6875, 0.75, 0.9375, 1.0, 0.6875, 0.25, 0.75]
[TRAIN]: (459/1600): reward: -82.59448671340942, rates: 0.40551319540700165, loss: 1.5610590875148773, rho: 0.4375, transmit_actions: 8, P: [0.5625, 0.6875, 0.625, 0.8125, 0.625, 0.125, 0.125, 0.875, 0.4375, 0.0625, 0.9375, 0.9375, 0.625, 0.5625, 0.75, 0.9375, 0.375, 0.4375, 0.9375, 0.9375]
[TRAIN]: (460/1600): reward: -64.17888736724854, rates: 2.821112608511366, loss: 1.2744501054286956, rho: 0.40625, transmit_actions: 15, P: [0.0625, 0.0, 0.5625, 0.25, 0.5625, 0.375, 0.625, 0.125, 0.9375, 0.1875, 0.25, 0.6875, 1.0, 0.75, 0.625, 0.25, 0.625, 0.625, 0.5, 0.75]
[TRAIN]: (461/1600): reward: -75.10029447078705, rates: 0.8997055307034466, loss: 1.4022720843553542, rho: 0.51875, transmit_actions: 10, P: [0.25, 0.75, 0.375, 0.0, 0.875, 0.25, 0.8125, 0.4375, 0.125, 0.375, 0.6875, 0.625, 0.25, 0.6875, 1.0, 0.3125, 0.875, 0.875, 1.0, 0.25]
[TRAIN]: (462/1600): reward: -71.82656881213188, rates: 1.1734310289158578, loss: 1.3174571126699448, rho: 0.48125, transmit_actions: 12, P: [0.6875, 0.3125, 0.375, 0.4375, 0.9375, 0.6875, 0.25, 0.9375, 0.0625, 0.3125, 0.0625, 0.125, 0.5625, 0.75, 0.5, 0.625, 0.9375, 0.875, 0.625, 0.25]
[TRAIN]: (463/1600): reward: -67.23364812135696, rates: 1.766351682939816, loss: 1.3623195946216584, rho: 0.4125, transmit_actions: 10, P: [0.125, 1.0, 0.75, 0.875, 0.6875, 0.0625, 0.8125, 0.5, 0.5, 0.8125, 0.0, 0.5625, 0.625, 0.0625, 0.5625, 0.5, 0.3125, 0.5625, 0.1875, 0.125]
[TRAIN]: (464/1600): reward: -53.56621362268925, rates: 6.4337862689441225, loss: 1.2880898237228393, rho: 0.4875, transmit_actions: 11, P: [0.25, 0.1875, 0.875, 0.3125, 0.0625, 0.5625, 0.125, 0.5, 0.9375, 0.75, 0.625, 0.0625, 0.1875, 0.5625, 0.75, 0.6875, 0.1875, 0.3125, 0.25, 0.25]
[TRAIN]: (465/1600): reward: -62.91615056991577, rates: 0.08384946864234714, loss: 1.383837056159973, rho: 0.38125, transmit_actions: 5, P: [0.0625, 0.4375, 0.5625, 1.0, 0.4375, 0.5, 0.75, 0.0, 1.0, 0.0, 0.75, 0.375, 0.625, 0.5, 0.75, 0.9375, 0.5625, 1.0, 0.9375, 0.6875]
[TRAIN]: (466/1600): reward: -75.56197357922792, rates: 1.4380264807187324, loss: 1.1502900511026382, rho: 0.51875, transmit_actions: 9, P: [0.8125, 0.3125, 0.8125, 0.0, 0.3125, 0.75, 0.9375, 0.75, 0.6875, 0.75, 0.25, 0.625, 0.4375, 0.1875, 0.125, 0.8125, 0.0625, 0.5625, 0.5, 0.0]
[TRAIN]: (467/1600): reward: -61.057227686047554, rates: 3.9427723133830446, loss: 1.3578494757413864, rho: 0.45625, transmit_actions: 8, P: [0.625, 0.6875, 0.6875, 0.375, 0.0625, 0.0625, 0.6875, 0.0625, 0.5625, 0.625, 0.25, 1.0, 0.5625, 0.3125, 0.5, 0.375, 0.3125, 0.0625, 0.1875, 0.4375]
[TRAIN]: (468/1600): reward: -72.76010197401047, rates: 0.23989801983889542, loss: 1.3044501334428786, rho: 0.475, transmit_actions: 10, P: [0.3125, 0.8125, 0.75, 0.75, 0.75, 0.4375, 0.8125, 0.8125, 0.25, 0.5, 0.625, 0.5, 0.625, 0.9375, 0.1875, 0.75, 0.75, 1.0, 0.5625, 0.0625]
[TRAIN]: (469/1600): reward: -66.4445571899414, rates: 0.5554428231565829, loss: 1.403195747733116, rho: 0.5, transmit_actions: 9, P: [0.125, 0.125, 0.6875, 0.875, 0.1875, 0.75, 0.3125, 0.6875, 0.1875, 0.625, 0.3125, 0.875, 0.625, 1.0, 0.75, 0.0, 1.0, 0.0, 0.3125, 0.625]
[TRAIN]: (470/1600): reward: -72.54399704933167, rates: 1.4560028961326061, loss: 1.428350928425789, rho: 0.44375, transmit_actions: 9, P: [0.3125, 0.125, 0.8125, 0.6875, 0.6875, 0.0, 0.375, 0.0625, 0.0625, 0.8125, 0.9375, 0.0625, 0.875, 0.25, 0.9375, 0.4375, 0.3125, 0.8125, 0.25, 0.875]
[TRAIN]: (471/1600): reward: -57.89945477247238, rates: 3.1005451921534473, loss: 1.1739396929740906, rho: 0.45, transmit_actions: 8, P: [0.5, 0.3125, 0.875, 0.125, 0.0, 0.0625, 0.125, 0.625, 0.375, 0.5625, 0.625, 0.75, 0.875, 1.0, 0.25, 1.0, 0.8125, 0.0, 0.125, 0.0625]
[TRAIN]: (472/1600): reward: -66.79287564754486, rates: 2.207124474666314, loss: 1.2849260047078133, rho: 0.46875, transmit_actions: 10, P: [0.0, 0.375, 0.3125, 0.5, 0.375, 0.0, 0.5, 0.125, 0.375, 0.625, 0.25, 0.4375, 0.125, 0.375, 0.6875, 0.4375, 0.625, 0.25, 0.875, 0.875]
[TRAIN]: (473/1600): reward: -66.39837336540222, rates: 0.6016267927473111, loss: 1.188878172636032, rho: 0.49375, transmit_actions: 8, P: [0.0625, 0.0, 0.75, 0.5625, 0.75, 0.375, 0.3125, 0.125, 0.75, 0.3125, 0.6875, 0.75, 0.25, 0.125, 0.125, 0.8125, 0.4375, 0.875, 0.375, 0.1875]
[TRAIN]: (474/1600): reward: -55.77866257727146, rates: 0.2213374299292546, loss: 1.3719406396150589, rho: 0.475, transmit_actions: 5, P: [0.5, 0.9375, 0.75, 0.5, 1.0, 0.25, 0.0625, 0.9375, 0.0, 0.4375, 0.8125, 0.4375, 0.125, 0.625, 0.9375, 0.625, 0.375, 0.0, 0.75, 0.375]
[TRAIN]: (475/1600): reward: -77.71654009819031, rates: 0.2834599508610067, loss: 1.3770233184099196, rho: 0.5125, transmit_actions: 7, P: [0.3125, 0.625, 0.375, 0.4375, 0.6875, 0.0, 0.9375, 0.75, 0.1875, 0.1875, 0.875, 0.375, 0.9375, 0.75, 0.375, 0.625, 0.875, 0.4375, 0.25, 0.0]
[TRAIN]: (476/1600): reward: -71.48883616924286, rates: 1.511163884606019, loss: 1.2534648448228836, rho: 0.525, transmit_actions: 9, P: [0.5, 0.25, 0.0625, 0.5, 0.75, 0.4375, 0.0625, 0.875, 0.9375, 1.0, 0.6875, 0.6875, 0.0625, 0.1875, 0.25, 0.6875, 0.3125, 0.3125, 0.0, 0.375]
[TRAIN]: (477/1600): reward: -83.10323643684387, rates: 0.8967635847989096, loss: 1.3004559457302094, rho: 0.44375, transmit_actions: 11, P: [0.1875, 0.625, 0.5, 0.125, 1.0, 0.75, 0.125, 0.375, 0.75, 0.25, 0.375, 0.5, 0.25, 0.4375, 0.9375, 0.875, 0.4375, 0.25, 0.25, 0.875]
[TRAIN]: (478/1600): reward: -77.73697566986084, rates: 2.263024453023945, loss: 1.5300053656101227, rho: 0.4875, transmit_actions: 10, P: [1.0, 0.875, 0.25, 0.375, 0.4375, 1.0, 0.625, 1.0, 0.25, 0.25, 0.1875, 0.9375, 0.75, 0.25, 0.4375, 0.1875, 0.5, 0.625, 0.0625, 0.3125]
[TRAIN]: (479/1600): reward: -67.63516044616699, rates: 1.364839533541891, loss: 1.444143256545067, rho: 0.4625, transmit_actions: 9, P: [0.375, 0.375, 0.5, 0.8125, 1.0, 0.625, 0.3125, 0.0625, 0.9375, 0.3125, 0.9375, 0.8125, 0.1875, 0.375, 0.0625, 0.0625, 0.1875, 0.9375, 0.0, 0.4375]
[TRAIN]: (480/1600): reward: -78.753462433815, rates: 1.246537555429751, loss: 1.298382782936096, rho: 0.51875, transmit_actions: 8, P: [0.5, 0.0625, 1.0, 0.4375, 0.625, 0.1875, 0.5, 0.5, 0.0625, 0.125, 0.875, 0.125, 0.375, 0.9375, 0.5, 0.5625, 0.625, 0.875, 0.125, 0.4375]
[TRAIN]: (481/1600): reward: -70.80236268043518, rates: 1.1976373724211578, loss: 1.1456419080495834, rho: 0.375, transmit_actions: 11, P: [0.0625, 0.75, 0.8125, 0.75, 1.0, 0.5625, 0.375, 0.875, 0.1875, 0.75, 0.3125, 0.25, 0.5625, 0.6875, 0.375, 0.5, 0.8125, 0.0, 0.5, 0.5625]
[TRAIN]: (482/1600): reward: -79.61421009898186, rates: 1.3857899256724266, loss: 1.4357211351394654, rho: 0.475, transmit_actions: 9, P: [0.4375, 0.4375, 0.6875, 0.75, 0.3125, 0.4375, 0.875, 0.375, 0.5625, 0.4375, 0.0, 0.75, 0.5, 0.375, 0.25, 0.1875, 0.8125, 0.1875, 0.6875, 0.6875]
[TRAIN]: (483/1600): reward: -86.49356579780579, rates: 0.5064342057595087, loss: 1.3342169612646102, rho: 0.56875, transmit_actions: 10, P: [0.625, 0.375, 1.0, 1.0, 0.5625, 0.4375, 0.75, 0.5, 0.9375, 0.625, 0.0625, 0.3125, 0.0, 0.5625, 0.9375, 0.9375, 0.5625, 0.9375, 0.6875, 0.8125]
[TRAIN]: (484/1600): reward: -56.3506795912981, rates: 2.649320460888218, loss: 1.1872861802577972, rho: 0.4875, transmit_actions: 9, P: [0.4375, 0.125, 0.1875, 0.0, 1.0, 0.5, 0.9375, 0.875, 0.1875, 0.375, 0.0625, 0.5625, 0.125, 0.125, 0.4375, 0.125, 0.0, 0.4375, 0.6875, 0.0]
[TRAIN]: (485/1600): reward: -67.55101491510868, rates: 2.448985156234643, loss: 1.4141780734062195, rho: 0.45, transmit_actions: 7, P: [0.0, 0.1875, 0.9375, 0.625, 0.1875, 0.0, 0.625, 0.5, 0.375, 0.0625, 0.5, 0.4375, 0.875, 0.1875, 0.0, 1.0, 0.75, 0.125, 0.5, 0.9375]
[TRAIN]: (486/1600): reward: -76.00600922107697, rates: 0.9939908312596127, loss: 1.1790698751807214, rho: 0.50625, transmit_actions: 11, P: [0.0625, 0.75, 0.8125, 0.5, 0.875, 0.0, 0.5625, 0.125, 0.125, 0.8125, 0.625, 1.0, 0.0625, 0.125, 0.375, 0.5, 0.625, 0.1875, 0.5, 0.125]
[TRAIN]: (487/1600): reward: -53.03944355249405, rates: 1.9605565454287297, loss: 1.1197406977415085, rho: 0.4875, transmit_actions: 8, P: [0.125, 0.8125, 0.25, 0.125, 0.8125, 0.75, 0.9375, 0.1875, 0.125, 0.5, 0.8125, 0.75, 0.625, 0.125, 0.0625, 0.5, 0.0, 0.875, 0.375, 0.875]
[TRAIN]: (488/1600): reward: -50.41197745501995, rates: 1.5880225505169363, loss: 1.452086439728737, rho: 0.4125, transmit_actions: 7, P: [0.25, 0.125, 0.0, 0.75, 0.75, 0.8125, 0.6875, 0.875, 0.4375, 0.4375, 0.6875, 0.4375, 0.875, 1.0, 0.125, 0.375, 0.625, 0.375, 0.125, 0.375]
[TRAIN]: (489/1600): reward: -75.84308265149593, rates: 1.1569173903729038, loss: 1.4924310505390168, rho: 0.58125, transmit_actions: 10, P: [0.4375, 0.875, 0.3125, 0.5, 0.9375, 0.5, 0.9375, 0.6875, 0.25, 0.625, 0.1875, 1.0, 0.5, 0.125, 0.4375, 0.125, 0.75, 0.25, 0.375, 0.5]
[TRAIN]: (490/1600): reward: -63.51579523086548, rates: 0.48420484460683844, loss: 1.3050013095140458, rho: 0.40625, transmit_actions: 6, P: [0.8125, 0.625, 0.5625, 0.3125, 0.75, 0.875, 0.75, 0.375, 0.3125, 1.0, 0.3125, 0.875, 0.625, 0.625, 0.875, 0.3125, 1.0, 0.875, 0.75, 0.6875]
[TRAIN]: (491/1600): reward: -51.770856499671936, rates: 3.2291434939872854, loss: 1.197474506497383, rho: 0.43125, transmit_actions: 9, P: [0.6875, 0.0625, 0.6875, 0.75, 0.8125, 0.5625, 0.6875, 0.0, 0.9375, 0.1875, 0.4375, 0.9375, 0.125, 0.4375, 0.8125, 0.3125, 0.1875, 0.0, 0.25, 0.9375]
[TRAIN]: (492/1600): reward: -76.4134532213211, rates: 0.5865467520759662, loss: 1.2995288640260696, rho: 0.46875, transmit_actions: 7, P: [0.3125, 0.25, 0.625, 0.875, 0.0, 0.1875, 0.375, 0.9375, 0.4375, 0.8125, 0.8125, 0.3125, 0.5, 0.75, 0.3125, 0.8125, 0.375, 0.3125, 0.75, 0.3125]
[TRAIN]: (493/1600): reward: -79.56414866447449, rates: 0.43585139617623697, loss: 1.243428921699524, rho: 0.54375, transmit_actions: 11, P: [0.25, 0.0, 0.4375, 0.5, 0.75, 0.9375, 0.5625, 0.25, 0.1875, 0.8125, 1.0, 0.25, 0.9375, 0.125, 0.0, 0.0, 0.25, 0.875, 0.0, 0.8125]
[TRAIN]: (494/1600): reward: -76.94974318146706, rates: 2.05025675585004, loss: 1.3495205760002136, rho: 0.54375, transmit_actions: 14, P: [0.6875, 0.6875, 0.875, 0.875, 0.8125, 0.5625, 0.75, 0.125, 0.625, 0.625, 0.875, 0.6875, 0.625, 1.0, 0.25, 0.1875, 1.0, 0.0, 0.9375, 0.25]
[TRAIN]: (495/1600): reward: -77.38637578487396, rates: 2.613624243510336, loss: 1.3531234383583068, rho: 0.525, transmit_actions: 8, P: [0.625, 0.0, 0.375, 1.0, 0.8125, 0.25, 0.1875, 0.1875, 0.8125, 0.625, 0.75, 0.875, 0.8125, 0.3125, 0.5, 0.4375, 0.375, 0.3125, 0.75, 0.8125]
[TRAIN]: (496/1600): reward: -72.75602492690086, rates: 1.2439750066952495, loss: 1.2474309772253036, rho: 0.625, transmit_actions: 9, P: [0.6875, 0.125, 0.875, 0.4375, 0.125, 0.3125, 0.6875, 0.625, 1.0, 0.125, 0.25, 1.0, 0.875, 0.0, 0.0, 0.4375, 0.1875, 1.0, 0.3125, 0.8125]
[TRAIN]: (497/1600): reward: -62.24177521467209, rates: 3.7582249238401784, loss: 1.3107840716838837, rho: 0.45, transmit_actions: 17, P: [0.6875, 0.75, 0.9375, 0.0, 0.0625, 0.3125, 0.75, 0.625, 0.125, 0.75, 0.0625, 0.4375, 0.875, 0.5625, 0.1875, 0.3125, 0.5, 0.0625, 0.8125, 0.9375]
[TRAIN]: (498/1600): reward: -44.546716675162315, rates: 4.453283369993044, loss: 1.279488843679428, rho: 0.5, transmit_actions: 9, P: [0.0625, 0.0625, 0.6875, 0.5, 0.0, 0.4375, 0.75, 0.9375, 0.1875, 0.0625, 0.125, 0.1875, 0.625, 0.125, 0.125, 1.0, 0.4375, 0.1875, 0.75, 0.3125]
[TRAIN]: (499/1600): reward: -89.54647293686867, rates: 0.4535270855354433, loss: 1.3466969430446625, rho: 0.5125, transmit_actions: 8, P: [0.8125, 0.625, 0.75, 0.75, 0.5, 0.5625, 0.125, 0.625, 0.6875, 0.125, 0.25, 0.9375, 0.125, 0.1875, 1.0, 0.125, 0.5625, 0.625, 0.125, 0.5625]
[TRAIN]: (500/1600): reward: -60.26575994491577, rates: 1.7342399997996178, loss: 1.1573228150606156, rho: 0.425, transmit_actions: 11, P: [0.875, 0.6875, 0.6875, 0.25, 0.4375, 0.5, 0.375, 0.375, 0.5625, 0.0, 0.75, 0.875, 0.4375, 0.875, 0.0625, 1.0, 0.5, 0.875, 0.9375, 0.8125]
[TRAIN]: (501/1600): reward: -75.6584587097168, rates: 1.3415412701585931, loss: 1.1508328139781951, rho: 0.4875, transmit_actions: 8, P: [0.375, 0.5625, 0.75, 0.1875, 0.9375, 0.875, 0.0625, 0.5625, 0.3125, 0.8125, 0.4375, 0.5, 0.0, 1.0, 0.3125, 0.5, 0.4375, 0.6875, 0.1875, 0.5]
[TRAIN]: (502/1600): reward: -57.95656305551529, rates: 2.043437035024218, loss: 1.2691085249185563, rho: 0.425, transmit_actions: 13, P: [0.375, 0.6875, 0.6875, 0.5625, 0.375, 0.125, 0.1875, 0.625, 0.625, 1.0, 0.6875, 0.25, 0.8125, 0.5, 0.75, 0.9375, 0.9375, 0.875, 0.0625, 0.0625]
[TRAIN]: (503/1600): reward: -68.10859733819962, rates: 3.8914025165489554, loss: 1.4574626952409744, rho: 0.53125, transmit_actions: 9, P: [0.75, 0.25, 0.5625, 0.4375, 0.6875, 0.5, 0.3125, 0.4375, 0.3125, 0.5, 0.25, 0.25, 0.375, 0.875, 0.3125, 0.125, 0.75, 0.0625, 0.5625, 0.0625]
[TRAIN]: (504/1600): reward: -74.94147288799286, rates: 2.0585269266770285, loss: 1.3128977090120315, rho: 0.5625, transmit_actions: 11, P: [0.25, 0.1875, 0.375, 0.5625, 0.625, 0.25, 0.6875, 0.9375, 0.8125, 0.375, 0.6875, 0.0, 0.1875, 0.5625, 0.5625, 0.1875, 0.875, 0.75, 0.125, 0.0625]
[TRAIN]: (505/1600): reward: -58.41473777592182, rates: 3.5852621095809916, loss: 1.2399858742952348, rho: 0.49375, transmit_actions: 8, P: [0.5625, 0.6875, 0.625, 0.375, 0.375, 0.8125, 1.0, 0.0625, 0.0, 1.0, 0.3125, 0.1875, 0.9375, 0.875, 0.0, 0.3125, 0.5625, 0.9375, 0.125, 0.3125]
[TRAIN]: (506/1600): reward: -76.10076594352722, rates: 0.8992340074684365, loss: 1.444617000222206, rho: 0.475, transmit_actions: 9, P: [0.3125, 0.8125, 0.875, 0.3125, 0.625, 0.75, 0.875, 0.3125, 0.0, 0.4375, 0.875, 0.625, 0.3125, 0.5, 0.9375, 0.375, 0.8125, 0.375, 0.375, 1.0]
[TRAIN]: (507/1600): reward: -67.93090331554413, rates: 1.0690967564630978, loss: 1.3160793155431747, rho: 0.46875, transmit_actions: 9, P: [0.0, 0.1875, 0.3125, 0.125, 0.25, 0.625, 0.3125, 0.1875, 0.9375, 0.25, 0.0, 1.0, 0.3125, 0.0625, 0.5, 1.0, 0.9375, 0.625, 0.5, 0.0]
[TRAIN]: (508/1600): reward: -67.23000140488148, rates: 1.7699986260961076, loss: 1.2553386837244034, rho: 0.49375, transmit_actions: 9, P: [0.1875, 0.1875, 1.0, 0.9375, 0.875, 1.0, 0.125, 0.9375, 0.875, 0.25, 0.375, 0.8125, 1.0, 0.125, 0.875, 1.0, 0.75, 0.0625, 0.5, 0.3125]
[TRAIN]: (509/1600): reward: -73.97683355212212, rates: 1.0231663400734534, loss: 1.2962193429470061, rho: 0.525, transmit_actions: 10, P: [0.625, 0.875, 0.0625, 0.25, 0.25, 0.375, 0.875, 0.0625, 0.5, 0.25, 1.0, 0.375, 0.0625, 0.8125, 0.875, 0.625, 0.8125, 0.4375, 1.0, 0.1875]
[TRAIN]: (510/1600): reward: -53.11627100408077, rates: 2.8837289792858067, loss: 1.311834979057312, rho: 0.5, transmit_actions: 12, P: [0.25, 0.6875, 0.8125, 0.6875, 0.125, 0.625, 0.4375, 0.375, 0.25, 0.25, 0.125, 0.25, 0.0, 0.6875, 0.375, 0.5, 0.25, 0.3125, 0.125, 0.0]
[TRAIN]: (511/1600): reward: -56.020545959472656, rates: 1.9794541111252992, loss: 1.5134336948394775, rho: 0.44375, transmit_actions: 10, P: [0.4375, 0.5, 0.5, 0.25, 0.875, 0.6875, 0.4375, 0.5, 0.9375, 0.5, 0.0, 0.875, 0.625, 0.1875, 0.375, 0.375, 0.125, 0.6875, 0.25, 0.6875]
[TRAIN]: (512/1600): reward: -64.30717949196696, rates: 2.6928203400769766, loss: 1.2772613406181335, rho: 0.44375, transmit_actions: 8, P: [0.1875, 0.75, 0.5625, 0.4375, 0.1875, 0.0625, 0.875, 0.3125, 0.875, 0.0, 0.375, 0.9375, 0.75, 0.0625, 0.625, 0.8125, 0.8125, 0.6875, 0.5625, 0.4375]
[TRAIN]: (513/1600): reward: -66.06373211741447, rates: 2.9362679673198993, loss: 1.3074122488498687, rho: 0.55, transmit_actions: 13, P: [0.375, 0.5625, 0.4375, 0.875, 0.125, 0.375, 0.625, 0.125, 0.4375, 0.875, 0.1875, 1.0, 0.1875, 0.125, 0.5625, 0.4375, 0.125, 0.0, 0.4375, 0.3125]
[TRAIN]: (514/1600): reward: -64.72053641080856, rates: 2.279463519596755, loss: 1.2836667031049729, rho: 0.4875, transmit_actions: 7, P: [0.4375, 0.0625, 0.1875, 0.25, 0.0625, 0.5625, 0.0, 0.9375, 0.6875, 0.625, 0.125, 0.75, 0.75, 0.75, 0.25, 0.1875, 0.75, 0.9375, 0.5625, 0.4375]
[TRAIN]: (515/1600): reward: -69.68738956749439, rates: 1.312610441945863, loss: 1.1900258466601372, rho: 0.4875, transmit_actions: 14, P: [0.4375, 1.0, 0.625, 0.75, 0.0, 0.5, 0.0625, 0.5625, 0.1875, 0.9375, 0.8125, 0.5, 0.6875, 0.625, 0.25, 1.0, 0.8125, 0.875, 0.75, 0.625]
[TRAIN]: (516/1600): reward: -63.181595265865326, rates: 1.818404816256804, loss: 1.425660851597786, rho: 0.53125, transmit_actions: 12, P: [0.3125, 0.5, 0.6875, 0.4375, 0.5625, 0.75, 0.25, 0.5, 0.1875, 0.1875, 0.3125, 0.5625, 0.0, 0.0, 0.375, 0.0, 0.125, 0.4375, 0.125, 1.0]
[TRAIN]: (517/1600): reward: -46.14945191144943, rates: 5.850548103401988, loss: 1.4297277122735976, rho: 0.4875, transmit_actions: 13, P: [0.5, 0.0625, 0.25, 0.75, 0.9375, 0.5, 0.125, 0.25, 0.0, 0.1875, 0.375, 0.5625, 0.625, 0.75, 0.3125, 0.1875, 0.375, 0.0625, 0.0625, 0.0625]
[TRAIN]: (518/1600): reward: -52.356375217437744, rates: 4.643624854204776, loss: 1.3496234565973282, rho: 0.4125, transmit_actions: 14, P: [0.0625, 0.9375, 0.3125, 0.5625, 0.3125, 0.0625, 0.4375, 0.0625, 0.25, 0.5, 1.0, 0.0625, 0.25, 0.625, 0.8125, 0.625, 0.125, 0.0625, 0.375, 0.625]
[TRAIN]: (519/1600): reward: -41.93298375606537, rates: 8.067016278857677, loss: 1.269151395559311, rho: 0.4625, transmit_actions: 12, P: [0.1875, 0.0625, 0.9375, 0.5625, 0.6875, 0.125, 0.6875, 0.875, 0.625, 0.625, 0.25, 0.0625, 0.125, 0.5625, 0.25, 0.0625, 0.0625, 0.75, 0.0625, 0.125]
[TRAIN]: (520/1600): reward: -43.03359258174896, rates: 3.9664072714853154, loss: 1.2980634897947312, rho: 0.51875, transmit_actions: 11, P: [0.0625, 0.0, 0.125, 0.0625, 0.6875, 0.75, 0.0625, 0.5625, 0.25, 0.375, 0.125, 0.0, 0.0, 0.25, 0.6875, 0.0, 0.6875, 0.1875, 0.75, 0.125]
[TRAIN]: (521/1600): reward: -33.557066172361374, rates: 9.442933895601435, loss: 1.3268981158733368, rho: 0.35625, transmit_actions: 15, P: [0.75, 0.0625, 0.8125, 0.125, 0.125, 0.125, 0.25, 0.4375, 0.0625, 0.75, 0.1875, 0.75, 0.0, 0.1875, 0.8125, 0.0625, 0.375, 0.0625, 0.125, 0.0625]
[TRAIN]: (522/1600): reward: -48.307348906993866, rates: 6.692651180987288, loss: 1.1624821037054063, rho: 0.375, transmit_actions: 13, P: [0.0625, 0.0625, 0.125, 0.1875, 0.875, 0.0625, 0.0625, 0.6875, 0.125, 0.125, 1.0, 0.5, 0.0625, 0.0625, 0.0, 0.5, 1.0, 0.0, 0.125, 0.6875]
[TRAIN]: (523/1600): reward: -39.86265903711319, rates: 8.137340942400513, loss: 1.3248290419578552, rho: 0.40625, transmit_actions: 15, P: [0.0625, 0.0625, 0.5625, 0.125, 0.5625, 0.25, 0.0625, 0.0625, 0.6875, 0.3125, 0.6875, 0.5625, 0.6875, 0.5, 0.0625, 0.0, 0.6875, 0.8125, 0.0625, 0.0625]
[TRAIN]: (524/1600): reward: -39.46876980364323, rates: 5.5312303932254325, loss: 1.2867803245782852, rho: 0.3875, transmit_actions: 10, P: [0.5, 0.375, 0.125, 0.6875, 0.125, 0.375, 0.75, 0.25, 0.125, 0.6875, 0.0625, 0.875, 0.0625, 0.25, 1.0, 0.9375, 0.125, 0.875, 0.5625, 0.75]
[TRAIN]: (525/1600): reward: -41.04843205213547, rates: 7.95156785901135, loss: 1.3466194689273834, rho: 0.45, transmit_actions: 14, P: [0.0625, 0.9375, 0.4375, 0.125, 0.375, 0.0, 0.3125, 0.6875, 0.875, 0.0625, 0.0625, 0.375, 0.125, 0.0625, 0.0625, 0.1875, 0.9375, 0.125, 0.75, 0.0625]
[TRAIN]: (526/1600): reward: -37.994161546230316, rates: 11.005838574612874, loss: 1.4669833779335022, rho: 0.35, transmit_actions: 12, P: [0.25, 0.125, 0.0625, 0.3125, 0.125, 0.0625, 0.1875, 0.125, 0.4375, 0.625, 0.0625, 0.0625, 0.0625, 0.0625, 0.125, 0.0625, 0.0625, 0.75, 0.4375, 0.0625]
[TRAIN]: (527/1600): reward: -56.419121235609055, rates: 6.580878840849144, loss: 1.3206890851259232, rho: 0.375, transmit_actions: 12, P: [0.875, 0.5625, 0.8125, 0.75, 0.0625, 0.4375, 0.0, 0.5625, 0.5, 0.5625, 0.6875, 0.0625, 0.0625, 1.0, 0.0625, 0.9375, 0.0625, 0.4375, 0.125, 0.5]
[TRAIN]: (528/1600): reward: -21.071353316307068, rates: 12.928646714895423, loss: 1.2155264794826508, rho: 0.325, transmit_actions: 17, P: [0.0625, 0.4375, 0.125, 0.0625, 0.0625, 0.0625, 0.125, 1.0, 1.0, 0.0625, 0.0625, 0.625, 0.9375, 0.125, 0.0625, 0.0625, 0.125, 0.6875, 0.25, 0.0625]
[TRAIN]: (529/1600): reward: -32.59691348671913, rates: 7.403086429680007, loss: 1.3285049945116043, rho: 0.375, transmit_actions: 11, P: [0.5625, 0.125, 0.0625, 0.0625, 0.0625, 0.0625, 0.3125, 0.0625, 0.4375, 0.0, 0.0625, 0.0625, 0.0625, 0.25, 0.5625, 0.9375, 1.0, 0.0625, 0.0625, 0.25]
[TRAIN]: (530/1600): reward: -33.158367693424225, rates: 7.84163258872048, loss: 1.3524066150188445, rho: 0.375, transmit_actions: 14, P: [0.0, 0.5, 0.0625, 0.5625, 0.75, 0.875, 0.1875, 0.9375, 0.0625, 0.0625, 0.375, 0.0625, 0.0625, 0.75, 1.0, 0.0625, 0.0, 0.875, 0.0625, 0.0625]
[TRAIN]: (531/1600): reward: -17.153964832425117, rates: 9.846035134916265, loss: 1.1381429225206374, rho: 0.35, transmit_actions: 15, P: [0.125, 0.0625, 0.0625, 0.75, 0.0625, 0.0, 0.0625, 0.0625, 0.1875, 0.875, 0.25, 0.0625, 0.0625, 0.0625, 0.0625, 0.5, 0.0625, 0.75, 0.0625, 0.125]
[TRAIN]: (532/1600): reward: -24.115735232830048, rates: 13.884264686401924, loss: 1.2169625520706178, rho: 0.33125, transmit_actions: 16, P: [0.0625, 0.0625, 0.0625, 0.0, 0.0625, 0.0625, 0.25, 0.0625, 0.0625, 0.4375, 0.0625, 0.625, 0.0625, 0.0625, 1.0, 0.0625, 0.0625, 0.0625, 0.0625, 0.1875]
[TRAIN]: (533/1600): reward: -33.68214175105095, rates: 7.317858195168947, loss: 1.3576202899217606, rho: 0.45, transmit_actions: 13, P: [0.125, 0.0, 0.5625, 0.0625, 0.4375, 0.75, 0.5, 0.875, 0.0625, 0.0625, 0.0625, 0.0625, 0.0625, 0.0625, 0.3125, 0.0625, 1.0, 0.1875, 0.6875, 0.8125]
[TRAIN]: (534/1600): reward: -46.74265933036804, rates: 7.257340616842612, loss: 1.2035784512758254, rho: 0.3875, transmit_actions: 14, P: [0.4375, 0.5, 0.0625, 0.0625, 0.3125, 0.8125, 0.6875, 0.0625, 0.25, 0.0625, 0.625, 0.5625, 0.5, 0.75, 0.5, 0.3125, 0.0625, 0.0625, 0.9375, 0.0625]
[TRAIN]: (535/1600): reward: -31.112873136997223, rates: 10.887127141189083, loss: 1.296021854877472, rho: 0.31875, transmit_actions: 16, P: [0.625, 0.125, 0.0625, 0.0625, 0.0625, 0.0, 0.75, 0.625, 0.0625, 0.0625, 0.6875, 0.375, 0.4375, 0.0625, 0.0625, 0.6875, 0.0625, 0.0625, 1.0, 0.0625]
[TRAIN]: (536/1600): reward: -42.176757365465164, rates: 7.823242450514352, loss: 1.2984434515237808, rho: 0.4625, transmit_actions: 14, P: [0.9375, 0.0625, 0.125, 0.125, 0.0, 0.25, 0.0625, 0.3125, 0.0625, 0.0625, 0.6875, 0.5, 1.0, 0.0625, 0.0625, 0.0625, 0.25, 0.1875, 0.0625, 0.8125]
[TRAIN]: (537/1600): reward: -27.66209837794304, rates: 11.337901278484502, loss: 1.2552536487579347, rho: 0.26875, transmit_actions: 16, P: [0.875, 0.0625, 0.0625, 0.0625, 0.0625, 0.75, 0.0625, 0.3125, 0.125, 0.0625, 0.0625, 0.875, 0.3125, 0.0625, 0.0625, 0.0625, 0.0625, 0.0625, 0.5, 0.5]
[TRAIN]: (538/1600): reward: -12.781266175210476, rates: 13.21873393714307, loss: 1.2321438819169999, rho: 0.3375, transmit_actions: 18, P: [0.0625, 0.0625, 0.0625, 0.6875, 0.0625, 0.0625, 0.0625, 0.25, 0.0625, 0.75, 0.0625, 0.0625, 0.0625, 0.0625, 0.0625, 0.0625, 0.0625, 0.0625, 0.9375, 0.0625]
[TRAIN]: (539/1600): reward: -29.603103011846542, rates: 13.39689716378063, loss: 1.355327296257019, rho: 0.325, transmit_actions: 13, P: [0.0625, 0.0, 0.0625, 0.0625, 0.625, 1.0, 0.0625, 0.625, 0.0625, 0.5625, 0.0625, 0.0625, 0.375, 0.0625, 0.0625, 0.0625, 0.25, 0.625, 0.0625, 0.3125]
[TRAIN]: (540/1600): reward: -21.56297540664673, rates: 8.437024461069237, loss: 1.2036343812942505, rho: 0.30625, transmit_actions: 14, P: [0.0625, 0.0625, 0.0625, 0.0625, 0.0625, 0.875, 0.0625, 0.5, 0.125, 0.9375, 0.0, 0.5625, 0.6875, 0.0625, 0.0625, 0.0625, 0.8125, 0.75, 0.125, 0.875]
[TRAIN]: (541/1600): reward: -11.989458203315735, rates: 15.01054193853705, loss: 1.4491297364234925, rho: 0.275, transmit_actions: 15, P: [0.0625, 0.6875, 0.3125, 0.25, 0.9375, 0.0625, 0.5625, 0.0625, 0.0625, 0.0625, 0.8125, 0.0625, 0.0625, 0.125, 0.0625, 0.0625, 0.0625, 0.0625, 0.0625, 0.125]
[TRAIN]: (542/1600): reward: -22.756254941225052, rates: 11.243745128987495, loss: 1.3251705080270768, rho: 0.24375, transmit_actions: 13, P: [0.875, 0.0625, 0.0625, 1.0, 0.125, 0.0, 0.0625, 0.6875, 0.6875, 0.0625, 0.375, 0.0625, 0.0625, 0.0625, 0.0625, 0.9375, 0.0625, 0.125, 0.0, 0.0625]
[TRAIN]: (543/1600): reward: -7.339599668979645, rates: 12.660400278302788, loss: 1.351761844754219, rho: 0.2625, transmit_actions: 16, P: [0.875, 0.0625, 0.125, 0.75, 0.1875, 0.0625, 0.0625, 0.0625, 0.0625, 0.0625, 0.1875, 0.0625, 0.0625, 0.1875, 0.0625, 0.0625, 0.0625, 0.0625, 0.375, 0.0]
[TRAIN]: (544/1600): reward: -23.54284504055977, rates: 10.457155051940278, loss: 1.2417878031730651, rho: 0.36875, transmit_actions: 13, P: [0.75, 0.0625, 0.0625, 0.125, 0.0625, 1.0, 0.5625, 0.0625, 0.875, 0.8125, 0.5625, 0.0625, 0.0625, 0.3125, 0.0625, 0.3125, 0.0625, 0.125, 0.0625, 1.0]
[TRAIN]: (545/1600): reward: -8.843798458576202, rates: 14.156201459222764, loss: 1.3125159740447998, rho: 0.25625, transmit_actions: 15, P: [0.6875, 1.0, 0.3125, 0.9375, 0.0625, 0.6875, 0.0625, 0.0625, 1.0, 0.5, 0.0625, 0.0625, 0.0, 0.0625, 0.0625, 0.0625, 0.0625, 0.0, 0.0625, 0.0625]
[TRAIN]: (546/1600): reward: -14.796763181686401, rates: 14.203236805915148, loss: 1.2581981867551804, rho: 0.2875, transmit_actions: 16, P: [0.875, 0.0625, 0.125, 0.0625, 0.0625, 0.0625, 0.0625, 0.125, 0.3125, 0.9375, 0.0625, 0.5, 0.8125, 0.0625, 0.0625, 0.0625, 0.0625, 0.0625, 0.6875, 0.0625]
[TRAIN]: (547/1600): reward: -4.6016316413879395, rates: 16.398368219589287, loss: 1.2507232010364533, rho: 0.30625, transmit_actions: 18, P: [0.875, 0.0625, 1.0, 0.125, 1.0, 0.0625, 1.0, 0.0625, 0.0625, 0.0625, 0.9375, 0.0625, 0.0625, 0.0625, 0.0625, 0.0625, 0.0625, 0.0625, 0.4375, 0.0625]
[TRAIN]: (548/1600): reward: -41.088250279426575, rates: 10.911749664021134, loss: 1.3678714215755463, rho: 0.325, transmit_actions: 12, P: [0.0625, 0.0625, 0.25, 0.1875, 0.0625, 1.0, 0.75, 0.0625, 0.0625, 0.0625, 0.625, 0.875, 0.0625, 0.0625, 0.0625, 0.0, 0.3125, 0.0625, 0.0625, 0.0625]
[TRAIN]: (549/1600): reward: -26.653582982253283, rates: 13.346416872965497, loss: 1.227355808019638, rho: 0.3, transmit_actions: 17, P: [0.75, 0.0625, 0.5625, 0.375, 0.125, 0.0625, 0.6875, 0.0625, 0.0625, 0.125, 0.125, 0.375, 0.5, 0.0625, 0.125, 0.375, 0.3125, 0.0625, 0.125, 0.125]
[TRAIN]: (550/1600): reward: -45.93465158343315, rates: 8.065348512510626, loss: 1.4157164245843887, rho: 0.39375, transmit_actions: 13, P: [0.875, 0.4375, 0.0625, 0.0625, 0.6875, 0.0625, 0.0625, 1.0, 0.0625, 0.1875, 0.8125, 0.0625, 0.0625, 0.75, 0.0625, 0.1875, 0.5625, 0.25, 0.4375, 0.875]
[TRAIN]: (551/1600): reward: 4.191940009593964, rates: 17.191939937153045, loss: 1.3612817823886871, rho: 0.19375, transmit_actions: 18, P: [0.875, 0.0625, 0.0625, 0.0625, 0.0625, 0.5625, 0.0625, 0.375, 0.0625, 0.0625, 0.0625, 0.0625, 0.0625, 0.75, 0.0625, 0.0625, 0.0625, 0.0625, 0.0625, 0.0625]
[TRAIN]: (552/1600): reward: -0.16288453340530396, rates: 14.837115506075566, loss: 1.3861560821533203, rho: 0.24375, transmit_actions: 16, P: [0.875, 0.125, 0.0625, 0.0625, 0.0625, 0.0625, 0.0625, 1.0, 0.0625, 0.0625, 0.0625, 0.75, 0.0625, 0.0625, 0.0625, 0.0625, 0.125, 0.8125, 0.0625, 0.0625]
[TRAIN]: (553/1600): reward: -14.38294743001461, rates: 13.617052512974782, loss: 1.438518327474594, rho: 0.35625, transmit_actions: 16, P: [0.0625, 0.0625, 0.0625, 0.3125, 0.125, 0.0625, 0.0625, 0.0625, 0.1875, 0.4375, 0.0625, 0.0625, 0.0625, 0.125, 0.5625, 0.25, 0.0625, 0.0625, 0.125, 0.0]
[TRAIN]: (554/1600): reward: -2.320720598101616, rates: 14.67927935786874, loss: 1.330899965763092, rho: 0.23125, transmit_actions: 18, P: [0.5, 0.5, 0.875, 0.0625, 0.0625, 0.0625, 0.0625, 0.0625, 0.0625, 0.0625, 0.125, 0.0625, 0.0625, 0.0625, 0.25, 0.25, 0.0625, 0.0625, 0.0625, 0.0625]
[TRAIN]: (555/1600): reward: -5.081633985042572, rates: 15.918365938766408, loss: 1.159145563840866, rho: 0.25, transmit_actions: 17, P: [0.875, 0.1875, 1.0, 0.0625, 0.0625, 0.0625, 0.0625, 0.0625, 0.125, 0.0625, 0.0625, 0.0625, 0.0625, 0.0625, 0.25, 0.5, 0.0625, 0.6875, 0.0625, 0.4375]
[TRAIN]: (556/1600): reward: 8.155949413776398, rates: 17.15594943513336, loss: 1.197246190905571, rho: 0.2, transmit_actions: 18, P: [0.4375, 0.0625, 0.0625, 0.0625, 0.0625, 0.0625, 0.0625, 0.0625, 0.0625, 0.0625, 0.0625, 0.0625, 0.125, 0.0625, 0.0625, 0.0625, 0.0625, 0.0625, 0.0625, 0.375]
[TRAIN]: (557/1600): reward: 7.674367785453796, rates: 17.674367776604548, loss: 1.3450594276189805, rho: 0.19375, transmit_actions: 17, P: [0.875, 0.0625, 0.0625, 0.0625, 0.0625, 0.125, 0.0625, 0.3125, 0.0625, 0.0625, 0.0625, 0.0625, 0.125, 0.0625, 0.0625, 0.0625, 0.0625, 0.0625, 0.0625, 0.0625]
[TRAIN]: (558/1600): reward: 5.9993221163749695, rates: 15.999322068952228, loss: 1.452310010790825, rho: 0.1875, transmit_actions: 16, P: [0.875, 0.0625, 0.9375, 0.125, 0.0625, 0.0625, 0.125, 0.0625, 0.0625, 0.0, 1.0, 0.375, 0.0625, 0.0625, 0.0625, 0.0625, 0.0625, 0.0625, 0.0625, 0.0625]
[TRAIN]: (559/1600): reward: -9.33118748664856, rates: 16.668812233658848, loss: 1.203283666074276, rho: 0.26875, transmit_actions: 15, P: [0.875, 0.0625, 0.0625, 0.125, 0.1875, 0.5, 0.125, 0.625, 0.125, 0.0625, 0.125, 0.0625, 0.0625, 0.625, 0.0625, 0.25, 0.0625, 0.6875, 0.0625, 0.0625]
[TRAIN]: (560/1600): reward: -9.377288103103638, rates: 13.622711869968057, loss: 1.1533783376216888, rho: 0.29375, transmit_actions: 17, P: [0.8125, 0.0625, 0.0625, 0.0625, 0.0625, 0.125, 0.0625, 0.4375, 0.125, 0.875, 0.625, 0.0625, 0.0625, 0.875, 0.0625, 0.875, 0.0625, 0.75, 0.125, 0.0625]
[TRAIN]: (561/1600): reward: -12.666775792837143, rates: 12.333224009287159, loss: 1.272833064198494, rho: 0.2, transmit_actions: 15, P: [0.875, 0.875, 0.0625, 0.0625, 0.0625, 0.0625, 0.0625, 0.0625, 0.0625, 0.125, 0.0625, 0.0625, 0.0625, 0.0625, 0.0625, 0.125, 0.25, 0.1875, 0.0625, 0.625]
[TRAIN]: (562/1600): reward: -2.6882435977458954, rates: 16.311756457621716, loss: 1.131562629342079, rho: 0.24375, transmit_actions: 18, P: [0.875, 0.0625, 0.0625, 0.625, 0.0625, 0.0625, 1.0, 0.0625, 0.125, 0.0625, 0.0625, 0.0625, 0.0625, 0.0625, 0.0625, 0.125, 0.0625, 0.0, 0.0625, 0.0625]
[TRAIN]: (563/1600): reward: -2.1289948523044586, rates: 16.871005190676126, loss: 1.2428348124027253, rho: 0.2125, transmit_actions: 16, P: [0.875, 0.3125, 0.0625, 0.0625, 0.0625, 0.0625, 0.0625, 0.25, 0.0625, 0.0625, 0.25, 0.0625, 0.5, 0.0625, 0.0625, 0.0625, 0.0625, 0.0625, 0.0625, 0.0625]
[TRAIN]: (564/1600): reward: -15.808433026075363, rates: 14.19156696766777, loss: 1.2364332586526872, rho: 0.26875, transmit_actions: 13, P: [0.875, 0.125, 0.375, 0.0625, 0.0625, 0.0625, 0.125, 0.1875, 0.125, 0.0625, 0.0625, 0.0625, 0.0625, 0.125, 0.1875, 0.0625, 0.3125, 0.125, 0.0625, 0.0625]
[TRAIN]: (565/1600): reward: -19.491048753261566, rates: 12.50895128002837, loss: 1.1670172721147538, rho: 0.3, transmit_actions: 15, P: [0.875, 0.0625, 0.5, 0.5, 0.0625, 0.6875, 0.0625, 0.0625, 0.0625, 0.0625, 0.0625, 0.0625, 0.0625, 0.0625, 0.5, 0.0625, 0.5, 0.5625, 0.0625, 0.625]
[TRAIN]: (566/1600): reward: 14.003225803375244, rates: 20.003225888367158, loss: 1.3562991201877594, rho: 0.2, transmit_actions: 18, P: [0.875, 0.0625, 0.0625, 0.0625, 0.125, 0.0625, 0.0625, 0.0625, 0.0625, 0.0625, 0.0625, 0.1875, 0.0625, 0.0625, 0.0625, 0.0625, 0.0625, 0.0625, 0.0625, 0.125]
[TRAIN]: (567/1600): reward: -3.5495199859142303, rates: 15.450480103366342, loss: 1.210748901963234, rho: 0.25, transmit_actions: 16, P: [0.875, 0.3125, 0.3125, 0.0625, 0.3125, 0.0625, 0.0625, 0.375, 0.0625, 0.0625, 0.0625, 0.0625, 0.0625, 0.0625, 0.0625, 0.0625, 0.0625, 0.125, 0.3125, 0.0625]
[TRAIN]: (568/1600): reward: 4.596118435263634, rates: 18.59611807980514, loss: 1.2664845377206801, rho: 0.21875, transmit_actions: 17, P: [0.875, 0.0625, 0.1875, 0.0625, 0.5, 0.0625, 0.3125, 0.0625, 0.0625, 0.0625, 0.0625, 0.1875, 0.0625, 0.0625, 0.0625, 0.0625, 0.0625, 0.0625, 0.0625, 0.0625]
[TRAIN]: (569/1600): reward: 7.678285896778107, rates: 17.678285962216076, loss: 1.3778271585702897, rho: 0.23125, transmit_actions: 17, P: [0.875, 0.0625, 0.0625, 0.0625, 0.0625, 0.0625, 0.0625, 0.125, 0.0, 0.0625, 0.0625, 0.0625, 0.0625, 0.0625, 0.0625, 0.0625, 0.0625, 0.875, 0.0625, 0.5]
[TRAIN]: (570/1600): reward: 1.0967742204666138, rates: 16.09677416814542, loss: 1.2245745241641999, rho: 0.2625, transmit_actions: 18, P: [0.875, 0.0625, 0.3125, 0.0625, 0.6875, 0.0625, 0.0625, 0.0625, 0.375, 0.0625, 0.0625, 0.0625, 0.0625, 0.0625, 0.0625, 0.0625, 0.0625, 0.0625, 0.0625, 0.125]
[TRAIN]: (571/1600): reward: 17.29607379436493, rates: 18.296073547243683, loss: 1.4258832514286042, rho: 0.2125, transmit_actions: 18, P: [0.875, 0.125, 0.0625, 0.9375, 0.0625, 0.0625, 0.0625, 0.0625, 0.0625, 0.3125, 0.0625, 0.0625, 0.0625, 0.0625, 0.0625, 0.0, 0.0625, 0.0625, 0.0625, 0.0625]
[TRAIN]: (572/1600): reward: -2.0715968310832977, rates: 12.928403013877732, loss: 1.2656031638383864, rho: 0.275, transmit_actions: 16, P: [0.875, 0.0625, 0.0625, 0.0625, 0.8125, 0.125, 0.125, 0.0625, 0.125, 0.125, 0.75, 0.0625, 0.0625, 0.1875, 0.0625, 0.0625, 0.0625, 0.8125, 0.0625, 0.0625]
[TRAIN]: (573/1600): reward: -1.4280113726854324, rates: 15.571988662466735, loss: 1.2816613227128983, rho: 0.20625, transmit_actions: 18, P: [0.875, 0.0625, 0.0625, 0.0, 0.875, 0.0625, 0.0625, 0.0625, 0.125, 0.0625, 0.75, 0.0625, 0.0625, 0.0625, 0.0625, 0.375, 0.0625, 0.0625, 0.0625, 0.0625]
[TRAIN]: (574/1600): reward: 19.818359553813934, rates: 19.818359804228443, loss: 1.3240473389625549, rho: 0.1625, transmit_actions: 19, P: [0.875, 0.0625, 0.0625, 0.0625, 0.0625, 0.0625, 0.125, 0.0625, 0.0625, 0.0625, 0.0625, 0.125, 0.0625, 0.0625, 0.0625, 0.0625, 0.0625, 0.125, 0.0625, 0.0625]
[TRAIN]: (575/1600): reward: 0.2365332543849945, rates: 17.23653331671016, loss: 1.3233783751726151, rho: 0.2125, transmit_actions: 16, P: [0.875, 0.1875, 0.0625, 0.0625, 0.5, 0.4375, 0.0625, 0.0625, 0.0625, 0.0625, 0.0625, 0.0625, 0.75, 0.0625, 0.0625, 0.0625, 0.0625, 0.0625, 0.0625, 0.125]
[TRAIN]: (576/1600): reward: -12.26830193400383, rates: 11.73169809313806, loss: 1.3393581360578537, rho: 0.2625, transmit_actions: 17, P: [0.875, 0.125, 0.125, 0.6875, 0.0625, 0.0625, 0.0, 0.0625, 0.125, 0.125, 0.125, 0.75, 0.0625, 0.0625, 0.25, 1.0, 0.625, 0.125, 0.0625, 0.0625]
[TRAIN]: (577/1600): reward: 17.214452490210533, rates: 18.21445248422543, loss: 1.2090638667345046, rho: 0.15625, transmit_actions: 19, P: [0.875, 0.0625, 0.0625, 0.0625, 0.0625, 0.0625, 0.0625, 0.0625, 0.0625, 0.0625, 0.0625, 0.125, 0.0625, 0.0625, 0.0625, 0.0625, 0.0625, 0.125, 0.0625, 0.0625]
[TRAIN]: (578/1600): reward: 20.641456216573715, rates: 20.641456185282312, loss: 1.1876621693372726, rho: 0.1375, transmit_actions: 19, P: [0.875, 0.0625, 0.0625, 0.0625, 0.0625, 0.0625, 0.0625, 0.0625, 0.0625, 0.0625, 0.0625, 0.0625, 0.0625, 0.0625, 0.0625, 0.0625, 0.0625, 0.0625, 0.0625, 0.0625]
[TRAIN]: (579/1600): reward: 15.077993601560593, rates: 18.077993659546003, loss: 1.2402208983898162, rho: 0.1875, transmit_actions: 19, P: [0.875, 0.0625, 0.0625, 0.0625, 0.0625, 0.0625, 0.0625, 0.0625, 0.125, 0.0625, 0.125, 0.0625, 0.0625, 0.0625, 0.0625, 0.25, 0.0625, 0.0625, 0.0625, 0.0625]
[TRAIN]: (580/1600): reward: -2.4187381714582443, rates: 13.581261736243714, loss: 1.2586595058441161, rho: 0.28125, transmit_actions: 16, P: [0.875, 0.0625, 0.625, 0.0, 0.0625, 0.0625, 0.0625, 0.0625, 0.0625, 0.625, 0.0625, 0.25, 0.0625, 0.0625, 0.9375, 0.0625, 0.0625, 0.0625, 0.0625, 0.125]
[TRAIN]: (581/1600): reward: 11.20452105998993, rates: 18.204520888514768, loss: 1.3430015563964843, rho: 0.16875, transmit_actions: 18, P: [0.875, 0.0625, 0.0625, 0.0625, 0.0625, 0.3125, 0.0625, 0.0625, 0.0625, 0.125, 0.0625, 0.0625, 0.0625, 0.0625, 0.125, 0.125, 0.0625, 0.125, 0.0625, 0.1875]
[TRAIN]: (582/1600): reward: 12.900830805301666, rates: 15.900830575405758, loss: 1.2197749346494675, rho: 0.23125, transmit_actions: 19, P: [0.875, 0.0625, 0.0625, 0.0625, 0.0625, 0.0625, 0.0625, 0.125, 0.0, 0.0625, 0.125, 0.3125, 0.0625, 0.0625, 0.0625, 0.0625, 0.0625, 0.0625, 0.0625, 0.0625]
[TRAIN]: (583/1600): reward: 20.759688764810562, rates: 20.759688556117815, loss: 1.1938761115074157, rho: 0.14375, transmit_actions: 19, P: [0.875, 0.125, 0.0625, 0.0625, 0.0625, 0.0625, 0.0625, 0.125, 0.0625, 0.0625, 0.0625, 0.0625, 0.0625, 0.0625, 0.0625, 0.0625, 0.0625, 0.0625, 0.0625, 0.0625]
[TRAIN]: (584/1600): reward: 7.240567713975906, rates: 16.24056777025369, loss: 1.1882604509592056, rho: 0.16875, transmit_actions: 18, P: [0.875, 0.0625, 0.0625, 0.0625, 0.125, 0.0625, 0.0625, 0.0625, 0.0625, 0.125, 0.5625, 0.0625, 0.0625, 0.0625, 0.0625, 0.0625, 0.0625, 0.0625, 0.0625, 0.0625]
[TRAIN]: (585/1600): reward: 14.138125494122505, rates: 19.138125485385117, loss: 1.0823401823639869, rho: 0.18125, transmit_actions: 18, P: [0.875, 0.0625, 0.0625, 0.0625, 0.0625, 0.0625, 0.0625, 0.0625, 0.0625, 0.0625, 0.0625, 0.0625, 0.0625, 0.0625, 0.0625, 0.0625, 0.0625, 0.0, 0.0625, 0.0625]
[TRAIN]: (586/1600): reward: 2.921974793076515, rates: 13.921974742692283, loss: 1.2741900146007539, rho: 0.26875, transmit_actions: 18, P: [0.875, 0.0625, 0.9375, 0.125, 0.0625, 0.0625, 0.0625, 0.0625, 0.0625, 0.6875, 0.125, 0.0625, 0.0625, 0.125, 1.0, 0.0625, 0.0625, 0.0625, 0.0625, 0.0625]
[TRAIN]: (587/1600): reward: 7.378778368234634, rates: 17.37877827718943, loss: 1.1573229521512984, rho: 0.175, transmit_actions: 17, P: [0.875, 0.125, 0.0625, 0.0625, 0.0625, 0.0625, 0.0625, 0.125, 0.0625, 0.0625, 0.0625, 0.0625, 0.125, 0.125, 0.0, 0.0625, 1.0, 0.0625, 0.0625, 0.0625]
[TRAIN]: (588/1600): reward: 17.67474563419819, rates: 17.6747454899213, loss: 1.2210635900497437, rho: 0.1625, transmit_actions: 18, P: [0.875, 0.0625, 0.0625, 0.0625, 0.9375, 0.0625, 0.125, 0.0625, 0.0625, 0.0625, 0.0625, 0.0625, 0.0625, 0.0625, 0.0625, 0.0625, 0.0625, 0.0625, 0.0625, 0.0625]
[TRAIN]: (589/1600): reward: 13.827957421541214, rates: 18.827957124158168, loss: 1.2958881705999374, rho: 0.1875, transmit_actions: 18, P: [0.875, 0.0625, 0.0625, 0.0625, 0.0625, 0.0625, 0.0625, 0.125, 0.0625, 0.0625, 0.0625, 0.0625, 0.0625, 0.0625, 0.0625, 0.0625, 0.0625, 0.0625, 0.0625, 0.0625]
[TRAIN]: (590/1600): reward: -13.025122582912445, rates: 14.974877528852202, loss: 1.2301786959171295, rho: 0.2375, transmit_actions: 17, P: [0.875, 0.5, 0.25, 0.875, 0.0625, 0.125, 0.0625, 0.0625, 0.0625, 0.4375, 0.0625, 0.0625, 0.0625, 0.0625, 0.0625, 0.0625, 0.125, 0.0625, 0.9375, 0.0625]
[TRAIN]: (591/1600): reward: 0.2158486545085907, rates: 17.215848569058856, loss: 1.1118324935436248, rho: 0.28125, transmit_actions: 18, P: [0.875, 0.0625, 0.0625, 0.0625, 0.0625, 0.0625, 0.125, 0.0625, 0.75, 0.75, 0.0625, 0.0625, 0.0625, 0.0625, 0.9375, 0.0625, 0.3125, 0.0625, 0.0625, 0.125]
[TRAIN]: (592/1600): reward: 6.235196113586426, rates: 16.235196246320616, loss: 1.0959685623645783, rho: 0.18125, transmit_actions: 18, P: [0.875, 0.0625, 0.0625, 0.0625, 0.0625, 0.0625, 0.0625, 0.0625, 0.0625, 0.0625, 0.5625, 0.0625, 0.0625, 0.0625, 0.0625, 0.0625, 0.0625, 0.25, 0.0625, 0.0625]
[TRAIN]: (593/1600): reward: 18.815320998430252, rates: 19.815321096811335, loss: 1.2169110402464867, rho: 0.15625, transmit_actions: 18, P: [0.875, 0.125, 0.0625, 0.0625, 0.0625, 0.125, 0.0625, 0.0625, 0.0625, 0.0625, 0.0625, 0.0625, 0.0625, 0.0625, 0.875, 0.0625, 0.0625, 0.0625, 0.0625, 0.0625]
[TRAIN]: (594/1600): reward: 12.412451297044754, rates: 19.412451328512972, loss: 1.136948823928833, rho: 0.2, transmit_actions: 18, P: [0.875, 0.0625, 0.0625, 0.0625, 0.0625, 0.0625, 0.125, 0.125, 0.125, 0.0625, 0.0625, 0.125, 0.25, 0.125, 0.0625, 0.0625, 0.0625, 0.125, 0.0625, 0.0625]
[TRAIN]: (595/1600): reward: 8.821506083011627, rates: 16.821506014155318, loss: 1.3764227271080016, rho: 0.14375, transmit_actions: 18, P: [0.875, 0.0625, 0.0625, 0.0625, 0.0625, 0.9375, 0.0625, 0.0625, 0.0625, 0.0625, 0.0625, 0.0625, 0.0625, 0.0625, 0.0625, 0.6875, 0.0625, 0.0625, 0.0625, 0.0625]
[TRAIN]: (596/1600): reward: 18.155208826065063, rates: 18.155208876532104, loss: 1.2280275076627731, rho: 0.18125, transmit_actions: 19, P: [0.875, 0.0625, 0.0625, 0.0625, 0.0625, 0.0625, 0.0625, 0.0625, 0.0625, 0.125, 0.0625, 0.0625, 0.0625, 0.0625, 0.0625, 0.0625, 0.0625, 0.0625, 0.0625, 0.0625]
[TRAIN]: (597/1600): reward: 6.990527391433716, rates: 16.990527402963398, loss: 1.2684806823730468, rho: 0.18125, transmit_actions: 18, P: [0.875, 0.0625, 0.0625, 0.0625, 0.0625, 0.0625, 0.0625, 0.125, 0.125, 0.0625, 0.0625, 0.0625, 0.0625, 0.0625, 0.6875, 0.1875, 0.0625, 0.0625, 0.0625, 0.0625]
[TRAIN]: (598/1600): reward: 21.065082669258118, rates: 21.065082684400874, loss: 1.3256094217300416, rho: 0.14375, transmit_actions: 19, P: [0.875, 0.125, 0.0625, 0.125, 0.0625, 0.0625, 0.0625, 0.0625, 0.0625, 0.0625, 0.0625, 0.0625, 0.0625, 0.0625, 0.0625, 0.0625, 0.0625, 0.0625, 0.0625, 0.0625]
[TRAIN]: (599/1600): reward: 21.97800248861313, rates: 21.978002350885415, loss: 1.1815609604120254, rho: 0.15625, transmit_actions: 19, P: [0.875, 0.0625, 0.0625, 0.0625, 0.0625, 0.0625, 0.0625, 0.0625, 0.0625, 0.0625, 0.0625, 0.0625, 0.0625, 0.0625, 0.0625, 0.0625, 0.0625, 0.0625, 0.125, 0.0625]
[TRAIN]: (600/1600): reward: 9.620266675949097, rates: 19.62026659723818, loss: 1.0416209906339646, rho: 0.19375, transmit_actions: 18, P: [0.875, 0.0625, 0.0625, 0.0625, 0.0625, 0.125, 0.0625, 0.0625, 0.0625, 0.0625, 0.5625, 0.0625, 0.0625, 0.0625, 0.3125, 0.0625, 0.0625, 0.0625, 0.0625, 0.0625]
[TRAIN]: (601/1600): reward: -2.2663162648677826, rates: 17.733683614464034, loss: 1.3082278221845627, rho: 0.23125, transmit_actions: 16, P: [0.875, 0.0625, 0.0625, 0.0625, 0.0, 0.0625, 0.5, 0.125, 0.0625, 0.0625, 0.0625, 0.0625, 0.125, 0.0625, 0.375, 0.0625, 0.0625, 0.0625, 0.125, 0.0625]
[TRAIN]: (602/1600): reward: 17.54591292142868, rates: 20.54591276467371, loss: 1.3519436717033386, rho: 0.175, transmit_actions: 19, P: [0.875, 0.0625, 0.125, 0.0625, 0.125, 0.0625, 0.0625, 0.0625, 0.0625, 0.0625, 0.0625, 0.125, 0.125, 0.0625, 0.0625, 0.25, 0.0625, 0.0625, 0.0625, 0.0625]
[TRAIN]: (603/1600): reward: 14.353212460875511, rates: 20.353212508272378, loss: 1.3969798058271408, rho: 0.175, transmit_actions: 18, P: [0.875, 0.0625, 0.0625, 0.125, 0.0625, 0.0625, 0.0625, 0.75, 0.0625, 0.0625, 0.125, 0.0625, 0.0625, 0.0625, 0.0625, 0.0625, 0.0625, 0.0625, 0.0625, 0.0625]
[TRAIN]: (604/1600): reward: 20.39457270503044, rates: 20.394572670958006, loss: 1.107420516014099, rho: 0.15, transmit_actions: 19, P: [0.875, 0.0625, 0.0625, 0.0625, 0.0625, 0.0625, 0.0625, 0.0625, 0.0625, 0.0625, 0.0625, 0.0625, 0.0625, 0.0625, 0.0625, 0.0625, 0.0625, 0.0625, 0.0625, 0.0625]
[TRAIN]: (605/1600): reward: 12.2936160415411, rates: 18.29361615822757, loss: 1.1079433932900429, rho: 0.18125, transmit_actions: 18, P: [0.875, 0.0625, 0.0625, 0.0625, 0.0625, 0.0625, 0.0625, 0.4375, 0.0625, 0.0625, 0.0625, 0.0625, 0.0625, 0.0625, 0.0625, 0.0625, 0.0625, 0.125, 0.0625, 0.125]
[TRAIN]: (606/1600): reward: 20.00094449520111, rates: 20.000944383265917, loss: 1.1589082181453705, rho: 0.15, transmit_actions: 19, P: [0.875, 0.0625, 0.0625, 0.0625, 0.0625, 0.0625, 0.0625, 0.125, 0.0625, 0.0625, 0.125, 0.125, 0.125, 0.0625, 0.0625, 0.125, 0.0625, 0.0625, 0.125, 0.0625]
[TRAIN]: (607/1600): reward: 14.884081035852432, rates: 19.884080985420677, loss: 1.247582659125328, rho: 0.15625, transmit_actions: 18, P: [0.875, 0.0625, 0.0625, 0.125, 0.125, 0.0625, 0.125, 0.0625, 0.0625, 0.0625, 0.0625, 0.0625, 0.0625, 0.0625, 0.0625, 0.0625, 0.0625, 0.125, 0.125, 0.0625]
[TRAIN]: (608/1600): reward: 21.78959259390831, rates: 21.789592727544118, loss: 1.1244159013032913, rho: 0.1375, transmit_actions: 19, P: [0.875, 0.0625, 0.0625, 0.0625, 0.0625, 0.0625, 0.0625, 0.0625, 0.0625, 0.0625, 0.125, 0.0625, 0.0625, 0.125, 0.0625, 0.0625, 0.0625, 0.0625, 0.0625, 0.0625]
[TRAIN]: (609/1600): reward: 3.275928109884262, rates: 18.27592811998101, loss: 1.1332915544509887, rho: 0.2375, transmit_actions: 17, P: [0.875, 0.0625, 0.0625, 0.0625, 0.375, 0.0625, 0.0625, 0.0625, 0.5, 0.0625, 0.0625, 0.125, 0.125, 0.0625, 0.0625, 0.6875, 0.0625, 0.125, 0.0625, 0.0625]
[TRAIN]: (610/1600): reward: 10.782651245594025, rates: 17.78265114328511, loss: 1.2631878674030304, rho: 0.16875, transmit_actions: 18, P: [0.875, 0.125, 0.125, 0.0625, 0.0625, 0.125, 0.0625, 0.0625, 0.0625, 0.0625, 0.0625, 0.0625, 0.0625, 0.0625, 0.0625, 0.0625, 0.75, 0.0625, 0.0625, 0.0625]
[TRAIN]: (611/1600): reward: 19.62093448638916, rates: 19.620934525012785, loss: 1.1301609128713608, rho: 0.15625, transmit_actions: 19, P: [0.875, 0.0625, 0.0625, 0.0625, 0.125, 0.0625, 0.0625, 0.0625, 0.0625, 0.0625, 0.125, 0.0625, 0.0625, 0.0625, 0.0625, 0.0625, 0.0625, 0.0625, 0.0625, 0.125]
[TRAIN]: (612/1600): reward: 10.316639244556427, rates: 17.31663915702621, loss: 1.0323197275400162, rho: 0.20625, transmit_actions: 18, P: [0.875, 0.125, 0.0625, 0.125, 0.0625, 0.125, 0.125, 0.0625, 0.125, 0.0625, 0.0625, 0.4375, 0.0625, 0.0625, 0.0625, 0.0625, 0.0625, 0.0625, 0.4375, 0.0625]
[TRAIN]: (613/1600): reward: -4.008123368024826, rates: 14.991876498903183, loss: 1.13278828561306, rho: 0.1875, transmit_actions: 17, P: [0.875, 0.0625, 0.0625, 0.0625, 0.0625, 0.0625, 0.125, 0.0625, 0.1875, 0.0625, 0.125, 0.4375, 0.6875, 0.0625, 0.0625, 0.9375, 0.9375, 0.0625, 0.125, 0.0625]
[TRAIN]: (614/1600): reward: 9.531030476093292, rates: 18.531030392688805, loss: 1.261758342385292, rho: 0.21875, transmit_actions: 17, P: [0.875, 0.0625, 1.0, 0.0625, 0.0625, 0.125, 0.125, 0.0625, 0.125, 0.0625, 0.0625, 0.0625, 0.0625, 0.0625, 0.0625, 0.0625, 0.0625, 0.0625, 0.0625, 0.0625]
[TRAIN]: (615/1600): reward: 1.0425162613391876, rates: 17.042516131269974, loss: 1.1846377700567245, rho: 0.25, transmit_actions: 17, P: [0.875, 0.125, 0.0625, 0.0625, 0.0625, 0.0625, 0.0625, 0.875, 0.6875, 0.0625, 0.0625, 0.0625, 0.0625, 0.6875, 0.0625, 0.0625, 0.0625, 0.0625, 0.0625, 0.0625]
[TRAIN]: (616/1600): reward: 13.567154794931412, rates: 18.56715471773138, loss: 1.0591547518968583, rho: 0.18125, transmit_actions: 18, P: [0.875, 0.0625, 0.0, 0.0625, 0.0625, 0.0625, 0.0625, 0.0625, 0.0625, 0.0625, 0.0625, 0.0625, 0.0625, 0.0625, 0.0625, 0.0625, 0.5, 0.0625, 0.0625, 0.0625]
[TRAIN]: (617/1600): reward: 18.504903078079224, rates: 18.504903078814028, loss: 1.1656324505805968, rho: 0.14375, transmit_actions: 19, P: [0.875, 0.125, 0.0625, 0.0625, 0.0625, 0.0625, 0.0625, 0.0625, 0.0625, 0.0625, 0.0, 0.0625, 0.0625, 0.0625, 0.0625, 0.0625, 0.0625, 0.0625, 0.0625, 0.0625]
[TRAIN]: (618/1600): reward: 15.700644999742508, rates: 19.700644907507694, loss: 1.2004357397556304, rho: 0.16875, transmit_actions: 19, P: [0.875, 0.0625, 0.0625, 0.0625, 0.0625, 0.0625, 0.0625, 0.0625, 0.0625, 0.125, 0.0625, 0.0625, 0.125, 0.0625, 0.0625, 0.0625, 0.0625, 0.0625, 0.0625, 0.875]
[TRAIN]: (619/1600): reward: 18.576935172080994, rates: 18.57693491029119, loss: 1.2134860366582871, rho: 0.16875, transmit_actions: 19, P: [0.875, 0.0625, 0.0625, 0.0625, 0.0625, 0.0625, 0.0625, 0.0625, 0.0625, 0.0625, 0.0625, 0.0625, 0.0625, 0.0625, 0.0625, 0.0625, 0.125, 0.0625, 0.0625, 0.0625]
[TRAIN]: (620/1600): reward: 21.708919197320938, rates: 21.70891923407105, loss: 1.080126328766346, rho: 0.15625, transmit_actions: 19, P: [0.875, 0.0625, 0.0625, 0.0625, 0.125, 0.0625, 0.0625, 0.0625, 0.0625, 0.0625, 0.0625, 0.0625, 0.0625, 0.0625, 0.0625, 0.0625, 0.0625, 0.0625, 0.0625, 0.125]
[TRAIN]: (621/1600): reward: 20.270858228206635, rates: 20.27085815823893, loss: 1.0065743505954743, rho: 0.14375, transmit_actions: 19, P: [0.875, 0.0625, 0.0625, 0.0625, 0.0625, 0.0625, 0.0625, 0.125, 0.0625, 0.0625, 0.125, 0.125, 0.0625, 0.0625, 0.0625, 0.0625, 0.125, 0.0625, 0.0625, 0.0625]
[TRAIN]: (622/1600): reward: 19.748750686645508, rates: 19.748750588734513, loss: 1.1313019752502442, rho: 0.1375, transmit_actions: 19, P: [0.875, 0.125, 0.0625, 0.0625, 0.125, 0.0625, 0.0625, 0.0625, 0.0625, 0.0625, 0.125, 0.0625, 0.0625, 0.0625, 0.0625, 0.0625, 0.0625, 0.0625, 0.0625, 0.0625]
[TRAIN]: (623/1600): reward: 14.527375549077988, rates: 20.527375463005367, loss: 1.0875349581241607, rho: 0.1625, transmit_actions: 18, P: [0.875, 0.0625, 0.0625, 0.125, 0.0625, 0.125, 0.125, 0.0625, 0.125, 0.3125, 0.125, 0.0625, 0.0625, 0.0625, 0.0625, 0.0625, 0.0625, 0.125, 0.0625, 0.0625]
[TRAIN]: (624/1600): reward: 5.128530263900757, rates: 20.128530349820654, loss: 1.0352922201156616, rho: 0.1375, transmit_actions: 19, P: [0.875, 0.0625, 0.125, 0.0625, 0.0625, 0.125, 0.0625, 0.0625, 1.0, 0.0625, 0.125, 0.0625, 0.0625, 0.0625, 0.0625, 0.0625, 0.0625, 0.0625, 0.0625, 0.0625]
[TRAIN]: (625/1600): reward: 15.632475554943085, rates: 19.632475697947733, loss: 1.0996232002973556, rho: 0.1625, transmit_actions: 19, P: [0.875, 0.0625, 0.0625, 0.125, 0.0625, 0.0625, 0.0625, 0.0625, 0.0625, 0.125, 0.0625, 0.0625, 0.0625, 0.0625, 0.0625, 0.0625, 0.0625, 0.0625, 0.625, 0.0625]
[TRAIN]: (626/1600): reward: 13.073976844549179, rates: 18.073976591834317, loss: 1.1544564187526702, rho: 0.1875, transmit_actions: 18, P: [0.875, 0.0625, 0.0625, 0.0625, 0.125, 0.0625, 0.0625, 0.0625, 0.0625, 0.0625, 0.0625, 0.0625, 0.0625, 0.5, 0.0625, 0.125, 0.0625, 0.0625, 0.0625, 0.0625]
[TRAIN]: (627/1600): reward: 12.474827900528908, rates: 17.47482789935323, loss: 1.0894968912005425, rho: 0.18125, transmit_actions: 18, P: [0.875, 0.0625, 0.0625, 0.0625, 0.0625, 0.0625, 0.125, 0.0625, 0.0625, 0.0625, 0.125, 0.0625, 0.0625, 0.0625, 0.125, 0.0625, 0.0625, 0.25, 0.0625, 0.0625]
[TRAIN]: (628/1600): reward: 14.71286591887474, rates: 19.712865766783956, loss: 1.133436718583107, rho: 0.2, transmit_actions: 19, P: [0.0, 0.0625, 0.0625, 0.0625, 0.0625, 0.0625, 0.0625, 0.0625, 0.0625, 0.0625, 0.0625, 0.0625, 0.0625, 0.0625, 0.125, 0.0625, 0.0625, 0.0625, 0.125, 0.0625]
[TRAIN]: (629/1600): reward: 17.939417093992233, rates: 18.93941706199231, loss: 1.2019389688968658, rho: 0.175, transmit_actions: 19, P: [0.875, 0.0625, 0.0625, 0.125, 0.125, 0.125, 0.125, 0.0625, 0.0625, 0.0625, 0.125, 0.0625, 0.0625, 0.0625, 0.0625, 0.0625, 0.0625, 0.0625, 0.0625, 0.0625]
[TRAIN]: (630/1600): reward: 7.448550462722778, rates: 16.448550550662077, loss: 1.0660022005438805, rho: 0.1875, transmit_actions: 18, P: [0.875, 0.0625, 0.0625, 0.0625, 0.0625, 0.0625, 0.0625, 0.0625, 0.4375, 0.0625, 0.0625, 0.0625, 0.0625, 0.0625, 0.0625, 0.0625, 0.0625, 0.0625, 0.0625, 0.625]
[TRAIN]: (631/1600): reward: 20.340906113386154, rates: 20.34090619379313, loss: 1.1927939802408218, rho: 0.15625, transmit_actions: 19, P: [0.875, 0.0625, 0.0625, 0.0625, 0.0625, 0.0625, 0.0625, 0.0625, 0.0625, 0.0625, 0.0625, 0.0625, 0.0625, 0.0625, 0.0625, 0.0625, 0.0625, 0.0625, 0.0625, 0.0625]
[TRAIN]: (632/1600): reward: 14.195023775100708, rates: 20.195023682855158, loss: 1.1831584364175796, rho: 0.19375, transmit_actions: 19, P: [0.875, 0.0625, 0.1875, 0.0625, 0.0625, 0.0625, 0.0625, 0.125, 0.0625, 0.9375, 0.0625, 0.0625, 0.0625, 0.0625, 0.0625, 0.0625, 0.0625, 0.0625, 0.0625, 0.125]
[TRAIN]: (633/1600): reward: 16.356095150113106, rates: 17.356095196077604, loss: 1.2242183804512023, rho: 0.15, transmit_actions: 19, P: [0.875, 0.0625, 0.0625, 0.0625, 0.0625, 0.0625, 0.0625, 0.0625, 0.125, 0.0625, 0.0625, 0.0625, 0.0625, 0.125, 0.0625, 0.0625, 0.0625, 0.0625, 0.0625, 0.125]
[TRAIN]: (634/1600): reward: 20.28884583711624, rates: 21.2888459759447, loss: 1.1859003514051438, rho: 0.1375, transmit_actions: 19, P: [0.875, 0.0625, 0.0625, 0.0625, 0.0625, 0.0625, 0.0625, 0.0625, 0.0625, 0.125, 0.0625, 0.0625, 0.0625, 0.0625, 0.0625, 0.0625, 0.0625, 0.0625, 0.0625, 0.0625]
[TRAIN]: (635/1600): reward: 16.22876387834549, rates: 21.228764190767293, loss: 1.21888470351696, rho: 0.18125, transmit_actions: 18, P: [0.875, 0.125, 0.125, 0.1875, 0.0625, 0.0625, 0.125, 0.0625, 0.0625, 0.0625, 0.0625, 0.0625, 0.0625, 0.0625, 0.0625, 0.0625, 0.0625, 0.0625, 0.0625, 0.0625]
[TRAIN]: (636/1600): reward: 16.641420021653175, rates: 16.641419976812646, loss: 1.173006895184517, rho: 0.1875, transmit_actions: 19, P: [0.875, 0.0625, 0.0625, 0.0625, 0.0625, 0.0625, 0.0625, 0.0625, 0.0625, 0.0625, 0.0625, 0.0625, 0.0625, 0.0625, 0.0625, 0.0625, 0.0625, 0.0625, 0.0625, 0.125]
[TRAIN]: (637/1600): reward: 11.440797448158264, rates: 18.440797486678772, loss: 1.107314532995224, rho: 0.15625, transmit_actions: 19, P: [0.875, 0.0625, 0.0625, 0.0625, 0.125, 0.0625, 0.0625, 0.0625, 0.0625, 0.0625, 0.0625, 0.8125, 0.0625, 0.0625, 0.0625, 0.0625, 0.0625, 0.0625, 0.0625, 0.0625]
[TRAIN]: (638/1600): reward: -3.174676299095154, rates: 14.825323644269144, loss: 1.2191654771566391, rho: 0.2, transmit_actions: 17, P: [0.875, 0.0625, 0.0625, 0.0625, 0.125, 0.125, 0.0625, 0.0625, 0.0625, 0.0625, 0.0625, 0.5, 0.0625, 0.0625, 0.625, 0.0625, 0.0625, 0.875, 0.0625, 0.0625]
[TRAIN]: (639/1600): reward: 16.72513121366501, rates: 21.725131036851423, loss: 1.0639224767684936, rho: 0.1375, transmit_actions: 18, P: [0.875, 0.0625, 0.0625, 0.0625, 0.0625, 0.0625, 0.0625, 0.0625, 0.0625, 0.0625, 0.0625, 0.125, 0.125, 0.0625, 0.0625, 0.0625, 0.0625, 0.0625, 0.0625, 0.0625]
[TRAIN]: (640/1600): reward: 18.93585330247879, rates: 18.935853176413378, loss: 1.1139127612113953, rho: 0.15, transmit_actions: 19, P: [0.875, 0.0625, 0.125, 0.0625, 0.0625, 0.0625, 0.125, 0.125, 0.0625, 0.0625, 0.0625, 0.0625, 0.125, 0.0625, 0.0625, 0.0625, 0.0625, 0.0625, 0.0625, 0.0625]
[TRAIN]: (641/1600): reward: 15.9129029661417, rates: 20.912902871547576, loss: 1.20995432138443, rho: 0.16875, transmit_actions: 19, P: [0.875, 0.125, 0.375, 0.125, 0.0625, 0.125, 0.0625, 0.0625, 0.0625, 0.125, 0.0625, 0.0625, 0.0625, 0.0625, 0.0625, 0.0625, 0.0625, 0.0625, 0.0625, 0.0625]
[TRAIN]: (642/1600): reward: 15.902097404003143, rates: 19.902097253573192, loss: 1.1225245103240014, rho: 0.1875, transmit_actions: 19, P: [0.875, 0.0625, 0.125, 0.0625, 0.0625, 0.0625, 0.0625, 0.0625, 0.0625, 0.4375, 0.0625, 0.0625, 0.0625, 0.0625, 0.0625, 0.0625, 0.0625, 0.0625, 0.0625, 0.0625]
[TRAIN]: (643/1600): reward: 11.482511933892965, rates: 18.482511849335655, loss: 1.1907102271914483, rho: 0.19375, transmit_actions: 17, P: [0.875, 0.125, 0.0625, 0.9375, 0.0625, 0.0625, 0.0625, 0.0625, 0.0625, 0.875, 0.0625, 0.0625, 0.125, 0.0625, 0.0625, 0.0625, 0.125, 0.0625, 0.0625, 0.125]
[TRAIN]: (644/1600): reward: 19.368727058172226, rates: 19.36872700612636, loss: 1.151758959889412, rho: 0.175, transmit_actions: 19, P: [0.875, 0.0625, 0.125, 0.0625, 0.0625, 0.0625, 0.0625, 0.0625, 0.0625, 0.125, 0.0625, 0.0625, 0.0625, 0.0625, 0.0625, 0.0625, 0.0625, 0.0625, 0.0625, 0.0625]
[TRAIN]: (645/1600): reward: 17.766432344913483, rates: 20.766432458927174, loss: 1.1122719317674636, rho: 0.18125, transmit_actions: 19, P: [0.875, 0.0625, 0.0625, 0.0625, 0.0625, 0.0625, 0.0625, 0.0625, 0.0625, 0.0625, 0.0, 0.0625, 0.0625, 0.0625, 0.0625, 0.0625, 0.125, 0.0625, 0.0625, 0.0625]
[TRAIN]: (646/1600): reward: 18.997390508651733, rates: 18.99739060442991, loss: 1.160382655262947, rho: 0.16875, transmit_actions: 18, P: [0.875, 0.0625, 0.125, 0.0625, 0.0625, 0.0625, 0.0625, 0.0625, 0.0625, 0.0625, 0.0625, 0.875, 0.0625, 0.0625, 0.0625, 0.0625, 0.0625, 0.0625, 0.0625, 0.0625]
[TRAIN]: (647/1600): reward: 20.065822035074234, rates: 21.065821944880504, loss: 1.265231990814209, rho: 0.15625, transmit_actions: 19, P: [0.875, 0.125, 0.0625, 0.0625, 0.0625, 0.0625, 0.0625, 0.0625, 0.0625, 0.125, 0.0625, 0.0625, 0.0625, 0.0625, 0.0625, 0.0625, 0.0625, 0.0625, 0.0625, 0.0625]
[TRAIN]: (648/1600): reward: 16.67287988960743, rates: 18.672879846916786, loss: 1.0557961881160736, rho: 0.14375, transmit_actions: 19, P: [0.875, 0.0625, 0.0625, 0.0625, 0.0625, 0.0625, 0.0625, 0.0625, 0.0625, 0.0625, 0.0625, 0.0625, 0.0625, 0.0625, 0.0625, 0.0625, 0.0625, 0.0625, 0.125, 0.125]
[TRAIN]: (649/1600): reward: 18.719679951667786, rates: 19.719680020777467, loss: 1.2510447710752488, rho: 0.14375, transmit_actions: 19, P: [0.875, 0.125, 0.0625, 0.0625, 0.0625, 0.0625, 0.0625, 0.0625, 0.0625, 0.0625, 0.0625, 0.0625, 0.0625, 0.0625, 0.125, 0.0625, 0.0625, 0.0625, 0.0625, 0.0625]
[TRAIN]: (650/1600): reward: 20.46730700135231, rates: 21.467307095759075, loss: 1.037372860312462, rho: 0.15, transmit_actions: 19, P: [0.875, 0.0625, 0.0625, 0.0625, 0.0625, 0.0625, 0.0625, 0.0625, 0.0625, 0.0625, 0.0625, 0.125, 0.0625, 0.0625, 0.125, 0.0625, 0.0625, 0.0625, 0.125, 0.0625]
[TRAIN]: (651/1600): reward: 8.169717788696289, rates: 18.169717811164723, loss: 1.1646219730377196, rho: 0.2125, transmit_actions: 16, P: [0.875, 0.125, 0.0625, 0.0625, 0.0625, 0.125, 0.0625, 0.125, 0.875, 0.875, 0.0625, 0.0625, 0.875, 0.0625, 0.0625, 0.125, 0.0625, 0.0625, 0.0625, 0.0625]
[TRAIN]: (652/1600): reward: 20.755596339702606, rates: 20.75559627984164, loss: 1.244674026966095, rho: 0.14375, transmit_actions: 19, P: [0.875, 0.0625, 0.0625, 0.0625, 0.0625, 0.0625, 0.0625, 0.0625, 0.0625, 0.0625, 0.0625, 0.0625, 0.0625, 0.0625, 0.0625, 0.0625, 0.0625, 0.125, 0.0625, 0.0625]
[TRAIN]: (653/1600): reward: 19.960253179073334, rates: 19.960253321630006, loss: 1.1203833550214768, rho: 0.1625, transmit_actions: 19, P: [0.875, 0.0625, 0.0625, 0.0625, 0.0625, 0.0625, 0.0625, 0.0625, 0.125, 0.0625, 0.0625, 0.0625, 0.0625, 0.0625, 0.0625, 0.0625, 0.0625, 0.0625, 0.0625, 0.0625]
[TRAIN]: (654/1600): reward: 18.570335388183594, rates: 18.570335460285275, loss: 1.324743178486824, rho: 0.15625, transmit_actions: 19, P: [0.875, 0.125, 0.0625, 0.0625, 0.0625, 0.0625, 0.0625, 0.0625, 0.0625, 0.0625, 0.0625, 0.0625, 0.0625, 0.0625, 0.0625, 0.0625, 0.125, 0.0625, 0.0625, 0.125]
[TRAIN]: (655/1600): reward: 7.945420116186142, rates: 22.945420001753913, loss: 1.1329824164509774, rho: 0.175, transmit_actions: 18, P: [0.875, 0.125, 0.125, 0.125, 0.125, 0.125, 0.125, 0.0625, 0.125, 0.625, 0.0625, 0.0625, 0.0625, 0.0625, 0.0, 0.125, 0.0625, 0.125, 0.125, 0.0625]
[TRAIN]: (656/1600): reward: 19.393518775701523, rates: 19.393518785946018, loss: 0.8888184994459152, rho: 0.15, transmit_actions: 19, P: [0.875, 0.125, 0.125, 0.0625, 0.0625, 0.0625, 0.0625, 0.0625, 0.0625, 0.0625, 0.0625, 0.0625, 0.0625, 0.0625, 0.0625, 0.0625, 0.0625, 0.0625, 0.0625, 0.0625]
[TRAIN]: (657/1600): reward: 10.557816922664642, rates: 14.557817020480439, loss: 0.8681941270828247, rho: 0.225, transmit_actions: 16, P: [0.875, 0.875, 0.0625, 0.25, 0.875, 0.0625, 0.0625, 0.0625, 0.0625, 0.0625, 0.0625, 0.875, 0.0625, 0.0625, 0.0625, 0.0625, 0.0625, 0.0625, 0.125, 0.0625]
[TRAIN]: (658/1600): reward: 14.220136225223541, rates: 21.220136241667145, loss: 1.1378399819135665, rho: 0.18125, transmit_actions: 18, P: [0.875, 0.0625, 0.0625, 0.0625, 0.375, 0.0625, 0.0625, 0.0625, 0.125, 0.125, 0.0625, 0.0625, 0.0625, 0.0625, 0.0625, 0.3125, 0.0625, 0.0625, 0.0625, 0.0625]
[TRAIN]: (659/1600): reward: 14.434476226568222, rates: 19.43447617293969, loss: 1.2059544295072555, rho: 0.175, transmit_actions: 18, P: [0.875, 0.125, 0.0625, 0.0625, 0.0625, 0.0625, 0.125, 0.0625, 0.0625, 0.0625, 0.0625, 0.0625, 0.0625, 0.0625, 0.0625, 0.1875, 0.0625, 0.0625, 0.0625, 0.0625]
[TRAIN]: (660/1600): reward: 19.125009387731552, rates: 20.1250094822554, loss: 1.1495789378881454, rho: 0.1375, transmit_actions: 19, P: [0.875, 0.0625, 0.0625, 0.0625, 0.0625, 0.0625, 0.0625, 0.0625, 0.0625, 0.0625, 0.0625, 0.0625, 0.0625, 0.0625, 0.0625, 0.0625, 0.0625, 0.0625, 0.0625, 0.0625]
[TRAIN]: (661/1600): reward: 19.240498453378677, rates: 19.240498399729862, loss: 1.2622859358787537, rho: 0.15, transmit_actions: 19, P: [0.875, 0.0625, 0.0625, 0.125, 0.0625, 0.0625, 0.0625, 0.0625, 0.0625, 0.0625, 0.0625, 0.0625, 0.0625, 0.0625, 0.0625, 0.0625, 0.0625, 0.0625, 0.0625, 0.0625]
[TRAIN]: (662/1600): reward: 14.796054318547249, rates: 20.79605452072873, loss: 0.9655609667301178, rho: 0.1875, transmit_actions: 18, P: [0.875, 0.0625, 0.0625, 0.0625, 0.0625, 0.0625, 0.0625, 0.0625, 0.0625, 0.125, 0.125, 0.0625, 0.0625, 0.8125, 0.0625, 0.0625, 0.0625, 0.0625, 0.0625, 0.0625]
[TRAIN]: (663/1600): reward: 15.966078788042068, rates: 18.966078820108795, loss: 1.0729421198368072, rho: 0.19375, transmit_actions: 18, P: [0.875, 0.875, 0.0625, 0.0625, 0.0625, 0.125, 0.4375, 0.0625, 0.0625, 0.125, 0.0625, 0.125, 0.0625, 0.0625, 0.0625, 0.0625, 0.125, 0.0625, 0.0625, 0.125]
[TRAIN]: (664/1600): reward: 22.0267550945282, rates: 23.026755218233053, loss: 1.0458244264125824, rho: 0.1375, transmit_actions: 19, P: [0.875, 0.125, 0.125, 0.125, 0.125, 0.125, 0.0625, 0.0625, 0.125, 0.0625, 0.0625, 0.0625, 0.0625, 0.0625, 0.0625, 0.125, 0.0625, 0.0625, 0.0625, 0.125]
[TRAIN]: (665/1600): reward: 19.861175253987312, rates: 20.861175300270475, loss: 1.1288788706064223, rho: 0.15, transmit_actions: 19, P: [0.875, 0.125, 0.0625, 0.125, 0.125, 0.0625, 0.125, 0.125, 0.0625, 0.0625, 0.0625, 0.0625, 0.0625, 0.0625, 0.0625, 0.0625, 0.125, 0.0625, 0.0625, 0.0625]
[TRAIN]: (666/1600): reward: 16.698347806930542, rates: 17.6983479144413, loss: 1.1484537586569785, rho: 0.1625, transmit_actions: 19, P: [0.875, 0.0625, 0.0625, 0.0625, 0.0625, 0.0625, 0.0625, 0.0625, 0.125, 0.0625, 0.125, 0.0625, 0.0625, 0.0625, 0.0625, 0.0625, 0.0625, 0.0625, 0.0625, 0.0625]
[TRAIN]: (667/1600): reward: 14.128994554281235, rates: 18.128994526096893, loss: 1.0085492566227914, rho: 0.20625, transmit_actions: 19, P: [0.875, 0.0625, 0.0625, 0.0625, 0.0625, 0.0625, 0.125, 0.125, 0.125, 0.125, 0.0625, 0.4375, 0.0625, 0.0625, 0.0625, 0.0625, 0.0625, 0.0625, 0.0625, 0.0625]
[TRAIN]: (668/1600): reward: 22.197973400354385, rates: 22.197973291012616, loss: 1.0489805042743683, rho: 0.14375, transmit_actions: 19, P: [0.875, 0.125, 0.0625, 0.0625, 0.0625, 0.0625, 0.0625, 0.0625, 0.0625, 0.0625, 0.0625, 0.0625, 0.0625, 0.0625, 0.0625, 0.0625, 0.0625, 0.0625, 0.0625, 0.0625]
[TRAIN]: (669/1600): reward: 19.318004548549652, rates: 19.31800455564861, loss: 1.0901898711919784, rho: 0.15625, transmit_actions: 19, P: [0.875, 0.0625, 0.0625, 0.0625, 0.0625, 0.0625, 0.0625, 0.0625, 0.0625, 0.0625, 0.0625, 0.0625, 0.0625, 0.0625, 0.0625, 0.0625, 0.0625, 0.0625, 0.0625, 0.0625]
[TRAIN]: (670/1600): reward: 19.1141037940979, rates: 19.11410373311944, loss: 1.107977393269539, rho: 0.1375, transmit_actions: 19, P: [0.875, 0.0625, 0.0625, 0.0625, 0.0625, 0.0625, 0.0625, 0.0625, 0.0625, 0.0625, 0.0625, 0.0625, 0.0625, 0.0625, 0.0625, 0.0625, 0.0625, 0.0625, 0.0625, 0.0625]
[TRAIN]: (671/1600): reward: 17.77195769548416, rates: 19.77195790722322, loss: 1.0167459547519684, rho: 0.15625, transmit_actions: 19, P: [0.875, 0.0625, 0.0625, 0.0625, 0.0625, 0.0625, 0.0625, 0.0625, 0.0625, 0.0625, 0.0625, 0.0625, 0.0625, 0.0625, 0.0625, 0.0625, 0.0625, 0.0625, 0.0625, 0.25]
[TRAIN]: (672/1600): reward: 13.78306558728218, rates: 17.783065729614105, loss: 1.25648675262928, rho: 0.1875, transmit_actions: 19, P: [0.875, 0.0625, 0.0625, 0.0625, 0.0625, 0.0625, 0.0625, 0.0625, 0.25, 0.0625, 0.0625, 0.0625, 0.0625, 0.0625, 0.0625, 0.0625, 0.0625, 0.0625, 0.0625, 0.0625]
[TRAIN]: (673/1600): reward: 21.10967993736267, rates: 21.109679818667757, loss: 0.9896454274654388, rho: 0.1375, transmit_actions: 19, P: [0.875, 0.0625, 0.0625, 0.0625, 0.0625, 0.0625, 0.0625, 0.0625, 0.0625, 0.0625, 0.0625, 0.0625, 0.0625, 0.0625, 0.0625, 0.0625, 0.0625, 0.0625, 0.0625, 0.0625]
[TRAIN]: (674/1600): reward: 19.809105932712555, rates: 19.809105831915314, loss: 1.1017912060022355, rho: 0.15625, transmit_actions: 19, P: [0.875, 0.0625, 0.0625, 0.0625, 0.0625, 0.0625, 0.0625, 0.0625, 0.0625, 0.0625, 0.0625, 0.0625, 0.0625, 0.0625, 0.0625, 0.0625, 0.0625, 0.0625, 0.0625, 0.0625]
[TRAIN]: (675/1600): reward: 20.5407113134861, rates: 20.540711152680693, loss: 1.1126590892672539, rho: 0.15, transmit_actions: 19, P: [0.875, 0.0625, 0.125, 0.0625, 0.0625, 0.0625, 0.125, 0.0625, 0.0625, 0.0625, 0.0625, 0.125, 0.0625, 0.0625, 0.0625, 0.0625, 0.0625, 0.0625, 0.0625, 0.0625]
[TRAIN]: (676/1600): reward: 18.530925750732422, rates: 19.530925846151234, loss: 1.0806382328271866, rho: 0.1625, transmit_actions: 19, P: [0.875, 0.0625, 0.125, 0.0625, 0.0625, 0.0625, 0.125, 0.0625, 0.0625, 0.0625, 0.0625, 0.0625, 0.0625, 0.0625, 0.0625, 0.0625, 0.125, 0.0625, 0.0625, 0.0625]
[TRAIN]: (677/1600): reward: 14.23273241519928, rates: 19.232732292708775, loss: 1.0170261085033416, rho: 0.16875, transmit_actions: 19, P: [0.875, 0.0625, 0.0625, 0.0625, 0.0625, 0.0625, 0.0625, 0.0625, 0.0625, 0.0625, 0.0625, 0.0625, 0.0625, 0.0625, 0.0625, 0.0625, 0.625, 0.0625, 0.0625, 0.0625]
[TRAIN]: (678/1600): reward: 19.837702453136444, rates: 20.837702436080875, loss: 1.0223747134208678, rho: 0.18125, transmit_actions: 19, P: [0.875, 0.0625, 0.0625, 0.0625, 0.0625, 0.0625, 0.125, 0.125, 0.0625, 0.125, 0.125, 0.0625, 0.0625, 0.0625, 0.0625, 0.0625, 0.0625, 0.0625, 0.0625, 0.0625]
[TRAIN]: (679/1600): reward: 21.52566233277321, rates: 21.525662379298637, loss: 1.0859320372343064, rho: 0.15625, transmit_actions: 19, P: [0.875, 0.0625, 0.0625, 0.0625, 0.0625, 0.0625, 0.0625, 0.0625, 0.0625, 0.0625, 0.0625, 0.0625, 0.0625, 0.0625, 0.0625, 0.0625, 0.0625, 0.0625, 0.0625, 0.0625]
[TRAIN]: (680/1600): reward: 20.34232184290886, rates: 20.342322144309435, loss: 1.0671406745910645, rho: 0.15625, transmit_actions: 19, P: [0.875, 0.0625, 0.0625, 0.0625, 0.0625, 0.0625, 0.0625, 0.0625, 0.0625, 0.0625, 0.0625, 0.0625, 0.0625, 0.0625, 0.0625, 0.0625, 0.0625, 0.0625, 0.0625, 0.0625]
[TRAIN]: (681/1600): reward: 19.68980798125267, rates: 19.689807899008986, loss: 1.0122655868530273, rho: 0.16875, transmit_actions: 19, P: [0.875, 0.0625, 0.0625, 0.0625, 0.0625, 0.0625, 0.0625, 0.0625, 0.0625, 0.0625, 0.0625, 0.0625, 0.0625, 0.0625, 0.0625, 0.0625, 0.0625, 0.0625, 0.0625, 0.0625]
[TRAIN]: (682/1600): reward: 13.564252823591232, rates: 16.564252925306892, loss: 1.1340988844633102, rho: 0.19375, transmit_actions: 19, P: [0.875, 0.0625, 0.0625, 0.0625, 0.0625, 0.0625, 0.0625, 0.25, 0.0625, 0.0625, 0.0625, 0.0625, 0.0625, 0.0625, 0.0625, 0.0625, 0.0625, 0.0625, 0.0625, 0.0625]
[TRAIN]: (683/1600): reward: 20.305458903312683, rates: 20.30545908574132, loss: 1.1285632699728012, rho: 0.1375, transmit_actions: 19, P: [0.875, 0.0625, 0.0625, 0.0625, 0.125, 0.0625, 0.0625, 0.0625, 0.0625, 0.0625, 0.0625, 0.0625, 0.0625, 0.0625, 0.0625, 0.0625, 0.0625, 0.125, 0.0625, 0.0625]
[TRAIN]: (684/1600): reward: 19.315972805023193, rates: 20.315972744892356, loss: 1.1253859579563141, rho: 0.15, transmit_actions: 19, P: [0.875, 0.125, 0.0625, 0.125, 0.0625, 0.0625, 0.0625, 0.0625, 0.0625, 0.0625, 0.0625, 0.125, 0.0625, 0.0625, 0.0625, 0.0625, 0.0625, 0.0625, 0.0625, 0.0625]
[TRAIN]: (685/1600): reward: 21.01368534564972, rates: 22.013685328215978, loss: 1.0202416807413102, rho: 0.14375, transmit_actions: 19, P: [0.875, 0.0625, 0.125, 0.0625, 0.0625, 0.125, 0.0625, 0.0625, 0.0625, 0.125, 0.0625, 0.0625, 0.0625, 0.0625, 0.0625, 0.0625, 0.0625, 0.0625, 0.0625, 0.0625]
[TRAIN]: (686/1600): reward: 11.950589030981064, rates: 17.95058893094868, loss: 1.1220103949308395, rho: 0.19375, transmit_actions: 18, P: [0.875, 0.0625, 0.0625, 0.0625, 0.0625, 0.0625, 0.0625, 0.0625, 0.0625, 0.0625, 0.0625, 0.0625, 0.0625, 0.0625, 0.0625, 0.0625, 0.0625, 0.0625, 0.0625, 0.4375]
[TRAIN]: (687/1600): reward: 18.030034840106964, rates: 20.030034552926786, loss: 1.0015230238437653, rho: 0.15625, transmit_actions: 19, P: [0.875, 0.0625, 0.125, 0.125, 0.0625, 0.0625, 0.0625, 0.0625, 0.0625, 0.0625, 0.0625, 0.0625, 0.0625, 0.0625, 0.0625, 0.0625, 0.0625, 0.0625, 0.0625, 0.0625]
[TRAIN]: (688/1600): reward: 15.324489444494247, rates: 17.32448941876504, loss: 0.9641366064548492, rho: 0.14375, transmit_actions: 19, P: [0.875, 0.0625, 0.0625, 0.0625, 0.0625, 0.0625, 0.0625, 0.0625, 0.0625, 0.0625, 0.0625, 0.0625, 0.0625, 0.25, 0.0625, 0.0625, 0.0625, 0.0625, 0.0625, 0.0625]
[TRAIN]: (689/1600): reward: 11.010462835431099, rates: 20.010462572521526, loss: 1.0356522440910338, rho: 0.15625, transmit_actions: 18, P: [0.875, 0.0625, 0.0625, 0.0625, 0.125, 0.0625, 0.125, 0.0625, 0.0625, 0.5625, 0.0625, 0.0625, 0.0625, 0.0625, 0.0625, 0.0625, 0.0625, 0.0625, 0.0625, 0.0625]
[TRAIN]: (690/1600): reward: 21.544399321079254, rates: 21.54439919625371, loss: 1.04181200414896, rho: 0.14375, transmit_actions: 19, P: [0.875, 0.0625, 0.0625, 0.0625, 0.0625, 0.0625, 0.0625, 0.125, 0.0625, 0.0625, 0.0625, 0.0625, 0.0625, 0.0625, 0.0625, 0.0625, 0.0625, 0.125, 0.0625, 0.0625]
[TRAIN]: (691/1600): reward: 15.683417797088623, rates: 17.68341801041583, loss: 1.1092042490839957, rho: 0.19375, transmit_actions: 19, P: [0.875, 0.0625, 0.1875, 0.0625, 0.0625, 0.125, 0.0625, 0.0625, 0.0625, 0.0625, 0.0625, 0.0625, 0.0625, 0.0625, 0.0625, 0.0625, 0.0625, 0.0625, 0.0625, 0.0625]
[TRAIN]: (692/1600): reward: 20.77131089568138, rates: 20.77131079846761, loss: 1.1030838429927825, rho: 0.15625, transmit_actions: 19, P: [0.875, 0.125, 0.0625, 0.0625, 0.0625, 0.0625, 0.0625, 0.0625, 0.0625, 0.0625, 0.125, 0.0625, 0.0625, 0.0625, 0.0625, 0.0625, 0.0625, 0.0625, 0.0625, 0.0625]
[TRAIN]: (693/1600): reward: 19.100772112607956, rates: 21.100772098365262, loss: 1.116812628507614, rho: 0.15625, transmit_actions: 19, P: [0.875, 0.0625, 0.0625, 0.0625, 0.0625, 0.125, 0.0625, 0.0625, 0.0625, 0.0625, 0.0625, 0.0625, 0.0625, 0.0625, 0.0625, 0.0625, 0.0625, 0.0625, 0.0625, 0.0625]
[TRAIN]: (694/1600): reward: 19.210437655448914, rates: 19.210437664231325, loss: 0.94140505194664, rho: 0.1375, transmit_actions: 19, P: [0.875, 0.0625, 0.0625, 0.0625, 0.0625, 0.125, 0.0625, 0.0625, 0.0625, 0.0625, 0.0625, 0.0625, 0.0625, 0.0625, 0.0625, 0.0625, 0.0625, 0.0625, 0.0625, 0.0625]
[TRAIN]: (695/1600): reward: 20.667312145233154, rates: 20.66731195606238, loss: 1.0742527469992638, rho: 0.15, transmit_actions: 19, P: [0.875, 0.125, 0.0625, 0.0625, 0.0625, 0.0625, 0.0625, 0.0625, 0.0625, 0.0625, 0.0625, 0.0625, 0.0625, 0.0625, 0.0625, 0.0625, 0.0625, 0.0625, 0.125, 0.0625]
[TRAIN]: (696/1600): reward: 19.84389415383339, rates: 19.84389425978176, loss: 1.0709807068109511, rho: 0.1625, transmit_actions: 19, P: [0.875, 0.0625, 0.125, 0.0625, 0.125, 0.0625, 0.0625, 0.0625, 0.0625, 0.0625, 0.0625, 0.0625, 0.0625, 0.0625, 0.0625, 0.0625, 0.0625, 0.0625, 0.0625, 0.0625]
[TRAIN]: (697/1600): reward: 14.336405277252197, rates: 23.336405327863492, loss: 1.0705272436141968, rho: 0.15625, transmit_actions: 19, P: [0.875, 0.0625, 0.75, 0.125, 0.0625, 0.125, 0.125, 0.125, 0.125, 0.125, 0.0625, 0.0625, 0.0625, 0.0625, 0.0625, 0.0625, 0.0625, 0.0625, 0.0625, 0.0625]
[TRAIN]: (698/1600): reward: 20.64708498120308, rates: 20.647085199437686, loss: 1.1826585114002228, rho: 0.15, transmit_actions: 19, P: [0.875, 0.0625, 0.0625, 0.0625, 0.0625, 0.0625, 0.0625, 0.0625, 0.0625, 0.0625, 0.0625, 0.0625, 0.0625, 0.0625, 0.0625, 0.0625, 0.0625, 0.0625, 0.0625, 0.0625]
[TRAIN]: (699/1600): reward: 20.01242607831955, rates: 20.01242600838965, loss: 1.1118392318487167, rho: 0.16875, transmit_actions: 17, P: [0.875, 0.0625, 0.875, 0.875, 0.0625, 0.0625, 0.0625, 0.0625, 0.0625, 0.0625, 0.0625, 0.0625, 0.0625, 0.0625, 0.0625, 0.0625, 0.0625, 0.0625, 0.0625, 0.0625]
[TRAIN]: (700/1600): reward: 17.827039003372192, rates: 20.827038972680835, loss: 1.1217571794986725, rho: 0.15625, transmit_actions: 19, P: [0.875, 0.0625, 0.125, 0.0625, 0.125, 0.125, 0.125, 0.0625, 0.0625, 0.125, 0.0625, 0.0625, 0.0625, 0.0625, 0.125, 0.0625, 0.0625, 0.0625, 0.0625, 0.0625]
[TRAIN]: (701/1600): reward: 19.147284984588623, rates: 19.147284966898457, loss: 1.0009898751974107, rho: 0.16875, transmit_actions: 19, P: [0.875, 0.0625, 0.0625, 0.125, 0.0625, 0.125, 0.0625, 0.0625, 0.0625, 0.0625, 0.125, 0.0625, 0.0625, 0.0625, 0.125, 0.0625, 0.0625, 0.0625, 0.0625, 0.0625]
[TRAIN]: (702/1600): reward: 15.574071526527405, rates: 17.574071541098615, loss: 1.0434622496366501, rho: 0.15625, transmit_actions: 19, P: [0.875, 0.0625, 0.0625, 0.125, 0.0625, 0.0625, 0.0625, 0.0625, 0.0625, 0.0625, 0.0625, 0.0625, 0.0625, 0.0625, 0.0625, 0.0625, 0.0625, 0.0625, 0.0625, 0.0625]
[TRAIN]: (703/1600): reward: -1.1296724081039429, rates: 15.870327638375421, loss: 1.0763044863939286, rho: 0.1625, transmit_actions: 18, P: [0.75, 0.0625, 0.0625, 0.0625, 0.0625, 0.0625, 0.0625, 0.125, 0.125, 0.0625, 0.0, 0.0625, 0.0625, 0.0625, 0.0625, 0.0625, 0.0625, 0.0625, 0.0625, 0.0625]
[TRAIN]: (704/1600): reward: 7.709691047668457, rates: 18.709691294097752, loss: 0.9635405272245408, rho: 0.2125, transmit_actions: 17, P: [0.875, 0.0625, 0.0625, 0.0625, 0.0625, 0.125, 0.0625, 0.0625, 0.125, 0.0625, 0.0625, 0.9375, 0.0625, 0.0625, 0.0625, 0.125, 0.0625, 0.0625, 0.0625, 0.6875]
[TRAIN]: (705/1600): reward: 19.353453665971756, rates: 19.353453503640864, loss: 1.030009138584137, rho: 0.15, transmit_actions: 18, P: [0.875, 0.0625, 0.0625, 0.0625, 0.0625, 0.0625, 0.875, 0.0625, 0.0625, 0.0625, 0.0625, 0.0625, 0.0625, 0.0625, 0.0625, 0.0625, 0.0625, 0.0625, 0.0625, 0.0625]
[TRAIN]: (706/1600): reward: 19.586258858442307, rates: 19.586258892669164, loss: 0.9358297556638717, rho: 0.15, transmit_actions: 18, P: [0.875, 0.125, 0.0625, 0.0625, 0.875, 0.0625, 0.0625, 0.0625, 0.0625, 0.0625, 0.0625, 0.0625, 0.0625, 0.0625, 0.0625, 0.0625, 0.0625, 0.0625, 0.0625, 0.0625]
[TRAIN]: (707/1600): reward: 20.8712198138237, rates: 20.871219803844397, loss: 1.1343305230140686, rho: 0.175, transmit_actions: 17, P: [0.875, 0.125, 0.0625, 0.125, 0.125, 0.125, 0.875, 0.875, 0.125, 0.0625, 0.125, 0.0625, 0.0625, 0.0625, 0.0625, 0.0625, 0.0625, 0.0625, 0.0625, 0.0625]
[TRAIN]: (708/1600): reward: 19.820193469524384, rates: 19.82019356458757, loss: 0.8979003638029098, rho: 0.14375, transmit_actions: 19, P: [0.875, 0.0625, 0.0625, 0.0625, 0.0625, 0.0625, 0.0625, 0.0625, 0.0625, 0.0625, 0.0625, 0.0625, 0.0625, 0.0625, 0.0625, 0.0625, 0.0625, 0.0625, 0.0625, 0.0625]
[TRAIN]: (709/1600): reward: 20.737586110830307, rates: 20.737585915196792, loss: 0.8638083353638649, rho: 0.1375, transmit_actions: 19, P: [0.875, 0.125, 0.0625, 0.0625, 0.0625, 0.0625, 0.0625, 0.0625, 0.0625, 0.0625, 0.0625, 0.0625, 0.0625, 0.0625, 0.0625, 0.0625, 0.0625, 0.0625, 0.0625, 0.0625]
[TRAIN]: (710/1600): reward: 17.899536192417145, rates: 17.89953611500587, loss: 1.0341249227523803, rho: 0.15625, transmit_actions: 17, P: [0.875, 0.125, 0.0625, 1.0, 0.0625, 0.0625, 0.0625, 0.0625, 0.875, 0.0625, 0.0625, 0.0625, 0.0625, 0.0625, 0.0625, 0.0625, 0.0625, 0.125, 0.0625, 0.0625]
[TRAIN]: (711/1600): reward: 20.577397614717484, rates: 20.577397634995826, loss: 1.0501665309071542, rho: 0.14375, transmit_actions: 19, P: [0.875, 0.0625, 0.0625, 0.0625, 0.0625, 0.0625, 0.0625, 0.0625, 0.0625, 0.0625, 0.0625, 0.0625, 0.125, 0.0625, 0.0625, 0.0625, 0.0625, 0.0625, 0.0625, 0.0625]
[TRAIN]: (712/1600): reward: 17.050250351428986, rates: 22.050250185969265, loss: 1.0779513090848922, rho: 0.175, transmit_actions: 18, P: [0.875, 0.125, 0.125, 0.0625, 0.0625, 0.0625, 0.125, 0.0625, 0.0625, 0.25, 0.0625, 0.0625, 0.0625, 0.0625, 0.0625, 0.0625, 0.0625, 0.0625, 0.0625, 0.0625]
[TRAIN]: (713/1600): reward: 19.312893390655518, rates: 21.31289329178827, loss: 0.8732744857668877, rho: 0.15625, transmit_actions: 19, P: [0.875, 0.125, 0.125, 0.0625, 0.0625, 0.125, 0.0625, 0.125, 0.0625, 0.0625, 0.0625, 0.0625, 0.0625, 0.0625, 0.0625, 0.0625, 0.0625, 0.0625, 0.0625, 0.0625]
[TRAIN]: (714/1600): reward: 22.46728003025055, rates: 22.4672799262552, loss: 1.000349473953247, rho: 0.1375, transmit_actions: 19, P: [0.875, 0.0625, 0.0625, 0.0625, 0.0625, 0.125, 0.125, 0.0625, 0.0625, 0.0625, 0.0625, 0.0625, 0.0625, 0.0625, 0.0625, 0.0625, 0.0625, 0.0625, 0.0625, 0.0625]
[TRAIN]: (715/1600): reward: 14.310004264116287, rates: 19.310004190922907, loss: 1.0299768775701523, rho: 0.1875, transmit_actions: 18, P: [0.875, 0.125, 0.125, 0.125, 0.0625, 0.125, 0.0625, 0.125, 0.125, 0.125, 0.125, 0.0625, 0.0625, 0.0625, 0.0625, 0.0625, 0.0625, 0.0625, 0.0625, 0.0625]
[TRAIN]: (716/1600): reward: 6.959716856479645, rates: 17.9597170433473, loss: 1.1855424463748931, rho: 0.15, transmit_actions: 19, P: [0.875, 0.0625, 0.0625, 0.0625, 0.875, 0.0625, 0.0625, 0.0625, 0.0625, 0.0625, 0.0625, 0.0625, 0.0625, 0.0625, 0.0625, 0.0625, 0.0625, 0.0625, 0.0625, 0.0625]
[TRAIN]: (717/1600): reward: 12.854642868041992, rates: 18.854642896609516, loss: 1.0140240728855132, rho: 0.1625, transmit_actions: 18, P: [0.875, 0.0625, 0.0625, 0.0625, 0.0625, 0.0625, 0.125, 0.0625, 0.0625, 0.0625, 0.1875, 0.0625, 0.0625, 0.0625, 0.0625, 0.0625, 0.0625, 0.0625, 0.0625, 0.0625]
[TRAIN]: (718/1600): reward: 20.778283327817917, rates: 20.778283519205928, loss: 1.0711107939481734, rho: 0.15625, transmit_actions: 19, P: [0.875, 0.0625, 0.0625, 0.0625, 0.0625, 0.0625, 0.0625, 0.0625, 0.0625, 0.0625, 0.125, 0.0625, 0.0625, 0.0625, 0.0625, 0.0625, 0.0625, 0.0625, 0.0625, 0.0625]
[TRAIN]: (719/1600): reward: 22.17392662167549, rates: 22.17392649890659, loss: 1.0875374108552933, rho: 0.15, transmit_actions: 19, P: [0.875, 0.0625, 0.0625, 0.125, 0.0625, 0.0625, 0.0625, 0.0625, 0.0625, 0.0625, 0.0625, 0.0625, 0.0625, 0.125, 0.0625, 0.0625, 0.0625, 0.0625, 0.0625, 0.0625]
[TRAIN]: (720/1600): reward: 17.736614257097244, rates: 17.73661428176686, loss: 0.8757961243391037, rho: 0.14375, transmit_actions: 19, P: [0.875, 0.0625, 0.0625, 0.0625, 0.0625, 0.0625, 0.0625, 0.0625, 0.0625, 0.0625, 0.0625, 0.125, 0.0625, 0.0625, 0.0625, 0.0625, 0.0625, 0.0625, 0.0625, 0.0625]
[TRAIN]: (721/1600): reward: 18.631750337779522, rates: 19.63175034123916, loss: 1.0079212039709091, rho: 0.15, transmit_actions: 19, P: [0.875, 0.0625, 0.0625, 0.125, 0.0625, 0.0625, 0.125, 0.0625, 0.0625, 0.0625, 0.0625, 0.0625, 0.0625, 0.0625, 0.0625, 0.0625, 0.0625, 0.0625, 0.0625, 0.125]
[TRAIN]: (722/1600): reward: 18.711568921804428, rates: 19.711568925054426, loss: 1.0203114092350005, rho: 0.1375, transmit_actions: 19, P: [0.875, 0.125, 0.0625, 0.0625, 0.0625, 0.0625, 0.0625, 0.0625, 0.0625, 0.0625, 0.0625, 0.0625, 0.0625, 0.0625, 0.0625, 0.0625, 0.0625, 0.0625, 0.0625, 0.0625]
[TRAIN]: (723/1600): reward: 19.702995538711548, rates: 19.702995430509787, loss: 0.9894377648830414, rho: 0.1625, transmit_actions: 19, P: [0.875, 0.125, 0.0625, 0.125, 0.0625, 0.0625, 0.0625, 0.0625, 0.0625, 0.0625, 0.0625, 0.0625, 0.0625, 0.0625, 0.0625, 0.0625, 0.0625, 0.0625, 0.0625, 0.0625]
[TRAIN]: (724/1600): reward: 18.622326493263245, rates: 18.6223264863718, loss: 0.862984910607338, rho: 0.15, transmit_actions: 19, P: [0.875, 0.125, 0.0625, 0.0625, 0.0625, 0.0625, 0.125, 0.0625, 0.0625, 0.0625, 0.0625, 0.0625, 0.0625, 0.0625, 0.0625, 0.0625, 0.125, 0.0625, 0.0625, 0.0625]
[TRAIN]: (725/1600): reward: 15.016394302248955, rates: 20.016394043278076, loss: 1.10777947306633, rho: 0.15625, transmit_actions: 19, P: [0.875, 0.125, 0.0625, 0.125, 0.0625, 0.0625, 0.0625, 0.125, 0.125, 0.125, 0.125, 0.0625, 0.0625, 0.0625, 0.0625, 0.0625, 0.0625, 0.0625, 0.0625, 0.0625]
[TRAIN]: (726/1600): reward: 0.298921674489975, rates: 16.2989215363275, loss: 0.8860733717679977, rho: 0.19375, transmit_actions: 16, P: [0.875, 0.0625, 0.0625, 0.0625, 0.0625, 0.0625, 0.625, 0.0625, 0.0625, 0.0625, 0.125, 0.125, 0.0625, 0.0625, 0.1875, 0.0625, 0.0625, 0.0625, 0.0625, 0.0625]
[TRAIN]: (727/1600): reward: 13.905508479103446, rates: 19.905508429679834, loss: 1.0260665982961654, rho: 0.14375, transmit_actions: 19, P: [0.875, 0.0625, 0.125, 0.125, 0.0625, 0.125, 0.125, 0.125, 0.125, 0.0625, 0.125, 0.0625, 0.0625, 0.125, 0.0625, 0.0625, 0.0625, 0.0625, 0.0625, 0.0625]
[TRAIN]: (728/1600): reward: 16.154189825057983, rates: 18.154189734439225, loss: 0.863425675034523, rho: 0.15625, transmit_actions: 19, P: [0.875, 0.0625, 0.0625, 0.0625, 0.0625, 0.0625, 0.0625, 0.0625, 0.125, 0.0625, 0.0625, 0.0625, 0.0625, 0.0625, 0.0625, 0.0625, 0.0625, 0.0625, 0.0625, 0.0625]
[TRAIN]: (729/1600): reward: 19.37484446167946, rates: 19.374844567011483, loss: 0.9729710534214974, rho: 0.15, transmit_actions: 19, P: [0.875, 0.0625, 0.0625, 0.0625, 0.0625, 0.0625, 0.0625, 0.0625, 0.0625, 0.0625, 0.0625, 0.0625, 0.0625, 0.0625, 0.0625, 0.0625, 0.0625, 0.0625, 0.0625, 0.0625]
[TRAIN]: (730/1600): reward: 21.294660598039627, rates: 21.2946606466899, loss: 1.0347239822149277, rho: 0.16875, transmit_actions: 19, P: [0.875, 0.0625, 0.0625, 0.0625, 0.0625, 0.0625, 0.0625, 0.0625, 0.125, 0.0625, 0.0625, 0.0625, 0.0625, 0.0625, 0.0625, 0.0625, 0.0625, 0.0625, 0.0625, 0.0625]
[TRAIN]: (731/1600): reward: 20.20850881934166, rates: 20.208508772882414, loss: 0.952236819267273, rho: 0.1625, transmit_actions: 19, P: [0.875, 0.0625, 0.0625, 0.0625, 0.0625, 0.0625, 0.0625, 0.0625, 0.0625, 0.125, 0.0625, 0.0625, 0.0625, 0.0625, 0.0625, 0.0625, 0.0625, 0.0625, 0.0625, 0.0625]
[TRAIN]: (732/1600): reward: 19.460599452257156, rates: 19.460599467159746, loss: 0.9304039806127549, rho: 0.175, transmit_actions: 19, P: [0.875, 0.0625, 0.0625, 0.0625, 0.0625, 0.0625, 0.0625, 0.0625, 0.0625, 0.0625, 0.125, 0.0625, 0.0625, 0.0625, 0.0625, 0.0625, 0.0625, 0.0625, 0.125, 0.0625]
[TRAIN]: (733/1600): reward: 21.70080915093422, rates: 21.700809119630666, loss: 0.9189185917377471, rho: 0.15, transmit_actions: 19, P: [0.875, 0.0625, 0.0625, 0.0625, 0.0625, 0.0625, 0.0625, 0.0625, 0.0625, 0.0625, 0.0625, 0.0625, 0.0625, 0.0625, 0.0625, 0.0625, 0.0625, 0.0625, 0.0625, 0.0625]
[TRAIN]: (734/1600): reward: 19.95458459854126, rates: 19.95458458182533, loss: 0.9758369028568268, rho: 0.15625, transmit_actions: 19, P: [0.875, 0.125, 0.0625, 0.0625, 0.0625, 0.0625, 0.0625, 0.0625, 0.0625, 0.0625, 0.0625, 0.125, 0.0625, 0.0625, 0.0625, 0.0625, 0.0625, 0.0625, 0.0625, 0.0625]
[TRAIN]: (735/1600): reward: 17.743956178426743, rates: 20.743956326053905, loss: 0.9104048311710358, rho: 0.15, transmit_actions: 19, P: [0.875, 0.125, 0.125, 0.0625, 0.0625, 0.125, 0.0625, 0.125, 0.0625, 0.0625, 0.125, 0.0625, 0.0625, 0.0625, 0.0625, 0.125, 0.0625, 0.0625, 0.0625, 0.0625]
[TRAIN]: (736/1600): reward: 15.533353298902512, rates: 20.53335339070396, loss: 0.8809039890766144, rho: 0.175, transmit_actions: 18, P: [0.875, 0.1875, 0.0625, 0.0625, 0.0625, 0.125, 0.125, 0.0625, 0.125, 0.0625, 0.125, 0.0625, 0.0625, 0.0625, 0.0625, 0.0625, 0.0625, 0.0625, 0.0625, 0.0625]
[TRAIN]: (737/1600): reward: 6.871729254722595, rates: 16.871729380345407, loss: 0.9621443212032318, rho: 0.19375, transmit_actions: 18, P: [0.875, 0.0625, 0.0625, 0.0625, 0.0625, 0.125, 0.5625, 0.0625, 1.0, 0.0625, 0.0625, 0.0625, 0.0625, 0.0625, 0.0625, 0.0625, 0.0625, 0.0625, 0.0625, 0.0625]
[TRAIN]: (738/1600): reward: 17.684113651514053, rates: 18.684113698795876, loss: 0.8509342342615127, rho: 0.175, transmit_actions: 19, P: [0.875, 0.125, 0.0625, 0.0625, 0.0625, 0.125, 0.125, 0.0625, 0.125, 0.0625, 0.0625, 0.0625, 0.0625, 0.0625, 0.0625, 0.0625, 0.0625, 0.0625, 0.0625, 0.0625]
[TRAIN]: (739/1600): reward: 19.04868909716606, rates: 20.048689215266567, loss: 1.0569514214992524, rho: 0.1875, transmit_actions: 19, P: [0.875, 0.125, 0.125, 0.0625, 0.125, 0.0625, 0.0625, 0.125, 0.0625, 0.0625, 0.0625, 0.0625, 0.0625, 0.0625, 0.0625, 0.0625, 0.0625, 0.0625, 0.0625, 0.0625]
[TRAIN]: (740/1600): reward: 16.37639617919922, rates: 21.376395963295348, loss: 0.9662687361240387, rho: 0.1875, transmit_actions: 18, P: [0.875, 0.0625, 0.0625, 0.0625, 0.125, 0.0625, 0.125, 0.125, 0.0625, 0.0625, 0.0625, 0.0625, 0.0625, 0.0625, 0.0625, 0.0625, 0.0625, 0.3125, 0.0625, 0.0625]
[TRAIN]: (741/1600): reward: 20.607012256979942, rates: 20.607012180747688, loss: 0.9352301985025406, rho: 0.18125, transmit_actions: 19, P: [0.875, 0.0625, 0.0625, 0.0625, 0.0625, 0.0625, 0.0625, 0.125, 0.0625, 0.125, 0.0625, 0.0625, 0.0625, 0.0625, 0.0625, 0.0625, 0.0625, 0.0625, 0.0625, 0.0625]
[TRAIN]: (742/1600): reward: 19.787809550762177, rates: 21.78780942380917, loss: 0.9506211698055267, rho: 0.15625, transmit_actions: 19, P: [0.875, 0.125, 0.125, 0.0625, 0.125, 0.0625, 0.0625, 0.125, 0.125, 0.0625, 0.125, 0.0625, 0.0625, 0.0625, 0.0625, 0.0625, 0.125, 0.125, 0.0625, 0.0625]
[TRAIN]: (743/1600): reward: 19.008419036865234, rates: 19.008419057461257, loss: 1.0130112200975419, rho: 0.15625, transmit_actions: 19, P: [0.875, 0.0625, 0.0625, 0.0625, 0.0625, 0.0625, 0.0625, 0.0625, 0.0625, 0.0625, 0.0625, 0.0625, 0.0625, 0.0625, 0.0625, 0.0625, 0.0625, 0.0625, 0.0625, 0.0625]
[TRAIN]: (744/1600): reward: 18.506232023239136, rates: 18.506231976353284, loss: 0.81914022564888, rho: 0.175, transmit_actions: 18, P: [0.875, 0.0625, 0.0625, 0.0625, 0.0625, 0.0625, 0.0625, 0.875, 0.0625, 0.0625, 0.0625, 0.0625, 0.0625, 0.0625, 0.0625, 0.0625, 0.0625, 0.0625, 0.125, 0.0625]
[TRAIN]: (745/1600): reward: 19.044544994831085, rates: 20.044544734028097, loss: 1.0034683495759964, rho: 0.1625, transmit_actions: 18, P: [0.875, 0.125, 0.0625, 0.0625, 0.0625, 0.0625, 0.0625, 0.125, 0.0625, 0.0625, 0.0625, 0.0625, 0.0625, 0.0625, 0.0625, 0.9375, 0.0625, 0.0625, 0.0625, 0.0625]
[TRAIN]: (746/1600): reward: 16.570845067501068, rates: 19.57084521301026, loss: 0.9766219913959503, rho: 0.16875, transmit_actions: 18, P: [0.875, 0.0625, 0.3125, 0.0625, 0.125, 0.0625, 0.0625, 0.0625, 0.0625, 0.0625, 0.0625, 0.0625, 0.0625, 0.0625, 0.0625, 0.625, 0.0625, 0.0625, 0.0625, 0.0625]
[TRAIN]: (747/1600): reward: 18.60567758232355, rates: 19.605677642380314, loss: 0.9407002538442611, rho: 0.1625, transmit_actions: 19, P: [0.875, 0.125, 0.125, 0.0625, 0.0625, 0.0625, 0.0625, 0.0625, 0.0625, 0.0625, 0.0625, 0.0625, 0.0625, 0.0625, 0.0625, 0.0625, 0.0625, 0.125, 0.0625, 0.0625]
[TRAIN]: (748/1600): reward: 20.114430844783783, rates: 20.114430677664195, loss: 1.0069975227117538, rho: 0.1375, transmit_actions: 19, P: [0.875, 0.0625, 0.125, 0.0625, 0.0625, 0.0625, 0.0625, 0.0625, 0.0625, 0.0625, 0.0625, 0.0625, 0.0625, 0.0625, 0.0625, 0.0625, 0.0625, 0.0625, 0.0625, 0.0625]
[TRAIN]: (749/1600): reward: 19.855319038033485, rates: 20.855318790818426, loss: 0.8730467021465301, rho: 0.14375, transmit_actions: 19, P: [0.875, 0.125, 0.0625, 0.0625, 0.0625, 0.0625, 0.125, 0.0625, 0.0625, 0.0625, 0.0625, 0.0625, 0.0625, 0.0625, 0.0625, 0.0625, 0.0625, 0.0625, 0.0625, 0.0625]
[TRAIN]: (750/1600): reward: 14.058543771505356, rates: 19.05854384888679, loss: 0.9350663781166076, rho: 0.19375, transmit_actions: 18, P: [0.0, 0.125, 0.0625, 0.0625, 0.125, 0.0625, 0.0625, 0.0625, 0.0625, 0.0625, 0.0625, 0.0625, 0.0625, 0.9375, 0.0625, 0.0625, 0.0625, 0.0625, 0.0625, 0.0625]
[TRAIN]: (751/1600): reward: 23.66947615146637, rates: 23.66947591871678, loss: 0.9340977758169174, rho: 0.1375, transmit_actions: 19, P: [0.875, 0.0625, 0.0625, 0.0625, 0.0625, 0.0625, 0.125, 0.125, 0.125, 0.0625, 0.0625, 0.0625, 0.0625, 0.0625, 0.0625, 0.0625, 0.0625, 0.0625, 0.0625, 0.0625]
[TRAIN]: (752/1600): reward: 18.844857797026634, rates: 19.84485773108045, loss: 0.9425840899348259, rho: 0.15625, transmit_actions: 19, P: [0.875, 0.0625, 0.0625, 0.0625, 0.125, 0.0625, 0.0625, 0.0625, 0.0625, 0.0625, 0.0625, 0.0625, 0.0625, 0.0625, 0.0625, 0.0625, 0.0625, 0.0625, 0.0625, 0.0625]
[TRAIN]: (753/1600): reward: 18.472397089004517, rates: 19.472397172146167, loss: 0.8038919344544411, rho: 0.15, transmit_actions: 19, P: [0.875, 0.125, 0.0625, 0.0625, 0.0625, 0.125, 0.0625, 0.0625, 0.125, 0.0625, 0.0625, 0.0625, 0.0625, 0.0625, 0.0625, 0.0625, 0.0625, 0.0625, 0.0625, 0.0625]
[TRAIN]: (754/1600): reward: 21.22400775551796, rates: 21.22400768085991, loss: 0.9583894491195679, rho: 0.14375, transmit_actions: 19, P: [0.875, 0.0625, 0.0625, 0.0625, 0.0625, 0.0625, 0.0625, 0.0625, 0.0625, 0.0625, 0.0625, 0.0625, 0.0625, 0.0625, 0.0625, 0.0625, 0.0625, 0.0625, 0.0625, 0.0625]
[TRAIN]: (755/1600): reward: 20.07223555445671, rates: 21.072235465710285, loss: 1.1016771972179413, rho: 0.18125, transmit_actions: 19, P: [0.125, 0.0625, 0.125, 0.125, 0.0625, 0.0625, 0.125, 0.0625, 0.0625, 0.0625, 0.0625, 0.0625, 0.0625, 0.0625, 0.0625, 0.0625, 0.0625, 0.0625, 0.0625, 0.0625]
[TRAIN]: (756/1600): reward: 19.906233996152878, rates: 19.906233950860443, loss: 0.9652285501360893, rho: 0.15625, transmit_actions: 18, P: [0.875, 0.0625, 0.0625, 0.0625, 0.125, 0.0625, 0.0625, 0.0625, 0.875, 0.0625, 0.0625, 0.0625, 0.0625, 0.0625, 0.0625, 0.0625, 0.0625, 0.0625, 0.125, 0.0625]
[TRAIN]: (757/1600): reward: 20.4578757584095, rates: 21.457875554328336, loss: 0.9443755328655243, rho: 0.15625, transmit_actions: 19, P: [0.875, 0.125, 0.0625, 0.0625, 0.0625, 0.0625, 0.0625, 0.125, 0.0625, 0.125, 0.0625, 0.0625, 0.0625, 0.0625, 0.0625, 0.0625, 0.0625, 0.0625, 0.0625, 0.0625]
[TRAIN]: (758/1600): reward: 20.81436151266098, rates: 20.814361532173077, loss: 0.9575850680470467, rho: 0.14375, transmit_actions: 19, P: [0.875, 0.0625, 0.0625, 0.125, 0.0625, 0.0625, 0.0625, 0.0625, 0.125, 0.0625, 0.0625, 0.0625, 0.0625, 0.0625, 0.0625, 0.0625, 0.0625, 0.0625, 0.0625, 0.0625]
[TRAIN]: (759/1600): reward: 18.824440836906433, rates: 18.824440716212067, loss: 0.9886691749095917, rho: 0.15, transmit_actions: 19, P: [0.875, 0.0625, 0.0625, 0.0625, 0.0625, 0.0625, 0.0625, 0.125, 0.0625, 0.0625, 0.125, 0.0625, 0.0625, 0.0625, 0.0625, 0.0625, 0.0625, 0.0625, 0.0625, 0.0625]
[TRAIN]: (760/1600): reward: 13.676585465669632, rates: 18.676585623007767, loss: 1.088230051100254, rho: 0.1625, transmit_actions: 18, P: [0.875, 0.0625, 0.0625, 0.0625, 0.0625, 0.0625, 0.0625, 0.0625, 0.0625, 0.0625, 0.0625, 0.0625, 0.0625, 0.0625, 0.4375, 0.0625, 0.0625, 0.0625, 0.0625, 0.0625]
[TRAIN]: (761/1600): reward: 22.82005950808525, rates: 22.820059641006022, loss: 0.9491953194141388, rho: 0.175, transmit_actions: 19, P: [0.875, 0.125, 0.0625, 0.0625, 0.0625, 0.125, 0.0625, 0.0625, 0.0625, 0.0625, 0.0625, 0.0625, 0.0625, 0.0625, 0.0625, 0.0625, 0.0625, 0.0625, 0.0625, 0.0625]
[TRAIN]: (762/1600): reward: 14.943967938423157, rates: 18.943967657048397, loss: 0.9443208739161492, rho: 0.18125, transmit_actions: 19, P: [0.875, 0.0625, 0.0625, 0.0625, 0.0625, 0.0625, 0.0625, 0.0625, 0.0625, 0.0625, 0.0625, 0.5, 0.0625, 0.0625, 0.0625, 0.0625, 0.0625, 0.0625, 0.0625, 0.0625]
[TRAIN]: (763/1600): reward: 18.77920165657997, rates: 18.77920173989743, loss: 0.8914058059453964, rho: 0.15, transmit_actions: 19, P: [0.875, 0.0625, 0.0625, 0.0625, 0.0625, 0.0625, 0.0625, 0.0625, 0.0625, 0.0625, 0.0625, 0.0625, 0.0625, 0.0625, 0.0625, 0.0625, 0.0625, 0.0625, 0.0625, 0.0625]
[TRAIN]: (764/1600): reward: 20.157730847597122, rates: 20.15773072173978, loss: 0.8375600293278694, rho: 0.15625, transmit_actions: 19, P: [0.875, 0.0625, 0.0625, 0.0625, 0.0625, 0.0625, 0.0625, 0.0625, 0.0625, 0.0625, 0.0625, 0.0625, 0.0625, 0.0625, 0.0625, 0.0625, 0.0625, 0.0625, 0.0625, 0.0625]
[TRAIN]: (765/1600): reward: 20.715147733688354, rates: 20.715147827770036, loss: 0.9601787194609642, rho: 0.15625, transmit_actions: 19, P: [0.875, 0.0625, 0.0625, 0.0625, 0.0625, 0.125, 0.125, 0.125, 0.0625, 0.0625, 0.0625, 0.0625, 0.0625, 0.0625, 0.0625, 0.0625, 0.0625, 0.0625, 0.0625, 0.0625]
[TRAIN]: (766/1600): reward: 14.707042068243027, rates: 19.70704210297523, loss: 0.7584983110427856, rho: 0.19375, transmit_actions: 18, P: [0.875, 0.0625, 0.0625, 0.0625, 0.0625, 0.0625, 0.0625, 0.0625, 0.0625, 0.0625, 0.0625, 0.0625, 0.0625, 0.5, 0.0625, 0.0625, 0.0625, 0.0625, 0.0625, 0.0625]
[TRAIN]: (767/1600): reward: 21.661460638046265, rates: 21.661460446708507, loss: 0.9036115735769272, rho: 0.16875, transmit_actions: 19, P: [0.875, 0.0625, 0.0625, 0.0625, 0.0625, 0.0625, 0.0625, 0.0625, 0.0625, 0.0625, 0.0625, 0.0625, 0.0625, 0.0625, 0.0625, 0.0625, 0.0625, 0.0625, 0.0625, 0.0625]
[TRAIN]: (768/1600): reward: 17.787495404481888, rates: 18.787495470354408, loss: 0.9606519281864166, rho: 0.175, transmit_actions: 19, P: [0.875, 0.0625, 0.0625, 0.0625, 0.0625, 0.125, 0.125, 0.0625, 0.0625, 0.125, 0.0625, 0.125, 0.125, 0.0625, 0.0625, 0.0625, 0.125, 0.125, 0.0625, 0.125]
[TRAIN]: (769/1600): reward: 24.049734234809875, rates: 24.049734200773322, loss: 0.9103048071265221, rho: 0.16875, transmit_actions: 19, P: [0.875, 0.125, 0.125, 0.0625, 0.0625, 0.0625, 0.125, 0.125, 0.125, 0.0625, 0.0625, 0.0625, 0.0625, 0.0625, 0.0625, 0.0625, 0.0625, 0.0625, 0.0625, 0.0625]
[TRAIN]: (770/1600): reward: 20.040793031454086, rates: 20.040792999016155, loss: 0.9125414818525315, rho: 0.1625, transmit_actions: 18, P: [0.875, 0.0625, 0.0625, 0.125, 0.125, 0.0625, 0.0625, 0.125, 0.0625, 0.875, 0.0625, 0.0625, 0.0625, 0.0625, 0.0625, 0.0625, 0.0625, 0.0625, 0.0625, 0.0625]
[TRAIN]: (771/1600): reward: 19.497185677289963, rates: 19.497185562775034, loss: 0.8705094590783119, rho: 0.14375, transmit_actions: 19, P: [0.875, 0.0625, 0.0625, 0.0625, 0.0625, 0.0625, 0.125, 0.0625, 0.0625, 0.0625, 0.0625, 0.0625, 0.0625, 0.0625, 0.0625, 0.0625, 0.0625, 0.0625, 0.0625, 0.0625]
[TRAIN]: (772/1600): reward: 22.21385481953621, rates: 22.213854978717656, loss: 0.7981764256954194, rho: 0.1875, transmit_actions: 19, P: [0.875, 0.0625, 0.0625, 0.125, 0.125, 0.0625, 0.0625, 0.0625, 0.0625, 0.125, 0.0625, 0.0625, 0.0625, 0.0625, 0.0625, 0.0625, 0.0625, 0.0625, 0.0625, 0.0625]
[TRAIN]: (773/1600): reward: 21.624450236558914, rates: 21.624450061301665, loss: 0.9577622473239898, rho: 0.1625, transmit_actions: 19, P: [0.875, 0.0625, 0.0625, 0.0625, 0.0625, 0.125, 0.0625, 0.0625, 0.125, 0.125, 0.0625, 0.0625, 0.0625, 0.125, 0.0625, 0.0625, 0.0625, 0.0625, 0.0625, 0.0625]
[TRAIN]: (774/1600): reward: 19.169038265943527, rates: 19.169038301396103, loss: 0.7420711696147919, rho: 0.14375, transmit_actions: 19, P: [0.875, 0.0625, 0.0625, 0.0625, 0.0625, 0.0625, 0.0625, 0.0625, 0.125, 0.125, 0.0625, 0.0625, 0.0625, 0.0625, 0.0625, 0.0625, 0.0625, 0.0625, 0.0625, 0.0625]
[TRAIN]: (775/1600): reward: 22.12342232465744, rates: 22.12342260102881, loss: 0.9068340003490448, rho: 0.1375, transmit_actions: 19, P: [0.875, 0.0625, 0.125, 0.0625, 0.0625, 0.0625, 0.0625, 0.0625, 0.0625, 0.0625, 0.0625, 0.0625, 0.0625, 0.0625, 0.0625, 0.0625, 0.0625, 0.0625, 0.125, 0.0625]
[TRAIN]: (776/1600): reward: 18.10657411813736, rates: 18.106574027369287, loss: 0.9718335032463074, rho: 0.15, transmit_actions: 19, P: [0.875, 0.125, 0.0625, 0.0625, 0.0625, 0.0625, 0.0625, 0.0625, 0.125, 0.0625, 0.0625, 0.0625, 0.0625, 0.0625, 0.0625, 0.0625, 0.0625, 0.0625, 0.0625, 0.0625]
[TRAIN]: (777/1600): reward: 18.447742640972137, rates: 18.44774269707714, loss: 0.8381541669368744, rho: 0.175, transmit_actions: 19, P: [0.875, 0.0625, 0.0625, 0.0625, 0.0625, 0.0625, 0.0625, 0.0625, 0.125, 0.0625, 0.0625, 0.0625, 0.0625, 0.0625, 0.0625, 0.0625, 0.0625, 0.0625, 0.0625, 0.0625]
[TRAIN]: (778/1600): reward: 18.22588813304901, rates: 19.225888233895073, loss: 0.9313703775405884, rho: 0.15625, transmit_actions: 19, P: [0.875, 0.0625, 0.0625, 0.0625, 0.0625, 0.125, 0.0625, 0.125, 0.0625, 0.0625, 0.0625, 0.0625, 0.0625, 0.0625, 0.0625, 0.0625, 0.0625, 0.0625, 0.0625, 0.0625]
[TRAIN]: (779/1600): reward: 22.24957036972046, rates: 22.249570433202575, loss: 0.8089761197566986, rho: 0.15625, transmit_actions: 19, P: [0.875, 0.0625, 0.125, 0.125, 0.125, 0.0625, 0.0625, 0.0625, 0.0625, 0.125, 0.0625, 0.0625, 0.0625, 0.0625, 0.0625, 0.0625, 0.0625, 0.0625, 0.125, 0.0625]
[TRAIN]: (780/1600): reward: 18.61225923895836, rates: 19.612259200626745, loss: 0.9094542026519775, rho: 0.175, transmit_actions: 18, P: [0.875, 0.125, 0.0625, 0.0625, 0.0625, 0.0625, 0.125, 0.0625, 0.875, 0.0625, 0.0625, 0.0625, 0.0625, 0.0625, 0.0625, 0.0625, 0.0625, 0.0625, 0.0625, 0.0625]
[TRAIN]: (781/1600): reward: 20.703160762786865, rates: 20.70316085654382, loss: 0.962310153245926, rho: 0.15625, transmit_actions: 19, P: [0.875, 0.0625, 0.0625, 0.0625, 0.0625, 0.0625, 0.0625, 0.0625, 0.0625, 0.0625, 0.0625, 0.0625, 0.0625, 0.0625, 0.0625, 0.0625, 0.0625, 0.0625, 0.0625, 0.0625]
[TRAIN]: (782/1600): reward: 19.53977334499359, rates: 19.53977356798527, loss: 0.856357964873314, rho: 0.1375, transmit_actions: 19, P: [0.875, 0.0625, 0.0625, 0.0625, 0.0625, 0.0625, 0.0625, 0.0625, 0.0625, 0.0625, 0.0625, 0.0625, 0.0625, 0.0625, 0.0625, 0.0625, 0.0625, 0.0625, 0.0625, 0.0625]
[TRAIN]: (783/1600): reward: 18.25668340921402, rates: 19.256683577808566, loss: 0.926882141828537, rho: 0.14375, transmit_actions: 19, P: [0.875, 0.125, 0.0625, 0.0625, 0.0625, 0.0625, 0.0625, 0.0625, 0.125, 0.0625, 0.0625, 0.0625, 0.0625, 0.0625, 0.0625, 0.0625, 0.0625, 0.0625, 0.0625, 0.0625]
[TRAIN]: (784/1600): reward: 20.05300584435463, rates: 20.053005951219106, loss: 0.8633860990405082, rho: 0.15, transmit_actions: 19, P: [0.875, 0.125, 0.0625, 0.0625, 0.0625, 0.0625, 0.0625, 0.0625, 0.0625, 0.0625, 0.0625, 0.0625, 0.0625, 0.0625, 0.0625, 0.0625, 0.0625, 0.0625, 0.0625, 0.0625]
[TRAIN]: (785/1600): reward: 18.58345717191696, rates: 18.583457328296557, loss: 0.8795154362916946, rho: 0.175, transmit_actions: 19, P: [0.875, 0.0625, 0.0625, 0.0625, 0.125, 0.0625, 0.0625, 0.0625, 0.0625, 0.0625, 0.0625, 0.0625, 0.0625, 0.0625, 0.0625, 0.0625, 0.0625, 0.0625, 0.0625, 0.0625]
[TRAIN]: (786/1600): reward: 19.319450795650482, rates: 19.31945077802905, loss: 0.868225260078907, rho: 0.15625, transmit_actions: 19, P: [0.875, 0.0625, 0.125, 0.125, 0.0625, 0.0625, 0.0625, 0.0625, 0.0625, 0.125, 0.0625, 0.0625, 0.0625, 0.0625, 0.0625, 0.0625, 0.0625, 0.0625, 0.0625, 0.0625]
[TRAIN]: (787/1600): reward: 18.26458704471588, rates: 18.26458702038682, loss: 0.8499559983611107, rho: 0.1625, transmit_actions: 19, P: [0.875, 0.0625, 0.0625, 0.0625, 0.0625, 0.0625, 0.0625, 0.0625, 0.0625, 0.125, 0.0625, 0.0625, 0.0625, 0.0625, 0.0625, 0.0625, 0.0625, 0.0625, 0.0625, 0.0625]
[TRAIN]: (788/1600): reward: 19.540689885616302, rates: 19.54068997269981, loss: 0.8359421476721763, rho: 0.19375, transmit_actions: 19, P: [0.875, 0.0625, 0.125, 0.0625, 0.0625, 0.125, 0.125, 0.0625, 0.125, 0.125, 0.0625, 0.0625, 0.0625, 0.0625, 0.0625, 0.0625, 0.0625, 0.0625, 0.0625, 0.0625]
[TRAIN]: (789/1600): reward: 22.28714571148157, rates: 23.28714584878292, loss: 0.9319840341806411, rho: 0.15, transmit_actions: 19, P: [0.4375, 0.125, 0.125, 0.0625, 0.125, 0.0625, 0.0625, 0.0625, 0.125, 0.0625, 0.0625, 0.0625, 0.0625, 0.0625, 0.0625, 0.0625, 0.0625, 0.0625, 0.0625, 0.0625]
[TRAIN]: (790/1600): reward: 17.642131835222244, rates: 17.642131977368358, loss: 0.935990358889103, rho: 0.175, transmit_actions: 18, P: [0.875, 0.125, 0.0625, 0.0625, 0.0625, 0.0625, 0.875, 0.0625, 0.0625, 0.0625, 0.0625, 0.0625, 0.0625, 0.0625, 0.0625, 0.0625, 0.0625, 0.0625, 0.0625, 0.0625]
[TRAIN]: (791/1600): reward: 20.159853786230087, rates: 20.159853757126754, loss: 0.8197250813245773, rho: 0.15, transmit_actions: 19, P: [0.875, 0.125, 0.0625, 0.0625, 0.0625, 0.0625, 0.0625, 0.0625, 0.0625, 0.0625, 0.0625, 0.0625, 0.0625, 0.0625, 0.0625, 0.0625, 0.0625, 0.0625, 0.0625, 0.0625]
[TRAIN]: (792/1600): reward: 14.728509575128555, rates: 19.728509685143475, loss: 0.9294160157442093, rho: 0.16875, transmit_actions: 19, P: [0.875, 0.0625, 0.0625, 0.0625, 0.0625, 0.0625, 0.0625, 0.0625, 0.0625, 0.625, 0.0625, 0.0625, 0.0625, 0.0625, 0.0625, 0.0625, 0.0625, 0.0625, 0.0625, 0.0625]
[TRAIN]: (793/1600): reward: 21.144606083631516, rates: 21.144606248298327, loss: 0.7950123235583305, rho: 0.1375, transmit_actions: 19, P: [0.875, 0.0625, 0.0625, 0.0625, 0.0625, 0.0625, 0.0625, 0.0625, 0.0625, 0.0625, 0.0625, 0.0625, 0.0625, 0.0625, 0.0625, 0.0625, 0.0625, 0.0625, 0.0625, 0.0625]
[TRAIN]: (794/1600): reward: 20.75586187839508, rates: 20.755862045185776, loss: 0.8716100960969925, rho: 0.15625, transmit_actions: 19, P: [0.875, 0.0625, 0.0625, 0.125, 0.0625, 0.0625, 0.0625, 0.0625, 0.0625, 0.0625, 0.0625, 0.0625, 0.0625, 0.0625, 0.0625, 0.0625, 0.0625, 0.0625, 0.0625, 0.0625]
[TRAIN]: (795/1600): reward: 20.28025233745575, rates: 20.28025246626532, loss: 0.9000139623880387, rho: 0.16875, transmit_actions: 19, P: [0.875, 0.0625, 0.0625, 0.0625, 0.0625, 0.0625, 0.0625, 0.125, 0.0625, 0.0625, 0.0625, 0.0625, 0.0625, 0.0625, 0.0625, 0.0625, 0.0625, 0.0625, 0.0625, 0.0625]
[TRAIN]: (796/1600): reward: 7.724836558103561, rates: 18.72483649253852, loss: 0.8074977740645408, rho: 0.14375, transmit_actions: 19, P: [0.875, 0.0625, 0.0625, 0.125, 0.0625, 0.0625, 0.0625, 0.0625, 0.0625, 0.0625, 0.0625, 0.0625, 0.0625, 0.0625, 0.0625, 0.0625, 0.9375, 0.0625, 0.0625, 0.0625]
[TRAIN]: (797/1600): reward: 21.43790966272354, rates: 21.43790955418171, loss: 0.8068855404853821, rho: 0.1625, transmit_actions: 19, P: [0.875, 0.0625, 0.0625, 0.0625, 0.0625, 0.0625, 0.0625, 0.0625, 0.0625, 0.0625, 0.0625, 0.0625, 0.0625, 0.0625, 0.0625, 0.0625, 0.0625, 0.0625, 0.0625, 0.0625]
[TRAIN]: (798/1600): reward: 18.516253739595413, rates: 18.516253703626205, loss: 0.9193751305341721, rho: 0.20625, transmit_actions: 18, P: [0.875, 0.0625, 0.0625, 0.0625, 0.0625, 0.0625, 0.0625, 0.0625, 0.0625, 0.125, 0.0625, 0.0625, 0.0625, 0.0625, 0.0625, 0.0625, 0.0625, 0.9375, 0.0625, 0.0625]
[TRAIN]: (799/1600): reward: 18.903648108243942, rates: 18.903648097527626, loss: 0.8955422729253769, rho: 0.14375, transmit_actions: 19, P: [0.875, 0.0625, 0.0625, 0.0625, 0.0625, 0.0625, 0.0625, 0.125, 0.0625, 0.0625, 0.0625, 0.0625, 0.0625, 0.0625, 0.0625, 0.0625, 0.0625, 0.0625, 0.0625, 0.0625]
[TRAIN]: (800/1600): reward: 19.58173307776451, rates: 21.581733030080095, loss: 0.8605353116989136, rho: 0.14375, transmit_actions: 19, P: [0.875, 0.0625, 0.0625, 0.0625, 0.0625, 0.1875, 0.0625, 0.0625, 0.125, 0.125, 0.0625, 0.0625, 0.0625, 0.0625, 0.0625, 0.0625, 0.0625, 0.0625, 0.0625, 0.0625]
[TRAIN]: (801/1600): reward: 9.13201767206192, rates: 17.13201767133799, loss: 0.7455469191074371, rho: 0.18125, transmit_actions: 19, P: [0.875, 0.0625, 0.0625, 0.0625, 0.0625, 0.125, 0.0625, 0.125, 0.0625, 0.0625, 0.125, 0.75, 0.0625, 0.0625, 0.0625, 0.0625, 0.0625, 0.75, 0.0625, 0.0625]
[TRAIN]: (802/1600): reward: 21.604822039604187, rates: 22.604822164081988, loss: 0.7906185761094093, rho: 0.1625, transmit_actions: 18, P: [0.875, 0.125, 0.0625, 0.875, 0.125, 0.0625, 0.0625, 0.0625, 0.125, 0.0625, 0.0625, 0.0625, 0.0625, 0.0625, 0.0625, 0.0625, 0.0625, 0.0625, 0.0625, 0.0625]
[TRAIN]: (803/1600): reward: 19.09493723511696, rates: 20.094937345429944, loss: 0.8545574933290482, rho: 0.1625, transmit_actions: 18, P: [0.875, 0.875, 0.0625, 0.125, 0.125, 0.0625, 0.0625, 0.0625, 0.0625, 0.0625, 0.0625, 0.0625, 0.0625, 0.0625, 0.0625, 0.0625, 0.0625, 0.0625, 0.0625, 0.0625]
[TRAIN]: (804/1600): reward: 18.822414070367813, rates: 18.82241410848121, loss: 0.8165263593196869, rho: 0.18125, transmit_actions: 19, P: [0.875, 0.0625, 0.0625, 0.0625, 0.0625, 0.0625, 0.0625, 0.0625, 0.0625, 0.0625, 0.125, 0.0625, 0.0625, 0.0625, 0.0625, 0.0625, 0.0625, 0.0625, 0.0625, 0.0625]
[TRAIN]: (805/1600): reward: 18.79292568564415, rates: 18.792925559567564, loss: 0.7862781822681427, rho: 0.175, transmit_actions: 19, P: [0.875, 0.125, 0.0625, 0.0625, 0.0625, 0.0625, 0.125, 0.0625, 0.125, 0.0625, 0.0625, 0.0625, 0.0625, 0.0625, 0.0625, 0.0625, 0.0625, 0.0625, 0.0625, 0.0625]
[TRAIN]: (806/1600): reward: 15.068342804908752, rates: 20.06834290183818, loss: 0.8540581300854683, rho: 0.16875, transmit_actions: 18, P: [0.875, 0.75, 0.0625, 0.0625, 0.0625, 0.125, 0.0625, 0.0625, 0.0625, 0.0625, 0.0625, 0.0625, 0.0625, 0.0625, 0.0625, 0.0625, 0.0625, 0.0625, 0.0625, 0.0625]
[TRAIN]: (807/1600): reward: 19.386307895183563, rates: 19.386307766950527, loss: 0.8787473872303962, rho: 0.16875, transmit_actions: 19, P: [0.875, 0.125, 0.0625, 0.125, 0.0625, 0.0625, 0.125, 0.0625, 0.0625, 0.0625, 0.0625, 0.0625, 0.0625, 0.0625, 0.0625, 0.0625, 0.0625, 0.125, 0.0625, 0.0625]
[TRAIN]: (808/1600): reward: 22.243632413446903, rates: 23.243632414026262, loss: 0.9323614135384559, rho: 0.15, transmit_actions: 18, P: [0.875, 0.0625, 0.125, 0.125, 0.125, 0.125, 0.125, 0.875, 0.125, 0.125, 0.125, 0.0625, 0.0625, 0.0625, 0.0625, 0.0625, 0.0625, 0.0625, 0.0625, 0.0625]
[TRAIN]: (809/1600): reward: 22.495541363954544, rates: 22.495541224791303, loss: 0.8925573155283928, rho: 0.14375, transmit_actions: 19, P: [0.875, 0.0625, 0.0625, 0.0625, 0.0625, 0.125, 0.0625, 0.0625, 0.0625, 0.0625, 0.125, 0.0625, 0.0625, 0.0625, 0.0625, 0.0625, 0.0625, 0.0625, 0.0625, 0.0625]
[TRAIN]: (810/1600): reward: 20.08873862028122, rates: 21.088738462785408, loss: 0.8476414069533348, rho: 0.15625, transmit_actions: 19, P: [0.875, 0.0625, 0.0625, 0.0625, 0.125, 0.0625, 0.0625, 0.0625, 0.0625, 0.0625, 0.0625, 0.0625, 0.0625, 0.0625, 0.0625, 0.0625, 0.0625, 0.0625, 0.0625, 0.0625]
[TRAIN]: (811/1600): reward: 18.063789159059525, rates: 18.063789220435098, loss: 0.972957369685173, rho: 0.16875, transmit_actions: 19, P: [0.875, 0.0625, 0.125, 0.0625, 0.0625, 0.0625, 0.0625, 0.0625, 0.125, 0.0625, 0.0625, 0.0625, 0.0625, 0.0625, 0.0625, 0.0625, 0.0625, 0.0625, 0.0625, 0.0625]
[TRAIN]: (812/1600): reward: 16.709756933152676, rates: 17.709756959837673, loss: 0.9259516879916191, rho: 0.19375, transmit_actions: 18, P: [0.875, 0.0625, 0.0625, 0.0625, 0.0625, 0.0625, 0.0625, 0.0625, 0.0625, 0.0625, 0.0625, 0.0625, 0.0625, 0.0625, 0.0625, 0.0625, 0.0625, 0.9375, 0.0625, 0.0625]
[TRAIN]: (813/1600): reward: 18.380065768957138, rates: 18.380065619658737, loss: 0.888198047876358, rho: 0.1625, transmit_actions: 18, P: [0.875, 0.0625, 0.0625, 0.125, 0.0625, 0.0625, 0.0625, 0.0625, 0.0625, 0.0625, 0.875, 0.0625, 0.0625, 0.0625, 0.0625, 0.0625, 0.0625, 0.125, 0.0625, 0.0625]
[TRAIN]: (814/1600): reward: 21.550953924655914, rates: 21.550953788743147, loss: 0.8043060660362243, rho: 0.14375, transmit_actions: 19, P: [0.875, 0.0625, 0.0625, 0.0625, 0.0625, 0.0625, 0.0625, 0.0625, 0.0625, 0.125, 0.0625, 0.0625, 0.0625, 0.0625, 0.0625, 0.0625, 0.0625, 0.0625, 0.0625, 0.0625]
[TRAIN]: (815/1600): reward: 16.092653214931488, rates: 20.092653200503037, loss: 0.8258665442466736, rho: 0.18125, transmit_actions: 19, P: [0.875, 0.125, 0.0625, 0.0625, 0.0625, 0.0625, 0.125, 0.0625, 0.0625, 0.0625, 0.0625, 0.0625, 0.0625, 0.0625, 0.0625, 0.0625, 0.0625, 0.0625, 0.0625, 0.0625]
[TRAIN]: (816/1600): reward: 19.034218281507492, rates: 19.034218055851508, loss: 0.8783122733235359, rho: 0.1375, transmit_actions: 19, P: [0.875, 0.0625, 0.0625, 0.0625, 0.0625, 0.0625, 0.0625, 0.0625, 0.0625, 0.0625, 0.0625, 0.0625, 0.0625, 0.0625, 0.0625, 0.0625, 0.0625, 0.0625, 0.0625, 0.0625]
[TRAIN]: (817/1600): reward: 18.127509713172913, rates: 19.127509789575992, loss: 0.7851108595728874, rho: 0.15, transmit_actions: 19, P: [0.875, 0.125, 0.0625, 0.0625, 0.0625, 0.0625, 0.0625, 0.0625, 0.125, 0.0625, 0.125, 0.0625, 0.0625, 0.0625, 0.0625, 0.0625, 0.0625, 0.0625, 0.0625, 0.0625]
[TRAIN]: (818/1600): reward: 18.820946037769318, rates: 18.820946162853566, loss: 0.8008943676948548, rho: 0.14375, transmit_actions: 19, P: [0.875, 0.0625, 0.0625, 0.0625, 0.125, 0.0625, 0.0625, 0.0625, 0.0625, 0.0625, 0.125, 0.0625, 0.0625, 0.0625, 0.0625, 0.0625, 0.0625, 0.0625, 0.0625, 0.0625]
[TRAIN]: (819/1600): reward: 22.28124451637268, rates: 22.281244508470596, loss: 0.779847951233387, rho: 0.14375, transmit_actions: 19, P: [0.875, 0.0625, 0.0625, 0.0625, 0.0625, 0.0625, 0.125, 0.0625, 0.0625, 0.0625, 0.0625, 0.0625, 0.0625, 0.0625, 0.0625, 0.0625, 0.0625, 0.0625, 0.0625, 0.0625]
[TRAIN]: (820/1600): reward: 12.970585137605667, rates: 17.970585091735533, loss: 0.827378761768341, rho: 0.1625, transmit_actions: 19, P: [0.875, 0.125, 0.0625, 0.0625, 0.125, 0.0625, 0.125, 0.0625, 0.0625, 0.0625, 0.0625, 0.0625, 0.0625, 0.4375, 0.0625, 0.0625, 0.0625, 0.0625, 0.0625, 0.0625]
[TRAIN]: (821/1600): reward: 18.859114825725555, rates: 18.859114545892997, loss: 0.808034548163414, rho: 0.1375, transmit_actions: 19, P: [0.875, 0.0625, 0.0625, 0.0625, 0.0625, 0.0625, 0.0625, 0.0625, 0.125, 0.0625, 0.125, 0.0625, 0.0625, 0.0625, 0.0625, 0.0625, 0.0625, 0.0625, 0.0625, 0.0625]
[TRAIN]: (822/1600): reward: 20.89036250114441, rates: 20.89036248788585, loss: 0.839393050968647, rho: 0.1375, transmit_actions: 19, P: [0.875, 0.0625, 0.0625, 0.125, 0.125, 0.0625, 0.0625, 0.0625, 0.0625, 0.0625, 0.0625, 0.0625, 0.0625, 0.0625, 0.125, 0.0625, 0.0625, 0.0625, 0.0625, 0.0625]
[TRAIN]: (823/1600): reward: 21.688870906829834, rates: 21.68887091726722, loss: 0.8669273465871811, rho: 0.1625, transmit_actions: 19, P: [0.875, 0.125, 0.0625, 0.0625, 0.0625, 0.0625, 0.0625, 0.125, 0.125, 0.0625, 0.0625, 0.0625, 0.0625, 0.0625, 0.0625, 0.0625, 0.0625, 0.0625, 0.0625, 0.0625]
[TRAIN]: (824/1600): reward: 18.4693636149168, rates: 19.469363674101885, loss: 0.7899391129612923, rho: 0.16875, transmit_actions: 19, P: [0.875, 0.0625, 0.0625, 0.0625, 0.0625, 0.125, 0.0625, 0.0625, 0.0625, 0.0625, 0.0625, 0.0625, 0.0625, 0.0625, 0.3125, 0.0625, 0.0625, 0.0625, 0.0625, 0.0625]
[TRAIN]: (825/1600): reward: 18.8552183508873, rates: 18.85521842913683, loss: 0.8115403294563294, rho: 0.15625, transmit_actions: 19, P: [0.875, 0.0625, 0.0625, 0.0625, 0.0625, 0.0625, 0.0625, 0.0625, 0.0625, 0.0625, 0.0625, 0.0625, 0.0625, 0.0625, 0.0625, 0.0625, 0.0625, 0.0625, 0.0625, 0.0625]
[TRAIN]: (826/1600): reward: 21.048486441373825, rates: 21.04848652236258, loss: 0.7762255579233169, rho: 0.14375, transmit_actions: 19, P: [0.875, 0.0625, 0.0625, 0.0625, 0.0625, 0.0625, 0.0625, 0.0625, 0.125, 0.0625, 0.0625, 0.0625, 0.0625, 0.0625, 0.0625, 0.0625, 0.0625, 0.0625, 0.0625, 0.0625]
[TRAIN]: (827/1600): reward: 20.02277508378029, rates: 20.02277499430654, loss: 0.7937400594353676, rho: 0.14375, transmit_actions: 19, P: [0.875, 0.125, 0.0625, 0.0625, 0.0625, 0.0625, 0.0625, 0.0625, 0.0625, 0.0625, 0.0625, 0.0625, 0.0625, 0.0625, 0.0625, 0.0625, 0.0625, 0.0625, 0.0625, 0.0625]
[TRAIN]: (828/1600): reward: 19.783279046416283, rates: 20.783279129334474, loss: 0.8996558248996734, rho: 0.14375, transmit_actions: 19, P: [0.875, 0.0625, 0.0625, 0.0625, 0.125, 0.0625, 0.0625, 0.125, 0.0625, 0.0625, 0.125, 0.0625, 0.0625, 0.0625, 0.0625, 0.0625, 0.0625, 0.0625, 0.0625, 0.0625]
[TRAIN]: (829/1600): reward: 20.910174190998077, rates: 20.910174274011634, loss: 0.8584085792303086, rho: 0.15625, transmit_actions: 19, P: [0.875, 0.0625, 0.0625, 0.0625, 0.0625, 0.0625, 0.0625, 0.0625, 0.0625, 0.0625, 0.0625, 0.0625, 0.0625, 0.0625, 0.0625, 0.0625, 0.0625, 0.0625, 0.0625, 0.0625]
[TRAIN]: (830/1600): reward: 20.005467981100082, rates: 20.00546807089467, loss: 0.7691277429461479, rho: 0.15, transmit_actions: 19, P: [0.875, 0.0625, 0.0625, 0.0625, 0.0625, 0.0625, 0.0625, 0.125, 0.0625, 0.125, 0.0625, 0.0625, 0.0625, 0.0625, 0.0625, 0.0625, 0.0625, 0.0625, 0.0625, 0.0625]
[TRAIN]: (831/1600): reward: 12.908970028162003, rates: 17.90897015661528, loss: 0.8835426479578018, rho: 0.15625, transmit_actions: 19, P: [0.875, 0.0625, 0.0625, 0.0625, 0.0625, 0.5625, 0.0625, 0.0625, 0.0625, 0.0625, 0.0625, 0.0625, 0.0625, 0.0625, 0.0625, 0.0625, 0.0625, 0.0625, 0.0625, 0.0625]
[TRAIN]: (832/1600): reward: 18.958841428160667, rates: 19.958841583827873, loss: 0.9111617550253868, rho: 0.14375, transmit_actions: 19, P: [0.875, 0.0625, 0.0625, 0.125, 0.125, 0.125, 0.0625, 0.0625, 0.0625, 0.0625, 0.0625, 0.0625, 0.0625, 0.0625, 0.0625, 0.0625, 0.0625, 0.0625, 0.0625, 0.0625]
[TRAIN]: (833/1600): reward: 18.85040718317032, rates: 18.85040708483217, loss: 0.9017323836684227, rho: 0.16875, transmit_actions: 19, P: [0.875, 0.0625, 0.0625, 0.0625, 0.0625, 0.0625, 0.0625, 0.0625, 0.0625, 0.0625, 0.0625, 0.0625, 0.0625, 0.0625, 0.0625, 0.0625, 0.0625, 0.0625, 0.0625, 0.125]
[TRAIN]: (834/1600): reward: 20.849595367908478, rates: 20.849595496562287, loss: 0.8707321152091027, rho: 0.1875, transmit_actions: 19, P: [0.875, 0.0625, 0.0625, 0.125, 0.0625, 0.0625, 0.0625, 0.125, 0.125, 0.0625, 0.0625, 0.0625, 0.0625, 0.0625, 0.0625, 0.0625, 0.0625, 0.0625, 0.0625, 0.0625]
[TRAIN]: (835/1600): reward: 21.869502067565918, rates: 21.869502224040122, loss: 0.9636702120304108, rho: 0.15625, transmit_actions: 18, P: [0.875, 0.0625, 0.0625, 0.0625, 0.0625, 0.0625, 0.0625, 0.125, 0.875, 0.0625, 0.0625, 0.0625, 0.0625, 0.0625, 0.0625, 0.0625, 0.0625, 0.0625, 0.0625, 0.0625]
[TRAIN]: (836/1600): reward: 22.726978600025177, rates: 22.72697857219855, loss: 0.8448035925626755, rho: 0.15, transmit_actions: 19, P: [0.875, 0.0625, 0.125, 0.0625, 0.0625, 0.0625, 0.0625, 0.0625, 0.0625, 0.0625, 0.0625, 0.0625, 0.0625, 0.0625, 0.0625, 0.0625, 0.0625, 0.0625, 0.0625, 0.0625]
[TRAIN]: (837/1600): reward: 18.765073150396347, rates: 18.76507307845575, loss: 0.9139894545078278, rho: 0.15, transmit_actions: 19, P: [0.875, 0.125, 0.0625, 0.0625, 0.0625, 0.0625, 0.0625, 0.0625, 0.0625, 0.0625, 0.0625, 0.0625, 0.0625, 0.0625, 0.0625, 0.0625, 0.0625, 0.0625, 0.0625, 0.0625]
[TRAIN]: (838/1600): reward: 18.44289782643318, rates: 19.442897700514365, loss: 0.8654204875230789, rho: 0.14375, transmit_actions: 19, P: [0.875, 0.0625, 0.0625, 0.0625, 0.0625, 0.125, 0.0625, 0.0625, 0.0625, 0.0625, 0.0625, 0.0625, 0.0625, 0.0625, 0.0625, 0.0625, 0.0625, 0.0625, 0.0625, 0.0625]
[TRAIN]: (839/1600): reward: 20.195751041173935, rates: 20.195751143851766, loss: 0.7804571390151978, rho: 0.15, transmit_actions: 19, P: [0.875, 0.0625, 0.0625, 0.0625, 0.0625, 0.0625, 0.0625, 0.0625, 0.0625, 0.0625, 0.0625, 0.0625, 0.0625, 0.0625, 0.0625, 0.0625, 0.0625, 0.0625, 0.0625, 0.0625]
[TRAIN]: (840/1600): reward: 21.30872356891632, rates: 22.308723487631298, loss: 0.7423885822296142, rho: 0.18125, transmit_actions: 19, P: [0.875, 0.0625, 0.0625, 0.125, 0.0625, 0.0625, 0.0625, 0.0625, 0.0625, 0.125, 0.0625, 0.0625, 0.0625, 0.0625, 0.0625, 0.0625, 0.0625, 0.0625, 0.0625, 0.0625]
[TRAIN]: (841/1600): reward: 22.79120048880577, rates: 22.791200253351047, loss: 0.8375359311699867, rho: 0.14375, transmit_actions: 19, P: [0.875, 0.125, 0.0625, 0.0625, 0.0625, 0.0625, 0.0625, 0.0625, 0.125, 0.0625, 0.0625, 0.0625, 0.0625, 0.0625, 0.0625, 0.0625, 0.0625, 0.0625, 0.0625, 0.0625]
[TRAIN]: (842/1600): reward: 19.571676164865494, rates: 19.571676374259066, loss: 0.876998633146286, rho: 0.16875, transmit_actions: 19, P: [0.875, 0.125, 0.0625, 0.0625, 0.0625, 0.0625, 0.0625, 0.0625, 0.0625, 0.125, 0.0625, 0.0625, 0.0625, 0.0625, 0.0625, 0.0625, 0.0625, 0.0625, 0.0625, 0.0625]
[TRAIN]: (843/1600): reward: 19.492496371269226, rates: 20.492496281962143, loss: 0.7970835626125335, rho: 0.15, transmit_actions: 19, P: [0.875, 0.125, 0.0625, 0.0625, 0.0625, 0.0625, 0.0625, 0.125, 0.0625, 0.0625, 0.0625, 0.0625, 0.0625, 0.0625, 0.0625, 0.0625, 0.0625, 0.0625, 0.0625, 0.0625]
[TRAIN]: (844/1600): reward: 18.70200741291046, rates: 18.702007564522923, loss: 0.7799678221344948, rho: 0.15625, transmit_actions: 19, P: [0.875, 0.0625, 0.0625, 0.0625, 0.0625, 0.0625, 0.0625, 0.125, 0.0625, 0.0625, 0.0625, 0.0625, 0.0625, 0.0625, 0.0625, 0.125, 0.0625, 0.0625, 0.0625, 0.0625]
[TRAIN]: (845/1600): reward: 15.332400023937225, rates: 20.33239977927722, loss: 0.7915634632110595, rho: 0.14375, transmit_actions: 18, P: [0.875, 0.0625, 0.0625, 0.0625, 0.0, 0.0625, 0.0625, 0.0625, 0.0625, 0.0625, 0.0625, 0.0625, 0.0625, 0.0625, 0.0625, 0.0625, 0.0625, 0.0625, 0.0625, 0.0625]
[TRAIN]: (846/1600): reward: 22.463628888130188, rates: 22.46362878167169, loss: 0.8687406629323959, rho: 0.15625, transmit_actions: 19, P: [0.875, 0.125, 0.0625, 0.0625, 0.0625, 0.0625, 0.0625, 0.0625, 0.0625, 0.0625, 0.0625, 0.0625, 0.0625, 0.0625, 0.0625, 0.0625, 0.0625, 0.0625, 0.0625, 0.0625]
[TRAIN]: (847/1600): reward: 18.628435879945755, rates: 18.62843577069668, loss: 0.8015751138329505, rho: 0.14375, transmit_actions: 19, P: [0.875, 0.0625, 0.0625, 0.0625, 0.0625, 0.0625, 0.0625, 0.0625, 0.0625, 0.125, 0.0625, 0.0625, 0.0625, 0.0625, 0.0625, 0.0625, 0.0625, 0.0625, 0.0625, 0.0625]
[TRAIN]: (848/1600): reward: 18.970658004283905, rates: 18.97065797216547, loss: 0.8777536690235138, rho: 0.15625, transmit_actions: 18, P: [0.875, 0.875, 0.0625, 0.0625, 0.125, 0.125, 0.0625, 0.0625, 0.0625, 0.0625, 0.0625, 0.0625, 0.0625, 0.0625, 0.0625, 0.0625, 0.0625, 0.0625, 0.0625, 0.0625]
[TRAIN]: (849/1600): reward: 17.780043333768845, rates: 19.78004321984209, loss: 0.7299225986003876, rho: 0.14375, transmit_actions: 19, P: [0.875, 0.0625, 0.0625, 0.125, 0.0625, 0.0625, 0.0625, 0.125, 0.0625, 0.0625, 0.0625, 0.0625, 0.0625, 0.0625, 0.0625, 0.0625, 0.0625, 0.0625, 0.0625, 0.0625]
[TRAIN]: (850/1600): reward: 21.14900243282318, rates: 21.14900238261022, loss: 0.971561087667942, rho: 0.1625, transmit_actions: 19, P: [0.875, 0.0625, 0.125, 0.0625, 0.0625, 0.0625, 0.0625, 0.0625, 0.0625, 0.0625, 0.0625, 0.0625, 0.0625, 0.0625, 0.0625, 0.0625, 0.0625, 0.0625, 0.0625, 0.0625]
[TRAIN]: (851/1600): reward: 19.755374431610107, rates: 19.755374502495982, loss: 0.7708618581295014, rho: 0.16875, transmit_actions: 19, P: [0.875, 0.125, 0.0625, 0.0625, 0.0625, 0.0625, 0.0625, 0.125, 0.0625, 0.125, 0.0625, 0.0625, 0.0625, 0.0625, 0.0625, 0.0625, 0.0625, 0.0625, 0.0625, 0.0625]
[TRAIN]: (852/1600): reward: 13.101086914539337, rates: 18.10108700587341, loss: 0.8782653704285621, rho: 0.175, transmit_actions: 18, P: [0.875, 0.125, 0.0625, 0.0625, 0.0625, 0.0625, 0.125, 0.0625, 0.0625, 0.0625, 0.0625, 0.3125, 0.0625, 0.0625, 0.0625, 0.0625, 0.0625, 0.0625, 0.0625, 0.0625]
[TRAIN]: (853/1600): reward: 18.03320422768593, rates: 18.033203978285886, loss: 0.915086917579174, rho: 0.15625, transmit_actions: 18, P: [0.875, 0.8125, 0.0625, 0.0625, 0.0625, 0.0625, 0.0625, 0.0625, 0.0625, 0.0625, 0.0625, 0.0625, 0.0625, 0.0625, 0.0625, 0.0625, 0.0625, 0.0625, 0.0625, 0.0625]
[TRAIN]: (854/1600): reward: 18.854645937681198, rates: 18.854645928535376, loss: 0.871679675579071, rho: 0.15625, transmit_actions: 19, P: [0.875, 0.0625, 0.0625, 0.0625, 0.125, 0.0625, 0.0625, 0.0625, 0.125, 0.0625, 0.125, 0.0625, 0.0625, 0.0625, 0.0625, 0.0625, 0.0625, 0.0625, 0.0625, 0.0625]
[TRAIN]: (855/1600): reward: 18.103475391864777, rates: 20.103475431887293, loss: 0.8874030947685242, rho: 0.15625, transmit_actions: 19, P: [0.875, 0.125, 0.0625, 0.125, 0.0625, 0.0625, 0.125, 0.0625, 0.125, 0.125, 0.0625, 0.0625, 0.0625, 0.0625, 0.0625, 0.0625, 0.0625, 0.0625, 0.0625, 0.0625]
[TRAIN]: (856/1600): reward: 18.410449534654617, rates: 20.410449446829425, loss: 0.8133139714598656, rho: 0.14375, transmit_actions: 19, P: [0.875, 0.125, 0.0625, 0.0625, 0.0625, 0.0625, 0.125, 0.0625, 0.0625, 0.0625, 0.0625, 0.0625, 0.0625, 0.0625, 0.0625, 0.0625, 0.0625, 0.0625, 0.0625, 0.0625]
[TRAIN]: (857/1600): reward: 21.676148682832718, rates: 21.67614849107128, loss: 0.6405515775084496, rho: 0.1375, transmit_actions: 19, P: [0.875, 0.125, 0.125, 0.0625, 0.0625, 0.0625, 0.0625, 0.0625, 0.0625, 0.0625, 0.0625, 0.0625, 0.0625, 0.0625, 0.0625, 0.0625, 0.0625, 0.0625, 0.0625, 0.0625]
[TRAIN]: (858/1600): reward: 19.784600883722305, rates: 21.78460095084263, loss: 0.9037998810410499, rho: 0.1625, transmit_actions: 19, P: [0.875, 0.0625, 0.0625, 0.0625, 0.0625, 0.0625, 0.0625, 0.0625, 0.1875, 0.0625, 0.0625, 0.0625, 0.0625, 0.0625, 0.0625, 0.0625, 0.0625, 0.0625, 0.0625, 0.0625]
[TRAIN]: (859/1600): reward: 20.710622638463974, rates: 20.71062264691208, loss: 0.8351957380771637, rho: 0.15625, transmit_actions: 19, P: [0.875, 0.0625, 0.0625, 0.0625, 0.0625, 0.125, 0.0625, 0.0625, 0.0625, 0.0625, 0.0625, 0.0625, 0.0625, 0.0625, 0.0625, 0.0625, 0.0625, 0.0625, 0.0625, 0.0625]
[TRAIN]: (860/1600): reward: 19.67413419485092, rates: 19.674134110285166, loss: 0.8567985534667969, rho: 0.175, transmit_actions: 17, P: [0.875, 1.0, 0.0625, 0.0625, 0.0625, 0.0625, 0.0625, 0.0625, 0.0625, 0.0625, 0.0625, 0.0625, 0.8125, 0.0625, 0.0625, 0.0625, 0.0625, 0.0625, 0.0625, 0.0625]
[TRAIN]: (861/1600): reward: 19.367100477218628, rates: 19.367100479805092, loss: 0.8279409229755401, rho: 0.14375, transmit_actions: 19, P: [0.875, 0.125, 0.0625, 0.0625, 0.0625, 0.0625, 0.0625, 0.0625, 0.0625, 0.0625, 0.0625, 0.0625, 0.0625, 0.0625, 0.0625, 0.0625, 0.0625, 0.0625, 0.0625, 0.0625]
[TRAIN]: (862/1600): reward: 16.887923449277878, rates: 16.88792365608918, loss: 0.8282429188489914, rho: 0.14375, transmit_actions: 19, P: [0.875, 0.125, 0.0625, 0.0625, 0.0625, 0.0625, 0.0625, 0.0625, 0.0625, 0.0625, 0.0625, 0.0625, 0.0625, 0.0625, 0.0625, 0.0625, 0.0625, 0.0625, 0.0625, 0.0625]
[TRAIN]: (863/1600): reward: 20.072010844945908, rates: 20.07201090435928, loss: 0.7480808526277543, rho: 0.1375, transmit_actions: 19, P: [0.875, 0.0625, 0.125, 0.0625, 0.0625, 0.0625, 0.0625, 0.0625, 0.0625, 0.0625, 0.0625, 0.0625, 0.0625, 0.0625, 0.0625, 0.0625, 0.0625, 0.0625, 0.0625, 0.0625]
[TRAIN]: (864/1600): reward: 6.8052352368831635, rates: 17.805235198154254, loss: 0.7810615092515946, rho: 0.1875, transmit_actions: 19, P: [0.875, 0.0625, 0.0625, 0.0625, 0.0625, 0.0625, 0.125, 0.125, 0.0625, 0.0625, 0.0625, 0.0625, 0.0625, 0.0625, 0.0625, 0.75, 1.0, 0.0625, 0.0625, 0.0625]
[TRAIN]: (865/1600): reward: 13.476105213165283, rates: 18.47610523279865, loss: 0.7496084220707416, rho: 0.175, transmit_actions: 18, P: [0.875, 0.0625, 0.0625, 0.0625, 0.0625, 0.0625, 0.0625, 0.0625, 0.125, 0.125, 0.0625, 0.125, 0.0625, 0.0625, 0.0625, 0.0625, 0.0625, 0.0625, 0.0625, 0.125]
[TRAIN]: (866/1600): reward: 19.445308685302734, rates: 19.445308635505654, loss: 0.8296418353915215, rho: 0.1375, transmit_actions: 19, P: [0.875, 0.125, 0.0625, 0.125, 0.0625, 0.0625, 0.0625, 0.0625, 0.0625, 0.0625, 0.125, 0.0625, 0.0625, 0.0625, 0.0625, 0.0625, 0.0625, 0.0625, 0.0625, 0.0625]
[TRAIN]: (867/1600): reward: 17.89210534095764, rates: 18.89210530737504, loss: 0.7930548667907715, rho: 0.15625, transmit_actions: 19, P: [0.875, 0.0625, 0.125, 0.0625, 0.0625, 0.0625, 0.0625, 0.125, 0.125, 0.0625, 0.0625, 0.0625, 0.0625, 0.0625, 0.0625, 0.0625, 0.0625, 0.125, 0.0625, 0.0625]
[TRAIN]: (868/1600): reward: 21.086378663778305, rates: 21.08637847105227, loss: 0.688352432847023, rho: 0.15, transmit_actions: 19, P: [0.875, 0.0625, 0.0625, 0.125, 0.125, 0.0625, 0.0625, 0.0625, 0.0625, 0.0625, 0.0625, 0.0625, 0.0625, 0.0625, 0.0625, 0.0625, 0.0625, 0.0625, 0.0625, 0.0625]
[TRAIN]: (869/1600): reward: 19.40479889512062, rates: 19.404798624376074, loss: 0.8245275184512139, rho: 0.175, transmit_actions: 19, P: [0.875, 0.125, 0.0625, 0.0625, 0.0625, 0.0625, 0.0625, 0.125, 0.0625, 0.125, 0.0625, 0.0625, 0.0625, 0.0625, 0.0625, 0.0625, 0.0625, 0.0625, 0.0625, 0.0625]
[TRAIN]: (870/1600): reward: 20.267986476421356, rates: 20.267986476136215, loss: 0.9165758892893792, rho: 0.15, transmit_actions: 19, P: [0.875, 0.0625, 0.0625, 0.0625, 0.0625, 0.0625, 0.0625, 0.0625, 0.0625, 0.0625, 0.0625, 0.0625, 0.0625, 0.0625, 0.0625, 0.0625, 0.0625, 0.0625, 0.0625, 0.0625]
[TRAIN]: (871/1600): reward: 20.607155442237854, rates: 20.607155700642735, loss: 0.6953019425272942, rho: 0.1375, transmit_actions: 19, P: [0.875, 0.0625, 0.0625, 0.0625, 0.0625, 0.0625, 0.0625, 0.0625, 0.0625, 0.0625, 0.0625, 0.125, 0.0625, 0.0625, 0.0625, 0.0625, 0.0625, 0.0625, 0.0625, 0.0625]
[TRAIN]: (872/1600): reward: 10.943286091089249, rates: 17.943286085165592, loss: 0.744833841919899, rho: 0.19375, transmit_actions: 19, P: [0.875, 0.0625, 0.125, 0.0625, 0.0625, 0.125, 0.0625, 0.0625, 0.0625, 0.0625, 0.125, 0.0625, 0.0625, 0.0625, 0.9375, 0.0625, 0.0625, 0.0625, 0.0625, 0.0625]
[TRAIN]: (873/1600): reward: 20.354973047971725, rates: 20.354973099229955, loss: 0.8400093078613281, rho: 0.15, transmit_actions: 19, P: [0.875, 0.0625, 0.0625, 0.125, 0.125, 0.0625, 0.125, 0.0625, 0.125, 0.0625, 0.0625, 0.0625, 0.0625, 0.0625, 0.0625, 0.0625, 0.0625, 0.0625, 0.0625, 0.0625]
[TRAIN]: (874/1600): reward: 19.583961099386215, rates: 20.583961200449355, loss: 0.6906564265489579, rho: 0.15625, transmit_actions: 19, P: [0.875, 0.125, 0.0625, 0.125, 0.0625, 0.0625, 0.0625, 0.0625, 0.0625, 0.125, 0.0625, 0.0625, 0.0625, 0.0625, 0.0625, 0.0625, 0.0625, 0.0625, 0.0625, 0.0625]
[TRAIN]: (875/1600): reward: 19.183462232351303, rates: 19.183462270412605, loss: 0.8598000019788742, rho: 0.14375, transmit_actions: 19, P: [0.875, 0.0625, 0.125, 0.0625, 0.0625, 0.0625, 0.0625, 0.0625, 0.125, 0.0625, 0.0625, 0.0625, 0.0625, 0.0625, 0.0625, 0.0625, 0.0625, 0.0625, 0.0625, 0.0625]
[TRAIN]: (876/1600): reward: 21.564072728157043, rates: 21.56407277728932, loss: 0.8165049895644187, rho: 0.1625, transmit_actions: 19, P: [0.875, 0.0625, 0.0625, 0.0625, 0.125, 0.0625, 0.0625, 0.125, 0.0625, 0.125, 0.0625, 0.125, 0.0625, 0.0625, 0.0625, 0.0625, 0.0625, 0.0625, 0.0625, 0.0625]
[TRAIN]: (877/1600): reward: 20.270112812519073, rates: 20.27011294460086, loss: 0.7652053713798523, rho: 0.15625, transmit_actions: 19, P: [0.875, 0.0625, 0.0625, 0.0625, 0.0625, 0.0625, 0.0625, 0.0625, 0.0625, 0.125, 0.0625, 0.0625, 0.0625, 0.0625, 0.0625, 0.0625, 0.0625, 0.0625, 0.0625, 0.0625]
[TRAIN]: (878/1600): reward: 17.27549946308136, rates: 18.27549954846627, loss: 0.80707947909832, rho: 0.14375, transmit_actions: 19, P: [0.875, 0.0625, 0.0625, 0.0625, 0.0625, 0.0625, 0.0625, 0.0625, 0.0625, 0.125, 0.125, 0.0625, 0.0625, 0.0625, 0.0625, 0.0625, 0.0625, 0.0625, 0.0625, 0.0625]
[TRAIN]: (879/1600): reward: 22.245376378297806, rates: 22.24537642182758, loss: 0.8540588617324829, rho: 0.15625, transmit_actions: 19, P: [0.875, 0.0625, 0.0625, 0.0625, 0.0625, 0.0625, 0.125, 0.0625, 0.0625, 0.0625, 0.125, 0.0625, 0.0625, 0.0625, 0.0625, 0.0625, 0.0625, 0.0625, 0.0625, 0.0625]
[TRAIN]: (880/1600): reward: 18.61859703063965, rates: 18.618596964454493, loss: 0.8068671107292176, rho: 0.14375, transmit_actions: 19, P: [0.875, 0.0625, 0.0625, 0.0625, 0.0625, 0.0625, 0.0625, 0.0625, 0.0625, 0.0625, 0.0625, 0.0625, 0.0625, 0.0625, 0.0625, 0.0625, 0.0625, 0.0625, 0.0625, 0.0625]
[TRAIN]: (881/1600): reward: 20.107046991586685, rates: 20.10704680570239, loss: 0.7867503926157952, rho: 0.14375, transmit_actions: 19, P: [0.875, 0.0625, 0.0625, 0.0625, 0.125, 0.0625, 0.0625, 0.0625, 0.0625, 0.0625, 0.0625, 0.0625, 0.0625, 0.0625, 0.0625, 0.0625, 0.0625, 0.0625, 0.0625, 0.0625]
[TRAIN]: (882/1600): reward: 16.867399275302887, rates: 18.867399292191344, loss: 0.7322300061583519, rho: 0.14375, transmit_actions: 19, P: [0.875, 0.0625, 0.0625, 0.0625, 0.0625, 0.0625, 0.125, 0.125, 0.125, 0.0625, 0.0625, 0.0625, 0.0625, 0.0625, 0.0625, 0.0625, 0.0625, 0.0625, 0.0625, 0.0625]
[TRAIN]: (883/1600): reward: 19.184934198856354, rates: 20.18493415775384, loss: 0.7708843961358071, rho: 0.15, transmit_actions: 19, P: [0.875, 0.125, 0.0625, 0.0625, 0.0625, 0.125, 0.0625, 0.0625, 0.125, 0.0625, 0.0625, 0.0625, 0.0625, 0.0625, 0.0625, 0.0625, 0.0625, 0.0625, 0.0625, 0.0625]
[TRAIN]: (884/1600): reward: 15.767256498336792, rates: 19.76725682634346, loss: 0.8270252913236618, rho: 0.15625, transmit_actions: 19, P: [0.875, 0.125, 0.0625, 0.0625, 0.0625, 0.125, 0.0625, 0.0625, 0.0625, 0.125, 0.375, 0.0625, 0.125, 0.0625, 0.125, 0.0625, 0.0625, 0.0625, 0.0625, 0.0625]
[TRAIN]: (885/1600): reward: 13.13045060634613, rates: 18.13045061289438, loss: 0.7437893159687519, rho: 0.2, transmit_actions: 18, P: [0.875, 0.0625, 0.0625, 0.0625, 0.0625, 0.0625, 0.0625, 0.0625, 0.0625, 0.0625, 0.0625, 0.0625, 0.0625, 0.0625, 0.0625, 0.0625, 0.6875, 0.0625, 0.0625, 0.0625]
[TRAIN]: (886/1600): reward: 24.32532176375389, rates: 24.32532187527102, loss: 0.7145442560315132, rho: 0.15, transmit_actions: 19, P: [0.875, 0.0625, 0.125, 0.0625, 0.0625, 0.0625, 0.0625, 0.0625, 0.0625, 0.0625, 0.0625, 0.0625, 0.125, 0.0625, 0.0625, 0.0625, 0.0625, 0.0625, 0.0625, 0.0625]
[TRAIN]: (887/1600): reward: 23.321909457445145, rates: 23.321909483207975, loss: 0.815763658285141, rho: 0.16875, transmit_actions: 19, P: [0.875, 0.0625, 0.0625, 0.0625, 0.0625, 0.125, 0.0625, 0.0625, 0.0625, 0.125, 0.125, 0.0625, 0.0625, 0.0625, 0.0625, 0.0625, 0.0625, 0.0625, 0.125, 0.0625]
[TRAIN]: (888/1600): reward: 19.24309167265892, rates: 19.24309166589744, loss: 0.8243368610739708, rho: 0.175, transmit_actions: 19, P: [0.875, 0.0625, 0.0625, 0.0625, 0.0625, 0.0625, 0.0625, 0.0625, 0.0625, 0.0625, 0.0625, 0.0625, 0.0625, 0.0625, 0.0625, 0.0625, 0.0625, 0.0625, 0.125, 0.0625]
[TRAIN]: (889/1600): reward: 13.701384246349335, rates: 18.70138417869546, loss: 0.8029896259307862, rho: 0.16875, transmit_actions: 18, P: [0.875, 0.0625, 0.0625, 0.0625, 0.0625, 0.0625, 0.0625, 0.125, 0.0625, 0.5625, 0.0625, 0.0625, 0.0625, 0.0625, 0.0625, 0.0625, 0.0625, 0.0625, 0.0625, 0.0625]
[TRAIN]: (890/1600): reward: 17.68494874238968, rates: 18.68494893860221, loss: 0.7564406409859658, rho: 0.19375, transmit_actions: 19, P: [0.875, 0.0625, 0.125, 0.0625, 0.0625, 0.125, 0.0625, 0.0625, 0.0625, 0.0625, 0.125, 0.0625, 0.0625, 0.0625, 0.0625, 0.0625, 0.0625, 0.0625, 0.0625, 0.0625]
[TRAIN]: (891/1600): reward: 17.347547218203545, rates: 19.347547234228262, loss: 0.8449737876653671, rho: 0.18125, transmit_actions: 19, P: [0.875, 0.125, 0.0625, 0.0625, 0.0625, 0.0625, 0.0625, 0.125, 0.125, 0.0625, 0.0625, 0.0625, 0.0625, 0.0625, 0.0625, 0.0625, 0.0625, 0.0625, 0.0625, 0.0625]
[TRAIN]: (892/1600): reward: 19.093262791633606, rates: 19.093262840676566, loss: 0.7957292601466179, rho: 0.15, transmit_actions: 19, P: [0.875, 0.0625, 0.0625, 0.0625, 0.0625, 0.0625, 0.0625, 0.0625, 0.125, 0.0625, 0.0625, 0.0625, 0.0625, 0.0625, 0.0625, 0.0625, 0.0625, 0.0625, 0.0625, 0.0625]
[TRAIN]: (893/1600): reward: 19.999850541353226, rates: 19.99985051881543, loss: 0.7493214696645737, rho: 0.15, transmit_actions: 18, P: [0.875, 0.9375, 0.0625, 0.0625, 0.125, 0.0625, 0.0625, 0.0625, 0.0625, 0.0625, 0.125, 0.0625, 0.0625, 0.0625, 0.0625, 0.0625, 0.0625, 0.0625, 0.0625, 0.0625]
[TRAIN]: (894/1600): reward: 19.335122138261795, rates: 19.335122137503213, loss: 0.727457819879055, rho: 0.18125, transmit_actions: 19, P: [0.875, 0.0625, 0.0625, 0.0625, 0.0625, 0.0625, 0.0625, 0.0625, 0.0625, 0.0625, 0.0625, 0.0625, 0.0625, 0.0625, 0.0625, 0.0625, 0.0625, 0.0625, 0.0625, 0.0625]
[TRAIN]: (895/1600): reward: 13.85011175274849, rates: 18.85011192624144, loss: 0.7853222221136094, rho: 0.16875, transmit_actions: 18, P: [0.875, 0.0625, 0.0625, 0.125, 0.0625, 0.0625, 0.125, 0.125, 0.0625, 0.0625, 0.125, 0.0625, 0.0625, 0.0625, 0.5625, 0.0625, 0.0625, 0.0625, 0.0625, 0.0625]
[TRAIN]: (896/1600): reward: 21.84294444322586, rates: 21.842944633181467, loss: 0.8622840896248818, rho: 0.15625, transmit_actions: 19, P: [0.875, 0.125, 0.125, 0.125, 0.125, 0.0625, 0.0625, 0.0625, 0.0625, 0.0625, 0.0625, 0.0625, 0.0625, 0.0625, 0.0625, 0.0625, 0.0625, 0.0625, 0.0625, 0.0625]
[TRAIN]: (897/1600): reward: 22.46771940588951, rates: 22.467719520230272, loss: 0.7898235619068146, rho: 0.18125, transmit_actions: 19, P: [0.875, 0.125, 0.125, 0.0625, 0.125, 0.125, 0.0625, 0.0625, 0.0625, 0.0625, 0.0625, 0.0625, 0.0625, 0.0625, 0.0625, 0.0625, 0.125, 0.0625, 0.0625, 0.0625]
[TRAIN]: (898/1600): reward: 20.626384407281876, rates: 20.626384364820463, loss: 0.7509744942188263, rho: 0.15, transmit_actions: 19, P: [0.875, 0.0625, 0.0625, 0.0625, 0.125, 0.0625, 0.0625, 0.0625, 0.125, 0.0625, 0.0625, 0.0625, 0.0625, 0.0625, 0.0625, 0.0625, 0.0625, 0.125, 0.0625, 0.0625]
[TRAIN]: (899/1600): reward: 21.20541700720787, rates: 21.205416687544503, loss: 0.7125203683972359, rho: 0.1625, transmit_actions: 19, P: [0.875, 0.0625, 0.0625, 0.0625, 0.0625, 0.0625, 0.0625, 0.125, 0.0625, 0.125, 0.0625, 0.0625, 0.0625, 0.0625, 0.0625, 0.0625, 0.0625, 0.0625, 0.0625, 0.0625]
[TRAIN]: (900/1600): reward: 23.274361073970795, rates: 23.274361128867966, loss: 0.6901211112737655, rho: 0.1625, transmit_actions: 19, P: [0.875, 0.0625, 0.0625, 0.0625, 0.0625, 0.0625, 0.0625, 0.125, 0.0625, 0.0625, 0.0625, 0.0625, 0.0625, 0.0625, 0.0625, 0.0625, 0.0625, 0.0625, 0.0625, 0.0625]
[TRAIN]: (901/1600): reward: 19.34576067328453, rates: 19.34576059070339, loss: 0.7546227052807808, rho: 0.1625, transmit_actions: 19, P: [0.875, 0.0625, 0.125, 0.0625, 0.0625, 0.0625, 0.0625, 0.0625, 0.0625, 0.0625, 0.0625, 0.0625, 0.0625, 0.0625, 0.0625, 0.0625, 0.0625, 0.0625, 0.0625, 0.0625]
[TRAIN]: (902/1600): reward: 20.200930386781693, rates: 20.200930304546016, loss: 0.8516178518533707, rho: 0.15625, transmit_actions: 19, P: [0.875, 0.0625, 0.125, 0.125, 0.0625, 0.0625, 0.0625, 0.0625, 0.0625, 0.0625, 0.0625, 0.0625, 0.0625, 0.0625, 0.0625, 0.0625, 0.0625, 0.0625, 0.0625, 0.0625]
[TRAIN]: (903/1600): reward: 20.42625132203102, rates: 20.426251496278486, loss: 0.8157211363315582, rho: 0.1625, transmit_actions: 18, P: [0.875, 0.0625, 0.0625, 0.0625, 0.0625, 0.0625, 0.875, 0.0625, 0.0625, 0.0625, 0.0625, 0.0625, 0.0625, 0.0625, 0.0625, 0.0625, 0.0625, 0.0625, 0.125, 0.0625]
[TRAIN]: (904/1600): reward: 21.373076796531677, rates: 21.373076793611265, loss: 0.8117874875664711, rho: 0.1375, transmit_actions: 19, P: [0.5625, 0.0625, 0.0625, 0.125, 0.0625, 0.0625, 0.0625, 0.0625, 0.0625, 0.0625, 0.0625, 0.0625, 0.0625, 0.0625, 0.0625, 0.0625, 0.0625, 0.0625, 0.0625, 0.0625]
[TRAIN]: (905/1600): reward: 19.21795254945755, rates: 19.217952759855883, loss: 0.7213820531964302, rho: 0.15625, transmit_actions: 19, P: [0.875, 0.0625, 0.0625, 0.0625, 0.0625, 0.0625, 0.0625, 0.0625, 0.0625, 0.0625, 0.0625, 0.0625, 0.0625, 0.0625, 0.0625, 0.0625, 0.0625, 0.0625, 0.0625, 0.0625]
[TRAIN]: (906/1600): reward: 20.890372723340988, rates: 20.890372591301663, loss: 0.7794142529368401, rho: 0.175, transmit_actions: 19, P: [0.875, 0.0625, 0.125, 0.0625, 0.0625, 0.0625, 0.0625, 0.0625, 0.0625, 0.0625, 0.0625, 0.0625, 0.0625, 0.0625, 0.0625, 0.0625, 0.0625, 0.0625, 0.0625, 0.0625]
[TRAIN]: (907/1600): reward: 18.60254344344139, rates: 19.60254359520275, loss: 0.7320394977927208, rho: 0.1375, transmit_actions: 19, P: [0.875, 0.125, 0.0625, 0.0625, 0.0625, 0.0625, 0.125, 0.0625, 0.125, 0.0625, 0.0625, 0.0625, 0.0625, 0.0625, 0.0625, 0.0625, 0.0625, 0.0625, 0.0625, 0.125]
[TRAIN]: (908/1600): reward: 11.656872496008873, rates: 16.656872487114512, loss: 0.7415673866868019, rho: 0.1875, transmit_actions: 19, P: [0.875, 0.0625, 0.125, 0.0625, 0.0625, 0.0625, 0.0625, 0.0625, 0.0625, 0.0625, 0.0625, 0.0625, 0.0625, 0.0625, 0.0625, 0.0625, 0.75, 0.0625, 0.0625, 0.0625]
[TRAIN]: (909/1600): reward: 21.055320531129837, rates: 21.05532070985144, loss: 0.7499290987849235, rho: 0.18125, transmit_actions: 19, P: [0.875, 0.0625, 0.125, 0.0625, 0.0625, 0.0625, 0.0625, 0.0625, 0.125, 0.0625, 0.0625, 0.0625, 0.0625, 0.0625, 0.0625, 0.0625, 0.0625, 0.0625, 0.0625, 0.0625]
[TRAIN]: (910/1600): reward: 19.445561707019806, rates: 19.445561888695824, loss: 0.7036263704299927, rho: 0.14375, transmit_actions: 19, P: [0.875, 0.125, 0.0625, 0.0625, 0.0625, 0.0625, 0.0625, 0.0625, 0.0625, 0.0625, 0.0625, 0.0625, 0.125, 0.0625, 0.0625, 0.0625, 0.0625, 0.0625, 0.0625, 0.0625]
[TRAIN]: (911/1600): reward: 21.274383932352066, rates: 21.274384199962032, loss: 0.7150457069277764, rho: 0.15625, transmit_actions: 18, P: [0.875, 0.875, 0.0625, 0.0625, 0.0625, 0.0625, 0.0625, 0.0625, 0.0625, 0.0625, 0.0625, 0.0625, 0.0625, 0.0625, 0.125, 0.0625, 0.0625, 0.0625, 0.0625, 0.0625]
[TRAIN]: (912/1600): reward: 15.434741973876953, rates: 20.43474211838561, loss: 0.8273122519254684, rho: 0.18125, transmit_actions: 18, P: [0.875, 0.0, 0.0625, 0.0625, 0.0625, 0.125, 0.0625, 0.0625, 0.125, 0.0625, 0.0625, 0.0625, 0.0625, 0.0625, 0.0625, 0.0625, 0.0625, 0.0625, 0.0625, 0.0625]
[TRAIN]: (913/1600): reward: 12.661190748214722, rates: 21.66119059308521, loss: 0.8238169103860855, rho: 0.1625, transmit_actions: 20, P: [0.5, 0.125, 0.0625, 0.0625, 0.0625, 0.0625, 0.0625, 0.0625, 0.0625, 0.125, 0.0625, 0.0625, 0.0625, 0.0625, 0.0625, 0.0625, 0.0625, 0.125, 0.0625, 0.125]
[TRAIN]: (914/1600): reward: 13.468121439218521, rates: 18.4681214223852, loss: 0.6840975180268287, rho: 0.175, transmit_actions: 18, P: [0.875, 0.0625, 0.0625, 0.0625, 0.0625, 0.0625, 0.0625, 0.0625, 0.75, 0.0625, 0.0625, 0.0625, 0.0625, 0.0625, 0.0625, 0.0625, 0.125, 0.0625, 0.0625, 0.0625]
[TRAIN]: (915/1600): reward: 16.595586732029915, rates: 19.595586764588674, loss: 0.7025542706251144, rho: 0.19375, transmit_actions: 19, P: [0.875, 0.125, 0.0625, 0.0625, 0.125, 0.0625, 0.0625, 0.125, 0.125, 0.0625, 0.0625, 0.0625, 0.0625, 0.0625, 0.0625, 0.0625, 0.0625, 0.0625, 0.0625, 0.0625]
[TRAIN]: (916/1600): reward: 13.800069034099579, rates: 19.800069006102188, loss: 0.7543969482183457, rho: 0.1625, transmit_actions: 19, P: [0.875, 0.125, 0.125, 0.0625, 0.0625, 0.0625, 0.0625, 0.0625, 0.0625, 1.0, 0.125, 0.0625, 0.0625, 0.0625, 0.0625, 0.0625, 0.0625, 0.125, 0.0625, 0.0625]
[TRAIN]: (917/1600): reward: 21.027361303567886, rates: 21.02736129597394, loss: 0.8408928394317627, rho: 0.15, transmit_actions: 19, P: [0.875, 0.0625, 0.0625, 0.0625, 0.0625, 0.0625, 0.0625, 0.0625, 0.0625, 0.0625, 0.0625, 0.0625, 0.0625, 0.0625, 0.0625, 0.0625, 0.125, 0.0625, 0.0625, 0.0625]
[TRAIN]: (918/1600): reward: 20.585194051265717, rates: 20.585193879211417, loss: 0.741293415427208, rho: 0.15625, transmit_actions: 19, P: [0.875, 0.0625, 0.0625, 0.0625, 0.0625, 0.0625, 0.0625, 0.0625, 0.125, 0.0625, 0.0625, 0.0625, 0.0625, 0.0625, 0.0625, 0.0625, 0.0625, 0.0625, 0.0625, 0.0625]
[TRAIN]: (919/1600): reward: 20.39548948407173, rates: 20.395489802742517, loss: 0.7478276833891868, rho: 0.15625, transmit_actions: 19, P: [0.875, 0.0625, 0.0625, 0.125, 0.0625, 0.0625, 0.0625, 0.0625, 0.0625, 0.0625, 0.0625, 0.0625, 0.0625, 0.0625, 0.0625, 0.0625, 0.0625, 0.0625, 0.0625, 0.0625]
[TRAIN]: (920/1600): reward: 18.992275685071945, rates: 18.992275718225894, loss: 0.7621053338050843, rho: 0.175, transmit_actions: 19, P: [0.875, 0.0625, 0.0625, 0.0625, 0.0625, 0.0625, 0.0625, 0.0625, 0.0625, 0.0625, 0.0625, 0.0625, 0.0625, 0.0625, 0.0625, 0.0625, 0.0625, 0.0625, 0.0625, 0.0625]
[TRAIN]: (921/1600): reward: 17.982122540473938, rates: 18.98212239428544, loss: 0.7265851452946663, rho: 0.18125, transmit_actions: 19, P: [0.875, 0.125, 0.0625, 0.0625, 0.0625, 0.0625, 0.0625, 0.0625, 0.0625, 0.0625, 0.0625, 0.0625, 0.0625, 0.0625, 0.0625, 0.0625, 0.0625, 0.0625, 0.0625, 0.0625]
[TRAIN]: (922/1600): reward: 14.795914202928543, rates: 19.79591382665442, loss: 0.7369695007801056, rho: 0.18125, transmit_actions: 19, P: [0.875, 0.0625, 0.0625, 0.0625, 0.125, 0.0625, 0.125, 0.125, 0.0625, 0.0625, 0.0625, 0.0625, 0.0625, 0.0625, 0.0625, 0.0625, 0.75, 0.0625, 0.0625, 0.0625]
[TRAIN]: (923/1600): reward: 20.58959287405014, rates: 20.58959304762922, loss: 0.8187041565775871, rho: 0.15, transmit_actions: 19, P: [0.875, 0.0625, 0.0625, 0.0625, 0.0625, 0.0625, 0.0625, 0.125, 0.0625, 0.0625, 0.0625, 0.0625, 0.0625, 0.0625, 0.0625, 0.0625, 0.0625, 0.0625, 0.0625, 0.0625]
[TRAIN]: (924/1600): reward: 20.286859303712845, rates: 20.2868593548756, loss: 0.6797297641634941, rho: 0.175, transmit_actions: 19, P: [0.875, 0.0625, 0.0625, 0.125, 0.0625, 0.0625, 0.0625, 0.0625, 0.0625, 0.0625, 0.0625, 0.0625, 0.0625, 0.0625, 0.0625, 0.0625, 0.0625, 0.0625, 0.0625, 0.0625]
[TRAIN]: (925/1600): reward: 19.29502245783806, rates: 19.295022378226854, loss: 0.6029005840420723, rho: 0.15625, transmit_actions: 19, P: [0.875, 0.125, 0.0625, 0.125, 0.0625, 0.0625, 0.0625, 0.0625, 0.125, 0.125, 0.0625, 0.0625, 0.0625, 0.0625, 0.0625, 0.0625, 0.0625, 0.0625, 0.0625, 0.0625]
[TRAIN]: (926/1600): reward: 20.927589520812035, rates: 21.927589497878003, loss: 0.7880214899778366, rho: 0.175, transmit_actions: 19, P: [0.875, 0.0625, 0.125, 0.0625, 0.0625, 0.0625, 0.0625, 0.0625, 0.125, 0.0625, 0.0625, 0.0625, 0.0625, 0.0625, 0.0625, 0.0625, 0.0625, 0.0625, 0.0625, 0.0625]
[TRAIN]: (927/1600): reward: 20.64033994078636, rates: 22.64034009701006, loss: 0.8193418398499489, rho: 0.15625, transmit_actions: 19, P: [0.875, 0.125, 0.0625, 0.0625, 0.125, 0.0625, 0.0625, 0.0625, 0.125, 0.125, 0.125, 0.0625, 0.0625, 0.0625, 0.0625, 0.0625, 0.0625, 0.0625, 0.0625, 0.0625]
[TRAIN]: (928/1600): reward: 19.09908862411976, rates: 20.09908876533527, loss: 0.7326194882392884, rho: 0.1875, transmit_actions: 19, P: [0.875, 0.125, 0.0625, 0.125, 0.0625, 0.125, 0.0625, 0.0625, 0.0625, 0.0625, 0.0625, 0.0625, 0.0625, 0.0625, 0.0625, 0.0625, 0.0625, 0.0625, 0.0625, 0.0625]
[TRAIN]: (929/1600): reward: 22.237471789121628, rates: 22.237471750687202, loss: 0.7052747905254364, rho: 0.1375, transmit_actions: 19, P: [0.875, 0.0625, 0.125, 0.0625, 0.125, 0.0625, 0.0625, 0.0625, 0.0625, 0.0625, 0.0625, 0.0625, 0.0625, 0.0625, 0.0625, 0.0625, 0.0625, 0.0625, 0.0625, 0.0625]
[TRAIN]: (930/1600): reward: 13.262299239635468, rates: 19.26229919320982, loss: 0.8060380607843399, rho: 0.20625, transmit_actions: 18, P: [0.875, 0.125, 0.125, 0.0625, 0.0625, 0.0625, 0.0625, 0.0625, 0.125, 0.0625, 0.0625, 0.0625, 0.0625, 0.0625, 0.0625, 0.0625, 0.0625, 0.9375, 0.0625, 0.0625]
[TRAIN]: (931/1600): reward: 21.87488704919815, rates: 21.874886896505068, loss: 0.699966461956501, rho: 0.15625, transmit_actions: 19, P: [0.875, 0.0625, 0.125, 0.125, 0.0625, 0.0625, 0.0625, 0.0625, 0.0625, 0.0625, 0.0625, 0.125, 0.0625, 0.0625, 0.0625, 0.0625, 0.0625, 0.0625, 0.0625, 0.0625]
[TRAIN]: (932/1600): reward: 19.701972126960754, rates: 20.701972340776585, loss: 0.8096372991800308, rho: 0.1625, transmit_actions: 19, P: [0.875, 0.0625, 0.0625, 0.0625, 0.0625, 0.0625, 0.0625, 0.0625, 0.0625, 0.0625, 0.125, 0.0625, 0.0625, 0.0625, 0.0625, 0.0625, 0.0625, 0.0625, 0.0625, 0.0625]
[TRAIN]: (933/1600): reward: 18.490406721830368, rates: 19.490406780153215, loss: 0.7488037168979644, rho: 0.15, transmit_actions: 18, P: [0.875, 0.125, 0.0625, 0.0625, 0.0625, 0.0625, 0.0625, 1.0, 0.125, 0.125, 0.0625, 0.0625, 0.0625, 0.0625, 0.0625, 0.0625, 0.0625, 0.0625, 0.0625, 0.0625]
[TRAIN]: (934/1600): reward: 20.07227897644043, rates: 20.072278894302436, loss: 0.8250541523098945, rho: 0.15625, transmit_actions: 19, P: [0.875, 0.0625, 0.0625, 0.0625, 0.0625, 0.0625, 0.0625, 0.0625, 0.0625, 0.0625, 0.0625, 0.0625, 0.0625, 0.0625, 0.0625, 0.0625, 0.0625, 0.0625, 0.0625, 0.0625]
[TRAIN]: (935/1600): reward: 22.133665651082993, rates: 22.133665639772033, loss: 0.6979594960808754, rho: 0.16875, transmit_actions: 19, P: [0.875, 0.0625, 0.0625, 0.0625, 0.0625, 0.0625, 0.0625, 0.0625, 0.0625, 0.0625, 0.0625, 0.0625, 0.0625, 0.0625, 0.0625, 0.0625, 0.0625, 0.0625, 0.0625, 0.0625]
[TRAIN]: (936/1600): reward: 20.018489360809326, rates: 20.018489253230722, loss: 0.6384021654725075, rho: 0.14375, transmit_actions: 19, P: [0.875, 0.0625, 0.0625, 0.0625, 0.0625, 0.0625, 0.0625, 0.0625, 0.0625, 0.0625, 0.0625, 0.0625, 0.0625, 0.0625, 0.0625, 0.0625, 0.0625, 0.0625, 0.0625, 0.125]
[TRAIN]: (937/1600): reward: 14.905166983604431, rates: 18.905166991646716, loss: 0.6641321524977684, rho: 0.1875, transmit_actions: 19, P: [0.875, 0.0625, 0.0625, 0.0625, 0.0625, 0.0625, 0.0625, 0.0625, 0.0625, 0.0625, 0.0625, 0.0625, 0.0625, 0.0625, 0.0625, 0.8125, 0.0625, 0.0625, 0.0625, 0.0625]
[TRAIN]: (938/1600): reward: 18.881444692611694, rates: 20.88144492193287, loss: 0.6358937889337539, rho: 0.18125, transmit_actions: 19, P: [0.875, 0.125, 0.0625, 0.0625, 0.0625, 0.0625, 0.0625, 0.0625, 0.0625, 0.125, 0.0625, 0.125, 0.0625, 0.0625, 0.0625, 0.0625, 0.0625, 0.0625, 0.0625, 0.0625]
[TRAIN]: (939/1600): reward: 18.313722416758537, rates: 19.31372236587102, loss: 0.6901002436876297, rho: 0.15, transmit_actions: 19, P: [0.875, 0.125, 0.0625, 0.0625, 0.0625, 0.0625, 0.0625, 0.0625, 0.0625, 0.0625, 0.0625, 0.0625, 0.0625, 0.0625, 0.0625, 0.0625, 0.0625, 0.0625, 0.0625, 0.0625]
[TRAIN]: (940/1600): reward: 18.764583498239517, rates: 19.76458361255695, loss: 0.769063976407051, rho: 0.15, transmit_actions: 19, P: [0.875, 0.0625, 0.0625, 0.0625, 0.0625, 0.0625, 0.125, 0.0625, 0.0625, 0.0625, 0.0625, 0.0625, 0.0625, 0.0625, 0.0625, 0.0625, 0.0625, 0.0625, 0.0625, 0.0625]
[TRAIN]: (941/1600): reward: 22.000990360975266, rates: 22.000990330338425, loss: 0.8101959660649299, rho: 0.14375, transmit_actions: 19, P: [0.875, 0.125, 0.0625, 0.0625, 0.0625, 0.0625, 0.0625, 0.0625, 0.0625, 0.0625, 0.0625, 0.0625, 0.0625, 0.0625, 0.125, 0.0625, 0.0625, 0.0625, 0.0625, 0.0625]
[TRAIN]: (942/1600): reward: 19.327306181192398, rates: 19.327306406939286, loss: 0.699185025691986, rho: 0.1375, transmit_actions: 19, P: [0.875, 0.0625, 0.0625, 0.0625, 0.0625, 0.0625, 0.0625, 0.0625, 0.0625, 0.0625, 0.0625, 0.0625, 0.0625, 0.0625, 0.0625, 0.0625, 0.0625, 0.0625, 0.0625, 0.0625]
[TRAIN]: (943/1600): reward: 14.272401183843613, rates: 17.272401054228006, loss: 0.7911930344998837, rho: 0.18125, transmit_actions: 19, P: [0.875, 0.125, 0.125, 0.0625, 0.0625, 0.0625, 0.0625, 0.0625, 0.0625, 0.0625, 0.0625, 0.0625, 0.0625, 0.0625, 0.0625, 0.0625, 0.0625, 0.4375, 0.0625, 0.0625]
[TRAIN]: (944/1600): reward: 19.77803921699524, rates: 19.778039241249814, loss: 0.5783288136124611, rho: 0.15, transmit_actions: 19, P: [0.875, 0.0625, 0.0625, 0.0625, 0.0625, 0.0625, 0.125, 0.0625, 0.0625, 0.0625, 0.0625, 0.0625, 0.0625, 0.0625, 0.0625, 0.0625, 0.0625, 0.0625, 0.0625, 0.0625]
[TRAIN]: (945/1600): reward: 17.356815114617348, rates: 17.356815012831092, loss: 0.6928000807762146, rho: 0.14375, transmit_actions: 19, P: [0.875, 0.0625, 0.0625, 0.125, 0.0625, 0.0625, 0.0625, 0.0625, 0.0625, 0.0625, 0.0625, 0.0625, 0.0625, 0.0625, 0.0625, 0.0625, 0.0625, 0.0625, 0.0625, 0.0625]
[TRAIN]: (946/1600): reward: 21.50620448589325, rates: 21.506204481658727, loss: 0.754294054210186, rho: 0.15625, transmit_actions: 19, P: [0.875, 0.0625, 0.0625, 0.0625, 0.0625, 0.0625, 0.125, 0.0625, 0.0625, 0.0625, 0.0625, 0.0625, 0.0625, 0.0625, 0.0625, 0.0625, 0.0625, 0.0625, 0.0625, 0.0625]
[TRAIN]: (947/1600): reward: 18.054772228002548, rates: 18.054772277290528, loss: 0.6162743702530861, rho: 0.14375, transmit_actions: 19, P: [0.875, 0.0625, 0.0625, 0.0625, 0.0625, 0.0625, 0.0625, 0.0625, 0.0625, 0.0625, 0.0625, 0.0625, 0.0625, 0.0625, 0.0625, 0.0625, 0.0625, 0.0625, 0.0625, 0.125]
[TRAIN]: (948/1600): reward: 19.0645103007555, rates: 20.064510455803685, loss: 0.6571187078952789, rho: 0.1375, transmit_actions: 19, P: [0.875, 0.125, 0.0625, 0.0625, 0.0625, 0.0625, 0.0625, 0.0625, 0.0625, 0.0625, 0.0625, 0.0625, 0.0625, 0.0625, 0.0625, 0.0625, 0.0625, 0.0625, 0.0625, 0.0625]
[TRAIN]: (949/1600): reward: 8.020794004201889, rates: 18.020794048425987, loss: 0.7315773874521255, rho: 0.20625, transmit_actions: 17, P: [0.875, 0.0625, 0.0625, 0.0625, 0.125, 0.0625, 0.0625, 0.0625, 0.0625, 0.0625, 0.0625, 0.0625, 0.0625, 0.0625, 0.0625, 0.0625, 0.25, 0.0625, 0.0625, 0.875]
[TRAIN]: (950/1600): reward: 21.789309203624725, rates: 21.789309241035525, loss: 0.6000765457749366, rho: 0.1625, transmit_actions: 19, P: [0.875, 0.0625, 0.0625, 0.125, 0.0625, 0.125, 0.0625, 0.0625, 0.0625, 0.0625, 0.0625, 0.0625, 0.0625, 0.0625, 0.0625, 0.0625, 0.0625, 0.0625, 0.0625, 0.0625]
[TRAIN]: (951/1600): reward: 20.14464370906353, rates: 20.14464369233249, loss: 0.7978958919644356, rho: 0.20625, transmit_actions: 19, P: [0.875, 0.0625, 0.0625, 0.0625, 0.0625, 0.0625, 0.0625, 0.0625, 0.125, 0.0625, 0.0625, 0.0625, 0.0625, 0.0625, 0.0625, 0.0625, 0.0625, 0.0625, 0.0625, 0.0625]
[TRAIN]: (952/1600): reward: 17.498487755656242, rates: 20.49848794195649, loss: 0.727442866563797, rho: 0.15625, transmit_actions: 19, P: [0.875, 0.0625, 0.0625, 0.0625, 0.0625, 0.0625, 0.0625, 0.0625, 0.0625, 0.0625, 0.0625, 0.0625, 0.0625, 0.0625, 0.0625, 0.125, 0.0625, 0.0625, 0.125, 0.125]
[TRAIN]: (953/1600): reward: 19.61977756023407, rates: 19.61977745518996, loss: 0.7458449929952622, rho: 0.175, transmit_actions: 19, P: [0.875, 0.125, 0.0625, 0.0625, 0.0625, 0.0625, 0.0625, 0.0625, 0.125, 0.0625, 0.0625, 0.0625, 0.0625, 0.0625, 0.0625, 0.0625, 0.0625, 0.0625, 0.0625, 0.0625]
[TRAIN]: (954/1600): reward: 19.22182023525238, rates: 20.221820231169247, loss: 0.6756881564855576, rho: 0.14375, transmit_actions: 19, P: [0.875, 0.0625, 0.0625, 0.0625, 0.0625, 0.0625, 0.0625, 0.0625, 0.0625, 0.0625, 0.125, 0.0625, 0.0625, 0.0625, 0.0625, 0.0625, 0.0625, 0.0625, 0.0625, 0.0625]
[TRAIN]: (955/1600): reward: 19.726806074380875, rates: 19.72680629090303, loss: 0.7118802145123482, rho: 0.15, transmit_actions: 19, P: [0.875, 0.0625, 0.0625, 0.0625, 0.125, 0.0625, 0.0625, 0.0625, 0.0625, 0.0625, 0.125, 0.0625, 0.0625, 0.0625, 0.0625, 0.0625, 0.0625, 0.0625, 0.0625, 0.0625]
[TRAIN]: (956/1600): reward: 20.328642576932907, rates: 20.328642489282785, loss: 0.696602825820446, rho: 0.14375, transmit_actions: 19, P: [0.875, 0.0625, 0.0625, 0.0625, 0.0625, 0.0625, 0.0625, 0.0625, 0.0625, 0.0625, 0.0625, 0.0625, 0.0625, 0.0625, 0.0625, 0.0625, 0.0625, 0.0625, 0.0625, 0.0625]
[TRAIN]: (957/1600): reward: 19.307852745056152, rates: 19.30785263549901, loss: 0.6405273854732514, rho: 0.175, transmit_actions: 19, P: [0.875, 0.0625, 0.0625, 0.0625, 0.0625, 0.0625, 0.0625, 0.0625, 0.0625, 0.0625, 0.0625, 0.0625, 0.0625, 0.0625, 0.0625, 0.0625, 0.0625, 0.0625, 0.0625, 0.0625]
[TRAIN]: (958/1600): reward: 20.829720199108124, rates: 20.829720281565386, loss: 0.7535527214407921, rho: 0.1625, transmit_actions: 19, P: [0.875, 0.0625, 0.0625, 0.0625, 0.0625, 0.0625, 0.0625, 0.0625, 0.0625, 0.125, 0.0625, 0.0625, 0.0625, 0.0625, 0.0625, 0.0625, 0.0625, 0.0625, 0.0625, 0.0625]
[TRAIN]: (959/1600): reward: 19.645333856344223, rates: 19.64533385191607, loss: 0.7284252896904946, rho: 0.15, transmit_actions: 19, P: [0.875, 0.0625, 0.0625, 0.0625, 0.0625, 0.125, 0.0625, 0.0625, 0.0625, 0.0625, 0.0625, 0.0625, 0.0625, 0.0625, 0.0625, 0.0625, 0.0625, 0.0625, 0.0625, 0.0625]
[TRAIN]: (960/1600): reward: 19.908640205860138, rates: 19.90864032019693, loss: 0.7244003236293792, rho: 0.1375, transmit_actions: 19, P: [0.875, 0.0625, 0.0625, 0.0625, 0.0625, 0.0625, 0.125, 0.0625, 0.0625, 0.0625, 0.0625, 0.0625, 0.0625, 0.0625, 0.0625, 0.0625, 0.0625, 0.0625, 0.0625, 0.0625]
[TRAIN]: (961/1600): reward: 14.863392621278763, rates: 20.863392781595966, loss: 0.7620385482907295, rho: 0.15, transmit_actions: 19, P: [0.875, 0.0625, 0.0625, 0.0625, 0.8125, 0.125, 0.0625, 0.0625, 0.0625, 0.0625, 0.0625, 0.0625, 0.0625, 0.0625, 0.0625, 0.0625, 0.0625, 0.125, 0.0625, 0.0625]
[TRAIN]: (962/1600): reward: 18.170408993959427, rates: 19.170408934512004, loss: 0.5860513634979725, rho: 0.15, transmit_actions: 19, P: [0.875, 0.125, 0.0625, 0.0625, 0.0625, 0.0625, 0.0625, 0.0625, 0.0625, 0.0625, 0.0625, 0.0625, 0.0625, 0.0625, 0.0625, 0.0625, 0.0625, 0.0625, 0.0625, 0.0625]
[TRAIN]: (963/1600): reward: 19.382924050092697, rates: 19.382923879952504, loss: 0.6804119318723678, rho: 0.18125, transmit_actions: 19, P: [0.875, 0.0625, 0.0625, 0.0625, 0.125, 0.0625, 0.125, 0.125, 0.0625, 0.0625, 0.0625, 0.0625, 0.0625, 0.0625, 0.0625, 0.0625, 0.0625, 0.0625, 0.0625, 0.0625]
[TRAIN]: (964/1600): reward: 18.78946813941002, rates: 18.78946814348822, loss: 0.7102916091680527, rho: 0.15625, transmit_actions: 19, P: [0.875, 0.0625, 0.0625, 0.0625, 0.0625, 0.1875, 0.0625, 0.0625, 0.0625, 0.0625, 0.125, 0.0625, 0.0625, 0.0625, 0.0625, 0.0625, 0.0625, 0.0625, 0.0625, 0.0625]
[TRAIN]: (965/1600): reward: 20.81278756260872, rates: 20.812787587490018, loss: 0.6858090177178383, rho: 0.15, transmit_actions: 19, P: [0.875, 0.0625, 0.0625, 0.0625, 0.0625, 0.0625, 0.0625, 0.0625, 0.0625, 0.0625, 0.0625, 0.0625, 0.0625, 0.0625, 0.0625, 0.0625, 0.0625, 0.0625, 0.0625, 0.0625]
[TRAIN]: (966/1600): reward: 19.19672128558159, rates: 19.196721188628036, loss: 0.6145939752459526, rho: 0.175, transmit_actions: 19, P: [0.875, 0.125, 0.125, 0.0625, 0.125, 0.0625, 0.0625, 0.0625, 0.0625, 0.0625, 0.0625, 0.0625, 0.0625, 0.0625, 0.0625, 0.0625, 0.0625, 0.0625, 0.0625, 0.0625]
[TRAIN]: (967/1600): reward: 19.24399271607399, rates: 19.243992766722023, loss: 0.7853467524051666, rho: 0.15, transmit_actions: 19, P: [0.875, 0.0625, 0.0625, 0.0625, 0.0625, 0.0625, 0.0625, 0.0625, 0.0625, 0.0625, 0.0625, 0.0625, 0.0625, 0.0625, 0.0625, 0.0625, 0.0625, 0.0625, 0.0625, 0.0625]
[TRAIN]: (968/1600): reward: 13.879288107156754, rates: 19.87928811956053, loss: 0.6854752287268638, rho: 0.1625, transmit_actions: 19, P: [0.875, 0.0625, 0.0625, 0.0625, 0.0625, 0.0625, 0.625, 0.0625, 0.0625, 0.0625, 0.0625, 0.0625, 0.0625, 0.0625, 0.0625, 0.0625, 0.0625, 0.0625, 0.0625, 0.0625]
[TRAIN]: (969/1600): reward: 21.496013268828392, rates: 21.49601307045569, loss: 0.6339810058474541, rho: 0.15, transmit_actions: 19, P: [0.875, 0.0625, 0.0625, 0.0625, 0.0625, 0.0625, 0.0625, 0.0625, 0.0625, 0.0625, 0.0625, 0.0625, 0.0625, 0.0625, 0.0625, 0.0625, 0.0625, 0.0625, 0.0625, 0.0625]
[TRAIN]: (970/1600): reward: 18.237849473953247, rates: 19.23784940634316, loss: 0.6821228235960006, rho: 0.15, transmit_actions: 19, P: [0.875, 0.0625, 0.0625, 0.0625, 0.125, 0.0625, 0.0625, 0.0625, 0.0625, 0.0625, 0.0625, 0.0625, 0.0625, 0.0625, 0.0625, 0.0625, 0.0625, 0.0625, 0.0625, 0.0625]
[TRAIN]: (971/1600): reward: 12.359332233667374, rates: 18.35933229138233, loss: 0.7481947034597397, rho: 0.15625, transmit_actions: 17, P: [0.875, 0.0625, 0.0625, 0.0625, 0.0625, 0.0625, 0.0625, 0.0625, 0.5, 0.0625, 0.0625, 0.0625, 0.0625, 0.0625, 0.0625, 0.875, 0.0625, 0.0625, 0.0625, 0.0625]
[TRAIN]: (972/1600): reward: 20.10426563024521, rates: 20.104265655198013, loss: 0.6920643121004104, rho: 0.18125, transmit_actions: 19, P: [0.875, 0.125, 0.0625, 0.0625, 0.0625, 0.0625, 0.125, 0.0625, 0.0625, 0.0625, 0.0625, 0.0625, 0.0625, 0.0625, 0.0625, 0.0625, 0.0625, 0.0625, 0.0625, 0.0625]
[TRAIN]: (973/1600): reward: 19.70010606944561, rates: 19.70010595752765, loss: 0.654922354221344, rho: 0.16875, transmit_actions: 19, P: [0.875, 0.125, 0.0625, 0.0625, 0.0625, 0.125, 0.0625, 0.0625, 0.0625, 0.125, 0.0625, 0.0625, 0.0625, 0.0625, 0.0625, 0.0625, 0.0625, 0.0625, 0.0625, 0.0625]
[TRAIN]: (974/1600): reward: 19.732891112565994, rates: 19.73289115318802, loss: 0.7158008933067321, rho: 0.1625, transmit_actions: 19, P: [0.875, 0.0625, 0.0625, 0.0625, 0.0625, 0.0625, 0.0625, 0.0625, 0.0625, 0.0625, 0.0625, 0.0625, 0.0625, 0.0625, 0.0625, 0.0625, 0.0625, 0.0625, 0.0625, 0.0625]
[TRAIN]: (975/1600): reward: 18.063276648521423, rates: 19.063276522236453, loss: 0.6786962538957596, rho: 0.1625, transmit_actions: 19, P: [0.875, 0.0625, 0.0625, 0.0625, 0.0625, 0.0625, 0.0625, 0.0625, 0.0625, 0.125, 0.0625, 0.0625, 0.0625, 0.0625, 0.0625, 0.0625, 0.0625, 0.0625, 0.0625, 0.0625]
[TRAIN]: (976/1600): reward: 20.267633318901062, rates: 20.267633473770292, loss: 0.748014111816883, rho: 0.1375, transmit_actions: 19, P: [0.875, 0.0625, 0.0625, 0.0625, 0.0625, 0.0625, 0.0625, 0.0625, 0.0625, 0.0625, 0.0625, 0.0625, 0.0625, 0.0625, 0.0625, 0.0625, 0.0625, 0.0625, 0.0625, 0.0625]
[TRAIN]: (977/1600): reward: 23.25483140349388, rates: 23.254831224883436, loss: 0.6252924233675003, rho: 0.14375, transmit_actions: 19, P: [0.875, 0.0625, 0.0625, 0.0625, 0.0625, 0.0625, 0.0625, 0.0625, 0.0625, 0.0625, 0.0625, 0.0625, 0.0625, 0.0625, 0.0625, 0.0625, 0.0625, 0.0625, 0.0625, 0.0625]
[TRAIN]: (978/1600): reward: 21.442714661359787, rates: 21.44271463368274, loss: 0.6292037531733513, rho: 0.14375, transmit_actions: 19, P: [0.875, 0.0625, 0.0625, 0.0625, 0.0625, 0.0625, 0.0625, 0.0625, 0.0625, 0.0625, 0.0625, 0.0625, 0.0625, 0.0625, 0.0625, 0.0625, 0.0625, 0.0625, 0.0625, 0.0625]
[TRAIN]: (979/1600): reward: 18.703008830547333, rates: 18.703008863896653, loss: 0.6262443110346794, rho: 0.1625, transmit_actions: 18, P: [0.875, 0.9375, 0.0625, 0.0625, 0.0625, 0.0625, 0.0625, 0.0625, 0.0625, 0.0625, 0.125, 0.0625, 0.0625, 0.0625, 0.0625, 0.0625, 0.0625, 0.0625, 0.0625, 0.0625]
[TRAIN]: (980/1600): reward: 22.55930072069168, rates: 22.559300646149946, loss: 0.7189863279461861, rho: 0.1625, transmit_actions: 19, P: [0.875, 0.0625, 0.0625, 0.125, 0.0625, 0.0625, 0.0625, 0.0625, 0.0625, 0.0625, 0.0625, 0.0625, 0.0625, 0.0625, 0.0625, 0.0625, 0.0625, 0.0625, 0.0625, 0.0625]
[TRAIN]: (981/1600): reward: 17.271237418055534, rates: 20.271237522015547, loss: 0.790359328687191, rho: 0.175, transmit_actions: 18, P: [0.875, 1.0, 0.0625, 0.0625, 0.125, 0.125, 0.0625, 0.0625, 0.0625, 0.125, 0.0625, 0.0625, 0.125, 0.0625, 0.125, 0.0625, 0.0625, 0.0625, 0.0625, 0.0625]
[TRAIN]: (982/1600): reward: 19.932574316859245, rates: 21.932574048027668, loss: 0.5909404926002025, rho: 0.14375, transmit_actions: 19, P: [0.875, 0.0625, 0.0625, 0.0625, 0.125, 0.125, 0.125, 0.125, 0.0625, 0.0625, 0.0625, 0.0625, 0.125, 0.0625, 0.0625, 0.0625, 0.0625, 0.0625, 0.0625, 0.0625]
[TRAIN]: (983/1600): reward: 11.434767547994852, rates: 17.434767524354765, loss: 0.744141012430191, rho: 0.2, transmit_actions: 18, P: [0.875, 0.0625, 0.0625, 0.0625, 0.0625, 0.0625, 0.0625, 0.0625, 0.0625, 0.125, 0.0625, 0.1875, 0.0625, 0.0625, 0.125, 0.0625, 0.0625, 0.0625, 0.0625, 0.0625]
[TRAIN]: (984/1600): reward: 19.168123483657837, rates: 19.168123390456092, loss: 0.7734189361333847, rho: 0.16875, transmit_actions: 19, P: [0.875, 0.0625, 0.0625, 0.0625, 0.0625, 0.0625, 0.125, 0.0625, 0.0625, 0.0625, 0.125, 0.0625, 0.0625, 0.0625, 0.0625, 0.0625, 0.0625, 0.0625, 0.0625, 0.0625]
[TRAIN]: (985/1600): reward: 19.767132341861725, rates: 19.767132269686392, loss: 0.6825708299875259, rho: 0.16875, transmit_actions: 19, P: [0.875, 0.125, 0.0625, 0.0625, 0.125, 0.0625, 0.0625, 0.0625, 0.0625, 0.0625, 0.0625, 0.0625, 0.0625, 0.0625, 0.0625, 0.0625, 0.0625, 0.0625, 0.0625, 0.0625]
[TRAIN]: (986/1600): reward: 20.273820251226425, rates: 23.273820229942878, loss: 0.7282054603099823, rho: 0.14375, transmit_actions: 19, P: [0.875, 0.125, 0.0625, 0.0625, 0.0625, 0.0625, 0.0625, 0.125, 0.0625, 0.125, 0.0625, 0.0625, 0.0625, 0.0625, 0.0625, 0.0625, 0.0625, 0.0625, 0.0625, 0.0625]
[TRAIN]: (987/1600): reward: 19.358641892671585, rates: 19.358641736137194, loss: 0.6983887135982514, rho: 0.14375, transmit_actions: 19, P: [0.875, 0.125, 0.0625, 0.0625, 0.0625, 0.0625, 0.0625, 0.0625, 0.0625, 0.0625, 0.0625, 0.0625, 0.0625, 0.0625, 0.0625, 0.0625, 0.0625, 0.0625, 0.0625, 0.0625]
[TRAIN]: (988/1600): reward: 20.58165356516838, rates: 20.581653566885198, loss: 0.697309048473835, rho: 0.14375, transmit_actions: 19, P: [0.875, 0.0625, 0.0625, 0.0625, 0.125, 0.0625, 0.0625, 0.0625, 0.0625, 0.0625, 0.125, 0.0625, 0.0625, 0.0625, 0.0625, 0.0625, 0.0625, 0.0625, 0.0625, 0.0625]
[TRAIN]: (989/1600): reward: 20.15044930577278, rates: 20.150449313252153, loss: 0.5716987267136574, rho: 0.14375, transmit_actions: 19, P: [0.875, 0.0625, 0.0625, 0.0625, 0.0625, 0.0625, 0.0625, 0.0625, 0.0625, 0.0625, 0.0625, 0.0625, 0.0625, 0.0625, 0.0625, 0.0625, 0.125, 0.0625, 0.0625, 0.0625]
[TRAIN]: (990/1600): reward: 16.61275479197502, rates: 19.612754859133315, loss: 0.6453131377696991, rho: 0.18125, transmit_actions: 19, P: [0.875, 0.125, 0.0625, 0.0625, 0.0625, 0.0625, 0.125, 0.0625, 0.0625, 0.0625, 0.125, 0.0625, 0.0625, 0.0625, 0.0625, 0.0625, 0.0625, 0.0625, 0.0625, 0.0625]
[TRAIN]: (991/1600): reward: 16.43995077908039, rates: 17.439950834427368, loss: 0.6775575123727322, rho: 0.14375, transmit_actions: 18, P: [0.875, 0.9375, 0.0625, 0.0625, 0.0625, 0.0625, 0.0625, 0.125, 0.0625, 0.0625, 0.0625, 0.0625, 0.0625, 0.0625, 0.0625, 0.0625, 0.0625, 0.0625, 0.0625, 0.0625]
[TRAIN]: (992/1600): reward: 21.06365007162094, rates: 21.06364986170302, loss: 0.6107231244444847, rho: 0.1375, transmit_actions: 19, P: [0.875, 0.0625, 0.0625, 0.0625, 0.0625, 0.0625, 0.0625, 0.125, 0.0625, 0.0625, 0.0625, 0.0625, 0.0625, 0.0625, 0.0625, 0.0625, 0.0625, 0.0625, 0.0625, 0.0625]
[TRAIN]: (993/1600): reward: 17.57523012161255, rates: 17.575230322969603, loss: 0.6226886570453644, rho: 0.1375, transmit_actions: 19, P: [0.875, 0.125, 0.0625, 0.0625, 0.0625, 0.0625, 0.0625, 0.0625, 0.0625, 0.0625, 0.0625, 0.0625, 0.0625, 0.0625, 0.0625, 0.0625, 0.0625, 0.0625, 0.0625, 0.0625]
[TRAIN]: (994/1600): reward: 18.057660475373268, rates: 18.057660542425324, loss: 0.5402654379606247, rho: 0.16875, transmit_actions: 19, P: [0.875, 0.0625, 0.125, 0.0625, 0.0625, 0.0625, 0.0625, 0.0625, 0.0625, 0.0625, 0.0625, 0.0625, 0.0625, 0.0625, 0.0625, 0.0625, 0.0625, 0.0625, 0.0625, 0.0625]
[TRAIN]: (995/1600): reward: 18.108715057373047, rates: 22.108715438282438, loss: 0.6303279206156731, rho: 0.15625, transmit_actions: 19, P: [0.875, 0.0625, 0.0625, 0.125, 0.0625, 0.0625, 0.0625, 0.125, 0.125, 0.0625, 0.0625, 0.0625, 0.0625, 0.0625, 0.0625, 0.0625, 0.0625, 0.0625, 0.125, 0.0625]
[TRAIN]: (996/1600): reward: 20.50420805811882, rates: 21.50420810745104, loss: 0.7486371204257012, rho: 0.15625, transmit_actions: 19, P: [0.875, 0.125, 0.125, 0.0625, 0.0625, 0.125, 0.0625, 0.125, 0.0625, 0.0625, 0.0625, 0.0625, 0.0625, 0.0625, 0.0625, 0.0625, 0.0625, 0.0625, 0.0625, 0.0625]
[TRAIN]: (997/1600): reward: 19.54716831445694, rates: 19.54716833872682, loss: 0.7048257097601891, rho: 0.14375, transmit_actions: 19, P: [0.875, 0.125, 0.0625, 0.0625, 0.0625, 0.0625, 0.0625, 0.125, 0.0625, 0.0625, 0.0625, 0.0625, 0.0625, 0.0625, 0.0625, 0.0625, 0.0625, 0.0625, 0.125, 0.0625]
[TRAIN]: (998/1600): reward: 19.425079345703125, rates: 19.425079412212384, loss: 0.7301070243120193, rho: 0.1625, transmit_actions: 19, P: [0.875, 0.0625, 0.0625, 0.0625, 0.0625, 0.0625, 0.0625, 0.0625, 0.0625, 0.0625, 0.0625, 0.0625, 0.0625, 0.0625, 0.0625, 0.0625, 0.0625, 0.0625, 0.0625, 0.0625]
[TRAIN]: (999/1600): reward: 17.03341805934906, rates: 17.033418047737545, loss: 0.650022168457508, rho: 0.15, transmit_actions: 19, P: [0.875, 0.0625, 0.0625, 0.0625, 0.0625, 0.0625, 0.0625, 0.0625, 0.0625, 0.0625, 0.0625, 0.0625, 0.0625, 0.0625, 0.0625, 0.0625, 0.0625, 0.0625, 0.0625, 0.0625]
[TRAIN]: (1000/1600): reward: 19.29638823866844, rates: 19.296388226548554, loss: 0.6664735414087772, rho: 0.1625, transmit_actions: 19, P: [0.875, 0.0, 0.0625, 0.0625, 0.0625, 0.0625, 0.0625, 0.0625, 0.0625, 0.0625, 0.125, 0.0625, 0.0625, 0.0625, 0.0625, 0.0625, 0.0625, 0.0625, 0.0625, 0.0625]
[TRAIN]: (1001/1600): reward: 16.205653101205826, rates: 19.20565307994567, loss: 0.5808892399072647, rho: 0.15, transmit_actions: 19, P: [0.875, 0.125, 0.125, 0.0625, 0.0625, 0.0625, 0.0625, 0.0625, 0.0625, 0.0625, 0.125, 0.125, 0.125, 0.0625, 0.0625, 0.0625, 0.0625, 0.0625, 0.0625, 0.0625]
[TRAIN]: (1002/1600): reward: 13.59996047616005, rates: 19.599960521850015, loss: 0.5881863504648208, rho: 0.18125, transmit_actions: 18, P: [0.875, 0.125, 0.0625, 0.0625, 0.0625, 0.0625, 0.0625, 0.0625, 0.125, 0.0625, 0.1875, 0.0625, 0.0625, 0.0625, 0.0625, 0.0625, 0.0625, 0.0625, 0.0625, 0.0625]
[TRAIN]: (1003/1600): reward: 21.740228712558746, rates: 21.740228656156837, loss: 0.7994959443807602, rho: 0.15, transmit_actions: 19, P: [0.875, 0.0625, 0.0625, 0.0625, 0.125, 0.0625, 0.0625, 0.0625, 0.0625, 0.0625, 0.0625, 0.0625, 0.0625, 0.0625, 0.0625, 0.0625, 0.0625, 0.0625, 0.0625, 0.0625]
[TRAIN]: (1004/1600): reward: 13.26077663898468, rates: 18.260776729275314, loss: 0.663740773499012, rho: 0.15625, transmit_actions: 18, P: [0.875, 0.0625, 0.0625, 0.0625, 0.0625, 0.0625, 0.0625, 0.0625, 0.0625, 0.0625, 0.0625, 0.0625, 0.0625, 0.0625, 0.0625, 0.0625, 0.0625, 0.0625, 0.0625, 0.625]
[TRAIN]: (1005/1600): reward: 19.994156002998352, rates: 20.99415595106234, loss: 0.7185039639472961, rho: 0.15625, transmit_actions: 19, P: [0.875, 0.0625, 0.0625, 0.0625, 0.125, 0.0625, 0.0625, 0.125, 0.0625, 0.0625, 0.0625, 0.0625, 0.0625, 0.0625, 0.0625, 0.0625, 0.0625, 0.0625, 0.0625, 0.0625]
[TRAIN]: (1006/1600): reward: 19.04863630235195, rates: 19.048636354535407, loss: 0.6836877092719078, rho: 0.15625, transmit_actions: 19, P: [0.875, 0.0625, 0.0625, 0.0625, 0.0625, 0.0625, 0.0625, 0.0625, 0.0625, 0.0625, 0.0625, 0.0625, 0.0625, 0.0625, 0.0625, 0.0625, 0.0625, 0.0625, 0.0625, 0.0625]
[TRAIN]: (1007/1600): reward: 17.96240422129631, rates: 19.96240418980432, loss: 0.5951010689139367, rho: 0.1625, transmit_actions: 19, P: [0.875, 0.0625, 0.0625, 0.0625, 0.0625, 0.0625, 0.0625, 0.0625, 0.0625, 0.0625, 0.0625, 0.0625, 0.0625, 0.0625, 0.0625, 0.0625, 0.0625, 0.0625, 0.0625, 0.1875]
[TRAIN]: (1008/1600): reward: 16.71481004357338, rates: 19.71481000638146, loss: 0.6242639645934105, rho: 0.19375, transmit_actions: 19, P: [0.875, 0.0625, 0.0625, 0.0625, 0.125, 0.0625, 0.0625, 0.125, 0.125, 0.0625, 0.0625, 0.0625, 0.0625, 0.0625, 0.0625, 0.0625, 0.0625, 0.0625, 0.0625, 0.0625]
[TRAIN]: (1009/1600): reward: 22.063816130161285, rates: 22.063816372998637, loss: 0.6812894888222217, rho: 0.1375, transmit_actions: 19, P: [0.875, 0.0625, 0.0625, 0.0625, 0.0625, 0.0625, 0.0625, 0.125, 0.0625, 0.0625, 0.0625, 0.0625, 0.0625, 0.0625, 0.0625, 0.0625, 0.0625, 0.0625, 0.0625, 0.0625]
[TRAIN]: (1010/1600): reward: 15.267722219228745, rates: 19.267722275180624, loss: 0.6961435079574585, rho: 0.1625, transmit_actions: 19, P: [0.875, 0.0625, 0.0625, 0.0625, 0.0625, 0.0625, 0.0625, 0.0625, 0.0625, 0.0625, 0.0625, 0.0625, 0.0625, 0.0625, 0.0625, 0.0625, 0.125, 0.0625, 0.0625, 0.625]
[TRAIN]: (1011/1600): reward: 20.302006363868713, rates: 20.302006483923776, loss: 0.6860121876001358, rho: 0.15, transmit_actions: 19, P: [0.875, 0.0, 0.0625, 0.0625, 0.0625, 0.0625, 0.0625, 0.0625, 0.0625, 0.0625, 0.0625, 0.0625, 0.0625, 0.0625, 0.0625, 0.0625, 0.0625, 0.0625, 0.0625, 0.0625]
[TRAIN]: (1012/1600): reward: 9.90907060354948, rates: 17.909070807428886, loss: 0.6588169738650322, rho: 0.2125, transmit_actions: 19, P: [0.875, 0.0625, 0.0625, 0.125, 0.0625, 0.125, 0.3125, 0.0625, 0.0625, 0.0625, 0.0625, 0.0625, 0.0625, 0.0625, 0.0625, 0.0625, 0.0625, 0.9375, 0.125, 0.0625]
[TRAIN]: (1013/1600): reward: 20.464672535657883, rates: 20.464672424242917, loss: 0.6766657069325447, rho: 0.15, transmit_actions: 19, P: [0.875, 0.0625, 0.0625, 0.0625, 0.125, 0.0625, 0.0625, 0.0625, 0.0625, 0.125, 0.0625, 0.0625, 0.0625, 0.0625, 0.0625, 0.0625, 0.0625, 0.0625, 0.0625, 0.0625]
[TRAIN]: (1014/1600): reward: 20.348918855190277, rates: 20.348918801190486, loss: 0.7267110124230385, rho: 0.14375, transmit_actions: 19, P: [0.875, 0.0625, 0.0625, 0.0625, 0.0625, 0.0625, 0.0625, 0.0625, 0.0625, 0.0625, 0.0625, 0.0625, 0.0625, 0.0625, 0.0625, 0.0625, 0.0625, 0.0625, 0.0625, 0.0625]
[TRAIN]: (1015/1600): reward: 19.96154433488846, rates: 19.96154434301835, loss: 0.6215185821056366, rho: 0.15625, transmit_actions: 19, P: [0.875, 0.0625, 0.0625, 0.0625, 0.0625, 0.0625, 0.0625, 0.0625, 0.0625, 0.0625, 0.0625, 0.0625, 0.0625, 0.0625, 0.0625, 0.0625, 0.0625, 0.0625, 0.0625, 0.0625]
[TRAIN]: (1016/1600): reward: 20.302592635154724, rates: 20.30259258170946, loss: 0.6378786414861679, rho: 0.15, transmit_actions: 19, P: [0.875, 0.0625, 0.0625, 0.0625, 0.0625, 0.0625, 0.125, 0.0625, 0.0625, 0.125, 0.0625, 0.0625, 0.0625, 0.0625, 0.0625, 0.0625, 0.0625, 0.0625, 0.0625, 0.0625]
[TRAIN]: (1017/1600): reward: 20.179637402296066, rates: 20.17963755056609, loss: 0.5995845407247543, rho: 0.175, transmit_actions: 19, P: [0.875, 0.0625, 0.0625, 0.125, 0.0625, 0.0625, 0.0625, 0.125, 0.0625, 0.0625, 0.0625, 0.0625, 0.0625, 0.0625, 0.0625, 0.0625, 0.0625, 0.0625, 0.0625, 0.0625]
[TRAIN]: (1018/1600): reward: 19.302938222885132, rates: 19.30293809578798, loss: 0.6006699219346047, rho: 0.15625, transmit_actions: 19, P: [0.875, 0.0625, 0.0625, 0.0625, 0.0625, 0.0625, 0.0625, 0.0625, 0.125, 0.0625, 0.0625, 0.0625, 0.0625, 0.0625, 0.0625, 0.0625, 0.0625, 0.0625, 0.0625, 0.0625]
[TRAIN]: (1019/1600): reward: 21.182033598423004, rates: 21.182033535975478, loss: 0.692085075378418, rho: 0.1375, transmit_actions: 19, P: [0.875, 0.0625, 0.125, 0.0625, 0.0625, 0.0625, 0.0625, 0.0625, 0.125, 0.0625, 0.0625, 0.0625, 0.125, 0.0625, 0.125, 0.0625, 0.125, 0.0625, 0.0625, 0.0625]
[TRAIN]: (1020/1600): reward: 17.99733930826187, rates: 19.997339443618444, loss: 0.7492818504571914, rho: 0.1375, transmit_actions: 19, P: [0.875, 0.125, 0.0625, 0.0625, 0.0625, 0.125, 0.0625, 0.0625, 0.0625, 0.0625, 0.0625, 0.0625, 0.0625, 0.0625, 0.0625, 0.0625, 0.0625, 0.0625, 0.0625, 0.0625]
[TRAIN]: (1021/1600): reward: 20.7844879925251, rates: 20.78448781482008, loss: 0.550663509964943, rho: 0.14375, transmit_actions: 19, P: [0.875, 0.0625, 0.0625, 0.125, 0.125, 0.0625, 0.0625, 0.0625, 0.0625, 0.0625, 0.0625, 0.0625, 0.0625, 0.0625, 0.0625, 0.0625, 0.0625, 0.0625, 0.0625, 0.0625]
[TRAIN]: (1022/1600): reward: 17.195084169507027, rates: 19.195084079565085, loss: 0.6736741289496422, rho: 0.14375, transmit_actions: 19, P: [0.875, 0.0625, 0.0625, 0.125, 0.125, 0.125, 0.0625, 0.0625, 0.0625, 0.0625, 0.0625, 0.0625, 0.0625, 0.0625, 0.0625, 0.0625, 0.0625, 0.0625, 0.0625, 0.0625]
[TRAIN]: (1023/1600): reward: 19.763854056596756, rates: 19.763854127288376, loss: 0.687936669588089, rho: 0.1625, transmit_actions: 19, P: [0.875, 0.0625, 0.0625, 0.0625, 0.0625, 0.0625, 0.125, 0.0625, 0.0625, 0.0625, 0.0625, 0.0625, 0.0625, 0.0625, 0.0625, 0.0625, 0.0625, 0.0625, 0.0625, 0.0625]
[TRAIN]: (1024/1600): reward: 12.901310086250305, rates: 19.90130997060119, loss: 0.7555875822901725, rho: 0.175, transmit_actions: 19, P: [0.875, 0.0, 0.0625, 0.0625, 0.5625, 0.125, 0.125, 0.0625, 0.0625, 0.0625, 0.0625, 0.0625, 0.0625, 0.0625, 0.125, 0.0625, 0.0625, 0.0625, 0.0625, 0.0625]
[TRAIN]: (1025/1600): reward: 19.433838933706284, rates: 19.433839012292683, loss: 0.5988944873213768, rho: 0.14375, transmit_actions: 19, P: [0.875, 0.0625, 0.0625, 0.0625, 0.0625, 0.0625, 0.0625, 0.0625, 0.0625, 0.0625, 0.0625, 0.0625, 0.0625, 0.0625, 0.0625, 0.0625, 0.0625, 0.0625, 0.0625, 0.0625]
[TRAIN]: (1026/1600): reward: 18.930001109838486, rates: 18.93000115588295, loss: 0.6825927704572677, rho: 0.175, transmit_actions: 19, P: [0.875, 0.0625, 0.0625, 0.0625, 0.0625, 0.125, 0.0625, 0.0625, 0.0625, 0.0625, 0.0625, 0.0625, 0.0625, 0.125, 0.0625, 0.0625, 0.0625, 0.0625, 0.0625, 0.0625]
[TRAIN]: (1027/1600): reward: 19.710534036159515, rates: 19.710534129328213, loss: 0.6806765958666802, rho: 0.15, transmit_actions: 19, P: [0.875, 0.0625, 0.0625, 0.0625, 0.0625, 0.0625, 0.0625, 0.0625, 0.0625, 0.0625, 0.0625, 0.0625, 0.0625, 0.0625, 0.0625, 0.0625, 0.0625, 0.0625, 0.0625, 0.0625]
[TRAIN]: (1028/1600): reward: 19.548171013593674, rates: 19.548171083365503, loss: 0.6190064936876297, rho: 0.14375, transmit_actions: 19, P: [0.875, 0.0625, 0.0625, 0.0625, 0.0625, 0.0625, 0.0625, 0.0625, 0.0625, 0.0625, 0.0625, 0.0625, 0.0625, 0.0625, 0.0625, 0.0625, 0.0625, 0.0625, 0.0625, 0.0625]
[TRAIN]: (1029/1600): reward: 18.72909387946129, rates: 18.729093871447745, loss: 0.6454800933599472, rho: 0.1375, transmit_actions: 19, P: [0.875, 0.0625, 0.0625, 0.0625, 0.0625, 0.0625, 0.0625, 0.0625, 0.0625, 0.0625, 0.0625, 0.0625, 0.0625, 0.0625, 0.0625, 0.0625, 0.0625, 0.0625, 0.0625, 0.0625]
[TRAIN]: (1030/1600): reward: 18.253414154052734, rates: 21.253414200354403, loss: 0.654303403198719, rho: 0.1625, transmit_actions: 19, P: [0.875, 0.0625, 0.5625, 0.0625, 0.0625, 0.0625, 0.0625, 0.0625, 0.0625, 0.125, 0.0625, 0.0625, 0.0625, 0.0625, 0.0625, 0.0625, 0.0625, 0.0625, 0.0625, 0.0625]
[TRAIN]: (1031/1600): reward: 15.938309445977211, rates: 19.938309311047014, loss: 0.7440895527601242, rho: 0.19375, transmit_actions: 19, P: [0.875, 0.0625, 0.125, 0.0625, 0.0625, 0.0625, 0.125, 0.3125, 0.0625, 0.0625, 0.125, 0.0625, 0.0625, 0.0625, 0.0625, 0.0625, 0.0625, 0.0625, 0.0625, 0.0625]
[TRAIN]: (1032/1600): reward: 20.24128547310829, rates: 20.241285617814444, loss: 0.5807939909398556, rho: 0.16875, transmit_actions: 19, P: [0.875, 0.0625, 0.0625, 0.0625, 0.0625, 0.0625, 0.0625, 0.125, 0.0625, 0.0625, 0.125, 0.0625, 0.0625, 0.0625, 0.0625, 0.0625, 0.0625, 0.0625, 0.0625, 0.0625]
[TRAIN]: (1033/1600): reward: 17.58583500981331, rates: 17.58583494664461, loss: 0.648373294621706, rho: 0.14375, transmit_actions: 19, P: [0.875, 0.0625, 0.0625, 0.0625, 0.125, 0.0625, 0.0625, 0.125, 0.0625, 0.0625, 0.125, 0.0625, 0.0625, 0.0625, 0.0625, 0.0625, 0.0625, 0.0625, 0.0625, 0.0625]
[TRAIN]: (1034/1600): reward: 20.488939493894577, rates: 20.488939594404496, loss: 0.6536096841096878, rho: 0.1625, transmit_actions: 19, P: [0.875, 0.0625, 0.0625, 0.125, 0.0625, 0.0625, 0.0625, 0.0625, 0.0625, 0.0625, 0.0625, 0.0625, 0.0625, 0.0625, 0.0625, 0.0625, 0.0625, 0.0625, 0.0625, 0.0625]
[TRAIN]: (1035/1600): reward: 19.582321345806122, rates: 20.582321368000393, loss: 0.5746206134557724, rho: 0.14375, transmit_actions: 19, P: [0.875, 0.0625, 0.0625, 0.125, 0.0625, 0.0625, 0.0625, 0.125, 0.0625, 0.0625, 0.125, 0.0625, 0.0625, 0.0625, 0.0625, 0.0625, 0.0625, 0.0625, 0.0625, 0.0625]
[TRAIN]: (1036/1600): reward: 18.82968109846115, rates: 19.829681302043806, loss: 0.5746909692883492, rho: 0.15625, transmit_actions: 19, P: [0.875, 0.0625, 0.0625, 0.125, 0.0625, 0.0625, 0.0625, 0.0625, 0.125, 0.0625, 0.0625, 0.0625, 0.0625, 0.0625, 0.0625, 0.0625, 0.0625, 0.0625, 0.0625, 0.125]
[TRAIN]: (1037/1600): reward: 20.944884926080704, rates: 20.94488492235037, loss: 0.5996417105197906, rho: 0.14375, transmit_actions: 19, P: [0.875, 0.0625, 0.0625, 0.0625, 0.0625, 0.0625, 0.0625, 0.0625, 0.0625, 0.0625, 0.0625, 0.0625, 0.0625, 0.0625, 0.0625, 0.0625, 0.0625, 0.0625, 0.0625, 0.0625]
[TRAIN]: (1038/1600): reward: 17.722682684659958, rates: 18.72268265767711, loss: 0.6180050484836102, rho: 0.16875, transmit_actions: 18, P: [0.875, 0.0625, 0.125, 0.0625, 0.875, 0.0625, 0.0625, 0.0625, 0.0625, 0.0625, 0.0625, 0.0625, 0.0625, 0.0625, 0.0625, 0.0625, 0.0625, 0.0625, 0.0625, 0.0625]
[TRAIN]: (1039/1600): reward: 22.595751404762268, rates: 22.595751133314277, loss: 0.7010027766227722, rho: 0.19375, transmit_actions: 19, P: [0.875, 0.0625, 0.125, 0.0625, 0.125, 0.0625, 0.0625, 0.0625, 0.0625, 0.125, 0.125, 0.0625, 0.0625, 0.0625, 0.0625, 0.0625, 0.0625, 0.0625, 0.0625, 0.0625]
[TRAIN]: (1040/1600): reward: 19.653124794363976, rates: 19.653125015538926, loss: 0.7308309838175774, rho: 0.1375, transmit_actions: 19, P: [0.875, 0.125, 0.0625, 0.125, 0.0625, 0.0625, 0.0625, 0.0625, 0.0625, 0.0625, 0.0625, 0.0625, 0.0625, 0.0625, 0.0625, 0.0625, 0.0625, 0.0625, 0.0625, 0.0625]
[TRAIN]: (1041/1600): reward: 19.305988162755966, rates: 19.305988341080823, loss: 0.6585579439997673, rho: 0.14375, transmit_actions: 19, P: [0.875, 0.125, 0.0625, 0.0625, 0.125, 0.0625, 0.0625, 0.0625, 0.0625, 0.0625, 0.0625, 0.0625, 0.0625, 0.0625, 0.0625, 0.0625, 0.0625, 0.0625, 0.0625, 0.0625]
[TRAIN]: (1042/1600): reward: 20.756428688764572, rates: 20.756428946252814, loss: 0.5662109985947609, rho: 0.14375, transmit_actions: 19, P: [0.875, 0.0625, 0.0625, 0.0625, 0.0625, 0.0625, 0.125, 0.0625, 0.0625, 0.0625, 0.0625, 0.0625, 0.0625, 0.0625, 0.0625, 0.0625, 0.0625, 0.0625, 0.0625, 0.0625]
[TRAIN]: (1043/1600): reward: 17.941029250621796, rates: 17.94102901101825, loss: 0.6575755178928375, rho: 0.1375, transmit_actions: 18, P: [0.875, 0.9375, 0.0625, 0.125, 0.0625, 0.0625, 0.0625, 0.0625, 0.125, 0.0625, 0.0625, 0.0625, 0.0625, 0.0625, 0.0625, 0.0625, 0.0625, 0.0625, 0.0625, 0.0625]
[TRAIN]: (1044/1600): reward: 21.25064443051815, rates: 21.25064437690446, loss: 0.601292772591114, rho: 0.15625, transmit_actions: 19, P: [0.875, 0.0625, 0.0625, 0.0625, 0.0625, 0.0625, 0.0625, 0.125, 0.0625, 0.0625, 0.0625, 0.0625, 0.0625, 0.0625, 0.0625, 0.0625, 0.0625, 0.0625, 0.0625, 0.0625]
[TRAIN]: (1045/1600): reward: 20.5265049636364, rates: 21.526505233234413, loss: 0.7180866554379464, rho: 0.15, transmit_actions: 19, P: [0.875, 0.0625, 0.125, 0.0625, 0.0625, 0.0625, 0.125, 0.125, 0.0625, 0.0625, 0.0625, 0.0625, 0.0625, 0.0625, 0.0625, 0.0625, 0.0625, 0.0625, 0.0625, 0.0625]
[TRAIN]: (1046/1600): reward: 21.841651380062103, rates: 21.841651190656425, loss: 0.6296741172671318, rho: 0.14375, transmit_actions: 19, P: [0.875, 0.0625, 0.125, 0.0625, 0.0625, 0.0625, 0.0625, 0.0625, 0.0625, 0.0625, 0.0625, 0.0625, 0.0625, 0.0625, 0.0625, 0.0625, 0.0625, 0.0625, 0.0625, 0.0625]
[TRAIN]: (1047/1600): reward: 19.34578612446785, rates: 19.34578599279045, loss: 0.6030943334102631, rho: 0.1625, transmit_actions: 19, P: [0.875, 0.0625, 0.0625, 0.0625, 0.0625, 0.0625, 0.0625, 0.0625, 0.0625, 0.0625, 0.0625, 0.0625, 0.0625, 0.0625, 0.0625, 0.0625, 0.0625, 0.0625, 0.0625, 0.0625]
[TRAIN]: (1048/1600): reward: 17.9600414223969, rates: 18.960041383037925, loss: 0.6631105795502663, rho: 0.15, transmit_actions: 19, P: [0.875, 0.0625, 0.0625, 0.0625, 0.0625, 0.0625, 0.0625, 0.0625, 0.0625, 0.0625, 0.0625, 0.0625, 0.0625, 0.0625, 0.0625, 0.0625, 0.0625, 0.0625, 0.0625, 0.0625]
[TRAIN]: (1049/1600): reward: 20.42886859178543, rates: 20.428868632290182, loss: 0.5879630282521248, rho: 0.15, transmit_actions: 19, P: [0.875, 0.0625, 0.0625, 0.0625, 0.0625, 0.0625, 0.125, 0.0625, 0.0625, 0.0625, 0.125, 0.0625, 0.0625, 0.0625, 0.0625, 0.0625, 0.0625, 0.0625, 0.0625, 0.0625]
[TRAIN]: (1050/1600): reward: 18.44269761443138, rates: 18.442697789698858, loss: 0.658786840736866, rho: 0.14375, transmit_actions: 19, P: [0.875, 0.0625, 0.0625, 0.0625, 0.0625, 0.0625, 0.0625, 0.0625, 0.0625, 0.0625, 0.0625, 0.0625, 0.0625, 0.0625, 0.0625, 0.0625, 0.0625, 0.0625, 0.0625, 0.0625]
[TRAIN]: (1051/1600): reward: 19.508869886398315, rates: 19.508869696736, loss: 0.6142802566289902, rho: 0.1375, transmit_actions: 19, P: [0.875, 0.0625, 0.0625, 0.0625, 0.0625, 0.0625, 0.0625, 0.0625, 0.0625, 0.0625, 0.0625, 0.0625, 0.0625, 0.0625, 0.0625, 0.0625, 0.0625, 0.0625, 0.0625, 0.0625]
[TRAIN]: (1052/1600): reward: 21.246177345514297, rates: 21.246177503761942, loss: 0.7111397668719291, rho: 0.15625, transmit_actions: 19, P: [0.875, 0.0625, 0.125, 0.125, 0.0625, 0.0625, 0.0625, 0.0625, 0.0625, 0.0625, 0.0625, 0.0625, 0.0625, 0.0625, 0.0625, 0.0625, 0.0625, 0.0625, 0.0625, 0.0625]
[TRAIN]: (1053/1600): reward: 19.61920357309282, rates: 21.61920386906595, loss: 0.612025973200798, rho: 0.15, transmit_actions: 19, P: [0.875, 0.0625, 0.0625, 0.0625, 0.0625, 0.125, 0.0625, 0.0625, 0.125, 0.0625, 0.125, 0.0625, 0.0625, 0.0625, 0.0625, 0.0625, 0.0625, 0.0625, 0.0625, 0.0625]
[TRAIN]: (1054/1600): reward: 16.92906492948532, rates: 17.929064832591713, loss: 0.6303473010659217, rho: 0.15625, transmit_actions: 18, P: [0.875, 0.125, 0.0625, 0.0625, 0.0625, 0.0625, 0.0625, 0.0625, 0.0625, 0.875, 0.0625, 0.0625, 0.0625, 0.0625, 0.0625, 0.125, 0.0625, 0.0625, 0.125, 0.0625]
[TRAIN]: (1055/1600): reward: 19.633179411292076, rates: 19.633179295882776, loss: 0.5892432376742363, rho: 0.1375, transmit_actions: 19, P: [0.875, 0.0625, 0.0625, 0.0625, 0.0625, 0.0625, 0.0625, 0.0625, 0.0625, 0.0625, 0.0625, 0.0625, 0.0625, 0.0625, 0.0625, 0.0625, 0.0625, 0.0625, 0.0625, 0.0625]
[TRAIN]: (1056/1600): reward: 12.948290094733238, rates: 17.948290003238448, loss: 0.5422061368823051, rho: 0.18125, transmit_actions: 18, P: [0.875, 0.0625, 0.0625, 0.0625, 0.0625, 0.0625, 0.0625, 0.0625, 0.125, 0.0625, 0.0625, 0.0625, 0.0625, 0.0625, 0.0625, 0.0625, 0.0625, 0.0625, 0.0625, 0.4375]
[TRAIN]: (1057/1600): reward: 18.3124558031559, rates: 18.312455918463495, loss: 0.653930053114891, rho: 0.175, transmit_actions: 19, P: [0.875, 0.0625, 0.125, 0.0625, 0.0625, 0.0625, 0.0625, 0.0625, 0.0625, 0.0625, 0.0625, 0.0625, 0.0625, 0.0625, 0.0625, 0.0625, 0.0625, 0.0625, 0.0625, 0.0625]
[TRAIN]: (1058/1600): reward: 17.86745473742485, rates: 19.867455106478353, loss: 0.6310246169567109, rho: 0.1625, transmit_actions: 19, P: [0.875, 0.0625, 0.0625, 0.125, 0.0625, 0.0625, 0.0625, 0.0625, 0.125, 0.0625, 0.125, 0.0625, 0.0625, 0.0625, 0.0625, 0.0625, 0.0625, 0.0625, 0.0625, 0.0625]
[TRAIN]: (1059/1600): reward: 22.43527501821518, rates: 22.4352750044939, loss: 0.5489135287702084, rho: 0.15625, transmit_actions: 19, P: [0.875, 0.0625, 0.0625, 0.0625, 0.0625, 0.125, 0.0625, 0.0625, 0.0625, 0.0625, 0.0625, 0.0625, 0.0625, 0.0625, 0.0625, 0.0625, 0.0625, 0.0625, 0.0625, 0.0625]
[TRAIN]: (1060/1600): reward: 20.758490324020386, rates: 20.758490569647275, loss: 0.6731790512800216, rho: 0.15, transmit_actions: 19, P: [0.875, 0.0625, 0.0625, 0.125, 0.0625, 0.0625, 0.0625, 0.0625, 0.0625, 0.125, 0.0625, 0.125, 0.0625, 0.0625, 0.0625, 0.0625, 0.125, 0.0625, 0.0625, 0.0625]
[TRAIN]: (1061/1600): reward: 18.260775715112686, rates: 19.260775807253996, loss: 0.5948488876223564, rho: 0.1625, transmit_actions: 19, P: [0.875, 0.125, 0.0625, 0.0625, 0.0625, 0.0625, 0.0625, 0.0625, 0.0625, 0.125, 0.0625, 0.0625, 0.0625, 0.0625, 0.0625, 0.0625, 0.0625, 0.0625, 0.0625, 0.0625]
[TRAIN]: (1062/1600): reward: 19.774659365415573, rates: 19.77465942391042, loss: 0.6565943568944931, rho: 0.15, transmit_actions: 19, P: [0.875, 0.0625, 0.125, 0.125, 0.0625, 0.0625, 0.0625, 0.0625, 0.0625, 0.125, 0.0625, 0.0625, 0.0625, 0.0625, 0.0625, 0.0625, 0.0625, 0.0625, 0.0625, 0.0625]
[TRAIN]: (1063/1600): reward: 12.412053883075714, rates: 17.412053901061935, loss: 0.6219595827162265, rho: 0.19375, transmit_actions: 19, P: [0.875, 0.0625, 0.0625, 0.0625, 0.0625, 1.0, 0.0625, 0.0625, 0.0625, 0.0625, 0.0625, 0.0625, 0.0625, 0.0625, 0.0625, 0.0625, 0.0625, 0.0625, 0.0625, 0.0625]
[TRAIN]: (1064/1600): reward: 20.531402498483658, rates: 20.531402593235857, loss: 0.5723209291696548, rho: 0.1375, transmit_actions: 18, P: [0.875, 0.625, 0.0625, 0.0625, 0.0625, 0.0625, 0.0625, 0.0625, 0.125, 0.0625, 0.0625, 0.0625, 0.0625, 0.0625, 0.0625, 0.0625, 0.0625, 0.125, 0.0625, 0.0625]
[TRAIN]: (1065/1600): reward: 21.156168311834335, rates: 21.156168186622967, loss: 0.6083403155207634, rho: 0.1375, transmit_actions: 19, P: [0.875, 0.0625, 0.125, 0.0625, 0.0625, 0.0625, 0.0625, 0.0625, 0.0625, 0.0625, 0.125, 0.0625, 0.0625, 0.0625, 0.0625, 0.0625, 0.0625, 0.0625, 0.0625, 0.0625]
[TRAIN]: (1066/1600): reward: 20.646871715784073, rates: 20.646871627225494, loss: 0.5511020988225936, rho: 0.14375, transmit_actions: 19, P: [0.875, 0.0625, 0.0625, 0.0625, 0.0625, 0.0625, 0.0625, 0.0625, 0.0625, 0.0625, 0.0625, 0.0625, 0.0625, 0.0625, 0.0625, 0.0625, 0.0625, 0.0625, 0.0625, 0.0625]
[TRAIN]: (1067/1600): reward: 18.339675724506378, rates: 20.339675699345488, loss: 0.6132581815123558, rho: 0.16875, transmit_actions: 19, P: [0.875, 0.0625, 0.0625, 0.0625, 0.0625, 0.0625, 0.0625, 0.0625, 0.0625, 0.125, 0.125, 0.0625, 0.0625, 0.0625, 0.0625, 0.0625, 0.0625, 0.0625, 0.0625, 0.0625]
[TRAIN]: (1068/1600): reward: 16.892039000988007, rates: 17.892038839348718, loss: 0.6753777414560318, rho: 0.15, transmit_actions: 19, P: [0.875, 0.0625, 0.0625, 0.0625, 0.0625, 0.0625, 0.0625, 0.0625, 0.0625, 0.0625, 0.0625, 0.0625, 0.0625, 0.0625, 0.0625, 0.0625, 0.0625, 0.0625, 0.0625, 0.0625]
[TRAIN]: (1069/1600): reward: 20.8556290268898, rates: 20.855628836688233, loss: 0.5129080533981323, rho: 0.15625, transmit_actions: 19, P: [0.875, 0.125, 0.0625, 0.125, 0.0625, 0.0625, 0.0625, 0.125, 0.0625, 0.0625, 0.0625, 0.0625, 0.0625, 0.0625, 0.0625, 0.0625, 0.0625, 0.0625, 0.0625, 0.125]
[TRAIN]: (1070/1600): reward: 15.083725348114967, rates: 20.083725458419657, loss: 0.6107401698827744, rho: 0.1875, transmit_actions: 18, P: [0.875, 0.0625, 0.0625, 0.0625, 0.0625, 0.0625, 0.0625, 0.0625, 0.0625, 0.0625, 0.0625, 0.0625, 0.6875, 0.0625, 0.0625, 0.0625, 0.0625, 0.0625, 0.0625, 0.0625]
[TRAIN]: (1071/1600): reward: 22.83519372344017, rates: 22.835193610560733, loss: 0.54817985445261, rho: 0.15, transmit_actions: 19, P: [0.875, 0.125, 0.0625, 0.0625, 0.125, 0.0625, 0.0625, 0.125, 0.125, 0.0625, 0.0625, 0.0625, 0.0625, 0.0625, 0.0625, 0.0625, 0.0625, 0.0625, 0.0625, 0.0625]
[TRAIN]: (1072/1600): reward: 19.907445400953293, rates: 19.907445467451588, loss: 0.7319172471761703, rho: 0.15625, transmit_actions: 19, P: [0.875, 0.0625, 0.0625, 0.0625, 0.0625, 0.0625, 0.0625, 0.0625, 0.0625, 0.0625, 0.0625, 0.0625, 0.0625, 0.0625, 0.0625, 0.0625, 0.0625, 0.0625, 0.0625, 0.0625]
[TRAIN]: (1073/1600): reward: 21.31599310040474, rates: 21.315993084315217, loss: 0.7119089409708976, rho: 0.1375, transmit_actions: 18, P: [0.875, 1.0, 0.125, 0.0625, 0.0625, 0.0625, 0.0625, 0.0625, 0.0625, 0.0625, 0.0625, 0.0625, 0.0625, 0.0625, 0.0625, 0.0625, 0.0625, 0.0625, 0.0625, 0.0625]
[TRAIN]: (1074/1600): reward: 22.568681851029396, rates: 22.5686817866685, loss: 0.588547321408987, rho: 0.175, transmit_actions: 19, P: [0.875, 0.125, 0.0625, 0.0625, 0.0625, 0.0625, 0.125, 0.0625, 0.0625, 0.0625, 0.0625, 0.0625, 0.0625, 0.0625, 0.0625, 0.0625, 0.0625, 0.0625, 0.0625, 0.0625]
[TRAIN]: (1075/1600): reward: 20.2070375084877, rates: 20.20703759232588, loss: 0.608370840549469, rho: 0.175, transmit_actions: 18, P: [0.875, 0.0625, 0.0625, 0.0625, 0.125, 0.0625, 0.0625, 0.125, 1.0, 0.0625, 0.0625, 0.0625, 0.0625, 0.0625, 0.0625, 0.0625, 0.0625, 0.0625, 0.0625, 0.0625]
[TRAIN]: (1076/1600): reward: 19.221649795770645, rates: 19.22164975727585, loss: 0.6515177100896835, rho: 0.15625, transmit_actions: 19, P: [0.875, 0.0625, 0.0625, 0.0625, 0.0625, 0.0625, 0.0625, 0.0625, 0.0625, 0.0625, 0.125, 0.0625, 0.0625, 0.0625, 0.0625, 0.0625, 0.0625, 0.0625, 0.0625, 0.0625]
[TRAIN]: (1077/1600): reward: 17.679448574781418, rates: 18.679448612700984, loss: 0.5191456258296967, rho: 0.1625, transmit_actions: 19, P: [0.875, 0.0625, 0.0625, 0.0625, 0.0625, 0.0625, 0.0625, 0.0625, 0.0625, 0.0625, 0.0625, 0.0625, 0.0625, 0.0625, 0.0625, 0.0625, 0.0625, 0.0625, 0.0625, 0.0625]
[TRAIN]: (1078/1600): reward: 21.845463037490845, rates: 21.845462732159397, loss: 0.5782357566058636, rho: 0.15, transmit_actions: 19, P: [0.875, 0.0625, 0.0625, 0.125, 0.0625, 0.0625, 0.0625, 0.0625, 0.0625, 0.0625, 0.0625, 0.0625, 0.0625, 0.0625, 0.0625, 0.0625, 0.0625, 0.0625, 0.0625, 0.0625]
[TRAIN]: (1079/1600): reward: 19.53431460261345, rates: 19.534314777692764, loss: 0.5701283842325211, rho: 0.1625, transmit_actions: 19, P: [0.875, 0.125, 0.0625, 0.0625, 0.0625, 0.0625, 0.0625, 0.0625, 0.0625, 0.0625, 0.0625, 0.0625, 0.0625, 0.0625, 0.0625, 0.0625, 0.0625, 0.0625, 0.0625, 0.0625]
[TRAIN]: (1080/1600): reward: 20.878304332494736, rates: 20.878304494663993, loss: 0.6017665341496468, rho: 0.14375, transmit_actions: 18, P: [0.875, 0.9375, 0.0625, 0.0625, 0.0625, 0.0625, 0.0625, 0.0625, 0.0625, 0.0625, 0.0625, 0.0625, 0.0625, 0.0625, 0.0625, 0.0625, 0.0625, 0.0625, 0.0625, 0.0625]
[TRAIN]: (1081/1600): reward: 18.40745535492897, rates: 18.407455364332534, loss: 0.5443704701960087, rho: 0.18125, transmit_actions: 19, P: [0.875, 0.125, 0.125, 0.0625, 0.0625, 0.0625, 0.0625, 0.0625, 0.0625, 0.0625, 0.0625, 0.0625, 0.0625, 0.0625, 0.0625, 0.0625, 0.0625, 0.0625, 0.0625, 0.0625]
[TRAIN]: (1082/1600): reward: 19.65388885140419, rates: 20.653888833092818, loss: 0.5566976100206376, rho: 0.1625, transmit_actions: 18, P: [0.875, 0.875, 0.125, 0.0625, 0.0625, 0.0625, 0.0625, 0.0625, 0.0625, 0.0625, 0.0625, 0.0625, 0.0625, 0.125, 0.0625, 0.0625, 0.0625, 0.0625, 0.0625, 0.0625]
[TRAIN]: (1083/1600): reward: 18.695806115865707, rates: 18.695806082891067, loss: 0.6335654750466346, rho: 0.1625, transmit_actions: 19, P: [0.875, 0.0625, 0.0625, 0.0625, 0.0625, 0.0625, 0.0625, 0.0625, 0.0625, 0.0625, 0.0625, 0.0625, 0.0625, 0.0625, 0.0625, 0.0625, 0.0625, 0.0625, 0.0625, 0.0625]
[TRAIN]: (1084/1600): reward: 19.188189685344696, rates: 19.188190018586145, loss: 0.560986191034317, rho: 0.15625, transmit_actions: 19, P: [0.875, 0.0625, 0.0625, 0.0625, 0.0625, 0.0625, 0.0625, 0.0625, 0.0625, 0.0625, 0.0625, 0.0625, 0.0625, 0.0625, 0.0625, 0.0625, 0.0625, 0.0625, 0.0625, 0.0625]
[TRAIN]: (1085/1600): reward: 20.148310869932175, rates: 20.148310777565875, loss: 0.5957024767994881, rho: 0.14375, transmit_actions: 19, P: [0.875, 0.125, 0.0625, 0.0625, 0.0625, 0.0625, 0.0625, 0.0625, 0.0625, 0.125, 0.0625, 0.0625, 0.0625, 0.0625, 0.0625, 0.0625, 0.0625, 0.0625, 0.0625, 0.0625]
[TRAIN]: (1086/1600): reward: 19.146569818258286, rates: 19.146569853741717, loss: 0.5457677379250526, rho: 0.1625, transmit_actions: 19, P: [0.875, 0.0625, 0.0625, 0.0625, 0.0625, 0.0625, 0.0625, 0.0625, 0.0625, 0.0625, 0.125, 0.0625, 0.0625, 0.0625, 0.0625, 0.0625, 0.0625, 0.0625, 0.0625, 0.0625]
[TRAIN]: (1087/1600): reward: 20.840079694986343, rates: 20.840079572464482, loss: 0.7102399632334709, rho: 0.175, transmit_actions: 19, P: [0.875, 0.0625, 0.0625, 0.0625, 0.0625, 0.0625, 0.0625, 0.0625, 0.0625, 0.0625, 0.0625, 0.0625, 0.0625, 0.0625, 0.0625, 0.0625, 0.0625, 0.0625, 0.0625, 0.0625]
[TRAIN]: (1088/1600): reward: 21.397462964057922, rates: 22.397462695475074, loss: 0.5320675738155842, rho: 0.16875, transmit_actions: 19, P: [0.875, 0.0625, 0.125, 0.0625, 0.0625, 0.0625, 0.0625, 0.0625, 0.0625, 0.0625, 0.125, 0.0625, 0.0625, 0.0625, 0.0625, 0.0625, 0.0625, 0.0625, 0.0625, 0.0625]
[TRAIN]: (1089/1600): reward: 20.613639056682587, rates: 20.61363889130168, loss: 0.7344696223735809, rho: 0.15, transmit_actions: 19, P: [0.875, 0.0625, 0.0625, 0.0625, 0.125, 0.0625, 0.0625, 0.0625, 0.0625, 0.0625, 0.0625, 0.0625, 0.0625, 0.0625, 0.0625, 0.0625, 0.0625, 0.0625, 0.0625, 0.0625]
[TRAIN]: (1090/1600): reward: 20.902844816446304, rates: 20.90284482771984, loss: 0.5421329513192177, rho: 0.14375, transmit_actions: 19, P: [0.875, 0.0625, 0.0625, 0.0625, 0.0625, 0.0625, 0.0625, 0.0625, 0.0625, 0.0625, 0.0625, 0.0625, 0.0625, 0.0625, 0.0625, 0.0625, 0.0625, 0.0625, 0.0625, 0.0625]
[TRAIN]: (1091/1600): reward: 20.65836301445961, rates: 20.65836300429163, loss: 0.5779072985053062, rho: 0.15, transmit_actions: 19, P: [0.875, 0.0625, 0.0625, 0.0625, 0.0625, 0.0625, 0.0625, 0.0625, 0.0625, 0.0625, 0.0625, 0.0625, 0.0625, 0.0625, 0.125, 0.0625, 0.0625, 0.0625, 0.0625, 0.0625]
[TRAIN]: (1092/1600): reward: 21.07865822315216, rates: 21.078658246558714, loss: 0.5494448632001877, rho: 0.15625, transmit_actions: 19, P: [0.875, 0.125, 0.0625, 0.0625, 0.0625, 0.0625, 0.0625, 0.0625, 0.0625, 0.0625, 0.0625, 0.0625, 0.0625, 0.0625, 0.0625, 0.0625, 0.0625, 0.0625, 0.0625, 0.0625]
[TRAIN]: (1093/1600): reward: 19.4592022895813, rates: 19.459202102968714, loss: 0.5599645748734474, rho: 0.15625, transmit_actions: 19, P: [0.875, 0.0625, 0.0625, 0.0625, 0.0625, 0.0625, 0.0625, 0.0625, 0.0625, 0.0625, 0.0625, 0.0625, 0.0625, 0.0625, 0.0625, 0.0625, 0.0625, 0.0625, 0.0625, 0.0625]
[TRAIN]: (1094/1600): reward: 21.339768439531326, rates: 21.339768409786817, loss: 0.6278882309794426, rho: 0.1375, transmit_actions: 19, P: [0.875, 0.0625, 0.0625, 0.125, 0.0625, 0.0625, 0.0625, 0.0625, 0.0625, 0.0625, 0.0625, 0.0625, 0.0625, 0.0625, 0.0625, 0.0625, 0.0625, 0.0625, 0.0625, 0.0625]
[TRAIN]: (1095/1600): reward: 19.16616502404213, rates: 19.166165199363423, loss: 0.5936181813478469, rho: 0.15625, transmit_actions: 18, P: [0.875, 0.0625, 0.0625, 0.0625, 0.0625, 0.0625, 0.0625, 0.0625, 0.0625, 0.0625, 0.0625, 0.0625, 0.0625, 0.125, 0.0625, 0.0625, 0.0625, 0.0625, 0.6875, 0.0625]
[TRAIN]: (1096/1600): reward: 20.647973746061325, rates: 20.647973550081538, loss: 0.6288688063621521, rho: 0.15, transmit_actions: 19, P: [0.875, 0.0625, 0.0625, 0.0625, 0.0625, 0.0625, 0.0625, 0.0625, 0.0625, 0.0625, 0.0625, 0.0625, 0.0625, 0.0625, 0.0625, 0.0625, 0.0625, 0.0625, 0.125, 0.0625]
[TRAIN]: (1097/1600): reward: 21.427218943834305, rates: 21.427218958515002, loss: 0.47822506353259087, rho: 0.14375, transmit_actions: 19, P: [0.875, 0.0625, 0.0625, 0.0625, 0.0625, 0.0625, 0.0625, 0.0625, 0.0625, 0.0625, 0.0625, 0.0625, 0.0625, 0.0625, 0.0625, 0.0625, 0.0625, 0.0625, 0.0625, 0.125]
[TRAIN]: (1098/1600): reward: 19.47351522743702, rates: 19.47351537615073, loss: 0.589078626036644, rho: 0.1375, transmit_actions: 19, P: [0.875, 0.125, 0.0625, 0.0625, 0.0625, 0.0625, 0.0625, 0.0625, 0.0625, 0.0625, 0.0625, 0.0625, 0.0625, 0.0625, 0.0625, 0.0625, 0.0625, 0.0625, 0.0625, 0.0625]
[TRAIN]: (1099/1600): reward: 21.39062437415123, rates: 21.39062440883281, loss: 0.6274278447031975, rho: 0.15625, transmit_actions: 19, P: [0.875, 0.0625, 0.0625, 0.0625, 0.0625, 0.125, 0.125, 0.0625, 0.125, 0.0625, 0.0625, 0.0625, 0.0625, 0.0625, 0.0625, 0.0625, 0.0625, 0.0625, 0.125, 0.0625]
[TRAIN]: (1100/1600): reward: 20.533032596111298, rates: 20.533032410485365, loss: 0.6558957874774933, rho: 0.15, transmit_actions: 19, P: [0.875, 0.0625, 0.0625, 0.125, 0.0625, 0.125, 0.0625, 0.0625, 0.0625, 0.0625, 0.0625, 0.0625, 0.0625, 0.0625, 0.0625, 0.0625, 0.0625, 0.0625, 0.0625, 0.0625]
[TRAIN]: (1101/1600): reward: 19.06111592054367, rates: 19.061116044018988, loss: 0.5616171211004257, rho: 0.15625, transmit_actions: 18, P: [0.875, 0.6875, 0.0625, 0.0625, 0.125, 0.125, 0.0625, 0.0625, 0.125, 0.0625, 0.0625, 0.0625, 0.0625, 0.0625, 0.0625, 0.0625, 0.0625, 0.0625, 0.0625, 0.0625]
[TRAIN]: (1102/1600): reward: 20.26060774922371, rates: 20.26060776094698, loss: 0.5516856059432029, rho: 0.19375, transmit_actions: 19, P: [0.875, 0.0625, 0.125, 0.0625, 0.0625, 0.0625, 0.0625, 0.0625, 0.0625, 0.125, 0.125, 0.0625, 0.0625, 0.0625, 0.0625, 0.0625, 0.0625, 0.0625, 0.0625, 0.0625]
[TRAIN]: (1103/1600): reward: 19.209808230400085, rates: 20.20980828214374, loss: 0.575589245557785, rho: 0.16875, transmit_actions: 19, P: [0.875, 0.0625, 0.0625, 0.0625, 0.0625, 0.0625, 0.125, 0.0625, 0.0625, 0.0625, 0.0625, 0.0625, 0.0625, 0.0625, 0.0625, 0.0625, 0.0625, 0.0625, 0.0625, 0.0625]
[TRAIN]: (1104/1600): reward: 20.006377838551998, rates: 21.006377580689033, loss: 0.6106300234794617, rho: 0.175, transmit_actions: 19, P: [0.875, 0.0625, 0.0625, 0.0625, 0.125, 0.0625, 0.125, 0.0625, 0.0625, 0.0625, 0.0625, 0.0625, 0.0625, 0.0625, 0.0625, 0.0625, 0.0625, 0.0625, 0.0625, 0.0625]
[TRAIN]: (1105/1600): reward: 19.71046933531761, rates: 19.71046924915564, loss: 0.5914543211460114, rho: 0.15, transmit_actions: 19, P: [0.875, 0.0625, 0.0625, 0.0625, 0.0625, 0.0625, 0.0625, 0.0625, 0.0625, 0.0625, 0.0625, 0.0625, 0.0625, 0.0625, 0.0625, 0.0625, 0.0625, 0.0625, 0.0625, 0.0625]
[TRAIN]: (1106/1600): reward: 20.21185490489006, rates: 20.211854708276725, loss: 0.6413832888007164, rho: 0.15, transmit_actions: 19, P: [0.875, 0.0625, 0.0625, 0.0625, 0.0625, 0.0625, 0.125, 0.0625, 0.125, 0.0625, 0.0625, 0.0625, 0.0625, 0.0625, 0.0625, 0.0625, 0.0625, 0.0625, 0.0625, 0.0625]
[TRAIN]: (1107/1600): reward: 20.924918353557587, rates: 20.92491821086841, loss: 0.5436810597777366, rho: 0.14375, transmit_actions: 19, P: [0.875, 0.0625, 0.0625, 0.0625, 0.0625, 0.0625, 0.0625, 0.0625, 0.0625, 0.0625, 0.0625, 0.0625, 0.0625, 0.0625, 0.0625, 0.0625, 0.0625, 0.0625, 0.0625, 0.0625]
[TRAIN]: (1108/1600): reward: 18.566050082445145, rates: 18.566050163587512, loss: 0.6807140231132507, rho: 0.1875, transmit_actions: 19, P: [0.875, 0.0, 0.0625, 0.0625, 0.125, 0.0625, 0.0625, 0.0625, 0.0625, 0.125, 0.0625, 0.0625, 0.0625, 0.0625, 0.0625, 0.0625, 0.0625, 0.0625, 0.0625, 0.0625]
[TRAIN]: (1109/1600): reward: 16.421883016824722, rates: 21.42188313482833, loss: 0.6046286687254906, rho: 0.15, transmit_actions: 18, P: [0.875, 0.0625, 0.125, 0.375, 0.0625, 0.0625, 0.0625, 0.0625, 0.0625, 0.0625, 0.0625, 0.0625, 0.0625, 0.0625, 0.0625, 0.0625, 0.0625, 0.0625, 0.0625, 0.0625]
[TRAIN]: (1110/1600): reward: 17.545403361320496, rates: 17.54540334931966, loss: 0.6189712926745414, rho: 0.175, transmit_actions: 19, P: [0.5, 0.0625, 0.125, 0.0625, 0.0625, 0.0625, 0.0625, 0.0625, 0.0625, 0.0625, 0.0625, 0.0625, 0.0625, 0.0625, 0.0625, 0.0625, 0.0625, 0.0625, 0.0625, 0.0625]
[TRAIN]: (1111/1600): reward: 20.333073019981384, rates: 20.333073039905106, loss: 0.543275298178196, rho: 0.15, transmit_actions: 19, P: [0.875, 0.0625, 0.0625, 0.0625, 0.125, 0.0625, 0.0625, 0.0625, 0.125, 0.0625, 0.0625, 0.0625, 0.0625, 0.0625, 0.0625, 0.0625, 0.0625, 0.0625, 0.0625, 0.0625]
[TRAIN]: (1112/1600): reward: 20.542605340480804, rates: 20.542605187069125, loss: 0.6262431502342224, rho: 0.1625, transmit_actions: 19, P: [0.875, 0.125, 0.125, 0.125, 0.0625, 0.0625, 0.0625, 0.0625, 0.0625, 0.0625, 0.0625, 0.0625, 0.0625, 0.0625, 0.0625, 0.0625, 0.0625, 0.0625, 0.0625, 0.0625]
[TRAIN]: (1113/1600): reward: 14.349129915237427, rates: 18.349129867492408, loss: 0.531296344101429, rho: 0.15, transmit_actions: 19, P: [0.875, 0.0625, 0.0625, 0.0625, 0.0625, 0.0625, 0.0625, 0.4375, 0.0625, 0.125, 0.0625, 0.0625, 0.0625, 0.0625, 0.0625, 0.0625, 0.0625, 0.0625, 0.0625, 0.0625]
[TRAIN]: (1114/1600): reward: 20.86495031416416, rates: 20.864950199152247, loss: 0.589029087126255, rho: 0.1625, transmit_actions: 19, P: [0.875, 0.0625, 0.0625, 0.0625, 0.0625, 0.0625, 0.0625, 0.0625, 0.0625, 0.125, 0.0625, 0.0625, 0.125, 0.0625, 0.0625, 0.0625, 0.0625, 0.0625, 0.0625, 0.0625]
[TRAIN]: (1115/1600): reward: 20.689547032117844, rates: 20.689547330743896, loss: 0.7071247920393944, rho: 0.14375, transmit_actions: 18, P: [0.875, 0.9375, 0.0625, 0.0625, 0.0625, 0.0625, 0.0625, 0.0625, 0.0625, 0.0625, 0.0625, 0.0625, 0.0625, 0.0625, 0.0625, 0.0625, 0.0625, 0.0625, 0.0625, 0.0625]
[TRAIN]: (1116/1600): reward: 19.742393404245377, rates: 19.74239358848251, loss: 0.6522687807679176, rho: 0.15, transmit_actions: 19, P: [0.875, 0.0625, 0.0625, 0.0625, 0.0625, 0.0625, 0.0625, 0.0625, 0.0625, 0.0625, 0.0625, 0.0625, 0.0625, 0.0625, 0.0625, 0.0625, 0.0625, 0.0625, 0.0625, 0.0625]
[TRAIN]: (1117/1600): reward: 20.623810172080994, rates: 20.623810106949183, loss: 0.5627843648195267, rho: 0.15625, transmit_actions: 19, P: [0.875, 0.0625, 0.0625, 0.0625, 0.0625, 0.0625, 0.0625, 0.0625, 0.0625, 0.0625, 0.0625, 0.0625, 0.0625, 0.0625, 0.125, 0.0625, 0.0625, 0.125, 0.0625, 0.0625]
[TRAIN]: (1118/1600): reward: 20.915103062987328, rates: 20.915103075887284, loss: 0.5229858517646789, rho: 0.15625, transmit_actions: 19, P: [0.875, 0.0625, 0.0625, 0.0625, 0.0625, 0.0625, 0.0625, 0.0625, 0.0625, 0.0625, 0.0625, 0.0625, 0.0625, 0.0625, 0.0625, 0.0625, 0.0625, 0.0625, 0.0625, 0.0625]
[TRAIN]: (1119/1600): reward: 20.031558513641357, rates: 20.03155839474414, loss: 0.671484149992466, rho: 0.15, transmit_actions: 19, P: [0.875, 0.0625, 0.0625, 0.0625, 0.0625, 0.0625, 0.0625, 0.0625, 0.0625, 0.0625, 0.0625, 0.0625, 0.0625, 0.0625, 0.0625, 0.0625, 0.0625, 0.0625, 0.0625, 0.0625]
[TRAIN]: (1120/1600): reward: 14.279080897569656, rates: 19.279080820793006, loss: 0.5944531708955765, rho: 0.15625, transmit_actions: 18, P: [0.875, 0.0625, 0.0625, 0.0625, 0.0625, 0.0625, 0.0625, 0.0625, 0.0625, 0.0625, 0.0625, 0.0625, 0.0625, 0.0625, 0.0625, 0.0625, 0.125, 0.0625, 0.0625, 0.4375]
[TRAIN]: (1121/1600): reward: 17.406469583511353, rates: 17.406469716989942, loss: 0.5209779396653176, rho: 0.15, transmit_actions: 19, P: [0.875, 0.0625, 0.0625, 0.0625, 0.0625, 0.0625, 0.0625, 0.0625, 0.0625, 0.0625, 0.0625, 0.0625, 0.0625, 0.0625, 0.0625, 0.0625, 0.0625, 0.0625, 0.0625, 0.0625]
[TRAIN]: (1122/1600): reward: 18.852778613567352, rates: 18.852778803005542, loss: 0.5108094900846482, rho: 0.14375, transmit_actions: 19, P: [0.875, 0.0625, 0.0625, 0.0625, 0.0625, 0.0625, 0.0625, 0.0625, 0.0625, 0.0625, 0.0625, 0.0625, 0.0625, 0.0625, 0.0625, 0.0625, 0.0625, 0.0625, 0.0625, 0.0625]
[TRAIN]: (1123/1600): reward: 14.486525028944016, rates: 19.486524928511784, loss: 0.4973003417253494, rho: 0.2375, transmit_actions: 18, P: [0.875, 0.0625, 0.0625, 0.125, 0.125, 0.0625, 0.8125, 0.0625, 0.0625, 0.0625, 0.0625, 0.0625, 0.0625, 0.0625, 0.0625, 0.0625, 0.0625, 0.0625, 0.0625, 0.0625]
[TRAIN]: (1124/1600): reward: 18.792770504951477, rates: 19.79277040397555, loss: 0.5938869833946228, rho: 0.15625, transmit_actions: 19, P: [0.875, 0.0625, 0.0625, 0.125, 0.125, 0.0625, 0.125, 0.125, 0.0625, 0.0625, 0.0625, 0.0625, 0.0625, 0.0625, 0.0625, 0.0625, 0.0625, 0.0625, 0.0625, 0.0625]
[TRAIN]: (1125/1600): reward: 19.43376725912094, rates: 19.433767242966525, loss: 0.5328422382473945, rho: 0.15625, transmit_actions: 19, P: [0.875, 0.0625, 0.0625, 0.0625, 0.0625, 0.0625, 0.0625, 0.125, 0.0625, 0.0625, 0.0625, 0.0625, 0.0625, 0.0625, 0.0625, 0.0625, 0.0625, 0.0625, 0.0625, 0.125]
[TRAIN]: (1126/1600): reward: 19.78897687792778, rates: 19.788976846591456, loss: 0.4917739525437355, rho: 0.14375, transmit_actions: 19, P: [0.875, 0.0625, 0.0625, 0.125, 0.0625, 0.0625, 0.0625, 0.0625, 0.0625, 0.0625, 0.0625, 0.0625, 0.0625, 0.0625, 0.0625, 0.0625, 0.0625, 0.0625, 0.0625, 0.0625]
[TRAIN]: (1127/1600): reward: 21.95781147480011, rates: 21.957811387677495, loss: 0.5509581014513969, rho: 0.16875, transmit_actions: 19, P: [0.875, 0.125, 0.0625, 0.0625, 0.0625, 0.0625, 0.125, 0.0625, 0.0625, 0.0625, 0.125, 0.0625, 0.0625, 0.0625, 0.0625, 0.0625, 0.0625, 0.0625, 0.0625, 0.0625]
[TRAIN]: (1128/1600): reward: 20.28243339061737, rates: 20.282433430699417, loss: 0.5549433395266533, rho: 0.15625, transmit_actions: 19, P: [0.875, 0.0625, 0.0625, 0.0625, 0.125, 0.0625, 0.0625, 0.125, 0.0625, 0.0625, 0.125, 0.0625, 0.0625, 0.0625, 0.0625, 0.0625, 0.0625, 0.0625, 0.0625, 0.0625]
[TRAIN]: (1129/1600): reward: 21.656467527151108, rates: 21.656467599721033, loss: 0.4856855392456055, rho: 0.15, transmit_actions: 19, P: [0.875, 0.0625, 0.0625, 0.0625, 0.0625, 0.0625, 0.125, 0.0625, 0.0625, 0.0625, 0.0625, 0.0625, 0.0625, 0.0625, 0.0625, 0.0625, 0.0625, 0.0625, 0.0625, 0.0625]
[TRAIN]: (1130/1600): reward: 20.13328927755356, rates: 21.133289231847836, loss: 0.6498623475432396, rho: 0.14375, transmit_actions: 19, P: [0.875, 0.1875, 0.0625, 0.0625, 0.0625, 0.0625, 0.0625, 0.0625, 0.0625, 0.0625, 0.0625, 0.0625, 0.0625, 0.0625, 0.0625, 0.0625, 0.0625, 0.0625, 0.0625, 0.0625]
[TRAIN]: (1131/1600): reward: 18.68217784166336, rates: 18.68217762924324, loss: 0.5667217299342155, rho: 0.1375, transmit_actions: 19, P: [0.875, 0.0625, 0.0625, 0.0625, 0.0625, 0.0625, 0.125, 0.0625, 0.0625, 0.0625, 0.0625, 0.0625, 0.0625, 0.0625, 0.0625, 0.0625, 0.0625, 0.0625, 0.0625, 0.0625]
[TRAIN]: (1132/1600): reward: 19.877785444259644, rates: 19.877785467947813, loss: 0.6110376566648483, rho: 0.1375, transmit_actions: 19, P: [0.875, 0.0625, 0.0625, 0.0625, 0.125, 0.125, 0.125, 0.0625, 0.0625, 0.0625, 0.0625, 0.0625, 0.0625, 0.0625, 0.125, 0.0625, 0.0625, 0.0625, 0.0625, 0.0625]
[TRAIN]: (1133/1600): reward: 19.01737689971924, rates: 19.01737691957122, loss: 0.5902818351984024, rho: 0.15, transmit_actions: 19, P: [0.875, 0.125, 0.0625, 0.0625, 0.0625, 0.125, 0.0625, 0.0625, 0.0625, 0.0625, 0.0625, 0.0625, 0.0625, 0.0625, 0.0625, 0.0625, 0.0625, 0.0625, 0.0625, 0.0625]
[TRAIN]: (1134/1600): reward: 12.710519462823868, rates: 18.710519291223985, loss: 0.5865661770105361, rho: 0.1625, transmit_actions: 18, P: [0.875, 0.0625, 0.0625, 0.0625, 0.0625, 0.0625, 0.0625, 0.0625, 0.0625, 0.0625, 0.0625, 0.0625, 0.0625, 0.0625, 0.0625, 0.0, 0.0625, 0.0625, 0.0625, 0.125]
[TRAIN]: (1135/1600): reward: 19.428896129131317, rates: 19.428896233489635, loss: 0.5597285002470016, rho: 0.15625, transmit_actions: 18, P: [0.875, 1.0, 0.0625, 0.125, 0.0625, 0.0625, 0.0625, 0.0625, 0.0625, 0.0625, 0.0625, 0.0625, 0.0625, 0.0625, 0.0625, 0.0625, 0.0625, 0.0625, 0.0625, 0.125]
[TRAIN]: (1136/1600): reward: 20.077146649360657, rates: 21.077146616396846, loss: 0.5899205267429352, rho: 0.175, transmit_actions: 19, P: [0.875, 0.125, 0.125, 0.0625, 0.0625, 0.0625, 0.0625, 0.125, 0.0625, 0.0625, 0.0625, 0.0625, 0.0625, 0.0625, 0.0625, 0.0625, 0.0625, 0.0625, 0.0625, 0.0625]
[TRAIN]: (1137/1600): reward: 10.392745435237885, rates: 16.39274549896119, loss: 0.5046147234737873, rho: 0.15625, transmit_actions: 18, P: [0.875, 0.125, 0.0625, 0.0625, 0.0625, 0.0625, 0.125, 0.125, 0.0625, 0.0625, 0.0625, 0.0625, 0.5, 0.0625, 0.0625, 0.0625, 0.0625, 0.0625, 0.0625, 0.0625]
[TRAIN]: (1138/1600): reward: 20.56478077173233, rates: 20.564780398053205, loss: 0.5901510640978813, rho: 0.18125, transmit_actions: 19, P: [0.875, 0.0625, 0.125, 0.0625, 0.125, 0.125, 0.0625, 0.0625, 0.125, 0.0625, 0.0625, 0.0625, 0.0625, 0.0625, 0.0625, 0.0625, 0.0625, 0.0625, 0.0625, 0.0625]
[TRAIN]: (1139/1600): reward: 21.51536476612091, rates: 21.51536482941986, loss: 0.5305229797959328, rho: 0.1875, transmit_actions: 19, P: [0.875, 0.125, 0.125, 0.0625, 0.0625, 0.0625, 0.125, 0.125, 0.0625, 0.0625, 0.0625, 0.0625, 0.0625, 0.0625, 0.0625, 0.0625, 0.0625, 0.0625, 0.0625, 0.125]
[TRAIN]: (1140/1600): reward: 13.918703556060791, rates: 19.918703431704877, loss: 0.6629180699586869, rho: 0.1875, transmit_actions: 19, P: [0.875, 0.125, 0.125, 0.0625, 0.0625, 0.0625, 0.0625, 0.625, 0.125, 0.0625, 0.0625, 0.0625, 0.0625, 0.0625, 0.0625, 0.0625, 0.0625, 0.0625, 0.0625, 0.0625]
[TRAIN]: (1141/1600): reward: 10.28359904885292, rates: 17.28359902657828, loss: 0.5956756502389908, rho: 0.15, transmit_actions: 19, P: [0.875, 0.125, 0.0625, 0.0625, 0.0625, 0.0625, 0.0625, 0.0625, 0.0625, 0.0625, 0.0625, 0.625, 0.0625, 0.0625, 0.0625, 0.0625, 0.0625, 0.0625, 0.0625, 0.0625]
[TRAIN]: (1142/1600): reward: 18.666919231414795, rates: 18.66691920352424, loss: 0.6223362863063813, rho: 0.175, transmit_actions: 19, P: [0.875, 0.0625, 0.0625, 0.0625, 0.0625, 0.0625, 0.0625, 0.0625, 0.0625, 0.0625, 0.125, 0.0625, 0.0625, 0.0625, 0.0625, 0.0625, 0.0625, 0.0625, 0.0625, 0.0625]
[TRAIN]: (1143/1600): reward: 18.31421960890293, rates: 19.31421975008993, loss: 0.5483007341623306, rho: 0.15, transmit_actions: 19, P: [0.875, 0.125, 0.0625, 0.125, 0.125, 0.0625, 0.0625, 0.0625, 0.125, 0.0625, 0.0625, 0.0625, 0.0625, 0.0625, 0.0625, 0.0625, 0.0625, 0.0625, 0.0625, 0.125]
[TRAIN]: (1144/1600): reward: 19.53994956612587, rates: 19.53994959088901, loss: 0.5267141848802567, rho: 0.1625, transmit_actions: 18, P: [0.875, 0.0, 1.0, 0.0625, 0.125, 0.0625, 0.0625, 0.0625, 0.0625, 0.0625, 0.0625, 0.0625, 0.0625, 0.0625, 0.0625, 0.0625, 0.0625, 0.0625, 0.0625, 0.0625]
[TRAIN]: (1145/1600): reward: 15.463458001613617, rates: 19.46345798068224, loss: 0.5044261276721954, rho: 0.175, transmit_actions: 19, P: [0.875, 0.125, 0.125, 0.0625, 0.0625, 0.0625, 0.0625, 0.0625, 0.125, 0.0625, 0.0625, 0.0625, 0.0625, 0.0625, 0.0625, 0.125, 0.0625, 0.0625, 0.0625, 0.0625]
[TRAIN]: (1146/1600): reward: 18.5814146399498, rates: 18.581414650752983, loss: 0.5888620257377625, rho: 0.15, transmit_actions: 19, P: [0.875, 0.0625, 0.0625, 0.0625, 0.0625, 0.0625, 0.0625, 0.125, 0.0625, 0.0625, 0.0625, 0.0625, 0.0625, 0.0625, 0.0625, 0.0625, 0.0625, 0.0625, 0.0625, 0.0625]
[TRAIN]: (1147/1600): reward: 19.546623051166534, rates: 19.546623299229566, loss: 0.6548454374074936, rho: 0.2, transmit_actions: 18, P: [0.875, 0.9375, 0.0625, 0.125, 0.125, 0.125, 0.0625, 0.0625, 0.0625, 0.0625, 0.125, 0.0625, 0.0625, 0.0625, 0.0625, 0.0625, 0.0625, 0.0625, 0.0625, 0.0625]
[TRAIN]: (1148/1600): reward: 20.026671931147575, rates: 20.02667170085651, loss: 0.6991325482726097, rho: 0.225, transmit_actions: 19, P: [0.875, 0.0625, 0.0625, 0.125, 0.0625, 0.0625, 0.0625, 0.0625, 0.0625, 0.0625, 0.0625, 0.0625, 0.0625, 0.0625, 0.0625, 0.0625, 0.0625, 0.0625, 0.0625, 0.0625]
[TRAIN]: (1149/1600): reward: 14.388938695192337, rates: 19.388938667342728, loss: 0.5387895911931991, rho: 0.19375, transmit_actions: 18, P: [0.875, 0.0625, 0.0625, 0.0625, 0.0625, 0.125, 0.0625, 0.0625, 0.75, 0.0625, 0.0625, 0.0625, 0.0625, 0.0625, 0.0625, 0.0625, 0.0625, 0.0625, 0.0625, 0.0625]
[TRAIN]: (1150/1600): reward: 22.41694524884224, rates: 22.41694511844387, loss: 0.6337867453694344, rho: 0.15, transmit_actions: 19, P: [0.875, 0.0625, 0.0625, 0.0625, 0.0625, 0.0625, 0.0625, 0.0625, 0.0625, 0.0625, 0.0625, 0.0625, 0.0625, 0.0625, 0.0625, 0.0625, 0.0625, 0.0625, 0.0625, 0.0625]
[TRAIN]: (1151/1600): reward: 22.405709266662598, rates: 22.40570916745132, loss: 0.495964577794075, rho: 0.18125, transmit_actions: 19, P: [0.875, 0.0625, 0.0625, 0.0625, 0.0625, 0.0625, 0.125, 0.0625, 0.0625, 0.0625, 0.125, 0.0625, 0.0625, 0.0625, 0.0625, 0.0625, 0.0625, 0.0625, 0.0625, 0.0625]
[TRAIN]: (1152/1600): reward: 22.10233148932457, rates: 22.102331309129973, loss: 0.5706339851021767, rho: 0.14375, transmit_actions: 19, P: [0.875, 0.0625, 0.125, 0.0625, 0.0625, 0.0625, 0.0625, 0.0625, 0.0625, 0.0625, 0.0625, 0.0625, 0.0625, 0.0625, 0.0625, 0.0625, 0.0625, 0.0625, 0.0625, 0.0625]
[TRAIN]: (1153/1600): reward: 11.366498231887817, rates: 18.366498409536273, loss: 0.6044799901545048, rho: 0.175, transmit_actions: 18, P: [0.875, 0.0625, 0.375, 0.0625, 0.9375, 0.0625, 0.0625, 0.0625, 0.0625, 0.0625, 0.0625, 0.0625, 0.0625, 0.0625, 0.0625, 0.0625, 0.0625, 0.0625, 0.0625, 0.0625]
[TRAIN]: (1154/1600): reward: 18.374485939741135, rates: 18.374485679679548, loss: 0.5582515388727188, rho: 0.18125, transmit_actions: 19, P: [0.875, 0.0625, 0.0625, 0.0625, 0.0625, 0.0625, 0.0625, 0.0625, 0.0625, 0.0625, 0.0625, 0.0625, 0.0625, 0.0625, 0.0625, 0.0625, 0.0625, 0.0625, 0.0625, 0.0625]
[TRAIN]: (1155/1600): reward: 17.17479059100151, rates: 19.174790822715146, loss: 0.6105971887707711, rho: 0.14375, transmit_actions: 19, P: [0.875, 0.125, 0.125, 0.0625, 0.0625, 0.0625, 0.125, 0.0625, 0.0625, 0.0625, 0.0625, 0.0625, 0.0625, 0.0625, 0.0625, 0.0625, 0.0625, 0.0625, 0.0625, 0.0625]
[TRAIN]: (1156/1600): reward: 20.506641685962677, rates: 20.50664155780207, loss: 0.5567915052175522, rho: 0.16875, transmit_actions: 19, P: [0.875, 0.0625, 0.125, 0.0625, 0.0625, 0.0625, 0.0625, 0.0625, 0.0625, 0.0625, 0.0625, 0.0625, 0.0625, 0.0625, 0.0625, 0.0625, 0.0625, 0.0625, 0.0625, 0.0625]
[TRAIN]: (1157/1600): reward: 14.091231018304825, rates: 19.091231076644295, loss: 0.6454737082123756, rho: 0.16875, transmit_actions: 19, P: [0.875, 0.0625, 0.0625, 0.0625, 0.0625, 0.0625, 0.4375, 0.0625, 0.0625, 0.0625, 0.0625, 0.0625, 0.0625, 0.0625, 0.0625, 0.0625, 0.0625, 0.0625, 0.0625, 0.0625]
[TRAIN]: (1158/1600): reward: 20.02795296907425, rates: 20.027953070052032, loss: 0.6189697787165642, rho: 0.1875, transmit_actions: 19, P: [0.875, 0.0625, 0.0625, 0.0625, 0.0625, 0.0625, 0.0625, 0.0625, 0.0625, 0.0625, 0.0625, 0.0625, 0.0625, 0.0625, 0.0625, 0.0625, 0.0625, 0.0625, 0.0625, 0.0625]
[TRAIN]: (1159/1600): reward: 17.475018203258514, rates: 17.47501806903838, loss: 0.5911541268229484, rho: 0.1625, transmit_actions: 19, P: [0.875, 0.0625, 0.0625, 0.0625, 0.0625, 0.0625, 0.0625, 0.0625, 0.0625, 0.0625, 0.0625, 0.0625, 0.0625, 0.0625, 0.0625, 0.0625, 0.0625, 0.0625, 0.0625, 0.0625]
[TRAIN]: (1160/1600): reward: 16.730154037475586, rates: 16.730154016345864, loss: 0.4958277329802513, rho: 0.175, transmit_actions: 19, P: [0.875, 0.0625, 0.0625, 0.0625, 0.0625, 0.0625, 0.0625, 0.0625, 0.0625, 0.0625, 0.0625, 0.0625, 0.0625, 0.0625, 0.0625, 0.0625, 0.0625, 0.0625, 0.0625, 0.0625]
[TRAIN]: (1161/1600): reward: 19.016462072730064, rates: 19.016462108701067, loss: 0.6716276913881302, rho: 0.20625, transmit_actions: 19, P: [0.875, 0.0625, 0.125, 0.0625, 0.0625, 0.0625, 0.0625, 0.125, 0.0625, 0.0625, 0.0625, 0.0625, 0.0625, 0.0625, 0.125, 0.0625, 0.0625, 0.0625, 0.0625, 0.0625]
[TRAIN]: (1162/1600): reward: 19.345647677779198, rates: 19.345647718578565, loss: 0.5508136302232742, rho: 0.16875, transmit_actions: 19, P: [0.875, 0.125, 0.0625, 0.0625, 0.0625, 0.0625, 0.0625, 0.0625, 0.0625, 0.0625, 0.0625, 0.0625, 0.0625, 0.0625, 0.0625, 0.0625, 0.0625, 0.0625, 0.0625, 0.0625]
[TRAIN]: (1163/1600): reward: 20.751142531633377, rates: 20.751142338609668, loss: 0.515573263168335, rho: 0.1375, transmit_actions: 19, P: [0.875, 0.0625, 0.0625, 0.0625, 0.0625, 0.0625, 0.0625, 0.125, 0.0625, 0.0625, 0.0625, 0.125, 0.0625, 0.0625, 0.0625, 0.0625, 0.0625, 0.0625, 0.0625, 0.0625]
[TRAIN]: (1164/1600): reward: 18.71666842699051, rates: 19.716668550593575, loss: 0.5769891262054443, rho: 0.15625, transmit_actions: 18, P: [0.875, 0.625, 0.125, 0.0625, 0.0625, 0.0625, 0.0625, 0.0625, 0.0625, 0.0625, 0.0625, 0.0625, 0.0625, 0.0625, 0.0625, 0.0625, 0.0625, 0.0625, 0.0625, 0.0625]
[TRAIN]: (1165/1600): reward: 11.697376281023026, rates: 17.697376242265058, loss: 0.5305869311094285, rho: 0.16875, transmit_actions: 19, P: [0.875, 0.0625, 0.0625, 0.0625, 0.0625, 0.0625, 0.0625, 0.125, 0.0625, 0.0625, 0.0625, 0.0625, 0.0625, 0.0625, 0.0625, 1.0, 0.0625, 0.0625, 0.0625, 0.0625]
[TRAIN]: (1166/1600): reward: 21.302441254258156, rates: 21.30244119788073, loss: 0.5034051299095154, rho: 0.1625, transmit_actions: 19, P: [0.875, 0.0625, 0.0625, 0.125, 0.0625, 0.0625, 0.0625, 0.0625, 0.0625, 0.0625, 0.0625, 0.0625, 0.0625, 0.0625, 0.0625, 0.0625, 0.0625, 0.0625, 0.0625, 0.0625]
[TRAIN]: (1167/1600): reward: 15.406428962945938, rates: 20.406429033231497, loss: 0.583501486480236, rho: 0.19375, transmit_actions: 19, P: [0.875, 0.8125, 0.0625, 0.0625, 0.125, 0.125, 0.125, 0.0625, 0.0625, 0.0625, 0.0625, 0.0625, 0.0625, 0.0625, 0.0625, 0.125, 0.0625, 0.0625, 0.0625, 0.0625]
[TRAIN]: (1168/1600): reward: 18.950529992580414, rates: 18.950530028201896, loss: 0.538985188305378, rho: 0.1875, transmit_actions: 19, P: [0.875, 0.0625, 0.0625, 0.0625, 0.125, 0.0625, 0.125, 0.0625, 0.0625, 0.0625, 0.0625, 0.0625, 0.0625, 0.0625, 0.0625, 0.0625, 0.0625, 0.0625, 0.0625, 0.0625]
[TRAIN]: (1169/1600): reward: 18.05809758976102, rates: 20.058097592618335, loss: 0.5681128710508346, rho: 0.14375, transmit_actions: 19, P: [0.875, 0.0625, 0.125, 0.0625, 0.0625, 0.0625, 0.0625, 0.0625, 0.0625, 0.0625, 0.125, 0.0625, 0.0625, 0.0625, 0.0625, 0.0625, 0.0625, 0.0625, 0.0625, 0.0625]
[TRAIN]: (1170/1600): reward: 17.602540224790573, rates: 18.602540037133252, loss: 0.534456167370081, rho: 0.1625, transmit_actions: 18, P: [0.875, 0.125, 0.125, 0.0625, 0.0625, 0.0625, 0.0625, 0.0625, 0.0625, 0.0625, 0.125, 0.0625, 0.0625, 0.0625, 0.0625, 1.0, 0.0625, 0.0625, 0.0625, 0.0625]
[TRAIN]: (1171/1600): reward: 23.946244597434998, rates: 23.94624467616151, loss: 0.4931175112724304, rho: 0.14375, transmit_actions: 19, P: [0.875, 0.125, 0.0625, 0.0625, 0.0625, 0.0625, 0.0625, 0.125, 0.125, 0.0625, 0.0625, 0.0625, 0.0625, 0.0625, 0.0625, 0.0625, 0.0625, 0.0625, 0.0625, 0.0625]
[TRAIN]: (1172/1600): reward: 20.052191346883774, rates: 20.052191396536884, loss: 0.47862224727869035, rho: 0.15625, transmit_actions: 19, P: [0.875, 0.125, 0.0625, 0.0625, 0.0, 0.0625, 0.0625, 0.0625, 0.0625, 0.0625, 0.125, 0.0625, 0.0625, 0.0625, 0.0625, 0.0625, 0.0625, 0.0625, 0.0625, 0.0625]
[TRAIN]: (1173/1600): reward: 20.160202652215958, rates: 23.16020230456746, loss: 0.5450833521783351, rho: 0.15625, transmit_actions: 19, P: [0.875, 0.125, 0.0625, 0.0625, 0.0625, 0.125, 0.125, 0.0625, 0.125, 0.0625, 0.0625, 0.0625, 0.0625, 0.0625, 0.0625, 0.0625, 0.0625, 0.0625, 0.0625, 0.0625]
[TRAIN]: (1174/1600): reward: 18.07454204559326, rates: 18.074542004534074, loss: 0.6125037670135498, rho: 0.15, transmit_actions: 18, P: [0.875, 1.0, 0.0625, 0.0625, 0.0625, 0.0625, 0.0625, 0.0625, 0.0625, 0.0625, 0.0625, 0.0625, 0.0625, 0.0625, 0.0625, 0.0625, 0.0625, 0.0625, 0.125, 0.0625]
[TRAIN]: (1175/1600): reward: 7.170910254120827, rates: 18.17091023833429, loss: 0.541042597591877, rho: 0.2, transmit_actions: 17, P: [0.875, 0.0625, 0.0625, 0.0625, 0.0625, 0.0625, 0.0625, 0.0625, 0.0625, 0.0625, 0.0625, 0.0625, 0.0625, 0.0625, 0.0625, 0.0625, 0.125, 0.75, 0.125, 0.0625]
[TRAIN]: (1176/1600): reward: 19.96573132276535, rates: 19.96573135095086, loss: 0.5613982319831848, rho: 0.16875, transmit_actions: 19, P: [0.875, 0.0625, 0.0625, 0.0625, 0.0625, 0.0625, 0.0625, 0.0625, 0.0625, 0.0625, 0.125, 0.0625, 0.0625, 0.0625, 0.0625, 0.0625, 0.0625, 0.0625, 0.0625, 0.0625]
[TRAIN]: (1177/1600): reward: 20.90369701385498, rates: 20.90369693467473, loss: 0.48593685105443, rho: 0.14375, transmit_actions: 19, P: [0.875, 0.125, 0.125, 0.0625, 0.125, 0.0625, 0.0625, 0.0625, 0.0625, 0.125, 0.0625, 0.0625, 0.0625, 0.125, 0.0625, 0.0625, 0.0625, 0.0625, 0.0625, 0.0625]
[TRAIN]: (1178/1600): reward: 21.86594620347023, rates: 21.86594615283622, loss: 0.5245299503207207, rho: 0.1375, transmit_actions: 19, P: [0.875, 0.0625, 0.0625, 0.0625, 0.0625, 0.0625, 0.0625, 0.0625, 0.0625, 0.0625, 0.0625, 0.0625, 0.0625, 0.0625, 0.0625, 0.0625, 0.0625, 0.0625, 0.0625, 0.0625]
[TRAIN]: (1179/1600): reward: 20.180247455835342, rates: 20.18024739711747, loss: 0.5792891651391983, rho: 0.1375, transmit_actions: 19, P: [0.875, 0.125, 0.0625, 0.125, 0.0625, 0.0625, 0.0625, 0.0625, 0.0625, 0.0625, 0.0625, 0.0625, 0.0625, 0.0625, 0.0625, 0.0625, 0.0625, 0.0625, 0.0625, 0.0625]
[TRAIN]: (1180/1600): reward: 21.570000022649765, rates: 22.57000003767733, loss: 0.5481084704399108, rho: 0.15, transmit_actions: 19, P: [0.875, 0.0625, 0.0625, 0.125, 0.0625, 0.0625, 0.125, 0.125, 0.0625, 0.125, 0.0625, 0.0625, 0.0625, 0.0625, 0.0625, 0.0625, 0.0625, 0.125, 0.0625, 0.0625]
[TRAIN]: (1181/1600): reward: 21.01643416285515, rates: 21.016434217323983, loss: 0.6022367134690285, rho: 0.15, transmit_actions: 19, P: [0.875, 0.0625, 0.125, 0.0625, 0.0625, 0.0625, 0.0625, 0.0625, 0.0625, 0.0625, 0.0625, 0.0625, 0.0625, 0.0625, 0.0625, 0.0625, 0.0625, 0.0625, 0.0625, 0.0625]
[TRAIN]: (1182/1600): reward: 20.18711394071579, rates: 20.1871139509372, loss: 0.5841471150517463, rho: 0.14375, transmit_actions: 19, P: [0.875, 0.0625, 0.0625, 0.0625, 0.0625, 0.0625, 0.125, 0.0625, 0.0625, 0.0625, 0.0625, 0.0625, 0.0625, 0.0625, 0.0625, 0.0625, 0.0625, 0.0625, 0.0625, 0.0625]
[TRAIN]: (1183/1600): reward: 21.518496811389923, rates: 22.518496737378843, loss: 0.4976868510246277, rho: 0.1625, transmit_actions: 19, P: [0.875, 0.1875, 0.0625, 0.0625, 0.0625, 0.0625, 0.0625, 0.0625, 0.0625, 0.125, 0.0625, 0.0625, 0.0625, 0.0625, 0.0625, 0.0625, 0.0625, 0.0625, 0.0625, 0.0625]
[TRAIN]: (1184/1600): reward: 19.36195370554924, rates: 19.361953753824174, loss: 0.4285319112241268, rho: 0.14375, transmit_actions: 18, P: [0.875, 0.0625, 0.0625, 0.6875, 0.0625, 0.0625, 0.0625, 0.0625, 0.0625, 0.125, 0.0625, 0.0625, 0.0625, 0.0625, 0.0625, 0.0625, 0.0625, 0.0625, 0.0625, 0.0625]
[TRAIN]: (1185/1600): reward: 14.657254338264465, rates: 19.657254393433643, loss: 0.5372013419866561, rho: 0.15, transmit_actions: 18, P: [0.875, 0.0625, 0.0625, 0.0625, 0.0625, 0.0625, 0.0625, 0.0625, 0.0625, 0.0625, 0.0625, 0.0625, 0.0625, 0.0625, 0.0, 0.0625, 0.0625, 0.0625, 0.0625, 0.0625]
[TRAIN]: (1186/1600): reward: 20.697946697473526, rates: 20.69794667996717, loss: 0.4838686168193817, rho: 0.15, transmit_actions: 19, P: [0.875, 0.125, 0.0625, 0.125, 0.0625, 0.0625, 0.0625, 0.125, 0.0625, 0.0625, 0.0625, 0.0625, 0.0625, 0.0625, 0.0625, 0.0625, 0.0625, 0.0625, 0.0625, 0.0625]
[TRAIN]: (1187/1600): reward: 18.698429822921753, rates: 18.698429862832104, loss: 0.5599249735474586, rho: 0.15, transmit_actions: 19, P: [0.875, 0.0625, 0.0625, 0.0625, 0.0625, 0.0625, 0.0625, 0.0625, 0.0625, 0.0625, 0.0625, 0.0625, 0.0625, 0.0625, 0.0625, 0.0625, 0.0625, 0.0625, 0.0625, 0.0625]
[TRAIN]: (1188/1600): reward: 18.235299736261368, rates: 18.235299693561103, loss: 0.4557670518755913, rho: 0.15625, transmit_actions: 19, P: [0.875, 0.0, 0.0625, 0.0625, 0.0625, 0.0625, 0.0625, 0.0625, 0.0625, 0.0625, 0.0625, 0.0625, 0.0625, 0.0625, 0.0625, 0.0625, 0.0625, 0.0625, 0.0625, 0.0625]
[TRAIN]: (1189/1600): reward: 18.1771719455719, rates: 18.177171987659943, loss: 0.5549741789698601, rho: 0.15, transmit_actions: 19, P: [0.875, 0.0, 0.0625, 0.0625, 0.0625, 0.0625, 0.0625, 0.125, 0.0625, 0.125, 0.0625, 0.0625, 0.0625, 0.0625, 0.0625, 0.0625, 0.0625, 0.0625, 0.0625, 0.0625]
[TRAIN]: (1190/1600): reward: 20.308659076690674, rates: 20.308659109972, loss: 0.44017750322818755, rho: 0.175, transmit_actions: 19, P: [0.875, 0.0, 0.0625, 0.0625, 0.0625, 0.0625, 0.0625, 0.0625, 0.0625, 0.0625, 0.0625, 0.0625, 0.125, 0.0625, 0.0625, 0.0625, 0.0625, 0.0625, 0.0625, 0.0625]
[TRAIN]: (1191/1600): reward: 18.175122052431107, rates: 18.175121988099228, loss: 0.5569162562489509, rho: 0.1625, transmit_actions: 18, P: [0.875, 0.9375, 0.0625, 0.0625, 0.0625, 0.0625, 0.0625, 0.0625, 0.0625, 0.0625, 0.125, 0.0625, 0.0625, 0.0625, 0.0625, 0.0625, 0.0625, 0.0625, 0.0625, 0.0625]
[TRAIN]: (1192/1600): reward: 21.722418636083603, rates: 21.722418429294276, loss: 0.5253780834376812, rho: 0.15, transmit_actions: 19, P: [0.875, 0.0625, 0.0625, 0.0625, 0.0625, 0.0625, 0.0625, 0.0625, 0.0625, 0.0625, 0.0625, 0.0625, 0.0625, 0.0625, 0.0625, 0.0625, 0.0625, 0.0625, 0.0625, 0.0625]
[TRAIN]: (1193/1600): reward: 21.56551432609558, rates: 21.565514411147717, loss: 0.5738981500267982, rho: 0.14375, transmit_actions: 19, P: [0.875, 0.0625, 0.0625, 0.0625, 0.0625, 0.0625, 0.0625, 0.0625, 0.0625, 0.0625, 0.0625, 0.0625, 0.125, 0.0625, 0.0625, 0.0625, 0.125, 0.0625, 0.0625, 0.0625]
[TRAIN]: (1194/1600): reward: 19.41558712720871, rates: 19.41558719009751, loss: 0.6067774966359138, rho: 0.14375, transmit_actions: 19, P: [0.875, 0.0625, 0.0625, 0.0625, 0.0625, 0.0625, 0.0625, 0.0625, 0.0625, 0.0625, 0.0625, 0.0625, 0.0625, 0.0625, 0.0625, 0.0625, 0.0625, 0.0625, 0.0625, 0.0625]
[TRAIN]: (1195/1600): reward: 18.6353979408741, rates: 18.6353977818358, loss: 0.47107995450496676, rho: 0.15, transmit_actions: 19, P: [0.875, 0.0625, 0.0625, 0.0625, 0.0625, 0.0625, 0.0625, 0.0625, 0.0625, 0.0625, 0.0625, 0.0625, 0.0625, 0.0625, 0.0625, 0.0625, 0.0625, 0.0625, 0.0625, 0.0625]
[TRAIN]: (1196/1600): reward: 20.195486187934875, rates: 20.195486070749226, loss: 0.5197268262505531, rho: 0.15, transmit_actions: 19, P: [0.875, 0.0625, 0.0625, 0.0625, 0.125, 0.0625, 0.0625, 0.125, 0.0625, 0.125, 0.0625, 0.0625, 0.0625, 0.0625, 0.0625, 0.0625, 0.0625, 0.0625, 0.0625, 0.0625]
[TRAIN]: (1197/1600): reward: 20.396360456943512, rates: 20.396360550826444, loss: 0.5257073856890202, rho: 0.14375, transmit_actions: 19, P: [0.875, 0.125, 0.0625, 0.0625, 0.125, 0.0625, 0.0625, 0.0625, 0.0625, 0.0625, 0.0625, 0.0625, 0.0625, 0.0625, 0.0625, 0.0625, 0.0625, 0.0625, 0.0625, 0.0625]
[TRAIN]: (1198/1600): reward: 19.569600641727448, rates: 19.569600514421754, loss: 0.565642061829567, rho: 0.15625, transmit_actions: 19, P: [0.875, 0.0625, 0.0625, 0.0625, 0.0625, 0.0625, 0.125, 0.0625, 0.0625, 0.0625, 0.0625, 0.0625, 0.0625, 0.0625, 0.0625, 0.0625, 0.0625, 0.0625, 0.0625, 0.0625]
[TRAIN]: (1199/1600): reward: 19.236790657043457, rates: 20.236790605444305, loss: 0.5095167703926563, rho: 0.14375, transmit_actions: 19, P: [0.875, 0.0625, 0.0625, 0.0625, 0.0625, 0.0625, 0.0625, 0.0625, 0.0625, 0.0625, 0.125, 0.0625, 0.0625, 0.0625, 0.0625, 0.0625, 0.0625, 0.0625, 0.0625, 0.0625]
[TRAIN]: (1200/1600): reward: 17.84988659620285, rates: 18.84988659188697, loss: 0.5035411655902863, rho: 0.15625, transmit_actions: 19, P: [0.875, 0.0625, 0.0625, 0.0625, 0.0625, 0.0625, 0.0625, 0.0625, 0.0625, 0.0625, 0.0625, 0.0625, 0.0625, 0.0625, 0.0625, 0.0625, 0.0625, 0.0625, 0.0625, 0.0625]
[TRAIN]: (1201/1600): reward: 19.8030843436718, rates: 19.80308419045393, loss: 0.5176410615444184, rho: 0.15625, transmit_actions: 19, P: [0.875, 0.125, 0.0625, 0.0625, 0.125, 0.0625, 0.0625, 0.0625, 0.0625, 0.0625, 0.0625, 0.0625, 0.0625, 0.0625, 0.0625, 0.0625, 0.0625, 0.0625, 0.0625, 0.0625]
[TRAIN]: (1202/1600): reward: 17.55371157824993, rates: 18.55371155586349, loss: 0.6323565289378166, rho: 0.15, transmit_actions: 19, P: [0.875, 0.0625, 0.125, 0.0625, 0.0625, 0.0625, 0.125, 0.0625, 0.0625, 0.0625, 0.0625, 0.0625, 0.0625, 0.0625, 0.0625, 0.0625, 0.0625, 0.0625, 0.0625, 0.0625]
[TRAIN]: (1203/1600): reward: 18.904111087322235, rates: 18.904111228835426, loss: 0.57309874817729, rho: 0.19375, transmit_actions: 19, P: [0.875, 0.0625, 0.0625, 0.0625, 0.0625, 0.125, 0.0625, 0.0625, 0.0625, 0.0625, 0.125, 0.0625, 0.0625, 0.0625, 0.0625, 0.0625, 0.0625, 0.0625, 0.0625, 0.0625]
[TRAIN]: (1204/1600): reward: 21.435051441192627, rates: 21.435051297432295, loss: 0.5228108897805214, rho: 0.14375, transmit_actions: 19, P: [0.25, 0.0625, 0.0625, 0.0625, 0.125, 0.0625, 0.0625, 0.0625, 0.0625, 0.0625, 0.0625, 0.0625, 0.0625, 0.0625, 0.0625, 0.0625, 0.0625, 0.0625, 0.0625, 0.0625]
[TRAIN]: (1205/1600): reward: 18.891788363456726, rates: 18.891788225218935, loss: 0.4987949445843697, rho: 0.16875, transmit_actions: 19, P: [0.875, 0.0, 0.0625, 0.0625, 0.0625, 0.0625, 0.0625, 0.0625, 0.0625, 0.125, 0.0625, 0.0625, 0.0625, 0.0625, 0.0625, 0.0625, 0.0625, 0.0625, 0.0625, 0.0625]
[TRAIN]: (1206/1600): reward: 13.291776299476624, rates: 18.291776009922998, loss: 0.6339236691594123, rho: 0.18125, transmit_actions: 18, P: [0.875, 0.0625, 0.0625, 0.0625, 0.0625, 0.6875, 0.0625, 0.0625, 0.0625, 0.0625, 0.0625, 0.0625, 0.0625, 0.0625, 0.0625, 0.0625, 0.0625, 0.0625, 0.0625, 0.0625]
[TRAIN]: (1207/1600): reward: 20.968643069267273, rates: 20.96864308256299, loss: 0.5548105962574482, rho: 0.15, transmit_actions: 19, P: [0.875, 0.0625, 0.0625, 0.0625, 0.0625, 0.0625, 0.0625, 0.0625, 0.0625, 0.0625, 0.0625, 0.0625, 0.0625, 0.0625, 0.0625, 0.0625, 0.0625, 0.0625, 0.0625, 0.0625]
[TRAIN]: (1208/1600): reward: 20.03305158019066, rates: 20.03305182996696, loss: 0.565142072737217, rho: 0.14375, transmit_actions: 19, P: [0.875, 0.0625, 0.0625, 0.0625, 0.0625, 0.0625, 0.0625, 0.0625, 0.125, 0.0625, 0.0625, 0.0625, 0.0625, 0.0625, 0.0625, 0.125, 0.0625, 0.125, 0.0625, 0.0625]
[TRAIN]: (1209/1600): reward: 20.749446660280228, rates: 20.749446588227368, loss: 0.663430105894804, rho: 0.15625, transmit_actions: 19, P: [0.875, 0.0625, 0.0625, 0.0625, 0.0625, 0.0625, 0.0625, 0.125, 0.0625, 0.0625, 0.125, 0.0625, 0.0625, 0.0625, 0.0625, 0.0625, 0.0625, 0.0625, 0.0625, 0.0625]
[TRAIN]: (1210/1600): reward: 19.6809723675251, rates: 19.680972395555212, loss: 0.5471815183758736, rho: 0.15625, transmit_actions: 19, P: [0.875, 0.0625, 0.0625, 0.125, 0.0625, 0.0625, 0.0625, 0.0625, 0.0625, 0.125, 0.125, 0.0625, 0.0625, 0.0625, 0.0625, 0.0625, 0.0625, 0.0625, 0.0625, 0.0625]
[TRAIN]: (1211/1600): reward: 18.18092569708824, rates: 18.180925858772987, loss: 0.5824561186134816, rho: 0.15625, transmit_actions: 18, P: [0.875, 0.9375, 0.0625, 0.0625, 0.0625, 0.0625, 0.0625, 0.0625, 0.0625, 0.0625, 0.0625, 0.0625, 0.0625, 0.0625, 0.0625, 0.0625, 0.0625, 0.0625, 0.0625, 0.0625]
[TRAIN]: (1212/1600): reward: 21.531267255544662, rates: 21.53126721262141, loss: 0.5349047869443894, rho: 0.15, transmit_actions: 19, P: [0.875, 0.0625, 0.0625, 0.125, 0.0625, 0.125, 0.0625, 0.0625, 0.0625, 0.0625, 0.0625, 0.0625, 0.0625, 0.0625, 0.0625, 0.0625, 0.0625, 0.0625, 0.0625, 0.0625]
[TRAIN]: (1213/1600): reward: 18.60233235359192, rates: 18.602332251990365, loss: 0.5117498084902763, rho: 0.14375, transmit_actions: 18, P: [0.875, 0.9375, 0.0625, 0.0625, 0.0625, 0.0625, 0.0625, 0.0625, 0.0625, 0.0625, 0.0625, 0.0625, 0.0625, 0.0625, 0.0625, 0.0625, 0.0625, 0.0625, 0.0625, 0.0625]
[TRAIN]: (1214/1600): reward: 21.71479833126068, rates: 21.714798153830998, loss: 0.48356128111481667, rho: 0.14375, transmit_actions: 19, P: [0.875, 0.0625, 0.0625, 0.0625, 0.0625, 0.0625, 0.0625, 0.125, 0.0625, 0.0625, 0.0625, 0.0625, 0.0625, 0.0625, 0.0625, 0.0625, 0.0625, 0.0625, 0.0625, 0.125]
[TRAIN]: (1215/1600): reward: 16.541401579976082, rates: 18.54140158725687, loss: 0.5541755586862565, rho: 0.1625, transmit_actions: 19, P: [0.875, 0.125, 0.0625, 0.0625, 0.0625, 0.0625, 0.125, 0.0625, 0.0625, 0.0625, 0.0625, 0.0625, 0.0625, 0.0625, 0.0625, 0.0625, 0.0625, 0.0625, 0.0625, 0.0625]
[TRAIN]: (1216/1600): reward: 21.98351699113846, rates: 21.983516931034554, loss: 0.6008299574255943, rho: 0.15, transmit_actions: 19, P: [0.875, 0.0625, 0.0625, 0.125, 0.0625, 0.0625, 0.0625, 0.0625, 0.0625, 0.0625, 0.0625, 0.0625, 0.0625, 0.0625, 0.0625, 0.0625, 0.0625, 0.0625, 0.0625, 0.0625]
[TRAIN]: (1217/1600): reward: 21.01643007993698, rates: 21.016430081650817, loss: 0.5541651368141174, rho: 0.15, transmit_actions: 18, P: [0.875, 0.9375, 0.125, 0.0625, 0.0625, 0.0625, 0.0625, 0.0625, 0.0625, 0.0625, 0.0625, 0.0625, 0.0625, 0.0625, 0.0625, 0.0625, 0.0625, 0.0625, 0.0625, 0.0625]
[TRAIN]: (1218/1600): reward: 18.345708459615707, rates: 19.345708310028026, loss: 0.4811319217085838, rho: 0.14375, transmit_actions: 19, P: [0.875, 0.1875, 0.0625, 0.0625, 0.0625, 0.0625, 0.0625, 0.0625, 0.0625, 0.0625, 0.0625, 0.0625, 0.0625, 0.0625, 0.0625, 0.0625, 0.0625, 0.0625, 0.0625, 0.0625]
[TRAIN]: (1219/1600): reward: 20.382758110761642, rates: 20.382758040372153, loss: 0.541690731048584, rho: 0.1375, transmit_actions: 19, P: [0.875, 0.125, 0.125, 0.0625, 0.0625, 0.0625, 0.125, 0.0625, 0.0625, 0.125, 0.0625, 0.0625, 0.0625, 0.0625, 0.0625, 0.0625, 0.0625, 0.0625, 0.0625, 0.0625]
[TRAIN]: (1220/1600): reward: 20.991014927625656, rates: 20.9910147617088, loss: 0.5475238651037216, rho: 0.15, transmit_actions: 19, P: [0.875, 0.0625, 0.0625, 0.0625, 0.0625, 0.0625, 0.0625, 0.0625, 0.0625, 0.0625, 0.0625, 0.0625, 0.0625, 0.0625, 0.0625, 0.0625, 0.0625, 0.0625, 0.0625, 0.0625]
[TRAIN]: (1221/1600): reward: 20.904420912265778, rates: 20.904420807693928, loss: 0.5947090670466423, rho: 0.15625, transmit_actions: 19, P: [0.875, 0.0625, 0.0625, 0.0625, 0.0625, 0.0625, 0.0625, 0.0625, 0.0625, 0.0625, 0.0625, 0.0625, 0.0625, 0.0625, 0.0625, 0.0625, 0.0625, 0.0625, 0.0625, 0.0625]
[TRAIN]: (1222/1600): reward: 20.29154008626938, rates: 20.291539930848106, loss: 0.5509962663054466, rho: 0.1375, transmit_actions: 19, P: [0.875, 0.0625, 0.0625, 0.0625, 0.0625, 0.0625, 0.0625, 0.0625, 0.0625, 0.0625, 0.0625, 0.0625, 0.0625, 0.0625, 0.0625, 0.0625, 0.0625, 0.0625, 0.0625, 0.0625]
[TRAIN]: (1223/1600): reward: 14.167888790369034, rates: 19.167888806524736, loss: 0.49878922253847124, rho: 0.19375, transmit_actions: 18, P: [0.875, 0.0625, 0.0625, 0.0625, 0.0625, 0.125, 0.0625, 0.0625, 0.0625, 0.25, 0.0625, 0.0625, 0.0625, 0.0625, 0.0625, 0.0625, 0.0625, 0.0625, 0.0625, 0.0625]
[TRAIN]: (1224/1600): reward: 13.905683726072311, rates: 18.90568384994877, loss: 0.5909374773502349, rho: 0.15625, transmit_actions: 20, P: [1.0, 0.125, 0.0625, 0.0625, 0.0625, 0.0625, 0.0625, 0.0625, 0.0625, 0.0625, 0.0625, 0.0625, 0.0625, 0.0625, 0.0625, 0.0625, 0.0625, 0.0625, 0.0625, 0.0625]
[TRAIN]: (1225/1600): reward: 19.603453636169434, rates: 19.603453653039615, loss: 0.49890796169638635, rho: 0.14375, transmit_actions: 19, P: [0.875, 0.0625, 0.0625, 0.0625, 0.0625, 0.0625, 0.0625, 0.0625, 0.0625, 0.0625, 0.0625, 0.0625, 0.125, 0.0625, 0.0625, 0.0625, 0.0625, 0.0625, 0.0625, 0.0625]
[TRAIN]: (1226/1600): reward: 19.483278691768646, rates: 19.48327857091027, loss: 0.5624123409390449, rho: 0.15, transmit_actions: 19, P: [0.875, 0.0625, 0.0625, 0.0625, 0.0625, 0.0625, 0.0625, 0.0625, 0.0625, 0.0625, 0.0625, 0.0625, 0.0625, 0.0625, 0.0625, 0.0625, 0.0625, 0.0625, 0.0625, 0.0625]
[TRAIN]: (1227/1600): reward: 21.491074442863464, rates: 21.49107461083026, loss: 0.46233434304594995, rho: 0.1375, transmit_actions: 18, P: [0.875, 0.9375, 0.0625, 0.0625, 0.0625, 0.0625, 0.125, 0.125, 0.0625, 0.0625, 0.0625, 0.0625, 0.0625, 0.0625, 0.0625, 0.0625, 0.0625, 0.0625, 0.0625, 0.0625]
[TRAIN]: (1228/1600): reward: 20.95997980237007, rates: 20.959979694138283, loss: 0.5031787231564522, rho: 0.19375, transmit_actions: 19, P: [0.875, 0.0625, 0.0625, 0.0625, 0.0625, 0.0625, 0.0625, 0.0625, 0.0625, 0.125, 0.0625, 0.0625, 0.0625, 0.0625, 0.0625, 0.0625, 0.0625, 0.0625, 0.0625, 0.0625]
[TRAIN]: (1229/1600): reward: 19.46701157093048, rates: 19.467011702539512, loss: 0.5370725139975547, rho: 0.14375, transmit_actions: 19, P: [0.875, 0.0625, 0.0625, 0.0625, 0.0625, 0.0625, 0.0625, 0.0625, 0.0625, 0.0625, 0.125, 0.0625, 0.0625, 0.0625, 0.0625, 0.0625, 0.0625, 0.125, 0.0625, 0.0625]
[TRAIN]: (1230/1600): reward: 20.614467918872833, rates: 20.61446813243829, loss: 0.5473488822579384, rho: 0.15, transmit_actions: 18, P: [0.875, 0.9375, 0.0625, 0.125, 0.125, 0.0625, 0.0625, 0.125, 0.125, 0.0625, 0.0625, 0.0625, 0.0625, 0.0625, 0.0625, 0.0625, 0.0625, 0.0625, 0.125, 0.0625]
[TRAIN]: (1231/1600): reward: 18.094970613718033, rates: 20.09497061081652, loss: 0.5489976778626442, rho: 0.14375, transmit_actions: 19, P: [0.875, 0.0625, 0.0625, 0.0625, 0.125, 0.0625, 0.0625, 0.0625, 0.0625, 0.0625, 0.0625, 0.0625, 0.0625, 0.0625, 0.0625, 0.0625, 0.0625, 0.0625, 0.0625, 0.0625]
[TRAIN]: (1232/1600): reward: 22.460121870040894, rates: 22.460121855992508, loss: 0.539006344228983, rho: 0.15625, transmit_actions: 19, P: [0.875, 0.0625, 0.0625, 0.0625, 0.0625, 0.0625, 0.0625, 0.0625, 0.0625, 0.0625, 0.0625, 0.0625, 0.0625, 0.0625, 0.0625, 0.0625, 0.0625, 0.0625, 0.0625, 0.0625]
[TRAIN]: (1233/1600): reward: 17.83488866686821, rates: 17.834888716913625, loss: 0.49370463490486144, rho: 0.14375, transmit_actions: 18, P: [0.875, 0.75, 0.0625, 0.0625, 0.0625, 0.0625, 0.0625, 0.125, 0.0625, 0.0625, 0.0625, 0.0625, 0.0625, 0.0625, 0.0625, 0.0625, 0.0625, 0.0625, 0.0625, 0.0625]
[TRAIN]: (1234/1600): reward: 17.23080152273178, rates: 17.23080149967547, loss: 0.5635868653655052, rho: 0.1625, transmit_actions: 19, P: [0.875, 0.0625, 0.0625, 0.0625, 0.0625, 0.0625, 0.0625, 0.0625, 0.0625, 0.0625, 0.0625, 0.0625, 0.0625, 0.0625, 0.0625, 0.0625, 0.0625, 0.0625, 0.0625, 0.0]
[TRAIN]: (1235/1600): reward: 17.691641569137573, rates: 22.691641677487294, loss: 0.5844420060515404, rho: 0.16875, transmit_actions: 19, P: [0.875, 0.0625, 0.0625, 0.0625, 0.0625, 0.8125, 0.0625, 0.0625, 0.0625, 0.0625, 0.0625, 0.125, 0.0625, 0.0625, 0.0625, 0.0625, 0.0625, 0.0625, 0.0625, 0.0625]
[TRAIN]: (1236/1600): reward: 16.547235444188118, rates: 17.54723547380791, loss: 0.5304951593279839, rho: 0.1625, transmit_actions: 19, P: [0.875, 0.125, 0.0625, 0.0625, 0.0625, 0.0625, 0.0625, 0.0625, 0.0625, 0.0625, 0.0625, 0.0625, 0.125, 0.0625, 0.0625, 0.0625, 0.0625, 0.0625, 0.0625, 0.0625]
[TRAIN]: (1237/1600): reward: 19.37545272707939, rates: 19.375452710790785, loss: 0.5152695052325725, rho: 0.1375, transmit_actions: 19, P: [0.875, 0.0625, 0.0625, 0.0625, 0.125, 0.0625, 0.0625, 0.0625, 0.0625, 0.0625, 0.0625, 0.0625, 0.0625, 0.0625, 0.0625, 0.0625, 0.0625, 0.0625, 0.0625, 0.0625]
[TRAIN]: (1238/1600): reward: 17.63815939426422, rates: 18.638159465767, loss: 0.5071351423859596, rho: 0.16875, transmit_actions: 19, P: [0.875, 0.0625, 0.0625, 0.0625, 0.0625, 0.0625, 0.0625, 0.125, 0.0625, 0.0625, 0.0625, 0.0625, 0.0625, 0.0625, 0.0625, 0.0625, 0.0625, 0.0625, 0.0625, 0.0625]
[TRAIN]: (1239/1600): reward: 18.54855352640152, rates: 18.548553544697036, loss: 0.502511341124773, rho: 0.14375, transmit_actions: 19, P: [0.875, 0.0625, 0.0625, 0.0625, 0.0625, 0.0625, 0.0625, 0.0625, 0.0625, 0.0625, 0.0625, 0.0625, 0.0625, 0.0625, 0.0625, 0.0625, 0.0625, 0.0625, 0.0625, 0.0625]
[TRAIN]: (1240/1600): reward: 20.32374542951584, rates: 20.323745184083148, loss: 0.5200780473649502, rho: 0.16875, transmit_actions: 19, P: [0.875, 0.0625, 0.0625, 0.0625, 0.0625, 0.0625, 0.0625, 0.0625, 0.0625, 0.0625, 0.0625, 0.0625, 0.0625, 0.0625, 0.0625, 0.0625, 0.0625, 0.0625, 0.0625, 0.0625]
[TRAIN]: (1241/1600): reward: 21.987530410289764, rates: 21.98753009246165, loss: 0.5566805332899094, rho: 0.14375, transmit_actions: 19, P: [0.875, 0.125, 0.0625, 0.0625, 0.0625, 0.0625, 0.0625, 0.125, 0.125, 0.0625, 0.125, 0.0625, 0.0625, 0.0625, 0.0625, 0.0625, 0.0625, 0.125, 0.0625, 0.125]
[TRAIN]: (1242/1600): reward: 17.838658928871155, rates: 21.83865877451331, loss: 0.5460080847144126, rho: 0.15625, transmit_actions: 19, P: [0.875, 0.0625, 0.0625, 0.125, 0.0625, 0.125, 0.0625, 0.0625, 0.0625, 0.0625, 0.0625, 0.0625, 0.0625, 0.0625, 0.0625, 0.0625, 0.0625, 0.5625, 0.0625, 0.0625]
[TRAIN]: (1243/1600): reward: 19.9659331291914, rates: 19.96593328649283, loss: 0.48442610800266267, rho: 0.21875, transmit_actions: 19, P: [0.875, 0.0625, 0.0625, 0.125, 0.0625, 0.125, 0.0625, 0.0625, 0.0625, 0.0625, 0.0625, 0.0625, 0.0625, 0.0625, 0.0625, 0.0625, 0.0625, 0.0625, 0.0625, 0.0625]
[TRAIN]: (1244/1600): reward: 19.42015114426613, rates: 19.42015125576666, loss: 0.5106375381350517, rho: 0.1375, transmit_actions: 19, P: [0.875, 0.0625, 0.0625, 0.0625, 0.0625, 0.0625, 0.0625, 0.0625, 0.0625, 0.0625, 0.0625, 0.0625, 0.0625, 0.0625, 0.0625, 0.0625, 0.0625, 0.0625, 0.0625, 0.0625]
[TRAIN]: (1245/1600): reward: 21.02764019370079, rates: 21.027640137338466, loss: 0.5068104192614555, rho: 0.15, transmit_actions: 19, P: [0.875, 0.0625, 0.0625, 0.125, 0.0625, 0.0625, 0.0625, 0.0625, 0.0625, 0.0625, 0.0625, 0.0625, 0.0625, 0.0625, 0.0625, 0.0625, 0.0625, 0.0625, 0.0625, 0.0625]
[TRAIN]: (1246/1600): reward: 19.21250930428505, rates: 19.21250932019697, loss: 0.5289674080908299, rho: 0.15, transmit_actions: 19, P: [0.875, 0.0625, 0.0625, 0.0625, 0.0625, 0.0625, 0.0625, 0.0625, 0.0625, 0.0625, 0.0625, 0.0625, 0.0625, 0.0625, 0.0625, 0.0625, 0.0625, 0.0625, 0.0625, 0.0625]
[TRAIN]: (1247/1600): reward: 19.218635827302933, rates: 19.218635787314593, loss: 0.5207698211073876, rho: 0.15, transmit_actions: 18, P: [0.875, 0.0625, 0.0625, 0.0625, 0.0625, 0.0625, 0.125, 0.0625, 0.0625, 0.0625, 0.0625, 0.0625, 0.0625, 0.0625, 0.0625, 0.0625, 0.75, 0.0625, 0.0625, 0.0625]
[TRAIN]: (1248/1600): reward: 18.94144034385681, rates: 18.941440278145492, loss: 0.5228766441345215, rho: 0.14375, transmit_actions: 19, P: [0.875, 0.125, 0.0625, 0.0625, 0.0625, 0.0625, 0.0625, 0.0625, 0.0625, 0.0625, 0.0625, 0.0625, 0.0625, 0.0625, 0.0625, 0.0625, 0.0625, 0.0625, 0.0625, 0.0625]
[TRAIN]: (1249/1600): reward: 19.90290205180645, rates: 19.90290211298963, loss: 0.5099193766713143, rho: 0.15625, transmit_actions: 19, P: [0.875, 0.0625, 0.0625, 0.0625, 0.0625, 0.0625, 0.0625, 0.0625, 0.0625, 0.0625, 0.0625, 0.0625, 0.0625, 0.0625, 0.0625, 0.0625, 0.0625, 0.0625, 0.0625, 0.0625]
[TRAIN]: (1250/1600): reward: 17.160532772541046, rates: 17.16053298145545, loss: 0.5931946024298668, rho: 0.14375, transmit_actions: 19, P: [0.875, 0.0625, 0.125, 0.0625, 0.0625, 0.0625, 0.0625, 0.0625, 0.0625, 0.0625, 0.0625, 0.0625, 0.0625, 0.0625, 0.0625, 0.0625, 0.0625, 0.0625, 0.0625, 0.0625]
[TRAIN]: (1251/1600): reward: 20.408005714416504, rates: 20.408005650608867, loss: 0.5569519966840744, rho: 0.1625, transmit_actions: 19, P: [0.875, 0.0625, 0.0625, 0.0625, 0.0625, 0.0625, 0.0625, 0.0625, 0.0625, 0.0625, 0.0625, 0.0625, 0.0625, 0.0625, 0.0625, 0.0625, 0.0625, 0.0625, 0.0625, 0.0625]
[TRAIN]: (1252/1600): reward: 20.925334572792053, rates: 20.92533441449244, loss: 0.47897874712944033, rho: 0.175, transmit_actions: 19, P: [0.875, 0.125, 0.0625, 0.0625, 0.0625, 0.0625, 0.0625, 0.125, 0.0625, 0.0625, 0.0625, 0.0625, 0.0625, 0.0625, 0.0625, 0.0625, 0.0625, 0.0625, 0.0625, 0.0625]
[TRAIN]: (1253/1600): reward: 18.942139387130737, rates: 18.942139234589256, loss: 0.5704009056091308, rho: 0.19375, transmit_actions: 19, P: [0.875, 0.0625, 0.125, 0.0625, 0.0625, 0.0625, 0.0625, 0.0625, 0.0625, 0.0625, 0.0625, 0.0625, 0.125, 0.0625, 0.0625, 0.0625, 0.0625, 0.0625, 0.0625, 0.0625]
[TRAIN]: (1254/1600): reward: 13.797944441437721, rates: 19.797944388832914, loss: 0.5292085811495781, rho: 0.175, transmit_actions: 18, P: [0.875, 0.0625, 0.0625, 0.0625, 0.0625, 0.0625, 0.0625, 0.0625, 0.0625, 0.0625, 0.125, 0.3125, 0.0625, 0.0625, 0.0625, 0.0625, 0.0625, 0.0625, 0.0625, 0.0625]
[TRAIN]: (1255/1600): reward: 18.171100914478302, rates: 18.17110072986455, loss: 0.4827278196811676, rho: 0.15, transmit_actions: 18, P: [0.875, 1.0, 0.0625, 0.0625, 0.0625, 0.0625, 0.0625, 0.0625, 0.0625, 0.0625, 0.0625, 0.0625, 0.0625, 0.0625, 0.0625, 0.0625, 0.0625, 0.0625, 0.0625, 0.0625]
[TRAIN]: (1256/1600): reward: 20.102356931194663, rates: 22.102357029933906, loss: 0.5208076976239682, rho: 0.18125, transmit_actions: 19, P: [0.875, 0.0625, 0.0625, 0.0625, 0.0625, 0.0625, 0.0625, 0.125, 0.0625, 0.0625, 0.0625, 0.0625, 0.0625, 0.0625, 0.0625, 0.0625, 0.0625, 0.0625, 0.0625, 0.0625]
[TRAIN]: (1257/1600): reward: 14.189801901578903, rates: 19.189801883427137, loss: 0.4786874294281006, rho: 0.175, transmit_actions: 18, P: [0.875, 0.0625, 0.0625, 0.0625, 0.0625, 0.0625, 0.0625, 0.0625, 0.0625, 0.125, 0.0625, 0.5, 0.0625, 0.0625, 0.0625, 0.0625, 0.0625, 0.0625, 0.0625, 0.0625]
[TRAIN]: (1258/1600): reward: 19.370144188404083, rates: 19.370144382159204, loss: 0.49103378131985664, rho: 0.1375, transmit_actions: 18, P: [0.875, 0.9375, 0.0625, 0.125, 0.0625, 0.0625, 0.0625, 0.0625, 0.0625, 0.0625, 0.0625, 0.0625, 0.0625, 0.0625, 0.0625, 0.0625, 0.0625, 0.0625, 0.0625, 0.0625]
[TRAIN]: (1259/1600): reward: 18.6206071972847, rates: 20.62060734398009, loss: 0.5311746254563332, rho: 0.1625, transmit_actions: 19, P: [0.875, 0.0625, 0.125, 0.0625, 0.0625, 0.0625, 0.0625, 0.125, 0.0625, 0.0625, 0.0625, 0.0625, 0.0625, 0.0625, 0.0625, 0.0625, 0.0625, 0.0625, 0.0625, 0.0625]
[TRAIN]: (1260/1600): reward: 20.475210189819336, rates: 20.475210281627536, loss: 0.5126557752490044, rho: 0.14375, transmit_actions: 19, P: [0.875, 0.0625, 0.0625, 0.0625, 0.0625, 0.0625, 0.0625, 0.0625, 0.0625, 0.0625, 0.0625, 0.0625, 0.0625, 0.0625, 0.0625, 0.0625, 0.0625, 0.0625, 0.0625, 0.0625]
[TRAIN]: (1261/1600): reward: 19.528352588415146, rates: 19.52835257239272, loss: 0.48108733296394346, rho: 0.1625, transmit_actions: 19, P: [0.875, 0.0625, 0.0625, 0.0625, 0.0625, 0.0625, 0.0625, 0.0625, 0.0625, 0.0625, 0.0625, 0.0625, 0.0625, 0.0625, 0.0625, 0.0625, 0.0625, 0.0625, 0.0625, 0.0625]
[TRAIN]: (1262/1600): reward: 21.422781884670258, rates: 21.42278196519321, loss: 0.5428961545228959, rho: 0.14375, transmit_actions: 19, P: [0.875, 0.0625, 0.0625, 0.0625, 0.0625, 0.0625, 0.0625, 0.0625, 0.0625, 0.0625, 0.0625, 0.0625, 0.0625, 0.0625, 0.0625, 0.0625, 0.0625, 0.0625, 0.0625, 0.0625]
[TRAIN]: (1263/1600): reward: 17.721723288297653, rates: 17.721723172973135, loss: 0.4987784966826439, rho: 0.15625, transmit_actions: 19, P: [0.875, 0.0625, 0.0625, 0.0625, 0.0625, 0.0625, 0.0625, 0.0625, 0.0625, 0.0625, 0.0625, 0.0625, 0.0625, 0.0625, 0.0625, 0.0625, 0.0625, 0.0625, 0.0625, 0.0625]
[TRAIN]: (1264/1600): reward: 16.40356135368347, rates: 19.40356133867227, loss: 0.43235688507556913, rho: 0.15, transmit_actions: 19, P: [0.875, 0.1875, 0.0625, 0.125, 0.0625, 0.125, 0.0625, 0.0625, 0.0625, 0.0625, 0.0625, 0.0625, 0.0625, 0.0625, 0.0625, 0.0625, 0.0625, 0.0625, 0.0625, 0.0625]
[TRAIN]: (1265/1600): reward: 20.749922424554825, rates: 20.749922442516418, loss: 0.5376965887844563, rho: 0.15, transmit_actions: 19, P: [0.875, 0.0625, 0.0625, 0.0625, 0.0625, 0.125, 0.0625, 0.0625, 0.0625, 0.0625, 0.0625, 0.0625, 0.0625, 0.0625, 0.0625, 0.0625, 0.0625, 0.0625, 0.0625, 0.0625]
[TRAIN]: (1266/1600): reward: 18.852771416306496, rates: 20.85277111952848, loss: 0.48635131269693377, rho: 0.15625, transmit_actions: 19, P: [0.875, 0.0625, 0.0625, 0.125, 0.0625, 0.0625, 0.0625, 0.0625, 0.0625, 0.0625, 0.0625, 0.0625, 0.0625, 0.0625, 0.0625, 0.0625, 0.0625, 0.0625, 0.0625, 0.0625]
[TRAIN]: (1267/1600): reward: 19.83758619427681, rates: 19.837586160229694, loss: 0.5112672254443169, rho: 0.14375, transmit_actions: 19, P: [0.875, 0.0625, 0.0625, 0.0625, 0.0625, 0.0625, 0.0625, 0.0625, 0.0625, 0.0625, 0.0625, 0.0625, 0.0625, 0.0625, 0.0625, 0.0625, 0.0625, 0.0625, 0.0625, 0.0625]
[TRAIN]: (1268/1600): reward: 19.460977405309677, rates: 20.460977313242992, loss: 0.4881120204925537, rho: 0.1375, transmit_actions: 19, P: [0.875, 0.0625, 0.0625, 0.0625, 0.125, 0.0625, 0.0625, 0.0625, 0.0625, 0.0625, 0.0625, 0.0625, 0.0625, 0.0625, 0.0625, 0.0625, 0.0625, 0.0625, 0.0625, 0.0625]
[TRAIN]: (1269/1600): reward: 8.735862463712692, rates: 17.735862670275075, loss: 0.5006711609661579, rho: 0.18125, transmit_actions: 19, P: [0.875, 0.0625, 0.0625, 0.0625, 0.0625, 0.0625, 0.0625, 0.0625, 0.125, 0.0625, 0.0625, 0.0625, 0.4375, 0.0625, 0.0625, 0.0625, 0.5625, 0.0625, 0.0625, 0.0625]
[TRAIN]: (1270/1600): reward: 18.907675445079803, rates: 19.90767540985637, loss: 0.44128607660532, rho: 0.15, transmit_actions: 19, P: [0.875, 0.0625, 0.0625, 0.0625, 0.0625, 0.0625, 0.0625, 0.0625, 0.0625, 0.0625, 0.0625, 0.0625, 0.0625, 0.0625, 0.0625, 0.0625, 0.0625, 0.0625, 0.0625, 0.0625]
[TRAIN]: (1271/1600): reward: 14.879641890525818, rates: 19.87964185080521, loss: 0.42773541510105134, rho: 0.18125, transmit_actions: 18, P: [0.875, 0.0625, 0.0625, 0.0625, 0.0625, 0.375, 0.0625, 0.0625, 0.0625, 0.125, 0.0625, 0.0625, 0.0625, 0.0625, 0.0625, 0.0625, 0.0625, 0.0625, 0.0625, 0.0625]
[TRAIN]: (1272/1600): reward: 21.486393183469772, rates: 21.486393200570607, loss: 0.4883823230862617, rho: 0.14375, transmit_actions: 19, P: [0.875, 0.0625, 0.0625, 0.0625, 0.0625, 0.0625, 0.0625, 0.0625, 0.0625, 0.0625, 0.0625, 0.0625, 0.0625, 0.0625, 0.0625, 0.0625, 0.0625, 0.0625, 0.0625, 0.0625]
[TRAIN]: (1273/1600): reward: 19.874676078557968, rates: 19.87467581368475, loss: 0.5205674216151237, rho: 0.16875, transmit_actions: 19, P: [0.875, 0.0625, 0.0625, 0.0625, 0.0625, 0.0625, 0.0625, 0.0625, 0.0625, 0.0625, 0.0625, 0.0625, 0.0625, 0.0625, 0.0625, 0.0625, 0.0625, 0.0625, 0.0625, 0.0625]
[TRAIN]: (1274/1600): reward: 22.958392530679703, rates: 22.958392517598334, loss: 0.5465615972876549, rho: 0.1375, transmit_actions: 19, P: [0.875, 0.0625, 0.0625, 0.0625, 0.0625, 0.0625, 0.0625, 0.0625, 0.0625, 0.125, 0.0625, 0.0625, 0.0625, 0.0625, 0.0625, 0.0625, 0.0625, 0.0625, 0.0625, 0.0625]
[TRAIN]: (1275/1600): reward: 18.30874700844288, rates: 19.308746949954717, loss: 0.47548583820462226, rho: 0.15, transmit_actions: 19, P: [0.875, 0.0625, 0.0625, 0.0625, 0.0625, 0.0625, 0.0625, 0.125, 0.0625, 0.125, 0.0625, 0.0625, 0.0625, 0.0625, 0.0625, 0.0625, 0.125, 0.0625, 0.0625, 0.0625]
[TRAIN]: (1276/1600): reward: 18.605025738477707, rates: 18.60502593745171, loss: 0.46261385530233384, rho: 0.14375, transmit_actions: 19, P: [0.875, 0.0625, 0.0625, 0.0625, 0.0625, 0.0625, 0.0625, 0.0625, 0.0625, 0.0625, 0.0625, 0.0625, 0.0625, 0.0625, 0.0625, 0.0625, 0.0625, 0.0625, 0.0625, 0.0625]
[TRAIN]: (1277/1600): reward: 17.3849378824234, rates: 18.38493804256268, loss: 0.46689127311110495, rho: 0.175, transmit_actions: 19, P: [0.875, 0.125, 0.0625, 0.0625, 0.125, 0.0625, 0.0625, 0.0625, 0.0625, 0.0625, 0.0625, 0.0625, 0.0625, 0.0625, 0.0625, 0.0625, 0.0625, 0.0625, 0.0625, 0.0625]
[TRAIN]: (1278/1600): reward: 19.742658346891403, rates: 20.742658403858645, loss: 0.551675233244896, rho: 0.20625, transmit_actions: 19, P: [0.875, 0.0, 0.125, 0.0625, 0.0625, 0.125, 0.1875, 0.125, 0.0625, 0.0625, 0.0625, 0.0625, 0.0625, 0.0625, 0.0625, 0.0625, 0.0625, 0.0625, 0.0625, 0.0625]
[TRAIN]: (1279/1600): reward: 10.495385825634003, rates: 19.495385715367284, loss: 0.49858117997646334, rho: 0.2, transmit_actions: 18, P: [0.875, 0.125, 0.0625, 0.0625, 1.0, 0.0625, 0.125, 0.0625, 0.0625, 0.0625, 0.6875, 0.0625, 0.0625, 0.0625, 0.0625, 0.0625, 0.0625, 0.0625, 0.0625, 0.0625]
[TRAIN]: (1280/1600): reward: 20.878243565559387, rates: 20.878243473744064, loss: 0.520313274115324, rho: 0.1375, transmit_actions: 19, P: [0.875, 0.125, 0.0625, 0.0625, 0.0625, 0.125, 0.0625, 0.0625, 0.0625, 0.0625, 0.0625, 0.0625, 0.0625, 0.0625, 0.0625, 0.0625, 0.0625, 0.0625, 0.0625, 0.0625]
[TRAIN]: (1281/1600): reward: 20.884717673063278, rates: 20.88471771287345, loss: 0.5456757992506027, rho: 0.14375, transmit_actions: 19, P: [0.875, 0.0625, 0.0625, 0.0625, 0.0625, 0.0625, 0.0625, 0.0625, 0.0625, 0.0625, 0.125, 0.0625, 0.0625, 0.0625, 0.0625, 0.0625, 0.0625, 0.0625, 0.0625, 0.0625]
[TRAIN]: (1282/1600): reward: 21.17083501815796, rates: 22.170834779011507, loss: 0.5112705260515213, rho: 0.15, transmit_actions: 19, P: [0.875, 0.0625, 0.0625, 0.0625, 0.0625, 0.0625, 0.0625, 0.0625, 0.0625, 0.0625, 0.0625, 0.0625, 0.0625, 0.0625, 0.0625, 0.0625, 0.0625, 0.0625, 0.0625, 0.0625]
[TRAIN]: (1283/1600): reward: 19.901737570762634, rates: 19.901737574677934, loss: 0.5476874530315399, rho: 0.14375, transmit_actions: 19, P: [0.875, 0.0625, 0.0625, 0.0625, 0.125, 0.0625, 0.0625, 0.125, 0.0625, 0.0625, 0.0625, 0.0625, 0.0625, 0.0625, 0.0625, 0.0625, 0.0625, 0.0625, 0.0625, 0.0625]
[TRAIN]: (1284/1600): reward: 16.606209009885788, rates: 21.60620893602828, loss: 0.4465798407793045, rho: 0.15625, transmit_actions: 20, P: [0.0625, 0.0, 0.0625, 0.0625, 0.0625, 0.0625, 0.0625, 0.125, 0.0625, 0.125, 0.125, 0.0625, 0.0625, 0.0625, 0.0625, 0.0625, 0.0625, 0.0625, 0.0625, 0.0625]
[TRAIN]: (1285/1600): reward: 14.773792564868927, rates: 19.773792621595977, loss: 0.5143592298030853, rho: 0.15625, transmit_actions: 18, P: [0.875, 0.0625, 0.0625, 0.0625, 0.0625, 0.0625, 0.125, 0.0625, 0.0625, 0.0625, 0.0625, 0.0625, 0.0625, 0.1875, 0.0625, 0.0625, 0.0625, 0.0625, 0.0625, 0.0625]
[TRAIN]: (1286/1600): reward: 12.775907933712006, rates: 20.7759082818866, loss: 0.4581332728266716, rho: 0.1375, transmit_actions: 20, P: [0.0625, 0.1875, 0.0625, 0.0625, 0.0625, 0.0625, 0.0625, 0.0625, 0.0625, 0.0625, 0.0625, 0.0625, 0.0625, 0.0625, 0.0625, 0.0625, 0.0625, 0.0625, 0.0625, 0.0625]
[TRAIN]: (1287/1600): reward: 16.045032531023026, rates: 21.045032417750104, loss: 0.4791414804756641, rho: 0.125, transmit_actions: 20, P: [0.0625, 0.0625, 0.0625, 0.0625, 0.0625, 0.0625, 0.0625, 0.0625, 0.0625, 0.0625, 0.0625, 0.0625, 0.0625, 0.0625, 0.0625, 0.0625, 0.0625, 0.0625, 0.0625, 0.0625]
[TRAIN]: (1288/1600): reward: 14.119293063879013, rates: 19.119292937654333, loss: 0.48420804664492606, rho: 0.125, transmit_actions: 20, P: [0.0625, 0.0625, 0.0625, 0.0625, 0.0625, 0.0625, 0.0625, 0.0625, 0.0625, 0.0625, 0.0625, 0.0625, 0.0625, 0.0625, 0.0625, 0.0625, 0.0625, 0.0625, 0.0625, 0.0625]
[TRAIN]: (1289/1600): reward: 15.006177723407745, rates: 20.006177750409336, loss: 0.4929135233163834, rho: 0.14375, transmit_actions: 20, P: [0.0625, 0.0625, 0.0625, 0.0625, 0.0625, 0.0625, 0.0625, 0.0625, 0.0625, 0.0625, 0.0625, 0.125, 0.125, 0.0625, 0.0625, 0.0625, 0.0625, 0.0625, 0.0625, 0.0625]
[TRAIN]: (1290/1600): reward: 10.685798615217209, rates: 19.685798752105182, loss: 0.5130941614508628, rho: 0.125, transmit_actions: 20, P: [0.0625, 0.0625, 0.125, 0.0625, 0.0625, 0.125, 0.0625, 0.0625, 0.0625, 0.0625, 0.0625, 0.0625, 0.0625, 0.0625, 0.125, 0.0625, 0.0625, 0.0625, 0.0625, 0.0625]
[TRAIN]: (1291/1600): reward: 21.124943405389786, rates: 21.124943226484827, loss: 0.4653035767376423, rho: 0.15625, transmit_actions: 19, P: [0.875, 0.0625, 0.0625, 0.0625, 0.0625, 0.0625, 0.0625, 0.0625, 0.0625, 0.0625, 0.0625, 0.0625, 0.0625, 0.0625, 0.0625, 0.0625, 0.0625, 0.0625, 0.0625, 0.0625]
[TRAIN]: (1292/1600): reward: 18.56642884016037, rates: 20.566428635651867, loss: 0.47484065964818, rho: 0.1375, transmit_actions: 19, P: [0.875, 0.0625, 0.125, 0.0625, 0.0625, 0.125, 0.0625, 0.125, 0.0625, 0.0625, 0.0625, 0.0625, 0.0625, 0.0625, 0.0625, 0.0625, 0.0625, 0.0625, 0.0625, 0.0625]
[TRAIN]: (1293/1600): reward: 14.320359960198402, rates: 19.32035980466513, loss: 0.4768326088786125, rho: 0.16875, transmit_actions: 20, P: [0.0625, 0.0625, 0.0625, 0.0625, 0.0625, 0.0625, 0.0625, 0.0625, 0.0625, 0.0625, 0.0625, 0.0625, 0.0625, 0.0625, 0.0625, 0.0625, 0.0625, 0.0625, 0.0625, 0.0625]
[TRAIN]: (1294/1600): reward: 14.501224786043167, rates: 19.501225050987237, loss: 0.458881489187479, rho: 0.1875, transmit_actions: 18, P: [0.875, 0.0625, 0.0625, 0.0625, 0.0625, 0.0625, 0.0625, 0.0625, 0.0625, 0.0625, 0.0625, 0.0625, 0.0625, 0.0625, 0.0625, 0.75, 0.0625, 0.0625, 0.0625, 0.0625]
[TRAIN]: (1295/1600): reward: 14.080756813287735, rates: 19.080756842069285, loss: 0.531321893632412, rho: 0.1875, transmit_actions: 18, P: [0.875, 0.0625, 0.0625, 0.0625, 0.0625, 0.0625, 0.0625, 0.0625, 0.0625, 0.0625, 0.0625, 0.0625, 0.0625, 0.0625, 0.0625, 0.0625, 0.0625, 0.1875, 0.0625, 0.0625]
[TRAIN]: (1296/1600): reward: 14.40212368965149, rates: 19.402123565707626, loss: 0.5808793850243091, rho: 0.14375, transmit_actions: 20, P: [0.0625, 0.0625, 0.0625, 0.0625, 0.0625, 0.0625, 0.0625, 0.0625, 0.0625, 0.0625, 0.0625, 0.0625, 0.0625, 0.0625, 0.0625, 0.0625, 0.0625, 0.0625, 0.0625, 0.0625]
[TRAIN]: (1297/1600): reward: 22.242798328399658, rates: 22.242798005791386, loss: 0.4692839577794075, rho: 0.1375, transmit_actions: 19, P: [0.875, 0.0625, 0.0625, 0.125, 0.0625, 0.0625, 0.0625, 0.0625, 0.0625, 0.0625, 0.0625, 0.125, 0.0625, 0.0625, 0.0625, 0.0625, 0.0625, 0.0625, 0.0625, 0.0625]
[TRAIN]: (1298/1600): reward: 19.166465550661087, rates: 19.166465638439096, loss: 0.4696082502603531, rho: 0.14375, transmit_actions: 19, P: [0.875, 0.0625, 0.0625, 0.0625, 0.0625, 0.0625, 0.0625, 0.0625, 0.0625, 0.0625, 0.0625, 0.0625, 0.0625, 0.0625, 0.0625, 0.0625, 0.0625, 0.0625, 0.0625, 0.0625]
[TRAIN]: (1299/1600): reward: 20.214042723178864, rates: 21.21404264751102, loss: 0.6020161911845208, rho: 0.20625, transmit_actions: 19, P: [0.875, 0.0, 0.125, 0.0625, 0.1875, 0.0625, 0.0625, 0.0625, 0.0625, 0.0625, 0.0625, 0.0625, 0.0625, 0.0625, 0.0625, 0.0625, 0.125, 0.0625, 0.0625, 0.0625]
[TRAIN]: (1300/1600): reward: 19.11077408492565, rates: 19.110773957079925, loss: 0.5537576675415039, rho: 0.15, transmit_actions: 19, P: [0.875, 0.0, 0.0625, 0.0625, 0.0625, 0.0625, 0.0625, 0.0625, 0.0625, 0.0625, 0.0625, 0.0625, 0.0625, 0.0625, 0.0625, 0.0625, 0.0625, 0.0625, 0.0625, 0.0625]
[TRAIN]: (1301/1600): reward: 13.955930918455124, rates: 18.955930915351566, loss: 0.4275535516440868, rho: 0.16875, transmit_actions: 19, P: [0.875, 0.0625, 0.0625, 0.0625, 0.875, 0.0625, 0.0625, 0.0625, 0.0625, 0.0625, 0.0625, 0.0625, 0.0625, 0.0625, 0.0625, 0.0625, 0.0625, 0.0625, 0.0625, 0.0625]
[TRAIN]: (1302/1600): reward: 20.712794095277786, rates: 20.712794156334812, loss: 0.5274501264095306, rho: 0.15625, transmit_actions: 19, P: [0.875, 0.125, 0.125, 0.0625, 0.0625, 0.0625, 0.0625, 0.0625, 0.0625, 0.0625, 0.0625, 0.125, 0.0625, 0.0625, 0.0625, 0.0625, 0.0625, 0.0625, 0.0625, 0.0625]
[TRAIN]: (1303/1600): reward: 21.146903663873672, rates: 21.14690364602016, loss: 0.4791300058364868, rho: 0.15, transmit_actions: 19, P: [0.875, 0.0625, 0.0625, 0.0625, 0.0625, 0.0625, 0.0625, 0.0625, 0.0625, 0.0625, 0.0625, 0.0625, 0.0625, 0.0625, 0.0625, 0.0625, 0.0625, 0.0625, 0.0625, 0.0625]
[TRAIN]: (1304/1600): reward: 19.190313786268234, rates: 19.190313883201718, loss: 0.5474820271134376, rho: 0.14375, transmit_actions: 19, P: [0.875, 0.0625, 0.0625, 0.0625, 0.0625, 0.125, 0.0625, 0.0625, 0.0625, 0.0625, 0.0625, 0.0625, 0.0625, 0.0625, 0.0625, 0.0625, 0.0625, 0.0625, 0.0625, 0.0625]
[TRAIN]: (1305/1600): reward: 19.17178863286972, rates: 19.171788512897834, loss: 0.47124137729406357, rho: 0.16875, transmit_actions: 19, P: [0.875, 0.0625, 0.0625, 0.0625, 0.125, 0.0625, 0.0625, 0.0625, 0.0625, 0.0625, 0.0625, 0.0625, 0.0625, 0.0625, 0.0625, 0.0625, 0.0625, 0.0625, 0.0625, 0.0625]
[TRAIN]: (1306/1600): reward: 23.14284299314022, rates: 23.142842718083163, loss: 0.5130238011479378, rho: 0.18125, transmit_actions: 19, P: [0.875, 0.0625, 0.0625, 0.125, 0.0625, 0.0625, 0.0625, 0.0625, 0.0625, 0.0625, 0.0625, 0.0625, 0.0625, 0.0625, 0.0625, 0.0625, 0.125, 0.0625, 0.0625, 0.0625]
[TRAIN]: (1307/1600): reward: 19.433043479919434, rates: 19.433043335491515, loss: 0.5398502349853516, rho: 0.175, transmit_actions: 19, P: [0.875, 0.0, 0.0625, 0.0625, 0.0625, 0.125, 0.0625, 0.0625, 0.0625, 0.125, 0.0625, 0.0625, 0.0625, 0.0625, 0.0625, 0.0625, 0.0625, 0.0625, 0.0625, 0.0625]
[TRAIN]: (1308/1600): reward: 15.614881992340088, rates: 15.614881966554242, loss: 0.5698578104376792, rho: 0.175, transmit_actions: 18, P: [0.875, 1.0, 0.0625, 0.0625, 0.0625, 0.0625, 0.0625, 0.0625, 0.125, 0.0625, 0.0625, 0.0625, 0.0625, 0.0625, 0.0625, 0.0625, 0.0625, 0.0625, 0.0625, 0.0625]
[TRAIN]: (1309/1600): reward: 17.248427271842957, rates: 17.24842712955084, loss: 0.4909571498632431, rho: 0.18125, transmit_actions: 18, P: [0.875, 1.0, 0.0625, 0.0625, 0.0625, 0.0625, 0.0625, 0.0625, 0.0625, 0.0625, 0.125, 0.0625, 0.0625, 0.0625, 0.0625, 0.0625, 0.0625, 0.0625, 0.0625, 0.0625]
[TRAIN]: (1310/1600): reward: 16.548092871904373, rates: 20.54809283142082, loss: 0.4915541268885136, rho: 0.14375, transmit_actions: 18, P: [0.875, 0.0625, 0.0625, 0.6875, 0.0625, 0.0625, 0.0625, 0.0625, 0.0625, 0.0625, 0.0625, 0.0625, 0.0625, 0.0625, 0.0625, 0.0625, 0.0625, 0.0625, 0.0625, 0.0625]
[TRAIN]: (1311/1600): reward: 17.838954716920853, rates: 18.838954771875002, loss: 0.4990848943591118, rho: 0.1875, transmit_actions: 19, P: [0.875, 0.0625, 0.0625, 0.0625, 0.0625, 0.0625, 0.0625, 0.125, 0.0625, 0.0625, 0.125, 0.0625, 0.0625, 0.0625, 0.0625, 0.125, 0.0625, 0.0625, 0.0625, 0.0625]
[TRAIN]: (1312/1600): reward: 18.19213530421257, rates: 18.192135247776868, loss: 0.4838023081421852, rho: 0.15625, transmit_actions: 19, P: [0.875, 0.0625, 0.0625, 0.0625, 0.0625, 0.0625, 0.0625, 0.125, 0.125, 0.0625, 0.0625, 0.0625, 0.125, 0.0625, 0.0625, 0.0625, 0.0625, 0.0625, 0.0625, 0.0625]
[TRAIN]: (1313/1600): reward: 21.007563769817352, rates: 21.007563750134125, loss: 0.45415803641080854, rho: 0.15625, transmit_actions: 19, P: [0.875, 0.0625, 0.0625, 0.0625, 0.0625, 0.0625, 0.0625, 0.0625, 0.0625, 0.0625, 0.0625, 0.0625, 0.0625, 0.0625, 0.0625, 0.0625, 0.0625, 0.0625, 0.0625, 0.0625]
[TRAIN]: (1314/1600): reward: 20.227056443691254, rates: 20.227056712658076, loss: 0.49360215812921526, rho: 0.14375, transmit_actions: 19, P: [0.875, 0.0625, 0.0625, 0.0625, 0.0625, 0.0625, 0.0625, 0.0625, 0.0625, 0.0625, 0.0625, 0.0625, 0.0625, 0.0625, 0.0625, 0.0625, 0.0625, 0.0625, 0.0625, 0.0625]
[TRAIN]: (1315/1600): reward: 21.263297632336617, rates: 21.263297838267725, loss: 0.4335421249270439, rho: 0.15, transmit_actions: 19, P: [0.875, 0.0625, 0.0625, 0.0625, 0.0625, 0.0625, 0.0625, 0.0625, 0.0625, 0.0625, 0.0625, 0.0625, 0.0625, 0.0625, 0.0625, 0.0625, 0.0625, 0.0625, 0.0625, 0.0625]
[TRAIN]: (1316/1600): reward: 20.072999209165573, rates: 20.07299937038001, loss: 0.4654874995350838, rho: 0.1625, transmit_actions: 19, P: [0.875, 0.125, 0.0625, 0.0625, 0.0625, 0.0625, 0.0625, 0.0625, 0.0625, 0.0625, 0.125, 0.0625, 0.0625, 0.0625, 0.0625, 0.0625, 0.0625, 0.0625, 0.0625, 0.0625]
[TRAIN]: (1317/1600): reward: 20.75618264079094, rates: 20.756182486604718, loss: 0.394867929816246, rho: 0.15625, transmit_actions: 18, P: [0.875, 0.9375, 0.0625, 0.0625, 0.0625, 0.0625, 0.0625, 0.0625, 0.0625, 0.0625, 0.0625, 0.0625, 0.0625, 0.0625, 0.0625, 0.0625, 0.0625, 0.0625, 0.0625, 0.0625]
[TRAIN]: (1318/1600): reward: 5.310264930129051, rates: 17.310264915847245, loss: 0.49934153705835344, rho: 0.21875, transmit_actions: 18, P: [0.875, 0.0625, 0.0625, 0.0625, 0.0625, 0.0625, 0.0625, 0.0625, 0.0625, 0.0625, 0.6875, 0.0625, 0.0625, 0.125, 0.0625, 0.0625, 0.5625, 0.0625, 0.125, 0.0625]
[TRAIN]: (1319/1600): reward: 19.585652828216553, rates: 19.585652859901955, loss: 0.5499836370348931, rho: 0.1375, transmit_actions: 19, P: [0.875, 0.125, 0.0625, 0.0625, 0.125, 0.0625, 0.0625, 0.0625, 0.125, 0.0625, 0.0625, 0.0625, 0.0625, 0.0625, 0.0625, 0.0625, 0.0625, 0.0625, 0.0625, 0.0625]
[TRAIN]: (1320/1600): reward: 17.70929905772209, rates: 17.709298934017276, loss: 0.44941490292549136, rho: 0.175, transmit_actions: 19, P: [0.875, 0.0625, 0.0625, 0.0625, 0.0625, 0.0625, 0.0625, 0.0625, 0.0625, 0.0625, 0.125, 0.0625, 0.0625, 0.0625, 0.0625, 0.0625, 0.0625, 0.0625, 0.0625, 0.0625]
[TRAIN]: (1321/1600): reward: 21.257193952798843, rates: 23.25719390253461, loss: 0.47224235311150553, rho: 0.15, transmit_actions: 19, P: [0.875, 0.0625, 0.0625, 0.125, 0.125, 0.0625, 0.125, 0.125, 0.125, 0.125, 0.125, 0.125, 0.0625, 0.0625, 0.0625, 0.0625, 0.0625, 0.0625, 0.0625, 0.0625]
[TRAIN]: (1322/1600): reward: 18.412227479973808, rates: 19.412227365493568, loss: 0.42143788635730745, rho: 0.1625, transmit_actions: 19, P: [0.875, 0.0625, 0.0625, 0.0625, 0.0625, 0.0625, 0.0625, 0.0625, 0.0625, 0.125, 0.0625, 0.0, 0.0625, 0.0625, 0.0625, 0.0625, 0.0625, 0.0625, 0.0625, 0.0625]
[TRAIN]: (1323/1600): reward: 21.16555467247963, rates: 21.165554586278127, loss: 0.5238535590469837, rho: 0.1625, transmit_actions: 19, P: [0.875, 0.0625, 0.0625, 0.0625, 0.0625, 0.0625, 0.0625, 0.125, 0.125, 0.0625, 0.0625, 0.0625, 0.0625, 0.0625, 0.0625, 0.0625, 0.0625, 0.0625, 0.0625, 0.0625]
[TRAIN]: (1324/1600): reward: 23.007517158985138, rates: 23.007517141414606, loss: 0.4894151896238327, rho: 0.16875, transmit_actions: 19, P: [0.875, 0.0625, 0.0625, 0.0625, 0.0625, 0.125, 0.0625, 0.0625, 0.0625, 0.0625, 0.0625, 0.0625, 0.0625, 0.0625, 0.0625, 0.0625, 0.0625, 0.0625, 0.0625, 0.0625]
[TRAIN]: (1325/1600): reward: 22.14842039346695, rates: 22.148420259528898, loss: 0.48851587623357773, rho: 0.15625, transmit_actions: 19, P: [0.875, 0.0625, 0.0625, 0.0625, 0.0625, 0.0625, 0.0625, 0.0625, 0.0625, 0.0625, 0.0625, 0.0625, 0.0625, 0.0625, 0.0625, 0.0625, 0.0625, 0.0625, 0.0625, 0.0625]
[TRAIN]: (1326/1600): reward: 20.053492292761803, rates: 21.05349225560697, loss: 0.47379998713731764, rho: 0.15625, transmit_actions: 19, P: [0.875, 0.0625, 0.0625, 0.0625, 0.0625, 0.0625, 0.125, 0.0625, 0.0625, 0.0625, 0.0625, 0.0625, 0.0625, 0.0625, 0.0625, 0.0625, 0.0625, 0.0625, 0.0625, 0.0625]
[TRAIN]: (1327/1600): reward: 20.144642412662506, rates: 20.144642265072168, loss: 0.5169744610786438, rho: 0.1375, transmit_actions: 18, P: [0.875, 0.9375, 0.0625, 0.0625, 0.125, 0.0625, 0.0625, 0.125, 0.0625, 0.0625, 0.125, 0.0625, 0.0625, 0.0625, 0.0625, 0.0625, 0.0625, 0.0625, 0.0625, 0.0625]
[TRAIN]: (1328/1600): reward: 22.66899274289608, rates: 22.668992666884165, loss: 0.473538963496685, rho: 0.175, transmit_actions: 19, P: [0.875, 0.0625, 0.0625, 0.0625, 0.0625, 0.0625, 0.0625, 0.0625, 0.0625, 0.0625, 0.0625, 0.0625, 0.0625, 0.0625, 0.0625, 0.0625, 0.0625, 0.0625, 0.0625, 0.0625]
[TRAIN]: (1329/1600): reward: 12.368087381124496, rates: 19.368087203165402, loss: 0.4871190585196018, rho: 0.1875, transmit_actions: 18, P: [0.875, 0.0625, 0.0625, 0.0625, 0.125, 0.0625, 0.0625, 0.9375, 0.0625, 0.0625, 0.0625, 0.0625, 0.0625, 0.0625, 0.0625, 0.0625, 0.0625, 0.0625, 0.0625, 0.0625]
[TRAIN]: (1330/1600): reward: 21.789660155773163, rates: 21.789660149323602, loss: 0.5012189120054245, rho: 0.175, transmit_actions: 19, P: [0.875, 0.125, 0.125, 0.0625, 0.0625, 0.0625, 0.125, 0.0625, 0.0625, 0.0625, 0.0625, 0.0625, 0.0625, 0.0625, 0.0625, 0.0625, 0.0625, 0.0625, 0.0625, 0.0625]
[TRAIN]: (1331/1600): reward: 20.114070296287537, rates: 20.114070471096394, loss: 0.47610965073108674, rho: 0.18125, transmit_actions: 18, P: [0.875, 0.875, 0.125, 0.125, 0.0625, 0.125, 0.125, 0.125, 0.0625, 0.0625, 0.0625, 0.0625, 0.0625, 0.125, 0.0625, 0.0625, 0.0625, 0.0625, 0.0625, 0.0625]
[TRAIN]: (1332/1600): reward: 20.755386265926063, rates: 21.75538628619612, loss: 0.4640964403748512, rho: 0.15, transmit_actions: 19, P: [0.875, 0.0625, 0.125, 0.0625, 0.125, 0.125, 0.0625, 0.0625, 0.0625, 0.0625, 0.0625, 0.0625, 0.0625, 0.0625, 0.0625, 0.0625, 0.0625, 0.0625, 0.0625, 0.0625]
[TRAIN]: (1333/1600): reward: 19.992145478725433, rates: 19.99214565368783, loss: 0.48038695454597474, rho: 0.15625, transmit_actions: 19, P: [0.875, 0.0625, 0.0625, 0.0625, 0.0625, 0.0625, 0.125, 0.0625, 0.0625, 0.0625, 0.0625, 0.0625, 0.0625, 0.0625, 0.0625, 0.0625, 0.0625, 0.0625, 0.0625, 0.0625]
[TRAIN]: (1334/1600): reward: 20.736860662698746, rates: 20.736860720173855, loss: 0.46226456835865976, rho: 0.15, transmit_actions: 19, P: [0.875, 0.125, 0.0625, 0.0625, 0.125, 0.0625, 0.125, 0.0625, 0.0625, 0.0625, 0.0625, 0.0625, 0.0625, 0.0625, 0.0625, 0.0625, 0.0625, 0.0625, 0.0625, 0.0625]
[TRAIN]: (1335/1600): reward: 19.671204328536987, rates: 19.67120435765948, loss: 0.4887829229235649, rho: 0.15, transmit_actions: 19, P: [0.875, 0.0625, 0.125, 0.0625, 0.0625, 0.0625, 0.0625, 0.0625, 0.125, 0.0625, 0.125, 0.0625, 0.0625, 0.0625, 0.0625, 0.0625, 0.0625, 0.0625, 0.0625, 0.0625]
[TRAIN]: (1336/1600): reward: 19.553654104471207, rates: 19.553653981955517, loss: 0.4957110293209553, rho: 0.18125, transmit_actions: 19, P: [0.875, 0.0625, 0.1875, 0.0625, 0.125, 0.0625, 0.0625, 0.0625, 0.0625, 0.0625, 0.0625, 0.0625, 0.0625, 0.0625, 0.0625, 0.0625, 0.0625, 0.0625, 0.0625, 0.0625]
[TRAIN]: (1337/1600): reward: 18.96988558769226, rates: 18.969885582201442, loss: 0.48999794721603396, rho: 0.14375, transmit_actions: 19, P: [0.875, 0.0625, 0.125, 0.0625, 0.0625, 0.0625, 0.0625, 0.0625, 0.0625, 0.0625, 0.0625, 0.0625, 0.0625, 0.0625, 0.125, 0.0625, 0.0625, 0.0625, 0.0625, 0.0625]
[TRAIN]: (1338/1600): reward: 19.034534722566605, rates: 19.034534724410694, loss: 0.5465450905263424, rho: 0.15625, transmit_actions: 19, P: [0.875, 0.0625, 0.0625, 0.0625, 0.0625, 0.0625, 0.0625, 0.0625, 0.0625, 0.0625, 0.0625, 0.0625, 0.0625, 0.0625, 0.0625, 0.0625, 0.0625, 0.0625, 0.0625, 0.0625]
[TRAIN]: (1339/1600): reward: 19.165224134922028, rates: 19.16522434977944, loss: 0.531814168393612, rho: 0.15625, transmit_actions: 19, P: [0.875, 0.0625, 0.0625, 0.125, 0.0625, 0.0625, 0.0625, 0.0625, 0.0625, 0.0625, 0.0625, 0.0625, 0.0625, 0.0625, 0.0625, 0.0625, 0.0625, 0.0625, 0.0625, 0.0625]
[TRAIN]: (1340/1600): reward: 17.603883177042007, rates: 18.603883117623468, loss: 0.4864574380218983, rho: 0.14375, transmit_actions: 19, P: [0.875, 0.0625, 0.125, 0.0625, 0.0625, 0.0625, 0.125, 0.0625, 0.0625, 0.0625, 0.0625, 0.0625, 0.0625, 0.0625, 0.0625, 0.0625, 0.0625, 0.0625, 0.0625, 0.0625]
[TRAIN]: (1341/1600): reward: 19.482188761234283, rates: 19.482188828020142, loss: 0.4735671266913414, rho: 0.1375, transmit_actions: 19, P: [0.875, 0.0625, 0.0625, 0.0625, 0.0625, 0.0625, 0.125, 0.0625, 0.0625, 0.0625, 0.0625, 0.0625, 0.0625, 0.0625, 0.125, 0.0625, 0.0625, 0.0625, 0.0625, 0.0625]
[TRAIN]: (1342/1600): reward: 16.3558392226696, rates: 21.355839117935616, loss: 0.4542047448456287, rho: 0.175, transmit_actions: 18, P: [0.875, 0.0625, 0.0625, 0.0625, 0.0625, 0.0625, 0.0625, 0.0625, 0.625, 0.0625, 0.0625, 0.0625, 0.0625, 0.0625, 0.0625, 0.0625, 0.0625, 0.0625, 0.0625, 0.0625]
[TRAIN]: (1343/1600): reward: 19.782341718673706, rates: 19.782342006545377, loss: 0.5812761455774307, rho: 0.14375, transmit_actions: 18, P: [0.875, 0.0625, 0.0625, 0.8125, 0.0625, 0.0625, 0.0625, 0.0625, 0.0625, 0.0625, 0.0625, 0.0625, 0.0625, 0.0625, 0.0625, 0.0625, 0.0625, 0.0625, 0.0625, 0.0625]
[TRAIN]: (1344/1600): reward: 22.28346422314644, rates: 22.28346433156082, loss: 0.4957208357751369, rho: 0.14375, transmit_actions: 19, P: [0.875, 0.0625, 0.0625, 0.125, 0.0625, 0.0625, 0.0625, 0.0625, 0.0625, 0.0625, 0.125, 0.0625, 0.0625, 0.0625, 0.0625, 0.0625, 0.0625, 0.0625, 0.0625, 0.0625]
[TRAIN]: (1345/1600): reward: 20.642476826906204, rates: 20.64247681030101, loss: 0.4708392783999443, rho: 0.15625, transmit_actions: 20, P: [0.0, 0.0625, 0.0625, 0.0625, 0.0625, 0.125, 0.0625, 0.0625, 0.0625, 0.0625, 0.0625, 0.0625, 0.0625, 0.0625, 0.0625, 0.0625, 0.0625, 0.0625, 0.0625, 0.0625]
[TRAIN]: (1346/1600): reward: 18.132008731365204, rates: 18.1320090180952, loss: 0.4704157769680023, rho: 0.14375, transmit_actions: 19, P: [0.875, 0.0625, 0.0625, 0.0625, 0.0625, 0.0625, 0.0625, 0.0625, 0.0625, 0.0625, 0.0625, 0.0625, 0.0625, 0.0625, 0.0625, 0.0625, 0.0625, 0.0625, 0.0625, 0.0625]
[TRAIN]: (1347/1600): reward: 19.600400373339653, rates: 19.60040022077549, loss: 0.5418357059359551, rho: 0.1625, transmit_actions: 19, P: [0.875, 0.0625, 0.0625, 0.125, 0.0625, 0.0625, 0.0625, 0.0625, 0.0625, 0.0625, 0.0625, 0.0625, 0.0625, 0.0625, 0.0625, 0.0625, 0.0625, 0.0625, 0.0625, 0.0625]
[TRAIN]: (1348/1600): reward: 20.742278963327408, rates: 20.74227889864601, loss: 0.47769239768385885, rho: 0.15, transmit_actions: 19, P: [0.875, 0.0625, 0.0625, 0.0625, 0.0625, 0.0625, 0.0625, 0.0625, 0.0625, 0.0625, 0.0625, 0.0625, 0.0625, 0.0625, 0.0625, 0.0625, 0.0625, 0.0625, 0.0625, 0.0625]
[TRAIN]: (1349/1600): reward: 19.722532652318478, rates: 21.72253260692218, loss: 0.48578263372182845, rho: 0.1375, transmit_actions: 19, P: [0.875, 0.125, 0.125, 0.125, 0.0625, 0.125, 0.125, 0.0625, 0.0625, 0.0625, 0.0625, 0.0625, 0.0625, 0.125, 0.0625, 0.0625, 0.0625, 0.0625, 0.0625, 0.0625]
[TRAIN]: (1350/1600): reward: 19.10357256233692, rates: 21.10357246152318, loss: 0.4400366522371769, rho: 0.1625, transmit_actions: 20, P: [0.0, 0.0625, 0.0625, 0.0625, 0.0625, 0.1875, 0.1875, 0.0625, 0.0625, 0.0625, 0.0625, 0.0625, 0.0625, 0.0625, 0.0625, 0.0625, 0.125, 0.0625, 0.0625, 0.0625]
[TRAIN]: (1351/1600): reward: 19.46184667944908, rates: 19.461846637234338, loss: 0.3937242828309536, rho: 0.14375, transmit_actions: 20, P: [0.0, 0.0625, 0.0625, 0.0625, 0.0625, 0.0625, 0.0625, 0.0625, 0.0625, 0.0625, 0.0625, 0.0625, 0.0625, 0.0625, 0.0625, 0.0625, 0.0625, 0.0625, 0.0625, 0.0625]
[TRAIN]: (1352/1600): reward: 20.252747356891632, rates: 20.25274727211304, loss: 0.4582186289131641, rho: 0.1625, transmit_actions: 19, P: [0.0, 0.8125, 0.0625, 0.125, 0.0625, 0.0625, 0.0625, 0.0625, 0.0625, 0.0625, 0.0625, 0.0625, 0.0625, 0.0625, 0.0625, 0.0625, 0.0625, 0.0625, 0.0625, 0.0625]
[TRAIN]: (1353/1600): reward: 20.21407327055931, rates: 20.214073159200687, loss: 0.5000506483018399, rho: 0.15625, transmit_actions: 20, P: [0.0, 0.0625, 0.0625, 0.0625, 0.0625, 0.0625, 0.0625, 0.0625, 0.0625, 0.0625, 0.0625, 0.0625, 0.0625, 0.0625, 0.0625, 0.0625, 0.0625, 0.0625, 0.0625, 0.0625]
[TRAIN]: (1354/1600): reward: 14.730644553899765, rates: 19.73064471578274, loss: 0.45408130139112474, rho: 0.18125, transmit_actions: 19, P: [0.0, 0.0625, 0.0625, 0.0625, 0.0625, 0.125, 0.0625, 0.0625, 0.0625, 0.0625, 0.4375, 0.0625, 0.0625, 0.0625, 0.0625, 0.0625, 0.0625, 0.0625, 0.0625, 0.0625]
[TRAIN]: (1355/1600): reward: 16.470896244049072, rates: 18.470895920644917, loss: 0.5685085073113442, rho: 0.1875, transmit_actions: 20, P: [0.0, 0.0625, 0.1875, 0.0625, 0.0625, 0.0625, 0.0625, 0.0625, 0.0625, 0.125, 0.0625, 0.0625, 0.0625, 0.0625, 0.0625, 0.0625, 0.0625, 0.0625, 0.0625, 0.0625]
[TRAIN]: (1356/1600): reward: 20.112000435590744, rates: 21.112000385388974, loss: 0.4436551332473755, rho: 0.14375, transmit_actions: 19, P: [0.875, 0.0625, 0.0625, 0.125, 0.0625, 0.0625, 0.0625, 0.0625, 0.0625, 0.125, 0.125, 0.0625, 0.0625, 0.0625, 0.125, 0.0625, 0.0625, 0.0625, 0.0625, 0.0625]
[TRAIN]: (1357/1600): reward: 20.913688331842422, rates: 21.91368834831928, loss: 0.4672724589705467, rho: 0.18125, transmit_actions: 19, P: [0.875, 0.0625, 0.0625, 0.125, 0.0625, 0.0625, 0.0625, 0.0625, 0.0625, 0.0625, 0.125, 0.0625, 0.125, 0.0625, 0.0625, 0.0625, 0.0625, 0.0625, 0.0625, 0.0625]
[TRAIN]: (1358/1600): reward: 20.18228879570961, rates: 20.182288547009037, loss: 0.3926901876926422, rho: 0.15, transmit_actions: 20, P: [0.0, 0.0625, 0.0625, 0.0625, 0.0625, 0.0625, 0.0625, 0.0625, 0.0625, 0.0625, 0.0625, 0.0625, 0.0625, 0.0625, 0.0625, 0.0625, 0.0625, 0.0625, 0.0625, 0.0625]
[TRAIN]: (1359/1600): reward: 21.019041001796722, rates: 21.01904108050762, loss: 0.47449956834316254, rho: 0.14375, transmit_actions: 20, P: [0.0, 0.0625, 0.0625, 0.0625, 0.0625, 0.0625, 0.0625, 0.0625, 0.0625, 0.0625, 0.0625, 0.0625, 0.0625, 0.0625, 0.0625, 0.0625, 0.0625, 0.0625, 0.0625, 0.0625]
[TRAIN]: (1360/1600): reward: 21.930044889450073, rates: 21.930044870940282, loss: 0.47616127878427505, rho: 0.14375, transmit_actions: 20, P: [0.0, 0.0625, 0.0625, 0.0625, 0.0625, 0.0625, 0.0625, 0.0625, 0.125, 0.0625, 0.0625, 0.0625, 0.0625, 0.0625, 0.0625, 0.0625, 0.0625, 0.0625, 0.0625, 0.0625]
[TRAIN]: (1361/1600): reward: 8.926344633102417, rates: 18.926344553194497, loss: 0.4714417815208435, rho: 0.19375, transmit_actions: 18, P: [0.0, 0.0625, 0.0625, 0.0625, 0.125, 0.0625, 1.0, 0.0625, 0.0625, 0.0625, 0.0625, 0.0625, 0.0625, 0.0625, 0.0625, 0.125, 0.0625, 0.0625, 0.0625, 0.0625]
[TRAIN]: (1362/1600): reward: 20.595652163028717, rates: 20.595652345050816, loss: 0.3866352915763855, rho: 0.18125, transmit_actions: 20, P: [0.0, 0.0625, 0.0625, 0.0625, 0.0625, 0.0625, 0.0625, 0.125, 0.0625, 0.0625, 0.0625, 0.0625, 0.0625, 0.0625, 0.0625, 0.0625, 0.0625, 0.0625, 0.0625, 0.0625]
[TRAIN]: (1363/1600): reward: 20.730000406503677, rates: 20.73000049365005, loss: 0.5513166353106499, rho: 0.16875, transmit_actions: 20, P: [0.0, 0.0625, 0.125, 0.0625, 0.125, 0.0625, 0.125, 0.0625, 0.0625, 0.0625, 0.0625, 0.0625, 0.0625, 0.0625, 0.0625, 0.0625, 0.0625, 0.0625, 0.0625, 0.0625]
[TRAIN]: (1364/1600): reward: 21.98206466436386, rates: 21.982064792764753, loss: 0.4788233108818531, rho: 0.15625, transmit_actions: 20, P: [0.0, 0.125, 0.0625, 0.0625, 0.0625, 0.0625, 0.0625, 0.0625, 0.0625, 0.0625, 0.0625, 0.0625, 0.0625, 0.0625, 0.0625, 0.0625, 0.0625, 0.0625, 0.0625, 0.0625]
[TRAIN]: (1365/1600): reward: 20.481044590473175, rates: 20.481044376981032, loss: 0.4705332688987255, rho: 0.16875, transmit_actions: 20, P: [0.0, 0.0625, 0.0625, 0.0625, 0.0625, 0.0625, 0.0625, 0.0625, 0.0625, 0.0625, 0.0625, 0.0625, 0.0625, 0.0625, 0.0625, 0.0625, 0.0625, 0.0625, 0.0625, 0.0625]
[TRAIN]: (1366/1600): reward: 19.72857242822647, rates: 19.72857229783789, loss: 0.4607699140906334, rho: 0.15625, transmit_actions: 20, P: [0.0, 0.0625, 0.0625, 0.0625, 0.0625, 0.0625, 0.0625, 0.0625, 0.0625, 0.0625, 0.0625, 0.0625, 0.0625, 0.0625, 0.0625, 0.0625, 0.0625, 0.0625, 0.0625, 0.0625]
[TRAIN]: (1367/1600): reward: 18.146008044481277, rates: 19.146007998499098, loss: 0.4881736248731613, rho: 0.14375, transmit_actions: 20, P: [0.0, 0.0625, 0.0625, 0.0625, 0.125, 0.0625, 0.0625, 0.125, 0.125, 0.125, 0.0625, 0.0625, 0.0625, 0.0625, 0.0625, 0.0625, 0.0625, 0.0625, 0.0625, 0.0625]
[TRAIN]: (1368/1600): reward: 19.854784160852432, rates: 19.854784068100795, loss: 0.39603467136621473, rho: 0.15, transmit_actions: 20, P: [0.0, 0.0625, 0.0625, 0.0625, 0.0625, 0.0625, 0.0625, 0.0625, 0.0625, 0.0625, 0.0625, 0.0625, 0.0625, 0.0625, 0.0625, 0.0625, 0.0625, 0.0625, 0.0625, 0.0625]
[TRAIN]: (1369/1600): reward: 19.887160927057266, rates: 19.887160764772695, loss: 0.5376642502844333, rho: 0.15625, transmit_actions: 19, P: [0.0, 0.9375, 0.0625, 0.0625, 0.125, 0.0625, 0.0625, 0.0625, 0.0625, 0.125, 0.0625, 0.0625, 0.0625, 0.0625, 0.0625, 0.0625, 0.0625, 0.0625, 0.0625, 0.0625]
[TRAIN]: (1370/1600): reward: 20.36434555053711, rates: 20.364345563073087, loss: 0.5176027417182922, rho: 0.14375, transmit_actions: 20, P: [0.0, 0.0625, 0.0625, 0.0625, 0.0625, 0.0625, 0.0625, 0.0625, 0.0625, 0.0625, 0.0625, 0.0625, 0.0625, 0.0625, 0.0625, 0.0625, 0.0625, 0.0625, 0.0625, 0.0625]
[TRAIN]: (1371/1600): reward: 20.37074649333954, rates: 20.37074662438908, loss: 0.4789267912507057, rho: 0.2, transmit_actions: 20, P: [0.0, 0.0625, 0.0625, 0.0625, 0.0625, 0.0625, 0.125, 0.0625, 0.0625, 0.0625, 0.125, 0.0625, 0.0625, 0.0625, 0.0625, 0.0625, 0.0625, 0.0625, 0.0625, 0.0625]
[TRAIN]: (1372/1600): reward: 22.315038919448853, rates: 22.31503900138475, loss: 0.4313308775424957, rho: 0.15625, transmit_actions: 20, P: [0.0, 0.0625, 0.0625, 0.0625, 0.125, 0.125, 0.0625, 0.0625, 0.0625, 0.0625, 0.0625, 0.0625, 0.0625, 0.0625, 0.0625, 0.0625, 0.0625, 0.0625, 0.0625, 0.0625]
[TRAIN]: (1373/1600): reward: 19.613988131284714, rates: 19.61398811170757, loss: 0.4855916008353233, rho: 0.16875, transmit_actions: 19, P: [0.0, 1.0, 0.0625, 0.0625, 0.125, 0.0625, 0.0625, 0.0625, 0.0625, 0.0625, 0.0625, 0.0625, 0.0625, 0.0625, 0.0625, 0.0625, 0.0625, 0.0625, 0.0625, 0.0625]
[TRAIN]: (1374/1600): reward: 21.439453899860382, rates: 21.43945381029232, loss: 0.44252685010433196, rho: 0.15625, transmit_actions: 20, P: [0.0, 0.0625, 0.0625, 0.0625, 0.0625, 0.0625, 0.0625, 0.0625, 0.0625, 0.125, 0.0625, 0.0625, 0.0625, 0.0625, 0.0625, 0.0625, 0.0625, 0.0625, 0.125, 0.0625]
[TRAIN]: (1375/1600): reward: 20.169732093811035, rates: 20.169732225094908, loss: 0.48949896097183226, rho: 0.16875, transmit_actions: 20, P: [0.0, 0.0625, 0.0625, 0.0625, 0.0625, 0.0625, 0.0625, 0.0625, 0.0625, 0.0625, 0.0625, 0.0625, 0.0625, 0.0625, 0.0625, 0.0625, 0.0625, 0.0625, 0.0625, 0.0625]
[TRAIN]: (1376/1600): reward: 19.292194217443466, rates: 19.292194349862065, loss: 0.43041814416646956, rho: 0.14375, transmit_actions: 20, P: [0.0, 0.125, 0.125, 0.0625, 0.0625, 0.0625, 0.0625, 0.0625, 0.0625, 0.0625, 0.0625, 0.0625, 0.0625, 0.0625, 0.0625, 0.0625, 0.0625, 0.0625, 0.0625, 0.125]
[TRAIN]: (1377/1600): reward: 19.84848853945732, rates: 19.8484887353311, loss: 0.46611654907464983, rho: 0.18125, transmit_actions: 20, P: [0.0, 0.0625, 0.125, 0.0625, 0.0625, 0.0625, 0.0625, 0.0625, 0.0625, 0.0625, 0.0625, 0.0625, 0.0625, 0.0625, 0.0625, 0.0625, 0.0625, 0.0625, 0.0625, 0.0625]
[TRAIN]: (1378/1600): reward: 19.712845146656036, rates: 19.712844983091294, loss: 0.5548759721219539, rho: 0.175, transmit_actions: 20, P: [0.0, 0.0625, 0.0625, 0.0625, 0.0625, 0.0625, 0.0625, 0.0625, 0.0625, 0.0625, 0.0625, 0.0625, 0.0625, 0.0625, 0.0625, 0.0625, 0.0625, 0.0625, 0.0625, 0.0625]
[TRAIN]: (1379/1600): reward: 19.555084824562073, rates: 19.555084772378528, loss: 0.4367270693182945, rho: 0.1625, transmit_actions: 20, P: [0.0, 0.0625, 0.0625, 0.0625, 0.0625, 0.0625, 0.0625, 0.0625, 0.0625, 0.0625, 0.0625, 0.0625, 0.0625, 0.0625, 0.0625, 0.0625, 0.0625, 0.0625, 0.0625, 0.0625]
[TRAIN]: (1380/1600): reward: 18.92061999440193, rates: 18.920620032017723, loss: 0.4581438273191452, rho: 0.18125, transmit_actions: 20, P: [0.0, 0.0625, 0.125, 0.0625, 0.0625, 0.0625, 0.0625, 0.0625, 0.0625, 0.0625, 0.0625, 0.0625, 0.0625, 0.0625, 0.0625, 0.0625, 0.0625, 0.0625, 0.0625, 0.0625]
[TRAIN]: (1381/1600): reward: 21.010057747364044, rates: 21.01005783290032, loss: 0.4558370880782604, rho: 0.15, transmit_actions: 20, P: [0.0, 0.125, 0.0625, 0.0625, 0.0625, 0.0625, 0.0625, 0.0625, 0.0625, 0.0625, 0.0625, 0.0625, 0.0625, 0.0625, 0.125, 0.0625, 0.0625, 0.0625, 0.0625, 0.0625]
[TRAIN]: (1382/1600): reward: 20.214299768209457, rates: 20.214299732813213, loss: 0.4739534929394722, rho: 0.15, transmit_actions: 20, P: [0.0, 0.0625, 0.125, 0.0625, 0.0625, 0.0625, 0.0625, 0.0625, 0.0625, 0.125, 0.0625, 0.0625, 0.0625, 0.0625, 0.0625, 0.0625, 0.0625, 0.0625, 0.0625, 0.0625]
[TRAIN]: (1383/1600): reward: 18.245983064174652, rates: 19.24598315771205, loss: 0.3826765172183514, rho: 0.1625, transmit_actions: 20, P: [0.0, 0.0625, 0.125, 0.0625, 0.125, 0.0625, 0.0625, 0.0625, 0.0625, 0.0625, 0.0625, 0.0625, 0.0625, 0.0625, 0.0625, 0.0625, 0.0625, 0.0625, 0.0625, 0.0625]
[TRAIN]: (1384/1600): reward: 19.32735113799572, rates: 19.32735116504127, loss: 0.5021362230181694, rho: 0.1625, transmit_actions: 20, P: [0.0, 0.0625, 0.0625, 0.0625, 0.0625, 0.0625, 0.0625, 0.0625, 0.0625, 0.0625, 0.0625, 0.0625, 0.0625, 0.0625, 0.0625, 0.0625, 0.0625, 0.0625, 0.0625, 0.0625]
[TRAIN]: (1385/1600): reward: 22.313075065612793, rates: 22.31307485698059, loss: 0.40937013998627664, rho: 0.15625, transmit_actions: 20, P: [0.0, 0.0625, 0.125, 0.0625, 0.0625, 0.0625, 0.0625, 0.125, 0.0625, 0.0625, 0.0625, 0.0625, 0.0625, 0.0625, 0.0625, 0.0625, 0.0625, 0.0625, 0.0625, 0.0625]
[TRAIN]: (1386/1600): reward: 14.901649862527847, rates: 19.901649705335466, loss: 0.48311050459742544, rho: 0.15625, transmit_actions: 19, P: [0.0, 0.0625, 0.0625, 0.0625, 0.0625, 0.0625, 0.0625, 0.0625, 0.5625, 0.0625, 0.0625, 0.0625, 0.0625, 0.0625, 0.0625, 0.0625, 0.0625, 0.0625, 0.0625, 0.0625]
[TRAIN]: (1387/1600): reward: 18.652481861412525, rates: 19.652481801773682, loss: 0.35347723960876465, rho: 0.15625, transmit_actions: 20, P: [0.0, 0.0625, 0.0625, 0.0625, 0.0625, 0.0625, 0.0625, 0.0625, 0.0625, 0.125, 0.0625, 0.0625, 0.0625, 0.0625, 0.0625, 0.0625, 0.0625, 0.125, 0.0625, 0.0625]
[TRAIN]: (1388/1600): reward: 18.904964953660965, rates: 18.904965021044767, loss: 0.44292785674333573, rho: 0.15625, transmit_actions: 20, P: [0.0, 0.0625, 0.0625, 0.0625, 0.125, 0.0625, 0.0625, 0.0625, 0.0625, 0.0625, 0.125, 0.0625, 0.0625, 0.0625, 0.0625, 0.0625, 0.0625, 0.0625, 0.0625, 0.0625]
[TRAIN]: (1389/1600): reward: 22.04162496328354, rates: 22.041624814476645, loss: 0.6313208945095539, rho: 0.16875, transmit_actions: 19, P: [0.0, 0.9375, 0.0625, 0.0625, 0.0625, 0.0625, 0.0625, 0.0625, 0.0625, 0.0625, 0.0625, 0.0625, 0.0625, 0.0625, 0.0625, 0.0625, 0.0625, 0.0625, 0.0625, 0.0625]
[TRAIN]: (1390/1600): reward: 19.156323969364166, rates: 19.156324050665013, loss: 0.43005007728934286, rho: 0.14375, transmit_actions: 20, P: [0.0, 0.0625, 0.0625, 0.0625, 0.0625, 0.0625, 0.0625, 0.0625, 0.0625, 0.0625, 0.0625, 0.0625, 0.0625, 0.0625, 0.0625, 0.0625, 0.0625, 0.0625, 0.125, 0.0625]
[TRAIN]: (1391/1600): reward: 19.694736421108246, rates: 19.6947363879639, loss: 0.4141685709357262, rho: 0.16875, transmit_actions: 20, P: [0.0, 0.0625, 0.0625, 0.0625, 0.0625, 0.0625, 0.0625, 0.0625, 0.0625, 0.0625, 0.0625, 0.0625, 0.0625, 0.0625, 0.0625, 0.0625, 0.0625, 0.0625, 0.0625, 0.0625]
[TRAIN]: (1392/1600): reward: 19.09776410460472, rates: 20.09776413583767, loss: 0.5466165825724602, rho: 0.18125, transmit_actions: 20, P: [0.0, 0.0, 0.0625, 0.0625, 0.0625, 0.0625, 0.0625, 0.0625, 0.125, 0.0625, 0.0625, 0.0625, 0.0625, 0.0625, 0.0625, 0.0625, 0.0625, 0.0625, 0.0625, 0.0625]
[TRAIN]: (1393/1600): reward: 21.473067611455917, rates: 21.473067416750336, loss: 0.49040076658129694, rho: 0.15625, transmit_actions: 20, P: [0.0, 0.0625, 0.0625, 0.0625, 0.0625, 0.0625, 0.0625, 0.0625, 0.0625, 0.125, 0.0625, 0.0625, 0.0625, 0.0625, 0.0625, 0.0625, 0.0625, 0.0625, 0.0625, 0.0625]
[TRAIN]: (1394/1600): reward: 21.63050776720047, rates: 21.630507852099953, loss: 0.44750072062015533, rho: 0.15625, transmit_actions: 20, P: [0.0, 0.0625, 0.125, 0.0625, 0.125, 0.0625, 0.125, 0.125, 0.0625, 0.0625, 0.0625, 0.0625, 0.0625, 0.125, 0.0625, 0.0625, 0.0625, 0.0625, 0.0625, 0.0625]
[TRAIN]: (1395/1600): reward: 19.65421348810196, rates: 20.654213348951426, loss: 0.4628766141831875, rho: 0.15, transmit_actions: 20, P: [0.0, 0.0625, 0.0625, 0.0625, 0.0625, 0.125, 0.0625, 0.125, 0.0625, 0.0625, 0.0625, 0.0625, 0.0625, 0.0625, 0.0625, 0.0625, 0.0625, 0.0625, 0.0625, 0.0625]
[TRAIN]: (1396/1600): reward: 19.10433128476143, rates: 20.104331285797834, loss: 0.5096744634211063, rho: 0.1625, transmit_actions: 20, P: [0.0, 0.0625, 0.0625, 0.125, 0.0625, 0.0625, 0.0625, 0.125, 0.0625, 0.0625, 0.0625, 0.0625, 0.0625, 0.0625, 0.0625, 0.0625, 0.0625, 0.125, 0.0625, 0.0625]
[TRAIN]: (1397/1600): reward: 22.63029184937477, rates: 22.630291866312092, loss: 0.452920962870121, rho: 0.15625, transmit_actions: 20, P: [0.0, 0.0625, 0.0625, 0.0625, 0.0625, 0.0625, 0.0625, 0.0625, 0.0625, 0.0625, 0.0625, 0.0625, 0.0625, 0.0625, 0.0625, 0.0625, 0.0625, 0.0625, 0.0625, 0.0625]
[TRAIN]: (1398/1600): reward: 23.338397651910782, rates: 23.338397504332566, loss: 0.5063467308878898, rho: 0.14375, transmit_actions: 20, P: [0.0, 0.0625, 0.0625, 0.0625, 0.0625, 0.0625, 0.0625, 0.0625, 0.0625, 0.0625, 0.0625, 0.0625, 0.0625, 0.0625, 0.0625, 0.0625, 0.0625, 0.0625, 0.0625, 0.0625]
[TRAIN]: (1399/1600): reward: 14.145680516958237, rates: 18.145680526819433, loss: 0.5482974916696548, rho: 0.175, transmit_actions: 20, P: [0.0, 0.0625, 0.0625, 0.0625, 0.0625, 0.0625, 0.0625, 0.0625, 0.0625, 0.0625, 0.0625, 0.0625, 0.0625, 0.5, 0.0625, 0.0625, 0.125, 0.0625, 0.0625, 0.0625]
[TRAIN]: (1400/1600): reward: 18.810725688934326, rates: 18.810725579004277, loss: 0.47455763518810273, rho: 0.16875, transmit_actions: 20, P: [0.0, 0.0625, 0.0625, 0.0625, 0.0625, 0.0625, 0.0625, 0.0625, 0.0625, 0.0625, 0.0625, 0.0625, 0.0625, 0.0625, 0.0625, 0.0625, 0.0625, 0.0625, 0.0625, 0.0625]
[TRAIN]: (1401/1600): reward: 20.24332758784294, rates: 20.243327454366185, loss: 0.506199961900711, rho: 0.15, transmit_actions: 20, P: [0.0, 0.0625, 0.125, 0.0625, 0.0625, 0.0625, 0.0625, 0.0625, 0.0625, 0.0625, 0.0625, 0.0625, 0.0625, 0.0625, 0.0625, 0.0625, 0.0625, 0.0625, 0.0625, 0.0625]
[TRAIN]: (1402/1600): reward: 19.46324732899666, rates: 19.463247309890654, loss: 0.46157030314207076, rho: 0.14375, transmit_actions: 20, P: [0.0, 0.0625, 0.0625, 0.0625, 0.0625, 0.0625, 0.0625, 0.0625, 0.0625, 0.0625, 0.0625, 0.0625, 0.0625, 0.0625, 0.0625, 0.0625, 0.0625, 0.0625, 0.0625, 0.0625]
[TRAIN]: (1403/1600): reward: 18.32653972506523, rates: 18.32653987426508, loss: 0.47547020241618154, rho: 0.14375, transmit_actions: 20, P: [0.0, 0.0625, 0.0625, 0.0625, 0.0625, 0.0625, 0.0625, 0.0625, 0.0625, 0.0625, 0.0625, 0.0625, 0.0625, 0.0625, 0.0625, 0.0625, 0.0625, 0.0625, 0.0625, 0.0625]
[TRAIN]: (1404/1600): reward: 11.676336765289307, rates: 16.676336641793707, loss: 0.4308918960392475, rho: 0.19375, transmit_actions: 19, P: [0.0, 0.125, 0.0625, 0.125, 0.0625, 0.0625, 0.0625, 0.0625, 0.0625, 0.0625, 0.0625, 0.0625, 0.0625, 0.0625, 0.0625, 0.0625, 0.0625, 0.4375, 0.0625, 0.0625]
[TRAIN]: (1405/1600): reward: 19.411980271339417, rates: 20.411980417838283, loss: 0.45406057611107825, rho: 0.15, transmit_actions: 20, P: [0.0, 0.0625, 0.0625, 0.0625, 0.0625, 0.125, 0.0625, 0.0625, 0.0625, 0.0625, 0.0625, 0.0625, 0.0625, 0.0625, 0.0625, 0.0625, 0.0625, 0.0625, 0.0625, 0.0625]
[TRAIN]: (1406/1600): reward: 19.6581993997097, rates: 20.65819925171053, loss: 0.36244667544960973, rho: 0.1625, transmit_actions: 20, P: [0.0, 0.125, 0.0625, 0.0625, 0.0625, 0.0625, 0.0625, 0.125, 0.0625, 0.0625, 0.0625, 0.0625, 0.125, 0.0625, 0.0625, 0.0625, 0.0625, 0.0625, 0.0625, 0.0625]
[TRAIN]: (1407/1600): reward: 20.95727050304413, rates: 20.957270453281637, loss: 0.46443397402763364, rho: 0.175, transmit_actions: 20, P: [0.0, 0.0625, 0.125, 0.125, 0.0625, 0.0625, 0.0625, 0.0625, 0.0625, 0.0625, 0.125, 0.0625, 0.0625, 0.0625, 0.0625, 0.0625, 0.0625, 0.0625, 0.0625, 0.0625]
[TRAIN]: (1408/1600): reward: 19.029002904891968, rates: 20.029002986115295, loss: 0.41482769697904587, rho: 0.175, transmit_actions: 20, P: [0.0, 0.0625, 0.125, 0.0625, 0.125, 0.0625, 0.0625, 0.0625, 0.0625, 0.0625, 0.125, 0.0625, 0.0625, 0.0625, 0.0625, 0.0625, 0.0625, 0.0625, 0.0625, 0.0625]
[TRAIN]: (1409/1600): reward: 21.58037143945694, rates: 22.58037149111229, loss: 0.5055666521191597, rho: 0.15625, transmit_actions: 20, P: [0.0, 0.0625, 0.0625, 0.0625, 0.0625, 0.0625, 0.0625, 0.0625, 0.0625, 0.0625, 0.0625, 0.0625, 0.0625, 0.0625, 0.0625, 0.0625, 0.0625, 0.0625, 0.0625, 0.0625]
[TRAIN]: (1410/1600): reward: 21.832704097032547, rates: 21.832704193256514, loss: 0.5158938497304917, rho: 0.16875, transmit_actions: 20, P: [0.0, 0.0625, 0.0625, 0.0625, 0.0625, 0.0625, 0.0625, 0.0625, 0.125, 0.0625, 0.0625, 0.0625, 0.0625, 0.0625, 0.0625, 0.0625, 0.0625, 0.0625, 0.0625, 0.0625]
[TRAIN]: (1411/1600): reward: 20.054543059319258, rates: 21.05454306522498, loss: 0.47178623005747794, rho: 0.15, transmit_actions: 19, P: [0.0, 0.125, 0.0625, 0.8125, 0.0625, 0.0625, 0.0625, 0.125, 0.125, 0.0625, 0.125, 0.0625, 0.0625, 0.0625, 0.0625, 0.0625, 0.0625, 0.0625, 0.0625, 0.0625]
[TRAIN]: (1412/1600): reward: 18.930439859628677, rates: 18.930439722834684, loss: 0.47685921788215635, rho: 0.15625, transmit_actions: 19, P: [0.0, 0.0625, 0.0625, 0.0625, 0.0625, 0.0625, 0.0625, 0.0625, 0.0625, 0.0625, 0.0625, 0.0625, 0.0625, 0.0625, 0.0625, 0.0625, 0.0625, 1.0, 0.0625, 0.0625]
[TRAIN]: (1413/1600): reward: 17.689615592360497, rates: 17.689615687695092, loss: 0.4347465068101883, rho: 0.18125, transmit_actions: 20, P: [0.0, 0.125, 0.0625, 0.125, 0.125, 0.0625, 0.0625, 0.0625, 0.0625, 0.0625, 0.125, 0.0625, 0.0625, 0.0625, 0.0625, 0.0625, 0.0625, 0.0625, 0.0625, 0.0625]
[TRAIN]: (1414/1600): reward: 18.87706556916237, rates: 19.87706555331083, loss: 0.5516375206410885, rho: 0.16875, transmit_actions: 20, P: [0.0, 0.0625, 0.0625, 0.0625, 0.0625, 0.0625, 0.0625, 0.125, 0.0625, 0.0625, 0.0625, 0.0625, 0.0625, 0.0625, 0.0625, 0.0625, 0.0625, 0.0625, 0.0625, 0.0625]
[TRAIN]: (1415/1600): reward: 21.288996309041977, rates: 21.28899619923632, loss: 0.5603001207113266, rho: 0.16875, transmit_actions: 20, P: [0.0, 0.0625, 0.0625, 0.0625, 0.0625, 0.0625, 0.0625, 0.0625, 0.0625, 0.0625, 0.0625, 0.0625, 0.0625, 0.0625, 0.0625, 0.0625, 0.0625, 0.0625, 0.0625, 0.0625]
[TRAIN]: (1416/1600): reward: 12.885063767433167, rates: 16.885063811060586, loss: 0.43212337270379064, rho: 0.18125, transmit_actions: 20, P: [0.0, 0.0625, 0.0625, 0.0625, 0.0625, 0.0625, 0.0625, 0.0625, 0.0625, 0.0625, 0.0625, 0.0625, 0.0625, 0.0625, 0.0625, 0.0625, 0.0625, 0.0625, 0.0625, 0.6875]
[TRAIN]: (1417/1600): reward: 22.523911088705063, rates: 22.52391091694618, loss: 0.4603786006569862, rho: 0.1625, transmit_actions: 20, P: [0.0, 0.0625, 0.0625, 0.0625, 0.125, 0.0625, 0.0625, 0.0625, 0.125, 0.0625, 0.0625, 0.0625, 0.0625, 0.0625, 0.0625, 0.0625, 0.0625, 0.0625, 0.0625, 0.0625]
[TRAIN]: (1418/1600): reward: 19.889935702085495, rates: 19.889935545766075, loss: 0.44879180043935774, rho: 0.1625, transmit_actions: 20, P: [0.0, 0.0625, 0.0625, 0.0625, 0.0625, 0.0625, 0.125, 0.0625, 0.0625, 0.0625, 0.0625, 0.0625, 0.0625, 0.0625, 0.0625, 0.0625, 0.0625, 0.0625, 0.0625, 0.0625]
[TRAIN]: (1419/1600): reward: 19.736024975776672, rates: 19.736024942753172, loss: 0.5464925669133663, rho: 0.14375, transmit_actions: 20, P: [0.0, 0.0625, 0.0625, 0.0625, 0.0625, 0.0625, 0.0625, 0.0625, 0.0625, 0.0625, 0.0625, 0.0625, 0.0625, 0.0625, 0.0625, 0.0625, 0.0625, 0.0625, 0.0625, 0.0625]
[TRAIN]: (1420/1600): reward: 20.828130185604095, rates: 20.828130119693856, loss: 0.5193229757249356, rho: 0.15625, transmit_actions: 20, P: [0.0, 0.0625, 0.0625, 0.0625, 0.125, 0.0625, 0.0625, 0.0625, 0.0625, 0.0625, 0.0625, 0.0625, 0.0625, 0.0625, 0.0625, 0.0625, 0.0625, 0.0625, 0.0625, 0.0625]
[TRAIN]: (1421/1600): reward: 9.035681247711182, rates: 20.035681387352597, loss: 0.40800880566239356, rho: 0.1625, transmit_actions: 20, P: [0.0, 0.125, 0.75, 0.0625, 0.125, 0.1875, 0.0625, 0.0625, 0.0625, 0.0625, 0.0625, 0.0625, 0.0625, 0.0625, 0.0625, 0.0625, 0.0625, 0.0625, 0.0625, 0.125]
[TRAIN]: (1422/1600): reward: 19.267146557569504, rates: 19.267146704422824, loss: 0.4588776767253876, rho: 0.15, transmit_actions: 20, P: [0.0, 0.0625, 0.0625, 0.0625, 0.125, 0.0625, 0.0625, 0.0625, 0.0625, 0.0625, 0.0625, 0.0625, 0.0625, 0.0625, 0.0625, 0.0625, 0.0625, 0.0625, 0.0625, 0.0625]
[TRAIN]: (1423/1600): reward: 17.20335403084755, rates: 17.20335393503728, loss: 0.40214200541377065, rho: 0.1625, transmit_actions: 20, P: [0.0, 0.0625, 0.125, 0.0625, 0.0625, 0.0625, 0.0625, 0.0625, 0.0625, 0.0625, 0.125, 0.0625, 0.0625, 0.0625, 0.0625, 0.0625, 0.0625, 0.0625, 0.0625, 0.0625]
[TRAIN]: (1424/1600): reward: 21.764978915452957, rates: 21.764979024590733, loss: 0.4649627096951008, rho: 0.1625, transmit_actions: 20, P: [0.0, 0.0625, 0.0625, 0.0625, 0.0625, 0.0625, 0.0625, 0.0625, 0.0625, 0.125, 0.0625, 0.0625, 0.125, 0.0625, 0.0625, 0.0625, 0.0625, 0.0625, 0.0625, 0.0625]
[TRAIN]: (1425/1600): reward: 21.720012217760086, rates: 21.720011931331133, loss: 0.4296063154935837, rho: 0.15, transmit_actions: 20, P: [0.0, 0.0625, 0.0625, 0.0625, 0.0625, 0.0625, 0.0625, 0.0625, 0.125, 0.0625, 0.0625, 0.0625, 0.0625, 0.0625, 0.0625, 0.0625, 0.0625, 0.0625, 0.0625, 0.0625]
[TRAIN]: (1426/1600): reward: 19.736431181430817, rates: 19.736431249084216, loss: 0.3986423760652542, rho: 0.14375, transmit_actions: 20, P: [0.0, 0.0625, 0.0625, 0.0625, 0.0625, 0.0625, 0.0625, 0.0625, 0.0625, 0.0625, 0.0625, 0.0625, 0.0625, 0.0625, 0.0625, 0.0625, 0.0625, 0.0625, 0.0625, 0.0625]
[TRAIN]: (1427/1600): reward: 19.92664471268654, rates: 19.926644682725364, loss: 0.48326692059636117, rho: 0.15, transmit_actions: 20, P: [0.0, 0.0625, 0.0625, 0.0625, 0.0625, 0.0625, 0.0625, 0.0625, 0.0625, 0.0625, 0.0625, 0.0625, 0.0625, 0.0625, 0.0625, 0.0625, 0.0625, 0.0625, 0.0625, 0.0625]
[TRAIN]: (1428/1600): reward: 18.904434204101562, rates: 18.90443428404945, loss: 0.45280881971120834, rho: 0.16875, transmit_actions: 19, P: [0.0, 0.8125, 0.0625, 0.0625, 0.0625, 0.0625, 0.0625, 0.0625, 0.0625, 0.0625, 0.0625, 0.0625, 0.0625, 0.0625, 0.0625, 0.0625, 0.0625, 0.0625, 0.0625, 0.0625]
[TRAIN]: (1429/1600): reward: 13.370582431554794, rates: 18.370582455478328, loss: 0.4920191869139671, rho: 0.1625, transmit_actions: 20, P: [0.0, 0.0625, 0.0625, 0.0625, 0.0625, 0.0625, 0.0625, 0.0625, 0.0625, 0.0625, 0.0625, 0.0625, 0.0625, 0.0625, 0.0625, 0.0625, 0.9375, 0.0625, 0.0625, 0.0625]
[TRAIN]: (1430/1600): reward: 19.731731057167053, rates: 19.731730862814263, loss: 0.49824472665786745, rho: 0.15625, transmit_actions: 20, P: [0.0, 0.0625, 0.0625, 0.0625, 0.0625, 0.0625, 0.0625, 0.0625, 0.0625, 0.0625, 0.0625, 0.0625, 0.0625, 0.0625, 0.0625, 0.0625, 0.0625, 0.0625, 0.0625, 0.0625]
[TRAIN]: (1431/1600): reward: 22.18624296784401, rates: 22.186242803323054, loss: 0.4181485489010811, rho: 0.14375, transmit_actions: 20, P: [0.0, 0.0625, 0.0625, 0.0625, 0.0625, 0.0625, 0.0625, 0.0625, 0.0625, 0.0625, 0.0625, 0.0625, 0.0625, 0.0625, 0.0625, 0.0625, 0.0625, 0.0625, 0.0625, 0.0625]
[TRAIN]: (1432/1600): reward: 21.052692353725433, rates: 21.052692365353515, loss: 0.4602362349629402, rho: 0.15, transmit_actions: 20, P: [0.0, 0.0625, 0.0625, 0.0625, 0.0625, 0.0625, 0.0625, 0.0625, 0.0625, 0.0625, 0.0625, 0.0625, 0.0625, 0.0625, 0.0625, 0.0625, 0.0625, 0.0625, 0.0625, 0.0625]
[TRAIN]: (1433/1600): reward: 19.003918141126633, rates: 19.003918220096782, loss: 0.40612793117761614, rho: 0.14375, transmit_actions: 20, P: [0.0, 0.0625, 0.0625, 0.0625, 0.0625, 0.0625, 0.0625, 0.0625, 0.0625, 0.0625, 0.125, 0.0625, 0.0625, 0.0625, 0.0625, 0.0625, 0.0625, 0.0625, 0.0625, 0.0625]
[TRAIN]: (1434/1600): reward: 22.929092586040497, rates: 22.929092642257075, loss: 0.48620056807994844, rho: 0.15, transmit_actions: 20, P: [0.0, 0.0625, 0.0625, 0.0625, 0.0625, 0.125, 0.0625, 0.0625, 0.0625, 0.0625, 0.0625, 0.0625, 0.0625, 0.0625, 0.0625, 0.0625, 0.0625, 0.0625, 0.0625, 0.0625]
[TRAIN]: (1435/1600): reward: 19.47434675693512, rates: 19.474346967204262, loss: 0.41107672452926636, rho: 0.15, transmit_actions: 20, P: [0.0, 0.0625, 0.0625, 0.0625, 0.0625, 0.125, 0.0625, 0.0625, 0.0625, 0.0625, 0.0625, 0.0625, 0.0625, 0.0625, 0.0625, 0.0625, 0.0625, 0.0625, 0.0625, 0.0625]
[TRAIN]: (1436/1600): reward: 10.530297696590424, rates: 18.530297848041116, loss: 0.43863222301006316, rho: 0.175, transmit_actions: 18, P: [0.0, 0.0625, 1.0, 0.0625, 0.125, 0.0625, 0.0625, 0.0625, 0.0625, 0.5625, 0.0625, 0.125, 0.0625, 0.0625, 0.0625, 0.0625, 0.0625, 0.0625, 0.0625, 0.0625]
[TRAIN]: (1437/1600): reward: 18.532057613134384, rates: 18.53205776312048, loss: 0.4516861021518707, rho: 0.175, transmit_actions: 20, P: [0.0, 0.0625, 0.0625, 0.0625, 0.0625, 0.0625, 0.0625, 0.0625, 0.0625, 0.0625, 0.0625, 0.0625, 0.0625, 0.0625, 0.0625, 0.0625, 0.0625, 0.0625, 0.0625, 0.0625]
[TRAIN]: (1438/1600): reward: 20.562292516231537, rates: 20.562292481657096, loss: 0.4859742246568203, rho: 0.15, transmit_actions: 20, P: [0.0, 0.0625, 0.0625, 0.0625, 0.0625, 0.0625, 0.0625, 0.0625, 0.0625, 0.125, 0.0625, 0.0625, 0.0625, 0.0625, 0.0625, 0.0625, 0.0625, 0.0625, 0.0625, 0.0625]
[TRAIN]: (1439/1600): reward: 18.87751767039299, rates: 19.877517553376308, loss: 0.3910644829273224, rho: 0.15625, transmit_actions: 20, P: [0.0, 0.0625, 0.0625, 0.0625, 0.0625, 0.0625, 0.125, 0.0625, 0.0625, 0.0625, 0.0625, 0.0625, 0.0625, 0.0625, 0.0625, 0.0625, 0.0625, 0.0625, 0.0625, 0.0625]
[TRAIN]: (1440/1600): reward: 18.855855643749237, rates: 18.855855676045103, loss: 0.4194239012897015, rho: 0.14375, transmit_actions: 20, P: [0.0, 0.0625, 0.0625, 0.0625, 0.0625, 0.0625, 0.0625, 0.0625, 0.0625, 0.0625, 0.0625, 0.0625, 0.0625, 0.0625, 0.0625, 0.0625, 0.125, 0.0625, 0.0625, 0.0625]
[TRAIN]: (1441/1600): reward: 17.667407780885696, rates: 18.66740791888683, loss: 0.4270037829875946, rho: 0.1875, transmit_actions: 20, P: [0.0, 0.0625, 0.0625, 0.125, 0.125, 0.125, 0.0625, 0.125, 0.0625, 0.0625, 0.0625, 0.0625, 0.0625, 0.0625, 0.0625, 0.125, 0.0625, 0.0625, 0.0625, 0.0625]
[TRAIN]: (1442/1600): reward: 19.73475342988968, rates: 19.73475328972976, loss: 0.48720488846302035, rho: 0.15, transmit_actions: 20, P: [0.0, 0.0625, 0.0625, 0.0625, 0.0625, 0.0625, 0.0625, 0.0625, 0.125, 0.0625, 0.125, 0.0625, 0.0625, 0.0625, 0.0625, 0.0625, 0.0625, 0.0625, 0.0625, 0.0625]
[TRAIN]: (1443/1600): reward: 18.525119721889496, rates: 18.525119712024726, loss: 0.4659853681921959, rho: 0.14375, transmit_actions: 20, P: [0.0, 0.0625, 0.0625, 0.0625, 0.0625, 0.0625, 0.0625, 0.0625, 0.0625, 0.0625, 0.0625, 0.0625, 0.0625, 0.0625, 0.0625, 0.0625, 0.0625, 0.0625, 0.0625, 0.0625]
[TRAIN]: (1444/1600): reward: 22.516699373722076, rates: 22.516699419041053, loss: 0.48448845446109773, rho: 0.15, transmit_actions: 20, P: [0.0, 0.0625, 0.125, 0.0625, 0.0625, 0.0625, 0.0625, 0.0625, 0.0625, 0.0625, 0.0625, 0.0625, 0.0625, 0.0625, 0.0625, 0.0625, 0.0625, 0.0625, 0.0625, 0.0625]
[TRAIN]: (1445/1600): reward: 18.498756855726242, rates: 18.498756874630924, loss: 0.4980535566806793, rho: 0.16875, transmit_actions: 19, P: [0.0, 0.9375, 0.0625, 0.0625, 0.0625, 0.0625, 0.0625, 0.0625, 0.0625, 0.0625, 0.0625, 0.0625, 0.125, 0.0625, 0.0625, 0.0625, 0.125, 0.0625, 0.0625, 0.0625]
[TRAIN]: (1446/1600): reward: 18.754182681441307, rates: 18.754182683672486, loss: 0.4570768907666206, rho: 0.19375, transmit_actions: 20, P: [0.0, 0.0625, 0.0625, 0.0625, 0.125, 0.0625, 0.0625, 0.0625, 0.0625, 0.0625, 0.0625, 0.0625, 0.0625, 0.0625, 0.0625, 0.0625, 0.0625, 0.0625, 0.0625, 0.0625]
[TRAIN]: (1447/1600): reward: 18.735331267118454, rates: 18.735331419794363, loss: 0.5113020613789558, rho: 0.16875, transmit_actions: 20, P: [0.0, 0.0625, 0.0625, 0.125, 0.0625, 0.0625, 0.0625, 0.0625, 0.0625, 0.0625, 0.0625, 0.0625, 0.0625, 0.0625, 0.0625, 0.0625, 0.0625, 0.0625, 0.0625, 0.0625]
[TRAIN]: (1448/1600): reward: 20.008178740739822, rates: 20.008179002417553, loss: 0.43265884444117547, rho: 0.16875, transmit_actions: 20, P: [0.0, 0.0625, 0.0625, 0.0625, 0.0625, 0.0625, 0.0625, 0.0625, 0.0625, 0.0625, 0.0625, 0.0625, 0.0625, 0.0625, 0.0625, 0.0625, 0.0625, 0.0625, 0.0625, 0.0625]
[TRAIN]: (1449/1600): reward: 21.071396440267563, rates: 21.07139646410788, loss: 0.4460691839456558, rho: 0.15625, transmit_actions: 20, P: [0.0, 0.0625, 0.0625, 0.125, 0.0625, 0.0625, 0.0625, 0.0625, 0.0625, 0.0625, 0.0625, 0.0625, 0.0625, 0.0625, 0.0625, 0.0625, 0.0625, 0.0625, 0.0625, 0.0625]
[TRAIN]: (1450/1600): reward: 20.369326174259186, rates: 20.36932649218811, loss: 0.4007253862917423, rho: 0.15, transmit_actions: 20, P: [0.0, 0.0625, 0.0625, 0.0625, 0.125, 0.0625, 0.0625, 0.0625, 0.0625, 0.0625, 0.0625, 0.0625, 0.0625, 0.0625, 0.0625, 0.0625, 0.0625, 0.0625, 0.0625, 0.0625]
[TRAIN]: (1451/1600): reward: 20.079816430807114, rates: 20.079816608183783, loss: 0.41485226452350615, rho: 0.175, transmit_actions: 19, P: [0.875, 0.125, 0.0625, 0.125, 0.0625, 0.0625, 0.0625, 0.0625, 0.0625, 0.0625, 0.0625, 0.0625, 0.0625, 0.0625, 0.0625, 0.0625, 0.0625, 0.0625, 0.0625, 0.0625]
[TRAIN]: (1452/1600): reward: 21.9657344520092, rates: 21.96573431237096, loss: 0.4119177468121052, rho: 0.15625, transmit_actions: 19, P: [0.875, 0.0625, 0.0625, 0.0625, 0.0625, 0.0625, 0.0625, 0.0625, 0.0625, 0.0625, 0.0625, 0.0625, 0.0625, 0.0625, 0.0625, 0.0625, 0.0625, 0.0625, 0.0625, 0.0625]
[TRAIN]: (1453/1600): reward: 21.776878491044044, rates: 21.77687858459396, loss: 0.44226822555065154, rho: 0.19375, transmit_actions: 20, P: [0.0, 0.125, 0.0625, 0.0625, 0.0625, 0.0625, 0.0625, 0.0625, 0.0625, 0.0625, 0.0625, 0.0625, 0.0625, 0.0625, 0.0625, 0.0625, 0.0625, 0.0625, 0.0625, 0.0625]
[TRAIN]: (1454/1600): reward: 21.796476393938065, rates: 21.796476483843954, loss: 0.3850970946252346, rho: 0.1625, transmit_actions: 20, P: [0.0, 0.0625, 0.0625, 0.125, 0.0625, 0.0625, 0.0625, 0.0625, 0.0625, 0.0625, 0.0625, 0.0625, 0.0625, 0.0625, 0.0625, 0.0625, 0.0625, 0.0625, 0.0625, 0.0625]
[TRAIN]: (1455/1600): reward: 18.99113416671753, rates: 18.991134145662954, loss: 0.4790957674384117, rho: 0.18125, transmit_actions: 20, P: [0.0, 0.0625, 0.0625, 0.0625, 0.0625, 0.0625, 0.0625, 0.0625, 0.0625, 0.125, 0.125, 0.0625, 0.0625, 0.0625, 0.0625, 0.0625, 0.0625, 0.0625, 0.0625, 0.0625]
[TRAIN]: (1456/1600): reward: 22.735837310552597, rates: 22.735837238219286, loss: 0.42786246687173846, rho: 0.1375, transmit_actions: 19, P: [0.875, 0.0625, 0.0625, 0.0625, 0.0625, 0.0625, 0.0625, 0.0625, 0.0625, 0.0625, 0.125, 0.0625, 0.0625, 0.0625, 0.0625, 0.0625, 0.0625, 0.0625, 0.0625, 0.0625]
[TRAIN]: (1457/1600): reward: 20.28462950512767, rates: 21.284629572875982, loss: 0.4325801759958267, rho: 0.15, transmit_actions: 20, P: [0.0, 0.0625, 0.0625, 0.125, 0.0625, 0.0625, 0.125, 0.0625, 0.0625, 0.0625, 0.125, 0.0625, 0.0625, 0.0625, 0.0625, 0.0625, 0.0625, 0.0625, 0.0625, 0.0625]
[TRAIN]: (1458/1600): reward: 18.496276393532753, rates: 19.496276332567746, loss: 0.4759244978427887, rho: 0.16875, transmit_actions: 20, P: [0.0, 0.0625, 0.0625, 0.0625, 0.0625, 0.125, 0.125, 0.0625, 0.0625, 0.0625, 0.0625, 0.0625, 0.0625, 0.0625, 0.0625, 0.0625, 0.0625, 0.0625, 0.0625, 0.0625]
[TRAIN]: (1459/1600): reward: 15.72222226858139, rates: 19.72222206534628, loss: 0.370507200807333, rho: 0.18125, transmit_actions: 20, P: [0.0, 0.0625, 0.3125, 0.0625, 0.0625, 0.0625, 0.0625, 0.0625, 0.0625, 0.0625, 0.0625, 0.0625, 0.0625, 0.0625, 0.0625, 0.0625, 0.0625, 0.0625, 0.0625, 0.0625]
[TRAIN]: (1460/1600): reward: 21.357020556926727, rates: 22.357020414030483, loss: 0.45676845759153367, rho: 0.1375, transmit_actions: 19, P: [0.875, 0.0625, 0.0625, 0.0625, 0.0625, 0.0625, 0.0625, 0.0625, 0.0625, 0.0625, 0.0625, 0.0625, 0.0625, 0.0625, 0.0625, 0.0625, 0.0625, 0.0625, 0.0625, 0.0625]
[TRAIN]: (1461/1600): reward: 19.153572142124176, rates: 19.153572125772204, loss: 0.5291508436203003, rho: 0.14375, transmit_actions: 19, P: [0.875, 0.0625, 0.0625, 0.0625, 0.0625, 0.0625, 0.0625, 0.0625, 0.0625, 0.0625, 0.0625, 0.0625, 0.0625, 0.0625, 0.0625, 0.0625, 0.0625, 0.0625, 0.0625, 0.0625]
[TRAIN]: (1462/1600): reward: 8.709569960832596, rates: 18.709569919816097, loss: 0.5082057766616345, rho: 0.225, transmit_actions: 17, P: [0.875, 0.0625, 0.0625, 0.125, 0.0625, 0.0625, 0.0625, 0.0625, 0.0625, 0.0625, 0.375, 0.0625, 0.0625, 0.0625, 0.1875, 0.0625, 0.0625, 0.0625, 0.0625, 0.0625]
[TRAIN]: (1463/1600): reward: 19.85483491420746, rates: 20.854834898906415, loss: 0.4414743907749653, rho: 0.1375, transmit_actions: 18, P: [0.875, 0.8125, 0.0625, 0.0625, 0.0625, 0.0625, 0.0625, 0.0625, 0.125, 0.0625, 0.125, 0.0625, 0.0625, 0.0625, 0.0625, 0.0625, 0.0625, 0.0625, 0.0625, 0.0625]
[TRAIN]: (1464/1600): reward: 19.325606137514114, rates: 19.325606258872387, loss: 0.3883975237607956, rho: 0.15, transmit_actions: 19, P: [0.875, 0.0625, 0.0625, 0.0625, 0.0625, 0.0625, 0.0625, 0.0625, 0.0625, 0.0625, 0.0625, 0.0625, 0.0625, 0.0625, 0.0625, 0.0625, 0.0625, 0.125, 0.0625, 0.0625]
[TRAIN]: (1465/1600): reward: 8.325840264558792, rates: 17.325840404485533, loss: 0.38540970012545583, rho: 0.19375, transmit_actions: 17, P: [0.875, 0.8125, 0.0625, 0.0625, 0.0625, 0.125, 0.0625, 0.125, 0.0625, 0.375, 0.0625, 0.0625, 0.0625, 0.0625, 0.0625, 0.0625, 0.75, 0.0625, 0.125, 0.0625]
[TRAIN]: (1466/1600): reward: 18.550830610096455, rates: 19.550830562528567, loss: 0.4393290877342224, rho: 0.175, transmit_actions: 19, P: [0.875, 0.0625, 0.0625, 0.0625, 0.125, 0.0625, 0.125, 0.125, 0.0625, 0.0625, 0.0625, 0.0625, 0.0625, 0.0625, 0.0625, 0.0625, 0.0625, 0.0625, 0.125, 0.0625]
[TRAIN]: (1467/1600): reward: 11.692973464727402, rates: 16.69297342985183, loss: 0.3813005231320858, rho: 0.2125, transmit_actions: 18, P: [0.875, 0.0625, 0.0625, 0.0625, 0.0625, 0.0625, 0.0625, 0.0625, 0.0625, 0.0625, 0.0625, 0.0625, 0.0625, 0.0625, 0.0625, 0.0625, 0.0625, 0.0625, 0.0625, 0.0625]
[TRAIN]: (1468/1600): reward: 20.396340489387512, rates: 20.396340310784513, loss: 0.41431809440255163, rho: 0.14375, transmit_actions: 18, P: [0.875, 0.875, 0.0625, 0.0625, 0.0625, 0.0625, 0.0625, 0.0625, 0.0625, 0.0625, 0.0625, 0.0625, 0.0625, 0.0625, 0.0625, 0.0625, 0.0625, 0.0625, 0.0625, 0.0625]
[TRAIN]: (1469/1600): reward: 13.454994916915894, rates: 18.454994638650827, loss: 0.5284257382154465, rho: 0.18125, transmit_actions: 17, P: [0.875, 0.9375, 0.0625, 0.0625, 0.0625, 0.0625, 0.0625, 0.125, 0.0625, 0.0625, 0.0625, 0.0625, 0.0625, 0.25, 0.0625, 0.0625, 0.0625, 0.0625, 0.0625, 0.0625]
[TRAIN]: (1470/1600): reward: 15.0543651166372, rates: 18.054365127440235, loss: 0.40057672634720803, rho: 0.1625, transmit_actions: 19, P: [0.875, 0.0625, 0.0625, 0.0625, 0.0625, 0.0625, 0.0625, 0.125, 0.0625, 0.0625, 0.125, 0.0625, 0.0625, 0.0625, 0.125, 0.0625, 0.0625, 0.0625, 0.0625, 0.0625]
[TRAIN]: (1471/1600): reward: 21.7199524641037, rates: 21.719952637468563, loss: 0.37489477433264257, rho: 0.1375, transmit_actions: 19, P: [0.875, 0.0625, 0.0625, 0.0625, 0.0625, 0.0625, 0.125, 0.0625, 0.0625, 0.0625, 0.0625, 0.0625, 0.0625, 0.0625, 0.0625, 0.0625, 0.0625, 0.0625, 0.0625, 0.0625]
[TRAIN]: (1472/1600): reward: 18.962799221277237, rates: 19.962799349616958, loss: 0.4377078741788864, rho: 0.14375, transmit_actions: 19, P: [0.875, 0.0625, 0.0625, 0.0625, 0.0625, 0.0625, 0.0625, 0.0625, 0.0625, 0.0625, 0.0625, 0.0625, 0.0625, 0.125, 0.0625, 0.0625, 0.0625, 0.0625, 0.0625, 0.0625]
[TRAIN]: (1473/1600): reward: 22.329675406217575, rates: 22.32967543314713, loss: 0.36790065094828606, rho: 0.15625, transmit_actions: 19, P: [0.875, 0.125, 0.0625, 0.0625, 0.0625, 0.0625, 0.0625, 0.0625, 0.0625, 0.0625, 0.0625, 0.0625, 0.0625, 0.0625, 0.125, 0.0625, 0.0625, 0.0625, 0.0625, 0.0625]
[TRAIN]: (1474/1600): reward: 20.546889781951904, rates: 20.546889703059023, loss: 0.396745090931654, rho: 0.1625, transmit_actions: 19, P: [0.875, 0.0625, 0.0625, 0.0625, 0.0625, 0.125, 0.125, 0.0625, 0.125, 0.0625, 0.0625, 0.0625, 0.0625, 0.0625, 0.0625, 0.0625, 0.0625, 0.0625, 0.0625, 0.0625]
[TRAIN]: (1475/1600): reward: 19.98254558444023, rates: 20.982545523691698, loss: 0.4335205048322678, rho: 0.14375, transmit_actions: 19, P: [0.875, 0.0625, 0.125, 0.125, 0.0625, 0.0625, 0.0625, 0.0625, 0.125, 0.125, 0.125, 0.0625, 0.0625, 0.0625, 0.0625, 0.0625, 0.0625, 0.0625, 0.0625, 0.0625]
[TRAIN]: (1476/1600): reward: 19.943191081285477, rates: 19.943191119415523, loss: 0.44092844873666764, rho: 0.14375, transmit_actions: 18, P: [0.875, 0.9375, 0.0625, 0.0625, 0.0625, 0.0625, 0.0625, 0.0625, 0.0625, 0.0625, 0.0625, 0.0625, 0.0625, 0.0625, 0.0625, 0.0625, 0.0625, 0.0625, 0.0625, 0.0625]
[TRAIN]: (1477/1600): reward: 19.78640180826187, rates: 19.78640196617177, loss: 0.446821216493845, rho: 0.13125, transmit_actions: 19, P: [0.875, 0.0, 0.0625, 0.0625, 0.0625, 0.0625, 0.0625, 0.0625, 0.0625, 0.0625, 0.0625, 0.0625, 0.0625, 0.0625, 0.0625, 0.0625, 0.0625, 0.0625, 0.0625, 0.0625]
[TRAIN]: (1478/1600): reward: 19.010331511497498, rates: 19.01033159627117, loss: 0.4208838291466236, rho: 0.15, transmit_actions: 19, P: [0.875, 0.0625, 0.0625, 0.0625, 0.0625, 0.0625, 0.0625, 0.0625, 0.0625, 0.0625, 0.0625, 0.0625, 0.0625, 0.0625, 0.0625, 0.0625, 0.0625, 0.0625, 0.0625, 0.0625]
[TRAIN]: (1479/1600): reward: 14.899003833532333, rates: 19.899004086432427, loss: 0.42085195481777193, rho: 0.175, transmit_actions: 18, P: [0.875, 0.0625, 0.0625, 0.125, 0.0625, 0.125, 0.0625, 0.5625, 0.0625, 0.0625, 0.0625, 0.0625, 0.0625, 0.0625, 0.0625, 0.0625, 0.0625, 0.0625, 0.0625, 0.0625]
[TRAIN]: (1480/1600): reward: 20.969835966825485, rates: 20.96983595551409, loss: 0.49000879377126694, rho: 0.1625, transmit_actions: 19, P: [0.875, 0.0625, 0.0625, 0.0625, 0.0625, 0.125, 0.0625, 0.0625, 0.0625, 0.0625, 0.0625, 0.0625, 0.0625, 0.0625, 0.0625, 0.0625, 0.0625, 0.0625, 0.0625, 0.0625]
[TRAIN]: (1481/1600): reward: 19.32771670818329, rates: 19.327716788472863, loss: 0.4042006403207779, rho: 0.15625, transmit_actions: 19, P: [0.875, 0.125, 0.0625, 0.0625, 0.0625, 0.0625, 0.0625, 0.0625, 0.0625, 0.0625, 0.0625, 0.0625, 0.0625, 0.0625, 0.0625, 0.0625, 0.0625, 0.0625, 0.0625, 0.0625]
[TRAIN]: (1482/1600): reward: 19.996035039424896, rates: 20.996035251099812, loss: 0.4010539256036282, rho: 0.14375, transmit_actions: 19, P: [0.875, 0.0625, 0.0625, 0.0625, 0.0625, 0.0625, 0.0625, 0.0625, 0.0625, 0.0625, 0.0625, 0.0625, 0.0625, 0.0625, 0.0625, 0.0625, 0.0625, 0.0625, 0.0625, 0.0625]
[TRAIN]: (1483/1600): reward: 18.142564833164215, rates: 18.142564936434848, loss: 0.45186202228069305, rho: 0.16875, transmit_actions: 19, P: [0.875, 0.0, 0.0625, 0.0625, 0.0625, 0.0625, 0.0625, 0.0625, 0.0625, 0.0625, 0.0625, 0.0625, 0.0625, 0.0625, 0.0625, 0.0625, 0.0625, 0.0625, 0.0625, 0.0625]
[TRAIN]: (1484/1600): reward: 11.310573518276215, rates: 18.31057320284701, loss: 0.41933627128601075, rho: 0.1625, transmit_actions: 19, P: [0.875, 0.0625, 0.0625, 0.3125, 0.0625, 0.0625, 0.0625, 0.3125, 0.0625, 0.0625, 0.0625, 0.0625, 0.0625, 0.0625, 0.0625, 0.0625, 0.0625, 0.0625, 0.0625, 0.0625]
[TRAIN]: (1485/1600): reward: 21.43863582611084, rates: 21.438635806409515, loss: 0.4345848888158798, rho: 0.1375, transmit_actions: 19, P: [0.875, 0.0625, 0.0625, 0.0625, 0.0625, 0.0625, 0.0625, 0.0625, 0.0625, 0.0625, 0.0625, 0.0625, 0.0625, 0.0625, 0.0625, 0.0625, 0.0625, 0.0625, 0.0625, 0.0625]
[TRAIN]: (1486/1600): reward: 18.150817453861237, rates: 20.150817548038635, loss: 0.3869298592209816, rho: 0.15625, transmit_actions: 19, P: [0.875, 0.0625, 0.0625, 0.0625, 0.0625, 0.0625, 0.0625, 0.0625, 0.5625, 0.0625, 0.0625, 0.0625, 0.0625, 0.0625, 0.0625, 0.0625, 0.0625, 0.0625, 0.125, 0.0625]
[TRAIN]: (1487/1600): reward: 20.41590654850006, rates: 20.41590648760144, loss: 0.43968648463487625, rho: 0.16875, transmit_actions: 19, P: [0.875, 0.0625, 0.0625, 0.0625, 0.0625, 0.0625, 0.0625, 0.0625, 0.0625, 0.0625, 0.125, 0.0625, 0.0625, 0.0625, 0.0625, 0.0625, 0.0625, 0.0625, 0.0625, 0.0625]
[TRAIN]: (1488/1600): reward: 22.988049119710922, rates: 22.988049119414306, loss: 0.3657319225370884, rho: 0.14375, transmit_actions: 19, P: [0.875, 0.0625, 0.0625, 0.0625, 0.125, 0.0625, 0.0625, 0.0625, 0.0625, 0.0625, 0.0625, 0.0625, 0.0625, 0.0625, 0.0625, 0.0625, 0.0625, 0.0625, 0.0625, 0.0625]
[TRAIN]: (1489/1600): reward: 12.355642914772034, rates: 17.35564296738514, loss: 0.3948730506002903, rho: 0.18125, transmit_actions: 18, P: [0.875, 0.9375, 0.0625, 0.0625, 0.0625, 0.0625, 0.0625, 0.0625, 0.0625, 0.0625, 0.125, 0.0625, 0.0625, 0.0625, 0.0625, 0.0625, 0.9375, 0.0625, 0.0625, 0.0625]
[TRAIN]: (1490/1600): reward: 20.691057085990906, rates: 20.69105700013746, loss: 0.4221585959196091, rho: 0.1625, transmit_actions: 19, P: [0.875, 0.0625, 0.0625, 0.125, 0.0625, 0.0625, 0.0625, 0.0625, 0.0625, 0.0625, 0.0625, 0.0625, 0.0625, 0.0625, 0.0625, 0.0625, 0.0625, 0.0625, 0.0625, 0.0625]
[TRAIN]: (1491/1600): reward: 18.03754512965679, rates: 18.037545217549418, loss: 0.44111105874180795, rho: 0.14375, transmit_actions: 19, P: [0.875, 0.0625, 0.0625, 0.0625, 0.0625, 0.0625, 0.0625, 0.0625, 0.125, 0.0625, 0.0625, 0.0625, 0.0625, 0.0625, 0.0625, 0.0625, 0.0625, 0.0625, 0.0625, 0.0625]
[TRAIN]: (1492/1600): reward: 15.672215402126312, rates: 19.67221516880611, loss: 0.4561072804033756, rho: 0.18125, transmit_actions: 18, P: [0.875, 0.0625, 0.0625, 0.125, 0.0625, 0.0625, 0.0625, 0.0625, 0.0625, 0.0625, 0.0625, 0.0625, 1.0, 0.0625, 0.0625, 0.0625, 0.0625, 0.0625, 0.0625, 0.0625]
[TRAIN]: (1493/1600): reward: 20.78283429145813, rates: 20.782834276115228, loss: 0.388309919834137, rho: 0.14375, transmit_actions: 19, P: [0.875, 0.0625, 0.0625, 0.0625, 0.0625, 0.0625, 0.0625, 0.125, 0.0625, 0.0625, 0.125, 0.0625, 0.0625, 0.0625, 0.0625, 0.0625, 0.0625, 0.0625, 0.0625, 0.0625]
[TRAIN]: (1494/1600): reward: 19.586809277534485, rates: 19.586809214509017, loss: 0.4399903878569603, rho: 0.15, transmit_actions: 19, P: [0.875, 0.0625, 0.0625, 0.0625, 0.0625, 0.0625, 0.0625, 0.0625, 0.0625, 0.0625, 0.0625, 0.0625, 0.0625, 0.0625, 0.0625, 0.0625, 0.0625, 0.0625, 0.0625, 0.0625]
[TRAIN]: (1495/1600): reward: 20.28670786321163, rates: 21.286707794297826, loss: 0.44088176265358925, rho: 0.15, transmit_actions: 19, P: [0.875, 0.0625, 0.0625, 0.0625, 0.0625, 0.0625, 0.0625, 0.0625, 0.0625, 0.0625, 0.0625, 0.0625, 0.125, 0.0625, 0.0625, 0.0625, 0.0625, 0.0625, 0.0625, 0.0625]
[TRAIN]: (1496/1600): reward: 22.373207852244377, rates: 23.373208110017597, loss: 0.3818466320633888, rho: 0.175, transmit_actions: 19, P: [0.875, 0.0625, 0.125, 0.0625, 0.0625, 0.0625, 0.0625, 0.0625, 0.0625, 0.125, 0.0625, 0.0625, 0.0625, 0.0625, 0.0625, 0.0625, 0.0625, 0.0625, 0.0625, 0.0625]
[TRAIN]: (1497/1600): reward: 20.652246326208115, rates: 21.652246302971736, loss: 0.426638363301754, rho: 0.15625, transmit_actions: 18, P: [0.875, 0.9375, 0.125, 0.0625, 0.0625, 0.0625, 0.0625, 0.0625, 0.125, 0.125, 0.0625, 0.0625, 0.0625, 0.0625, 0.0625, 0.0625, 0.0625, 0.0625, 0.0625, 0.0625]
[TRAIN]: (1498/1600): reward: 11.954490214586258, rates: 16.954490145641923, loss: 0.3695345543324947, rho: 0.16875, transmit_actions: 18, P: [0.875, 0.0625, 0.0625, 0.0625, 0.0625, 0.0625, 0.0625, 0.0625, 0.0625, 0.0625, 0.0625, 0.4375, 0.0625, 0.0625, 0.0625, 0.0625, 0.0625, 0.0625, 0.0625, 0.0625]
[TRAIN]: (1499/1600): reward: 15.40896050632, rates: 18.408960323348122, loss: 0.4194959968328476, rho: 0.14375, transmit_actions: 19, P: [0.875, 0.0625, 0.125, 0.0625, 0.0625, 0.0625, 0.0625, 0.4375, 0.0625, 0.0625, 0.0625, 0.0625, 0.0625, 0.0625, 0.0625, 0.0625, 0.0625, 0.0625, 0.0625, 0.0625]
[TRAIN]: (1500/1600): reward: 20.53671571612358, rates: 20.53671557701462, loss: 0.47582330256700517, rho: 0.1625, transmit_actions: 18, P: [0.875, 0.9375, 0.125, 0.0625, 0.125, 0.0625, 0.0625, 0.0625, 0.0625, 0.0625, 0.125, 0.0625, 0.0625, 0.0625, 0.0625, 0.0625, 0.0625, 0.0625, 0.0625, 0.0625]
[TRAIN]: (1501/1600): reward: 19.34325110912323, rates: 19.343251058510827, loss: 0.4523355431854725, rho: 0.14375, transmit_actions: 19, P: [0.875, 0.0625, 0.0625, 0.0625, 0.0625, 0.0625, 0.125, 0.0625, 0.0625, 0.0625, 0.0625, 0.0625, 0.0625, 0.0625, 0.0625, 0.0625, 0.0625, 0.0625, 0.0625, 0.125]
[TRAIN]: (1502/1600): reward: 18.164977431297302, rates: 19.164977458722237, loss: 0.43006928712129594, rho: 0.15, transmit_actions: 19, P: [0.875, 0.125, 0.0625, 0.0625, 0.0625, 0.0625, 0.0625, 0.125, 0.0625, 0.0625, 0.0625, 0.0625, 0.0625, 0.0625, 0.0625, 0.0625, 0.0625, 0.0625, 0.0625, 0.0625]
[TRAIN]: (1503/1600): reward: 17.26771855354309, rates: 17.26771866892418, loss: 0.36149573922157285, rho: 0.1625, transmit_actions: 19, P: [0.875, 0.0625, 0.0625, 0.0625, 0.0625, 0.0625, 0.0625, 0.0625, 0.0625, 0.0625, 0.0625, 0.0625, 0.0625, 0.0625, 0.0625, 0.0625, 0.0625, 0.0625, 0.0625, 0.0625]
[TRAIN]: (1504/1600): reward: 20.64992067217827, rates: 20.649920636436143, loss: 0.3836085043847561, rho: 0.1375, transmit_actions: 19, P: [0.875, 0.0625, 0.0625, 0.0625, 0.0625, 0.0625, 0.0625, 0.0625, 0.0625, 0.0625, 0.0625, 0.0625, 0.0625, 0.0625, 0.0625, 0.0625, 0.0625, 0.0625, 0.0625, 0.0625]
[TRAIN]: (1505/1600): reward: 21.03108336031437, rates: 21.031083407704493, loss: 0.41439988613128664, rho: 0.16875, transmit_actions: 19, P: [0.875, 0.125, 0.0625, 0.0625, 0.0625, 0.0625, 0.0625, 0.0625, 0.0625, 0.0625, 0.0625, 0.0625, 0.0625, 0.0625, 0.0625, 0.0625, 0.0625, 0.0625, 0.0625, 0.0625]
[TRAIN]: (1506/1600): reward: 20.782336086034775, rates: 20.78233621276227, loss: 0.38532849699258803, rho: 0.15625, transmit_actions: 19, P: [0.875, 0.0625, 0.0625, 0.0625, 0.0625, 0.0625, 0.0625, 0.0625, 0.0625, 0.0625, 0.0625, 0.0625, 0.0625, 0.0625, 0.0625, 0.0625, 0.0625, 0.0625, 0.0625, 0.0625]
[TRAIN]: (1507/1600): reward: 23.106206074357033, rates: 23.106206000148212, loss: 0.44615078121423724, rho: 0.16875, transmit_actions: 19, P: [0.875, 0.0625, 0.0625, 0.0625, 0.0625, 0.0625, 0.0625, 0.0625, 0.0625, 0.0625, 0.0625, 0.0625, 0.0625, 0.0625, 0.0625, 0.0625, 0.0625, 0.125, 0.0625, 0.0625]
[TRAIN]: (1508/1600): reward: 22.25424674153328, rates: 22.25424676362004, loss: 0.44690186679363253, rho: 0.15625, transmit_actions: 19, P: [0.875, 0.125, 0.0625, 0.125, 0.125, 0.0625, 0.0625, 0.0625, 0.0625, 0.125, 0.0625, 0.0625, 0.0625, 0.0625, 0.0625, 0.0625, 0.0625, 0.0625, 0.0625, 0.0625]
[TRAIN]: (1509/1600): reward: 20.175573259592056, rates: 20.175573435929024, loss: 0.4247379168868065, rho: 0.15625, transmit_actions: 19, P: [0.875, 0.0625, 0.0625, 0.125, 0.0625, 0.0625, 0.0625, 0.0625, 0.0625, 0.0625, 0.0625, 0.0625, 0.0625, 0.0625, 0.0625, 0.0625, 0.0625, 0.0625, 0.0625, 0.0625]
[TRAIN]: (1510/1600): reward: 20.664097756147385, rates: 20.664097885714842, loss: 0.4449670299887657, rho: 0.1625, transmit_actions: 19, P: [0.875, 0.0625, 0.0625, 0.0625, 0.125, 0.0625, 0.0625, 0.0625, 0.0625, 0.0625, 0.0625, 0.0625, 0.0625, 0.0625, 0.0625, 0.0625, 0.0625, 0.0625, 0.0625, 0.0625]
[TRAIN]: (1511/1600): reward: 21.921219751238823, rates: 21.92121989251482, loss: 0.4530242070555687, rho: 0.1625, transmit_actions: 19, P: [0.875, 0.0625, 0.125, 0.0625, 0.0625, 0.0625, 0.125, 0.0625, 0.0625, 0.0625, 0.0625, 0.0625, 0.0625, 0.0625, 0.0625, 0.0625, 0.125, 0.0625, 0.0625, 0.0625]
[TRAIN]: (1512/1600): reward: 13.950992211699486, rates: 19.950992272720747, loss: 0.4785450555384159, rho: 0.1875, transmit_actions: 18, P: [0.875, 0.0625, 0.0625, 0.0625, 0.0625, 0.0625, 0.0625, 0.75, 0.0625, 0.0625, 0.125, 0.0625, 0.0625, 0.0625, 0.0625, 0.0625, 0.0625, 0.0625, 0.0625, 0.0625]
[TRAIN]: (1513/1600): reward: 20.440845370292664, rates: 20.44084529014962, loss: 0.40809937566518784, rho: 0.1375, transmit_actions: 19, P: [0.875, 0.0625, 0.0625, 0.0625, 0.0625, 0.0625, 0.0625, 0.0625, 0.0625, 0.0625, 0.0625, 0.0625, 0.0625, 0.0625, 0.0625, 0.0625, 0.0625, 0.0625, 0.0625, 0.0625]
[TRAIN]: (1514/1600): reward: 20.54036110639572, rates: 20.540361145941354, loss: 0.4279666692018509, rho: 0.14375, transmit_actions: 19, P: [0.875, 0.0625, 0.0625, 0.125, 0.0625, 0.0625, 0.0625, 0.0625, 0.125, 0.0625, 0.0625, 0.0625, 0.0625, 0.0625, 0.0625, 0.0625, 0.0625, 0.0625, 0.0625, 0.125]
[TRAIN]: (1515/1600): reward: 20.338109523057938, rates: 20.338109337308236, loss: 0.4550581179559231, rho: 0.13125, transmit_actions: 19, P: [0.875, 0.0625, 0.0625, 0.0625, 0.0625, 0.0625, 0.0625, 0.0625, 0.0625, 0.0625, 0.0625, 0.0625, 0.0625, 0.0625, 0.0625, 0.0625, 0.0625, 0.0625, 0.0625, 0.0625]
[TRAIN]: (1516/1600): reward: 19.469631522893906, rates: 19.46963149202366, loss: 0.38433989584445954, rho: 0.15625, transmit_actions: 19, P: [0.875, 0.0625, 0.0625, 0.0625, 0.0625, 0.0625, 0.0625, 0.0625, 0.0625, 0.0625, 0.0625, 0.0625, 0.0625, 0.0625, 0.0625, 0.0625, 0.0625, 0.0625, 0.0625, 0.0625]
[TRAIN]: (1517/1600): reward: 22.511424124240875, rates: 22.511424087198037, loss: 0.46718950644135476, rho: 0.14375, transmit_actions: 19, P: [0.875, 0.0625, 0.0625, 0.0625, 0.0625, 0.0625, 0.125, 0.0625, 0.0625, 0.0625, 0.0625, 0.0625, 0.0625, 0.0625, 0.0625, 0.0625, 0.0625, 0.0625, 0.0625, 0.0625]
[TRAIN]: (1518/1600): reward: 18.27137154340744, rates: 18.271371353893525, loss: 0.3810525543987751, rho: 0.13125, transmit_actions: 19, P: [0.875, 0.0625, 0.0625, 0.0625, 0.0625, 0.0625, 0.0625, 0.0625, 0.125, 0.0625, 0.125, 0.0625, 0.0625, 0.0625, 0.0625, 0.0625, 0.0625, 0.0625, 0.0625, 0.0625]
[TRAIN]: (1519/1600): reward: 17.759674340486526, rates: 17.759674268052944, loss: 0.3914276137948036, rho: 0.175, transmit_actions: 19, P: [0.875, 0.0625, 0.0625, 0.0625, 0.0625, 0.0625, 0.125, 0.0625, 0.0625, 0.0625, 0.0625, 0.0625, 0.0625, 0.0625, 0.0625, 0.0625, 0.0625, 0.0625, 0.0625, 0.0625]
[TRAIN]: (1520/1600): reward: 18.48862111568451, rates: 18.488621300981393, loss: 0.3750681526958942, rho: 0.1375, transmit_actions: 19, P: [0.875, 0.0, 0.0625, 0.0625, 0.0625, 0.0625, 0.0625, 0.0625, 0.0625, 0.0625, 0.0625, 0.0625, 0.0625, 0.0625, 0.0625, 0.0625, 0.0625, 0.0625, 0.0625, 0.0625]
[TRAIN]: (1521/1600): reward: 20.52711831778288, rates: 20.527118361782463, loss: 0.46410013139247897, rho: 0.1625, transmit_actions: 19, P: [0.875, 0.0625, 0.0625, 0.0625, 0.0625, 0.0625, 0.0625, 0.0625, 0.0625, 0.0625, 0.0625, 0.0625, 0.0625, 0.0625, 0.0625, 0.0625, 0.0625, 0.0625, 0.0625, 0.0625]
[TRAIN]: (1522/1600): reward: 19.67547170817852, rates: 20.675471540767106, loss: 0.4053919747471809, rho: 0.13125, transmit_actions: 19, P: [0.875, 0.125, 0.0625, 0.125, 0.0625, 0.0625, 0.125, 0.0625, 0.0625, 0.0625, 0.0625, 0.0625, 0.0625, 0.0625, 0.0625, 0.0625, 0.0625, 0.0625, 0.0625, 0.0625]
[TRAIN]: (1523/1600): reward: 20.56858178973198, rates: 20.568582057630756, loss: 0.45896868854761125, rho: 0.14375, transmit_actions: 19, P: [0.875, 0.0625, 0.0625, 0.0625, 0.0625, 0.0625, 0.0625, 0.0625, 0.125, 0.0625, 0.0625, 0.0625, 0.0625, 0.125, 0.0625, 0.0625, 0.0625, 0.0625, 0.0625, 0.0625]
[TRAIN]: (1524/1600): reward: 19.491781651973724, rates: 19.491781625526457, loss: 0.33979849740862844, rho: 0.13125, transmit_actions: 19, P: [0.875, 0.0625, 0.0625, 0.0625, 0.0625, 0.0625, 0.0625, 0.0625, 0.0625, 0.0625, 0.0625, 0.0625, 0.0625, 0.0625, 0.0625, 0.0625, 0.0625, 0.0625, 0.0625, 0.0625]
[TRAIN]: (1525/1600): reward: 16.858457028865814, rates: 16.85845696014297, loss: 0.3733023747801781, rho: 0.16875, transmit_actions: 19, P: [0.875, 0.0625, 0.0625, 0.0625, 0.0625, 0.0625, 0.125, 0.0625, 0.0625, 0.0625, 0.0625, 0.0625, 0.0625, 0.0625, 0.0625, 0.0625, 0.0625, 0.0625, 0.0625, 0.0625]
[TRAIN]: (1526/1600): reward: 22.043161690235138, rates: 22.043162039653712, loss: 0.4216471925377846, rho: 0.14375, transmit_actions: 19, P: [0.875, 0.0625, 0.0625, 0.0625, 0.0625, 0.0625, 0.0625, 0.0625, 0.0625, 0.0625, 0.0625, 0.0625, 0.0625, 0.0625, 0.0625, 0.0625, 0.0625, 0.0625, 0.0625, 0.0625]
[TRAIN]: (1527/1600): reward: 18.334333956241608, rates: 18.334333666513967, loss: 0.4524412214756012, rho: 0.15, transmit_actions: 19, P: [0.875, 0.0625, 0.0625, 0.0625, 0.0625, 0.0625, 0.0625, 0.0625, 0.0625, 0.0625, 0.125, 0.0625, 0.0625, 0.0625, 0.0625, 0.0625, 0.125, 0.125, 0.0625, 0.0625]
[TRAIN]: (1528/1600): reward: 14.868918359279633, rates: 20.868918357217314, loss: 0.3888958640396595, rho: 0.18125, transmit_actions: 18, P: [0.875, 0.0625, 0.0625, 0.0625, 0.0625, 0.0625, 0.0625, 0.1875, 0.125, 0.0625, 0.0625, 0.0625, 0.0625, 0.0625, 0.0625, 0.0625, 0.0625, 0.0625, 0.0625, 0.0625]
[TRAIN]: (1529/1600): reward: 19.36595806479454, rates: 19.365958238260003, loss: 0.4145552463829517, rho: 0.16875, transmit_actions: 19, P: [0.875, 0.0625, 0.0625, 0.125, 0.0625, 0.0625, 0.0625, 0.0625, 0.0625, 0.0625, 0.0625, 0.0625, 0.0625, 0.0625, 0.0625, 0.0625, 0.0625, 0.0625, 0.0625, 0.0625]
[TRAIN]: (1530/1600): reward: 19.320154011249542, rates: 19.32015393935977, loss: 0.4131848767399788, rho: 0.15625, transmit_actions: 19, P: [0.875, 0.0625, 0.0625, 0.0625, 0.0625, 0.0625, 0.0625, 0.0625, 0.0625, 0.0625, 0.0, 0.0625, 0.125, 0.0625, 0.0625, 0.0625, 0.0625, 0.0625, 0.0625, 0.0625]
[TRAIN]: (1531/1600): reward: 19.196196377277374, rates: 19.196196364626434, loss: 0.33086118921637536, rho: 0.15, transmit_actions: 19, P: [0.875, 0.0625, 0.0625, 0.0625, 0.0625, 0.0625, 0.0625, 0.0625, 0.0625, 0.0625, 0.0625, 0.0625, 0.0625, 0.0625, 0.0625, 0.0625, 0.0625, 0.0625, 0.0625, 0.0625]
[TRAIN]: (1532/1600): reward: 19.926563560962677, rates: 19.92656346551563, loss: 0.43155952244997026, rho: 0.16875, transmit_actions: 19, P: [0.875, 0.0625, 0.0625, 0.0625, 0.0625, 0.0625, 0.0625, 0.0625, 0.0625, 0.0625, 0.0625, 0.0625, 0.125, 0.0625, 0.0625, 0.0625, 0.0625, 0.0625, 0.0625, 0.0625]
[TRAIN]: (1533/1600): reward: 12.759540244936943, rates: 19.759540236904908, loss: 0.4663944527506828, rho: 0.14375, transmit_actions: 18, P: [0.875, 0.0625, 0.125, 0.0625, 0.125, 0.0625, 0.0625, 0.0625, 0.0625, 0.125, 0.0625, 0.0625, 0.0625, 0.0625, 0.0625, 0.25, 0.0625, 0.0625, 0.0625, 0.0625]
[TRAIN]: (1534/1600): reward: 19.685309916734695, rates: 19.68530976711881, loss: 0.4665963716804981, rho: 0.15, transmit_actions: 18, P: [0.875, 0.9375, 0.0625, 0.0625, 0.0625, 0.0625, 0.0625, 0.0625, 0.0625, 0.0625, 0.0625, 0.0625, 0.0625, 0.0625, 0.0625, 0.0625, 0.0625, 0.0625, 0.0625, 0.0625]
[TRAIN]: (1535/1600): reward: 18.829986095428467, rates: 18.82998610326109, loss: 0.3861610390245914, rho: 0.1375, transmit_actions: 18, P: [0.875, 0.9375, 0.0625, 0.0625, 0.0625, 0.0625, 0.0625, 0.0625, 0.0625, 0.0625, 0.0625, 0.0625, 0.0625, 0.0625, 0.0625, 0.0625, 0.0625, 0.0625, 0.0625, 0.0625]
[TRAIN]: (1536/1600): reward: 18.837063646002207, rates: 19.8370637001824, loss: 0.421556556224823, rho: 0.1625, transmit_actions: 19, P: [0.875, 0.0625, 0.0625, 0.0625, 0.0625, 0.0625, 0.0625, 0.0625, 0.125, 0.0625, 0.0625, 0.0625, 0.0625, 0.125, 0.0625, 0.0625, 0.0625, 0.0625, 0.0625, 0.0625]
[TRAIN]: (1537/1600): reward: 20.16778454184532, rates: 20.167784575992872, loss: 0.3917701326310635, rho: 0.1375, transmit_actions: 19, P: [0.875, 0.125, 0.0625, 0.0625, 0.0625, 0.0625, 0.0625, 0.0625, 0.0625, 0.0625, 0.0625, 0.0625, 0.0625, 0.0625, 0.125, 0.0625, 0.0625, 0.0625, 0.0625, 0.0625]
[TRAIN]: (1538/1600): reward: 18.476350605487823, rates: 18.4763504730875, loss: 0.3620480254292488, rho: 0.16875, transmit_actions: 19, P: [0.875, 0.0625, 0.0625, 0.125, 0.0625, 0.0625, 0.0625, 0.0625, 0.0625, 0.0625, 0.0625, 0.0625, 0.0625, 0.0625, 0.0625, 0.0625, 0.0625, 0.0625, 0.0625, 0.0625]
[TRAIN]: (1539/1600): reward: 19.94820475578308, rates: 19.948204752401665, loss: 0.4474350593984127, rho: 0.14375, transmit_actions: 19, P: [0.875, 0.0625, 0.125, 0.0625, 0.0625, 0.0625, 0.0625, 0.125, 0.0625, 0.0625, 0.0625, 0.0625, 0.0625, 0.0625, 0.0625, 0.0625, 0.0625, 0.0625, 0.0625, 0.0625]
[TRAIN]: (1540/1600): reward: 20.67432340979576, rates: 20.674323448078574, loss: 0.42455321848392485, rho: 0.15, transmit_actions: 19, P: [0.875, 0.125, 0.0625, 0.0625, 0.0625, 0.0625, 0.0625, 0.0625, 0.0625, 0.0625, 0.0625, 0.0625, 0.0625, 0.0625, 0.0625, 0.0625, 0.0625, 0.0625, 0.0625, 0.0625]
[TRAIN]: (1541/1600): reward: 18.190044403076172, rates: 18.190044455414338, loss: 0.4007060870528221, rho: 0.15, transmit_actions: 19, P: [0.875, 0.0625, 0.0625, 0.0625, 0.125, 0.0625, 0.0625, 0.0625, 0.0625, 0.125, 0.0625, 0.0625, 0.0625, 0.0625, 0.0625, 0.0625, 0.0625, 0.0625, 0.0625, 0.0625]
[TRAIN]: (1542/1600): reward: 19.617639362812042, rates: 20.61763933604719, loss: 0.37996121644973757, rho: 0.14375, transmit_actions: 18, P: [0.875, 0.75, 0.0625, 0.0625, 0.0625, 0.125, 0.0625, 0.0625, 0.0625, 0.0625, 0.125, 0.0625, 0.0625, 0.0625, 0.0625, 0.0625, 0.0625, 0.0625, 0.0625, 0.0625]
[TRAIN]: (1543/1600): reward: 13.65049460530281, rates: 18.650494629448612, loss: 0.3929805614054203, rho: 0.2125, transmit_actions: 18, P: [0.875, 0.0625, 0.0625, 0.0625, 0.0625, 0.0625, 0.0625, 0.0625, 0.0625, 0.0625, 0.0625, 0.0625, 0.0625, 0.0625, 0.0625, 0.0625, 0.0625, 0.0625, 0.0625, 0.1875]
[TRAIN]: (1544/1600): reward: 18.69324140250683, rates: 18.693241382875794, loss: 0.4416945934295654, rho: 0.15625, transmit_actions: 19, P: [0.875, 0.0625, 0.0625, 0.0625, 0.0625, 0.0625, 0.0625, 0.0625, 0.0625, 0.0625, 0.0625, 0.0625, 0.0625, 0.0625, 0.0625, 0.0625, 0.0625, 0.0625, 0.0625, 0.0625]
[TRAIN]: (1545/1600): reward: 17.5836843252182, rates: 17.58368443517883, loss: 0.37892204597592355, rho: 0.15, transmit_actions: 19, P: [0.875, 0.0625, 0.0625, 0.0625, 0.0625, 0.0625, 0.0625, 0.0625, 0.0625, 0.0625, 0.0625, 0.0625, 0.0625, 0.0625, 0.0625, 0.0625, 0.0625, 0.0625, 0.0625, 0.0625]
[TRAIN]: (1546/1600): reward: 17.83612287044525, rates: 17.83612276438082, loss: 0.4645420327782631, rho: 0.16875, transmit_actions: 19, P: [0.875, 0.0625, 0.0625, 0.0625, 0.0625, 0.125, 0.0625, 0.0625, 0.0625, 0.125, 0.0625, 0.0625, 0.0625, 0.0625, 0.0625, 0.0625, 0.0625, 0.0625, 0.0625, 0.0625]
[TRAIN]: (1547/1600): reward: 18.33334891498089, rates: 18.333348988207657, loss: 0.3844142034649849, rho: 0.13125, transmit_actions: 18, P: [0.875, 0.75, 0.0625, 0.0625, 0.0625, 0.0625, 0.0625, 0.0625, 0.0625, 0.125, 0.0625, 0.0625, 0.0625, 0.0625, 0.0625, 0.0625, 0.0625, 0.0625, 0.0625, 0.0625]
[TRAIN]: (1548/1600): reward: 21.504468619823456, rates: 21.50446852072825, loss: 0.4063346520066261, rho: 0.1375, transmit_actions: 19, P: [0.875, 0.0625, 0.0625, 0.0625, 0.0625, 0.0625, 0.0625, 0.0625, 0.0625, 0.0625, 0.0625, 0.0625, 0.0625, 0.0625, 0.0625, 0.0625, 0.0625, 0.0625, 0.0625, 0.0625]
[TRAIN]: (1549/1600): reward: 19.39778098464012, rates: 19.397780903528943, loss: 0.37248186990618704, rho: 0.15, transmit_actions: 19, P: [0.875, 0.0625, 0.125, 0.0625, 0.0625, 0.0625, 0.0625, 0.0625, 0.0625, 0.0625, 0.125, 0.0625, 0.0625, 0.0625, 0.0625, 0.0625, 0.0625, 0.0625, 0.0625, 0.0625]
[TRAIN]: (1550/1600): reward: 19.73627495765686, rates: 20.736275277410765, loss: 0.41050460040569303, rho: 0.1375, transmit_actions: 19, P: [0.875, 0.125, 0.0625, 0.125, 0.0625, 0.125, 0.0625, 0.0625, 0.0625, 0.125, 0.125, 0.0625, 0.0625, 0.0625, 0.125, 0.0625, 0.0625, 0.0625, 0.0625, 0.0625]
[TRAIN]: (1551/1600): reward: 19.205905854701996, rates: 19.205905869714943, loss: 0.3492619127035141, rho: 0.1375, transmit_actions: 19, P: [0.875, 0.0625, 0.0625, 0.0625, 0.0625, 0.0625, 0.0625, 0.0625, 0.0625, 0.0625, 0.0625, 0.0625, 0.0625, 0.0625, 0.0625, 0.0625, 0.0625, 0.0625, 0.0625, 0.0625]
[TRAIN]: (1552/1600): reward: 20.458457350730896, rates: 20.458457223268223, loss: 0.4277938365936279, rho: 0.14375, transmit_actions: 19, P: [0.875, 0.0625, 0.125, 0.0625, 0.0625, 0.0625, 0.0625, 0.0625, 0.0625, 0.0625, 0.0625, 0.0625, 0.0625, 0.0625, 0.0625, 0.0625, 0.0625, 0.0625, 0.0625, 0.0625]
[TRAIN]: (1553/1600): reward: 21.385043561458588, rates: 22.38504369989556, loss: 0.32831053584814074, rho: 0.1375, transmit_actions: 19, P: [0.875, 0.0625, 0.125, 0.0625, 0.0625, 0.0625, 0.0625, 0.0625, 0.0625, 0.0625, 0.125, 0.0625, 0.0625, 0.0625, 0.0625, 0.0625, 0.0625, 0.0625, 0.0625, 0.0625]
[TRAIN]: (1554/1600): reward: 21.558502674102783, rates: 21.55850267734406, loss: 0.37941178753972055, rho: 0.14375, transmit_actions: 19, P: [0.875, 0.0625, 0.0625, 0.0625, 0.0625, 0.0625, 0.0625, 0.0625, 0.0625, 0.0625, 0.125, 0.0625, 0.0625, 0.0625, 0.0625, 0.0625, 0.0625, 0.0625, 0.0625, 0.0625]
[TRAIN]: (1555/1600): reward: 20.93636691570282, rates: 20.93636705791068, loss: 0.36816227063536644, rho: 0.1375, transmit_actions: 19, P: [0.875, 0.0625, 0.0625, 0.0625, 0.125, 0.0625, 0.0625, 0.0625, 0.0625, 0.0625, 0.0625, 0.0625, 0.0625, 0.0625, 0.0625, 0.0625, 0.0625, 0.0625, 0.0625, 0.0625]
[TRAIN]: (1556/1600): reward: 14.262798726558685, rates: 19.262798687271047, loss: 0.3934984736144543, rho: 0.1625, transmit_actions: 18, P: [0.875, 0.0625, 0.0, 0.0625, 0.0625, 0.0625, 0.0625, 0.125, 0.0625, 0.0625, 0.0625, 0.0625, 0.0625, 0.0625, 0.0625, 0.0625, 0.0625, 0.0625, 0.0625, 0.0625]
[TRAIN]: (1557/1600): reward: 20.28848499059677, rates: 20.288485120954686, loss: 0.4062090411782265, rho: 0.1375, transmit_actions: 19, P: [0.875, 0.0625, 0.0625, 0.0625, 0.0625, 0.0625, 0.0625, 0.0625, 0.125, 0.0625, 0.0625, 0.0625, 0.0625, 0.0625, 0.0625, 0.0625, 0.0625, 0.0625, 0.0625, 0.0625]
[TRAIN]: (1558/1600): reward: 18.335974112153053, rates: 18.335973993472447, loss: 0.44474484771490097, rho: 0.16875, transmit_actions: 19, P: [0.875, 0.0625, 0.0625, 0.125, 0.0625, 0.0625, 0.0625, 0.0625, 0.0625, 0.0625, 0.0625, 0.0625, 0.0625, 0.0625, 0.0625, 0.0625, 0.0625, 0.0625, 0.0625, 0.0625]
[TRAIN]: (1559/1600): reward: 13.73654180765152, rates: 18.73654167203068, loss: 0.4075393922626972, rho: 0.20625, transmit_actions: 18, P: [0.875, 0.0625, 0.125, 0.0625, 0.0625, 0.0625, 0.0625, 0.0625, 0.0625, 0.0625, 0.0625, 0.0625, 0.0625, 0.0625, 0.0625, 0.0625, 0.0625, 0.875, 0.0625, 0.0625]
[TRAIN]: (1560/1600): reward: 19.588620752096176, rates: 19.588620596195074, loss: 0.4389588378369808, rho: 0.15, transmit_actions: 19, P: [0.6875, 0.0625, 0.0625, 0.0625, 0.0625, 0.0625, 0.0625, 0.0625, 0.0625, 0.0625, 0.125, 0.0625, 0.0625, 0.0625, 0.0625, 0.0625, 0.0625, 0.0625, 0.0625, 0.0625]
[TRAIN]: (1561/1600): reward: 20.001068264245987, rates: 20.001068222309275, loss: 0.3852068603038788, rho: 0.1375, transmit_actions: 19, P: [0.6875, 0.0625, 0.0625, 0.0625, 0.0625, 0.0625, 0.0625, 0.0625, 0.0625, 0.0625, 0.0625, 0.0625, 0.0625, 0.0625, 0.0625, 0.0625, 0.0625, 0.0625, 0.0625, 0.0625]
[TRAIN]: (1562/1600): reward: 19.370943397283554, rates: 19.370943282121374, loss: 0.40867341607809066, rho: 0.14375, transmit_actions: 19, P: [0.6875, 0.0625, 0.0625, 0.0625, 0.0625, 0.0625, 0.0625, 0.0625, 0.0625, 0.0625, 0.0625, 0.0625, 0.0625, 0.0625, 0.0625, 0.0625, 0.0625, 0.0625, 0.0625, 0.0625]
[TRAIN]: (1563/1600): reward: 16.29705920815468, rates: 21.29705923171069, loss: 0.42179062962532043, rho: 0.15, transmit_actions: 18, P: [0.6875, 0.0625, 0.0625, 0.0625, 0.0625, 0.0625, 0.0625, 0.0625, 0.25, 0.0625, 0.0625, 0.0625, 0.0625, 0.0625, 0.0625, 0.0625, 0.0625, 0.0625, 0.0625, 0.0625]
[TRAIN]: (1564/1600): reward: 16.5148346722126, rates: 17.514834855934335, loss: 0.36881780028343203, rho: 0.15, transmit_actions: 18, P: [0.6875, 0.6875, 0.0625, 0.0625, 0.0625, 0.0625, 0.0625, 0.0625, 0.125, 0.0625, 0.0625, 0.0625, 0.0625, 0.0625, 0.0625, 0.0625, 0.0625, 0.0625, 0.0625, 0.0625]
[TRAIN]: (1565/1600): reward: 22.12558826804161, rates: 22.12558813988328, loss: 0.43620859682559965, rho: 0.14375, transmit_actions: 19, P: [0.6875, 0.0625, 0.0625, 0.0625, 0.0625, 0.0625, 0.0625, 0.125, 0.0625, 0.0625, 0.0625, 0.0625, 0.0625, 0.0625, 0.0625, 0.0625, 0.0625, 0.0625, 0.0625, 0.0625]
[TRAIN]: (1566/1600): reward: 19.662294894456863, rates: 19.662295017786295, loss: 0.49186919033527376, rho: 0.1625, transmit_actions: 19, P: [0.6875, 0.0625, 0.0625, 0.0625, 0.0625, 0.0625, 0.0625, 0.0625, 0.0625, 0.0625, 0.125, 0.0625, 0.0625, 0.0625, 0.0625, 0.0625, 0.0625, 0.0625, 0.0625, 0.0625]
[TRAIN]: (1567/1600): reward: 11.856186345219612, rates: 18.85618629321357, loss: 0.37301664277911184, rho: 0.1625, transmit_actions: 18, P: [0.6875, 0.0625, 0.0625, 0.25, 0.0625, 0.0625, 0.0625, 0.0625, 0.0625, 0.0625, 0.0625, 0.0625, 0.0625, 0.0625, 0.0625, 0.0625, 0.0625, 0.0625, 0.0625, 0.125]
[TRAIN]: (1568/1600): reward: 17.28234487771988, rates: 23.28234458070208, loss: 0.44619284123182296, rho: 0.14375, transmit_actions: 19, P: [0.6875, 0.125, 0.125, 0.125, 0.125, 0.0625, 0.0625, 0.0625, 0.0625, 0.0625, 0.0625, 0.0625, 0.0625, 0.0625, 0.0625, 0.0625, 0.0625, 0.0625, 0.0625, 0.0625]
[TRAIN]: (1569/1600): reward: 19.843930035829544, rates: 19.843930248899465, loss: 0.4420101098716259, rho: 0.1375, transmit_actions: 19, P: [0.6875, 0.0625, 0.0625, 0.0625, 0.0625, 0.0625, 0.125, 0.0625, 0.0625, 0.0625, 0.0625, 0.0625, 0.0625, 0.0625, 0.0625, 0.0625, 0.0625, 0.0625, 0.0625, 0.0625]
[TRAIN]: (1570/1600): reward: 20.24436354637146, rates: 20.244363562904592, loss: 0.4470835417509079, rho: 0.15625, transmit_actions: 19, P: [0.6875, 0.125, 0.0625, 0.0625, 0.0625, 0.0625, 0.0625, 0.0625, 0.0625, 0.0625, 0.0625, 0.0625, 0.0625, 0.0625, 0.0625, 0.0625, 0.0625, 0.0625, 0.0625, 0.0625]
[TRAIN]: (1571/1600): reward: 7.904733836650848, rates: 16.90473370958722, loss: 0.3765008717775345, rho: 0.23125, transmit_actions: 17, P: [0.875, 0.0, 0.75, 0.375, 0.0625, 0.0625, 0.0625, 0.0625, 0.0625, 0.0625, 0.0625, 0.8125, 0.0625, 0.0625, 0.0625, 0.5625, 0.0625, 0.0625, 0.0625, 0.0625]
[TRAIN]: (1572/1600): reward: 17.874181121587753, rates: 17.874180966723873, loss: 0.4411053083837032, rho: 0.13125, transmit_actions: 19, P: [0.875, 0.0625, 0.0625, 0.0625, 0.0625, 0.0625, 0.0625, 0.0625, 0.0625, 0.0625, 0.0625, 0.0625, 0.0625, 0.0625, 0.0625, 0.0625, 0.0625, 0.0625, 0.0625, 0.0625]
[TRAIN]: (1573/1600): reward: 18.191072404384613, rates: 19.19107252085248, loss: 0.39730027318000793, rho: 0.14375, transmit_actions: 18, P: [0.875, 0.9375, 0.125, 0.0625, 0.0625, 0.0625, 0.0625, 0.0625, 0.0625, 0.0625, 0.0625, 0.0625, 0.0625, 0.0625, 0.0625, 0.0625, 0.0625, 0.0625, 0.0625, 0.0625]
[TRAIN]: (1574/1600): reward: 12.01155212521553, rates: 18.011552150670678, loss: 0.4298133566975594, rho: 0.1875, transmit_actions: 18, P: [0.875, 0.0625, 0.4375, 0.0625, 0.0625, 0.125, 0.0625, 0.0625, 0.0625, 0.0625, 0.125, 0.0625, 0.0625, 0.0625, 0.0625, 0.0625, 0.0625, 0.0625, 0.0625, 0.0625]
[TRAIN]: (1575/1600): reward: 20.230981409549713, rates: 21.23098130966034, loss: 0.4356414034962654, rho: 0.15625, transmit_actions: 19, P: [0.875, 0.0625, 0.0625, 0.0625, 0.125, 0.125, 0.0625, 0.0625, 0.0625, 0.0625, 0.0625, 0.0625, 0.0625, 0.0625, 0.0625, 0.0625, 0.0625, 0.0625, 0.0625, 0.0625]
[TRAIN]: (1576/1600): reward: 13.638660103082657, rates: 18.638660037235795, loss: 0.40518839806318285, rho: 0.14375, transmit_actions: 18, P: [0.875, 0.0625, 0.625, 0.0625, 0.0625, 0.0625, 0.0625, 0.0625, 0.0625, 0.0625, 0.0625, 0.4375, 0.0625, 0.0625, 0.0625, 0.0625, 0.0625, 0.0625, 0.0625, 0.0625]
[TRAIN]: (1577/1600): reward: 20.73255157470703, rates: 20.732551494351675, loss: 0.40606747269630433, rho: 0.13125, transmit_actions: 19, P: [0.875, 0.0625, 0.0625, 0.0625, 0.0625, 0.0625, 0.0625, 0.0625, 0.0625, 0.0625, 0.0625, 0.0625, 0.0625, 0.0625, 0.0625, 0.0625, 0.125, 0.0625, 0.0625, 0.0625]
[TRAIN]: (1578/1600): reward: 17.61528931558132, rates: 20.615289403494184, loss: 0.3674076497554779, rho: 0.15, transmit_actions: 19, P: [0.875, 0.125, 0.0625, 0.0625, 0.0625, 0.0625, 0.0625, 0.0625, 0.125, 0.125, 0.0625, 0.0625, 0.0625, 0.0625, 0.0625, 0.0625, 0.0625, 0.125, 0.0625, 0.0625]
[TRAIN]: (1579/1600): reward: 17.808590978384018, rates: 19.80859069106846, loss: 0.4243312604725361, rho: 0.18125, transmit_actions: 19, P: [0.875, 0.0625, 0.0625, 0.0625, 0.0625, 0.0625, 0.0625, 0.0625, 0.0625, 0.0625, 0.0625, 0.0625, 0.0625, 0.0625, 0.0625, 0.4375, 0.0625, 0.0625, 0.0625, 0.0625]
[TRAIN]: (1580/1600): reward: 18.12344667315483, rates: 20.12344655131346, loss: 0.4219643145799637, rho: 0.14375, transmit_actions: 18, P: [0.875, 1.0, 0.125, 0.125, 0.0625, 0.125, 0.0625, 0.0625, 0.0625, 0.0625, 0.0625, 0.0625, 0.0625, 0.125, 0.0625, 0.0625, 0.0625, 0.0625, 0.0625, 0.0625]
[TRAIN]: (1581/1600): reward: 17.089701414108276, rates: 17.089701368287532, loss: 0.3498041361570358, rho: 0.15, transmit_actions: 18, P: [0.6875, 0.0625, 0.0625, 0.0625, 0.0625, 0.0625, 0.0625, 0.125, 0.0625, 0.0625, 0.0625, 0.0625, 0.9375, 0.0625, 0.0625, 0.0625, 0.125, 0.0625, 0.0625, 0.0625]
[TRAIN]: (1582/1600): reward: 20.292255699634552, rates: 20.292255848499686, loss: 0.4202483415603638, rho: 0.1625, transmit_actions: 19, P: [0.6875, 0.0625, 0.0625, 0.0625, 0.0625, 0.0625, 0.0625, 0.0625, 0.0625, 0.0625, 0.0625, 0.0625, 0.0625, 0.0625, 0.0625, 0.0625, 0.0625, 0.0625, 0.0625, 0.0625]
[TRAIN]: (1583/1600): reward: 16.105414986610413, rates: 18.105415050281046, loss: 0.4497313693165779, rho: 0.1875, transmit_actions: 18, P: [0.6875, 0.75, 0.125, 0.0625, 0.0625, 0.0625, 0.0625, 0.0625, 0.0625, 0.125, 0.3125, 0.0625, 0.0625, 0.0625, 0.0625, 0.0625, 0.0625, 0.0625, 0.0625, 0.0625]
[TRAIN]: (1584/1600): reward: 17.140808820724487, rates: 19.140808888605914, loss: 0.38714988604187967, rho: 0.1625, transmit_actions: 19, P: [0.6875, 0.0, 0.0625, 0.0625, 0.0625, 0.0625, 0.0625, 0.0625, 0.0625, 0.0625, 0.125, 0.0625, 0.0625, 0.0625, 0.0625, 0.0625, 0.0625, 0.0625, 0.0625, 0.0625]
[TRAIN]: (1585/1600): reward: 14.089646428823471, rates: 18.08964643742376, loss: 0.39178161323070526, rho: 0.1875, transmit_actions: 19, P: [0.6875, 0.0625, 0.0625, 0.0625, 0.0625, 0.125, 0.0625, 0.0625, 0.0625, 0.0625, 0.0625, 0.0625, 0.0625, 0.0625, 0.0625, 0.25, 0.0625, 0.0625, 0.0625, 0.0625]
[TRAIN]: (1586/1600): reward: 16.203840509057045, rates: 18.20384034748934, loss: 0.4151985257863998, rho: 0.14375, transmit_actions: 19, P: [0.6875, 0.0625, 0.0625, 0.0625, 0.0625, 0.0625, 0.0625, 0.0625, 0.0625, 0.0625, 0.0625, 0.125, 0.0625, 0.0625, 0.0625, 0.0625, 0.0625, 0.0625, 0.0625, 0.0625]
[TRAIN]: (1587/1600): reward: 17.895150795578957, rates: 17.895150981906994, loss: 0.45419550538063047, rho: 0.19375, transmit_actions: 19, P: [0.6875, 0.0, 0.0625, 0.125, 0.0625, 0.0625, 0.0625, 0.0625, 0.0625, 0.0625, 0.0625, 0.0625, 0.0625, 0.0625, 0.0625, 0.0625, 0.0625, 0.0625, 0.0625, 0.0625]
[TRAIN]: (1588/1600): reward: 19.309390902519226, rates: 19.30939080165787, loss: 0.4010684296488762, rho: 0.15625, transmit_actions: 18, P: [0.6875, 0.75, 0.0625, 0.125, 0.0625, 0.125, 0.125, 0.0625, 0.125, 0.0625, 0.0625, 0.0625, 0.0625, 0.0625, 0.0625, 0.0625, 0.0625, 0.0625, 0.0625, 0.0625]
[TRAIN]: (1589/1600): reward: 20.83240833878517, rates: 20.832408338254314, loss: 0.4423330150544643, rho: 0.15, transmit_actions: 19, P: [0.6875, 0.125, 0.0625, 0.125, 0.0625, 0.0625, 0.0625, 0.125, 0.0625, 0.0625, 0.0625, 0.0625, 0.0625, 0.0625, 0.0625, 0.0625, 0.0625, 0.0625, 0.0625, 0.0625]
[TRAIN]: (1590/1600): reward: 20.075060546398163, rates: 21.07506072407742, loss: 0.4180610902607441, rho: 0.1375, transmit_actions: 18, P: [0.6875, 0.0625, 0.0625, 0.0625, 0.0625, 0.125, 0.0625, 0.6875, 0.0625, 0.0625, 0.0625, 0.0625, 0.0625, 0.0625, 0.0625, 0.0625, 0.0625, 0.0625, 0.0625, 0.0625]
[TRAIN]: (1591/1600): reward: 20.51535165309906, rates: 20.515351812717796, loss: 0.39909366220235826, rho: 0.13125, transmit_actions: 19, P: [0.6875, 0.0625, 0.0625, 0.0625, 0.0625, 0.0625, 0.0625, 0.0625, 0.0625, 0.0625, 0.0625, 0.0625, 0.0625, 0.0625, 0.0625, 0.0625, 0.0625, 0.0625, 0.0625, 0.0625]
[TRAIN]: (1592/1600): reward: 18.203188747167587, rates: 20.203188937950042, loss: 0.4142367891967297, rho: 0.1375, transmit_actions: 18, P: [0.6875, 0.0625, 0.875, 0.0625, 0.0625, 0.0625, 0.0625, 0.0625, 0.0625, 0.0625, 0.0625, 0.0625, 0.0625, 0.0625, 0.0625, 0.0625, 0.0625, 0.0625, 0.0625, 0.0625]
[TRAIN]: (1593/1600): reward: 19.275557190179825, rates: 19.27555725926118, loss: 0.3811438173055649, rho: 0.13125, transmit_actions: 19, P: [0.6875, 0.0625, 0.0625, 0.0625, 0.0625, 0.0625, 0.0625, 0.0625, 0.0625, 0.0625, 0.0625, 0.0625, 0.0625, 0.0625, 0.0625, 0.0625, 0.0625, 0.0625, 0.125, 0.0625]
[TRAIN]: (1594/1600): reward: 16.143042117357254, rates: 21.14304214765916, loss: 0.43638173788785933, rho: 0.14375, transmit_actions: 18, P: [0.6875, 0.0625, 0.125, 0.125, 0.0625, 0.0625, 0.0625, 0.0625, 0.0625, 0.625, 0.0625, 0.0625, 0.0625, 0.0625, 0.0625, 0.0625, 0.0625, 0.0625, 0.0625, 0.0625]
[TRAIN]: (1595/1600): reward: 20.581082105636597, rates: 20.58108219274324, loss: 0.4234061077237129, rho: 0.13125, transmit_actions: 19, P: [0.6875, 0.0625, 0.0625, 0.0625, 0.0625, 0.0625, 0.0625, 0.0625, 0.0625, 0.0625, 0.0625, 0.0625, 0.0625, 0.0625, 0.0625, 0.0625, 0.0625, 0.0625, 0.0625, 0.0625]
[TRAIN]: (1596/1600): reward: 20.42071044445038, rates: 20.42071086191599, loss: 0.40156988278031347, rho: 0.14375, transmit_actions: 19, P: [0.6875, 0.0625, 0.0625, 0.125, 0.0625, 0.0625, 0.0625, 0.0625, 0.0625, 0.0625, 0.0625, 0.0625, 0.0625, 0.0625, 0.0625, 0.0625, 0.0625, 0.0625, 0.0625, 0.0625]
[TRAIN]: (1597/1600): reward: 18.597794994711876, rates: 20.597794891502122, loss: 0.43953550681471826, rho: 0.1375, transmit_actions: 19, P: [0.6875, 0.0625, 0.0625, 0.0625, 0.0625, 0.0625, 0.0625, 0.125, 0.125, 0.125, 0.0625, 0.0625, 0.0625, 0.0625, 0.0625, 0.0625, 0.0625, 0.0625, 0.0625, 0.0625]
[TRAIN]: (1598/1600): reward: 20.820166260004044, rates: 20.820166227721906, loss: 0.44305408373475075, rho: 0.125, transmit_actions: 19, P: [0.6875, 0.0625, 0.0625, 0.0625, 0.0625, 0.0625, 0.0625, 0.0625, 0.0625, 0.0625, 0.0625, 0.0625, 0.0625, 0.0625, 0.0625, 0.0625, 0.0625, 0.0625, 0.0625, 0.0625]
[TRAIN]: (1599/1600): reward: 19.14112225174904, rates: 19.141122158896472, loss: 0.3671081744134426, rho: 0.1625, transmit_actions: 19, P: [0.6875, 0.0625, 0.0625, 0.0625, 0.0625, 0.0625, 0.0625, 0.0625, 0.0625, 0.0625, 0.125, 0.0625, 0.0625, 0.0625, 0.0625, 0.0625, 0.0625, 0.0625, 0.0625, 0.0625]
[TRAIN]: (1600/1600): reward: 19.86062663793564, rates: 19.86062650782023, loss: 0.41369143649935725, rho: 0.1375, transmit_actions: 19, P: [0.6875, 0.0, 0.0625, 0.0625, 0.0625, 0.125, 0.0625, 0.0625, 0.0625, 0.0625, 0.0625, 0.0625, 0.0625, 0.0625, 0.0625, 0.0625, 0.0625, 0.0625, 0.0625, 0.0625]
[TRAIN_FINISHED]: Transmit Action: 25421/0
[MAIN]: Time: 108.54250979423523
[MAIN]: END
