[MAIN]: START
[ENV]: Started init Environment
[ENV]: ACTIONS_SPACE: 66
[ENV]: Finished init Environment
[TRAIN]: actions: 66, observations: 12
[TRAIN]: CUDA: True
[TRAIN]: (1/1600): reward: -14.717289388179779, rates: 0.2827106194849325, loss: 0, rho: 0.4000000000000001, transmit_actions: 7, P: [0.875, 0.4375, 0.40625, 0.71875, 0.75, 0.3125, 0.34375, 0.21875, 0.21875, 0.5625, 0.4375, 0.78125, 0.5625, 0.71875, 0.71875, 0.03125, 0.34375, 0.90625, 0.625, 0.46875]
[TRAIN]: (2/1600): reward: -6.452646836638451, rates: 7.5473533081326405, loss: 0, rho: 0.4000000000000001, transmit_actions: 13, P: [0.53125, 0.34375, 0.34375, 0.40625, 0.46875, 0.78125, 0.71875, 0.21875, 0.84375, 0.1875, 1.0, 0.6875, 1.0, 0.0, 0.6875, 0.28125, 0.90625, 0.9375, 0.0, 0.25]
[TRAIN]: (3/1600): reward: -7.888859689235687, rates: 6.111140545170613, loss: 0, rho: 0.4000000000000001, transmit_actions: 10, P: [0.90625, 0.40625, 0.78125, 0.6875, 0.5, 0.46875, 0.6875, 0.84375, 0.84375, 0.0, 0.40625, 0.59375, 0.0625, 0.25, 0.375, 0.59375, 0.5625, 0.09375, 0.84375, 0.75]
[TRAIN]: (4/1600): reward: 5.144989728927612, rates: 18.144989495825534, loss: 3.134189184974222, rho: 0.4000000000000001, transmit_actions: 13, P: [0.8125, 0.8125, 0.1875, 0.09375, 0.125, 0.5625, 0.40625, 0.65625, 0.46875, 0.09375, 0.78125, 0.25, 0.03125, 1.0, 0.71875, 0.59375, 0.46875, 0.28125, 0.5625, 0.625]
[TRAIN]: (5/1600): reward: 6.661081314086914, rates: 20.66108134550874, loss: 4.283431732654572, rho: 0.4000000000000001, transmit_actions: 10, P: [0.875, 0.65625, 0.9375, 0.71875, 0.5, 0.875, 0.0, 0.59375, 0.28125, 0.8125, 0.0625, 0.71875, 0.21875, 0.03125, 0.125, 1.0, 0.625, 0.625, 0.15625, 0.09375]
[TRAIN]: (6/1600): reward: -5.986002027988434, rates: 7.013997801891296, loss: 3.83523428440094, rho: 0.4000000000000001, transmit_actions: 12, P: [0.25, 0.6875, 0.75, 0.46875, 0.8125, 0.8125, 0.34375, 0.4375, 0.5625, 0.9375, 0.21875, 0.46875, 0.40625, 0.9375, 0.65625, 0.1875, 0.75, 0.0625, 0.9375, 0.84375]
[TRAIN]: (7/1600): reward: 4.202283948659897, rates: 17.20228389176301, loss: 3.331452929973602, rho: 0.4000000000000001, transmit_actions: 11, P: [0.75, 0.5, 0.75, 0.09375, 0.65625, 0.46875, 0.125, 0.40625, 0.8125, 0.25, 0.21875, 0.5, 0.375, 0.0, 0.4375, 0.09375, 0.1875, 0.9375, 0.0, 0.15625]
[TRAIN]: (8/1600): reward: -6.583714544773102, rates: 7.41628526493437, loss: 3.209240770339966, rho: 0.4000000000000001, transmit_actions: 8, P: [0.59375, 0.4375, 0.5625, 0.46875, 0.3125, 0.15625, 0.78125, 0.59375, 0.5, 0.21875, 0.09375, 0.28125, 0.15625, 0.1875, 0.4375, 0.625, 0.84375, 0.09375, 0.96875, 0.84375]
[TRAIN]: (9/1600): reward: 0.7041722536087036, rates: 14.704172461385717, loss: 2.797795605659485, rho: 0.4000000000000001, transmit_actions: 8, P: [0.53125, 0.84375, 0.46875, 0.09375, 0.40625, 0.4375, 0.0, 0.46875, 0.96875, 0.09375, 0.28125, 0.6875, 0.40625, 0.71875, 0.4375, 0.78125, 0.1875, 0.09375, 0.03125, 0.59375]
[TRAIN]: (10/1600): reward: 1.7062934190034866, rates: 8.70629356819498, loss: 2.504220002889633, rho: 0.4000000000000001, transmit_actions: 8, P: [0.84375, 0.46875, 0.1875, 0.71875, 0.71875, 1.0, 0.25, 0.84375, 0.0625, 0.4375, 0.25, 0.78125, 0.0625, 0.96875, 0.75, 0.96875, 0.96875, 0.0625, 0.90625, 0.0625]
[TRAIN]: (11/1600): reward: -10.491802334785461, rates: 4.508197702472458, loss: 2.183130830526352, rho: 0.4000000000000001, transmit_actions: 8, P: [0.15625, 0.0, 0.59375, 0.9375, 0.5625, 0.3125, 0.53125, 0.21875, 0.5625, 0.125, 0.84375, 0.90625, 0.625, 0.625, 0.15625, 0.71875, 0.53125, 0.0625, 0.9375, 0.8125]
[TRAIN]: (12/1600): reward: -8.154735192656517, rates: 4.845264654196099, loss: 2.104377555847168, rho: 0.4000000000000001, transmit_actions: 12, P: [0.71875, 0.625, 0.5, 0.0625, 0.4375, 0.1875, 0.21875, 0.0, 0.125, 0.15625, 0.375, 0.5, 0.46875, 0.8125, 0.53125, 0.125, 0.9375, 0.90625, 0.65625, 0.0]
[TRAIN]: (13/1600): reward: -8.28254845738411, rates: 6.717451379331827, loss: 2.0880653738975523, rho: 0.4000000000000001, transmit_actions: 8, P: [0.03125, 0.25, 0.65625, 0.5, 0.4375, 0.90625, 0.40625, 0.21875, 0.75, 0.34375, 0.8125, 0.4375, 0.375, 0.875, 0.21875, 0.125, 0.4375, 0.65625, 0.59375, 0.125]
[TRAIN]: (14/1600): reward: -11.425919968634844, rates: 0.574080023211145, loss: 2.0663506150245667, rho: 0.4000000000000001, transmit_actions: 8, P: [0.1875, 0.0625, 0.21875, 0.28125, 0.625, 0.75, 0.875, 0.75, 0.40625, 0.9375, 0.84375, 0.90625, 0.0625, 0.71875, 1.0, 0.875, 0.3125, 0.6875, 0.875, 0.4375]
[TRAIN]: (15/1600): reward: 1.276932742446661, rates: 12.27693279227231, loss: 2.136247307062149, rho: 0.4000000000000001, transmit_actions: 11, P: [0.4375, 0.0, 0.4375, 0.09375, 0.875, 0.15625, 0.125, 0.15625, 0.4375, 0.125, 0.96875, 0.75, 1.0, 0.71875, 0.25, 0.6875, 0.59375, 0.625, 0.75, 0.21875]
[TRAIN]: (16/1600): reward: -10.129747450351715, rates: 1.8702525507463457, loss: 2.379800546169281, rho: 0.4000000000000001, transmit_actions: 12, P: [0.0, 0.4375, 0.78125, 0.1875, 0.78125, 0.09375, 0.71875, 0.375, 0.71875, 0.90625, 0.5625, 0.90625, 0.34375, 0.5625, 0.59375, 0.0625, 0.78125, 0.0, 0.875, 0.75]
[TRAIN]: (17/1600): reward: -7.958425924181938, rates: 6.041574238631657, loss: 2.02969713807106, rho: 0.4000000000000001, transmit_actions: 9, P: [0.25, 0.28125, 0.8125, 0.3125, 0.3125, 0.4375, 0.53125, 0.65625, 0.6875, 0.03125, 0.4375, 0.09375, 0.84375, 0.46875, 0.3125, 0.65625, 0.78125, 0.46875, 0.3125, 0.25]
[TRAIN]: (18/1600): reward: -3.9048955887556076, rates: 10.095104448034338, loss: 1.8637980222702026, rho: 0.4000000000000001, transmit_actions: 12, P: [0.625, 0.53125, 0.1875, 0.625, 0.875, 0.53125, 0.90625, 0.46875, 0.0625, 0.5, 0.21875, 0.78125, 0.0625, 0.65625, 0.34375, 0.5, 0.46875, 0.5625, 0.9375, 0.5625]
[TRAIN]: (19/1600): reward: -9.302012771368027, rates: 5.697987326827987, loss: 2.1634939670562745, rho: 0.4000000000000001, transmit_actions: 9, P: [0.9375, 0.75, 0.6875, 0.25, 0.25, 0.3125, 0.84375, 0.15625, 0.875, 0.21875, 0.1875, 0.90625, 0.5625, 0.84375, 0.34375, 0.3125, 0.65625, 0.53125, 0.4375, 0.25]
[TRAIN]: (20/1600): reward: -11.827618822455406, rates: 0.17238117793179322, loss: 2.058933877944946, rho: 0.4000000000000001, transmit_actions: 6, P: [0.65625, 0.15625, 0.90625, 0.03125, 0.8125, 0.4375, 0.375, 0.9375, 1.0, 0.84375, 0.1875, 0.21875, 0.25, 0.25, 0.9375, 0.90625, 0.3125, 0.875, 1.0, 0.75]
[TRAIN]: (21/1600): reward: -13.362422406673431, rates: 0.6375775876348013, loss: 1.939176070690155, rho: 0.4000000000000001, transmit_actions: 7, P: [0.34375, 0.03125, 0.875, 0.53125, 0.1875, 0.84375, 0.46875, 0.0625, 0.625, 0.0, 0.625, 0.21875, 0.65625, 0.625, 0.5, 0.1875, 0.875, 0.3125, 0.8125, 0.59375]
[TRAIN]: (22/1600): reward: -11.830697536468506, rates: 4.1693024988445595, loss: 1.8419318854808808, rho: 0.4000000000000001, transmit_actions: 12, P: [0.0, 0.78125, 0.34375, 0.21875, 0.1875, 0.59375, 0.6875, 0.03125, 0.375, 0.125, 0.03125, 0.9375, 0.65625, 0.84375, 0.875, 0.96875, 0.3125, 0.4375, 0.125, 0.78125]
[TRAIN]: (23/1600): reward: 1.8728121519088745, rates: 11.87281189953967, loss: 2.0032244324684143, rho: 0.4000000000000001, transmit_actions: 11, P: [0.90625, 0.75, 0.125, 0.15625, 0.84375, 0.75, 0.5, 1.0, 1.0, 0.40625, 0.375, 0.5625, 1.0, 0.84375, 0.6875, 0.125, 0.0, 0.375, 0.59375, 0.65625]
[TRAIN]: (24/1600): reward: 7.907750815153122, rates: 18.907750936233136, loss: 1.9915376961231233, rho: 0.4000000000000001, transmit_actions: 13, P: [0.90625, 0.8125, 0.03125, 0.25, 1.0, 0.0625, 0.9375, 0.28125, 0.0625, 0.9375, 0.71875, 0.875, 0.5, 0.21875, 0.3125, 0.875, 0.5625, 0.34375, 0.40625, 0.125]
[TRAIN]: (25/1600): reward: -6.948470778763294, rates: 5.051529185710403, loss: 2.068772482872009, rho: 0.4000000000000001, transmit_actions: 11, P: [0.28125, 0.5625, 0.0, 0.28125, 0.8125, 0.96875, 0.34375, 0.0, 0.1875, 0.0625, 0.46875, 0.5625, 0.6875, 0.75, 0.0, 0.78125, 0.71875, 0.0, 0.59375, 0.125]
[TRAIN]: (26/1600): reward: -8.98161494731903, rates: 6.018384821808998, loss: 2.1147700786590575, rho: 0.4000000000000001, transmit_actions: 9, P: [0.5, 0.5, 1.0, 0.4375, 0.28125, 0.9375, 0.375, 0.375, 0.625, 0.25, 0.59375, 0.25, 0.34375, 0.6875, 0.28125, 0.96875, 0.09375, 1.0, 0.375, 0.25]
[TRAIN]: (27/1600): reward: -1.3417460322380066, rates: 11.658254226138421, loss: 2.077860713005066, rho: 0.4000000000000001, transmit_actions: 12, P: [0.84375, 0.71875, 0.09375, 0.8125, 0.25, 0.40625, 0.0, 0.4375, 0.15625, 0.28125, 0.15625, 0.3125, 1.0, 0.0625, 0.34375, 0.8125, 0.21875, 0.0, 0.65625, 0.78125]
[TRAIN]: (28/1600): reward: -11.81167060136795, rates: 4.1883296332186655, loss: 1.9815404891967774, rho: 0.4000000000000001, transmit_actions: 17, P: [0.0, 0.3125, 0.96875, 0.53125, 1.0, 0.59375, 0.125, 0.5, 0.8125, 0.0625, 0.875, 0.53125, 0.4375, 0.4375, 0.9375, 0.90625, 0.03125, 0.71875, 0.75, 0.9375]
[TRAIN]: (29/1600): reward: -0.8878998905420303, rates: 11.112099974750784, loss: 2.18210289478302, rho: 0.4000000000000001, transmit_actions: 10, P: [0.15625, 0.25, 0.0, 0.59375, 0.96875, 0.15625, 1.0, 0.0625, 0.5625, 0.25, 0.59375, 0.625, 0.9375, 0.28125, 0.71875, 0.125, 0.875, 0.46875, 0.96875, 0.0]
[TRAIN]: (30/1600): reward: -3.485442817211151, rates: 11.514556814652897, loss: 1.984624171257019, rho: 0.4000000000000001, transmit_actions: 6, P: [0.25, 0.1875, 0.5, 0.4375, 0.53125, 0.78125, 0.8125, 0.03125, 0.75, 0.375, 0.40625, 0.15625, 0.46875, 0.5625, 0.53125, 0.96875, 0.90625, 0.09375, 0.15625, 0.15625]
[TRAIN]: (31/1600): reward: -10.945259355008602, rates: 0.054740644315856686, loss: 2.165518969297409, rho: 0.4000000000000001, transmit_actions: 8, P: [0.90625, 0.625, 0.0625, 0.96875, 0.59375, 0.8125, 0.34375, 0.28125, 0.5625, 0.78125, 0.125, 0.9375, 0.75, 1.0, 0.9375, 0.65625, 1.0, 0.9375, 1.0, 0.46875]
[TRAIN]: (32/1600): reward: -9.91517162322998, rates: 5.084828419171859, loss: 1.9534630119800567, rho: 0.4000000000000001, transmit_actions: 11, P: [0.1875, 0.34375, 0.84375, 0.9375, 0.71875, 0.8125, 0.46875, 0.78125, 0.53125, 0.4375, 0.6875, 0.59375, 0.96875, 0.875, 0.6875, 0.875, 0.75, 1.0, 0.65625, 0.1875]
[TRAIN]: (33/1600): reward: -9.213829681277275, rates: 5.786170318514653, loss: 1.9424782335758208, rho: 0.4000000000000001, transmit_actions: 10, P: [0.15625, 0.9375, 0.09375, 0.03125, 0.8125, 0.15625, 0.65625, 0.8125, 0.3125, 0.375, 0.28125, 0.75, 0.0625, 0.3125, 0.625, 0.375, 0.65625, 0.53125, 0.9375, 0.96875]
[TRAIN]: (34/1600): reward: 7.720086183398962, rates: 16.720086251318186, loss: 1.9318232774734496, rho: 0.4000000000000001, transmit_actions: 10, P: [0.90625, 0.0625, 0.40625, 0.375, 0.15625, 0.6875, 0.625, 0.40625, 0.25, 0.0625, 0.59375, 0.96875, 0.5625, 0.0625, 0.0625, 0.9375, 0.3125, 0.03125, 0.15625, 0.375]
[TRAIN]: (35/1600): reward: -3.4530926570296288, rates: 10.546907310724286, loss: 2.0991883754730223, rho: 0.4000000000000001, transmit_actions: 12, P: [0.71875, 0.6875, 0.5, 0.09375, 0.28125, 0.125, 0.59375, 0.875, 0.9375, 0.21875, 0.90625, 0.4375, 0.84375, 0.21875, 0.84375, 0.3125, 0.375, 0.5625, 0.71875, 0.75]
[TRAIN]: (36/1600): reward: 4.012634575366974, rates: 16.012634256462338, loss: 2.267842781543732, rho: 0.4000000000000001, transmit_actions: 8, P: [0.59375, 0.59375, 0.625, 0.5625, 0.8125, 0.125, 0.78125, 0.03125, 0.375, 0.28125, 0.125, 0.53125, 0.0, 0.5, 0.25, 0.59375, 0.25, 0.46875, 0.46875, 0.21875]
[TRAIN]: (37/1600): reward: -7.172913551330566, rates: 8.827086521967182, loss: 2.0999614596366882, rho: 0.4000000000000001, transmit_actions: 14, P: [0.90625, 0.9375, 0.28125, 0.21875, 1.0, 0.4375, 0.84375, 0.0, 0.78125, 0.84375, 0.75, 0.625, 0.03125, 0.21875, 0.65625, 0.59375, 0.5625, 1.0, 0.59375, 0.6875]
[TRAIN]: (38/1600): reward: -17.50500899553299, rates: 0.4949909974459899, loss: 2.1468795478343963, rho: 0.4000000000000001, transmit_actions: 8, P: [0.78125, 0.28125, 0.1875, 0.34375, 0.59375, 0.5, 0.15625, 0.375, 0.1875, 0.8125, 0.5625, 0.09375, 0.21875, 0.1875, 0.53125, 0.09375, 0.5625, 0.40625, 0.71875, 0.875]
[TRAIN]: (39/1600): reward: -7.6992309875786304, rates: 5.300768835726722, loss: 2.0539039611816405, rho: 0.4000000000000001, transmit_actions: 12, P: [0.375, 0.84375, 0.25, 0.375, 0.40625, 0.9375, 1.0, 0.0, 0.09375, 0.875, 0.0625, 0.34375, 0.75, 0.71875, 0.28125, 0.875, 0.5, 0.8125, 0.65625, 0.5]
[TRAIN]: (40/1600): reward: -12.770432472229004, rates: 4.229567325977947, loss: 2.16629581451416, rho: 0.4000000000000001, transmit_actions: 11, P: [0.8125, 0.5625, 0.84375, 0.28125, 0.1875, 0.65625, 0.59375, 0.28125, 0.8125, 0.3125, 0.8125, 0.78125, 0.125, 0.09375, 0.75, 0.1875, 0.65625, 0.40625, 0.75, 0.65625]
[TRAIN]: (41/1600): reward: -6.865911640226841, rates: 7.134088097138058, loss: 2.2713399112224577, rho: 0.4000000000000001, transmit_actions: 9, P: [0.9375, 0.4375, 1.0, 0.5, 0.59375, 0.90625, 0.71875, 0.21875, 0.46875, 0.0625, 0.59375, 0.5, 0.53125, 0.59375, 0.625, 0.625, 0.90625, 0.40625, 0.4375, 0.5625]
[TRAIN]: (42/1600): reward: -11.768831871449947, rates: 5.231167923231713, loss: 1.8565682262182235, rho: 0.4000000000000001, transmit_actions: 8, P: [0.84375, 0.4375, 0.40625, 0.8125, 0.5625, 0.03125, 0.84375, 0.15625, 0.25, 0.34375, 0.40625, 0.125, 0.25, 0.59375, 0.4375, 0.5625, 0.5, 0.125, 0.28125, 0.84375]
[TRAIN]: (43/1600): reward: -12.15902355313301, rates: 0.8409764739449267, loss: 1.9456784307956696, rho: 0.4000000000000001, transmit_actions: 15, P: [0.78125, 0.34375, 0.125, 0.9375, 0.0, 0.40625, 0.28125, 0.3125, 0.0, 0.40625, 0.625, 0.875, 0.875, 0.53125, 0.625, 0.875, 0.6875, 0.875, 0.5625, 0.78125]
[TRAIN]: (44/1600): reward: -13.815514519810677, rates: 0.1844854771249693, loss: 1.9977425277233123, rho: 0.4000000000000001, transmit_actions: 9, P: [0.5625, 0.4375, 0.25, 0.6875, 0.84375, 0.03125, 0.875, 0.875, 0.0, 0.03125, 0.0625, 0.625, 0.875, 0.375, 0.65625, 0.4375, 0.09375, 0.78125, 0.59375, 0.53125]
[TRAIN]: (45/1600): reward: -10.32925045862794, rates: 4.670749539104535, loss: 1.8021193742752075, rho: 0.4000000000000001, transmit_actions: 7, P: [0.3125, 0.25, 0.28125, 0.6875, 0.90625, 0.875, 0.625, 0.09375, 0.625, 0.78125, 0.71875, 0.03125, 0.34375, 0.90625, 0.53125, 0.0625, 0.71875, 0.4375, 0.75, 0.0625]
[TRAIN]: (46/1600): reward: -1.1498892307281494, rates: 12.850110647423573, loss: 1.934495085477829, rho: 0.4000000000000001, transmit_actions: 8, P: [0.34375, 0.15625, 0.84375, 0.375, 0.84375, 0.84375, 0.1875, 0.375, 0.71875, 0.78125, 0.4375, 0.375, 0.0625, 0.90625, 0.78125, 0.21875, 0.8125, 0.09375, 0.875, 0.9375]
[TRAIN]: (47/1600): reward: -3.500679314136505, rates: 11.499320572219915, loss: 1.8366872012615203, rho: 0.4000000000000001, transmit_actions: 12, P: [0.84375, 0.1875, 0.96875, 0.1875, 0.71875, 0.09375, 0.25, 0.78125, 0.15625, 0.09375, 0.0625, 0.5625, 0.96875, 0.1875, 0.90625, 0.0625, 0.09375, 0.6875, 0.84375, 0.25]
[TRAIN]: (48/1600): reward: 6.629318207502365, rates: 17.629317823713798, loss: 1.984272539615631, rho: 0.4000000000000001, transmit_actions: 10, P: [0.46875, 0.46875, 0.84375, 0.9375, 0.3125, 0.96875, 0.1875, 0.4375, 0.0, 0.125, 0.5625, 0.375, 0.90625, 0.125, 0.625, 0.1875, 0.53125, 0.03125, 0.59375, 0.78125]
[TRAIN]: (49/1600): reward: -9.221320152282715, rates: 5.7786799520590195, loss: 2.0463448464870453, rho: 0.4000000000000001, transmit_actions: 9, P: [0.1875, 0.15625, 0.8125, 0.1875, 0.46875, 0.4375, 0.96875, 0.5625, 1.0, 0.5625, 0.6875, 0.65625, 0.9375, 0.78125, 0.46875, 0.0, 1.0, 0.65625, 0.71875, 0.59375]
[TRAIN]: (50/1600): reward: -14.320547580718994, rates: 1.679452365616937, loss: 2.1119332015514374, rho: 0.4000000000000001, transmit_actions: 11, P: [0.03125, 0.96875, 0.90625, 0.0, 0.84375, 0.1875, 0.34375, 0.25, 0.78125, 0.8125, 0.5, 0.96875, 0.46875, 0.09375, 0.09375, 1.0, 0.65625, 0.1875, 0.28125, 0.25]
[TRAIN]: (51/1600): reward: -12.747016485780478, rates: 4.2529836836033565, loss: 2.082165592908859, rho: 0.4000000000000001, transmit_actions: 12, P: [0.3125, 0.15625, 0.21875, 0.625, 0.53125, 0.53125, 0.375, 0.65625, 0.25, 0.09375, 0.5, 0.125, 0.21875, 0.65625, 0.53125, 0.8125, 0.5, 0.9375, 0.9375, 0.90625]
[TRAIN]: (52/1600): reward: 1.1895177960395813, rates: 13.189517913753185, loss: 1.9258685380220413, rho: 0.4000000000000001, transmit_actions: 10, P: [0.5, 0.1875, 0.59375, 0.78125, 0.40625, 0.46875, 0.90625, 0.5, 0.3125, 0.78125, 0.1875, 0.96875, 0.5625, 0.8125, 0.3125, 0.125, 0.15625, 0.71875, 0.90625, 0.96875]
[TRAIN]: (53/1600): reward: -10.151564434170723, rates: 4.848435392706777, loss: 2.1216498136520388, rho: 0.4000000000000001, transmit_actions: 12, P: [0.5, 0.21875, 0.0, 0.96875, 0.1875, 0.875, 0.8125, 0.34375, 0.375, 0.375, 0.5625, 0.875, 0.5625, 0.0, 0.875, 0.9375, 0.28125, 0.78125, 0.0, 0.0625]
[TRAIN]: (54/1600): reward: -8.444969892501831, rates: 8.555030350348295, loss: 2.0002978086471557, rho: 0.4000000000000001, transmit_actions: 12, P: [0.09375, 0.25, 0.625, 0.21875, 0.375, 1.0, 0.5, 0.9375, 0.5625, 0.25, 0.34375, 0.8125, 0.34375, 0.0625, 0.65625, 0.0, 0.53125, 0.5, 0.4375, 0.09375]
[TRAIN]: (55/1600): reward: -11.831686675548553, rates: 2.1683132769149935, loss: 1.9532101690769195, rho: 0.4000000000000001, transmit_actions: 14, P: [0.25, 0.5, 0.09375, 0.4375, 0.46875, 1.0, 0.59375, 0.09375, 1.0, 0.3125, 0.875, 0.65625, 0.0, 0.90625, 0.90625, 0.75, 0.9375, 0.46875, 0.46875, 0.15625]
[TRAIN]: (56/1600): reward: -0.3489423245191574, rates: 12.651057528891894, loss: 1.7151697486639024, rho: 0.4000000000000001, transmit_actions: 9, P: [0.3125, 0.625, 0.125, 0.53125, 0.0625, 0.0, 0.15625, 0.53125, 0.5625, 0.5, 0.03125, 0.1875, 0.6875, 0.75, 0.40625, 0.5625, 0.5, 0.34375, 0.9375, 0.75]
[TRAIN]: (57/1600): reward: 2.551405817270279, rates: 13.55140607508946, loss: 1.8514037668704986, rho: 0.4000000000000001, transmit_actions: 9, P: [0.8125, 0.15625, 0.84375, 0.0, 0.71875, 0.15625, 0.59375, 0.8125, 0.21875, 1.0, 0.34375, 0.125, 0.8125, 0.1875, 0.46875, 0.5625, 0.125, 0.21875, 0.5, 0.84375]
[TRAIN]: (58/1600): reward: -12.848025798797607, rates: 0.15197420863568817, loss: 1.805679303407669, rho: 0.4000000000000001, transmit_actions: 11, P: [0.1875, 0.71875, 0.5625, 0.59375, 0.46875, 0.0625, 0.53125, 0.9375, 0.8125, 0.875, 0.71875, 0.96875, 0.9375, 0.34375, 0.75, 0.75, 0.625, 0.8125, 0.59375, 0.875]
[TRAIN]: (59/1600): reward: -14.137980431318283, rates: 0.8620195827907146, loss: 1.7572604596614838, rho: 0.4000000000000001, transmit_actions: 9, P: [0.21875, 0.28125, 0.6875, 0.71875, 1.0, 0.03125, 0.53125, 0.5625, 0.4375, 0.90625, 0.1875, 0.28125, 0.28125, 0.78125, 0.84375, 0.75, 0.65625, 0.625, 0.34375, 0.75]
[TRAIN]: (60/1600): reward: -5.734187126159668, rates: 11.26581264044717, loss: 1.8377802670001984, rho: 0.4000000000000001, transmit_actions: 9, P: [0.28125, 0.03125, 0.6875, 0.15625, 0.71875, 0.1875, 0.125, 0.625, 0.25, 0.5, 0.53125, 0.1875, 0.0, 0.28125, 0.15625, 0.375, 0.65625, 0.09375, 0.59375, 0.84375]
[TRAIN]: (61/1600): reward: -8.21785581111908, rates: 5.782144364326885, loss: 1.89251269698143, rho: 0.4000000000000001, transmit_actions: 7, P: [0.15625, 0.9375, 0.59375, 0.90625, 0.0, 0.09375, 0.1875, 0.78125, 0.09375, 0.59375, 0.65625, 0.59375, 0.53125, 0.75, 0.96875, 0.09375, 0.09375, 0.78125, 0.75, 0.0]
[TRAIN]: (62/1600): reward: 2.7041343450546265, rates: 14.70413426927562, loss: 1.8473988831043244, rho: 0.4000000000000001, transmit_actions: 9, P: [0.125, 0.1875, 0.40625, 0.6875, 0.375, 0.15625, 0.8125, 0.59375, 0.46875, 0.75, 0.0, 0.375, 0.40625, 0.28125, 0.15625, 0.375, 0.0, 0.09375, 0.34375, 0.96875]
[TRAIN]: (63/1600): reward: 1.6123389825224876, rates: 12.612338829946353, loss: 1.6774307370185852, rho: 0.4000000000000001, transmit_actions: 9, P: [0.96875, 0.375, 0.03125, 0.90625, 0.0625, 0.78125, 0.8125, 0.40625, 0.0, 0.84375, 0.71875, 0.1875, 0.78125, 0.15625, 0.125, 0.03125, 0.09375, 0.0625, 0.9375, 0.46875]
[TRAIN]: (64/1600): reward: -3.525543361902237, rates: 8.474456844104118, loss: 1.859732460975647, rho: 0.4000000000000001, transmit_actions: 9, P: [0.84375, 0.53125, 0.46875, 0.5625, 0.46875, 0.5, 0.9375, 0.34375, 0.25, 0.21875, 0.03125, 0.5, 0.5, 0.4375, 0.1875, 0.9375, 0.8125, 0.375, 0.4375, 0.0625]
[TRAIN]: (65/1600): reward: -15.0, rates: 0, loss: 1.7874782621860503, rho: 0.4000000000000001, transmit_actions: 8, P: [0.125, 0.625, 0.59375, 0.65625, 0.3125, 1.0, 0.625, 0.84375, 0.25, 0.59375, 0.96875, 0.0, 1.0, 1.0, 0.46875, 0.59375, 0.25, 0.40625, 0.625, 0.9375]
[TRAIN]: (66/1600): reward: -7.001204878091812, rates: 6.998795254514051, loss: 1.886767166852951, rho: 0.4000000000000001, transmit_actions: 9, P: [0.03125, 0.09375, 0.5625, 0.09375, 0.25, 0.78125, 0.53125, 0.6875, 0.65625, 0.34375, 0.71875, 0.78125, 0.40625, 0.1875, 0.46875, 0.59375, 0.25, 0.125, 0.25, 0.15625]
[TRAIN]: (67/1600): reward: -3.002777576446533, rates: 9.99722228692589, loss: 1.72732635140419, rho: 0.4000000000000001, transmit_actions: 10, P: [0.5, 0.21875, 0.59375, 0.59375, 0.0, 0.96875, 0.96875, 0.71875, 0.0625, 0.75, 0.90625, 0.25, 0.1875, 0.53125, 0.96875, 0.5, 0.0, 0.59375, 0.09375, 0.0]
[TRAIN]: (68/1600): reward: 7.094404980540276, rates: 17.094404819223058, loss: 1.9188852906227112, rho: 0.4000000000000001, transmit_actions: 9, P: [0.5625, 0.4375, 0.09375, 0.09375, 0.9375, 0.90625, 0.1875, 0.375, 0.75, 0.25, 0.34375, 1.0, 0.0625, 0.5, 0.75, 0.3125, 0.25, 0.90625, 0.125, 0.03125]
[TRAIN]: (69/1600): reward: -14.088742543011904, rates: 0.9112574653739121, loss: 1.9919660151004792, rho: 0.4000000000000001, transmit_actions: 10, P: [0.3125, 0.71875, 0.71875, 0.96875, 0.71875, 0.65625, 0.25, 0.71875, 0.0625, 0.875, 0.6875, 0.5625, 0.5625, 0.5, 0.5625, 0.375, 0.40625, 0.6875, 0.875, 0.90625]
[TRAIN]: (70/1600): reward: 12.086320059373975, rates: 25.086319970002208, loss: 1.6490050733089447, rho: 0.4000000000000001, transmit_actions: 7, P: [0.96875, 0.28125, 0.03125, 0.53125, 0.15625, 0.375, 0.34375, 0.40625, 0.96875, 0.59375, 0.75, 0.8125, 0.125, 0.59375, 0.46875, 0.25, 0.5625, 0.6875, 0.78125, 0.46875]
[TRAIN]: (71/1600): reward: 1.3188109397888184, rates: 13.318810832112167, loss: 1.7613650202751159, rho: 0.4000000000000001, transmit_actions: 9, P: [0.75, 0.1875, 0.8125, 0.3125, 0.78125, 0.0625, 0.59375, 0.8125, 0.0, 0.15625, 0.03125, 0.40625, 0.09375, 0.78125, 0.90625, 0.6875, 0.71875, 0.15625, 0.625, 0.71875]
[TRAIN]: (72/1600): reward: -3.0216748267412186, rates: 9.97832512500376, loss: 1.8518665105104446, rho: 0.4000000000000001, transmit_actions: 10, P: [0.28125, 0.09375, 0.46875, 0.46875, 0.40625, 0.15625, 0.5, 0.4375, 0.5625, 0.4375, 0.34375, 0.0, 0.53125, 0.125, 0.96875, 0.1875, 0.59375, 0.90625, 0.28125, 0.90625]
[TRAIN]: (73/1600): reward: -5.770581364631653, rates: 9.229418768179771, loss: 1.86315199136734, rho: 0.4000000000000001, transmit_actions: 14, P: [0.0625, 0.03125, 0.8125, 0.375, 0.40625, 0.125, 1.0, 0.03125, 0.28125, 0.15625, 0.28125, 1.0, 0.84375, 0.6875, 0.6875, 0.71875, 0.0625, 0.65625, 0.28125, 0.15625]
[TRAIN]: (74/1600): reward: 0.2627980411052704, rates: 14.262798281830364, loss: 2.144914236664772, rho: 0.4000000000000001, transmit_actions: 11, P: [0.375, 0.03125, 0.8125, 0.40625, 0.0, 0.625, 0.75, 1.0, 0.3125, 0.75, 0.4375, 0.15625, 0.90625, 0.09375, 0.09375, 0.4375, 0.40625, 0.5, 0.15625, 0.5625]
[TRAIN]: (75/1600): reward: -7.563690721988678, rates: 7.436309444157195, loss: 1.7866304516792297, rho: 0.4000000000000001, transmit_actions: 11, P: [0.75, 0.15625, 0.09375, 0.75, 0.59375, 0.09375, 0.8125, 0.78125, 0.15625, 0.15625, 0.5, 0.21875, 0.53125, 1.0, 0.28125, 0.25, 1.0, 0.53125, 0.1875, 0.125]
[TRAIN]: (76/1600): reward: -1.6565065383911133, rates: 14.343493948355285, loss: 2.005711728334427, rho: 0.4000000000000001, transmit_actions: 10, P: [0.75, 0.625, 0.71875, 0.21875, 0.625, 0.53125, 0.03125, 0.4375, 0.59375, 0.125, 0.0625, 0.0625, 0.0625, 0.65625, 0.0, 0.03125, 0.0625, 0.625, 0.0625, 0.40625]
[TRAIN]: (77/1600): reward: -5.251358062028885, rates: 8.748641772189256, loss: 2.0580037951469423, rho: 0.4000000000000001, transmit_actions: 10, P: [0.875, 0.28125, 0.90625, 0.625, 0.09375, 0.3125, 0.84375, 0.15625, 0.96875, 0.0625, 0.6875, 0.0, 0.625, 0.59375, 0.53125, 0.46875, 0.5, 0.46875, 0.0625, 0.40625]
[TRAIN]: (78/1600): reward: -9.411634545773268, rates: 5.588365559283424, loss: 1.8726657927036285, rho: 0.4000000000000001, transmit_actions: 12, P: [0.59375, 0.34375, 0.90625, 0.3125, 0.0625, 0.90625, 0.09375, 0.625, 0.1875, 0.03125, 0.09375, 0.96875, 0.09375, 0.96875, 0.1875, 0.03125, 0.75, 1.0, 1.0, 0.125]
[TRAIN]: (79/1600): reward: -14.458179295063019, rates: 0.5418207090045681, loss: 1.9677984893321991, rho: 0.4000000000000001, transmit_actions: 8, P: [0.8125, 0.09375, 0.28125, 0.0, 0.40625, 0.40625, 0.96875, 0.3125, 0.46875, 0.25, 0.75, 0.96875, 0.875, 0.46875, 0.15625, 0.40625, 1.0, 0.1875, 0.78125, 0.28125]
[TRAIN]: (80/1600): reward: -16.0, rates: 0, loss: 1.8927486568689347, rho: 0.4000000000000001, transmit_actions: 10, P: [0.125, 0.4375, 0.875, 0.625, 0.90625, 0.71875, 0.5, 0.5625, 0.375, 0.3125, 0.90625, 0.78125, 0.9375, 0.3125, 0.59375, 0.625, 0.75, 0.53125, 0.875, 0.15625]
[TRAIN]: (81/1600): reward: -7.408550303429365, rates: 6.591449699634603, loss: 1.9757831931114196, rho: 0.4000000000000001, transmit_actions: 12, P: [0.15625, 0.28125, 0.0625, 0.4375, 0.1875, 0.34375, 1.0, 0.03125, 0.71875, 0.96875, 0.1875, 0.0, 0.34375, 0.75, 0.28125, 1.0, 0.34375, 0.125, 1.0, 0.9375]
[TRAIN]: (82/1600): reward: -1.7659540539607406, rates: 11.234045747259383, loss: 1.8847701668739318, rho: 0.4000000000000001, transmit_actions: 9, P: [0.96875, 0.53125, 0.71875, 0.625, 0.5625, 0.21875, 1.0, 0.03125, 0.65625, 0.5625, 0.65625, 0.59375, 0.5, 0.875, 0.1875, 0.9375, 0.03125, 0.15625, 0.03125, 0.65625]
[TRAIN]: (83/1600): reward: -0.005970939993858337, rates: 11.99402922879169, loss: 1.8990804731845856, rho: 0.4000000000000001, transmit_actions: 12, P: [0.25, 0.75, 0.84375, 0.15625, 0.46875, 0.8125, 0.84375, 0.15625, 0.59375, 1.0, 0.15625, 0.90625, 0.25, 0.46875, 0.375, 0.1875, 0.6875, 0.71875, 0.09375, 0.96875]
[TRAIN]: (84/1600): reward: -11.649981796741486, rates: 5.350018119958899, loss: 1.6693120419979095, rho: 0.4000000000000001, transmit_actions: 8, P: [0.6875, 0.375, 1.0, 0.34375, 0.0625, 0.1875, 0.53125, 0.15625, 0.03125, 0.65625, 0.6875, 0.4375, 0.09375, 0.3125, 0.34375, 0.1875, 0.40625, 0.96875, 0.5625, 0.15625]
[TRAIN]: (85/1600): reward: -0.8814371824264526, rates: 11.118562995160149, loss: 1.7202505141496658, rho: 0.4000000000000001, transmit_actions: 10, P: [1.0, 0.71875, 0.0625, 0.46875, 0.28125, 0.4375, 0.90625, 0.59375, 0.4375, 0.4375, 0.96875, 0.3125, 1.0, 0.15625, 0.40625, 0.625, 0.15625, 0.1875, 0.25, 0.0625]
[TRAIN]: (86/1600): reward: -9.714789763092995, rates: 5.285210271684843, loss: 2.078113478422165, rho: 0.4000000000000001, transmit_actions: 5, P: [0.84375, 1.0, 0.15625, 0.21875, 0.9375, 0.21875, 0.75, 0.1875, 0.28125, 0.34375, 0.75, 0.5, 0.59375, 0.125, 0.90625, 0.40625, 0.375, 0.71875, 0.40625, 0.40625]
[TRAIN]: (87/1600): reward: -14.349145203828812, rates: 0.6508547957602482, loss: 1.8689596056938171, rho: 0.4000000000000001, transmit_actions: 9, P: [0.59375, 0.03125, 0.25, 0.46875, 0.09375, 0.59375, 0.34375, 0.5625, 0.25, 0.46875, 0.90625, 0.0, 0.65625, 0.875, 0.84375, 0.46875, 0.40625, 0.3125, 0.125, 0.5]
[TRAIN]: (88/1600): reward: 8.265778243541718, rates: 17.265778372179554, loss: 1.8192276805639267, rho: 0.4000000000000001, transmit_actions: 10, P: [0.5, 0.3125, 0.4375, 0.9375, 0.5625, 0.0, 0.40625, 0.78125, 0.0625, 0.03125, 0.03125, 0.75, 0.5625, 0.15625, 0.15625, 0.8125, 0.125, 1.0, 0.15625, 0.15625]
[TRAIN]: (89/1600): reward: -4.632513325661421, rates: 9.367486619838179, loss: 1.8927230894565583, rho: 0.4000000000000001, transmit_actions: 11, P: [0.0, 0.5625, 0.28125, 0.15625, 0.1875, 0.875, 0.4375, 0.0, 0.875, 0.3125, 0.8125, 0.09375, 0.59375, 0.875, 0.40625, 0.65625, 0.1875, 0.53125, 0.125, 0.0]
[TRAIN]: (90/1600): reward: -4.7092761397361755, rates: 9.290723819772577, loss: 1.8091278791427612, rho: 0.4000000000000001, transmit_actions: 13, P: [0.25, 0.1875, 0.78125, 0.15625, 0.96875, 0.25, 1.0, 0.5625, 0.375, 1.0, 0.5625, 0.34375, 0.65625, 0.90625, 0.46875, 0.03125, 0.40625, 0.8125, 0.375, 0.375]
[TRAIN]: (91/1600): reward: -15.0, rates: 0, loss: 1.8306878209114075, rho: 0.4000000000000001, transmit_actions: 8, P: [0.65625, 0.28125, 0.34375, 0.875, 0.53125, 0.71875, 0.46875, 0.1875, 0.375, 0.0625, 0.78125, 0.59375, 0.625, 0.09375, 0.59375, 0.96875, 0.9375, 0.125, 0.90625, 0.9375]
[TRAIN]: (92/1600): reward: -10.327352702617645, rates: 5.672647253701063, loss: 1.8114533245563507, rho: 0.4000000000000001, transmit_actions: 7, P: [0.0, 0.40625, 0.4375, 0.1875, 0.21875, 0.71875, 0.65625, 0.59375, 0.625, 0.65625, 0.875, 0.65625, 0.625, 0.28125, 0.46875, 0.8125, 0.53125, 0.71875, 0.46875, 0.375]
[TRAIN]: (93/1600): reward: -5.338505160063505, rates: 9.66149454901582, loss: 1.9661356925964355, rho: 0.4000000000000001, transmit_actions: 11, P: [0.4375, 0.09375, 0.5, 0.96875, 0.875, 0.28125, 0.46875, 0.09375, 0.78125, 0.65625, 0.21875, 0.78125, 0.125, 0.5, 0.90625, 0.96875, 0.375, 0.65625, 0.40625, 0.09375]
[TRAIN]: (94/1600): reward: -11.867624163627625, rates: 4.132375851949997, loss: 1.7475104570388793, rho: 0.4000000000000001, transmit_actions: 8, P: [0.03125, 0.8125, 0.46875, 0.125, 0.78125, 0.5, 0.46875, 0.3125, 0.5625, 0.34375, 0.6875, 0.375, 0.875, 0.75, 1.0, 0.1875, 0.5625, 1.0, 0.0625, 0.03125]
[TRAIN]: (95/1600): reward: 0.16224269568920135, rates: 12.162242580410712, loss: 1.7299967288970948, rho: 0.4000000000000001, transmit_actions: 13, P: [0.46875, 0.78125, 0.1875, 0.1875, 1.0, 0.21875, 0.625, 0.6875, 0.8125, 0.84375, 0.84375, 0.53125, 0.9375, 0.21875, 0.6875, 0.125, 0.21875, 0.8125, 0.90625, 0.75]
[TRAIN]: (96/1600): reward: 7.27077454328537, rates: 19.27077438878713, loss: 1.9892509818077087, rho: 0.4000000000000001, transmit_actions: 14, P: [0.625, 0.125, 0.59375, 0.15625, 0.8125, 0.875, 0.125, 0.96875, 0.21875, 0.78125, 0.40625, 0.875, 0.75, 0.875, 0.3125, 0.46875, 0.46875, 0.0625, 0.03125, 0.375]
[TRAIN]: (97/1600): reward: -17.0, rates: 0, loss: 1.7944351792335511, rho: 0.4000000000000001, transmit_actions: 8, P: [0.1875, 0.625, 0.25, 0.1875, 0.96875, 0.40625, 0.625, 0.3125, 0.09375, 0.65625, 0.46875, 0.25, 0.96875, 0.6875, 0.8125, 0.28125, 0.71875, 0.09375, 0.40625, 0.40625]
[TRAIN]: (98/1600): reward: -1.0166049897670746, rates: 11.983394945512593, loss: 1.8364686489105224, rho: 0.4000000000000001, transmit_actions: 14, P: [0.375, 0.53125, 0.65625, 0.78125, 0.4375, 0.15625, 0.03125, 0.625, 0.1875, 0.65625, 0.71875, 0.28125, 0.40625, 0.75, 0.90625, 0.09375, 0.28125, 1.0, 0.625, 0.3125]
[TRAIN]: (99/1600): reward: -9.885062217712402, rates: 4.1149379135941855, loss: 1.9356684744358064, rho: 0.4000000000000001, transmit_actions: 8, P: [0.65625, 0.34375, 0.6875, 0.78125, 0.78125, 0.71875, 0.75, 0.6875, 0.6875, 0.78125, 0.875, 0.09375, 0.21875, 0.375, 0.28125, 0.96875, 0.5625, 0.09375, 0.28125, 0.90625]
[TRAIN]: (100/1600): reward: -3.091698497533798, rates: 8.908301558311578, loss: 1.9124318540096283, rho: 0.4000000000000001, transmit_actions: 9, P: [0.8125, 0.65625, 0.875, 0.53125, 0.03125, 0.90625, 0.65625, 0.875, 0.46875, 0.28125, 0.90625, 0.875, 0.34375, 0.15625, 0.03125, 0.34375, 0.0625, 0.25, 0.53125, 0.875]
[TRAIN]: (101/1600): reward: -5.3689698949456215, rates: 9.63102997327814, loss: 1.6772428423166275, rho: 0.4000000000000001, transmit_actions: 11, P: [0.84375, 0.3125, 0.375, 0.625, 0.4375, 0.03125, 0.96875, 0.90625, 0.53125, 0.0, 0.0, 0.40625, 0.5625, 0.59375, 0.15625, 0.78125, 0.03125, 0.96875, 0.5625, 0.03125]
[TRAIN]: (102/1600): reward: 7.075417518615723, rates: 17.07541760131128, loss: 1.8031550347805023, rho: 0.4000000000000001, transmit_actions: 7, P: [0.4375, 0.90625, 0.84375, 0.875, 0.90625, 0.6875, 0.9375, 0.375, 0.625, 0.96875, 0.28125, 0.78125, 0.25, 0.0625, 0.65625, 0.0625, 0.3125, 0.8125, 0.0625, 0.03125]
[TRAIN]: (103/1600): reward: -9.116031140089035, rates: 6.883969045882519, loss: 1.8208815515041352, rho: 0.4000000000000001, transmit_actions: 7, P: [0.6875, 0.125, 0.15625, 0.46875, 0.6875, 0.53125, 0.0, 0.40625, 0.625, 0.53125, 0.6875, 0.5625, 0.90625, 0.59375, 0.84375, 0.53125, 0.125, 0.5, 0.71875, 0.65625]
[TRAIN]: (104/1600): reward: -12.950565412640572, rates: 0.049434586073017185, loss: 1.8441881775856017, rho: 0.4000000000000001, transmit_actions: 11, P: [0.46875, 0.3125, 0.28125, 0.0, 1.0, 0.59375, 0.9375, 0.6875, 0.4375, 0.1875, 0.59375, 0.53125, 0.5, 0.03125, 0.90625, 1.0, 0.59375, 0.0625, 0.96875, 1.0]
[TRAIN]: (105/1600): reward: -8.315696686506271, rates: 5.684303470578071, loss: 1.8584193468093873, rho: 0.4000000000000001, transmit_actions: 10, P: [0.6875, 0.28125, 0.5, 0.40625, 0.1875, 0.1875, 0.78125, 0.15625, 0.625, 0.125, 0.75, 0.6875, 0.96875, 0.6875, 0.9375, 0.28125, 0.25, 0.0625, 0.9375, 0.5]
[TRAIN]: (106/1600): reward: -9.64036799967289, rates: 4.359632123451971, loss: 1.8542004585266114, rho: 0.4000000000000001, transmit_actions: 13, P: [0.84375, 0.34375, 0.96875, 0.03125, 0.0625, 0.40625, 0.6875, 0.15625, 0.15625, 0.96875, 0.0625, 0.21875, 0.84375, 0.8125, 0.71875, 1.0, 1.0, 0.0625, 0.84375, 0.5625]
[TRAIN]: (107/1600): reward: -13.81257758103311, rates: 0.18742242041105717, loss: 1.6610279023647307, rho: 0.4000000000000001, transmit_actions: 9, P: [0.25, 0.8125, 0.8125, 0.4375, 0.90625, 0.65625, 0.4375, 0.25, 0.875, 0.09375, 0.71875, 0.46875, 0.625, 0.78125, 1.0, 0.53125, 0.28125, 0.1875, 1.0, 0.125]
[TRAIN]: (108/1600): reward: -8.789254665374756, rates: 5.2107455658923945, loss: 1.6803669333457947, rho: 0.4000000000000001, transmit_actions: 4, P: [0.75, 0.6875, 0.90625, 0.59375, 0.84375, 0.46875, 0.15625, 0.46875, 0.4375, 0.78125, 0.90625, 0.15625, 0.3125, 0.34375, 0.53125, 0.65625, 0.84375, 0.96875, 0.4375, 0.875]
[TRAIN]: (109/1600): reward: -9.869584035128355, rates: 4.130415740552584, loss: 1.8670658469200134, rho: 0.4000000000000001, transmit_actions: 11, P: [0.25, 0.84375, 0.3125, 0.59375, 0.96875, 0.03125, 0.46875, 0.09375, 0.375, 0.8125, 0.5, 0.09375, 0.09375, 0.96875, 0.1875, 0.21875, 0.6875, 0.21875, 0.21875, 0.0625]
[TRAIN]: (110/1600): reward: -6.863632619380951, rates: 4.136367383895434, loss: 1.7147330909967422, rho: 0.4000000000000001, transmit_actions: 8, P: [0.0625, 0.9375, 0.71875, 0.40625, 0.75, 0.375, 0.40625, 0.6875, 0.8125, 0.78125, 0.375, 0.53125, 0.59375, 0.875, 0.59375, 1.0, 0.1875, 0.0625, 0.3125, 0.75]
[TRAIN]: (111/1600): reward: -6.300434231758118, rates: 8.699565571443568, loss: 1.6407291889190674, rho: 0.4000000000000001, transmit_actions: 12, P: [0.0, 0.0625, 0.125, 0.71875, 0.78125, 0.0, 0.40625, 0.71875, 0.25, 0.46875, 0.4375, 0.40625, 0.71875, 0.1875, 0.40625, 0.125, 0.84375, 0.6875, 0.78125, 0.09375]
[TRAIN]: (112/1600): reward: -8.692712539806962, rates: 5.307287632447942, loss: 1.6249069571495056, rho: 0.4000000000000001, transmit_actions: 9, P: [0.53125, 0.40625, 0.96875, 0.03125, 0.0, 0.59375, 0.75, 0.9375, 0.625, 0.0, 0.5, 0.8125, 0.5, 0.46875, 0.15625, 0.125, 0.65625, 0.0625, 1.0, 0.25]
[TRAIN]: (113/1600): reward: -5.198369741439819, rates: 7.801630339448398, loss: 1.8883169770240784, rho: 0.4000000000000001, transmit_actions: 8, P: [0.375, 0.46875, 0.875, 0.90625, 0.65625, 0.25, 0.125, 0.0, 0.21875, 0.65625, 0.90625, 0.0625, 0.0625, 0.8125, 0.96875, 0.75, 0.65625, 0.40625, 0.375, 0.0625]
[TRAIN]: (114/1600): reward: -0.9641590714454651, rates: 12.03584091160581, loss: 1.717655563354492, rho: 0.4000000000000001, transmit_actions: 13, P: [0.75, 0.1875, 0.78125, 0.3125, 0.03125, 0.1875, 0.53125, 0.71875, 0.625, 0.6875, 0.5, 0.03125, 0.03125, 0.90625, 0.59375, 0.75, 0.90625, 0.9375, 0.28125, 0.0625]
[TRAIN]: (115/1600): reward: -14.0, rates: 0, loss: 1.7428433299064636, rho: 0.4000000000000001, transmit_actions: 7, P: [1.0, 0.5, 0.40625, 0.875, 0.96875, 0.625, 0.84375, 0.96875, 0.03125, 0.53125, 0.40625, 0.25, 0.5, 0.5, 0.5, 0.65625, 0.8125, 0.65625, 0.40625, 0.9375]
[TRAIN]: (116/1600): reward: -15.660546004772186, rates: 0.33945400993108726, loss: 2.0173188209533692, rho: 0.4000000000000001, transmit_actions: 12, P: [0.84375, 0.1875, 0.59375, 0.90625, 0.375, 0.1875, 0.5625, 0.8125, 0.40625, 0.375, 1.0, 0.5, 0.3125, 0.40625, 0.78125, 0.71875, 0.6875, 0.75, 0.78125, 0.28125]
[TRAIN]: (117/1600): reward: -1.0136274471879005, rates: 11.986372496066881, loss: 1.737852156162262, rho: 0.4000000000000001, transmit_actions: 13, P: [0.875, 0.53125, 0.40625, 0.84375, 0.28125, 0.65625, 0.03125, 0.0625, 0.84375, 0.5, 0.0, 0.65625, 0.0, 0.15625, 0.375, 0.21875, 0.71875, 0.65625, 0.53125, 0.78125]
[TRAIN]: (118/1600): reward: -0.3997159004211426, rates: 11.60028401206987, loss: 1.747729742527008, rho: 0.4000000000000001, transmit_actions: 9, P: [1.0, 0.28125, 0.0, 0.03125, 0.84375, 0.90625, 0.40625, 0.21875, 0.71875, 0.1875, 1.0, 0.53125, 0.5, 0.78125, 1.0, 0.90625, 0.15625, 0.28125, 0.4375, 0.71875]
[TRAIN]: (119/1600): reward: -8.007234374061227, rates: 4.992765389848553, loss: 1.9487609326839448, rho: 0.4000000000000001, transmit_actions: 12, P: [0.71875, 0.90625, 0.03125, 1.0, 0.84375, 0.09375, 0.28125, 0.5, 0.875, 0.59375, 0.625, 0.78125, 0.875, 0.6875, 0.15625, 0.46875, 0.3125, 0.1875, 0.84375, 0.4375]
[TRAIN]: (120/1600): reward: -2.3455933779478073, rates: 10.654407043993569, loss: 1.776697224378586, rho: 0.4000000000000001, transmit_actions: 10, P: [0.125, 0.625, 0.09375, 0.15625, 0.40625, 0.90625, 0.25, 0.15625, 0.8125, 0.9375, 0.40625, 0.46875, 0.4375, 0.8125, 0.46875, 0.65625, 0.09375, 0.5625, 0.28125, 0.375]
[TRAIN]: (121/1600): reward: -10.589019291102886, rates: 5.410980505153894, loss: 1.801146525144577, rho: 0.4000000000000001, transmit_actions: 10, P: [0.21875, 0.84375, 0.6875, 0.75, 0.96875, 0.625, 0.375, 0.1875, 1.0, 0.0625, 0.71875, 0.125, 0.8125, 0.46875, 0.71875, 0.4375, 0.625, 0.90625, 0.9375, 0.40625]
[TRAIN]: (122/1600): reward: 1.3458327949047089, rates: 11.345833027902685, loss: 1.890705305337906, rho: 0.4000000000000001, transmit_actions: 11, P: [0.84375, 0.15625, 0.59375, 0.1875, 0.1875, 0.96875, 0.8125, 0.21875, 0.0625, 0.40625, 0.65625, 0.34375, 0.09375, 0.5625, 0.65625, 0.3125, 0.5, 0.0625, 0.15625, 0.0]
[TRAIN]: (123/1600): reward: -10.93012523651123, rates: 5.06987492141037, loss: 1.720092588663101, rho: 0.4000000000000001, transmit_actions: 8, P: [0.53125, 0.9375, 0.0, 0.5, 0.375, 0.3125, 0.90625, 0.40625, 0.5625, 0.84375, 0.03125, 0.40625, 0.59375, 0.15625, 0.1875, 0.0, 0.5625, 0.6875, 1.0, 0.53125]
[TRAIN]: (124/1600): reward: -10.962629936635494, rates: 1.0373700619311452, loss: 1.689015406370163, rho: 0.4000000000000001, transmit_actions: 9, P: [0.875, 0.5, 0.3125, 0.5625, 0.125, 0.65625, 0.46875, 1.0, 0.28125, 0.96875, 0.40625, 0.03125, 1.0, 0.40625, 1.0, 0.625, 0.59375, 0.625, 0.3125, 0.9375]
[TRAIN]: (125/1600): reward: -6.849197149276733, rates: 8.150802905590858, loss: 1.8646879732608794, rho: 0.4000000000000001, transmit_actions: 13, P: [0.8125, 0.28125, 0.71875, 0.75, 0.5625, 0.125, 0.9375, 0.84375, 0.03125, 0.9375, 1.0, 0.5625, 0.34375, 0.875, 1.0, 0.0, 0.28125, 0.0625, 0.15625, 0.5]
[TRAIN]: (126/1600): reward: -6.582604184746742, rates: 4.417395908959939, loss: 1.664869922399521, rho: 0.4000000000000001, transmit_actions: 9, P: [0.28125, 0.53125, 0.03125, 0.1875, 0.9375, 0.4375, 0.09375, 0.96875, 0.84375, 0.03125, 0.40625, 0.90625, 0.75, 0.34375, 0.4375, 0.0, 0.90625, 0.40625, 0.53125, 0.03125]
[TRAIN]: (127/1600): reward: -5.003937169909477, rates: 9.996062817360428, loss: 1.7435598373413086, rho: 0.4000000000000001, transmit_actions: 7, P: [0.3125, 0.03125, 0.4375, 0.71875, 0.0, 0.21875, 0.78125, 0.875, 0.25, 0.5, 0.15625, 0.90625, 0.75, 0.0625, 0.5625, 0.75, 0.53125, 0.0625, 0.25, 0.1875]
[TRAIN]: (128/1600): reward: -1.975801706314087, rates: 10.024198417443417, loss: 1.8448700845241546, rho: 0.4000000000000001, transmit_actions: 6, P: [0.09375, 0.96875, 0.65625, 0.40625, 0.5625, 0.0, 0.21875, 0.9375, 0.34375, 0.90625, 0.375, 0.75, 0.65625, 0.03125, 0.40625, 0.125, 1.0, 0.9375, 0.03125, 0.15625]
[TRAIN]: (129/1600): reward: -1.2427320517599583, rates: 11.757268187380987, loss: 1.8694137334823608, rho: 0.4000000000000001, transmit_actions: 12, P: [0.4375, 0.40625, 0.875, 0.375, 0.59375, 0.71875, 0.03125, 0.78125, 0.46875, 0.09375, 0.53125, 0.34375, 0.34375, 0.90625, 0.8125, 0.625, 0.21875, 0.15625, 0.75, 0.6875]
[TRAIN]: (130/1600): reward: 12.515219122171402, rates: 22.51521923657059, loss: 1.6707629173994065, rho: 0.4000000000000001, transmit_actions: 12, P: [0.34375, 0.78125, 0.90625, 0.5, 0.0625, 0.5, 0.46875, 0.59375, 0.09375, 0.40625, 0.1875, 0.03125, 0.09375, 0.53125, 0.9375, 0.3125, 0.3125, 0.9375, 0.25, 0.78125]
[TRAIN]: (131/1600): reward: -7.444850325584412, rates: 7.555149507699788, loss: 1.704770565032959, rho: 0.4000000000000001, transmit_actions: 9, P: [0.78125, 0.21875, 0.71875, 0.21875, 0.25, 0.25, 0.875, 0.21875, 0.9375, 0.5625, 0.03125, 0.0625, 0.8125, 0.03125, 0.34375, 0.1875, 0.8125, 0.28125, 0.34375, 0.5]
[TRAIN]: (132/1600): reward: 16.91811180114746, rates: 27.9181118654678, loss: 1.8603978991508483, rho: 0.4000000000000001, transmit_actions: 15, P: [0.78125, 0.09375, 0.75, 0.78125, 0.5625, 0.46875, 0.1875, 0.4375, 0.625, 0.15625, 1.0, 0.15625, 0.5, 0.25, 0.8125, 0.25, 0.5625, 0.71875, 0.125, 0.9375]
[TRAIN]: (133/1600): reward: -11.899774309247732, rates: 3.1002257854344686, loss: 1.8801017343997954, rho: 0.4000000000000001, transmit_actions: 13, P: [0.53125, 0.0625, 0.71875, 0.0, 0.71875, 0.3125, 0.78125, 0.5625, 0.78125, 0.03125, 0.4375, 0.09375, 0.59375, 0.71875, 0.4375, 0.0, 0.71875, 0.65625, 0.59375, 0.6875]
[TRAIN]: (134/1600): reward: -3.979798510670662, rates: 9.02020147642096, loss: 1.8773963272571563, rho: 0.4000000000000001, transmit_actions: 9, P: [0.40625, 0.6875, 0.0625, 0.3125, 0.09375, 0.75, 0.9375, 0.90625, 0.40625, 0.59375, 0.4375, 0.40625, 0.40625, 0.25, 1.0, 0.375, 0.46875, 0.03125, 0.96875, 0.90625]
[TRAIN]: (135/1600): reward: -4.559707224369049, rates: 9.440292577982607, loss: 1.8942481398582458, rho: 0.4000000000000001, transmit_actions: 13, P: [0.09375, 0.6875, 0.75, 0.1875, 0.34375, 0.9375, 0.125, 0.75, 0.15625, 0.25, 0.71875, 0.5, 0.5625, 0.40625, 0.5, 0.375, 0.90625, 0.96875, 0.03125, 0.53125]
[TRAIN]: (136/1600): reward: -9.33526462316513, rates: 5.664735384721294, loss: 1.7683698952198028, rho: 0.4000000000000001, transmit_actions: 12, P: [0.125, 0.0, 0.8125, 0.46875, 0.96875, 0.65625, 0.5625, 0.3125, 0.8125, 0.6875, 1.0, 0.78125, 0.15625, 0.15625, 0.65625, 0.71875, 0.875, 0.03125, 0.84375, 0.53125]
[TRAIN]: (137/1600): reward: 2.113130221143365, rates: 16.11313029471793, loss: 1.9501386404037475, rho: 0.4000000000000001, transmit_actions: 13, P: [0.0625, 0.3125, 0.4375, 0.8125, 0.75, 0.4375, 0.03125, 0.0625, 0.3125, 0.28125, 0.53125, 0.1875, 0.21875, 0.21875, 0.5, 0.71875, 0.25, 0.84375, 0.3125, 0.0625]
[TRAIN]: (138/1600): reward: -14.648173600435257, rates: 1.351826424206773, loss: 1.910566407442093, rho: 0.4000000000000001, transmit_actions: 14, P: [0.0625, 0.5, 0.125, 0.78125, 0.1875, 0.75, 0.6875, 1.0, 0.71875, 0.34375, 0.9375, 0.8125, 0.875, 0.84375, 0.84375, 0.09375, 1.0, 0.8125, 0.8125, 0.5]
[TRAIN]: (139/1600): reward: -9.881004810333252, rates: 5.118995268968143, loss: 1.868112713098526, rho: 0.4000000000000001, transmit_actions: 10, P: [1.0, 0.96875, 0.6875, 0.15625, 0.375, 0.34375, 0.75, 0.40625, 0.40625, 0.53125, 0.21875, 1.0, 0.46875, 0.9375, 0.15625, 0.15625, 0.5625, 0.1875, 0.96875, 1.0]
[TRAIN]: (140/1600): reward: 10.328214406967163, rates: 24.32821440677011, loss: 1.8578108489513396, rho: 0.4000000000000001, transmit_actions: 12, P: [0.1875, 0.34375, 0.6875, 0.46875, 0.28125, 0.34375, 0.8125, 0.84375, 1.0, 0.0625, 0.0625, 0.09375, 0.4375, 0.78125, 0.125, 0.71875, 0.46875, 0.21875, 0.8125, 0.21875]
[TRAIN]: (141/1600): reward: -10.831359326839447, rates: 5.168640641564766, loss: 1.7803535550832748, rho: 0.4000000000000001, transmit_actions: 9, P: [0.34375, 0.40625, 0.65625, 0.21875, 0.96875, 0.125, 0.15625, 0.28125, 0.3125, 0.375, 0.84375, 0.6875, 0.375, 0.65625, 0.15625, 0.0625, 0.09375, 0.9375, 0.65625, 0.1875]
[TRAIN]: (142/1600): reward: 3.042942613363266, rates: 13.042942416767918, loss: 1.7779261589050293, rho: 0.4000000000000001, transmit_actions: 11, P: [0.84375, 0.65625, 0.90625, 0.46875, 0.53125, 0.1875, 0.25, 0.46875, 0.0, 0.375, 0.59375, 1.0, 0.59375, 0.75, 0.28125, 0.625, 0.59375, 0.34375, 0.0, 0.96875]
[TRAIN]: (143/1600): reward: -3.1866023801267147, rates: 6.813397534795435, loss: 1.8878187775611877, rho: 0.4000000000000001, transmit_actions: 10, P: [0.59375, 0.96875, 0.09375, 0.6875, 0.65625, 0.03125, 0.0, 0.90625, 0.25, 0.90625, 0.5625, 0.84375, 0.1875, 0.625, 0.65625, 0.03125, 0.6875, 0.71875, 0.46875, 0.59375]
[TRAIN]: (144/1600): reward: -4.648387551307678, rates: 9.351612369223984, loss: 1.836336648464203, rho: 0.4000000000000001, transmit_actions: 8, P: [0.59375, 0.625, 0.0, 0.1875, 0.375, 0.6875, 0.59375, 0.15625, 0.28125, 0.90625, 0.40625, 0.1875, 0.25, 0.03125, 0.9375, 0.53125, 0.125, 0.65625, 0.3125, 0.96875]
[TRAIN]: (145/1600): reward: -7.726183598861098, rates: 5.273816543347055, loss: 1.8190368711948395, rho: 0.4000000000000001, transmit_actions: 9, P: [0.0625, 0.5, 0.0, 0.0625, 0.84375, 0.09375, 0.15625, 0.15625, 0.65625, 0.9375, 0.09375, 0.15625, 0.0625, 0.65625, 0.875, 0.21875, 0.5625, 0.1875, 0.3125, 0.71875]
[TRAIN]: (146/1600): reward: 10.990672692656517, rates: 20.990672046419625, loss: 1.6696116745471954, rho: 0.4000000000000001, transmit_actions: 11, P: [0.9375, 0.84375, 0.84375, 0.03125, 0.34375, 0.9375, 0.09375, 0.53125, 0.34375, 0.6875, 0.75, 0.78125, 0.28125, 0.09375, 0.53125, 0.875, 0.4375, 0.71875, 0.9375, 0.03125]
[TRAIN]: (147/1600): reward: -10.287500381469727, rates: 5.712499824243566, loss: 1.691814324259758, rho: 0.4000000000000001, transmit_actions: 9, P: [0.28125, 0.5, 0.3125, 0.8125, 0.65625, 0.0, 0.46875, 0.90625, 0.5625, 0.9375, 0.4375, 0.59375, 0.3125, 0.4375, 0.8125, 0.8125, 0.59375, 0.3125, 0.0, 0.46875]
[TRAIN]: (148/1600): reward: -8.951206684112549, rates: 5.048793389677416, loss: 1.7939686894416809, rho: 0.4000000000000001, transmit_actions: 9, P: [0.90625, 0.25, 0.625, 0.84375, 0.625, 0.75, 0.4375, 0.8125, 0.875, 0.34375, 0.78125, 0.3125, 0.5, 0.84375, 0.75, 0.09375, 0.375, 0.5, 0.9375, 0.6875]
[TRAIN]: (149/1600): reward: 7.178598318248987, rates: 18.178598266424284, loss: 1.802526241540909, rho: 0.4000000000000001, transmit_actions: 12, P: [1.0, 0.0, 0.75, 0.0625, 0.90625, 0.5, 1.0, 0.4375, 0.65625, 0.65625, 0.40625, 0.71875, 0.46875, 0.09375, 0.21875, 0.34375, 0.40625, 1.0, 0.34375, 0.8125]
[TRAIN]: (150/1600): reward: -10.376074314117432, rates: 4.62392583722119, loss: 1.8673171997070312, rho: 0.4000000000000001, transmit_actions: 9, P: [0.46875, 0.625, 0.3125, 0.3125, 0.40625, 0.5625, 0.875, 0.96875, 0.4375, 0.21875, 0.5, 0.375, 0.625, 0.6875, 0.1875, 0.9375, 0.34375, 0.34375, 0.625, 0.6875]
[TRAIN]: (151/1600): reward: -12.116223767399788, rates: 4.883776191774001, loss: 1.7478524327278138, rho: 0.4000000000000001, transmit_actions: 10, P: [0.65625, 0.75, 0.28125, 0.375, 0.28125, 0.53125, 0.5, 0.5625, 0.625, 0.5, 0.46875, 0.8125, 0.59375, 0.125, 0.9375, 0.375, 0.8125, 0.09375, 0.375, 0.40625]
[TRAIN]: (152/1600): reward: -7.931009836494923, rates: 6.068990078866444, loss: 1.9196384310722352, rho: 0.4000000000000001, transmit_actions: 14, P: [0.5, 0.90625, 0.53125, 0.09375, 0.03125, 0.34375, 0.71875, 0.375, 0.125, 0.25, 1.0, 0.53125, 0.75, 0.90625, 0.21875, 0.21875, 1.0, 0.375, 0.4375, 1.0]
[TRAIN]: (153/1600): reward: 8.78365182876587, rates: 18.783651647621234, loss: 1.6970158874988557, rho: 0.4000000000000001, transmit_actions: 11, P: [0.0625, 0.75, 0.4375, 0.1875, 0.0625, 0.65625, 0.40625, 0.1875, 0.9375, 0.25, 0.0, 0.78125, 0.15625, 0.90625, 0.28125, 1.0, 0.25, 0.15625, 0.25, 0.9375]
[TRAIN]: (154/1600): reward: -1.8477767705917358, rates: 12.152223245157888, loss: 1.59853495657444, rho: 0.4000000000000001, transmit_actions: 12, P: [0.34375, 0.875, 0.21875, 0.28125, 0.3125, 0.4375, 0.53125, 0.21875, 0.9375, 0.46875, 0.59375, 0.09375, 0.46875, 0.0625, 0.25, 0.34375, 0.28125, 0.96875, 0.59375, 0.8125]
[TRAIN]: (155/1600): reward: -13.538363218307495, rates: 3.461636763335763, loss: 1.802285060286522, rho: 0.4000000000000001, transmit_actions: 10, P: [0.78125, 0.40625, 0.25, 0.1875, 0.96875, 0.34375, 0.6875, 0.65625, 0.34375, 0.84375, 0.65625, 0.84375, 0.8125, 0.21875, 0.03125, 0.25, 0.84375, 0.09375, 0.4375, 0.25]
[TRAIN]: (156/1600): reward: -8.885968074202538, rates: 5.1140320358161055, loss: 1.931622278690338, rho: 0.4000000000000001, transmit_actions: 9, P: [0.1875, 0.375, 0.625, 0.03125, 0.0625, 0.28125, 0.6875, 0.5, 0.5625, 0.21875, 0.9375, 0.1875, 0.625, 0.3125, 0.75, 0.59375, 0.0, 0.8125, 0.8125, 0.0]
[TRAIN]: (157/1600): reward: -0.009073257446289062, rates: 12.99092685057397, loss: 1.7741485595703126, rho: 0.4000000000000001, transmit_actions: 12, P: [0.75, 0.5, 0.90625, 0.03125, 0.90625, 0.15625, 0.65625, 0.625, 0.625, 0.4375, 0.15625, 0.0625, 0.90625, 0.46875, 0.8125, 0.4375, 0.9375, 0.0625, 0.0625, 0.875]
[TRAIN]: (158/1600): reward: -14.954773150384426, rates: 0.045226850035317616, loss: 1.7734101355075835, rho: 0.4000000000000001, transmit_actions: 9, P: [0.71875, 0.5, 0.15625, 0.46875, 0.3125, 0.21875, 0.0625, 0.5625, 0.75, 1.0, 0.96875, 0.5625, 0.59375, 0.46875, 0.9375, 0.125, 0.4375, 0.0625, 0.46875, 0.40625]
[TRAIN]: (159/1600): reward: -9.648994415998459, rates: 5.351005392363553, loss: 1.6557035207748414, rho: 0.4000000000000001, transmit_actions: 11, P: [1.0, 0.5625, 0.125, 0.625, 0.65625, 0.71875, 0.25, 0.4375, 0.28125, 0.625, 0.71875, 0.75, 0.875, 0.84375, 0.4375, 0.03125, 0.75, 0.3125, 0.1875, 0.4375]
[TRAIN]: (160/1600): reward: -3.835140824317932, rates: 7.164859225508321, loss: 1.6533134162425995, rho: 0.4000000000000001, transmit_actions: 10, P: [0.125, 1.0, 0.28125, 0.84375, 0.6875, 0.59375, 0.71875, 0.1875, 0.375, 0.65625, 0.84375, 0.5625, 0.25, 0.78125, 0.25, 0.59375, 0.71875, 0.09375, 0.9375, 0.0]
[TRAIN]: (161/1600): reward: -4.841317176818848, rates: 6.158682842788989, loss: 1.7819090008735656, rho: 0.4000000000000001, transmit_actions: 9, P: [0.15625, 0.25, 0.75, 0.75, 0.96875, 0.5625, 0.75, 0.84375, 0.71875, 0.59375, 0.03125, 0.84375, 0.4375, 1.0, 0.09375, 0.71875, 0.71875, 0.9375, 0.90625, 0.875]
[TRAIN]: (162/1600): reward: -15.0, rates: 0, loss: 1.7294534593820572, rho: 0.4000000000000001, transmit_actions: 7, P: [0.09375, 0.15625, 0.65625, 0.28125, 0.40625, 0.375, 0.9375, 0.90625, 0.6875, 0.21875, 1.0, 0.96875, 0.46875, 0.28125, 0.625, 0.78125, 0.0, 0.875, 0.21875, 0.8125]
[TRAIN]: (163/1600): reward: 1.9510297179222107, rates: 14.951029361637971, loss: 1.771295964717865, rho: 0.4000000000000001, transmit_actions: 12, P: [0.59375, 0.53125, 0.9375, 0.6875, 0.96875, 0.4375, 0.6875, 0.4375, 0.5625, 0.28125, 0.40625, 0.84375, 0.28125, 0.625, 0.5, 0.03125, 0.375, 0.15625, 0.21875, 0.375]
[TRAIN]: (164/1600): reward: -11.695532947778702, rates: 1.304467038953783, loss: 1.7983349502086639, rho: 0.4000000000000001, transmit_actions: 6, P: [0.03125, 0.25, 0.09375, 1.0, 0.40625, 0.71875, 0.4375, 0.71875, 0.53125, 0.09375, 0.21875, 0.90625, 0.1875, 0.46875, 0.8125, 0.78125, 0.8125, 0.5, 0.09375, 0.1875]
[TRAIN]: (165/1600): reward: 10.85447745025158, rates: 17.854477557103564, loss: 1.5922835648059845, rho: 0.4000000000000001, transmit_actions: 11, P: [0.9375, 0.90625, 0.03125, 0.1875, 0.03125, 0.25, 0.53125, 0.1875, 0.59375, 0.0625, 0.15625, 0.5625, 0.0, 0.125, 0.40625, 0.65625, 0.25, 0.84375, 0.0625, 0.0]
[TRAIN]: (166/1600): reward: -7.884174168109894, rates: 8.115826015451278, loss: 1.5827757507562636, rho: 0.4000000000000001, transmit_actions: 10, P: [0.96875, 0.03125, 0.5625, 0.46875, 0.0625, 0.3125, 0.21875, 0.625, 0.5, 0.65625, 0.03125, 0.28125, 0.59375, 0.34375, 0.59375, 1.0, 0.0625, 0.4375, 0.21875, 0.8125]
[TRAIN]: (167/1600): reward: -8.458351388573647, rates: 5.5416483816436575, loss: 1.7603159308433534, rho: 0.4000000000000001, transmit_actions: 7, P: [0.3125, 0.03125, 0.96875, 0.25, 0.875, 0.90625, 0.46875, 0.5625, 0.8125, 0.53125, 0.46875, 0.40625, 0.78125, 0.5, 0.6875, 0.46875, 0.3125, 0.1875, 0.25, 0.40625]
[TRAIN]: (168/1600): reward: -13.737718343734741, rates: 0.26228166898043964, loss: 2.109802758693695, rho: 0.4000000000000001, transmit_actions: 9, P: [0.75, 0.75, 0.5, 0.125, 0.09375, 0.84375, 0.25, 0.09375, 0.75, 0.96875, 0.875, 0.3125, 0.78125, 0.75, 0.375, 0.875, 0.875, 0.6875, 0.65625, 0.71875]
[TRAIN]: (169/1600): reward: 3.274177074432373, rates: 15.274177067581668, loss: 1.8683899641036987, rho: 0.4000000000000001, transmit_actions: 9, P: [0.65625, 0.875, 0.9375, 0.875, 0.53125, 0.96875, 0.125, 0.09375, 0.5, 0.46875, 0.5625, 0.0625, 0.84375, 0.84375, 0.6875, 0.9375, 0.59375, 0.1875, 0.53125, 0.3125]
[TRAIN]: (170/1600): reward: -5.1706755347549915, rates: 9.829324363031416, loss: 1.7845069020986557, rho: 0.4000000000000001, transmit_actions: 10, P: [0.4375, 0.0625, 0.71875, 0.09375, 0.5625, 0.375, 0.84375, 0.59375, 0.40625, 0.34375, 0.84375, 0.0625, 0.34375, 0.25, 0.03125, 1.0, 0.375, 0.125, 0.65625, 0.46875]
[TRAIN]: (171/1600): reward: 1.0020103603601456, rates: 13.002009902337011, loss: 1.6710080355405807, rho: 0.4000000000000001, transmit_actions: 8, P: [0.25, 0.84375, 0.6875, 0.84375, 0.65625, 0.6875, 0.5625, 0.125, 0.03125, 0.25, 0.125, 0.6875, 0.90625, 0.40625, 0.625, 1.0, 0.21875, 0.625, 0.40625, 0.03125]
[TRAIN]: (172/1600): reward: -0.9057909250259399, rates: 12.094209415955625, loss: 1.7621217668056488, rho: 0.4000000000000001, transmit_actions: 11, P: [0.375, 0.9375, 0.28125, 0.625, 0.875, 0.25, 0.28125, 0.1875, 0.71875, 0.75, 0.84375, 0.15625, 1.0, 0.78125, 0.3125, 0.5, 0.0, 0.71875, 0.28125, 0.53125]
[TRAIN]: (173/1600): reward: -7.34050190448761, rates: 6.659498049286516, loss: 1.668533319234848, rho: 0.4000000000000001, transmit_actions: 7, P: [0.78125, 0.25, 0.40625, 0.5625, 0.28125, 0.59375, 0.34375, 0.5, 0.5, 0.6875, 0.625, 0.46875, 0.0, 0.21875, 0.78125, 0.53125, 0.53125, 0.90625, 0.03125, 0.03125]
[TRAIN]: (174/1600): reward: 0.8876320868730545, rates: 12.887632223716235, loss: 1.690056723356247, rho: 0.4000000000000001, transmit_actions: 13, P: [0.25, 0.09375, 0.28125, 0.875, 0.71875, 0.125, 0.96875, 0.53125, 0.3125, 1.0, 0.96875, 0.09375, 0.59375, 0.9375, 0.03125, 0.625, 0.375, 0.40625, 0.5625, 0.25]
[TRAIN]: (175/1600): reward: -9.14622974395752, rates: 5.853770034545138, loss: 1.6812081396579743, rho: 0.4000000000000001, transmit_actions: 13, P: [0.5, 1.0, 0.84375, 0.8125, 0.78125, 0.75, 0.78125, 0.53125, 1.0, 0.8125, 0.09375, 0.71875, 0.5625, 0.25, 0.15625, 0.3125, 0.84375, 0.90625, 0.71875, 0.28125]
[TRAIN]: (176/1600): reward: 2.5613365173339844, rates: 14.561336885012604, loss: 1.6831290304660798, rho: 0.4000000000000001, transmit_actions: 7, P: [0.25, 0.0625, 0.5625, 0.53125, 0.1875, 0.5625, 0.6875, 0.875, 0.71875, 0.96875, 0.84375, 0.03125, 0.09375, 0.15625, 0.65625, 0.5, 0.15625, 0.3125, 0.375, 0.875]
[TRAIN]: (177/1600): reward: -14.582305192947388, rates: 1.4176948609418376, loss: 1.6931731283664704, rho: 0.4000000000000001, transmit_actions: 10, P: [0.8125, 0.03125, 0.375, 0.5, 0.1875, 0.3125, 0.125, 0.625, 0.59375, 0.625, 0.875, 0.65625, 0.65625, 0.53125, 0.3125, 0.6875, 0.53125, 0.8125, 0.65625, 0.8125]
[TRAIN]: (178/1600): reward: -10.920817613601685, rates: 3.079182374897582, loss: 1.6430021673440933, rho: 0.4000000000000001, transmit_actions: 9, P: [0.65625, 1.0, 0.46875, 0.9375, 0.9375, 0.6875, 0.25, 0.46875, 0.75, 0.625, 0.6875, 0.875, 0.46875, 0.03125, 0.875, 0.40625, 0.75, 0.34375, 0.25, 0.875]
[TRAIN]: (179/1600): reward: 0.3285541236400604, rates: 9.328554123315435, loss: 1.7649088263511659, rho: 0.4000000000000001, transmit_actions: 10, P: [0.53125, 0.40625, 0.4375, 0.875, 0.0, 0.21875, 0.96875, 0.34375, 0.34375, 0.25, 0.15625, 0.75, 0.5, 0.375, 0.5, 0.96875, 0.90625, 0.0625, 0.03125, 0.3125]
[TRAIN]: (180/1600): reward: -7.051385387778282, rates: 5.948614363204422, loss: 1.6382823288440704, rho: 0.4000000000000001, transmit_actions: 10, P: [0.71875, 0.6875, 0.09375, 0.0625, 0.3125, 0.375, 0.625, 0.59375, 0.96875, 0.15625, 0.96875, 0.3125, 0.90625, 0.78125, 1.0, 0.3125, 0.40625, 0.75, 0.6875, 0.125]
[TRAIN]: (181/1600): reward: -4.909687176346779, rates: 9.090312754334633, loss: 1.7174470484256745, rho: 0.4000000000000001, transmit_actions: 11, P: [0.3125, 0.625, 0.84375, 0.40625, 0.375, 0.75, 0.09375, 0.4375, 0.28125, 0.96875, 0.4375, 0.0, 0.375, 0.40625, 0.59375, 0.6875, 0.625, 1.0, 0.53125, 0.59375]
[TRAIN]: (182/1600): reward: 3.400871753692627, rates: 15.400871776746271, loss: 1.6758488357067107, rho: 0.4000000000000001, transmit_actions: 10, P: [0.21875, 0.59375, 0.0, 0.125, 1.0, 0.75, 0.21875, 0.6875, 0.78125, 0.15625, 0.0, 0.65625, 0.5, 0.8125, 0.9375, 0.03125, 0.875, 0.78125, 0.65625, 0.09375]
[TRAIN]: (183/1600): reward: -7.66130131483078, rates: 4.3386987198284865, loss: 1.623498409986496, rho: 0.4000000000000001, transmit_actions: 11, P: [0.21875, 0.625, 0.75, 0.78125, 0.875, 0.875, 0.625, 0.8125, 0.8125, 0.25, 0.03125, 0.21875, 1.0, 0.9375, 0.75, 0.9375, 0.3125, 0.84375, 0.96875, 0.25]
[TRAIN]: (184/1600): reward: 12.310361877083778, rates: 20.310362369381707, loss: 1.7955233752727509, rho: 0.4000000000000001, transmit_actions: 10, P: [0.21875, 0.15625, 0.53125, 0.90625, 0.96875, 0.15625, 0.65625, 0.75, 0.4375, 1.0, 0.5625, 0.21875, 0.09375, 0.125, 0.375, 0.90625, 0.5, 0.625, 0.84375, 0.1875]
[TRAIN]: (185/1600): reward: -10.44905436038971, rates: 2.550945636131612, loss: 1.5814043939113618, rho: 0.4000000000000001, transmit_actions: 8, P: [0.25, 0.84375, 0.8125, 0.78125, 0.71875, 1.0, 0.28125, 0.59375, 0.03125, 0.875, 0.125, 0.59375, 0.6875, 0.375, 0.0625, 0.6875, 0.75, 0.46875, 0.28125, 0.53125]
[TRAIN]: (186/1600): reward: -9.650522470474243, rates: 6.349477563494353, loss: 1.7940322875976562, rho: 0.4000000000000001, transmit_actions: 13, P: [0.28125, 0.9375, 0.3125, 0.71875, 0.90625, 0.53125, 0.75, 0.625, 0.59375, 0.125, 0.5625, 0.96875, 0.78125, 0.5625, 0.25, 0.28125, 0.625, 0.59375, 0.8125, 0.625]
[TRAIN]: (187/1600): reward: -3.8116940706968307, rates: 7.188305904731412, loss: 1.8617088854312898, rho: 0.4000000000000001, transmit_actions: 12, P: [0.34375, 0.0, 0.71875, 0.0625, 0.90625, 0.125, 0.0625, 0.4375, 0.9375, 0.3125, 0.8125, 0.03125, 0.71875, 0.25, 0.625, 0.9375, 0.96875, 0.6875, 0.9375, 0.5]
[TRAIN]: (188/1600): reward: 8.19186370074749, rates: 21.191863529202372, loss: 1.4383831083774568, rho: 0.4000000000000001, transmit_actions: 13, P: [0.40625, 0.875, 0.3125, 0.8125, 0.375, 0.4375, 0.90625, 0.0, 0.25, 0.15625, 0.3125, 0.125, 0.0625, 0.5625, 0.21875, 0.4375, 0.75, 0.875, 0.0625, 0.96875]
[TRAIN]: (189/1600): reward: -8.46610814332962, rates: 6.533892010637453, loss: 1.6091595739126205, rho: 0.4000000000000001, transmit_actions: 7, P: [0.375, 0.5, 0.46875, 0.40625, 0.25, 0.125, 0.78125, 0.1875, 0.375, 0.40625, 0.15625, 0.8125, 0.34375, 0.9375, 0.59375, 0.5625, 0.34375, 0.46875, 0.875, 0.625]
[TRAIN]: (190/1600): reward: -7.797989911399782, rates: 4.202009969858567, loss: 1.6839730978012084, rho: 0.4000000000000001, transmit_actions: 9, P: [0.6875, 0.0, 0.03125, 0.875, 0.46875, 0.53125, 0.75, 0.8125, 0.40625, 0.03125, 0.25, 0.8125, 0.84375, 0.96875, 0.21875, 0.875, 0.15625, 0.09375, 0.71875, 0.40625]
[TRAIN]: (191/1600): reward: -9.476626018993556, rates: 5.523373763187027, loss: 1.9818289160728455, rho: 0.4000000000000001, transmit_actions: 8, P: [0.6875, 0.34375, 0.9375, 0.90625, 0.46875, 0.375, 0.0625, 0.15625, 0.625, 0.78125, 0.53125, 0.09375, 0.65625, 0.59375, 0.0625, 0.625, 0.25, 0.15625, 0.71875, 0.90625]
[TRAIN]: (192/1600): reward: 2.6084718704223633, rates: 10.608471747744641, loss: 1.724881762266159, rho: 0.4000000000000001, transmit_actions: 9, P: [0.28125, 0.8125, 0.53125, 0.125, 0.125, 0.875, 0.125, 0.28125, 0.875, 0.1875, 0.0, 0.1875, 0.90625, 0.40625, 0.0625, 0.09375, 0.625, 0.53125, 0.84375, 0.0]
[TRAIN]: (193/1600): reward: 4.466545633971691, rates: 12.466545522654387, loss: 1.5529681146144867, rho: 0.4000000000000001, transmit_actions: 12, P: [0.75, 0.84375, 0.03125, 0.65625, 0.625, 0.09375, 0.90625, 0.84375, 0.875, 0.0, 0.90625, 0.125, 0.78125, 0.4375, 0.03125, 0.53125, 0.59375, 0.75, 0.96875, 0.96875]
[TRAIN]: (194/1600): reward: -2.10221529006958, rates: 9.897785048034752, loss: 1.6784031301736833, rho: 0.4000000000000001, transmit_actions: 11, P: [0.625, 0.90625, 0.15625, 0.6875, 0.75, 0.6875, 0.5625, 0.09375, 0.34375, 0.3125, 0.78125, 0.1875, 0.8125, 0.65625, 0.96875, 0.0625, 0.21875, 0.875, 0.125, 0.09375]
[TRAIN]: (195/1600): reward: -14.929317392408848, rates: 0.0706826090169092, loss: 1.8785122990608216, rho: 0.4000000000000001, transmit_actions: 8, P: [0.71875, 0.46875, 0.8125, 0.65625, 1.0, 0.875, 0.09375, 0.40625, 0.46875, 0.3125, 0.59375, 0.90625, 1.0, 0.78125, 0.3125, 0.15625, 0.25, 0.4375, 0.8125, 0.6875]
[TRAIN]: (196/1600): reward: -0.988209493458271, rates: 10.011790207677251, loss: 1.7761365234851838, rho: 0.4000000000000001, transmit_actions: 13, P: [1.0, 0.0625, 0.8125, 1.0, 0.09375, 0.34375, 0.96875, 0.625, 0.5, 0.09375, 0.28125, 0.125, 0.0, 0.1875, 1.0, 0.75, 0.28125, 0.78125, 0.40625, 0.0]
[TRAIN]: (197/1600): reward: -5.256078734993935, rates: 9.743921460736333, loss: 1.9192416429519654, rho: 0.4000000000000001, transmit_actions: 15, P: [0.03125, 0.5625, 0.96875, 0.96875, 0.6875, 0.53125, 0.875, 0.59375, 0.0625, 0.125, 0.15625, 0.5625, 0.09375, 0.5, 0.625, 0.75, 0.03125, 0.9375, 0.5, 0.0]
[TRAIN]: (198/1600): reward: -11.835160732269287, rates: 2.164839211403514, loss: 1.8827779293060303, rho: 0.4000000000000001, transmit_actions: 10, P: [0.4375, 0.9375, 0.9375, 0.1875, 0.71875, 0.3125, 0.84375, 0.53125, 0.65625, 0.15625, 0.375, 0.46875, 0.59375, 1.0, 0.25, 0.9375, 0.46875, 0.4375, 0.3125, 0.15625]
[TRAIN]: (199/1600): reward: -1.6691602766513824, rates: 10.330839626494667, loss: 1.787822026014328, rho: 0.4000000000000001, transmit_actions: 9, P: [0.03125, 1.0, 0.03125, 0.8125, 0.8125, 0.9375, 1.0, 0.84375, 0.1875, 0.375, 0.15625, 0.03125, 0.21875, 0.75, 0.15625, 0.625, 0.71875, 0.53125, 0.875, 0.59375]
[TRAIN]: (200/1600): reward: -4.093007266521454, rates: 9.906992734377841, loss: 1.6615560829639435, rho: 0.4000000000000001, transmit_actions: 10, P: [0.0, 0.34375, 0.34375, 0.3125, 0.375, 0.75, 0.46875, 0.34375, 0.53125, 0.25, 1.0, 0.78125, 1.0, 0.3125, 0.3125, 0.53125, 0.21875, 0.375, 1.0, 0.0625]
[TRAIN]: (201/1600): reward: -3.070526532828808, rates: 9.9294737410227, loss: 1.6065119326114654, rho: 0.4000000000000001, transmit_actions: 8, P: [0.71875, 0.53125, 0.5, 0.375, 0.5, 0.90625, 0.75, 0.25, 0.40625, 0.3125, 0.375, 0.4375, 0.625, 0.84375, 0.3125, 0.15625, 0.1875, 0.28125, 0.21875, 0.4375]
[TRAIN]: (202/1600): reward: -16.0, rates: 0, loss: 1.6936858743429184, rho: 0.4000000000000001, transmit_actions: 6, P: [0.0625, 0.53125, 0.65625, 0.28125, 0.1875, 0.5625, 0.4375, 0.75, 0.9375, 0.4375, 0.5, 0.3125, 0.6875, 0.28125, 0.6875, 0.09375, 0.53125, 0.6875, 0.90625, 0.9375]
[TRAIN]: (203/1600): reward: -7.210986137390137, rates: 5.789013895956157, loss: 1.603987169265747, rho: 0.4000000000000001, transmit_actions: 10, P: [0.8125, 0.96875, 0.40625, 0.03125, 0.8125, 0.90625, 0.25, 0.5625, 0.6875, 0.84375, 0.5, 0.40625, 0.21875, 0.4375, 0.9375, 0.40625, 0.65625, 0.78125, 0.34375, 0.78125]
[TRAIN]: (204/1600): reward: -8.931621462106705, rates: 5.068378522308287, loss: 1.70824393928051, rho: 0.4000000000000001, transmit_actions: 13, P: [0.375, 0.96875, 0.53125, 0.125, 0.25, 0.21875, 0.34375, 0.4375, 0.53125, 0.59375, 0.96875, 0.84375, 0.4375, 0.71875, 0.71875, 0.4375, 0.625, 0.1875, 0.78125, 0.78125]
[TRAIN]: (205/1600): reward: -6.571303332224488, rates: 9.42869683060206, loss: 1.6926071107387544, rho: 0.4000000000000001, transmit_actions: 12, P: [0.96875, 0.75, 0.84375, 0.6875, 0.1875, 0.75, 0.8125, 0.03125, 0.75, 0.40625, 0.40625, 0.0625, 0.0, 0.28125, 0.1875, 0.3125, 0.625, 0.5625, 0.28125, 0.6875]
[TRAIN]: (206/1600): reward: -11.008497714996338, rates: 3.9915022229712216, loss: 1.761625975370407, rho: 0.4000000000000001, transmit_actions: 9, P: [0.75, 1.0, 0.96875, 0.59375, 0.46875, 0.375, 0.21875, 0.09375, 0.9375, 0.625, 0.96875, 0.28125, 0.53125, 0.46875, 0.5625, 0.03125, 0.59375, 0.21875, 0.125, 0.90625]
[TRAIN]: (207/1600): reward: -1.9959688186645508, rates: 13.004031070355179, loss: 1.7733549267053603, rho: 0.4000000000000001, transmit_actions: 13, P: [0.0625, 0.78125, 0.375, 0.25, 0.03125, 0.625, 0.53125, 0.34375, 0.0, 0.34375, 0.5, 0.3125, 0.875, 0.1875, 0.53125, 0.25, 0.125, 0.25, 0.21875, 0.875]
[TRAIN]: (208/1600): reward: -5.010133296251297, rates: 9.989866885431002, loss: 1.6683710753917693, rho: 0.4000000000000001, transmit_actions: 10, P: [0.09375, 0.3125, 0.34375, 0.40625, 0.3125, 0.46875, 0.71875, 0.53125, 0.90625, 0.9375, 0.3125, 0.59375, 0.09375, 0.59375, 0.15625, 0.65625, 0.0625, 0.4375, 0.78125, 0.59375]
[TRAIN]: (209/1600): reward: -2.6877996921539307, rates: 12.312199987732178, loss: 1.8011131882667542, rho: 0.4000000000000001, transmit_actions: 11, P: [0.4375, 0.46875, 0.34375, 0.5, 0.09375, 0.53125, 0.75, 0.03125, 0.65625, 0.59375, 0.1875, 0.125, 0.21875, 0.6875, 0.90625, 0.15625, 0.96875, 0.78125, 0.25, 0.0]
[TRAIN]: (210/1600): reward: -13.432408332824707, rates: 3.5675916993152916, loss: 1.8069070518016814, rho: 0.4000000000000001, transmit_actions: 10, P: [0.4375, 0.46875, 0.53125, 0.75, 0.375, 0.0625, 0.875, 0.34375, 0.375, 0.71875, 0.125, 0.75, 0.28125, 0.8125, 0.0, 0.75, 0.03125, 0.875, 0.21875, 0.625]
[TRAIN]: (211/1600): reward: 0.4180680476129055, rates: 11.418068079446112, loss: 1.4045580506324769, rho: 0.4000000000000001, transmit_actions: 9, P: [0.21875, 0.46875, 0.5, 0.84375, 0.84375, 0.03125, 0.46875, 0.34375, 0.1875, 0.78125, 0.78125, 0.375, 0.4375, 0.5625, 0.375, 0.5625, 0.875, 0.84375, 0.28125, 0.9375]
[TRAIN]: (212/1600): reward: -2.4203548431396484, rates: 10.579644854344789, loss: 1.6254697501659394, rho: 0.4000000000000001, transmit_actions: 9, P: [0.40625, 0.4375, 0.46875, 0.03125, 0.25, 0.34375, 0.53125, 0.53125, 0.75, 0.59375, 0.625, 1.0, 0.125, 0.0625, 0.28125, 0.53125, 0.90625, 0.875, 0.78125, 0.75]
[TRAIN]: (213/1600): reward: 7.5329669415950775, rates: 20.532966714174414, loss: 1.5626683294773103, rho: 0.4000000000000001, transmit_actions: 16, P: [0.375, 1.0, 0.0, 0.5, 0.125, 0.90625, 0.90625, 0.625, 0.375, 0.125, 0.625, 0.78125, 0.09375, 0.0625, 0.5625, 0.3125, 0.3125, 0.5, 0.5, 0.5]
[TRAIN]: (214/1600): reward: -11.797254085540771, rates: 5.202745880586335, loss: 1.7147250086069108, rho: 0.4000000000000001, transmit_actions: 10, P: [0.40625, 0.46875, 0.3125, 0.34375, 0.78125, 0.53125, 0.40625, 0.25, 0.59375, 0.9375, 0.21875, 0.75, 0.75, 0.25, 0.375, 0.75, 0.6875, 0.625, 0.59375, 0.71875]
[TRAIN]: (215/1600): reward: 0.7733633294701576, rates: 11.773362986815876, loss: 1.6619977295398711, rho: 0.4000000000000001, transmit_actions: 14, P: [0.71875, 0.71875, 0.125, 0.875, 0.65625, 0.4375, 0.0625, 0.6875, 0.90625, 0.6875, 0.96875, 0.90625, 0.46875, 0.71875, 0.34375, 0.96875, 0.875, 0.21875, 0.40625, 0.28125]
[TRAIN]: (216/1600): reward: -8.487538428977132, rates: 3.5124616519764946, loss: 1.8654784500598907, rho: 0.4000000000000001, transmit_actions: 9, P: [0.0625, 0.4375, 0.3125, 0.28125, 0.6875, 0.875, 0.03125, 0.3125, 0.15625, 0.84375, 0.625, 0.28125, 0.9375, 0.46875, 0.375, 0.84375, 0.46875, 0.375, 0.25, 0.53125]
[TRAIN]: (217/1600): reward: 0.8228206224739552, rates: 9.822820739342696, loss: 1.766284030675888, rho: 0.4000000000000001, transmit_actions: 10, P: [0.78125, 0.21875, 0.28125, 0.15625, 0.34375, 0.1875, 0.375, 0.03125, 0.21875, 0.8125, 0.90625, 0.1875, 0.9375, 0.9375, 0.09375, 0.0, 0.25, 1.0, 0.40625, 0.34375]
[TRAIN]: (218/1600): reward: -0.5397304482758045, rates: 12.4602694706393, loss: 1.962741893529892, rho: 0.4000000000000001, transmit_actions: 10, P: [0.03125, 0.5625, 0.8125, 0.9375, 0.5625, 0.03125, 0.09375, 0.96875, 0.84375, 0.15625, 0.25, 0.09375, 0.0625, 0.8125, 0.75, 0.6875, 0.96875, 0.0625, 0.65625, 0.8125]
[TRAIN]: (219/1600): reward: -9.754810094833374, rates: 5.245190090602942, loss: 1.7745971024036407, rho: 0.4000000000000001, transmit_actions: 11, P: [0.34375, 0.46875, 0.21875, 0.125, 0.75, 0.15625, 0.84375, 0.59375, 0.46875, 0.65625, 0.5625, 0.75, 0.84375, 0.25, 0.8125, 0.65625, 0.28125, 1.0, 0.8125, 0.25]
[TRAIN]: (220/1600): reward: -4.9427149295806885, rates: 8.057285100638904, loss: 1.6103869169950484, rho: 0.4000000000000001, transmit_actions: 7, P: [0.9375, 0.625, 0.625, 0.15625, 0.125, 0.25, 0.96875, 0.59375, 0.21875, 0.0, 0.03125, 0.0, 0.78125, 0.46875, 0.9375, 0.5625, 0.3125, 0.96875, 0.03125, 0.53125]
[TRAIN]: (221/1600): reward: 7.920091807842255, rates: 17.9200914143343, loss: 1.7486727237701416, rho: 0.4000000000000001, transmit_actions: 10, P: [0.59375, 0.125, 0.53125, 0.875, 0.96875, 0.28125, 0.09375, 0.09375, 0.53125, 0.09375, 0.0625, 0.03125, 0.6875, 0.1875, 0.21875, 0.96875, 0.9375, 0.09375, 0.59375, 0.96875]
[TRAIN]: (222/1600): reward: -9.24443006515503, rates: 5.755570144854151, loss: 1.7888996422290802, rho: 0.4000000000000001, transmit_actions: 5, P: [0.21875, 0.8125, 0.09375, 0.65625, 0.40625, 0.53125, 0.125, 0.71875, 0.46875, 0.25, 0.15625, 0.9375, 0.46875, 0.3125, 0.3125, 0.84375, 0.5, 0.3125, 0.28125, 0.90625]
[TRAIN]: (223/1600): reward: 8.888589978218079, rates: 20.88859038319812, loss: 1.98595330119133, rho: 0.4000000000000001, transmit_actions: 9, P: [0.5625, 0.78125, 0.8125, 0.90625, 0.0, 0.21875, 0.625, 0.53125, 0.65625, 0.28125, 0.1875, 0.375, 0.75, 0.15625, 0.75, 0.09375, 0.4375, 0.9375, 0.0, 1.0]
[TRAIN]: (224/1600): reward: -4.024386882781982, rates: 9.975613421150094, loss: 1.8936518371105193, rho: 0.4000000000000001, transmit_actions: 8, P: [0.78125, 0.59375, 0.625, 0.0, 0.46875, 0.0, 0.875, 0.8125, 0.25, 0.4375, 0.375, 0.84375, 0.25, 0.15625, 0.4375, 0.375, 0.5625, 0.46875, 0.3125, 0.3125]
[TRAIN]: (225/1600): reward: 2.105630040168762, rates: 15.105629956507382, loss: 1.886315894126892, rho: 0.4000000000000001, transmit_actions: 13, P: [0.53125, 0.875, 0.5, 0.84375, 0.375, 0.25, 0.5, 0.71875, 0.40625, 0.3125, 0.875, 0.125, 0.4375, 0.125, 0.875, 0.09375, 0.125, 0.84375, 0.71875, 0.125]
[TRAIN]: (226/1600): reward: -15.0, rates: 0, loss: 1.6796658158302307, rho: 0.4000000000000001, transmit_actions: 7, P: [0.5625, 0.0625, 0.03125, 1.0, 0.75, 0.9375, 0.71875, 0.90625, 0.6875, 0.84375, 0.78125, 0.5625, 0.53125, 0.875, 0.375, 0.59375, 0.1875, 0.65625, 0.375, 0.9375]
[TRAIN]: (227/1600): reward: 6.986335873603821, rates: 19.98633618615527, loss: 1.7097699224948884, rho: 0.4000000000000001, transmit_actions: 11, P: [0.375, 0.96875, 0.84375, 0.5625, 0.21875, 0.46875, 0.25, 0.0625, 0.0, 0.0625, 0.15625, 0.0625, 0.46875, 0.59375, 0.40625, 0.125, 0.25, 0.15625, 0.9375, 1.0]
[TRAIN]: (228/1600): reward: -8.387971259653568, rates: 5.612028759761216, loss: 1.637430691719055, rho: 0.4000000000000001, transmit_actions: 9, P: [0.4375, 0.09375, 0.4375, 0.65625, 0.6875, 0.90625, 0.625, 0.15625, 1.0, 0.34375, 0.3125, 0.1875, 0.5, 0.0, 0.1875, 0.09375, 0.96875, 0.15625, 0.0625, 0.5625]
[TRAIN]: (229/1600): reward: -2.797612704336643, rates: 11.202387546147797, loss: 1.7920947611331939, rho: 0.4000000000000001, transmit_actions: 15, P: [0.21875, 0.375, 0.0, 0.625, 0.28125, 0.75, 0.5, 0.65625, 0.53125, 0.21875, 0.59375, 0.46875, 0.46875, 0.28125, 0.28125, 0.875, 0.5625, 0.875, 0.59375, 0.125]
[TRAIN]: (230/1600): reward: -5.138630509376526, rates: 9.86136944959259, loss: 1.9651558935642242, rho: 0.4000000000000001, transmit_actions: 14, P: [0.84375, 0.53125, 0.96875, 0.4375, 0.4375, 0.0, 0.375, 0.96875, 0.90625, 0.9375, 0.15625, 0.46875, 0.09375, 0.34375, 0.3125, 0.8125, 0.6875, 0.84375, 0.0, 0.09375]
[TRAIN]: (231/1600): reward: -8.630444526672363, rates: 7.369555686411696, loss: 1.719730705022812, rho: 0.4000000000000001, transmit_actions: 13, P: [0.8125, 0.65625, 0.46875, 0.21875, 1.0, 0.3125, 0.4375, 0.6875, 0.28125, 0.65625, 0.21875, 0.125, 0.53125, 1.0, 0.21875, 0.03125, 0.96875, 0.03125, 0.34375, 0.34375]
[TRAIN]: (232/1600): reward: -9.79680621623993, rates: 4.203193950045446, loss: 1.7661883980035782, rho: 0.4000000000000001, transmit_actions: 10, P: [0.46875, 0.1875, 0.15625, 0.875, 0.5, 0.25, 0.78125, 0.03125, 0.5625, 0.0625, 0.09375, 0.40625, 0.875, 0.53125, 0.34375, 0.90625, 0.96875, 0.90625, 0.28125, 0.6875]
[TRAIN]: (233/1600): reward: -12.007512092590332, rates: 3.9924880004957948, loss: 1.6082038521766662, rho: 0.4000000000000001, transmit_actions: 10, P: [0.0625, 0.0625, 0.21875, 0.5, 0.375, 0.78125, 0.3125, 0.6875, 0.78125, 0.84375, 0.03125, 0.90625, 0.46875, 0.03125, 0.0, 0.28125, 0.625, 0.21875, 0.6875, 1.0]
[TRAIN]: (234/1600): reward: 0.5953816398978233, rates: 12.59538190946055, loss: 1.7328310370445252, rho: 0.4000000000000001, transmit_actions: 11, P: [0.28125, 0.3125, 0.65625, 0.15625, 0.0625, 0.75, 0.375, 0.125, 0.34375, 0.53125, 0.1875, 0.96875, 0.46875, 0.34375, 0.4375, 0.71875, 0.84375, 0.90625, 0.34375, 0.5]
[TRAIN]: (235/1600): reward: 1.0127812623977661, rates: 16.012781242472695, loss: 1.7863999873399734, rho: 0.4000000000000001, transmit_actions: 10, P: [0.09375, 0.25, 0.46875, 0.65625, 0.15625, 0.6875, 0.09375, 0.78125, 0.78125, 0.34375, 0.1875, 0.0625, 0.09375, 0.5, 0.5625, 0.3125, 0.6875, 0.65625, 0.71875, 0.46875]
[TRAIN]: (236/1600): reward: -13.971781253814697, rates: 1.0282187669970158, loss: 1.7577410221099854, rho: 0.4000000000000001, transmit_actions: 10, P: [0.46875, 0.0, 0.75, 0.125, 0.90625, 0.1875, 0.34375, 0.71875, 0.8125, 0.78125, 0.9375, 0.0, 0.125, 1.0, 0.59375, 0.375, 1.0, 0.3125, 0.625, 0.53125]
[TRAIN]: (237/1600): reward: -10.981728665530682, rates: 1.0182713474051608, loss: 1.805759859085083, rho: 0.4000000000000001, transmit_actions: 12, P: [0.125, 0.6875, 0.5625, 0.46875, 0.5625, 0.15625, 0.59375, 0.5, 0.0625, 0.59375, 0.9375, 0.0625, 0.4375, 0.90625, 0.46875, 0.65625, 0.75, 0.71875, 1.0, 0.46875]
[TRAIN]: (238/1600): reward: 2.326482057571411, rates: 15.326482258040615, loss: 1.841061681509018, rho: 0.4000000000000001, transmit_actions: 12, P: [0.90625, 0.0625, 0.5625, 0.96875, 0.1875, 0.03125, 0.875, 0.3125, 0.4375, 0.4375, 0.28125, 0.875, 0.4375, 0.40625, 0.6875, 0.5625, 0.34375, 0.125, 0.71875, 0.6875]
[TRAIN]: (239/1600): reward: 0.584789514541626, rates: 12.584789813998693, loss: 1.8288810133934021, rho: 0.4000000000000001, transmit_actions: 11, P: [0.0, 0.59375, 0.9375, 0.53125, 1.0, 0.1875, 0.28125, 0.40625, 0.125, 0.71875, 0.4375, 0.03125, 0.46875, 0.4375, 0.5625, 0.0, 0.03125, 0.28125, 0.65625, 0.28125]
[TRAIN]: (240/1600): reward: -3.233326718211174, rates: 10.766673610974834, loss: 1.72520791888237, rho: 0.4000000000000001, transmit_actions: 9, P: [0.1875, 0.3125, 0.90625, 0.21875, 0.5, 0.71875, 0.59375, 0.5625, 0.28125, 0.40625, 0.625, 0.96875, 0.5625, 0.5, 0.28125, 0.125, 0.875, 0.0625, 0.03125, 0.53125]
[TRAIN]: (241/1600): reward: -5.488607883453369, rates: 9.511391996075023, loss: 1.8060726940631866, rho: 0.4000000000000001, transmit_actions: 10, P: [0.125, 0.84375, 0.40625, 0.84375, 0.75, 0.4375, 0.15625, 0.75, 0.40625, 0.375, 0.15625, 0.75, 0.15625, 0.84375, 0.46875, 0.09375, 0.21875, 0.71875, 0.0, 0.53125]
[TRAIN]: (242/1600): reward: -8.711831398308277, rates: 5.288168804344102, loss: 1.8213239163160324, rho: 0.4000000000000001, transmit_actions: 7, P: [0.25, 0.59375, 1.0, 0.96875, 0.8125, 0.3125, 0.96875, 0.1875, 0.15625, 0.09375, 0.46875, 0.03125, 0.34375, 0.78125, 0.4375, 0.15625, 0.375, 0.84375, 0.53125, 0.625]
[TRAIN]: (243/1600): reward: -17.0, rates: 0.0, loss: 1.7533747792243957, rho: 0.4000000000000001, transmit_actions: 9, P: [1.0, 0.5625, 0.0, 0.75, 0.34375, 0.5625, 0.8125, 0.59375, 0.375, 0.0, 0.0, 0.65625, 0.3125, 0.1875, 0.78125, 0.75, 0.53125, 0.8125, 0.8125, 0.96875]
[TRAIN]: (244/1600): reward: 1.6403179466724396, rates: 15.640318096163947, loss: 1.8301154494285583, rho: 0.4000000000000001, transmit_actions: 12, P: [0.625, 0.625, 0.1875, 0.78125, 0.40625, 0.34375, 0.375, 0.59375, 0.25, 0.84375, 0.03125, 0.78125, 0.28125, 0.59375, 0.6875, 0.71875, 0.78125, 0.875, 0.53125, 0.09375]
[TRAIN]: (245/1600): reward: -9.298161506652832, rates: 4.70183870134405, loss: 1.835886937379837, rho: 0.4000000000000001, transmit_actions: 7, P: [0.46875, 0.65625, 1.0, 0.09375, 0.90625, 0.84375, 0.53125, 0.1875, 0.875, 0.8125, 0.34375, 0.28125, 0.28125, 0.78125, 0.21875, 0.71875, 0.8125, 0.625, 0.15625, 0.21875]
[TRAIN]: (246/1600): reward: 0.45900828391313553, rates: 13.459008183425286, loss: 1.7881694376468658, rho: 0.4000000000000001, transmit_actions: 11, P: [0.0, 0.34375, 0.03125, 0.78125, 0.125, 0.375, 0.125, 0.25, 0.34375, 0.125, 0.5625, 0.0625, 0.53125, 0.78125, 0.0625, 0.375, 0.96875, 0.1875, 0.5, 0.03125]
[TRAIN]: (247/1600): reward: -7.0592943876981735, rates: 5.940705624517182, loss: 1.5902567505836487, rho: 0.4000000000000001, transmit_actions: 10, P: [0.75, 0.28125, 0.5625, 0.03125, 1.0, 0.96875, 0.15625, 0.15625, 0.15625, 0.59375, 0.5625, 0.0625, 0.4375, 0.46875, 0.28125, 0.53125, 0.1875, 0.25, 0.90625, 0.5625]
[TRAIN]: (248/1600): reward: -9.206751644611359, rates: 3.793248358712665, loss: 1.750019133090973, rho: 0.4000000000000001, transmit_actions: 13, P: [0.0625, 0.15625, 0.09375, 0.25, 0.53125, 0.15625, 0.3125, 0.875, 0.03125, 0.4375, 0.3125, 0.96875, 0.125, 0.6875, 0.1875, 0.28125, 0.9375, 0.46875, 0.25, 0.59375]
[TRAIN]: (249/1600): reward: -8.494749590754509, rates: 4.505250539519089, loss: 1.6168075293302535, rho: 0.4000000000000001, transmit_actions: 10, P: [1.0, 0.25, 0.0625, 0.0625, 0.625, 0.40625, 0.5, 1.0, 0.59375, 0.09375, 0.34375, 0.3125, 0.78125, 0.0625, 0.8125, 0.9375, 0.5625, 0.5625, 0.6875, 0.28125]
[TRAIN]: (250/1600): reward: -15.879331201314926, rates: 0.12066879561532513, loss: 1.746337002515793, rho: 0.4000000000000001, transmit_actions: 8, P: [0.1875, 0.84375, 0.6875, 0.625, 0.15625, 0.4375, 0.34375, 0.3125, 0.125, 0.3125, 0.375, 0.8125, 0.71875, 0.96875, 0.53125, 0.125, 0.5, 0.4375, 0.96875, 0.4375]
[TRAIN]: (251/1600): reward: -9.138779729604721, rates: 5.861220432023506, loss: 1.8385442316532135, rho: 0.4000000000000001, transmit_actions: 11, P: [0.0, 0.15625, 0.09375, 0.15625, 0.0625, 0.1875, 0.53125, 0.59375, 0.8125, 0.625, 0.6875, 0.34375, 0.875, 0.96875, 0.71875, 0.625, 0.53125, 0.0625, 0.21875, 0.6875]
[TRAIN]: (252/1600): reward: 2.1650677919387817, rates: 14.16506775500651, loss: 1.9266888797283173, rho: 0.4000000000000001, transmit_actions: 10, P: [0.1875, 0.71875, 0.25, 0.9375, 0.75, 0.4375, 0.84375, 0.9375, 0.25, 0.53125, 0.6875, 0.53125, 0.71875, 0.3125, 0.1875, 0.46875, 0.375, 0.625, 0.5, 0.03125]
[TRAIN]: (253/1600): reward: 4.997491553425789, rates: 17.99749151632213, loss: 1.8993734896183014, rho: 0.4000000000000001, transmit_actions: 8, P: [0.28125, 0.09375, 0.1875, 0.6875, 0.84375, 0.75, 0.15625, 0.125, 0.53125, 0.09375, 0.0625, 0.625, 0.34375, 0.4375, 0.125, 0.1875, 0.1875, 0.03125, 0.59375, 0.8125]
[TRAIN]: (254/1600): reward: -15.24314969778061, rates: 0.7568502957750476, loss: 1.8524926602840424, rho: 0.4000000000000001, transmit_actions: 9, P: [0.34375, 0.84375, 0.15625, 0.625, 0.09375, 0.6875, 0.46875, 0.53125, 0.28125, 0.125, 0.4375, 0.4375, 0.0, 0.53125, 0.0625, 0.21875, 0.65625, 0.46875, 0.65625, 0.09375]
[TRAIN]: (255/1600): reward: -1.2872691005468369, rates: 11.712731004306221, loss: 1.7031426846981048, rho: 0.4000000000000001, transmit_actions: 11, P: [0.90625, 0.96875, 0.3125, 0.0, 0.5625, 0.21875, 0.28125, 0.875, 0.0, 0.15625, 0.84375, 0.46875, 0.8125, 0.1875, 0.59375, 0.59375, 0.34375, 0.6875, 0.84375, 0.90625]
[TRAIN]: (256/1600): reward: -6.789690434932709, rates: 6.210309552454486, loss: 1.6802413433790206, rho: 0.4000000000000001, transmit_actions: 13, P: [0.46875, 0.875, 0.96875, 0.96875, 0.3125, 0.84375, 0.6875, 0.375, 0.9375, 0.28125, 0.4375, 1.0, 0.1875, 0.96875, 0.96875, 0.6875, 0.5, 0.53125, 0.0, 0.59375]
[TRAIN]: (257/1600): reward: -11.0266233086586, rates: 0.9733766880950803, loss: 1.8091221809387208, rho: 0.4000000000000001, transmit_actions: 8, P: [0.15625, 0.34375, 0.9375, 0.40625, 0.71875, 0.03125, 0.78125, 0.9375, 0.4375, 0.46875, 0.46875, 0.75, 0.8125, 0.78125, 0.53125, 1.0, 0.5625, 0.84375, 0.5, 0.75]
[TRAIN]: (258/1600): reward: -7.501605927944183, rates: 7.4983942816544955, loss: 1.755959939956665, rho: 0.4000000000000001, transmit_actions: 8, P: [1.0, 0.09375, 0.5, 0.21875, 0.03125, 0.40625, 0.25, 0.59375, 0.28125, 0.09375, 0.96875, 0.125, 0.21875, 0.3125, 0.8125, 0.34375, 0.75, 0.75, 0.46875, 0.28125]
[TRAIN]: (259/1600): reward: -8.286220654845238, rates: 4.71377938664603, loss: 1.8345780074596405, rho: 0.4000000000000001, transmit_actions: 8, P: [0.375, 0.625, 0.0625, 0.375, 0.5, 0.75, 0.15625, 0.25, 0.4375, 1.0, 0.0625, 0.96875, 0.34375, 0.5625, 0.75, 0.21875, 0.4375, 0.59375, 1.0, 0.78125]
[TRAIN]: (260/1600): reward: -9.748064778745174, rates: 4.251935241940181, loss: 1.7524624735116958, rho: 0.4000000000000001, transmit_actions: 11, P: [0.40625, 0.25, 0.84375, 0.875, 0.03125, 0.28125, 0.1875, 0.15625, 0.15625, 0.625, 0.5625, 0.46875, 0.96875, 0.9375, 0.09375, 0.09375, 0.4375, 1.0, 0.9375, 0.4375]
[TRAIN]: (261/1600): reward: -2.543466005474329, rates: 10.456534010338618, loss: 1.8143809497356416, rho: 0.4000000000000001, transmit_actions: 12, P: [0.0625, 0.46875, 0.375, 0.90625, 0.3125, 0.34375, 0.78125, 0.28125, 0.375, 0.9375, 0.28125, 0.34375, 0.28125, 0.84375, 0.59375, 0.5, 0.4375, 0.5625, 0.0625, 0.96875]
[TRAIN]: (262/1600): reward: -0.36884573101997375, rates: 11.631154146727905, loss: 1.6326387763023376, rho: 0.4000000000000001, transmit_actions: 9, P: [0.78125, 0.5, 0.3125, 0.625, 0.96875, 0.28125, 0.9375, 0.75, 0.28125, 0.4375, 0.40625, 0.5, 0.1875, 0.90625, 0.28125, 0.09375, 0.5, 0.90625, 0.65625, 0.3125]
[TRAIN]: (263/1600): reward: -9.924607567489147, rates: 5.075392272515718, loss: 1.6368243098258972, rho: 0.4000000000000001, transmit_actions: 16, P: [0.78125, 0.09375, 0.5, 0.8125, 0.6875, 0.65625, 0.03125, 0.59375, 0.09375, 0.8125, 0.375, 0.0, 0.9375, 0.1875, 0.5625, 0.28125, 0.53125, 0.53125, 0.53125, 0.28125]
[TRAIN]: (264/1600): reward: 1.2068569362163544, rates: 11.206856991317053, loss: 1.4819595903158187, rho: 0.4000000000000001, transmit_actions: 7, P: [0.96875, 0.5, 0.34375, 0.1875, 0.09375, 0.03125, 0.8125, 0.4375, 0.75, 1.0, 0.9375, 0.75, 0.5625, 0.1875, 0.78125, 0.75, 0.6875, 1.0, 0.25, 1.0]
[TRAIN]: (265/1600): reward: -7.414605647325516, rates: 5.585394447842764, loss: 1.8588883578777313, rho: 0.4000000000000001, transmit_actions: 13, P: [0.875, 0.75, 0.28125, 0.78125, 0.6875, 0.8125, 0.3125, 0.5625, 0.53125, 0.5, 1.0, 0.4375, 0.875, 0.21875, 0.625, 0.53125, 0.8125, 0.375, 0.625, 0.9375]
[TRAIN]: (266/1600): reward: 4.310942955315113, rates: 16.310943139633558, loss: 1.8329769313335418, rho: 0.4000000000000001, transmit_actions: 10, P: [0.4375, 0.09375, 0.53125, 0.71875, 0.46875, 0.625, 0.78125, 0.15625, 0.9375, 0.75, 0.71875, 0.625, 0.5, 0.1875, 0.3125, 0.59375, 0.96875, 0.96875, 0.1875, 0.5]
[TRAIN]: (267/1600): reward: -2.7001688480377197, rates: 12.299831179055715, loss: 1.7856983125209809, rho: 0.4000000000000001, transmit_actions: 13, P: [0.625, 1.0, 0.53125, 0.21875, 0.59375, 0.78125, 0.96875, 0.21875, 0.375, 0.5, 0.28125, 0.375, 1.0, 0.6875, 0.375, 0.6875, 0.40625, 0.75, 0.96875, 0.34375]
[TRAIN]: (268/1600): reward: -0.7751771882176399, rates: 10.224822724338171, loss: 1.7596479117870332, rho: 0.4000000000000001, transmit_actions: 12, P: [0.0, 0.0, 0.8125, 0.15625, 0.03125, 0.8125, 0.0625, 0.84375, 0.46875, 0.1875, 0.34375, 0.75, 0.84375, 0.46875, 0.4375, 0.5625, 0.75, 0.25, 0.5, 0.0625]
[TRAIN]: (269/1600): reward: -9.487459182739258, rates: 4.512540768551704, loss: 1.7485687464475632, rho: 0.4000000000000001, transmit_actions: 4, P: [0.0, 0.5, 0.875, 0.65625, 0.5625, 0.0, 0.6875, 0.96875, 0.46875, 0.34375, 0.78125, 1.0, 0.28125, 0.9375, 0.125, 0.125, 0.53125, 0.25, 0.34375, 1.0]
[TRAIN]: (270/1600): reward: 2.5495123863220215, rates: 17.549512472944187, loss: 1.6857407510280609, rho: 0.4000000000000001, transmit_actions: 8, P: [0.40625, 0.1875, 0.625, 0.875, 0.59375, 0.5625, 0.0, 0.4375, 0.5, 0.375, 0.21875, 0.28125, 0.5, 0.0625, 0.875, 0.03125, 0.40625, 0.78125, 0.78125, 0.5625]
[TRAIN]: (271/1600): reward: -6.509068489074707, rates: 7.490931673145427, loss: 1.8952037394046783, rho: 0.4000000000000001, transmit_actions: 10, P: [0.875, 0.375, 0.75, 0.4375, 0.28125, 0.09375, 0.4375, 0.59375, 0.96875, 0.34375, 0.78125, 0.25, 0.5625, 0.90625, 0.3125, 0.59375, 0.5, 0.0625, 0.65625, 0.53125]
[TRAIN]: (272/1600): reward: -12.433717757463455, rates: 1.5662822585426381, loss: 1.7552376210689544, rho: 0.4000000000000001, transmit_actions: 6, P: [0.46875, 0.375, 0.375, 0.3125, 0.09375, 1.0, 0.21875, 0.875, 0.78125, 0.28125, 0.1875, 0.25, 0.6875, 0.3125, 0.4375, 0.34375, 0.34375, 0.5625, 0.90625, 0.65625]
[TRAIN]: (273/1600): reward: -0.831751654855907, rates: 9.168248419478005, loss: 1.569771298766136, rho: 0.4000000000000001, transmit_actions: 9, P: [0.1875, 0.5, 0.75, 0.0, 0.875, 0.03125, 0.9375, 0.15625, 0.3125, 0.90625, 0.125, 0.3125, 0.40625, 0.03125, 0.28125, 0.0, 0.75, 0.9375, 0.75, 0.65625]
[TRAIN]: (274/1600): reward: -1.9955956935882568, rates: 13.004404371156399, loss: 1.8744956791400909, rho: 0.4000000000000001, transmit_actions: 10, P: [0.125, 0.5625, 0.375, 0.75, 0.0625, 0.3125, 0.46875, 0.3125, 0.3125, 0.875, 0.65625, 0.1875, 0.5, 0.375, 0.5625, 0.5, 0.15625, 0.78125, 0.3125, 0.4375]
[TRAIN]: (275/1600): reward: -6.964975833892822, rates: 9.035023903232787, loss: 1.8248033702373505, rho: 0.4000000000000001, transmit_actions: 13, P: [0.46875, 0.5625, 0.34375, 0.4375, 0.34375, 0.75, 0.625, 0.71875, 0.90625, 0.65625, 0.90625, 0.03125, 0.3125, 0.5625, 0.96875, 0.90625, 0.34375, 0.78125, 0.625, 0.46875]
[TRAIN]: (276/1600): reward: -10.216125905513763, rates: 5.783874123242934, loss: 1.6799958795309067, rho: 0.4000000000000001, transmit_actions: 9, P: [0.65625, 0.5, 0.9375, 0.8125, 0.6875, 0.65625, 0.28125, 0.21875, 0.0625, 0.34375, 0.03125, 0.71875, 0.28125, 0.3125, 0.5, 0.65625, 0.28125, 0.1875, 0.125, 0.40625]
[TRAIN]: (277/1600): reward: -11.883697155863047, rates: 0.11630284584516656, loss: 1.7925994038581847, rho: 0.4000000000000001, transmit_actions: 8, P: [0.34375, 0.875, 0.71875, 0.84375, 0.96875, 0.03125, 0.46875, 0.15625, 0.8125, 0.5, 0.71875, 0.8125, 0.3125, 1.0, 0.3125, 0.875, 0.875, 0.6875, 0.09375, 0.90625]
[TRAIN]: (278/1600): reward: -10.791008949279785, rates: 5.208990990145559, loss: 1.7113415598869324, rho: 0.4000000000000001, transmit_actions: 11, P: [0.46875, 0.65625, 0.78125, 0.625, 0.875, 0.875, 0.34375, 0.5625, 0.625, 0.78125, 0.84375, 0.21875, 0.0, 0.5, 0.15625, 0.5, 1.0, 0.03125, 0.5, 0.4375]
[TRAIN]: (279/1600): reward: -12.763262279331684, rates: 0.23673772849388072, loss: 1.7557053595781327, rho: 0.4000000000000001, transmit_actions: 10, P: [0.25, 0.84375, 0.03125, 0.40625, 0.96875, 0.84375, 0.03125, 0.78125, 0.65625, 0.9375, 0.9375, 0.375, 0.9375, 0.21875, 0.3125, 0.3125, 0.46875, 0.96875, 0.4375, 0.125]
[TRAIN]: (280/1600): reward: 5.277874737977982, rates: 16.277874940130605, loss: 1.8281067728996276, rho: 0.4000000000000001, transmit_actions: 9, P: [0.96875, 0.375, 0.71875, 0.1875, 0.8125, 0.09375, 0.65625, 0.4375, 0.8125, 0.65625, 0.09375, 0.1875, 0.78125, 0.46875, 0.625, 0.75, 0.9375, 0.71875, 0.65625, 0.09375]
[TRAIN]: (281/1600): reward: 0.7820653915405273, rates: 13.782065643450434, loss: 1.741524523496628, rho: 0.4000000000000001, transmit_actions: 10, P: [0.1875, 0.375, 0.5, 0.5, 0.96875, 0.21875, 0.59375, 0.71875, 0.40625, 0.75, 0.59375, 0.71875, 0.25, 0.90625, 0.28125, 0.8125, 0.375, 0.40625, 0.03125, 0.0625]
[TRAIN]: (282/1600): reward: -1.7123503684997559, rates: 13.287649559024906, loss: 1.9518089532852172, rho: 0.4000000000000001, transmit_actions: 12, P: [0.71875, 1.0, 0.3125, 0.65625, 0.59375, 0.09375, 0.625, 0.53125, 0.65625, 0.6875, 0.0625, 0.9375, 0.03125, 0.3125, 0.90625, 0.4375, 1.0, 0.15625, 0.59375, 0.03125]
[TRAIN]: (283/1600): reward: -7.302287757396698, rates: 5.697712286192774, loss: 1.928781473636627, rho: 0.4000000000000001, transmit_actions: 10, P: [1.0, 0.90625, 0.5625, 0.3125, 0.71875, 0.71875, 0.15625, 0.8125, 0.40625, 0.8125, 0.40625, 0.3125, 0.40625, 0.125, 0.21875, 0.25, 0.53125, 0.875, 0.59375, 0.65625]
[TRAIN]: (284/1600): reward: -10.69678020477295, rates: 6.303219674829651, loss: 1.786372995376587, rho: 0.4000000000000001, transmit_actions: 11, P: [0.15625, 0.3125, 0.28125, 0.625, 0.15625, 0.0625, 0.4375, 0.40625, 0.46875, 0.84375, 0.09375, 0.5625, 0.03125, 0.375, 1.0, 0.375, 0.5, 0.53125, 0.6875, 0.90625]
[TRAIN]: (285/1600): reward: -15.0, rates: 0, loss: 1.7968068420886993, rho: 0.4000000000000001, transmit_actions: 8, P: [0.40625, 0.84375, 1.0, 0.40625, 0.34375, 0.5, 0.3125, 0.0, 0.90625, 0.3125, 0.78125, 0.3125, 0.4375, 0.4375, 0.5625, 0.21875, 0.65625, 0.8125, 0.90625, 0.4375]
[TRAIN]: (286/1600): reward: -2.645086407661438, rates: 12.35491354896298, loss: 1.9326259076595307, rho: 0.4000000000000001, transmit_actions: 12, P: [0.09375, 0.90625, 0.0625, 0.53125, 0.78125, 0.09375, 0.75, 0.34375, 0.625, 0.53125, 0.71875, 0.25, 0.03125, 0.09375, 0.4375, 0.3125, 0.84375, 0.25, 0.28125, 0.3125]
[TRAIN]: (287/1600): reward: -14.550540745258331, rates: 2.4494592795110997, loss: 1.9175192773342133, rho: 0.4000000000000001, transmit_actions: 7, P: [0.75, 0.3125, 0.8125, 0.46875, 0.34375, 0.25, 0.71875, 0.8125, 0.15625, 0.6875, 0.1875, 0.25, 0.25, 0.1875, 0.0625, 0.34375, 0.9375, 0.25, 0.78125, 0.125]
[TRAIN]: (288/1600): reward: -11.752837896347046, rates: 4.247162193030382, loss: 1.727307915687561, rho: 0.4000000000000001, transmit_actions: 9, P: [0.0, 0.1875, 0.21875, 0.09375, 0.46875, 0.34375, 0.53125, 0.4375, 0.5625, 0.125, 0.8125, 1.0, 0.40625, 0.6875, 0.125, 0.6875, 0.8125, 0.53125, 0.6875, 0.96875]
[TRAIN]: (289/1600): reward: 0.40000417828559875, rates: 11.400004090939817, loss: 1.681072872877121, rho: 0.4000000000000001, transmit_actions: 11, P: [0.5625, 0.96875, 0.84375, 0.90625, 0.0625, 0.34375, 0.375, 0.53125, 0.5, 0.78125, 0.90625, 0.3125, 0.28125, 0.65625, 0.8125, 0.1875, 0.59375, 0.46875, 0.6875, 0.15625]
[TRAIN]: (290/1600): reward: -6.161517597734928, rates: 5.838482529978393, loss: 1.4639860421419144, rho: 0.4000000000000001, transmit_actions: 7, P: [0.84375, 0.28125, 0.0625, 0.21875, 0.03125, 0.71875, 0.90625, 0.375, 0.03125, 0.21875, 0.84375, 0.0, 0.84375, 0.25, 0.1875, 0.96875, 0.1875, 0.625, 0.8125, 0.25]
[TRAIN]: (291/1600): reward: 1.4295296669006348, rates: 13.429529898402954, loss: 1.7816890478134155, rho: 0.4000000000000001, transmit_actions: 9, P: [0.84375, 0.125, 0.6875, 0.125, 0.03125, 0.09375, 0.65625, 0.21875, 0.59375, 0.125, 0.6875, 0.03125, 0.90625, 0.65625, 0.9375, 0.75, 0.25, 0.59375, 0.75, 0.53125]
[TRAIN]: (292/1600): reward: -9.07143783569336, rates: 7.928562420557412, loss: 1.8838383644819259, rho: 0.4000000000000001, transmit_actions: 8, P: [0.25, 0.15625, 0.96875, 0.1875, 0.03125, 0.4375, 0.53125, 0.25, 0.96875, 0.75, 0.78125, 0.125, 0.75, 0.15625, 0.5, 0.96875, 0.125, 0.3125, 0.0625, 0.25]
[TRAIN]: (293/1600): reward: 0.3114817813038826, rates: 14.311481835886797, loss: 1.8143996924161911, rho: 0.4000000000000001, transmit_actions: 13, P: [0.09375, 0.53125, 0.5, 0.5625, 0.59375, 0.375, 0.03125, 0.40625, 0.6875, 0.5, 0.875, 0.5625, 0.09375, 0.84375, 0.0625, 0.46875, 0.125, 0.8125, 0.25, 0.8125]
[TRAIN]: (294/1600): reward: 4.9017762411385775, rates: 16.901776252236026, loss: 1.9206488609313965, rho: 0.4000000000000001, transmit_actions: 14, P: [0.96875, 0.34375, 0.375, 0.28125, 0.84375, 0.125, 0.9375, 0.09375, 0.21875, 0.65625, 0.4375, 0.03125, 0.25, 0.59375, 1.0, 0.34375, 0.375, 0.75, 0.75, 0.78125]
[TRAIN]: (295/1600): reward: -15.84518849849701, rates: 0.1548115086357345, loss: 1.783306223154068, rho: 0.4000000000000001, transmit_actions: 7, P: [0.4375, 0.09375, 0.3125, 0.28125, 0.5625, 0.59375, 0.84375, 0.78125, 1.0, 0.6875, 0.625, 0.25, 0.5, 0.5, 0.34375, 0.84375, 0.28125, 0.59375, 0.03125, 0.65625]
[TRAIN]: (296/1600): reward: -6.176078796386719, rates: 8.823921068679274, loss: 1.6492247700691223, rho: 0.4000000000000001, transmit_actions: 11, P: [0.90625, 0.125, 0.65625, 0.84375, 0.78125, 0.75, 0.375, 0.71875, 0.4375, 0.75, 0.625, 0.9375, 0.3125, 0.78125, 0.34375, 0.78125, 0.96875, 0.375, 0.4375, 0.59375]
[TRAIN]: (297/1600): reward: 24.947943925857544, rates: 32.947944153310765, loss: 1.797794336080551, rho: 0.4000000000000001, transmit_actions: 12, P: [0.34375, 1.0, 0.40625, 0.9375, 0.25, 0.9375, 0.65625, 0.875, 0.4375, 0.90625, 0.5625, 0.84375, 0.28125, 0.09375, 1.0, 0.40625, 0.0625, 0.75, 0.15625, 0.59375]
[TRAIN]: (298/1600): reward: 4.871764183044434, rates: 15.871764095953907, loss: 1.804567575454712, rho: 0.4000000000000001, transmit_actions: 7, P: [0.625, 0.5, 0.65625, 0.5625, 0.03125, 0.59375, 0.28125, 0.65625, 0.0, 0.59375, 0.84375, 0.53125, 1.0, 0.46875, 0.1875, 0.34375, 0.96875, 0.5, 0.5625, 0.53125]
[TRAIN]: (299/1600): reward: -4.790962994098663, rates: 7.209036876276112, loss: 1.9104600131511689, rho: 0.4000000000000001, transmit_actions: 8, P: [0.9375, 0.625, 0.75, 0.21875, 0.46875, 0.9375, 0.1875, 0.21875, 0.875, 0.4375, 0.09375, 0.40625, 0.6875, 0.59375, 0.84375, 0.28125, 0.09375, 0.8125, 0.375, 0.21875]
[TRAIN]: (300/1600): reward: -11.778757095336914, rates: 5.221242769497887, loss: 1.7962956547737121, rho: 0.4000000000000001, transmit_actions: 11, P: [0.875, 0.8125, 0.84375, 0.28125, 0.21875, 0.90625, 0.90625, 0.0, 0.25, 0.09375, 0.53125, 0.8125, 0.1875, 0.5, 0.40625, 0.84375, 0.34375, 0.1875, 0.125, 0.125]
[TRAIN]: (301/1600): reward: 15.055573105812073, rates: 23.055573604967545, loss: 1.6418055206537248, rho: 0.4000000000000001, transmit_actions: 11, P: [0.53125, 0.5, 0.15625, 0.84375, 0.15625, 0.84375, 0.875, 0.1875, 0.96875, 0.3125, 0.09375, 0.65625, 0.0, 0.6875, 0.375, 0.0, 0.78125, 0.15625, 0.4375, 0.3125]
[TRAIN]: (302/1600): reward: -0.8284959197044373, rates: 11.171503821145864, loss: 1.7630026400089265, rho: 0.4000000000000001, transmit_actions: 12, P: [0.78125, 0.71875, 0.8125, 0.15625, 0.21875, 0.59375, 0.5625, 0.25, 0.90625, 0.21875, 0.34375, 0.40625, 0.71875, 0.75, 0.5625, 0.59375, 0.9375, 0.0, 0.5625, 0.46875]
[TRAIN]: (303/1600): reward: -8.12530180811882, rates: 4.874698168740337, loss: 1.9778962433338165, rho: 0.4000000000000001, transmit_actions: 10, P: [0.90625, 0.5625, 0.78125, 0.34375, 0.75, 0.25, 0.9375, 0.25, 1.0, 0.875, 0.59375, 0.5, 0.0, 0.0625, 0.5625, 0.3125, 0.4375, 0.0, 0.21875, 0.8125]
[TRAIN]: (304/1600): reward: -18.0, rates: 0, loss: 1.7180205941200257, rho: 0.4000000000000001, transmit_actions: 9, P: [0.34375, 0.9375, 0.9375, 0.375, 0.875, 0.65625, 0.3125, 0.375, 0.46875, 0.375, 0.65625, 0.5625, 0.1875, 0.5, 0.96875, 0.5625, 0.3125, 0.5625, 0.0, 0.125]
[TRAIN]: (305/1600): reward: -2.599832773208618, rates: 10.40016697683242, loss: 1.9764639019966126, rho: 0.4000000000000001, transmit_actions: 8, P: [0.96875, 0.40625, 0.75, 0.71875, 0.5625, 0.75, 0.46875, 0.90625, 0.3125, 0.40625, 0.53125, 0.5, 0.5625, 0.375, 0.03125, 0.59375, 0.125, 0.65625, 0.40625, 0.75]
[TRAIN]: (306/1600): reward: 5.1216349601745605, rates: 18.12163481200173, loss: 1.8479183077812196, rho: 0.4000000000000001, transmit_actions: 13, P: [0.21875, 0.5625, 0.75, 0.15625, 0.78125, 0.75, 0.9375, 0.5, 0.71875, 0.09375, 0.625, 0.40625, 0.46875, 0.0625, 0.1875, 0.5625, 0.84375, 0.34375, 0.4375, 0.03125]
[TRAIN]: (307/1600): reward: -5.619690716266632, rates: 9.380309573433166, loss: 1.8157026708126067, rho: 0.4000000000000001, transmit_actions: 8, P: [0.125, 0.25, 0.28125, 0.3125, 0.28125, 0.0625, 0.65625, 0.40625, 0.75, 0.40625, 0.8125, 0.625, 0.65625, 0.65625, 0.3125, 0.1875, 0.78125, 0.375, 0.09375, 0.75]
[TRAIN]: (308/1600): reward: -4.527103424072266, rates: 8.472896857218657, loss: 1.9517864108085632, rho: 0.4000000000000001, transmit_actions: 8, P: [0.59375, 0.53125, 0.1875, 0.84375, 0.3125, 0.9375, 0.28125, 0.53125, 0.96875, 1.0, 0.96875, 0.53125, 0.53125, 0.53125, 0.03125, 0.25, 0.8125, 0.3125, 0.375, 0.1875]
[TRAIN]: (309/1600): reward: -10.549874760210514, rates: 5.450125389654234, loss: 1.8192715227603913, rho: 0.4000000000000001, transmit_actions: 13, P: [0.28125, 0.75, 0.71875, 0.15625, 0.4375, 0.46875, 0.0, 0.90625, 0.28125, 0.34375, 0.125, 0.71875, 0.375, 0.09375, 0.84375, 0.21875, 0.90625, 0.4375, 0.59375, 0.90625]
[TRAIN]: (310/1600): reward: -10.169997135177255, rates: 4.830002672223161, loss: 1.8320963203907012, rho: 0.4000000000000001, transmit_actions: 11, P: [0.59375, 0.09375, 0.25, 0.375, 0.78125, 0.4375, 0.59375, 0.75, 0.71875, 0.9375, 0.96875, 0.4375, 0.46875, 0.03125, 0.21875, 0.75, 0.78125, 0.09375, 0.75, 0.59375]
[TRAIN]: (311/1600): reward: -11.31809777021408, rates: 1.6819021772037548, loss: 1.8276660084724425, rho: 0.4000000000000001, transmit_actions: 11, P: [0.53125, 0.71875, 0.0, 0.75, 0.0625, 0.15625, 0.28125, 0.25, 0.84375, 0.9375, 0.34375, 0.34375, 0.71875, 0.8125, 0.96875, 0.625, 1.0, 0.4375, 0.8125, 0.84375]
[TRAIN]: (312/1600): reward: -15.142258048057556, rates: 1.8577419411337415, loss: 1.9103169918060303, rho: 0.4000000000000001, transmit_actions: 10, P: [0.1875, 0.3125, 0.46875, 0.875, 0.625, 0.65625, 0.28125, 0.125, 0.625, 0.6875, 0.84375, 0.40625, 0.4375, 0.71875, 1.0, 0.8125, 0.34375, 0.59375, 0.78125, 0.53125]
[TRAIN]: (313/1600): reward: -10.392129495739937, rates: 5.6078706618880885, loss: 1.9823418021202088, rho: 0.4000000000000001, transmit_actions: 8, P: [0.6875, 0.90625, 0.53125, 0.125, 0.53125, 0.5625, 0.59375, 0.0, 0.40625, 0.09375, 0.15625, 0.1875, 0.6875, 0.5, 0.71875, 1.0, 0.4375, 0.71875, 0.75, 0.5625]
[TRAIN]: (314/1600): reward: 3.1245429515838623, rates: 15.124542953050735, loss: 1.677596342563629, rho: 0.4000000000000001, transmit_actions: 11, P: [0.59375, 0.3125, 0.84375, 0.6875, 0.5, 0.46875, 0.6875, 1.0, 0.9375, 0.59375, 0.09375, 0.96875, 0.84375, 0.4375, 0.25, 0.3125, 0.65625, 0.84375, 0.65625, 0.78125]
[TRAIN]: (315/1600): reward: -15.709733676165342, rates: 0.29026632941431063, loss: 1.7130649536848068, rho: 0.4000000000000001, transmit_actions: 6, P: [0.6875, 0.875, 0.09375, 0.46875, 0.59375, 0.28125, 0.8125, 0.0625, 0.09375, 0.3125, 0.96875, 0.25, 0.25, 0.78125, 0.8125, 0.53125, 0.6875, 0.0, 0.4375, 0.71875]
[TRAIN]: (316/1600): reward: 0.013004779815673828, rates: 11.013004704451866, loss: 1.8666124999523164, rho: 0.4000000000000001, transmit_actions: 12, P: [0.3125, 0.75, 0.8125, 0.15625, 0.9375, 1.0, 0.5, 0.15625, 0.0, 0.59375, 0.5, 1.0, 0.875, 0.65625, 0.0625, 0.59375, 0.71875, 0.90625, 0.15625, 0.71875]
[TRAIN]: (317/1600): reward: -1.534971758723259, rates: 10.465028073726081, loss: 1.82996044754982, rho: 0.4000000000000001, transmit_actions: 12, P: [0.65625, 0.28125, 0.0625, 0.3125, 0.875, 0.25, 0.65625, 0.09375, 0.15625, 0.5, 0.875, 0.65625, 0.0625, 0.71875, 0.4375, 0.90625, 0.9375, 0.8125, 0.75, 0.59375]
[TRAIN]: (318/1600): reward: -11.416920185089111, rates: 4.583079774184457, loss: 1.5877153337001801, rho: 0.4000000000000001, transmit_actions: 12, P: [0.0625, 0.96875, 0.4375, 0.03125, 0.125, 0.5625, 0.15625, 0.71875, 0.28125, 0.9375, 0.96875, 0.75, 0.53125, 0.46875, 0.09375, 0.40625, 0.78125, 0.3125, 0.3125, 0.15625]
[TRAIN]: (319/1600): reward: -12.528011530637741, rates: 0.47198847199465616, loss: 1.8241619169712067, rho: 0.4000000000000001, transmit_actions: 12, P: [0.4375, 0.375, 0.21875, 0.46875, 0.65625, 0.6875, 1.0, 0.34375, 0.34375, 0.90625, 0.8125, 0.84375, 0.4375, 0.875, 1.0, 0.34375, 0.65625, 0.21875, 0.0, 0.21875]
[TRAIN]: (320/1600): reward: -6.843333542346954, rates: 5.15666647596363, loss: 1.705060738325119, rho: 0.4000000000000001, transmit_actions: 8, P: [0.46875, 0.84375, 0.875, 0.96875, 0.6875, 0.78125, 0.28125, 0.46875, 0.8125, 0.875, 0.15625, 0.5, 0.75, 0.21875, 0.71875, 0.875, 1.0, 0.3125, 0.3125, 0.53125]
[TRAIN]: (321/1600): reward: -5.243794649839401, rates: 9.756205486885586, loss: 1.521674507856369, rho: 0.4000000000000001, transmit_actions: 13, P: [0.59375, 0.78125, 0.65625, 0.375, 0.59375, 0.125, 0.0, 0.34375, 0.65625, 0.71875, 0.53125, 0.6875, 0.78125, 0.96875, 0.625, 0.28125, 0.125, 0.34375, 0.28125, 0.25]
[TRAIN]: (322/1600): reward: -12.35542106628418, rates: 4.64457915330404, loss: 1.8716564178466797, rho: 0.4000000000000001, transmit_actions: 9, P: [0.46875, 0.71875, 0.46875, 0.46875, 0.5625, 0.96875, 0.6875, 0.96875, 0.25, 0.5625, 0.0625, 0.09375, 0.21875, 0.40625, 0.75, 0.40625, 0.46875, 0.375, 0.28125, 0.78125]
[TRAIN]: (323/1600): reward: -14.453929580748081, rates: 0.5460704327008736, loss: 1.674986270070076, rho: 0.4000000000000001, transmit_actions: 11, P: [0.8125, 0.375, 0.15625, 0.25, 0.8125, 0.90625, 0.65625, 0.3125, 0.4375, 0.90625, 0.875, 0.90625, 0.65625, 0.65625, 0.5625, 0.03125, 0.96875, 0.59375, 0.8125, 0.78125]
[TRAIN]: (324/1600): reward: 0.11510705947875977, rates: 11.11510731110313, loss: 1.7784706771373748, rho: 0.4000000000000001, transmit_actions: 13, P: [0.28125, 0.28125, 0.46875, 0.6875, 0.5625, 0.71875, 0.59375, 0.34375, 0.25, 0.5625, 0.71875, 0.53125, 0.5625, 0.84375, 0.6875, 0.8125, 0.25, 0.6875, 0.5625, 0.03125]
[TRAIN]: (325/1600): reward: -13.643241167068481, rates: 1.3567588377895454, loss: 1.9052886486053466, rho: 0.4000000000000001, transmit_actions: 9, P: [0.78125, 0.1875, 0.1875, 0.6875, 0.46875, 0.71875, 0.0, 0.21875, 0.3125, 0.84375, 0.3125, 0.84375, 0.375, 0.0625, 0.875, 0.8125, 0.8125, 0.65625, 0.53125, 0.65625]
[TRAIN]: (326/1600): reward: -1.9163355827331543, rates: 12.083664729796288, loss: 1.8423049926757813, rho: 0.4000000000000001, transmit_actions: 8, P: [0.6875, 0.25, 0.75, 0.84375, 0.15625, 0.03125, 0.78125, 0.5, 0.125, 0.15625, 0.3125, 0.78125, 0.96875, 0.71875, 0.0625, 0.6875, 0.71875, 0.8125, 0.375, 0.0]
[TRAIN]: (327/1600): reward: -10.25382924079895, rates: 3.746170654520504, loss: 1.7859554946422578, rho: 0.4000000000000001, transmit_actions: 9, P: [0.09375, 0.6875, 0.90625, 0.75, 0.78125, 0.5, 0.0, 0.65625, 0.4375, 1.0, 0.78125, 0.84375, 0.15625, 0.46875, 0.03125, 0.40625, 0.90625, 0.78125, 0.09375, 0.21875]
[TRAIN]: (328/1600): reward: -15.0, rates: 0.0, loss: 1.8434318214654923, rho: 0.4000000000000001, transmit_actions: 13, P: [0.21875, 1.0, 0.6875, 0.34375, 0.96875, 0.59375, 1.0, 0.34375, 0.5625, 0.9375, 0.40625, 0.96875, 0.78125, 0.0, 0.34375, 0.5625, 0.84375, 0.0, 0.3125, 0.65625]
[TRAIN]: (329/1600): reward: -5.449936781078577, rates: 6.550062975632642, loss: 1.7766526460647583, rho: 0.4000000000000001, transmit_actions: 11, P: [0.53125, 0.46875, 0.9375, 0.6875, 0.03125, 0.21875, 0.78125, 0.1875, 0.90625, 0.5, 0.75, 0.125, 0.0, 0.65625, 0.96875, 0.6875, 0.59375, 0.1875, 0.90625, 0.78125]
[TRAIN]: (330/1600): reward: -13.710586786270142, rates: 1.2894132583517195, loss: 1.9702957391738891, rho: 0.4000000000000001, transmit_actions: 10, P: [0.53125, 0.125, 0.15625, 0.78125, 0.3125, 0.71875, 0.9375, 0.75, 0.53125, 0.15625, 0.84375, 0.375, 0.875, 0.625, 0.96875, 0.90625, 0.875, 0.46875, 0.3125, 0.8125]
[TRAIN]: (331/1600): reward: -12.044729232788086, rates: 3.9552708283707503, loss: 1.4456495106220246, rho: 0.4000000000000001, transmit_actions: 9, P: [0.90625, 0.90625, 0.28125, 0.21875, 0.03125, 0.65625, 0.21875, 0.5, 0.0, 0.375, 0.34375, 0.375, 0.40625, 0.03125, 0.5, 0.8125, 0.03125, 0.96875, 0.40625, 0.25]
[TRAIN]: (332/1600): reward: -0.8261179625988007, rates: 10.17388219872042, loss: 1.8326582610607147, rho: 0.4000000000000001, transmit_actions: 8, P: [0.75, 0.53125, 0.5625, 0.1875, 0.75, 0.53125, 0.0625, 0.875, 0.0, 0.0, 0.5625, 0.34375, 0.09375, 0.28125, 0.25, 0.03125, 0.40625, 0.6875, 0.71875, 0.375]
[TRAIN]: (333/1600): reward: -6.162572383880615, rates: 8.837427588038453, loss: 1.956236881017685, rho: 0.4000000000000001, transmit_actions: 8, P: [0.1875, 0.0625, 0.625, 0.125, 0.78125, 0.6875, 1.0, 1.0, 0.125, 0.9375, 1.0, 0.71875, 0.6875, 0.375, 0.6875, 0.96875, 0.46875, 0.96875, 0.15625, 0.03125]
[TRAIN]: (334/1600): reward: -15.115285262465477, rates: 0.8847147051430495, loss: 1.770766270160675, rho: 0.4000000000000001, transmit_actions: 12, P: [0.78125, 0.28125, 0.125, 0.90625, 0.375, 0.21875, 0.59375, 0.75, 0.25, 0.0, 1.0, 0.25, 0.53125, 1.0, 0.90625, 0.65625, 0.28125, 0.71875, 1.0, 0.125]
[TRAIN]: (335/1600): reward: -7.935036659240723, rates: 6.064963410235082, loss: 1.870154184103012, rho: 0.4000000000000001, transmit_actions: 8, P: [0.625, 0.84375, 0.28125, 0.03125, 0.5, 0.4375, 1.0, 0.84375, 0.53125, 0.71875, 0.84375, 0.8125, 0.03125, 0.90625, 0.40625, 0.25, 0.6875, 0.625, 0.03125, 0.4375]
[TRAIN]: (336/1600): reward: 3.3361235707998276, rates: 13.336123455446288, loss: 1.9431220591068268, rho: 0.4000000000000001, transmit_actions: 11, P: [0.03125, 0.0625, 0.03125, 0.4375, 0.4375, 0.4375, 0.71875, 0.40625, 0.71875, 0.28125, 0.59375, 0.65625, 0.375, 0.6875, 0.125, 0.9375, 0.3125, 0.8125, 0.03125, 0.75]
[TRAIN]: (337/1600): reward: -7.782903499901295, rates: 6.217096472933348, loss: 1.7883691310882568, rho: 0.4000000000000001, transmit_actions: 14, P: [0.40625, 0.625, 0.84375, 0.40625, 0.15625, 1.0, 0.46875, 0.1875, 0.71875, 0.0, 0.53125, 0.8125, 0.65625, 0.46875, 1.0, 0.59375, 0.90625, 0.8125, 0.28125, 0.625]
[TRAIN]: (338/1600): reward: 0.12535786628723145, rates: 14.125357799964412, loss: 2.1193074762821196, rho: 0.4000000000000001, transmit_actions: 8, P: [0.875, 0.0, 0.28125, 0.78125, 0.9375, 0.78125, 0.6875, 0.21875, 0.0625, 0.875, 0.84375, 0.125, 0.15625, 0.0625, 0.5625, 0.75, 0.03125, 0.6875, 0.78125, 0.875]
[TRAIN]: (339/1600): reward: -12.70204696804285, rates: 1.2979530171852107, loss: 1.860966682434082, rho: 0.4000000000000001, transmit_actions: 9, P: [0.53125, 0.15625, 0.21875, 0.25, 0.5, 0.46875, 0.1875, 0.40625, 0.65625, 0.78125, 0.5625, 0.0, 0.09375, 0.78125, 0.625, 0.90625, 0.4375, 0.625, 0.40625, 0.65625]
[TRAIN]: (340/1600): reward: -11.271180748939514, rates: 0.7288192495548407, loss: 1.9812504053115845, rho: 0.4000000000000001, transmit_actions: 10, P: [0.96875, 0.5625, 0.125, 0.59375, 0.96875, 0.5, 0.96875, 0.625, 0.5, 0.84375, 0.9375, 0.1875, 0.84375, 0.34375, 0.8125, 0.0, 0.8125, 0.5625, 0.1875, 0.90625]
[TRAIN]: (341/1600): reward: -16.0, rates: 0, loss: 1.812611737847328, rho: 0.4000000000000001, transmit_actions: 12, P: [0.25, 0.875, 0.71875, 0.96875, 1.0, 0.4375, 0.625, 0.75, 0.6875, 0.34375, 0.59375, 0.3125, 0.96875, 0.90625, 0.5625, 0.59375, 0.6875, 0.0625, 0.46875, 0.90625]
[TRAIN]: (342/1600): reward: 3.6681666374206543, rates: 16.66816680258835, loss: 1.7807750463485719, rho: 0.4000000000000001, transmit_actions: 10, P: [0.4375, 0.53125, 0.21875, 0.9375, 0.84375, 0.0, 0.65625, 0.46875, 0.03125, 0.40625, 0.90625, 0.84375, 0.71875, 0.4375, 0.09375, 0.65625, 0.6875, 0.21875, 1.0, 0.125]
[TRAIN]: (343/1600): reward: -5.143946468830109, rates: 7.856053554067901, loss: 1.7425132513046264, rho: 0.4000000000000001, transmit_actions: 9, P: [0.25, 0.59375, 0.40625, 0.65625, 0.59375, 0.84375, 0.875, 0.90625, 0.15625, 0.1875, 0.25, 0.90625, 0.625, 0.5625, 0.0625, 0.6875, 0.71875, 0.1875, 0.375, 0.03125]
[TRAIN]: (344/1600): reward: 13.91064839065075, rates: 22.91064834780302, loss: 1.8519710421562194, rho: 0.4000000000000001, transmit_actions: 14, P: [0.28125, 0.21875, 0.0, 0.625, 0.21875, 0.34375, 0.6875, 0.90625, 0.21875, 0.96875, 0.65625, 0.15625, 0.5, 0.1875, 0.90625, 0.5, 0.71875, 0.03125, 0.125, 0.0625]
[TRAIN]: (345/1600): reward: -11.135619223117828, rates: 3.864380809297091, loss: 1.7346530556678772, rho: 0.4000000000000001, transmit_actions: 9, P: [0.46875, 0.4375, 0.90625, 0.03125, 0.4375, 0.34375, 0.6875, 0.40625, 0.0, 0.125, 0.875, 0.40625, 0.5625, 0.21875, 0.59375, 0.84375, 0.03125, 1.0, 1.0, 0.3125]
[TRAIN]: (346/1600): reward: -1.838428020477295, rates: 9.161572018529483, loss: 1.770393145084381, rho: 0.4000000000000001, transmit_actions: 8, P: [0.9375, 0.0625, 0.875, 0.90625, 0.625, 0.3125, 0.59375, 0.96875, 1.0, 0.46875, 0.8125, 0.28125, 0.21875, 0.03125, 0.78125, 0.90625, 0.96875, 0.78125, 0.4375, 0.375]
[TRAIN]: (347/1600): reward: -5.243175446987152, rates: 7.756824346564414, loss: 1.808845615386963, rho: 0.4000000000000001, transmit_actions: 12, P: [0.625, 0.25, 0.21875, 0.6875, 1.0, 0.6875, 0.75, 0.8125, 0.21875, 0.96875, 0.5, 0.84375, 0.8125, 0.59375, 0.9375, 0.46875, 0.0, 0.78125, 0.0, 0.875]
[TRAIN]: (348/1600): reward: 0.8378719538450241, rates: 12.837871755646892, loss: 1.7672960937023163, rho: 0.4000000000000001, transmit_actions: 10, P: [0.375, 0.90625, 0.875, 0.40625, 0.0625, 0.6875, 0.6875, 0.53125, 0.90625, 1.0, 0.71875, 0.28125, 0.5, 0.6875, 0.6875, 0.59375, 0.65625, 0.90625, 0.0, 0.21875]
[TRAIN]: (349/1600): reward: -7.046241283416748, rates: 7.953758591891804, loss: 1.8580404996871949, rho: 0.4000000000000001, transmit_actions: 9, P: [0.5, 0.3125, 0.59375, 0.4375, 0.0, 0.53125, 0.09375, 0.40625, 0.84375, 0.125, 0.78125, 0.90625, 0.03125, 1.0, 0.1875, 0.15625, 0.65625, 0.5, 0.9375, 0.0]
[TRAIN]: (350/1600): reward: 2.4135661125183105, rates: 13.413566305061515, loss: 1.8515919506549836, rho: 0.4000000000000001, transmit_actions: 9, P: [0.75, 0.90625, 0.0, 0.5625, 1.0, 0.59375, 0.1875, 0.1875, 0.84375, 0.78125, 0.125, 0.875, 0.0625, 0.9375, 0.5, 0.40625, 0.875, 0.5, 0.09375, 0.28125]
[TRAIN]: (351/1600): reward: -6.793616354465485, rates: 6.2063838892055845, loss: 1.8514648497104644, rho: 0.4000000000000001, transmit_actions: 11, P: [0.5625, 0.25, 0.15625, 0.375, 0.9375, 0.625, 0.84375, 0.59375, 0.78125, 0.34375, 0.96875, 0.375, 0.5625, 0.21875, 0.90625, 0.84375, 0.4375, 0.75, 0.375, 0.65625]
[TRAIN]: (352/1600): reward: -6.892621234059334, rates: 9.107379040182838, loss: 1.9735658764839172, rho: 0.4000000000000001, transmit_actions: 8, P: [0.78125, 0.15625, 0.40625, 0.53125, 0.4375, 0.09375, 0.1875, 0.25, 0.5625, 0.75, 0.1875, 0.1875, 0.625, 0.9375, 0.0, 0.4375, 0.8125, 0.625, 0.125, 0.0625]
[TRAIN]: (353/1600): reward: 1.5643070340156555, rates: 14.564307208125959, loss: 1.8502086400985718, rho: 0.4000000000000001, transmit_actions: 14, P: [0.5, 0.5, 0.40625, 0.9375, 0.59375, 0.125, 0.1875, 0.5, 0.6875, 0.3125, 0.46875, 0.875, 0.09375, 0.34375, 0.09375, 0.4375, 0.96875, 0.3125, 0.5, 0.625]
[TRAIN]: (354/1600): reward: -6.992009997367859, rates: 6.007990144372601, loss: 1.6276520490646362, rho: 0.4000000000000001, transmit_actions: 11, P: [0.375, 0.46875, 0.34375, 0.71875, 0.21875, 0.40625, 0.625, 0.78125, 0.25, 0.96875, 0.53125, 0.875, 0.125, 0.5625, 0.75, 0.0, 0.1875, 0.5625, 0.53125, 0.9375]
[TRAIN]: (355/1600): reward: -0.17340683937072754, rates: 12.826593525660298, loss: 2.005828911066055, rho: 0.4000000000000001, transmit_actions: 12, P: [0.59375, 0.8125, 0.90625, 0.1875, 0.8125, 0.875, 0.75, 0.4375, 0.1875, 0.78125, 0.78125, 0.4375, 0.03125, 0.9375, 1.0, 1.0, 0.1875, 0.46875, 0.09375, 0.125]
