[MAIN]: START
[ENV]: Started init Environment
[ENV]: ACTIONS_SPACE: 66
[ENV]: Finished init Environment
[TRAIN]: actions: 66, observations: 12
[TRAIN]: CUDA: True
[TRAIN]: (1/1600): reward: -14.717289388179779, rates: 0.2827106194849325, loss: 0, rho: 0.4000000000000001, transmit_actions: 7, P: [0.875, 0.4375, 0.40625, 0.71875, 0.75, 0.3125, 0.34375, 0.21875, 0.21875, 0.5625, 0.4375, 0.78125, 0.5625, 0.71875, 0.71875, 0.03125, 0.34375, 0.90625, 0.625, 0.46875]
[TRAIN]: (2/1600): reward: -6.452646836638451, rates: 7.5473533081326405, loss: 0, rho: 0.4000000000000001, transmit_actions: 13, P: [0.53125, 0.34375, 0.34375, 0.40625, 0.46875, 0.78125, 0.71875, 0.21875, 0.84375, 0.1875, 1.0, 0.6875, 1.0, 0.0, 0.6875, 0.28125, 0.90625, 0.9375, 0.0, 0.25]
[TRAIN]: (3/1600): reward: -7.888859689235687, rates: 6.111140545170613, loss: 0, rho: 0.4000000000000001, transmit_actions: 10, P: [0.90625, 0.40625, 0.78125, 0.6875, 0.5, 0.46875, 0.6875, 0.84375, 0.84375, 0.0, 0.40625, 0.59375, 0.0625, 0.25, 0.375, 0.59375, 0.5625, 0.09375, 0.84375, 0.75]
[TRAIN]: (4/1600): reward: 5.144989728927612, rates: 18.144989495825534, loss: 3.757786147734698, rho: 0.4000000000000001, transmit_actions: 13, P: [0.8125, 0.8125, 0.1875, 0.09375, 0.125, 0.5625, 0.40625, 0.65625, 0.46875, 0.09375, 0.78125, 0.25, 0.03125, 1.0, 0.71875, 0.59375, 0.46875, 0.28125, 0.5625, 0.625]
[TRAIN]: (5/1600): reward: 6.661081314086914, rates: 20.66108134550874, loss: 5.36222517490387, rho: 0.4000000000000001, transmit_actions: 10, P: [0.875, 0.65625, 0.9375, 0.71875, 0.5, 0.875, 0.0, 0.59375, 0.28125, 0.8125, 0.0625, 0.71875, 0.21875, 0.03125, 0.125, 1.0, 0.625, 0.625, 0.15625, 0.09375]
[TRAIN]: (6/1600): reward: -5.986002027988434, rates: 7.013997801891296, loss: 4.908835065364838, rho: 0.4000000000000001, transmit_actions: 12, P: [0.25, 0.6875, 0.75, 0.46875, 0.8125, 0.8125, 0.34375, 0.4375, 0.5625, 0.9375, 0.21875, 0.46875, 0.40625, 0.9375, 0.65625, 0.1875, 0.75, 0.0625, 0.9375, 0.84375]
[TRAIN]: (7/1600): reward: 4.202283948659897, rates: 17.20228389176301, loss: 4.565661323070526, rho: 0.4000000000000001, transmit_actions: 11, P: [0.75, 0.5, 0.75, 0.09375, 0.65625, 0.46875, 0.125, 0.40625, 0.8125, 0.25, 0.21875, 0.5, 0.375, 0.0, 0.4375, 0.09375, 0.1875, 0.9375, 0.0, 0.15625]
[TRAIN]: (8/1600): reward: -6.583714544773102, rates: 7.41628526493437, loss: 4.5381387591362, rho: 0.4000000000000001, transmit_actions: 8, P: [0.59375, 0.4375, 0.5625, 0.46875, 0.3125, 0.15625, 0.78125, 0.59375, 0.5, 0.21875, 0.09375, 0.28125, 0.15625, 0.1875, 0.4375, 0.625, 0.84375, 0.09375, 0.96875, 0.84375]
[TRAIN]: (9/1600): reward: 0.7041722536087036, rates: 14.704172461385717, loss: 4.071959543228149, rho: 0.4000000000000001, transmit_actions: 8, P: [0.53125, 0.84375, 0.46875, 0.09375, 0.40625, 0.4375, 0.0, 0.46875, 0.96875, 0.09375, 0.28125, 0.6875, 0.40625, 0.71875, 0.4375, 0.78125, 0.1875, 0.09375, 0.03125, 0.59375]
[TRAIN]: (10/1600): reward: 1.7062934190034866, rates: 8.70629356819498, loss: 3.514901840686798, rho: 0.4000000000000001, transmit_actions: 8, P: [0.84375, 0.46875, 0.1875, 0.71875, 0.71875, 1.0, 0.25, 0.84375, 0.0625, 0.4375, 0.25, 0.78125, 0.0625, 0.96875, 0.75, 0.96875, 0.96875, 0.0625, 0.90625, 0.0625]
[TRAIN]: (11/1600): reward: -10.491802334785461, rates: 4.508197702472458, loss: 2.9802995383739472, rho: 0.4000000000000001, transmit_actions: 8, P: [0.15625, 0.0, 0.59375, 0.9375, 0.5625, 0.3125, 0.53125, 0.21875, 0.5625, 0.125, 0.84375, 0.90625, 0.625, 0.625, 0.15625, 0.71875, 0.53125, 0.0625, 0.9375, 0.8125]
[TRAIN]: (12/1600): reward: -8.154735192656517, rates: 4.845264654196099, loss: 2.283383476734161, rho: 0.4000000000000001, transmit_actions: 12, P: [0.71875, 0.625, 0.5, 0.0625, 0.4375, 0.1875, 0.21875, 0.0, 0.125, 0.15625, 0.375, 0.5, 0.46875, 0.8125, 0.53125, 0.125, 0.9375, 0.90625, 0.65625, 0.0]
[TRAIN]: (13/1600): reward: -8.28254845738411, rates: 6.717451379331827, loss: 2.3311888754367827, rho: 0.4000000000000001, transmit_actions: 8, P: [0.03125, 0.25, 0.65625, 0.5, 0.4375, 0.90625, 0.40625, 0.21875, 0.75, 0.34375, 0.8125, 0.4375, 0.375, 0.875, 0.21875, 0.125, 0.4375, 0.65625, 0.59375, 0.125]
[TRAIN]: (14/1600): reward: -11.425919968634844, rates: 0.574080023211145, loss: 2.2554109394550323, rho: 0.4000000000000001, transmit_actions: 8, P: [0.1875, 0.0625, 0.21875, 0.28125, 0.625, 0.75, 0.875, 0.75, 0.40625, 0.9375, 0.84375, 0.90625, 0.0625, 0.71875, 1.0, 0.875, 0.3125, 0.6875, 0.875, 0.4375]
[TRAIN]: (15/1600): reward: 1.276932742446661, rates: 12.27693279227231, loss: 2.26745365858078, rho: 0.4000000000000001, transmit_actions: 11, P: [0.4375, 0.0, 0.4375, 0.09375, 0.875, 0.15625, 0.125, 0.15625, 0.4375, 0.125, 0.96875, 0.75, 1.0, 0.71875, 0.25, 0.6875, 0.59375, 0.625, 0.75, 0.21875]
[TRAIN]: (16/1600): reward: -10.129747450351715, rates: 1.8702525507463457, loss: 2.4880689084529877, rho: 0.4000000000000001, transmit_actions: 12, P: [0.0, 0.4375, 0.78125, 0.1875, 0.78125, 0.09375, 0.71875, 0.375, 0.71875, 0.90625, 0.5625, 0.90625, 0.34375, 0.5625, 0.59375, 0.0625, 0.78125, 0.0, 0.875, 0.75]
[TRAIN]: (17/1600): reward: -7.958425924181938, rates: 6.041574238631657, loss: 2.4225344598293304, rho: 0.4000000000000001, transmit_actions: 9, P: [0.25, 0.28125, 0.8125, 0.3125, 0.3125, 0.4375, 0.53125, 0.65625, 0.6875, 0.03125, 0.4375, 0.09375, 0.84375, 0.46875, 0.3125, 0.65625, 0.78125, 0.46875, 0.3125, 0.25]
[TRAIN]: (18/1600): reward: -3.9048955887556076, rates: 10.095104448034338, loss: 2.25093914270401, rho: 0.4000000000000001, transmit_actions: 12, P: [0.625, 0.53125, 0.1875, 0.625, 0.875, 0.53125, 0.90625, 0.46875, 0.0625, 0.5, 0.21875, 0.78125, 0.0625, 0.65625, 0.34375, 0.5, 0.46875, 0.5625, 0.9375, 0.5625]
[TRAIN]: (19/1600): reward: -9.302012771368027, rates: 5.697987326827987, loss: 2.4219610154628755, rho: 0.4000000000000001, transmit_actions: 9, P: [0.9375, 0.75, 0.6875, 0.25, 0.25, 0.3125, 0.84375, 0.15625, 0.875, 0.21875, 0.1875, 0.90625, 0.5625, 0.84375, 0.34375, 0.3125, 0.65625, 0.53125, 0.4375, 0.25]
[TRAIN]: (20/1600): reward: -11.827618822455406, rates: 0.17238117793179322, loss: 2.2039944410324095, rho: 0.4000000000000001, transmit_actions: 6, P: [0.65625, 0.15625, 0.90625, 0.03125, 0.8125, 0.4375, 0.375, 0.9375, 1.0, 0.84375, 0.1875, 0.21875, 0.25, 0.25, 0.9375, 0.90625, 0.3125, 0.875, 1.0, 0.75]
[TRAIN]: (21/1600): reward: -13.362422406673431, rates: 0.6375775876348013, loss: 2.044830101728439, rho: 0.4000000000000001, transmit_actions: 7, P: [0.34375, 0.03125, 0.875, 0.53125, 0.1875, 0.84375, 0.46875, 0.0625, 0.625, 0.0, 0.625, 0.21875, 0.65625, 0.625, 0.5, 0.1875, 0.875, 0.3125, 0.8125, 0.59375]
[TRAIN]: (22/1600): reward: -11.830697536468506, rates: 4.1693024988445595, loss: 1.7918362319469452, rho: 0.4000000000000001, transmit_actions: 12, P: [0.0, 0.78125, 0.34375, 0.21875, 0.1875, 0.59375, 0.6875, 0.03125, 0.375, 0.125, 0.03125, 0.9375, 0.65625, 0.84375, 0.875, 0.96875, 0.3125, 0.4375, 0.125, 0.78125]
[TRAIN]: (23/1600): reward: 1.8728121519088745, rates: 11.87281189953967, loss: 2.0933471739292147, rho: 0.4000000000000001, transmit_actions: 11, P: [0.90625, 0.75, 0.125, 0.15625, 0.84375, 0.75, 0.5, 1.0, 1.0, 0.40625, 0.375, 0.5625, 1.0, 0.84375, 0.6875, 0.125, 0.0, 0.375, 0.59375, 0.65625]
[TRAIN]: (24/1600): reward: 7.907750815153122, rates: 18.907750936233136, loss: 2.0973037838935853, rho: 0.4000000000000001, transmit_actions: 13, P: [0.90625, 0.8125, 0.03125, 0.25, 1.0, 0.0625, 0.9375, 0.28125, 0.0625, 0.9375, 0.71875, 0.875, 0.5, 0.21875, 0.3125, 0.875, 0.5625, 0.34375, 0.40625, 0.125]
[TRAIN]: (25/1600): reward: -6.948470778763294, rates: 5.051529185710403, loss: 2.305385506153107, rho: 0.4000000000000001, transmit_actions: 11, P: [0.28125, 0.5625, 0.0, 0.28125, 0.8125, 0.96875, 0.34375, 0.0, 0.1875, 0.0625, 0.46875, 0.5625, 0.6875, 0.75, 0.0, 0.78125, 0.71875, 0.0, 0.59375, 0.125]
[TRAIN]: (26/1600): reward: -8.98161494731903, rates: 6.018384821808998, loss: 2.165539175271988, rho: 0.4000000000000001, transmit_actions: 9, P: [0.5, 0.5, 1.0, 0.4375, 0.28125, 0.9375, 0.375, 0.375, 0.625, 0.25, 0.59375, 0.25, 0.34375, 0.6875, 0.28125, 0.96875, 0.09375, 1.0, 0.375, 0.25]
[TRAIN]: (27/1600): reward: -1.3417460322380066, rates: 11.658254226138421, loss: 2.2686901450157166, rho: 0.4000000000000001, transmit_actions: 12, P: [0.84375, 0.71875, 0.09375, 0.8125, 0.25, 0.40625, 0.0, 0.4375, 0.15625, 0.28125, 0.15625, 0.3125, 1.0, 0.0625, 0.34375, 0.8125, 0.21875, 0.0, 0.65625, 0.78125]
[TRAIN]: (28/1600): reward: -11.81167060136795, rates: 4.1883296332186655, loss: 2.348918879032135, rho: 0.4000000000000001, transmit_actions: 17, P: [0.0, 0.3125, 0.96875, 0.53125, 1.0, 0.59375, 0.125, 0.5, 0.8125, 0.0625, 0.875, 0.53125, 0.4375, 0.4375, 0.9375, 0.90625, 0.03125, 0.71875, 0.75, 0.9375]
[TRAIN]: (29/1600): reward: -0.8878998905420303, rates: 11.112099974750784, loss: 2.109580022096634, rho: 0.4000000000000001, transmit_actions: 10, P: [0.15625, 0.25, 0.0, 0.59375, 0.96875, 0.15625, 1.0, 0.0625, 0.5625, 0.25, 0.59375, 0.625, 0.9375, 0.28125, 0.71875, 0.125, 0.875, 0.46875, 0.96875, 0.0]
[TRAIN]: (30/1600): reward: -3.485442817211151, rates: 11.514556814652897, loss: 2.1459512650966643, rho: 0.4000000000000001, transmit_actions: 6, P: [0.25, 0.1875, 0.5, 0.4375, 0.53125, 0.78125, 0.8125, 0.03125, 0.75, 0.375, 0.40625, 0.15625, 0.46875, 0.5625, 0.53125, 0.96875, 0.90625, 0.09375, 0.15625, 0.15625]
[TRAIN]: (31/1600): reward: -10.945259355008602, rates: 0.054740644315856686, loss: 2.1448649525642396, rho: 0.4000000000000001, transmit_actions: 8, P: [0.90625, 0.625, 0.0625, 0.96875, 0.59375, 0.8125, 0.34375, 0.28125, 0.5625, 0.78125, 0.125, 0.9375, 0.75, 1.0, 0.9375, 0.65625, 1.0, 0.9375, 1.0, 0.46875]
[TRAIN]: (32/1600): reward: -9.91517162322998, rates: 5.084828419171859, loss: 2.0631646513938904, rho: 0.4000000000000001, transmit_actions: 11, P: [0.1875, 0.34375, 0.84375, 0.9375, 0.71875, 0.8125, 0.46875, 0.78125, 0.53125, 0.4375, 0.6875, 0.59375, 0.96875, 0.875, 0.6875, 0.875, 0.75, 1.0, 0.65625, 0.1875]
[TRAIN]: (33/1600): reward: -9.213829681277275, rates: 5.786170318514653, loss: 2.134365439414978, rho: 0.4000000000000001, transmit_actions: 10, P: [0.15625, 0.9375, 0.09375, 0.03125, 0.8125, 0.15625, 0.65625, 0.8125, 0.3125, 0.375, 0.28125, 0.75, 0.0625, 0.3125, 0.625, 0.375, 0.65625, 0.53125, 0.9375, 0.96875]
[TRAIN]: (34/1600): reward: 7.720086183398962, rates: 16.720086251318186, loss: 2.1609233975410462, rho: 0.4000000000000001, transmit_actions: 10, P: [0.90625, 0.0625, 0.40625, 0.375, 0.15625, 0.6875, 0.625, 0.40625, 0.25, 0.0625, 0.59375, 0.96875, 0.5625, 0.0625, 0.0625, 0.9375, 0.3125, 0.03125, 0.15625, 0.375]
[TRAIN]: (35/1600): reward: -3.4530926570296288, rates: 10.546907310724286, loss: 2.054522508382797, rho: 0.4000000000000001, transmit_actions: 12, P: [0.71875, 0.6875, 0.5, 0.09375, 0.28125, 0.125, 0.59375, 0.875, 0.9375, 0.21875, 0.90625, 0.4375, 0.84375, 0.21875, 0.84375, 0.3125, 0.375, 0.5625, 0.71875, 0.75]
[TRAIN]: (36/1600): reward: 4.012634575366974, rates: 16.012634256462338, loss: 2.3602096378803252, rho: 0.4000000000000001, transmit_actions: 8, P: [0.59375, 0.59375, 0.625, 0.5625, 0.8125, 0.125, 0.78125, 0.03125, 0.375, 0.28125, 0.125, 0.53125, 0.0, 0.5, 0.25, 0.59375, 0.25, 0.46875, 0.46875, 0.21875]
[TRAIN]: (37/1600): reward: -7.172913551330566, rates: 8.827086521967182, loss: 2.2080646991729735, rho: 0.4000000000000001, transmit_actions: 14, P: [0.90625, 0.9375, 0.28125, 0.21875, 1.0, 0.4375, 0.84375, 0.0, 0.78125, 0.84375, 0.75, 0.625, 0.03125, 0.21875, 0.65625, 0.59375, 0.5625, 1.0, 0.59375, 0.6875]
[TRAIN]: (38/1600): reward: -17.50500899553299, rates: 0.4949909974459899, loss: 2.2147863864898683, rho: 0.4000000000000001, transmit_actions: 8, P: [0.78125, 0.28125, 0.1875, 0.34375, 0.59375, 0.5, 0.15625, 0.375, 0.1875, 0.8125, 0.5625, 0.09375, 0.21875, 0.1875, 0.53125, 0.09375, 0.5625, 0.40625, 0.71875, 0.875]
[TRAIN]: (39/1600): reward: -7.6992309875786304, rates: 5.300768835726722, loss: 2.1118420541286467, rho: 0.4000000000000001, transmit_actions: 12, P: [0.375, 0.84375, 0.25, 0.375, 0.40625, 0.9375, 1.0, 0.0, 0.09375, 0.875, 0.0625, 0.34375, 0.75, 0.71875, 0.28125, 0.875, 0.5, 0.8125, 0.65625, 0.5]
[TRAIN]: (40/1600): reward: -12.770432472229004, rates: 4.229567325977947, loss: 2.1862580835819245, rho: 0.4000000000000001, transmit_actions: 11, P: [0.8125, 0.5625, 0.84375, 0.28125, 0.1875, 0.65625, 0.59375, 0.28125, 0.8125, 0.3125, 0.8125, 0.78125, 0.125, 0.09375, 0.75, 0.1875, 0.65625, 0.40625, 0.75, 0.65625]
[TRAIN]: (41/1600): reward: -6.865911640226841, rates: 7.134088097138058, loss: 2.1811404645442964, rho: 0.4000000000000001, transmit_actions: 9, P: [0.9375, 0.4375, 1.0, 0.5, 0.59375, 0.90625, 0.71875, 0.21875, 0.46875, 0.0625, 0.59375, 0.5, 0.53125, 0.59375, 0.625, 0.625, 0.90625, 0.40625, 0.4375, 0.5625]
[TRAIN]: (42/1600): reward: -11.768831871449947, rates: 5.231167923231713, loss: 2.134917086362839, rho: 0.4000000000000001, transmit_actions: 8, P: [0.84375, 0.4375, 0.40625, 0.8125, 0.5625, 0.03125, 0.84375, 0.15625, 0.25, 0.34375, 0.40625, 0.125, 0.25, 0.59375, 0.4375, 0.5625, 0.5, 0.125, 0.28125, 0.84375]
[TRAIN]: (43/1600): reward: -12.15902355313301, rates: 0.8409764739449267, loss: 2.0624089658260347, rho: 0.4000000000000001, transmit_actions: 15, P: [0.78125, 0.34375, 0.125, 0.9375, 0.0, 0.40625, 0.28125, 0.3125, 0.0, 0.40625, 0.625, 0.875, 0.875, 0.53125, 0.625, 0.875, 0.6875, 0.875, 0.5625, 0.78125]
[TRAIN]: (44/1600): reward: -13.815514519810677, rates: 0.1844854771249693, loss: 2.247044950723648, rho: 0.4000000000000001, transmit_actions: 9, P: [0.5625, 0.4375, 0.25, 0.6875, 0.84375, 0.03125, 0.875, 0.875, 0.0, 0.03125, 0.0625, 0.625, 0.875, 0.375, 0.65625, 0.4375, 0.09375, 0.78125, 0.59375, 0.53125]
[TRAIN]: (45/1600): reward: -10.32925045862794, rates: 4.670749539104535, loss: 1.9850030958652496, rho: 0.4000000000000001, transmit_actions: 7, P: [0.3125, 0.25, 0.28125, 0.6875, 0.90625, 0.875, 0.625, 0.09375, 0.625, 0.78125, 0.71875, 0.03125, 0.34375, 0.90625, 0.53125, 0.0625, 0.71875, 0.4375, 0.75, 0.0625]
[TRAIN]: (46/1600): reward: -1.1498892307281494, rates: 12.850110647423573, loss: 2.2082455694675445, rho: 0.4000000000000001, transmit_actions: 8, P: [0.34375, 0.15625, 0.84375, 0.375, 0.84375, 0.84375, 0.1875, 0.375, 0.71875, 0.78125, 0.4375, 0.375, 0.0625, 0.90625, 0.78125, 0.21875, 0.8125, 0.09375, 0.875, 0.9375]
[TRAIN]: (47/1600): reward: -3.500679314136505, rates: 11.499320572219915, loss: 2.0910629868507384, rho: 0.4000000000000001, transmit_actions: 12, P: [0.84375, 0.1875, 0.96875, 0.1875, 0.71875, 0.09375, 0.25, 0.78125, 0.15625, 0.09375, 0.0625, 0.5625, 0.96875, 0.1875, 0.90625, 0.0625, 0.09375, 0.6875, 0.84375, 0.25]
[TRAIN]: (48/1600): reward: 6.629318207502365, rates: 17.629317823713798, loss: 2.117537260055542, rho: 0.4000000000000001, transmit_actions: 10, P: [0.46875, 0.46875, 0.84375, 0.9375, 0.3125, 0.96875, 0.1875, 0.4375, 0.0, 0.125, 0.5625, 0.375, 0.90625, 0.125, 0.625, 0.1875, 0.53125, 0.03125, 0.59375, 0.78125]
[TRAIN]: (49/1600): reward: -9.221320152282715, rates: 5.7786799520590195, loss: 2.2236520528793333, rho: 0.4000000000000001, transmit_actions: 9, P: [0.1875, 0.15625, 0.8125, 0.1875, 0.46875, 0.4375, 0.96875, 0.5625, 1.0, 0.5625, 0.6875, 0.65625, 0.9375, 0.78125, 0.46875, 0.0, 1.0, 0.65625, 0.71875, 0.59375]
[TRAIN]: (50/1600): reward: -14.320547580718994, rates: 1.679452365616937, loss: 1.9902467608451844, rho: 0.4000000000000001, transmit_actions: 11, P: [0.03125, 0.96875, 0.90625, 0.0, 0.84375, 0.1875, 0.34375, 0.25, 0.78125, 0.8125, 0.5, 0.96875, 0.46875, 0.09375, 0.09375, 1.0, 0.65625, 0.1875, 0.28125, 0.25]
[TRAIN]: (51/1600): reward: -12.747016485780478, rates: 4.2529836836033565, loss: 2.0560840547084807, rho: 0.4000000000000001, transmit_actions: 12, P: [0.3125, 0.15625, 0.21875, 0.625, 0.53125, 0.53125, 0.375, 0.65625, 0.25, 0.09375, 0.5, 0.125, 0.21875, 0.65625, 0.53125, 0.8125, 0.5, 0.9375, 0.9375, 0.90625]
[TRAIN]: (52/1600): reward: 1.1895177960395813, rates: 13.189517913753185, loss: 2.0274210631847382, rho: 0.4000000000000001, transmit_actions: 10, P: [0.5, 0.1875, 0.59375, 0.78125, 0.40625, 0.46875, 0.90625, 0.5, 0.3125, 0.78125, 0.1875, 0.96875, 0.5625, 0.8125, 0.3125, 0.125, 0.15625, 0.71875, 0.90625, 0.96875]
[TRAIN]: (53/1600): reward: -10.151564434170723, rates: 4.848435392706777, loss: 1.9625056684017181, rho: 0.4000000000000001, transmit_actions: 12, P: [0.5, 0.21875, 0.0, 0.96875, 0.1875, 0.875, 0.8125, 0.34375, 0.375, 0.375, 0.5625, 0.875, 0.5625, 0.0, 0.875, 0.9375, 0.28125, 0.78125, 0.0, 0.0625]
[TRAIN]: (54/1600): reward: -8.444969892501831, rates: 8.555030350348295, loss: 2.218514919281006, rho: 0.4000000000000001, transmit_actions: 12, P: [0.09375, 0.25, 0.625, 0.21875, 0.375, 1.0, 0.5, 0.9375, 0.5625, 0.25, 0.34375, 0.8125, 0.34375, 0.0625, 0.65625, 0.0, 0.53125, 0.5, 0.4375, 0.09375]
[TRAIN]: (55/1600): reward: -11.831686675548553, rates: 2.1683132769149935, loss: 2.046723538637161, rho: 0.4000000000000001, transmit_actions: 14, P: [0.25, 0.5, 0.09375, 0.4375, 0.46875, 1.0, 0.59375, 0.09375, 1.0, 0.3125, 0.875, 0.65625, 0.0, 0.90625, 0.90625, 0.75, 0.9375, 0.46875, 0.46875, 0.15625]
[TRAIN]: (56/1600): reward: -0.3489423245191574, rates: 12.651057528891894, loss: 1.8820015966892243, rho: 0.4000000000000001, transmit_actions: 9, P: [0.3125, 0.625, 0.125, 0.53125, 0.0625, 0.0, 0.15625, 0.53125, 0.5625, 0.5, 0.03125, 0.1875, 0.6875, 0.75, 0.40625, 0.5625, 0.5, 0.34375, 0.9375, 0.75]
[TRAIN]: (57/1600): reward: 2.551405817270279, rates: 13.55140607508946, loss: 1.944834041595459, rho: 0.4000000000000001, transmit_actions: 9, P: [0.8125, 0.15625, 0.84375, 0.0, 0.71875, 0.15625, 0.59375, 0.8125, 0.21875, 1.0, 0.34375, 0.125, 0.8125, 0.1875, 0.46875, 0.5625, 0.125, 0.21875, 0.5, 0.84375]
[TRAIN]: (58/1600): reward: -12.848025798797607, rates: 0.15197420863568817, loss: 2.087166976928711, rho: 0.4000000000000001, transmit_actions: 11, P: [0.1875, 0.71875, 0.5625, 0.59375, 0.46875, 0.0625, 0.53125, 0.9375, 0.8125, 0.875, 0.71875, 0.96875, 0.9375, 0.34375, 0.75, 0.75, 0.625, 0.8125, 0.59375, 0.875]
[TRAIN]: (59/1600): reward: -14.137980431318283, rates: 0.8620195827907146, loss: 2.023982673883438, rho: 0.4000000000000001, transmit_actions: 9, P: [0.21875, 0.28125, 0.6875, 0.71875, 1.0, 0.03125, 0.53125, 0.5625, 0.4375, 0.90625, 0.1875, 0.28125, 0.28125, 0.78125, 0.84375, 0.75, 0.65625, 0.625, 0.34375, 0.75]
[TRAIN]: (60/1600): reward: -5.734187126159668, rates: 11.26581264044717, loss: 2.030560481548309, rho: 0.4000000000000001, transmit_actions: 9, P: [0.28125, 0.03125, 0.6875, 0.15625, 0.71875, 0.1875, 0.125, 0.625, 0.25, 0.5, 0.53125, 0.1875, 0.0, 0.28125, 0.15625, 0.375, 0.65625, 0.09375, 0.59375, 0.84375]
[TRAIN]: (61/1600): reward: -8.21785581111908, rates: 5.782144364326885, loss: 1.8144821286201478, rho: 0.4000000000000001, transmit_actions: 7, P: [0.15625, 0.9375, 0.59375, 0.90625, 0.0, 0.09375, 0.1875, 0.78125, 0.09375, 0.59375, 0.65625, 0.59375, 0.53125, 0.75, 0.96875, 0.09375, 0.09375, 0.78125, 0.75, 0.0]
[TRAIN]: (62/1600): reward: 2.7041343450546265, rates: 14.70413426927562, loss: 1.9231361389160155, rho: 0.4000000000000001, transmit_actions: 9, P: [0.125, 0.1875, 0.40625, 0.6875, 0.375, 0.15625, 0.8125, 0.59375, 0.46875, 0.75, 0.0, 0.375, 0.40625, 0.28125, 0.15625, 0.375, 0.0, 0.09375, 0.34375, 0.96875]
[TRAIN]: (63/1600): reward: 1.6123389825224876, rates: 12.612338829946353, loss: 1.9335341095924377, rho: 0.4000000000000001, transmit_actions: 9, P: [0.96875, 0.375, 0.03125, 0.90625, 0.0625, 0.78125, 0.8125, 0.40625, 0.0, 0.84375, 0.71875, 0.1875, 0.78125, 0.15625, 0.125, 0.03125, 0.09375, 0.0625, 0.9375, 0.46875]
[TRAIN]: (64/1600): reward: -3.525543361902237, rates: 8.474456844104118, loss: 2.0395454704761504, rho: 0.4000000000000001, transmit_actions: 9, P: [0.84375, 0.53125, 0.46875, 0.5625, 0.46875, 0.5, 0.9375, 0.34375, 0.25, 0.21875, 0.03125, 0.5, 0.5, 0.4375, 0.1875, 0.9375, 0.8125, 0.375, 0.4375, 0.0625]
[TRAIN]: (65/1600): reward: -15.0, rates: 0, loss: 1.727932983636856, rho: 0.4000000000000001, transmit_actions: 8, P: [0.125, 0.625, 0.59375, 0.65625, 0.3125, 1.0, 0.625, 0.84375, 0.25, 0.59375, 0.96875, 0.0, 1.0, 1.0, 0.46875, 0.59375, 0.25, 0.40625, 0.625, 0.9375]
[TRAIN]: (66/1600): reward: -7.001204878091812, rates: 6.998795254514051, loss: 1.735443079471588, rho: 0.4000000000000001, transmit_actions: 9, P: [0.03125, 0.09375, 0.5625, 0.09375, 0.25, 0.78125, 0.53125, 0.6875, 0.65625, 0.34375, 0.71875, 0.78125, 0.40625, 0.1875, 0.46875, 0.59375, 0.25, 0.125, 0.25, 0.15625]
[TRAIN]: (67/1600): reward: -3.002777576446533, rates: 9.99722228692589, loss: 1.8236597537994386, rho: 0.4000000000000001, transmit_actions: 10, P: [0.5, 0.21875, 0.59375, 0.59375, 0.0, 0.96875, 0.96875, 0.71875, 0.0625, 0.75, 0.90625, 0.25, 0.1875, 0.53125, 0.96875, 0.5, 0.0, 0.59375, 0.09375, 0.0]
[TRAIN]: (68/1600): reward: 7.094404980540276, rates: 17.094404819223058, loss: 1.9801931500434875, rho: 0.4000000000000001, transmit_actions: 9, P: [0.5625, 0.4375, 0.09375, 0.09375, 0.9375, 0.90625, 0.1875, 0.375, 0.75, 0.25, 0.34375, 1.0, 0.0625, 0.5, 0.75, 0.3125, 0.25, 0.90625, 0.125, 0.03125]
[TRAIN]: (69/1600): reward: -14.088742543011904, rates: 0.9112574653739121, loss: 1.9667184948921204, rho: 0.4000000000000001, transmit_actions: 10, P: [0.3125, 0.71875, 0.71875, 0.96875, 0.71875, 0.65625, 0.25, 0.71875, 0.0625, 0.875, 0.6875, 0.5625, 0.5625, 0.5, 0.5625, 0.375, 0.40625, 0.6875, 0.875, 0.90625]
[TRAIN]: (70/1600): reward: 12.086320059373975, rates: 25.086319970002208, loss: 1.7699520289897919, rho: 0.4000000000000001, transmit_actions: 7, P: [0.96875, 0.28125, 0.03125, 0.53125, 0.15625, 0.375, 0.34375, 0.40625, 0.96875, 0.59375, 0.75, 0.8125, 0.125, 0.59375, 0.46875, 0.25, 0.5625, 0.6875, 0.78125, 0.46875]
[TRAIN]: (71/1600): reward: 1.3188109397888184, rates: 13.318810832112167, loss: 1.9606220781803132, rho: 0.4000000000000001, transmit_actions: 9, P: [0.75, 0.1875, 0.8125, 0.3125, 0.78125, 0.0625, 0.59375, 0.8125, 0.0, 0.15625, 0.03125, 0.40625, 0.09375, 0.78125, 0.90625, 0.6875, 0.71875, 0.15625, 0.625, 0.71875]
[TRAIN]: (72/1600): reward: -3.0216748267412186, rates: 9.97832512500376, loss: 2.2133918583393095, rho: 0.4000000000000001, transmit_actions: 10, P: [0.28125, 0.09375, 0.46875, 0.46875, 0.40625, 0.15625, 0.5, 0.4375, 0.5625, 0.4375, 0.34375, 0.0, 0.53125, 0.125, 0.96875, 0.1875, 0.59375, 0.90625, 0.28125, 0.90625]
[TRAIN]: (73/1600): reward: -5.770581364631653, rates: 9.229418768179771, loss: 2.05510493516922, rho: 0.4000000000000001, transmit_actions: 14, P: [0.0625, 0.03125, 0.8125, 0.375, 0.40625, 0.125, 1.0, 0.03125, 0.28125, 0.15625, 0.28125, 1.0, 0.84375, 0.6875, 0.6875, 0.71875, 0.0625, 0.65625, 0.28125, 0.15625]
[TRAIN]: (74/1600): reward: 0.2627980411052704, rates: 14.262798281830364, loss: 2.2088128209114073, rho: 0.4000000000000001, transmit_actions: 11, P: [0.375, 0.03125, 0.8125, 0.40625, 0.0, 0.625, 0.75, 1.0, 0.3125, 0.75, 0.4375, 0.15625, 0.90625, 0.09375, 0.09375, 0.4375, 0.40625, 0.5, 0.15625, 0.5625]
[TRAIN]: (75/1600): reward: -7.563690721988678, rates: 7.436309444157195, loss: 2.210433340072632, rho: 0.4000000000000001, transmit_actions: 11, P: [0.75, 0.15625, 0.09375, 0.75, 0.59375, 0.09375, 0.8125, 0.78125, 0.15625, 0.15625, 0.5, 0.21875, 0.53125, 1.0, 0.28125, 0.25, 1.0, 0.53125, 0.1875, 0.125]
[TRAIN]: (76/1600): reward: -1.6565065383911133, rates: 14.343493948355285, loss: 1.9326336681842804, rho: 0.4000000000000001, transmit_actions: 10, P: [0.75, 0.625, 0.71875, 0.21875, 0.625, 0.53125, 0.03125, 0.4375, 0.59375, 0.125, 0.0625, 0.0625, 0.0625, 0.65625, 0.0, 0.03125, 0.0625, 0.625, 0.0625, 0.40625]
[TRAIN]: (77/1600): reward: -5.251358062028885, rates: 8.748641772189256, loss: 1.9560644447803497, rho: 0.4000000000000001, transmit_actions: 10, P: [0.875, 0.28125, 0.90625, 0.625, 0.09375, 0.3125, 0.84375, 0.15625, 0.96875, 0.0625, 0.6875, 0.0, 0.625, 0.59375, 0.53125, 0.46875, 0.5, 0.46875, 0.0625, 0.40625]
[TRAIN]: (78/1600): reward: -9.411634545773268, rates: 5.588365559283424, loss: 1.932425332069397, rho: 0.4000000000000001, transmit_actions: 12, P: [0.59375, 0.34375, 0.90625, 0.3125, 0.0625, 0.90625, 0.09375, 0.625, 0.1875, 0.03125, 0.09375, 0.96875, 0.09375, 0.96875, 0.1875, 0.03125, 0.75, 1.0, 1.0, 0.125]
[TRAIN]: (79/1600): reward: -14.458179295063019, rates: 0.5418207090045681, loss: 1.8619411706924438, rho: 0.4000000000000001, transmit_actions: 8, P: [0.8125, 0.09375, 0.28125, 0.0, 0.40625, 0.40625, 0.96875, 0.3125, 0.46875, 0.25, 0.75, 0.96875, 0.875, 0.46875, 0.15625, 0.40625, 1.0, 0.1875, 0.78125, 0.28125]
[TRAIN]: (80/1600): reward: -16.0, rates: 0, loss: 1.886159783601761, rho: 0.4000000000000001, transmit_actions: 10, P: [0.125, 0.4375, 0.875, 0.625, 0.90625, 0.71875, 0.5, 0.5625, 0.375, 0.3125, 0.90625, 0.78125, 0.9375, 0.3125, 0.59375, 0.625, 0.75, 0.53125, 0.875, 0.15625]
[TRAIN]: (81/1600): reward: -7.408550303429365, rates: 6.591449699634603, loss: 1.9852518379688262, rho: 0.4000000000000001, transmit_actions: 12, P: [0.15625, 0.28125, 0.0625, 0.4375, 0.1875, 0.34375, 1.0, 0.03125, 0.71875, 0.96875, 0.1875, 0.0, 0.34375, 0.75, 0.28125, 1.0, 0.34375, 0.125, 1.0, 0.9375]
[TRAIN]: (82/1600): reward: -1.7659540539607406, rates: 11.234045747259383, loss: 2.1684623062610626, rho: 0.4000000000000001, transmit_actions: 9, P: [0.96875, 0.53125, 0.71875, 0.625, 0.5625, 0.21875, 1.0, 0.03125, 0.65625, 0.5625, 0.65625, 0.59375, 0.5, 0.875, 0.1875, 0.9375, 0.03125, 0.15625, 0.03125, 0.65625]
[TRAIN]: (83/1600): reward: -0.005970939993858337, rates: 11.99402922879169, loss: 1.9214158475399017, rho: 0.4000000000000001, transmit_actions: 12, P: [0.25, 0.75, 0.84375, 0.15625, 0.46875, 0.8125, 0.84375, 0.15625, 0.59375, 1.0, 0.15625, 0.90625, 0.25, 0.46875, 0.375, 0.1875, 0.6875, 0.71875, 0.09375, 0.96875]
[TRAIN]: (84/1600): reward: -11.649981796741486, rates: 5.350018119958899, loss: 1.8700461953878402, rho: 0.4000000000000001, transmit_actions: 8, P: [0.6875, 0.375, 1.0, 0.34375, 0.0625, 0.1875, 0.53125, 0.15625, 0.03125, 0.65625, 0.6875, 0.4375, 0.09375, 0.3125, 0.34375, 0.1875, 0.40625, 0.96875, 0.5625, 0.15625]
[TRAIN]: (85/1600): reward: -0.8814371824264526, rates: 11.118562995160149, loss: 2.1223022639751434, rho: 0.4000000000000001, transmit_actions: 10, P: [1.0, 0.71875, 0.0625, 0.46875, 0.28125, 0.4375, 0.90625, 0.59375, 0.4375, 0.4375, 0.96875, 0.3125, 1.0, 0.15625, 0.40625, 0.625, 0.15625, 0.1875, 0.25, 0.0625]
[TRAIN]: (86/1600): reward: -9.714789763092995, rates: 5.285210271684843, loss: 1.8889541745185852, rho: 0.4000000000000001, transmit_actions: 5, P: [0.84375, 1.0, 0.15625, 0.21875, 0.9375, 0.21875, 0.75, 0.1875, 0.28125, 0.34375, 0.75, 0.5, 0.59375, 0.125, 0.90625, 0.40625, 0.375, 0.71875, 0.40625, 0.40625]
[TRAIN]: (87/1600): reward: -14.349145203828812, rates: 0.6508547957602482, loss: 2.0233845829963686, rho: 0.4000000000000001, transmit_actions: 9, P: [0.59375, 0.03125, 0.25, 0.46875, 0.09375, 0.59375, 0.34375, 0.5625, 0.25, 0.46875, 0.90625, 0.0, 0.65625, 0.875, 0.84375, 0.46875, 0.40625, 0.3125, 0.125, 0.5]
[TRAIN]: (88/1600): reward: 8.265778243541718, rates: 17.265778372179554, loss: 1.8913044810295105, rho: 0.4000000000000001, transmit_actions: 10, P: [0.5, 0.3125, 0.4375, 0.9375, 0.5625, 0.0, 0.40625, 0.78125, 0.0625, 0.03125, 0.03125, 0.75, 0.5625, 0.15625, 0.15625, 0.8125, 0.125, 1.0, 0.15625, 0.15625]
[TRAIN]: (89/1600): reward: -4.632513325661421, rates: 9.367486619838179, loss: 2.0145349323749544, rho: 0.4000000000000001, transmit_actions: 11, P: [0.0, 0.5625, 0.28125, 0.15625, 0.1875, 0.875, 0.4375, 0.0, 0.875, 0.3125, 0.8125, 0.09375, 0.59375, 0.875, 0.40625, 0.65625, 0.1875, 0.53125, 0.125, 0.0]
[TRAIN]: (90/1600): reward: -4.7092761397361755, rates: 9.290723819772577, loss: 1.8736724197864532, rho: 0.4000000000000001, transmit_actions: 13, P: [0.25, 0.1875, 0.78125, 0.15625, 0.96875, 0.25, 1.0, 0.5625, 0.375, 1.0, 0.5625, 0.34375, 0.65625, 0.90625, 0.46875, 0.03125, 0.40625, 0.8125, 0.375, 0.375]
[TRAIN]: (91/1600): reward: -15.0, rates: 0, loss: 1.8780808389186858, rho: 0.4000000000000001, transmit_actions: 8, P: [0.65625, 0.28125, 0.34375, 0.875, 0.53125, 0.71875, 0.46875, 0.1875, 0.375, 0.0625, 0.78125, 0.59375, 0.625, 0.09375, 0.59375, 0.96875, 0.9375, 0.125, 0.90625, 0.9375]
[TRAIN]: (92/1600): reward: -10.327352702617645, rates: 5.672647253701063, loss: 1.8877733290195464, rho: 0.4000000000000001, transmit_actions: 7, P: [0.0, 0.40625, 0.4375, 0.1875, 0.21875, 0.71875, 0.65625, 0.59375, 0.625, 0.65625, 0.875, 0.65625, 0.625, 0.28125, 0.46875, 0.8125, 0.53125, 0.71875, 0.46875, 0.375]
[TRAIN]: (93/1600): reward: -5.338505160063505, rates: 9.66149454901582, loss: 2.0980828523635866, rho: 0.4000000000000001, transmit_actions: 11, P: [0.4375, 0.09375, 0.5, 0.96875, 0.875, 0.28125, 0.46875, 0.09375, 0.78125, 0.65625, 0.21875, 0.78125, 0.125, 0.5, 0.90625, 0.96875, 0.375, 0.65625, 0.40625, 0.09375]
[TRAIN]: (94/1600): reward: -11.867624163627625, rates: 4.132375851949997, loss: 1.843047857284546, rho: 0.4000000000000001, transmit_actions: 8, P: [0.03125, 0.8125, 0.46875, 0.125, 0.78125, 0.5, 0.46875, 0.3125, 0.5625, 0.34375, 0.6875, 0.375, 0.875, 0.75, 1.0, 0.1875, 0.5625, 1.0, 0.0625, 0.03125]
[TRAIN]: (95/1600): reward: 0.16224269568920135, rates: 12.162242580410712, loss: 1.8446413218975066, rho: 0.4000000000000001, transmit_actions: 13, P: [0.46875, 0.78125, 0.1875, 0.1875, 1.0, 0.21875, 0.625, 0.6875, 0.8125, 0.84375, 0.84375, 0.53125, 0.9375, 0.21875, 0.6875, 0.125, 0.21875, 0.8125, 0.90625, 0.75]
[TRAIN]: (96/1600): reward: 7.27077454328537, rates: 19.27077438878713, loss: 1.7229718387126922, rho: 0.4000000000000001, transmit_actions: 14, P: [0.625, 0.125, 0.59375, 0.15625, 0.8125, 0.875, 0.125, 0.96875, 0.21875, 0.78125, 0.40625, 0.875, 0.75, 0.875, 0.3125, 0.46875, 0.46875, 0.0625, 0.03125, 0.375]
[TRAIN]: (97/1600): reward: -17.0, rates: 0, loss: 1.7734053254127502, rho: 0.4000000000000001, transmit_actions: 8, P: [0.1875, 0.625, 0.25, 0.1875, 0.96875, 0.40625, 0.625, 0.3125, 0.09375, 0.65625, 0.46875, 0.25, 0.96875, 0.6875, 0.8125, 0.28125, 0.71875, 0.09375, 0.40625, 0.40625]
[TRAIN]: (98/1600): reward: -1.0166049897670746, rates: 11.983394945512593, loss: 1.933574950695038, rho: 0.4000000000000001, transmit_actions: 14, P: [0.375, 0.53125, 0.65625, 0.78125, 0.4375, 0.15625, 0.03125, 0.625, 0.1875, 0.65625, 0.71875, 0.28125, 0.40625, 0.75, 0.90625, 0.09375, 0.28125, 1.0, 0.625, 0.3125]
[TRAIN]: (99/1600): reward: -9.885062217712402, rates: 4.1149379135941855, loss: 1.9484811842441558, rho: 0.4000000000000001, transmit_actions: 8, P: [0.65625, 0.34375, 0.6875, 0.78125, 0.78125, 0.71875, 0.75, 0.6875, 0.6875, 0.78125, 0.875, 0.09375, 0.21875, 0.375, 0.28125, 0.96875, 0.5625, 0.09375, 0.28125, 0.90625]
[TRAIN]: (100/1600): reward: -3.091698497533798, rates: 8.908301558311578, loss: 2.1729501664638518, rho: 0.4000000000000001, transmit_actions: 9, P: [0.8125, 0.65625, 0.875, 0.53125, 0.03125, 0.90625, 0.65625, 0.875, 0.46875, 0.28125, 0.90625, 0.875, 0.34375, 0.15625, 0.03125, 0.34375, 0.0625, 0.25, 0.53125, 0.875]
[TRAIN]: (101/1600): reward: -5.3689698949456215, rates: 9.63102997327814, loss: 2.007334214448929, rho: 0.4000000000000001, transmit_actions: 11, P: [0.84375, 0.3125, 0.375, 0.625, 0.4375, 0.03125, 0.96875, 0.90625, 0.53125, 0.0, 0.0, 0.40625, 0.5625, 0.59375, 0.15625, 0.78125, 0.03125, 0.96875, 0.5625, 0.03125]
[TRAIN]: (102/1600): reward: 7.075417518615723, rates: 17.07541760131128, loss: 2.0143449783325194, rho: 0.4000000000000001, transmit_actions: 7, P: [0.4375, 0.90625, 0.84375, 0.875, 0.90625, 0.6875, 0.9375, 0.375, 0.625, 0.96875, 0.28125, 0.78125, 0.25, 0.0625, 0.65625, 0.0625, 0.3125, 0.8125, 0.0625, 0.03125]
[TRAIN]: (103/1600): reward: -9.116031140089035, rates: 6.883969045882519, loss: 1.8659371137619019, rho: 0.4000000000000001, transmit_actions: 7, P: [0.6875, 0.125, 0.15625, 0.46875, 0.6875, 0.53125, 0.0, 0.40625, 0.625, 0.53125, 0.6875, 0.5625, 0.90625, 0.59375, 0.84375, 0.53125, 0.125, 0.5, 0.71875, 0.65625]
[TRAIN]: (104/1600): reward: -12.950565412640572, rates: 0.049434586073017185, loss: 1.6986514687538148, rho: 0.4000000000000001, transmit_actions: 11, P: [0.46875, 0.3125, 0.28125, 0.0, 1.0, 0.59375, 0.9375, 0.6875, 0.4375, 0.1875, 0.59375, 0.53125, 0.5, 0.03125, 0.90625, 1.0, 0.59375, 0.0625, 0.96875, 1.0]
[TRAIN]: (105/1600): reward: -8.315696686506271, rates: 5.684303470578071, loss: 1.9490533977746964, rho: 0.4000000000000001, transmit_actions: 10, P: [0.6875, 0.28125, 0.5, 0.40625, 0.1875, 0.1875, 0.78125, 0.15625, 0.625, 0.125, 0.75, 0.6875, 0.96875, 0.6875, 0.9375, 0.28125, 0.25, 0.0625, 0.9375, 0.5]
[TRAIN]: (106/1600): reward: -9.64036799967289, rates: 4.359632123451971, loss: 1.8593283295631409, rho: 0.4000000000000001, transmit_actions: 13, P: [0.84375, 0.34375, 0.96875, 0.03125, 0.0625, 0.40625, 0.6875, 0.15625, 0.15625, 0.96875, 0.0625, 0.21875, 0.84375, 0.8125, 0.71875, 1.0, 1.0, 0.0625, 0.84375, 0.5625]
[TRAIN]: (107/1600): reward: -13.81257758103311, rates: 0.18742242041105717, loss: 1.9458800315856934, rho: 0.4000000000000001, transmit_actions: 9, P: [0.25, 0.8125, 0.8125, 0.4375, 0.90625, 0.65625, 0.4375, 0.25, 0.875, 0.09375, 0.71875, 0.46875, 0.625, 0.78125, 1.0, 0.53125, 0.28125, 0.1875, 1.0, 0.125]
[TRAIN]: (108/1600): reward: -8.789254665374756, rates: 5.2107455658923945, loss: 1.9273454427719117, rho: 0.4000000000000001, transmit_actions: 4, P: [0.75, 0.6875, 0.90625, 0.59375, 0.84375, 0.46875, 0.15625, 0.46875, 0.4375, 0.78125, 0.90625, 0.15625, 0.3125, 0.34375, 0.53125, 0.65625, 0.84375, 0.96875, 0.4375, 0.875]
[TRAIN]: (109/1600): reward: -9.869584035128355, rates: 4.130415740552584, loss: 1.9022421419620514, rho: 0.4000000000000001, transmit_actions: 11, P: [0.25, 0.84375, 0.3125, 0.59375, 0.96875, 0.03125, 0.46875, 0.09375, 0.375, 0.8125, 0.5, 0.09375, 0.09375, 0.96875, 0.1875, 0.21875, 0.6875, 0.21875, 0.21875, 0.0625]
[TRAIN]: (110/1600): reward: -6.863632619380951, rates: 4.136367383895434, loss: 1.879402184486389, rho: 0.4000000000000001, transmit_actions: 8, P: [0.0625, 0.9375, 0.71875, 0.40625, 0.75, 0.375, 0.40625, 0.6875, 0.8125, 0.78125, 0.375, 0.53125, 0.59375, 0.875, 0.59375, 1.0, 0.1875, 0.0625, 0.3125, 0.75]
[TRAIN]: (111/1600): reward: -6.300434231758118, rates: 8.699565571443568, loss: 1.8220114350318908, rho: 0.4000000000000001, transmit_actions: 12, P: [0.0, 0.0625, 0.125, 0.71875, 0.78125, 0.0, 0.40625, 0.71875, 0.25, 0.46875, 0.4375, 0.40625, 0.71875, 0.1875, 0.40625, 0.125, 0.84375, 0.6875, 0.78125, 0.09375]
[TRAIN]: (112/1600): reward: -8.692712539806962, rates: 5.307287632447942, loss: 1.7317696869373322, rho: 0.4000000000000001, transmit_actions: 9, P: [0.53125, 0.40625, 0.96875, 0.03125, 0.0, 0.59375, 0.75, 0.9375, 0.625, 0.0, 0.5, 0.8125, 0.5, 0.46875, 0.15625, 0.125, 0.65625, 0.0625, 1.0, 0.25]
[TRAIN]: (113/1600): reward: -5.198369741439819, rates: 7.801630339448398, loss: 1.891492834687233, rho: 0.4000000000000001, transmit_actions: 8, P: [0.375, 0.46875, 0.875, 0.90625, 0.65625, 0.25, 0.125, 0.0, 0.21875, 0.65625, 0.90625, 0.0625, 0.0625, 0.8125, 0.96875, 0.75, 0.65625, 0.40625, 0.375, 0.0625]
[TRAIN]: (114/1600): reward: -0.9641590714454651, rates: 12.03584091160581, loss: 1.9626592516899108, rho: 0.4000000000000001, transmit_actions: 13, P: [0.75, 0.1875, 0.78125, 0.3125, 0.03125, 0.1875, 0.53125, 0.71875, 0.625, 0.6875, 0.5, 0.03125, 0.03125, 0.90625, 0.59375, 0.75, 0.90625, 0.9375, 0.28125, 0.0625]
[TRAIN]: (115/1600): reward: -14.0, rates: 0, loss: 1.818835484981537, rho: 0.4000000000000001, transmit_actions: 7, P: [1.0, 0.5, 0.40625, 0.875, 0.96875, 0.625, 0.84375, 0.96875, 0.03125, 0.53125, 0.40625, 0.25, 0.5, 0.5, 0.5, 0.65625, 0.8125, 0.65625, 0.40625, 0.9375]
[TRAIN]: (116/1600): reward: -15.660546004772186, rates: 0.33945400993108726, loss: 1.746356725692749, rho: 0.4000000000000001, transmit_actions: 12, P: [0.84375, 0.1875, 0.59375, 0.90625, 0.375, 0.1875, 0.5625, 0.8125, 0.40625, 0.375, 1.0, 0.5, 0.3125, 0.40625, 0.78125, 0.71875, 0.6875, 0.75, 0.78125, 0.28125]
[TRAIN]: (117/1600): reward: -1.0136274471879005, rates: 11.986372496066881, loss: 1.9466665506362915, rho: 0.4000000000000001, transmit_actions: 13, P: [0.875, 0.53125, 0.40625, 0.84375, 0.28125, 0.65625, 0.03125, 0.0625, 0.84375, 0.5, 0.0, 0.65625, 0.0, 0.15625, 0.375, 0.21875, 0.71875, 0.65625, 0.53125, 0.78125]
[TRAIN]: (118/1600): reward: -0.3997159004211426, rates: 11.60028401206987, loss: 1.9858058929443358, rho: 0.4000000000000001, transmit_actions: 9, P: [1.0, 0.28125, 0.0, 0.03125, 0.84375, 0.90625, 0.40625, 0.21875, 0.71875, 0.1875, 1.0, 0.53125, 0.5, 0.78125, 1.0, 0.90625, 0.15625, 0.28125, 0.4375, 0.71875]
[TRAIN]: (119/1600): reward: -8.007234374061227, rates: 4.992765389848553, loss: 1.9916154742240906, rho: 0.4000000000000001, transmit_actions: 12, P: [0.71875, 0.90625, 0.03125, 1.0, 0.84375, 0.09375, 0.28125, 0.5, 0.875, 0.59375, 0.625, 0.78125, 0.875, 0.6875, 0.15625, 0.46875, 0.3125, 0.1875, 0.84375, 0.4375]
[TRAIN]: (120/1600): reward: -2.3455933779478073, rates: 10.654407043993569, loss: 1.879640132188797, rho: 0.4000000000000001, transmit_actions: 10, P: [0.125, 0.625, 0.09375, 0.15625, 0.40625, 0.90625, 0.25, 0.15625, 0.8125, 0.9375, 0.40625, 0.46875, 0.4375, 0.8125, 0.46875, 0.65625, 0.09375, 0.5625, 0.28125, 0.375]
[TRAIN]: (121/1600): reward: -10.589019291102886, rates: 5.410980505153894, loss: 1.9478060722351074, rho: 0.4000000000000001, transmit_actions: 10, P: [0.21875, 0.84375, 0.6875, 0.75, 0.96875, 0.625, 0.375, 0.1875, 1.0, 0.0625, 0.71875, 0.125, 0.8125, 0.46875, 0.71875, 0.4375, 0.625, 0.90625, 0.9375, 0.40625]
[TRAIN]: (122/1600): reward: 1.3458327949047089, rates: 11.345833027902685, loss: 1.9150576055049897, rho: 0.4000000000000001, transmit_actions: 11, P: [0.84375, 0.15625, 0.59375, 0.1875, 0.1875, 0.96875, 0.8125, 0.21875, 0.0625, 0.40625, 0.65625, 0.34375, 0.09375, 0.5625, 0.65625, 0.3125, 0.5, 0.0625, 0.15625, 0.0]
[TRAIN]: (123/1600): reward: -10.93012523651123, rates: 5.06987492141037, loss: 2.017281639575958, rho: 0.4000000000000001, transmit_actions: 8, P: [0.53125, 0.9375, 0.0, 0.5, 0.375, 0.3125, 0.90625, 0.40625, 0.5625, 0.84375, 0.03125, 0.40625, 0.59375, 0.15625, 0.1875, 0.0, 0.5625, 0.6875, 1.0, 0.53125]
[TRAIN]: (124/1600): reward: -10.962629936635494, rates: 1.0373700619311452, loss: 1.9540660440921784, rho: 0.4000000000000001, transmit_actions: 9, P: [0.875, 0.5, 0.3125, 0.5625, 0.125, 0.65625, 0.46875, 1.0, 0.28125, 0.96875, 0.40625, 0.03125, 1.0, 0.40625, 1.0, 0.625, 0.59375, 0.625, 0.3125, 0.9375]
[TRAIN]: (125/1600): reward: -6.849197149276733, rates: 8.150802905590858, loss: 2.0015080630779267, rho: 0.4000000000000001, transmit_actions: 13, P: [0.8125, 0.28125, 0.71875, 0.75, 0.5625, 0.125, 0.9375, 0.84375, 0.03125, 0.9375, 1.0, 0.5625, 0.34375, 0.875, 1.0, 0.0, 0.28125, 0.0625, 0.15625, 0.5]
[TRAIN]: (126/1600): reward: -6.582604184746742, rates: 4.417395908959939, loss: 1.8816647946834564, rho: 0.4000000000000001, transmit_actions: 9, P: [0.28125, 0.53125, 0.03125, 0.1875, 0.9375, 0.4375, 0.09375, 0.96875, 0.84375, 0.03125, 0.40625, 0.90625, 0.75, 0.34375, 0.4375, 0.0, 0.90625, 0.40625, 0.53125, 0.03125]
[TRAIN]: (127/1600): reward: -5.003937169909477, rates: 9.996062817360428, loss: 1.864097774028778, rho: 0.4000000000000001, transmit_actions: 7, P: [0.3125, 0.03125, 0.4375, 0.71875, 0.0, 0.21875, 0.78125, 0.875, 0.25, 0.5, 0.15625, 0.90625, 0.75, 0.0625, 0.5625, 0.75, 0.53125, 0.0625, 0.25, 0.1875]
[TRAIN]: (128/1600): reward: -1.975801706314087, rates: 10.024198417443417, loss: 1.715795060992241, rho: 0.4000000000000001, transmit_actions: 6, P: [0.09375, 0.96875, 0.65625, 0.40625, 0.5625, 0.0, 0.21875, 0.9375, 0.34375, 0.90625, 0.375, 0.75, 0.65625, 0.03125, 0.40625, 0.125, 1.0, 0.9375, 0.03125, 0.15625]
[TRAIN]: (129/1600): reward: -1.2427320517599583, rates: 11.757268187380987, loss: 1.8637067168951034, rho: 0.4000000000000001, transmit_actions: 12, P: [0.4375, 0.40625, 0.875, 0.375, 0.59375, 0.71875, 0.03125, 0.78125, 0.46875, 0.09375, 0.53125, 0.34375, 0.34375, 0.90625, 0.8125, 0.625, 0.21875, 0.15625, 0.75, 0.6875]
[TRAIN]: (130/1600): reward: 12.515219122171402, rates: 22.51521923657059, loss: 1.8418277949094772, rho: 0.4000000000000001, transmit_actions: 12, P: [0.34375, 0.78125, 0.90625, 0.5, 0.0625, 0.5, 0.46875, 0.59375, 0.09375, 0.40625, 0.1875, 0.03125, 0.09375, 0.53125, 0.9375, 0.3125, 0.3125, 0.9375, 0.25, 0.78125]
[TRAIN]: (131/1600): reward: -7.444850325584412, rates: 7.555149507699788, loss: 1.8497472167015077, rho: 0.4000000000000001, transmit_actions: 9, P: [0.78125, 0.21875, 0.71875, 0.21875, 0.25, 0.25, 0.875, 0.21875, 0.9375, 0.5625, 0.03125, 0.0625, 0.8125, 0.03125, 0.34375, 0.1875, 0.8125, 0.28125, 0.34375, 0.5]
[TRAIN]: (132/1600): reward: 16.91811180114746, rates: 27.9181118654678, loss: 1.8587695896625518, rho: 0.4000000000000001, transmit_actions: 15, P: [0.78125, 0.09375, 0.75, 0.78125, 0.5625, 0.46875, 0.1875, 0.4375, 0.625, 0.15625, 1.0, 0.15625, 0.5, 0.25, 0.8125, 0.25, 0.5625, 0.71875, 0.125, 0.9375]
[TRAIN]: (133/1600): reward: -11.899774309247732, rates: 3.1002257854344686, loss: 1.9700210511684417, rho: 0.4000000000000001, transmit_actions: 13, P: [0.53125, 0.0625, 0.71875, 0.0, 0.71875, 0.3125, 0.78125, 0.5625, 0.78125, 0.03125, 0.4375, 0.09375, 0.59375, 0.71875, 0.4375, 0.0, 0.71875, 0.65625, 0.59375, 0.6875]
[TRAIN]: (134/1600): reward: -3.979798510670662, rates: 9.02020147642096, loss: 1.8428064703941345, rho: 0.4000000000000001, transmit_actions: 9, P: [0.40625, 0.6875, 0.0625, 0.3125, 0.09375, 0.75, 0.9375, 0.90625, 0.40625, 0.59375, 0.4375, 0.40625, 0.40625, 0.25, 1.0, 0.375, 0.46875, 0.03125, 0.96875, 0.90625]
[TRAIN]: (135/1600): reward: -4.559707224369049, rates: 9.440292577982607, loss: 1.906643658876419, rho: 0.4000000000000001, transmit_actions: 13, P: [0.09375, 0.6875, 0.75, 0.1875, 0.34375, 0.9375, 0.125, 0.75, 0.15625, 0.25, 0.71875, 0.5, 0.5625, 0.40625, 0.5, 0.375, 0.90625, 0.96875, 0.03125, 0.53125]
[TRAIN]: (136/1600): reward: -9.33526462316513, rates: 5.664735384721294, loss: 1.6172979563474654, rho: 0.4000000000000001, transmit_actions: 12, P: [0.125, 0.0, 0.8125, 0.46875, 0.96875, 0.65625, 0.5625, 0.3125, 0.8125, 0.6875, 1.0, 0.78125, 0.15625, 0.15625, 0.65625, 0.71875, 0.875, 0.03125, 0.84375, 0.53125]
[TRAIN]: (137/1600): reward: 2.113130221143365, rates: 16.11313029471793, loss: 2.039286893606186, rho: 0.4000000000000001, transmit_actions: 13, P: [0.0625, 0.3125, 0.4375, 0.8125, 0.75, 0.4375, 0.03125, 0.0625, 0.3125, 0.28125, 0.53125, 0.1875, 0.21875, 0.21875, 0.5, 0.71875, 0.25, 0.84375, 0.3125, 0.0625]
[TRAIN]: (138/1600): reward: -14.648173600435257, rates: 1.351826424206773, loss: 1.9065487444400788, rho: 0.4000000000000001, transmit_actions: 14, P: [0.0625, 0.5, 0.125, 0.78125, 0.1875, 0.75, 0.6875, 1.0, 0.71875, 0.34375, 0.9375, 0.8125, 0.875, 0.84375, 0.84375, 0.09375, 1.0, 0.8125, 0.8125, 0.5]
[TRAIN]: (139/1600): reward: -9.881004810333252, rates: 5.118995268968143, loss: 1.8192419767379762, rho: 0.4000000000000001, transmit_actions: 10, P: [1.0, 0.96875, 0.6875, 0.15625, 0.375, 0.34375, 0.75, 0.40625, 0.40625, 0.53125, 0.21875, 1.0, 0.46875, 0.9375, 0.15625, 0.15625, 0.5625, 0.1875, 0.96875, 1.0]
[TRAIN]: (140/1600): reward: 10.328214406967163, rates: 24.32821440677011, loss: 1.8937453627586365, rho: 0.4000000000000001, transmit_actions: 12, P: [0.1875, 0.34375, 0.6875, 0.46875, 0.28125, 0.34375, 0.8125, 0.84375, 1.0, 0.0625, 0.0625, 0.09375, 0.4375, 0.78125, 0.125, 0.71875, 0.46875, 0.21875, 0.8125, 0.21875]
[TRAIN]: (141/1600): reward: -10.831359326839447, rates: 5.168640641564766, loss: 1.8204621970653534, rho: 0.4000000000000001, transmit_actions: 9, P: [0.34375, 0.40625, 0.65625, 0.21875, 0.96875, 0.125, 0.15625, 0.28125, 0.3125, 0.375, 0.84375, 0.6875, 0.375, 0.65625, 0.15625, 0.0625, 0.09375, 0.9375, 0.65625, 0.1875]
[TRAIN]: (142/1600): reward: 3.042942613363266, rates: 13.042942416767918, loss: 1.9398774027824401, rho: 0.4000000000000001, transmit_actions: 11, P: [0.84375, 0.65625, 0.90625, 0.46875, 0.53125, 0.1875, 0.25, 0.46875, 0.0, 0.375, 0.59375, 1.0, 0.59375, 0.75, 0.28125, 0.625, 0.59375, 0.34375, 0.0, 0.96875]
[TRAIN]: (143/1600): reward: -3.1866023801267147, rates: 6.813397534795435, loss: 2.042629909515381, rho: 0.4000000000000001, transmit_actions: 10, P: [0.59375, 0.96875, 0.09375, 0.6875, 0.65625, 0.03125, 0.0, 0.90625, 0.25, 0.90625, 0.5625, 0.84375, 0.1875, 0.625, 0.65625, 0.03125, 0.6875, 0.71875, 0.46875, 0.59375]
[TRAIN]: (144/1600): reward: -4.648387551307678, rates: 9.351612369223984, loss: 1.840750378370285, rho: 0.4000000000000001, transmit_actions: 8, P: [0.59375, 0.625, 0.0, 0.1875, 0.375, 0.6875, 0.59375, 0.15625, 0.28125, 0.90625, 0.40625, 0.1875, 0.25, 0.03125, 0.9375, 0.53125, 0.125, 0.65625, 0.3125, 0.96875]
[TRAIN]: (145/1600): reward: -7.726183598861098, rates: 5.273816543347055, loss: 1.7724200963974, rho: 0.4000000000000001, transmit_actions: 9, P: [0.0625, 0.5, 0.0, 0.0625, 0.84375, 0.09375, 0.15625, 0.15625, 0.65625, 0.9375, 0.09375, 0.15625, 0.0625, 0.65625, 0.875, 0.21875, 0.5625, 0.1875, 0.3125, 0.71875]
[TRAIN]: (146/1600): reward: 10.990672692656517, rates: 20.990672046419625, loss: 1.907670733332634, rho: 0.4000000000000001, transmit_actions: 11, P: [0.9375, 0.84375, 0.84375, 0.03125, 0.34375, 0.9375, 0.09375, 0.53125, 0.34375, 0.6875, 0.75, 0.78125, 0.28125, 0.09375, 0.53125, 0.875, 0.4375, 0.71875, 0.9375, 0.03125]
[TRAIN]: (147/1600): reward: -10.287500381469727, rates: 5.712499824243566, loss: 1.9842127561569214, rho: 0.4000000000000001, transmit_actions: 9, P: [0.28125, 0.5, 0.3125, 0.8125, 0.65625, 0.0, 0.46875, 0.90625, 0.5625, 0.9375, 0.4375, 0.59375, 0.3125, 0.4375, 0.8125, 0.8125, 0.59375, 0.3125, 0.0, 0.46875]
[TRAIN]: (148/1600): reward: -8.951206684112549, rates: 5.048793389677416, loss: 1.9349777340888976, rho: 0.4000000000000001, transmit_actions: 9, P: [0.90625, 0.25, 0.625, 0.84375, 0.625, 0.75, 0.4375, 0.8125, 0.875, 0.34375, 0.78125, 0.3125, 0.5, 0.84375, 0.75, 0.09375, 0.375, 0.5, 0.9375, 0.6875]
[TRAIN]: (149/1600): reward: 7.178598318248987, rates: 18.178598266424284, loss: 1.7071950495243073, rho: 0.4000000000000001, transmit_actions: 12, P: [1.0, 0.0, 0.75, 0.0625, 0.90625, 0.5, 1.0, 0.4375, 0.65625, 0.65625, 0.40625, 0.71875, 0.46875, 0.09375, 0.21875, 0.34375, 0.40625, 1.0, 0.34375, 0.8125]
[TRAIN]: (150/1600): reward: -10.376074314117432, rates: 4.62392583722119, loss: 2.1391486525535583, rho: 0.4000000000000001, transmit_actions: 9, P: [0.46875, 0.625, 0.3125, 0.3125, 0.40625, 0.5625, 0.875, 0.96875, 0.4375, 0.21875, 0.5, 0.375, 0.625, 0.6875, 0.1875, 0.9375, 0.34375, 0.34375, 0.625, 0.6875]
[TRAIN]: (151/1600): reward: -12.116223767399788, rates: 4.883776191774001, loss: 1.9971394658088684, rho: 0.4000000000000001, transmit_actions: 10, P: [0.65625, 0.75, 0.28125, 0.375, 0.28125, 0.53125, 0.5, 0.5625, 0.625, 0.5, 0.46875, 0.8125, 0.59375, 0.125, 0.9375, 0.375, 0.8125, 0.09375, 0.375, 0.40625]
[TRAIN]: (152/1600): reward: -7.931009836494923, rates: 6.068990078866444, loss: 1.7524544954299928, rho: 0.4000000000000001, transmit_actions: 14, P: [0.5, 0.90625, 0.53125, 0.09375, 0.03125, 0.34375, 0.71875, 0.375, 0.125, 0.25, 1.0, 0.53125, 0.75, 0.90625, 0.21875, 0.21875, 1.0, 0.375, 0.4375, 1.0]
[TRAIN]: (153/1600): reward: 8.78365182876587, rates: 18.783651647621234, loss: 1.8584112644195556, rho: 0.4000000000000001, transmit_actions: 11, P: [0.0625, 0.75, 0.4375, 0.1875, 0.0625, 0.65625, 0.40625, 0.1875, 0.9375, 0.25, 0.0, 0.78125, 0.15625, 0.90625, 0.28125, 1.0, 0.25, 0.15625, 0.25, 0.9375]
[TRAIN]: (154/1600): reward: -1.8477767705917358, rates: 12.152223245157888, loss: 1.7237798780202866, rho: 0.4000000000000001, transmit_actions: 12, P: [0.34375, 0.875, 0.21875, 0.28125, 0.3125, 0.4375, 0.53125, 0.21875, 0.9375, 0.46875, 0.59375, 0.09375, 0.46875, 0.0625, 0.25, 0.34375, 0.28125, 0.96875, 0.59375, 0.8125]
[TRAIN]: (155/1600): reward: -13.538363218307495, rates: 3.461636763335763, loss: 1.761266216635704, rho: 0.4000000000000001, transmit_actions: 10, P: [0.78125, 0.40625, 0.25, 0.1875, 0.96875, 0.34375, 0.6875, 0.65625, 0.34375, 0.84375, 0.65625, 0.84375, 0.8125, 0.21875, 0.03125, 0.25, 0.84375, 0.09375, 0.4375, 0.25]
[TRAIN]: (156/1600): reward: -8.885968074202538, rates: 5.1140320358161055, loss: 1.8529098391532899, rho: 0.4000000000000001, transmit_actions: 9, P: [0.1875, 0.375, 0.625, 0.03125, 0.0625, 0.28125, 0.6875, 0.5, 0.5625, 0.21875, 0.9375, 0.1875, 0.625, 0.3125, 0.75, 0.59375, 0.0, 0.8125, 0.8125, 0.0]
[TRAIN]: (157/1600): reward: -0.009073257446289062, rates: 12.99092685057397, loss: 1.9214925408363341, rho: 0.4000000000000001, transmit_actions: 12, P: [0.75, 0.5, 0.90625, 0.03125, 0.90625, 0.15625, 0.65625, 0.625, 0.625, 0.4375, 0.15625, 0.0625, 0.90625, 0.46875, 0.8125, 0.4375, 0.9375, 0.0625, 0.0625, 0.875]
[TRAIN]: (158/1600): reward: -14.954773150384426, rates: 0.045226850035317616, loss: 2.044577169418335, rho: 0.4000000000000001, transmit_actions: 9, P: [0.71875, 0.5, 0.15625, 0.46875, 0.3125, 0.21875, 0.0625, 0.5625, 0.75, 1.0, 0.96875, 0.5625, 0.59375, 0.46875, 0.9375, 0.125, 0.4375, 0.0625, 0.46875, 0.40625]
[TRAIN]: (159/1600): reward: -9.648994415998459, rates: 5.351005392363553, loss: 1.8484716713428497, rho: 0.4000000000000001, transmit_actions: 11, P: [1.0, 0.5625, 0.125, 0.625, 0.65625, 0.71875, 0.25, 0.4375, 0.28125, 0.625, 0.71875, 0.75, 0.875, 0.84375, 0.4375, 0.03125, 0.75, 0.3125, 0.1875, 0.4375]
[TRAIN]: (160/1600): reward: -3.835140824317932, rates: 7.164859225508321, loss: 1.974195647239685, rho: 0.4000000000000001, transmit_actions: 10, P: [0.125, 1.0, 0.28125, 0.84375, 0.6875, 0.59375, 0.71875, 0.1875, 0.375, 0.65625, 0.84375, 0.5625, 0.25, 0.78125, 0.25, 0.59375, 0.71875, 0.09375, 0.9375, 0.0]
[TRAIN]: (161/1600): reward: -4.841317176818848, rates: 6.158682842788989, loss: 1.8920971632003785, rho: 0.4000000000000001, transmit_actions: 9, P: [0.15625, 0.25, 0.75, 0.75, 0.96875, 0.5625, 0.75, 0.84375, 0.71875, 0.59375, 0.03125, 0.84375, 0.4375, 1.0, 0.09375, 0.71875, 0.71875, 0.9375, 0.90625, 0.875]
[TRAIN]: (162/1600): reward: -15.0, rates: 0, loss: 1.8373631983995438, rho: 0.4000000000000001, transmit_actions: 7, P: [0.09375, 0.15625, 0.65625, 0.28125, 0.40625, 0.375, 0.9375, 0.90625, 0.6875, 0.21875, 1.0, 0.96875, 0.46875, 0.28125, 0.625, 0.78125, 0.0, 0.875, 0.21875, 0.8125]
[TRAIN]: (163/1600): reward: 1.9510297179222107, rates: 14.951029361637971, loss: 2.0632406294345857, rho: 0.4000000000000001, transmit_actions: 12, P: [0.59375, 0.53125, 0.9375, 0.6875, 0.96875, 0.4375, 0.6875, 0.4375, 0.5625, 0.28125, 0.40625, 0.84375, 0.28125, 0.625, 0.5, 0.03125, 0.375, 0.15625, 0.21875, 0.375]
[TRAIN]: (164/1600): reward: -11.695532947778702, rates: 1.304467038953783, loss: 1.9568884372711182, rho: 0.4000000000000001, transmit_actions: 6, P: [0.03125, 0.25, 0.09375, 1.0, 0.40625, 0.71875, 0.4375, 0.71875, 0.53125, 0.09375, 0.21875, 0.90625, 0.1875, 0.46875, 0.8125, 0.78125, 0.8125, 0.5, 0.09375, 0.1875]
[TRAIN]: (165/1600): reward: 10.85447745025158, rates: 17.854477557103564, loss: 1.8588260412216187, rho: 0.4000000000000001, transmit_actions: 11, P: [0.9375, 0.90625, 0.03125, 0.1875, 0.03125, 0.25, 0.53125, 0.1875, 0.59375, 0.0625, 0.15625, 0.5625, 0.0, 0.125, 0.40625, 0.65625, 0.25, 0.84375, 0.0625, 0.0]
[TRAIN]: (166/1600): reward: -7.884174168109894, rates: 8.115826015451278, loss: 1.8819979101419448, rho: 0.4000000000000001, transmit_actions: 10, P: [0.96875, 0.03125, 0.5625, 0.46875, 0.0625, 0.3125, 0.21875, 0.625, 0.5, 0.65625, 0.03125, 0.28125, 0.59375, 0.34375, 0.59375, 1.0, 0.0625, 0.4375, 0.21875, 0.8125]
[TRAIN]: (167/1600): reward: -8.458351388573647, rates: 5.5416483816436575, loss: 1.6276987314224243, rho: 0.4000000000000001, transmit_actions: 7, P: [0.3125, 0.03125, 0.96875, 0.25, 0.875, 0.90625, 0.46875, 0.5625, 0.8125, 0.53125, 0.46875, 0.40625, 0.78125, 0.5, 0.6875, 0.46875, 0.3125, 0.1875, 0.25, 0.40625]
[TRAIN]: (168/1600): reward: -13.737718343734741, rates: 0.26228166898043964, loss: 1.828758555650711, rho: 0.4000000000000001, transmit_actions: 9, P: [0.75, 0.75, 0.5, 0.125, 0.09375, 0.84375, 0.25, 0.09375, 0.75, 0.96875, 0.875, 0.3125, 0.78125, 0.75, 0.375, 0.875, 0.875, 0.6875, 0.65625, 0.71875]
[TRAIN]: (169/1600): reward: 3.274177074432373, rates: 15.274177067581668, loss: 1.9171413600444793, rho: 0.4000000000000001, transmit_actions: 9, P: [0.65625, 0.875, 0.9375, 0.875, 0.53125, 0.96875, 0.125, 0.09375, 0.5, 0.46875, 0.5625, 0.0625, 0.84375, 0.84375, 0.6875, 0.9375, 0.59375, 0.1875, 0.53125, 0.3125]
[TRAIN]: (170/1600): reward: -5.1706755347549915, rates: 9.829324363031416, loss: 1.8431082487106323, rho: 0.4000000000000001, transmit_actions: 10, P: [0.4375, 0.0625, 0.71875, 0.09375, 0.5625, 0.375, 0.84375, 0.59375, 0.40625, 0.34375, 0.84375, 0.0625, 0.34375, 0.25, 0.03125, 1.0, 0.375, 0.125, 0.65625, 0.46875]
[TRAIN]: (171/1600): reward: 1.0020103603601456, rates: 13.002009902337011, loss: 1.9717717915773392, rho: 0.4000000000000001, transmit_actions: 8, P: [0.25, 0.84375, 0.6875, 0.84375, 0.65625, 0.6875, 0.5625, 0.125, 0.03125, 0.25, 0.125, 0.6875, 0.90625, 0.40625, 0.625, 1.0, 0.21875, 0.625, 0.40625, 0.03125]
[TRAIN]: (172/1600): reward: -0.9057909250259399, rates: 12.094209415955625, loss: 1.903368628025055, rho: 0.4000000000000001, transmit_actions: 11, P: [0.375, 0.9375, 0.28125, 0.625, 0.875, 0.25, 0.28125, 0.1875, 0.71875, 0.75, 0.84375, 0.15625, 1.0, 0.78125, 0.3125, 0.5, 0.0, 0.71875, 0.28125, 0.53125]
[TRAIN]: (173/1600): reward: -7.34050190448761, rates: 6.659498049286516, loss: 1.7887913525104522, rho: 0.4000000000000001, transmit_actions: 7, P: [0.78125, 0.25, 0.40625, 0.5625, 0.28125, 0.59375, 0.34375, 0.5, 0.5, 0.6875, 0.625, 0.46875, 0.0, 0.21875, 0.78125, 0.53125, 0.53125, 0.90625, 0.03125, 0.03125]
[TRAIN]: (174/1600): reward: 0.8876320868730545, rates: 12.887632223716235, loss: 1.8558125913143158, rho: 0.4000000000000001, transmit_actions: 13, P: [0.25, 0.09375, 0.28125, 0.875, 0.71875, 0.125, 0.96875, 0.53125, 0.3125, 1.0, 0.96875, 0.09375, 0.59375, 0.9375, 0.03125, 0.625, 0.375, 0.40625, 0.5625, 0.25]
[TRAIN]: (175/1600): reward: -9.14622974395752, rates: 5.853770034545138, loss: 1.8766975224018096, rho: 0.4000000000000001, transmit_actions: 13, P: [0.5, 1.0, 0.84375, 0.8125, 0.78125, 0.75, 0.78125, 0.53125, 1.0, 0.8125, 0.09375, 0.71875, 0.5625, 0.25, 0.15625, 0.3125, 0.84375, 0.90625, 0.71875, 0.28125]
[TRAIN]: (176/1600): reward: 2.5613365173339844, rates: 14.561336885012604, loss: 1.848357582092285, rho: 0.4000000000000001, transmit_actions: 7, P: [0.25, 0.0625, 0.5625, 0.53125, 0.1875, 0.5625, 0.6875, 0.875, 0.71875, 0.96875, 0.84375, 0.03125, 0.09375, 0.15625, 0.65625, 0.5, 0.15625, 0.3125, 0.375, 0.875]
[TRAIN]: (177/1600): reward: -14.582305192947388, rates: 1.4176948609418376, loss: 1.903023499250412, rho: 0.4000000000000001, transmit_actions: 10, P: [0.8125, 0.03125, 0.375, 0.5, 0.1875, 0.3125, 0.125, 0.625, 0.59375, 0.625, 0.875, 0.65625, 0.65625, 0.53125, 0.3125, 0.6875, 0.53125, 0.8125, 0.65625, 0.8125]
[TRAIN]: (178/1600): reward: -10.920817613601685, rates: 3.079182374897582, loss: 1.9421463191509247, rho: 0.4000000000000001, transmit_actions: 9, P: [0.65625, 1.0, 0.46875, 0.9375, 0.9375, 0.6875, 0.25, 0.46875, 0.75, 0.625, 0.6875, 0.875, 0.46875, 0.03125, 0.875, 0.40625, 0.75, 0.34375, 0.25, 0.875]
[TRAIN]: (179/1600): reward: 0.3285541236400604, rates: 9.328554123315435, loss: 1.8672371089458466, rho: 0.4000000000000001, transmit_actions: 10, P: [0.53125, 0.40625, 0.4375, 0.875, 0.0, 0.21875, 0.96875, 0.34375, 0.34375, 0.25, 0.15625, 0.75, 0.5, 0.375, 0.5, 0.96875, 0.90625, 0.0625, 0.03125, 0.3125]
[TRAIN]: (180/1600): reward: -7.051385387778282, rates: 5.948614363204422, loss: 1.863830304145813, rho: 0.4000000000000001, transmit_actions: 10, P: [0.71875, 0.6875, 0.09375, 0.0625, 0.3125, 0.375, 0.625, 0.59375, 0.96875, 0.15625, 0.96875, 0.3125, 0.90625, 0.78125, 1.0, 0.3125, 0.40625, 0.75, 0.6875, 0.125]
[TRAIN]: (181/1600): reward: -4.909687176346779, rates: 9.090312754334633, loss: 1.9019025206565856, rho: 0.4000000000000001, transmit_actions: 11, P: [0.3125, 0.625, 0.84375, 0.40625, 0.375, 0.75, 0.09375, 0.4375, 0.28125, 0.96875, 0.4375, 0.0, 0.375, 0.40625, 0.59375, 0.6875, 0.625, 1.0, 0.53125, 0.59375]
[TRAIN]: (182/1600): reward: 3.400871753692627, rates: 15.400871776746271, loss: 1.8411131918430328, rho: 0.4000000000000001, transmit_actions: 10, P: [0.21875, 0.59375, 0.0, 0.125, 1.0, 0.75, 0.21875, 0.6875, 0.78125, 0.15625, 0.0, 0.65625, 0.5, 0.8125, 0.9375, 0.03125, 0.875, 0.78125, 0.65625, 0.09375]
[TRAIN]: (183/1600): reward: -7.66130131483078, rates: 4.3386987198284865, loss: 1.785182285308838, rho: 0.4000000000000001, transmit_actions: 11, P: [0.21875, 0.625, 0.75, 0.78125, 0.875, 0.875, 0.625, 0.8125, 0.8125, 0.25, 0.03125, 0.21875, 1.0, 0.9375, 0.75, 0.9375, 0.3125, 0.84375, 0.96875, 0.25]
[TRAIN]: (184/1600): reward: 12.310361877083778, rates: 20.310362369381707, loss: 1.7524297893047334, rho: 0.4000000000000001, transmit_actions: 10, P: [0.21875, 0.15625, 0.53125, 0.90625, 0.96875, 0.15625, 0.65625, 0.75, 0.4375, 1.0, 0.5625, 0.21875, 0.09375, 0.125, 0.375, 0.90625, 0.5, 0.625, 0.84375, 0.1875]
[TRAIN]: (185/1600): reward: -10.44905436038971, rates: 2.550945636131612, loss: 1.8579887866973877, rho: 0.4000000000000001, transmit_actions: 8, P: [0.25, 0.84375, 0.8125, 0.78125, 0.71875, 1.0, 0.28125, 0.59375, 0.03125, 0.875, 0.125, 0.59375, 0.6875, 0.375, 0.0625, 0.6875, 0.75, 0.46875, 0.28125, 0.53125]
[TRAIN]: (186/1600): reward: -9.650522470474243, rates: 6.349477563494353, loss: 1.7859608829021454, rho: 0.4000000000000001, transmit_actions: 13, P: [0.28125, 0.9375, 0.3125, 0.71875, 0.90625, 0.53125, 0.75, 0.625, 0.59375, 0.125, 0.5625, 0.96875, 0.78125, 0.5625, 0.25, 0.28125, 0.625, 0.59375, 0.8125, 0.625]
[TRAIN]: (187/1600): reward: -3.8116940706968307, rates: 7.188305904731412, loss: 2.0074728429317474, rho: 0.4000000000000001, transmit_actions: 12, P: [0.34375, 0.0, 0.71875, 0.0625, 0.90625, 0.125, 0.0625, 0.4375, 0.9375, 0.3125, 0.8125, 0.03125, 0.71875, 0.25, 0.625, 0.9375, 0.96875, 0.6875, 0.9375, 0.5]
[TRAIN]: (188/1600): reward: 8.19186370074749, rates: 21.191863529202372, loss: 1.8027335107326508, rho: 0.4000000000000001, transmit_actions: 13, P: [0.40625, 0.875, 0.3125, 0.8125, 0.375, 0.4375, 0.90625, 0.0, 0.25, 0.15625, 0.3125, 0.125, 0.0625, 0.5625, 0.21875, 0.4375, 0.75, 0.875, 0.0625, 0.96875]
[TRAIN]: (189/1600): reward: -8.46610814332962, rates: 6.533892010637453, loss: 1.8847281366586686, rho: 0.4000000000000001, transmit_actions: 7, P: [0.375, 0.5, 0.46875, 0.40625, 0.25, 0.125, 0.78125, 0.1875, 0.375, 0.40625, 0.15625, 0.8125, 0.34375, 0.9375, 0.59375, 0.5625, 0.34375, 0.46875, 0.875, 0.625]
[TRAIN]: (190/1600): reward: -7.797989911399782, rates: 4.202009969858567, loss: 1.9318819046020508, rho: 0.4000000000000001, transmit_actions: 9, P: [0.6875, 0.0, 0.03125, 0.875, 0.46875, 0.53125, 0.75, 0.8125, 0.40625, 0.03125, 0.25, 0.8125, 0.84375, 0.96875, 0.21875, 0.875, 0.15625, 0.09375, 0.71875, 0.40625]
[TRAIN]: (191/1600): reward: -9.476626018993556, rates: 5.523373763187027, loss: 1.79758563041687, rho: 0.4000000000000001, transmit_actions: 8, P: [0.6875, 0.34375, 0.9375, 0.90625, 0.46875, 0.375, 0.0625, 0.15625, 0.625, 0.78125, 0.53125, 0.09375, 0.65625, 0.59375, 0.0625, 0.625, 0.25, 0.15625, 0.71875, 0.90625]
[TRAIN]: (192/1600): reward: 2.6084718704223633, rates: 10.608471747744641, loss: 1.84206622838974, rho: 0.4000000000000001, transmit_actions: 9, P: [0.28125, 0.8125, 0.53125, 0.125, 0.125, 0.875, 0.125, 0.28125, 0.875, 0.1875, 0.0, 0.1875, 0.90625, 0.40625, 0.0625, 0.09375, 0.625, 0.53125, 0.84375, 0.0]
[TRAIN]: (193/1600): reward: 4.466545633971691, rates: 12.466545522654387, loss: 1.9857094883918762, rho: 0.4000000000000001, transmit_actions: 12, P: [0.75, 0.84375, 0.03125, 0.65625, 0.625, 0.09375, 0.90625, 0.84375, 0.875, 0.0, 0.90625, 0.125, 0.78125, 0.4375, 0.03125, 0.53125, 0.59375, 0.75, 0.96875, 0.96875]
[TRAIN]: (194/1600): reward: -2.10221529006958, rates: 9.897785048034752, loss: 1.7673089861869813, rho: 0.4000000000000001, transmit_actions: 11, P: [0.625, 0.90625, 0.15625, 0.6875, 0.75, 0.6875, 0.5625, 0.09375, 0.34375, 0.3125, 0.78125, 0.1875, 0.8125, 0.65625, 0.96875, 0.0625, 0.21875, 0.875, 0.125, 0.09375]
[TRAIN]: (195/1600): reward: -14.929317392408848, rates: 0.0706826090169092, loss: 1.6288148641586304, rho: 0.4000000000000001, transmit_actions: 8, P: [0.71875, 0.46875, 0.8125, 0.65625, 1.0, 0.875, 0.09375, 0.40625, 0.46875, 0.3125, 0.59375, 0.90625, 1.0, 0.78125, 0.3125, 0.15625, 0.25, 0.4375, 0.8125, 0.6875]
[TRAIN]: (196/1600): reward: -0.988209493458271, rates: 10.011790207677251, loss: 1.6685127377510072, rho: 0.4000000000000001, transmit_actions: 13, P: [1.0, 0.0625, 0.8125, 1.0, 0.09375, 0.34375, 0.96875, 0.625, 0.5, 0.09375, 0.28125, 0.125, 0.0, 0.1875, 1.0, 0.75, 0.28125, 0.78125, 0.40625, 0.0]
[TRAIN]: (197/1600): reward: -5.256078734993935, rates: 9.743921460736333, loss: 1.6907564848661423, rho: 0.4000000000000001, transmit_actions: 15, P: [0.03125, 0.5625, 0.96875, 0.96875, 0.6875, 0.53125, 0.875, 0.59375, 0.0625, 0.125, 0.15625, 0.5625, 0.09375, 0.5, 0.625, 0.75, 0.03125, 0.9375, 0.5, 0.0]
[TRAIN]: (198/1600): reward: -11.835160732269287, rates: 2.164839211403514, loss: 1.7087461590766906, rho: 0.4000000000000001, transmit_actions: 10, P: [0.4375, 0.9375, 0.9375, 0.1875, 0.71875, 0.3125, 0.84375, 0.53125, 0.65625, 0.15625, 0.375, 0.46875, 0.59375, 1.0, 0.25, 0.9375, 0.46875, 0.4375, 0.3125, 0.15625]
[TRAIN]: (199/1600): reward: -1.6691602766513824, rates: 10.330839626494667, loss: 1.8364456653594972, rho: 0.4000000000000001, transmit_actions: 9, P: [0.03125, 1.0, 0.03125, 0.8125, 0.8125, 0.9375, 1.0, 0.84375, 0.1875, 0.375, 0.15625, 0.03125, 0.21875, 0.75, 0.15625, 0.625, 0.71875, 0.53125, 0.875, 0.59375]
[TRAIN]: (200/1600): reward: -4.093007266521454, rates: 9.906992734377841, loss: 1.7087533473968506, rho: 0.4000000000000001, transmit_actions: 10, P: [0.0, 0.34375, 0.34375, 0.3125, 0.375, 0.75, 0.46875, 0.34375, 0.53125, 0.25, 1.0, 0.78125, 1.0, 0.3125, 0.3125, 0.53125, 0.21875, 0.375, 1.0, 0.0625]
[TRAIN]: (201/1600): reward: -3.070526532828808, rates: 9.9294737410227, loss: 1.869003027677536, rho: 0.4000000000000001, transmit_actions: 8, P: [0.71875, 0.53125, 0.5, 0.375, 0.5, 0.90625, 0.75, 0.25, 0.40625, 0.3125, 0.375, 0.4375, 0.625, 0.84375, 0.3125, 0.15625, 0.1875, 0.28125, 0.21875, 0.4375]
[TRAIN]: (202/1600): reward: -16.0, rates: 0, loss: 1.7078881084918975, rho: 0.4000000000000001, transmit_actions: 6, P: [0.0625, 0.53125, 0.65625, 0.28125, 0.1875, 0.5625, 0.4375, 0.75, 0.9375, 0.4375, 0.5, 0.3125, 0.6875, 0.28125, 0.6875, 0.09375, 0.53125, 0.6875, 0.90625, 0.9375]
[TRAIN]: (203/1600): reward: -7.210986137390137, rates: 5.789013895956157, loss: 1.6699342727661133, rho: 0.4000000000000001, transmit_actions: 10, P: [0.8125, 0.96875, 0.40625, 0.03125, 0.8125, 0.90625, 0.25, 0.5625, 0.6875, 0.84375, 0.5, 0.40625, 0.21875, 0.4375, 0.9375, 0.40625, 0.65625, 0.78125, 0.34375, 0.78125]
[TRAIN]: (204/1600): reward: -8.931621462106705, rates: 5.068378522308287, loss: 1.7853817164897918, rho: 0.4000000000000001, transmit_actions: 13, P: [0.375, 0.96875, 0.53125, 0.125, 0.25, 0.21875, 0.34375, 0.4375, 0.53125, 0.59375, 0.96875, 0.84375, 0.4375, 0.71875, 0.71875, 0.4375, 0.625, 0.1875, 0.78125, 0.78125]
[TRAIN]: (205/1600): reward: -6.571303332224488, rates: 9.42869683060206, loss: 1.7458128184080124, rho: 0.4000000000000001, transmit_actions: 12, P: [0.96875, 0.75, 0.84375, 0.6875, 0.1875, 0.75, 0.8125, 0.03125, 0.75, 0.40625, 0.40625, 0.0625, 0.0, 0.28125, 0.1875, 0.3125, 0.625, 0.5625, 0.28125, 0.6875]
[TRAIN]: (206/1600): reward: -11.008497714996338, rates: 3.9915022229712216, loss: 1.8673379302024842, rho: 0.4000000000000001, transmit_actions: 9, P: [0.75, 1.0, 0.96875, 0.59375, 0.46875, 0.375, 0.21875, 0.09375, 0.9375, 0.625, 0.96875, 0.28125, 0.53125, 0.46875, 0.5625, 0.03125, 0.59375, 0.21875, 0.125, 0.90625]
[TRAIN]: (207/1600): reward: -1.9959688186645508, rates: 13.004031070355179, loss: 1.713900974392891, rho: 0.4000000000000001, transmit_actions: 13, P: [0.0625, 0.78125, 0.375, 0.25, 0.03125, 0.625, 0.53125, 0.34375, 0.0, 0.34375, 0.5, 0.3125, 0.875, 0.1875, 0.53125, 0.25, 0.125, 0.25, 0.21875, 0.875]
[TRAIN]: (208/1600): reward: -5.010133296251297, rates: 9.989866885431002, loss: 1.9855550587177277, rho: 0.4000000000000001, transmit_actions: 10, P: [0.09375, 0.3125, 0.34375, 0.40625, 0.3125, 0.46875, 0.71875, 0.53125, 0.90625, 0.9375, 0.3125, 0.59375, 0.09375, 0.59375, 0.15625, 0.65625, 0.0625, 0.4375, 0.78125, 0.59375]
[TRAIN]: (209/1600): reward: -2.6877996921539307, rates: 12.312199987732178, loss: 1.6544847279787063, rho: 0.4000000000000001, transmit_actions: 11, P: [0.4375, 0.46875, 0.34375, 0.5, 0.09375, 0.53125, 0.75, 0.03125, 0.65625, 0.59375, 0.1875, 0.125, 0.21875, 0.6875, 0.90625, 0.15625, 0.96875, 0.78125, 0.25, 0.0]
[TRAIN]: (210/1600): reward: -13.432408332824707, rates: 3.5675916993152916, loss: 1.8666916131973266, rho: 0.4000000000000001, transmit_actions: 10, P: [0.4375, 0.46875, 0.53125, 0.75, 0.375, 0.0625, 0.875, 0.34375, 0.375, 0.71875, 0.125, 0.75, 0.28125, 0.8125, 0.0, 0.75, 0.03125, 0.875, 0.21875, 0.625]
[TRAIN]: (211/1600): reward: 0.4180680476129055, rates: 11.418068079446112, loss: 1.79098379611969, rho: 0.4000000000000001, transmit_actions: 9, P: [0.21875, 0.46875, 0.5, 0.84375, 0.84375, 0.03125, 0.46875, 0.34375, 0.1875, 0.78125, 0.78125, 0.375, 0.4375, 0.5625, 0.375, 0.5625, 0.875, 0.84375, 0.28125, 0.9375]
[TRAIN]: (212/1600): reward: -2.4203548431396484, rates: 10.579644854344789, loss: 1.9853540658950806, rho: 0.4000000000000001, transmit_actions: 9, P: [0.40625, 0.4375, 0.46875, 0.03125, 0.25, 0.34375, 0.53125, 0.53125, 0.75, 0.59375, 0.625, 1.0, 0.125, 0.0625, 0.28125, 0.53125, 0.90625, 0.875, 0.78125, 0.75]
[TRAIN]: (213/1600): reward: 7.5329669415950775, rates: 20.532966714174414, loss: 1.7502744019031524, rho: 0.4000000000000001, transmit_actions: 16, P: [0.375, 1.0, 0.0, 0.5, 0.125, 0.90625, 0.90625, 0.625, 0.375, 0.125, 0.625, 0.78125, 0.09375, 0.0625, 0.5625, 0.3125, 0.3125, 0.5, 0.5, 0.5]
[TRAIN]: (214/1600): reward: -11.797254085540771, rates: 5.202745880586335, loss: 1.9368524849414825, rho: 0.4000000000000001, transmit_actions: 10, P: [0.40625, 0.46875, 0.3125, 0.34375, 0.78125, 0.53125, 0.40625, 0.25, 0.59375, 0.9375, 0.21875, 0.75, 0.75, 0.25, 0.375, 0.75, 0.6875, 0.625, 0.59375, 0.71875]
[TRAIN]: (215/1600): reward: 0.7733633294701576, rates: 11.773362986815876, loss: 1.8657588601112365, rho: 0.4000000000000001, transmit_actions: 14, P: [0.71875, 0.71875, 0.125, 0.875, 0.65625, 0.4375, 0.0625, 0.6875, 0.90625, 0.6875, 0.96875, 0.90625, 0.46875, 0.71875, 0.34375, 0.96875, 0.875, 0.21875, 0.40625, 0.28125]
[TRAIN]: (216/1600): reward: -8.487538428977132, rates: 3.5124616519764946, loss: 1.727849742770195, rho: 0.4000000000000001, transmit_actions: 9, P: [0.0625, 0.4375, 0.3125, 0.28125, 0.6875, 0.875, 0.03125, 0.3125, 0.15625, 0.84375, 0.625, 0.28125, 0.9375, 0.46875, 0.375, 0.84375, 0.46875, 0.375, 0.25, 0.53125]
[TRAIN]: (217/1600): reward: 0.8228206224739552, rates: 9.822820739342696, loss: 1.7370451092720032, rho: 0.4000000000000001, transmit_actions: 10, P: [0.78125, 0.21875, 0.28125, 0.15625, 0.34375, 0.1875, 0.375, 0.03125, 0.21875, 0.8125, 0.90625, 0.1875, 0.9375, 0.9375, 0.09375, 0.0, 0.25, 1.0, 0.40625, 0.34375]
[TRAIN]: (218/1600): reward: -0.5397304482758045, rates: 12.4602694706393, loss: 1.6903847336769104, rho: 0.4000000000000001, transmit_actions: 10, P: [0.03125, 0.5625, 0.8125, 0.9375, 0.5625, 0.03125, 0.09375, 0.96875, 0.84375, 0.15625, 0.25, 0.09375, 0.0625, 0.8125, 0.75, 0.6875, 0.96875, 0.0625, 0.65625, 0.8125]
[TRAIN]: (219/1600): reward: -9.754810094833374, rates: 5.245190090602942, loss: 1.6118864387273788, rho: 0.4000000000000001, transmit_actions: 11, P: [0.34375, 0.46875, 0.21875, 0.125, 0.75, 0.15625, 0.84375, 0.59375, 0.46875, 0.65625, 0.5625, 0.75, 0.84375, 0.25, 0.8125, 0.65625, 0.28125, 1.0, 0.8125, 0.25]
[TRAIN]: (220/1600): reward: -4.9427149295806885, rates: 8.057285100638904, loss: 1.7012686491012574, rho: 0.4000000000000001, transmit_actions: 7, P: [0.9375, 0.625, 0.625, 0.15625, 0.125, 0.25, 0.96875, 0.59375, 0.21875, 0.0, 0.03125, 0.0, 0.78125, 0.46875, 0.9375, 0.5625, 0.3125, 0.96875, 0.03125, 0.53125]
[TRAIN]: (221/1600): reward: 7.920091807842255, rates: 17.9200914143343, loss: 1.749565926194191, rho: 0.4000000000000001, transmit_actions: 10, P: [0.59375, 0.125, 0.53125, 0.875, 0.96875, 0.28125, 0.09375, 0.09375, 0.53125, 0.09375, 0.0625, 0.03125, 0.6875, 0.1875, 0.21875, 0.96875, 0.9375, 0.09375, 0.59375, 0.96875]
[TRAIN]: (222/1600): reward: -9.24443006515503, rates: 5.755570144854151, loss: 1.555480521917343, rho: 0.4000000000000001, transmit_actions: 5, P: [0.21875, 0.8125, 0.09375, 0.65625, 0.40625, 0.53125, 0.125, 0.71875, 0.46875, 0.25, 0.15625, 0.9375, 0.46875, 0.3125, 0.3125, 0.84375, 0.5, 0.3125, 0.28125, 0.90625]
[TRAIN]: (223/1600): reward: 8.888589978218079, rates: 20.88859038319812, loss: 1.8022036373615264, rho: 0.4000000000000001, transmit_actions: 9, P: [0.5625, 0.78125, 0.8125, 0.90625, 0.0, 0.21875, 0.625, 0.53125, 0.65625, 0.28125, 0.1875, 0.375, 0.75, 0.15625, 0.75, 0.09375, 0.4375, 0.9375, 0.0, 1.0]
[TRAIN]: (224/1600): reward: -4.024386882781982, rates: 9.975613421150094, loss: 1.6180365920066833, rho: 0.4000000000000001, transmit_actions: 8, P: [0.78125, 0.59375, 0.625, 0.0, 0.46875, 0.0, 0.875, 0.8125, 0.25, 0.4375, 0.375, 0.84375, 0.25, 0.15625, 0.4375, 0.375, 0.5625, 0.46875, 0.3125, 0.3125]
[TRAIN]: (225/1600): reward: 2.105630040168762, rates: 15.105629956507382, loss: 1.8749658644199372, rho: 0.4000000000000001, transmit_actions: 13, P: [0.53125, 0.875, 0.5, 0.84375, 0.375, 0.25, 0.5, 0.71875, 0.40625, 0.3125, 0.875, 0.125, 0.4375, 0.125, 0.875, 0.09375, 0.125, 0.84375, 0.71875, 0.125]
[TRAIN]: (226/1600): reward: -15.0, rates: 0, loss: 1.6793849110603332, rho: 0.4000000000000001, transmit_actions: 7, P: [0.5625, 0.0625, 0.03125, 1.0, 0.75, 0.9375, 0.71875, 0.90625, 0.6875, 0.84375, 0.78125, 0.5625, 0.53125, 0.875, 0.375, 0.59375, 0.1875, 0.65625, 0.375, 0.9375]
[TRAIN]: (227/1600): reward: 6.986335873603821, rates: 19.98633618615527, loss: 1.7668248057365417, rho: 0.4000000000000001, transmit_actions: 11, P: [0.375, 0.96875, 0.84375, 0.5625, 0.21875, 0.46875, 0.25, 0.0625, 0.0, 0.0625, 0.15625, 0.0625, 0.46875, 0.59375, 0.40625, 0.125, 0.25, 0.15625, 0.9375, 1.0]
[TRAIN]: (228/1600): reward: -8.387971259653568, rates: 5.612028759761216, loss: 1.9110341191291809, rho: 0.4000000000000001, transmit_actions: 9, P: [0.4375, 0.09375, 0.4375, 0.65625, 0.6875, 0.90625, 0.625, 0.15625, 1.0, 0.34375, 0.3125, 0.1875, 0.5, 0.0, 0.1875, 0.09375, 0.96875, 0.15625, 0.0625, 0.5625]
[TRAIN]: (229/1600): reward: -2.797612704336643, rates: 11.202387546147797, loss: 1.7368354558944703, rho: 0.4000000000000001, transmit_actions: 15, P: [0.21875, 0.375, 0.0, 0.625, 0.28125, 0.75, 0.5, 0.65625, 0.53125, 0.21875, 0.59375, 0.46875, 0.46875, 0.28125, 0.28125, 0.875, 0.5625, 0.875, 0.59375, 0.125]
[TRAIN]: (230/1600): reward: -5.138630509376526, rates: 9.86136944959259, loss: 1.719595131278038, rho: 0.4000000000000001, transmit_actions: 14, P: [0.84375, 0.53125, 0.96875, 0.4375, 0.4375, 0.0, 0.375, 0.96875, 0.90625, 0.9375, 0.15625, 0.46875, 0.09375, 0.34375, 0.3125, 0.8125, 0.6875, 0.84375, 0.0, 0.09375]
[TRAIN]: (231/1600): reward: -8.630444526672363, rates: 7.369555686411696, loss: 1.9321361377835273, rho: 0.4000000000000001, transmit_actions: 13, P: [0.8125, 0.65625, 0.46875, 0.21875, 1.0, 0.3125, 0.4375, 0.6875, 0.28125, 0.65625, 0.21875, 0.125, 0.53125, 1.0, 0.21875, 0.03125, 0.96875, 0.03125, 0.34375, 0.34375]
[TRAIN]: (232/1600): reward: -9.79680621623993, rates: 4.203193950045446, loss: 1.8471535205841065, rho: 0.4000000000000001, transmit_actions: 10, P: [0.46875, 0.1875, 0.15625, 0.875, 0.5, 0.25, 0.78125, 0.03125, 0.5625, 0.0625, 0.09375, 0.40625, 0.875, 0.53125, 0.34375, 0.90625, 0.96875, 0.90625, 0.28125, 0.6875]
[TRAIN]: (233/1600): reward: -12.007512092590332, rates: 3.9924880004957948, loss: 1.667661339044571, rho: 0.4000000000000001, transmit_actions: 10, P: [0.0625, 0.0625, 0.21875, 0.5, 0.375, 0.78125, 0.3125, 0.6875, 0.78125, 0.84375, 0.03125, 0.90625, 0.46875, 0.03125, 0.0, 0.28125, 0.625, 0.21875, 0.6875, 1.0]
[TRAIN]: (234/1600): reward: 0.5953816398978233, rates: 12.59538190946055, loss: 1.6147744178771972, rho: 0.4000000000000001, transmit_actions: 11, P: [0.28125, 0.3125, 0.65625, 0.15625, 0.0625, 0.75, 0.375, 0.125, 0.34375, 0.53125, 0.1875, 0.96875, 0.46875, 0.34375, 0.4375, 0.71875, 0.84375, 0.90625, 0.34375, 0.5]
[TRAIN]: (235/1600): reward: 1.0127812623977661, rates: 16.012781242472695, loss: 1.8714897096157075, rho: 0.4000000000000001, transmit_actions: 10, P: [0.09375, 0.25, 0.46875, 0.65625, 0.15625, 0.6875, 0.09375, 0.78125, 0.78125, 0.34375, 0.1875, 0.0625, 0.09375, 0.5, 0.5625, 0.3125, 0.6875, 0.65625, 0.71875, 0.46875]
[TRAIN]: (236/1600): reward: -13.971781253814697, rates: 1.0282187669970158, loss: 1.8204991161823272, rho: 0.4000000000000001, transmit_actions: 10, P: [0.46875, 0.0, 0.75, 0.125, 0.90625, 0.1875, 0.34375, 0.71875, 0.8125, 0.78125, 0.9375, 0.0, 0.125, 1.0, 0.59375, 0.375, 1.0, 0.3125, 0.625, 0.53125]
[TRAIN]: (237/1600): reward: -10.981728665530682, rates: 1.0182713474051608, loss: 1.6601467609405518, rho: 0.4000000000000001, transmit_actions: 12, P: [0.125, 0.6875, 0.5625, 0.46875, 0.5625, 0.15625, 0.59375, 0.5, 0.0625, 0.59375, 0.9375, 0.0625, 0.4375, 0.90625, 0.46875, 0.65625, 0.75, 0.71875, 1.0, 0.46875]
[TRAIN]: (238/1600): reward: 2.326482057571411, rates: 15.326482258040615, loss: 2.0553666949272156, rho: 0.4000000000000001, transmit_actions: 12, P: [0.90625, 0.0625, 0.5625, 0.96875, 0.1875, 0.03125, 0.875, 0.3125, 0.4375, 0.4375, 0.28125, 0.875, 0.4375, 0.40625, 0.6875, 0.5625, 0.34375, 0.125, 0.71875, 0.6875]
[TRAIN]: (239/1600): reward: 0.584789514541626, rates: 12.584789813998693, loss: 1.86605926156044, rho: 0.4000000000000001, transmit_actions: 11, P: [0.0, 0.59375, 0.9375, 0.53125, 1.0, 0.1875, 0.28125, 0.40625, 0.125, 0.71875, 0.4375, 0.03125, 0.46875, 0.4375, 0.5625, 0.0, 0.03125, 0.28125, 0.65625, 0.28125]
[TRAIN]: (240/1600): reward: -3.233326718211174, rates: 10.766673610974834, loss: 1.7629786908626557, rho: 0.4000000000000001, transmit_actions: 9, P: [0.1875, 0.3125, 0.90625, 0.21875, 0.5, 0.71875, 0.59375, 0.5625, 0.28125, 0.40625, 0.625, 0.96875, 0.5625, 0.5, 0.28125, 0.125, 0.875, 0.0625, 0.03125, 0.53125]
[TRAIN]: (241/1600): reward: -5.488607883453369, rates: 9.511391996075023, loss: 1.9545303404331207, rho: 0.4000000000000001, transmit_actions: 10, P: [0.125, 0.84375, 0.40625, 0.84375, 0.75, 0.4375, 0.15625, 0.75, 0.40625, 0.375, 0.15625, 0.75, 0.15625, 0.84375, 0.46875, 0.09375, 0.21875, 0.71875, 0.0, 0.53125]
[TRAIN]: (242/1600): reward: -8.711831398308277, rates: 5.288168804344102, loss: 1.7839847326278686, rho: 0.4000000000000001, transmit_actions: 7, P: [0.25, 0.59375, 1.0, 0.96875, 0.8125, 0.3125, 0.96875, 0.1875, 0.15625, 0.09375, 0.46875, 0.03125, 0.34375, 0.78125, 0.4375, 0.15625, 0.375, 0.84375, 0.53125, 0.625]
[TRAIN]: (243/1600): reward: -17.0, rates: 0.0, loss: 1.7688829720020294, rho: 0.4000000000000001, transmit_actions: 9, P: [1.0, 0.5625, 0.0, 0.75, 0.34375, 0.5625, 0.8125, 0.59375, 0.375, 0.0, 0.0, 0.65625, 0.3125, 0.1875, 0.78125, 0.75, 0.53125, 0.8125, 0.8125, 0.96875]
[TRAIN]: (244/1600): reward: 1.6403179466724396, rates: 15.640318096163947, loss: 1.8044012665748597, rho: 0.4000000000000001, transmit_actions: 12, P: [0.625, 0.625, 0.1875, 0.78125, 0.40625, 0.34375, 0.375, 0.59375, 0.25, 0.84375, 0.03125, 0.78125, 0.28125, 0.59375, 0.6875, 0.71875, 0.78125, 0.875, 0.53125, 0.09375]
[TRAIN]: (245/1600): reward: -9.298161506652832, rates: 4.70183870134405, loss: 1.9350206226110458, rho: 0.4000000000000001, transmit_actions: 7, P: [0.46875, 0.65625, 1.0, 0.09375, 0.90625, 0.84375, 0.53125, 0.1875, 0.875, 0.8125, 0.34375, 0.28125, 0.28125, 0.78125, 0.21875, 0.71875, 0.8125, 0.625, 0.15625, 0.21875]
[TRAIN]: (246/1600): reward: 0.45900828391313553, rates: 13.459008183425286, loss: 1.810131311416626, rho: 0.4000000000000001, transmit_actions: 11, P: [0.0, 0.34375, 0.03125, 0.78125, 0.125, 0.375, 0.125, 0.25, 0.34375, 0.125, 0.5625, 0.0625, 0.53125, 0.78125, 0.0625, 0.375, 0.96875, 0.1875, 0.5, 0.03125]
[TRAIN]: (247/1600): reward: -7.0592943876981735, rates: 5.940705624517182, loss: 1.6533684968948363, rho: 0.4000000000000001, transmit_actions: 10, P: [0.75, 0.28125, 0.5625, 0.03125, 1.0, 0.96875, 0.15625, 0.15625, 0.15625, 0.59375, 0.5625, 0.0625, 0.4375, 0.46875, 0.28125, 0.53125, 0.1875, 0.25, 0.90625, 0.5625]
[TRAIN]: (248/1600): reward: -9.206751644611359, rates: 3.793248358712665, loss: 1.8635728001594543, rho: 0.4000000000000001, transmit_actions: 13, P: [0.0625, 0.15625, 0.09375, 0.25, 0.53125, 0.15625, 0.3125, 0.875, 0.03125, 0.4375, 0.3125, 0.96875, 0.125, 0.6875, 0.1875, 0.28125, 0.9375, 0.46875, 0.25, 0.59375]
[TRAIN]: (249/1600): reward: -8.494749590754509, rates: 4.505250539519089, loss: 1.7733711510896684, rho: 0.4000000000000001, transmit_actions: 10, P: [1.0, 0.25, 0.0625, 0.0625, 0.625, 0.40625, 0.5, 1.0, 0.59375, 0.09375, 0.34375, 0.3125, 0.78125, 0.0625, 0.8125, 0.9375, 0.5625, 0.5625, 0.6875, 0.28125]
[TRAIN]: (250/1600): reward: -15.879331201314926, rates: 0.12066879561532513, loss: 1.7358626067638396, rho: 0.4000000000000001, transmit_actions: 8, P: [0.1875, 0.84375, 0.6875, 0.625, 0.15625, 0.4375, 0.34375, 0.3125, 0.125, 0.3125, 0.375, 0.8125, 0.71875, 0.96875, 0.53125, 0.125, 0.5, 0.4375, 0.96875, 0.4375]
[TRAIN]: (251/1600): reward: -9.138779729604721, rates: 5.861220432023506, loss: 1.7005981385707856, rho: 0.4000000000000001, transmit_actions: 11, P: [0.0, 0.15625, 0.09375, 0.15625, 0.0625, 0.1875, 0.53125, 0.59375, 0.8125, 0.625, 0.6875, 0.34375, 0.875, 0.96875, 0.71875, 0.625, 0.53125, 0.0625, 0.21875, 0.6875]
[TRAIN]: (252/1600): reward: 2.1650677919387817, rates: 14.16506775500651, loss: 1.7918884694576263, rho: 0.4000000000000001, transmit_actions: 10, P: [0.1875, 0.71875, 0.25, 0.9375, 0.75, 0.4375, 0.84375, 0.9375, 0.25, 0.53125, 0.6875, 0.53125, 0.71875, 0.3125, 0.1875, 0.46875, 0.375, 0.625, 0.5, 0.03125]
[TRAIN]: (253/1600): reward: 4.997491553425789, rates: 17.99749151632213, loss: 1.891517972946167, rho: 0.4000000000000001, transmit_actions: 8, P: [0.28125, 0.09375, 0.1875, 0.6875, 0.84375, 0.75, 0.15625, 0.125, 0.53125, 0.09375, 0.0625, 0.625, 0.34375, 0.4375, 0.125, 0.1875, 0.1875, 0.03125, 0.59375, 0.8125]
[TRAIN]: (254/1600): reward: -15.24314969778061, rates: 0.7568502957750476, loss: 1.8886343240737915, rho: 0.4000000000000001, transmit_actions: 9, P: [0.34375, 0.84375, 0.15625, 0.625, 0.09375, 0.6875, 0.46875, 0.53125, 0.28125, 0.125, 0.4375, 0.4375, 0.0, 0.53125, 0.0625, 0.21875, 0.65625, 0.46875, 0.65625, 0.09375]
[TRAIN]: (255/1600): reward: -1.2872691005468369, rates: 11.712731004306221, loss: 1.6994960308074951, rho: 0.4000000000000001, transmit_actions: 11, P: [0.90625, 0.96875, 0.3125, 0.0, 0.5625, 0.21875, 0.28125, 0.875, 0.0, 0.15625, 0.84375, 0.46875, 0.8125, 0.1875, 0.59375, 0.59375, 0.34375, 0.6875, 0.84375, 0.90625]
[TRAIN]: (256/1600): reward: -6.789690434932709, rates: 6.210309552454486, loss: 1.6841516077518464, rho: 0.4000000000000001, transmit_actions: 13, P: [0.46875, 0.875, 0.96875, 0.96875, 0.3125, 0.84375, 0.6875, 0.375, 0.9375, 0.28125, 0.4375, 1.0, 0.1875, 0.96875, 0.96875, 0.6875, 0.5, 0.53125, 0.0, 0.59375]
[TRAIN]: (257/1600): reward: -11.0266233086586, rates: 0.9733766880950803, loss: 1.8522786438465118, rho: 0.4000000000000001, transmit_actions: 8, P: [0.15625, 0.34375, 0.9375, 0.40625, 0.71875, 0.03125, 0.78125, 0.9375, 0.4375, 0.46875, 0.46875, 0.75, 0.8125, 0.78125, 0.53125, 1.0, 0.5625, 0.84375, 0.5, 0.75]
[TRAIN]: (258/1600): reward: -7.501605927944183, rates: 7.4983942816544955, loss: 1.8237803667783736, rho: 0.4000000000000001, transmit_actions: 8, P: [1.0, 0.09375, 0.5, 0.21875, 0.03125, 0.40625, 0.25, 0.59375, 0.28125, 0.09375, 0.96875, 0.125, 0.21875, 0.3125, 0.8125, 0.34375, 0.75, 0.75, 0.46875, 0.28125]
[TRAIN]: (259/1600): reward: -8.286220654845238, rates: 4.71377938664603, loss: 1.8534819960594178, rho: 0.4000000000000001, transmit_actions: 8, P: [0.375, 0.625, 0.0625, 0.375, 0.5, 0.75, 0.15625, 0.25, 0.4375, 1.0, 0.0625, 0.96875, 0.34375, 0.5625, 0.75, 0.21875, 0.4375, 0.59375, 1.0, 0.78125]
[TRAIN]: (260/1600): reward: -9.748064778745174, rates: 4.251935241940181, loss: 1.6872330635786057, rho: 0.4000000000000001, transmit_actions: 11, P: [0.40625, 0.25, 0.84375, 0.875, 0.03125, 0.28125, 0.1875, 0.15625, 0.15625, 0.625, 0.5625, 0.46875, 0.96875, 0.9375, 0.09375, 0.09375, 0.4375, 1.0, 0.9375, 0.4375]
[TRAIN]: (261/1600): reward: -2.543466005474329, rates: 10.456534010338618, loss: 1.8098092377185822, rho: 0.4000000000000001, transmit_actions: 12, P: [0.0625, 0.46875, 0.375, 0.90625, 0.3125, 0.34375, 0.78125, 0.28125, 0.375, 0.9375, 0.28125, 0.34375, 0.28125, 0.84375, 0.59375, 0.5, 0.4375, 0.5625, 0.0625, 0.96875]
[TRAIN]: (262/1600): reward: -0.36884573101997375, rates: 11.631154146727905, loss: 1.8194716036319734, rho: 0.4000000000000001, transmit_actions: 9, P: [0.78125, 0.5, 0.3125, 0.625, 0.96875, 0.28125, 0.9375, 0.75, 0.28125, 0.4375, 0.40625, 0.5, 0.1875, 0.90625, 0.28125, 0.09375, 0.5, 0.90625, 0.65625, 0.3125]
[TRAIN]: (263/1600): reward: -9.924607567489147, rates: 5.075392272515718, loss: 1.8749708831310272, rho: 0.4000000000000001, transmit_actions: 16, P: [0.78125, 0.09375, 0.5, 0.8125, 0.6875, 0.65625, 0.03125, 0.59375, 0.09375, 0.8125, 0.375, 0.0, 0.9375, 0.1875, 0.5625, 0.28125, 0.53125, 0.53125, 0.53125, 0.28125]
[TRAIN]: (264/1600): reward: 1.2068569362163544, rates: 11.206856991317053, loss: 1.7109512239694595, rho: 0.4000000000000001, transmit_actions: 7, P: [0.96875, 0.5, 0.34375, 0.1875, 0.09375, 0.03125, 0.8125, 0.4375, 0.75, 1.0, 0.9375, 0.75, 0.5625, 0.1875, 0.78125, 0.75, 0.6875, 1.0, 0.25, 1.0]
[TRAIN]: (265/1600): reward: -7.414605647325516, rates: 5.585394447842764, loss: 1.7890592038631439, rho: 0.4000000000000001, transmit_actions: 13, P: [0.875, 0.75, 0.28125, 0.78125, 0.6875, 0.8125, 0.3125, 0.5625, 0.53125, 0.5, 1.0, 0.4375, 0.875, 0.21875, 0.625, 0.53125, 0.8125, 0.375, 0.625, 0.9375]
[TRAIN]: (266/1600): reward: 4.310942955315113, rates: 16.310943139633558, loss: 1.9935251414775848, rho: 0.4000000000000001, transmit_actions: 10, P: [0.4375, 0.09375, 0.53125, 0.71875, 0.46875, 0.625, 0.78125, 0.15625, 0.9375, 0.75, 0.71875, 0.625, 0.5, 0.1875, 0.3125, 0.59375, 0.96875, 0.96875, 0.1875, 0.5]
[TRAIN]: (267/1600): reward: -2.7001688480377197, rates: 12.299831179055715, loss: 1.8756102323532104, rho: 0.4000000000000001, transmit_actions: 13, P: [0.625, 1.0, 0.53125, 0.21875, 0.59375, 0.78125, 0.96875, 0.21875, 0.375, 0.5, 0.28125, 0.375, 1.0, 0.6875, 0.375, 0.6875, 0.40625, 0.75, 0.96875, 0.34375]
[TRAIN]: (268/1600): reward: -0.7751771882176399, rates: 10.224822724338171, loss: 1.676529687643051, rho: 0.4000000000000001, transmit_actions: 12, P: [0.0, 0.0, 0.8125, 0.15625, 0.03125, 0.8125, 0.0625, 0.84375, 0.46875, 0.1875, 0.34375, 0.75, 0.84375, 0.46875, 0.4375, 0.5625, 0.75, 0.25, 0.5, 0.0625]
[TRAIN]: (269/1600): reward: -9.487459182739258, rates: 4.512540768551704, loss: 1.703450945019722, rho: 0.4000000000000001, transmit_actions: 4, P: [0.0, 0.5, 0.875, 0.65625, 0.5625, 0.0, 0.6875, 0.96875, 0.46875, 0.34375, 0.78125, 1.0, 0.28125, 0.9375, 0.125, 0.125, 0.53125, 0.25, 0.34375, 1.0]
[TRAIN]: (270/1600): reward: 2.5495123863220215, rates: 17.549512472944187, loss: 1.8650071561336516, rho: 0.4000000000000001, transmit_actions: 8, P: [0.40625, 0.1875, 0.625, 0.875, 0.59375, 0.5625, 0.0, 0.4375, 0.5, 0.375, 0.21875, 0.28125, 0.5, 0.0625, 0.875, 0.03125, 0.40625, 0.78125, 0.78125, 0.5625]
[TRAIN]: (271/1600): reward: -6.509068489074707, rates: 7.490931673145427, loss: 2.0130917131900787, rho: 0.4000000000000001, transmit_actions: 10, P: [0.875, 0.375, 0.75, 0.4375, 0.28125, 0.09375, 0.4375, 0.59375, 0.96875, 0.34375, 0.78125, 0.25, 0.5625, 0.90625, 0.3125, 0.59375, 0.5, 0.0625, 0.65625, 0.53125]
[TRAIN]: (272/1600): reward: -12.433717757463455, rates: 1.5662822585426381, loss: 1.9043011367321014, rho: 0.4000000000000001, transmit_actions: 6, P: [0.46875, 0.375, 0.375, 0.3125, 0.09375, 1.0, 0.21875, 0.875, 0.78125, 0.28125, 0.1875, 0.25, 0.6875, 0.3125, 0.4375, 0.34375, 0.34375, 0.5625, 0.90625, 0.65625]
[TRAIN]: (273/1600): reward: -0.831751654855907, rates: 9.168248419478005, loss: 1.834221851825714, rho: 0.4000000000000001, transmit_actions: 9, P: [0.1875, 0.5, 0.75, 0.0, 0.875, 0.03125, 0.9375, 0.15625, 0.3125, 0.90625, 0.125, 0.3125, 0.40625, 0.03125, 0.28125, 0.0, 0.75, 0.9375, 0.75, 0.65625]
[TRAIN]: (274/1600): reward: -1.9955956935882568, rates: 13.004404371156399, loss: 1.6384993880987166, rho: 0.4000000000000001, transmit_actions: 10, P: [0.125, 0.5625, 0.375, 0.75, 0.0625, 0.3125, 0.46875, 0.3125, 0.3125, 0.875, 0.65625, 0.1875, 0.5, 0.375, 0.5625, 0.5, 0.15625, 0.78125, 0.3125, 0.4375]
[TRAIN]: (275/1600): reward: -6.964975833892822, rates: 9.035023903232787, loss: 1.8229905247688294, rho: 0.4000000000000001, transmit_actions: 13, P: [0.46875, 0.5625, 0.34375, 0.4375, 0.34375, 0.75, 0.625, 0.71875, 0.90625, 0.65625, 0.90625, 0.03125, 0.3125, 0.5625, 0.96875, 0.90625, 0.34375, 0.78125, 0.625, 0.46875]
[TRAIN]: (276/1600): reward: -10.216125905513763, rates: 5.783874123242934, loss: 1.8113528847694398, rho: 0.4000000000000001, transmit_actions: 9, P: [0.65625, 0.5, 0.9375, 0.8125, 0.6875, 0.65625, 0.28125, 0.21875, 0.0625, 0.34375, 0.03125, 0.71875, 0.28125, 0.3125, 0.5, 0.65625, 0.28125, 0.1875, 0.125, 0.40625]
[TRAIN]: (277/1600): reward: -11.883697155863047, rates: 0.11630284584516656, loss: 1.7081359446048736, rho: 0.4000000000000001, transmit_actions: 8, P: [0.34375, 0.875, 0.71875, 0.84375, 0.96875, 0.03125, 0.46875, 0.15625, 0.8125, 0.5, 0.71875, 0.8125, 0.3125, 1.0, 0.3125, 0.875, 0.875, 0.6875, 0.09375, 0.90625]
[TRAIN]: (278/1600): reward: -10.791008949279785, rates: 5.208990990145559, loss: 1.8854021072387694, rho: 0.4000000000000001, transmit_actions: 11, P: [0.46875, 0.65625, 0.78125, 0.625, 0.875, 0.875, 0.34375, 0.5625, 0.625, 0.78125, 0.84375, 0.21875, 0.0, 0.5, 0.15625, 0.5, 1.0, 0.03125, 0.5, 0.4375]
[TRAIN]: (279/1600): reward: -12.763262279331684, rates: 0.23673772849388072, loss: 1.6496687471866607, rho: 0.4000000000000001, transmit_actions: 10, P: [0.25, 0.84375, 0.03125, 0.40625, 0.96875, 0.84375, 0.03125, 0.78125, 0.65625, 0.9375, 0.9375, 0.375, 0.9375, 0.21875, 0.3125, 0.3125, 0.46875, 0.96875, 0.4375, 0.125]
[TRAIN]: (280/1600): reward: 5.277874737977982, rates: 16.277874940130605, loss: 1.8009710907936096, rho: 0.4000000000000001, transmit_actions: 9, P: [0.96875, 0.375, 0.71875, 0.1875, 0.8125, 0.09375, 0.65625, 0.4375, 0.8125, 0.65625, 0.09375, 0.1875, 0.78125, 0.46875, 0.625, 0.75, 0.9375, 0.71875, 0.65625, 0.09375]
[TRAIN]: (281/1600): reward: 0.7820653915405273, rates: 13.782065643450434, loss: 1.7993409901857376, rho: 0.4000000000000001, transmit_actions: 10, P: [0.1875, 0.375, 0.5, 0.5, 0.96875, 0.21875, 0.59375, 0.71875, 0.40625, 0.75, 0.59375, 0.71875, 0.25, 0.90625, 0.28125, 0.8125, 0.375, 0.40625, 0.03125, 0.0625]
[TRAIN]: (282/1600): reward: -1.7123503684997559, rates: 13.287649559024906, loss: 2.070051670074463, rho: 0.4000000000000001, transmit_actions: 12, P: [0.71875, 1.0, 0.3125, 0.65625, 0.59375, 0.09375, 0.625, 0.53125, 0.65625, 0.6875, 0.0625, 0.9375, 0.03125, 0.3125, 0.90625, 0.4375, 1.0, 0.15625, 0.59375, 0.03125]
[TRAIN]: (283/1600): reward: -7.302287757396698, rates: 5.697712286192774, loss: 1.7994456321001053, rho: 0.4000000000000001, transmit_actions: 10, P: [1.0, 0.90625, 0.5625, 0.3125, 0.71875, 0.71875, 0.15625, 0.8125, 0.40625, 0.8125, 0.40625, 0.3125, 0.40625, 0.125, 0.21875, 0.25, 0.53125, 0.875, 0.59375, 0.65625]
[TRAIN]: (284/1600): reward: -10.69678020477295, rates: 6.303219674829651, loss: 1.825489205121994, rho: 0.4000000000000001, transmit_actions: 11, P: [0.15625, 0.3125, 0.28125, 0.625, 0.15625, 0.0625, 0.4375, 0.40625, 0.46875, 0.84375, 0.09375, 0.5625, 0.03125, 0.375, 1.0, 0.375, 0.5, 0.53125, 0.6875, 0.90625]
[TRAIN]: (285/1600): reward: -15.0, rates: 0, loss: 1.7280520498752594, rho: 0.4000000000000001, transmit_actions: 8, P: [0.40625, 0.84375, 1.0, 0.40625, 0.34375, 0.5, 0.3125, 0.0, 0.90625, 0.3125, 0.78125, 0.3125, 0.4375, 0.4375, 0.5625, 0.21875, 0.65625, 0.8125, 0.90625, 0.4375]
[TRAIN]: (286/1600): reward: -2.645086407661438, rates: 12.35491354896298, loss: 2.0050705075263977, rho: 0.4000000000000001, transmit_actions: 12, P: [0.09375, 0.90625, 0.0625, 0.53125, 0.78125, 0.09375, 0.75, 0.34375, 0.625, 0.53125, 0.71875, 0.25, 0.03125, 0.09375, 0.4375, 0.3125, 0.84375, 0.25, 0.28125, 0.3125]
[TRAIN]: (287/1600): reward: -14.550540745258331, rates: 2.4494592795110997, loss: 1.9538305461406709, rho: 0.4000000000000001, transmit_actions: 7, P: [0.75, 0.3125, 0.8125, 0.46875, 0.34375, 0.25, 0.71875, 0.8125, 0.15625, 0.6875, 0.1875, 0.25, 0.25, 0.1875, 0.0625, 0.34375, 0.9375, 0.25, 0.78125, 0.125]
[TRAIN]: (288/1600): reward: -11.752837896347046, rates: 4.247162193030382, loss: 1.7742452681064607, rho: 0.4000000000000001, transmit_actions: 9, P: [0.0, 0.1875, 0.21875, 0.09375, 0.46875, 0.34375, 0.53125, 0.4375, 0.5625, 0.125, 0.8125, 1.0, 0.40625, 0.6875, 0.125, 0.6875, 0.8125, 0.53125, 0.6875, 0.96875]
[TRAIN]: (289/1600): reward: 0.40000417828559875, rates: 11.400004090939817, loss: 1.930073434114456, rho: 0.4000000000000001, transmit_actions: 11, P: [0.5625, 0.96875, 0.84375, 0.90625, 0.0625, 0.34375, 0.375, 0.53125, 0.5, 0.78125, 0.90625, 0.3125, 0.28125, 0.65625, 0.8125, 0.1875, 0.59375, 0.46875, 0.6875, 0.15625]
[TRAIN]: (290/1600): reward: -6.161517597734928, rates: 5.838482529978393, loss: 1.7678014159202575, rho: 0.4000000000000001, transmit_actions: 7, P: [0.84375, 0.28125, 0.0625, 0.21875, 0.03125, 0.71875, 0.90625, 0.375, 0.03125, 0.21875, 0.84375, 0.0, 0.84375, 0.25, 0.1875, 0.96875, 0.1875, 0.625, 0.8125, 0.25]
[TRAIN]: (291/1600): reward: 1.4295296669006348, rates: 13.429529898402954, loss: 1.7924099266529083, rho: 0.4000000000000001, transmit_actions: 9, P: [0.84375, 0.125, 0.6875, 0.125, 0.03125, 0.09375, 0.65625, 0.21875, 0.59375, 0.125, 0.6875, 0.03125, 0.90625, 0.65625, 0.9375, 0.75, 0.25, 0.59375, 0.75, 0.53125]
[TRAIN]: (292/1600): reward: -9.07143783569336, rates: 7.928562420557412, loss: 2.0049456179142, rho: 0.4000000000000001, transmit_actions: 8, P: [0.25, 0.15625, 0.96875, 0.1875, 0.03125, 0.4375, 0.53125, 0.25, 0.96875, 0.75, 0.78125, 0.125, 0.75, 0.15625, 0.5, 0.96875, 0.125, 0.3125, 0.0625, 0.25]
[TRAIN]: (293/1600): reward: 0.3114817813038826, rates: 14.311481835886797, loss: 2.015228217840195, rho: 0.4000000000000001, transmit_actions: 13, P: [0.09375, 0.53125, 0.5, 0.5625, 0.59375, 0.375, 0.03125, 0.40625, 0.6875, 0.5, 0.875, 0.5625, 0.09375, 0.84375, 0.0625, 0.46875, 0.125, 0.8125, 0.25, 0.8125]
[TRAIN]: (294/1600): reward: 4.9017762411385775, rates: 16.901776252236026, loss: 1.8555641889572143, rho: 0.4000000000000001, transmit_actions: 14, P: [0.96875, 0.34375, 0.375, 0.28125, 0.84375, 0.125, 0.9375, 0.09375, 0.21875, 0.65625, 0.4375, 0.03125, 0.25, 0.59375, 1.0, 0.34375, 0.375, 0.75, 0.75, 0.78125]
[TRAIN]: (295/1600): reward: -15.84518849849701, rates: 0.1548115086357345, loss: 1.9062687873840332, rho: 0.4000000000000001, transmit_actions: 7, P: [0.4375, 0.09375, 0.3125, 0.28125, 0.5625, 0.59375, 0.84375, 0.78125, 1.0, 0.6875, 0.625, 0.25, 0.5, 0.5, 0.34375, 0.84375, 0.28125, 0.59375, 0.03125, 0.65625]
[TRAIN]: (296/1600): reward: -6.176078796386719, rates: 8.823921068679274, loss: 1.8029042482376099, rho: 0.4000000000000001, transmit_actions: 11, P: [0.90625, 0.125, 0.65625, 0.84375, 0.78125, 0.75, 0.375, 0.71875, 0.4375, 0.75, 0.625, 0.9375, 0.3125, 0.78125, 0.34375, 0.78125, 0.96875, 0.375, 0.4375, 0.59375]
[TRAIN]: (297/1600): reward: 24.947943925857544, rates: 32.947944153310765, loss: 1.7228527128696443, rho: 0.4000000000000001, transmit_actions: 12, P: [0.34375, 1.0, 0.40625, 0.9375, 0.25, 0.9375, 0.65625, 0.875, 0.4375, 0.90625, 0.5625, 0.84375, 0.28125, 0.09375, 1.0, 0.40625, 0.0625, 0.75, 0.15625, 0.59375]
[TRAIN]: (298/1600): reward: 4.871764183044434, rates: 15.871764095953907, loss: 2.090169394016266, rho: 0.4000000000000001, transmit_actions: 7, P: [0.625, 0.5, 0.65625, 0.5625, 0.03125, 0.59375, 0.28125, 0.65625, 0.0, 0.59375, 0.84375, 0.53125, 1.0, 0.46875, 0.1875, 0.34375, 0.96875, 0.5, 0.5625, 0.53125]
[TRAIN]: (299/1600): reward: -4.790962994098663, rates: 7.209036876276112, loss: 1.7253898203372955, rho: 0.4000000000000001, transmit_actions: 8, P: [0.9375, 0.625, 0.75, 0.21875, 0.46875, 0.9375, 0.1875, 0.21875, 0.875, 0.4375, 0.09375, 0.40625, 0.6875, 0.59375, 0.84375, 0.28125, 0.09375, 0.8125, 0.375, 0.21875]
[TRAIN]: (300/1600): reward: -11.778757095336914, rates: 5.221242769497887, loss: 1.79046528339386, rho: 0.4000000000000001, transmit_actions: 11, P: [0.875, 0.8125, 0.84375, 0.28125, 0.21875, 0.90625, 0.90625, 0.0, 0.25, 0.09375, 0.53125, 0.8125, 0.1875, 0.5, 0.40625, 0.84375, 0.34375, 0.1875, 0.125, 0.125]
[TRAIN]: (301/1600): reward: 15.055573105812073, rates: 23.055573604967545, loss: 1.855621686577797, rho: 0.4000000000000001, transmit_actions: 11, P: [0.53125, 0.5, 0.15625, 0.84375, 0.15625, 0.84375, 0.875, 0.1875, 0.96875, 0.3125, 0.09375, 0.65625, 0.0, 0.6875, 0.375, 0.0, 0.78125, 0.15625, 0.4375, 0.3125]
[TRAIN]: (302/1600): reward: -0.8284959197044373, rates: 11.171503821145864, loss: 1.6033107548952104, rho: 0.4000000000000001, transmit_actions: 12, P: [0.78125, 0.71875, 0.8125, 0.15625, 0.21875, 0.59375, 0.5625, 0.25, 0.90625, 0.21875, 0.34375, 0.40625, 0.71875, 0.75, 0.5625, 0.59375, 0.9375, 0.0, 0.5625, 0.46875]
[TRAIN]: (303/1600): reward: -8.12530180811882, rates: 4.874698168740337, loss: 1.7452874660491944, rho: 0.4000000000000001, transmit_actions: 10, P: [0.90625, 0.5625, 0.78125, 0.34375, 0.75, 0.25, 0.9375, 0.25, 1.0, 0.875, 0.59375, 0.5, 0.0, 0.0625, 0.5625, 0.3125, 0.4375, 0.0, 0.21875, 0.8125]
[TRAIN]: (304/1600): reward: -18.0, rates: 0, loss: 1.8359169363975525, rho: 0.4000000000000001, transmit_actions: 9, P: [0.34375, 0.9375, 0.9375, 0.375, 0.875, 0.65625, 0.3125, 0.375, 0.46875, 0.375, 0.65625, 0.5625, 0.1875, 0.5, 0.96875, 0.5625, 0.3125, 0.5625, 0.0, 0.125]
[TRAIN]: (305/1600): reward: -2.599832773208618, rates: 10.40016697683242, loss: 2.0117523193359377, rho: 0.4000000000000001, transmit_actions: 8, P: [0.96875, 0.40625, 0.75, 0.71875, 0.5625, 0.75, 0.46875, 0.90625, 0.3125, 0.40625, 0.53125, 0.5, 0.5625, 0.375, 0.03125, 0.59375, 0.125, 0.65625, 0.40625, 0.75]
[TRAIN]: (306/1600): reward: 5.1216349601745605, rates: 18.12163481200173, loss: 1.7382303476333618, rho: 0.4000000000000001, transmit_actions: 13, P: [0.21875, 0.5625, 0.75, 0.15625, 0.78125, 0.75, 0.9375, 0.5, 0.71875, 0.09375, 0.625, 0.40625, 0.46875, 0.0625, 0.1875, 0.5625, 0.84375, 0.34375, 0.4375, 0.03125]
[TRAIN]: (307/1600): reward: -5.619690716266632, rates: 9.380309573433166, loss: 1.9462271690368653, rho: 0.4000000000000001, transmit_actions: 8, P: [0.125, 0.25, 0.28125, 0.3125, 0.28125, 0.0625, 0.65625, 0.40625, 0.75, 0.40625, 0.8125, 0.625, 0.65625, 0.65625, 0.3125, 0.1875, 0.78125, 0.375, 0.09375, 0.75]
[TRAIN]: (308/1600): reward: -4.527103424072266, rates: 8.472896857218657, loss: 1.999409556388855, rho: 0.4000000000000001, transmit_actions: 8, P: [0.59375, 0.53125, 0.1875, 0.84375, 0.3125, 0.9375, 0.28125, 0.53125, 0.96875, 1.0, 0.96875, 0.53125, 0.53125, 0.53125, 0.03125, 0.25, 0.8125, 0.3125, 0.375, 0.1875]
[TRAIN]: (309/1600): reward: -10.549874760210514, rates: 5.450125389654234, loss: 1.7596540927886963, rho: 0.4000000000000001, transmit_actions: 13, P: [0.28125, 0.75, 0.71875, 0.15625, 0.4375, 0.46875, 0.0, 0.90625, 0.28125, 0.34375, 0.125, 0.71875, 0.375, 0.09375, 0.84375, 0.21875, 0.90625, 0.4375, 0.59375, 0.90625]
[TRAIN]: (310/1600): reward: -10.169997135177255, rates: 4.830002672223161, loss: 1.9223393201828003, rho: 0.4000000000000001, transmit_actions: 11, P: [0.59375, 0.09375, 0.25, 0.375, 0.78125, 0.4375, 0.59375, 0.75, 0.71875, 0.9375, 0.96875, 0.4375, 0.46875, 0.03125, 0.21875, 0.75, 0.78125, 0.09375, 0.75, 0.59375]
[TRAIN]: (311/1600): reward: -11.31809777021408, rates: 1.6819021772037548, loss: 1.6702552437782288, rho: 0.4000000000000001, transmit_actions: 11, P: [0.53125, 0.71875, 0.0, 0.75, 0.0625, 0.15625, 0.28125, 0.25, 0.84375, 0.9375, 0.34375, 0.34375, 0.71875, 0.8125, 0.96875, 0.625, 1.0, 0.4375, 0.8125, 0.84375]
[TRAIN]: (312/1600): reward: -15.142258048057556, rates: 1.8577419411337415, loss: 1.8676086485385894, rho: 0.4000000000000001, transmit_actions: 10, P: [0.1875, 0.3125, 0.46875, 0.875, 0.625, 0.65625, 0.28125, 0.125, 0.625, 0.6875, 0.84375, 0.40625, 0.4375, 0.71875, 1.0, 0.8125, 0.34375, 0.59375, 0.78125, 0.53125]
[TRAIN]: (313/1600): reward: -10.392129495739937, rates: 5.6078706618880885, loss: 1.9362632900476455, rho: 0.4000000000000001, transmit_actions: 8, P: [0.6875, 0.90625, 0.53125, 0.125, 0.53125, 0.5625, 0.59375, 0.0, 0.40625, 0.09375, 0.15625, 0.1875, 0.6875, 0.5, 0.71875, 1.0, 0.4375, 0.71875, 0.75, 0.5625]
[TRAIN]: (314/1600): reward: 3.1245429515838623, rates: 15.124542953050735, loss: 1.935683935880661, rho: 0.4000000000000001, transmit_actions: 11, P: [0.59375, 0.3125, 0.84375, 0.6875, 0.5, 0.46875, 0.6875, 1.0, 0.9375, 0.59375, 0.09375, 0.96875, 0.84375, 0.4375, 0.25, 0.3125, 0.65625, 0.84375, 0.65625, 0.78125]
[TRAIN]: (315/1600): reward: -15.709733676165342, rates: 0.29026632941431063, loss: 1.6036673784255981, rho: 0.4000000000000001, transmit_actions: 6, P: [0.6875, 0.875, 0.09375, 0.46875, 0.59375, 0.28125, 0.8125, 0.0625, 0.09375, 0.3125, 0.96875, 0.25, 0.25, 0.78125, 0.8125, 0.53125, 0.6875, 0.0, 0.4375, 0.71875]
[TRAIN]: (316/1600): reward: 0.013004779815673828, rates: 11.013004704451866, loss: 1.8950113832950592, rho: 0.4000000000000001, transmit_actions: 12, P: [0.3125, 0.75, 0.8125, 0.15625, 0.9375, 1.0, 0.5, 0.15625, 0.0, 0.59375, 0.5, 1.0, 0.875, 0.65625, 0.0625, 0.59375, 0.71875, 0.90625, 0.15625, 0.71875]
[TRAIN]: (317/1600): reward: -1.534971758723259, rates: 10.465028073726081, loss: 1.7443015336990357, rho: 0.4000000000000001, transmit_actions: 12, P: [0.65625, 0.28125, 0.0625, 0.3125, 0.875, 0.25, 0.65625, 0.09375, 0.15625, 0.5, 0.875, 0.65625, 0.0625, 0.71875, 0.4375, 0.90625, 0.9375, 0.8125, 0.75, 0.59375]
[TRAIN]: (318/1600): reward: -11.416920185089111, rates: 4.583079774184457, loss: 1.7618956744670868, rho: 0.4000000000000001, transmit_actions: 12, P: [0.0625, 0.96875, 0.4375, 0.03125, 0.125, 0.5625, 0.15625, 0.71875, 0.28125, 0.9375, 0.96875, 0.75, 0.53125, 0.46875, 0.09375, 0.40625, 0.78125, 0.3125, 0.3125, 0.15625]
[TRAIN]: (319/1600): reward: -12.528011530637741, rates: 0.47198847199465616, loss: 1.910058432817459, rho: 0.4000000000000001, transmit_actions: 12, P: [0.4375, 0.375, 0.21875, 0.46875, 0.65625, 0.6875, 1.0, 0.34375, 0.34375, 0.90625, 0.8125, 0.84375, 0.4375, 0.875, 1.0, 0.34375, 0.65625, 0.21875, 0.0, 0.21875]
[TRAIN]: (320/1600): reward: -6.843333542346954, rates: 5.15666647596363, loss: 1.7753588616847993, rho: 0.4000000000000001, transmit_actions: 8, P: [0.46875, 0.84375, 0.875, 0.96875, 0.6875, 0.78125, 0.28125, 0.46875, 0.8125, 0.875, 0.15625, 0.5, 0.75, 0.21875, 0.71875, 0.875, 1.0, 0.3125, 0.3125, 0.53125]
[TRAIN]: (321/1600): reward: -5.243794649839401, rates: 9.756205486885586, loss: 1.7788342475891112, rho: 0.4000000000000001, transmit_actions: 13, P: [0.59375, 0.78125, 0.65625, 0.375, 0.59375, 0.125, 0.0, 0.34375, 0.65625, 0.71875, 0.53125, 0.6875, 0.78125, 0.96875, 0.625, 0.28125, 0.125, 0.34375, 0.28125, 0.25]
[TRAIN]: (322/1600): reward: -12.35542106628418, rates: 4.64457915330404, loss: 1.8207111418247224, rho: 0.4000000000000001, transmit_actions: 9, P: [0.46875, 0.71875, 0.46875, 0.46875, 0.5625, 0.96875, 0.6875, 0.96875, 0.25, 0.5625, 0.0625, 0.09375, 0.21875, 0.40625, 0.75, 0.40625, 0.46875, 0.375, 0.28125, 0.78125]
[TRAIN]: (323/1600): reward: -14.453929580748081, rates: 0.5460704327008736, loss: 1.9651981472969056, rho: 0.4000000000000001, transmit_actions: 11, P: [0.8125, 0.375, 0.15625, 0.25, 0.8125, 0.90625, 0.65625, 0.3125, 0.4375, 0.90625, 0.875, 0.90625, 0.65625, 0.65625, 0.5625, 0.03125, 0.96875, 0.59375, 0.8125, 0.78125]
[TRAIN]: (324/1600): reward: 0.11510705947875977, rates: 11.11510731110313, loss: 1.8360727787017823, rho: 0.4000000000000001, transmit_actions: 13, P: [0.28125, 0.28125, 0.46875, 0.6875, 0.5625, 0.71875, 0.59375, 0.34375, 0.25, 0.5625, 0.71875, 0.53125, 0.5625, 0.84375, 0.6875, 0.8125, 0.25, 0.6875, 0.5625, 0.03125]
[TRAIN]: (325/1600): reward: -13.643241167068481, rates: 1.3567588377895454, loss: 1.6599769085645675, rho: 0.4000000000000001, transmit_actions: 9, P: [0.78125, 0.1875, 0.1875, 0.6875, 0.46875, 0.71875, 0.0, 0.21875, 0.3125, 0.84375, 0.3125, 0.84375, 0.375, 0.0625, 0.875, 0.8125, 0.8125, 0.65625, 0.53125, 0.65625]
[TRAIN]: (326/1600): reward: -1.9163355827331543, rates: 12.083664729796288, loss: 1.8621547996997834, rho: 0.4000000000000001, transmit_actions: 8, P: [0.6875, 0.25, 0.75, 0.84375, 0.15625, 0.03125, 0.78125, 0.5, 0.125, 0.15625, 0.3125, 0.78125, 0.96875, 0.71875, 0.0625, 0.6875, 0.71875, 0.8125, 0.375, 0.0]
[TRAIN]: (327/1600): reward: -10.25382924079895, rates: 3.746170654520504, loss: 1.9433740079402924, rho: 0.4000000000000001, transmit_actions: 9, P: [0.09375, 0.6875, 0.90625, 0.75, 0.78125, 0.5, 0.0, 0.65625, 0.4375, 1.0, 0.78125, 0.84375, 0.15625, 0.46875, 0.03125, 0.40625, 0.90625, 0.78125, 0.09375, 0.21875]
[TRAIN]: (328/1600): reward: -15.0, rates: 0.0, loss: 1.9872860252857207, rho: 0.4000000000000001, transmit_actions: 13, P: [0.21875, 1.0, 0.6875, 0.34375, 0.96875, 0.59375, 1.0, 0.34375, 0.5625, 0.9375, 0.40625, 0.96875, 0.78125, 0.0, 0.34375, 0.5625, 0.84375, 0.0, 0.3125, 0.65625]
[TRAIN]: (329/1600): reward: -5.449936781078577, rates: 6.550062975632642, loss: 1.8678796410560607, rho: 0.4000000000000001, transmit_actions: 11, P: [0.53125, 0.46875, 0.9375, 0.6875, 0.03125, 0.21875, 0.78125, 0.1875, 0.90625, 0.5, 0.75, 0.125, 0.0, 0.65625, 0.96875, 0.6875, 0.59375, 0.1875, 0.90625, 0.78125]
[TRAIN]: (330/1600): reward: -13.710586786270142, rates: 1.2894132583517195, loss: 1.8094609081745148, rho: 0.4000000000000001, transmit_actions: 10, P: [0.53125, 0.125, 0.15625, 0.78125, 0.3125, 0.71875, 0.9375, 0.75, 0.53125, 0.15625, 0.84375, 0.375, 0.875, 0.625, 0.96875, 0.90625, 0.875, 0.46875, 0.3125, 0.8125]
[TRAIN]: (331/1600): reward: -12.044729232788086, rates: 3.9552708283707503, loss: 1.8663059294223785, rho: 0.4000000000000001, transmit_actions: 9, P: [0.90625, 0.90625, 0.28125, 0.21875, 0.03125, 0.65625, 0.21875, 0.5, 0.0, 0.375, 0.34375, 0.375, 0.40625, 0.03125, 0.5, 0.8125, 0.03125, 0.96875, 0.40625, 0.25]
[TRAIN]: (332/1600): reward: -0.8261179625988007, rates: 10.17388219872042, loss: 1.889502888917923, rho: 0.4000000000000001, transmit_actions: 8, P: [0.75, 0.53125, 0.5625, 0.1875, 0.75, 0.53125, 0.0625, 0.875, 0.0, 0.0, 0.5625, 0.34375, 0.09375, 0.28125, 0.25, 0.03125, 0.40625, 0.6875, 0.71875, 0.375]
[TRAIN]: (333/1600): reward: -6.162572383880615, rates: 8.837427588038453, loss: 1.7316965818405152, rho: 0.4000000000000001, transmit_actions: 8, P: [0.1875, 0.0625, 0.625, 0.125, 0.78125, 0.6875, 1.0, 1.0, 0.125, 0.9375, 1.0, 0.71875, 0.6875, 0.375, 0.6875, 0.96875, 0.46875, 0.96875, 0.15625, 0.03125]
[TRAIN]: (334/1600): reward: -15.115285262465477, rates: 0.8847147051430495, loss: 1.716092038154602, rho: 0.4000000000000001, transmit_actions: 12, P: [0.78125, 0.28125, 0.125, 0.90625, 0.375, 0.21875, 0.59375, 0.75, 0.25, 0.0, 1.0, 0.25, 0.53125, 1.0, 0.90625, 0.65625, 0.28125, 0.71875, 1.0, 0.125]
[TRAIN]: (335/1600): reward: -7.935036659240723, rates: 6.064963410235082, loss: 1.812829166650772, rho: 0.4000000000000001, transmit_actions: 8, P: [0.625, 0.84375, 0.28125, 0.03125, 0.5, 0.4375, 1.0, 0.84375, 0.53125, 0.71875, 0.84375, 0.8125, 0.03125, 0.90625, 0.40625, 0.25, 0.6875, 0.625, 0.03125, 0.4375]
[TRAIN]: (336/1600): reward: 3.3361235707998276, rates: 13.336123455446288, loss: 1.9351604640483857, rho: 0.4000000000000001, transmit_actions: 11, P: [0.03125, 0.0625, 0.03125, 0.4375, 0.4375, 0.4375, 0.71875, 0.40625, 0.71875, 0.28125, 0.59375, 0.65625, 0.375, 0.6875, 0.125, 0.9375, 0.3125, 0.8125, 0.03125, 0.75]
[TRAIN]: (337/1600): reward: -7.782903499901295, rates: 6.217096472933348, loss: 1.8834602415561676, rho: 0.4000000000000001, transmit_actions: 14, P: [0.40625, 0.625, 0.84375, 0.40625, 0.15625, 1.0, 0.46875, 0.1875, 0.71875, 0.0, 0.53125, 0.8125, 0.65625, 0.46875, 1.0, 0.59375, 0.90625, 0.8125, 0.28125, 0.625]
[TRAIN]: (338/1600): reward: 0.12535786628723145, rates: 14.125357799964412, loss: 1.8139092057943345, rho: 0.4000000000000001, transmit_actions: 8, P: [0.875, 0.0, 0.28125, 0.78125, 0.9375, 0.78125, 0.6875, 0.21875, 0.0625, 0.875, 0.84375, 0.125, 0.15625, 0.0625, 0.5625, 0.75, 0.03125, 0.6875, 0.78125, 0.875]
[TRAIN]: (339/1600): reward: -12.70204696804285, rates: 1.2979530171852107, loss: 2.064865046739578, rho: 0.4000000000000001, transmit_actions: 9, P: [0.53125, 0.15625, 0.21875, 0.25, 0.5, 0.46875, 0.1875, 0.40625, 0.65625, 0.78125, 0.5625, 0.0, 0.09375, 0.78125, 0.625, 0.90625, 0.4375, 0.625, 0.40625, 0.65625]
[TRAIN]: (340/1600): reward: -11.271180748939514, rates: 0.7288192495548407, loss: 1.8021516740322112, rho: 0.4000000000000001, transmit_actions: 10, P: [0.96875, 0.5625, 0.125, 0.59375, 0.96875, 0.5, 0.96875, 0.625, 0.5, 0.84375, 0.9375, 0.1875, 0.84375, 0.34375, 0.8125, 0.0, 0.8125, 0.5625, 0.1875, 0.90625]
[TRAIN]: (341/1600): reward: -16.0, rates: 0, loss: 1.754317072033882, rho: 0.4000000000000001, transmit_actions: 12, P: [0.25, 0.875, 0.71875, 0.96875, 1.0, 0.4375, 0.625, 0.75, 0.6875, 0.34375, 0.59375, 0.3125, 0.96875, 0.90625, 0.5625, 0.59375, 0.6875, 0.0625, 0.46875, 0.90625]
[TRAIN]: (342/1600): reward: 3.6681666374206543, rates: 16.66816680258835, loss: 1.830993315577507, rho: 0.4000000000000001, transmit_actions: 10, P: [0.4375, 0.53125, 0.21875, 0.9375, 0.84375, 0.0, 0.65625, 0.46875, 0.03125, 0.40625, 0.90625, 0.84375, 0.71875, 0.4375, 0.09375, 0.65625, 0.6875, 0.21875, 1.0, 0.125]
[TRAIN]: (343/1600): reward: -5.143946468830109, rates: 7.856053554067901, loss: 1.8876068651676179, rho: 0.4000000000000001, transmit_actions: 9, P: [0.25, 0.59375, 0.40625, 0.65625, 0.59375, 0.84375, 0.875, 0.90625, 0.15625, 0.1875, 0.25, 0.90625, 0.625, 0.5625, 0.0625, 0.6875, 0.71875, 0.1875, 0.375, 0.03125]
[TRAIN]: (344/1600): reward: 13.91064839065075, rates: 22.91064834780302, loss: 1.8348312199115753, rho: 0.4000000000000001, transmit_actions: 14, P: [0.28125, 0.21875, 0.0, 0.625, 0.21875, 0.34375, 0.6875, 0.90625, 0.21875, 0.96875, 0.65625, 0.15625, 0.5, 0.1875, 0.90625, 0.5, 0.71875, 0.03125, 0.125, 0.0625]
[TRAIN]: (345/1600): reward: -11.135619223117828, rates: 3.864380809297091, loss: 1.8988041281700134, rho: 0.4000000000000001, transmit_actions: 9, P: [0.46875, 0.4375, 0.90625, 0.03125, 0.4375, 0.34375, 0.6875, 0.40625, 0.0, 0.125, 0.875, 0.40625, 0.5625, 0.21875, 0.59375, 0.84375, 0.03125, 1.0, 1.0, 0.3125]
[TRAIN]: (346/1600): reward: -1.838428020477295, rates: 9.161572018529483, loss: 1.805653166770935, rho: 0.4000000000000001, transmit_actions: 8, P: [0.9375, 0.0625, 0.875, 0.90625, 0.625, 0.3125, 0.59375, 0.96875, 1.0, 0.46875, 0.8125, 0.28125, 0.21875, 0.03125, 0.78125, 0.90625, 0.96875, 0.78125, 0.4375, 0.375]
[TRAIN]: (347/1600): reward: -5.243175446987152, rates: 7.756824346564414, loss: 1.8022595345973969, rho: 0.4000000000000001, transmit_actions: 12, P: [0.625, 0.25, 0.21875, 0.6875, 1.0, 0.6875, 0.75, 0.8125, 0.21875, 0.96875, 0.5, 0.84375, 0.8125, 0.59375, 0.9375, 0.46875, 0.0, 0.78125, 0.0, 0.875]
[TRAIN]: (348/1600): reward: 0.8378719538450241, rates: 12.837871755646892, loss: 1.935125470161438, rho: 0.4000000000000001, transmit_actions: 10, P: [0.375, 0.90625, 0.875, 0.40625, 0.0625, 0.6875, 0.6875, 0.53125, 0.90625, 1.0, 0.71875, 0.28125, 0.5, 0.6875, 0.6875, 0.59375, 0.65625, 0.90625, 0.0, 0.21875]
[TRAIN]: (349/1600): reward: -7.046241283416748, rates: 7.953758591891804, loss: 1.9357310563325882, rho: 0.4000000000000001, transmit_actions: 9, P: [0.5, 0.3125, 0.59375, 0.4375, 0.0, 0.53125, 0.09375, 0.40625, 0.84375, 0.125, 0.78125, 0.90625, 0.03125, 1.0, 0.1875, 0.15625, 0.65625, 0.5, 0.9375, 0.0]
[TRAIN]: (350/1600): reward: 2.4135661125183105, rates: 13.413566305061515, loss: 1.88586767911911, rho: 0.4000000000000001, transmit_actions: 9, P: [0.75, 0.90625, 0.0, 0.5625, 1.0, 0.59375, 0.1875, 0.1875, 0.84375, 0.78125, 0.125, 0.875, 0.0625, 0.9375, 0.5, 0.40625, 0.875, 0.5, 0.09375, 0.28125]
[TRAIN]: (351/1600): reward: -6.793616354465485, rates: 6.2063838892055845, loss: 1.8867631018161775, rho: 0.4000000000000001, transmit_actions: 11, P: [0.5625, 0.25, 0.15625, 0.375, 0.9375, 0.625, 0.84375, 0.59375, 0.78125, 0.34375, 0.96875, 0.375, 0.5625, 0.21875, 0.90625, 0.84375, 0.4375, 0.75, 0.375, 0.65625]
[TRAIN]: (352/1600): reward: -6.892621234059334, rates: 9.107379040182838, loss: 1.8554899871349335, rho: 0.4000000000000001, transmit_actions: 8, P: [0.78125, 0.15625, 0.40625, 0.53125, 0.4375, 0.09375, 0.1875, 0.25, 0.5625, 0.75, 0.1875, 0.1875, 0.625, 0.9375, 0.0, 0.4375, 0.8125, 0.625, 0.125, 0.0625]
[TRAIN]: (353/1600): reward: 1.5643070340156555, rates: 14.564307208125959, loss: 1.9510668814182281, rho: 0.4000000000000001, transmit_actions: 14, P: [0.5, 0.5, 0.40625, 0.9375, 0.59375, 0.125, 0.1875, 0.5, 0.6875, 0.3125, 0.46875, 0.875, 0.09375, 0.34375, 0.09375, 0.4375, 0.96875, 0.3125, 0.5, 0.625]
[TRAIN]: (354/1600): reward: -6.992009997367859, rates: 6.007990144372601, loss: 1.7114013761281968, rho: 0.4000000000000001, transmit_actions: 11, P: [0.375, 0.46875, 0.34375, 0.71875, 0.21875, 0.40625, 0.625, 0.78125, 0.25, 0.96875, 0.53125, 0.875, 0.125, 0.5625, 0.75, 0.0, 0.1875, 0.5625, 0.53125, 0.9375]
[TRAIN]: (355/1600): reward: -0.17340683937072754, rates: 12.826593525660298, loss: 2.0290333926677704, rho: 0.4000000000000001, transmit_actions: 12, P: [0.59375, 0.8125, 0.90625, 0.1875, 0.8125, 0.875, 0.75, 0.4375, 0.1875, 0.78125, 0.78125, 0.4375, 0.03125, 0.9375, 1.0, 1.0, 0.1875, 0.46875, 0.09375, 0.125]
[TRAIN]: (356/1600): reward: 1.727405607700348, rates: 14.727405486664896, loss: 1.747058853507042, rho: 0.4000000000000001, transmit_actions: 14, P: [0.25, 0.375, 0.90625, 0.0, 0.75, 0.4375, 0.125, 0.3125, 0.96875, 0.25, 0.5, 0.96875, 0.96875, 0.25, 0.90625, 0.0625, 1.0, 0.0625, 0.0625, 0.625]
[TRAIN]: (357/1600): reward: 4.6944873332977295, rates: 18.694487499488503, loss: 1.9795410811901093, rho: 0.4000000000000001, transmit_actions: 9, P: [1.0, 0.25, 0.25, 0.40625, 0.6875, 0.59375, 0.78125, 0.96875, 0.21875, 0.5625, 0.71875, 0.5625, 0.28125, 0.03125, 0.53125, 0.28125, 0.5, 0.0625, 0.1875, 0.78125]
[TRAIN]: (358/1600): reward: -1.4340720176696777, rates: 10.565927794411753, loss: 1.8896083772182464, rho: 0.4000000000000001, transmit_actions: 10, P: [0.84375, 0.59375, 0.34375, 0.25, 0.65625, 1.0, 0.34375, 0.25, 0.4375, 0.8125, 0.71875, 0.53125, 0.125, 1.0, 0.53125, 0.0, 0.1875, 0.84375, 0.84375, 0.6875]
[TRAIN]: (359/1600): reward: -4.125998497009277, rates: 10.874001459131978, loss: 1.7393588483333589, rho: 0.4000000000000001, transmit_actions: 14, P: [1.0, 0.21875, 0.90625, 0.75, 0.9375, 0.84375, 0.8125, 0.25, 0.375, 0.46875, 0.59375, 0.6875, 0.3125, 0.09375, 0.84375, 0.375, 0.28125, 0.34375, 0.40625, 0.71875]
[TRAIN]: (360/1600): reward: -8.5240797996521, rates: 5.475920173487758, loss: 1.8203894436359405, rho: 0.4000000000000001, transmit_actions: 9, P: [0.78125, 0.09375, 0.40625, 0.4375, 0.4375, 0.65625, 0.78125, 0.46875, 0.8125, 0.9375, 0.5625, 0.9375, 0.15625, 0.21875, 0.0, 0.40625, 0.625, 1.0, 0.5, 0.875]
[TRAIN]: (361/1600): reward: -9.213446572422981, rates: 4.786553195319407, loss: 1.9660428822040559, rho: 0.4000000000000001, transmit_actions: 7, P: [0.25, 0.65625, 0.3125, 0.21875, 0.65625, 0.6875, 0.09375, 0.9375, 0.84375, 0.5, 0.9375, 0.9375, 0.375, 0.5, 0.21875, 0.65625, 0.8125, 0.28125, 0.34375, 0.96875]
[TRAIN]: (362/1600): reward: 24.092374831438065, rates: 32.09237457114354, loss: 1.9139394372701646, rho: 0.4000000000000001, transmit_actions: 13, P: [0.59375, 0.0, 0.90625, 0.34375, 0.15625, 0.125, 0.09375, 0.90625, 0.3125, 0.46875, 0.96875, 0.03125, 0.21875, 0.03125, 0.03125, 0.5, 0.53125, 0.28125, 0.09375, 0.09375]
[TRAIN]: (363/1600): reward: -4.349298223853111, rates: 6.65070195283646, loss: 1.903509646654129, rho: 0.4000000000000001, transmit_actions: 10, P: [0.5, 0.40625, 0.25, 0.1875, 0.15625, 0.4375, 0.28125, 0.125, 0.09375, 0.59375, 0.3125, 0.96875, 0.0, 0.59375, 0.84375, 0.3125, 0.53125, 1.0, 0.8125, 0.3125]
[TRAIN]: (364/1600): reward: 1.7679533958435059, rates: 15.76795356791176, loss: 1.8773541152477264, rho: 0.4000000000000001, transmit_actions: 10, P: [0.9375, 0.5625, 0.9375, 0.25, 0.375, 0.1875, 0.78125, 0.9375, 0.3125, 0.625, 0.8125, 0.375, 0.5, 0.875, 0.625, 0.3125, 0.9375, 0.09375, 0.40625, 0.15625]
[TRAIN]: (365/1600): reward: -11.00284194946289, rates: 3.9971580433283656, loss: 2.0413325548172, rho: 0.4000000000000001, transmit_actions: 9, P: [0.5, 0.65625, 0.46875, 0.1875, 0.53125, 0.0625, 0.375, 0.59375, 0.0625, 0.125, 0.1875, 0.84375, 0.84375, 0.0625, 0.75, 0.84375, 0.4375, 0.25, 0.8125, 0.40625]
[TRAIN]: (366/1600): reward: -11.69039124250412, rates: 1.3096087336727535, loss: 2.0726744174957275, rho: 0.4000000000000001, transmit_actions: 9, P: [0.75, 0.90625, 0.09375, 1.0, 0.375, 0.53125, 0.5625, 0.78125, 0.25, 0.28125, 0.84375, 0.15625, 0.15625, 1.0, 0.34375, 0.625, 0.78125, 0.0, 0.90625, 0.25]
[TRAIN]: (367/1600): reward: -7.708789885044098, rates: 4.291210186766487, loss: 2.010761833190918, rho: 0.4000000000000001, transmit_actions: 12, P: [0.6875, 0.1875, 0.78125, 0.0, 0.5625, 0.3125, 0.59375, 0.9375, 0.34375, 0.875, 0.96875, 0.875, 0.34375, 0.625, 0.34375, 0.71875, 0.09375, 0.0, 0.875, 0.3125]
[TRAIN]: (368/1600): reward: -6.759062170982361, rates: 4.2409378037245675, loss: 1.9344789892435075, rho: 0.4000000000000001, transmit_actions: 8, P: [0.0, 0.5, 0.28125, 0.71875, 0.21875, 0.96875, 0.96875, 1.0, 0.40625, 0.5625, 0.46875, 0.875, 0.5625, 0.0, 0.21875, 0.0625, 0.46875, 1.0, 0.75, 0.6875]
[TRAIN]: (369/1600): reward: -6.821887478232384, rates: 7.178112388008644, loss: 1.8702882885932923, rho: 0.4000000000000001, transmit_actions: 9, P: [0.0, 0.09375, 0.40625, 0.75, 0.5, 0.59375, 0.28125, 0.96875, 0.84375, 0.40625, 0.78125, 0.625, 0.375, 0.3125, 0.09375, 0.34375, 0.96875, 0.75, 0.40625, 0.96875]
[TRAIN]: (370/1600): reward: -12.273147583007812, rates: 4.726852567599831, loss: 1.9049952685832978, rho: 0.4000000000000001, transmit_actions: 7, P: [0.4375, 0.09375, 0.3125, 0.8125, 0.96875, 0.375, 0.09375, 0.53125, 0.46875, 0.0625, 0.46875, 0.5, 0.65625, 0.4375, 0.78125, 0.125, 0.09375, 0.5625, 0.125, 0.78125]
[TRAIN]: (371/1600): reward: -11.645187854766846, rates: 4.354812135224902, loss: 1.7817327678203583, rho: 0.4000000000000001, transmit_actions: 8, P: [0.9375, 0.96875, 0.03125, 0.6875, 0.53125, 0.78125, 0.6875, 0.75, 0.5625, 0.65625, 0.9375, 0.0625, 0.875, 0.1875, 0.71875, 0.25, 0.84375, 0.9375, 0.0, 0.03125]
[TRAIN]: (372/1600): reward: -7.530522406101227, rates: 5.469477374407037, loss: 2.049979364871979, rho: 0.4000000000000001, transmit_actions: 13, P: [0.96875, 0.6875, 0.96875, 0.21875, 0.34375, 0.65625, 1.0, 0.25, 0.34375, 0.1875, 0.28125, 1.0, 0.71875, 0.96875, 0.25, 0.40625, 0.3125, 0.5, 0.03125, 0.0]
[TRAIN]: (373/1600): reward: -13.0, rates: 0.0, loss: 1.8004471421241761, rho: 0.4000000000000001, transmit_actions: 11, P: [0.40625, 0.59375, 0.0, 0.28125, 0.46875, 0.875, 0.71875, 1.0, 0.96875, 0.40625, 0.1875, 0.46875, 0.59375, 0.78125, 0.5625, 0.75, 0.96875, 0.59375, 1.0, 0.6875]
[TRAIN]: (374/1600): reward: -0.5514087677001953, rates: 14.448591136833596, loss: 1.794715452194214, rho: 0.4000000000000001, transmit_actions: 8, P: [0.25, 0.09375, 0.75, 0.53125, 0.125, 0.625, 0.1875, 0.8125, 0.34375, 0.0, 0.75, 0.28125, 0.65625, 0.53125, 0.4375, 0.875, 0.1875, 0.03125, 0.875, 0.125]
[TRAIN]: (375/1600): reward: -0.6062756180763245, rates: 12.393724214331176, loss: 2.0638835430145264, rho: 0.4000000000000001, transmit_actions: 13, P: [0.28125, 0.5625, 0.875, 0.59375, 0.46875, 0.9375, 0.875, 0.28125, 0.28125, 0.46875, 0.5625, 0.53125, 0.75, 0.46875, 0.5, 0.875, 0.0625, 0.78125, 0.40625, 0.90625]
[TRAIN]: (376/1600): reward: -11.112091064453125, rates: 3.8879088359068614, loss: 1.9153582751750946, rho: 0.4000000000000001, transmit_actions: 12, P: [0.15625, 0.625, 0.875, 0.21875, 0.84375, 0.6875, 0.375, 0.9375, 0.3125, 0.75, 0.6875, 0.75, 0.71875, 0.84375, 0.625, 0.28125, 0.25, 0.125, 1.0, 0.625]
[TRAIN]: (377/1600): reward: -13.159653700888157, rates: 1.8403463613438473, loss: 1.841364562511444, rho: 0.4000000000000001, transmit_actions: 12, P: [0.15625, 0.84375, 0.4375, 0.75, 0.5, 0.8125, 0.1875, 0.0625, 0.78125, 0.0625, 0.59375, 0.46875, 0.9375, 0.875, 1.0, 0.625, 0.375, 0.6875, 0.71875, 0.6875]
[TRAIN]: (378/1600): reward: 3.200840473175049, rates: 17.20084067551702, loss: 1.9290740430355071, rho: 0.4000000000000001, transmit_actions: 9, P: [0.875, 1.0, 0.1875, 0.21875, 0.625, 0.40625, 0.0, 0.1875, 0.46875, 0.34375, 0.3125, 0.25, 0.84375, 0.65625, 0.25, 0.34375, 0.59375, 0.625, 0.46875, 0.40625]
[TRAIN]: (379/1600): reward: -2.3719869181513786, rates: 11.628012942940039, loss: 1.756318986415863, rho: 0.4000000000000001, transmit_actions: 14, P: [0.46875, 0.5625, 1.0, 0.375, 1.0, 0.28125, 0.0625, 0.90625, 0.78125, 0.21875, 0.8125, 0.9375, 0.34375, 0.65625, 0.21875, 0.0625, 0.03125, 0.65625, 0.59375, 0.03125]
[TRAIN]: (380/1600): reward: -0.9600739479064941, rates: 14.03992627959527, loss: 1.771600243449211, rho: 0.4000000000000001, transmit_actions: 12, P: [0.0, 0.75, 0.75, 0.6875, 0.6875, 0.28125, 0.125, 0.1875, 0.875, 1.0, 0.125, 0.0625, 1.0, 0.75, 0.625, 0.625, 0.4375, 0.21875, 0.59375, 0.5]
[TRAIN]: (381/1600): reward: -14.0, rates: 0, loss: 1.725000375509262, rho: 0.4000000000000001, transmit_actions: 6, P: [0.09375, 0.78125, 0.90625, 0.875, 0.71875, 0.90625, 0.71875, 0.59375, 0.8125, 0.9375, 0.40625, 0.34375, 0.71875, 0.75, 0.40625, 1.0, 0.3125, 0.78125, 0.125, 0.65625]
[TRAIN]: (382/1600): reward: 2.022855281829834, rates: 15.022855124059813, loss: 1.8121227979660035, rho: 0.4000000000000001, transmit_actions: 9, P: [0.90625, 0.03125, 0.125, 0.09375, 1.0, 0.6875, 0.0625, 0.96875, 0.53125, 0.21875, 0.15625, 0.9375, 0.53125, 0.6875, 0.84375, 0.78125, 0.3125, 0.5625, 0.25, 0.28125]
[TRAIN]: (383/1600): reward: 8.660542160272598, rates: 20.66054221915637, loss: 1.8817774504423141, rho: 0.4000000000000001, transmit_actions: 11, P: [0.875, 0.75, 0.40625, 0.4375, 0.5625, 0.09375, 0.75, 0.15625, 0.78125, 0.34375, 0.40625, 0.28125, 0.125, 0.5, 0.96875, 0.71875, 0.75, 0.03125, 1.0, 0.125]
[TRAIN]: (384/1600): reward: -4.2157696187496185, rates: 7.784230436022871, loss: 1.8273009002208709, rho: 0.4000000000000001, transmit_actions: 8, P: [0.625, 0.09375, 0.09375, 0.71875, 0.3125, 0.59375, 0.96875, 0.21875, 0.75, 0.5625, 0.40625, 0.9375, 0.0, 0.90625, 0.625, 0.21875, 0.53125, 0.625, 0.75, 0.0625]
[TRAIN]: (385/1600): reward: -4.951239824295044, rates: 8.04876020562878, loss: 1.9619695782661437, rho: 0.4000000000000001, transmit_actions: 9, P: [0.03125, 0.75, 0.78125, 0.65625, 0.9375, 0.5625, 0.9375, 0.0, 0.9375, 0.59375, 0.875, 0.46875, 0.34375, 0.15625, 0.3125, 0.0625, 0.28125, 0.75, 0.1875, 0.5625]
[TRAIN]: (386/1600): reward: 6.292569160461426, rates: 17.29256899712987, loss: 2.0127825915813444, rho: 0.4000000000000001, transmit_actions: 12, P: [0.21875, 0.9375, 0.375, 0.90625, 0.90625, 0.53125, 0.875, 0.53125, 0.0, 0.40625, 0.4375, 0.71875, 0.28125, 0.65625, 0.21875, 0.125, 0.34375, 0.125, 0.875, 0.53125]
[TRAIN]: (387/1600): reward: -3.653838038444519, rates: 6.346162075209226, loss: 1.8151480913162232, rho: 0.4000000000000001, transmit_actions: 9, P: [0.15625, 0.125, 0.09375, 0.6875, 0.96875, 0.65625, 0.9375, 0.1875, 0.09375, 0.15625, 0.6875, 0.875, 0.5625, 0.375, 0.6875, 0.59375, 0.65625, 0.6875, 0.5, 0.4375]
[TRAIN]: (388/1600): reward: -5.883636383339763, rates: 5.116363725306967, loss: 1.841646248102188, rho: 0.4000000000000001, transmit_actions: 10, P: [0.65625, 0.78125, 0.53125, 0.84375, 0.71875, 0.375, 0.78125, 0.9375, 0.0625, 0.875, 0.3125, 0.90625, 0.84375, 0.1875, 0.3125, 0.4375, 0.75, 0.5625, 0.9375, 0.9375]
[TRAIN]: (389/1600): reward: -11.49478155374527, rates: 5.505218468857051, loss: 1.9251476168632506, rho: 0.4000000000000001, transmit_actions: 10, P: [0.09375, 0.03125, 0.46875, 0.8125, 0.78125, 0.28125, 0.375, 0.65625, 0.53125, 0.78125, 0.59375, 0.46875, 0.78125, 0.625, 0.5, 0.15625, 0.96875, 0.0625, 0.0625, 0.75]
[TRAIN]: (390/1600): reward: -2.5436873137950897, rates: 10.456312639729926, loss: 1.981365180015564, rho: 0.4000000000000001, transmit_actions: 12, P: [0.375, 0.6875, 0.09375, 0.375, 0.4375, 0.65625, 0.3125, 0.5625, 0.4375, 0.8125, 0.96875, 0.53125, 0.03125, 0.9375, 0.53125, 0.0625, 0.1875, 0.84375, 0.1875, 0.53125]
[TRAIN]: (391/1600): reward: -18.0, rates: 0, loss: 2.0672533988952635, rho: 0.4000000000000001, transmit_actions: 10, P: [0.59375, 0.21875, 0.625, 0.96875, 0.0, 0.25, 0.78125, 0.59375, 0.59375, 0.09375, 0.5, 0.5, 0.0, 0.90625, 0.71875, 0.5, 0.65625, 0.90625, 0.78125, 0.8125]
[TRAIN]: (392/1600): reward: -1.0114045143127441, rates: 11.988595432785296, loss: 1.9282696187496184, rho: 0.4000000000000001, transmit_actions: 9, P: [1.0, 0.90625, 1.0, 0.28125, 0.875, 0.125, 0.125, 0.78125, 0.5625, 0.21875, 0.625, 0.34375, 0.90625, 0.1875, 0.96875, 0.75, 0.6875, 0.84375, 0.71875, 0.28125]
[TRAIN]: (393/1600): reward: -11.308799415826797, rates: 4.69120072915063, loss: 1.9057240426540374, rho: 0.4000000000000001, transmit_actions: 11, P: [0.4375, 0.59375, 0.40625, 0.34375, 0.34375, 0.65625, 0.78125, 0.09375, 0.46875, 0.34375, 0.21875, 0.28125, 0.6875, 0.875, 0.875, 0.03125, 0.28125, 0.9375, 0.625, 0.90625]
[TRAIN]: (394/1600): reward: -19.0, rates: 0, loss: 1.8618710100650788, rho: 0.4000000000000001, transmit_actions: 17, P: [0.125, 0.9375, 0.9375, 0.84375, 0.6875, 0.34375, 0.3125, 0.5, 0.0625, 0.28125, 0.53125, 0.46875, 0.28125, 1.0, 0.25, 0.21875, 0.6875, 0.5, 0.5625, 0.53125]
[TRAIN]: (395/1600): reward: -5.989149570465088, rates: 8.010850230444369, loss: 1.9475336372852325, rho: 0.4000000000000001, transmit_actions: 10, P: [1.0, 0.625, 0.1875, 0.6875, 0.1875, 0.0625, 1.0, 0.3125, 0.4375, 0.9375, 0.59375, 0.0, 0.9375, 0.0625, 0.375, 0.40625, 0.375, 0.53125, 0.03125, 0.75]
[TRAIN]: (396/1600): reward: -9.518747324123979, rates: 4.481252882256985, loss: 1.9022191882133483, rho: 0.4000000000000001, transmit_actions: 6, P: [0.0, 0.65625, 0.96875, 0.1875, 1.0, 0.34375, 0.78125, 0.03125, 0.75, 0.4375, 0.15625, 0.21875, 0.8125, 0.1875, 1.0, 0.34375, 0.25, 0.96875, 0.375, 0.78125]
[TRAIN]: (397/1600): reward: -0.37323370575904846, rates: 10.626766334365678, loss: 1.8251355350017548, rho: 0.4000000000000001, transmit_actions: 8, P: [0.0, 0.84375, 0.625, 0.78125, 1.0, 0.8125, 0.59375, 0.375, 0.59375, 0.21875, 0.75, 0.78125, 0.1875, 0.96875, 0.40625, 0.15625, 0.0, 0.65625, 0.28125, 1.0]
[TRAIN]: (398/1600): reward: -1.281376600265503, rates: 12.718623270037497, loss: 2.0062756836414337, rho: 0.4000000000000001, transmit_actions: 10, P: [0.40625, 0.09375, 0.875, 0.0, 0.5, 0.15625, 0.53125, 0.6875, 0.0, 0.59375, 0.53125, 0.625, 0.1875, 0.75, 0.34375, 0.03125, 0.03125, 0.40625, 0.5625, 0.5]
[TRAIN]: (399/1600): reward: -7.084870204329491, rates: 4.9151297651964425, loss: 1.8226760357618332, rho: 0.4000000000000001, transmit_actions: 9, P: [0.6875, 0.46875, 0.28125, 1.0, 0.65625, 0.15625, 0.1875, 0.5, 0.25, 0.5625, 0.625, 0.875, 0.09375, 0.46875, 1.0, 0.40625, 0.375, 0.25, 0.875, 0.65625]
[TRAIN]: (400/1600): reward: -4.694109618663788, rates: 7.305890448963872, loss: 1.8999947756528854, rho: 0.4000000000000001, transmit_actions: 8, P: [0.03125, 0.90625, 0.625, 0.03125, 1.0, 0.71875, 0.1875, 0.96875, 0.78125, 0.71875, 0.03125, 0.25, 0.96875, 1.0, 0.03125, 0.0625, 0.34375, 1.0, 0.25, 0.5625]
[TRAIN]: (401/1600): reward: -7.079417206346989, rates: 4.920582876319466, loss: 1.8203815400600434, rho: 0.4000000000000001, transmit_actions: 10, P: [0.53125, 0.75, 0.96875, 0.84375, 0.75, 0.4375, 0.15625, 0.96875, 0.21875, 0.71875, 0.6875, 0.96875, 0.6875, 0.90625, 0.59375, 0.75, 0.15625, 0.9375, 0.9375, 0.1875]
[TRAIN]: (402/1600): reward: -0.704261064529419, rates: 14.295738977271824, loss: 1.9613796651363373, rho: 0.4000000000000001, transmit_actions: 9, P: [0.15625, 0.59375, 0.03125, 0.875, 0.15625, 0.03125, 0.34375, 0.5, 0.6875, 0.84375, 0.90625, 0.75, 0.40625, 0.03125, 0.25, 0.34375, 0.40625, 0.34375, 0.71875, 0.90625]
[TRAIN]: (403/1600): reward: -1.0331188514828682, rates: 11.96688144433424, loss: 1.8829186975955963, rho: 0.4000000000000001, transmit_actions: 10, P: [0.96875, 0.15625, 0.4375, 0.15625, 0.53125, 0.46875, 0.96875, 0.34375, 0.9375, 0.03125, 0.09375, 0.375, 0.5625, 0.84375, 0.5625, 0.0625, 0.46875, 0.8125, 0.96875, 0.78125]
[TRAIN]: (404/1600): reward: -8.589950829744339, rates: 5.410049059070474, loss: 1.9300095021724701, rho: 0.4000000000000001, transmit_actions: 6, P: [0.59375, 0.75, 0.3125, 0.75, 0.28125, 0.9375, 0.78125, 0.78125, 0.5, 0.0625, 0.4375, 0.65625, 0.0625, 0.53125, 0.40625, 0.90625, 0.25, 0.5, 0.96875, 0.6875]
[TRAIN]: (405/1600): reward: -9.608103960752487, rates: 5.3918961082373364, loss: 1.7129173427820206, rho: 0.4000000000000001, transmit_actions: 7, P: [0.65625, 0.25, 0.34375, 0.03125, 0.71875, 0.5, 0.15625, 0.375, 0.375, 0.375, 0.21875, 0.21875, 0.03125, 0.09375, 0.46875, 0.9375, 0.5, 0.09375, 0.28125, 0.125]
[TRAIN]: (406/1600): reward: 2.0899386405944824, rates: 16.089938886532668, loss: 2.0322347283363342, rho: 0.4000000000000001, transmit_actions: 10, P: [0.6875, 0.625, 0.5, 0.4375, 0.0625, 0.375, 0.59375, 0.0625, 0.96875, 0.6875, 0.875, 0.9375, 0.21875, 0.71875, 0.375, 0.625, 0.40625, 0.21875, 0.0, 0.625]
[TRAIN]: (407/1600): reward: -10.607125282287598, rates: 5.392874485293451, loss: 2.045256721973419, rho: 0.4000000000000001, transmit_actions: 10, P: [0.96875, 0.625, 0.65625, 0.25, 0.21875, 0.65625, 0.96875, 0.5625, 0.46875, 0.6875, 0.46875, 0.8125, 0.28125, 0.625, 0.28125, 0.53125, 0.6875, 0.8125, 0.78125, 0.46875]
[TRAIN]: (408/1600): reward: 1.5997278508730233, rates: 13.59972780199604, loss: 2.0603552877902986, rho: 0.4000000000000001, transmit_actions: 13, P: [0.1875, 0.53125, 0.46875, 0.03125, 0.46875, 0.28125, 0.6875, 0.03125, 0.03125, 0.9375, 0.625, 0.40625, 0.75, 0.5625, 0.625, 0.1875, 0.46875, 0.34375, 0.3125, 0.96875]
[TRAIN]: (409/1600): reward: -14.35943104326725, rates: 0.6405689580075822, loss: 1.8988328456878663, rho: 0.4000000000000001, transmit_actions: 12, P: [0.71875, 0.1875, 0.875, 0.21875, 0.875, 0.125, 0.40625, 0.875, 0.15625, 0.125, 0.3125, 0.40625, 0.28125, 0.25, 0.65625, 0.875, 0.9375, 0.5, 0.4375, 0.1875]
[TRAIN]: (410/1600): reward: -1.8008189797401428, rates: 9.199181350485652, loss: 1.931646478176117, rho: 0.4000000000000001, transmit_actions: 9, P: [0.28125, 0.65625, 0.15625, 0.8125, 0.53125, 0.96875, 0.5, 0.40625, 0.5625, 0.6875, 0.65625, 0.21875, 0.46875, 0.09375, 0.5625, 0.125, 0.9375, 0.875, 0.78125, 0.21875]
[TRAIN]: (411/1600): reward: -11.862636178731918, rates: 5.1373637179868705, loss: 1.7823827296495438, rho: 0.4000000000000001, transmit_actions: 9, P: [0.71875, 0.09375, 0.375, 0.3125, 0.34375, 0.53125, 0.46875, 0.71875, 0.28125, 0.875, 0.53125, 0.5625, 0.0625, 0.53125, 0.09375, 0.09375, 0.65625, 0.875, 0.125, 0.90625]
[TRAIN]: (412/1600): reward: 0.4980495572090149, rates: 12.498049535710344, loss: 1.8862300246953965, rho: 0.4000000000000001, transmit_actions: 13, P: [0.96875, 0.71875, 0.90625, 0.21875, 0.90625, 0.90625, 0.09375, 0.53125, 0.5, 0.1875, 0.28125, 0.3125, 0.4375, 0.40625, 0.21875, 0.4375, 0.34375, 0.96875, 0.28125, 0.375]
[TRAIN]: (413/1600): reward: 0.14110876619815826, rates: 13.14110846448185, loss: 1.8342334151268005, rho: 0.4000000000000001, transmit_actions: 11, P: [0.03125, 0.53125, 0.75, 0.8125, 0.09375, 0.34375, 0.46875, 0.15625, 0.0625, 0.21875, 0.0625, 0.34375, 0.34375, 0.0, 0.5, 0.0625, 0.78125, 0.3125, 0.5625, 0.75]
[TRAIN]: (414/1600): reward: -3.8613846004009247, rates: 10.138615507105403, loss: 1.9417445957660675, rho: 0.4000000000000001, transmit_actions: 10, P: [0.0, 0.46875, 0.5, 0.5, 0.71875, 0.6875, 0.84375, 0.84375, 0.15625, 0.125, 0.21875, 0.375, 0.9375, 0.09375, 0.09375, 0.625, 0.46875, 0.59375, 0.53125, 0.71875]
[TRAIN]: (415/1600): reward: -4.827946335077286, rates: 7.172053835256694, loss: 1.9261969804763794, rho: 0.4000000000000001, transmit_actions: 11, P: [0.6875, 0.6875, 0.59375, 0.03125, 0.34375, 0.4375, 0.5, 0.09375, 0.46875, 0.125, 0.40625, 0.59375, 0.90625, 0.90625, 0.75, 0.90625, 1.0, 0.125, 0.53125, 0.0]
[TRAIN]: (416/1600): reward: -10.203192353248596, rates: 3.7968076178983323, loss: 1.9518345057964326, rho: 0.4000000000000001, transmit_actions: 9, P: [0.78125, 0.21875, 0.0625, 0.3125, 0.625, 0.125, 0.90625, 0.90625, 0.90625, 0.28125, 0.0, 0.875, 0.78125, 0.15625, 0.5625, 0.4375, 0.59375, 0.53125, 0.78125, 0.96875]
[TRAIN]: (417/1600): reward: -10.597183555364609, rates: 5.402816362920066, loss: 1.8447185397148131, rho: 0.4000000000000001, transmit_actions: 12, P: [0.3125, 0.28125, 1.0, 0.125, 0.625, 0.78125, 0.125, 0.125, 0.78125, 0.8125, 0.75, 0.46875, 0.46875, 0.65625, 0.21875, 0.125, 0.84375, 0.9375, 0.9375, 0.5]
[TRAIN]: (418/1600): reward: -14.880762368440628, rates: 0.11923763337861812, loss: 1.845234951376915, rho: 0.4000000000000001, transmit_actions: 12, P: [0.9375, 0.625, 0.1875, 0.5, 1.0, 0.03125, 0.40625, 0.1875, 0.40625, 0.90625, 1.0, 0.15625, 0.5625, 0.65625, 1.0, 0.0, 0.53125, 0.84375, 0.46875, 0.34375]
[TRAIN]: (419/1600): reward: -3.329863578081131, rates: 8.670136400372472, loss: 1.9155270040035248, rho: 0.4000000000000001, transmit_actions: 8, P: [0.53125, 0.34375, 0.6875, 0.0, 0.03125, 0.875, 0.5, 0.21875, 0.78125, 0.90625, 0.34375, 0.15625, 0.03125, 0.34375, 0.625, 0.875, 0.65625, 0.4375, 0.90625, 0.59375]
[TRAIN]: (420/1600): reward: -10.64274549484253, rates: 4.357254665764475, loss: 1.9650534331798553, rho: 0.4000000000000001, transmit_actions: 10, P: [0.09375, 0.0, 0.3125, 0.53125, 0.8125, 0.5, 0.4375, 0.0, 0.9375, 0.40625, 0.9375, 0.53125, 0.75, 1.0, 0.4375, 0.40625, 0.09375, 0.5, 0.875, 0.4375]
[TRAIN]: (421/1600): reward: 4.627669483423233, rates: 16.627669416898446, loss: 1.895211535692215, rho: 0.4000000000000001, transmit_actions: 11, P: [0.15625, 0.28125, 0.15625, 0.90625, 0.8125, 0.25, 0.03125, 0.03125, 0.09375, 0.96875, 0.1875, 0.125, 0.96875, 0.0625, 0.59375, 0.78125, 0.65625, 0.625, 0.84375, 0.90625]
[TRAIN]: (422/1600): reward: -12.453839585185051, rates: 1.5461603945673237, loss: 1.9165952265262605, rho: 0.4000000000000001, transmit_actions: 8, P: [0.25, 0.71875, 0.96875, 0.6875, 0.40625, 0.59375, 0.84375, 0.09375, 0.28125, 0.5625, 0.40625, 0.71875, 0.4375, 0.03125, 0.09375, 0.28125, 0.46875, 0.625, 0.4375, 0.96875]
[TRAIN]: (423/1600): reward: -8.823290079832077, rates: 6.176709790020175, loss: 1.952278161048889, rho: 0.4000000000000001, transmit_actions: 8, P: [0.09375, 0.71875, 0.5, 0.71875, 0.3125, 0.90625, 0.59375, 0.625, 0.6875, 0.0625, 0.84375, 0.0625, 0.53125, 0.6875, 0.53125, 0.4375, 0.3125, 0.53125, 0.375, 0.75]
[TRAIN]: (424/1600): reward: -8.044344920665026, rates: 4.955655077903842, loss: 2.119739603996277, rho: 0.4000000000000001, transmit_actions: 10, P: [0.53125, 0.5, 0.21875, 0.875, 0.0, 0.53125, 0.71875, 0.125, 0.125, 0.53125, 0.1875, 0.5, 0.71875, 0.0625, 0.1875, 0.9375, 0.8125, 0.03125, 0.96875, 0.875]
[TRAIN]: (425/1600): reward: -1.6561355590820312, rates: 14.343864292241719, loss: 1.7704979479312897, rho: 0.4000000000000001, transmit_actions: 10, P: [0.25, 0.34375, 0.65625, 0.125, 0.71875, 1.0, 0.125, 0.71875, 0.21875, 0.40625, 0.75, 0.0625, 0.03125, 0.71875, 0.34375, 0.125, 0.125, 0.59375, 0.71875, 0.15625]
[TRAIN]: (426/1600): reward: -1.0705412924289703, rates: 10.92945895186274, loss: 1.848987978696823, rho: 0.4000000000000001, transmit_actions: 12, P: [0.90625, 0.78125, 0.8125, 0.5, 0.53125, 0.71875, 0.25, 0.1875, 0.15625, 0.15625, 0.71875, 0.40625, 1.0, 0.8125, 0.6875, 0.3125, 0.09375, 0.875, 0.4375, 0.84375]
[TRAIN]: (427/1600): reward: -15.785762816667557, rates: 0.2142371879383475, loss: 1.8248705744743348, rho: 0.4000000000000001, transmit_actions: 10, P: [0.90625, 0.3125, 0.78125, 0.71875, 0.25, 0.125, 0.03125, 0.28125, 0.90625, 0.4375, 0.71875, 0.375, 0.28125, 0.8125, 0.28125, 0.28125, 0.40625, 0.78125, 0.75, 0.03125]
[TRAIN]: (428/1600): reward: -11.85473994910717, rates: 3.145259991766639, loss: 1.8508841514587402, rho: 0.4000000000000001, transmit_actions: 11, P: [0.75, 0.1875, 0.75, 0.15625, 0.4375, 0.9375, 0.0625, 0.375, 0.90625, 0.46875, 0.6875, 1.0, 0.4375, 0.75, 0.28125, 0.78125, 0.03125, 0.6875, 0.875, 0.5625]
[TRAIN]: (429/1600): reward: -8.517846047878265, rates: 7.482154123264561, loss: 2.010943168401718, rho: 0.4000000000000001, transmit_actions: 12, P: [0.625, 0.75, 0.625, 0.75, 0.0625, 0.78125, 0.8125, 0.5625, 0.25, 0.40625, 0.40625, 0.875, 1.0, 0.3125, 0.125, 0.875, 0.53125, 0.375, 0.625, 0.96875]
[TRAIN]: (430/1600): reward: -5.340081959962845, rates: 6.659917951430701, loss: 1.947010153532028, rho: 0.4000000000000001, transmit_actions: 9, P: [0.96875, 0.375, 0.34375, 0.53125, 0.625, 0.34375, 0.0, 0.84375, 0.34375, 0.4375, 0.15625, 0.40625, 0.25, 0.71875, 0.9375, 0.0, 0.40625, 0.0625, 0.125, 0.96875]
[TRAIN]: (431/1600): reward: -6.7239274978637695, rates: 6.276072545311096, loss: 1.7979433834552765, rho: 0.4000000000000001, transmit_actions: 10, P: [0.8125, 0.1875, 0.875, 0.90625, 0.8125, 0.6875, 0.40625, 0.03125, 0.375, 1.0, 0.96875, 0.6875, 1.0, 0.9375, 0.6875, 0.375, 0.4375, 0.34375, 0.71875, 0.90625]
[TRAIN]: (432/1600): reward: -3.6047300547361374, rates: 7.395269904038466, loss: 1.9462456464767457, rho: 0.4000000000000001, transmit_actions: 10, P: [0.90625, 0.25, 0.71875, 0.875, 0.5, 0.375, 0.90625, 0.6875, 0.375, 0.40625, 0.875, 0.75, 0.78125, 0.3125, 0.75, 0.6875, 0.28125, 1.0, 0.625, 0.1875]
[TRAIN]: (433/1600): reward: 10.384428858757019, rates: 21.384428396954455, loss: 1.9725972324609757, rho: 0.4000000000000001, transmit_actions: 10, P: [0.125, 0.625, 0.3125, 0.15625, 1.0, 0.15625, 0.71875, 0.03125, 0.875, 0.375, 0.78125, 0.6875, 0.3125, 0.71875, 0.0, 0.34375, 0.125, 0.90625, 0.15625, 0.15625]
[TRAIN]: (434/1600): reward: 6.023056775331497, rates: 18.023057006083864, loss: 1.921318158507347, rho: 0.4000000000000001, transmit_actions: 11, P: [0.75, 0.1875, 0.65625, 0.75, 0.03125, 0.0, 0.0625, 0.125, 0.65625, 0.0, 0.8125, 0.125, 0.34375, 0.84375, 0.34375, 0.84375, 0.125, 0.8125, 0.4375, 0.71875]
[TRAIN]: (435/1600): reward: -10.404053747653961, rates: 5.595946254410281, loss: 2.171364593505859, rho: 0.4000000000000001, transmit_actions: 11, P: [0.15625, 0.0625, 1.0, 0.78125, 0.71875, 0.40625, 0.8125, 0.46875, 1.0, 0.625, 0.5625, 0.5625, 0.1875, 0.59375, 0.5625, 0.40625, 0.8125, 0.21875, 0.5, 0.84375]
[TRAIN]: (436/1600): reward: -1.4684414863586426, rates: 13.53155857600267, loss: 1.912403219938278, rho: 0.4000000000000001, transmit_actions: 9, P: [0.40625, 0.40625, 0.0, 0.59375, 0.65625, 0.4375, 0.03125, 0.3125, 0.0625, 1.0, 0.0625, 0.875, 0.4375, 0.40625, 0.625, 0.84375, 0.71875, 0.03125, 0.8125, 0.6875]
[TRAIN]: (437/1600): reward: -4.859371945261955, rates: 10.14062817776852, loss: 1.8886703908443452, rho: 0.4000000000000001, transmit_actions: 10, P: [0.53125, 0.8125, 0.96875, 0.09375, 0.5, 0.125, 0.5, 0.78125, 0.40625, 0.75, 0.03125, 0.4375, 0.4375, 0.03125, 0.59375, 0.03125, 0.09375, 0.03125, 0.375, 0.28125]
[TRAIN]: (438/1600): reward: -7.196381866931915, rates: 6.8036183199578915, loss: 1.7176512062549592, rho: 0.4000000000000001, transmit_actions: 10, P: [0.75, 0.46875, 0.875, 0.0, 0.375, 0.8125, 0.78125, 0.71875, 0.375, 0.59375, 0.125, 0.96875, 0.40625, 0.25, 0.96875, 0.5, 0.5, 0.5, 0.53125, 0.4375]
[TRAIN]: (439/1600): reward: -15.837476059794426, rates: 0.16252394180896512, loss: 2.045797571539879, rho: 0.4000000000000001, transmit_actions: 13, P: [0.90625, 0.625, 0.78125, 0.6875, 0.1875, 0.5, 0.9375, 0.03125, 0.78125, 1.0, 0.34375, 0.40625, 0.5, 0.375, 0.0, 0.625, 0.9375, 0.34375, 0.0, 0.375]
[TRAIN]: (440/1600): reward: -7.845214933156967, rates: 7.154785071453696, loss: 2.136344623565674, rho: 0.4000000000000001, transmit_actions: 6, P: [0.8125, 0.71875, 0.34375, 0.46875, 0.5, 0.71875, 0.3125, 0.78125, 0.3125, 0.375, 0.125, 0.09375, 0.75, 0.40625, 0.5, 0.65625, 0.9375, 0.4375, 0.375, 0.9375]
[TRAIN]: (441/1600): reward: -2.8822389245033264, rates: 10.117760948915286, loss: 2.08447322845459, rho: 0.4000000000000001, transmit_actions: 11, P: [0.25, 0.3125, 0.71875, 0.78125, 0.59375, 0.0, 0.1875, 0.875, 0.21875, 0.78125, 0.125, 0.78125, 0.5625, 0.4375, 0.90625, 0.40625, 1.0, 0.78125, 0.59375, 0.03125]
[TRAIN]: (442/1600): reward: -12.40796971321106, rates: 1.5920302822435404, loss: 1.9441272646188736, rho: 0.4000000000000001, transmit_actions: 10, P: [0.3125, 0.5625, 0.5, 0.0, 0.40625, 0.09375, 0.34375, 0.1875, 0.71875, 0.125, 0.4375, 0.53125, 0.5, 0.8125, 0.53125, 0.375, 0.5, 0.21875, 0.9375, 0.34375]
[TRAIN]: (443/1600): reward: 7.3576788157224655, rates: 19.357679048644183, loss: 1.8880677491426467, rho: 0.4000000000000001, transmit_actions: 12, P: [0.65625, 0.875, 0.5, 0.96875, 0.625, 0.09375, 0.625, 0.5, 0.46875, 0.90625, 0.25, 0.125, 0.3125, 0.5625, 0.03125, 0.90625, 0.21875, 0.1875, 0.46875, 0.875]
[TRAIN]: (444/1600): reward: -6.619247908703983, rates: 5.380751959464336, loss: 1.8126263558864593, rho: 0.4000000000000001, transmit_actions: 12, P: [0.8125, 0.5625, 0.3125, 0.5625, 0.46875, 0.28125, 0.375, 0.15625, 0.0, 0.03125, 0.9375, 0.59375, 0.78125, 0.5, 0.71875, 0.40625, 0.875, 0.28125, 0.09375, 0.59375]
[TRAIN]: (445/1600): reward: -15.681636564433575, rates: 0.3183634308740172, loss: 1.919169843196869, rho: 0.4000000000000001, transmit_actions: 8, P: [0.0, 0.40625, 0.09375, 0.53125, 0.21875, 1.0, 0.34375, 0.125, 0.0, 0.5625, 0.625, 0.28125, 0.0, 0.25, 0.0625, 0.625, 0.53125, 0.96875, 0.65625, 0.75]
[TRAIN]: (446/1600): reward: -4.566849771887064, rates: 7.433150389060964, loss: 1.9938581466674805, rho: 0.4000000000000001, transmit_actions: 7, P: [0.78125, 0.0625, 0.90625, 0.15625, 0.0, 0.375, 0.125, 0.28125, 0.3125, 0.15625, 0.75, 0.875, 0.0625, 0.09375, 0.03125, 0.5625, 0.53125, 0.84375, 0.5625, 0.90625]
[TRAIN]: (447/1600): reward: -9.718631446361542, rates: 4.2813684366486715, loss: 2.0943674027919768, rho: 0.4000000000000001, transmit_actions: 6, P: [0.78125, 0.25, 0.875, 0.90625, 0.125, 0.25, 0.96875, 0.34375, 0.65625, 0.6875, 0.40625, 0.6875, 0.59375, 0.15625, 0.21875, 0.03125, 0.40625, 0.03125, 0.09375, 0.40625]
[TRAIN]: (448/1600): reward: -9.608267821371555, rates: 5.3917319784604985, loss: 1.845913791656494, rho: 0.4000000000000001, transmit_actions: 13, P: [0.34375, 0.65625, 0.3125, 0.78125, 0.21875, 0.15625, 0.1875, 0.6875, 0.96875, 0.65625, 0.875, 0.6875, 0.78125, 0.25, 0.3125, 0.0, 0.59375, 0.3125, 0.71875, 0.34375]
[TRAIN]: (449/1600): reward: -3.277811050415039, rates: 12.722188864084778, loss: 1.9070987224578857, rho: 0.4000000000000001, transmit_actions: 10, P: [0.40625, 0.15625, 0.34375, 0.15625, 0.8125, 0.0625, 0.40625, 0.59375, 0.59375, 0.96875, 0.59375, 0.75, 0.25, 0.25, 0.75, 0.1875, 0.6875, 0.34375, 0.75, 0.8125]
[TRAIN]: (450/1600): reward: 6.346911542117596, rates: 20.3469116861492, loss: 1.88166783452034, rho: 0.4000000000000001, transmit_actions: 12, P: [0.71875, 0.53125, 0.3125, 0.78125, 0.4375, 0.0625, 0.8125, 0.25, 0.25, 0.21875, 0.59375, 0.09375, 0.21875, 0.0625, 0.875, 0.625, 0.3125, 0.71875, 0.21875, 0.46875]
[TRAIN]: (451/1600): reward: -6.762533716857433, rates: 6.237466354413966, loss: 1.9192037999629974, rho: 0.4000000000000001, transmit_actions: 13, P: [0.28125, 1.0, 0.875, 0.71875, 0.15625, 0.25, 0.03125, 0.40625, 0.21875, 0.90625, 0.9375, 0.96875, 0.84375, 0.1875, 0.34375, 0.3125, 0.1875, 0.4375, 0.5, 0.875]
[TRAIN]: (452/1600): reward: 1.6334314346313477, rates: 11.6334314099866, loss: 1.767907404899597, rho: 0.4000000000000001, transmit_actions: 8, P: [0.9375, 0.75, 1.0, 0.65625, 0.53125, 0.96875, 0.4375, 0.21875, 0.125, 0.09375, 0.3125, 0.46875, 0.59375, 0.875, 0.59375, 0.875, 0.59375, 0.96875, 0.6875, 0.4375]
[TRAIN]: (453/1600): reward: -7.884164333343506, rates: 5.115835837165229, loss: 1.9915835976600647, rho: 0.4000000000000001, transmit_actions: 8, P: [0.0, 0.90625, 0.90625, 0.21875, 0.875, 0.125, 0.6875, 0.59375, 0.28125, 0.75, 0.53125, 0.09375, 0.4375, 0.3125, 0.8125, 0.34375, 0.3125, 0.96875, 0.96875, 1.0]
[TRAIN]: (454/1600): reward: -10.418314203619957, rates: 2.581685828936858, loss: 2.020014077425003, rho: 0.4000000000000001, transmit_actions: 11, P: [0.21875, 0.90625, 0.03125, 0.0625, 0.0, 0.21875, 0.15625, 0.25, 0.15625, 0.5625, 0.125, 1.0, 0.09375, 0.9375, 0.40625, 0.53125, 0.0, 0.375, 0.59375, 0.8125]
[TRAIN]: (455/1600): reward: -3.0282626152038574, rates: 10.971737361370792, loss: 2.0815751552581787, rho: 0.4000000000000001, transmit_actions: 8, P: [0.65625, 0.90625, 0.9375, 0.3125, 0.9375, 0.5625, 0.6875, 0.28125, 0.65625, 0.34375, 0.96875, 0.6875, 0.4375, 0.59375, 0.0, 0.46875, 0.21875, 0.28125, 1.0, 0.0]
[TRAIN]: (456/1600): reward: -14.0, rates: 0, loss: 2.0544971406459807, rho: 0.4000000000000001, transmit_actions: 9, P: [0.75, 0.71875, 0.375, 0.5, 0.90625, 0.03125, 0.40625, 0.6875, 0.28125, 0.21875, 0.53125, 0.96875, 0.59375, 0.90625, 0.5, 0.5625, 0.5, 0.90625, 0.8125, 0.125]
[TRAIN]: (457/1600): reward: -9.873905390501022, rates: 5.126094395264629, loss: 1.864736795425415, rho: 0.4000000000000001, transmit_actions: 9, P: [0.78125, 0.25, 0.65625, 0.65625, 0.0, 0.1875, 0.96875, 0.875, 0.03125, 0.96875, 1.0, 0.25, 0.90625, 1.0, 0.71875, 0.65625, 0.21875, 0.46875, 0.09375, 0.6875]
[TRAIN]: (458/1600): reward: -1.0701406300067902, rates: 10.929859233764622, loss: 2.0259088695049288, rho: 0.4000000000000001, transmit_actions: 9, P: [0.21875, 0.1875, 0.8125, 0.5, 0.46875, 0.5, 0.125, 0.5, 0.5625, 0.8125, 1.0, 0.4375, 0.125, 0.03125, 0.90625, 0.6875, 0.15625, 0.25, 0.9375, 0.875]
[TRAIN]: (459/1600): reward: 0.23293152451515198, rates: 14.232931614420611, loss: 1.9352184593677522, rho: 0.4000000000000001, transmit_actions: 9, P: [0.1875, 0.625, 0.53125, 0.125, 0.03125, 0.21875, 0.53125, 0.8125, 0.5625, 0.40625, 0.3125, 0.84375, 0.65625, 0.4375, 0.28125, 0.40625, 1.0, 0.40625, 0.65625, 0.375]
[TRAIN]: (460/1600): reward: -8.702249212190509, rates: 5.29775052299807, loss: 1.8709509134292603, rho: 0.4000000000000001, transmit_actions: 8, P: [0.75, 0.375, 0.5, 0.3125, 0.28125, 0.03125, 0.5, 0.4375, 0.65625, 0.125, 0.84375, 0.96875, 0.25, 0.0, 0.3125, 0.59375, 0.0625, 0.8125, 0.5, 0.09375]
[TRAIN]: (461/1600): reward: -14.879543244838715, rates: 0.12045675551909814, loss: 2.0106825649738314, rho: 0.4000000000000001, transmit_actions: 10, P: [0.0625, 0.375, 0.375, 0.84375, 0.1875, 0.6875, 0.8125, 0.09375, 0.375, 0.46875, 0.8125, 0.0625, 0.28125, 0.28125, 0.90625, 0.78125, 0.625, 0.90625, 0.84375, 0.78125]
[TRAIN]: (462/1600): reward: -3.691732794046402, rates: 8.30826731241459, loss: 2.002372604608536, rho: 0.4000000000000001, transmit_actions: 12, P: [0.8125, 0.6875, 0.625, 0.5625, 0.09375, 0.09375, 0.625, 0.625, 0.03125, 0.34375, 0.5, 1.0, 0.03125, 0.59375, 0.46875, 0.625, 0.875, 0.3125, 0.03125, 0.90625]
[TRAIN]: (463/1600): reward: 0.9278149604797363, rates: 15.927814981973054, loss: 1.7880182921886445, rho: 0.4000000000000001, transmit_actions: 9, P: [0.46875, 0.09375, 0.59375, 0.6875, 1.0, 0.25, 0.0, 0.625, 0.125, 0.46875, 0.96875, 0.21875, 0.46875, 0.3125, 0.25, 0.71875, 0.1875, 0.21875, 0.9375, 0.71875]
[TRAIN]: (464/1600): reward: -3.7358958199620247, rates: 6.264104208765641, loss: 1.7588608264923096, rho: 0.4000000000000001, transmit_actions: 11, P: [0.6875, 0.5625, 0.625, 0.03125, 0.25, 0.375, 0.28125, 0.25, 0.125, 0.1875, 0.15625, 0.625, 0.34375, 0.15625, 0.46875, 0.9375, 0.65625, 0.40625, 0.84375, 0.5625]
[TRAIN]: (465/1600): reward: 0.45621323585510254, rates: 10.456213143725094, loss: 1.840788859128952, rho: 0.4000000000000001, transmit_actions: 6, P: [0.71875, 0.375, 0.0625, 0.0625, 0.0, 0.21875, 0.46875, 0.3125, 0.40625, 0.71875, 0.40625, 0.84375, 0.875, 0.25, 0.1875, 0.40625, 0.84375, 0.28125, 0.25, 0.3125]
[TRAIN]: (466/1600): reward: -4.106732666492462, rates: 8.893267172945027, loss: 1.8303514420986176, rho: 0.4000000000000001, transmit_actions: 9, P: [0.65625, 0.46875, 0.0625, 0.5625, 0.21875, 0.84375, 0.4375, 0.4375, 0.59375, 0.125, 0.46875, 0.25, 0.0, 0.4375, 0.03125, 0.03125, 0.15625, 0.34375, 0.40625, 0.0625]
[TRAIN]: (467/1600): reward: 5.591174602508545, rates: 19.591174560589387, loss: 2.008429604768753, rho: 0.4000000000000001, transmit_actions: 11, P: [0.1875, 0.46875, 0.6875, 0.375, 0.4375, 0.15625, 0.71875, 0.75, 0.46875, 0.3125, 0.3125, 0.6875, 0.375, 0.9375, 0.21875, 0.625, 0.28125, 0.21875, 0.5, 0.1875]
[TRAIN]: (468/1600): reward: -12.96496133506298, rates: 1.0350386721047404, loss: 1.937671184539795, rho: 0.4000000000000001, transmit_actions: 10, P: [0.625, 0.09375, 0.96875, 0.8125, 0.375, 0.71875, 0.46875, 0.09375, 0.0625, 0.5, 0.6875, 0.6875, 0.78125, 0.8125, 0.25, 0.90625, 0.40625, 0.46875, 0.4375, 0.75]
[TRAIN]: (469/1600): reward: -1.0951338447630405, rates: 10.904866068672142, loss: 1.7591106355190278, rho: 0.4000000000000001, transmit_actions: 11, P: [0.46875, 0.0, 0.59375, 0.46875, 0.03125, 0.40625, 0.5625, 0.96875, 0.15625, 0.15625, 0.65625, 0.0, 0.59375, 0.21875, 0.90625, 0.15625, 0.875, 0.21875, 0.53125, 0.09375]
[TRAIN]: (470/1600): reward: -8.925741761922836, rates: 4.074258331915003, loss: 1.9519477009773254, rho: 0.4000000000000001, transmit_actions: 10, P: [0.9375, 0.5, 1.0, 0.875, 0.78125, 0.3125, 0.71875, 0.03125, 0.84375, 0.875, 0.4375, 0.09375, 0.96875, 0.59375, 0.125, 0.5, 0.6875, 0.0625, 0.3125, 0.90625]
[TRAIN]: (471/1600): reward: -1.1012070178985596, rates: 12.898792938536532, loss: 2.079589623212814, rho: 0.4000000000000001, transmit_actions: 7, P: [0.0625, 0.0625, 0.96875, 0.03125, 0.875, 0.25, 0.0625, 0.09375, 0.15625, 0.8125, 0.09375, 0.0625, 0.03125, 0.96875, 0.9375, 0.5, 0.5, 0.15625, 0.1875, 0.125]
[TRAIN]: (472/1600): reward: -6.5763771533966064, rates: 7.423622656183033, loss: 2.1516751527786253, rho: 0.4000000000000001, transmit_actions: 9, P: [0.78125, 0.25, 0.78125, 0.15625, 0.40625, 0.71875, 0.5, 0.1875, 0.84375, 0.4375, 0.625, 0.15625, 0.125, 0.375, 0.75, 0.25, 0.34375, 0.9375, 0.9375, 0.5]
[TRAIN]: (473/1600): reward: -10.531973391771317, rates: 5.468026633261485, loss: 1.8876993536949158, rho: 0.4000000000000001, transmit_actions: 9, P: [0.4375, 1.0, 0.15625, 0.15625, 0.21875, 0.53125, 0.71875, 0.21875, 0.34375, 0.34375, 0.40625, 0.0, 0.75, 0.6875, 0.96875, 0.125, 0.34375, 0.75, 0.4375, 0.25]
[TRAIN]: (474/1600): reward: -10.387330532073975, rates: 4.612669232559356, loss: 1.9413454115390778, rho: 0.4000000000000001, transmit_actions: 10, P: [0.625, 0.8125, 0.96875, 1.0, 0.9375, 0.0, 0.78125, 0.53125, 0.34375, 0.96875, 0.6875, 0.90625, 0.46875, 1.0, 0.5, 0.21875, 0.15625, 0.125, 0.03125, 0.375]
[TRAIN]: (475/1600): reward: -14.403703808784485, rates: 1.5962961533405144, loss: 1.7864834070205688, rho: 0.4000000000000001, transmit_actions: 7, P: [0.40625, 0.25, 0.25, 0.53125, 0.84375, 0.40625, 0.90625, 0.125, 0.28125, 0.0625, 0.34375, 0.96875, 0.78125, 0.71875, 0.53125, 0.6875, 0.75, 0.78125, 0.78125, 0.78125]
[TRAIN]: (476/1600): reward: -8.350763410329819, rates: 6.649236616732868, loss: 1.9497829347848892, rho: 0.4000000000000001, transmit_actions: 10, P: [0.1875, 0.0625, 0.84375, 0.3125, 0.84375, 0.71875, 0.0625, 0.5625, 0.5, 0.53125, 0.5625, 0.28125, 0.65625, 0.09375, 0.34375, 0.59375, 0.4375, 0.84375, 0.5, 0.59375]
[TRAIN]: (477/1600): reward: -9.493996530771255, rates: 5.506003513462024, loss: 1.92331200838089, rho: 0.4000000000000001, transmit_actions: 4, P: [0.53125, 0.78125, 0.625, 0.9375, 0.0, 0.65625, 0.875, 0.3125, 0.75, 0.09375, 0.03125, 0.71875, 0.46875, 0.5625, 0.59375, 0.03125, 0.4375, 0.8125, 0.625, 0.125]
[TRAIN]: (478/1600): reward: -15.0, rates: 0.0, loss: 1.9984626114368438, rho: 0.4000000000000001, transmit_actions: 8, P: [0.53125, 0.03125, 0.5, 0.0, 0.9375, 0.875, 0.125, 0.90625, 0.75, 0.21875, 0.71875, 0.5625, 0.71875, 0.6875, 0.9375, 0.59375, 0.28125, 0.5, 0.59375, 0.1875]
[TRAIN]: (479/1600): reward: -2.0263171792030334, rates: 11.97368252773855, loss: 1.913803493976593, rho: 0.4000000000000001, transmit_actions: 11, P: [0.4375, 0.6875, 0.21875, 0.15625, 1.0, 0.6875, 0.0, 0.625, 0.09375, 0.75, 0.34375, 0.46875, 0.25, 0.4375, 0.1875, 0.34375, 0.28125, 0.9375, 0.5625, 0.75]
[TRAIN]: (480/1600): reward: -7.752933502197266, rates: 5.247066372254693, loss: 1.8370880961418152, rho: 0.4000000000000001, transmit_actions: 7, P: [0.84375, 0.71875, 0.53125, 0.46875, 0.96875, 0.53125, 0.9375, 0.28125, 0.0625, 0.84375, 0.71875, 0.6875, 0.40625, 0.625, 0.15625, 0.15625, 0.53125, 0.84375, 0.59375, 0.875]
[TRAIN]: (481/1600): reward: 15.471582800149918, rates: 25.471582874350652, loss: 1.7328333139419556, rho: 0.4000000000000001, transmit_actions: 10, P: [0.9375, 0.4375, 0.4375, 0.3125, 0.53125, 0.59375, 0.8125, 0.0, 0.90625, 0.71875, 0.375, 0.3125, 0.25, 0.5625, 0.3125, 0.59375, 0.125, 0.03125, 0.5, 0.46875]
[TRAIN]: (482/1600): reward: -15.869809865951538, rates: 0.13019013878439079, loss: 1.7289223462343215, rho: 0.4000000000000001, transmit_actions: 8, P: [0.3125, 0.3125, 0.75, 0.28125, 0.46875, 0.34375, 0.03125, 0.8125, 0.5625, 0.375, 0.25, 0.5625, 0.90625, 0.15625, 0.84375, 0.65625, 0.75, 0.65625, 0.1875, 0.53125]
[TRAIN]: (483/1600): reward: -8.081596285104752, rates: 6.918403524122582, loss: 1.9149044156074524, rho: 0.4000000000000001, transmit_actions: 11, P: [0.03125, 0.4375, 0.46875, 0.21875, 0.8125, 0.75, 0.4375, 0.84375, 0.3125, 0.65625, 0.5625, 0.21875, 0.8125, 0.5, 0.65625, 0.5625, 0.78125, 0.9375, 0.03125, 0.71875]
[TRAIN]: (484/1600): reward: -11.401551246643066, rates: 5.598448853897598, loss: 2.0210977494716644, rho: 0.4000000000000001, transmit_actions: 10, P: [0.0625, 0.5625, 0.28125, 0.78125, 0.65625, 0.78125, 0.8125, 0.8125, 0.65625, 0.21875, 0.375, 0.71875, 0.46875, 0.65625, 0.8125, 0.34375, 0.90625, 0.40625, 0.375, 0.75]
[TRAIN]: (485/1600): reward: -2.367518424987793, rates: 10.632481452529703, loss: 1.917934489250183, rho: 0.4000000000000001, transmit_actions: 11, P: [0.25, 0.03125, 0.3125, 0.90625, 0.84375, 0.4375, 0.84375, 0.375, 0.875, 0.78125, 0.75, 0.09375, 0.78125, 0.96875, 0.71875, 0.25, 0.1875, 0.875, 0.0, 0.09375]
[TRAIN]: (486/1600): reward: -14.0, rates: 0, loss: 1.8938656508922578, rho: 0.4000000000000001, transmit_actions: 5, P: [0.09375, 0.21875, 0.6875, 0.4375, 0.65625, 1.0, 0.5, 0.625, 0.53125, 0.875, 0.9375, 0.6875, 0.78125, 0.875, 0.6875, 0.40625, 0.46875, 0.0625, 1.0, 0.46875]
[TRAIN]: (487/1600): reward: -11.054035678505898, rates: 4.945964238791851, loss: 1.719970691204071, rho: 0.4000000000000001, transmit_actions: 14, P: [0.625, 0.3125, 1.0, 0.1875, 0.84375, 0.59375, 1.0, 0.75, 0.6875, 0.125, 0.4375, 0.1875, 0.34375, 0.78125, 0.78125, 0.53125, 0.0625, 0.28125, 1.0, 0.25]
[TRAIN]: (488/1600): reward: 4.334265470504761, rates: 16.33426501967567, loss: 1.7055861830711365, rho: 0.4000000000000001, transmit_actions: 9, P: [0.28125, 1.0, 0.5625, 0.75, 0.3125, 0.9375, 0.125, 0.96875, 0.09375, 0.0625, 0.15625, 0.6875, 0.34375, 0.65625, 0.375, 0.15625, 0.65625, 0.0625, 0.65625, 0.6875]
[TRAIN]: (489/1600): reward: -6.418102741241455, rates: 6.581897359794118, loss: 2.4582396686077117, rho: 0.4000000000000001, transmit_actions: 8, P: [0.46875, 0.6875, 0.75, 1.0, 0.0, 0.65625, 0.96875, 0.75, 0.65625, 0.71875, 1.0, 0.71875, 0.59375, 0.71875, 0.46875, 0.59375, 0.9375, 0.53125, 0.96875, 0.1875]
[TRAIN]: (490/1600): reward: -15.0, rates: 0.0, loss: 1.9704146981239319, rho: 0.4000000000000001, transmit_actions: 11, P: [0.6875, 0.9375, 0.59375, 0.25, 0.71875, 0.71875, 0.65625, 0.125, 0.3125, 0.75, 0.09375, 0.75, 0.78125, 0.5, 0.34375, 0.9375, 0.0, 0.75, 0.71875, 0.40625]
[TRAIN]: (491/1600): reward: -6.638849556446075, rates: 4.361150328439893, loss: 1.8666484892368316, rho: 0.4000000000000001, transmit_actions: 15, P: [0.1875, 1.0, 0.4375, 0.25, 0.40625, 0.9375, 0.46875, 0.0, 0.78125, 0.75, 0.84375, 0.0, 0.59375, 0.96875, 0.78125, 1.0, 0.5, 0.90625, 0.1875, 0.71875]
[TRAIN]: (492/1600): reward: -0.5977611243724823, rates: 9.402238968061422, loss: 2.2268450975418093, rho: 0.4000000000000001, transmit_actions: 6, P: [0.5625, 0.53125, 0.375, 0.0, 0.90625, 0.46875, 0.4375, 0.21875, 1.0, 0.71875, 0.125, 0.09375, 0.96875, 0.3125, 0.25, 0.40625, 0.5, 0.28125, 0.875, 0.09375]
[TRAIN]: (493/1600): reward: -17.773623436689377, rates: 0.22637656107746146, loss: 1.7290384948253632, rho: 0.4000000000000001, transmit_actions: 7, P: [0.625, 0.125, 0.28125, 0.375, 0.65625, 0.15625, 0.125, 0.46875, 0.5, 0.34375, 0.0625, 0.71875, 0.125, 0.6875, 0.5625, 0.75, 0.53125, 0.3125, 0.53125, 0.90625]
[TRAIN]: (494/1600): reward: -2.7549768686294556, rates: 10.245023420382886, loss: 1.7172963321208954, rho: 0.4000000000000001, transmit_actions: 13, P: [0.9375, 0.0, 0.28125, 0.90625, 0.15625, 0.875, 0.3125, 0.6875, 0.78125, 0.875, 0.03125, 0.3125, 0.75, 0.15625, 0.875, 0.25, 0.78125, 0.53125, 0.21875, 0.0]
[TRAIN]: (495/1600): reward: -5.022923469543457, rates: 9.977076500417226, loss: 1.6338876366615296, rho: 0.4000000000000001, transmit_actions: 13, P: [0.96875, 1.0, 0.59375, 0.0, 0.9375, 0.5625, 0.5, 0.125, 0.78125, 0.5, 0.28125, 0.0, 0.4375, 0.03125, 0.0625, 0.0, 0.46875, 0.71875, 0.75, 0.9375]
[TRAIN]: (496/1600): reward: -9.812400341033936, rates: 5.187599473091507, loss: 2.0768687069416045, rho: 0.4000000000000001, transmit_actions: 9, P: [0.40625, 0.78125, 0.5, 0.5, 0.53125, 0.375, 0.5, 0.03125, 0.1875, 0.625, 0.65625, 0.5625, 0.75, 0.1875, 0.46875, 0.75, 0.78125, 0.40625, 0.25, 0.90625]
[TRAIN]: (497/1600): reward: -9.219110377132893, rates: 5.780889525653794, loss: 2.104795104265213, rho: 0.4000000000000001, transmit_actions: 7, P: [0.09375, 0.59375, 0.3125, 0.34375, 0.90625, 0.15625, 0.75, 0.9375, 0.09375, 0.5625, 0.25, 0.375, 0.34375, 0.0, 0.78125, 0.125, 0.40625, 0.34375, 0.53125, 0.53125]
[TRAIN]: (498/1600): reward: -14.012685112655163, rates: 0.9873148994526273, loss: 1.8811196386814117, rho: 0.4000000000000001, transmit_actions: 10, P: [0.09375, 0.90625, 0.375, 0.03125, 0.6875, 0.375, 0.96875, 0.5625, 0.1875, 0.0625, 0.875, 0.1875, 0.375, 0.125, 0.34375, 0.78125, 0.21875, 0.59375, 0.46875, 0.4375]
[TRAIN]: (499/1600): reward: 5.1176478266716, rates: 15.117647734453449, loss: 1.8239413022994995, rho: 0.4000000000000001, transmit_actions: 11, P: [0.5, 1.0, 0.53125, 0.6875, 0.625, 0.5, 0.5625, 0.71875, 0.9375, 0.3125, 0.5625, 0.65625, 0.75, 0.65625, 0.03125, 0.09375, 0.53125, 0.96875, 0.40625, 0.78125]
[TRAIN]: (500/1600): reward: 5.226811757311225, rates: 15.226811891864926, loss: 1.854437354207039, rho: 0.4000000000000001, transmit_actions: 10, P: [0.6875, 0.09375, 0.4375, 0.9375, 0.8125, 0.84375, 0.03125, 0.21875, 0.0, 0.53125, 0.75, 0.3125, 0.65625, 0.53125, 0.4375, 0.78125, 0.09375, 0.15625, 0.0625, 0.65625]
[TRAIN]: (501/1600): reward: 2.37977534532547, rates: 15.379775639935563, loss: 1.8792395830154418, rho: 0.4000000000000001, transmit_actions: 10, P: [0.09375, 0.1875, 0.34375, 0.03125, 0.46875, 0.4375, 0.625, 0.1875, 0.96875, 0.875, 0.46875, 0.34375, 0.6875, 0.96875, 0.25, 0.09375, 0.1875, 0.1875, 0.5, 0.78125]
[TRAIN]: (502/1600): reward: 1.1612787581980228, rates: 14.161278458365677, loss: 1.9050727188587189, rho: 0.4000000000000001, transmit_actions: 10, P: [0.0625, 0.3125, 0.3125, 0.21875, 0.96875, 0.25, 0.375, 0.84375, 0.21875, 0.96875, 0.5625, 0.0, 0.53125, 0.1875, 0.15625, 0.28125, 0.0625, 0.0, 0.40625, 0.5625]
[TRAIN]: (503/1600): reward: -16.0, rates: 0, loss: 1.895358806848526, rho: 0.4000000000000001, transmit_actions: 10, P: [0.625, 0.0625, 0.71875, 1.0, 0.6875, 0.0, 0.5625, 0.78125, 0.5625, 0.5625, 0.875, 0.46875, 0.03125, 0.4375, 0.40625, 0.34375, 0.28125, 0.78125, 0.8125, 0.875]
[TRAIN]: (504/1600): reward: 8.85554951429367, rates: 17.85554961562802, loss: 1.8842483043670655, rho: 0.4000000000000001, transmit_actions: 15, P: [0.0, 0.1875, 0.03125, 0.875, 0.28125, 0.5, 0.8125, 0.5625, 0.15625, 0.9375, 0.09375, 0.09375, 0.25, 0.09375, 0.9375, 0.40625, 0.84375, 0.1875, 0.125, 0.9375]
[TRAIN]: (505/1600): reward: -6.0233283042907715, rates: 7.976671809828957, loss: 2.0147722721099854, rho: 0.4000000000000001, transmit_actions: 7, P: [0.8125, 0.6875, 0.625, 0.96875, 0.5, 0.40625, 0.5625, 0.71875, 0.65625, 0.59375, 0.03125, 0.1875, 0.53125, 0.8125, 0.0625, 0.53125, 0.28125, 0.875, 0.53125, 0.125]
[TRAIN]: (506/1600): reward: 6.090285673737526, rates: 17.090285870378636, loss: 1.8646107256412505, rho: 0.4000000000000001, transmit_actions: 12, P: [0.6875, 0.96875, 0.15625, 0.25, 0.09375, 0.96875, 0.0625, 1.0, 0.0625, 0.625, 0.59375, 0.09375, 0.65625, 0.09375, 0.09375, 0.40625, 0.34375, 0.46875, 0.09375, 0.8125]
[TRAIN]: (507/1600): reward: 2.3531087785959244, rates: 13.353109058033947, loss: 2.0099863320589066, rho: 0.4000000000000001, transmit_actions: 11, P: [0.375, 0.1875, 0.90625, 0.1875, 0.875, 0.5, 0.5625, 0.21875, 0.71875, 0.15625, 0.40625, 0.1875, 0.21875, 1.0, 0.09375, 0.09375, 0.96875, 0.5625, 0.125, 0.0625]
[TRAIN]: (508/1600): reward: 15.714342568069696, rates: 24.71434249233033, loss: 1.8807520151138306, rho: 0.4000000000000001, transmit_actions: 16, P: [0.28125, 0.21875, 0.1875, 0.0, 0.5, 0.6875, 0.0, 0.90625, 0.25, 0.21875, 0.25, 0.65625, 0.15625, 0.03125, 0.09375, 0.0625, 0.53125, 0.9375, 0.125, 0.03125]
[TRAIN]: (509/1600): reward: -1.1970959529280663, rates: 9.802903687290234, loss: 1.5776821494102478, rho: 0.4000000000000001, transmit_actions: 11, P: [0.0625, 0.5625, 0.125, 0.5, 0.65625, 0.0625, 0.34375, 0.65625, 0.125, 0.09375, 0.875, 0.40625, 0.65625, 0.65625, 0.1875, 0.875, 0.84375, 0.21875, 0.125, 0.0625]
[TRAIN]: (510/1600): reward: -7.928144581615925, rates: 6.071855590443423, loss: 1.869532734155655, rho: 0.4000000000000001, transmit_actions: 12, P: [0.15625, 0.28125, 0.84375, 0.28125, 0.09375, 0.6875, 0.875, 0.28125, 0.15625, 0.28125, 0.5625, 0.625, 0.0, 0.09375, 0.21875, 0.78125, 0.71875, 0.0, 0.78125, 0.125]
[TRAIN]: (511/1600): reward: -1.6780341267585754, rates: 11.321965635140895, loss: 2.0624129593372347, rho: 0.4000000000000001, transmit_actions: 12, P: [0.8125, 0.125, 0.96875, 0.34375, 0.0625, 0.15625, 0.09375, 0.125, 0.03125, 0.75, 0.71875, 0.78125, 0.03125, 0.09375, 0.75, 0.5, 0.78125, 0.65625, 0.75, 0.03125]
[TRAIN]: (512/1600): reward: 10.306955330073833, rates: 19.30695494973142, loss: 2.036178022623062, rho: 0.4000000000000001, transmit_actions: 11, P: [0.78125, 0.21875, 0.84375, 0.15625, 0.0625, 0.59375, 0.125, 0.53125, 0.46875, 0.125, 0.59375, 0.875, 0.09375, 0.21875, 0.875, 0.125, 0.09375, 0.09375, 0.09375, 0.65625]
[TRAIN]: (513/1600): reward: 21.82051858305931, rates: 32.8205186175181, loss: 1.8101470291614532, rho: 0.4000000000000001, transmit_actions: 14, P: [0.90625, 0.5, 0.78125, 0.59375, 0.875, 0.03125, 0.5625, 0.09375, 0.0625, 0.25, 0.125, 0.6875, 0.5625, 0.125, 0.3125, 0.0625, 0.15625, 0.375, 0.21875, 0.125]
[TRAIN]: (514/1600): reward: 10.120118886232376, rates: 20.120118646973072, loss: 1.9964330971240998, rho: 0.4000000000000001, transmit_actions: 9, P: [0.5, 0.46875, 0.40625, 0.34375, 0.125, 0.15625, 0.65625, 0.15625, 0.53125, 0.0625, 0.9375, 0.40625, 0.0625, 0.90625, 0.0, 0.71875, 0.15625, 0.28125, 0.125, 0.96875]
[TRAIN]: (515/1600): reward: 3.988514691591263, rates: 14.988514326034494, loss: 1.820730870962143, rho: 0.4000000000000001, transmit_actions: 14, P: [0.15625, 0.90625, 0.09375, 0.125, 0.0625, 0.125, 0.28125, 0.8125, 0.21875, 0.0625, 0.28125, 0.375, 0.6875, 0.75, 0.625, 0.0625, 0.75, 0.40625, 0.09375, 0.09375]
[TRAIN]: (516/1600): reward: 3.139623364433646, rates: 16.139623340523485, loss: 1.8597342789173126, rho: 0.4000000000000001, transmit_actions: 11, P: [0.15625, 1.0, 0.65625, 0.75, 0.5625, 0.125, 0.125, 0.75, 0.0, 0.5, 0.8125, 0.0625, 0.25, 0.78125, 0.28125, 0.15625, 0.3125, 0.5625, 0.125, 0.625]
[TRAIN]: (517/1600): reward: 5.126964759081602, rates: 15.12696496778898, loss: 1.9731289386749267, rho: 0.4000000000000001, transmit_actions: 13, P: [0.625, 1.0, 0.15625, 0.09375, 0.125, 0.09375, 0.0625, 0.53125, 0.71875, 0.09375, 0.4375, 0.09375, 0.1875, 0.15625, 0.96875, 0.6875, 0.09375, 0.09375, 0.34375, 0.8125]
[TRAIN]: (518/1600): reward: 23.788978531956673, rates: 31.788978488019414, loss: 2.01911124587059, rho: 0.4000000000000001, transmit_actions: 16, P: [0.6875, 0.34375, 0.125, 0.375, 0.75, 0.125, 0.46875, 0.53125, 0.09375, 0.15625, 0.09375, 0.09375, 0.09375, 0.75, 0.0625, 0.375, 0.0625, 0.25, 0.09375, 0.9375]
[TRAIN]: (519/1600): reward: 16.498413510620594, rates: 23.49841328278039, loss: 2.0138423204422, rho: 0.4000000000000001, transmit_actions: 18, P: [0.28125, 0.125, 0.09375, 0.125, 0.09375, 0.125, 0.09375, 0.0625, 0.125, 0.125, 0.53125, 0.15625, 1.0, 0.8125, 0.09375, 0.53125, 0.15625, 0.25, 0.8125, 0.15625]
[TRAIN]: (520/1600): reward: 20.75504730641842, rates: 29.75504753784638, loss: 2.109332799911499, rho: 0.4000000000000001, transmit_actions: 17, P: [0.15625, 0.03125, 0.59375, 0.78125, 0.71875, 0.125, 0.15625, 0.59375, 0.0625, 0.375, 0.0625, 0.0625, 0.9375, 0.125, 0.15625, 0.8125, 0.15625, 0.4375, 0.53125, 0.125]
[TRAIN]: (521/1600): reward: 4.061241790652275, rates: 14.061241772940752, loss: 1.8695144355297089, rho: 0.4000000000000001, transmit_actions: 15, P: [0.15625, 0.03125, 0.1875, 0.4375, 0.125, 0.09375, 0.125, 0.0625, 0.46875, 0.46875, 0.875, 0.53125, 0.8125, 0.96875, 0.15625, 0.375, 0.53125, 0.125, 0.3125, 0.15625]
[TRAIN]: (522/1600): reward: 8.275069296360016, rates: 20.27506939339543, loss: 1.9236654877662658, rho: 0.4000000000000001, transmit_actions: 13, P: [0.15625, 0.96875, 0.3125, 0.09375, 0.0625, 0.8125, 0.09375, 0.15625, 0.25, 0.09375, 0.125, 0.75, 0.0625, 0.125, 0.53125, 0.3125, 0.0625, 0.28125, 0.40625, 0.9375]
[TRAIN]: (523/1600): reward: 29.016128718852997, rates: 35.016128745551946, loss: 1.9857530683279037, rho: 0.4000000000000001, transmit_actions: 15, P: [0.625, 0.53125, 0.59375, 0.1875, 0.125, 0.3125, 0.0625, 0.1875, 1.0, 0.15625, 0.0625, 0.0625, 0.15625, 0.09375, 0.5625, 0.09375, 0.09375, 0.09375, 0.90625, 0.09375]
[TRAIN]: (524/1600): reward: 23.855199004523456, rates: 31.855198475199177, loss: 1.8240343540906907, rho: 0.4000000000000001, transmit_actions: 17, P: [0.0625, 0.65625, 0.5625, 0.75, 1.0, 0.09375, 0.46875, 0.0625, 0.65625, 0.15625, 0.28125, 0.0625, 0.0625, 0.15625, 0.90625, 0.875, 0.15625, 0.0625, 0.09375, 0.0625]
[TRAIN]: (525/1600): reward: 31.439436733722687, rates: 39.43943732674147, loss: 1.8465621650218964, rho: 0.4000000000000001, transmit_actions: 17, P: [0.15625, 0.125, 0.125, 0.75, 0.5625, 0.46875, 0.875, 0.0625, 0.3125, 0.15625, 0.15625, 0.46875, 0.71875, 0.15625, 0.09375, 0.0625, 0.09375, 0.0625, 0.09375, 0.1875]
[TRAIN]: (526/1600): reward: 32.76693357527256, rates: 38.76693377456472, loss: 1.9913901805877685, rho: 0.4000000000000001, transmit_actions: 15, P: [0.84375, 0.1875, 0.9375, 0.125, 0.0625, 0.125, 0.15625, 0.71875, 0.5, 0.75, 0.0625, 0.09375, 0.09375, 0.375, 0.15625, 0.75, 1.0, 0.09375, 0.15625, 0.15625]
[TRAIN]: (527/1600): reward: 16.90748705714941, rates: 25.907487328576064, loss: 1.7810695946216584, rho: 0.4000000000000001, transmit_actions: 14, P: [0.5625, 0.34375, 0.09375, 0.0625, 0.09375, 0.34375, 0.0625, 0.5, 0.125, 0.09375, 0.46875, 0.8125, 0.09375, 0.0625, 0.09375, 0.25, 0.15625, 0.15625, 0.09375, 0.59375]
[TRAIN]: (528/1600): reward: 21.31104253232479, rates: 28.31104291780582, loss: 1.9212649822235108, rho: 0.4000000000000001, transmit_actions: 15, P: [0.3125, 0.625, 0.125, 0.34375, 0.65625, 0.25, 0.125, 0.125, 0.25, 0.78125, 0.125, 0.34375, 0.09375, 0.125, 0.0625, 0.96875, 0.09375, 0.0625, 0.875, 0.9375]
[TRAIN]: (529/1600): reward: 17.358456000685692, rates: 26.35845575966625, loss: 2.002933445572853, rho: 0.4000000000000001, transmit_actions: 15, P: [0.15625, 0.0625, 0.25, 0.4375, 0.375, 0.125, 0.25, 0.125, 0.0625, 0.21875, 0.96875, 0.0625, 0.15625, 0.0625, 0.15625, 0.0625, 0.09375, 0.59375, 0.0625, 0.09375]
[TRAIN]: (530/1600): reward: 36.34329002909362, rates: 43.34329011740193, loss: 1.9496560931205749, rho: 0.4000000000000001, transmit_actions: 17, P: [0.40625, 0.15625, 0.28125, 0.125, 0.90625, 0.0625, 0.4375, 0.15625, 0.0625, 0.0625, 0.125, 0.4375, 0.125, 0.15625, 0.0625, 0.125, 0.15625, 0.09375, 0.3125, 0.09375]
[TRAIN]: (531/1600): reward: 6.840000040829182, rates: 14.840000012406835, loss: 2.0346616744995116, rho: 0.4000000000000001, transmit_actions: 15, P: [0.15625, 0.8125, 0.875, 0.125, 0.53125, 0.09375, 0.15625, 0.125, 0.78125, 0.09375, 0.0625, 0.59375, 0.15625, 0.09375, 0.0625, 0.78125, 0.6875, 0.03125, 0.0, 0.96875]
[TRAIN]: (532/1600): reward: 10.057095769792795, rates: 18.057095989948014, loss: 1.846306174993515, rho: 0.4000000000000001, transmit_actions: 15, P: [0.15625, 0.125, 0.0625, 0.1875, 0.0625, 0.125, 0.78125, 0.09375, 0.84375, 0.0625, 0.59375, 0.0625, 0.21875, 0.15625, 0.875, 0.1875, 0.375, 0.625, 0.0625, 0.0625]
[TRAIN]: (533/1600): reward: 27.094049744307995, rates: 32.09404956448159, loss: 1.9474509000778197, rho: 0.4000000000000001, transmit_actions: 18, P: [0.15625, 0.15625, 0.8125, 0.125, 0.0625, 0.125, 0.125, 0.65625, 0.3125, 0.0625, 0.125, 0.09375, 0.09375, 0.09375, 0.09375, 0.09375, 1.0, 0.09375, 0.625, 0.84375]
[TRAIN]: (534/1600): reward: 19.182984210550785, rates: 25.18298390256393, loss: 1.6352311968803406, rho: 0.4000000000000001, transmit_actions: 14, P: [0.15625, 0.53125, 0.0625, 0.15625, 0.15625, 0.875, 0.40625, 0.25, 0.125, 0.40625, 0.125, 0.0625, 0.4375, 0.125, 0.0625, 0.0625, 0.125, 0.09375, 0.75, 0.90625]
[TRAIN]: (535/1600): reward: 18.085695549845695, rates: 25.085695690812422, loss: 1.8597231358289719, rho: 0.4000000000000001, transmit_actions: 16, P: [0.125, 0.0625, 0.09375, 0.15625, 0.75, 0.125, 0.75, 0.0625, 0.71875, 0.125, 0.09375, 0.65625, 0.5625, 0.53125, 0.96875, 0.5, 0.15625, 0.09375, 0.96875, 0.09375]
[TRAIN]: (536/1600): reward: 29.028559155762196, rates: 35.02855849801998, loss: 1.8284253656864167, rho: 0.4000000000000001, transmit_actions: 18, P: [0.3125, 0.125, 0.0625, 0.09375, 0.03125, 0.125, 0.09375, 0.21875, 0.125, 0.65625, 0.09375, 0.75, 0.09375, 0.09375, 0.3125, 0.0625, 0.125, 0.15625, 0.0625, 0.15625]
[TRAIN]: (537/1600): reward: 36.00181872397661, rates: 41.00181900557088, loss: 1.9115378946065902, rho: 0.4000000000000001, transmit_actions: 18, P: [0.1875, 0.0625, 0.125, 0.125, 0.09375, 0.71875, 0.46875, 0.15625, 0.71875, 0.0625, 0.09375, 0.09375, 0.875, 0.09375, 0.09375, 0.09375, 0.0625, 0.40625, 0.03125, 0.09375]
[TRAIN]: (538/1600): reward: 17.995946176350117, rates: 24.995946480396192, loss: 1.9424701094627381, rho: 0.4000000000000001, transmit_actions: 15, P: [0.15625, 0.0625, 0.21875, 0.21875, 0.46875, 0.15625, 0.09375, 0.125, 0.125, 0.09375, 0.125, 0.75, 0.8125, 0.6875, 0.09375, 0.0625, 0.40625, 0.0, 0.125, 0.4375]
[TRAIN]: (539/1600): reward: 37.22382666543126, rates: 39.22382658790006, loss: 1.8499059796333313, rho: 0.4000000000000001, transmit_actions: 19, P: [0.15625, 0.125, 0.0625, 0.0625, 0.09375, 0.0625, 0.125, 0.125, 0.125, 0.09375, 0.1875, 0.09375, 0.09375, 0.0, 0.09375, 0.09375, 0.0625, 0.09375, 0.25, 0.125]
[TRAIN]: (540/1600): reward: 33.65213906019926, rates: 38.6521391907591, loss: 1.7917737305164336, rho: 0.4000000000000001, transmit_actions: 18, P: [0.15625, 0.5, 0.125, 0.0625, 0.6875, 0.375, 0.125, 0.53125, 0.0625, 0.09375, 0.125, 0.125, 0.09375, 0.96875, 0.0625, 0.09375, 0.125, 0.15625, 0.09375, 0.46875]
[TRAIN]: (541/1600): reward: 28.12976233754307, rates: 33.12976273897117, loss: 2.0848982274532317, rho: 0.4000000000000001, transmit_actions: 17, P: [0.625, 0.0625, 0.28125, 0.6875, 0.125, 0.125, 0.125, 0.125, 0.84375, 0.125, 0.0625, 0.0625, 0.09375, 0.0625, 0.125, 0.0625, 0.46875, 0.09375, 0.125, 0.1875]
[TRAIN]: (542/1600): reward: 33.72470023855567, rates: 40.724700872054584, loss: 1.814021247625351, rho: 0.4000000000000001, transmit_actions: 15, P: [0.34375, 0.84375, 0.125, 0.15625, 0.5, 0.125, 0.625, 0.09375, 0.53125, 0.0, 0.125, 0.09375, 0.96875, 0.125, 0.125, 0.09375, 0.15625, 0.0625, 0.15625, 0.09375]
[TRAIN]: (543/1600): reward: 21.699882369488478, rates: 27.69988217497563, loss: 1.9793338894844055, rho: 0.4000000000000001, transmit_actions: 17, P: [0.15625, 0.4375, 0.125, 0.125, 0.65625, 0.0625, 0.0625, 0.125, 0.46875, 0.21875, 0.125, 0.125, 0.09375, 0.375, 0.9375, 0.09375, 0.0625, 0.71875, 0.125, 0.53125]
[TRAIN]: (544/1600): reward: 27.62198555469513, rates: 31.62198553778291, loss: 1.9567529916763307, rho: 0.4000000000000001, transmit_actions: 17, P: [0.15625, 0.09375, 0.125, 0.125, 0.125, 0.125, 0.125, 0.78125, 0.0625, 0.125, 0.125, 0.40625, 0.125, 0.0625, 0.09375, 0.0625, 0.0625, 0.15625, 0.1875, 0.375]
[TRAIN]: (545/1600): reward: 25.824477713555098, rates: 31.82447785245762, loss: 1.9550902426242829, rho: 0.4000000000000001, transmit_actions: 17, P: [0.125, 0.09375, 0.15625, 0.125, 0.125, 0.0625, 0.125, 0.0625, 0.09375, 0.5625, 0.125, 0.5625, 0.0625, 0.0625, 0.09375, 0.0625, 0.0625, 0.71875, 0.09375, 0.125]
[TRAIN]: (546/1600): reward: 40.05549408495426, rates: 45.055495100419414, loss: 1.7537445902824402, rho: 0.4000000000000001, transmit_actions: 18, P: [0.125, 0.09375, 0.125, 0.6875, 0.0625, 0.125, 0.125, 0.75, 0.65625, 0.125, 0.0625, 0.125, 0.15625, 0.0625, 0.125, 0.0625, 0.125, 0.3125, 0.125, 0.125]
[TRAIN]: (547/1600): reward: 33.09504860267043, rates: 37.09504855526371, loss: 1.979891687631607, rho: 0.4000000000000001, transmit_actions: 17, P: [0.125, 0.125, 0.0, 0.125, 0.40625, 0.125, 0.53125, 0.125, 0.15625, 0.125, 0.125, 0.09375, 0.125, 0.6875, 0.09375, 0.25, 0.09375, 0.125, 0.09375, 0.09375]
[TRAIN]: (548/1600): reward: 29.354719016700983, rates: 35.354718410907545, loss: 1.8612217009067535, rho: 0.4000000000000001, transmit_actions: 17, P: [0.125, 0.15625, 0.46875, 0.125, 0.15625, 0.0625, 0.125, 0.1875, 0.40625, 0.125, 0.125, 0.15625, 0.125, 0.125, 0.0625, 0.0625, 0.125, 0.125, 0.09375, 0.125]
[TRAIN]: (549/1600): reward: 26.42874089628458, rates: 30.428740681243582, loss: 2.0154754340648653, rho: 0.4000000000000001, transmit_actions: 17, P: [0.125, 0.125, 0.0625, 0.15625, 0.125, 0.875, 0.09375, 0.0625, 0.6875, 0.0625, 0.5, 0.875, 0.125, 0.09375, 0.0625, 0.0625, 0.9375, 0.0625, 0.125, 0.09375]
[TRAIN]: (550/1600): reward: 46.39362467266619, rates: 48.39362462748193, loss: 1.8954081535339355, rho: 0.4000000000000001, transmit_actions: 20, P: [0.125, 0.125, 0.125, 0.125, 0.09375, 0.46875, 0.125, 0.125, 0.0625, 0.0625, 0.125, 0.0625, 0.09375, 0.125, 0.125, 0.0625, 0.125, 0.09375, 0.0625, 0.09375]
[TRAIN]: (551/1600): reward: 38.460180044174194, rates: 43.4601801432261, loss: 1.9037260174751283, rho: 0.4000000000000001, transmit_actions: 20, P: [0.125, 0.6875, 0.0625, 0.84375, 0.125, 0.125, 0.09375, 0.125, 0.125, 0.125, 1.0, 0.09375, 0.09375, 0.09375, 0.0625, 0.375, 0.09375, 0.125, 0.0625, 0.125]
[TRAIN]: (552/1600): reward: 36.61180076189339, rates: 39.61180078971421, loss: 1.879628849029541, rho: 0.4000000000000001, transmit_actions: 20, P: [0.125, 0.125, 0.09375, 0.125, 0.09375, 0.0625, 0.125, 0.125, 0.34375, 0.0625, 0.0625, 0.09375, 0.09375, 0.0625, 0.0625, 0.09375, 0.09375, 0.1875, 0.0625, 0.0625]
[TRAIN]: (553/1600): reward: 38.50260879844427, rates: 43.50260920284863, loss: 1.707133635878563, rho: 0.4000000000000001, transmit_actions: 18, P: [0.125, 0.125, 0.0625, 0.125, 0.125, 0.125, 0.125, 0.125, 0.0625, 0.125, 0.125, 0.0625, 0.09375, 0.125, 0.125, 0.34375, 0.0625, 0.125, 0.125, 0.09375]
[TRAIN]: (554/1600): reward: 32.66159304510802, rates: 35.66159267572828, loss: 2.0478945851325987, rho: 0.4000000000000001, transmit_actions: 18, P: [0.125, 0.0625, 0.125, 0.0625, 0.125, 0.0625, 0.0625, 0.125, 0.125, 0.09375, 0.125, 0.0625, 0.53125, 0.125, 0.09375, 0.09375, 0.125, 0.0625, 0.09375, 0.09375]
[TRAIN]: (555/1600): reward: 30.893693268299103, rates: 38.89369388398095, loss: 1.8386472761631012, rho: 0.4000000000000001, transmit_actions: 15, P: [0.125, 0.8125, 0.125, 0.125, 0.125, 0.0, 0.21875, 0.125, 0.125, 0.3125, 0.125, 0.75, 0.09375, 0.65625, 0.09375, 0.09375, 0.09375, 0.125, 0.125, 0.125]
[TRAIN]: (556/1600): reward: 32.96603564918041, rates: 37.96603503346902, loss: 1.8778668642044067, rho: 0.4000000000000001, transmit_actions: 16, P: [0.125, 0.09375, 0.0625, 0.3125, 0.125, 0.125, 0.125, 0.125, 0.125, 0.21875, 0.125, 0.09375, 0.09375, 0.4375, 0.125, 0.34375, 0.46875, 0.0625, 0.0625, 0.125]
[TRAIN]: (557/1600): reward: 33.69332413375378, rates: 38.69332392456407, loss: 1.935634496808052, rho: 0.4000000000000001, transmit_actions: 16, P: [0.125, 0.125, 0.125, 0.15625, 0.125, 0.15625, 0.125, 0.6875, 0.09375, 0.875, 0.125, 0.3125, 0.09375, 0.09375, 0.09375, 0.09375, 0.125, 0.96875, 0.09375, 0.09375]
[TRAIN]: (558/1600): reward: 34.22268744558096, rates: 39.22268714618332, loss: 1.959419858455658, rho: 0.4000000000000001, transmit_actions: 15, P: [0.125, 0.03125, 0.125, 0.125, 0.125, 0.0625, 0.125, 0.875, 0.125, 0.125, 0.9375, 0.15625, 0.125, 0.75, 0.0625, 0.125, 0.15625, 0.125, 0.125, 0.65625]
[TRAIN]: (559/1600): reward: 25.039734177291393, rates: 31.039733857195706, loss: 1.946048977971077, rho: 0.4000000000000001, transmit_actions: 17, P: [0.25, 0.15625, 0.125, 0.125, 0.125, 0.0, 0.125, 0.125, 0.125, 0.125, 1.0, 0.09375, 0.125, 0.34375, 0.09375, 0.125, 0.125, 0.125, 0.5, 0.71875]
[TRAIN]: (560/1600): reward: 26.378018841147423, rates: 33.378018480295715, loss: 1.9048355162143706, rho: 0.4000000000000001, transmit_actions: 19, P: [0.125, 0.125, 0.15625, 0.125, 0.0625, 0.125, 0.125, 0.125, 0.125, 0.125, 0.46875, 0.09375, 0.125, 0.3125, 0.0625, 0.125, 0.125, 0.125, 0.125, 0.4375]
[TRAIN]: (561/1600): reward: 44.21187622100115, rates: 47.21187599368453, loss: 1.892584925889969, rho: 0.4000000000000001, transmit_actions: 19, P: [0.125, 0.125, 0.125, 0.125, 0.09375, 0.125, 0.125, 0.125, 0.125, 0.40625, 0.125, 0.125, 0.0625, 0.125, 0.09375, 0.0625, 0.125, 0.09375, 0.125, 0.09375]
[TRAIN]: (562/1600): reward: 34.68592296913266, rates: 38.68592299901488, loss: 1.8452591836452483, rho: 0.4000000000000001, transmit_actions: 19, P: [0.125, 0.125, 0.125, 0.125, 0.125, 0.125, 0.125, 0.125, 0.125, 0.125, 0.0625, 0.09375, 0.125, 0.125, 0.09375, 0.5625, 0.0625, 0.125, 0.09375, 0.09375]
[TRAIN]: (563/1600): reward: 40.20494711026549, rates: 43.204947035751275, loss: 2.1083915174007415, rho: 0.4000000000000001, transmit_actions: 20, P: [0.21875, 0.125, 0.125, 0.125, 0.09375, 0.125, 0.0625, 0.125, 0.96875, 0.125, 0.125, 0.0625, 0.0625, 0.125, 0.125, 0.125, 0.09375, 0.125, 0.125, 0.125]
[TRAIN]: (564/1600): reward: 31.716688133776188, rates: 36.716688098250366, loss: 1.811629331111908, rho: 0.4000000000000001, transmit_actions: 18, P: [0.125, 0.21875, 1.0, 0.125, 0.125, 0.125, 0.09375, 0.0625, 0.78125, 0.125, 0.125, 0.125, 0.5625, 0.125, 0.21875, 0.09375, 0.0625, 0.125, 0.125, 0.125]
[TRAIN]: (565/1600): reward: 36.56100858747959, rates: 39.56100772664357, loss: 2.001525914669037, rho: 0.4000000000000001, transmit_actions: 19, P: [0.125, 0.125, 0.125, 0.15625, 0.0625, 0.3125, 0.125, 0.125, 0.125, 0.125, 0.125, 0.125, 0.09375, 0.125, 0.09375, 0.125, 0.09375, 0.0625, 0.09375, 0.6875]
[TRAIN]: (566/1600): reward: 44.491538129746914, rates: 47.49153813119745, loss: 1.9533815026283263, rho: 0.4000000000000001, transmit_actions: 18, P: [0.125, 0.09375, 0.125, 0.125, 0.0625, 0.5, 0.125, 0.125, 0.125, 0.125, 0.125, 0.09375, 0.125, 0.125, 0.0625, 0.125, 0.09375, 0.125, 0.125, 0.125]
[TRAIN]: (567/1600): reward: 40.77861397713423, rates: 43.778614651056806, loss: 1.7916443824768067, rho: 0.4000000000000001, transmit_actions: 19, P: [0.125, 0.125, 0.125, 0.0625, 0.125, 0.09375, 0.125, 0.125, 0.125, 0.125, 0.125, 0.125, 0.125, 0.09375, 0.125, 0.6875, 0.125, 0.125, 0.0625, 0.09375]
[TRAIN]: (568/1600): reward: 37.06219230219722, rates: 39.06219287854659, loss: 1.7424938321113586, rho: 0.4000000000000001, transmit_actions: 19, P: [0.125, 0.09375, 0.125, 0.125, 0.125, 0.125, 0.125, 0.125, 0.125, 0.90625, 0.125, 0.125, 0.125, 0.09375, 0.0625, 0.625, 0.0625, 0.125, 0.0625, 0.125]
[TRAIN]: (569/1600): reward: 44.320939894765615, rates: 45.32094004275191, loss: 1.56915180683136, rho: 0.4000000000000001, transmit_actions: 18, P: [0.6875, 0.125, 0.125, 0.0625, 0.28125, 0.125, 0.125, 0.125, 0.125, 0.125, 0.125, 0.09375, 0.09375, 0.09375, 0.0625, 0.09375, 0.125, 0.125, 0.09375, 0.125]
[TRAIN]: (570/1600): reward: 42.69019476696849, rates: 46.69019511212886, loss: 1.6711211889982223, rho: 0.4000000000000001, transmit_actions: 20, P: [0.125, 0.53125, 0.125, 0.125, 0.125, 0.125, 0.125, 0.125, 0.125, 0.125, 0.125, 0.09375, 0.125, 0.125, 0.125, 0.0625, 0.125, 0.125, 0.0625, 0.125]
[TRAIN]: (571/1600): reward: 35.17307716421783, rates: 39.17307687969718, loss: 1.7239197075366974, rho: 0.4000000000000001, transmit_actions: 18, P: [0.78125, 0.40625, 0.125, 0.46875, 0.125, 0.125, 0.34375, 0.125, 0.125, 1.0, 1.0, 0.09375, 0.125, 0.125, 0.125, 0.125, 0.125, 0.125, 0.125, 0.0]
[TRAIN]: (572/1600): reward: 32.52541819214821, rates: 38.525418233021824, loss: 1.6696493208408356, rho: 0.4000000000000001, transmit_actions: 16, P: [0.125, 0.0625, 0.125, 0.125, 0.125, 0.6875, 0.125, 0.78125, 0.21875, 0.125, 0.125, 0.09375, 0.09375, 0.125, 0.125, 0.0625, 0.125, 0.09375, 0.625, 0.09375]
[TRAIN]: (573/1600): reward: 45.34866637736559, rates: 46.3486662626216, loss: 1.748456871509552, rho: 0.4000000000000001, transmit_actions: 20, P: [0.125, 0.125, 0.125, 0.09375, 0.125, 0.125, 0.125, 0.125, 0.125, 0.125, 0.09375, 0.125, 0.125, 0.125, 0.125, 0.125, 0.0625, 0.125, 0.0625, 0.125]
[TRAIN]: (574/1600): reward: 42.43134508281946, rates: 46.43134476523269, loss: 2.0429014205932616, rho: 0.4000000000000001, transmit_actions: 18, P: [0.125, 0.125, 0.125, 0.09375, 0.125, 0.8125, 0.125, 0.46875, 0.125, 0.125, 0.125, 0.125, 0.125, 0.09375, 0.125, 0.125, 0.125, 0.125, 0.125, 0.3125]
[TRAIN]: (575/1600): reward: 22.716682069003582, rates: 27.716682220038077, loss: 1.9804541766643524, rho: 0.4000000000000001, transmit_actions: 18, P: [0.125, 0.125, 0.125, 0.125, 0.125, 0.125, 0.125, 0.125, 0.0625, 0.09375, 0.625, 0.125, 0.0625, 0.53125, 0.6875, 0.0625, 0.09375, 0.4375, 0.0625, 0.125]
[TRAIN]: (576/1600): reward: 44.01330952718854, rates: 47.01330934153009, loss: 1.9480010449886322, rho: 0.4000000000000001, transmit_actions: 20, P: [0.125, 0.125, 0.125, 0.125, 0.125, 0.125, 0.125, 0.125, 0.09375, 0.0625, 0.125, 0.125, 0.125, 0.125, 0.09375, 0.125, 0.125, 0.125, 0.125, 0.125]
[TRAIN]: (577/1600): reward: 44.77179627120495, rates: 47.77179628813498, loss: 1.8217054843902587, rho: 0.4000000000000001, transmit_actions: 20, P: [0.125, 0.125, 0.125, 0.125, 0.125, 0.0625, 0.125, 0.125, 0.125, 0.84375, 0.125, 0.0625, 0.125, 0.125, 0.09375, 0.125, 0.125, 0.125, 0.09375, 0.125]
[TRAIN]: (578/1600): reward: 42.04062931612134, rates: 46.04062937468803, loss: 1.9988092064857483, rho: 0.4000000000000001, transmit_actions: 19, P: [0.125, 0.78125, 0.125, 0.125, 0.125, 0.125, 0.59375, 0.125, 0.125, 0.125, 0.125, 0.15625, 0.09375, 0.125, 0.0625, 0.125, 0.09375, 0.09375, 0.125, 0.125]
[TRAIN]: (579/1600): reward: 31.288641154766083, rates: 36.28864063836937, loss: 1.8594780325889588, rho: 0.4000000000000001, transmit_actions: 18, P: [0.125, 0.6875, 0.125, 0.125, 0.125, 0.125, 0.125, 0.125, 0.125, 0.28125, 0.125, 0.125, 0.125, 0.09375, 0.90625, 0.09375, 0.125, 0.25, 0.0625, 0.0625]
[TRAIN]: (580/1600): reward: 27.062747456133366, rates: 30.06274700344192, loss: 1.8327440083026887, rho: 0.4000000000000001, transmit_actions: 18, P: [0.125, 0.125, 0.40625, 0.125, 0.09375, 0.0625, 0.09375, 0.125, 0.125, 0.0625, 0.0625, 0.09375, 0.0625, 0.0625, 0.125, 0.09375, 1.0, 0.125, 0.125, 0.09375]
[TRAIN]: (581/1600): reward: 33.953579280525446, rates: 38.95357892481823, loss: 1.7974035739898682, rho: 0.4000000000000001, transmit_actions: 19, P: [0.125, 0.125, 0.125, 0.125, 0.09375, 0.125, 0.125, 0.125, 0.125, 0.125, 0.125, 0.125, 0.125, 0.125, 0.09375, 0.1875, 0.09375, 0.09375, 0.4375, 0.5625]
[TRAIN]: (582/1600): reward: 33.059359300881624, rates: 38.0593588318427, loss: 1.9435245454311372, rho: 0.4000000000000001, transmit_actions: 19, P: [0.125, 0.125, 0.125, 0.5625, 0.0625, 0.125, 0.125, 0.125, 0.09375, 0.09375, 0.125, 0.0625, 0.125, 0.0625, 0.4375, 0.125, 0.09375, 0.125, 0.125, 0.125]
[TRAIN]: (583/1600): reward: 30.70093386620283, rates: 34.700934046704475, loss: 1.9888380229473115, rho: 0.4000000000000001, transmit_actions: 20, P: [0.125, 0.34375, 0.0625, 0.03125, 0.125, 0.125, 0.125, 0.125, 0.125, 0.125, 0.0625, 0.84375, 0.125, 0.125, 0.09375, 0.0625, 0.09375, 0.09375, 0.09375, 0.3125]
[TRAIN]: (584/1600): reward: 48.0364254321903, rates: 50.03642610023503, loss: 1.9008948713541032, rho: 0.4000000000000001, transmit_actions: 20, P: [0.125, 0.125, 0.125, 0.09375, 0.9375, 0.125, 0.125, 0.125, 0.125, 0.125, 0.125, 0.09375, 0.09375, 0.0625, 0.09375, 0.125, 0.125, 0.125, 0.09375, 0.125]
[TRAIN]: (585/1600): reward: 40.54737185686827, rates: 42.54737255429749, loss: 1.8561891853809356, rho: 0.4000000000000001, transmit_actions: 19, P: [0.125, 0.125, 0.09375, 0.15625, 0.125, 0.0625, 0.125, 0.09375, 0.09375, 0.125, 0.125, 0.0625, 0.15625, 0.125, 0.125, 0.0625, 0.0625, 0.09375, 0.09375, 0.0625]
[TRAIN]: (586/1600): reward: 46.303362630307674, rates: 47.30336180096589, loss: 2.1326913595199586, rho: 0.4000000000000001, transmit_actions: 20, P: [0.125, 0.125, 0.125, 0.125, 0.125, 0.125, 0.0625, 0.15625, 0.125, 0.125, 0.125, 0.09375, 0.125, 0.0625, 0.09375, 0.125, 0.125, 0.125, 0.09375, 0.0625]
[TRAIN]: (587/1600): reward: 41.538221046328545, rates: 44.53822114458818, loss: 1.9405414879322052, rho: 0.4000000000000001, transmit_actions: 19, P: [0.125, 0.0625, 0.125, 0.125, 0.125, 0.125, 0.125, 0.125, 0.59375, 0.125, 0.125, 0.125, 0.09375, 0.125, 0.125, 0.09375, 0.09375, 0.125, 0.09375, 0.1875]
[TRAIN]: (588/1600): reward: 36.12538783252239, rates: 38.125388681456336, loss: 1.6719286859035491, rho: 0.4000000000000001, transmit_actions: 18, P: [0.125, 0.0625, 0.125, 0.125, 0.0625, 0.125, 0.0625, 0.0625, 0.125, 0.09375, 0.125, 0.0625, 0.125, 0.09375, 0.96875, 0.40625, 0.125, 0.09375, 0.09375, 0.125]
[TRAIN]: (589/1600): reward: 41.10248985886574, rates: 43.1024898710837, loss: 1.9574196338653564, rho: 0.4000000000000001, transmit_actions: 19, P: [0.125, 0.125, 0.125, 0.125, 0.0625, 0.0625, 0.125, 0.125, 0.125, 0.125, 0.125, 0.0625, 0.09375, 0.21875, 0.09375, 0.125, 0.09375, 0.125, 0.09375, 0.125]
[TRAIN]: (590/1600): reward: 38.90654260292649, rates: 42.9065416985035, loss: 1.8459258258342743, rho: 0.4000000000000001, transmit_actions: 19, P: [0.125, 0.125, 0.09375, 0.125, 0.09375, 0.6875, 0.34375, 0.0625, 0.125, 0.125, 0.125, 0.125, 0.09375, 0.09375, 0.125, 0.125, 0.09375, 0.90625, 0.0625, 0.125]
[TRAIN]: (591/1600): reward: 46.63555662892759, rates: 47.63555629477067, loss: 1.9029840230941772, rho: 0.4000000000000001, transmit_actions: 20, P: [0.125, 0.09375, 0.125, 0.125, 0.0625, 0.09375, 0.0625, 0.09375, 0.125, 0.125, 0.125, 0.125, 0.09375, 0.09375, 0.09375, 0.125, 0.125, 0.125, 0.46875, 0.125]
[TRAIN]: (592/1600): reward: 44.84206535667181, rates: 46.84206578665998, loss: 1.7357376158237456, rho: 0.4000000000000001, transmit_actions: 20, P: [0.125, 0.125, 0.125, 0.34375, 0.125, 0.125, 0.125, 0.125, 0.125, 0.125, 0.125, 0.09375, 0.125, 0.125, 0.125, 0.125, 0.125, 0.09375, 0.125, 0.125]
[TRAIN]: (593/1600): reward: 49.788407277315855, rates: 51.7884077767547, loss: 1.978631964325905, rho: 0.4000000000000001, transmit_actions: 19, P: [0.125, 0.125, 0.125, 0.125, 0.125, 0.125, 0.125, 0.6875, 0.125, 0.125, 0.125, 0.125, 0.09375, 0.125, 0.125, 0.125, 0.125, 0.125, 0.125, 0.125]
[TRAIN]: (594/1600): reward: 45.32700654119253, rates: 47.327006630875815, loss: 2.0342272996902464, rho: 0.4000000000000001, transmit_actions: 20, P: [0.125, 0.125, 0.125, 0.125, 0.125, 0.125, 0.125, 0.125, 0.125, 0.125, 0.125, 0.125, 0.09375, 0.125, 0.09375, 0.09375, 0.125, 0.125, 0.125, 0.125]
[TRAIN]: (595/1600): reward: 45.596736408770084, rates: 47.59673597793475, loss: 1.9482067346572876, rho: 0.4000000000000001, transmit_actions: 20, P: [0.125, 0.09375, 0.125, 0.125, 0.125, 0.125, 0.125, 0.5625, 0.125, 0.34375, 0.125, 0.09375, 0.125, 0.09375, 0.09375, 0.0625, 0.125, 0.125, 0.125, 0.125]
[TRAIN]: (596/1600): reward: 35.514297533780336, rates: 39.514297584098934, loss: 1.8587641894817353, rho: 0.4000000000000001, transmit_actions: 18, P: [0.125, 0.09375, 0.125, 0.125, 0.125, 0.125, 0.0625, 0.125, 0.09375, 0.125, 0.125, 0.125, 0.09375, 0.125, 0.125, 0.5, 0.125, 0.125, 0.125, 0.46875]
[TRAIN]: (597/1600): reward: 39.44437654316425, rates: 41.44437754569265, loss: 1.8714043617248535, rho: 0.4000000000000001, transmit_actions: 19, P: [0.125, 0.125, 0.125, 0.125, 0.125, 0.125, 0.125, 0.125, 0.15625, 0.125, 0.125, 0.125, 0.125, 0.5, 0.125, 1.0, 0.09375, 0.125, 0.125, 0.125]
[TRAIN]: (598/1600): reward: 40.21779177710414, rates: 42.21779134767901, loss: 2.038056117296219, rho: 0.4000000000000001, transmit_actions: 20, P: [0.125, 0.125, 0.125, 0.125, 0.125, 0.0625, 0.125, 0.125, 0.125, 0.125, 0.125, 0.125, 0.125, 0.125, 0.125, 0.125, 0.84375, 0.125, 0.125, 0.125]
[TRAIN]: (599/1600): reward: 34.02396119758487, rates: 38.023961393003646, loss: 1.9014200568199158, rho: 0.4000000000000001, transmit_actions: 19, P: [0.125, 0.125, 0.125, 0.125, 0.625, 0.125, 0.09375, 0.125, 0.125, 0.125, 0.125, 0.0625, 0.09375, 0.125, 0.46875, 0.09375, 0.125, 0.125, 0.125, 0.125]
[TRAIN]: (600/1600): reward: 46.806727074086666, rates: 47.806726594548294, loss: 1.9757749319076539, rho: 0.4000000000000001, transmit_actions: 20, P: [0.125, 0.125, 0.125, 0.125, 0.15625, 0.09375, 0.125, 0.125, 0.125, 0.125, 0.125, 0.09375, 0.125, 0.09375, 0.125, 0.0625, 0.125, 0.125, 0.125, 0.125]
[TRAIN]: (601/1600): reward: 48.53192041814327, rates: 49.53192036709756, loss: 1.8933432817459106, rho: 0.4000000000000001, transmit_actions: 19, P: [0.125, 0.125, 0.125, 0.125, 0.125, 0.125, 0.125, 0.125, 1.0, 0.125, 0.125, 0.125, 0.0625, 0.125, 0.125, 0.125, 0.09375, 0.0625, 0.125, 0.125]
[TRAIN]: (602/1600): reward: 37.85914745274931, rates: 41.85914673933827, loss: 1.7739326536655426, rho: 0.4000000000000001, transmit_actions: 20, P: [0.125, 0.0625, 0.15625, 0.125, 0.15625, 0.125, 0.125, 0.0625, 0.125, 0.125, 0.125, 0.125, 0.0625, 0.0625, 0.96875, 0.0625, 0.125, 0.0625, 0.125, 0.125]
[TRAIN]: (603/1600): reward: 41.85986606776714, rates: 45.85986633681282, loss: 1.9372612535953522, rho: 0.4000000000000001, transmit_actions: 20, P: [0.125, 0.15625, 0.15625, 0.125, 0.125, 0.125, 0.125, 0.125, 0.125, 0.125, 1.0, 0.125, 0.125, 0.125, 0.09375, 0.125, 0.125, 0.125, 0.125, 0.15625]
[TRAIN]: (604/1600): reward: 44.215696811676025, rates: 47.2156966028304, loss: 1.7600482523441314, rho: 0.4000000000000001, transmit_actions: 19, P: [0.125, 0.125, 0.15625, 0.125, 0.0625, 0.15625, 0.15625, 0.125, 0.125, 0.125, 0.0625, 0.125, 0.09375, 0.125, 0.09375, 0.125, 0.125, 0.125, 0.0625, 0.125]
[TRAIN]: (605/1600): reward: 38.61345478519797, rates: 42.61345509278139, loss: 1.8842694520950318, rho: 0.4000000000000001, transmit_actions: 19, P: [0.125, 0.125, 0.125, 0.125, 0.125, 0.125, 0.125, 0.125, 0.125, 0.9375, 0.125, 0.78125, 0.125, 0.125, 0.125, 0.09375, 0.125, 0.125, 0.125, 0.09375]
[TRAIN]: (606/1600): reward: 50.01086214184761, rates: 51.01086174804456, loss: 1.8841932594776154, rho: 0.4000000000000001, transmit_actions: 20, P: [0.125, 0.125, 0.125, 0.125, 0.125, 0.34375, 0.125, 0.125, 0.125, 0.125, 0.125, 0.09375, 0.125, 0.125, 0.125, 0.125, 0.125, 0.125, 0.125, 0.0625]
[TRAIN]: (607/1600): reward: 43.61890786141157, rates: 47.618907423652935, loss: 1.8207265973091125, rho: 0.4000000000000001, transmit_actions: 19, P: [0.125, 0.125, 0.15625, 0.125, 0.0625, 0.125, 0.1875, 0.125, 0.125, 0.125, 0.125, 0.15625, 0.0625, 0.125, 0.09375, 0.125, 0.15625, 0.125, 0.125, 0.125]
[TRAIN]: (608/1600): reward: 41.62284655123949, rates: 43.62284622559227, loss: 1.9288707852363587, rho: 0.4000000000000001, transmit_actions: 20, P: [0.125, 0.15625, 0.0625, 0.125, 0.125, 0.15625, 0.15625, 0.125, 0.125, 0.125, 0.125, 0.09375, 0.125, 0.0625, 0.09375, 0.125, 0.125, 0.125, 0.0625, 0.0625]
[TRAIN]: (609/1600): reward: 49.31099279969931, rates: 50.31099371653899, loss: 1.894941771030426, rho: 0.4000000000000001, transmit_actions: 20, P: [0.125, 0.125, 0.0625, 0.34375, 0.125, 0.125, 0.15625, 0.125, 0.125, 0.15625, 0.0625, 0.0625, 0.125, 0.125, 0.15625, 0.125, 0.15625, 0.09375, 0.0625, 0.125]
[TRAIN]: (610/1600): reward: 47.51296745240688, rates: 49.51296752501034, loss: 1.8174991130828857, rho: 0.4000000000000001, transmit_actions: 20, P: [0.15625, 0.15625, 0.125, 0.125, 0.125, 0.0625, 0.0625, 0.15625, 0.125, 0.125, 0.125, 0.125, 0.125, 0.125, 0.09375, 0.09375, 0.125, 0.09375, 0.125, 0.125]
[TRAIN]: (611/1600): reward: 49.34681365638971, rates: 50.3468137875452, loss: 1.7976837456226349, rho: 0.4000000000000001, transmit_actions: 20, P: [0.15625, 0.03125, 0.34375, 0.125, 0.125, 0.15625, 0.34375, 0.15625, 0.0625, 0.15625, 0.15625, 0.125, 0.0625, 0.125, 0.09375, 0.125, 0.125, 0.125, 0.125, 0.0625]
[TRAIN]: (612/1600): reward: 45.5549985691905, rates: 46.554999278642654, loss: 1.8435178816318512, rho: 0.4000000000000001, transmit_actions: 20, P: [0.15625, 0.15625, 0.125, 0.125, 0.125, 0.15625, 0.125, 0.125, 0.125, 0.09375, 0.0625, 0.125, 0.09375, 0.15625, 0.125, 0.125, 0.125, 0.125, 0.125, 0.09375]
[TRAIN]: (613/1600): reward: 42.93686548061669, rates: 44.936864947301466, loss: 1.9124849706888198, rho: 0.4000000000000001, transmit_actions: 20, P: [0.125, 0.09375, 0.125, 0.125, 0.125, 0.15625, 0.0625, 0.34375, 0.125, 0.125, 0.125, 0.125, 0.0625, 0.0625, 0.125, 0.125, 0.125, 0.09375, 0.0625, 0.125]
[TRAIN]: (614/1600): reward: 47.77944415807724, rates: 50.779444018009066, loss: 1.658239609003067, rho: 0.4000000000000001, transmit_actions: 20, P: [0.125, 0.125, 0.34375, 0.34375, 0.09375, 0.09375, 0.15625, 0.15625, 0.125, 0.15625, 0.125, 0.125, 0.09375, 0.125, 0.125, 0.125, 0.125, 0.125, 0.125, 0.125]
[TRAIN]: (615/1600): reward: 44.760188698768616, rates: 44.76018790355903, loss: 1.6665901362895965, rho: 0.4000000000000001, transmit_actions: 19, P: [0.65625, 0.0625, 0.125, 0.15625, 0.125, 0.125, 0.125, 0.125, 0.125, 0.09375, 0.15625, 0.0625, 0.125, 0.125, 0.125, 0.125, 0.0625, 0.125, 0.125, 0.09375]
[TRAIN]: (616/1600): reward: 37.207943096756935, rates: 39.207942845893314, loss: 1.8640446484088897, rho: 0.4000000000000001, transmit_actions: 18, P: [0.125, 0.15625, 0.125, 0.125, 0.125, 0.125, 0.125, 0.125, 0.0625, 0.125, 0.125, 0.125, 0.125, 0.90625, 0.125, 0.09375, 0.8125, 0.09375, 0.125, 0.0625]
[TRAIN]: (617/1600): reward: 39.952004820108414, rates: 42.95200480936646, loss: 1.7424045503139496, rho: 0.4000000000000001, transmit_actions: 20, P: [0.125, 0.125, 0.125, 0.34375, 0.09375, 0.625, 0.125, 0.125, 0.125, 0.125, 0.125, 0.125, 0.0625, 0.0625, 0.09375, 0.125, 0.125, 0.125, 0.625, 0.125]
[TRAIN]: (618/1600): reward: 49.186377346515656, rates: 50.186377088452375, loss: 1.7216857075691223, rho: 0.4000000000000001, transmit_actions: 20, P: [0.125, 0.0625, 0.125, 0.21875, 0.125, 0.125, 0.125, 0.125, 0.125, 0.125, 0.125, 0.09375, 0.125, 0.125, 0.125, 0.125, 0.125, 0.125, 0.0625, 0.125]
[TRAIN]: (619/1600): reward: 37.93856504932046, rates: 39.93856511456301, loss: 1.8540652394294739, rho: 0.4000000000000001, transmit_actions: 19, P: [0.125, 0.15625, 0.0625, 0.0625, 0.125, 0.125, 0.125, 0.125, 0.15625, 0.0625, 0.125, 0.125, 0.125, 0.125, 0.125, 0.125, 0.34375, 0.125, 0.0625, 0.125]
[TRAIN]: (620/1600): reward: 46.11486279964447, rates: 47.11486280324394, loss: 1.7304660737514497, rho: 0.4000000000000001, transmit_actions: 20, P: [0.125, 0.125, 0.125, 0.125, 0.125, 0.125, 0.125, 0.125, 0.125, 0.125, 0.0625, 0.09375, 0.09375, 0.125, 0.125, 0.125, 0.125, 0.0625, 0.125, 0.125]
[TRAIN]: (621/1600): reward: 50.30081132426858, rates: 52.30081069006116, loss: 1.9702022433280946, rho: 0.4000000000000001, transmit_actions: 20, P: [0.125, 0.09375, 0.03125, 0.125, 0.125, 0.125, 0.125, 0.125, 0.125, 0.125, 0.125, 0.125, 0.125, 0.125, 0.125, 0.125, 0.125, 0.125, 0.125, 0.09375]
[TRAIN]: (622/1600): reward: 48.5701891630888, rates: 50.57018915392183, loss: 1.8077869355678557, rho: 0.4000000000000001, transmit_actions: 20, P: [0.125, 0.125, 0.09375, 0.125, 0.125, 0.125, 0.125, 0.125, 0.125, 0.125, 0.125, 0.125, 0.0625, 0.125, 0.125, 0.125, 0.125, 0.125, 0.125, 0.125]
[TRAIN]: (623/1600): reward: 42.107551008462906, rates: 44.10755145233948, loss: 1.6739815533161164, rho: 0.4000000000000001, transmit_actions: 20, P: [0.125, 0.125, 0.125, 0.125, 0.125, 0.125, 0.125, 0.125, 0.0625, 0.125, 0.125, 0.125, 0.125, 0.125, 0.0625, 0.125, 0.125, 0.09375, 0.71875, 0.125]
[TRAIN]: (624/1600): reward: 44.541147235780954, rates: 47.54114715770592, loss: 1.7749187171459198, rho: 0.4000000000000001, transmit_actions: 19, P: [0.125, 0.125, 0.125, 0.15625, 0.125, 0.125, 0.125, 0.125, 0.125, 0.125, 0.125, 0.125, 0.125, 0.125, 0.125, 0.125, 0.09375, 0.125, 0.125, 0.125]
[TRAIN]: (625/1600): reward: 45.8679957985878, rates: 47.86799564331453, loss: 1.853540802001953, rho: 0.4000000000000001, transmit_actions: 19, P: [0.125, 0.125, 0.125, 0.125, 0.125, 0.125, 0.125, 0.15625, 0.125, 0.125, 0.125, 0.125, 0.125, 0.125, 0.09375, 0.125, 0.125, 0.125, 0.125, 0.125]
[TRAIN]: (626/1600): reward: 38.68419920094311, rates: 44.68419891767338, loss: 1.7336744785308837, rho: 0.4000000000000001, transmit_actions: 20, P: [0.125, 0.15625, 0.125, 0.125, 0.125, 0.125, 0.125, 0.96875, 0.125, 0.125, 0.125, 0.09375, 0.125, 0.0625, 0.125, 0.125, 0.125, 0.125, 0.125, 0.0625]
[TRAIN]: (627/1600): reward: 38.6980731934309, rates: 41.698072802769055, loss: 1.8714558780193329, rho: 0.4000000000000001, transmit_actions: 20, P: [0.125, 0.125, 0.0625, 0.125, 0.125, 0.125, 0.125, 0.125, 0.125, 0.125, 0.125, 0.125, 0.125, 0.125, 0.09375, 0.21875, 0.125, 0.125, 0.09375, 0.125]
[TRAIN]: (628/1600): reward: 39.66289009526372, rates: 43.6628905418716, loss: 1.9800534933805465, rho: 0.4000000000000001, transmit_actions: 20, P: [0.125, 0.125, 0.125, 0.34375, 0.125, 0.125, 0.125, 0.125, 0.125, 0.125, 0.125, 0.125, 0.125, 0.125, 0.125, 0.09375, 0.125, 0.125, 0.125, 0.09375]
[TRAIN]: (629/1600): reward: 49.504328444600105, rates: 50.50432839525946, loss: 1.8428709179162979, rho: 0.4000000000000001, transmit_actions: 20, P: [0.125, 0.125, 0.125, 0.0625, 0.125, 0.125, 0.125, 0.125, 0.125, 0.125, 0.0625, 0.125, 0.125, 0.125, 0.125, 0.125, 0.125, 0.125, 0.125, 0.125]
[TRAIN]: (630/1600): reward: 46.14465656131506, rates: 50.14465630864366, loss: 1.598336011171341, rho: 0.4000000000000001, transmit_actions: 19, P: [0.125, 0.125, 0.15625, 0.34375, 0.125, 0.125, 0.5, 0.125, 0.125, 0.125, 0.125, 0.125, 0.125, 0.125, 0.09375, 0.125, 0.0625, 0.125, 0.125, 0.125]
[TRAIN]: (631/1600): reward: 46.195708237588406, rates: 47.1957080960078, loss: 1.7601555228233337, rho: 0.4000000000000001, transmit_actions: 20, P: [0.125, 0.125, 0.125, 0.125, 0.125, 0.125, 0.0625, 0.125, 0.125, 0.125, 0.125, 0.0625, 0.09375, 0.0625, 0.09375, 0.125, 0.125, 0.125, 0.125, 0.125]
[TRAIN]: (632/1600): reward: 41.702705938369036, rates: 43.70270638405491, loss: 1.8582447111606597, rho: 0.4000000000000001, transmit_actions: 20, P: [0.125, 0.125, 0.125, 0.125, 0.125, 0.15625, 0.09375, 0.125, 0.125, 0.125, 0.125, 0.125, 0.125, 0.09375, 0.125, 0.125, 0.125, 0.125, 0.125, 0.125]
[TRAIN]: (633/1600): reward: 34.29608443938196, rates: 38.29608455902251, loss: 1.673931759595871, rho: 0.4000000000000001, transmit_actions: 20, P: [0.125, 0.0625, 0.125, 0.125, 0.125, 0.125, 0.125, 0.125, 0.125, 0.6875, 0.125, 0.125, 0.125, 0.125, 0.125, 0.65625, 0.125, 0.0625, 0.125, 0.125]
