[MAIN]: START
[ENV]: Started init Environment
[ENV]: ACTIONS_SPACE: 66
[ENV]: Finished init Environment
[TRAIN]: actions: 66, observations: 12
[TRAIN]: CUDA: True
[TRAIN]: (1/1600): reward: -14.717289388179779, rates: 0.2827106194849325, loss: 0, rho: 0.4000000000000001
[TRAIN]: (2/1600): reward: -6.452646836638451, rates: 7.5473533081326405, loss: 0, rho: 0.4000000000000001
[TRAIN]: (3/1600): reward: -7.888859689235687, rates: 6.111140545170613, loss: 0, rho: 0.4000000000000001
[TRAIN]: (4/1600): reward: -4.023727811872959, rates: 8.976272216859751, loss: 1.6236358670627369, rho: 0.4000000000000001
[TRAIN]: (5/1600): reward: -3.110425651073456, rates: 9.889574372367253, loss: 1.7275014638900756, rho: 0.4000000000000001
[TRAIN]: (6/1600): reward: 13.943556606769562, rates: 23.94355632674375, loss: 2.0558166325092317, rho: 0.4000000000000001
[TRAIN]: (7/1600): reward: -14.982147119939327, rates: 1.0178528690033426, loss: 2.058921271562576, rho: 0.4000000000000001
[TRAIN]: (8/1600): reward: -7.865843772888184, rates: 6.134156323892115, loss: 1.8014302730560303, rho: 0.4000000000000001
[TRAIN]: (9/1600): reward: -5.477462291717529, rates: 8.522537829823781, loss: 1.9123377978801728, rho: 0.4000000000000001
[TRAIN]: (10/1600): reward: -7.936014771461487, rates: 5.0639850085635105, loss: 1.9663873225450517, rho: 0.4000000000000001
[TRAIN]: (11/1600): reward: -11.26830642670393, rates: 1.7316935296913971, loss: 1.8983183264732362, rho: 0.4000000000000001
[TRAIN]: (12/1600): reward: -11.160112380981445, rates: 3.8398875824876493, loss: 1.6255653500556946, rho: 0.4000000000000001
[TRAIN]: (13/1600): reward: -2.8626758754253387, rates: 11.137324273327241, loss: 1.4410437285900115, rho: 0.4000000000000001
[TRAIN]: (14/1600): reward: -1.2864923477172852, rates: 10.713507407384952, loss: 1.5369125604629517, rho: 0.4000000000000001
[TRAIN]: (15/1600): reward: -14.0, rates: 0, loss: 1.5620189279317855, rho: 0.4000000000000001
[TRAIN]: (16/1600): reward: -8.968802839517593, rates: 4.031197187784784, loss: 1.2856400668621064, rho: 0.4000000000000001
[TRAIN]: (17/1600): reward: -13.64624136686325, rates: 3.353758637143073, loss: 1.2547234997153283, rho: 0.4000000000000001
[TRAIN]: (18/1600): reward: -16.869374081492424, rates: 0.1306259175088997, loss: 1.3213345170021058, rho: 0.4000000000000001
[TRAIN]: (19/1600): reward: -6.13023829460144, rates: 8.869761476829723, loss: 1.008990576863289, rho: 0.4000000000000001
[TRAIN]: (20/1600): reward: -14.682433385401964, rates: 0.3175666073134004, loss: 1.2267970263957977, rho: 0.4000000000000001
[TRAIN]: (21/1600): reward: -11.811425611376762, rates: 0.1885743858089746, loss: 1.188227218389511, rho: 0.4000000000000001
[TRAIN]: (22/1600): reward: -9.119548231363297, rates: 4.880451671561638, loss: 1.0318200051784516, rho: 0.4000000000000001
[TRAIN]: (23/1600): reward: -2.5549750328063965, rates: 11.445024979370595, loss: 1.0953738555312156, rho: 0.4000000000000001
[TRAIN]: (24/1600): reward: 9.595756828784943, rates: 22.595756536716138, loss: 1.1825148448348046, rho: 0.4000000000000001
[TRAIN]: (25/1600): reward: 2.9047951698303223, rates: 15.90479549049138, loss: 1.3001414582133293, rho: 0.4000000000000001
[TRAIN]: (26/1600): reward: 3.9809701070189476, rates: 14.980970197865258, loss: 1.2902164220809937, rho: 0.4000000000000001
[TRAIN]: (27/1600): reward: -14.517505377531052, rates: 0.48249462103514296, loss: 1.750974428653717, rho: 0.4000000000000001
[TRAIN]: (28/1600): reward: -11.59436097741127, rates: 0.40563902379053546, loss: 1.6223584145307541, rho: 0.4000000000000001
[TRAIN]: (29/1600): reward: -8.08436632156372, rates: 5.915633752247048, loss: 1.531720221042633, rho: 0.4000000000000001
[TRAIN]: (30/1600): reward: 7.640913486480713, rates: 19.640913124866298, loss: 1.123541495203972, rho: 0.4000000000000001
[TRAIN]: (31/1600): reward: -7.712804306298494, rates: 5.287195818441035, loss: 1.3923962995409966, rho: 0.4000000000000001
[TRAIN]: (32/1600): reward: -16.815168857574463, rates: 0.1848311368577616, loss: 1.5594419822096826, rho: 0.4000000000000001
[TRAIN]: (33/1600): reward: 9.6450164206326, rates: 19.645016491230578, loss: 1.3434264451265334, rho: 0.4000000000000001
[TRAIN]: (34/1600): reward: 10.201847918331623, rates: 19.201848099231494, loss: 1.5039009511470796, rho: 0.4000000000000001
[TRAIN]: (35/1600): reward: -8.457676112651825, rates: 6.542324054664555, loss: 1.623594844341278, rho: 0.4000000000000001
[TRAIN]: (36/1600): reward: -12.502409934997559, rates: 5.497590216226335, loss: 1.5861657589673996, rho: 0.4000000000000001
[TRAIN]: (37/1600): reward: 2.985880210995674, rates: 11.985880121232132, loss: 1.476337444782257, rho: 0.4000000000000001
[TRAIN]: (38/1600): reward: 3.1645779609680176, rates: 16.164578107659032, loss: 1.4286619246006012, rho: 0.4000000000000001
[TRAIN]: (39/1600): reward: 0.3755997009575367, rates: 11.375599544053369, loss: 1.733337289094925, rho: 0.4000000000000001
[TRAIN]: (40/1600): reward: -9.236023545265198, rates: 0.7639764538319258, loss: 1.5465992361307144, rho: 0.4000000000000001
[TRAIN]: (41/1600): reward: 0.061270713806152344, rates: 12.061270980099092, loss: 1.5396728962659836, rho: 0.4000000000000001
[TRAIN]: (42/1600): reward: 3.8156618922948837, rates: 15.815661868045531, loss: 1.640006384253502, rho: 0.4000000000000001
[TRAIN]: (43/1600): reward: -16.0, rates: 0, loss: 1.5393620491027833, rho: 0.4000000000000001
[TRAIN]: (44/1600): reward: -8.535269260406494, rates: 5.464730947417455, loss: 1.498785960674286, rho: 0.4000000000000001
[TRAIN]: (45/1600): reward: -9.588687300682068, rates: 6.41131262482324, loss: 1.6122445821762086, rho: 0.4000000000000001
[TRAIN]: (46/1600): reward: -1.451958179473877, rates: 13.548041738802056, loss: 1.7393969118595123, rho: 0.4000000000000001
[TRAIN]: (47/1600): reward: -10.965201139450073, rates: 3.034798814352144, loss: 1.7651026904582978, rho: 0.4000000000000001
[TRAIN]: (48/1600): reward: 3.6495761573314667, rates: 13.649575999388881, loss: 1.3923074811697007, rho: 0.4000000000000001
[TRAIN]: (49/1600): reward: -2.9913520887494087, rates: 11.008648202140161, loss: 1.436041508615017, rho: 0.4000000000000001
[TRAIN]: (50/1600): reward: -6.734985917806625, rates: 7.265014117987164, loss: 1.4229291379451752, rho: 0.4000000000000001
[TRAIN]: (51/1600): reward: -2.5023454651236534, rates: 10.497654374857117, loss: 1.6456634432077408, rho: 0.4000000000000001
[TRAIN]: (52/1600): reward: -8.876023590564728, rates: 6.12397659998701, loss: 1.6123086154460906, rho: 0.4000000000000001
[TRAIN]: (53/1600): reward: -8.011331677436829, rates: 6.9886681220948175, loss: 1.6096384644508361, rho: 0.4000000000000001
[TRAIN]: (54/1600): reward: -14.147012621164322, rates: 0.8529873710980113, loss: 1.573604655265808, rho: 0.4000000000000001
[TRAIN]: (55/1600): reward: -0.821121096611023, rates: 11.17887888733732, loss: 1.4468678653240203, rho: 0.4000000000000001
[TRAIN]: (56/1600): reward: -11.407083936035633, rates: 3.592916006280416, loss: 1.3447021692991257, rho: 0.4000000000000001
[TRAIN]: (57/1600): reward: -15.660488337278366, rates: 0.33951166105388575, loss: 1.6032086193561554, rho: 0.4000000000000001
[TRAIN]: (58/1600): reward: -2.250204011797905, rates: 6.74979588062811, loss: 1.5189329028129577, rho: 0.4000000000000001
[TRAIN]: (59/1600): reward: -5.108621224761009, rates: 6.8913787546070875, loss: 1.3785717979073524, rho: 0.4000000000000001
[TRAIN]: (60/1600): reward: -11.022614687681198, rates: 3.977385209998188, loss: 1.6048161447048188, rho: 0.4000000000000001
[TRAIN]: (61/1600): reward: -14.0, rates: 0.0, loss: 1.7686400234699249, rho: 0.4000000000000001
[TRAIN]: (62/1600): reward: -12.437773145735264, rates: 3.562226818148163, loss: 1.5552266240119934, rho: 0.4000000000000001
[TRAIN]: (63/1600): reward: -17.0, rates: 0, loss: 1.3712037473917007, rho: 0.4000000000000001
[TRAIN]: (64/1600): reward: -11.340568780899048, rates: 2.659431243227656, loss: 1.3356486350297927, rho: 0.4000000000000001
[TRAIN]: (65/1600): reward: -5.559026718139648, rates: 9.440973094042388, loss: 1.6322424948215484, rho: 0.4000000000000001
[TRAIN]: (66/1600): reward: -3.0421953201293945, rates: 9.957804460543272, loss: 1.556295856833458, rho: 0.4000000000000001
[TRAIN]: (67/1600): reward: 2.200982604175806, rates: 15.200982117102456, loss: 1.3978422552347183, rho: 0.4000000000000001
[TRAIN]: (68/1600): reward: -6.881123453378677, rates: 6.118876386464321, loss: 1.7362804532051086, rho: 0.4000000000000001
[TRAIN]: (69/1600): reward: -6.842450454831123, rates: 4.157549580833078, loss: 1.4850834846496581, rho: 0.4000000000000001
[TRAIN]: (70/1600): reward: 0.9073606729507446, rates: 12.907360728530183, loss: 1.5273530155420303, rho: 0.4000000000000001
[TRAIN]: (71/1600): reward: -0.3174985349178314, rates: 10.682501375383413, loss: 1.404995509982109, rho: 0.4000000000000001
[TRAIN]: (72/1600): reward: -2.742381986230612, rates: 10.257618163913158, loss: 1.5114075303077699, rho: 0.4000000000000001
[TRAIN]: (73/1600): reward: 1.8979294300079346, rates: 12.897929450370665, loss: 1.5051965713500977, rho: 0.4000000000000001
[TRAIN]: (74/1600): reward: -9.213764280080795, rates: 1.7862357672298246, loss: 1.4912691920995713, rho: 0.4000000000000001
[TRAIN]: (75/1600): reward: -10.734424591064453, rates: 4.265575395226584, loss: 1.3627165615558625, rho: 0.4000000000000001
[TRAIN]: (76/1600): reward: -1.9322786331176758, rates: 10.067721359666802, loss: 1.292259582877159, rho: 0.4000000000000001
[TRAIN]: (77/1600): reward: 9.512212224304676, rates: 20.51221230404946, loss: 1.6304321467876435, rho: 0.4000000000000001
[TRAIN]: (78/1600): reward: -8.469799965620041, rates: 4.530199786867666, loss: 1.5624734997749328, rho: 0.4000000000000001
[TRAIN]: (79/1600): reward: -16.0, rates: 0, loss: 1.4470752716064452, rho: 0.4000000000000001
[TRAIN]: (80/1600): reward: -15.796224772930145, rates: 0.20377522340766954, loss: 1.3678646236658096, rho: 0.4000000000000001
[TRAIN]: (81/1600): reward: -6.766188472509384, rates: 5.233811519463268, loss: 1.4649472832679749, rho: 0.4000000000000001
[TRAIN]: (82/1600): reward: -13.850551843643188, rates: 2.149448140769896, loss: 1.4107267543673516, rho: 0.4000000000000001
[TRAIN]: (83/1600): reward: -14.645312368869781, rates: 0.3546876308784907, loss: 1.5042346477508546, rho: 0.4000000000000001
[TRAIN]: (84/1600): reward: -10.568185806274414, rates: 5.431814080118398, loss: 1.5123715281486512, rho: 0.4000000000000001
[TRAIN]: (85/1600): reward: -2.7719187140464783, rates: 11.228081698957368, loss: 1.173714917898178, rho: 0.4000000000000001
[TRAIN]: (86/1600): reward: -11.954325586557388, rates: 5.045674304761988, loss: 1.5804297029972076, rho: 0.4000000000000001
[TRAIN]: (87/1600): reward: -12.757438063621521, rates: 1.2425619405232615, loss: 1.40817451775074, rho: 0.4000000000000001
[TRAIN]: (88/1600): reward: -2.9584555625915527, rates: 12.0415442152452, loss: 1.4082011371850967, rho: 0.4000000000000001
[TRAIN]: (89/1600): reward: -16.833720326423645, rates: 0.166279673620848, loss: 1.5326756149530412, rho: 0.4000000000000001
[TRAIN]: (90/1600): reward: -8.986386775970459, rates: 5.013613409906246, loss: 1.6657061338424684, rho: 0.4000000000000001
[TRAIN]: (91/1600): reward: -14.846157878637314, rates: 0.15384212114261275, loss: 1.3867800682783127, rho: 0.4000000000000001
[TRAIN]: (92/1600): reward: -3.579040829092264, rates: 8.420959325631584, loss: 1.1709461003541946, rho: 0.4000000000000001
[TRAIN]: (93/1600): reward: -1.5397562980651855, rates: 10.460243510925409, loss: 1.5135799676179886, rho: 0.4000000000000001
[TRAIN]: (94/1600): reward: -15.368789613246918, rates: 0.6312103639219846, loss: 1.4487390279769898, rho: 0.4000000000000001
[TRAIN]: (95/1600): reward: -13.936250768601894, rates: 0.06374923113774458, loss: 1.17949920296669, rho: 0.4000000000000001
[TRAIN]: (96/1600): reward: -9.654186248779297, rates: 4.345813685097583, loss: 1.4469839721918105, rho: 0.4000000000000001
[TRAIN]: (97/1600): reward: -9.33196659386158, rates: 5.668033437442922, loss: 1.264333252608776, rho: 0.4000000000000001
[TRAIN]: (98/1600): reward: -4.752129286527634, rates: 9.247870448271398, loss: 1.4004071086645127, rho: 0.4000000000000001
[TRAIN]: (99/1600): reward: -11.047006703913212, rates: 4.952993363052391, loss: 1.321698385477066, rho: 0.4000000000000001
[TRAIN]: (100/1600): reward: 7.084169045090675, rates: 19.084168850581356, loss: 1.3344238370656967, rho: 0.4000000000000001
[TRAIN]: (101/1600): reward: 4.064009198918939, rates: 13.064008837173223, loss: 1.314774678647518, rho: 0.4000000000000001
[TRAIN]: (102/1600): reward: -14.320746779441833, rates: 0.6792532457155351, loss: 1.3446729928255081, rho: 0.4000000000000001
[TRAIN]: (103/1600): reward: 1.1402539312839508, rates: 11.140254346066065, loss: 1.0800204694271087, rho: 0.4000000000000001
[TRAIN]: (104/1600): reward: -16.751134604215622, rates: 0.24886539294572466, loss: 1.5258931547403336, rho: 0.4000000000000001
[TRAIN]: (105/1600): reward: -7.2432984337210655, rates: 7.756701635386067, loss: 1.2435334905982018, rho: 0.4000000000000001
[TRAIN]: (106/1600): reward: -0.4574861777946353, rates: 10.542514278340906, loss: 1.8539850503206252, rho: 0.4000000000000001
[TRAIN]: (107/1600): reward: -6.725302804261446, rates: 9.274697003622428, loss: 1.4212614297866821, rho: 0.4000000000000001
[TRAIN]: (108/1600): reward: -3.2655191868543625, rates: 11.73448066841673, loss: 1.3555597066879272, rho: 0.4000000000000001
[TRAIN]: (109/1600): reward: -2.2549002170562744, rates: 9.745099770456369, loss: 1.5073994517326355, rho: 0.4000000000000001
[TRAIN]: (110/1600): reward: -13.452260956168175, rates: 0.5477390489370881, loss: 1.3650201961398125, rho: 0.4000000000000001
[TRAIN]: (111/1600): reward: -2.007544994354248, rates: 9.992454893456788, loss: 1.4237553238868714, rho: 0.4000000000000001
[TRAIN]: (112/1600): reward: -11.239613771438599, rates: 3.760386332361035, loss: 1.5828074187040329, rho: 0.4000000000000001
[TRAIN]: (113/1600): reward: 3.085350513458252, rates: 18.085350282478693, loss: 1.3684907749295234, rho: 0.4000000000000001
[TRAIN]: (114/1600): reward: -10.702576011419296, rates: 5.297424134106768, loss: 1.6075572580099107, rho: 0.4000000000000001
[TRAIN]: (115/1600): reward: -8.678789615631104, rates: 4.321210285815127, loss: 1.5238828122615815, rho: 0.4000000000000001
[TRAIN]: (116/1600): reward: -9.947950720787048, rates: 5.052049398158245, loss: 1.568007704615593, rho: 0.4000000000000001
[TRAIN]: (117/1600): reward: -1.750650018453598, rates: 11.249350308413964, loss: 1.330405592918396, rho: 0.4000000000000001
[TRAIN]: (118/1600): reward: -2.1525259017944336, rates: 9.847473856802631, loss: 1.1410405710339546, rho: 0.4000000000000001
[TRAIN]: (119/1600): reward: -10.820167899131775, rates: 5.179832257631934, loss: 1.3727859914302827, rho: 0.4000000000000001
[TRAIN]: (120/1600): reward: -10.229580633342266, rates: 4.770419324160687, loss: 1.3462987154722215, rho: 0.4000000000000001
[TRAIN]: (121/1600): reward: 0.11246776580810547, rates: 14.112467649019386, loss: 1.3196961537003518, rho: 0.4000000000000001
[TRAIN]: (122/1600): reward: -1.9847638309001923, rates: 12.015236068475902, loss: 1.3205856561660767, rho: 0.4000000000000001
[TRAIN]: (123/1600): reward: 4.550935745239258, rates: 16.550935723195078, loss: 1.4626884251832961, rho: 0.4000000000000001
[TRAIN]: (124/1600): reward: -15.0, rates: 0, loss: 1.4401260644197464, rho: 0.4000000000000001
[TRAIN]: (125/1600): reward: -15.787471294403076, rates: 0.21252870415865047, loss: 1.359996673464775, rho: 0.4000000000000001
[TRAIN]: (126/1600): reward: -3.1856852173805237, rates: 8.814314490714633, loss: 1.4037973582744598, rho: 0.4000000000000001
[TRAIN]: (127/1600): reward: -2.5095572471618652, rates: 10.49044244002323, loss: 1.3679414123296738, rho: 0.4000000000000001
[TRAIN]: (128/1600): reward: -7.019021071493626, rates: 4.980978895588309, loss: 1.1977199375629426, rho: 0.4000000000000001
[TRAIN]: (129/1600): reward: 7.648128628730774, rates: 17.64812887656514, loss: 1.2891654297709465, rho: 0.4000000000000001
[TRAIN]: (130/1600): reward: -12.668753623962402, rates: 2.331246466917464, loss: 1.541633877158165, rho: 0.4000000000000001
[TRAIN]: (131/1600): reward: -1.4347177855670452, rates: 11.565282486507979, loss: 1.384886009991169, rho: 0.4000000000000001
[TRAIN]: (132/1600): reward: -1.8466800302267075, rates: 11.153319594821026, loss: 1.3791055709123612, rho: 0.4000000000000001
[TRAIN]: (133/1600): reward: -11.144574478268623, rates: 0.8554255240694095, loss: 1.6790271729230881, rho: 0.4000000000000001
[TRAIN]: (134/1600): reward: -14.72846782207489, rates: 0.2715321678761788, loss: 1.434092703461647, rho: 0.4000000000000001
[TRAIN]: (135/1600): reward: -12.331142373383045, rates: 0.668857655318266, loss: 1.3114243492484092, rho: 0.4000000000000001
[TRAIN]: (136/1600): reward: -8.770098686218262, rates: 8.229901497217073, loss: 1.2699925303459167, rho: 0.4000000000000001
[TRAIN]: (137/1600): reward: -8.410551309585571, rates: 5.589448884023311, loss: 1.3857765406370164, rho: 0.4000000000000001
[TRAIN]: (138/1600): reward: -14.436523512005806, rates: 2.563476532122556, loss: 1.6660826802253723, rho: 0.4000000000000001
[TRAIN]: (139/1600): reward: -4.086650967597961, rates: 10.913348938577652, loss: 1.4386247485876082, rho: 0.4000000000000001
[TRAIN]: (140/1600): reward: -15.895058803260326, rates: 0.10494119945475032, loss: 1.038350972533226, rho: 0.4000000000000001
[TRAIN]: (141/1600): reward: -10.718107223510742, rates: 4.2818929817310085, loss: 1.418098556995392, rho: 0.4000000000000001
[TRAIN]: (142/1600): reward: -3.1451796293258667, rates: 11.854820137901818, loss: 1.2039225712418555, rho: 0.4000000000000001
[TRAIN]: (143/1600): reward: -11.257275208830833, rates: 3.742724786968547, loss: 1.3067506834864617, rho: 0.4000000000000001
[TRAIN]: (144/1600): reward: -10.925020694732666, rates: 6.074979290838432, loss: 1.535374915599823, rho: 0.4000000000000001
[TRAIN]: (145/1600): reward: 5.760971084237099, rates: 16.76097107782369, loss: 1.3815001726150513, rho: 0.4000000000000001
[TRAIN]: (146/1600): reward: -11.04536560177803, rates: 3.9546343642180557, loss: 1.238318385183811, rho: 0.4000000000000001
[TRAIN]: (147/1600): reward: -8.386912971735, rates: 5.613087164341442, loss: 1.4705445975065232, rho: 0.4000000000000001
[TRAIN]: (148/1600): reward: -7.5865152552723885, rates: 5.4134848534235305, loss: 1.5410094022750855, rho: 0.4000000000000001
[TRAIN]: (149/1600): reward: 0.23046112060546875, rates: 11.230461484445865, loss: 1.109894597530365, rho: 0.4000000000000001
[TRAIN]: (150/1600): reward: -9.510064873844385, rates: 3.489935165286314, loss: 1.1436495751142501, rho: 0.4000000000000001
[TRAIN]: (151/1600): reward: -8.09656286239624, rates: 5.903437088066811, loss: 1.269173064827919, rho: 0.4000000000000001
[TRAIN]: (152/1600): reward: -3.5030407924205065, rates: 11.496959562001946, loss: 1.664481955766678, rho: 0.4000000000000001
[TRAIN]: (153/1600): reward: 3.9502201192080975, rates: 14.950219834397945, loss: 1.1831173866987228, rho: 0.4000000000000001
[TRAIN]: (154/1600): reward: -8.800902843475342, rates: 6.199096952239102, loss: 1.3473962455987931, rho: 0.4000000000000001
[TRAIN]: (155/1600): reward: 4.107366174459457, rates: 16.10736627162641, loss: 1.4545347660779953, rho: 0.4000000000000001
[TRAIN]: (156/1600): reward: -15.0, rates: 0.0, loss: 1.3698512092232704, rho: 0.4000000000000001
[TRAIN]: (157/1600): reward: -9.95622432231903, rates: 1.0437756956095143, loss: 1.051900741457939, rho: 0.4000000000000001
[TRAIN]: (158/1600): reward: -12.603888422250748, rates: 0.3961115710947776, loss: 1.0753577962517737, rho: 0.4000000000000001
[TRAIN]: (159/1600): reward: -11.293240666389465, rates: 1.7067593239455694, loss: 1.498608735203743, rho: 0.4000000000000001
[TRAIN]: (160/1600): reward: -11.648938179016113, rates: 5.351061903535958, loss: 1.2212846100330352, rho: 0.4000000000000001
[TRAIN]: (161/1600): reward: -2.940087005496025, rates: 9.059913136405614, loss: 1.1077550768852233, rho: 0.4000000000000001
[TRAIN]: (162/1600): reward: -7.563522018492222, rates: 6.436477776774931, loss: 1.2507765099406243, rho: 0.4000000000000001
[TRAIN]: (163/1600): reward: -8.444862335920334, rates: 4.555137716034091, loss: 1.195289671421051, rho: 0.4000000000000001
[TRAIN]: (164/1600): reward: -9.17175817489624, rates: 5.828241713573633, loss: 1.2400450080633163, rho: 0.4000000000000001
[TRAIN]: (165/1600): reward: -9.658356189727783, rates: 5.341643909581046, loss: 1.475994111597538, rho: 0.4000000000000001
[TRAIN]: (166/1600): reward: -2.6226387545466423, rates: 10.377361462001998, loss: 1.4648473769426347, rho: 0.4000000000000001
[TRAIN]: (167/1600): reward: -7.217558369040489, rates: 7.78244142325272, loss: 1.1635132521390914, rho: 0.4000000000000001
[TRAIN]: (168/1600): reward: -1.7859836257994175, rates: 10.214016336778007, loss: 1.3548919558525085, rho: 0.4000000000000001
[TRAIN]: (169/1600): reward: -15.908154338598251, rates: 0.09184566510952862, loss: 1.2257224559783935, rho: 0.4000000000000001
[TRAIN]: (170/1600): reward: -10.310680508613586, rates: 4.689319580614737, loss: 1.2430640265345574, rho: 0.4000000000000001
[TRAIN]: (171/1600): reward: 3.6786208376288414, rates: 15.678621170383519, loss: 1.2089505523443222, rho: 0.4000000000000001
[TRAIN]: (172/1600): reward: -5.298476431518793, rates: 7.701523581106375, loss: 1.2315505631268024, rho: 0.4000000000000001
[TRAIN]: (173/1600): reward: -16.55149856209755, rates: 0.44850145190265434, loss: 1.4531858921051026, rho: 0.4000000000000001
[TRAIN]: (174/1600): reward: -10.999429687857628, rates: 5.000570099089016, loss: 1.2607573479413987, rho: 0.4000000000000001
[TRAIN]: (175/1600): reward: 4.7484893798828125, rates: 16.748489292782306, loss: 1.3095662161707877, rho: 0.4000000000000001
[TRAIN]: (176/1600): reward: 1.7632978931069374, rates: 13.76329787888762, loss: 1.3104484766721725, rho: 0.4000000000000001
[TRAIN]: (177/1600): reward: -4.939812481403351, rates: 9.06018740405138, loss: 1.4328293919563293, rho: 0.4000000000000001
[TRAIN]: (178/1600): reward: -8.791520059108734, rates: 6.208479950263126, loss: 1.2917434841394424, rho: 0.4000000000000001
[TRAIN]: (179/1600): reward: 1.4965858459472656, rates: 15.496586052936784, loss: 1.4409746170043944, rho: 0.4000000000000001
[TRAIN]: (180/1600): reward: -10.367316663265228, rates: 3.6326833544095263, loss: 1.319219471514225, rho: 0.4000000000000001
[TRAIN]: (181/1600): reward: -5.90168384462595, rates: 6.098316318668752, loss: 1.2777095764875412, rho: 0.4000000000000001
[TRAIN]: (182/1600): reward: -11.295634411275387, rates: 4.704365537588168, loss: 1.2885662749409676, rho: 0.4000000000000001
[TRAIN]: (183/1600): reward: 3.0941017270088196, rates: 15.094101572219884, loss: 1.3280359297990798, rho: 0.4000000000000001
[TRAIN]: (184/1600): reward: -6.485192775726318, rates: 5.514807355193738, loss: 1.5084668517112731, rho: 0.4000000000000001
[TRAIN]: (185/1600): reward: 3.3303515911102295, rates: 14.330351211302055, loss: 1.2721271187067031, rho: 0.4000000000000001
[TRAIN]: (186/1600): reward: -2.36997252702713, rates: 10.63002752375589, loss: 1.2474856063723565, rho: 0.4000000000000001
[TRAIN]: (187/1600): reward: -11.981361389160156, rates: 5.018638602676087, loss: 1.2421796455979348, rho: 0.4000000000000001
[TRAIN]: (188/1600): reward: -12.762534536421299, rates: 0.23746546448297118, loss: 1.7436481535434722, rho: 0.4000000000000001
[TRAIN]: (189/1600): reward: -1.2526971101760864, rates: 11.747302860475349, loss: 1.203723195195198, rho: 0.4000000000000001
[TRAIN]: (190/1600): reward: -4.169214215129614, rates: 9.830785614341336, loss: 1.1902782127261162, rho: 0.4000000000000001
[TRAIN]: (191/1600): reward: -11.379464328289032, rates: 4.620535748459119, loss: 1.2046562105417251, rho: 0.4000000000000001
[TRAIN]: (192/1600): reward: -14.548392295837402, rates: 1.4516076646824227, loss: 1.4013635605573653, rho: 0.4000000000000001
[TRAIN]: (193/1600): reward: 8.945948362350464, rates: 19.945949033535943, loss: 1.1899958744645118, rho: 0.4000000000000001
[TRAIN]: (194/1600): reward: -8.87660825252533, rates: 5.123391589958182, loss: 1.3188723117113113, rho: 0.4000000000000001
[TRAIN]: (195/1600): reward: 17.34385259449482, rates: 29.343852662895554, loss: 1.095215529203415, rho: 0.4000000000000001
[TRAIN]: (196/1600): reward: -3.841116428375244, rates: 10.158883681867696, loss: 1.2110140725970269, rho: 0.4000000000000001
[TRAIN]: (197/1600): reward: -13.810920286923647, rates: 0.18907970732056628, loss: 1.3636672094464302, rho: 0.4000000000000001
[TRAIN]: (198/1600): reward: -7.84131395816803, rates: 5.158686083285362, loss: 1.1761844843626021, rho: 0.4000000000000001
[TRAIN]: (199/1600): reward: -5.029317261185497, rates: 6.97068282085812, loss: 1.3892578303813934, rho: 0.4000000000000001
[TRAIN]: (200/1600): reward: -6.436037834733725, rates: 7.563961860853736, loss: 1.313963235914707, rho: 0.4000000000000001
[TRAIN]: (201/1600): reward: -13.82411777973175, rates: 1.1758822141199468, loss: 1.2341157078742981, rho: 0.4000000000000001
[TRAIN]: (202/1600): reward: 4.888744488358498, rates: 14.888744559377184, loss: 1.2867353484034538, rho: 0.4000000000000001
[TRAIN]: (203/1600): reward: 5.286851286888123, rates: 16.28685109485304, loss: 1.237525713443756, rho: 0.4000000000000001
[TRAIN]: (204/1600): reward: -9.247950062155724, rates: 5.752049763651106, loss: 1.3516826242208482, rho: 0.4000000000000001
[TRAIN]: (205/1600): reward: -12.2815692871809, rates: 0.7184307128521933, loss: 1.549014949798584, rho: 0.4000000000000001
[TRAIN]: (206/1600): reward: -2.7195022106170654, rates: 10.280497807753234, loss: 1.4111011296510696, rho: 0.4000000000000001
[TRAIN]: (207/1600): reward: -8.486004449427128, rates: 5.513995484478929, loss: 1.343375849723816, rho: 0.4000000000000001
[TRAIN]: (208/1600): reward: -11.917412631213665, rates: 0.08258736585768532, loss: 1.1862186908721923, rho: 0.4000000000000001
[TRAIN]: (209/1600): reward: 5.4583151787519455, rates: 16.458314841984965, loss: 1.283972641825676, rho: 0.4000000000000001
[TRAIN]: (210/1600): reward: -9.304308414459229, rates: 3.695691692169739, loss: 1.2759882889688015, rho: 0.4000000000000001
[TRAIN]: (211/1600): reward: -0.3295939117670059, rates: 13.670406340785377, loss: 1.1287990659475327, rho: 0.4000000000000001
[TRAIN]: (212/1600): reward: -7.406993865966797, rates: 4.593006049292254, loss: 1.2785192236304284, rho: 0.4000000000000001
[TRAIN]: (213/1600): reward: 1.477715902030468, rates: 16.477715892534214, loss: 1.3627686396241188, rho: 0.4000000000000001
[TRAIN]: (214/1600): reward: -3.326085239648819, rates: 9.673914648553222, loss: 1.2910942912101746, rho: 0.4000000000000001
[TRAIN]: (215/1600): reward: -10.418602585792542, rates: 5.581397179021936, loss: 1.122195716202259, rho: 0.4000000000000001
[TRAIN]: (216/1600): reward: 3.042431116104126, rates: 18.042431510234962, loss: 1.070238398015499, rho: 0.4000000000000001
[TRAIN]: (217/1600): reward: -8.01336133480072, rates: 7.986638646312098, loss: 1.1975555956363677, rho: 0.4000000000000001
[TRAIN]: (218/1600): reward: -3.264694780111313, rates: 9.735305428557965, loss: 1.2715530097484589, rho: 0.4000000000000001
[TRAIN]: (219/1600): reward: -3.1793670654296875, rates: 8.820633067980232, loss: 1.14416863322258, rho: 0.4000000000000001
[TRAIN]: (220/1600): reward: -6.974135518074036, rates: 7.025864312904096, loss: 1.3201592952013015, rho: 0.4000000000000001
[TRAIN]: (221/1600): reward: -8.493701934814453, rates: 5.506297964902991, loss: 1.5316387057304381, rho: 0.4000000000000001
[TRAIN]: (222/1600): reward: 7.9683492332696915, rates: 19.968349390836366, loss: 1.3554583936929703, rho: 0.4000000000000001
[TRAIN]: (223/1600): reward: 10.717758148908615, rates: 21.717758255149942, loss: 1.2500557392835616, rho: 0.4000000000000001
[TRAIN]: (224/1600): reward: 14.064230240881443, rates: 26.06423058545316, loss: 1.1635833397507667, rho: 0.4000000000000001
[TRAIN]: (225/1600): reward: -7.301955223083496, rates: 6.698044924558723, loss: 1.2581309467554092, rho: 0.4000000000000001
[TRAIN]: (226/1600): reward: -6.053768157958984, rates: 7.9462316457293625, loss: 1.2617088243365289, rho: 0.4000000000000001
[TRAIN]: (227/1600): reward: -10.56370735168457, rates: 4.436292517634654, loss: 1.3222020909190177, rho: 0.4000000000000001
[TRAIN]: (228/1600): reward: -8.657867908477783, rates: 5.342132224479352, loss: 1.293420073390007, rho: 0.4000000000000001
[TRAIN]: (229/1600): reward: -12.85745270550251, rates: 0.14254729559381682, loss: 1.3596137583255767, rho: 0.4000000000000001
[TRAIN]: (230/1600): reward: -13.328539546579123, rates: 2.6714604801104707, loss: 1.0919366240501405, rho: 0.4000000000000001
[TRAIN]: (231/1600): reward: -7.397877026349306, rates: 7.602122921423403, loss: 1.3555943593382835, rho: 0.4000000000000001
[TRAIN]: (232/1600): reward: -4.328849792480469, rates: 12.67114996359687, loss: 1.3585465937852859, rho: 0.4000000000000001
[TRAIN]: (233/1600): reward: -9.428817242383957, rates: 5.571182884467936, loss: 1.443769696354866, rho: 0.4000000000000001
[TRAIN]: (234/1600): reward: -3.365960642695427, rates: 9.634039210741236, loss: 1.3202205553650856, rho: 0.4000000000000001
[TRAIN]: (235/1600): reward: -18.0, rates: 0, loss: 0.9937122881412506, rho: 0.4000000000000001
[TRAIN]: (236/1600): reward: -10.824929118156433, rates: 4.175070834404466, loss: 1.2056764543056488, rho: 0.4000000000000001
[TRAIN]: (237/1600): reward: -12.07331670075655, rates: 0.9266833155739027, loss: 1.3247220739722252, rho: 0.4000000000000001
[TRAIN]: (238/1600): reward: -2.3586121797561646, rates: 9.64138767721916, loss: 1.4525680080056191, rho: 0.4000000000000001
[TRAIN]: (239/1600): reward: -6.703148931264877, rates: 8.296851004178798, loss: 1.1334894701838494, rho: 0.4000000000000001
[TRAIN]: (240/1600): reward: -0.08894357085227966, rates: 9.911056503757724, loss: 1.317769819498062, rho: 0.4000000000000001
[TRAIN]: (241/1600): reward: -2.367131769657135, rates: 11.632868061058339, loss: 1.5238666519522668, rho: 0.4000000000000001
[TRAIN]: (242/1600): reward: 2.9775220546871424, rates: 13.977521752339099, loss: 1.128073063492775, rho: 0.4000000000000001
[TRAIN]: (243/1600): reward: -14.700456291437149, rates: 0.29954370354354026, loss: 1.1211752325296402, rho: 0.4000000000000001
[TRAIN]: (244/1600): reward: -2.859673023223877, rates: 11.140327210859798, loss: 1.255379742383957, rho: 0.4000000000000001
[TRAIN]: (245/1600): reward: -0.3920389711856842, rates: 11.607960977847753, loss: 1.2181720733642578, rho: 0.4000000000000001
[TRAIN]: (246/1600): reward: -13.37975800037384, rates: 0.620242025529479, loss: 1.3447846613824368, rho: 0.4000000000000001
[TRAIN]: (247/1600): reward: -15.0, rates: 0, loss: 1.1575990065932273, rho: 0.4000000000000001
[TRAIN]: (248/1600): reward: -1.9790053814649582, rates: 9.02099488476099, loss: 1.4057322040200233, rho: 0.4000000000000001
[TRAIN]: (249/1600): reward: -5.949588730931282, rates: 8.05041136377914, loss: 1.2424131378531456, rho: 0.4000000000000001
[TRAIN]: (250/1600): reward: -15.0, rates: 0, loss: 1.1391260832548142, rho: 0.4000000000000001
[TRAIN]: (251/1600): reward: 2.362157940864563, rates: 13.362157854837264, loss: 1.469741976261139, rho: 0.4000000000000001
[TRAIN]: (252/1600): reward: -9.27182161808014, rates: 4.728178156260909, loss: 1.0214651182293892, rho: 0.4000000000000001
[TRAIN]: (253/1600): reward: 2.0065464973449707, rates: 15.006546521848378, loss: 1.09197556078434, rho: 0.4000000000000001
[TRAIN]: (254/1600): reward: -10.131778538227081, rates: 1.8682215107622584, loss: 1.2168568775057793, rho: 0.4000000000000001
[TRAIN]: (255/1600): reward: -14.743743032217026, rates: 0.256256968624917, loss: 1.2272779583930968, rho: 0.4000000000000001
[TRAIN]: (256/1600): reward: -5.874830171465874, rates: 10.125169597960753, loss: 1.11942425891757, rho: 0.4000000000000001
[TRAIN]: (257/1600): reward: 2.4705559350550175, rates: 13.470555992320598, loss: 1.40061045140028, rho: 0.4000000000000001
[TRAIN]: (258/1600): reward: -3.959508001804352, rates: 11.040491963540369, loss: 1.258987183123827, rho: 0.4000000000000001
[TRAIN]: (259/1600): reward: 8.190088957548141, rates: 17.190088847100274, loss: 1.056753446161747, rho: 0.4000000000000001
[TRAIN]: (260/1600): reward: -5.036703273653984, rates: 8.96329655226537, loss: 1.2918780103325844, rho: 0.4000000000000001
[TRAIN]: (261/1600): reward: -14.500767298042774, rates: 0.49923269796651926, loss: 1.2789758771657944, rho: 0.4000000000000001
[TRAIN]: (262/1600): reward: -5.109984055161476, rates: 4.890016157029449, loss: 1.206581684947014, rho: 0.4000000000000001
[TRAIN]: (263/1600): reward: 3.1371429562568665, rates: 13.137142841671828, loss: 1.6275258958339691, rho: 0.4000000000000001
[TRAIN]: (264/1600): reward: -18.0, rates: 0, loss: 1.1492439001798629, rho: 0.4000000000000001
[TRAIN]: (265/1600): reward: 4.467543125152588, rates: 15.467543167998592, loss: 1.4135640919208527, rho: 0.4000000000000001
[TRAIN]: (266/1600): reward: -17.0, rates: 0, loss: 1.3678715765476226, rho: 0.4000000000000001
[TRAIN]: (267/1600): reward: -14.571768045425415, rates: 3.4282318648497054, loss: 1.1035819917917251, rho: 0.4000000000000001
[TRAIN]: (268/1600): reward: -13.012693732976913, rates: 0.9873062601557743, loss: 1.2931571841239928, rho: 0.4000000000000001
[TRAIN]: (269/1600): reward: 2.11646431684494, rates: 16.116464263254606, loss: 1.4340536624193192, rho: 0.4000000000000001
[TRAIN]: (270/1600): reward: -4.465120792388916, rates: 10.534878921398025, loss: 0.9469424650073052, rho: 0.4000000000000001
[TRAIN]: (271/1600): reward: -7.258265972137451, rates: 5.74173407862876, loss: 1.2423654317855835, rho: 0.4000000000000001
[TRAIN]: (272/1600): reward: -13.559685975313187, rates: 0.4403140229920814, loss: 1.0557197228074073, rho: 0.4000000000000001
[TRAIN]: (273/1600): reward: -2.567811980843544, rates: 10.432188241457773, loss: 1.0473891139030456, rho: 0.4000000000000001
[TRAIN]: (274/1600): reward: 0.2714267894625664, rates: 13.27142700774915, loss: 1.2497111335396767, rho: 0.4000000000000001
[TRAIN]: (275/1600): reward: -2.116091728210449, rates: 10.883908197492001, loss: 1.0788597464561462, rho: 0.4000000000000001
[TRAIN]: (276/1600): reward: -1.7961044311523438, rates: 11.203895899915718, loss: 1.1162081956863403, rho: 0.4000000000000001
[TRAIN]: (277/1600): reward: -13.905472680926323, rates: 0.09452731792303945, loss: 1.284511110186577, rho: 0.4000000000000001
[TRAIN]: (278/1600): reward: -12.215372815728188, rates: 0.7846271660259783, loss: 1.1737786501646041, rho: 0.4000000000000001
[TRAIN]: (279/1600): reward: -5.622633980587125, rates: 4.377366002003454, loss: 0.9490005902945995, rho: 0.4000000000000001
[TRAIN]: (280/1600): reward: -0.043343544006347656, rates: 10.956656633675768, loss: 1.1583981856703758, rho: 0.4000000000000001
[TRAIN]: (281/1600): reward: -6.681220605969429, rates: 5.318779416779327, loss: 1.1253174036741256, rho: 0.4000000000000001
[TRAIN]: (282/1600): reward: -1.3960161209106445, rates: 11.603983863572328, loss: 1.660169880092144, rho: 0.4000000000000001
[TRAIN]: (283/1600): reward: 0.40215301513671875, rates: 11.402153384439266, loss: 0.9672760054469108, rho: 0.4000000000000001
[TRAIN]: (284/1600): reward: -4.143079042434692, rates: 9.85692107154434, loss: 0.9722589686512947, rho: 0.4000000000000001
[TRAIN]: (285/1600): reward: -10.561367511749268, rates: 5.438632431460023, loss: 1.2773739784955978, rho: 0.4000000000000001
[TRAIN]: (286/1600): reward: -7.095102414488792, rates: 5.904897783558145, loss: 1.3196066066622734, rho: 0.4000000000000001
[TRAIN]: (287/1600): reward: 0.005255937576293945, rates: 15.00525591778905, loss: 1.2078993119299413, rho: 0.4000000000000001
[TRAIN]: (288/1600): reward: -9.571857810020447, rates: 5.4281423628894165, loss: 1.3499968558549882, rho: 0.4000000000000001
[TRAIN]: (289/1600): reward: -4.519384443759918, rates: 9.480615230363771, loss: 1.1636513262987136, rho: 0.4000000000000001
[TRAIN]: (290/1600): reward: -6.858246326446533, rates: 5.141753693830953, loss: 1.0463674984872342, rho: 0.4000000000000001
[TRAIN]: (291/1600): reward: -1.5939197540283203, rates: 12.406080290972767, loss: 1.3489724338054656, rho: 0.4000000000000001
[TRAIN]: (292/1600): reward: -10.143235679715872, rates: 3.8567642554694936, loss: 1.1527145564556123, rho: 0.4000000000000001
[TRAIN]: (293/1600): reward: -1.4068115949630737, rates: 10.59318848617232, loss: 1.0963192850351333, rho: 0.4000000000000001
[TRAIN]: (294/1600): reward: -4.891812354326248, rates: 9.108187419007972, loss: 0.9615874275565147, rho: 0.4000000000000001
[TRAIN]: (295/1600): reward: -15.926630087196827, rates: 0.07336991136943637, loss: 1.2862963676452637, rho: 0.4000000000000001
[TRAIN]: (296/1600): reward: -12.93482118844986, rates: 4.065178728461171, loss: 1.2515637069940566, rho: 0.4000000000000001
[TRAIN]: (297/1600): reward: -11.158982753753662, rates: 4.8410171456972755, loss: 1.054834358394146, rho: 0.4000000000000001
[TRAIN]: (298/1600): reward: -9.664263486862183, rates: 5.335736688505874, loss: 1.2919935196638108, rho: 0.4000000000000001
[TRAIN]: (299/1600): reward: -10.845024585723877, rates: 5.1549752435835, loss: 1.0791615918278694, rho: 0.4000000000000001
[TRAIN]: (300/1600): reward: -9.043463230133057, rates: 4.956536659531459, loss: 1.1296143546700477, rho: 0.4000000000000001
[TRAIN]: (301/1600): reward: -3.8311066776514053, rates: 8.168893108393867, loss: 1.250017748773098, rho: 0.4000000000000001
[TRAIN]: (302/1600): reward: -11.447101429104805, rates: 1.5528985543621008, loss: 1.38493712246418, rho: 0.4000000000000001
[TRAIN]: (303/1600): reward: -14.186288073658943, rates: 0.8137119410231662, loss: 1.2678875029087067, rho: 0.4000000000000001
[TRAIN]: (304/1600): reward: -5.385073900222778, rates: 7.614926204708017, loss: 1.0988218992948533, rho: 0.4000000000000001
[TRAIN]: (305/1600): reward: -2.669006258249283, rates: 10.330993603993434, loss: 1.1728408813476563, rho: 0.4000000000000001
[TRAIN]: (306/1600): reward: 0.6587690785527229, rates: 16.658769139486672, loss: 1.2497469574213027, rho: 0.4000000000000001
[TRAIN]: (307/1600): reward: 1.2795206308364868, rates: 14.279520458146276, loss: 1.1328148245811462, rho: 0.4000000000000001
[TRAIN]: (308/1600): reward: -17.0, rates: 0, loss: 1.2023350343108177, rho: 0.4000000000000001
[TRAIN]: (309/1600): reward: -6.999741077423096, rates: 5.000258731859519, loss: 1.0722255244851113, rho: 0.4000000000000001
[TRAIN]: (310/1600): reward: -9.009767532348633, rates: 5.990232411652974, loss: 1.1665599659085273, rho: 0.4000000000000001
[TRAIN]: (311/1600): reward: -2.2081307023763657, rates: 9.791869511840554, loss: 0.9113465547561646, rho: 0.4000000000000001
[TRAIN]: (312/1600): reward: -7.972396910190582, rates: 7.027603215133576, loss: 1.3526626765727996, rho: 0.4000000000000001
[TRAIN]: (313/1600): reward: -12.977582890540361, rates: 0.022417110340384926, loss: 1.1686270743608476, rho: 0.4000000000000001
[TRAIN]: (314/1600): reward: -13.749485939741135, rates: 0.2505140599066966, loss: 1.21070616543293, rho: 0.4000000000000001
[TRAIN]: (315/1600): reward: -8.939309298992157, rates: 5.060690659001368, loss: 1.0933753103017807, rho: 0.4000000000000001
[TRAIN]: (316/1600): reward: 3.095649242401123, rates: 17.095649216393795, loss: 0.9542181670665741, rho: 0.4000000000000001
[TRAIN]: (317/1600): reward: -10.212184499949217, rates: 3.7878154743977652, loss: 1.4489160478115082, rho: 0.4000000000000001
[TRAIN]: (318/1600): reward: -13.806729093194008, rates: 0.19327090888254633, loss: 1.3572325855493546, rho: 0.4000000000000001
[TRAIN]: (319/1600): reward: -10.070401161909103, rates: 4.9295988684798315, loss: 1.1584588393568993, rho: 0.4000000000000001
[TRAIN]: (320/1600): reward: -7.579539999365807, rates: 4.420459844063242, loss: 1.0135519944131375, rho: 0.4000000000000001
[TRAIN]: (321/1600): reward: -12.170043155550957, rates: 3.8299567697018664, loss: 1.2156212657690049, rho: 0.4000000000000001
[TRAIN]: (322/1600): reward: -10.542961865663528, rates: 4.457038018469928, loss: 1.3080193817615509, rho: 0.4000000000000001
[TRAIN]: (323/1600): reward: -17.54672199487686, rates: 0.4532780120930271, loss: 1.0615517780184747, rho: 0.4000000000000001
[TRAIN]: (324/1600): reward: 11.113140791654587, rates: 21.11314086405832, loss: 1.2741386592388153, rho: 0.4000000000000001
[TRAIN]: (325/1600): reward: -10.194407165050507, rates: 2.805592780208863, loss: 1.132926243543625, rho: 0.4000000000000001
[TRAIN]: (326/1600): reward: -8.939201168715954, rates: 5.060798860209045, loss: 1.1865669652819633, rho: 0.4000000000000001
[TRAIN]: (327/1600): reward: -10.02617684006691, rates: 5.973823126320904, loss: 1.32871133685112, rho: 0.4000000000000001
[TRAIN]: (328/1600): reward: -3.5391035079956055, rates: 11.460896276640725, loss: 1.156333376467228, rho: 0.4000000000000001
[TRAIN]: (329/1600): reward: -14.949389476329088, rates: 0.05061052443461507, loss: 1.0124084904789925, rho: 0.4000000000000001
[TRAIN]: (330/1600): reward: -5.889833062887192, rates: 9.11016690215666, loss: 1.2620423123240472, rho: 0.4000000000000001
[TRAIN]: (331/1600): reward: -10.510048240423203, rates: 5.489951754748109, loss: 1.1273311913013457, rho: 0.4000000000000001
[TRAIN]: (332/1600): reward: -12.412165328860283, rates: 2.5878346791165945, loss: 1.1823131829500197, rho: 0.4000000000000001
[TRAIN]: (333/1600): reward: -13.55478386208415, rates: 1.4452161182104253, loss: 1.4632786631584167, rho: 0.4000000000000001
[TRAIN]: (334/1600): reward: -5.2768701277673244, rates: 5.723129821337453, loss: 1.3153409153223037, rho: 0.4000000000000001
[TRAIN]: (335/1600): reward: -3.0951823592185974, rates: 10.90481777284932, loss: 1.2553898394107819, rho: 0.4000000000000001
[TRAIN]: (336/1600): reward: -2.8009174168109894, rates: 10.199082337089056, loss: 1.0457241371273995, rho: 0.4000000000000001
[TRAIN]: (337/1600): reward: -6.212647929787636, rates: 6.78735223616031, loss: 1.0724375233054162, rho: 0.4000000000000001
[TRAIN]: (338/1600): reward: -2.739859700202942, rates: 11.260140675221592, loss: 1.1754851803183555, rho: 0.4000000000000001
[TRAIN]: (339/1600): reward: -15.236802160739899, rates: 0.763197818111126, loss: 1.2719689473509788, rho: 0.4000000000000001
[TRAIN]: (340/1600): reward: -13.183651022613049, rates: 0.8163489781268227, loss: 1.1874503090977668, rho: 0.4000000000000001
[TRAIN]: (341/1600): reward: -15.0, rates: 0, loss: 1.2537894040346145, rho: 0.4000000000000001
[TRAIN]: (342/1600): reward: -3.789008140563965, rates: 11.210991924675591, loss: 1.451063233613968, rho: 0.4000000000000001
[TRAIN]: (343/1600): reward: -1.5283380039036274, rates: 11.471662128092676, loss: 1.137418532371521, rho: 0.4000000000000001
[TRAIN]: (344/1600): reward: -12.710585594177246, rates: 4.2894145534796175, loss: 1.1305063173174859, rho: 0.4000000000000001
[TRAIN]: (345/1600): reward: -12.972708225250244, rates: 5.027292009383675, loss: 1.1288984924554826, rho: 0.4000000000000001
[TRAIN]: (346/1600): reward: -12.189309120178223, rates: 4.810690848719978, loss: 1.363628014922142, rho: 0.4000000000000001
[TRAIN]: (347/1600): reward: -14.767276465892792, rates: 0.23272354072093643, loss: 1.0473834335803986, rho: 0.4000000000000001
[TRAIN]: (348/1600): reward: -11.04380178451538, rates: 3.9561981140748497, loss: 1.1186306416988372, rho: 0.4000000000000001
[TRAIN]: (349/1600): reward: -0.6562427282333374, rates: 12.343757404666082, loss: 1.257386913895607, rho: 0.4000000000000001
[TRAIN]: (350/1600): reward: 2.4766949713230133, rates: 14.476695286198435, loss: 1.22883809953928, rho: 0.4000000000000001
[TRAIN]: (351/1600): reward: -3.065890446305275, rates: 7.934109418884981, loss: 0.9630943819880485, rho: 0.4000000000000001
[TRAIN]: (352/1600): reward: -13.100709795951843, rates: 0.8992901994573764, loss: 1.0198778614401818, rho: 0.4000000000000001
[TRAIN]: (353/1600): reward: -8.460422396659851, rates: 5.539577571012121, loss: 1.1058818310499192, rho: 0.4000000000000001
[TRAIN]: (354/1600): reward: -16.59241682291031, rates: 0.4075831689965269, loss: 1.0768928930163384, rho: 0.4000000000000001
[TRAIN]: (355/1600): reward: -16.707502096891403, rates: 0.2924978956424827, loss: 1.130824688076973, rho: 0.4000000000000001
[TRAIN]: (356/1600): reward: -10.394603729248047, rates: 4.605396164273748, loss: 0.967727929353714, rho: 0.4000000000000001
[TRAIN]: (357/1600): reward: -3.8436149284243584, rates: 6.156385176635299, loss: 1.128819640725851, rho: 0.4000000000000001
[TRAIN]: (358/1600): reward: -7.197987347841263, rates: 6.802012417923055, loss: 1.0347948029637337, rho: 0.4000000000000001
[TRAIN]: (359/1600): reward: -7.714664459228516, rates: 5.2853354802738615, loss: 1.1891193047165871, rho: 0.4000000000000001
[TRAIN]: (360/1600): reward: -6.267864473164082, rates: 8.732135307601343, loss: 1.3234911993145944, rho: 0.4000000000000001
[TRAIN]: (361/1600): reward: -0.7718926668167114, rates: 10.228107097892835, loss: 1.01751489341259, rho: 0.4000000000000001
[TRAIN]: (362/1600): reward: -11.253747463226318, rates: 5.746252489601926, loss: 1.1669919431209563, rho: 0.4000000000000001
[TRAIN]: (363/1600): reward: -3.70015849173069, rates: 11.299841139091473, loss: 1.0139419823884963, rho: 0.4000000000000001
[TRAIN]: (364/1600): reward: -3.596563618630171, rates: 10.40343639227093, loss: 1.159528487175703, rho: 0.4000000000000001
[TRAIN]: (365/1600): reward: 17.5158327575773, rates: 26.515833061152552, loss: 1.1668838173151017, rho: 0.4000000000000001
[TRAIN]: (366/1600): reward: 3.5713019371032715, rates: 17.571301988335847, loss: 1.2016155913472175, rho: 0.4000000000000001
[TRAIN]: (367/1600): reward: -0.7432094663381577, rates: 13.256790862957681, loss: 1.1092791885137558, rho: 0.4000000000000001
[TRAIN]: (368/1600): reward: -13.569986209273338, rates: 0.4300137902486606, loss: 1.4004870787262917, rho: 0.4000000000000001
[TRAIN]: (369/1600): reward: -3.868112727999687, rates: 6.131887235686862, loss: 1.2547121211886405, rho: 0.4000000000000001
[TRAIN]: (370/1600): reward: -11.564250886440277, rates: 1.4357491468234498, loss: 1.1152395501732826, rho: 0.4000000000000001
[TRAIN]: (371/1600): reward: 3.621121995151043, rates: 15.62112188458027, loss: 1.3144994765520095, rho: 0.4000000000000001
[TRAIN]: (372/1600): reward: -1.373174324631691, rates: 10.626825575074864, loss: 0.9928304746747016, rho: 0.4000000000000001
[TRAIN]: (373/1600): reward: -13.318936824798584, rates: 0.6810631482802001, loss: 1.2606927514076234, rho: 0.4000000000000001
[TRAIN]: (374/1600): reward: -5.036083668470383, rates: 8.963916161589179, loss: 1.1000760421156883, rho: 0.4000000000000001
[TRAIN]: (375/1600): reward: -11.593713909387589, rates: 0.4062861010050072, loss: 0.9239727772772313, rho: 0.4000000000000001
[TRAIN]: (376/1600): reward: -6.343694686889648, rates: 8.656305251982866, loss: 0.9254926562309265, rho: 0.4000000000000001
[TRAIN]: (377/1600): reward: -2.550534248352051, rates: 7.4494658241037275, loss: 1.3307343691587448, rho: 0.4000000000000001
[TRAIN]: (378/1600): reward: -5.05988335609436, rates: 6.940116741416457, loss: 1.2458214730024337, rho: 0.4000000000000001
[TRAIN]: (379/1600): reward: -2.9723880290985107, rates: 10.027611955889139, loss: 1.1236655682325363, rho: 0.4000000000000001
[TRAIN]: (380/1600): reward: 4.6139914989471436, rates: 16.61399153656419, loss: 1.1627032101154327, rho: 0.4000000000000001
[TRAIN]: (381/1600): reward: -9.589948654174805, rates: 5.410051238140526, loss: 1.1803178392350673, rho: 0.4000000000000001
[TRAIN]: (382/1600): reward: -4.599301859736443, rates: 10.40069776493009, loss: 1.203627073764801, rho: 0.4000000000000001
[TRAIN]: (383/1600): reward: -6.295949280261993, rates: 6.704050523986291, loss: 1.0154178082942962, rho: 0.4000000000000001
[TRAIN]: (384/1600): reward: -12.457180060446262, rates: 0.542819945726654, loss: 1.0302216097712518, rho: 0.4000000000000001
[TRAIN]: (385/1600): reward: -12.935718953609467, rates: 3.0642809747211888, loss: 1.0029795728623867, rho: 0.4000000000000001
[TRAIN]: (386/1600): reward: -3.9947327077388763, rates: 6.005267454040438, loss: 1.3275832951068878, rho: 0.4000000000000001
[TRAIN]: (387/1600): reward: -9.188589796423912, rates: 4.811410300650249, loss: 0.9865904465317726, rho: 0.4000000000000001
[TRAIN]: (388/1600): reward: -7.547088146209717, rates: 4.452912081035282, loss: 1.2500690042972564, rho: 0.4000000000000001
[TRAIN]: (389/1600): reward: -16.377611994743347, rates: 0.6223880182998405, loss: 1.2273523047566415, rho: 0.4000000000000001
[TRAIN]: (390/1600): reward: -7.895911566913128, rates: 6.104088657370356, loss: 1.2064425989985466, rho: 0.4000000000000001
[TRAIN]: (391/1600): reward: -1.3415002822875977, rates: 11.658499666232053, loss: 1.148172365128994, rho: 0.4000000000000001
[TRAIN]: (392/1600): reward: -17.0, rates: 0, loss: 1.1016774386167527, rho: 0.4000000000000001
[TRAIN]: (393/1600): reward: -11.700384259223938, rates: 5.299615815017673, loss: 1.259641233086586, rho: 0.4000000000000001
[TRAIN]: (394/1600): reward: -4.915778338909149, rates: 8.08422150922316, loss: 1.3630805492401123, rho: 0.4000000000000001
[TRAIN]: (395/1600): reward: -3.421535164117813, rates: 10.578464807210395, loss: 1.1785556212067605, rho: 0.4000000000000001
[TRAIN]: (396/1600): reward: -13.540197499096394, rates: 0.459802513110342, loss: 1.1585038483142853, rho: 0.4000000000000001
[TRAIN]: (397/1600): reward: -2.741118907928467, rates: 10.258880836426723, loss: 1.3915739759802819, rho: 0.4000000000000001
[TRAIN]: (398/1600): reward: -10.471200540661812, rates: 4.528799251779226, loss: 0.9779537156224251, rho: 0.4000000000000001
[TRAIN]: (399/1600): reward: -16.0, rates: 0, loss: 1.336710625886917, rho: 0.4000000000000001
[TRAIN]: (400/1600): reward: 3.6136095970869064, rates: 14.613609301720949, loss: 1.1299244716763497, rho: 0.4000000000000001
[TRAIN]: (401/1600): reward: -13.53433084487915, rates: 0.4656691598156086, loss: 1.1278810292482375, rho: 0.4000000000000001
[TRAIN]: (402/1600): reward: -4.633837670087814, rates: 9.366162370188771, loss: 0.9705519214272499, rho: 0.4000000000000001
[TRAIN]: (403/1600): reward: 6.006715536117554, rates: 18.006715659825257, loss: 1.0451948791742325, rho: 0.4000000000000001
[TRAIN]: (404/1600): reward: -8.231934443116188, rates: 5.768065670914926, loss: 0.9340036168694497, rho: 0.4000000000000001
[TRAIN]: (405/1600): reward: -5.897581942379475, rates: 7.102418187680608, loss: 1.3269685596227645, rho: 0.4000000000000001
[TRAIN]: (406/1600): reward: -4.414312727749348, rates: 7.585687134373121, loss: 1.2844020955264568, rho: 0.4000000000000001
[TRAIN]: (407/1600): reward: -5.739324524998665, rates: 10.260675397022592, loss: 1.2149410158395768, rho: 0.4000000000000001
[TRAIN]: (408/1600): reward: -3.7306095361709595, rates: 10.269390291618047, loss: 1.230099579691887, rho: 0.4000000000000001
[TRAIN]: (409/1600): reward: -7.71810607612133, rates: 5.281894128402394, loss: 1.168513010442257, rho: 0.4000000000000001
[TRAIN]: (410/1600): reward: -0.7908657193183899, rates: 10.209133897311476, loss: 1.3161473214626311, rho: 0.4000000000000001
[TRAIN]: (411/1600): reward: -3.0695548690855503, rates: 10.930445001056441, loss: 1.2904308930039405, rho: 0.4000000000000001
[TRAIN]: (412/1600): reward: -1.7102982997894287, rates: 12.289701730829773, loss: 0.9818757832050323, rho: 0.4000000000000001
[TRAIN]: (413/1600): reward: -12.905748650431633, rates: 0.09425135025316751, loss: 0.9373367011547089, rho: 0.4000000000000001
[TRAIN]: (414/1600): reward: -4.300940111279488, rates: 6.699059843835354, loss: 1.1684028699994087, rho: 0.4000000000000001
[TRAIN]: (415/1600): reward: -11.294242143630981, rates: 4.7057579631408935, loss: 1.1245419815182687, rho: 0.4000000000000001
[TRAIN]: (416/1600): reward: 0.4695710688829422, rates: 12.469571208395871, loss: 1.2190127313137054, rho: 0.4000000000000001
[TRAIN]: (417/1600): reward: -14.756970312446356, rates: 0.2430296854842755, loss: 1.0391940236091615, rho: 0.4000000000000001
[TRAIN]: (418/1600): reward: -1.4052537977695465, rates: 11.5947464136126, loss: 0.9721354834735394, rho: 0.4000000000000001
[TRAIN]: (419/1600): reward: -3.5283723697066307, rates: 10.47162792491947, loss: 0.9252245828509331, rho: 0.4000000000000001
[TRAIN]: (420/1600): reward: 0.28386233001947403, rates: 15.283862312980453, loss: 1.0344860836863519, rho: 0.4000000000000001
[TRAIN]: (421/1600): reward: 1.133991003036499, rates: 14.133991148779224, loss: 0.9827603310346603, rho: 0.4000000000000001
[TRAIN]: (422/1600): reward: -13.461951807141304, rates: 0.5380481844125995, loss: 1.0582607999444007, rho: 0.4000000000000001
[TRAIN]: (423/1600): reward: 8.095322370529175, rates: 21.095322427803247, loss: 1.012163545191288, rho: 0.4000000000000001
[TRAIN]: (424/1600): reward: -9.416841506958008, rates: 4.583158393117129, loss: 1.1905883967876434, rho: 0.4000000000000001
[TRAIN]: (425/1600): reward: -4.969053640961647, rates: 6.0309464087961056, loss: 1.189947846531868, rho: 0.4000000000000001
[TRAIN]: (426/1600): reward: -14.0, rates: 0, loss: 1.2050298631191254, rho: 0.4000000000000001
[TRAIN]: (427/1600): reward: 12.229007676243782, rates: 22.22900769225674, loss: 1.2503209605813026, rho: 0.4000000000000001
[TRAIN]: (428/1600): reward: 3.5237436294555664, rates: 13.523743849265111, loss: 1.0777390904724597, rho: 0.4000000000000001
[TRAIN]: (429/1600): reward: 14.27940320968628, rates: 25.279403114682665, loss: 1.1523766100406647, rho: 0.4000000000000001
[TRAIN]: (430/1600): reward: -5.258297443389893, rates: 8.741702552697387, loss: 0.8747698724269867, rho: 0.4000000000000001
[TRAIN]: (431/1600): reward: -7.515359178185463, rates: 6.484640877578056, loss: 1.2316046580672264, rho: 0.4000000000000001
[TRAIN]: (432/1600): reward: -1.5524413585662842, rates: 11.447558517481228, loss: 0.919421610981226, rho: 0.4000000000000001
[TRAIN]: (433/1600): reward: -15.888328082859516, rates: 0.11167191366772611, loss: 1.2551714479923248, rho: 0.4000000000000001
[TRAIN]: (434/1600): reward: 1.5122214555740356, rates: 13.512221509825407, loss: 0.8881646439433097, rho: 0.4000000000000001
[TRAIN]: (435/1600): reward: -8.013954915106297, rates: 5.986045225308679, loss: 1.3536706119775772, rho: 0.4000000000000001
[TRAIN]: (436/1600): reward: -10.00797986984253, rates: 4.99202020340114, loss: 0.8523687183856964, rho: 0.4000000000000001
[TRAIN]: (437/1600): reward: -16.754650607705116, rates: 0.2453493972778249, loss: 1.245408096536994, rho: 0.4000000000000001
[TRAIN]: (438/1600): reward: -3.0412645637989044, rates: 11.958735496740132, loss: 1.1039364069700242, rho: 0.4000000000000001
[TRAIN]: (439/1600): reward: -15.51725897192955, rates: 0.48274101444082873, loss: 0.9244748026132583, rho: 0.4000000000000001
[TRAIN]: (440/1600): reward: 5.139535762369633, rates: 17.139535395879967, loss: 1.2315071180462838, rho: 0.4000000000000001
[TRAIN]: (441/1600): reward: 7.110076606273651, rates: 19.11007642465798, loss: 1.2353099964559078, rho: 0.4000000000000001
[TRAIN]: (442/1600): reward: 10.653766624629498, rates: 22.65376681081023, loss: 1.0750233858823777, rho: 0.4000000000000001
[TRAIN]: (443/1600): reward: -13.60946199297905, rates: 4.390537825881484, loss: 1.2746415480971336, rho: 0.4000000000000001
[TRAIN]: (444/1600): reward: -8.144078254699707, rates: 5.855921624587652, loss: 1.256223340332508, rho: 0.4000000000000001
[TRAIN]: (445/1600): reward: -16.865462630987167, rates: 0.13453736889237566, loss: 1.2438444912433624, rho: 0.4000000000000001
[TRAIN]: (446/1600): reward: -4.475279189646244, rates: 8.524720625298546, loss: 1.302838596701622, rho: 0.4000000000000001
[TRAIN]: (447/1600): reward: 1.010161381214857, rates: 13.010161585120718, loss: 1.3122109293937683, rho: 0.4000000000000001
[TRAIN]: (448/1600): reward: 7.372658025473356, rates: 18.372658276022506, loss: 0.9945359617471695, rho: 0.4000000000000001
[TRAIN]: (449/1600): reward: 12.28346562385559, rates: 20.283465642803932, loss: 1.0148290678858758, rho: 0.4000000000000001
[TRAIN]: (450/1600): reward: -11.187005519866943, rates: 4.812994632493385, loss: 1.2978329867124558, rho: 0.4000000000000001
[TRAIN]: (451/1600): reward: -7.503270328044891, rates: 5.4967297547426694, loss: 1.1409249737858773, rho: 0.4000000000000001
[TRAIN]: (452/1600): reward: -4.0234270468354225, rates: 5.976572901872557, loss: 1.1845081597566605, rho: 0.4000000000000001
[TRAIN]: (453/1600): reward: 0.08927623927593231, rates: 12.089275878261352, loss: 1.339257350564003, rho: 0.4000000000000001
[TRAIN]: (454/1600): reward: -1.460285760462284, rates: 11.539714363565164, loss: 1.4134096592664718, rho: 0.4000000000000001
[TRAIN]: (455/1600): reward: -2.2685531675815582, rates: 11.731446883229346, loss: 1.425868819653988, rho: 0.4000000000000001
[TRAIN]: (456/1600): reward: 8.122504442930222, rates: 19.12250454951385, loss: 1.1122565045952797, rho: 0.4000000000000001
[TRAIN]: (457/1600): reward: -2.153083935379982, rates: 10.846916210385043, loss: 1.091927844285965, rho: 0.4000000000000001
[TRAIN]: (458/1600): reward: -6.495961979031563, rates: 6.504037956485732, loss: 1.2546673983335495, rho: 0.4000000000000001
[TRAIN]: (459/1600): reward: -14.250615358352661, rates: 0.7493846363796903, loss: 1.0444625005126, rho: 0.4000000000000001
[TRAIN]: (460/1600): reward: -5.304964303970337, rates: 8.69503565266807, loss: 1.2248501256108284, rho: 0.4000000000000001
[TRAIN]: (461/1600): reward: -14.917310789227486, rates: 0.0826892075407, loss: 1.2513397127389907, rho: 0.4000000000000001
[TRAIN]: (462/1600): reward: -12.715146541595459, rates: 4.2848535527511125, loss: 1.2099286213517189, rho: 0.4000000000000001
[TRAIN]: (463/1600): reward: -0.9663308598101139, rates: 11.033669110753868, loss: 1.142040805518627, rho: 0.4000000000000001
[TRAIN]: (464/1600): reward: -4.7072062492370605, rates: 9.292793996282253, loss: 1.2567847698926926, rho: 0.4000000000000001
[TRAIN]: (465/1600): reward: -2.609445571899414, rates: 11.390554489296207, loss: 0.9877705842256546, rho: 0.4000000000000001
[TRAIN]: (466/1600): reward: 6.085245251655579, rates: 18.085245274494284, loss: 1.305869947373867, rho: 0.4000000000000001
[TRAIN]: (467/1600): reward: -0.6578383445739746, rates: 14.342161699206972, loss: 1.1431374222040176, rho: 0.4000000000000001
[TRAIN]: (468/1600): reward: -3.0146566182374954, rates: 10.98534332868189, loss: 1.0776490062475204, rho: 0.4000000000000001
[TRAIN]: (469/1600): reward: -11.947057694196701, rates: 1.052942271276489, loss: 1.320700791478157, rho: 0.4000000000000001
[TRAIN]: (470/1600): reward: -5.869725674390793, rates: 6.130274375779727, loss: 1.3656062170863152, rho: 0.4000000000000001
[TRAIN]: (471/1600): reward: -9.799219854176044, rates: 4.20078025867389, loss: 1.4307872146368026, rho: 0.4000000000000001
[TRAIN]: (472/1600): reward: -5.419245779514313, rates: 9.580754383048937, loss: 1.3292744308710098, rho: 0.4000000000000001
[TRAIN]: (473/1600): reward: -7.421730220317841, rates: 5.57826965428593, loss: 1.2418351605534554, rho: 0.4000000000000001
[TRAIN]: (474/1600): reward: -16.0, rates: 0.0, loss: 1.2339596189558506, rho: 0.4000000000000001
[TRAIN]: (475/1600): reward: -11.405635237693787, rates: 0.5943647690082184, loss: 1.0408842474222184, rho: 0.4000000000000001
[TRAIN]: (476/1600): reward: -7.8857302367687225, rates: 6.1142696480119, loss: 1.3681727945804596, rho: 0.4000000000000001
[TRAIN]: (477/1600): reward: -1.8655767440795898, rates: 11.134423393001606, loss: 1.4358009070158004, rho: 0.4000000000000001
[TRAIN]: (478/1600): reward: -13.610278263688087, rates: 2.389721634084602, loss: 1.035694769024849, rho: 0.4000000000000001
[TRAIN]: (479/1600): reward: -10.80903346836567, rates: 4.1909665663396245, loss: 1.1682946532964706, rho: 0.4000000000000001
[TRAIN]: (480/1600): reward: -5.899258308112621, rates: 8.100741714792367, loss: 1.2467356882989407, rho: 0.4000000000000001
[TRAIN]: (481/1600): reward: -9.93541145324707, rates: 5.064588349739586, loss: 1.1231550931930543, rho: 0.4000000000000001
[TRAIN]: (482/1600): reward: -3.864085476845503, rates: 9.135914548570561, loss: 1.1732519835233688, rho: 0.4000000000000001
[TRAIN]: (483/1600): reward: 3.1932244151830673, rates: 15.193224692297562, loss: 1.2180492728948593, rho: 0.4000000000000001
[TRAIN]: (484/1600): reward: -2.4914013147354126, rates: 11.508598452125998, loss: 1.1012382879853249, rho: 0.4000000000000001
[TRAIN]: (485/1600): reward: 5.469255208969116, rates: 16.469255191519345, loss: 1.1333111077547073, rho: 0.4000000000000001
[TRAIN]: (486/1600): reward: -14.35652270913124, rates: 0.6434772910632462, loss: 1.5927989393472672, rho: 0.4000000000000001
[TRAIN]: (487/1600): reward: -9.447528421878815, rates: 6.552471595793786, loss: 1.04693696051836, rho: 0.4000000000000001
[TRAIN]: (488/1600): reward: -10.121865384280682, rates: 4.878134414214347, loss: 1.1924208253622055, rho: 0.4000000000000001
[TRAIN]: (489/1600): reward: -2.763750545680523, rates: 9.236249403942576, loss: 1.1523851841688155, rho: 0.4000000000000001
[TRAIN]: (490/1600): reward: -6.588742598891258, rates: 6.411257574651094, loss: 1.1845496699213982, rho: 0.4000000000000001
[TRAIN]: (491/1600): reward: -3.7929699644446373, rates: 11.207029878086946, loss: 1.0068779386579991, rho: 0.4000000000000001
[TRAIN]: (492/1600): reward: -6.388688385486603, rates: 6.611311581634421, loss: 1.0779065132141112, rho: 0.4000000000000001
[TRAIN]: (493/1600): reward: -4.455644065514207, rates: 10.544355785079945, loss: 1.3982271507382393, rho: 0.4000000000000001
[TRAIN]: (494/1600): reward: 5.95587682723999, rates: 17.955877021590062, loss: 1.2309624254703522, rho: 0.4000000000000001
[TRAIN]: (495/1600): reward: 9.340789198875427, rates: 21.34078918265131, loss: 1.1585144117474555, rho: 0.4000000000000001
[TRAIN]: (496/1600): reward: -17.0, rates: 0, loss: 1.0811151459813118, rho: 0.4000000000000001
[TRAIN]: (497/1600): reward: 5.088956415653229, rates: 19.088956468887588, loss: 1.1545520558953286, rho: 0.4000000000000001
[TRAIN]: (498/1600): reward: -13.820056781172752, rates: 0.17994321462193932, loss: 1.3035808980464936, rho: 0.4000000000000001
[TRAIN]: (499/1600): reward: -8.761972546577454, rates: 6.238027515989317, loss: 1.1162838019430636, rho: 0.4000000000000001
[TRAIN]: (500/1600): reward: 2.357492446899414, rates: 17.357492765642352, loss: 1.2604379415512086, rho: 0.4000000000000001
[TRAIN]: (501/1600): reward: -4.876601491123438, rates: 8.123398448218218, loss: 1.3211345002055168, rho: 0.4000000000000001
[TRAIN]: (502/1600): reward: -6.598064109683037, rates: 6.401936083431911, loss: 1.2321783542633056, rho: 0.4000000000000001
[TRAIN]: (503/1600): reward: -2.997612114995718, rates: 9.00238801113973, loss: 1.1403116330504417, rho: 0.4000000000000001
[TRAIN]: (504/1600): reward: 2.372306242585182, rates: 13.372306246745444, loss: 0.9767966017127037, rho: 0.4000000000000001
[TRAIN]: (505/1600): reward: -13.250216528773308, rates: 0.7497834996842561, loss: 1.2205127447843551, rho: 0.4000000000000001
[TRAIN]: (506/1600): reward: 8.253713365644217, rates: 16.2537133503103, loss: 1.3393121540546418, rho: 0.4000000000000001
[TRAIN]: (507/1600): reward: 10.146043973043561, rates: 18.14604391456572, loss: 1.0542686372995376, rho: 0.4000000000000001
[TRAIN]: (508/1600): reward: 9.586830966174603, rates: 18.586830940414565, loss: 1.334149594604969, rho: 0.4000000000000001
[TRAIN]: (509/1600): reward: 5.148618698120117, rates: 18.148619026871685, loss: 1.1246525585651397, rho: 0.4000000000000001
[TRAIN]: (510/1600): reward: 6.121124438941479, rates: 19.121123964671575, loss: 1.1587853521108626, rho: 0.4000000000000001
[TRAIN]: (511/1600): reward: 23.55331878364086, rates: 29.553318665336967, loss: 1.3912677049636841, rho: 0.4000000000000001
[TRAIN]: (512/1600): reward: 15.70526624377817, rates: 25.70526589676888, loss: 1.0692902892827987, rho: 0.4000000000000001
[TRAIN]: (513/1600): reward: 22.808479167521, rates: 31.80847923524862, loss: 1.3581428855657578, rho: 0.4000000000000001
[TRAIN]: (514/1600): reward: 8.313635166734457, rates: 16.313634724351445, loss: 1.3161109149456025, rho: 0.4000000000000001
[TRAIN]: (515/1600): reward: 10.388584315776825, rates: 19.388583800257074, loss: 1.4482295989990235, rho: 0.4000000000000001
[TRAIN]: (516/1600): reward: 17.543208330869675, rates: 28.543208349668575, loss: 1.4691273808479308, rho: 0.4000000000000001
[TRAIN]: (517/1600): reward: 18.11385089159012, rates: 28.113850944458438, loss: 1.156394411623478, rho: 0.4000000000000001
[TRAIN]: (518/1600): reward: 11.335813045501709, rates: 21.33581316914785, loss: 1.0890687212347985, rho: 0.4000000000000001
[TRAIN]: (519/1600): reward: 18.169057473540306, rates: 30.169057262300097, loss: 1.0626339092850685, rho: 0.4000000000000001
[TRAIN]: (520/1600): reward: 21.074260426685214, rates: 28.07426010802872, loss: 1.233467124402523, rho: 0.4000000000000001
[TRAIN]: (521/1600): reward: 20.1179810911417, rates: 30.117981150748406, loss: 0.9212360918521881, rho: 0.4000000000000001
[TRAIN]: (522/1600): reward: 25.662182949483395, rates: 31.662182523876577, loss: 1.2265861481428146, rho: 0.4000000000000001
[TRAIN]: (523/1600): reward: 8.337272435426712, rates: 17.337272327196178, loss: 1.1482829198241233, rho: 0.4000000000000001
[TRAIN]: (524/1600): reward: 22.830096947029233, rates: 29.830096935407, loss: 1.221297737956047, rho: 0.4000000000000001
[TRAIN]: (525/1600): reward: 31.53987582027912, rates: 40.539875596482545, loss: 1.2241376683115959, rho: 0.4000000000000001
[TRAIN]: (526/1600): reward: 34.3453072309494, rates: 40.34530732116331, loss: 1.3251922011375428, rho: 0.4000000000000001
[TRAIN]: (527/1600): reward: 21.237908743321896, rates: 27.237909053095894, loss: 1.0905405297875403, rho: 0.4000000000000001
[TRAIN]: (528/1600): reward: 26.28795725107193, rates: 33.28795763930004, loss: 1.2243742227554322, rho: 0.4000000000000001
[TRAIN]: (529/1600): reward: 14.320474326610565, rates: 24.32047454117268, loss: 1.1144361063838004, rho: 0.4000000000000001
[TRAIN]: (530/1600): reward: 27.561174228787422, rates: 34.56117429993597, loss: 0.9860307991504669, rho: 0.4000000000000001
[TRAIN]: (531/1600): reward: 24.46071253158152, rates: 30.460712438457705, loss: 1.2932014182209968, rho: 0.4000000000000001
[TRAIN]: (532/1600): reward: 20.84496340714395, rates: 28.844962686290504, loss: 1.3151957489550115, rho: 0.4000000000000001
[TRAIN]: (533/1600): reward: 33.361404716968536, rates: 38.36140453353937, loss: 1.1908314108848572, rho: 0.4000000000000001
[TRAIN]: (534/1600): reward: 28.377337343990803, rates: 32.377337597740926, loss: 1.0020816788077354, rho: 0.4000000000000001
[TRAIN]: (535/1600): reward: 26.327591978013515, rates: 34.32759218421702, loss: 1.0954136043787002, rho: 0.4000000000000001
[TRAIN]: (536/1600): reward: 34.35755782574415, rates: 39.35755708997669, loss: 1.0838344395160675, rho: 0.4000000000000001
[TRAIN]: (537/1600): reward: 31.53969046473503, rates: 35.53969034329279, loss: 1.2688958838582038, rho: 0.4000000000000001
[TRAIN]: (538/1600): reward: 31.112057622522116, rates: 36.11205773563858, loss: 1.1796121895313263, rho: 0.4000000000000001
[TRAIN]: (539/1600): reward: 16.169932398945093, rates: 24.16993178045019, loss: 1.2658813789486885, rho: 0.4000000000000001
[TRAIN]: (540/1600): reward: 32.27507548034191, rates: 38.27507553627404, loss: 1.2975344687700272, rho: 0.4000000000000001
[TRAIN]: (541/1600): reward: 24.7553653717041, rates: 30.755365462505395, loss: 1.416761690378189, rho: 0.4000000000000001
[TRAIN]: (542/1600): reward: 28.417425025254488, rates: 34.41742492648925, loss: 1.3481917053461074, rho: 0.4000000000000001
[TRAIN]: (543/1600): reward: 24.244363144040108, rates: 29.24436349586321, loss: 1.2620876520872115, rho: 0.4000000000000001
[TRAIN]: (544/1600): reward: 33.3926018550992, rates: 37.39260158486541, loss: 1.2621644496917725, rho: 0.4000000000000001
[TRAIN]: (545/1600): reward: 21.032326463609934, rates: 29.032326580317203, loss: 1.5472883582115173, rho: 0.4000000000000001
[TRAIN]: (546/1600): reward: 40.58397023752332, rates: 45.583970773923944, loss: 1.5267347604036332, rho: 0.4000000000000001
[TRAIN]: (547/1600): reward: 24.286463748663664, rates: 30.286463359898484, loss: 1.0026323795318604, rho: 0.4000000000000001
[TRAIN]: (548/1600): reward: 23.089723329991102, rates: 29.08972331503579, loss: 1.428115549683571, rho: 0.4000000000000001
[TRAIN]: (549/1600): reward: 33.17978037893772, rates: 38.1797803273904, loss: 1.2700590208172797, rho: 0.4000000000000001
[TRAIN]: (550/1600): reward: 36.75525948032737, rates: 40.75525911033409, loss: 1.3296384528279304, rho: 0.4000000000000001
[TRAIN]: (551/1600): reward: 40.59244814887643, rates: 44.5924490717232, loss: 1.2829564064741135, rho: 0.4000000000000001
[TRAIN]: (552/1600): reward: 37.68221224471927, rates: 42.68221194325854, loss: 1.1424691438674928, rho: 0.4000000000000001
[TRAIN]: (553/1600): reward: 34.59464658796787, rates: 39.59464618948244, loss: 1.2941076338291169, rho: 0.4000000000000001
[TRAIN]: (554/1600): reward: 31.425298209302127, rates: 36.42529793697423, loss: 1.2809536412358284, rho: 0.4000000000000001
[TRAIN]: (555/1600): reward: 36.665343411266804, rates: 41.665344283724494, loss: 1.325773873925209, rho: 0.4000000000000001
[TRAIN]: (556/1600): reward: 33.949622858315706, rates: 37.949622802961635, loss: 1.2287629336118697, rho: 0.4000000000000001
[TRAIN]: (557/1600): reward: 34.63043047860265, rates: 41.63043077810728, loss: 1.1111290976405144, rho: 0.4000000000000001
[TRAIN]: (558/1600): reward: 44.78266741335392, rates: 47.78266692622335, loss: 1.2525490522384644, rho: 0.4000000000000001
[TRAIN]: (559/1600): reward: 34.03187679499388, rates: 37.03187594978057, loss: 1.2205346286296845, rho: 0.4000000000000001
[TRAIN]: (560/1600): reward: 27.25589593499899, rates: 33.25589614284829, loss: 1.2723751038312912, rho: 0.4000000000000001
[TRAIN]: (561/1600): reward: 24.236398421227932, rates: 28.236398285882643, loss: 1.1201943069696427, rho: 0.4000000000000001
[TRAIN]: (562/1600): reward: 41.83830742351711, rates: 44.83830768354924, loss: 1.4574766352772712, rho: 0.4000000000000001
[TRAIN]: (563/1600): reward: 24.564673013985157, rates: 30.564673295791156, loss: 1.1302147388458252, rho: 0.4000000000000001
[TRAIN]: (564/1600): reward: 40.3451531752944, rates: 43.34515391746953, loss: 1.3696606516838075, rho: 0.4000000000000001
[TRAIN]: (565/1600): reward: 29.205309625715017, rates: 35.20530905671011, loss: 1.2915787518024444, rho: 0.4000000000000001
[TRAIN]: (566/1600): reward: 45.721972938627005, rates: 48.72197240680396, loss: 1.2899940356612205, rho: 0.4000000000000001
[TRAIN]: (567/1600): reward: 40.48308818787336, rates: 43.48308837441166, loss: 1.4269924730062484, rho: 0.4000000000000001
[TRAIN]: (568/1600): reward: 42.70572955161333, rates: 43.70572972173418, loss: 1.0172458037734031, rho: 0.4000000000000001
[TRAIN]: (569/1600): reward: 21.710173182189465, rates: 26.710172882864914, loss: 1.2419084042310715, rho: 0.4000000000000001
[TRAIN]: (570/1600): reward: 43.7491353135556, rates: 45.7491354159622, loss: 1.1388671010732652, rho: 0.4000000000000001
[TRAIN]: (571/1600): reward: 32.257116604130715, rates: 35.25711676641097, loss: 1.150619001686573, rho: 0.4000000000000001
[TRAIN]: (572/1600): reward: 21.727764539420605, rates: 27.72776471194569, loss: 1.2072340562939643, rho: 0.4000000000000001
[TRAIN]: (573/1600): reward: 38.94424406439066, rates: 42.94424379881645, loss: 1.1738971143960952, rho: 0.4000000000000001
[TRAIN]: (574/1600): reward: 46.46608278900385, rates: 49.46608274955466, loss: 1.1941931784152984, rho: 0.4000000000000001
[TRAIN]: (575/1600): reward: 37.467295326292515, rates: 40.467295683878625, loss: 1.2248425155878067, rho: 0.4000000000000001
[TRAIN]: (576/1600): reward: 36.536809250712395, rates: 42.53680953030928, loss: 1.2731808811426162, rho: 0.4000000000000001
[TRAIN]: (577/1600): reward: 40.8859850615263, rates: 44.885985508171785, loss: 1.4371594190597534, rho: 0.4000000000000001
[TRAIN]: (578/1600): reward: 46.75728768669069, rates: 47.75728736194983, loss: 1.323210608959198, rho: 0.4000000000000001
[TRAIN]: (579/1600): reward: 31.96465226262808, rates: 34.964652343091295, loss: 1.4398291200399398, rho: 0.4000000000000001
[TRAIN]: (580/1600): reward: 35.59716806747019, rates: 38.59716794582835, loss: 1.4343327462673188, rho: 0.4000000000000001
[TRAIN]: (581/1600): reward: 45.95916706696153, rates: 47.95916747116669, loss: 1.3806980907917024, rho: 0.4000000000000001
[TRAIN]: (582/1600): reward: 36.93555022403598, rates: 40.93554929297746, loss: 1.1329296991229056, rho: 0.4000000000000001
[TRAIN]: (583/1600): reward: 28.499420076608658, rates: 32.49941989256247, loss: 1.6319211572408676, rho: 0.4000000000000001
[TRAIN]: (584/1600): reward: 48.15818558447063, rates: 51.15818621648205, loss: 1.3393633201718331, rho: 0.4000000000000001
[TRAIN]: (585/1600): reward: 44.96375562995672, rates: 45.96375606216373, loss: 1.5049303099513054, rho: 0.4000000000000001
[TRAIN]: (586/1600): reward: 29.5672245323658, rates: 34.56722431043449, loss: 1.5292238742113113, rho: 0.4000000000000001
[TRAIN]: (587/1600): reward: 36.08698841556907, rates: 40.08698872143572, loss: 1.3320006459951401, rho: 0.4000000000000001
[TRAIN]: (588/1600): reward: 44.982812985777855, rates: 47.982813539616416, loss: 1.0839619994163514, rho: 0.4000000000000001
[TRAIN]: (589/1600): reward: 41.26612466573715, rates: 44.26612491351807, loss: 1.138728965818882, rho: 0.4000000000000001
[TRAIN]: (590/1600): reward: 43.701471995562315, rates: 45.70147126921421, loss: 1.3344031423330307, rho: 0.4000000000000001
[TRAIN]: (591/1600): reward: 29.41845560260117, rates: 33.41845615090711, loss: 1.253271296620369, rho: 0.4000000000000001
[TRAIN]: (592/1600): reward: 38.68295247107744, rates: 41.68295253176899, loss: 1.1246550887823106, rho: 0.4000000000000001
[TRAIN]: (593/1600): reward: 47.85580816864967, rates: 49.85580873790485, loss: 1.1774118646979332, rho: 0.4000000000000001
[TRAIN]: (594/1600): reward: 40.07048811763525, rates: 42.07048825042677, loss: 1.3549355745315552, rho: 0.4000000000000001
[TRAIN]: (595/1600): reward: 37.4905004426837, rates: 40.49050064969658, loss: 1.2883222430944443, rho: 0.4000000000000001
[TRAIN]: (596/1600): reward: 45.63707586377859, rates: 48.63707652579222, loss: 1.0695934876799584, rho: 0.4000000000000001
[TRAIN]: (597/1600): reward: 49.50412857532501, rates: 51.504128382397724, loss: 1.1713255316019058, rho: 0.4000000000000001
[TRAIN]: (598/1600): reward: 44.76735770702362, rates: 46.76735714467557, loss: 1.3737634986639022, rho: 0.4000000000000001
[TRAIN]: (599/1600): reward: 35.432886846363544, rates: 38.43288701364574, loss: 1.273458617925644, rho: 0.4000000000000001
[TRAIN]: (600/1600): reward: 42.834749169647694, rates: 44.83474918814626, loss: 1.4285085752606392, rho: 0.4000000000000001
[TRAIN]: (601/1600): reward: 44.84243746101856, rates: 46.84243791173708, loss: 1.2617762833833694, rho: 0.4000000000000001
[TRAIN]: (602/1600): reward: 35.32463949266821, rates: 40.324639656556506, loss: 1.29688680768013, rho: 0.4000000000000001
[TRAIN]: (603/1600): reward: 43.58806820213795, rates: 46.58806874960571, loss: 1.3653603613376617, rho: 0.4000000000000001
[TRAIN]: (604/1600): reward: 37.67191441357136, rates: 42.67191409923516, loss: 1.139350139349699, rho: 0.4000000000000001
[TRAIN]: (605/1600): reward: 47.019502364099026, rates: 50.01950213995644, loss: 1.323993742465973, rho: 0.4000000000000001
[TRAIN]: (606/1600): reward: 51.933810375630856, rates: 52.933810748074336, loss: 1.1440016344189643, rho: 0.4000000000000001
[TRAIN]: (607/1600): reward: 45.36049424111843, rates: 48.360494199723995, loss: 1.2946727298200131, rho: 0.4000000000000001
[TRAIN]: (608/1600): reward: 43.819767244160175, rates: 45.81976772139679, loss: 1.1806154429912568, rho: 0.4000000000000001
[TRAIN]: (609/1600): reward: 38.06913112103939, rates: 41.069130698694046, loss: 1.2428000018000602, rho: 0.4000000000000001
[TRAIN]: (610/1600): reward: 49.95695527642965, rates: 51.9569551225231, loss: 1.3698060527443885, rho: 0.4000000000000001
[TRAIN]: (611/1600): reward: 38.43396870419383, rates: 41.433968967917274, loss: 1.349560184776783, rho: 0.4000000000000001
[TRAIN]: (612/1600): reward: 37.058656657114625, rates: 41.058656638814504, loss: 1.2983536034822465, rho: 0.4000000000000001
[TRAIN]: (613/1600): reward: 32.53432261198759, rates: 37.53432205679579, loss: 1.2914547771215439, rho: 0.4000000000000001
[TRAIN]: (614/1600): reward: 49.79088269919157, rates: 51.79088264858137, loss: 1.2390683203935624, rho: 0.4000000000000001
[TRAIN]: (615/1600): reward: 45.69886713474989, rates: 46.69886653337492, loss: 1.2769900590181351, rho: 0.4000000000000001
[TRAIN]: (616/1600): reward: 37.570473060011864, rates: 41.570472784111274, loss: 1.2457653343677522, rho: 0.4000000000000001
[TRAIN]: (617/1600): reward: 50.1857049241662, rates: 51.18570451702662, loss: 1.2813290178775787, rho: 0.4000000000000001
[TRAIN]: (618/1600): reward: 42.16964387893677, rates: 45.16964273123246, loss: 1.344061154127121, rho: 0.4000000000000001
[TRAIN]: (619/1600): reward: 45.7676604129374, rates: 45.76766068119513, loss: 1.3662716031074524, rho: 0.4000000000000001
[TRAIN]: (620/1600): reward: 44.773913741111755, rates: 47.77391374608073, loss: 1.3294357538223267, rho: 0.4000000000000001
[TRAIN]: (621/1600): reward: 43.67150220274925, rates: 47.67150220651949, loss: 1.2618109166622162, rho: 0.4000000000000001
[TRAIN]: (622/1600): reward: 43.257498539984226, rates: 46.25749841418648, loss: 1.5531419798731805, rho: 0.4000000000000001
[TRAIN]: (623/1600): reward: 35.11799571663141, rates: 39.11799611035771, loss: 1.411214891076088, rho: 0.4000000000000001
[TRAIN]: (624/1600): reward: 36.26892773061991, rates: 39.2689277293658, loss: 1.6788763001561164, rho: 0.4000000000000001
[TRAIN]: (625/1600): reward: 46.29968164861202, rates: 48.29968183816774, loss: 1.2716777816414833, rho: 0.4000000000000001
[TRAIN]: (626/1600): reward: 37.939679997973144, rates: 42.93967988079447, loss: 1.3223553955554963, rho: 0.4000000000000001
[TRAIN]: (627/1600): reward: 38.75960078649223, rates: 41.75960046167161, loss: 1.179992240667343, rho: 0.4000000000000001
[TRAIN]: (628/1600): reward: 40.70262597501278, rates: 41.70262640952272, loss: 1.0558517143130302, rho: 0.4000000000000001
[TRAIN]: (629/1600): reward: 48.68363106250763, rates: 49.68363144273237, loss: 1.226555097103119, rho: 0.4000000000000001
[TRAIN]: (630/1600): reward: 48.04338076710701, rates: 50.043380286875696, loss: 1.2888396799564361, rho: 0.4000000000000001
[TRAIN]: (631/1600): reward: 48.20457672327757, rates: 49.20457685695896, loss: 1.4152360156178474, rho: 0.4000000000000001
[TRAIN]: (632/1600): reward: 40.345501073636115, rates: 42.34550134865542, loss: 1.3841432690620423, rho: 0.4000000000000001
[TRAIN]: (633/1600): reward: 34.60673863068223, rates: 37.606738441525856, loss: 1.2370976835489274, rho: 0.4000000000000001
[TRAIN]: (634/1600): reward: 37.608969025313854, rates: 42.60896863758918, loss: 1.1964628636837005, rho: 0.4000000000000001
[TRAIN]: (635/1600): reward: 32.401256517507136, rates: 36.40125688437949, loss: 1.1891977310180664, rho: 0.4000000000000001
[TRAIN]: (636/1600): reward: 46.903513573110104, rates: 48.90351315913798, loss: 1.4160173267126084, rho: 0.4000000000000001
[TRAIN]: (637/1600): reward: 47.72595842834562, rates: 48.72595833317028, loss: 1.3118332386016847, rho: 0.4000000000000001
[TRAIN]: (638/1600): reward: 47.23719048756175, rates: 48.237189821759216, loss: 1.4398008555173873, rho: 0.4000000000000001
[TRAIN]: (639/1600): reward: 39.3981377184391, rates: 42.39813719661698, loss: 1.2546703703701496, rho: 0.4000000000000001
[TRAIN]: (640/1600): reward: 48.51238999888301, rates: 49.51238971124899, loss: 0.958271224796772, rho: 0.4000000000000001
[TRAIN]: (641/1600): reward: 36.35590361058712, rates: 39.355903787465266, loss: 1.29411091953516, rho: 0.4000000000000001
[TRAIN]: (642/1600): reward: 37.92160029895604, rates: 41.92160052837074, loss: 1.1476823076605798, rho: 0.4000000000000001
[TRAIN]: (643/1600): reward: 46.30389900878072, rates: 48.30389870586204, loss: 1.2832967877388, rho: 0.4000000000000001
[TRAIN]: (644/1600): reward: 36.08373633027077, rates: 39.08373626846164, loss: 1.1018363565206528, rho: 0.4000000000000001
[TRAIN]: (645/1600): reward: 49.69048564508557, rates: 50.69048514343169, loss: 1.3328254774212838, rho: 0.4000000000000001
[TRAIN]: (646/1600): reward: 47.65010304749012, rates: 48.65010275269531, loss: 1.3870209842920302, rho: 0.4000000000000001
[TRAIN]: (647/1600): reward: 42.98541649803519, rates: 43.985416640006086, loss: 1.1622674703598022, rho: 0.4000000000000001
[TRAIN]: (648/1600): reward: 26.571182794868946, rates: 31.571182780164964, loss: 1.3791275754570962, rho: 0.4000000000000001
[TRAIN]: (649/1600): reward: 39.835333343595266, rates: 41.83533417739914, loss: 1.255643630027771, rho: 0.4000000000000001
[TRAIN]: (650/1600): reward: 47.97810707986355, rates: 48.97810681345521, loss: 1.3429154485464097, rho: 0.4000000000000001
[TRAIN]: (651/1600): reward: 43.04354389756918, rates: 46.04354420663, loss: 1.3666601687669755, rho: 0.4000000000000001
[TRAIN]: (652/1600): reward: 52.80558656156063, rates: 53.80558645551954, loss: 1.2320472851395607, rho: 0.4000000000000001
[TRAIN]: (653/1600): reward: 39.89426330476999, rates: 42.89426271957065, loss: 1.389093852043152, rho: 0.4000000000000001
[TRAIN]: (654/1600): reward: 43.028059624135494, rates: 45.02805963304101, loss: 1.220372384786606, rho: 0.4000000000000001
[TRAIN]: (655/1600): reward: 47.1750121563673, rates: 48.17501229017766, loss: 1.368396344780922, rho: 0.4000000000000001
[TRAIN]: (656/1600): reward: 49.68484693393111, rates: 50.68484719914522, loss: 1.2340947061777114, rho: 0.4000000000000001
[TRAIN]: (657/1600): reward: 46.77799754589796, rates: 49.77799739520106, loss: 1.2980101734399796, rho: 0.4000000000000001
[TRAIN]: (658/1600): reward: 41.09105133265257, rates: 43.09105177678021, loss: 1.3468604564666748, rho: 0.4000000000000001
[TRAIN]: (659/1600): reward: 36.79130593314767, rates: 39.79130570369278, loss: 1.2189930975437164, rho: 0.4000000000000001
[TRAIN]: (660/1600): reward: 42.165667332708836, rates: 45.16566736891255, loss: 1.2936738431453705, rho: 0.4000000000000001
[TRAIN]: (661/1600): reward: 47.2751207575202, rates: 49.27512089999668, loss: 1.3234971091151237, rho: 0.4000000000000001
[TRAIN]: (662/1600): reward: 36.95864861831069, rates: 41.95864931649767, loss: 1.2377428844571114, rho: 0.4000000000000001
[TRAIN]: (663/1600): reward: 43.23633395135403, rates: 46.23633456915223, loss: 1.4697974234819413, rho: 0.4000000000000001
[TRAIN]: (664/1600): reward: 48.7058901488781, rates: 49.705890068039615, loss: 1.3039379864931107, rho: 0.4000000000000001
[TRAIN]: (665/1600): reward: 36.53326307423413, rates: 39.53326318639445, loss: 1.3930019706487655, rho: 0.4000000000000001
[TRAIN]: (666/1600): reward: 36.78414851799607, rates: 40.784148440363325, loss: 1.6150803357362746, rho: 0.4000000000000001
[TRAIN]: (667/1600): reward: 46.15459410473704, rates: 48.15459430822055, loss: 1.3164246834814548, rho: 0.4000000000000001
[TRAIN]: (668/1600): reward: 35.218902196735144, rates: 39.21890246546761, loss: 1.4658206447958946, rho: 0.4000000000000001
[TRAIN]: (669/1600): reward: 41.07442607730627, rates: 43.074425940582174, loss: 1.2705238431692123, rho: 0.4000000000000001
[TRAIN]: (670/1600): reward: 44.658631946891546, rates: 47.658631852009, loss: 1.2921827033162117, rho: 0.4000000000000001
[TRAIN]: (671/1600): reward: 40.88013473525643, rates: 42.880134300690315, loss: 1.1613249272108077, rho: 0.4000000000000001
[TRAIN]: (672/1600): reward: 49.854573011398315, rates: 50.85457250973004, loss: 1.33938909471035, rho: 0.4000000000000001
[TRAIN]: (673/1600): reward: 27.81339631229639, rates: 32.813397050197864, loss: 1.5559198051691054, rho: 0.4000000000000001
[TRAIN]: (674/1600): reward: 43.991360142827034, rates: 45.99136028783723, loss: 1.450645861029625, rho: 0.4000000000000001
[TRAIN]: (675/1600): reward: 41.89461201056838, rates: 43.89461180707257, loss: 1.4788435041904449, rho: 0.4000000000000001
[TRAIN]: (676/1600): reward: 47.277395190671086, rates: 49.277394979054904, loss: 1.559198646247387, rho: 0.4000000000000001
[TRAIN]: (677/1600): reward: 41.44890913600102, rates: 43.44890892378186, loss: 1.1099569022655487, rho: 0.4000000000000001
[TRAIN]: (678/1600): reward: 44.480334045831114, rates: 46.480334142359155, loss: 1.428975760936737, rho: 0.4000000000000001
[TRAIN]: (679/1600): reward: 41.22034375369549, rates: 43.22034430028428, loss: 1.2269602417945862, rho: 0.4000000000000001
[TRAIN]: (680/1600): reward: 39.56867797859013, rates: 41.56867772879117, loss: 1.1519365102052688, rho: 0.4000000000000001
[TRAIN]: (681/1600): reward: 48.58236363902688, rates: 49.58236404586886, loss: 1.200341698527336, rho: 0.4000000000000001
[TRAIN]: (682/1600): reward: 45.95774907246232, rates: 48.95774871311094, loss: 1.312223133444786, rho: 0.4000000000000001
[TRAIN]: (683/1600): reward: 39.745734591037035, rates: 43.74573492823848, loss: 1.5257666051387786, rho: 0.4000000000000001
[TRAIN]: (684/1600): reward: 42.37579448893666, rates: 44.37579444271048, loss: 1.6680551767349243, rho: 0.4000000000000001
[TRAIN]: (685/1600): reward: 43.82162797451019, rates: 45.82162821954602, loss: 1.354352456331253, rho: 0.4000000000000001
[TRAIN]: (686/1600): reward: 47.942113388329744, rates: 48.94211287627002, loss: 1.18485646545887, rho: 0.4000000000000001
[TRAIN]: (687/1600): reward: 37.58550867065787, rates: 40.58550910007263, loss: 1.2066422939300536, rho: 0.4000000000000001
[TRAIN]: (688/1600): reward: 47.082210114225745, rates: 48.082210352457835, loss: 1.4028758883476258, rho: 0.4000000000000001
[TRAIN]: (689/1600): reward: 40.779555946588516, rates: 42.779555937145126, loss: 1.597438958287239, rho: 0.4000000000000001
[TRAIN]: (690/1600): reward: 47.22271612286568, rates: 48.22271516387683, loss: 1.4253962159156799, rho: 0.4000000000000001
[TRAIN]: (691/1600): reward: 48.81491604447365, rates: 49.81491629105288, loss: 1.4059267848730088, rho: 0.4000000000000001
[TRAIN]: (692/1600): reward: 37.413288129493594, rates: 40.41328819535993, loss: 1.1453485131263732, rho: 0.4000000000000001
[TRAIN]: (693/1600): reward: 49.96487892884761, rates: 50.964879573361124, loss: 1.3449278593063354, rho: 0.4000000000000001
[TRAIN]: (694/1600): reward: 49.07780493795872, rates: 50.07780519824421, loss: 1.454263725876808, rho: 0.4000000000000001
[TRAIN]: (695/1600): reward: 45.97326407209039, rates: 46.973264389913275, loss: 1.5686747938394547, rho: 0.4000000000000001
[TRAIN]: (696/1600): reward: 46.122770487330854, rates: 47.12277071732216, loss: 1.2410621732473373, rho: 0.4000000000000001
[TRAIN]: (697/1600): reward: 38.38235214725137, rates: 40.38235220940694, loss: 1.2921345621347426, rho: 0.4000000000000001
[TRAIN]: (698/1600): reward: 49.04518673568964, rates: 50.045186890705594, loss: 1.450287115573883, rho: 0.4000000000000001
[TRAIN]: (699/1600): reward: 39.08245828002691, rates: 42.08245889424558, loss: 1.4159263104200364, rho: 0.4000000000000001
[TRAIN]: (700/1600): reward: 46.0392790697515, rates: 47.039278333116215, loss: 1.4345331251621247, rho: 0.4000000000000001
[TRAIN]: (701/1600): reward: 42.46184180676937, rates: 44.46184209185691, loss: 1.3348394989967347, rho: 0.4000000000000001
[TRAIN]: (702/1600): reward: 50.44896475225687, rates: 51.44896501996988, loss: 1.330738827586174, rho: 0.4000000000000001
[TRAIN]: (703/1600): reward: 43.26521282084286, rates: 45.26521254313487, loss: 1.2566059678792953, rho: 0.4000000000000001
[TRAIN]: (704/1600): reward: 46.440663844347, rates: 47.440663458978285, loss: 1.3979135990142821, rho: 0.4000000000000001
[TRAIN]: (705/1600): reward: 50.01495050638914, rates: 51.01495081283955, loss: 1.4695938527584076, rho: 0.4000000000000001
[TRAIN]: (706/1600): reward: 51.73368386924267, rates: 52.733683573780986, loss: 1.312874111533165, rho: 0.4000000000000001
[TRAIN]: (707/1600): reward: 44.065261624753475, rates: 45.06526167797486, loss: 1.2449868887662887, rho: 0.4000000000000001
[TRAIN]: (708/1600): reward: 42.478258553892374, rates: 44.47825893153653, loss: 1.4476420253515243, rho: 0.4000000000000001
[TRAIN]: (709/1600): reward: 47.78058545850217, rates: 48.780585442333496, loss: 1.0994831949472428, rho: 0.4000000000000001
[TRAIN]: (710/1600): reward: 48.01919936388731, rates: 49.019200009172664, loss: 1.2812728598713874, rho: 0.4000000000000001
[TRAIN]: (711/1600): reward: 50.59772374853492, rates: 51.59772433531242, loss: 1.33168905377388, rho: 0.4000000000000001
[TRAIN]: (712/1600): reward: 43.88028973713517, rates: 45.88028962801556, loss: 1.3865220427513123, rho: 0.4000000000000001
[TRAIN]: (713/1600): reward: 41.200142066925764, rates: 43.20014152684264, loss: 1.5291737630963325, rho: 0.4000000000000001
[TRAIN]: (714/1600): reward: 46.72767239063978, rates: 47.727672024023924, loss: 1.417107981443405, rho: 0.4000000000000001
[TRAIN]: (715/1600): reward: 46.50296487286687, rates: 48.50296491774479, loss: 1.2620341926813126, rho: 0.4000000000000001
[TRAIN]: (716/1600): reward: 44.878293354064226, rates: 46.878294042049944, loss: 1.3692990705370902, rho: 0.4000000000000001
[TRAIN]: (717/1600): reward: 47.58983811363578, rates: 48.589837787757546, loss: 1.5858706429600715, rho: 0.4000000000000001
[TRAIN]: (718/1600): reward: 50.631821192801, rates: 51.63182081710514, loss: 1.3143156677484513, rho: 0.4000000000000001
[TRAIN]: (719/1600): reward: 40.76595227792859, rates: 43.76595216006504, loss: 1.4023369520902633, rho: 0.4000000000000001
[TRAIN]: (720/1600): reward: 49.12483594939113, rates: 51.1248361236213, loss: 1.334150031208992, rho: 0.4000000000000001
[TRAIN]: (721/1600): reward: 47.260566525161266, rates: 48.26056668698494, loss: 1.3683130204677583, rho: 0.4000000000000001
[TRAIN]: (722/1600): reward: 46.25944726169109, rates: 48.259447393846756, loss: 1.2799653455615043, rho: 0.4000000000000001
[TRAIN]: (723/1600): reward: 39.70026422291994, rates: 43.70026372994028, loss: 1.4170381069183349, rho: 0.4000000000000001
[TRAIN]: (724/1600): reward: 50.50613370165229, rates: 52.506133717829854, loss: 1.1375850468873978, rho: 0.4000000000000001
[TRAIN]: (725/1600): reward: 42.51905333995819, rates: 44.519053654521485, loss: 1.5147782623767854, rho: 0.4000000000000001
[TRAIN]: (726/1600): reward: 52.31704615801573, rates: 53.317045757662754, loss: 1.2979620486497878, rho: 0.4000000000000001
[TRAIN]: (727/1600): reward: 49.40463401004672, rates: 50.40463431870137, loss: 1.3038569450378419, rho: 0.4000000000000001
[TRAIN]: (728/1600): reward: 47.84634552896023, rates: 49.84634589664628, loss: 1.1680912718176841, rho: 0.4000000000000001
[TRAIN]: (729/1600): reward: 47.18433357402682, rates: 49.18433431169914, loss: 1.2512130543589592, rho: 0.4000000000000001
[TRAIN]: (730/1600): reward: 49.95798920094967, rates: 50.95798872457823, loss: 1.3125890806317329, rho: 0.4000000000000001
[TRAIN]: (731/1600): reward: 46.15777604281902, rates: 47.1577762200873, loss: 1.31823687851429, rho: 0.4000000000000001
[TRAIN]: (732/1600): reward: 44.68032321147621, rates: 46.68032325854558, loss: 1.4300800070166588, rho: 0.4000000000000001
[TRAIN]: (733/1600): reward: 33.7110103815794, rates: 38.711010419746906, loss: 1.5015982031822204, rho: 0.4000000000000001
[TRAIN]: (734/1600): reward: 45.94318661093712, rates: 46.94318583212329, loss: 1.64674833714962, rho: 0.4000000000000001
[TRAIN]: (735/1600): reward: 44.20361161977053, rates: 46.20361212436048, loss: 1.2015711493790149, rho: 0.4000000000000001
[TRAIN]: (736/1600): reward: 39.95492780953646, rates: 41.95492788206078, loss: 1.5438555270433425, rho: 0.4000000000000001
[TRAIN]: (737/1600): reward: 45.66883324086666, rates: 46.6688324647507, loss: 1.4004003077745437, rho: 0.4000000000000001
[TRAIN]: (738/1600): reward: 47.55140025448054, rates: 48.551400160256215, loss: 1.1184666261076928, rho: 0.4000000000000001
[TRAIN]: (739/1600): reward: 44.188335198909044, rates: 48.188334919468915, loss: 1.2751935690641403, rho: 0.4000000000000001
[TRAIN]: (740/1600): reward: 45.28709629178047, rates: 47.28709655591114, loss: 1.532464861869812, rho: 0.4000000000000001
[TRAIN]: (741/1600): reward: 46.29103599861264, rates: 48.29103656357084, loss: 1.4696190878748894, rho: 0.4000000000000001
[TRAIN]: (742/1600): reward: 48.50730845332146, rates: 50.50730842795036, loss: 1.441516314446926, rho: 0.4000000000000001
[TRAIN]: (743/1600): reward: 43.91693393886089, rates: 46.916933562666784, loss: 1.2669680386781692, rho: 0.4000000000000001
[TRAIN]: (744/1600): reward: 38.27391461841762, rates: 42.27391492088094, loss: 1.311597016453743, rho: 0.4000000000000001
[TRAIN]: (745/1600): reward: 51.17531081661582, rates: 52.17531082278489, loss: 1.2128682136535645, rho: 0.4000000000000001
[TRAIN]: (746/1600): reward: 45.1377803273499, rates: 48.13778141806447, loss: 1.389340227842331, rho: 0.4000000000000001
[TRAIN]: (747/1600): reward: 34.17109564319253, rates: 39.17109554239826, loss: 1.3200748652219771, rho: 0.4000000000000001
[TRAIN]: (748/1600): reward: 35.122179821133614, rates: 39.122180029558145, loss: 1.4122194200754166, rho: 0.4000000000000001
[TRAIN]: (749/1600): reward: 50.997968811541796, rates: 51.99796848765166, loss: 1.0826440900564194, rho: 0.4000000000000001
[TRAIN]: (750/1600): reward: 40.43802325055003, rates: 42.43802320599772, loss: 1.4261005505919457, rho: 0.4000000000000001
[TRAIN]: (751/1600): reward: 42.62199720926583, rates: 44.621997279408205, loss: 1.5983636409044266, rho: 0.4000000000000001
[TRAIN]: (752/1600): reward: 48.52440449595451, rates: 49.52440491312043, loss: 1.4457530200481414, rho: 0.4000000000000001
[TRAIN]: (753/1600): reward: 46.5669918525964, rates: 47.56699198720492, loss: 1.5431681990623474, rho: 0.4000000000000001
[TRAIN]: (754/1600): reward: 47.14683099091053, rates: 48.14683117205932, loss: 1.5781523361802101, rho: 0.4000000000000001
[TRAIN]: (755/1600): reward: 46.44907879456878, rates: 47.44907962786815, loss: 1.204891812801361, rho: 0.4000000000000001
[TRAIN]: (756/1600): reward: 45.02087824046612, rates: 48.02087838112449, loss: 1.407672542333603, rho: 0.4000000000000001
[TRAIN]: (757/1600): reward: 48.964744716882706, rates: 49.964744516963144, loss: 1.5108987122774125, rho: 0.4000000000000001
[TRAIN]: (758/1600): reward: 32.25858157500625, rates: 36.25858121969797, loss: 1.7486182570457458, rho: 0.4000000000000001
[TRAIN]: (759/1600): reward: 42.943391025066376, rates: 46.94339127243671, loss: 1.3234242603182793, rho: 0.4000000000000001
[TRAIN]: (760/1600): reward: 52.93915830180049, rates: 53.93915864454545, loss: 1.3571266382932663, rho: 0.4000000000000001
[TRAIN]: (761/1600): reward: 41.13225078582764, rates: 44.13225126630832, loss: 1.4080043941736222, rho: 0.4000000000000001
[TRAIN]: (762/1600): reward: 40.9431040212512, rates: 42.9431044057917, loss: 1.6211703687906265, rho: 0.4000000000000001
[TRAIN]: (763/1600): reward: 45.15018007159233, rates: 48.15017970839838, loss: 1.3322598308324813, rho: 0.4000000000000001
[TRAIN]: (764/1600): reward: 46.707211763132364, rates: 47.707211751236784, loss: 1.1621218264102935, rho: 0.4000000000000001
[TRAIN]: (765/1600): reward: 42.814048893749714, rates: 44.8140492625703, loss: 1.4762024283409119, rho: 0.4000000000000001
[TRAIN]: (766/1600): reward: 46.725232131779194, rates: 48.72523256249349, loss: 1.466626413166523, rho: 0.4000000000000001
[TRAIN]: (767/1600): reward: 44.50986173003912, rates: 47.509861791557285, loss: 1.4954174548387527, rho: 0.4000000000000001
[TRAIN]: (768/1600): reward: 41.04550102725625, rates: 44.04550033820259, loss: 1.1883986443281174, rho: 0.4000000000000001
[TRAIN]: (769/1600): reward: 44.10477513819933, rates: 45.10477553316948, loss: 1.3619793683290482, rho: 0.4000000000000001
[TRAIN]: (770/1600): reward: 40.43873365595937, rates: 42.43873338635654, loss: 1.415148663520813, rho: 0.4000000000000001
[TRAIN]: (771/1600): reward: 32.3187469728291, rates: 35.318746834868016, loss: 1.3387219905853271, rho: 0.4000000000000001
[TRAIN]: (772/1600): reward: 48.20472202077508, rates: 49.2047226869517, loss: 1.4524950295686723, rho: 0.4000000000000001
[TRAIN]: (773/1600): reward: 42.4460790976882, rates: 44.44607915118932, loss: 1.4576487421989441, rho: 0.4000000000000001
[TRAIN]: (774/1600): reward: 43.60539439320564, rates: 45.605394395350295, loss: 1.5293999761343002, rho: 0.4000000000000001
[TRAIN]: (775/1600): reward: 42.486892599612474, rates: 44.48689223028631, loss: 1.5713369250297546, rho: 0.4000000000000001
[TRAIN]: (776/1600): reward: 42.76509665697813, rates: 44.765096957679305, loss: 1.2879523634910583, rho: 0.4000000000000001
[TRAIN]: (777/1600): reward: 48.86209797859192, rates: 51.86209816005541, loss: 1.3245690435171127, rho: 0.4000000000000001
[TRAIN]: (778/1600): reward: 40.35776258260012, rates: 44.35776234057518, loss: 1.6006155788898468, rho: 0.4000000000000001
[TRAIN]: (779/1600): reward: 46.059625240042806, rates: 47.05962533257188, loss: 1.209158968925476, rho: 0.4000000000000001
[TRAIN]: (780/1600): reward: 46.6454904936254, rates: 49.64549093962494, loss: 1.7017464995384217, rho: 0.4000000000000001
[TRAIN]: (781/1600): reward: 44.37325545400381, rates: 46.373255836624935, loss: 1.4008554428815843, rho: 0.4000000000000001
[TRAIN]: (782/1600): reward: 42.04147429019213, rates: 45.04147437438295, loss: 1.369436514377594, rho: 0.4000000000000001
[TRAIN]: (783/1600): reward: 46.77621189132333, rates: 48.77621187148206, loss: 1.2498918890953064, rho: 0.4000000000000001
[TRAIN]: (784/1600): reward: 44.57466617971659, rates: 46.57466576667457, loss: 1.6081480249762534, rho: 0.4000000000000001
[TRAIN]: (785/1600): reward: 47.157697059214115, rates: 49.157696886197755, loss: 1.1174041211605072, rho: 0.4000000000000001
[TRAIN]: (786/1600): reward: 45.98501177318394, rates: 46.985011897298826, loss: 1.8349932938814164, rho: 0.4000000000000001
[TRAIN]: (787/1600): reward: 44.454932656139135, rates: 46.45493216595195, loss: 1.5421701669692993, rho: 0.4000000000000001
[TRAIN]: (788/1600): reward: 37.71462840773165, rates: 40.71462856860961, loss: 1.3963721200823784, rho: 0.4000000000000001
[TRAIN]: (789/1600): reward: 45.379281878471375, rates: 47.379281728050216, loss: 1.6896150141954422, rho: 0.4000000000000001
[TRAIN]: (790/1600): reward: 48.879429215565324, rates: 49.87942860991332, loss: 1.6636260077357292, rho: 0.4000000000000001
[TRAIN]: (791/1600): reward: 41.847163839265704, rates: 43.84716427434603, loss: 1.1708799660205842, rho: 0.4000000000000001
[TRAIN]: (792/1600): reward: 52.50617358088493, rates: 53.50617361900484, loss: 1.6467310637235641, rho: 0.4000000000000001
[TRAIN]: (793/1600): reward: 46.242299649864435, rates: 47.242299550659475, loss: 1.2834243834018708, rho: 0.4000000000000001
[TRAIN]: (794/1600): reward: 45.101583786308765, rates: 47.10158407925057, loss: 1.6809484124183656, rho: 0.4000000000000001
[TRAIN]: (795/1600): reward: 51.81817130744457, rates: 52.81817105659398, loss: 1.3179868310689926, rho: 0.4000000000000001
[TRAIN]: (796/1600): reward: 33.04538035392761, rates: 38.04538070790602, loss: 1.258533377945423, rho: 0.4000000000000001
[TRAIN]: (797/1600): reward: 46.298473820090294, rates: 47.29847382151351, loss: 1.3375674098730088, rho: 0.4000000000000001
[TRAIN]: (798/1600): reward: 49.080909088253975, rates: 51.08090973919053, loss: 1.5653349846601485, rho: 0.4000000000000001
[TRAIN]: (799/1600): reward: 38.60235957056284, rates: 41.602359076291265, loss: 1.571873053908348, rho: 0.4000000000000001
[TRAIN]: (800/1600): reward: 44.311496399343014, rates: 46.31149660972798, loss: 1.1781299591064454, rho: 0.4000000000000001
[TRAIN]: (801/1600): reward: 41.54120084643364, rates: 43.541200572365675, loss: 1.5790045827627182, rho: 0.4000000000000001
[TRAIN]: (802/1600): reward: 43.96738328412175, rates: 44.96738348384123, loss: 1.5470945179462432, rho: 0.4000000000000001
[TRAIN]: (803/1600): reward: 43.65261028893292, rates: 44.65261001393711, loss: 1.5060820639133454, rho: 0.4000000000000001
[TRAIN]: (804/1600): reward: 45.87440014630556, rates: 46.874399263854876, loss: 1.5299155384302139, rho: 0.4000000000000001
[TRAIN]: (805/1600): reward: 51.300471901893616, rates: 52.30047224161454, loss: 1.3326914340257645, rho: 0.4000000000000001
[TRAIN]: (806/1600): reward: 49.16620893776417, rates: 50.16620839939655, loss: 1.411551934480667, rho: 0.4000000000000001
[TRAIN]: (807/1600): reward: 43.58529454469681, rates: 46.58529439769567, loss: 1.753719985485077, rho: 0.4000000000000001
[TRAIN]: (808/1600): reward: 43.5924180559814, rates: 44.592417968582645, loss: 1.376537498831749, rho: 0.4000000000000001
[TRAIN]: (809/1600): reward: 48.07792912051082, rates: 49.07792894551154, loss: 1.286647915840149, rho: 0.4000000000000001
[TRAIN]: (810/1600): reward: 47.96128864586353, rates: 49.96128869332213, loss: 0.8902705758810043, rho: 0.4000000000000001
[TRAIN]: (811/1600): reward: 47.669344536960125, rates: 49.669344301438905, loss: 1.4259738132357598, rho: 0.4000000000000001
[TRAIN]: (812/1600): reward: 49.7444108761847, rates: 50.74441120156733, loss: 1.378153808414936, rho: 0.4000000000000001
[TRAIN]: (813/1600): reward: 46.46117153018713, rates: 48.46117180470912, loss: 1.0493610873818398, rho: 0.4000000000000001
[TRAIN]: (814/1600): reward: 43.61195630580187, rates: 45.61195691934071, loss: 1.3921776503324508, rho: 0.4000000000000001
[TRAIN]: (815/1600): reward: 40.998595936223865, rates: 42.998595417127014, loss: 1.3012210935354234, rho: 0.4000000000000001
[TRAIN]: (816/1600): reward: 46.12232594937086, rates: 48.12232625777976, loss: 1.5814660906791687, rho: 0.4000000000000001
[TRAIN]: (817/1600): reward: 48.14996601641178, rates: 49.149966130158035, loss: 1.211726725101471, rho: 0.4000000000000001
[TRAIN]: (818/1600): reward: 40.55299783870578, rates: 43.55299827427999, loss: 1.4033104375004768, rho: 0.4000000000000001
[TRAIN]: (819/1600): reward: 46.65584114566445, rates: 48.65584139038833, loss: 1.4307443857192994, rho: 0.4000000000000001
[TRAIN]: (820/1600): reward: 45.542258106172085, rates: 46.542259019523975, loss: 1.5713092595338822, rho: 0.4000000000000001
[TRAIN]: (821/1600): reward: 42.217764027416706, rates: 44.21776400674236, loss: 1.6482981592416763, rho: 0.4000000000000001
[TRAIN]: (822/1600): reward: 41.538416122086346, rates: 45.53841568398655, loss: 1.3020600229501724, rho: 0.4000000000000001
[TRAIN]: (823/1600): reward: 51.371946416795254, rates: 52.3719464427463, loss: 1.3119855582714082, rho: 0.4000000000000001
[TRAIN]: (824/1600): reward: 47.87948313355446, rates: 48.87948364529806, loss: 1.3578596100211144, rho: 0.4000000000000001
[TRAIN]: (825/1600): reward: 44.48495598137379, rates: 45.4849562926027, loss: 1.1916478335857392, rho: 0.4000000000000001
[TRAIN]: (826/1600): reward: 43.73826854676008, rates: 45.73826902740997, loss: 1.3594028294086455, rho: 0.4000000000000001
[TRAIN]: (827/1600): reward: 36.51903319451958, rates: 41.51903350288592, loss: 1.527668732404709, rho: 0.4000000000000001
[TRAIN]: (828/1600): reward: 40.62013076245785, rates: 42.62013072903921, loss: 1.2880299866199494, rho: 0.4000000000000001
[TRAIN]: (829/1600): reward: 47.67529658228159, rates: 49.67529617616783, loss: 1.543455395102501, rho: 0.4000000000000001
[TRAIN]: (830/1600): reward: 45.87788986135274, rates: 46.877889888541006, loss: 1.2503258362412453, rho: 0.4000000000000001
[TRAIN]: (831/1600): reward: 48.25627786666155, rates: 49.25627731546818, loss: 1.2726672664284706, rho: 0.4000000000000001
[TRAIN]: (832/1600): reward: 42.36084471642971, rates: 44.36084454500813, loss: 1.488746425509453, rho: 0.4000000000000001
[TRAIN]: (833/1600): reward: 37.842700796201825, rates: 40.84270025118961, loss: 1.5913900434970856, rho: 0.4000000000000001
[TRAIN]: (834/1600): reward: 50.81446991674602, rates: 51.81447032303684, loss: 1.2579816818237304, rho: 0.4000000000000001
[TRAIN]: (835/1600): reward: 34.922741271555424, rates: 38.922740666111764, loss: 1.3175944283604621, rho: 0.4000000000000001
[TRAIN]: (836/1600): reward: 45.644171841442585, rates: 46.644171299326004, loss: 1.5383833944797516, rho: 0.4000000000000001
[TRAIN]: (837/1600): reward: 45.839872010052204, rates: 47.83987209996573, loss: 1.4910234957933426, rho: 0.4000000000000001
[TRAIN]: (838/1600): reward: 47.059160467237234, rates: 48.0591595221628, loss: 1.426649335026741, rho: 0.4000000000000001
[TRAIN]: (839/1600): reward: 40.56510258466005, rates: 43.56510222806022, loss: 1.206645555794239, rho: 0.4000000000000001
[TRAIN]: (840/1600): reward: 46.10024902224541, rates: 47.100248589418555, loss: 1.3803553879261017, rho: 0.4000000000000001
[TRAIN]: (841/1600): reward: 46.62785331532359, rates: 47.62785378266727, loss: 1.5337515413761138, rho: 0.4000000000000001
[TRAIN]: (842/1600): reward: 47.03478807210922, rates: 48.03478796004985, loss: 1.2969539403915404, rho: 0.4000000000000001
[TRAIN]: (843/1600): reward: 43.20341367274523, rates: 44.20341361732034, loss: 1.2469114154577254, rho: 0.4000000000000001
[TRAIN]: (844/1600): reward: 42.743569910526276, rates: 43.74357050774858, loss: 1.261823260784149, rho: 0.4000000000000001
[TRAIN]: (845/1600): reward: 44.31180137582123, rates: 45.311801787338716, loss: 1.191941851377487, rho: 0.4000000000000001
[TRAIN]: (846/1600): reward: 43.95203922642395, rates: 44.95203903449017, loss: 1.3751891076564788, rho: 0.4000000000000001
[TRAIN]: (847/1600): reward: 49.474261581897736, rates: 51.474262021483874, loss: 1.3216530174016952, rho: 0.4000000000000001
[TRAIN]: (848/1600): reward: 44.371423095464706, rates: 47.37142304799858, loss: 1.348364493250847, rho: 0.4000000000000001
[TRAIN]: (849/1600): reward: 50.988211654126644, rates: 52.98821177514299, loss: 1.3787888959050179, rho: 0.4000000000000001
[TRAIN]: (850/1600): reward: 44.81442919373512, rates: 46.81442957328598, loss: 1.6221950054168701, rho: 0.4000000000000001
[TRAIN]: (851/1600): reward: 47.820467442274094, rates: 50.82046765421529, loss: 1.200125703215599, rho: 0.4000000000000001
[TRAIN]: (852/1600): reward: 47.260714907199144, rates: 48.260715424981896, loss: 1.3193950444459914, rho: 0.4000000000000001
[TRAIN]: (853/1600): reward: 51.4318902567029, rates: 52.431890411785496, loss: 1.2451542511582374, rho: 0.4000000000000001
[TRAIN]: (854/1600): reward: 38.19306645542383, rates: 41.19306667787102, loss: 1.3911449633538724, rho: 0.4000000000000001
[TRAIN]: (855/1600): reward: 36.50765205267817, rates: 40.50765252771772, loss: 1.351881632208824, rho: 0.4000000000000001
[TRAIN]: (856/1600): reward: 43.00290484726429, rates: 45.00290486910071, loss: 1.4891395151615143, rho: 0.4000000000000001
[TRAIN]: (857/1600): reward: 49.172503393143415, rates: 50.17250479533866, loss: 1.200169175863266, rho: 0.4000000000000001
[TRAIN]: (858/1600): reward: 42.75628501176834, rates: 44.75628435447351, loss: 1.3414431631565094, rho: 0.4000000000000001
[TRAIN]: (859/1600): reward: 45.186171405017376, rates: 46.18617145849222, loss: 1.3046962797641755, rho: 0.4000000000000001
[TRAIN]: (860/1600): reward: 49.141443219035864, rates: 51.14144354728077, loss: 1.2998598963022232, rho: 0.4000000000000001
[TRAIN]: (861/1600): reward: 46.105523094534874, rates: 48.105523646116644, loss: 1.317094588279724, rho: 0.4000000000000001
[TRAIN]: (862/1600): reward: 39.46158488094807, rates: 41.461584839781914, loss: 1.5044205814599991, rho: 0.4000000000000001
[TRAIN]: (863/1600): reward: 43.87865387275815, rates: 45.87865390107494, loss: 1.4195571810007095, rho: 0.4000000000000001
[TRAIN]: (864/1600): reward: 48.2411565259099, rates: 49.24115687001376, loss: 1.5279415637254714, rho: 0.4000000000000001
[TRAIN]: (865/1600): reward: 44.557443279773, rates: 46.55744283345148, loss: 1.443215447664261, rho: 0.4000000000000001
[TRAIN]: (866/1600): reward: 49.627499505877495, rates: 50.62749949254681, loss: 1.3683771908283233, rho: 0.4000000000000001
[TRAIN]: (867/1600): reward: 42.00315803382546, rates: 44.00315795017174, loss: 1.7861696600914, rho: 0.4000000000000001
[TRAIN]: (868/1600): reward: 47.421315379440784, rates: 48.421315654886904, loss: 1.5590507596731187, rho: 0.4000000000000001
[TRAIN]: (869/1600): reward: 49.07069914415479, rates: 50.070699040562566, loss: 1.1631962478160858, rho: 0.4000000000000001
[TRAIN]: (870/1600): reward: 47.35760095342994, rates: 49.35760104717333, loss: 1.4303014248609542, rho: 0.4000000000000001
[TRAIN]: (871/1600): reward: 45.898539792746305, rates: 46.898539164271924, loss: 1.5628932178020478, rho: 0.4000000000000001
[TRAIN]: (872/1600): reward: 45.24050358682871, rates: 45.240503134715816, loss: 1.4934655293822288, rho: 0.4000000000000001
[TRAIN]: (873/1600): reward: 44.629089288413525, rates: 44.629088547091314, loss: 1.2431753396987915, rho: 0.4000000000000001
[TRAIN]: (874/1600): reward: 49.60551591217518, rates: 51.60551566600197, loss: 1.2540518552064897, rho: 0.4000000000000001
[TRAIN]: (875/1600): reward: 48.36797351017594, rates: 48.36797378448093, loss: 1.3947779327630996, rho: 0.4000000000000001
[TRAIN]: (876/1600): reward: 39.22944060713053, rates: 41.229440983668376, loss: 1.2866730719804764, rho: 0.4000000000000001
[TRAIN]: (877/1600): reward: 50.11514438316226, rates: 50.115143499873305, loss: 1.1239485651254655, rho: 0.4000000000000001
[TRAIN]: (878/1600): reward: 47.05495762825012, rates: 49.054957608758684, loss: 1.4923893332481384, rho: 0.4000000000000001
[TRAIN]: (879/1600): reward: 40.216179709881544, rates: 41.216179794680784, loss: 1.195923885703087, rho: 0.4000000000000001
[TRAIN]: (880/1600): reward: 46.801602724939585, rates: 47.80160203019474, loss: 1.366480502486229, rho: 0.4000000000000001
[TRAIN]: (881/1600): reward: 44.8182319290936, rates: 45.8182324541794, loss: 1.3016522854566575, rho: 0.4000000000000001
[TRAIN]: (882/1600): reward: 40.2813173122704, rates: 43.28131735501786, loss: 1.4035615772008896, rho: 0.4000000000000001
[TRAIN]: (883/1600): reward: 44.67777139507234, rates: 46.677770500890055, loss: 1.5774770557880402, rho: 0.4000000000000001
[TRAIN]: (884/1600): reward: 49.197629414498806, rates: 50.197628730293886, loss: 1.3121556431055068, rho: 0.4000000000000001
[TRAIN]: (885/1600): reward: 44.895555444061756, rates: 44.895555443647694, loss: 1.4182882577180862, rho: 0.4000000000000001
[TRAIN]: (886/1600): reward: 45.00049817189574, rates: 46.00049853876473, loss: 1.5894832760095596, rho: 0.4000000000000001
[TRAIN]: (887/1600): reward: 49.745569199323654, rates: 49.74556874538906, loss: 1.5163283616304397, rho: 0.4000000000000001
[TRAIN]: (888/1600): reward: 51.061549223959446, rates: 51.061549141938244, loss: 1.812704473733902, rho: 0.4000000000000001
[TRAIN]: (889/1600): reward: 49.91821337863803, rates: 49.91821396899432, loss: 1.2987579122185706, rho: 0.4000000000000001
[TRAIN]: (890/1600): reward: 32.87171203829348, rates: 36.87171254942547, loss: 1.2088865727186202, rho: 0.4000000000000001
[TRAIN]: (891/1600): reward: 42.31774691492319, rates: 44.31774673177261, loss: 1.4011221081018448, rho: 0.4000000000000001
[TRAIN]: (892/1600): reward: 42.95758130401373, rates: 44.95758097493724, loss: 1.4426835104823112, rho: 0.4000000000000001
[TRAIN]: (893/1600): reward: 42.128240413963795, rates: 43.128240322287475, loss: 1.4847989678382874, rho: 0.4000000000000001
[TRAIN]: (894/1600): reward: 49.04810310900211, rates: 49.048102964984906, loss: 1.581796610355377, rho: 0.4000000000000001
[TRAIN]: (895/1600): reward: 42.01386260986328, rates: 44.01386346562565, loss: 1.063367235660553, rho: 0.4000000000000001
[TRAIN]: (896/1600): reward: 48.842709109187126, rates: 50.84270993250706, loss: 1.3928996205329895, rho: 0.4000000000000001
[TRAIN]: (897/1600): reward: 46.15291440859437, rates: 46.1529141702247, loss: 1.2912864938378334, rho: 0.4000000000000001
[TRAIN]: (898/1600): reward: 49.16343853250146, rates: 49.1634389304786, loss: 1.397388443350792, rho: 0.4000000000000001
[TRAIN]: (899/1600): reward: 38.253933407366276, rates: 41.25393315957007, loss: 1.4930369950830937, rho: 0.4000000000000001
[TRAIN]: (900/1600): reward: 47.484397657215595, rates: 48.484397828753586, loss: 1.2120262816548348, rho: 0.4000000000000001
[TRAIN]: (901/1600): reward: 48.99093846976757, rates: 48.99093867795231, loss: 1.4398658961057662, rho: 0.4000000000000001
[TRAIN]: (902/1600): reward: 49.05865755677223, rates: 50.05865797220336, loss: 1.5002695858478545, rho: 0.4000000000000001
[TRAIN]: (903/1600): reward: 40.856041662395, rates: 41.856041891418286, loss: 1.2119704499840736, rho: 0.4000000000000001
[TRAIN]: (904/1600): reward: 40.17460511624813, rates: 41.17460544119521, loss: 1.5572677284479142, rho: 0.4000000000000001
[TRAIN]: (905/1600): reward: 46.41402753069997, rates: 46.414027336022514, loss: 1.3739912241697312, rho: 0.4000000000000001
[TRAIN]: (906/1600): reward: 40.03502618521452, rates: 41.0350261073894, loss: 1.2769880443811417, rho: 0.4000000000000001
[TRAIN]: (907/1600): reward: 40.641675125807524, rates: 41.6416757033562, loss: 1.3950934544205666, rho: 0.4000000000000001
[TRAIN]: (908/1600): reward: 46.23292863368988, rates: 46.23292846641556, loss: 1.5146707475185395, rho: 0.4000000000000001
[TRAIN]: (909/1600): reward: 37.672033190727234, rates: 38.67203300524646, loss: 1.3982518076896668, rho: 0.4000000000000001
[TRAIN]: (910/1600): reward: 40.82872927188873, rates: 42.82872965176585, loss: 1.3500095754861832, rho: 0.4000000000000001
[TRAIN]: (911/1600): reward: 43.09139522910118, rates: 44.09139485609046, loss: 1.2883988335728644, rho: 0.4000000000000001
[TRAIN]: (912/1600): reward: 40.258039196021855, rates: 41.25803930390846, loss: 1.2721113681793212, rho: 0.4000000000000001
[TRAIN]: (913/1600): reward: 40.71140202879906, rates: 42.71140288807313, loss: 1.5335971415042877, rho: 0.4000000000000001
[TRAIN]: (914/1600): reward: 46.80402123183012, rates: 46.80402129960558, loss: 1.5921827644109725, rho: 0.4000000000000001
[TRAIN]: (915/1600): reward: 47.64778757840395, rates: 47.64778692869243, loss: 1.2327861502766608, rho: 0.4000000000000001
[TRAIN]: (916/1600): reward: 47.674429051578045, rates: 48.67442941141441, loss: 1.3137595236301423, rho: 0.4000000000000001
[TRAIN]: (917/1600): reward: 43.112944822758436, rates: 44.11294545529969, loss: 1.4492784142494202, rho: 0.4000000000000001
[TRAIN]: (918/1600): reward: 51.8352844491601, rates: 51.83528410603666, loss: 1.2885108470916748, rho: 0.4000000000000001
[TRAIN]: (919/1600): reward: 43.26940231770277, rates: 44.269402206196524, loss: 1.4469511926174163, rho: 0.4000000000000001
[TRAIN]: (920/1600): reward: 53.18770680576563, rates: 54.18770700250884, loss: 1.5596133947372437, rho: 0.4000000000000001
[TRAIN]: (921/1600): reward: 52.52924081683159, rates: 52.52924001517032, loss: 1.5397887110710144, rho: 0.4000000000000001
[TRAIN]: (922/1600): reward: 45.5109473541379, rates: 45.51094745864013, loss: 1.517583402991295, rho: 0.4000000000000001
[TRAIN]: (923/1600): reward: 48.29280215874314, rates: 49.29280190033328, loss: 1.2934403717517853, rho: 0.4000000000000001
[TRAIN]: (924/1600): reward: 44.02659423276782, rates: 46.02659451496749, loss: 1.31035777926445, rho: 0.4000000000000001
[TRAIN]: (925/1600): reward: 51.28537926822901, rates: 51.28537945069634, loss: 1.2625460758805276, rho: 0.4000000000000001
[TRAIN]: (926/1600): reward: 42.929236164316535, rates: 43.92923665582391, loss: 1.2455672323703766, rho: 0.4000000000000001
[TRAIN]: (927/1600): reward: 42.8285616338253, rates: 43.8285616468433, loss: 1.4106231704354286, rho: 0.4000000000000001
[TRAIN]: (928/1600): reward: 43.909912516362965, rates: 44.90991205910929, loss: 1.5667121231555938, rho: 0.4000000000000001
[TRAIN]: (929/1600): reward: 48.409109596163034, rates: 48.40910959601367, loss: 1.3001012742519378, rho: 0.4000000000000001
[TRAIN]: (930/1600): reward: 45.81531669199467, rates: 45.81531606527464, loss: 1.302909867465496, rho: 0.4000000000000001
[TRAIN]: (931/1600): reward: 48.09277383238077, rates: 49.092774181958234, loss: 1.6389841467142106, rho: 0.4000000000000001
[TRAIN]: (932/1600): reward: 46.59009821712971, rates: 46.590097976951895, loss: 1.278193673491478, rho: 0.4000000000000001
[TRAIN]: (933/1600): reward: 48.82071455195546, rates: 48.82071527546363, loss: 1.1541121378540993, rho: 0.4000000000000001
[TRAIN]: (934/1600): reward: 51.63039828278124, rates: 51.630398561073996, loss: 1.4387145906686782, rho: 0.4000000000000001
[TRAIN]: (935/1600): reward: 45.62175593711436, rates: 47.62175516013396, loss: 1.4317070424556733, rho: 0.4000000000000001
[TRAIN]: (936/1600): reward: 50.34811878949404, rates: 50.3481191763612, loss: 1.501461100578308, rho: 0.4000000000000001
[TRAIN]: (937/1600): reward: 51.81750410236418, rates: 51.81750515089597, loss: 1.4556345865130424, rho: 0.4000000000000001
[TRAIN]: (938/1600): reward: 50.28771714866161, rates: 50.28771682723298, loss: 1.4055527493357658, rho: 0.4000000000000001
[TRAIN]: (939/1600): reward: 43.86199529096484, rates: 45.861995253252864, loss: 1.4569118231534959, rho: 0.4000000000000001
[TRAIN]: (940/1600): reward: 48.641259618103504, rates: 48.64125897583927, loss: 1.592060701549053, rho: 0.4000000000000001
[TRAIN]: (941/1600): reward: 45.91135980933905, rates: 46.911360048550904, loss: 1.581667146086693, rho: 0.4000000000000001
[TRAIN]: (942/1600): reward: 40.18118904531002, rates: 42.18118909060259, loss: 1.3894363641738892, rho: 0.4000000000000001
[TRAIN]: (943/1600): reward: 46.249256785959005, rates: 47.249256224088796, loss: 1.4535015881061555, rho: 0.4000000000000001
[TRAIN]: (944/1600): reward: 50.10730731487274, rates: 51.10730731035367, loss: 1.540075209736824, rho: 0.4000000000000001
[TRAIN]: (945/1600): reward: 42.45185301452875, rates: 44.451853102522236, loss: 1.6879910588264466, rho: 0.4000000000000001
[TRAIN]: (946/1600): reward: 48.31480570882559, rates: 48.31480568177026, loss: 1.2149917751550674, rho: 0.4000000000000001
[TRAIN]: (947/1600): reward: 48.63802509009838, rates: 48.63802544986724, loss: 1.4046406522393227, rho: 0.4000000000000001
[TRAIN]: (948/1600): reward: 41.72505744919181, rates: 43.72505784218769, loss: 1.4249052375555038, rho: 0.4000000000000001
[TRAIN]: (949/1600): reward: 48.875007132068276, rates: 48.87500827527609, loss: 1.4240233510732652, rho: 0.4000000000000001
[TRAIN]: (950/1600): reward: 49.69126517744735, rates: 49.69126531099975, loss: 1.5353592708706856, rho: 0.4000000000000001
[TRAIN]: (951/1600): reward: 50.75670058839023, rates: 50.7567008635865, loss: 1.2810488939285278, rho: 0.4000000000000001
[TRAIN]: (952/1600): reward: 40.36100383102894, rates: 41.36100377603495, loss: 1.077191524207592, rho: 0.4000000000000001
[TRAIN]: (953/1600): reward: 48.140735695138574, rates: 48.14073527604059, loss: 1.4881540820002557, rho: 0.4000000000000001
[TRAIN]: (954/1600): reward: 46.92746898531914, rates: 47.927469290772066, loss: 1.585990872979164, rho: 0.4000000000000001
[TRAIN]: (955/1600): reward: 50.30064223334193, rates: 50.30064301312098, loss: 1.3114336013793946, rho: 0.4000000000000001
[TRAIN]: (956/1600): reward: 48.057799734175205, rates: 48.05779940983485, loss: 1.3908037751913072, rho: 0.4000000000000001
[TRAIN]: (957/1600): reward: 48.657283425331116, rates: 49.65728280481811, loss: 1.2750112652778625, rho: 0.4000000000000001
[TRAIN]: (958/1600): reward: 34.02162443846464, rates: 36.021624669466945, loss: 1.4758572593331336, rho: 0.4000000000000001
[TRAIN]: (959/1600): reward: 46.059351559728384, rates: 47.05935169778412, loss: 1.490885353088379, rho: 0.4000000000000001
[TRAIN]: (960/1600): reward: 43.61663757637143, rates: 44.61663778679586, loss: 1.1963365778326989, rho: 0.4000000000000001
[TRAIN]: (961/1600): reward: 32.511900801211596, rates: 34.5119013365044, loss: 1.4071470379829407, rho: 0.4000000000000001
[TRAIN]: (962/1600): reward: 41.96378760971129, rates: 42.96378739456295, loss: 1.5332963317632675, rho: 0.4000000000000001
[TRAIN]: (963/1600): reward: 43.1587414778769, rates: 44.15874150729131, loss: 1.4521166801452636, rho: 0.4000000000000001
[TRAIN]: (964/1600): reward: 52.03308071196079, rates: 52.03308034255765, loss: 1.6781684517860413, rho: 0.4000000000000001
[TRAIN]: (965/1600): reward: 53.62117138504982, rates: 53.62117095159413, loss: 1.0699999287724495, rho: 0.4000000000000001
[TRAIN]: (966/1600): reward: 52.350003845989704, rates: 52.35000489406817, loss: 1.527377226948738, rho: 0.4000000000000001
[TRAIN]: (967/1600): reward: 49.0142406411469, rates: 49.01424009113943, loss: 1.4515165895223618, rho: 0.4000000000000001
[TRAIN]: (968/1600): reward: 45.74039903655648, rates: 45.74039957375196, loss: 1.3701775193214416, rho: 0.4000000000000001
[TRAIN]: (969/1600): reward: 42.27896976470947, rates: 43.27896996022715, loss: 1.292133492231369, rho: 0.4000000000000001
[TRAIN]: (970/1600): reward: 48.653104688972235, rates: 48.653105144021346, loss: 1.4702233582735063, rho: 0.4000000000000001
[TRAIN]: (971/1600): reward: 48.26828569918871, rates: 49.26828482073563, loss: 1.6288584232330323, rho: 0.4000000000000001
[TRAIN]: (972/1600): reward: 50.69985249079764, rates: 50.6998514870097, loss: 1.306065672636032, rho: 0.4000000000000001
[TRAIN]: (973/1600): reward: 48.04246490448713, rates: 49.042465328405235, loss: 1.4432091742753983, rho: 0.4000000000000001
[TRAIN]: (974/1600): reward: 46.02803525701165, rates: 46.02803585124391, loss: 1.3553624242544173, rho: 0.4000000000000001
[TRAIN]: (975/1600): reward: 50.78733788430691, rates: 50.78733788303654, loss: 1.4351056963205338, rho: 0.4000000000000001
[TRAIN]: (976/1600): reward: 40.705891001969576, rates: 41.705891092898675, loss: 1.2982192546129228, rho: 0.4000000000000001
[TRAIN]: (977/1600): reward: 47.78562643378973, rates: 47.78562541885715, loss: 1.7432178378105163, rho: 0.4000000000000001
[TRAIN]: (978/1600): reward: 47.76675437390804, rates: 47.76675359916166, loss: 1.415100646018982, rho: 0.4000000000000001
[TRAIN]: (979/1600): reward: 45.59769910573959, rates: 46.5976985784225, loss: 1.3266634732484817, rho: 0.4000000000000001
[TRAIN]: (980/1600): reward: 48.67955246940255, rates: 48.67955273506322, loss: 1.6341168820858, rho: 0.4000000000000001
[TRAIN]: (981/1600): reward: 41.48597705364227, rates: 42.48597767405521, loss: 1.478234624862671, rho: 0.4000000000000001
[TRAIN]: (982/1600): reward: 44.28660446405411, rates: 45.28660488550619, loss: 1.2982002556324006, rho: 0.4000000000000001
[TRAIN]: (983/1600): reward: 48.268034206703305, rates: 48.26803437257915, loss: 1.4663861006498338, rho: 0.4000000000000001
[TRAIN]: (984/1600): reward: 45.72902622818947, rates: 46.72902633726751, loss: 1.2019143223762512, rho: 0.4000000000000001
[TRAIN]: (985/1600): reward: 42.41309017688036, rates: 43.41309045067158, loss: 1.369985157251358, rho: 0.4000000000000001
[TRAIN]: (986/1600): reward: 40.123731835745275, rates: 41.12373192594388, loss: 1.2762168556451798, rho: 0.4000000000000001
[TRAIN]: (987/1600): reward: 36.11887713894248, rates: 38.11887698475931, loss: 1.3954452216625213, rho: 0.4000000000000001
[TRAIN]: (988/1600): reward: 41.82686980254948, rates: 42.82687030340502, loss: 1.3287377685308457, rho: 0.4000000000000001
[TRAIN]: (989/1600): reward: 49.183062858879566, rates: 49.183063260197535, loss: 1.4785608321428299, rho: 0.4000000000000001
[TRAIN]: (990/1600): reward: 43.52016023918986, rates: 44.52015971530162, loss: 1.253205406665802, rho: 0.4000000000000001
[TRAIN]: (991/1600): reward: 48.685455065220594, rates: 48.685455881975535, loss: 1.2671703219413757, rho: 0.4000000000000001
[TRAIN]: (992/1600): reward: 43.25880655646324, rates: 45.25880698179715, loss: 1.655898669362068, rho: 0.4000000000000001
[TRAIN]: (993/1600): reward: 48.07125710695982, rates: 48.07125764367835, loss: 1.4540625870227815, rho: 0.4000000000000001
[TRAIN]: (994/1600): reward: 40.65497715771198, rates: 41.654976566365065, loss: 1.4300685971975327, rho: 0.4000000000000001
[TRAIN]: (995/1600): reward: 41.09471485763788, rates: 43.09471516128667, loss: 1.2835162103176116, rho: 0.4000000000000001
[TRAIN]: (996/1600): reward: 45.8278580494225, rates: 45.827858144769806, loss: 1.6540389865636826, rho: 0.4000000000000001
[TRAIN]: (997/1600): reward: 51.52572478167713, rates: 51.52572492600734, loss: 1.4255046039819717, rho: 0.4000000000000001
[TRAIN]: (998/1600): reward: 42.99596869945526, rates: 44.99596966775614, loss: 1.3894536733627318, rho: 0.4000000000000001
[TRAIN]: (999/1600): reward: 49.012656539678574, rates: 49.01265644247699, loss: 1.470478993654251, rho: 0.4000000000000001
[TRAIN]: (1000/1600): reward: 42.59043897688389, rates: 43.590439135450325, loss: 1.4351112753152848, rho: 0.4000000000000001
[TRAIN]: (1001/1600): reward: 45.103478668257594, rates: 46.103477822782544, loss: 1.5533636689186097, rho: 0.4000000000000001
[TRAIN]: (1002/1600): reward: 40.02487510442734, rates: 41.024874971874794, loss: 1.1892316877841949, rho: 0.4000000000000001
[TRAIN]: (1003/1600): reward: 47.23322130739689, rates: 48.23322182063167, loss: 1.3991044744849206, rho: 0.4000000000000001
[TRAIN]: (1004/1600): reward: 49.24679969251156, rates: 50.246799750306586, loss: 1.6047070518136024, rho: 0.4000000000000001
[TRAIN]: (1005/1600): reward: 45.636053673923016, rates: 47.636054000395404, loss: 1.5403244465589523, rho: 0.4000000000000001
[TRAIN]: (1006/1600): reward: 44.93111699819565, rates: 44.93111694558707, loss: 1.2875172704458238, rho: 0.4000000000000001
[TRAIN]: (1007/1600): reward: 50.19949854910374, rates: 50.199498663370186, loss: 1.535313418507576, rho: 0.4000000000000001
[TRAIN]: (1008/1600): reward: 48.99129734188318, rates: 48.99129811539831, loss: 1.59968920648098, rho: 0.4000000000000001
[TRAIN]: (1009/1600): reward: 46.63255853205919, rates: 48.63255874914446, loss: 1.378925473988056, rho: 0.4000000000000001
[TRAIN]: (1010/1600): reward: 43.611729837954044, rates: 44.61172953012273, loss: 1.324971568584442, rho: 0.4000000000000001
[TRAIN]: (1011/1600): reward: 49.47012923657894, rates: 49.47012852678754, loss: 1.2175447523593903, rho: 0.4000000000000001
[TRAIN]: (1012/1600): reward: 44.49070439487696, rates: 44.49070450563151, loss: 1.4949701815843581, rho: 0.4000000000000001
[TRAIN]: (1013/1600): reward: 49.72538224235177, rates: 49.725381659867686, loss: 1.5485654711723327, rho: 0.4000000000000001
[TRAIN]: (1014/1600): reward: 47.550263363868, rates: 47.55026344280364, loss: 1.4995474934577941, rho: 0.4000000000000001
[TRAIN]: (1015/1600): reward: 35.80488204583526, rates: 37.804881736208124, loss: 1.2784627497196197, rho: 0.4000000000000001
[TRAIN]: (1016/1600): reward: 48.26071222499013, rates: 48.260712274976186, loss: 1.281196478009224, rho: 0.4000000000000001
[TRAIN]: (1017/1600): reward: 47.624067711643875, rates: 47.62406727529042, loss: 1.3755646899342537, rho: 0.4000000000000001
[TRAIN]: (1018/1600): reward: 46.858419843018055, rates: 47.85842035231143, loss: 1.226755404472351, rho: 0.4000000000000001
[TRAIN]: (1019/1600): reward: 49.63804551959038, rates: 49.638046563297344, loss: 1.3671683847904206, rho: 0.4000000000000001
[TRAIN]: (1020/1600): reward: 41.05253064259887, rates: 42.052530134367906, loss: 1.3583666384220123, rho: 0.4000000000000001
[TRAIN]: (1021/1600): reward: 46.23485488072038, rates: 46.23485445396771, loss: 1.4860935270786286, rho: 0.4000000000000001
[TRAIN]: (1022/1600): reward: 47.48466174118221, rates: 47.48466154084027, loss: 1.5299194395542144, rho: 0.4000000000000001
[TRAIN]: (1023/1600): reward: 36.25466922670603, rates: 38.25466996747792, loss: 1.5767701148986817, rho: 0.4000000000000001
[TRAIN]: (1024/1600): reward: 49.9055302888155, rates: 49.90553021928734, loss: 1.2585077345371247, rho: 0.4000000000000001
[TRAIN]: (1025/1600): reward: 48.270662954077125, rates: 48.270662896785666, loss: 1.272265540063381, rho: 0.4000000000000001
[TRAIN]: (1026/1600): reward: 46.15763912349939, rates: 46.15763937995112, loss: 1.1821876242756844, rho: 0.4000000000000001
[TRAIN]: (1027/1600): reward: 42.6279961168766, rates: 45.62799639289711, loss: 1.3757812321186065, rho: 0.4000000000000001
[TRAIN]: (1028/1600): reward: 39.85802876204252, rates: 41.85802864910141, loss: 1.4445244908332824, rho: 0.4000000000000001
[TRAIN]: (1029/1600): reward: 42.63474763184786, rates: 42.634747497948, loss: 1.295905739068985, rho: 0.4000000000000001
[TRAIN]: (1030/1600): reward: 45.97097793966532, rates: 48.97097800115826, loss: 1.5071581661701203, rho: 0.4000000000000001
[TRAIN]: (1031/1600): reward: 48.276279993355274, rates: 48.27627993338015, loss: 1.2641787201166153, rho: 0.4000000000000001
[TRAIN]: (1032/1600): reward: 46.94009066000581, rates: 46.94009050302841, loss: 1.1866322383284569, rho: 0.4000000000000001
[TRAIN]: (1033/1600): reward: 40.64281451329589, rates: 42.64281429469126, loss: 1.4797028869390487, rho: 0.4000000000000001
[TRAIN]: (1034/1600): reward: 46.761973675340414, rates: 47.76197354508445, loss: 1.380035427212715, rho: 0.4000000000000001
[TRAIN]: (1035/1600): reward: 50.77525472640991, rates: 50.775255413798504, loss: 1.50812306702137, rho: 0.4000000000000001
[TRAIN]: (1036/1600): reward: 49.95750556886196, rates: 49.957505442013066, loss: 1.3615762501955033, rho: 0.4000000000000001
[TRAIN]: (1037/1600): reward: 49.496744100004435, rates: 50.49674466275293, loss: 1.3487339466810226, rho: 0.4000000000000001
[TRAIN]: (1038/1600): reward: 48.98821116425097, rates: 48.98821055979285, loss: 1.365445876121521, rho: 0.4000000000000001
[TRAIN]: (1039/1600): reward: 43.04221721738577, rates: 45.04221716960524, loss: 1.5407895773649216, rho: 0.4000000000000001
[TRAIN]: (1040/1600): reward: 42.33668175339699, rates: 45.33668203913056, loss: 1.3043189749121666, rho: 0.4000000000000001
[TRAIN]: (1041/1600): reward: 43.12066753208637, rates: 44.1206678109447, loss: 1.4710725545883179, rho: 0.4000000000000001
[TRAIN]: (1042/1600): reward: 39.7241303101182, rates: 41.724130548685494, loss: 1.5362092226743698, rho: 0.4000000000000001
[TRAIN]: (1043/1600): reward: 47.12737937271595, rates: 48.12738001993572, loss: 1.3516335874795913, rho: 0.4000000000000001
[TRAIN]: (1044/1600): reward: 49.059630401432514, rates: 49.05963037183953, loss: 1.2579441413283348, rho: 0.4000000000000001
[TRAIN]: (1045/1600): reward: 43.159290285781026, rates: 44.159290527775156, loss: 1.3606814801692964, rho: 0.4000000000000001
[TRAIN]: (1046/1600): reward: 32.37025621905923, rates: 34.37025583057123, loss: 1.3985598377883435, rho: 0.4000000000000001
[TRAIN]: (1047/1600): reward: 46.49558451026678, rates: 47.4955847645339, loss: 1.5327831000089644, rho: 0.4000000000000001
[TRAIN]: (1048/1600): reward: 44.50812352448702, rates: 45.508123742457634, loss: 1.312557154893875, rho: 0.4000000000000001
[TRAIN]: (1049/1600): reward: 51.95822464674711, rates: 51.95822481400185, loss: 1.3897890374064445, rho: 0.4000000000000001
[TRAIN]: (1050/1600): reward: 42.419702745974064, rates: 43.419703204930016, loss: 1.456081810593605, rho: 0.4000000000000001
[TRAIN]: (1051/1600): reward: 54.602433547377586, rates: 54.602432799214185, loss: 1.2148670479655266, rho: 0.4000000000000001
[TRAIN]: (1052/1600): reward: 47.78625088557601, rates: 47.78625122388682, loss: 1.2856625288724899, rho: 0.4000000000000001
[TRAIN]: (1053/1600): reward: 41.80129120498896, rates: 42.80129160365695, loss: 1.5306542575359345, rho: 0.4000000000000001
[TRAIN]: (1054/1600): reward: 43.65273027867079, rates: 46.6527299570607, loss: 1.3506821349263192, rho: 0.4000000000000001
[TRAIN]: (1055/1600): reward: 39.749806091189384, rates: 41.74980607466422, loss: 1.4870620220899582, rho: 0.4000000000000001
[TRAIN]: (1056/1600): reward: 50.4272775053978, rates: 50.42727751149904, loss: 1.4169307559728623, rho: 0.4000000000000001
[TRAIN]: (1057/1600): reward: 46.38404680788517, rates: 46.384046505683536, loss: 1.532830461859703, rho: 0.4000000000000001
[TRAIN]: (1058/1600): reward: 40.80887058004737, rates: 42.808871039661724, loss: 1.6655078560113907, rho: 0.4000000000000001
[TRAIN]: (1059/1600): reward: 52.92355137690902, rates: 52.92355123979755, loss: 1.4651820003986358, rho: 0.4000000000000001
[TRAIN]: (1060/1600): reward: 48.22202164679766, rates: 48.2220215295967, loss: 1.3837683230638504, rho: 0.4000000000000001
[TRAIN]: (1061/1600): reward: 50.21570146083832, rates: 50.215701150529874, loss: 1.624560695886612, rho: 0.4000000000000001
[TRAIN]: (1062/1600): reward: 53.49722009897232, rates: 53.497219948759046, loss: 1.425286591053009, rho: 0.4000000000000001
[TRAIN]: (1063/1600): reward: 47.906667958945036, rates: 47.90666767153148, loss: 1.388955618441105, rho: 0.4000000000000001
[TRAIN]: (1064/1600): reward: 47.312714628875256, rates: 47.31271428449577, loss: 1.2828266829252244, rho: 0.4000000000000001
[TRAIN]: (1065/1600): reward: 48.23526906967163, rates: 50.235268955186285, loss: 1.5454618096351624, rho: 0.4000000000000001
[TRAIN]: (1066/1600): reward: 46.826346069574356, rates: 47.82634605966038, loss: 1.4583068817853928, rho: 0.4000000000000001
[TRAIN]: (1067/1600): reward: 47.89923192560673, rates: 47.899231771780215, loss: 1.134245154261589, rho: 0.4000000000000001
[TRAIN]: (1068/1600): reward: 46.18770881742239, rates: 47.18770895422031, loss: 1.388910987973213, rho: 0.4000000000000001
[TRAIN]: (1069/1600): reward: 48.88216369226575, rates: 48.88216319712299, loss: 1.3150919467210769, rho: 0.4000000000000001
[TRAIN]: (1070/1600): reward: 48.874803841114044, rates: 48.874803943769265, loss: 1.5425769254565238, rho: 0.4000000000000001
[TRAIN]: (1071/1600): reward: 43.82295261323452, rates: 44.822952338423846, loss: 1.7790101617574692, rho: 0.4000000000000001
[TRAIN]: (1072/1600): reward: 37.208475690335035, rates: 41.20847552895533, loss: 1.5848662048578261, rho: 0.4000000000000001
[TRAIN]: (1073/1600): reward: 43.175207175314426, rates: 44.17520696979153, loss: 1.3595346063375473, rho: 0.4000000000000001
[TRAIN]: (1074/1600): reward: 42.05837621167302, rates: 43.058376545533335, loss: 1.3820649623870849, rho: 0.4000000000000001
[TRAIN]: (1075/1600): reward: 48.63817971199751, rates: 48.63817984436747, loss: 1.4870659768581391, rho: 0.4000000000000001
[TRAIN]: (1076/1600): reward: 38.00050171837211, rates: 40.00050175380226, loss: 1.5461859911680222, rho: 0.4000000000000001
[TRAIN]: (1077/1600): reward: 49.79766874015331, rates: 49.79766852257603, loss: 1.3149622946977615, rho: 0.4000000000000001
[TRAIN]: (1078/1600): reward: 45.05087045952678, rates: 46.0508703977034, loss: 1.200405666232109, rho: 0.4000000000000001
[TRAIN]: (1079/1600): reward: 49.41541934106499, rates: 49.415419647309285, loss: 1.3905430048704148, rho: 0.4000000000000001
[TRAIN]: (1080/1600): reward: 37.80802483856678, rates: 39.8080238583625, loss: 1.3636367589235305, rho: 0.4000000000000001
[TRAIN]: (1081/1600): reward: 49.50700250081718, rates: 49.50700237710653, loss: 1.3211939543485642, rho: 0.4000000000000001
[TRAIN]: (1082/1600): reward: 47.133938521146774, rates: 47.13393921600696, loss: 1.126663476228714, rho: 0.4000000000000001
[TRAIN]: (1083/1600): reward: 46.82969603314996, rates: 47.829695627919634, loss: 1.3496549725532532, rho: 0.4000000000000001
[TRAIN]: (1084/1600): reward: 54.162012472748756, rates: 54.1620122476614, loss: 1.537270200252533, rho: 0.4000000000000001
[TRAIN]: (1085/1600): reward: 47.1249027363956, rates: 49.124902834376144, loss: 1.3706890612840652, rho: 0.4000000000000001
[TRAIN]: (1086/1600): reward: 47.6631904989481, rates: 47.6631914430603, loss: 1.0743064388632775, rho: 0.4000000000000001
[TRAIN]: (1087/1600): reward: 53.0291658192873, rates: 53.02916536434867, loss: 1.348506236076355, rho: 0.4000000000000001
[TRAIN]: (1088/1600): reward: 50.142115116119385, rates: 50.14211490058258, loss: 1.659366238117218, rho: 0.4000000000000001
[TRAIN]: (1089/1600): reward: 34.77687677368522, rates: 37.77687635532608, loss: 1.2586601436138154, rho: 0.4000000000000001
[TRAIN]: (1090/1600): reward: 42.703401289880276, rates: 43.703401575313244, loss: 1.488079845905304, rho: 0.4000000000000001
[TRAIN]: (1091/1600): reward: 41.49116162583232, rates: 42.49116123855108, loss: 1.2212950736284256, rho: 0.4000000000000001
[TRAIN]: (1092/1600): reward: 38.31641747802496, rates: 40.316417256078665, loss: 1.3290806338191032, rho: 0.4000000000000001
[TRAIN]: (1093/1600): reward: 44.42408658564091, rates: 44.42408629517358, loss: 1.4542540848255157, rho: 0.4000000000000001
[TRAIN]: (1094/1600): reward: 49.365483617410064, rates: 51.36548356030035, loss: 1.278609299659729, rho: 0.4000000000000001
[TRAIN]: (1095/1600): reward: 46.366641737520695, rates: 46.366642410297075, loss: 1.4110217958688736, rho: 0.4000000000000001
[TRAIN]: (1096/1600): reward: 34.798694401979446, rates: 36.7986937746483, loss: 1.4102078408002854, rho: 0.4000000000000001
[TRAIN]: (1097/1600): reward: 43.46356298774481, rates: 44.46356317231043, loss: 1.1243504285812378, rho: 0.4000000000000001
[TRAIN]: (1098/1600): reward: 35.62153882347047, rates: 37.62153893242872, loss: 1.4374770641326904, rho: 0.4000000000000001
[TRAIN]: (1099/1600): reward: 41.9591761790216, rates: 42.95917666695287, loss: 1.5783597141504289, rho: 0.4000000000000001
[TRAIN]: (1100/1600): reward: 44.17288210056722, rates: 45.172881860599766, loss: 1.4460040658712388, rho: 0.4000000000000001
[TRAIN]: (1101/1600): reward: 36.745812855660915, rates: 37.74581285468635, loss: 1.5648495554924011, rho: 0.4000000000000001
[TRAIN]: (1102/1600): reward: 46.90162893384695, rates: 47.901629537196364, loss: 1.498238353431225, rho: 0.4000000000000001
[TRAIN]: (1103/1600): reward: 40.79926487803459, rates: 41.79926484087561, loss: 1.2720107078552245, rho: 0.4000000000000001
[TRAIN]: (1104/1600): reward: 44.04234627634287, rates: 45.04234648827349, loss: 1.28076773583889, rho: 0.4000000000000001
[TRAIN]: (1105/1600): reward: 49.19824365153909, rates: 49.198243929474515, loss: 1.2954531520605088, rho: 0.4000000000000001
[TRAIN]: (1106/1600): reward: 43.61240098439157, rates: 44.61240148770274, loss: 1.476757065951824, rho: 0.4000000000000001
[TRAIN]: (1107/1600): reward: 44.441131457686424, rates: 45.44113201491046, loss: 1.5305570900440215, rho: 0.4000000000000001
[TRAIN]: (1108/1600): reward: 48.741488091647625, rates: 48.74148731110406, loss: 1.3772726595401763, rho: 0.4000000000000001
[TRAIN]: (1109/1600): reward: 48.81965783983469, rates: 48.81965821626953, loss: 1.5743716716766358, rho: 0.4000000000000001
[TRAIN]: (1110/1600): reward: 50.85023804008961, rates: 51.850237457691314, loss: 1.4030170828104018, rho: 0.4000000000000001
[TRAIN]: (1111/1600): reward: 47.994614535942674, rates: 47.994614984302764, loss: 1.5367221862077713, rho: 0.4000000000000001
[TRAIN]: (1112/1600): reward: 51.39598884386942, rates: 51.395988386947636, loss: 1.523537877202034, rho: 0.4000000000000001
[TRAIN]: (1113/1600): reward: 44.3417843261268, rates: 46.34178414418064, loss: 1.285627093911171, rho: 0.4000000000000001
[TRAIN]: (1114/1600): reward: 36.8300178386271, rates: 38.830017455454794, loss: 1.3316498100757599, rho: 0.4000000000000001
[TRAIN]: (1115/1600): reward: 42.95362803712487, rates: 44.95362819655448, loss: 1.6295954912900925, rho: 0.4000000000000001
[TRAIN]: (1116/1600): reward: 46.69831161201, rates: 47.698311149408504, loss: 1.409241846203804, rho: 0.4000000000000001
[TRAIN]: (1117/1600): reward: 50.1840366050601, rates: 50.184036302538544, loss: 1.4109606355428697, rho: 0.4000000000000001
[TRAIN]: (1118/1600): reward: 45.80896573700011, rates: 46.808964935194055, loss: 1.4381930276751518, rho: 0.4000000000000001
[TRAIN]: (1119/1600): reward: 45.00447800755501, rates: 46.004478677515166, loss: 1.495225015282631, rho: 0.4000000000000001
[TRAIN]: (1120/1600): reward: 42.64488343894482, rates: 43.644883893488654, loss: 1.4763076573610305, rho: 0.4000000000000001
[TRAIN]: (1121/1600): reward: 39.56553051993251, rates: 41.56553042551284, loss: 1.3959310099482536, rho: 0.4000000000000001
[TRAIN]: (1122/1600): reward: 39.50799426436424, rates: 40.50799453578688, loss: 1.4269850254058838, rho: 0.4000000000000001
[TRAIN]: (1123/1600): reward: 49.348235949873924, rates: 49.34823563355578, loss: 1.4055950105190278, rho: 0.4000000000000001
[TRAIN]: (1124/1600): reward: 45.47405889630318, rates: 46.47405925786185, loss: 1.6701008528470993, rho: 0.4000000000000001
[TRAIN]: (1125/1600): reward: 46.17978159338236, rates: 46.17978076216787, loss: 1.4296066865324975, rho: 0.4000000000000001
[TRAIN]: (1126/1600): reward: 50.852064821869135, rates: 50.85206456327955, loss: 1.3096317857503892, rho: 0.4000000000000001
[TRAIN]: (1127/1600): reward: 38.007318042218685, rates: 40.007318292387865, loss: 1.1077978223562241, rho: 0.4000000000000001
[TRAIN]: (1128/1600): reward: 43.68366074375808, rates: 44.68366079530095, loss: 1.6342084258794785, rho: 0.4000000000000001
[TRAIN]: (1129/1600): reward: 51.8263069242239, rates: 51.826306991573766, loss: 1.3315031483769417, rho: 0.4000000000000001
[TRAIN]: (1130/1600): reward: 43.544525254517794, rates: 44.5445252214106, loss: 1.3547580152750016, rho: 0.4000000000000001
[TRAIN]: (1131/1600): reward: 43.41160445660353, rates: 45.4116044624179, loss: 1.4770012632012368, rho: 0.4000000000000001
[TRAIN]: (1132/1600): reward: 42.717006823047996, rates: 43.71700740146383, loss: 1.7979530781507491, rho: 0.4000000000000001
[TRAIN]: (1133/1600): reward: 50.63235365599394, rates: 50.63235384860774, loss: 1.2720144614577293, rho: 0.4000000000000001
[TRAIN]: (1134/1600): reward: 46.53340592421591, rates: 47.53340566001534, loss: 1.3260508537292481, rho: 0.4000000000000001
[TRAIN]: (1135/1600): reward: 50.09423374757171, rates: 50.09423365674381, loss: 1.5349023908376693, rho: 0.4000000000000001
[TRAIN]: (1136/1600): reward: 41.926513347774744, rates: 42.92651294881061, loss: 1.6583444386720658, rho: 0.4000000000000001
[TRAIN]: (1137/1600): reward: 48.30894511565566, rates: 48.308944767998675, loss: 1.3343442663550378, rho: 0.4000000000000001
[TRAIN]: (1138/1600): reward: 37.643876537680626, rates: 39.64387660862441, loss: 1.2518595978617668, rho: 0.4000000000000001
[TRAIN]: (1139/1600): reward: 44.4272094219923, rates: 44.42720866629881, loss: 1.6219431281089782, rho: 0.4000000000000001
[TRAIN]: (1140/1600): reward: 45.094195312820375, rates: 45.09419553332219, loss: 1.2932807043194772, rho: 0.4000000000000001
[TRAIN]: (1141/1600): reward: 43.831109426915646, rates: 44.83110908347944, loss: 1.6583478301763535, rho: 0.4000000000000001
[TRAIN]: (1142/1600): reward: 49.04578737169504, rates: 49.04578804911225, loss: 1.5473243713378906, rho: 0.4000000000000001
[TRAIN]: (1143/1600): reward: 43.73710921406746, rates: 43.73710916980391, loss: 1.3824868500232697, rho: 0.4000000000000001
[TRAIN]: (1144/1600): reward: 47.32023483328521, rates: 48.32023486381236, loss: 1.2332046627998352, rho: 0.4000000000000001
[TRAIN]: (1145/1600): reward: 39.44021598249674, rates: 42.440215935373125, loss: 1.2922387018799781, rho: 0.4000000000000001
[TRAIN]: (1146/1600): reward: 42.05687642842531, rates: 43.056876436459376, loss: 1.5310459971427917, rho: 0.4000000000000001
[TRAIN]: (1147/1600): reward: 44.153173979371786, rates: 45.15317427959069, loss: 1.380943624675274, rho: 0.4000000000000001
[TRAIN]: (1148/1600): reward: 50.04781497269869, rates: 51.047814821624726, loss: 1.4485726192593575, rho: 0.4000000000000001
[TRAIN]: (1149/1600): reward: 44.38249881565571, rates: 45.382498579418815, loss: 1.5176481187343598, rho: 0.4000000000000001
[TRAIN]: (1150/1600): reward: 47.086251214146614, rates: 48.08625110030093, loss: 1.3808976888656617, rho: 0.4000000000000001
[TRAIN]: (1151/1600): reward: 48.52575318515301, rates: 48.52575326637203, loss: 1.345338149368763, rho: 0.4000000000000001
[TRAIN]: (1152/1600): reward: 47.636323012411594, rates: 47.636322755086, loss: 1.4976353824138642, rho: 0.4000000000000001
[TRAIN]: (1153/1600): reward: 47.761572390794754, rates: 47.761573320345725, loss: 1.2735587030649185, rho: 0.4000000000000001
[TRAIN]: (1154/1600): reward: 44.87587899900973, rates: 44.875879234650725, loss: 1.3933884248137474, rho: 0.4000000000000001
[TRAIN]: (1155/1600): reward: 41.455809853971004, rates: 43.45580966936601, loss: 1.34464470744133, rho: 0.4000000000000001
[TRAIN]: (1156/1600): reward: 47.15920041501522, rates: 47.1592005845732, loss: 1.3121048599481582, rho: 0.4000000000000001
[TRAIN]: (1157/1600): reward: 46.37303304858506, rates: 46.37303313234424, loss: 1.3717028349637985, rho: 0.4000000000000001
[TRAIN]: (1158/1600): reward: 50.729478519409895, rates: 50.72947829133933, loss: 1.3984454035758973, rho: 0.4000000000000001
[TRAIN]: (1159/1600): reward: 49.051163624972105, rates: 49.05116327047802, loss: 1.632749018073082, rho: 0.4000000000000001
[TRAIN]: (1160/1600): reward: 41.871550157666206, rates: 42.87155012238205, loss: 1.668937972187996, rho: 0.4000000000000001
[TRAIN]: (1161/1600): reward: 46.008309327065945, rates: 46.008309818912956, loss: 1.7471433997154235, rho: 0.4000000000000001
[TRAIN]: (1162/1600): reward: 44.93994156643748, rates: 46.93994189142437, loss: 1.433948627114296, rho: 0.4000000000000001
[TRAIN]: (1163/1600): reward: 44.06623540818691, rates: 45.06623520667998, loss: 1.5040877729654312, rho: 0.4000000000000001
[TRAIN]: (1164/1600): reward: 50.61599560081959, rates: 50.61599528698607, loss: 1.4119079291820527, rho: 0.4000000000000001
[TRAIN]: (1165/1600): reward: 39.81787693873048, rates: 41.81787692317589, loss: 1.1015168726444244, rho: 0.4000000000000001
[TRAIN]: (1166/1600): reward: 46.792706329375505, rates: 46.792706622937004, loss: 1.469585108757019, rho: 0.4000000000000001
[TRAIN]: (1167/1600): reward: 45.307073284871876, rates: 46.307073888160254, loss: 1.4452019035816193, rho: 0.4000000000000001
[TRAIN]: (1168/1600): reward: 41.80986203998327, rates: 42.80986224609817, loss: 1.4627896338701247, rho: 0.4000000000000001
[TRAIN]: (1169/1600): reward: 43.68068265542388, rates: 45.680681801008426, loss: 1.3823339611291885, rho: 0.4000000000000001
[TRAIN]: (1170/1600): reward: 48.13507967442274, rates: 48.135079973270166, loss: 1.3982946306467057, rho: 0.4000000000000001
[TRAIN]: (1171/1600): reward: 48.284519761800766, rates: 49.284519605020996, loss: 1.651934376358986, rho: 0.4000000000000001
[TRAIN]: (1172/1600): reward: 43.91685450077057, rates: 44.91685447409399, loss: 1.0870028480887413, rho: 0.4000000000000001
[TRAIN]: (1173/1600): reward: 49.25639698468149, rates: 49.25639719474219, loss: 1.404552860558033, rho: 0.4000000000000001
[TRAIN]: (1174/1600): reward: 47.97787352651358, rates: 47.97787320540916, loss: 1.5230246305465698, rho: 0.4000000000000001
[TRAIN]: (1175/1600): reward: 50.48678186908364, rates: 50.486781570150406, loss: 1.4144525080919266, rho: 0.4000000000000001
[TRAIN]: (1176/1600): reward: 40.3482057005167, rates: 42.34820550805229, loss: 1.328986195474863, rho: 0.4000000000000001
[TRAIN]: (1177/1600): reward: 49.34629138559103, rates: 49.34629170822265, loss: 1.3961135774850846, rho: 0.4000000000000001
[TRAIN]: (1178/1600): reward: 34.41621215362102, rates: 36.41621202918034, loss: 1.508518072962761, rho: 0.4000000000000001
[TRAIN]: (1179/1600): reward: 46.70295875519514, rates: 46.70295913472532, loss: 1.5226028621196748, rho: 0.4000000000000001
[TRAIN]: (1180/1600): reward: 41.42039145901799, rates: 42.42039101355517, loss: 1.440492807328701, rho: 0.4000000000000001
[TRAIN]: (1181/1600): reward: 48.96857976913452, rates: 48.96857934013758, loss: 1.3543588638305664, rho: 0.4000000000000001
[TRAIN]: (1182/1600): reward: 43.268582958728075, rates: 44.268582991817055, loss: 1.488718420267105, rho: 0.4000000000000001
[TRAIN]: (1183/1600): reward: 48.85804932937026, rates: 48.85804866093749, loss: 1.194928839802742, rho: 0.4000000000000001
[TRAIN]: (1184/1600): reward: 39.113589592278004, rates: 41.11358974027392, loss: 1.5106417313218117, rho: 0.4000000000000001
[TRAIN]: (1185/1600): reward: 48.177301743999124, rates: 48.17730140068146, loss: 1.2753845438361169, rho: 0.4000000000000001
[TRAIN]: (1186/1600): reward: 45.439334496855736, rates: 46.4393341752548, loss: 1.6737392991781235, rho: 0.4000000000000001
[TRAIN]: (1187/1600): reward: 48.310878686606884, rates: 48.31087865456188, loss: 1.2843666583299638, rho: 0.4000000000000001
[TRAIN]: (1188/1600): reward: 42.55110566318035, rates: 43.55110600022733, loss: 1.3761687278747559, rho: 0.4000000000000001
[TRAIN]: (1189/1600): reward: 44.69350856915116, rates: 45.69350863629635, loss: 1.3868178129196167, rho: 0.4000000000000001
[TRAIN]: (1190/1600): reward: 43.142181642353535, rates: 45.14218161047073, loss: 1.3930684864521026, rho: 0.4000000000000001
[TRAIN]: (1191/1600): reward: 45.85558392480016, rates: 45.85558364371386, loss: 1.1583659172058105, rho: 0.4000000000000001
[TRAIN]: (1192/1600): reward: 41.32746107131243, rates: 42.32746080658007, loss: 1.4495685651898385, rho: 0.4000000000000001
[TRAIN]: (1193/1600): reward: 53.6189803481102, rates: 53.618980765092374, loss: 1.4603185772895813, rho: 0.4000000000000001
[TRAIN]: (1194/1600): reward: 49.21876586228609, rates: 50.218766100259785, loss: 1.10708329975605, rho: 0.4000000000000001
[TRAIN]: (1195/1600): reward: 40.84696004725993, rates: 41.84695954901344, loss: 1.1098976746201514, rho: 0.4000000000000001
[TRAIN]: (1196/1600): reward: 35.316450046375394, rates: 37.31645091168875, loss: 1.3436800420284272, rho: 0.4000000000000001
[TRAIN]: (1197/1600): reward: 47.9420680552721, rates: 47.94206845695781, loss: 1.6556005150079727, rho: 0.4000000000000001
[TRAIN]: (1198/1600): reward: 47.92863792786375, rates: 47.92863824078877, loss: 1.3455499023199082, rho: 0.4000000000000001
[TRAIN]: (1199/1600): reward: 49.08100616186857, rates: 49.08100537020309, loss: 1.424611908197403, rho: 0.4000000000000001
[TRAIN]: (1200/1600): reward: 44.82918958179653, rates: 46.829189803117316, loss: 1.4901797890663147, rho: 0.4000000000000001
[TRAIN]: (1201/1600): reward: 46.01311694085598, rates: 46.01311652127516, loss: 1.5505549252033233, rho: 0.4000000000000001
[TRAIN]: (1202/1600): reward: 44.7751596160233, rates: 46.77515966844169, loss: 1.3824318319559097, rho: 0.4000000000000001
[TRAIN]: (1203/1600): reward: 51.23517030291259, rates: 52.23517024510472, loss: 1.642517477273941, rho: 0.4000000000000001
[TRAIN]: (1204/1600): reward: 49.12531050294638, rates: 49.125310705910906, loss: 1.3872812300920487, rho: 0.4000000000000001
[TRAIN]: (1205/1600): reward: 48.800006464123726, rates: 48.80000710910415, loss: 1.5723144173622132, rho: 0.4000000000000001
[TRAIN]: (1206/1600): reward: 47.25745556503534, rates: 47.257455611753336, loss: 1.6688377380371093, rho: 0.4000000000000001
[TRAIN]: (1207/1600): reward: 48.56498499214649, rates: 48.564984937858405, loss: 1.5358007490634917, rho: 0.4000000000000001
[TRAIN]: (1208/1600): reward: 47.552489556372166, rates: 47.5524900063684, loss: 1.2474908754229546, rho: 0.4000000000000001
[TRAIN]: (1209/1600): reward: 43.255711272358894, rates: 45.2557110891683, loss: 1.5425279900431632, rho: 0.4000000000000001
[TRAIN]: (1210/1600): reward: 45.917000479996204, rates: 46.91700064275297, loss: 1.444054988026619, rho: 0.4000000000000001
[TRAIN]: (1211/1600): reward: 37.04164696671069, rates: 39.04164665108919, loss: 1.3596526205539703, rho: 0.4000000000000001
[TRAIN]: (1212/1600): reward: 51.02378534525633, rates: 51.02378577992661, loss: 1.3445831328630446, rho: 0.4000000000000001
[TRAIN]: (1213/1600): reward: 48.715907495468855, rates: 48.71590757821699, loss: 1.3450498670339583, rho: 0.4000000000000001
[TRAIN]: (1214/1600): reward: 46.59157004207373, rates: 46.591570661476744, loss: 1.1966241106390954, rho: 0.4000000000000001
[TRAIN]: (1215/1600): reward: 36.603651992976665, rates: 39.60365195729426, loss: 1.773347297310829, rho: 0.4000000000000001
[TRAIN]: (1216/1600): reward: 50.722863517701626, rates: 50.72286339016967, loss: 1.4403235614299774, rho: 0.4000000000000001
[TRAIN]: (1217/1600): reward: 46.636625899001956, rates: 47.636626434402444, loss: 1.6135313928127288, rho: 0.4000000000000001
[TRAIN]: (1218/1600): reward: 50.73421070724726, rates: 50.73421103825078, loss: 1.5820488631725311, rho: 0.4000000000000001
[TRAIN]: (1219/1600): reward: 40.93774864822626, rates: 41.9377490296564, loss: 1.3917270824313164, rho: 0.4000000000000001
[TRAIN]: (1220/1600): reward: 40.80337738059461, rates: 42.80337727561894, loss: 1.6055966168642044, rho: 0.4000000000000001
[TRAIN]: (1221/1600): reward: 48.11141973361373, rates: 48.11142020910523, loss: 1.4609784364700318, rho: 0.4000000000000001
[TRAIN]: (1222/1600): reward: 34.484839495271444, rates: 37.48483935961337, loss: 1.4417735010385513, rho: 0.4000000000000001
[TRAIN]: (1223/1600): reward: 37.87606377899647, rates: 40.876063852680225, loss: 1.8504452377557754, rho: 0.4000000000000001
[TRAIN]: (1224/1600): reward: 43.851624363684095, rates: 45.85162499491648, loss: 1.3303358227014541, rho: 0.4000000000000001
[TRAIN]: (1225/1600): reward: 39.2940509095788, rates: 42.29405045381116, loss: 1.3003354698419571, rho: 0.4000000000000001
[TRAIN]: (1226/1600): reward: 35.18043205142021, rates: 38.18043189604526, loss: 1.3346647173166275, rho: 0.4000000000000001
[TRAIN]: (1227/1600): reward: 51.37233990803361, rates: 51.37234037957131, loss: 1.5858561128377915, rho: 0.4000000000000001
[TRAIN]: (1228/1600): reward: 49.20705961063504, rates: 50.207059862198406, loss: 1.55478173494339, rho: 0.4000000000000001
[TRAIN]: (1229/1600): reward: 46.509929440915585, rates: 47.50992874895148, loss: 1.5143787652254104, rho: 0.4000000000000001
[TRAIN]: (1230/1600): reward: 49.30093600600958, rates: 49.30093573535092, loss: 1.31071939766407, rho: 0.4000000000000001
[TRAIN]: (1231/1600): reward: 50.07423489540815, rates: 50.074235024008985, loss: 1.2595365330576898, rho: 0.4000000000000001
[TRAIN]: (1232/1600): reward: 45.094626082107425, rates: 46.09462701563086, loss: 1.4848390221595764, rho: 0.4000000000000001
[TRAIN]: (1233/1600): reward: 42.23174024373293, rates: 43.23174018867844, loss: 1.4033376559615136, rho: 0.4000000000000001
[TRAIN]: (1234/1600): reward: 44.78748158738017, rates: 44.787482228525235, loss: 1.6574551790952683, rho: 0.4000000000000001
[TRAIN]: (1235/1600): reward: 48.946046352386475, rates: 49.94604671058295, loss: 1.4777879685163497, rho: 0.4000000000000001
[TRAIN]: (1236/1600): reward: 41.5596102848649, rates: 42.55961008404232, loss: 1.5125861704349517, rho: 0.4000000000000001
[TRAIN]: (1237/1600): reward: 41.56746115535498, rates: 42.56746129591861, loss: 1.4274365305900574, rho: 0.4000000000000001
[TRAIN]: (1238/1600): reward: 40.7071310095489, rates: 41.707131119195175, loss: 1.3934266895055771, rho: 0.4000000000000001
[TRAIN]: (1239/1600): reward: 34.52795052528381, rates: 36.52795066746716, loss: 1.4664273709058762, rho: 0.4000000000000001
[TRAIN]: (1240/1600): reward: 48.22943688929081, rates: 49.229436080997736, loss: 1.7126171112060546, rho: 0.4000000000000001
[TRAIN]: (1241/1600): reward: 46.84005635231733, rates: 46.84005603881296, loss: 1.4155407935380935, rho: 0.4000000000000001
[TRAIN]: (1242/1600): reward: 42.74193396046758, rates: 43.74193424096343, loss: 1.384104496240616, rho: 0.4000000000000001
[TRAIN]: (1243/1600): reward: 43.93460446968675, rates: 44.93460462283011, loss: 1.321795779466629, rho: 0.4000000000000001
[TRAIN]: (1244/1600): reward: 46.68622297607362, rates: 47.6862231377331, loss: 1.3209235042333602, rho: 0.4000000000000001
[TRAIN]: (1245/1600): reward: 44.61360485572368, rates: 45.61360490337113, loss: 1.6144246339797974, rho: 0.4000000000000001
[TRAIN]: (1246/1600): reward: 50.010250044986606, rates: 51.010249328633535, loss: 1.492235143482685, rho: 0.4000000000000001
[TRAIN]: (1247/1600): reward: 49.301230849698186, rates: 50.30123128115968, loss: 1.5078751027584076, rho: 0.4000000000000001
[TRAIN]: (1248/1600): reward: 49.96231899410486, rates: 49.96231973242808, loss: 1.530921894311905, rho: 0.4000000000000001
[TRAIN]: (1249/1600): reward: 51.88333874940872, rates: 51.88333875660409, loss: 1.6391048550605773, rho: 0.4000000000000001
[TRAIN]: (1250/1600): reward: 43.03938028216362, rates: 44.03938094263427, loss: 1.4763986796140671, rho: 0.4000000000000001
[TRAIN]: (1251/1600): reward: 51.526357874274254, rates: 51.52635772517634, loss: 1.744524097442627, rho: 0.4000000000000001
[TRAIN]: (1252/1600): reward: 50.70974100381136, rates: 50.70974068269972, loss: 1.3991682887077332, rho: 0.4000000000000001
[TRAIN]: (1253/1600): reward: 42.19471920654178, rates: 43.194718912312595, loss: 1.5655784904956818, rho: 0.4000000000000001
[TRAIN]: (1254/1600): reward: 48.32708189636469, rates: 49.327082283428226, loss: 1.409955421090126, rho: 0.4000000000000001
[TRAIN]: (1255/1600): reward: 44.676964957267046, rates: 46.67696459799159, loss: 1.4493265002965927, rho: 0.4000000000000001
[TRAIN]: (1256/1600): reward: 45.30282245948911, rates: 46.302822280313634, loss: 1.7120201140642166, rho: 0.4000000000000001
[TRAIN]: (1257/1600): reward: 39.88471768423915, rates: 41.88471732565705, loss: 1.4145204901695252, rho: 0.4000000000000001
[TRAIN]: (1258/1600): reward: 48.737906981259584, rates: 48.73790777107796, loss: 1.4465259164571762, rho: 0.4000000000000001
[TRAIN]: (1259/1600): reward: 47.323956198990345, rates: 47.323957053214436, loss: 1.241573777794838, rho: 0.4000000000000001
[TRAIN]: (1260/1600): reward: 37.70646119862795, rates: 38.70646155719533, loss: 1.5451809659600257, rho: 0.4000000000000001
[TRAIN]: (1261/1600): reward: 42.38761579990387, rates: 43.387615664655904, loss: 1.4977500289678574, rho: 0.4000000000000001
[TRAIN]: (1262/1600): reward: 49.82724285405129, rates: 49.827242389748804, loss: 1.1840594172477723, rho: 0.4000000000000001
[TRAIN]: (1263/1600): reward: 51.71547544002533, rates: 51.715474912300195, loss: 1.538922545313835, rho: 0.4000000000000001
[TRAIN]: (1264/1600): reward: 42.7083401158452, rates: 43.70834070163622, loss: 1.430668553709984, rho: 0.4000000000000001
[TRAIN]: (1265/1600): reward: 50.305567517876625, rates: 51.30556767371957, loss: 1.3411187738180161, rho: 0.4000000000000001
[TRAIN]: (1266/1600): reward: 47.6879531852901, rates: 48.687952957384326, loss: 1.7435668975114822, rho: 0.4000000000000001
[TRAIN]: (1267/1600): reward: 45.431111013516784, rates: 46.431111312821116, loss: 1.6059726476669312, rho: 0.4000000000000001
[TRAIN]: (1268/1600): reward: 51.25901086628437, rates: 51.25901077469249, loss: 1.4313219755887985, rho: 0.4000000000000001
[TRAIN]: (1269/1600): reward: 51.71890124306083, rates: 51.71890109949357, loss: 1.4981563836336136, rho: 0.4000000000000001
[TRAIN]: (1270/1600): reward: 49.556480064988136, rates: 49.556481134713, loss: 1.3878958448767662, rho: 0.4000000000000001
[TRAIN]: (1271/1600): reward: 46.10700211301446, rates: 47.107002277683776, loss: 1.5047441005706788, rho: 0.4000000000000001
[TRAIN]: (1272/1600): reward: 43.56386341713369, rates: 44.56386431190917, loss: 1.1933006405830384, rho: 0.4000000000000001
[TRAIN]: (1273/1600): reward: 48.78342707455158, rates: 48.78342724782028, loss: 1.2985078662633895, rho: 0.4000000000000001
[TRAIN]: (1274/1600): reward: 47.863304030150175, rates: 47.863303924114206, loss: 1.5953900963068008, rho: 0.4000000000000001
[TRAIN]: (1275/1600): reward: 46.30761945620179, rates: 47.3076192380356, loss: 1.491826382279396, rho: 0.4000000000000001
[TRAIN]: (1276/1600): reward: 48.00344230979681, rates: 48.00344170202672, loss: 1.4735557377338409, rho: 0.4000000000000001
[TRAIN]: (1277/1600): reward: 45.10979334264994, rates: 46.10979350380568, loss: 1.5515897542238235, rho: 0.4000000000000001
[TRAIN]: (1278/1600): reward: 51.51566734910011, rates: 51.515667334202995, loss: 1.4820212960243224, rho: 0.4000000000000001
[TRAIN]: (1279/1600): reward: 43.10773414745927, rates: 44.1077335562774, loss: 1.2426337078213692, rho: 0.4000000000000001
[TRAIN]: (1280/1600): reward: 44.43684285134077, rates: 46.43684376100693, loss: 1.3531555116176606, rho: 0.4000000000000001
[TRAIN]: (1281/1600): reward: 47.11620971560478, rates: 48.11621019521333, loss: 1.3780601143836975, rho: 0.4000000000000001
[TRAIN]: (1282/1600): reward: 42.98815727606416, rates: 43.98815729809471, loss: 1.1654565155506134, rho: 0.4000000000000001
[TRAIN]: (1283/1600): reward: 41.83831436187029, rates: 43.83831445907504, loss: 1.6209552481770515, rho: 0.4000000000000001
[TRAIN]: (1284/1600): reward: 49.419005893170834, rates: 49.41900575676097, loss: 1.6673076182603837, rho: 0.4000000000000001
[TRAIN]: (1285/1600): reward: 46.2629284709692, rates: 48.26292933290554, loss: 1.4922806799411774, rho: 0.4000000000000001
[TRAIN]: (1286/1600): reward: 47.043703090399504, rates: 47.043703093593834, loss: 1.52473483979702, rho: 0.4000000000000001
[TRAIN]: (1287/1600): reward: 49.47358482517302, rates: 49.47358489804675, loss: 1.4966145366430283, rho: 0.4000000000000001
[TRAIN]: (1288/1600): reward: 50.14646754786372, rates: 50.146467564529516, loss: 1.5483631074428559, rho: 0.4000000000000001
[TRAIN]: (1289/1600): reward: 51.426583133637905, rates: 51.42658429185561, loss: 1.5081770807504653, rho: 0.4000000000000001
[TRAIN]: (1290/1600): reward: 46.16149275936186, rates: 46.161492846917135, loss: 1.5713950723409653, rho: 0.4000000000000001
[TRAIN]: (1291/1600): reward: 44.972440272569656, rates: 45.972440452389336, loss: 1.6574025452136993, rho: 0.4000000000000001
[TRAIN]: (1292/1600): reward: 40.90008991956711, rates: 41.900089792672105, loss: 1.4717458546161652, rho: 0.4000000000000001
[TRAIN]: (1293/1600): reward: 43.98372446745634, rates: 44.98372465950035, loss: 1.623459479212761, rho: 0.4000000000000001
[TRAIN]: (1294/1600): reward: 33.907147377729416, rates: 36.90714830707082, loss: 1.3610308796167374, rho: 0.4000000000000001
[TRAIN]: (1295/1600): reward: 48.898707032203674, rates: 48.898707045519714, loss: 1.3038600236177444, rho: 0.4000000000000001
[TRAIN]: (1296/1600): reward: 49.15046712383628, rates: 49.15046766999751, loss: 1.299115066230297, rho: 0.4000000000000001
[TRAIN]: (1297/1600): reward: 48.15856933966279, rates: 49.158569706536596, loss: 1.602756854891777, rho: 0.4000000000000001
[TRAIN]: (1298/1600): reward: 45.71463330462575, rates: 45.714634064680446, loss: 1.638752469420433, rho: 0.4000000000000001
[TRAIN]: (1299/1600): reward: 47.96750709787011, rates: 47.96750746464594, loss: 1.399549549818039, rho: 0.4000000000000001
[TRAIN]: (1300/1600): reward: 49.523457236588, rates: 49.52345742432907, loss: 1.426750123500824, rho: 0.4000000000000001
[TRAIN]: (1301/1600): reward: 50.114103756845, rates: 50.11410332314966, loss: 1.5404036328196526, rho: 0.4000000000000001
[TRAIN]: (1302/1600): reward: 44.614285722374916, rates: 45.6142858041531, loss: 1.3693552225828172, rho: 0.4000000000000001
[TRAIN]: (1303/1600): reward: 51.0701112523675, rates: 51.070111812988785, loss: 1.4156549096107482, rho: 0.4000000000000001
[TRAIN]: (1304/1600): reward: 52.699007637798786, rates: 52.69900748608174, loss: 1.3459088236093522, rho: 0.4000000000000001
[TRAIN]: (1305/1600): reward: 50.96744638681412, rates: 51.967446581306596, loss: 1.645304724574089, rho: 0.4000000000000001
[TRAIN]: (1306/1600): reward: 42.02385317161679, rates: 43.0238531141473, loss: 1.3599845051765442, rho: 0.4000000000000001
[TRAIN]: (1307/1600): reward: 49.63396625965834, rates: 49.633966502352905, loss: 1.3816288590431214, rho: 0.4000000000000001
[TRAIN]: (1308/1600): reward: 51.5153550542891, rates: 51.51535441375949, loss: 1.5149477884173392, rho: 0.4000000000000001
[TRAIN]: (1309/1600): reward: 42.87611123174429, rates: 43.876110969138175, loss: 1.6087380066514014, rho: 0.4000000000000001
[TRAIN]: (1310/1600): reward: 44.309807151556015, rates: 44.30980678337196, loss: 1.6142316520214082, rho: 0.4000000000000001
[TRAIN]: (1311/1600): reward: 51.38826560974121, rates: 52.38826543560765, loss: 1.688135665655136, rho: 0.4000000000000001
[TRAIN]: (1312/1600): reward: 46.94929525628686, rates: 47.949295299637015, loss: 1.2895909070968627, rho: 0.4000000000000001
[TRAIN]: (1313/1600): reward: 53.67812533676624, rates: 53.67812576173798, loss: 1.4869673699140549, rho: 0.4000000000000001
[TRAIN]: (1314/1600): reward: 46.28420249372721, rates: 46.28420229901355, loss: 1.523524397611618, rho: 0.4000000000000001
[TRAIN]: (1315/1600): reward: 42.14675286412239, rates: 44.14675378550696, loss: 1.4606276273727417, rho: 0.4000000000000001
[TRAIN]: (1316/1600): reward: 48.4799188375473, rates: 49.47991841071476, loss: 1.447674386203289, rho: 0.4000000000000001
[TRAIN]: (1317/1600): reward: 42.90926655381918, rates: 44.90926689377842, loss: 1.5739414691925049, rho: 0.4000000000000001
[TRAIN]: (1318/1600): reward: 43.624183465726674, rates: 43.62418310113962, loss: 1.4836798816919328, rho: 0.4000000000000001
[TRAIN]: (1319/1600): reward: 39.93393523618579, rates: 41.93393552784392, loss: 1.7268970787525177, rho: 0.4000000000000001
[TRAIN]: (1320/1600): reward: 32.48179370909929, rates: 35.48179355695722, loss: 1.6305949330329894, rho: 0.4000000000000001
[TRAIN]: (1321/1600): reward: 41.647796891629696, rates: 44.64779603792129, loss: 1.4579773485660552, rho: 0.4000000000000001
[TRAIN]: (1322/1600): reward: 50.051053274422884, rates: 51.051052562362564, loss: 1.5756858974695205, rho: 0.4000000000000001
[TRAIN]: (1323/1600): reward: 47.338479213416576, rates: 48.338479089592845, loss: 1.5677755057811738, rho: 0.4000000000000001
[TRAIN]: (1324/1600): reward: 36.259108312428, rates: 38.25910852063089, loss: 1.5187760144472122, rho: 0.4000000000000001
[TRAIN]: (1325/1600): reward: 46.951599799096584, rates: 47.95159952765587, loss: 1.4044461116194724, rho: 0.4000000000000001
[TRAIN]: (1326/1600): reward: 48.967219553887844, rates: 48.96721946050606, loss: 1.5730897247791291, rho: 0.4000000000000001
[TRAIN]: (1327/1600): reward: 47.9715430457145, rates: 47.97154330222518, loss: 1.7248214870691299, rho: 0.4000000000000001
[TRAIN]: (1328/1600): reward: 52.713512459769845, rates: 52.71351254364301, loss: 1.3733830362558366, rho: 0.4000000000000001
[TRAIN]: (1329/1600): reward: 48.4445935562253, rates: 48.44459330727056, loss: 1.696858662366867, rho: 0.4000000000000001
[TRAIN]: (1330/1600): reward: 46.60504349321127, rates: 46.605042933741046, loss: 1.8141458109021187, rho: 0.4000000000000001
[TRAIN]: (1331/1600): reward: 45.55212138593197, rates: 46.55212106387478, loss: 1.4261635079979897, rho: 0.4000000000000001
[TRAIN]: (1332/1600): reward: 42.75008370447904, rates: 43.75008355970486, loss: 1.294749888777733, rho: 0.4000000000000001
[TRAIN]: (1333/1600): reward: 45.81426766142249, rates: 45.814266999868536, loss: 1.3791070491075517, rho: 0.4000000000000001
[TRAIN]: (1334/1600): reward: 47.1462115496397, rates: 48.146211980853906, loss: 1.216302740573883, rho: 0.4000000000000001
[TRAIN]: (1335/1600): reward: 51.08688551932573, rates: 51.08688539246642, loss: 1.5145541369915008, rho: 0.4000000000000001
[TRAIN]: (1336/1600): reward: 48.30084130167961, rates: 48.30084159275943, loss: 1.5358889400959015, rho: 0.4000000000000001
[TRAIN]: (1337/1600): reward: 50.33744943886995, rates: 50.337450158050004, loss: 1.3500330448150635, rho: 0.4000000000000001
[TRAIN]: (1338/1600): reward: 44.74563352018595, rates: 45.74563361212338, loss: 1.4177347630262376, rho: 0.4000000000000001
[TRAIN]: (1339/1600): reward: 40.0865373685956, rates: 42.086537021366375, loss: 1.4372662335634232, rho: 0.4000000000000001
[TRAIN]: (1340/1600): reward: 51.56644684076309, rates: 51.5664471671197, loss: 1.6391040980815887, rho: 0.4000000000000001
[TRAIN]: (1341/1600): reward: 48.218241315335035, rates: 49.21824165606035, loss: 1.5366525590419768, rho: 0.4000000000000001
[TRAIN]: (1342/1600): reward: 50.94654047116637, rates: 50.946540848073376, loss: 1.6274165332317352, rho: 0.4000000000000001
[TRAIN]: (1343/1600): reward: 44.75851333886385, rates: 46.758513573932106, loss: 1.5346349865198134, rho: 0.4000000000000001
[TRAIN]: (1344/1600): reward: 48.988928720355034, rates: 48.98892834705413, loss: 1.5381116569042206, rho: 0.4000000000000001
[TRAIN]: (1345/1600): reward: 47.110698737204075, rates: 47.110698022120246, loss: 1.5207161128520965, rho: 0.4000000000000001
[TRAIN]: (1346/1600): reward: 39.2463451474905, rates: 41.24634555699873, loss: 1.6862816631793975, rho: 0.4000000000000001
[TRAIN]: (1347/1600): reward: 45.946191899478436, rates: 45.94619233111298, loss: 1.3389905452728272, rho: 0.4000000000000001
[TRAIN]: (1348/1600): reward: 48.49075610935688, rates: 49.49075647131622, loss: 1.420716032385826, rho: 0.4000000000000001
[TRAIN]: (1349/1600): reward: 47.21426335722208, rates: 48.21426347108604, loss: 1.6025932282209396, rho: 0.4000000000000001
[TRAIN]: (1350/1600): reward: 51.07675575464964, rates: 52.07675568007109, loss: 1.3966678500175476, rho: 0.4000000000000001
[TRAIN]: (1351/1600): reward: 37.83015563711524, rates: 39.830155511356914, loss: 1.2493306189775466, rho: 0.4000000000000001
[TRAIN]: (1352/1600): reward: 48.56223966181278, rates: 49.56223972984488, loss: 1.4627284765243531, rho: 0.4000000000000001
[TRAIN]: (1353/1600): reward: 52.541060738265514, rates: 52.54106029109687, loss: 1.4175355345010758, rho: 0.4000000000000001
[TRAIN]: (1354/1600): reward: 45.70658755674958, rates: 46.706587196829226, loss: 1.5249111592769622, rho: 0.4000000000000001
[TRAIN]: (1355/1600): reward: 47.71276177465916, rates: 48.71276229831436, loss: 1.4450553879141808, rho: 0.4000000000000001
[TRAIN]: (1356/1600): reward: 49.70086767524481, rates: 49.70086752741739, loss: 1.491254025697708, rho: 0.4000000000000001
[TRAIN]: (1357/1600): reward: 43.313771629706025, rates: 46.313771226499064, loss: 1.6652366936206817, rho: 0.4000000000000001
[TRAIN]: (1358/1600): reward: 51.84023952484131, rates: 51.84023889279817, loss: 1.5395661056041718, rho: 0.4000000000000001
[TRAIN]: (1359/1600): reward: 48.62860855832696, rates: 49.628607786680675, loss: 1.3749206393957139, rho: 0.4000000000000001
[TRAIN]: (1360/1600): reward: 44.52548163756728, rates: 45.52548169198657, loss: 1.5483141869306565, rho: 0.4000000000000001
[TRAIN]: (1361/1600): reward: 45.776624754071236, rates: 46.77662465099689, loss: 1.5084108233451843, rho: 0.4000000000000001
[TRAIN]: (1362/1600): reward: 47.84496746957302, rates: 48.84496776243527, loss: 1.519534969329834, rho: 0.4000000000000001
[TRAIN]: (1363/1600): reward: 32.033742524683475, rates: 34.03374300277492, loss: 1.467195212841034, rho: 0.4000000000000001
[TRAIN]: (1364/1600): reward: 45.3676553927362, rates: 46.367655337125285, loss: 1.441769078373909, rho: 0.4000000000000001
[TRAIN]: (1365/1600): reward: 51.663357900455594, rates: 52.663358154371856, loss: 1.5757741242647172, rho: 0.4000000000000001
[TRAIN]: (1366/1600): reward: 36.414974853396416, rates: 38.41497543992086, loss: 1.4994012653827666, rho: 0.4000000000000001
[TRAIN]: (1367/1600): reward: 40.51953287422657, rates: 41.51953226112586, loss: 1.5067336469888688, rho: 0.4000000000000001
[TRAIN]: (1368/1600): reward: 41.69355283677578, rates: 44.69355236725737, loss: 1.5160817578434944, rho: 0.4000000000000001
[TRAIN]: (1369/1600): reward: 53.40273014083505, rates: 53.40273050617095, loss: 1.7964600026607513, rho: 0.4000000000000001
[TRAIN]: (1370/1600): reward: 47.359832894057035, rates: 47.35983345112966, loss: 1.5888999834656716, rho: 0.4000000000000001
[TRAIN]: (1371/1600): reward: 48.51040598191321, rates: 50.510405436192876, loss: 1.428242763876915, rho: 0.4000000000000001
[TRAIN]: (1372/1600): reward: 46.85633394122124, rates: 47.856334066642106, loss: 1.2160343676805496, rho: 0.4000000000000001
[TRAIN]: (1373/1600): reward: 47.649542573839426, rates: 47.64954207755967, loss: 1.414176119863987, rho: 0.4000000000000001
[TRAIN]: (1374/1600): reward: 34.88906700350344, rates: 37.889066692154486, loss: 1.6838678002357483, rho: 0.4000000000000001
[TRAIN]: (1375/1600): reward: 40.27190389484167, rates: 42.271903666906645, loss: 1.471946546435356, rho: 0.4000000000000001
[TRAIN]: (1376/1600): reward: 36.53822242282331, rates: 38.53822248942481, loss: 1.572827810049057, rho: 0.4000000000000001
[TRAIN]: (1377/1600): reward: 44.47646627947688, rates: 46.47646666393708, loss: 1.3689394146203995, rho: 0.4000000000000001
[TRAIN]: (1378/1600): reward: 48.25369321554899, rates: 49.253693770312104, loss: 1.4478023409843446, rho: 0.4000000000000001
[TRAIN]: (1379/1600): reward: 50.36146243289113, rates: 50.36146366328431, loss: 1.5205790430307389, rho: 0.4000000000000001
[TRAIN]: (1380/1600): reward: 42.76769381016493, rates: 44.76769359916996, loss: 1.3465862810611724, rho: 0.4000000000000001
[TRAIN]: (1381/1600): reward: 39.31257753260434, rates: 40.31257698387815, loss: 1.436277586221695, rho: 0.4000000000000001
[TRAIN]: (1382/1600): reward: 46.69154783338308, rates: 47.691548186846916, loss: 1.6889385163784028, rho: 0.4000000000000001
[TRAIN]: (1383/1600): reward: 48.77354130893946, rates: 48.77354104230094, loss: 1.3730194576084613, rho: 0.4000000000000001
[TRAIN]: (1384/1600): reward: 41.074089758098125, rates: 43.074089776605, loss: 1.4891542136669158, rho: 0.4000000000000001
[TRAIN]: (1385/1600): reward: 50.68365882337093, rates: 50.68365909250034, loss: 1.464511865377426, rho: 0.4000000000000001
[TRAIN]: (1386/1600): reward: 35.65223875641823, rates: 37.65223863103579, loss: 1.5175263345241548, rho: 0.4000000000000001
[TRAIN]: (1387/1600): reward: 43.57437076419592, rates: 44.57437026180401, loss: 1.3904689773917198, rho: 0.4000000000000001
[TRAIN]: (1388/1600): reward: 49.975644677877426, rates: 49.9756444591067, loss: 1.4528720438480378, rho: 0.4000000000000001
[TRAIN]: (1389/1600): reward: 44.57949350774288, rates: 44.579493166409634, loss: 1.3475898116827012, rho: 0.4000000000000001
[TRAIN]: (1390/1600): reward: 47.7609673216939, rates: 47.76096714712398, loss: 1.29581578373909, rho: 0.4000000000000001
[TRAIN]: (1391/1600): reward: 43.83770094811916, rates: 44.83770087445917, loss: 1.4659164875745774, rho: 0.4000000000000001
[TRAIN]: (1392/1600): reward: 47.988502197898924, rates: 47.98850213650632, loss: 1.3088964492082595, rho: 0.4000000000000001
[TRAIN]: (1393/1600): reward: 48.14960479736328, rates: 48.149604232797245, loss: 1.65417882502079, rho: 0.4000000000000001
[TRAIN]: (1394/1600): reward: 42.899617690593004, rates: 43.89961714388721, loss: 1.4869678258895873, rho: 0.4000000000000001
[TRAIN]: (1395/1600): reward: 43.95598811469972, rates: 46.955987722987715, loss: 1.316010743379593, rho: 0.4000000000000001
[TRAIN]: (1396/1600): reward: 44.49748569726944, rates: 44.49748570123593, loss: 1.49627725481987, rho: 0.4000000000000001
[TRAIN]: (1397/1600): reward: 46.96206394722685, rates: 46.9620640146247, loss: 1.2783460453152657, rho: 0.4000000000000001
[TRAIN]: (1398/1600): reward: 46.20348124578595, rates: 47.203481119761385, loss: 1.4233246207237245, rho: 0.4000000000000001
[TRAIN]: (1399/1600): reward: 47.7771981023252, rates: 47.77719793673071, loss: 1.4245084255933762, rho: 0.4000000000000001
[TRAIN]: (1400/1600): reward: 44.787471514195204, rates: 45.78747165820238, loss: 1.6296547889709472, rho: 0.4000000000000001
[TRAIN]: (1401/1600): reward: 37.42608257010579, rates: 40.426082466762374, loss: 1.5458298653364182, rho: 0.4000000000000001
[TRAIN]: (1402/1600): reward: 48.20828838087618, rates: 48.208288424623206, loss: 1.5675541743636132, rho: 0.4000000000000001
[TRAIN]: (1403/1600): reward: 45.769749195314944, rates: 46.769749251859544, loss: 1.3674107611179351, rho: 0.4000000000000001
[TRAIN]: (1404/1600): reward: 47.618195317685604, rates: 47.618195742851405, loss: 1.526601457595825, rho: 0.4000000000000001
[TRAIN]: (1405/1600): reward: 50.7743818461895, rates: 50.774381930154405, loss: 1.4716435968875885, rho: 0.4000000000000001
[TRAIN]: (1406/1600): reward: 41.11642924696207, rates: 42.116428987422765, loss: 1.7478615581989287, rho: 0.4000000000000001
[TRAIN]: (1407/1600): reward: 45.29148436151445, rates: 46.2914844844321, loss: 1.5838408470153809, rho: 0.4000000000000001
[TRAIN]: (1408/1600): reward: 48.556630585342646, rates: 48.55663012147639, loss: 1.5299091577529906, rho: 0.4000000000000001
[TRAIN]: (1409/1600): reward: 54.07167532667518, rates: 54.071675574949495, loss: 1.562962958216667, rho: 0.4000000000000001
[TRAIN]: (1410/1600): reward: 45.43206298351288, rates: 45.432062851068956, loss: 1.5324064940214157, rho: 0.4000000000000001
[TRAIN]: (1411/1600): reward: 56.04121719300747, rates: 56.04121750588516, loss: 1.4334647431969643, rho: 0.4000000000000001
[TRAIN]: (1412/1600): reward: 47.23274816945195, rates: 49.23274773164832, loss: 1.5252019971609116, rho: 0.4000000000000001
[TRAIN]: (1413/1600): reward: 48.59519761626143, rates: 49.59519857324746, loss: 1.3043814420700073, rho: 0.4000000000000001
[TRAIN]: (1414/1600): reward: 43.31530451774597, rates: 44.31530461459885, loss: 1.1593717873096465, rho: 0.4000000000000001
[TRAIN]: (1415/1600): reward: 50.63679928332567, rates: 51.636799574171604, loss: 1.5144723415374757, rho: 0.4000000000000001
[TRAIN]: (1416/1600): reward: 48.75755508989096, rates: 48.75755501071107, loss: 1.362367331981659, rho: 0.4000000000000001
[TRAIN]: (1417/1600): reward: 47.97417783550918, rates: 48.974177673398756, loss: 1.5440641462802887, rho: 0.4000000000000001
[TRAIN]: (1418/1600): reward: 46.6997228609398, rates: 47.69972284374357, loss: 1.4830725640058517, rho: 0.4000000000000001
[TRAIN]: (1419/1600): reward: 48.63380032405257, rates: 49.633799935295926, loss: 1.6271184861660004, rho: 0.4000000000000001
[TRAIN]: (1420/1600): reward: 50.9367151632905, rates: 50.93671463219048, loss: 1.5263852536678315, rho: 0.4000000000000001
[TRAIN]: (1421/1600): reward: 42.443193811923265, rates: 43.44319450446656, loss: 1.660320258140564, rho: 0.4000000000000001
[TRAIN]: (1422/1600): reward: 51.38371133431792, rates: 51.383711104505515, loss: 1.2903186559677124, rho: 0.4000000000000001
[TRAIN]: (1423/1600): reward: 48.08282604813576, rates: 49.08282592246769, loss: 1.5022661894559861, rho: 0.4000000000000001
[TRAIN]: (1424/1600): reward: 52.399539556354284, rates: 52.39953945961282, loss: 1.4404318407177925, rho: 0.4000000000000001
[TRAIN]: (1425/1600): reward: 41.53618308342993, rates: 42.53618291445687, loss: 1.5251962885260582, rho: 0.4000000000000001
[TRAIN]: (1426/1600): reward: 50.41466124355793, rates: 50.414662062105386, loss: 1.6972487330436707, rho: 0.4000000000000001
[TRAIN]: (1427/1600): reward: 47.72910667769611, rates: 47.72910669329525, loss: 1.2719853892922401, rho: 0.4000000000000001
[TRAIN]: (1428/1600): reward: 43.32343953195959, rates: 44.32343922273222, loss: 1.5738945335149765, rho: 0.4000000000000001
[TRAIN]: (1429/1600): reward: 47.297672510147095, rates: 48.29767284455089, loss: 1.5348597019910812, rho: 0.4000000000000001
[TRAIN]: (1430/1600): reward: 37.12911985255778, rates: 40.12912007414326, loss: 1.5538218468427658, rho: 0.4000000000000001
[TRAIN]: (1431/1600): reward: 48.46463006362319, rates: 48.46462969435235, loss: 1.512129582464695, rho: 0.4000000000000001
[TRAIN]: (1432/1600): reward: 49.31219606474042, rates: 49.312195859626705, loss: 1.364890930056572, rho: 0.4000000000000001
[TRAIN]: (1433/1600): reward: 45.410686142742634, rates: 46.410685627660925, loss: 1.4786323964595796, rho: 0.4000000000000001
[TRAIN]: (1434/1600): reward: 49.05639233067632, rates: 49.05639227488247, loss: 1.630694505572319, rho: 0.4000000000000001
[TRAIN]: (1435/1600): reward: 48.226025679148734, rates: 48.22602635182369, loss: 1.5833183348178863, rho: 0.4000000000000001
[TRAIN]: (1436/1600): reward: 45.25296549126506, rates: 47.25296511808542, loss: 1.307303850352764, rho: 0.4000000000000001
[TRAIN]: (1437/1600): reward: 39.031217616051435, rates: 40.031218074872655, loss: 1.6161489188671112, rho: 0.4000000000000001
[TRAIN]: (1438/1600): reward: 48.40604570880532, rates: 48.406045082480226, loss: 1.4712169557809829, rho: 0.4000000000000001
[TRAIN]: (1439/1600): reward: 48.05801071226597, rates: 48.05801134740396, loss: 1.612688273191452, rho: 0.4000000000000001
[TRAIN]: (1440/1600): reward: 50.93241295218468, rates: 50.932412352370854, loss: 1.5195104345679282, rho: 0.4000000000000001
[TRAIN]: (1441/1600): reward: 49.0067826602608, rates: 49.00678215762481, loss: 1.4268433034420014, rho: 0.4000000000000001
[TRAIN]: (1442/1600): reward: 49.39680013433099, rates: 49.39679985533105, loss: 1.6980462551116944, rho: 0.4000000000000001
[TRAIN]: (1443/1600): reward: 53.194598861038685, rates: 53.19459900222509, loss: 1.302557247877121, rho: 0.4000000000000001
[TRAIN]: (1444/1600): reward: 47.99458168260753, rates: 48.994582102712855, loss: 1.3168279096484183, rho: 0.4000000000000001
[TRAIN]: (1445/1600): reward: 46.8147504478693, rates: 46.8147507757281, loss: 1.3012390181422233, rho: 0.4000000000000001
[TRAIN]: (1446/1600): reward: 46.36455463897437, rates: 47.36455422340343, loss: 1.4759310185909271, rho: 0.4000000000000001
[TRAIN]: (1447/1600): reward: 49.83697757124901, rates: 49.83697759799328, loss: 1.4665326118469237, rho: 0.4000000000000001
[TRAIN]: (1448/1600): reward: 46.47857254743576, rates: 47.478572332385454, loss: 1.4008793711662293, rho: 0.4000000000000001
[TRAIN]: (1449/1600): reward: 40.289855506271124, rates: 44.28985489902557, loss: 1.354674282670021, rho: 0.4000000000000001
[TRAIN]: (1450/1600): reward: 49.61311514326371, rates: 50.613116038795845, loss: 1.361687608063221, rho: 0.4000000000000001
[TRAIN]: (1451/1600): reward: 48.483715657144785, rates: 48.48371601189563, loss: 1.7251516312360764, rho: 0.4000000000000001
[TRAIN]: (1452/1600): reward: 48.27296777442098, rates: 48.272967273070826, loss: 1.5626121282577514, rho: 0.4000000000000001
[TRAIN]: (1453/1600): reward: 50.2506023272872, rates: 50.25060201212192, loss: 1.557690942287445, rho: 0.4000000000000001
[TRAIN]: (1454/1600): reward: 44.91454902291298, rates: 45.9145499260641, loss: 1.5067362844944001, rho: 0.4000000000000001
[TRAIN]: (1455/1600): reward: 49.526118740439415, rates: 49.52611874810972, loss: 1.607894353568554, rho: 0.4000000000000001
[TRAIN]: (1456/1600): reward: 51.83558849990368, rates: 51.83558884446557, loss: 1.2648905813694, rho: 0.4000000000000001
[TRAIN]: (1457/1600): reward: 38.61398582160473, rates: 41.61398599080153, loss: 1.3961519330739975, rho: 0.4000000000000001
[TRAIN]: (1458/1600): reward: 44.029030561447144, rates: 46.029030585718715, loss: 1.7344782441854476, rho: 0.4000000000000001
[TRAIN]: (1459/1600): reward: 46.75798697024584, rates: 47.75798752523491, loss: 1.5479838073253631, rho: 0.4000000000000001
[TRAIN]: (1460/1600): reward: 46.08860234171152, rates: 47.08860205009341, loss: 1.6034983485937118, rho: 0.4000000000000001
[TRAIN]: (1461/1600): reward: 47.63668120652437, rates: 47.63668038925619, loss: 1.6775523364543914, rho: 0.4000000000000001
[TRAIN]: (1462/1600): reward: 46.65819577500224, rates: 46.65819614818921, loss: 1.4721116542816162, rho: 0.4000000000000001
[TRAIN]: (1463/1600): reward: 48.26475331187248, rates: 49.26475319297814, loss: 1.5525908321142197, rho: 0.4000000000000001
[TRAIN]: (1464/1600): reward: 50.21515295282006, rates: 50.21515315474085, loss: 1.6160424470901489, rho: 0.4000000000000001
[TRAIN]: (1465/1600): reward: 45.07761553302407, rates: 47.077614983144606, loss: 1.4858949154615402, rho: 0.4000000000000001
[TRAIN]: (1466/1600): reward: 41.830916250124574, rates: 43.83091619811065, loss: 1.4123637065291406, rho: 0.4000000000000001
[TRAIN]: (1467/1600): reward: 51.36603791639209, rates: 51.366037708893046, loss: 1.5300355941057204, rho: 0.4000000000000001
[TRAIN]: (1468/1600): reward: 45.64763374067843, rates: 46.6476339390243, loss: 1.5146269500255585, rho: 0.4000000000000001
[TRAIN]: (1469/1600): reward: 40.20171104371548, rates: 42.20171083453051, loss: 1.3602079823613167, rho: 0.4000000000000001
[TRAIN]: (1470/1600): reward: 37.000353656709194, rates: 41.000353990040026, loss: 1.3828080892562866, rho: 0.4000000000000001
[TRAIN]: (1471/1600): reward: 50.76321004331112, rates: 50.763209764838535, loss: 1.49230877161026, rho: 0.4000000000000001
[TRAIN]: (1472/1600): reward: 48.935389176011086, rates: 49.935389294834984, loss: 1.5503666639328002, rho: 0.4000000000000001
[TRAIN]: (1473/1600): reward: 39.83186959475279, rates: 40.83186968141995, loss: 1.5638030186295508, rho: 0.4000000000000001
[TRAIN]: (1474/1600): reward: 43.47967753186822, rates: 45.47967741933035, loss: 1.5477248042821885, rho: 0.4000000000000001
[TRAIN]: (1475/1600): reward: 38.22338964045048, rates: 40.223389453938275, loss: 1.4680852800607682, rho: 0.4000000000000001
[TRAIN]: (1476/1600): reward: 49.98952715471387, rates: 49.98952733814657, loss: 1.1910569310188293, rho: 0.4000000000000001
[TRAIN]: (1477/1600): reward: 46.434820380061865, rates: 46.43481961982754, loss: 1.4594300344586373, rho: 0.4000000000000001
[TRAIN]: (1478/1600): reward: 49.05582848936319, rates: 49.0558283985312, loss: 1.2102486163377761, rho: 0.4000000000000001
[TRAIN]: (1479/1600): reward: 43.80629335343838, rates: 45.806293887031174, loss: 1.5618492126464845, rho: 0.4000000000000001
[TRAIN]: (1480/1600): reward: 49.744137056171894, rates: 49.74413724302358, loss: 1.5491263657808303, rho: 0.4000000000000001
[TRAIN]: (1481/1600): reward: 49.347579441964626, rates: 50.34757972159166, loss: 1.5466278314590454, rho: 0.4000000000000001
[TRAIN]: (1482/1600): reward: 47.96377721428871, rates: 47.963776869849006, loss: 1.521136510372162, rho: 0.4000000000000001
[TRAIN]: (1483/1600): reward: 48.42981146275997, rates: 49.429811172856226, loss: 1.5882770985364913, rho: 0.4000000000000001
[TRAIN]: (1484/1600): reward: 44.24862830713391, rates: 46.24862796214558, loss: 1.5317995756864549, rho: 0.4000000000000001
[TRAIN]: (1485/1600): reward: 45.02754608541727, rates: 46.027546443104775, loss: 1.7772393137216569, rho: 0.4000000000000001
[TRAIN]: (1486/1600): reward: 52.782750234007835, rates: 53.78275053053833, loss: 1.484240335226059, rho: 0.4000000000000001
[TRAIN]: (1487/1600): reward: 45.55460394360125, rates: 46.5546041148752, loss: 1.5123534440994262, rho: 0.4000000000000001
[TRAIN]: (1488/1600): reward: 37.96053060144186, rates: 39.96053089599289, loss: 1.563843882083893, rho: 0.4000000000000001
[TRAIN]: (1489/1600): reward: 45.3820016682148, rates: 47.38200100165306, loss: 1.6145616620779037, rho: 0.4000000000000001
[TRAIN]: (1490/1600): reward: 49.34927597269416, rates: 49.349275762186686, loss: 1.263470321893692, rho: 0.4000000000000001
[TRAIN]: (1491/1600): reward: 49.99573840200901, rates: 49.9957387452482, loss: 1.4836624681949615, rho: 0.4000000000000001
[TRAIN]: (1492/1600): reward: 51.59192144498229, rates: 51.59192214149431, loss: 1.4881130084395409, rho: 0.4000000000000001
[TRAIN]: (1493/1600): reward: 53.31497811153531, rates: 53.31497808561082, loss: 1.47636978328228, rho: 0.4000000000000001
[TRAIN]: (1494/1600): reward: 44.31604937277734, rates: 45.31604960337717, loss: 1.5274197459220886, rho: 0.4000000000000001
[TRAIN]: (1495/1600): reward: 50.005189035087824, rates: 50.005189202530865, loss: 1.3822375327348708, rho: 0.4000000000000001
[TRAIN]: (1496/1600): reward: 47.0479399561882, rates: 48.04794066162974, loss: 1.5981840252876283, rho: 0.4000000000000001
[TRAIN]: (1497/1600): reward: 46.02862298488617, rates: 48.0286228760396, loss: 1.8395894348621369, rho: 0.4000000000000001
[TRAIN]: (1498/1600): reward: 50.014641070738435, rates: 51.01464059371978, loss: 1.6010290786623955, rho: 0.4000000000000001
[TRAIN]: (1499/1600): reward: 44.481942020356655, rates: 45.481942513967624, loss: 1.3697360068559647, rho: 0.4000000000000001
[TRAIN]: (1500/1600): reward: 50.6864432990551, rates: 50.68644274820518, loss: 1.4900560349225997, rho: 0.4000000000000001
[TRAIN]: (1501/1600): reward: 51.61724519729614, rates: 51.61724562392203, loss: 1.4149771332740784, rho: 0.4000000000000001
[TRAIN]: (1502/1600): reward: 42.379452208057046, rates: 43.37945253101879, loss: 1.6397174656391145, rho: 0.4000000000000001
[TRAIN]: (1503/1600): reward: 50.107648745179176, rates: 50.10764810218751, loss: 1.5399226427078248, rho: 0.4000000000000001
[TRAIN]: (1504/1600): reward: 53.8816574215889, rates: 53.88165750088715, loss: 1.3669661432504654, rho: 0.4000000000000001
[TRAIN]: (1505/1600): reward: 40.31707102060318, rates: 42.31707080596315, loss: 1.7020989060401917, rho: 0.4000000000000001
[TRAIN]: (1506/1600): reward: 39.70949209108949, rates: 42.70949190656315, loss: 1.4439995735883713, rho: 0.4000000000000001
[TRAIN]: (1507/1600): reward: 32.54455095529556, rates: 34.54455080427026, loss: 1.2789404213428497, rho: 0.4000000000000001
[TRAIN]: (1508/1600): reward: 48.91509868949652, rates: 48.91509872874079, loss: 1.3700853019952774, rho: 0.4000000000000001
[TRAIN]: (1509/1600): reward: 43.196634855121374, rates: 44.19663508409099, loss: 1.1962072193622588, rho: 0.4000000000000001
[TRAIN]: (1510/1600): reward: 41.128624729812145, rates: 42.128624576183334, loss: 1.5246196269989014, rho: 0.4000000000000001
[TRAIN]: (1511/1600): reward: 49.20676362514496, rates: 49.206763367454926, loss: 1.3631086766719818, rho: 0.4000000000000001
[TRAIN]: (1512/1600): reward: 48.551859490573406, rates: 48.55185817898909, loss: 1.3011902928352357, rho: 0.4000000000000001
[TRAIN]: (1513/1600): reward: 37.20711785554886, rates: 39.20711805161981, loss: 1.7148969382047654, rho: 0.4000000000000001
[TRAIN]: (1514/1600): reward: 50.64306584466249, rates: 50.64306521127882, loss: 1.5754688203334808, rho: 0.4000000000000001
[TRAIN]: (1515/1600): reward: 41.0232470408082, rates: 44.023247867403676, loss: 1.8737538307905197, rho: 0.4000000000000001
[TRAIN]: (1516/1600): reward: 52.073710296303034, rates: 52.07371028081017, loss: 1.602086955308914, rho: 0.4000000000000001
[TRAIN]: (1517/1600): reward: 50.519278317689896, rates: 50.51927794381635, loss: 1.6360705643892288, rho: 0.4000000000000001
[TRAIN]: (1518/1600): reward: 43.47893187776208, rates: 44.47893173443331, loss: 1.4194428756833077, rho: 0.4000000000000001
[TRAIN]: (1519/1600): reward: 45.30333435535431, rates: 46.303333996408824, loss: 1.3440991997718812, rho: 0.4000000000000001
[TRAIN]: (1520/1600): reward: 48.0284804739058, rates: 49.02848058348564, loss: 1.6839992240071298, rho: 0.4000000000000001
[TRAIN]: (1521/1600): reward: 52.55359985679388, rates: 53.553599805192796, loss: 1.8513878524303435, rho: 0.4000000000000001
[TRAIN]: (1522/1600): reward: 51.55071276426315, rates: 51.55071199619266, loss: 1.3040238976478578, rho: 0.4000000000000001
[TRAIN]: (1523/1600): reward: 34.50604463368654, rates: 36.50604481359021, loss: 1.46886495500803, rho: 0.4000000000000001
[TRAIN]: (1524/1600): reward: 49.88709434121847, rates: 49.88709404958758, loss: 1.3226054519414903, rho: 0.4000000000000001
[TRAIN]: (1525/1600): reward: 46.54662899672985, rates: 46.546628753331305, loss: 1.4312970101833344, rho: 0.4000000000000001
[TRAIN]: (1526/1600): reward: 34.27720296382904, rates: 38.27720256260841, loss: 1.3047344103455543, rho: 0.4000000000000001
[TRAIN]: (1527/1600): reward: 47.60708885267377, rates: 48.60708902906092, loss: 1.5587095111608504, rho: 0.4000000000000001
[TRAIN]: (1528/1600): reward: 48.25796629674733, rates: 49.25796622764982, loss: 1.5375449374318122, rho: 0.4000000000000001
[TRAIN]: (1529/1600): reward: 45.81864669173956, rates: 45.818646783808546, loss: 1.5893375754356385, rho: 0.4000000000000001
[TRAIN]: (1530/1600): reward: 49.77101818472147, rates: 50.77101853643207, loss: 1.666136434674263, rho: 0.4000000000000001
[TRAIN]: (1531/1600): reward: 49.605136847123504, rates: 49.60513750855711, loss: 1.6219216674566268, rho: 0.4000000000000001
[TRAIN]: (1532/1600): reward: 46.66957609727979, rates: 47.669575663045634, loss: 1.7202366650104524, rho: 0.4000000000000001
[TRAIN]: (1533/1600): reward: 48.73006937652826, rates: 48.73006891591369, loss: 1.38510220348835, rho: 0.4000000000000001
[TRAIN]: (1534/1600): reward: 38.22881840914488, rates: 41.22881830938131, loss: 1.9419799417257309, rho: 0.4000000000000001
[TRAIN]: (1535/1600): reward: 45.15405404381454, rates: 46.154053621265675, loss: 1.4170058131217957, rho: 0.4000000000000001
[TRAIN]: (1536/1600): reward: 47.01653280854225, rates: 47.01653356870097, loss: 1.364106822013855, rho: 0.4000000000000001
[TRAIN]: (1537/1600): reward: 48.420984879136086, rates: 49.42098553553574, loss: 1.3797532200813294, rho: 0.4000000000000001
[TRAIN]: (1538/1600): reward: 48.76237905211747, rates: 48.76238008123578, loss: 1.2243958204984664, rho: 0.4000000000000001
[TRAIN]: (1539/1600): reward: 50.54459338635206, rates: 50.54459368777182, loss: 1.743473044037819, rho: 0.4000000000000001
[TRAIN]: (1540/1600): reward: 44.66737530194223, rates: 46.667375669529754, loss: 1.3650634616613389, rho: 0.4000000000000001
[TRAIN]: (1541/1600): reward: 49.903447018936276, rates: 49.903446948927765, loss: 1.6195818960666657, rho: 0.4000000000000001
[TRAIN]: (1542/1600): reward: 49.80238775536418, rates: 49.80238744171751, loss: 1.6023188382387161, rho: 0.4000000000000001
[TRAIN]: (1543/1600): reward: 45.329738944768906, rates: 46.329738491859295, loss: 1.6033799976110459, rho: 0.4000000000000001
[TRAIN]: (1544/1600): reward: 47.87399543821812, rates: 47.87399482026353, loss: 1.55881167948246, rho: 0.4000000000000001
[TRAIN]: (1545/1600): reward: 47.55122894048691, rates: 47.55122927367051, loss: 1.577861350774765, rho: 0.4000000000000001
[TRAIN]: (1546/1600): reward: 48.14636952802539, rates: 48.14637040569081, loss: 1.5133625358343124, rho: 0.4000000000000001
[TRAIN]: (1547/1600): reward: 51.2700330093503, rates: 51.270033335190014, loss: 1.6445498138666153, rho: 0.4000000000000001
[TRAIN]: (1548/1600): reward: 52.57200175244361, rates: 52.572002269440944, loss: 1.4591139793395995, rho: 0.4000000000000001
[TRAIN]: (1549/1600): reward: 40.62553238123655, rates: 41.62553204285404, loss: 1.4390076339244842, rho: 0.4000000000000001
[TRAIN]: (1550/1600): reward: 43.010070476680994, rates: 45.010071279334326, loss: 1.4460147827863694, rho: 0.4000000000000001
[TRAIN]: (1551/1600): reward: 49.71654710173607, rates: 49.71654742819872, loss: 1.6648610532283783, rho: 0.4000000000000001
[TRAIN]: (1552/1600): reward: 44.790950424969196, rates: 44.79095084212883, loss: 1.7511705696582793, rho: 0.4000000000000001
[TRAIN]: (1553/1600): reward: 47.55545073002577, rates: 47.55545085096298, loss: 1.399124065041542, rho: 0.4000000000000001
[TRAIN]: (1554/1600): reward: 41.69534486345947, rates: 42.695344848199085, loss: 1.4321865618228913, rho: 0.4000000000000001
[TRAIN]: (1555/1600): reward: 49.358199467882514, rates: 49.35819947836762, loss: 1.5384425878524781, rho: 0.4000000000000001
[TRAIN]: (1556/1600): reward: 41.761973194777966, rates: 42.76197291726349, loss: 1.4728230997920035, rho: 0.4000000000000001
[TRAIN]: (1557/1600): reward: 48.784640181809664, rates: 48.78464050557215, loss: 1.3493682801723481, rho: 0.4000000000000001
[TRAIN]: (1558/1600): reward: 43.20120321633294, rates: 44.2012033742939, loss: 1.498988988995552, rho: 0.4000000000000001
[TRAIN]: (1559/1600): reward: 47.30477701872587, rates: 48.30477769126528, loss: 1.481206825375557, rho: 0.4000000000000001
[TRAIN]: (1560/1600): reward: 41.94133158028126, rates: 42.94133176491899, loss: 1.64575092792511, rho: 0.4000000000000001
[TRAIN]: (1561/1600): reward: 52.950221717357635, rates: 52.950222057737484, loss: 1.54862380027771, rho: 0.4000000000000001
[TRAIN]: (1562/1600): reward: 42.83357709646225, rates: 43.83357657350841, loss: 1.5122631341218948, rho: 0.4000000000000001
[TRAIN]: (1563/1600): reward: 46.866053661331534, rates: 47.86605314036404, loss: 1.3733959034085275, rho: 0.4000000000000001
[TRAIN]: (1564/1600): reward: 39.68605935201049, rates: 44.68605981105594, loss: 1.4337957978248597, rho: 0.4000000000000001
[TRAIN]: (1565/1600): reward: 49.48686523735523, rates: 49.48686464007549, loss: 1.2755611181259154, rho: 0.4000000000000001
[TRAIN]: (1566/1600): reward: 50.79461148194969, rates: 50.79461113648949, loss: 1.316856798529625, rho: 0.4000000000000001
[TRAIN]: (1567/1600): reward: 49.4807034432888, rates: 49.480703710705754, loss: 1.3118198946118356, rho: 0.4000000000000001
[TRAIN]: (1568/1600): reward: 49.07666637003422, rates: 49.07666720425585, loss: 1.6292782038450242, rho: 0.4000000000000001
[TRAIN]: (1569/1600): reward: 38.08533691614866, rates: 40.08533706208687, loss: 1.5189842283725739, rho: 0.4000000000000001
[TRAIN]: (1570/1600): reward: 39.15995039790869, rates: 41.15994940174193, loss: 1.452895039319992, rho: 0.4000000000000001
[TRAIN]: (1571/1600): reward: 51.949885457754135, rates: 51.94988462369583, loss: 1.4145000338554383, rho: 0.4000000000000001
[TRAIN]: (1572/1600): reward: 50.200269781053066, rates: 52.200269688499674, loss: 1.4085999488830567, rho: 0.4000000000000001
[TRAIN]: (1573/1600): reward: 43.65277365595102, rates: 44.65277400483044, loss: 1.5470685482025146, rho: 0.4000000000000001
[TRAIN]: (1574/1600): reward: 50.388514053076506, rates: 50.388514278074084, loss: 1.8401507675647735, rho: 0.4000000000000001
[TRAIN]: (1575/1600): reward: 48.380081839859486, rates: 48.380081800299656, loss: 1.7911296129226684, rho: 0.4000000000000001
[TRAIN]: (1576/1600): reward: 50.57483920454979, rates: 50.574838916274174, loss: 1.4504281044006349, rho: 0.4000000000000001
[TRAIN]: (1577/1600): reward: 48.2206559330225, rates: 48.220655341924946, loss: 1.4324140876531601, rho: 0.4000000000000001
[TRAIN]: (1578/1600): reward: 49.34366324543953, rates: 49.343662454167294, loss: 1.3656395852565766, rho: 0.4000000000000001
[TRAIN]: (1579/1600): reward: 45.79693989083171, rates: 45.79693899906887, loss: 1.45457963347435, rho: 0.4000000000000001
[TRAIN]: (1580/1600): reward: 45.09524206444621, rates: 45.095242278700745, loss: 1.3941380232572556, rho: 0.4000000000000001
[TRAIN]: (1581/1600): reward: 50.34299149736762, rates: 50.342991554403675, loss: 1.7340049415826797, rho: 0.4000000000000001
[TRAIN]: (1582/1600): reward: 47.62058965116739, rates: 47.620590172353026, loss: 1.6381865307688712, rho: 0.4000000000000001
[TRAIN]: (1583/1600): reward: 38.942121025174856, rates: 40.94212053825182, loss: 1.6631163477897644, rho: 0.4000000000000001
[TRAIN]: (1584/1600): reward: 44.78182592242956, rates: 45.781825523294906, loss: 1.465226748585701, rho: 0.4000000000000001
[TRAIN]: (1585/1600): reward: 39.64604341983795, rates: 41.646042663837534, loss: 1.455895295739174, rho: 0.4000000000000001
[TRAIN]: (1586/1600): reward: 49.785061586648226, rates: 50.78506191657274, loss: 1.63003049492836, rho: 0.4000000000000001
[TRAIN]: (1587/1600): reward: 49.03269819915295, rates: 51.03269828381875, loss: 1.5088927507400514, rho: 0.4000000000000001
[TRAIN]: (1588/1600): reward: 48.938277579844, rates: 48.938278082495195, loss: 1.731416067481041, rho: 0.4000000000000001
[TRAIN]: (1589/1600): reward: 46.372196309268475, rates: 46.37219593307843, loss: 1.2536227881908417, rho: 0.4000000000000001
[TRAIN]: (1590/1600): reward: 52.71657653898001, rates: 52.7165754640447, loss: 1.482245434820652, rho: 0.4000000000000001
[TRAIN]: (1591/1600): reward: 43.933386117219925, rates: 44.93338587088296, loss: 1.586973750591278, rho: 0.4000000000000001
[TRAIN]: (1592/1600): reward: 51.09042362868786, rates: 51.090423250329316, loss: 1.552905610203743, rho: 0.4000000000000001
[TRAIN]: (1593/1600): reward: 48.39997350424528, rates: 49.399973616697594, loss: 1.5852084636688233, rho: 0.4000000000000001
[TRAIN]: (1594/1600): reward: 46.48171915858984, rates: 47.48171908690623, loss: 1.575034387409687, rho: 0.4000000000000001
[TRAIN]: (1595/1600): reward: 40.53371375054121, rates: 41.533713667657516, loss: 1.6939815640449525, rho: 0.4000000000000001
[TRAIN]: (1596/1600): reward: 47.15344398468733, rates: 48.15344427679047, loss: 1.70038753002882, rho: 0.4000000000000001
[TRAIN]: (1597/1600): reward: 36.93953753262758, rates: 38.93953748202506, loss: 1.4413127347826957, rho: 0.4000000000000001
[TRAIN]: (1598/1600): reward: 46.423623733222485, rates: 46.42362351500871, loss: 1.2741125479340554, rho: 0.4000000000000001
[TRAIN]: (1599/1600): reward: 51.21404787898064, rates: 51.21404708657387, loss: 1.6009900987148284, rho: 0.4000000000000001
[TRAIN]: (1600/1600): reward: 46.63879964500666, rates: 48.63879973296336, loss: 1.8149379909038543, rho: 0.4000000000000001
[TRAIN_FINISHED]: Transmit Action: 25299/0
[MAIN]: Time: 1630.768539905548
[MAIN]: END
