[MAIN]: START
[ENV]: Started init Environment
[ENV]: ACTIONS_SPACE: 238
[ENV]: Finished init Environment
[TRAIN]: actions: 238, observations: 70
[TRAIN]: CUDA: True
[TRAIN]: (1/1600): reward: -80.65625357627869, rates: 0.34374641476780443, loss: 0, rho: 0.4625, transmit_actions: 10, P: [0.25, 0.3125, 0.625, 0.875, 0.0, 0.625, 0.0625, 0.0625, 0.4375, 0.5, 0.8125, 0.5, 0.3125, 0.4375, 0.5625, 0.5625, 0.0, 0.0, 0.9375, 0.3125]
[TRAIN]: (2/1600): reward: -70.24598038196564, rates: 1.75401963657717, loss: 0, rho: 0.5, transmit_actions: 10, P: [0.75, 0.0625, 0.6875, 0.625, 0.125, 0.625, 0.125, 1.0, 0.125, 0.6875, 0.25, 0.875, 0.25, 0.875, 1.0, 0.5, 0.8125, 0.75, 0.625, 0.875]
[TRAIN]: (3/1600): reward: -70.90144336223602, rates: 4.098556405788783, loss: 0, rho: 0.49375, transmit_actions: 10, P: [0.5625, 0.375, 0.8125, 0.3125, 0.9375, 1.0, 0.125, 0.75, 0.125, 0.3125, 0.1875, 0.0, 0.25, 0.125, 0.625, 0.625, 0.9375, 0.4375, 0.6875, 0.75]
[TRAIN]: (4/1600): reward: -79.67537379264832, rates: 1.3246262789566288, loss: 14.706589810988483, rho: 0.5875, transmit_actions: 7, P: [0.5625, 0.1875, 1.0, 0.1875, 0.1875, 0.5625, 0.6875, 0.3125, 0.1875, 0.0625, 0.5, 0.3125, 0.625, 0.4375, 1.0, 0.75, 0.0625, 0.4375, 0.3125, 0.125]
[TRAIN]: (5/1600): reward: -70.06260141730309, rates: 0.9373986141004382, loss: 13.350981760025025, rho: 0.44375, transmit_actions: 10, P: [0.125, 0.5, 0.0, 0.3125, 0.5625, 1.0, 1.0, 0.625, 0.875, 0.0625, 0.0625, 0.6875, 0.1875, 0.375, 0.25, 0.3125, 0.25, 0.4375, 0.75, 0.8125]
[TRAIN]: (6/1600): reward: -78.33650070428848, rates: 1.6634992825198425, loss: 10.933234167098998, rho: 0.51875, transmit_actions: 6, P: [0.375, 0.75, 0.125, 0.6875, 0.8125, 1.0, 0.0, 0.4375, 0.5625, 0.6875, 0.3125, 0.3125, 0.125, 0.0, 0.125, 0.625, 1.0, 0.1875, 0.125, 0.9375]
[TRAIN]: (7/1600): reward: -72.48784625530243, rates: 1.5121537180874776, loss: 6.430110383033752, rho: 0.5125, transmit_actions: 12, P: [0.0, 0.5, 0.3125, 0.4375, 0.6875, 0.4375, 0.9375, 0.5, 0.125, 0.375, 0.1875, 0.125, 0.5, 0.5625, 0.75, 0.3125, 0.375, 0.3125, 0.5, 0.875]
[TRAIN]: (8/1600): reward: -57.391540199518204, rates: 3.6084594829699856, loss: 3.599261832237244, rho: 0.43125, transmit_actions: 13, P: [0.4375, 0.625, 0.1875, 0.3125, 0.5, 0.5, 0.5, 0.5, 0.75, 0.0625, 0.3125, 0.0625, 0.0625, 0.5, 0.3125, 0.125, 0.375, 0.8125, 0.625, 0.625]
[TRAIN]: (9/1600): reward: -66.12315726280212, rates: 0.8768427325845585, loss: 2.038352358341217, rho: 0.39375, transmit_actions: 9, P: [0.5, 0.5, 0.4375, 0.25, 0.875, 0.9375, 0.625, 0.5625, 0.5625, 1.0, 0.1875, 0.8125, 0.75, 0.375, 0.125, 0.5625, 0.875, 0.875, 0.125, 0.125]
[TRAIN]: (10/1600): reward: -72.97670832276344, rates: 1.0232918318117665, loss: 1.6854767143726348, rho: 0.4625, transmit_actions: 8, P: [1.0, 0.9375, 0.6875, 0.9375, 0.125, 0.875, 0.9375, 0.1875, 0.3125, 0.5625, 0.9375, 0.8125, 0.625, 0.875, 0.3125, 0.9375, 0.125, 0.5625, 0.75, 0.5]
[TRAIN]: (11/1600): reward: -61.24410355091095, rates: 0.7558963623304514, loss: 2.117140144109726, rho: 0.53125, transmit_actions: 10, P: [0.8125, 0.1875, 0.3125, 0.6875, 0.6875, 1.0, 0.25, 1.0, 0.9375, 0.5625, 0.3125, 0.0, 0.75, 0.8125, 0.5625, 0.8125, 0.6875, 0.3125, 0.4375, 0.6875]
[TRAIN]: (12/1600): reward: -52.08883649110794, rates: 3.9111635468383725, loss: 1.608098918199539, rho: 0.49375, transmit_actions: 12, P: [0.25, 0.875, 0.5, 0.625, 0.375, 0.1875, 0.25, 0.0625, 0.0625, 0.5, 0.875, 0.25, 1.0, 0.125, 0.875, 0.0625, 0.9375, 0.8125, 0.5, 0.5]
[TRAIN]: (13/1600): reward: -71.49452675879002, rates: 1.5054734406561179, loss: 1.5102564483880996, rho: 0.5875, transmit_actions: 12, P: [0.0, 0.625, 0.9375, 0.0, 0.375, 0.75, 0.25, 0.625, 0.6875, 0.1875, 0.5625, 0.875, 0.1875, 1.0, 0.8125, 0.375, 0.0625, 0.4375, 0.8125, 0.6875]
[TRAIN]: (14/1600): reward: -71.13388758897781, rates: 1.8661124225697456, loss: 1.868925726413727, rho: 0.625, transmit_actions: 12, P: [0.875, 0.0625, 0.1875, 0.9375, 0.625, 0.6875, 0.8125, 1.0, 0.875, 0.9375, 0.8125, 0.6875, 0.6875, 0.125, 0.875, 0.625, 0.25, 0.25, 0.9375, 0.4375]
[TRAIN]: (15/1600): reward: -66.07979020476341, rates: 0.9202099680174836, loss: 1.6655187487602234, rho: 0.5375, transmit_actions: 10, P: [0.8125, 0.3125, 0.875, 0.875, 0.5625, 0.5625, 0.9375, 0.6875, 0.1875, 0.5, 0.25, 0.3125, 0.1875, 0.75, 0.0, 0.5625, 0.6875, 0.1875, 0.0, 0.625]
[TRAIN]: (16/1600): reward: -68.46180146932602, rates: 1.538198558962915, loss: 1.7230282425880432, rho: 0.53125, transmit_actions: 11, P: [0.25, 0.75, 0.375, 0.0625, 0.625, 0.1875, 0.9375, 0.5, 0.875, 0.4375, 0.5, 0.25, 0.4375, 1.0, 0.4375, 0.875, 0.5, 0.6875, 0.0, 0.75]
[TRAIN]: (17/1600): reward: -66.16875803470612, rates: 0.831241940373949, loss: 1.5393610715866088, rho: 0.475, transmit_actions: 9, P: [0.0, 0.375, 0.3125, 0.0, 0.6875, 0.0, 1.0, 0.375, 0.875, 0.125, 1.0, 0.0, 0.875, 0.375, 0.8125, 0.6875, 0.875, 0.1875, 0.5, 0.9375]
[TRAIN]: (18/1600): reward: -64.8357236161828, rates: 2.1642764233355667, loss: 1.4522071063518525, rho: 0.5, transmit_actions: 11, P: [0.5, 0.625, 0.3125, 1.0, 0.0, 0.1875, 0.0625, 0.875, 0.5625, 0.1875, 0.25, 0.25, 0.0625, 0.1875, 0.625, 0.625, 0.0, 0.875, 0.0625, 0.3125]
[TRAIN]: (19/1600): reward: -58.23643445968628, rates: 3.7635655223532454, loss: 1.4596245169639588, rho: 0.5, transmit_actions: 12, P: [0.5625, 0.375, 0.3125, 0.5625, 0.25, 0.1875, 0.125, 0.4375, 0.9375, 0.0, 0.1875, 0.75, 0.875, 0.75, 0.8125, 0.0625, 0.125, 0.8125, 0.875, 0.375]
[TRAIN]: (20/1600): reward: -85.58199292421341, rates: 0.41800724819642127, loss: 1.6762872815132142, rho: 0.49375, transmit_actions: 8, P: [0.3125, 0.0625, 0.0625, 0.5, 0.0, 0.25, 0.3125, 1.0, 0.375, 0.4375, 0.375, 0.5, 0.8125, 0.6875, 0.375, 0.6875, 0.4375, 0.1875, 0.875, 0.8125]
[TRAIN]: (21/1600): reward: -76.95711731910706, rates: 0.04288260145450465, loss: 1.6594335079193114, rho: 0.4375, transmit_actions: 6, P: [0.0625, 0.9375, 0.8125, 0.75, 0.0625, 0.8125, 0.5625, 0.625, 0.625, 0.625, 0.875, 0.3125, 0.8125, 0.6875, 0.25, 0.3125, 1.0, 0.0, 0.125, 1.0]
[TRAIN]: (22/1600): reward: -83.7279497385025, rates: 0.2720503799000723, loss: 1.5354438543319702, rho: 0.5625, transmit_actions: 9, P: [0.3125, 0.5, 0.4375, 0.8125, 0.25, 0.75, 0.0, 0.4375, 1.0, 0.4375, 0.4375, 0.0625, 0.75, 0.9375, 0.6875, 0.875, 0.1875, 0.8125, 0.0625, 0.5]
[TRAIN]: (23/1600): reward: -73.0068154335022, rates: 3.993184415909986, loss: 1.5814769238233566, rho: 0.49375, transmit_actions: 11, P: [0.9375, 0.875, 1.0, 0.875, 1.0, 0.5625, 0.8125, 0.25, 0.25, 0.25, 1.0, 0.4375, 0.375, 0.3125, 0.0, 0.1875, 0.8125, 0.1875, 0.375, 0.125]
[TRAIN]: (24/1600): reward: -70.58028835058212, rates: 2.419711457540176, loss: 1.5386436015367508, rho: 0.46875, transmit_actions: 10, P: [0.25, 0.0625, 0.8125, 0.0, 1.0, 0.25, 0.625, 1.0, 0.3125, 0.375, 0.125, 0.75, 0.8125, 0.8125, 0.0625, 0.9375, 0.75, 0.625, 0.75, 1.0]
[TRAIN]: (25/1600): reward: -65.51115350797772, rates: 2.488846649054204, loss: 1.63534677028656, rho: 0.49375, transmit_actions: 7, P: [0.1875, 0.25, 0.3125, 0.625, 0.0, 0.6875, 0.0, 0.125, 0.875, 0.875, 0.25, 0.5, 0.25, 1.0, 0.75, 0.3125, 1.0, 0.125, 0.5, 0.75]
[TRAIN]: (26/1600): reward: -66.38550169765949, rates: 3.614498325852427, loss: 1.485631164908409, rho: 0.41875, transmit_actions: 12, P: [0.25, 0.4375, 0.6875, 0.5, 0.3125, 0.3125, 0.1875, 0.375, 0.125, 0.375, 0.3125, 0.0, 0.3125, 0.375, 0.125, 0.875, 0.5, 0.625, 0.875, 0.1875]
[TRAIN]: (27/1600): reward: -83.288654088974, rates: 0.7113459773283816, loss: 1.4618076622486114, rho: 0.6, transmit_actions: 7, P: [0.75, 0.25, 0.75, 0.3125, 0.5625, 0.25, 0.875, 0.6875, 0.75, 0.5625, 0.1875, 0.25, 1.0, 0.875, 0.5, 0.1875, 0.5, 0.8125, 0.125, 0.3125]
[TRAIN]: (28/1600): reward: -76.59038894623518, rates: 1.4096111570982564, loss: 1.5768229007720946, rho: 0.525, transmit_actions: 9, P: [0.4375, 0.8125, 0.3125, 1.0, 1.0, 0.3125, 0.625, 0.5, 0.25, 0.0625, 0.4375, 0.5625, 0.9375, 0.9375, 0.5625, 0.0, 0.25, 0.625, 0.125, 1.0]
[TRAIN]: (29/1600): reward: -86.91895198822021, rates: 0.08104796120553018, loss: 1.5002985686063766, rho: 0.4875, transmit_actions: 10, P: [0.25, 0.5, 0.9375, 0.8125, 0.3125, 0.0625, 1.0, 0.9375, 0.875, 0.8125, 0.6875, 0.9375, 0.25, 0.25, 0.6875, 0.6875, 0.8125, 0.5, 0.0, 0.625]
[TRAIN]: (30/1600): reward: -79.7781286239624, rates: 0.22187137022811004, loss: 1.5569423735141754, rho: 0.4875, transmit_actions: 9, P: [0.125, 0.375, 0.0, 0.9375, 0.1875, 0.0, 0.75, 0.875, 0.0625, 0.875, 0.6875, 0.0, 0.625, 0.1875, 0.0, 0.5, 0.875, 0.75, 0.75, 0.5625]
[TRAIN]: (31/1600): reward: -65.70716245472431, rates: 1.292837480969511, loss: 1.459534928202629, rho: 0.6375, transmit_actions: 10, P: [0.0, 0.125, 0.0, 0.75, 0.375, 0.0625, 0.6875, 0.75, 0.9375, 0.375, 0.8125, 0.0, 0.0625, 0.4375, 0.5625, 0.4375, 0.0625, 0.1875, 0.5, 0.5625]
[TRAIN]: (32/1600): reward: -62.38035845756531, rates: 0.6196415484706713, loss: 1.3860550284385682, rho: 0.45, transmit_actions: 10, P: [0.5625, 0.875, 0.4375, 0.1875, 0.0, 0.6875, 0.4375, 0.8125, 0.1875, 0.0, 0.5625, 0.5625, 0.875, 0.75, 0.125, 0.875, 1.0, 0.5, 0.25, 0.9375]
[TRAIN]: (33/1600): reward: -56.57375559210777, rates: 3.426244258506877, loss: 1.5974380403757096, rho: 0.48125, transmit_actions: 13, P: [0.1875, 1.0, 0.0625, 0.5, 0.4375, 0.375, 0.75, 0.5625, 0.1875, 1.0, 0.0, 0.125, 0.875, 0.0625, 1.0, 0.3125, 0.5, 0.6875, 0.25, 0.4375]
[TRAIN]: (34/1600): reward: -73.30270802974701, rates: 0.697291990600696, loss: 1.2736877381801606, rho: 0.35625, transmit_actions: 11, P: [0.1875, 0.0625, 0.6875, 0.5625, 0.0, 0.875, 0.9375, 0.625, 0.5625, 0.625, 0.9375, 0.375, 0.875, 0.3125, 1.0, 0.75, 0.9375, 0.3125, 0.875, 0.5]
[TRAIN]: (35/1600): reward: -81.43734124302864, rates: 1.562659058387538, loss: 1.4281374961137772, rho: 0.5375, transmit_actions: 12, P: [0.75, 0.125, 0.5, 0.25, 0.1875, 0.75, 0.3125, 0.125, 0.375, 0.5625, 0.125, 0.5, 0.4375, 0.9375, 1.0, 0.6875, 0.8125, 0.75, 0.25, 0.8125]
[TRAIN]: (36/1600): reward: -75.88626497983932, rates: 2.1137350848948295, loss: 1.5093124210834503, rho: 0.53125, transmit_actions: 11, P: [0.0625, 0.9375, 0.0, 0.5625, 0.5625, 0.375, 0.0625, 1.0, 0.375, 0.4375, 0.5625, 0.0625, 0.1875, 0.875, 1.0, 0.5, 0.4375, 0.375, 0.125, 1.0]
[TRAIN]: (37/1600): reward: -69.25111031532288, rates: 1.74888991686651, loss: 1.52423415184021, rho: 0.54375, transmit_actions: 12, P: [1.0, 0.4375, 0.5, 0.875, 0.3125, 0.0625, 0.3125, 0.9375, 0.125, 0.9375, 0.75, 0.4375, 1.0, 0.0625, 1.0, 0.6875, 0.0625, 1.0, 0.875, 0.1875]
[TRAIN]: (38/1600): reward: -82.65425062179565, rates: 0.3457494241803429, loss: 1.4399377048015594, rho: 0.5375, transmit_actions: 8, P: [0.5625, 0.0, 0.5, 0.5625, 0.5, 0.5, 0.3125, 0.4375, 0.625, 0.9375, 0.6875, 0.4375, 0.6875, 0.5, 0.625, 0.0625, 0.125, 0.9375, 1.0, 0.625]
[TRAIN]: (39/1600): reward: -72.72302824258804, rates: 1.2769717672848255, loss: 1.422656586766243, rho: 0.425, transmit_actions: 10, P: [1.0, 0.125, 1.0, 0.0625, 0.375, 0.5, 0.125, 0.8125, 0.5625, 0.0, 0.125, 0.3125, 0.6875, 0.6875, 0.25, 0.6875, 0.5, 0.1875, 1.0, 0.625]
[TRAIN]: (40/1600): reward: -62.1947965323925, rates: 0.8052034837197618, loss: 1.5159271568059922, rho: 0.475, transmit_actions: 8, P: [0.0, 0.1875, 0.8125, 0.5, 0.875, 0.5, 0.0625, 1.0, 0.8125, 0.125, 0.3125, 0.9375, 0.9375, 0.9375, 0.1875, 0.4375, 0.0625, 0.0, 0.25, 0.0]
[TRAIN]: (41/1600): reward: -79.66977858543396, rates: 0.3302213218635166, loss: 1.5840606272220612, rho: 0.50625, transmit_actions: 9, P: [0.5625, 0.5, 0.6875, 0.5, 1.0, 0.375, 0.0, 0.75, 0.3125, 0.8125, 0.625, 0.6875, 0.5, 0.875, 0.25, 1.0, 0.875, 0.1875, 0.9375, 0.5625]
[TRAIN]: (42/1600): reward: -71.69835996627808, rates: 1.3016402266471243, loss: 1.38146014213562, rho: 0.53125, transmit_actions: 7, P: [0.125, 0.375, 0.375, 0.125, 0.0, 0.9375, 0.0625, 0.6875, 0.875, 0.1875, 0.8125, 0.9375, 0.8125, 0.875, 0.3125, 0.4375, 0.6875, 0.875, 0.8125, 0.9375]
[TRAIN]: (43/1600): reward: -59.60437774658203, rates: 2.3956221735004184, loss: 1.398368212580681, rho: 0.50625, transmit_actions: 15, P: [0.4375, 0.6875, 0.9375, 0.5, 1.0, 0.25, 0.1875, 0.1875, 0.9375, 0.625, 0.375, 0.0, 1.0, 0.5, 0.0, 0.0, 0.25, 0.5625, 0.875, 0.9375]
[TRAIN]: (44/1600): reward: -54.16614383459091, rates: 1.8338562720449945, loss: 1.4268396019935607, rho: 0.475, transmit_actions: 12, P: [0.5625, 0.625, 0.0, 0.0, 0.0625, 0.4375, 0.0625, 0.5, 0.6875, 0.0, 0.5, 0.1875, 0.25, 0.75, 0.8125, 0.9375, 0.625, 0.625, 0.9375, 0.125]
[TRAIN]: (45/1600): reward: -65.95836961269379, rates: 1.0416302009575011, loss: 1.337508600950241, rho: 0.5375, transmit_actions: 9, P: [0.5, 0.5, 0.375, 0.0, 0.8125, 0.875, 0.8125, 1.0, 0.125, 0.125, 0.1875, 0.75, 0.5, 1.0, 0.75, 0.875, 0.3125, 0.9375, 0.5, 0.4375]
[TRAIN]: (46/1600): reward: -73.8056697845459, rates: 1.19433025590916, loss: 1.4055230647325516, rho: 0.475, transmit_actions: 11, P: [0.3125, 0.625, 0.375, 0.625, 0.875, 1.0, 1.0, 0.5, 0.6875, 0.125, 0.8125, 0.25, 0.3125, 0.0, 0.1875, 0.375, 0.3125, 1.0, 0.0625, 0.625]
[TRAIN]: (47/1600): reward: -73.53817129135132, rates: 1.4618288680062412, loss: 1.5369143903255462, rho: 0.5375, transmit_actions: 9, P: [0.0, 0.875, 1.0, 0.375, 0.4375, 0.1875, 0.8125, 0.125, 0.5625, 0.8125, 0.0625, 0.6875, 0.625, 0.75, 1.0, 0.0625, 0.3125, 0.625, 0.4375, 0.9375]
[TRAIN]: (48/1600): reward: -78.1722347587347, rates: 0.8277652158044686, loss: 1.3911312222480774, rho: 0.63125, transmit_actions: 7, P: [0.3125, 0.5, 0.75, 0.9375, 0.375, 0.5, 0.75, 0.0, 0.125, 0.0, 0.25, 0.0625, 0.3125, 0.375, 0.125, 0.1875, 0.375, 0.3125, 0.6875, 0.5625]
[TRAIN]: (49/1600): reward: -73.2128541469574, rates: 0.7871457547765468, loss: 1.2479548841714858, rho: 0.5875, transmit_actions: 9, P: [0.625, 0.6875, 0.375, 0.625, 0.75, 0.0625, 0.0625, 0.5625, 0.6875, 0.3125, 0.9375, 0.875, 0.8125, 0.375, 0.75, 1.0, 0.4375, 0.375, 0.375, 0.25]
[TRAIN]: (50/1600): reward: -87.9178908765316, rates: 1.0821091957090232, loss: 1.500328716635704, rho: 0.4875, transmit_actions: 12, P: [0.625, 0.8125, 0.4375, 0.0625, 0.25, 0.625, 0.5, 0.75, 0.875, 0.875, 0.75, 0.5, 0.5625, 1.0, 0.125, 0.6875, 0.8125, 0.75, 0.4375, 0.9375]
[TRAIN]: (51/1600): reward: -76.42806422710419, rates: 1.5719358872453897, loss: 1.4208023622632027, rho: 0.625, transmit_actions: 11, P: [0.1875, 0.625, 0.5625, 0.25, 0.625, 0.375, 0.6875, 0.25, 0.4375, 0.5, 0.375, 1.0, 0.5625, 0.9375, 1.0, 0.6875, 0.0625, 0.25, 0.25, 0.1875]
[TRAIN]: (52/1600): reward: -62.42738950252533, rates: 1.5726107352550325, loss: 1.2673989415168763, rho: 0.50625, transmit_actions: 9, P: [0.375, 0.4375, 0.0625, 0.6875, 0.875, 1.0, 0.375, 0.5, 0.25, 0.4375, 0.8125, 0.375, 0.8125, 0.5, 0.5, 0.25, 0.1875, 0.0, 0.3125, 1.0]
[TRAIN]: (53/1600): reward: -82.01163452863693, rates: 0.9883655865662533, loss: 1.3963290244340896, rho: 0.53125, transmit_actions: 10, P: [0.6875, 0.4375, 0.25, 0.0625, 0.1875, 0.8125, 0.4375, 1.0, 0.5, 0.4375, 0.4375, 0.25, 0.9375, 0.1875, 0.4375, 0.625, 0.4375, 0.875, 0.25, 0.3125]
[TRAIN]: (54/1600): reward: -70.74311769008636, rates: 3.2568822316394757, loss: 1.239243108034134, rho: 0.39375, transmit_actions: 10, P: [0.25, 0.1875, 0.125, 0.1875, 0.4375, 0.1875, 0.5, 0.1875, 0.0, 0.0625, 0.8125, 0.3125, 0.1875, 0.75, 0.375, 0.6875, 0.4375, 0.5, 0.5625, 0.375]
[TRAIN]: (55/1600): reward: -64.14820712804794, rates: 2.8517928537501183, loss: 1.221468448638916, rho: 0.4875, transmit_actions: 12, P: [0.4375, 0.0, 0.375, 0.5625, 0.125, 0.875, 0.0625, 0.9375, 0.1875, 0.6875, 0.5625, 1.0, 0.8125, 0.4375, 0.125, 0.3125, 0.9375, 0.75, 0.25, 0.75]
[TRAIN]: (56/1600): reward: -64.84441968798637, rates: 2.155580508996363, loss: 1.4348064750432967, rho: 0.5875, transmit_actions: 11, P: [0.875, 0.375, 0.4375, 0.3125, 0.875, 0.1875, 0.0, 0.625, 0.25, 0.1875, 0.9375, 0.0625, 0.1875, 0.3125, 0.375, 1.0, 0.3125, 1.0, 0.0625, 0.625]
[TRAIN]: (57/1600): reward: -70.46747946739197, rates: 0.5325203985295942, loss: 1.3044821619987488, rho: 0.43125, transmit_actions: 13, P: [0.0625, 1.0, 0.125, 0.25, 0.25, 1.0, 0.25, 0.875, 0.625, 0.25, 0.1875, 0.9375, 0.3125, 0.625, 0.9375, 0.0, 0.5, 0.875, 0.4375, 0.6875]
[TRAIN]: (58/1600): reward: -60.83606109023094, rates: 3.163938937008993, loss: 1.3214716494083405, rho: 0.4375, transmit_actions: 11, P: [0.1875, 0.4375, 0.625, 0.8125, 0.625, 0.1875, 0.0, 0.1875, 1.0, 0.25, 0.8125, 0.1875, 0.0625, 0.0, 0.9375, 0.0625, 0.125, 0.375, 0.0625, 0.1875]
[TRAIN]: (59/1600): reward: -59.96529135107994, rates: 2.034708703548393, loss: 1.3148323565721511, rho: 0.51875, transmit_actions: 10, P: [1.0, 0.9375, 1.0, 0.1875, 0.125, 0.1875, 1.0, 0.25, 0.875, 0.375, 0.5, 0.125, 0.9375, 0.75, 0.8125, 0.75, 0.8125, 0.6875, 0.6875, 0.1875]
[TRAIN]: (60/1600): reward: -62.80665171146393, rates: 1.1933482894408884, loss: 1.45764057636261, rho: 0.5375, transmit_actions: 11, P: [0.5, 0.5, 0.9375, 0.5625, 0.1875, 0.9375, 0.125, 0.9375, 0.625, 0.4375, 0.5625, 0.9375, 0.9375, 0.75, 0.0, 0.75, 0.9375, 0.9375, 0.375, 0.5]
[TRAIN]: (61/1600): reward: -73.58884336054325, rates: 1.4111565548964164, loss: 1.2968993842601777, rho: 0.475, transmit_actions: 9, P: [0.9375, 0.5625, 0.25, 0.125, 0.25, 0.875, 0.6875, 0.0, 0.1875, 0.125, 0.125, 1.0, 0.5625, 1.0, 0.5625, 0.0, 0.6875, 0.6875, 1.0, 0.4375]
[TRAIN]: (62/1600): reward: -65.55686232447624, rates: 1.443137694913728, loss: 1.3131733417510987, rho: 0.475, transmit_actions: 10, P: [0.375, 0.875, 0.0, 0.625, 0.375, 0.1875, 0.625, 0.1875, 0.5625, 0.0625, 0.0, 0.0, 0.4375, 0.9375, 0.125, 1.0, 0.8125, 0.0, 0.8125, 0.9375]
[TRAIN]: (63/1600): reward: -69.26962125301361, rates: 1.7303787800620363, loss: 1.4022408306598664, rho: 0.5, transmit_actions: 12, P: [0.5625, 0.625, 0.875, 1.0, 1.0, 0.6875, 0.125, 0.375, 0.8125, 0.6875, 0.5625, 0.8125, 0.875, 0.9375, 0.8125, 0.5, 0.8125, 0.4375, 0.25, 0.1875]
[TRAIN]: (64/1600): reward: -53.90060904622078, rates: 4.099390884718149, loss: 1.2887742638587951, rho: 0.51875, transmit_actions: 13, P: [0.5625, 0.75, 0.5, 0.5, 0.4375, 0.5, 0.875, 0.8125, 0.9375, 0.8125, 0.875, 0.0625, 0.9375, 0.0, 0.6875, 0.125, 0.1875, 0.1875, 0.6875, 0.0625]
[TRAIN]: (65/1600): reward: -51.889219515025616, rates: 3.1107803903306515, loss: 1.4015651315450668, rho: 0.45625, transmit_actions: 13, P: [0.9375, 0.3125, 0.6875, 1.0, 0.3125, 0.0625, 0.8125, 0.5625, 0.625, 0.375, 0.0, 0.3125, 1.0, 0.125, 0.125, 0.1875, 0.625, 0.25, 1.0, 0.25]
[TRAIN]: (66/1600): reward: -63.47100955247879, rates: 0.5289903946944217, loss: 1.5005243211984634, rho: 0.48125, transmit_actions: 8, P: [0.75, 0.4375, 0.0, 0.0625, 0.875, 0.4375, 0.5, 0.6875, 0.625, 0.625, 0.5, 0.625, 0.75, 0.6875, 0.75, 0.0, 0.875, 0.0625, 0.6875, 0.9375]
[TRAIN]: (67/1600): reward: -69.99718824028969, rates: 2.0028116763821058, loss: 1.4578973323106765, rho: 0.55, transmit_actions: 12, P: [0.6875, 0.9375, 0.0, 0.5625, 0.125, 0.375, 0.25, 0.1875, 0.9375, 0.9375, 0.625, 0.1875, 0.8125, 0.8125, 0.75, 0.125, 0.625, 0.125, 0.8125, 0.1875]
[TRAIN]: (68/1600): reward: -57.532358169555664, rates: 1.4676418572905232, loss: 1.4328444331884385, rho: 0.4, transmit_actions: 9, P: [0.125, 0.8125, 0.0625, 0.3125, 0.1875, 0.8125, 0.6875, 0.25, 0.125, 0.625, 0.5625, 0.0625, 0.75, 0.0, 0.375, 0.25, 0.25, 0.3125, 0.5625, 0.0625]
[TRAIN]: (69/1600): reward: -63.81782352924347, rates: 4.182176494634396, loss: 1.3123527437448501, rho: 0.4375, transmit_actions: 8, P: [0.3125, 0.4375, 0.8125, 0.25, 0.75, 0.1875, 0.125, 0.0625, 0.25, 0.75, 0.6875, 0.1875, 0.625, 0.875, 0.625, 0.8125, 0.875, 0.75, 0.0625, 0.1875]
[TRAIN]: (70/1600): reward: -64.67565444111824, rates: 5.324345667089457, loss: 1.2803824305534364, rho: 0.56875, transmit_actions: 10, P: [0.9375, 0.0625, 0.9375, 0.5625, 0.0625, 0.6875, 0.5, 0.625, 0.75, 0.5, 0.25, 0.75, 0.0, 0.0625, 0.625, 0.8125, 0.125, 0.375, 0.4375, 0.0625]
[TRAIN]: (71/1600): reward: -49.63543087244034, rates: 2.364569311725878, loss: 1.405662763118744, rho: 0.48125, transmit_actions: 9, P: [0.6875, 0.375, 0.1875, 0.1875, 0.625, 0.6875, 0.0625, 0.6875, 0.9375, 0.5, 0.875, 0.8125, 0.6875, 0.5625, 0.8125, 0.25, 0.8125, 0.5625, 0.375, 0.9375]
[TRAIN]: (72/1600): reward: -66.71840780973434, rates: 1.281592019225334, loss: 1.2966648101806642, rho: 0.44375, transmit_actions: 11, P: [0.6875, 1.0, 0.4375, 0.3125, 0.75, 0.25, 0.6875, 0.5625, 0.25, 0.625, 0.9375, 0.6875, 0.5625, 1.0, 0.9375, 0.375, 0.4375, 0.1875, 0.5625, 0.375]
[TRAIN]: (73/1600): reward: -59.82354438304901, rates: 1.1764555406972728, loss: 1.3974795997142793, rho: 0.45625, transmit_actions: 11, P: [1.0, 0.25, 0.9375, 0.875, 0.1875, 0.6875, 0.1875, 0.25, 0.4375, 0.0625, 0.8125, 0.0625, 0.25, 0.875, 0.375, 0.75, 0.375, 0.8125, 0.8125, 0.0]
[TRAIN]: (74/1600): reward: -72.03248536586761, rates: 0.9675145869039696, loss: 1.4424799293279649, rho: 0.3875, transmit_actions: 7, P: [0.625, 0.9375, 0.1875, 0.5625, 0.375, 0.25, 0.875, 0.625, 0.625, 0.8125, 0.1875, 1.0, 0.3125, 0.4375, 0.25, 0.0625, 1.0, 1.0, 0.875, 0.375]
[TRAIN]: (75/1600): reward: -77.85144013166428, rates: 1.1485599647610434, loss: 1.4618459045886993, rho: 0.50625, transmit_actions: 7, P: [0.9375, 0.4375, 0.8125, 0.1875, 0.6875, 0.25, 0.125, 0.4375, 0.875, 0.1875, 0.375, 0.4375, 0.1875, 0.4375, 0.625, 0.75, 0.8125, 0.5, 0.5, 0.1875]
[TRAIN]: (76/1600): reward: -74.63588118553162, rates: 2.364118674938228, loss: 1.4840678513050078, rho: 0.49375, transmit_actions: 10, P: [0.375, 0.5625, 0.625, 0.375, 1.0, 0.625, 0.375, 0.75, 0.9375, 0.375, 0.375, 0.5625, 0.125, 0.875, 0.9375, 0.0, 0.4375, 0.75, 0.6875, 0.8125]
[TRAIN]: (77/1600): reward: -63.3583702147007, rates: 0.6416298067294601, loss: 1.359669604897499, rho: 0.4125, transmit_actions: 8, P: [0.375, 0.0625, 0.4375, 1.0, 0.9375, 0.9375, 1.0, 0.3125, 0.5625, 0.0, 0.9375, 0.875, 0.0, 0.25, 0.75, 0.0625, 0.5, 0.375, 0.5625, 0.75]
[TRAIN]: (78/1600): reward: -67.77504655718803, rates: 1.2249534473203814, loss: 1.210049670934677, rho: 0.40625, transmit_actions: 9, P: [0.125, 0.5, 0.75, 0.125, 0.875, 0.125, 0.75, 0.0625, 0.875, 1.0, 0.4375, 0.375, 0.5, 0.25, 0.1875, 0.4375, 0.625, 0.875, 0.25, 0.5625]
[TRAIN]: (79/1600): reward: -58.613654755055904, rates: 2.386345092450553, loss: 1.3190052762627602, rho: 0.45625, transmit_actions: 11, P: [0.0, 0.625, 0.125, 0.9375, 0.3125, 0.625, 0.0625, 0.1875, 0.5, 0.25, 0.4375, 0.5625, 0.0, 0.875, 0.25, 0.4375, 0.5625, 0.8125, 0.625, 0.4375]
[TRAIN]: (80/1600): reward: -80.61929845809937, rates: 0.38070160032568867, loss: 1.262955129146576, rho: 0.5625, transmit_actions: 10, P: [0.75, 0.875, 0.3125, 0.125, 0.6875, 0.75, 0.125, 0.0, 0.0, 0.0, 0.75, 0.8125, 0.3125, 0.0, 0.9375, 0.4375, 1.0, 0.0, 0.8125, 0.6875]
[TRAIN]: (81/1600): reward: -71.38039898872375, rates: 1.6196007739015923, loss: 1.3178030207753182, rho: 0.50625, transmit_actions: 10, P: [0.5625, 0.4375, 0.625, 0.75, 0.125, 0.0625, 0.25, 0.9375, 0.5625, 0.8125, 0.6875, 0.0625, 1.0, 1.0, 0.8125, 1.0, 0.75, 0.625, 0.25, 0.8125]
[TRAIN]: (82/1600): reward: -65.46850579977036, rates: 2.531494039142277, loss: 1.3872863173484802, rho: 0.49375, transmit_actions: 12, P: [0.625, 0.3125, 0.75, 0.3125, 0.5, 0.9375, 0.0, 0.9375, 0.5625, 0.75, 0.75, 0.375, 0.375, 0.375, 0.1875, 0.3125, 0.125, 0.625, 0.3125, 0.9375]
[TRAIN]: (83/1600): reward: -68.38384781777859, rates: 2.616152161502863, loss: 1.3074547752738, rho: 0.46875, transmit_actions: 8, P: [0.9375, 0.0625, 0.25, 0.75, 0.4375, 0.25, 0.375, 0.25, 0.5, 0.4375, 0.6875, 1.0, 0.25, 0.0, 0.1875, 0.1875, 0.0625, 0.6875, 0.875, 0.5625]
[TRAIN]: (84/1600): reward: -70.71105003356934, rates: 1.2889497990008232, loss: 1.4385554879903792, rho: 0.51875, transmit_actions: 9, P: [0.0625, 0.625, 0.75, 0.75, 0.4375, 0.6875, 0.875, 0.6875, 0.5625, 0.0625, 0.875, 0.5, 0.1875, 0.3125, 0.5625, 0.9375, 0.4375, 0.375, 0.5, 0.375]
[TRAIN]: (85/1600): reward: -86.02044251561165, rates: 0.9795575629609139, loss: 1.3091227680444717, rho: 0.59375, transmit_actions: 13, P: [0.375, 0.75, 1.0, 0.9375, 0.375, 0.9375, 0.125, 0.875, 0.5625, 0.875, 1.0, 0.8125, 0.0625, 0.0, 0.375, 0.25, 0.6875, 0.5, 0.25, 0.9375]
[TRAIN]: (86/1600): reward: -61.13186743110418, rates: 2.868132556053989, loss: 1.4920213848352433, rho: 0.475, transmit_actions: 10, P: [0.25, 0.5, 0.0, 0.8125, 0.4375, 0.5625, 0.4375, 0.4375, 0.3125, 0.125, 0.125, 1.0, 0.3125, 0.25, 0.375, 0.4375, 0.9375, 0.25, 0.25, 0.1875]
[TRAIN]: (87/1600): reward: -75.7653619647026, rates: 1.2346378821687294, loss: 1.717654925584793, rho: 0.48125, transmit_actions: 9, P: [0.9375, 0.5625, 0.375, 0.625, 0.875, 0.1875, 0.1875, 0.9375, 0.125, 0.375, 0.25, 0.25, 0.75, 0.6875, 0.8125, 0.25, 0.875, 0.8125, 0.4375, 0.625]
[TRAIN]: (88/1600): reward: -74.36570765078068, rates: 1.6342924478505725, loss: 1.363061359524727, rho: 0.55625, transmit_actions: 8, P: [0.125, 0.25, 0.25, 0.4375, 0.3125, 0.375, 0.5, 0.8125, 0.0625, 0.4375, 0.0625, 0.1875, 0.75, 0.75, 0.625, 0.0, 0.875, 0.5625, 0.1875, 0.375]
[TRAIN]: (89/1600): reward: -70.00260344147682, rates: 0.997396619482035, loss: 1.3880123391747474, rho: 0.46875, transmit_actions: 8, P: [0.6875, 0.8125, 0.625, 0.8125, 0.5625, 0.375, 0.6875, 0.375, 0.0625, 0.1875, 0.0625, 1.0, 1.0, 0.8125, 0.25, 0.875, 0.0, 0.0625, 0.5625, 0.0]
[TRAIN]: (90/1600): reward: -69.81635856628418, rates: 1.1836413777314772, loss: 1.5223992854356765, rho: 0.45625, transmit_actions: 8, P: [0.1875, 0.25, 0.6875, 0.25, 0.4375, 0.5625, 0.1875, 0.6875, 0.125, 0.6875, 0.5625, 0.3125, 0.0, 0.0, 0.4375, 0.0625, 0.8125, 0.0625, 0.875, 0.75]
[TRAIN]: (91/1600): reward: -85.71444344520569, rates: 0.2855564989065288, loss: 1.462276154756546, rho: 0.5125, transmit_actions: 8, P: [0.25, 0.875, 0.25, 0.8125, 0.8125, 0.1875, 0.25, 0.0, 0.375, 0.5, 0.4375, 0.625, 0.9375, 0.375, 0.9375, 0.9375, 0.5625, 0.5, 0.8125, 0.0]
[TRAIN]: (92/1600): reward: -57.797922015190125, rates: 3.202078181971334, loss: 1.2995832949876784, rho: 0.45625, transmit_actions: 9, P: [0.6875, 0.625, 0.3125, 0.8125, 0.125, 0.0625, 0.125, 0.375, 0.5, 0.8125, 0.75, 0.6875, 0.1875, 0.75, 0.375, 0.0, 0.6875, 0.75, 0.75, 0.75]
[TRAIN]: (93/1600): reward: -69.41844689846039, rates: 1.5815530976414087, loss: 1.5971299171447755, rho: 0.525, transmit_actions: 8, P: [0.25, 0.125, 0.5, 0.0625, 0.375, 0.8125, 0.8125, 0.5, 0.6875, 0.25, 0.25, 0.8125, 0.9375, 0.3125, 0.125, 0.625, 0.625, 0.875, 0.1875, 0.25]
[TRAIN]: (94/1600): reward: -78.82969559729099, rates: 3.1703045409310415, loss: 1.4542257845401765, rho: 0.525, transmit_actions: 10, P: [0.625, 0.4375, 0.3125, 0.5625, 0.4375, 0.3125, 0.0, 0.25, 0.9375, 0.375, 0.5, 0.75, 0.0625, 0.625, 0.6875, 0.125, 0.25, 0.375, 0.3125, 0.5]
[TRAIN]: (95/1600): reward: -77.9180888235569, rates: 1.081911116085038, loss: 1.400598692893982, rho: 0.54375, transmit_actions: 7, P: [0.5625, 0.375, 0.25, 0.4375, 0.5, 0.0, 0.9375, 1.0, 0.625, 0.5625, 0.1875, 0.0, 0.0625, 0.6875, 0.1875, 0.875, 0.25, 1.0, 1.0, 0.25]
[TRAIN]: (96/1600): reward: -75.56899273395538, rates: 0.43100718864850573, loss: 1.5551753133535384, rho: 0.56875, transmit_actions: 7, P: [0.25, 0.5625, 0.875, 0.375, 0.9375, 0.1875, 0.4375, 1.0, 0.625, 0.6875, 0.3125, 0.5, 0.8125, 0.6875, 0.875, 0.5625, 0.625, 0.25, 0.6875, 0.375]
[TRAIN]: (97/1600): reward: -72.89482593536377, rates: 0.10517408862637831, loss: 1.4847480654716492, rho: 0.4875, transmit_actions: 9, P: [0.875, 0.9375, 0.9375, 0.8125, 0.1875, 0.75, 0.9375, 0.9375, 0.625, 0.375, 0.375, 0.4375, 0.0, 0.125, 0.375, 0.625, 0.0, 0.6875, 0.625, 0.1875]
[TRAIN]: (98/1600): reward: -44.18947559595108, rates: 0.8105244031108161, loss: 1.4320964336395263, rho: 0.29375, transmit_actions: 5, P: [0.75, 0.0, 0.125, 0.6875, 0.0625, 0.5625, 0.75, 0.3125, 0.9375, 0.875, 0.875, 0.375, 0.125, 0.75, 0.6875, 0.125, 1.0, 0.875, 0.875, 0.375]
[TRAIN]: (99/1600): reward: -70.50657600164413, rates: 1.4934240384573791, loss: 1.2598521947860717, rho: 0.4875, transmit_actions: 8, P: [1.0, 1.0, 0.6875, 0.0, 0.0, 0.0625, 0.5625, 0.1875, 0.3125, 0.1875, 1.0, 0.8125, 0.0625, 0.125, 0.5625, 1.0, 0.1875, 0.9375, 0.875, 0.6875]
[TRAIN]: (100/1600): reward: -69.62831059098244, rates: 1.3716891157084503, loss: 1.3962714791297912, rho: 0.48125, transmit_actions: 11, P: [0.6875, 0.5, 1.0, 0.9375, 0.3125, 0.0, 0.625, 0.875, 0.3125, 0.375, 0.4375, 0.3125, 0.375, 0.125, 0.25, 0.5625, 0.4375, 0.25, 0.8125, 0.6875]
[TRAIN]: (101/1600): reward: -75.01766273379326, rates: 0.9823371840493519, loss: 1.4103499144315719, rho: 0.54375, transmit_actions: 7, P: [0.0625, 0.875, 0.1875, 0.375, 0.75, 0.6875, 0.3125, 0.625, 0.9375, 0.5, 0.9375, 0.8125, 0.5625, 0.6875, 0.75, 0.6875, 0.1875, 0.0625, 0.25, 0.5]
[TRAIN]: (102/1600): reward: -67.22505195438862, rates: 1.7749479901406817, loss: 1.4675465524196625, rho: 0.4875, transmit_actions: 10, P: [0.125, 0.625, 0.5, 0.8125, 0.125, 0.125, 0.9375, 0.875, 0.875, 0.0, 0.0625, 0.0, 0.3125, 0.375, 0.4375, 0.625, 0.1875, 0.3125, 0.0, 0.75]
[TRAIN]: (103/1600): reward: -71.78646928071976, rates: 1.2135307618598217, loss: 1.2804680615663528, rho: 0.41875, transmit_actions: 8, P: [0.8125, 0.25, 0.5, 0.125, 0.0, 0.75, 0.6875, 0.875, 0.0, 0.0, 0.5, 0.0625, 0.5625, 0.6875, 0.5, 0.6875, 0.4375, 0.0625, 0.1875, 0.8125]
[TRAIN]: (104/1600): reward: -88.84514427185059, rates: 0.1548557908874788, loss: 1.530241984128952, rho: 0.50625, transmit_actions: 9, P: [0.625, 0.875, 1.0, 0.875, 0.5, 0.375, 0.5625, 0.5, 0.4375, 0.4375, 0.0, 0.1875, 0.8125, 0.3125, 0.5625, 0.75, 1.0, 0.625, 1.0, 0.9375]
[TRAIN]: (105/1600): reward: -71.00673314929008, rates: 0.9932670716940549, loss: 1.4783893167972564, rho: 0.575, transmit_actions: 7, P: [0.75, 0.625, 0.0, 0.5, 0.1875, 0.5, 0.5625, 0.125, 0.9375, 0.75, 0.1875, 0.9375, 0.1875, 0.3125, 0.875, 0.75, 0.125, 0.625, 0.625, 0.875]
[TRAIN]: (106/1600): reward: -80.1809504032135, rates: 0.8190496151081272, loss: 1.3875930845737456, rho: 0.65, transmit_actions: 9, P: [0.5, 0.0, 0.75, 0.8125, 0.625, 0.625, 0.125, 0.1875, 0.5625, 0.125, 0.5, 0.5625, 0.8125, 0.6875, 0.5625, 0.625, 0.875, 0.4375, 1.0, 0.625]
[TRAIN]: (107/1600): reward: -60.892905712127686, rates: 1.10709414279509, loss: 1.4423533022403716, rho: 0.46875, transmit_actions: 9, P: [0.5, 0.0625, 0.0, 0.125, 0.25, 0.0, 1.0, 0.1875, 0.875, 0.5, 0.75, 0.0, 0.8125, 0.75, 0.4375, 0.0, 0.3125, 0.125, 0.6875, 0.25]
[TRAIN]: (108/1600): reward: -66.4407254755497, rates: 2.5592745290428276, loss: 1.5391089081764222, rho: 0.3875, transmit_actions: 11, P: [0.6875, 0.3125, 0.875, 0.6875, 0.0, 0.875, 0.0625, 0.375, 0.0, 0.9375, 0.5625, 0.125, 0.0625, 0.125, 0.75, 0.8125, 0.1875, 1.0, 0.625, 0.0]
[TRAIN]: (109/1600): reward: -68.40199315547943, rates: 2.5980068435203005, loss: 1.4054016798734665, rho: 0.53125, transmit_actions: 12, P: [0.625, 0.75, 0.0, 0.0625, 0.5, 0.5625, 0.4375, 0.9375, 0.4375, 0.0625, 0.625, 0.0625, 0.375, 0.4375, 0.125, 0.8125, 0.375, 0.75, 0.1875, 0.8125]
[TRAIN]: (110/1600): reward: -77.17880445718765, rates: 1.8211953493711632, loss: 1.4318745285272598, rho: 0.575, transmit_actions: 10, P: [0.875, 0.5625, 0.5625, 0.9375, 0.25, 0.1875, 0.9375, 0.75, 0.875, 0.4375, 0.75, 1.0, 0.8125, 1.0, 0.9375, 0.1875, 0.3125, 0.125, 0.125, 0.3125]
[TRAIN]: (111/1600): reward: -80.05153024196625, rates: 0.9484698398848384, loss: 1.4540133833885194, rho: 0.63125, transmit_actions: 11, P: [0.125, 0.3125, 0.625, 0.9375, 0.75, 0.375, 0.0, 0.6875, 0.5625, 0.3125, 0.625, 0.1875, 0.875, 0.625, 0.4375, 0.625, 0.375, 0.9375, 0.5625, 0.125]
[TRAIN]: (112/1600): reward: -74.84661710262299, rates: 1.1533827140783897, loss: 1.3475795894861222, rho: 0.44375, transmit_actions: 7, P: [0.625, 0.4375, 0.5625, 0.5, 0.1875, 0.0625, 0.8125, 0.375, 0.0625, 0.4375, 0.8125, 0.75, 0.5625, 0.8125, 0.75, 0.75, 0.3125, 0.375, 1.0, 0.6875]
[TRAIN]: (113/1600): reward: -66.35785961151123, rates: 2.6421403882490817, loss: 1.3056820392608643, rho: 0.475, transmit_actions: 7, P: [0.5625, 0.4375, 0.375, 0.9375, 0.5625, 0.875, 0.125, 0.625, 0.5, 1.0, 0.9375, 0.25, 0.75, 0.3125, 0.0625, 1.0, 0.0625, 0.75, 0.25, 0.8125]
[TRAIN]: (114/1600): reward: -77.63519961386919, rates: 2.364800581089659, loss: 1.4400837242603302, rho: 0.5875, transmit_actions: 10, P: [0.5, 0.25, 0.4375, 0.8125, 0.1875, 0.125, 1.0, 0.8125, 0.125, 0.375, 0.25, 0.375, 0.6875, 0.3125, 0.3125, 0.875, 0.3125, 0.1875, 0.4375, 0.875]
[TRAIN]: (115/1600): reward: -87.59883113205433, rates: 0.4011689737635732, loss: 1.4006218582391738, rho: 0.54375, transmit_actions: 7, P: [1.0, 0.0, 0.375, 0.25, 0.4375, 0.5, 0.9375, 0.5, 0.9375, 0.0625, 0.375, 0.0, 0.5, 0.0625, 0.9375, 0.9375, 0.6875, 1.0, 0.6875, 0.9375]
[TRAIN]: (116/1600): reward: -64.86908069252968, rates: 3.1309194576164874, loss: 1.618775936961174, rho: 0.55, transmit_actions: 11, P: [0.5, 0.875, 0.75, 0.4375, 0.875, 0.75, 0.25, 0.4375, 0.5, 0.1875, 0.125, 0.1875, 0.3125, 0.5, 0.125, 0.5625, 1.0, 0.5625, 0.625, 0.8125]
[TRAIN]: (117/1600): reward: -71.21513694524765, rates: 1.784862973509977, loss: 1.4084501326084138, rho: 0.5375, transmit_actions: 9, P: [0.1875, 0.125, 0.0625, 0.6875, 1.0, 0.3125, 0.8125, 0.625, 0.75, 0.0, 0.1875, 0.8125, 0.9375, 0.25, 0.625, 0.625, 0.125, 0.875, 0.0625, 0.875]
[TRAIN]: (118/1600): reward: -55.723528265953064, rates: 3.2764717412856883, loss: 1.2684371590614318, rho: 0.45, transmit_actions: 13, P: [0.9375, 0.5, 0.875, 0.125, 0.625, 0.0, 0.1875, 1.0, 1.0, 0.4375, 1.0, 0.625, 0.75, 0.5625, 0.125, 0.125, 0.0625, 0.8125, 1.0, 0.625]
[TRAIN]: (119/1600): reward: -79.70757615566254, rates: 1.2924240934075075, loss: 1.6068339139223098, rho: 0.56875, transmit_actions: 8, P: [0.625, 0.625, 0.625, 0.75, 0.9375, 0.8125, 0.3125, 0.875, 0.0, 0.125, 0.9375, 0.125, 0.6875, 0.125, 0.1875, 0.4375, 0.8125, 0.3125, 0.375, 0.0]
[TRAIN]: (120/1600): reward: -72.56524133682251, rates: 1.434758455785568, loss: 1.376445460319519, rho: 0.575, transmit_actions: 11, P: [0.9375, 0.75, 0.5625, 0.125, 0.875, 0.0, 0.75, 0.3125, 0.0625, 0.6875, 0.8125, 0.125, 0.6875, 0.1875, 0.75, 1.0, 0.625, 1.0, 0.4375, 0.5625]
[TRAIN]: (121/1600): reward: -69.34738937020302, rates: 1.6526106659917938, loss: 1.4743281364440919, rho: 0.41875, transmit_actions: 13, P: [0.125, 0.25, 0.125, 0.0, 0.6875, 0.5625, 0.9375, 0.1875, 0.6875, 0.9375, 0.8125, 0.25, 0.875, 0.8125, 0.875, 0.8125, 0.625, 0.4375, 0.6875, 0.9375]
[TRAIN]: (122/1600): reward: -69.00248849391937, rates: 1.9975114944419667, loss: 1.3800189346075058, rho: 0.51875, transmit_actions: 14, P: [0.25, 0.625, 0.75, 0.125, 0.4375, 0.9375, 0.375, 0.0625, 0.9375, 0.8125, 0.3125, 0.1875, 0.0625, 0.5, 0.25, 0.9375, 0.9375, 0.125, 0.8125, 0.3125]
[TRAIN]: (123/1600): reward: -64.04184371232986, rates: 1.958156359188661, loss: 1.4918745309114456, rho: 0.5875, transmit_actions: 10, P: [0.375, 0.5625, 0.5, 0.1875, 0.625, 0.625, 0.875, 0.0625, 0.125, 0.0, 0.8125, 0.4375, 0.25, 0.125, 0.25, 0.0625, 0.3125, 0.8125, 0.125, 0.5625]
[TRAIN]: (124/1600): reward: -71.58120737969875, rates: 2.4187926424937762, loss: 1.382269024848938, rho: 0.50625, transmit_actions: 10, P: [0.8125, 0.375, 0.625, 0.0, 0.875, 0.25, 0.3125, 0.125, 0.375, 1.0, 0.25, 0.125, 0.3125, 0.0, 0.8125, 0.25, 0.4375, 0.75, 0.3125, 0.75]
[TRAIN]: (125/1600): reward: -59.65407395362854, rates: 2.345926086893198, loss: 1.4064856678247453, rho: 0.5125, transmit_actions: 13, P: [0.625, 0.6875, 0.8125, 0.3125, 0.6875, 0.875, 0.0, 1.0, 0.625, 0.875, 0.75, 0.6875, 0.0625, 0.625, 0.25, 0.8125, 0.0, 0.1875, 0.625, 0.3125]
[TRAIN]: (126/1600): reward: -70.41656765341759, rates: 1.5834321326289151, loss: 1.7165326118469237, rho: 0.4875, transmit_actions: 11, P: [0.9375, 0.0, 0.1875, 0.4375, 0.875, 0.9375, 1.0, 1.0, 0.0, 0.25, 0.8125, 0.0, 0.5, 0.9375, 0.125, 0.6875, 0.875, 0.3125, 0.0, 0.125]
[TRAIN]: (127/1600): reward: -49.188667327165604, rates: 3.811332591882499, loss: 1.2624317497014999, rho: 0.475, transmit_actions: 14, P: [0.4375, 0.9375, 0.8125, 0.125, 0.125, 0.1875, 0.4375, 0.25, 0.6875, 0.4375, 0.875, 0.0625, 0.5, 0.0625, 0.25, 0.6875, 0.4375, 0.125, 0.3125, 0.4375]
[TRAIN]: (128/1600): reward: -71.29264098405838, rates: 1.7073590579815257, loss: 1.5609694212675094, rho: 0.45, transmit_actions: 10, P: [0.625, 0.0625, 0.9375, 0.375, 0.875, 0.0625, 0.0625, 0.75, 0.125, 0.125, 0.9375, 0.125, 0.6875, 0.4375, 0.125, 0.6875, 0.5, 0.3125, 0.625, 0.4375]
[TRAIN]: (129/1600): reward: -63.044670194387436, rates: 1.9553295381029856, loss: 1.6910995960235595, rho: 0.45, transmit_actions: 10, P: [0.9375, 0.3125, 0.3125, 0.25, 0.625, 0.75, 0.875, 0.9375, 0.625, 0.125, 0.5625, 0.1875, 0.6875, 0.3125, 0.0625, 0.625, 0.25, 0.9375, 0.375, 0.9375]
[TRAIN]: (130/1600): reward: -54.23663309216499, rates: 1.763366861742043, loss: 1.4830544024705887, rho: 0.41875, transmit_actions: 11, P: [0.75, 0.625, 0.0625, 0.9375, 0.0, 0.625, 1.0, 0.375, 0.0625, 0.3125, 0.25, 0.375, 0.9375, 0.3125, 0.1875, 0.625, 0.25, 0.1875, 0.1875, 0.9375]
[TRAIN]: (131/1600): reward: -59.19594165682793, rates: 1.8040583359681917, loss: 1.3944429963827134, rho: 0.4875, transmit_actions: 10, P: [0.875, 0.9375, 0.1875, 0.8125, 0.4375, 0.8125, 0.125, 1.0, 0.0625, 0.8125, 0.5, 0.5, 0.5625, 0.125, 1.0, 0.875, 0.375, 0.6875, 0.625, 0.1875]
[TRAIN]: (132/1600): reward: -76.90084230899811, rates: 1.0991576875597056, loss: 1.4921170115470885, rho: 0.41875, transmit_actions: 13, P: [0.8125, 0.3125, 0.1875, 0.9375, 0.625, 0.875, 0.9375, 0.5625, 0.375, 0.125, 0.3125, 0.9375, 0.0, 1.0, 0.1875, 0.5625, 0.875, 0.8125, 0.5, 0.4375]
[TRAIN]: (133/1600): reward: -48.569072648882866, rates: 3.4309275737196403, loss: 1.3503741025924683, rho: 0.425, transmit_actions: 13, P: [0.3125, 0.0625, 1.0, 0.6875, 0.0, 0.0, 0.0, 0.8125, 0.625, 0.0625, 0.9375, 0.4375, 0.375, 0.1875, 0.4375, 0.25, 0.1875, 0.625, 0.375, 0.6875]
[TRAIN]: (134/1600): reward: -69.2984904050827, rates: 1.7015096922121538, loss: 1.3961180388927459, rho: 0.5375, transmit_actions: 9, P: [0.3125, 0.8125, 0.0625, 0.25, 0.3125, 0.9375, 0.5625, 0.125, 0.0, 0.4375, 0.3125, 0.25, 0.3125, 0.125, 0.0, 1.0, 0.625, 0.0625, 0.625, 0.875]
[TRAIN]: (135/1600): reward: -44.961726024746895, rates: 3.038273756835435, loss: 1.4348593324422836, rho: 0.49375, transmit_actions: 12, P: [0.6875, 0.0, 0.5, 0.0, 0.75, 0.5625, 0.1875, 0.8125, 0.25, 0.625, 0.625, 0.0, 0.0, 0.0625, 0.25, 0.5625, 0.875, 0.375, 0.1875, 0.125]
[TRAIN]: (136/1600): reward: -64.3932652771473, rates: 2.6067344886739683, loss: 1.4764771670103074, rho: 0.5, transmit_actions: 14, P: [0.9375, 0.375, 0.1875, 0.75, 0.0625, 0.9375, 0.375, 0.625, 0.875, 0.0625, 0.25, 0.5625, 0.6875, 0.3125, 0.625, 0.0, 0.625, 0.3125, 0.4375, 0.3125]
[TRAIN]: (137/1600): reward: -76.86613607406616, rates: 0.1338639960704188, loss: 1.3760043025016784, rho: 0.48125, transmit_actions: 9, P: [0.125, 0.4375, 0.8125, 0.125, 0.5625, 0.5, 0.25, 0.125, 0.8125, 0.0, 0.9375, 1.0, 0.75, 0.5625, 0.4375, 0.0625, 0.375, 0.75, 0.0, 0.5625]
[TRAIN]: (138/1600): reward: -70.21823148429394, rates: 0.7817683369480549, loss: 1.3433981359004974, rho: 0.43125, transmit_actions: 10, P: [0.0625, 0.5, 0.8125, 0.25, 1.0, 0.3125, 0.25, 0.875, 0.1875, 0.25, 0.0, 0.375, 1.0, 0.75, 0.125, 1.0, 0.875, 0.4375, 0.4375, 0.875]
[TRAIN]: (139/1600): reward: -66.02065807580948, rates: 0.979341888743947, loss: 1.3430413901805878, rho: 0.50625, transmit_actions: 8, P: [0.8125, 0.0625, 0.6875, 0.3125, 0.5, 0.125, 1.0, 0.1875, 0.3125, 0.875, 0.5, 0.3125, 0.0, 0.8125, 0.125, 0.9375, 0.4375, 0.8125, 0.6875, 0.75]
[TRAIN]: (140/1600): reward: -75.3396224975586, rates: 0.6603776361504714, loss: 1.4678185611963273, rho: 0.51875, transmit_actions: 8, P: [0.3125, 0.4375, 0.375, 0.0625, 0.25, 0.375, 1.0, 0.75, 0.5625, 0.8125, 0.3125, 0.5, 0.1875, 0.0, 0.9375, 0.5, 0.6875, 0.75, 0.9375, 1.0]
[TRAIN]: (141/1600): reward: -75.39442801475525, rates: 0.6055719952459739, loss: 1.5079123124480247, rho: 0.4875, transmit_actions: 14, P: [0.375, 0.8125, 0.8125, 0.6875, 0.5625, 0.625, 0.375, 0.3125, 0.5625, 0.125, 0.0, 0.4375, 0.4375, 0.625, 0.5, 0.375, 0.875, 0.4375, 0.0, 0.875]
[TRAIN]: (142/1600): reward: -64.9624225795269, rates: 2.037577503409885, loss: 1.4564169347286224, rho: 0.55, transmit_actions: 14, P: [0.6875, 0.9375, 1.0, 0.8125, 0.75, 0.25, 0.9375, 0.9375, 0.0, 0.3125, 0.6875, 0.0625, 0.1875, 0.3125, 0.375, 0.3125, 0.375, 0.0625, 0.8125, 0.0625]
[TRAIN]: (143/1600): reward: -60.84194152057171, rates: 1.1580585711152835, loss: 1.4023126631975174, rho: 0.5, transmit_actions: 8, P: [0.25, 0.5, 0.0625, 0.5, 0.375, 0.875, 0.1875, 0.0, 0.375, 0.9375, 0.375, 0.3125, 0.0, 0.9375, 0.875, 0.125, 0.125, 1.0, 0.8125, 0.5]
[TRAIN]: (144/1600): reward: -73.71531349420547, rates: 2.2846865097263183, loss: 1.5752084225416183, rho: 0.38125, transmit_actions: 8, P: [0.375, 0.125, 0.5625, 0.3125, 0.4375, 0.8125, 0.875, 0.1875, 0.125, 0.125, 0.1875, 0.4375, 0.125, 0.0, 0.75, 0.875, 0.5, 0.8125, 0.3125, 0.625]
[TRAIN]: (145/1600): reward: -71.35472494363785, rates: 2.645275055964833, loss: 1.337543147802353, rho: 0.58125, transmit_actions: 11, P: [0.3125, 0.5, 0.6875, 0.75, 0.75, 0.25, 0.1875, 0.5, 0.6875, 0.0, 0.8125, 0.5, 0.8125, 0.75, 1.0, 0.1875, 0.4375, 0.125, 0.875, 0.125]
[TRAIN]: (146/1600): reward: -76.0802481174469, rates: 0.9197520367307397, loss: 1.5382976531982422, rho: 0.48125, transmit_actions: 12, P: [0.625, 0.8125, 0.75, 0.1875, 0.0, 0.0, 0.5625, 0.0625, 0.4375, 0.625, 0.3125, 0.5625, 0.6875, 0.75, 0.9375, 0.5625, 1.0, 0.6875, 1.0, 0.5]
[TRAIN]: (147/1600): reward: -62.57832728326321, rates: 1.4216726408061273, loss: 1.4109268277883529, rho: 0.4875, transmit_actions: 9, P: [0.375, 0.1875, 0.375, 0.9375, 0.125, 0.6875, 0.9375, 0.6875, 0.375, 0.9375, 0.1875, 0.5625, 0.75, 0.0625, 0.3125, 0.6875, 0.5625, 0.1875, 0.125, 0.25]
[TRAIN]: (148/1600): reward: -82.61272072792053, rates: 1.3872794528296666, loss: 1.406173712015152, rho: 0.4625, transmit_actions: 11, P: [0.125, 0.4375, 0.3125, 0.3125, 0.0, 0.8125, 0.4375, 0.375, 0.3125, 0.375, 1.0, 0.4375, 0.875, 0.8125, 0.125, 0.4375, 0.9375, 0.625, 0.4375, 0.375]
[TRAIN]: (149/1600): reward: -73.16931518912315, rates: 0.830684649116253, loss: 1.4176054149866104, rho: 0.4875, transmit_actions: 11, P: [0.125, 0.125, 0.5625, 0.75, 0.6875, 0.1875, 0.9375, 0.6875, 0.0, 1.0, 0.375, 0.9375, 0.875, 0.9375, 0.5, 0.375, 0.6875, 0.75, 0.6875, 0.5625]
[TRAIN]: (150/1600): reward: -76.36616945266724, rates: 0.6338305534351757, loss: 1.2427743792533874, rho: 0.5375, transmit_actions: 4, P: [0.9375, 0.375, 0.9375, 0.4375, 0.5625, 0.375, 0.6875, 0.25, 0.625, 0.8125, 0.6875, 0.9375, 0.4375, 0.9375, 0.5625, 0.0, 0.5625, 0.5625, 0.625, 0.3125]
[TRAIN]: (151/1600): reward: -78.2836844921112, rates: 0.7163154670111263, loss: 1.6132863968610764, rho: 0.44375, transmit_actions: 11, P: [0.1875, 0.0625, 0.375, 0.5625, 0.75, 0.125, 0.3125, 1.0, 0.6875, 0.875, 0.6875, 1.0, 0.0, 0.3125, 0.0, 1.0, 0.5625, 0.125, 0.5625, 0.5]
[TRAIN]: (152/1600): reward: -68.82284331321716, rates: 2.1771567970107073, loss: 1.4150042206048965, rho: 0.5, transmit_actions: 7, P: [0.5, 0.375, 0.5625, 0.5625, 0.5, 0.375, 0.1875, 0.375, 0.9375, 0.875, 0.75, 0.875, 0.0625, 0.3125, 0.375, 0.6875, 0.9375, 0.25, 0.0625, 0.4375]
[TRAIN]: (153/1600): reward: -71.1249487400055, rates: 1.8750514106708072, loss: 1.3925701588392259, rho: 0.4125, transmit_actions: 12, P: [0.375, 0.0, 0.5, 0.125, 0.4375, 0.5625, 0.625, 0.625, 0.3125, 0.3125, 0.9375, 0.8125, 0.875, 0.75, 0.875, 0.6875, 1.0, 0.4375, 0.9375, 0.75]
[TRAIN]: (154/1600): reward: -80.58067771792412, rates: 1.4193222940003425, loss: 1.5144690364599227, rho: 0.5125, transmit_actions: 7, P: [0.5, 0.3125, 0.0, 0.5, 0.3125, 0.9375, 0.9375, 0.5625, 0.5, 0.1875, 0.75, 0.25, 0.25, 0.8125, 0.625, 0.6875, 0.375, 0.25, 0.375, 0.4375]
[TRAIN]: (155/1600): reward: -72.54770934581757, rates: 0.4522906431612664, loss: 1.4499110102653503, rho: 0.4875, transmit_actions: 8, P: [0.75, 0.9375, 0.8125, 0.25, 0.75, 0.6875, 0.3125, 0.9375, 0.4375, 0.5625, 0.3125, 0.625, 0.875, 0.0, 0.25, 0.4375, 0.75, 0.9375, 0.8125, 0.8125]
[TRAIN]: (156/1600): reward: -72.50482969731092, rates: 2.495170389333765, loss: 1.644821324944496, rho: 0.53125, transmit_actions: 10, P: [0.25, 0.0, 0.4375, 0.375, 0.875, 0.4375, 0.5625, 0.1875, 0.75, 0.0625, 0.25, 0.125, 0.875, 0.1875, 0.5, 0.0625, 0.1875, 0.3125, 0.375, 0.125]
[TRAIN]: (157/1600): reward: -79.29285335540771, rates: 0.707146769983711, loss: 1.4599546641111374, rho: 0.44375, transmit_actions: 12, P: [0.5, 0.0625, 0.375, 0.625, 0.1875, 0.0625, 0.875, 0.75, 0.125, 0.5625, 0.75, 0.9375, 0.6875, 0.625, 0.3125, 0.8125, 0.3125, 0.8125, 0.25, 0.25]
[TRAIN]: (158/1600): reward: -66.14199495315552, rates: 1.8580049760071107, loss: 1.3330191493034362, rho: 0.475, transmit_actions: 11, P: [0.25, 0.25, 0.0, 0.0625, 0.6875, 0.9375, 0.0625, 0.0, 0.625, 0.9375, 0.25, 0.625, 0.5, 0.4375, 0.5625, 0.9375, 0.9375, 0.0625, 0.1875, 0.625]
[TRAIN]: (159/1600): reward: -58.71127377450466, rates: 3.288725991803888, loss: 1.1827801540493965, rho: 0.53125, transmit_actions: 13, P: [0.3125, 1.0, 0.875, 0.5, 0.875, 0.125, 0.25, 0.5, 0.3125, 0.3125, 0.5, 0.5625, 0.25, 0.5, 0.875, 0.6875, 0.3125, 0.125, 0.8125, 0.0]
[TRAIN]: (160/1600): reward: -76.35354459285736, rates: 1.6464552855616938, loss: 1.35009263753891, rho: 0.51875, transmit_actions: 8, P: [0.0, 0.8125, 0.1875, 0.875, 0.0625, 0.1875, 0.3125, 0.0, 0.1875, 0.9375, 0.4375, 0.4375, 0.0625, 0.9375, 1.0, 0.6875, 0.0, 0.3125, 0.25, 0.0]
[TRAIN]: (161/1600): reward: -79.92990624904633, rates: 1.070093683241951, loss: 1.5900593608617783, rho: 0.59375, transmit_actions: 12, P: [0.125, 0.6875, 0.5, 0.5625, 0.625, 0.5625, 0.25, 0.9375, 0.75, 0.0625, 0.8125, 0.125, 0.8125, 0.625, 0.75, 0.25, 0.6875, 0.6875, 0.3125, 0.25]
[TRAIN]: (162/1600): reward: -65.90188252925873, rates: 2.0981173915545988, loss: 1.4886993527412415, rho: 0.48125, transmit_actions: 10, P: [0.9375, 0.0625, 1.0, 0.75, 0.4375, 0.375, 0.0, 0.75, 0.875, 0.3125, 0.3125, 0.5625, 0.3125, 0.625, 0.625, 0.875, 0.8125, 0.0625, 0.3125, 0.0625]
[TRAIN]: (163/1600): reward: -67.00868953764439, rates: 1.9913105400096054, loss: 1.400297647714615, rho: 0.51875, transmit_actions: 12, P: [0.5, 0.9375, 0.0625, 0.25, 0.0, 0.75, 0.8125, 0.0625, 0.0, 0.5, 0.75, 0.375, 0.0625, 0.875, 0.1875, 0.75, 0.875, 0.5, 0.9375, 0.375]
[TRAIN]: (164/1600): reward: -63.90235698223114, rates: 1.097643078076053, loss: 1.4984606385231019, rho: 0.36875, transmit_actions: 12, P: [0.75, 0.0, 0.375, 0.8125, 0.4375, 0.1875, 0.4375, 0.375, 0.625, 0.375, 0.1875, 0.5, 0.5, 0.75, 0.125, 0.75, 0.6875, 0.75, 0.75, 1.0]
[TRAIN]: (165/1600): reward: -72.78816258907318, rates: 1.2118373409805643, loss: 1.38885038793087, rho: 0.5625, transmit_actions: 13, P: [0.375, 0.3125, 0.5625, 0.0, 0.8125, 0.5625, 0.625, 0.1875, 0.8125, 0.0625, 0.3125, 0.125, 0.125, 1.0, 0.4375, 0.9375, 0.1875, 0.5625, 0.375, 1.0]
[TRAIN]: (166/1600): reward: -72.96907925605774, rates: 2.0309207887840848, loss: 1.47398442029953, rho: 0.49375, transmit_actions: 11, P: [0.75, 0.5, 0.8125, 0.0625, 0.25, 0.625, 0.6875, 0.6875, 0.5625, 0.625, 0.625, 0.5625, 0.8125, 0.8125, 0.1875, 0.1875, 0.125, 0.375, 0.375, 0.0]
[TRAIN]: (167/1600): reward: -56.803963931277394, rates: 3.1960359254386748, loss: 1.4115752458572388, rho: 0.58125, transmit_actions: 13, P: [0.5, 0.3125, 0.0, 0.625, 1.0, 0.625, 0.5625, 0.0, 0.375, 0.5, 0.25, 0.625, 0.0625, 0.8125, 0.0625, 0.125, 0.375, 0.4375, 0.0625, 0.375]
[TRAIN]: (168/1600): reward: -55.175238601863384, rates: 2.8247613260647464, loss: 1.5485784471035005, rho: 0.475, transmit_actions: 9, P: [0.0, 0.5625, 0.375, 0.4375, 0.125, 0.5625, 0.0625, 0.875, 0.875, 0.125, 0.1875, 0.25, 0.625, 0.125, 0.125, 0.4375, 0.9375, 0.25, 0.5625, 0.375]
[TRAIN]: (169/1600): reward: -76.6069120913744, rates: 0.39308794260305124, loss: 1.482982522249222, rho: 0.50625, transmit_actions: 9, P: [0.5, 0.6875, 0.875, 0.5625, 0.5625, 0.125, 0.0625, 0.5625, 0.0625, 0.625, 1.0, 0.125, 0.625, 0.3125, 0.9375, 0.9375, 0.5, 0.3125, 0.875, 0.6875]
[TRAIN]: (170/1600): reward: -80.62717604637146, rates: 1.3728239989472, loss: 1.2633178874850273, rho: 0.65, transmit_actions: 12, P: [0.25, 0.5625, 0.0, 0.5625, 0.8125, 0.1875, 0.6875, 0.6875, 0.0625, 0.9375, 0.375, 0.3125, 0.25, 0.3125, 0.1875, 0.375, 0.375, 0.1875, 0.25, 0.625]
[TRAIN]: (171/1600): reward: -66.79636662453413, rates: 1.2036333919822724, loss: 1.425366535782814, rho: 0.575, transmit_actions: 8, P: [0.8125, 0.75, 0.625, 0.5625, 0.6875, 0.0, 0.8125, 1.0, 0.8125, 0.0625, 0.625, 0.6875, 0.6875, 0.125, 0.0, 0.1875, 0.75, 0.25, 0.375, 0.75]
[TRAIN]: (172/1600): reward: -70.59336751699448, rates: 1.4066325428124649, loss: 1.2674169182777404, rho: 0.46875, transmit_actions: 14, P: [0.1875, 0.375, 0.25, 0.875, 0.4375, 0.5625, 0.3125, 1.0, 0.375, 0.9375, 0.9375, 0.1875, 0.4375, 0.25, 0.3125, 0.1875, 0.625, 0.625, 0.0, 1.0]
[TRAIN]: (173/1600): reward: -53.66219091415405, rates: 0.337809306274936, loss: 1.433452194929123, rho: 0.45625, transmit_actions: 7, P: [0.8125, 0.8125, 1.0, 0.0, 0.875, 0.75, 0.75, 0.75, 0.25, 1.0, 0.0, 0.875, 0.6875, 0.5, 0.0, 0.375, 0.0, 0.75, 0.3125, 0.75]
[TRAIN]: (174/1600): reward: -83.42952591180801, rates: 1.5704739274033934, loss: 1.3608562648296356, rho: 0.53125, transmit_actions: 8, P: [0.375, 0.5, 0.1875, 0.125, 0.1875, 0.125, 0.375, 0.3125, 0.375, 0.125, 0.3125, 0.1875, 0.875, 0.125, 0.9375, 0.5, 0.3125, 0.3125, 0.5, 0.0]
[TRAIN]: (175/1600): reward: -88.20519945025444, rates: 0.7948006353323462, loss: 1.4844402104616166, rho: 0.49375, transmit_actions: 8, P: [0.8125, 0.3125, 0.75, 0.9375, 0.75, 0.375, 0.75, 0.25, 0.375, 0.0625, 0.375, 0.0, 0.375, 1.0, 0.0625, 0.8125, 0.4375, 0.9375, 0.1875, 0.0]
[TRAIN]: (176/1600): reward: -56.38153621554375, rates: 2.6184639503984197, loss: 1.4100545704364777, rho: 0.51875, transmit_actions: 13, P: [0.4375, 0.3125, 0.25, 0.125, 0.75, 0.75, 0.625, 0.25, 0.375, 0.3125, 0.1875, 0.375, 0.8125, 0.25, 0.9375, 0.5, 0.4375, 0.125, 0.0625, 1.0]
[TRAIN]: (177/1600): reward: -75.46350371837616, rates: 1.5364963202372408, loss: 1.484050726890564, rho: 0.48125, transmit_actions: 9, P: [0.1875, 0.625, 0.9375, 0.3125, 0.875, 0.375, 1.0, 0.875, 0.5625, 0.1875, 0.75, 0.9375, 0.3125, 0.5625, 0.625, 0.75, 1.0, 0.8125, 0.5, 0.75]
[TRAIN]: (178/1600): reward: -69.20999518036842, rates: 2.79000480135534, loss: 1.3106271207332612, rho: 0.46875, transmit_actions: 8, P: [0.75, 0.375, 0.125, 0.5, 0.125, 0.375, 0.875, 0.6875, 0.8125, 0.8125, 0.75, 1.0, 0.75, 0.0625, 0.1875, 0.8125, 0.125, 0.6875, 0.75, 0.625]
[TRAIN]: (179/1600): reward: -74.12879250943661, rates: 1.871207454475567, loss: 1.2628945231437683, rho: 0.56875, transmit_actions: 10, P: [0.4375, 0.375, 0.5625, 0.0625, 0.625, 0.875, 0.875, 0.375, 0.8125, 0.625, 0.75, 0.375, 0.25, 0.6875, 0.375, 0.3125, 0.0625, 0.3125, 0.25, 0.75]
[TRAIN]: (180/1600): reward: -72.70073163509369, rates: 2.299268473251042, loss: 1.3815183728933333, rho: 0.60625, transmit_actions: 11, P: [0.125, 0.8125, 0.1875, 1.0, 0.3125, 0.4375, 0.9375, 0.5625, 0.4375, 0.5, 0.4375, 0.0, 0.6875, 0.6875, 0.9375, 0.375, 0.9375, 0.5625, 0.25, 0.3125]
[TRAIN]: (181/1600): reward: -77.42521673440933, rates: 1.5747833215019011, loss: 1.3334694653749466, rho: 0.6125, transmit_actions: 10, P: [0.625, 0.9375, 0.625, 0.25, 0.25, 0.5, 0.9375, 0.1875, 0.25, 0.6875, 0.5, 0.6875, 0.9375, 0.4375, 0.9375, 0.6875, 0.5625, 0.6875, 0.25, 0.625]
[TRAIN]: (182/1600): reward: -74.8667163848877, rates: 1.1332834854652063, loss: 1.285846683382988, rho: 0.45, transmit_actions: 12, P: [1.0, 0.875, 0.375, 0.0, 0.5625, 0.25, 0.4375, 0.8125, 1.0, 0.0, 0.4375, 1.0, 0.3125, 0.8125, 0.875, 0.8125, 0.6875, 0.0625, 0.4375, 0.5625]
[TRAIN]: (183/1600): reward: -66.42420440912247, rates: 0.5757957479777052, loss: 1.5146551340818406, rho: 0.49375, transmit_actions: 10, P: [0.25, 0.8125, 0.6875, 0.8125, 0.1875, 0.75, 0.9375, 0.125, 0.4375, 0.5625, 0.1875, 0.5625, 0.5, 0.5625, 1.0, 1.0, 0.3125, 0.125, 0.0625, 0.875]
[TRAIN]: (184/1600): reward: -61.33147290209308, rates: 2.6685272344561373, loss: 1.4728864520788192, rho: 0.41875, transmit_actions: 13, P: [0.1875, 0.125, 0.25, 0.0625, 1.0, 0.4375, 0.1875, 0.25, 0.25, 0.1875, 0.9375, 0.625, 0.5, 0.5, 1.0, 0.625, 0.5625, 0.875, 0.25, 0.1875]
[TRAIN]: (185/1600): reward: -55.494656562805176, rates: 0.5053433590687435, loss: 1.3837475061416626, rho: 0.49375, transmit_actions: 13, P: [0.9375, 1.0, 0.875, 0.875, 0.625, 0.5, 0.25, 0.0, 0.4375, 0.75, 0.875, 1.0, 1.0, 0.6875, 0.4375, 0.6875, 0.375, 0.0, 0.0, 0.875]
[TRAIN]: (186/1600): reward: -71.71553820371628, rates: 2.284461694447609, loss: 1.2889466017484665, rho: 0.475, transmit_actions: 9, P: [0.1875, 0.9375, 0.25, 0.5, 0.625, 0.3125, 0.25, 0.4375, 0.125, 0.25, 0.6875, 1.0, 0.5625, 0.25, 0.3125, 0.8125, 0.1875, 0.0, 0.5625, 0.1875]
[TRAIN]: (187/1600): reward: -67.8834847053513, rates: 2.1165153582365246, loss: 1.5400952845811844, rho: 0.51875, transmit_actions: 7, P: [0.75, 1.0, 0.25, 0.8125, 0.5, 0.25, 0.8125, 0.375, 1.0, 0.1875, 0.5, 0.0625, 0.625, 0.5625, 0.625, 0.1875, 0.3125, 0.5, 0.9375, 0.0625]
[TRAIN]: (188/1600): reward: -80.57446825504303, rates: 1.425531695963459, loss: 1.64582097530365, rho: 0.46875, transmit_actions: 6, P: [0.3125, 0.875, 0.125, 0.125, 0.5625, 0.6875, 0.125, 0.375, 0.8125, 0.6875, 0.6875, 0.1875, 0.75, 0.0, 0.0625, 0.0625, 0.9375, 0.5625, 0.5, 0.0625]
[TRAIN]: (189/1600): reward: -73.5480272769928, rates: 1.4519729126741854, loss: 1.488877257704735, rho: 0.4625, transmit_actions: 12, P: [0.5625, 0.6875, 0.6875, 0.875, 0.25, 0.5, 0.0, 0.0625, 0.3125, 0.125, 0.625, 0.4375, 0.4375, 0.9375, 0.6875, 0.3125, 0.5, 0.4375, 0.5625, 0.75]
[TRAIN]: (190/1600): reward: -76.93633532524109, rates: 0.06366463203403917, loss: 1.2979855716228486, rho: 0.45625, transmit_actions: 7, P: [0.125, 0.9375, 0.9375, 0.3125, 0.9375, 0.625, 0.875, 0.75, 0.4375, 0.5, 0.625, 0.6875, 0.5, 0.875, 0.9375, 0.125, 0.0, 0.9375, 0.5625, 0.0625]
[TRAIN]: (191/1600): reward: -71.53733217716217, rates: 1.462667839800667, loss: 1.349410492181778, rho: 0.4875, transmit_actions: 11, P: [0.1875, 0.0625, 0.75, 0.25, 1.0, 0.3125, 0.625, 0.8125, 0.625, 0.5, 0.3125, 0.25, 0.375, 0.1875, 0.875, 0.8125, 0.0625, 0.8125, 0.4375, 0.8125]
[TRAIN]: (192/1600): reward: -86.35735231637955, rates: 1.6426476816099527, loss: 1.2467737466096878, rho: 0.50625, transmit_actions: 16, P: [0.875, 0.25, 0.75, 0.6875, 0.6875, 0.875, 0.375, 0.375, 0.8125, 0.1875, 0.9375, 0.9375, 0.0625, 0.375, 0.125, 0.0625, 0.125, 0.5625, 0.75, 0.75]
[TRAIN]: (193/1600): reward: -67.49129246920347, rates: 2.5087073539534925, loss: 1.425436320900917, rho: 0.525, transmit_actions: 12, P: [0.625, 0.3125, 0.4375, 0.125, 0.8125, 0.625, 1.0, 0.8125, 0.3125, 0.125, 0.9375, 0.6875, 0.125, 0.375, 0.625, 0.5625, 0.375, 0.1875, 0.25, 0.5625]
[TRAIN]: (194/1600): reward: -81.15485095977783, rates: 0.8451491638167575, loss: 1.4805648386478425, rho: 0.50625, transmit_actions: 13, P: [1.0, 0.125, 0.875, 0.3125, 0.6875, 0.875, 0.0, 0.0, 0.5625, 0.875, 0.75, 0.4375, 0.4375, 0.6875, 0.0625, 1.0, 0.6875, 0.8125, 0.75, 0.8125]
[TRAIN]: (195/1600): reward: -76.96592402458191, rates: 0.03407593510842044, loss: 1.478333869576454, rho: 0.4125, transmit_actions: 6, P: [0.0625, 1.0, 0.6875, 0.5, 0.375, 0.8125, 0.0, 0.75, 0.3125, 0.9375, 0.5625, 0.625, 0.75, 0.75, 0.4375, 0.4375, 0.125, 0.625, 0.875, 0.0]
[TRAIN]: (196/1600): reward: -84.26462832093239, rates: 0.7353716247814309, loss: 1.2691361337900162, rho: 0.5875, transmit_actions: 7, P: [0.875, 0.125, 0.125, 0.25, 0.0625, 0.25, 0.1875, 0.3125, 0.9375, 0.875, 0.6875, 0.0, 0.3125, 0.4375, 0.5625, 0.5625, 0.375, 0.5, 0.625, 0.1875]
[TRAIN]: (197/1600): reward: -57.28316909074783, rates: 3.7168308869619686, loss: 1.138293507695198, rho: 0.475, transmit_actions: 11, P: [0.5625, 0.375, 0.3125, 0.125, 0.875, 0.625, 0.875, 0.6875, 0.3125, 0.625, 0.1875, 0.0, 0.8125, 0.25, 0.0, 0.875, 0.1875, 0.5625, 0.9375, 0.125]
[TRAIN]: (198/1600): reward: -60.91573986411095, rates: 1.084260069740561, loss: 1.501449579000473, rho: 0.51875, transmit_actions: 11, P: [0.875, 0.0625, 0.5625, 0.25, 0.75, 0.6875, 0.375, 0.125, 0.5625, 0.25, 0.125, 0.125, 0.0, 0.0, 1.0, 0.75, 0.375, 0.9375, 0.6875, 0.125]
[TRAIN]: (199/1600): reward: -69.8426548242569, rates: 1.1573453078847324, loss: 1.3962478160858154, rho: 0.45, transmit_actions: 11, P: [0.625, 0.3125, 0.9375, 0.5625, 0.5625, 0.875, 0.625, 0.375, 0.4375, 0.1875, 0.8125, 0.0625, 0.75, 0.4375, 1.0, 1.0, 0.375, 0.75, 0.375, 0.875]
[TRAIN]: (200/1600): reward: -63.056349977850914, rates: 2.9436498638385027, loss: 1.4162697523832322, rho: 0.4625, transmit_actions: 10, P: [0.4375, 0.8125, 0.3125, 0.125, 0.25, 0.5, 0.375, 0.9375, 0.625, 0.0625, 0.4375, 0.75, 0.9375, 0.875, 0.75, 0.125, 0.5, 0.4375, 0.125, 0.0]
[TRAIN]: (201/1600): reward: -62.45985233783722, rates: 1.540147814252669, loss: 1.7814371913671494, rho: 0.50625, transmit_actions: 10, P: [0.0, 0.0, 0.125, 0.375, 0.75, 0.9375, 1.0, 0.9375, 0.6875, 0.4375, 0.0625, 0.25, 0.125, 0.875, 0.625, 0.25, 0.8125, 0.5625, 0.0625, 0.625]
[TRAIN]: (202/1600): reward: -70.43238294124603, rates: 1.5676168964249733, loss: 1.364546599984169, rho: 0.53125, transmit_actions: 12, P: [0.75, 0.25, 0.75, 0.25, 0.375, 0.8125, 0.8125, 0.5, 0.4375, 0.375, 0.4375, 0.8125, 0.6875, 0.375, 0.3125, 0.875, 0.5625, 0.625, 0.625, 0.0]
[TRAIN]: (203/1600): reward: -54.47675696015358, rates: 1.5232429667772058, loss: 1.4409675121307373, rho: 0.5125, transmit_actions: 12, P: [0.5, 0.125, 0.6875, 1.0, 0.6875, 0.3125, 0.8125, 0.625, 0.4375, 0.125, 0.0, 0.0, 0.375, 0.9375, 0.875, 0.25, 0.6875, 0.125, 0.75, 1.0]
[TRAIN]: (204/1600): reward: -68.25748982280493, rates: 0.7425101949959614, loss: 1.4731024205684662, rho: 0.5, transmit_actions: 8, P: [0.9375, 0.875, 0.25, 0.8125, 1.0, 0.375, 0.625, 0.25, 0.125, 0.9375, 0.0625, 0.3125, 0.875, 0.6875, 0.8125, 0.1875, 0.0625, 0.75, 0.1875, 0.9375]
[TRAIN]: (205/1600): reward: -80.28499329090118, rates: 2.7150067775836937, loss: 1.5497095197439195, rho: 0.50625, transmit_actions: 11, P: [0.125, 0.3125, 0.9375, 0.0625, 0.5625, 0.6875, 0.9375, 1.0, 0.75, 0.75, 0.0, 0.375, 0.6875, 0.625, 0.25, 0.125, 0.8125, 0.1875, 0.0625, 0.0625]
[TRAIN]: (206/1600): reward: -65.67484864592552, rates: 2.32515124477027, loss: 1.5650910079479217, rho: 0.51875, transmit_actions: 11, P: [1.0, 0.0, 0.0625, 1.0, 0.0625, 0.3125, 0.4375, 0.0625, 0.875, 0.3125, 0.375, 0.8125, 0.1875, 0.0625, 0.5, 0.75, 0.375, 0.625, 0.3125, 0.75]
[TRAIN]: (207/1600): reward: -68.7216944694519, rates: 2.2783056374455315, loss: 1.3886637926101684, rho: 0.50625, transmit_actions: 11, P: [0.0, 0.1875, 0.5, 0.9375, 0.125, 0.1875, 0.0, 0.0625, 0.9375, 0.5, 0.3125, 0.125, 0.125, 0.875, 0.375, 1.0, 0.1875, 0.6875, 1.0, 0.125]
[TRAIN]: (208/1600): reward: -55.37227854132652, rates: 4.627721727815423, loss: 1.3593932300806046, rho: 0.4875, transmit_actions: 13, P: [0.9375, 0.375, 0.625, 0.3125, 0.5, 0.375, 0.125, 0.125, 0.1875, 0.8125, 0.4375, 0.5, 0.4375, 0.0625, 0.0625, 0.75, 0.3125, 0.4375, 0.6875, 0.75]
[TRAIN]: (209/1600): reward: -87.79542565345764, rates: 0.20457449769876743, loss: 1.2319352835416795, rho: 0.56875, transmit_actions: 9, P: [0.5, 0.5625, 1.0, 0.375, 0.5625, 0.5625, 0.0625, 1.0, 0.8125, 0.375, 1.0, 0.0, 0.4375, 0.8125, 0.5, 0.75, 1.0, 0.0, 0.1875, 0.375]
[TRAIN]: (210/1600): reward: -57.10392525792122, rates: 1.8960746704225824, loss: 1.2525852769613266, rho: 0.5, transmit_actions: 11, P: [0.75, 0.625, 0.75, 0.875, 0.0625, 1.0, 0.0, 0.0, 0.875, 0.0, 0.625, 0.375, 0.25, 0.625, 0.8125, 0.125, 0.1875, 0.75, 0.125, 0.9375]
[TRAIN]: (211/1600): reward: -62.31643587350845, rates: 1.6835639198011567, loss: 1.515398335456848, rho: 0.56875, transmit_actions: 11, P: [0.4375, 1.0, 0.1875, 0.0, 0.3125, 0.375, 0.5625, 0.0625, 0.3125, 0.125, 0.6875, 0.4375, 0.0, 0.8125, 0.0, 0.6875, 0.5, 1.0, 0.875, 0.0]
[TRAIN]: (212/1600): reward: -67.76765045523643, rates: 1.2323496264775327, loss: 1.4454919010400773, rho: 0.43125, transmit_actions: 8, P: [0.875, 0.75, 0.375, 0.6875, 0.625, 0.25, 0.625, 0.625, 1.0, 0.375, 0.1875, 0.9375, 0.8125, 0.8125, 0.625, 0.25, 0.6875, 0.625, 0.25, 0.5]
[TRAIN]: (213/1600): reward: -67.44991959631443, rates: 3.5500803138820034, loss: 1.5673816323280334, rho: 0.49375, transmit_actions: 10, P: [0.5, 0.125, 0.625, 0.375, 0.8125, 0.625, 0.0625, 0.8125, 0.8125, 0.125, 0.3125, 0.0625, 0.8125, 0.6875, 0.0, 0.3125, 0.8125, 0.125, 0.875, 0.0]
[TRAIN]: (214/1600): reward: -67.85916203260422, rates: 4.140837872931051, loss: 1.483904981613159, rho: 0.44375, transmit_actions: 11, P: [0.375, 0.5625, 0.5, 0.4375, 0.6875, 0.0, 0.125, 0.9375, 0.4375, 0.1875, 0.25, 0.75, 0.1875, 0.4375, 0.4375, 0.1875, 0.5625, 0.6875, 0.125, 0.3125]
[TRAIN]: (215/1600): reward: -78.22727084159851, rates: 0.7727291443138911, loss: 1.3230610370635987, rho: 0.49375, transmit_actions: 14, P: [0.625, 0.625, 0.5, 0.75, 0.3125, 1.0, 0.8125, 0.5, 1.0, 0.5, 0.75, 1.0, 0.5, 0.0, 1.0, 0.6875, 0.9375, 0.9375, 0.3125, 0.25]
[TRAIN]: (216/1600): reward: -78.87382544577122, rates: 1.1261747205477988, loss: 1.4465335756540298, rho: 0.56875, transmit_actions: 11, P: [0.8125, 0.625, 0.625, 0.8125, 0.75, 0.0625, 0.8125, 1.0, 0.375, 0.3125, 0.1875, 0.8125, 0.875, 0.0625, 0.8125, 0.9375, 0.9375, 0.9375, 0.625, 0.0625]
[TRAIN]: (217/1600): reward: -69.9802718758583, rates: 3.019728280707913, loss: 1.33244369328022, rho: 0.4625, transmit_actions: 12, P: [0.375, 0.1875, 0.875, 0.3125, 0.75, 0.5625, 0.1875, 0.125, 0.125, 0.8125, 0.375, 0.875, 0.9375, 0.125, 0.5, 0.3125, 0.1875, 0.5625, 1.0, 0.4375]
[TRAIN]: (218/1600): reward: -81.80983090400696, rates: 0.1901690857166863, loss: 1.5660297483205796, rho: 0.55625, transmit_actions: 7, P: [0.75, 0.25, 0.3125, 0.0, 0.4375, 0.5, 0.8125, 0.5625, 0.5625, 0.6875, 0.875, 0.6875, 0.875, 0.9375, 0.125, 0.3125, 0.0625, 0.125, 0.4375, 0.6875]
[TRAIN]: (219/1600): reward: -77.02524042129517, rates: 1.9747595348899845, loss: 1.3350383669137955, rho: 0.55, transmit_actions: 8, P: [0.25, 0.9375, 0.8125, 0.75, 0.8125, 0.3125, 0.875, 0.1875, 1.0, 0.5, 0.125, 0.75, 1.0, 0.75, 0.125, 0.0, 0.1875, 0.875, 0.25, 0.0]
[TRAIN]: (220/1600): reward: -65.68723204731941, rates: 2.3127679491045563, loss: 1.4166091501712799, rho: 0.5125, transmit_actions: 14, P: [0.1875, 0.875, 0.4375, 0.5, 0.0, 0.1875, 0.6875, 0.5, 0.6875, 0.8125, 0.5, 0.5, 0.875, 0.875, 0.5625, 0.125, 0.375, 0.5, 0.75, 0.9375]
[TRAIN]: (221/1600): reward: -81.51402027904987, rates: 0.48597973071304984, loss: 1.4042252600193024, rho: 0.49375, transmit_actions: 6, P: [0.9375, 0.375, 0.0, 1.0, 0.0, 0.0625, 0.5625, 0.0625, 0.1875, 0.6875, 0.875, 1.0, 0.6875, 0.125, 0.625, 0.0, 0.1875, 0.125, 0.9375, 0.25]
[TRAIN]: (222/1600): reward: -96.28343677520752, rates: 0.7165632884194262, loss: 1.509803569316864, rho: 0.5625, transmit_actions: 9, P: [0.25, 0.4375, 0.0, 0.75, 0.0625, 0.0625, 1.0, 0.5, 0.5625, 0.875, 0.0, 0.75, 0.4375, 1.0, 0.375, 0.3125, 0.8125, 0.5, 0.9375, 0.625]
[TRAIN]: (223/1600): reward: -62.67914828658104, rates: 2.32085189853849, loss: 1.4799295365810394, rho: 0.525, transmit_actions: 12, P: [0.125, 1.0, 0.8125, 0.0, 0.125, 0.0, 0.5, 0.625, 0.4375, 0.125, 0.3125, 0.4375, 0.875, 0.1875, 0.125, 0.5625, 0.625, 0.375, 0.25, 0.1875]
[TRAIN]: (224/1600): reward: -69.723588347435, rates: 1.2764117934806756, loss: 1.4703134521842003, rho: 0.5125, transmit_actions: 11, P: [0.9375, 0.8125, 0.6875, 0.3125, 0.9375, 0.0625, 0.3125, 0.5625, 0.375, 0.9375, 0.9375, 0.8125, 0.6875, 0.3125, 0.375, 0.8125, 0.0, 0.625, 0.5625, 0.0625]
[TRAIN]: (225/1600): reward: -64.90130922198296, rates: 1.098690728386533, loss: 1.444494304060936, rho: 0.425, transmit_actions: 10, P: [0.3125, 0.8125, 0.8125, 0.25, 0.25, 0.75, 0.625, 0.875, 0.0625, 0.8125, 0.25, 1.0, 0.3125, 0.375, 0.9375, 0.0, 0.5625, 0.875, 0.4375, 0.1875]
[TRAIN]: (226/1600): reward: -56.194058299064636, rates: 0.8059416517582505, loss: 1.3159362137317658, rho: 0.5, transmit_actions: 9, P: [0.9375, 0.5625, 0.625, 0.875, 0.625, 0.25, 0.9375, 0.3125, 0.625, 0.875, 0.5625, 0.125, 0.6875, 0.375, 0.8125, 0.625, 0.8125, 0.375, 0.625, 0.1875]
[TRAIN]: (227/1600): reward: -60.4243266582489, rates: 1.5756733120777515, loss: 1.469498586654663, rho: 0.5125, transmit_actions: 10, P: [0.8125, 0.4375, 0.9375, 1.0, 0.125, 0.9375, 0.25, 0.75, 0.375, 0.5625, 0.5, 0.6875, 0.5625, 0.1875, 0.375, 0.5, 1.0, 0.25, 0.125, 0.6875]
[TRAIN]: (228/1600): reward: -61.70514090359211, rates: 2.2948592282326605, loss: 1.3443159967660905, rho: 0.44375, transmit_actions: 10, P: [0.375, 0.125, 0.1875, 0.5625, 0.25, 0.0625, 0.125, 0.0625, 0.5625, 0.3125, 0.3125, 0.9375, 0.25, 0.0, 0.9375, 0.5625, 0.3125, 0.5625, 0.625, 0.1875]
[TRAIN]: (229/1600): reward: -52.81121911108494, rates: 2.1887809718043325, loss: 1.353784802556038, rho: 0.4875, transmit_actions: 10, P: [0.9375, 0.3125, 0.75, 0.9375, 0.8125, 0.9375, 0.5625, 1.0, 0.0, 0.1875, 0.9375, 0.0625, 0.6875, 0.0625, 0.875, 0.375, 1.0, 0.125, 0.0, 0.625]
[TRAIN]: (230/1600): reward: -82.64170849323273, rates: 0.3582914821750623, loss: 1.4965104937553406, rho: 0.55, transmit_actions: 9, P: [0.5625, 0.4375, 0.9375, 0.8125, 0.375, 0.6875, 0.0625, 0.75, 0.1875, 0.75, 0.1875, 0.125, 0.8125, 0.5, 0.9375, 0.5, 0.375, 0.375, 0.75, 0.875]
[TRAIN]: (231/1600): reward: -65.42892527580261, rates: 1.5710746861293383, loss: 1.5720809668302536, rho: 0.425, transmit_actions: 7, P: [0.6875, 0.0, 0.0625, 1.0, 0.1875, 0.4375, 0.125, 0.75, 0.75, 1.0, 0.8125, 0.0, 0.8125, 1.0, 0.625, 0.125, 0.8125, 0.5625, 0.5, 0.0625]
[TRAIN]: (232/1600): reward: -78.20602664351463, rates: 0.7939733471356984, loss: 1.305579099059105, rho: 0.5375, transmit_actions: 5, P: [0.625, 0.1875, 0.0625, 0.875, 0.3125, 0.75, 0.5, 1.0, 0.25, 0.4375, 1.0, 0.3125, 0.875, 0.9375, 0.875, 0.8125, 0.1875, 0.375, 0.3125, 1.0]
[TRAIN]: (233/1600): reward: -54.85536074638367, rates: 3.1446392524826847, loss: 1.3064857006072998, rho: 0.4125, transmit_actions: 13, P: [0.8125, 0.1875, 0.125, 0.125, 0.5, 0.6875, 0.75, 0.5625, 0.625, 0.625, 0.25, 0.4375, 0.0, 0.125, 0.1875, 0.625, 0.4375, 0.1875, 0.0, 0.5]
[TRAIN]: (234/1600): reward: -62.024821788072586, rates: 3.9751779464984818, loss: 1.5408784031867981, rho: 0.51875, transmit_actions: 15, P: [0.875, 0.1875, 0.375, 0.625, 0.9375, 0.8125, 0.4375, 0.0, 0.375, 0.875, 0.8125, 0.125, 0.75, 0.9375, 0.1875, 0.1875, 0.1875, 0.125, 0.375, 0.875]
[TRAIN]: (235/1600): reward: -64.1265606880188, rates: 1.8734393528136435, loss: 1.3205219388008118, rho: 0.56875, transmit_actions: 11, P: [0.125, 0.125, 0.125, 0.25, 0.5625, 0.5625, 0.5, 0.9375, 0.5625, 0.5625, 0.1875, 0.3125, 0.4375, 0.0, 0.0, 0.0, 0.6875, 1.0, 0.8125, 0.25]
[TRAIN]: (236/1600): reward: -65.34128410369158, rates: 1.6587158683308028, loss: 1.3664691925048829, rho: 0.50625, transmit_actions: 15, P: [0.9375, 0.0625, 0.0625, 0.375, 0.3125, 0.8125, 0.0625, 0.25, 0.0, 0.0, 0.1875, 0.4375, 0.25, 0.625, 0.9375, 0.5625, 0.5, 0.375, 0.6875, 0.6875]
[TRAIN]: (237/1600): reward: -75.95364651083946, rates: 1.0463536361861994, loss: 1.3797572076320648, rho: 0.525, transmit_actions: 11, P: [0.375, 0.1875, 0.125, 0.75, 0.625, 0.5625, 0.125, 0.9375, 0.0, 0.625, 0.625, 1.0, 0.125, 0.0, 0.5625, 0.4375, 0.0625, 0.5, 0.5625, 0.125]
[TRAIN]: (238/1600): reward: -59.944328382611275, rates: 2.0556717640775473, loss: 1.4741580963134766, rho: 0.475, transmit_actions: 12, P: [0.1875, 0.4375, 0.5, 0.4375, 0.875, 0.75, 1.0, 0.375, 0.9375, 0.1875, 0.8125, 0.0, 0.875, 0.125, 0.0625, 0.4375, 0.0625, 0.0625, 0.625, 0.0625]
[TRAIN]: (239/1600): reward: -76.53696340322495, rates: 0.46303667921378017, loss: 1.4462747752666474, rho: 0.475, transmit_actions: 7, P: [0.25, 0.4375, 0.4375, 0.4375, 0.375, 0.125, 0.375, 0.3125, 0.6875, 0.1875, 0.8125, 1.0, 0.25, 0.4375, 0.8125, 0.0, 0.375, 0.75, 0.625, 0.875]
[TRAIN]: (240/1600): reward: -58.01852911710739, rates: 2.981470781996038, loss: 1.5608732849359512, rho: 0.54375, transmit_actions: 8, P: [0.5, 0.375, 0.25, 0.625, 0.5625, 0.125, 0.9375, 1.0, 0.5625, 0.625, 0.0, 0.625, 0.3125, 0.5625, 0.5, 0.4375, 0.9375, 0.5625, 0.0, 0.125]
[TRAIN]: (241/1600): reward: -70.05125081539154, rates: 1.9487492184265514, loss: 1.4176305681467056, rho: 0.475, transmit_actions: 14, P: [0.0, 0.125, 1.0, 0.625, 0.125, 0.1875, 0.4375, 0.9375, 0.4375, 0.9375, 0.8125, 0.0625, 0.5625, 0.1875, 0.125, 0.875, 0.875, 0.1875, 0.0, 0.625]
[TRAIN]: (242/1600): reward: -61.75576786696911, rates: 1.2442321575210793, loss: 1.2967541009187697, rho: 0.575, transmit_actions: 9, P: [0.8125, 0.0, 0.8125, 0.0625, 0.75, 0.3125, 0.375, 0.875, 0.9375, 0.4375, 0.0, 0.875, 0.0625, 0.375, 0.3125, 0.8125, 0.75, 0.0625, 0.1875, 0.875]
[TRAIN]: (243/1600): reward: -61.386651024222374, rates: 2.6133489945284607, loss: 1.323632824420929, rho: 0.55, transmit_actions: 9, P: [0.875, 0.625, 0.25, 0.75, 0.125, 0.75, 0.625, 0.75, 0.0625, 0.5, 0.75, 0.375, 0.3125, 0.0, 0.125, 0.875, 0.0625, 0.0625, 0.375, 0.5]
[TRAIN]: (244/1600): reward: -64.51163539290428, rates: 1.4883648281944657, loss: 1.2865658909082414, rho: 0.53125, transmit_actions: 6, P: [0.0625, 0.8125, 0.9375, 0.25, 0.9375, 1.0, 0.75, 0.5625, 0.875, 0.3125, 0.875, 0.4375, 0.8125, 0.5625, 0.8125, 0.6875, 0.1875, 0.8125, 0.25, 0.0625]
[TRAIN]: (245/1600): reward: -58.86487376689911, rates: 2.135126195517092, loss: 1.4930815279483796, rho: 0.45625, transmit_actions: 11, P: [0.0625, 0.1875, 0.4375, 0.6875, 1.0, 0.9375, 0.625, 0.75, 0.6875, 0.75, 0.5, 0.375, 0.6875, 0.4375, 1.0, 0.6875, 0.0, 0.3125, 0.4375, 0.9375]
[TRAIN]: (246/1600): reward: -68.49137020111084, rates: 1.5086296464255022, loss: 1.492988896369934, rho: 0.46875, transmit_actions: 10, P: [0.9375, 0.75, 0.375, 0.75, 0.4375, 0.75, 0.1875, 0.3125, 1.0, 0.9375, 0.75, 0.875, 0.4375, 0.4375, 0.125, 0.75, 0.5, 0.9375, 0.6875, 0.25]
[TRAIN]: (247/1600): reward: -73.08928322792053, rates: 1.910716693727684, loss: 1.4647105246782304, rho: 0.49375, transmit_actions: 13, P: [0.4375, 0.5, 0.875, 0.9375, 0.0625, 0.9375, 0.0, 0.4375, 0.25, 0.875, 0.625, 0.125, 0.875, 0.6875, 0.0, 0.5625, 0.75, 0.1875, 0.6875, 0.4375]
[TRAIN]: (248/1600): reward: -52.75123146176338, rates: 3.248768615130709, loss: 1.4065203368663788, rho: 0.5625, transmit_actions: 10, P: [0.3125, 0.5625, 0.375, 0.125, 0.125, 0.8125, 0.0625, 0.3125, 0.1875, 0.1875, 0.375, 0.1875, 0.5625, 0.3125, 0.8125, 0.375, 0.75, 0.25, 1.0, 0.75]
[TRAIN]: (249/1600): reward: -78.41275084018707, rates: 1.5872490142000735, loss: 1.4201767444610596, rho: 0.525, transmit_actions: 11, P: [0.375, 0.875, 0.875, 0.125, 0.375, 0.875, 0.1875, 0.4375, 0.375, 1.0, 0.875, 0.625, 0.75, 0.125, 0.1875, 0.75, 0.375, 0.5625, 0.4375, 0.625]
[TRAIN]: (250/1600): reward: -78.35103297233582, rates: 1.6489670479165928, loss: 1.4425253689289093, rho: 0.51875, transmit_actions: 11, P: [0.0625, 0.3125, 1.0, 0.5625, 1.0, 0.6875, 0.3125, 0.6875, 0.0625, 0.6875, 0.0625, 0.0625, 0.375, 0.3125, 0.8125, 1.0, 0.0, 0.625, 0.6875, 0.25]
[TRAIN]: (251/1600): reward: -54.42903119325638, rates: 1.5709688463570926, loss: 1.2569550395011901, rho: 0.3875, transmit_actions: 7, P: [0.6875, 0.125, 0.3125, 0.875, 0.875, 0.8125, 0.875, 0.875, 0.9375, 0.5, 0.5625, 0.0625, 0.625, 0.5625, 0.3125, 1.0, 0.5, 0.25, 1.0, 0.25]
[TRAIN]: (252/1600): reward: -85.52115473151207, rates: 1.4788452689441043, loss: 1.2422687292099, rho: 0.46875, transmit_actions: 14, P: [0.9375, 0.6875, 0.5, 0.6875, 0.5625, 0.25, 0.375, 0.5, 0.75, 0.3125, 1.0, 0.8125, 1.0, 0.8125, 0.1875, 0.6875, 0.875, 0.875, 0.875, 0.375]
[TRAIN]: (253/1600): reward: -79.06795418262482, rates: 0.9320456759797743, loss: 1.295198494195938, rho: 0.50625, transmit_actions: 11, P: [0.0625, 0.0, 0.9375, 0.8125, 0.6875, 0.8125, 0.0, 0.75, 0.5625, 0.9375, 0.4375, 0.0, 0.625, 0.5, 0.875, 0.375, 0.6875, 0.75, 0.25, 0.3125]
[TRAIN]: (254/1600): reward: -76.89429822564125, rates: 2.105701514766518, loss: 1.5475606858730315, rho: 0.5625, transmit_actions: 12, P: [0.8125, 0.375, 0.125, 0.9375, 0.1875, 0.75, 0.625, 0.9375, 0.4375, 0.5, 0.125, 0.9375, 0.875, 0.0625, 0.0625, 0.375, 0.4375, 0.125, 0.75, 0.8125]
[TRAIN]: (255/1600): reward: -82.28454279899597, rates: 0.7154573217059929, loss: 1.4741966754198075, rho: 0.4625, transmit_actions: 8, P: [1.0, 0.75, 0.25, 0.75, 1.0, 0.25, 0.5, 1.0, 0.8125, 0.3125, 1.0, 1.0, 0.5625, 0.6875, 0.5, 0.9375, 0.3125, 0.4375, 0.8125, 0.8125]
[TRAIN]: (256/1600): reward: -80.9245463758707, rates: 1.0754536086869149, loss: 1.3891313046216964, rho: 0.56875, transmit_actions: 9, P: [0.4375, 0.8125, 0.5, 0.8125, 0.625, 0.375, 0.25, 1.0, 0.0625, 0.0625, 0.0625, 0.6875, 0.3125, 0.625, 0.875, 0.9375, 0.5, 0.875, 0.6875, 0.25]
[TRAIN]: (257/1600): reward: -61.36955440044403, rates: 1.630445710420556, loss: 1.7792208403348924, rho: 0.4375, transmit_actions: 10, P: [0.125, 0.6875, 0.875, 0.125, 0.0, 0.3125, 1.0, 0.4375, 0.5, 0.375, 0.3125, 0.625, 0.0625, 0.6875, 0.1875, 0.875, 0.9375, 0.75, 0.6875, 0.6875]
[TRAIN]: (258/1600): reward: -86.90582585334778, rates: 0.09417411570716452, loss: 1.418223574757576, rho: 0.53125, transmit_actions: 10, P: [0.875, 0.1875, 0.0, 0.375, 1.0, 0.4375, 0.875, 1.0, 0.625, 0.625, 0.125, 1.0, 0.5, 0.75, 0.75, 0.0, 0.75, 0.0, 0.75, 0.875]
[TRAIN]: (259/1600): reward: -77.7121387720108, rates: 1.2878613099266476, loss: 1.4701982945203782, rho: 0.5625, transmit_actions: 12, P: [0.6875, 0.4375, 0.3125, 0.5, 0.6875, 0.875, 0.3125, 0.375, 0.0625, 0.75, 0.375, 0.5625, 0.5625, 0.4375, 0.875, 0.875, 0.3125, 0.75, 0.25, 0.625]
[TRAIN]: (260/1600): reward: -51.207314163446426, rates: 2.7926856697571187, loss: 1.4302180051803588, rho: 0.55625, transmit_actions: 12, P: [0.125, 0.375, 0.1875, 0.0, 0.8125, 0.125, 0.375, 0.8125, 0.8125, 0.875, 0.3125, 0.0, 0.875, 0.0, 0.4375, 0.0625, 0.8125, 0.875, 0.1875, 0.25]
[TRAIN]: (261/1600): reward: -65.31693482771516, rates: 0.683065150424913, loss: 1.4729231923818589, rho: 0.45, transmit_actions: 14, P: [0.6875, 0.125, 0.0625, 0.125, 0.0, 0.6875, 0.0, 1.0, 0.8125, 0.0625, 0.625, 0.3125, 0.75, 0.9375, 0.8125, 0.8125, 1.0, 0.75, 0.75, 0.75]
[TRAIN]: (262/1600): reward: -72.04965800046921, rates: 0.9503420645257661, loss: 1.6057495653629303, rho: 0.48125, transmit_actions: 12, P: [0.8125, 0.625, 0.0, 0.1875, 0.9375, 0.375, 0.5625, 0.5625, 0.8125, 0.875, 0.4375, 0.4375, 0.5625, 0.0625, 0.3125, 0.0625, 0.9375, 0.625, 0.625, 1.0]
[TRAIN]: (263/1600): reward: -64.01447880268097, rates: 1.9855211896895144, loss: 1.1545602217316628, rho: 0.49375, transmit_actions: 10, P: [0.0, 0.4375, 0.6875, 0.4375, 0.75, 0.4375, 0.75, 0.875, 0.3125, 0.8125, 0.0625, 0.0, 0.4375, 0.6875, 0.5625, 0.0, 0.1875, 0.6875, 0.1875, 0.3125]
[TRAIN]: (264/1600): reward: -53.38208740949631, rates: 3.6179127523088197, loss: 1.2140864253044128, rho: 0.3875, transmit_actions: 8, P: [0.5, 0.8125, 0.875, 0.5625, 0.375, 0.125, 1.0, 0.9375, 0.3125, 0.5625, 0.625, 0.0, 0.0625, 0.0625, 0.6875, 0.25, 0.125, 0.25, 0.125, 0.5625]
[TRAIN]: (265/1600): reward: -63.282450795173645, rates: 2.7175491459786487, loss: 1.3819686025381088, rho: 0.5875, transmit_actions: 8, P: [0.9375, 0.0625, 0.25, 0.375, 0.5625, 1.0, 0.8125, 0.0, 0.4375, 0.6875, 0.8125, 0.8125, 0.8125, 0.5625, 0.625, 1.0, 0.0625, 1.0, 0.875, 0.25]
[TRAIN]: (266/1600): reward: -70.62081158161163, rates: 2.379188187875476, loss: 1.4016441881656647, rho: 0.5375, transmit_actions: 10, P: [0.375, 0.375, 0.375, 0.625, 0.5625, 0.5, 0.75, 0.0, 0.875, 0.25, 0.6875, 0.0625, 0.8125, 0.0625, 0.75, 0.875, 0.25, 0.3125, 0.5, 0.1875]
[TRAIN]: (267/1600): reward: -73.0628899037838, rates: 0.9371100509345079, loss: 1.7074424564838409, rho: 0.45625, transmit_actions: 13, P: [0.3125, 0.25, 0.9375, 0.9375, 0.75, 0.375, 0.3125, 0.5625, 0.0, 0.0625, 0.9375, 0.5625, 0.8125, 0.0, 0.625, 0.5, 0.5, 0.4375, 0.8125, 0.625]
[TRAIN]: (268/1600): reward: -81.42813022434711, rates: 0.5718697800543826, loss: 1.4831931382417678, rho: 0.5125, transmit_actions: 7, P: [0.625, 0.9375, 0.375, 0.4375, 0.9375, 0.0, 0.6875, 0.4375, 0.5, 0.875, 0.875, 0.5625, 0.0, 0.1875, 0.25, 0.0625, 0.1875, 0.0625, 0.6875, 0.4375]
[TRAIN]: (269/1600): reward: -68.88070902228355, rates: 1.119290930874962, loss: 1.3123212248086928, rho: 0.5125, transmit_actions: 9, P: [0.5, 0.8125, 0.75, 0.0625, 0.3125, 0.0, 0.875, 0.8125, 0.125, 0.625, 0.75, 0.25, 0.4375, 1.0, 0.9375, 0.75, 1.0, 0.0, 0.375, 0.9375]
[TRAIN]: (270/1600): reward: -74.85505485534668, rates: 1.1449449744932327, loss: 1.3474789947271346, rho: 0.51875, transmit_actions: 11, P: [0.625, 0.5625, 0.25, 1.0, 0.8125, 0.8125, 1.0, 0.375, 0.8125, 0.125, 0.3125, 0.625, 0.5, 0.8125, 0.375, 0.0, 0.375, 0.9375, 0.8125, 0.9375]
[TRAIN]: (271/1600): reward: -60.79567393660545, rates: 3.2043260680023202, loss: 1.2637494117021562, rho: 0.51875, transmit_actions: 10, P: [0.0, 0.125, 0.1875, 0.875, 0.875, 0.125, 0.375, 0.625, 0.125, 0.3125, 1.0, 0.8125, 0.125, 0.1875, 0.5, 0.5625, 0.375, 0.375, 0.0, 0.0625]
[TRAIN]: (272/1600): reward: -48.86437065899372, rates: 3.1356294496390396, loss: 1.2299748852849006, rho: 0.45, transmit_actions: 9, P: [0.0625, 0.6875, 0.6875, 0.75, 0.3125, 0.125, 0.375, 0.1875, 0.375, 0.9375, 0.9375, 0.125, 1.0, 0.3125, 0.25, 0.1875, 0.9375, 0.6875, 0.6875, 0.75]
[TRAIN]: (273/1600): reward: -83.90560698509216, rates: 0.0943929255055528, loss: 1.3329057157039643, rho: 0.5875, transmit_actions: 6, P: [0.0625, 0.3125, 0.75, 0.875, 0.875, 0.1875, 0.9375, 0.5, 0.375, 0.4375, 0.4375, 0.5625, 0.9375, 0.0625, 0.75, 0.0625, 1.0, 0.4375, 0.125, 0.0]
[TRAIN]: (274/1600): reward: -78.93390646576881, rates: 1.0660934879366148, loss: 1.5127275168895722, rho: 0.46875, transmit_actions: 12, P: [0.75, 0.25, 0.5625, 0.25, 0.3125, 0.8125, 0.0625, 0.0625, 0.0625, 0.5, 0.3125, 0.875, 0.9375, 0.4375, 0.9375, 0.9375, 0.75, 0.6875, 0.6875, 0.625]
[TRAIN]: (275/1600): reward: -60.92577528953552, rates: 2.074224464251647, loss: 1.3713426560163497, rho: 0.60625, transmit_actions: 11, P: [0.9375, 0.3125, 0.4375, 0.5625, 0.0, 0.3125, 0.375, 0.75, 0.75, 0.375, 0.375, 0.625, 0.125, 0.4375, 0.5625, 0.5, 0.0, 0.375, 0.8125, 0.1875]
[TRAIN]: (276/1600): reward: -75.1998662352562, rates: 2.8001335123936437, loss: 1.375573456287384, rho: 0.6, transmit_actions: 12, P: [0.8125, 0.4375, 0.0625, 0.0, 0.0625, 0.3125, 0.125, 0.5625, 0.75, 1.0, 0.4375, 0.8125, 0.6875, 0.8125, 0.75, 0.1875, 0.25, 0.9375, 0.3125, 1.0]
[TRAIN]: (277/1600): reward: -59.71439316868782, rates: 1.2856070149772254, loss: 1.4354299306869507, rho: 0.38125, transmit_actions: 11, P: [0.125, 0.375, 0.9375, 0.0625, 0.1875, 0.5625, 0.8125, 0.9375, 0.1875, 0.8125, 0.4375, 0.9375, 0.625, 0.6875, 0.25, 1.0, 0.8125, 0.75, 0.1875, 0.5625]
[TRAIN]: (278/1600): reward: -75.87168064713478, rates: 1.128319413007316, loss: 1.2909850358963013, rho: 0.49375, transmit_actions: 9, P: [0.75, 0.375, 0.625, 0.625, 0.125, 0.3125, 0.1875, 0.5625, 0.0, 0.9375, 0.25, 0.25, 1.0, 0.0, 0.125, 0.9375, 0.4375, 0.4375, 0.0625, 0.6875]
[TRAIN]: (279/1600): reward: -77.5177526473999, rates: 0.48224742982888047, loss: 1.4325735360383987, rho: 0.5625, transmit_actions: 6, P: [0.625, 0.9375, 0.25, 0.25, 0.0625, 1.0, 0.6875, 0.25, 0.1875, 0.5625, 0.0, 0.5625, 0.6875, 1.0, 0.5, 1.0, 0.5625, 0.25, 0.75, 0.625]
[TRAIN]: (280/1600): reward: -70.59852877259254, rates: 1.401471226245573, loss: 1.597521311044693, rho: 0.5625, transmit_actions: 8, P: [0.6875, 0.4375, 0.0625, 0.4375, 0.9375, 0.6875, 1.0, 0.375, 0.0625, 1.0, 0.6875, 0.125, 0.0625, 0.4375, 0.0625, 1.0, 0.625, 0.6875, 0.75, 0.375]
[TRAIN]: (281/1600): reward: -78.9902708530426, rates: 1.0097291043910828, loss: 1.4923452764749527, rho: 0.5375, transmit_actions: 8, P: [0.5625, 0.125, 0.4375, 0.4375, 0.25, 0.5, 1.0, 0.75, 0.3125, 0.4375, 1.0, 0.3125, 0.5, 0.1875, 0.5, 0.75, 0.5625, 0.1875, 0.9375, 1.0]
[TRAIN]: (282/1600): reward: -83.00801734626293, rates: 0.991982628200396, loss: 1.2541234821081162, rho: 0.55625, transmit_actions: 12, P: [0.8125, 0.375, 0.125, 0.8125, 0.0625, 0.6875, 0.875, 0.6875, 0.75, 0.5, 0.5, 0.125, 0.625, 0.8125, 0.25, 0.5, 0.5625, 0.6875, 0.125, 0.375]
[TRAIN]: (283/1600): reward: -67.23675332963467, rates: 0.7632464805177706, loss: 1.2214118629693984, rho: 0.45, transmit_actions: 13, P: [0.375, 0.9375, 0.25, 0.9375, 1.0, 0.0, 0.4375, 0.875, 0.0, 0.3125, 0.5625, 0.0, 0.1875, 0.4375, 0.6875, 0.0625, 0.875, 0.3125, 0.625, 0.0625]
[TRAIN]: (284/1600): reward: -68.50470520555973, rates: 2.495294608661074, loss: 1.4276848703622818, rho: 0.56875, transmit_actions: 14, P: [0.4375, 1.0, 0.25, 0.3125, 0.625, 0.5, 0.0625, 0.6875, 0.8125, 0.1875, 0.125, 0.5625, 0.0, 0.8125, 0.375, 0.5625, 0.8125, 0.125, 0.6875, 0.75]
[TRAIN]: (285/1600): reward: -64.19285641610622, rates: 2.8071435216698486, loss: 1.4323689728975295, rho: 0.51875, transmit_actions: 12, P: [0.375, 0.5, 0.0, 0.125, 0.1875, 1.0, 0.9375, 0.125, 0.25, 0.6875, 0.0, 0.4375, 0.375, 0.625, 0.5, 0.0, 0.25, 0.4375, 0.125, 0.9375]
[TRAIN]: (286/1600): reward: -68.33287811279297, rates: 0.6671218964840597, loss: 1.2789018988609313, rho: 0.5625, transmit_actions: 10, P: [0.125, 0.5625, 0.6875, 0.875, 0.0, 0.125, 0.0625, 0.125, 0.875, 0.625, 0.8125, 0.25, 0.5625, 0.3125, 0.6875, 0.0, 0.1875, 0.375, 0.75, 0.1875]
[TRAIN]: (287/1600): reward: -62.08660584688187, rates: 0.9133941407631607, loss: 1.3959312796592713, rho: 0.45, transmit_actions: 8, P: [0.9375, 0.5, 0.4375, 0.375, 0.3125, 0.3125, 0.375, 0.3125, 0.4375, 0.0, 0.6875, 0.6875, 0.9375, 0.6875, 0.25, 0.4375, 0.25, 0.375, 0.9375, 0.625]
[TRAIN]: (288/1600): reward: -64.49105978012085, rates: 1.5089399442366715, loss: 1.2204811334609986, rho: 0.55625, transmit_actions: 10, P: [0.625, 0.6875, 0.9375, 0.375, 0.625, 0.0625, 0.5, 0.625, 0.125, 0.4375, 0.375, 0.75, 0.75, 0.4375, 0.3125, 0.875, 0.0625, 0.625, 1.0, 0.125]
[TRAIN]: (289/1600): reward: -66.17897307872772, rates: 0.8210269740484382, loss: 1.5418067514896392, rho: 0.48125, transmit_actions: 8, P: [0.5, 0.5625, 0.75, 0.625, 0.875, 0.0, 0.875, 1.0, 0.5625, 0.875, 0.1875, 1.0, 0.875, 0.9375, 0.3125, 0.0625, 0.5, 0.125, 0.5, 0.75]
[TRAIN]: (290/1600): reward: -82.68304061889648, rates: 1.3169593166589573, loss: 1.3260385930538177, rho: 0.4625, transmit_actions: 11, P: [0.6875, 0.625, 0.9375, 0.1875, 0.0, 1.0, 0.125, 0.125, 0.375, 0.0, 0.5625, 0.0625, 0.1875, 0.25, 0.625, 0.6875, 0.625, 0.75, 0.75, 0.0625]
[TRAIN]: (291/1600): reward: -56.79357647895813, rates: 3.206423689587784, loss: 1.2928413271903991, rho: 0.46875, transmit_actions: 10, P: [1.0, 0.6875, 0.0625, 0.3125, 0.125, 0.3125, 0.9375, 0.5625, 1.0, 0.75, 1.0, 0.4375, 0.125, 0.0625, 0.5625, 0.3125, 1.0, 0.6875, 0.4375, 0.5]
[TRAIN]: (292/1600): reward: -81.5286226272583, rates: 0.47137754337086, loss: 1.5565130591392518, rho: 0.525, transmit_actions: 9, P: [0.875, 0.3125, 0.375, 0.5, 0.5625, 0.375, 0.9375, 0.3125, 0.5625, 0.625, 0.0, 0.3125, 0.5, 0.625, 1.0, 0.4375, 0.0625, 0.4375, 0.0625, 0.5625]
[TRAIN]: (293/1600): reward: -75.06009769439697, rates: 2.9399024690408684, loss: 1.3346723318099976, rho: 0.50625, transmit_actions: 13, P: [0.6875, 0.875, 0.25, 0.0625, 0.3125, 0.6875, 0.375, 0.6875, 0.5625, 0.25, 0.0625, 0.375, 0.6875, 0.875, 0.875, 1.0, 0.9375, 0.4375, 0.75, 0.6875]
[TRAIN]: (294/1600): reward: -64.6466566324234, rates: 1.3533433210628023, loss: 1.271383109688759, rho: 0.48125, transmit_actions: 12, P: [0.375, 0.6875, 0.4375, 1.0, 0.25, 0.375, 0.6875, 0.3125, 1.0, 1.0, 0.5625, 0.6875, 0.375, 0.6875, 0.6875, 0.5, 0.5625, 0.25, 0.1875, 0.6875]
[TRAIN]: (295/1600): reward: -85.68429136276245, rates: 0.3157088059670641, loss: 1.3488290041685105, rho: 0.56875, transmit_actions: 12, P: [0.9375, 0.875, 0.0, 0.3125, 0.8125, 0.625, 0.125, 1.0, 0.9375, 0.75, 0.9375, 0.5625, 0.0625, 1.0, 0.375, 0.9375, 1.0, 0.125, 0.375, 0.5]
[TRAIN]: (296/1600): reward: -70.54545480012894, rates: 2.4545451667731966, loss: 1.3727967143058777, rho: 0.50625, transmit_actions: 12, P: [0.75, 0.0, 0.8125, 0.875, 0.25, 0.6875, 0.8125, 0.6875, 0.3125, 0.375, 0.5, 0.8125, 0.8125, 0.0625, 0.25, 0.625, 0.875, 0.125, 0.5, 0.4375]
[TRAIN]: (297/1600): reward: -72.07864356040955, rates: 1.9213563713927542, loss: 1.4172910064458848, rho: 0.5875, transmit_actions: 11, P: [0.25, 0.9375, 0.9375, 0.375, 0.6875, 0.875, 0.3125, 0.75, 0.375, 0.375, 0.3125, 0.0625, 0.8125, 0.9375, 0.4375, 0.5, 0.625, 0.5625, 0.5, 0.125]
[TRAIN]: (298/1600): reward: -84.510955452919, rates: 0.48904466706307936, loss: 1.3204031690955162, rho: 0.48125, transmit_actions: 7, P: [0.625, 0.75, 0.0, 0.5, 0.125, 0.5, 0.75, 0.625, 0.4375, 0.0625, 1.0, 0.3125, 1.0, 0.8125, 0.0625, 0.6875, 0.75, 0.625, 0.4375, 0.6875]
[TRAIN]: (299/1600): reward: -66.66591191291809, rates: 1.3340880626284701, loss: 1.5053119003772735, rho: 0.475, transmit_actions: 11, P: [0.75, 0.5, 0.0, 0.0625, 0.8125, 0.25, 0.0625, 0.875, 0.75, 0.5, 0.4375, 0.0625, 0.6875, 0.625, 1.0, 0.625, 0.0625, 0.6875, 0.6875, 0.5]
[TRAIN]: (300/1600): reward: -65.50329157710075, rates: 2.4967083023051386, loss: 1.3051174402236938, rho: 0.6, transmit_actions: 10, P: [0.1875, 0.375, 0.0, 0.8125, 0.9375, 0.375, 0.0, 0.5, 0.3125, 0.6875, 0.625, 0.5, 0.4375, 0.5, 0.0625, 0.4375, 0.9375, 0.5625, 0.9375, 0.875]
[TRAIN]: (301/1600): reward: -53.118340253829956, rates: 0.8816597376950266, loss: 1.6263247668743133, rho: 0.48125, transmit_actions: 11, P: [0.375, 0.0625, 0.5625, 0.3125, 0.9375, 0.9375, 1.0, 0.5625, 0.0, 0.875, 0.5625, 0.125, 0.0625, 0.5, 0.0, 0.25, 0.0, 0.0, 0.0, 1.0]
[TRAIN]: (302/1600): reward: -70.16680558770895, rates: 2.8331943748731563, loss: 1.5131980776786804, rho: 0.54375, transmit_actions: 10, P: [0.3125, 0.6875, 0.1875, 0.8125, 1.0, 0.875, 0.125, 0.1875, 0.6875, 0.9375, 0.5, 0.375, 0.5, 0.25, 0.6875, 0.0625, 0.25, 0.375, 0.75, 0.9375]
[TRAIN]: (303/1600): reward: -62.13820903748274, rates: 3.8617908415826774, loss: 1.3784048110246658, rho: 0.54375, transmit_actions: 10, P: [0.75, 0.1875, 0.5625, 0.375, 0.1875, 0.125, 0.25, 0.1875, 0.6875, 0.3125, 0.0, 0.25, 0.125, 0.25, 0.75, 0.0625, 0.6875, 0.1875, 0.375, 0.6875]
[TRAIN]: (304/1600): reward: -66.52535271644592, rates: 1.4746472929911336, loss: 1.2208229750394821, rho: 0.4375, transmit_actions: 9, P: [0.1875, 0.625, 1.0, 0.9375, 0.625, 0.125, 0.0, 0.9375, 0.0, 0.8125, 0.1875, 0.9375, 0.0, 0.0, 0.875, 0.0, 0.0625, 0.6875, 0.3125, 0.125]
[TRAIN]: (305/1600): reward: -73.26048815250397, rates: 2.7395119284255616, loss: 1.401992952823639, rho: 0.50625, transmit_actions: 7, P: [0.625, 0.6875, 0.4375, 0.125, 0.125, 0.25, 0.875, 0.1875, 0.9375, 0.0, 1.0, 0.9375, 0.4375, 0.4375, 0.6875, 0.375, 0.125, 0.4375, 0.6875, 0.875]
[TRAIN]: (306/1600): reward: -69.48617887496948, rates: 0.5138211069653698, loss: 1.473503640294075, rho: 0.40625, transmit_actions: 7, P: [0.5, 0.25, 0.8125, 0.375, 0.9375, 0.125, 0.25, 0.875, 0.875, 0.375, 0.875, 0.6875, 0.6875, 0.8125, 0.1875, 0.8125, 0.25, 0.8125, 0.75, 0.9375]
[TRAIN]: (307/1600): reward: -57.53611332178116, rates: 1.4638866315254386, loss: 1.3227518022060394, rho: 0.575, transmit_actions: 15, P: [0.5, 0.625, 0.125, 0.9375, 0.0, 0.0, 0.8125, 0.5, 0.5625, 0.125, 0.875, 0.0, 0.8125, 0.5, 0.3125, 0.25, 0.125, 0.9375, 1.0, 0.125]
[TRAIN]: (308/1600): reward: -65.99673727154732, rates: 2.003262729653616, loss: 1.3854721367359162, rho: 0.375, transmit_actions: 12, P: [0.9375, 0.1875, 1.0, 0.75, 0.875, 0.5625, 0.125, 0.0, 0.6875, 0.9375, 0.125, 0.5, 0.375, 0.9375, 0.6875, 0.125, 0.375, 0.8125, 0.125, 0.875]
[TRAIN]: (309/1600): reward: -69.51829153299332, rates: 2.481708357387008, loss: 1.3563457906246186, rho: 0.5625, transmit_actions: 12, P: [0.875, 0.375, 0.625, 0.4375, 0.1875, 0.0, 0.5, 1.0, 0.0, 0.9375, 0.25, 0.75, 0.4375, 0.3125, 0.625, 0.3125, 0.75, 0.0625, 0.375, 0.625]
[TRAIN]: (310/1600): reward: -79.62808728218079, rates: 1.3719128634071613, loss: 1.4535945355892181, rho: 0.4375, transmit_actions: 11, P: [0.0625, 0.0, 0.3125, 0.9375, 0.5, 0.0625, 0.375, 0.9375, 0.875, 0.75, 0.9375, 0.125, 0.5625, 0.8125, 0.0, 0.9375, 0.25, 0.5625, 0.625, 0.625]
[TRAIN]: (311/1600): reward: -84.17785382270813, rates: 0.822146032729852, loss: 1.2615132749080658, rho: 0.4875, transmit_actions: 12, P: [0.625, 0.75, 0.375, 0.5625, 0.8125, 0.375, 0.25, 0.75, 0.6875, 0.5625, 0.625, 0.25, 0.8125, 0.625, 0.875, 0.75, 0.3125, 0.25, 0.6875, 0.1875]
[TRAIN]: (312/1600): reward: -62.61801475286484, rates: 2.3819851326892736, loss: 1.442916253209114, rho: 0.525, transmit_actions: 11, P: [0.125, 0.75, 0.8125, 0.25, 0.8125, 0.5625, 0.1875, 0.3125, 0.5625, 0.0625, 0.3125, 0.25, 0.625, 0.25, 0.8125, 0.125, 0.8125, 0.1875, 0.375, 0.9375]
[TRAIN]: (313/1600): reward: -79.23027363419533, rates: 1.769726457330922, loss: 1.38028025329113, rho: 0.5125, transmit_actions: 12, P: [0.5625, 0.0625, 0.625, 0.125, 0.8125, 0.0, 0.375, 0.5, 0.5, 0.0625, 0.875, 0.75, 0.0, 0.8125, 0.375, 0.5625, 0.5625, 0.3125, 0.3125, 0.875]
[TRAIN]: (314/1600): reward: -67.8704851269722, rates: 3.1295149436726413, loss: 1.4728470325469971, rho: 0.4625, transmit_actions: 13, P: [1.0, 0.5625, 0.5625, 0.875, 0.125, 0.875, 0.375, 0.0625, 0.25, 0.25, 0.125, 0.875, 0.3125, 0.8125, 0.75, 0.3125, 0.875, 0.4375, 0.1875, 0.4375]
[TRAIN]: (315/1600): reward: -59.195866387337446, rates: 2.8041334767292008, loss: 1.3233676999807358, rho: 0.5, transmit_actions: 12, P: [0.625, 0.125, 0.8125, 0.625, 0.8125, 0.8125, 0.5625, 0.25, 0.625, 0.0, 0.5, 0.8125, 1.0, 0.25, 0.625, 0.6875, 0.125, 0.375, 0.0625, 0.5625]
[TRAIN]: (316/1600): reward: -85.8132677078247, rates: 0.18673220531208962, loss: 1.402009716629982, rho: 0.50625, transmit_actions: 9, P: [0.1875, 0.25, 0.5, 0.9375, 0.25, 0.9375, 0.625, 0.75, 0.5625, 1.0, 0.5625, 0.875, 0.0, 0.4375, 0.625, 0.8125, 0.8125, 0.625, 0.1875, 0.5625]
[TRAIN]: (317/1600): reward: -74.3264981508255, rates: 0.6735016843172689, loss: 1.3138521522283555, rho: 0.46875, transmit_actions: 13, P: [0.625, 0.5, 0.8125, 0.375, 0.625, 1.0, 0.375, 0.9375, 0.6875, 0.375, 0.9375, 0.9375, 0.6875, 0.5625, 1.0, 0.1875, 0.25, 0.5625, 0.5, 0.5]
[TRAIN]: (318/1600): reward: -47.148233249783516, rates: 1.8517668306644084, loss: 1.3471678107976914, rho: 0.41875, transmit_actions: 10, P: [0.625, 0.125, 0.9375, 0.875, 0.0625, 0.375, 0.125, 0.625, 1.0, 0.6875, 0.5625, 0.5, 0.4375, 0.6875, 0.9375, 0.75, 0.8125, 0.5625, 1.0, 0.75]
[TRAIN]: (319/1600): reward: -68.43303686380386, rates: 0.5669632524212235, loss: 1.3133519172668457, rho: 0.49375, transmit_actions: 7, P: [0.8125, 0.1875, 0.4375, 1.0, 1.0, 0.5, 0.375, 0.5625, 0.0, 0.5625, 0.0, 0.9375, 0.0625, 0.6875, 0.375, 0.5, 0.8125, 0.0, 0.75, 0.9375]
[TRAIN]: (320/1600): reward: -54.55775207281113, rates: 1.4422479639195815, loss: 1.3802099645137786, rho: 0.44375, transmit_actions: 10, P: [0.5625, 0.6875, 0.8125, 0.0, 0.625, 0.125, 0.5625, 0.8125, 0.4375, 0.0, 0.9375, 0.4375, 0.375, 0.125, 1.0, 0.875, 0.875, 1.0, 0.5, 0.6875]
[TRAIN]: (321/1600): reward: -83.83776521682739, rates: 1.1622348009083021, loss: 1.5099313110113144, rho: 0.46875, transmit_actions: 11, P: [0.25, 0.3125, 0.4375, 1.0, 0.3125, 0.25, 0.5, 0.9375, 0.875, 0.375, 0.125, 0.75, 0.125, 1.0, 0.0625, 0.8125, 0.25, 0.4375, 0.5625, 0.0625]
[TRAIN]: (322/1600): reward: -68.12902973592281, rates: 1.8709701951147955, loss: 1.42705357670784, rho: 0.4875, transmit_actions: 8, P: [0.0625, 0.875, 0.875, 0.3125, 0.375, 0.25, 0.8125, 0.9375, 0.625, 0.625, 0.625, 0.125, 0.0, 0.0, 0.375, 0.1875, 0.75, 0.0625, 0.1875, 0.75]
[TRAIN]: (323/1600): reward: -53.616281270980835, rates: 1.3837186579199194, loss: 1.356927528977394, rho: 0.475, transmit_actions: 10, P: [0.0625, 0.3125, 0.875, 0.6875, 0.8125, 0.5625, 0.5, 0.25, 0.875, 0.6875, 0.0, 0.3125, 0.0625, 0.0, 0.25, 0.1875, 0.0625, 0.9375, 0.1875, 0.625]
[TRAIN]: (324/1600): reward: -71.98830790817738, rates: 2.0116919139202105, loss: 1.5757062792778016, rho: 0.525, transmit_actions: 11, P: [0.0625, 0.125, 0.25, 0.3125, 0.1875, 0.125, 1.0, 0.0, 0.4375, 0.1875, 0.875, 0.5, 0.25, 0.0625, 0.25, 0.25, 0.5, 1.0, 0.5625, 0.6875]
[TRAIN]: (325/1600): reward: -78.63668948411942, rates: 0.36331052230895683, loss: 1.3483310729265212, rho: 0.5875, transmit_actions: 9, P: [0.9375, 0.1875, 0.375, 1.0, 0.5, 1.0, 0.4375, 1.0, 0.75, 0.375, 0.0, 0.9375, 0.875, 0.0, 0.5625, 1.0, 0.375, 0.1875, 0.75, 0.1875]
[TRAIN]: (326/1600): reward: -65.86083455383778, rates: 1.1391654532145086, loss: 1.3272380024194717, rho: 0.5125, transmit_actions: 6, P: [0.5625, 0.125, 0.3125, 0.875, 1.0, 0.25, 0.6875, 0.625, 0.1875, 0.5, 0.25, 0.3125, 1.0, 0.5, 0.4375, 0.0625, 0.6875, 0.375, 0.5625, 1.0]
[TRAIN]: (327/1600): reward: -77.36517053842545, rates: 0.6348294289522027, loss: 1.3431049168109894, rho: 0.46875, transmit_actions: 9, P: [0.6875, 1.0, 1.0, 0.0, 0.8125, 0.125, 1.0, 0.0, 0.25, 0.3125, 0.625, 0.75, 0.6875, 1.0, 0.0625, 0.875, 0.5625, 0.375, 0.125, 0.0625]
[TRAIN]: (328/1600): reward: -71.88199537992477, rates: 1.1180044600114054, loss: 1.4068368285894395, rho: 0.51875, transmit_actions: 11, P: [0.75, 0.375, 0.5, 0.5, 0.3125, 1.0, 0.875, 0.625, 0.9375, 0.5, 0.5625, 0.9375, 0.375, 0.875, 0.375, 0.75, 0.3125, 0.5, 0.875, 0.125]
[TRAIN]: (329/1600): reward: -51.86998024582863, rates: 2.1300199840868626, loss: 1.4036502957344055, rho: 0.5375, transmit_actions: 10, P: [0.875, 0.0625, 0.0, 0.5, 0.125, 0.25, 0.75, 0.5625, 0.0625, 0.875, 1.0, 0.4375, 0.625, 0.5, 0.9375, 0.9375, 0.125, 0.8125, 0.4375, 0.3125]
[TRAIN]: (330/1600): reward: -65.15679462254047, rates: 2.843205481016248, loss: 1.4422632455825806, rho: 0.5125, transmit_actions: 13, P: [0.8125, 0.5625, 0.9375, 0.8125, 0.0625, 0.5, 0.1875, 0.125, 0.8125, 0.125, 0.8125, 0.875, 0.0625, 0.5625, 0.6875, 0.25, 0.8125, 0.25, 0.75, 0.3125]
[TRAIN]: (331/1600): reward: -66.06252193450928, rates: 1.937477957728702, loss: 1.4598384976387024, rho: 0.44375, transmit_actions: 8, P: [0.6875, 0.8125, 0.875, 0.6875, 0.6875, 0.5, 0.125, 0.3125, 0.375, 0.5, 0.4375, 0.5625, 1.0, 0.9375, 0.625, 0.625, 0.4375, 0.4375, 0.9375, 0.5]
[TRAIN]: (332/1600): reward: -63.53727415204048, rates: 3.462725903186997, loss: 1.4475557029247283, rho: 0.54375, transmit_actions: 10, P: [0.5, 0.0625, 0.0625, 0.4375, 0.125, 0.375, 0.8125, 0.3125, 0.0, 0.0, 0.1875, 0.5, 0.0, 0.75, 0.0625, 0.75, 0.9375, 0.375, 0.0625, 0.6875]
[TRAIN]: (333/1600): reward: -67.51830124855042, rates: 1.481698683424634, loss: 1.3131514549255372, rho: 0.4875, transmit_actions: 9, P: [0.3125, 0.875, 0.5625, 0.3125, 0.75, 0.0, 0.1875, 0.5625, 0.875, 0.5, 0.0625, 0.75, 0.75, 0.9375, 0.875, 0.1875, 0.0625, 0.25, 0.8125, 0.5]
[TRAIN]: (334/1600): reward: -68.45827436447144, rates: 1.5417257132056206, loss: 1.237163981795311, rho: 0.48125, transmit_actions: 9, P: [0.25, 0.3125, 0.8125, 1.0, 0.4375, 0.6875, 0.8125, 1.0, 0.125, 0.625, 0.875, 0.3125, 0.1875, 0.5625, 0.625, 0.5625, 0.8125, 0.4375, 0.0625, 0.8125]
[TRAIN]: (335/1600): reward: -72.43974614143372, rates: 0.5602537623510446, loss: 1.414810022711754, rho: 0.54375, transmit_actions: 8, P: [0.75, 0.875, 0.375, 0.6875, 0.125, 0.375, 0.5, 0.8125, 0.375, 0.375, 0.5, 0.875, 0.6875, 0.0625, 0.0625, 0.875, 0.875, 0.3125, 0.0, 0.75]
[TRAIN]: (336/1600): reward: -67.61658346652985, rates: 3.383416575363845, loss: 1.4427190572023392, rho: 0.425, transmit_actions: 13, P: [0.1875, 0.625, 0.75, 1.0, 0.5625, 0.25, 0.625, 0.75, 0.375, 0.5625, 0.4375, 0.75, 0.75, 0.1875, 0.125, 0.5, 0.4375, 0.75, 0.0625, 0.625]
[TRAIN]: (337/1600): reward: -64.54473209381104, rates: 0.45526791680563555, loss: 1.3849092781543733, rho: 0.4375, transmit_actions: 8, P: [0.875, 0.625, 0.375, 0.75, 1.0, 0.9375, 0.0, 0.75, 0.25, 0.875, 0.4375, 0.875, 0.6875, 0.875, 0.125, 0.8125, 0.8125, 0.75, 0.5, 0.1875]
[TRAIN]: (338/1600): reward: -73.46568179130554, rates: 1.5343182919611589, loss: 1.3763170152902604, rho: 0.525, transmit_actions: 8, P: [0.0625, 0.5, 0.5, 0.6875, 0.9375, 0.9375, 0.9375, 0.875, 0.5625, 0.4375, 0.625, 0.4375, 0.9375, 0.4375, 0.875, 0.1875, 0.75, 0.4375, 0.1875, 0.875]
[TRAIN]: (339/1600): reward: -64.98046270012856, rates: 4.019537436952572, loss: 1.285738119482994, rho: 0.5125, transmit_actions: 13, P: [0.25, 0.5, 0.75, 0.1875, 0.25, 0.3125, 0.1875, 0.75, 0.4375, 0.4375, 0.125, 0.375, 0.875, 0.875, 0.8125, 0.8125, 0.5625, 0.5, 0.125, 0.5]
[TRAIN]: (340/1600): reward: -84.73859484307468, rates: 1.2614052918669898, loss: 1.3690281093120575, rho: 0.5375, transmit_actions: 10, P: [0.75, 0.5625, 0.375, 0.0625, 0.9375, 0.8125, 0.375, 0.125, 0.625, 0.5625, 0.25, 0.0, 0.875, 0.375, 0.6875, 0.0, 0.1875, 0.75, 0.125, 0.75]
[TRAIN]: (341/1600): reward: -60.07999390363693, rates: 2.92000589875625, loss: 1.2918926447629928, rho: 0.5625, transmit_actions: 10, P: [0.125, 0.6875, 0.8125, 0.375, 0.625, 0.0625, 0.625, 0.5625, 0.5, 0.125, 0.5625, 0.3125, 0.0625, 0.0, 0.25, 0.0625, 1.0, 0.8125, 0.9375, 0.75]
[TRAIN]: (342/1600): reward: -66.61905801296234, rates: 1.3809419716810916, loss: 1.368897870182991, rho: 0.625, transmit_actions: 9, P: [0.75, 0.6875, 0.4375, 0.8125, 0.75, 0.4375, 0.9375, 0.0, 0.875, 0.6875, 0.5, 0.9375, 0.5625, 0.5625, 0.8125, 0.25, 0.125, 0.0625, 0.0, 0.75]
[TRAIN]: (343/1600): reward: -70.31438910961151, rates: 0.6856109676607116, loss: 1.318787544965744, rho: 0.50625, transmit_actions: 11, P: [0.9375, 0.1875, 0.6875, 1.0, 0.9375, 0.75, 0.375, 0.75, 0.8125, 1.0, 0.625, 0.3125, 0.1875, 0.25, 0.75, 0.375, 0.875, 0.75, 0.5625, 0.4375]
[TRAIN]: (344/1600): reward: -71.26752805709839, rates: 0.7324720062296981, loss: 1.2868305951356889, rho: 0.44375, transmit_actions: 10, P: [0.625, 0.4375, 0.4375, 0.75, 0.3125, 1.0, 0.4375, 0.375, 0.6875, 0.25, 0.75, 0.5, 0.625, 0.9375, 0.5, 0.9375, 0.1875, 0.75, 0.6875, 0.4375]
[TRAIN]: (345/1600): reward: -58.548197507858276, rates: 2.451802320116028, loss: 1.4878517791628838, rho: 0.53125, transmit_actions: 14, P: [0.375, 0.9375, 0.9375, 0.75, 0.8125, 0.25, 0.375, 0.875, 0.125, 0.1875, 0.6875, 0.9375, 0.125, 0.5625, 0.4375, 0.375, 0.1875, 0.75, 0.9375, 0.5625]
[TRAIN]: (346/1600): reward: -84.85491675138474, rates: 1.1450832460557883, loss: 1.3035505950450896, rho: 0.56875, transmit_actions: 10, P: [0.875, 0.9375, 0.6875, 0.5625, 0.25, 0.8125, 0.9375, 0.9375, 0.375, 0.75, 0.625, 0.5625, 1.0, 1.0, 0.25, 0.5, 1.0, 0.4375, 0.0625, 0.875]
[TRAIN]: (347/1600): reward: -61.30446657538414, rates: 3.6955333980259835, loss: 1.333030503988266, rho: 0.56875, transmit_actions: 10, P: [0.25, 0.6875, 0.125, 0.875, 0.9375, 0.1875, 0.1875, 0.375, 0.8125, 0.375, 0.75, 0.0625, 0.0625, 0.8125, 1.0, 0.0, 0.1875, 0.375, 0.3125, 0.25]
[TRAIN]: (348/1600): reward: -65.66978270560503, rates: 0.3302173739894563, loss: 1.3093003898859024, rho: 0.425, transmit_actions: 9, P: [0.375, 0.1875, 0.5625, 0.1875, 0.3125, 0.4375, 0.5625, 0.125, 0.125, 0.625, 0.375, 0.875, 0.375, 0.6875, 0.5, 0.375, 0.6875, 0.9375, 0.8125, 0.375]
[TRAIN]: (349/1600): reward: -83.62388151884079, rates: 1.3761184719778665, loss: 1.4433598786592483, rho: 0.58125, transmit_actions: 8, P: [0.0625, 0.6875, 0.5, 0.0625, 0.1875, 0.5625, 0.5625, 0.8125, 0.5, 0.3125, 0.875, 0.375, 0.625, 0.5, 0.375, 0.5, 0.625, 0.8125, 1.0, 1.0]
[TRAIN]: (350/1600): reward: -60.7459402680397, rates: 3.2540596745257186, loss: 1.3983214348554611, rho: 0.40625, transmit_actions: 9, P: [0.9375, 0.625, 0.8125, 0.75, 0.625, 0.625, 0.9375, 0.875, 0.8125, 0.5625, 0.1875, 0.1875, 0.5625, 0.25, 0.9375, 0.6875, 0.1875, 0.1875, 0.5625, 0.875]
[TRAIN]: (351/1600): reward: -68.56742805242538, rates: 1.432571952760119, loss: 1.3294445127248764, rho: 0.49375, transmit_actions: 8, P: [0.3125, 0.375, 0.75, 0.625, 0.25, 0.5, 0.875, 0.0, 0.25, 0.8125, 0.5, 0.8125, 0.5, 0.375, 0.75, 0.25, 0.8125, 0.0625, 0.5625, 0.875]
[TRAIN]: (352/1600): reward: -56.23550035059452, rates: 3.764499674475601, loss: 1.340401515364647, rho: 0.39375, transmit_actions: 10, P: [0.125, 0.0, 0.8125, 0.125, 1.0, 0.375, 0.8125, 1.0, 0.0625, 0.125, 0.75, 1.0, 0.0625, 0.0625, 0.875, 0.5625, 0.0625, 0.875, 0.6875, 1.0]
[TRAIN]: (353/1600): reward: -52.51466962695122, rates: 1.4853302842032707, loss: 1.5235248118638993, rho: 0.5125, transmit_actions: 10, P: [0.75, 0.9375, 0.9375, 0.5, 0.375, 0.25, 0.0625, 0.625, 1.0, 0.875, 0.9375, 0.5, 0.5625, 0.6875, 1.0, 0.9375, 0.0, 0.5, 0.9375, 0.8125]
[TRAIN]: (354/1600): reward: -64.92223107814789, rates: 1.0777689152969838, loss: 1.5323099136352538, rho: 0.4875, transmit_actions: 10, P: [0.4375, 0.8125, 0.9375, 0.3125, 0.6875, 1.0, 1.0, 0.4375, 1.0, 0.625, 0.875, 0.75, 0.5625, 0.0, 0.25, 0.625, 0.0, 0.4375, 1.0, 0.875]
[TRAIN]: (355/1600): reward: -72.74065825343132, rates: 3.259341827267156, loss: 1.4288582175970077, rho: 0.46875, transmit_actions: 8, P: [0.25, 0.6875, 0.875, 0.0, 0.375, 0.875, 0.4375, 0.4375, 0.0625, 0.375, 0.75, 0.3125, 0.8125, 0.25, 0.1875, 0.625, 0.0625, 0.875, 0.3125, 0.125]
[TRAIN]: (356/1600): reward: -89.38040652871132, rates: 0.6195934007722337, loss: 1.3185305789113044, rho: 0.5375, transmit_actions: 10, P: [0.3125, 0.75, 0.5625, 0.8125, 0.8125, 0.3125, 1.0, 0.3125, 0.1875, 0.875, 0.3125, 0.5, 0.5625, 1.0, 0.3125, 0.375, 0.625, 0.6875, 0.5625, 0.375]
[TRAIN]: (357/1600): reward: -50.65602803975344, rates: 3.3439719654114604, loss: 1.0356056332588195, rho: 0.43125, transmit_actions: 11, P: [0.1875, 0.5, 0.8125, 1.0, 0.6875, 0.75, 0.6875, 0.875, 0.3125, 0.1875, 0.3125, 0.8125, 0.0, 0.1875, 0.8125, 0.3125, 0.6875, 0.25, 0.375, 0.0625]
[TRAIN]: (358/1600): reward: -74.7018210887909, rates: 0.2981790137902556, loss: 1.3414304941892623, rho: 0.45, transmit_actions: 8, P: [0.5625, 0.0625, 0.8125, 0.25, 1.0, 0.625, 0.5, 1.0, 0.875, 0.1875, 0.8125, 0.9375, 0.1875, 0.8125, 0.875, 0.125, 0.8125, 0.9375, 0.0625, 0.5]
[TRAIN]: (359/1600): reward: -71.98888111114502, rates: 3.0111187522242164, loss: 1.4459630846977234, rho: 0.475, transmit_actions: 11, P: [0.8125, 0.6875, 0.375, 0.25, 0.6875, 0.9375, 1.0, 0.0625, 0.6875, 0.5625, 0.25, 0.25, 0.5, 0.125, 0.5, 0.1875, 0.5625, 0.5, 0.0, 0.875]
[TRAIN]: (360/1600): reward: -81.17546081542969, rates: 0.8245392389686221, loss: 1.4210404947400093, rho: 0.53125, transmit_actions: 7, P: [0.0, 0.3125, 0.5, 0.8125, 0.1875, 0.0, 0.25, 0.9375, 0.9375, 0.9375, 0.9375, 0.5625, 0.75, 0.625, 0.6875, 0.5625, 0.9375, 0.8125, 0.5, 1.0]
[TRAIN]: (361/1600): reward: -78.41508042812347, rates: 1.58491957741465, loss: 1.3224901854991913, rho: 0.63125, transmit_actions: 11, P: [0.75, 1.0, 0.8125, 0.1875, 0.9375, 0.3125, 0.9375, 0.25, 1.0, 0.3125, 0.75, 0.4375, 0.8125, 0.5625, 0.4375, 0.875, 0.8125, 0.6875, 0.8125, 0.25]
[TRAIN]: (362/1600): reward: -69.24604833126068, rates: 2.7539517806420184, loss: 1.3554093897342683, rho: 0.39375, transmit_actions: 11, P: [0.875, 0.3125, 0.8125, 0.9375, 0.4375, 0.75, 0.25, 0.1875, 0.625, 0.1875, 0.4375, 0.0625, 0.625, 0.0625, 0.6875, 0.8125, 0.3125, 0.0625, 0.0625, 0.125]
[TRAIN]: (363/1600): reward: -77.95161527395248, rates: 1.0483844679755991, loss: 1.3354590266942978, rho: 0.5625, transmit_actions: 8, P: [0.5625, 0.4375, 0.0, 0.875, 0.0625, 0.75, 0.3125, 0.5625, 0.9375, 0.3125, 0.9375, 0.0, 0.3125, 0.8125, 0.4375, 0.25, 0.9375, 0.5, 0.875, 0.3125]
[TRAIN]: (364/1600): reward: -60.95738273859024, rates: 3.0426172151404236, loss: 1.2455997943878174, rho: 0.54375, transmit_actions: 11, P: [0.0625, 0.0625, 0.5, 0.4375, 0.4375, 0.5, 0.1875, 1.0, 0.0625, 0.375, 0.9375, 0.875, 0.875, 1.0, 0.0625, 0.625, 0.0625, 0.6875, 0.25, 0.375]
[TRAIN]: (365/1600): reward: -77.28094435483217, rates: 0.719055719755018, loss: 1.117614671587944, rho: 0.525, transmit_actions: 15, P: [0.375, 0.8125, 0.4375, 0.0, 0.5625, 0.75, 0.25, 0.4375, 0.5, 0.0625, 0.5625, 0.375, 0.1875, 0.0, 0.3125, 0.0625, 1.0, 0.75, 0.625, 0.75]
[TRAIN]: (366/1600): reward: -69.0276310890913, rates: 1.9723690726310579, loss: 1.5184377938508988, rho: 0.54375, transmit_actions: 10, P: [0.75, 0.5, 0.25, 0.625, 0.0, 0.75, 0.875, 0.5625, 0.0625, 0.6875, 0.125, 0.1875, 0.5625, 0.75, 0.4375, 0.4375, 0.1875, 0.375, 0.75, 0.25]
[TRAIN]: (367/1600): reward: -71.10799461603165, rates: 1.8920052392665259, loss: 1.4846824377775192, rho: 0.49375, transmit_actions: 7, P: [0.0, 0.25, 0.5, 0.875, 0.875, 0.4375, 0.3125, 0.4375, 0.25, 0.3125, 0.4375, 0.5625, 0.1875, 0.375, 0.5, 0.6875, 0.0625, 0.8125, 0.125, 0.375]
[TRAIN]: (368/1600): reward: -64.3138639330864, rates: 1.6861362654837486, loss: 1.2998330920934678, rho: 0.53125, transmit_actions: 11, P: [0.625, 0.375, 0.125, 0.1875, 1.0, 0.25, 0.375, 0.4375, 0.0625, 0.0, 0.4375, 0.75, 0.0625, 0.6875, 0.0, 0.6875, 0.8125, 0.875, 0.125, 0.0625]
[TRAIN]: (369/1600): reward: -71.01153236627579, rates: 2.98846739425903, loss: 1.277185434103012, rho: 0.45625, transmit_actions: 10, P: [0.75, 0.0625, 1.0, 0.375, 0.625, 0.5625, 0.125, 0.125, 0.375, 0.375, 0.4375, 0.4375, 0.5, 0.0, 0.1875, 1.0, 0.1875, 0.0, 0.4375, 1.0]
[TRAIN]: (370/1600): reward: -81.40693812817335, rates: 0.5930618328335011, loss: 1.4301176458597182, rho: 0.675, transmit_actions: 9, P: [0.875, 0.8125, 1.0, 0.125, 0.625, 0.75, 0.9375, 0.25, 0.0625, 0.5625, 0.0625, 0.5625, 0.0, 0.9375, 0.625, 0.5625, 0.75, 1.0, 0.875, 0.375]
[TRAIN]: (371/1600): reward: -63.88268771767616, rates: 1.117312409334376, loss: 1.345657342672348, rho: 0.44375, transmit_actions: 10, P: [0.875, 0.8125, 0.1875, 0.6875, 0.375, 0.625, 0.0625, 0.1875, 0.5625, 1.0, 0.6875, 0.625, 0.9375, 1.0, 1.0, 0.5625, 0.75, 0.0, 0.5625, 0.375]
[TRAIN]: (372/1600): reward: -73.56441906094551, rates: 2.4355809957754246, loss: 1.226030421257019, rho: 0.5125, transmit_actions: 11, P: [0.9375, 0.3125, 0.375, 0.5625, 0.625, 0.6875, 0.125, 0.5625, 0.0625, 0.75, 0.75, 0.125, 0.9375, 0.0, 1.0, 0.375, 0.4375, 0.8125, 0.0625, 0.625]
[TRAIN]: (373/1600): reward: -46.88339614868164, rates: 3.116603879894736, loss: 1.3685626655817031, rho: 0.50625, transmit_actions: 7, P: [0.5625, 0.9375, 0.3125, 0.625, 0.1875, 0.4375, 0.625, 0.5, 0.875, 0.6875, 0.0625, 1.0, 0.25, 0.875, 0.625, 1.0, 1.0, 0.5625, 0.125, 0.6875]
[TRAIN]: (374/1600): reward: -66.39692771434784, rates: 1.603072451139471, loss: 1.5843462914228439, rho: 0.5125, transmit_actions: 15, P: [0.875, 0.375, 0.0625, 0.5625, 0.75, 1.0, 0.4375, 0.375, 0.6875, 0.6875, 0.9375, 0.4375, 0.625, 0.1875, 0.5, 0.5, 0.0, 0.9375, 0.4375, 0.375]
[TRAIN]: (375/1600): reward: -53.056372597813606, rates: 3.943627241283934, loss: 1.3083908557891846, rho: 0.65625, transmit_actions: 14, P: [0.6875, 0.75, 0.25, 0.5, 0.0625, 0.875, 0.375, 0.5625, 0.25, 0.5, 0.625, 0.125, 0.0625, 0.6875, 0.75, 0.3125, 0.25, 0.1875, 0.5, 0.375]
[TRAIN]: (376/1600): reward: -73.02755850553513, rates: 1.9724415879967396, loss: 1.4392343029379844, rho: 0.4875, transmit_actions: 11, P: [1.0, 0.5625, 0.375, 0.5625, 0.8125, 0.5625, 0.3125, 0.5625, 0.0625, 1.0, 0.6875, 1.0, 0.125, 0.8125, 0.6875, 0.125, 0.25, 0.8125, 0.9375, 0.9375]
[TRAIN]: (377/1600): reward: -83.39548349380493, rates: 0.6045164481911866, loss: 1.3047482281923295, rho: 0.5875, transmit_actions: 13, P: [0.3125, 0.375, 0.75, 0.25, 0.625, 0.9375, 0.9375, 0.375, 0.9375, 0.6875, 0.625, 0.5625, 1.0, 0.125, 0.9375, 0.8125, 1.0, 0.0, 0.5, 0.0625]
[TRAIN]: (378/1600): reward: -82.75112414360046, rates: 1.2488760333927549, loss: 1.371167916059494, rho: 0.60625, transmit_actions: 9, P: [0.5, 0.6875, 0.8125, 0.0, 0.5625, 0.8125, 0.3125, 0.5625, 0.25, 0.5625, 0.625, 0.6875, 0.125, 0.3125, 0.4375, 0.625, 0.4375, 0.5625, 0.625, 0.625]
[TRAIN]: (379/1600): reward: -77.17313772439957, rates: 1.8268621010127033, loss: 1.3695669054985047, rho: 0.5625, transmit_actions: 13, P: [0.25, 0.75, 0.75, 0.125, 0.5, 0.875, 0.6875, 0.4375, 0.8125, 0.375, 0.125, 0.6875, 0.4375, 0.125, 1.0, 0.875, 0.5, 0.125, 0.0, 0.625]
[TRAIN]: (380/1600): reward: -64.36361700296402, rates: 1.6363829723573557, loss: 1.3291045814752578, rho: 0.55, transmit_actions: 10, P: [0.25, 0.8125, 0.3125, 0.75, 0.8125, 0.4375, 0.5, 0.0, 0.4375, 0.375, 0.625, 1.0, 0.8125, 0.1875, 1.0, 0.0, 0.0625, 0.375, 0.3125, 0.1875]
[TRAIN]: (381/1600): reward: -66.61125910282135, rates: 1.3887406822434434, loss: 1.4789852142333983, rho: 0.425, transmit_actions: 10, P: [0.5, 0.25, 0.8125, 0.9375, 0.5, 0.125, 0.375, 0.5, 0.4375, 0.375, 0.875, 0.875, 0.625, 0.75, 0.375, 0.4375, 0.75, 1.0, 0.875, 0.75]
[TRAIN]: (382/1600): reward: -87.48178219795227, rates: 0.5182175929171897, loss: 1.1805800452828408, rho: 0.6125, transmit_actions: 11, P: [0.6875, 0.5625, 0.875, 0.625, 0.375, 0.5, 1.0, 0.25, 0.4375, 0.4375, 0.9375, 0.5625, 0.375, 0.75, 0.875, 0.6875, 0.3125, 0.5, 0.375, 1.0]
[TRAIN]: (383/1600): reward: -59.75260419398546, rates: 2.2473956924639658, loss: 1.5326800614595413, rho: 0.64375, transmit_actions: 12, P: [0.8125, 0.1875, 0.0, 0.9375, 0.25, 0.5625, 0.375, 0.25, 0.75, 0.3125, 0.625, 0.8125, 0.5625, 0.5, 0.0625, 0.375, 0.5625, 0.0, 1.0, 0.75]
[TRAIN]: (384/1600): reward: -74.84814795851707, rates: 0.15185204324997115, loss: 1.191992175579071, rho: 0.5875, transmit_actions: 6, P: [0.5625, 0.125, 0.5625, 1.0, 0.25, 0.375, 0.0625, 0.625, 0.9375, 0.3125, 0.75, 0.0, 0.625, 1.0, 0.0625, 0.375, 0.625, 0.9375, 0.3125, 0.0]
[TRAIN]: (385/1600): reward: -59.42371344566345, rates: 3.576286607566271, loss: 1.2967608958482741, rho: 0.5, transmit_actions: 12, P: [0.5625, 1.0, 0.9375, 1.0, 0.375, 0.375, 1.0, 0.875, 0.875, 0.1875, 0.875, 0.9375, 0.9375, 0.75, 0.25, 0.3125, 0.125, 0.3125, 0.125, 0.125]
[TRAIN]: (386/1600): reward: -67.72953051328659, rates: 2.2704697777425773, loss: 1.3272578209638595, rho: 0.49375, transmit_actions: 8, P: [0.875, 0.0625, 0.875, 0.375, 0.8125, 0.125, 0.0625, 0.0625, 0.6875, 0.1875, 0.125, 1.0, 0.5, 0.1875, 0.0625, 0.125, 0.625, 0.5625, 0.3125, 0.0]
[TRAIN]: (387/1600): reward: -68.34547936916351, rates: 1.6545207163416857, loss: 1.2703159958124162, rho: 0.45625, transmit_actions: 15, P: [0.875, 0.4375, 1.0, 0.875, 0.0, 0.1875, 0.625, 0.625, 0.3125, 0.25, 0.375, 0.375, 0.375, 0.375, 0.4375, 0.0, 0.625, 0.4375, 0.4375, 0.625]
[TRAIN]: (388/1600): reward: -71.2660943865776, rates: 2.7339057015859805, loss: 1.3674140512943267, rho: 0.54375, transmit_actions: 11, P: [0.5, 0.0625, 0.5625, 0.9375, 0.5, 0.9375, 0.0, 0.25, 0.4375, 0.25, 0.5, 0.1875, 0.25, 0.25, 0.25, 0.8125, 1.0, 0.25, 0.4375, 0.1875]
[TRAIN]: (389/1600): reward: -54.53093886375427, rates: 1.469061003967628, loss: 1.3976088374853135, rho: 0.4625, transmit_actions: 7, P: [0.9375, 0.125, 0.1875, 0.8125, 0.125, 0.75, 0.4375, 0.9375, 0.875, 0.75, 0.8125, 0.75, 0.5, 0.5625, 0.3125, 0.625, 0.625, 0.1875, 0.9375, 1.0]
[TRAIN]: (390/1600): reward: -69.45070683583617, rates: 1.549293227370982, loss: 1.4652688473463058, rho: 0.60625, transmit_actions: 9, P: [0.5625, 0.0, 0.5625, 0.0, 0.1875, 0.375, 0.25, 0.8125, 0.8125, 0.6875, 0.625, 0.9375, 0.1875, 0.0, 0.0625, 0.9375, 0.4375, 0.5, 0.5, 0.8125]
[TRAIN]: (391/1600): reward: -55.47968751192093, rates: 3.5203125838716347, loss: 1.304422178864479, rho: 0.56875, transmit_actions: 13, P: [0.125, 0.25, 0.0, 0.6875, 0.9375, 0.625, 0.125, 0.6875, 0.4375, 0.625, 0.1875, 0.125, 0.1875, 1.0, 0.375, 0.8125, 0.3125, 0.125, 0.5625, 0.875]
[TRAIN]: (392/1600): reward: -68.97107285261154, rates: 1.0289270771334365, loss: 1.4014433354139328, rho: 0.4875, transmit_actions: 8, P: [0.375, 0.75, 0.875, 0.6875, 0.8125, 0.375, 0.5625, 0.25, 0.0625, 0.625, 0.25, 0.4375, 0.9375, 1.0, 0.25, 0.75, 0.5, 0.6875, 0.3125, 0.125]
[TRAIN]: (393/1600): reward: -72.97078931331635, rates: 2.0292105306859476, loss: 1.2417598783969879, rho: 0.51875, transmit_actions: 8, P: [0.0625, 0.3125, 0.5625, 0.3125, 0.75, 0.9375, 0.75, 1.0, 0.5625, 0.6875, 0.3125, 0.9375, 0.8125, 1.0, 0.0, 0.0625, 0.6875, 0.5625, 0.875, 0.375]
[TRAIN]: (394/1600): reward: -67.81182566285133, rates: 2.188174319859918, loss: 1.3034933894872665, rho: 0.50625, transmit_actions: 9, P: [0.0625, 0.5, 0.375, 0.6875, 0.1875, 0.125, 0.0625, 0.1875, 0.625, 0.6875, 0.4375, 0.25, 0.1875, 0.4375, 0.1875, 0.6875, 0.6875, 0.25, 0.75, 0.375]
[TRAIN]: (395/1600): reward: -80.17373985052109, rates: 0.8262599692163077, loss: 1.2624000638723374, rho: 0.5625, transmit_actions: 10, P: [0.0625, 0.3125, 0.1875, 0.9375, 0.625, 0.5, 0.8125, 0.75, 0.3125, 0.6875, 0.125, 0.75, 0.1875, 0.9375, 0.6875, 0.6875, 0.3125, 0.375, 0.625, 0.375]
[TRAIN]: (396/1600): reward: -72.78037124872208, rates: 1.219628818865671, loss: 1.0574860617518425, rho: 0.54375, transmit_actions: 11, P: [0.5625, 1.0, 0.8125, 0.875, 0.0625, 0.625, 0.875, 0.25, 0.875, 0.0625, 0.0, 0.625, 0.0625, 0.4375, 0.8125, 0.6875, 0.4375, 0.6875, 0.375, 0.0625]
[TRAIN]: (397/1600): reward: -72.41644084453583, rates: 1.58355895283107, loss: 1.218623197078705, rho: 0.46875, transmit_actions: 9, P: [0.0625, 0.125, 0.1875, 0.9375, 0.25, 0.8125, 0.4375, 0.0625, 0.5625, 0.3125, 0.1875, 0.6875, 0.8125, 0.3125, 0.875, 0.4375, 0.1875, 0.6875, 0.5, 0.5]
[TRAIN]: (398/1600): reward: -60.77529241144657, rates: 1.2247075423902918, loss: 1.3712279587984084, rho: 0.50625, transmit_actions: 9, P: [0.5, 0.375, 0.25, 0.1875, 0.125, 1.0, 1.0, 0.125, 0.375, 0.9375, 0.5, 0.0, 0.0, 1.0, 0.25, 0.0, 0.0625, 0.1875, 0.875, 0.9375]
[TRAIN]: (399/1600): reward: -65.54016071557999, rates: 0.45983941680065754, loss: 1.302618744969368, rho: 0.5, transmit_actions: 5, P: [0.1875, 0.5625, 0.9375, 0.9375, 0.4375, 0.25, 0.3125, 0.8125, 0.4375, 0.6875, 0.875, 0.8125, 1.0, 0.5625, 0.875, 0.4375, 0.25, 0.0625, 0.375, 0.0625]
[TRAIN]: (400/1600): reward: -60.95307366549969, rates: 3.0469263067644854, loss: 1.3609009385108948, rho: 0.54375, transmit_actions: 11, P: [0.0625, 0.0, 0.1875, 1.0, 0.3125, 0.3125, 0.5, 0.75, 0.375, 0.25, 0.1875, 0.6875, 0.4375, 0.0, 0.3125, 0.4375, 0.5625, 0.3125, 0.3125, 0.125]
[TRAIN]: (401/1600): reward: -86.77566504478455, rates: 0.22433498765795867, loss: 1.4424937069416046, rho: 0.50625, transmit_actions: 12, P: [0.4375, 0.0625, 0.75, 0.3125, 0.125, 0.8125, 0.875, 0.5, 1.0, 1.0, 0.8125, 0.5, 0.375, 0.875, 0.5, 0.8125, 0.75, 0.0, 0.6875, 0.875]
[TRAIN]: (402/1600): reward: -66.8363566994667, rates: 2.1636432704303385, loss: 1.273333165049553, rho: 0.59375, transmit_actions: 12, P: [0.0, 0.5, 0.5625, 0.625, 0.3125, 0.375, 0.1875, 0.5625, 0.1875, 0.125, 0.0, 0.3125, 0.6875, 0.875, 0.25, 0.3125, 1.0, 0.5625, 0.5625, 0.875]
[TRAIN]: (403/1600): reward: -70.49289512634277, rates: 1.507104829659172, loss: 1.474022600054741, rho: 0.525, transmit_actions: 11, P: [0.3125, 0.75, 1.0, 0.0625, 0.8125, 0.125, 0.125, 0.3125, 0.75, 0.5, 0.1875, 1.0, 0.5, 0.0, 0.5, 0.9375, 0.375, 0.6875, 1.0, 0.1875]
[TRAIN]: (404/1600): reward: -77.44599863886833, rates: 1.5540012593424886, loss: 1.5195988535881042, rho: 0.48125, transmit_actions: 9, P: [0.875, 0.375, 0.0, 0.0, 0.9375, 0.3125, 0.0, 0.125, 0.625, 0.125, 0.0625, 0.875, 0.3125, 0.3125, 0.4375, 0.3125, 0.375, 0.4375, 0.625, 0.4375]
[TRAIN]: (405/1600): reward: -75.55770885944366, rates: 1.4422910870873047, loss: 1.3947843611240387, rho: 0.4625, transmit_actions: 11, P: [0.5625, 0.1875, 0.625, 0.25, 0.5625, 0.625, 0.625, 0.625, 0.4375, 0.125, 0.3125, 0.875, 0.9375, 0.5625, 0.1875, 0.125, 0.5625, 0.8125, 0.8125, 0.6875]
[TRAIN]: (406/1600): reward: -61.118474781513214, rates: 2.8815253399766565, loss: 1.5196569859981537, rho: 0.44375, transmit_actions: 11, P: [0.5, 0.1875, 0.3125, 0.8125, 0.6875, 0.375, 0.6875, 0.3125, 0.9375, 0.875, 0.25, 0.625, 0.5, 0.125, 0.4375, 1.0, 1.0, 0.5, 0.8125, 0.1875]
[TRAIN]: (407/1600): reward: -71.9304812848568, rates: 1.0695184712334944, loss: 1.303598615527153, rho: 0.51875, transmit_actions: 14, P: [0.9375, 0.375, 0.875, 0.5625, 0.875, 0.25, 0.375, 0.375, 0.5, 0.3125, 0.9375, 1.0, 0.5625, 1.0, 0.875, 0.0, 0.125, 0.4375, 0.5625, 0.5625]
[TRAIN]: (408/1600): reward: -78.10824024677277, rates: 1.8917596971143555, loss: 1.1796429187059403, rho: 0.4, transmit_actions: 10, P: [0.4375, 0.375, 0.5625, 0.5625, 0.625, 0.75, 0.5, 0.25, 0.5, 0.4375, 0.8125, 0.625, 0.6875, 0.1875, 0.5625, 0.125, 0.25, 0.25, 0.25, 0.625]
[TRAIN]: (409/1600): reward: -64.85018017888069, rates: 1.1498199943699157, loss: 1.4520446091890336, rho: 0.5125, transmit_actions: 12, P: [0.3125, 0.3125, 0.5, 0.375, 0.0, 0.0625, 0.75, 0.0, 0.25, 0.5, 0.875, 0.3125, 0.8125, 0.8125, 0.5, 0.6875, 0.5625, 0.1875, 0.75, 0.625]
[TRAIN]: (410/1600): reward: -52.16046244651079, rates: 1.8395374908138025, loss: 1.4410851895809174, rho: 0.39375, transmit_actions: 10, P: [0.375, 0.5, 0.3125, 0.5625, 0.5625, 0.0625, 0.25, 0.25, 0.3125, 0.3125, 0.6875, 0.5625, 0.1875, 0.375, 1.0, 0.8125, 0.6875, 0.9375, 0.4375, 0.1875]
[TRAIN]: (411/1600): reward: -69.12728828191757, rates: 1.8727115096257383, loss: 1.3729979336261748, rho: 0.5, transmit_actions: 11, P: [0.75, 0.6875, 0.625, 0.625, 0.3125, 0.6875, 0.0625, 0.5625, 0.25, 0.4375, 0.3125, 0.5, 0.3125, 0.5, 0.75, 0.5, 0.5, 0.9375, 0.6875, 0.375]
[TRAIN]: (412/1600): reward: -65.38121980428696, rates: 2.6187802294126348, loss: 1.3062989950180053, rho: 0.44375, transmit_actions: 11, P: [0.125, 0.0625, 0.8125, 0.125, 0.875, 0.875, 0.4375, 0.25, 0.0, 0.1875, 0.9375, 0.125, 0.1875, 0.625, 0.5625, 0.6875, 0.5625, 0.0, 0.1875, 0.6875]
[TRAIN]: (413/1600): reward: -85.18820929527283, rates: 0.8117906948033985, loss: 1.4215710759162903, rho: 0.5375, transmit_actions: 9, P: [0.6875, 1.0, 0.375, 1.0, 0.9375, 1.0, 0.6875, 0.25, 0.1875, 0.9375, 0.375, 0.125, 0.0625, 0.5625, 0.6875, 0.5625, 0.5625, 0.625, 0.5625, 1.0]
[TRAIN]: (414/1600): reward: -71.85787773132324, rates: 1.1421223240006704, loss: 1.3164130091667174, rho: 0.475, transmit_actions: 7, P: [0.625, 0.0, 0.875, 0.0, 0.3125, 0.75, 0.0, 0.0625, 0.375, 0.3125, 0.0625, 0.0625, 0.1875, 0.375, 0.875, 1.0, 0.0, 0.0, 0.375, 0.1875]
[TRAIN]: (415/1600): reward: -69.40133794024587, rates: 2.598662099025878, loss: 1.4241989701986313, rho: 0.49375, transmit_actions: 8, P: [0.25, 0.5625, 0.375, 0.4375, 0.8125, 0.625, 0.125, 0.125, 0.1875, 0.8125, 0.25, 0.9375, 0.0625, 0.25, 0.9375, 0.25, 0.875, 0.3125, 0.375, 0.8125]
[TRAIN]: (416/1600): reward: -77.80708460509777, rates: 1.1929154711454926, loss: 1.3593443840742112, rho: 0.53125, transmit_actions: 14, P: [0.625, 1.0, 0.9375, 0.5625, 0.1875, 0.5625, 0.5625, 0.1875, 1.0, 0.3125, 0.5625, 0.1875, 0.6875, 0.625, 0.625, 0.375, 0.625, 0.5625, 0.25, 0.125]
[TRAIN]: (417/1600): reward: -68.64495640993118, rates: 2.355043692172045, loss: 1.6000403463840485, rho: 0.51875, transmit_actions: 12, P: [0.6875, 0.25, 0.0, 0.0, 0.75, 0.9375, 0.5, 0.0, 0.5625, 0.25, 0.5, 0.8125, 0.125, 0.4375, 0.875, 0.0, 0.6875, 0.125, 0.6875, 0.375]
[TRAIN]: (418/1600): reward: -78.28353735804558, rates: 0.7164626939192996, loss: 1.468601006269455, rho: 0.54375, transmit_actions: 10, P: [0.9375, 0.625, 0.5, 0.375, 0.3125, 0.5, 0.125, 0.5, 0.25, 0.625, 0.625, 0.1875, 1.0, 0.5, 0.75, 0.5, 1.0, 0.875, 0.375, 0.25]
[TRAIN]: (419/1600): reward: -67.26232060790062, rates: 1.7376794086097291, loss: 1.4080098241567611, rho: 0.56875, transmit_actions: 8, P: [1.0, 0.125, 0.1875, 0.25, 0.875, 0.875, 0.625, 0.5625, 0.125, 0.5625, 0.4375, 0.6875, 0.4375, 0.5625, 0.125, 0.3125, 0.1875, 0.1875, 0.625, 0.6875]
[TRAIN]: (420/1600): reward: -75.15848636627197, rates: 1.8415135201973578, loss: 1.3385393679142, rho: 0.5, transmit_actions: 9, P: [0.4375, 0.875, 0.8125, 0.125, 0.1875, 0.1875, 0.75, 0.75, 0.5, 0.25, 0.625, 0.0, 0.625, 0.25, 0.3125, 0.25, 0.75, 0.5, 0.1875, 0.125]
[TRAIN]: (421/1600): reward: -61.216553032398224, rates: 1.7834470661076447, loss: 1.3445398330688476, rho: 0.44375, transmit_actions: 8, P: [0.375, 0.625, 0.75, 0.1875, 0.1875, 0.4375, 1.0, 0.5625, 0.5, 1.0, 0.75, 0.6875, 0.8125, 0.0625, 0.0, 0.0, 0.125, 0.25, 0.3125, 0.875]
[TRAIN]: (422/1600): reward: -54.77330467104912, rates: 2.226695344808697, loss: 1.298304057121277, rho: 0.5, transmit_actions: 12, P: [0.75, 0.5, 0.9375, 0.875, 0.0625, 1.0, 0.4375, 0.4375, 0.0625, 0.0625, 0.5625, 0.5625, 0.5, 0.875, 0.9375, 0.875, 0.8125, 0.375, 0.875, 0.5]
[TRAIN]: (423/1600): reward: -76.25407779216766, rates: 2.745922233963981, loss: 1.2221695572137832, rho: 0.53125, transmit_actions: 11, P: [0.5625, 0.75, 0.125, 0.375, 0.0625, 0.0, 0.0625, 0.375, 0.5625, 0.5, 0.125, 0.0, 0.5625, 0.8125, 0.375, 0.75, 0.4375, 0.0625, 0.0625, 0.6875]
[TRAIN]: (424/1600): reward: -78.17109405994415, rates: 1.8289061728545286, loss: 1.298347184062004, rho: 0.55625, transmit_actions: 11, P: [0.4375, 0.75, 0.4375, 0.375, 0.6875, 0.0, 0.375, 0.875, 0.0, 0.375, 0.4375, 0.75, 1.0, 0.4375, 0.8125, 0.75, 1.0, 0.125, 0.4375, 0.3125]
[TRAIN]: (425/1600): reward: -62.0736233368516, rates: 1.9263767151733944, loss: 1.374590700864792, rho: 0.5125, transmit_actions: 12, P: [0.8125, 1.0, 0.0, 0.5, 0.0, 0.8125, 0.8125, 0.9375, 0.5625, 0.1875, 0.0, 0.5625, 0.5625, 0.5, 0.6875, 0.3125, 0.25, 0.75, 0.875, 0.25]
[TRAIN]: (426/1600): reward: -66.47107356786728, rates: 1.5289263362106218, loss: 1.3477892026305198, rho: 0.48125, transmit_actions: 7, P: [0.4375, 0.375, 0.125, 0.875, 0.5, 0.3125, 0.375, 0.0625, 0.3125, 0.6875, 0.3125, 0.125, 0.3125, 0.75, 0.375, 0.9375, 0.0625, 0.3125, 0.5625, 0.6875]
[TRAIN]: (427/1600): reward: -66.9555413722992, rates: 1.0444587220589374, loss: 1.2504441827535628, rho: 0.38125, transmit_actions: 11, P: [1.0, 0.6875, 0.375, 0.4375, 0.875, 0.3125, 0.375, 1.0, 0.5, 0.5, 0.5, 1.0, 0.75, 1.0, 1.0, 0.0, 0.375, 0.0, 0.4375, 0.25]
[TRAIN]: (428/1600): reward: -59.65806174278259, rates: 1.3419382855545063, loss: 1.3155767917633057, rho: 0.4125, transmit_actions: 7, P: [0.375, 0.9375, 0.8125, 0.4375, 0.6875, 0.8125, 0.9375, 0.0625, 0.0, 0.625, 1.0, 0.125, 0.5625, 0.375, 1.0, 0.8125, 0.5, 0.375, 0.5, 0.75]
[TRAIN]: (429/1600): reward: -61.884552612900734, rates: 1.1154474654461586, loss: 1.3891365319490432, rho: 0.4375, transmit_actions: 10, P: [0.9375, 0.5625, 0.8125, 0.875, 0.5, 0.3125, 0.8125, 0.125, 0.6875, 0.3125, 0.375, 0.375, 0.9375, 0.875, 0.25, 0.875, 0.0, 0.1875, 0.9375, 0.4375]
[TRAIN]: (430/1600): reward: -73.70491403341293, rates: 1.295085968326984, loss: 1.5547998338937759, rho: 0.4375, transmit_actions: 7, P: [0.0625, 0.1875, 0.0, 0.9375, 0.375, 0.4375, 0.5, 0.75, 0.8125, 0.125, 0.5, 0.3125, 0.25, 0.9375, 0.1875, 1.0, 0.0625, 0.25, 0.5625, 0.125]
[TRAIN]: (431/1600): reward: -75.60705018043518, rates: 1.3929498466069397, loss: 1.3835805147886275, rho: 0.49375, transmit_actions: 9, P: [0.125, 0.5625, 0.125, 0.4375, 1.0, 0.3125, 0.0, 0.5, 0.875, 0.75, 0.6875, 0.4375, 0.5, 0.4375, 0.5, 0.875, 0.75, 0.5625, 0.375, 0.6875]
[TRAIN]: (432/1600): reward: -85.76074483990669, rates: 1.239254961003431, loss: 1.3208515048027039, rho: 0.51875, transmit_actions: 9, P: [0.4375, 0.625, 0.375, 0.6875, 0.5625, 0.6875, 0.8125, 1.0, 0.6875, 0.0625, 0.5625, 0.25, 0.375, 0.8125, 0.75, 0.0, 0.6875, 0.625, 0.6875, 0.5]
[TRAIN]: (433/1600): reward: -60.174049742519855, rates: 2.8259505348211085, loss: 1.540823233127594, rho: 0.5375, transmit_actions: 10, P: [0.3125, 0.1875, 0.9375, 0.875, 0.8125, 0.4375, 0.0625, 0.5, 1.0, 0.0625, 0.0625, 0.25, 0.9375, 0.5, 0.75, 0.4375, 0.875, 0.3125, 0.875, 0.75]
[TRAIN]: (434/1600): reward: -76.18980032205582, rates: 1.8101997503989078, loss: 1.3800407826900483, rho: 0.54375, transmit_actions: 14, P: [0.625, 0.875, 0.0625, 0.9375, 0.375, 0.5625, 0.75, 0.5, 0.5, 0.625, 0.5, 1.0, 0.375, 0.75, 0.5625, 0.0625, 0.625, 0.25, 0.375, 0.1875]
[TRAIN]: (435/1600): reward: -71.8328337520361, rates: 1.1671661662890935, loss: 1.531300786137581, rho: 0.50625, transmit_actions: 9, P: [0.625, 0.25, 0.8125, 0.1875, 0.6875, 0.1875, 0.25, 0.625, 1.0, 1.0, 0.875, 0.5625, 0.125, 0.6875, 0.875, 0.8125, 0.25, 0.8125, 1.0, 0.0]
[TRAIN]: (436/1600): reward: -61.24908386170864, rates: 2.750916162079018, loss: 1.307597205042839, rho: 0.625, transmit_actions: 10, P: [0.625, 0.5, 0.5, 0.1875, 0.0625, 0.875, 1.0, 0.375, 0.375, 0.3125, 0.0, 0.125, 0.4375, 0.5, 0.375, 0.4375, 0.6875, 0.0, 0.8125, 0.8125]
[TRAIN]: (437/1600): reward: -59.52149510383606, rates: 1.478504993892631, loss: 1.2204350382089615, rho: 0.51875, transmit_actions: 9, P: [0.375, 0.1875, 0.1875, 0.9375, 0.5625, 0.6875, 0.0, 0.5625, 0.75, 0.5, 0.75, 0.0, 0.5625, 0.6875, 0.6875, 0.4375, 0.875, 0.0625, 0.375, 0.875]
[TRAIN]: (438/1600): reward: -71.08869279921055, rates: 1.9113070975912358, loss: 1.3387433603405952, rho: 0.5125, transmit_actions: 10, P: [0.9375, 0.5, 0.125, 0.875, 0.9375, 0.0625, 0.5625, 0.4375, 0.0625, 0.375, 0.875, 0.375, 0.0, 0.625, 0.75, 0.5, 0.25, 0.125, 0.4375, 0.8125]
[TRAIN]: (439/1600): reward: -68.66938066482544, rates: 2.3306193683342307, loss: 1.3028437614440918, rho: 0.46875, transmit_actions: 9, P: [0.5, 0.25, 0.1875, 0.6875, 0.4375, 0.625, 0.3125, 0.8125, 0.3125, 0.3125, 0.4375, 0.5, 0.75, 0.75, 1.0, 0.875, 0.375, 0.3125, 0.625, 0.25]
[TRAIN]: (440/1600): reward: -70.87283623218536, rates: 1.1271639268295701, loss: 1.2894678235054016, rho: 0.5125, transmit_actions: 9, P: [0.0, 0.3125, 0.875, 0.9375, 0.4375, 0.25, 1.0, 0.6875, 0.4375, 0.3125, 0.0, 0.375, 0.75, 0.625, 0.0625, 0.125, 0.0625, 1.0, 0.1875, 0.375]
[TRAIN]: (441/1600): reward: -81.57564724981785, rates: 1.4243527427157252, loss: 1.3328769832849503, rho: 0.46875, transmit_actions: 10, P: [0.8125, 0.5625, 0.1875, 0.5625, 0.375, 0.25, 0.625, 0.6875, 0.0, 0.8125, 0.125, 0.625, 0.0, 0.4375, 0.8125, 0.0, 0.3125, 0.6875, 0.375, 1.0]
[TRAIN]: (442/1600): reward: -73.19909524917603, rates: 1.8009047027741776, loss: 1.3731219500303269, rho: 0.38125, transmit_actions: 9, P: [0.75, 0.8125, 0.3125, 0.5, 0.4375, 0.75, 0.0625, 0.5, 0.9375, 1.0, 0.75, 0.3125, 0.0, 0.4375, 0.9375, 0.125, 0.5, 0.0625, 0.0625, 0.375]
[TRAIN]: (443/1600): reward: -78.79700946807861, rates: 0.20299043858209387, loss: 1.4974823236465453, rho: 0.50625, transmit_actions: 6, P: [0.0625, 1.0, 0.8125, 0.3125, 0.1875, 0.4375, 0.9375, 0.5625, 0.8125, 0.0, 0.75, 0.25, 0.375, 0.0, 0.0625, 0.25, 0.4375, 0.9375, 0.0, 0.0625]
[TRAIN]: (444/1600): reward: -65.5009514093399, rates: 0.499048689069586, loss: 1.123473511636257, rho: 0.45, transmit_actions: 13, P: [1.0, 0.25, 0.0, 0.625, 0.8125, 0.875, 1.0, 0.625, 0.25, 0.9375, 0.3125, 0.9375, 0.8125, 0.875, 0.5625, 0.25, 0.1875, 0.875, 0.625, 0.625]
[TRAIN]: (445/1600): reward: -62.72085563838482, rates: 0.2791442973776651, loss: 1.3629658430814744, rho: 0.5, transmit_actions: 6, P: [0.25, 0.125, 0.5625, 0.8125, 0.375, 0.8125, 0.125, 0.75, 0.1875, 0.75, 0.9375, 0.5, 0.875, 0.0, 0.5625, 0.75, 0.75, 0.8125, 0.3125, 0.8125]
[TRAIN]: (446/1600): reward: -63.777423322200775, rates: 1.2225767252114128, loss: 1.2244235903024674, rho: 0.41875, transmit_actions: 9, P: [0.0625, 0.8125, 0.6875, 0.8125, 0.5, 0.8125, 0.0625, 0.0625, 0.6875, 0.8125, 0.125, 0.8125, 0.0625, 0.5, 0.0, 0.6875, 0.75, 0.0, 0.1875, 0.8125]
[TRAIN]: (447/1600): reward: -70.41557958722115, rates: 0.5844203852571147, loss: 1.4379107475280761, rho: 0.575, transmit_actions: 8, P: [0.8125, 0.125, 0.375, 0.8125, 0.375, 0.8125, 0.25, 0.125, 0.625, 0.5, 0.3125, 0.5625, 0.6875, 0.375, 0.125, 0.375, 0.0, 0.375, 0.4375, 0.0]
[TRAIN]: (448/1600): reward: -69.8987822830677, rates: 1.101217537782689, loss: 1.561825117468834, rho: 0.6, transmit_actions: 7, P: [0.6875, 0.0, 0.25, 0.75, 0.625, 0.4375, 0.25, 0.4375, 0.1875, 0.875, 0.625, 0.1875, 0.375, 0.9375, 0.4375, 1.0, 0.0625, 0.0, 0.0, 0.9375]
[TRAIN]: (449/1600): reward: -78.63247710466385, rates: 1.3675228970213102, loss: 1.2285209059715272, rho: 0.5875, transmit_actions: 8, P: [0.1875, 0.0, 0.0, 0.8125, 0.75, 0.6875, 0.3125, 0.875, 0.5625, 0.8125, 0.1875, 0.375, 0.125, 0.125, 0.75, 0.5, 0.75, 0.5, 0.875, 0.6875]
[TRAIN]: (450/1600): reward: -74.62015380710363, rates: 0.3798461948787325, loss: 1.2001924484968185, rho: 0.49375, transmit_actions: 6, P: [0.75, 0.5625, 0.375, 0.125, 0.4375, 0.125, 0.8125, 0.0, 0.75, 0.0625, 0.25, 0.4375, 0.125, 1.0, 0.0, 0.3125, 0.875, 1.0, 0.5, 0.8125]
[TRAIN]: (451/1600): reward: -77.19652390107512, rates: 2.8034762008519523, loss: 1.3696582525968553, rho: 0.4875, transmit_actions: 9, P: [0.6875, 0.625, 0.25, 0.6875, 0.5625, 0.0625, 0.6875, 0.8125, 0.5625, 0.5, 0.4375, 0.125, 0.25, 0.875, 0.8125, 0.1875, 0.0625, 0.375, 0.0, 0.25]
[TRAIN]: (452/1600): reward: -75.58349135518074, rates: 1.4165086678491574, loss: 1.3097550839185714, rho: 0.4875, transmit_actions: 12, P: [0.625, 0.875, 0.4375, 0.875, 0.1875, 0.75, 0.125, 0.5, 0.4375, 0.3125, 0.625, 0.375, 1.0, 0.0, 0.125, 0.1875, 0.375, 0.9375, 0.75, 0.875]
[TRAIN]: (453/1600): reward: -58.78745794296265, rates: 3.212542307657291, loss: 1.440302747488022, rho: 0.44375, transmit_actions: 11, P: [0.25, 0.0, 0.125, 0.8125, 0.5, 0.5, 0.0, 0.375, 0.4375, 0.9375, 0.0625, 0.625, 0.0625, 0.5625, 0.1875, 0.9375, 0.8125, 0.0625, 0.9375, 0.8125]
[TRAIN]: (454/1600): reward: -66.9171854108572, rates: 3.082814581650502, loss: 1.3590799689292907, rho: 0.55, transmit_actions: 12, P: [0.4375, 0.1875, 1.0, 0.1875, 0.3125, 0.5625, 0.25, 0.0625, 0.25, 0.5625, 0.375, 0.5625, 1.0, 0.375, 1.0, 0.4375, 0.625, 0.375, 0.6875, 0.1875]
[TRAIN]: (455/1600): reward: -63.45326301455498, rates: 1.5467370797998918, loss: 1.2788622945547103, rho: 0.51875, transmit_actions: 11, P: [0.25, 0.5625, 0.375, 0.875, 0.1875, 0.5, 0.8125, 0.6875, 0.4375, 0.625, 0.25, 0.375, 0.625, 0.375, 0.0, 0.1875, 0.9375, 0.75, 0.9375, 0.375]
[TRAIN]: (456/1600): reward: -66.6193677186966, rates: 3.380632263774298, loss: 1.2126409381628036, rho: 0.5125, transmit_actions: 11, P: [1.0, 0.875, 0.75, 0.8125, 1.0, 0.875, 0.6875, 0.3125, 0.6875, 0.0625, 0.4375, 0.125, 0.0625, 0.875, 0.1875, 0.8125, 0.8125, 0.375, 0.0625, 0.875]
[TRAIN]: (457/1600): reward: -72.2089069634676, rates: 0.7910931676229805, loss: 1.13360033929348, rho: 0.5, transmit_actions: 9, P: [0.3125, 0.9375, 0.9375, 0.0625, 0.5625, 0.625, 0.375, 0.6875, 0.3125, 0.625, 0.9375, 0.5625, 0.0625, 0.1875, 0.0625, 0.6875, 0.4375, 0.25, 0.5, 0.5625]
[TRAIN]: (458/1600): reward: -61.83136663772166, rates: 2.168633421022856, loss: 1.3778470367193223, rho: 0.55, transmit_actions: 13, P: [0.375, 0.0, 0.5625, 0.125, 0.5625, 0.0, 0.6875, 0.125, 0.25, 0.375, 0.875, 0.375, 0.6875, 0.6875, 0.75, 0.9375, 1.0, 0.6875, 0.25, 0.75]
[TRAIN]: (459/1600): reward: -82.59448671340942, rates: 0.40551319540700165, loss: 1.5844663441181184, rho: 0.4375, transmit_actions: 8, P: [0.5625, 0.6875, 0.625, 0.8125, 0.625, 0.125, 0.125, 0.875, 0.4375, 0.0625, 0.9375, 0.9375, 0.625, 0.5625, 0.75, 0.9375, 0.375, 0.4375, 0.9375, 0.9375]
[TRAIN]: (460/1600): reward: -64.17888736724854, rates: 2.821112608511366, loss: 1.275630283355713, rho: 0.40625, transmit_actions: 15, P: [0.0625, 0.0, 0.5625, 0.25, 0.5625, 0.375, 0.625, 0.125, 0.9375, 0.1875, 0.25, 0.6875, 1.0, 0.75, 0.625, 0.25, 0.625, 0.625, 0.5, 0.75]
[TRAIN]: (461/1600): reward: -75.10029447078705, rates: 0.8997055307034466, loss: 1.3865660548210144, rho: 0.51875, transmit_actions: 10, P: [0.25, 0.75, 0.375, 0.0, 0.875, 0.25, 0.8125, 0.4375, 0.125, 0.375, 0.6875, 0.625, 0.25, 0.6875, 1.0, 0.3125, 0.875, 0.875, 1.0, 0.25]
[TRAIN]: (462/1600): reward: -71.82656881213188, rates: 1.1734310289158578, loss: 1.3599273711442947, rho: 0.48125, transmit_actions: 12, P: [0.6875, 0.3125, 0.375, 0.4375, 0.9375, 0.6875, 0.25, 0.9375, 0.0625, 0.3125, 0.0625, 0.125, 0.5625, 0.75, 0.5, 0.625, 0.9375, 0.875, 0.625, 0.25]
[TRAIN]: (463/1600): reward: -67.23364812135696, rates: 1.766351682939816, loss: 1.3581165581941606, rho: 0.4125, transmit_actions: 10, P: [0.125, 1.0, 0.75, 0.875, 0.6875, 0.0625, 0.8125, 0.5, 0.5, 0.8125, 0.0, 0.5625, 0.625, 0.0625, 0.5625, 0.5, 0.3125, 0.5625, 0.1875, 0.125]
[TRAIN]: (464/1600): reward: -53.56621362268925, rates: 6.4337862689441225, loss: 1.2810278326272964, rho: 0.4875, transmit_actions: 11, P: [0.25, 0.1875, 0.875, 0.3125, 0.0625, 0.5625, 0.125, 0.5, 0.9375, 0.75, 0.625, 0.0625, 0.1875, 0.5625, 0.75, 0.6875, 0.1875, 0.3125, 0.25, 0.25]
[TRAIN]: (465/1600): reward: -62.91615056991577, rates: 0.08384946864234714, loss: 1.4146832138299943, rho: 0.38125, transmit_actions: 5, P: [0.0625, 0.4375, 0.5625, 1.0, 0.4375, 0.5, 0.75, 0.0, 1.0, 0.0, 0.75, 0.375, 0.625, 0.5, 0.75, 0.9375, 0.5625, 1.0, 0.9375, 0.6875]
[TRAIN]: (466/1600): reward: -75.56197357922792, rates: 1.4380264807187324, loss: 1.1432323634624482, rho: 0.51875, transmit_actions: 9, P: [0.8125, 0.3125, 0.8125, 0.0, 0.3125, 0.75, 0.9375, 0.75, 0.6875, 0.75, 0.25, 0.625, 0.4375, 0.1875, 0.125, 0.8125, 0.0625, 0.5625, 0.5, 0.0]
[TRAIN]: (467/1600): reward: -61.057227686047554, rates: 3.9427723133830446, loss: 1.332530641555786, rho: 0.45625, transmit_actions: 8, P: [0.625, 0.6875, 0.6875, 0.375, 0.0625, 0.0625, 0.6875, 0.0625, 0.5625, 0.625, 0.25, 1.0, 0.5625, 0.3125, 0.5, 0.375, 0.3125, 0.0625, 0.1875, 0.4375]
[TRAIN]: (468/1600): reward: -72.76010197401047, rates: 0.23989801983889542, loss: 1.2983499467372894, rho: 0.475, transmit_actions: 10, P: [0.3125, 0.8125, 0.75, 0.75, 0.75, 0.4375, 0.8125, 0.8125, 0.25, 0.5, 0.625, 0.5, 0.625, 0.9375, 0.1875, 0.75, 0.75, 1.0, 0.5625, 0.0625]
[TRAIN]: (469/1600): reward: -66.4445571899414, rates: 0.5554428231565829, loss: 1.4086255997419357, rho: 0.5, transmit_actions: 9, P: [0.125, 0.125, 0.6875, 0.875, 0.1875, 0.75, 0.3125, 0.6875, 0.1875, 0.625, 0.3125, 0.875, 0.625, 1.0, 0.75, 0.0, 1.0, 0.0, 0.3125, 0.625]
[TRAIN]: (470/1600): reward: -72.54399704933167, rates: 1.4560028961326061, loss: 1.4456728845834732, rho: 0.44375, transmit_actions: 9, P: [0.3125, 0.125, 0.8125, 0.6875, 0.6875, 0.0, 0.375, 0.0625, 0.0625, 0.8125, 0.9375, 0.0625, 0.875, 0.25, 0.9375, 0.4375, 0.3125, 0.8125, 0.25, 0.875]
[TRAIN]: (471/1600): reward: -57.89945477247238, rates: 3.1005451921534473, loss: 1.1682242095470428, rho: 0.45, transmit_actions: 8, P: [0.5, 0.3125, 0.875, 0.125, 0.0, 0.0625, 0.125, 0.625, 0.375, 0.5625, 0.625, 0.75, 0.875, 1.0, 0.25, 1.0, 0.8125, 0.0, 0.125, 0.0625]
[TRAIN]: (472/1600): reward: -66.79287564754486, rates: 2.207124474666314, loss: 1.3162813484668732, rho: 0.46875, transmit_actions: 10, P: [0.0, 0.375, 0.3125, 0.5, 0.375, 0.0, 0.5, 0.125, 0.375, 0.625, 0.25, 0.4375, 0.125, 0.375, 0.6875, 0.4375, 0.625, 0.25, 0.875, 0.875]
[TRAIN]: (473/1600): reward: -66.39837336540222, rates: 0.6016267927473111, loss: 1.1881190866231919, rho: 0.49375, transmit_actions: 8, P: [0.0625, 0.0, 0.75, 0.5625, 0.75, 0.375, 0.3125, 0.125, 0.75, 0.3125, 0.6875, 0.75, 0.25, 0.125, 0.125, 0.8125, 0.4375, 0.875, 0.375, 0.1875]
[TRAIN]: (474/1600): reward: -55.77866257727146, rates: 0.2213374299292546, loss: 1.4051050573587418, rho: 0.475, transmit_actions: 5, P: [0.5, 0.9375, 0.75, 0.5, 1.0, 0.25, 0.0625, 0.9375, 0.0, 0.4375, 0.8125, 0.4375, 0.125, 0.625, 0.9375, 0.625, 0.375, 0.0, 0.75, 0.375]
[TRAIN]: (475/1600): reward: -77.71654009819031, rates: 0.2834599508610067, loss: 1.3898689031600953, rho: 0.5125, transmit_actions: 7, P: [0.3125, 0.625, 0.375, 0.4375, 0.6875, 0.0, 0.9375, 0.75, 0.1875, 0.1875, 0.875, 0.375, 0.9375, 0.75, 0.375, 0.625, 0.875, 0.4375, 0.25, 0.0]
[TRAIN]: (476/1600): reward: -71.48883616924286, rates: 1.511163884606019, loss: 1.2539979159832, rho: 0.525, transmit_actions: 9, P: [0.5, 0.25, 0.0625, 0.5, 0.75, 0.4375, 0.0625, 0.875, 0.9375, 1.0, 0.6875, 0.6875, 0.0625, 0.1875, 0.25, 0.6875, 0.3125, 0.3125, 0.0, 0.375]
[TRAIN]: (477/1600): reward: -83.10323643684387, rates: 0.8967635847989096, loss: 1.3157958507537841, rho: 0.44375, transmit_actions: 11, P: [0.1875, 0.625, 0.5, 0.125, 1.0, 0.75, 0.125, 0.375, 0.75, 0.25, 0.375, 0.5, 0.25, 0.4375, 0.9375, 0.875, 0.4375, 0.25, 0.25, 0.875]
[TRAIN]: (478/1600): reward: -77.73697566986084, rates: 2.263024453023945, loss: 1.5495728492736816, rho: 0.4875, transmit_actions: 10, P: [1.0, 0.875, 0.25, 0.375, 0.4375, 1.0, 0.625, 1.0, 0.25, 0.25, 0.1875, 0.9375, 0.75, 0.25, 0.4375, 0.1875, 0.5, 0.625, 0.0625, 0.3125]
[TRAIN]: (479/1600): reward: -67.63516044616699, rates: 1.364839533541891, loss: 1.4770314157009126, rho: 0.4625, transmit_actions: 9, P: [0.375, 0.375, 0.5, 0.8125, 1.0, 0.625, 0.3125, 0.0625, 0.9375, 0.3125, 0.9375, 0.8125, 0.1875, 0.375, 0.0625, 0.0625, 0.1875, 0.9375, 0.0, 0.4375]
[TRAIN]: (480/1600): reward: -78.753462433815, rates: 1.246537555429751, loss: 1.305851349234581, rho: 0.51875, transmit_actions: 8, P: [0.5, 0.0625, 1.0, 0.4375, 0.625, 0.1875, 0.5, 0.5, 0.0625, 0.125, 0.875, 0.125, 0.375, 0.9375, 0.5, 0.5625, 0.625, 0.875, 0.125, 0.4375]
[TRAIN]: (481/1600): reward: -70.80236268043518, rates: 1.1976373724211578, loss: 1.14799395352602, rho: 0.375, transmit_actions: 11, P: [0.0625, 0.75, 0.8125, 0.75, 1.0, 0.5625, 0.375, 0.875, 0.1875, 0.75, 0.3125, 0.25, 0.5625, 0.6875, 0.375, 0.5, 0.8125, 0.0, 0.5, 0.5625]
[TRAIN]: (482/1600): reward: -79.61421009898186, rates: 1.3857899256724266, loss: 1.4466371417045594, rho: 0.475, transmit_actions: 9, P: [0.4375, 0.4375, 0.6875, 0.75, 0.3125, 0.4375, 0.875, 0.375, 0.5625, 0.4375, 0.0, 0.75, 0.5, 0.375, 0.25, 0.1875, 0.8125, 0.1875, 0.6875, 0.6875]
[TRAIN]: (483/1600): reward: -86.49356579780579, rates: 0.5064342057595087, loss: 1.3361826837062836, rho: 0.56875, transmit_actions: 10, P: [0.625, 0.375, 1.0, 1.0, 0.5625, 0.4375, 0.75, 0.5, 0.9375, 0.625, 0.0625, 0.3125, 0.0, 0.5625, 0.9375, 0.9375, 0.5625, 0.9375, 0.6875, 0.8125]
[TRAIN]: (484/1600): reward: -56.3506795912981, rates: 2.649320460888218, loss: 1.1930857867002487, rho: 0.4875, transmit_actions: 9, P: [0.4375, 0.125, 0.1875, 0.0, 1.0, 0.5, 0.9375, 0.875, 0.1875, 0.375, 0.0625, 0.5625, 0.125, 0.125, 0.4375, 0.125, 0.0, 0.4375, 0.6875, 0.0]
[TRAIN]: (485/1600): reward: -67.55101491510868, rates: 2.448985156234643, loss: 1.4156073361635209, rho: 0.45, transmit_actions: 7, P: [0.0, 0.1875, 0.9375, 0.625, 0.1875, 0.0, 0.625, 0.5, 0.375, 0.0625, 0.5, 0.4375, 0.875, 0.1875, 0.0, 1.0, 0.75, 0.125, 0.5, 0.9375]
[TRAIN]: (486/1600): reward: -76.00600922107697, rates: 0.9939908312596127, loss: 1.1778254970908164, rho: 0.50625, transmit_actions: 11, P: [0.0625, 0.75, 0.8125, 0.5, 0.875, 0.0, 0.5625, 0.125, 0.125, 0.8125, 0.625, 1.0, 0.0625, 0.125, 0.375, 0.5, 0.625, 0.1875, 0.5, 0.125]
[TRAIN]: (487/1600): reward: -53.03944355249405, rates: 1.9605565454287297, loss: 1.1435035526752473, rho: 0.4875, transmit_actions: 8, P: [0.125, 0.8125, 0.25, 0.125, 0.8125, 0.75, 0.9375, 0.1875, 0.125, 0.5, 0.8125, 0.75, 0.625, 0.125, 0.0625, 0.5, 0.0, 0.875, 0.375, 0.875]
[TRAIN]: (488/1600): reward: -50.41197745501995, rates: 1.5880225505169363, loss: 1.454611125588417, rho: 0.4125, transmit_actions: 7, P: [0.25, 0.125, 0.0, 0.75, 0.75, 0.8125, 0.6875, 0.875, 0.4375, 0.4375, 0.6875, 0.4375, 0.875, 1.0, 0.125, 0.375, 0.625, 0.375, 0.125, 0.375]
[TRAIN]: (489/1600): reward: -75.84308265149593, rates: 1.1569173903729038, loss: 1.5154277116060257, rho: 0.58125, transmit_actions: 10, P: [0.4375, 0.875, 0.3125, 0.5, 0.9375, 0.5, 0.9375, 0.6875, 0.25, 0.625, 0.1875, 1.0, 0.5, 0.125, 0.4375, 0.125, 0.75, 0.25, 0.375, 0.5]
[TRAIN]: (490/1600): reward: -63.51579523086548, rates: 0.48420484460683844, loss: 1.305456081032753, rho: 0.40625, transmit_actions: 6, P: [0.8125, 0.625, 0.5625, 0.3125, 0.75, 0.875, 0.75, 0.375, 0.3125, 1.0, 0.3125, 0.875, 0.625, 0.625, 0.875, 0.3125, 1.0, 0.875, 0.75, 0.6875]
[TRAIN]: (491/1600): reward: -51.770856499671936, rates: 3.2291434939872854, loss: 1.1991394758224487, rho: 0.43125, transmit_actions: 9, P: [0.6875, 0.0625, 0.6875, 0.75, 0.8125, 0.5625, 0.6875, 0.0, 0.9375, 0.1875, 0.4375, 0.9375, 0.125, 0.4375, 0.8125, 0.3125, 0.1875, 0.0, 0.25, 0.9375]
[TRAIN]: (492/1600): reward: -76.4134532213211, rates: 0.5865467520759662, loss: 1.313433399796486, rho: 0.46875, transmit_actions: 7, P: [0.3125, 0.25, 0.625, 0.875, 0.0, 0.1875, 0.375, 0.9375, 0.4375, 0.8125, 0.8125, 0.3125, 0.5, 0.75, 0.3125, 0.8125, 0.375, 0.3125, 0.75, 0.3125]
[TRAIN]: (493/1600): reward: -79.56414866447449, rates: 0.43585139617623697, loss: 1.254096472263336, rho: 0.54375, transmit_actions: 11, P: [0.25, 0.0, 0.4375, 0.5, 0.75, 0.9375, 0.5625, 0.25, 0.1875, 0.8125, 1.0, 0.25, 0.9375, 0.125, 0.0, 0.0, 0.25, 0.875, 0.0, 0.8125]
[TRAIN]: (494/1600): reward: -76.94974318146706, rates: 2.05025675585004, loss: 1.3711097568273545, rho: 0.54375, transmit_actions: 14, P: [0.6875, 0.6875, 0.875, 0.875, 0.8125, 0.5625, 0.75, 0.125, 0.625, 0.625, 0.875, 0.6875, 0.625, 1.0, 0.25, 0.1875, 1.0, 0.0, 0.9375, 0.25]
[TRAIN]: (495/1600): reward: -77.38637578487396, rates: 2.613624243510336, loss: 1.3505681201815605, rho: 0.525, transmit_actions: 8, P: [0.625, 0.0, 0.375, 1.0, 0.8125, 0.25, 0.1875, 0.1875, 0.8125, 0.625, 0.75, 0.875, 0.8125, 0.3125, 0.5, 0.4375, 0.375, 0.3125, 0.75, 0.8125]
[TRAIN]: (496/1600): reward: -72.75602492690086, rates: 1.2439750066952495, loss: 1.2900604516267777, rho: 0.625, transmit_actions: 9, P: [0.6875, 0.125, 0.875, 0.4375, 0.125, 0.3125, 0.6875, 0.625, 1.0, 0.125, 0.25, 1.0, 0.875, 0.0, 0.0, 0.4375, 0.1875, 1.0, 0.3125, 0.8125]
[TRAIN]: (497/1600): reward: -62.24177521467209, rates: 3.7582249238401784, loss: 1.2961948454380035, rho: 0.45, transmit_actions: 17, P: [0.6875, 0.75, 0.9375, 0.0, 0.0625, 0.3125, 0.75, 0.625, 0.125, 0.75, 0.0625, 0.4375, 0.875, 0.5625, 0.1875, 0.3125, 0.5, 0.0625, 0.8125, 0.9375]
[TRAIN]: (498/1600): reward: -44.546716675162315, rates: 4.453283369993044, loss: 1.2937986940145492, rho: 0.5, transmit_actions: 9, P: [0.0625, 0.0625, 0.6875, 0.5, 0.0, 0.4375, 0.75, 0.9375, 0.1875, 0.0625, 0.125, 0.1875, 0.625, 0.125, 0.125, 1.0, 0.4375, 0.1875, 0.75, 0.3125]
[TRAIN]: (499/1600): reward: -89.54647293686867, rates: 0.4535270855354433, loss: 1.3194522708654404, rho: 0.5125, transmit_actions: 8, P: [0.8125, 0.625, 0.75, 0.75, 0.5, 0.5625, 0.125, 0.625, 0.6875, 0.125, 0.25, 0.9375, 0.125, 0.1875, 1.0, 0.125, 0.5625, 0.625, 0.125, 0.5625]
[TRAIN]: (500/1600): reward: -60.26575994491577, rates: 1.7342399997996178, loss: 1.1671986341476441, rho: 0.425, transmit_actions: 11, P: [0.875, 0.6875, 0.6875, 0.25, 0.4375, 0.5, 0.375, 0.375, 0.5625, 0.0, 0.75, 0.875, 0.4375, 0.875, 0.0625, 1.0, 0.5, 0.875, 0.9375, 0.8125]
[TRAIN]: (501/1600): reward: -75.6584587097168, rates: 1.3415412701585931, loss: 1.1298481822013855, rho: 0.4875, transmit_actions: 8, P: [0.375, 0.5625, 0.75, 0.1875, 0.9375, 0.875, 0.0625, 0.5625, 0.3125, 0.8125, 0.4375, 0.5, 0.0, 1.0, 0.3125, 0.5, 0.4375, 0.6875, 0.1875, 0.5]
[TRAIN]: (502/1600): reward: -57.95656305551529, rates: 2.043437035024218, loss: 1.2804939061403275, rho: 0.425, transmit_actions: 13, P: [0.375, 0.6875, 0.6875, 0.5625, 0.375, 0.125, 0.1875, 0.625, 0.625, 1.0, 0.6875, 0.25, 0.8125, 0.5, 0.75, 0.9375, 0.9375, 0.875, 0.0625, 0.0625]
[TRAIN]: (503/1600): reward: -68.10859733819962, rates: 3.8914025165489554, loss: 1.4615719050168992, rho: 0.53125, transmit_actions: 9, P: [0.75, 0.25, 0.5625, 0.4375, 0.6875, 0.5, 0.3125, 0.4375, 0.3125, 0.5, 0.25, 0.25, 0.375, 0.875, 0.3125, 0.125, 0.75, 0.0625, 0.5625, 0.0625]
[TRAIN]: (504/1600): reward: -74.94147288799286, rates: 2.0585269266770285, loss: 1.3366900891065598, rho: 0.5625, transmit_actions: 11, P: [0.25, 0.1875, 0.375, 0.5625, 0.625, 0.25, 0.6875, 0.9375, 0.8125, 0.375, 0.6875, 0.0, 0.1875, 0.5625, 0.5625, 0.1875, 0.875, 0.75, 0.125, 0.0625]
[TRAIN]: (505/1600): reward: -58.41473777592182, rates: 3.5852621095809916, loss: 1.2426924526691436, rho: 0.49375, transmit_actions: 8, P: [0.5625, 0.6875, 0.625, 0.375, 0.375, 0.8125, 1.0, 0.0625, 0.0, 1.0, 0.3125, 0.1875, 0.9375, 0.875, 0.0, 0.3125, 0.5625, 0.9375, 0.125, 0.3125]
[TRAIN]: (506/1600): reward: -76.10076594352722, rates: 0.8992340074684365, loss: 1.4405448585748672, rho: 0.475, transmit_actions: 9, P: [0.3125, 0.8125, 0.875, 0.3125, 0.625, 0.75, 0.875, 0.3125, 0.0, 0.4375, 0.875, 0.625, 0.3125, 0.5, 0.9375, 0.375, 0.8125, 0.375, 0.375, 1.0]
[TRAIN]: (507/1600): reward: -67.93090331554413, rates: 1.0690967564630978, loss: 1.308717730641365, rho: 0.46875, transmit_actions: 9, P: [0.0, 0.1875, 0.3125, 0.125, 0.25, 0.625, 0.3125, 0.1875, 0.9375, 0.25, 0.0, 1.0, 0.3125, 0.0625, 0.5, 1.0, 0.9375, 0.625, 0.5, 0.0]
[TRAIN]: (508/1600): reward: -67.23000140488148, rates: 1.7699986260961076, loss: 1.2452271074056624, rho: 0.49375, transmit_actions: 9, P: [0.1875, 0.1875, 1.0, 0.9375, 0.875, 1.0, 0.125, 0.9375, 0.875, 0.25, 0.375, 0.8125, 1.0, 0.125, 0.875, 1.0, 0.75, 0.0625, 0.5, 0.3125]
[TRAIN]: (509/1600): reward: -73.97683355212212, rates: 1.0231663400734534, loss: 1.293924406170845, rho: 0.525, transmit_actions: 10, P: [0.625, 0.875, 0.0625, 0.25, 0.25, 0.375, 0.875, 0.0625, 0.5, 0.25, 1.0, 0.375, 0.0625, 0.8125, 0.875, 0.625, 0.8125, 0.4375, 1.0, 0.1875]
[TRAIN]: (510/1600): reward: -53.11627100408077, rates: 2.8837289792858067, loss: 1.310353308916092, rho: 0.5, transmit_actions: 12, P: [0.25, 0.6875, 0.8125, 0.6875, 0.125, 0.625, 0.4375, 0.375, 0.25, 0.25, 0.125, 0.25, 0.0, 0.6875, 0.375, 0.5, 0.25, 0.3125, 0.125, 0.0]
[TRAIN]: (511/1600): reward: -56.020545959472656, rates: 1.9794541111252992, loss: 1.5592921316623687, rho: 0.44375, transmit_actions: 10, P: [0.4375, 0.5, 0.5, 0.25, 0.875, 0.6875, 0.4375, 0.5, 0.9375, 0.5, 0.0, 0.875, 0.625, 0.1875, 0.375, 0.375, 0.125, 0.6875, 0.25, 0.6875]
[TRAIN]: (512/1600): reward: -64.30717949196696, rates: 2.6928203400769766, loss: 1.2390087753534318, rho: 0.44375, transmit_actions: 8, P: [0.1875, 0.75, 0.5625, 0.4375, 0.1875, 0.0625, 0.875, 0.3125, 0.875, 0.0, 0.375, 0.9375, 0.75, 0.0625, 0.625, 0.8125, 0.8125, 0.6875, 0.5625, 0.4375]
[TRAIN]: (513/1600): reward: -66.06373211741447, rates: 2.9362679673198993, loss: 1.331852412223816, rho: 0.55, transmit_actions: 13, P: [0.375, 0.5625, 0.4375, 0.875, 0.125, 0.375, 0.625, 0.125, 0.4375, 0.875, 0.1875, 1.0, 0.1875, 0.125, 0.5625, 0.4375, 0.125, 0.0, 0.4375, 0.3125]
[TRAIN]: (514/1600): reward: -64.72053641080856, rates: 2.279463519596755, loss: 1.3110984176397324, rho: 0.4875, transmit_actions: 7, P: [0.4375, 0.0625, 0.1875, 0.25, 0.0625, 0.5625, 0.0, 0.9375, 0.6875, 0.625, 0.125, 0.75, 0.75, 0.75, 0.25, 0.1875, 0.75, 0.9375, 0.5625, 0.4375]
[TRAIN]: (515/1600): reward: -69.68738956749439, rates: 1.312610441945863, loss: 1.1885848253965379, rho: 0.4875, transmit_actions: 14, P: [0.4375, 1.0, 0.625, 0.75, 0.0, 0.5, 0.0625, 0.5625, 0.1875, 0.9375, 0.8125, 0.5, 0.6875, 0.625, 0.25, 1.0, 0.8125, 0.875, 0.75, 0.625]
[TRAIN]: (516/1600): reward: -63.182467341423035, rates: 1.8175327394576453, loss: 1.429511585831642, rho: 0.53125, transmit_actions: 12, P: [0.3125, 0.5, 0.6875, 0.4375, 0.5625, 0.75, 0.25, 0.5, 0.1875, 0.1875, 0.3125, 0.5625, 0.0, 0.0, 0.375, 0.0, 0.0625, 0.4375, 0.125, 1.0]
[TRAIN]: (517/1600): reward: -46.33483588695526, rates: 5.6651641109812, loss: 1.4783625602722168, rho: 0.4875, transmit_actions: 13, P: [0.5, 0.0625, 0.25, 0.75, 0.9375, 0.5, 0.0625, 0.25, 0.0, 0.1875, 0.375, 0.5625, 0.625, 0.75, 0.3125, 0.1875, 0.375, 0.0625, 0.0625, 0.0625]
[TRAIN]: (518/1600): reward: -47.356375217437744, rates: 4.643624854204776, loss: 1.3480184465646743, rho: 0.3875, transmit_actions: 13, P: [1.0, 0.9375, 0.3125, 0.5625, 0.3125, 0.0625, 0.4375, 0.0625, 0.25, 0.5, 1.0, 0.0625, 0.25, 0.625, 0.8125, 0.625, 0.125, 0.0625, 0.375, 0.625]
[TRAIN]: (519/1600): reward: -41.63582167029381, rates: 8.364178300401566, loss: 1.2684375762939453, rho: 0.45625, transmit_actions: 12, P: [0.1875, 0.125, 0.9375, 0.5625, 0.6875, 0.0625, 0.6875, 0.875, 0.625, 0.625, 0.25, 0.0625, 0.0625, 0.5625, 0.25, 0.125, 0.0625, 0.75, 0.0625, 0.125]
[TRAIN]: (520/1600): reward: -44.27782240509987, rates: 3.7221774589759944, loss: 1.3387947723269462, rho: 0.5125, transmit_actions: 11, P: [0.0625, 0.0, 0.125, 0.125, 0.6875, 0.75, 0.0625, 0.5625, 0.25, 0.375, 0.0625, 0.0, 0.0, 0.25, 0.6875, 0.0, 0.6875, 0.1875, 0.75, 0.125]
[TRAIN]: (521/1600): reward: -31.645297318696976, rates: 9.354702970675188, loss: 1.3390960276126862, rho: 0.34375, transmit_actions: 15, P: [0.75, 0.0625, 0.8125, 0.0625, 0.125, 0.125, 0.25, 0.4375, 0.0625, 0.75, 0.1875, 0.75, 0.0, 0.1875, 0.8125, 0.125, 0.375, 0.0625, 0.125, 0.125]
[TRAIN]: (522/1600): reward: -50.812673687934875, rates: 6.187326365385175, loss: 1.1434029906988143, rho: 0.3875, transmit_actions: 13, P: [0.0625, 0.125, 0.0625, 0.1875, 0.875, 0.0625, 0.0625, 0.6875, 0.125, 0.125, 1.0, 0.5, 0.125, 0.0625, 0.0, 0.5, 1.0, 0.0, 0.125, 0.6875]
[TRAIN]: (523/1600): reward: -35.74262851476669, rates: 7.257371463820709, loss: 1.3355252861976623, rho: 0.4, transmit_actions: 14, P: [1.0, 0.0625, 0.5625, 0.125, 0.5625, 0.25, 0.0625, 0.0625, 0.6875, 0.3125, 0.6875, 0.5625, 0.6875, 0.5, 0.125, 0.0, 0.6875, 0.8125, 0.125, 0.125]
[TRAIN]: (524/1600): reward: -39.700795724987984, rates: 5.299204393019544, loss: 1.313143140077591, rho: 0.39375, transmit_actions: 10, P: [0.5, 0.375, 0.125, 0.6875, 0.0625, 0.375, 0.75, 0.25, 0.125, 0.6875, 0.125, 0.875, 0.0625, 0.25, 1.0, 0.9375, 0.125, 0.875, 0.5625, 0.75]
[TRAIN]: (525/1600): reward: -30.68341076374054, rates: 8.316589072781639, loss: 1.3274189233779907, rho: 0.40625, transmit_actions: 13, P: [1.0, 0.9375, 0.4375, 0.0625, 0.375, 0.0, 0.3125, 0.6875, 0.875, 0.125, 0.125, 0.375, 0.125, 0.0625, 0.0625, 0.1875, 0.9375, 0.125, 0.75, 0.0625]
[TRAIN]: (526/1600): reward: -39.733206152915955, rates: 9.266794080837617, loss: 1.4577892169356346, rho: 0.4125, transmit_actions: 12, P: [0.25, 0.0625, 0.0625, 0.3125, 0.125, 0.125, 0.1875, 0.125, 0.4375, 0.625, 0.125, 0.125, 0.0625, 0.0625, 0.125, 0.0625, 0.125, 0.75, 0.4375, 0.125]
[TRAIN]: (527/1600): reward: -56.13043648004532, rates: 5.8695636007194905, loss: 1.3470096975564956, rho: 0.4125, transmit_actions: 12, P: [0.875, 0.5625, 0.8125, 0.75, 0.0625, 0.4375, 0.0, 0.5625, 0.5, 0.5625, 0.6875, 0.0625, 0.0625, 1.0, 0.0625, 0.9375, 0.0625, 0.4375, 0.125, 0.5]
[TRAIN]: (528/1600): reward: -15.390412271022797, rates: 13.609587746501244, loss: 1.2150974541902542, rho: 0.2625, transmit_actions: 16, P: [1.0, 0.4375, 0.0625, 0.0625, 0.0625, 0.0625, 0.0625, 1.0, 1.0, 0.0625, 0.0625, 0.625, 0.9375, 0.125, 0.0625, 0.0625, 0.0625, 0.6875, 0.25, 0.0625]
[TRAIN]: (529/1600): reward: -32.211977034807205, rates: 7.788022882718593, loss: 1.283936083316803, rho: 0.35625, transmit_actions: 11, P: [0.5625, 0.125, 0.0625, 0.0625, 0.0625, 0.0625, 0.3125, 0.0625, 0.4375, 0.0, 0.0625, 0.0625, 0.0625, 0.25, 0.5625, 0.9375, 1.0, 0.0625, 0.0625, 0.25]
[TRAIN]: (530/1600): reward: -34.24388349056244, rates: 6.756116551398801, loss: 1.3688807368278504, rho: 0.40625, transmit_actions: 14, P: [0.0, 0.5, 0.0625, 0.5625, 0.75, 0.875, 0.1875, 0.9375, 0.0625, 0.0625, 0.375, 0.0625, 0.0625, 0.75, 1.0, 0.0625, 0.0, 0.875, 0.0625, 0.0625]
[TRAIN]: (531/1600): reward: -17.241483822464943, rates: 9.758516105243976, loss: 1.1322345644235612, rho: 0.35, transmit_actions: 15, P: [0.125, 0.0625, 0.0625, 0.75, 0.0625, 0.0, 0.0625, 0.0625, 0.1875, 0.875, 0.25, 0.0625, 0.0625, 0.0625, 0.0625, 0.5, 0.0625, 0.75, 0.125, 0.125]
[TRAIN]: (532/1600): reward: -18.862445905804634, rates: 14.137554048376552, loss: 1.1849612593650818, rho: 0.3125, transmit_actions: 15, P: [1.0, 0.0625, 0.0625, 0.0, 0.0625, 0.0625, 0.25, 0.0625, 0.0625, 0.4375, 0.0625, 0.625, 0.0625, 0.0625, 1.0, 0.0625, 0.0625, 0.0625, 0.0625, 0.1875]
[TRAIN]: (533/1600): reward: -33.55345943570137, rates: 7.446540538681747, loss: 1.3505993694067002, rho: 0.44375, transmit_actions: 13, P: [0.125, 0.0, 0.5625, 0.0625, 0.4375, 0.75, 0.5, 0.875, 0.0625, 0.0625, 0.0625, 0.0625, 0.0625, 0.0625, 0.3125, 0.0625, 1.0, 0.1875, 0.6875, 0.8125]
[TRAIN]: (534/1600): reward: -46.97435903549194, rates: 7.025641004388777, loss: 1.1794247329235077, rho: 0.39375, transmit_actions: 14, P: [0.4375, 0.5, 0.0625, 0.0625, 0.3125, 0.8125, 0.6875, 0.0625, 0.25, 0.0625, 0.625, 0.5625, 0.5, 0.75, 0.5, 0.3125, 0.0625, 0.0625, 0.9375, 0.0625]
[TRAIN]: (535/1600): reward: -31.730066001415253, rates: 10.269934170443802, loss: 1.2817703813314438, rho: 0.33125, transmit_actions: 16, P: [0.625, 0.0625, 0.0625, 0.0625, 0.0625, 0.0, 0.75, 0.625, 0.0625, 0.0625, 0.6875, 0.375, 0.4375, 0.0625, 0.0625, 0.6875, 0.0625, 0.0625, 1.0, 0.0625]
[TRAIN]: (536/1600): reward: -42.1787303686142, rates: 7.82126962094493, loss: 1.2985082030296327, rho: 0.45, transmit_actions: 14, P: [0.9375, 0.0625, 0.125, 0.125, 0.0, 0.25, 0.0625, 0.3125, 0.0625, 0.0625, 0.6875, 0.5, 1.0, 0.0625, 0.0625, 0.0625, 0.25, 0.1875, 0.0625, 0.8125]
[TRAIN]: (537/1600): reward: -29.067432314157486, rates: 10.932567395467595, loss: 1.2598492920398712, rho: 0.30625, transmit_actions: 16, P: [0.875, 0.0625, 0.0625, 0.0625, 0.0625, 0.75, 0.0625, 0.3125, 0.125, 0.0625, 0.0625, 0.875, 0.3125, 0.0625, 0.0625, 0.0625, 0.0625, 0.0625, 0.5, 0.5]
[TRAIN]: (538/1600): reward: -7.9376635774970055, rates: 13.062336564377087, loss: 1.2213098138570786, rho: 0.325, transmit_actions: 17, P: [1.0, 0.0625, 0.0625, 0.6875, 0.0625, 0.0625, 0.0625, 0.25, 0.0625, 0.75, 0.0625, 0.0625, 0.0625, 0.0625, 0.0625, 0.0625, 0.0625, 0.0625, 0.9375, 0.0625]
[TRAIN]: (539/1600): reward: -26.519081096164882, rates: 12.48091898808945, loss: 1.3190265119075775, rho: 0.3125, transmit_actions: 12, P: [1.0, 0.0, 0.0625, 0.0625, 0.625, 1.0, 0.0625, 0.625, 0.0625, 0.5625, 0.125, 0.0625, 0.375, 0.0625, 0.0625, 0.0625, 0.25, 0.625, 0.0625, 0.3125]
[TRAIN]: (540/1600): reward: -20.7477647960186, rates: 9.252234978509506, loss: 1.1962639272212983, rho: 0.275, transmit_actions: 14, P: [0.0625, 0.0625, 0.0625, 0.0625, 0.0625, 0.875, 0.0625, 0.5, 0.0625, 0.9375, 0.0, 0.5625, 0.6875, 0.0625, 0.0625, 0.0625, 0.8125, 0.75, 0.0625, 0.875]
[TRAIN]: (541/1600): reward: -8.058706998825073, rates: 13.94129301971367, loss: 1.4693975627422333, rho: 0.275, transmit_actions: 14, P: [1.0, 0.6875, 0.3125, 0.25, 0.9375, 0.0625, 0.5625, 0.0625, 0.0625, 0.0625, 0.8125, 0.0625, 0.0625, 0.0625, 0.0625, 0.0625, 0.0625, 0.0625, 0.0625, 0.125]
[TRAIN]: (542/1600): reward: -22.87263509631157, rates: 10.12736488677325, loss: 1.2987848848104477, rho: 0.25625, transmit_actions: 13, P: [1.0, 0.0625, 0.0625, 1.0, 0.0625, 0.0, 0.0625, 0.6875, 0.6875, 0.0625, 0.375, 0.0625, 0.0625, 0.0625, 0.0625, 0.9375, 0.0625, 0.125, 0.0, 0.125]
[TRAIN]: (543/1600): reward: -8.685519278049469, rates: 11.314480768189288, loss: 1.3825189918279648, rho: 0.3, transmit_actions: 16, P: [1.0, 0.125, 0.0625, 0.75, 0.1875, 0.0625, 0.0625, 0.0625, 0.0625, 0.0625, 0.1875, 0.0625, 0.0625, 0.1875, 0.0625, 0.0625, 0.125, 0.125, 0.375, 0.0]
[TRAIN]: (544/1600): reward: -25.504221469163895, rates: 9.495778617462253, loss: 1.2247802436351776, rho: 0.4125, transmit_actions: 13, P: [0.75, 0.0625, 0.0625, 0.0625, 0.125, 1.0, 0.5625, 0.0625, 0.875, 0.8125, 0.5625, 0.0625, 0.125, 0.3125, 0.0625, 0.3125, 0.0625, 0.125, 0.0625, 1.0]
[TRAIN]: (545/1600): reward: -11.432564169168472, rates: 12.567435796382057, loss: 1.3687614381313324, rho: 0.30625, transmit_actions: 15, P: [0.6875, 1.0, 0.3125, 0.9375, 0.125, 0.6875, 0.0625, 0.0625, 1.0, 0.5, 0.0625, 0.0625, 0.0, 0.0625, 0.0625, 0.0625, 0.125, 0.0, 0.125, 0.0625]
[TRAIN]: (546/1600): reward: -15.111700534820557, rates: 13.888299526408272, loss: 1.2565060019493104, rho: 0.29375, transmit_actions: 16, P: [1.0, 0.0625, 0.0625, 0.125, 0.0625, 0.125, 0.0625, 0.125, 0.3125, 0.9375, 0.0625, 0.5, 0.8125, 0.0625, 0.0625, 0.0625, 0.0625, 0.0625, 0.6875, 0.0625]
[TRAIN]: (547/1600): reward: -3.7944778501987457, rates: 15.205522169659107, loss: 1.2302573382854463, rho: 0.33125, transmit_actions: 18, P: [1.0, 0.0625, 1.0, 0.125, 1.0, 0.0625, 1.0, 0.0625, 0.0625, 0.0625, 0.9375, 0.125, 0.0625, 0.0625, 0.125, 0.0625, 0.0625, 0.125, 0.4375, 0.0625]
[TRAIN]: (548/1600): reward: -41.56437706947327, rates: 10.435622820389124, loss: 1.330916517972946, rho: 0.3375, transmit_actions: 12, P: [0.0625, 0.0625, 0.25, 0.1875, 0.0625, 1.0, 0.75, 0.0625, 0.0625, 0.0625, 0.625, 0.875, 0.0625, 0.0625, 0.0625, 0.0, 0.3125, 0.125, 0.0625, 0.0625]
[TRAIN]: (549/1600): reward: -25.924160063266754, rates: 13.075839861186548, loss: 1.2308140605688096, rho: 0.275, transmit_actions: 17, P: [0.75, 0.0625, 0.5625, 0.375, 0.0625, 0.0625, 0.6875, 0.0625, 0.0625, 0.0625, 0.0625, 0.375, 0.5, 0.0625, 0.125, 0.375, 0.3125, 0.0625, 0.0625, 0.125]
[TRAIN]: (550/1600): reward: -46.29000681638718, rates: 7.7099933384018104, loss: 1.418909353017807, rho: 0.4, transmit_actions: 13, P: [1.0, 0.4375, 0.0625, 0.125, 0.6875, 0.0625, 0.0625, 1.0, 0.0625, 0.1875, 0.8125, 0.0625, 0.125, 0.75, 0.0625, 0.1875, 0.5625, 0.25, 0.4375, 0.875]
[TRAIN]: (551/1600): reward: 2.6346252858638763, rates: 15.634625103197214, loss: 1.335700398683548, rho: 0.2625, transmit_actions: 18, P: [1.0, 0.125, 0.0625, 0.0625, 0.0625, 0.5625, 0.0625, 0.375, 0.125, 0.0625, 0.0625, 0.0625, 0.0625, 0.75, 0.0625, 0.125, 0.0625, 0.125, 0.0625, 0.0625]
[TRAIN]: (552/1600): reward: -2.893327295780182, rates: 13.10667276597851, loss: 1.3440883427858352, rho: 0.3125, transmit_actions: 15, P: [1.0, 0.125, 0.0625, 0.125, 0.125, 0.125, 0.6875, 1.0, 0.0625, 0.125, 0.125, 0.75, 0.0625, 0.125, 0.125, 0.0625, 0.125, 0.8125, 0.125, 0.0625]
[TRAIN]: (553/1600): reward: -14.592008784413338, rates: 13.407990907632488, loss: 1.442558342218399, rho: 0.36875, transmit_actions: 16, P: [0.0625, 0.0625, 0.125, 0.3125, 0.0625, 0.0625, 0.0625, 0.125, 0.1875, 0.4375, 0.0625, 0.0625, 0.0625, 0.125, 0.5625, 0.25, 0.0625, 0.0625, 0.0625, 0.0]
[TRAIN]: (554/1600): reward: -2.7611956000328064, rates: 14.238804408578403, loss: 1.3443685561418532, rho: 0.28125, transmit_actions: 18, P: [0.5, 0.5, 0.875, 0.125, 0.125, 0.0625, 0.0625, 0.0625, 0.0625, 0.0625, 0.0625, 0.0625, 0.0625, 0.125, 0.25, 0.25, 0.0625, 0.125, 0.125, 0.125]
[TRAIN]: (555/1600): reward: -7.450018286705017, rates: 14.549981697197214, loss: 1.1521635204553604, rho: 0.3125, transmit_actions: 17, P: [1.0, 0.125, 1.0, 0.0625, 0.125, 0.0625, 0.0625, 0.125, 0.0625, 0.125, 0.0625, 0.0625, 0.0625, 0.125, 0.25, 0.5, 0.0625, 0.6875, 0.0625, 0.4375]
[TRAIN]: (556/1600): reward: 7.743535280227661, rates: 16.743535288673424, loss: 1.1940565228462219, rho: 0.2375, transmit_actions: 18, P: [0.4375, 0.0625, 0.0625, 0.0625, 0.125, 0.0625, 0.0625, 0.0625, 0.0625, 0.0625, 0.125, 0.125, 0.125, 0.0625, 0.0625, 0.0625, 0.0625, 0.0625, 0.125, 0.375]
[TRAIN]: (557/1600): reward: 6.007466018199921, rates: 17.00746603748356, loss: 1.3043858349323272, rho: 0.2, transmit_actions: 17, P: [1.0, 0.0625, 0.0625, 0.0625, 0.125, 0.0625, 0.0625, 0.3125, 0.0625, 0.0625, 0.0625, 0.0625, 0.125, 0.0625, 0.0625, 0.0625, 0.0625, 0.0625, 0.0625, 0.0625]
[TRAIN]: (558/1600): reward: 4.850020874291658, rates: 15.850020800509233, loss: 1.4646273612976075, rho: 0.175, transmit_actions: 16, P: [1.0, 0.125, 0.9375, 0.0625, 0.0625, 0.0625, 0.125, 0.0625, 0.0625, 0.0, 1.0, 0.375, 0.0625, 0.0625, 0.0625, 0.0625, 0.0625, 0.0625, 0.0625, 0.0625]
[TRAIN]: (559/1600): reward: -10.026666462421417, rates: 15.973333312627503, loss: 1.2197495371103286, rho: 0.26875, transmit_actions: 15, P: [1.0, 0.0625, 0.0625, 0.0625, 0.1875, 0.5, 0.125, 0.625, 0.0625, 0.0625, 0.0625, 0.0625, 0.0625, 0.625, 0.0625, 0.25, 0.0625, 0.6875, 0.0625, 0.0625]
[TRAIN]: (560/1600): reward: -9.380089104175568, rates: 13.619910960772655, loss: 1.1284724801778794, rho: 0.29375, transmit_actions: 17, P: [0.8125, 0.0625, 0.0625, 0.0625, 0.0625, 0.125, 0.0625, 0.4375, 0.125, 0.875, 0.625, 0.0625, 0.0625, 0.875, 0.0625, 0.875, 0.0625, 0.75, 0.0625, 0.0625]
[TRAIN]: (561/1600): reward: -13.492058515548706, rates: 12.50794136411291, loss: 1.2498839616775512, rho: 0.175, transmit_actions: 15, P: [1.0, 0.875, 0.0625, 0.0625, 0.125, 0.0625, 0.0625, 0.0625, 0.0625, 0.0625, 0.0625, 0.0625, 0.0625, 0.125, 0.0625, 0.0625, 0.25, 0.1875, 0.0625, 0.625]
[TRAIN]: (562/1600): reward: -4.34910848736763, rates: 15.650891544541285, loss: 1.160637080669403, rho: 0.23125, transmit_actions: 18, P: [1.0, 0.0625, 0.0625, 0.625, 0.0625, 0.0625, 1.0, 0.0625, 0.0625, 0.0625, 0.0625, 0.0625, 0.0625, 0.125, 0.125, 0.125, 0.0625, 0.0, 0.125, 0.0625]
[TRAIN]: (563/1600): reward: -2.09427472949028, rates: 16.90572538647745, loss: 1.2267794638872147, rho: 0.20625, transmit_actions: 16, P: [1.0, 0.3125, 0.0625, 0.0625, 0.0625, 0.0625, 0.0625, 0.25, 0.0625, 0.125, 0.25, 0.0625, 0.5, 0.0625, 0.0625, 0.0625, 0.0625, 0.125, 0.125, 0.125]
[TRAIN]: (564/1600): reward: -17.036503322422504, rates: 13.963496593581342, loss: 1.2347028464078904, rho: 0.25625, transmit_actions: 13, P: [1.0, 0.125, 0.375, 0.125, 0.0625, 0.0625, 0.125, 0.1875, 0.0625, 0.0625, 0.0625, 0.125, 0.0625, 0.0625, 0.1875, 0.125, 0.3125, 0.0625, 0.0625, 0.0625]
[TRAIN]: (565/1600): reward: -19.491048753261566, rates: 12.50895128002837, loss: 1.2136471047997475, rho: 0.2875, transmit_actions: 15, P: [1.0, 0.0625, 0.5, 0.5, 0.0625, 0.6875, 0.0625, 0.0625, 0.0625, 0.0625, 0.0625, 0.0625, 0.0625, 0.0625, 0.5, 0.0625, 0.5, 0.5625, 0.0625, 0.625]
[TRAIN]: (566/1600): reward: 11.581939965486526, rates: 18.581940052604093, loss: 1.310592418909073, rho: 0.25, transmit_actions: 18, P: [1.0, 0.0625, 0.0625, 0.125, 0.125, 0.0625, 0.0625, 0.0625, 0.0625, 0.0625, 0.0625, 0.1875, 0.0625, 0.0625, 0.0625, 0.0625, 0.0625, 0.0625, 0.0625, 0.125]
[TRAIN]: (567/1600): reward: -9.482075035572052, rates: 12.517925049245205, loss: 1.2266532838344575, rho: 0.31875, transmit_actions: 16, P: [1.0, 0.3125, 0.3125, 0.0625, 0.3125, 0.0625, 0.0625, 0.375, 0.0625, 0.0625, 0.125, 0.0625, 0.0625, 0.0625, 0.0625, 0.0625, 0.125, 0.125, 0.3125, 0.0625]
[TRAIN]: (568/1600): reward: 2.9223870933055878, rates: 17.92238695259004, loss: 1.240122413635254, rho: 0.24375, transmit_actions: 17, P: [1.0, 0.125, 0.1875, 0.125, 0.5, 0.0625, 0.3125, 0.0625, 0.0625, 0.0625, 0.0625, 0.1875, 0.0625, 0.0625, 0.0625, 0.0625, 0.0625, 0.125, 0.0625, 0.125]
[TRAIN]: (569/1600): reward: 4.689242601394653, rates: 16.689242591980666, loss: 1.3917407929897307, rho: 0.2375, transmit_actions: 17, P: [1.0, 0.0625, 0.0625, 0.125, 0.125, 0.0625, 0.125, 0.0625, 0.0, 0.0625, 0.0625, 0.0625, 0.125, 0.125, 0.0625, 0.0625, 0.125, 0.875, 0.0625, 0.5]
[TRAIN]: (570/1600): reward: -0.1961842179298401, rates: 15.803815800025728, loss: 1.2111386090517045, rho: 0.26875, transmit_actions: 18, P: [1.0, 0.0625, 0.3125, 0.125, 0.6875, 0.125, 0.0625, 0.0625, 0.375, 0.0625, 0.0625, 0.0625, 0.125, 0.125, 0.0625, 0.125, 0.0625, 0.0625, 0.0625, 0.0625]
[TRAIN]: (571/1600): reward: 16.138741433620453, rates: 17.13874128216685, loss: 1.435220894217491, rho: 0.23125, transmit_actions: 18, P: [1.0, 0.0625, 0.0625, 0.9375, 0.0625, 0.0625, 0.0625, 0.0625, 0.0625, 0.3125, 0.0625, 0.0625, 0.0625, 0.0625, 0.0625, 0.0, 0.0625, 0.125, 0.0625, 0.0625]
[TRAIN]: (572/1600): reward: -2.2087942510843277, rates: 12.79120563078438, loss: 1.2002818912267685, rho: 0.25, transmit_actions: 16, P: [1.0, 0.0625, 0.0625, 0.0625, 0.8125, 0.0625, 0.0625, 0.0625, 0.0625, 0.0625, 0.75, 0.0625, 0.0625, 0.1875, 0.0625, 0.0625, 0.0625, 0.8125, 0.0625, 0.0625]
[TRAIN]: (573/1600): reward: -5.57176199555397, rates: 14.428237877268684, loss: 1.2836315989494325, rho: 0.21875, transmit_actions: 18, P: [1.0, 0.0625, 0.0625, 0.0, 0.875, 0.125, 0.0625, 0.0625, 0.0625, 0.125, 0.75, 0.0625, 0.0625, 0.125, 0.125, 0.375, 0.0625, 0.0625, 0.125, 0.125]
[TRAIN]: (574/1600): reward: 16.793309181928635, rates: 18.793309482583975, loss: 1.327944815158844, rho: 0.2125, transmit_actions: 19, P: [1.0, 0.125, 0.0625, 0.0625, 0.0625, 0.0625, 0.0625, 0.0625, 0.125, 0.125, 0.0625, 0.125, 0.0625, 0.0625, 0.0625, 0.125, 0.125, 0.0625, 0.0625, 0.0625]
[TRAIN]: (575/1600): reward: -4.767801851034164, rates: 14.23219808920293, loss: 1.3563307046890258, rho: 0.3, transmit_actions: 16, P: [1.0, 0.1875, 0.0625, 0.125, 0.5, 0.4375, 0.0625, 0.0625, 0.0625, 0.0625, 0.0625, 0.0625, 0.75, 0.0625, 0.0625, 0.0625, 0.125, 0.125, 0.0625, 0.125]
[TRAIN]: (576/1600): reward: -12.881445616483688, rates: 12.118554427141643, loss: 1.287260067462921, rho: 0.2375, transmit_actions: 17, P: [1.0, 0.125, 0.0625, 0.6875, 0.125, 0.0625, 0.0, 0.125, 0.125, 0.125, 0.125, 0.75, 0.125, 0.125, 0.25, 1.0, 0.625, 0.125, 0.125, 0.125]
[TRAIN]: (577/1600): reward: 16.402203008532524, rates: 18.402203088706763, loss: 1.2481736272573472, rho: 0.16875, transmit_actions: 19, P: [1.0, 0.125, 0.125, 0.0625, 0.0625, 0.125, 0.125, 0.0625, 0.0625, 0.0625, 0.0625, 0.125, 0.125, 0.125, 0.125, 0.125, 0.125, 0.125, 0.125, 0.0625]
[TRAIN]: (578/1600): reward: 20.662466824054718, rates: 20.662466863637675, loss: 1.1731695801019668, rho: 0.1375, transmit_actions: 18, P: [1.0, 0.125, 0.0625, 0.125, 0.0625, 0.125, 0.0625, 0.0625, 0.0625, 0.6875, 0.0625, 0.125, 0.0625, 0.0625, 0.125, 0.0625, 0.125, 0.0625, 0.0625, 0.125]
[TRAIN]: (579/1600): reward: 13.543175026774406, rates: 18.54317491765793, loss: 1.1995868667960168, rho: 0.15625, transmit_actions: 19, P: [1.0, 0.0625, 0.125, 0.0625, 0.125, 0.125, 0.0625, 0.0625, 0.125, 0.125, 0.0625, 0.125, 0.125, 0.125, 0.125, 0.25, 0.125, 0.125, 0.125, 0.125]
[TRAIN]: (580/1600): reward: -2.118278846144676, rates: 12.88172113363379, loss: 1.2511438250541687, rho: 0.30625, transmit_actions: 16, P: [1.0, 0.0625, 0.625, 0.0, 0.0625, 0.0625, 0.0625, 0.125, 0.125, 0.625, 0.0625, 0.25, 0.0625, 0.0625, 0.9375, 0.0625, 0.125, 0.0625, 0.0625, 0.0625]
[TRAIN]: (581/1600): reward: 9.425921559333801, rates: 17.425921629180056, loss: 1.3195388734340667, rho: 0.1875, transmit_actions: 18, P: [1.0, 0.0625, 0.125, 0.0625, 0.125, 0.3125, 0.0625, 0.125, 0.0625, 0.0625, 0.0625, 0.125, 0.0625, 0.125, 0.125, 0.125, 0.0625, 0.0625, 0.125, 0.1875]
[TRAIN]: (582/1600): reward: 12.450108230113983, rates: 15.450108197406518, loss: 1.2084463089704514, rho: 0.225, transmit_actions: 19, P: [1.0, 0.0625, 0.0625, 0.0625, 0.0625, 0.0625, 0.0625, 0.0625, 0.0, 0.0625, 0.0625, 0.3125, 0.0625, 0.0625, 0.0625, 0.0625, 0.0625, 0.0625, 0.0625, 0.0625]
[TRAIN]: (583/1600): reward: 20.205865740776062, rates: 20.205865556001147, loss: 1.2168746292591095, rho: 0.15625, transmit_actions: 19, P: [1.0, 0.0625, 0.0625, 0.0625, 0.0625, 0.0625, 0.0625, 0.125, 0.0625, 0.0625, 0.0625, 0.0625, 0.0625, 0.0625, 0.0625, 0.0625, 0.0625, 0.0625, 0.0625, 0.0625]
[TRAIN]: (584/1600): reward: 7.023453813046217, rates: 16.02345395908624, loss: 1.144167496263981, rho: 0.1625, transmit_actions: 18, P: [1.0, 0.0625, 0.0625, 0.0625, 0.125, 0.0625, 0.125, 0.0625, 0.0625, 0.0625, 0.5625, 0.0625, 0.0625, 0.0625, 0.125, 0.0625, 0.125, 0.0625, 0.0625, 0.0625]
[TRAIN]: (585/1600): reward: 12.935892790555954, rates: 18.935892943087588, loss: 1.0899261504411697, rho: 0.19375, transmit_actions: 18, P: [1.0, 0.0625, 0.0625, 0.0625, 0.125, 0.0625, 0.0625, 0.125, 0.125, 0.125, 0.0625, 0.0625, 0.0625, 0.125, 0.125, 0.125, 0.0625, 0.0, 0.125, 0.0625]
[TRAIN]: (586/1600): reward: 3.154676988720894, rates: 14.154676958451276, loss: 1.2491884797811508, rho: 0.2625, transmit_actions: 18, P: [1.0, 0.0625, 0.9375, 0.0625, 0.0625, 0.0625, 0.125, 0.0625, 0.125, 0.6875, 0.0625, 0.0625, 0.125, 0.125, 1.0, 0.0625, 0.0625, 0.125, 0.0625, 0.0625]
[TRAIN]: (587/1600): reward: 4.948923870921135, rates: 14.948923888793335, loss: 1.1898861974477768, rho: 0.25, transmit_actions: 17, P: [1.0, 0.0625, 0.0625, 0.0625, 0.125, 0.0625, 0.0625, 0.125, 0.0625, 0.0625, 0.125, 0.125, 0.125, 0.125, 0.0, 0.125, 1.0, 0.0625, 0.125, 0.0625]
[TRAIN]: (588/1600): reward: 18.23014222085476, rates: 18.230142101698075, loss: 1.2381975889205932, rho: 0.1375, transmit_actions: 18, P: [1.0, 0.0625, 0.0625, 0.0625, 0.9375, 0.125, 0.125, 0.0625, 0.0625, 0.0625, 0.0625, 0.0625, 0.0625, 0.0625, 0.0625, 0.0625, 0.0625, 0.0625, 0.0625, 0.0625]
[TRAIN]: (589/1600): reward: 13.610125988721848, rates: 18.610125768009354, loss: 1.2996895223855973, rho: 0.1875, transmit_actions: 18, P: [1.0, 0.0625, 0.0625, 0.0625, 0.0625, 0.0625, 0.0625, 0.125, 0.0625, 0.0625, 0.0625, 0.0625, 0.0625, 0.0625, 0.0625, 0.0625, 0.0625, 0.0625, 0.0625, 0.0625]
[TRAIN]: (590/1600): reward: -13.65181416273117, rates: 13.34818585686864, loss: 1.1915777057409287, rho: 0.3, transmit_actions: 17, P: [1.0, 0.5, 0.25, 0.875, 0.0625, 0.125, 0.0625, 0.0625, 0.0625, 0.4375, 0.0625, 0.0625, 0.0625, 0.125, 0.0625, 0.0625, 0.125, 0.0625, 0.9375, 0.0625]
[TRAIN]: (591/1600): reward: 0.697398841381073, rates: 17.69739875568954, loss: 1.0953509837388993, rho: 0.26875, transmit_actions: 18, P: [1.0, 0.125, 0.0625, 0.0625, 0.0625, 0.0625, 0.0625, 0.0625, 0.75, 0.75, 0.0625, 0.0625, 0.0625, 0.0625, 0.9375, 0.0625, 0.3125, 0.0625, 0.0625, 0.0625]
[TRAIN]: (592/1600): reward: 5.550665616989136, rates: 15.55066573605704, loss: 1.0535947173833846, rho: 0.2125, transmit_actions: 18, P: [1.0, 0.0625, 0.0625, 0.0625, 0.125, 0.0625, 0.0625, 0.0625, 0.0625, 0.0625, 0.5625, 0.0625, 0.0625, 0.0625, 0.0625, 0.0625, 0.0625, 0.25, 0.125, 0.125]
[TRAIN]: (593/1600): reward: 17.331657260656357, rates: 18.331657342353807, loss: 1.1784947231411933, rho: 0.19375, transmit_actions: 18, P: [1.0, 0.0625, 0.125, 0.0625, 0.0625, 0.0625, 0.0625, 0.0625, 0.0625, 0.0625, 0.125, 0.125, 0.0625, 0.0625, 0.875, 0.125, 0.0625, 0.0625, 0.0625, 0.0625]
[TRAIN]: (594/1600): reward: 10.873906701803207, rates: 18.873906865711213, loss: 1.1721117466688156, rho: 0.1875, transmit_actions: 18, P: [1.0, 0.0625, 0.125, 0.125, 0.0625, 0.0625, 0.0625, 0.0625, 0.0625, 0.0625, 0.0625, 0.0625, 0.25, 0.125, 0.0625, 0.0625, 0.0625, 0.125, 0.0625, 0.0625]
[TRAIN]: (595/1600): reward: 6.411985027603805, rates: 15.41198500236035, loss: 1.3606170624494554, rho: 0.16875, transmit_actions: 18, P: [1.0, 0.0625, 0.0625, 0.0625, 0.0625, 0.9375, 0.0625, 0.0625, 0.0625, 0.0625, 0.0625, 0.0625, 0.0625, 0.0625, 0.125, 0.6875, 0.0625, 0.0625, 0.0625, 0.0625]
[TRAIN]: (596/1600): reward: 19.02414757013321, rates: 19.02414748152428, loss: 1.215630868077278, rho: 0.13125, transmit_actions: 19, P: [1.0, 0.0625, 0.0625, 0.0625, 0.0625, 0.0625, 0.0625, 0.0625, 0.125, 0.0625, 0.0625, 0.125, 0.125, 0.0625, 0.0625, 0.0625, 0.0625, 0.0625, 0.0625, 0.0625]
[TRAIN]: (597/1600): reward: 5.169259190559387, rates: 15.169259201758052, loss: 1.2524759471416473, rho: 0.2375, transmit_actions: 18, P: [1.0, 0.0625, 0.0625, 0.0625, 0.0625, 0.0625, 0.0625, 0.125, 0.125, 0.0625, 0.0625, 0.0625, 0.125, 0.0625, 0.6875, 0.1875, 0.0625, 0.0625, 0.125, 0.0625]
[TRAIN]: (598/1600): reward: 17.869462102651596, rates: 17.869462064842743, loss: 1.2895678520202636, rho: 0.2625, transmit_actions: 19, P: [1.0, 0.0625, 0.0625, 0.0625, 0.0625, 0.0625, 0.0625, 0.125, 0.0625, 0.0625, 0.125, 0.0625, 0.0625, 0.0625, 0.125, 0.0625, 0.0625, 0.0625, 0.0625, 0.0625]
[TRAIN]: (599/1600): reward: 20.999667406082153, rates: 20.999667239732315, loss: 1.1786904036998749, rho: 0.175, transmit_actions: 19, P: [1.0, 0.0625, 0.0625, 0.0625, 0.0625, 0.0625, 0.0625, 0.0625, 0.0625, 0.0625, 0.0625, 0.0625, 0.0625, 0.0625, 0.0625, 0.0625, 0.0625, 0.0625, 0.0625, 0.125]
[TRAIN]: (600/1600): reward: 9.561549812555313, rates: 19.561549781672905, loss: 1.0311719685792924, rho: 0.1875, transmit_actions: 18, P: [1.0, 0.0625, 0.0625, 0.0625, 0.0625, 0.0625, 0.0625, 0.0625, 0.0625, 0.0625, 0.5625, 0.0625, 0.0625, 0.0625, 0.3125, 0.0625, 0.0625, 0.0625, 0.0625, 0.0625]
[TRAIN]: (601/1600): reward: -5.401037126779556, rates: 16.59896286992844, loss: 1.303992909193039, rho: 0.2375, transmit_actions: 16, P: [1.0, 0.0625, 0.125, 0.0625, 0.0, 0.0625, 0.5, 0.0625, 0.0625, 0.0625, 0.0625, 0.125, 0.0625, 0.0625, 0.375, 0.0625, 0.0625, 0.0625, 0.125, 0.0625]
[TRAIN]: (602/1600): reward: 17.19357204437256, rates: 20.193571855903148, loss: 1.3950180172920228, rho: 0.1625, transmit_actions: 19, P: [1.0, 0.0625, 0.0625, 0.0625, 0.0625, 0.0625, 0.0625, 0.0625, 0.0625, 0.0625, 0.0625, 0.0625, 0.125, 0.0625, 0.0625, 0.25, 0.0625, 0.0625, 0.0625, 0.0625]
[TRAIN]: (603/1600): reward: 14.301497831940651, rates: 20.301497869898377, loss: 1.3870881378650666, rho: 0.175, transmit_actions: 18, P: [1.0, 0.0625, 0.0625, 0.0625, 0.0625, 0.0625, 0.0625, 0.75, 0.0625, 0.125, 0.0625, 0.125, 0.0625, 0.0625, 0.0625, 0.0625, 0.0625, 0.0625, 0.0625, 0.0625]
[TRAIN]: (604/1600): reward: 20.33933374285698, rates: 20.339333737733426, loss: 1.0841218382120132, rho: 0.14375, transmit_actions: 19, P: [1.0, 0.0625, 0.0625, 0.0625, 0.0625, 0.0625, 0.0625, 0.0625, 0.0625, 0.0625, 0.0625, 0.0625, 0.0625, 0.0625, 0.0625, 0.0625, 0.0625, 0.0625, 0.0625, 0.0625]
[TRAIN]: (605/1600): reward: 13.710361152887344, rates: 18.710361309962117, loss: 1.0966408014297486, rho: 0.16875, transmit_actions: 18, P: [1.0, 0.0625, 0.0625, 0.125, 0.125, 0.0625, 0.0625, 0.4375, 0.0625, 0.0625, 0.0625, 0.0625, 0.0625, 0.0625, 0.0625, 0.0625, 0.0625, 0.0625, 0.0625, 0.0625]
[TRAIN]: (606/1600): reward: 18.27844724059105, rates: 20.278447018887427, loss: 1.1477271050214768, rho: 0.13125, transmit_actions: 19, P: [1.0, 0.0625, 0.0625, 0.0625, 0.0625, 0.0625, 0.125, 0.125, 0.0625, 0.125, 0.125, 0.125, 0.125, 0.0625, 0.125, 0.125, 0.0625, 0.0625, 0.125, 0.125]
[TRAIN]: (607/1600): reward: 14.15253946185112, rates: 20.152539424649447, loss: 1.2485003292560577, rho: 0.125, transmit_actions: 18, P: [1.0, 0.0625, 0.0625, 0.125, 0.125, 0.125, 0.0625, 0.0625, 0.125, 0.0625, 0.0625, 0.0625, 0.125, 0.0625, 0.0625, 0.0625, 0.125, 0.0625, 0.125, 0.0625]
[TRAIN]: (608/1600): reward: 19.992823839187622, rates: 19.992823831911274, loss: 1.1449058026075363, rho: 0.16875, transmit_actions: 18, P: [1.0, 1.0, 0.0625, 0.125, 0.0625, 0.0625, 0.0625, 0.0625, 0.0625, 0.0625, 0.0625, 0.0625, 0.0625, 0.0625, 0.0625, 0.0625, 0.0625, 0.0625, 0.0625, 0.0625]
[TRAIN]: (609/1600): reward: 2.554393082857132, rates: 17.554393038885173, loss: 1.1398821130394936, rho: 0.24375, transmit_actions: 17, P: [1.0, 0.0625, 0.0625, 0.0625, 0.375, 0.0625, 0.0625, 0.0625, 0.5, 0.0625, 0.0625, 0.125, 0.0625, 0.0625, 0.0625, 0.6875, 0.0625, 0.0625, 0.0625, 0.0625]
[TRAIN]: (610/1600): reward: 12.2839515209198, rates: 17.283951486928636, loss: 1.2459012895822525, rho: 0.2125, transmit_actions: 18, P: [1.0, 0.0625, 0.0625, 0.0625, 0.0625, 0.125, 0.0625, 0.0625, 0.0625, 0.125, 0.0625, 0.0625, 0.0625, 0.0625, 0.0625, 0.0625, 0.75, 0.0625, 0.0625, 0.125]
[TRAIN]: (611/1600): reward: 18.123106002807617, rates: 18.123105945958365, loss: 1.1201775074005127, rho: 0.225, transmit_actions: 19, P: [1.0, 0.0625, 0.0625, 0.0625, 0.125, 0.0625, 0.0625, 0.125, 0.125, 0.125, 0.0625, 0.125, 0.0625, 0.0625, 0.0625, 0.0625, 0.0625, 0.125, 0.0625, 0.0625]
[TRAIN]: (612/1600): reward: 9.828484565019608, rates: 16.828484453816273, loss: 1.0237267762422562, rho: 0.2, transmit_actions: 18, P: [1.0, 0.0625, 0.125, 0.125, 0.0625, 0.0625, 0.0625, 0.0625, 0.125, 0.0625, 0.125, 0.4375, 0.125, 0.0625, 0.0625, 0.125, 0.0625, 0.0625, 0.4375, 0.0625]
[TRAIN]: (613/1600): reward: -4.274681091308594, rates: 14.725318638940815, loss: 1.1685734778642654, rho: 0.19375, transmit_actions: 17, P: [1.0, 0.0625, 0.0625, 0.0625, 0.0625, 0.0625, 0.0625, 0.125, 0.1875, 0.0625, 0.0625, 0.4375, 0.6875, 0.0625, 0.0625, 0.9375, 0.9375, 0.125, 0.125, 0.0625]
[TRAIN]: (614/1600): reward: 11.756889671087265, rates: 17.756889695570365, loss: 1.2790265887975694, rho: 0.20625, transmit_actions: 17, P: [1.0, 0.0625, 1.0, 0.0625, 0.0625, 0.125, 0.0625, 0.0625, 0.0625, 0.0625, 0.125, 0.0625, 0.125, 0.125, 0.125, 0.0625, 0.0625, 0.0625, 0.0625, 0.0625]
[TRAIN]: (615/1600): reward: 2.2114032804965973, rates: 17.211403160733845, loss: 1.182840061187744, rho: 0.225, transmit_actions: 17, P: [1.0, 0.0625, 0.0625, 0.0625, 0.125, 0.0625, 0.0625, 0.875, 0.6875, 0.0625, 0.0625, 0.0625, 0.0625, 0.6875, 0.0625, 0.0625, 0.0625, 0.0625, 0.0625, 0.0625]
[TRAIN]: (616/1600): reward: 12.625672936439514, rates: 18.62567282484951, loss: 1.03161331564188, rho: 0.175, transmit_actions: 18, P: [1.0, 0.125, 0.0, 0.0625, 0.0625, 0.0625, 0.0625, 0.0625, 0.0625, 0.0625, 0.0625, 0.0625, 0.125, 0.0625, 0.125, 0.0625, 0.5, 0.0625, 0.0625, 0.0625]
[TRAIN]: (617/1600): reward: 18.430508106946945, rates: 18.43050807915575, loss: 1.1286252737045288, rho: 0.1375, transmit_actions: 19, P: [1.0, 0.125, 0.0625, 0.0625, 0.0625, 0.0625, 0.0625, 0.0625, 0.0625, 0.0625, 0.0, 0.0625, 0.0625, 0.0625, 0.0625, 0.0625, 0.125, 0.0625, 0.0625, 0.0625]
[TRAIN]: (618/1600): reward: 15.105126053094864, rates: 19.10512613280209, loss: 1.1792221009731292, rho: 0.1875, transmit_actions: 19, P: [1.0, 0.0625, 0.125, 0.0625, 0.0625, 0.0625, 0.0625, 0.125, 0.0625, 0.125, 0.0625, 0.125, 0.0625, 0.125, 0.125, 0.0625, 0.0625, 0.125, 0.0625, 0.875]
[TRAIN]: (619/1600): reward: 19.06366938352585, rates: 19.063669251106347, loss: 1.1914981722831726, rho: 0.15625, transmit_actions: 19, P: [1.0, 0.0625, 0.0625, 0.0625, 0.0625, 0.0625, 0.0625, 0.125, 0.0625, 0.0625, 0.0625, 0.125, 0.125, 0.0625, 0.0625, 0.0625, 0.0625, 0.0625, 0.0625, 0.0625]
[TRAIN]: (620/1600): reward: 20.819502621889114, rates: 20.81950265087752, loss: 1.084444609284401, rho: 0.18125, transmit_actions: 19, P: [1.0, 0.0625, 0.0625, 0.0625, 0.0625, 0.0625, 0.0625, 0.125, 0.0625, 0.125, 0.0625, 0.0625, 0.0625, 0.0625, 0.0625, 0.0625, 0.0625, 0.0625, 0.125, 0.125]
[TRAIN]: (621/1600): reward: 18.82539853453636, rates: 19.82539855114574, loss: 1.0100343763828277, rho: 0.16875, transmit_actions: 19, P: [1.0, 0.0625, 0.0625, 0.0625, 0.125, 0.0625, 0.0625, 0.0625, 0.0625, 0.125, 0.125, 0.125, 0.0625, 0.0625, 0.0625, 0.125, 0.0625, 0.0625, 0.0625, 0.0625]
[TRAIN]: (622/1600): reward: 18.340685933828354, rates: 19.34068591497478, loss: 1.11558755338192, rho: 0.14375, transmit_actions: 19, P: [1.0, 0.0625, 0.0625, 0.0625, 0.125, 0.0625, 0.125, 0.125, 0.0625, 0.0625, 0.0625, 0.0625, 0.125, 0.0625, 0.0625, 0.125, 0.125, 0.125, 0.125, 0.0625]
[TRAIN]: (623/1600): reward: 15.564282715320587, rates: 20.564282654301618, loss: 1.090089362859726, rho: 0.15625, transmit_actions: 18, P: [1.0, 0.125, 0.0625, 0.125, 0.0625, 0.125, 0.125, 0.0625, 0.0625, 0.3125, 0.0625, 0.0625, 0.0625, 0.0625, 0.0625, 0.125, 0.0625, 0.0625, 0.0625, 0.0625]
[TRAIN]: (624/1600): reward: 8.794910371303558, rates: 19.794910413420908, loss: 1.0421392649412156, rho: 0.16875, transmit_actions: 19, P: [1.0, 0.0625, 0.0625, 0.0625, 0.0625, 0.0625, 0.0625, 0.0625, 1.0, 0.0625, 0.0625, 0.0625, 0.0625, 0.0625, 0.0625, 0.0625, 0.0625, 0.0625, 0.0625, 0.0625]
[TRAIN]: (625/1600): reward: 15.852382525801659, rates: 19.852382624216652, loss: 1.0751582354307174, rho: 0.14375, transmit_actions: 19, P: [1.0, 0.0625, 0.0625, 0.0625, 0.125, 0.0625, 0.0625, 0.0625, 0.125, 0.0625, 0.125, 0.0625, 0.125, 0.125, 0.125, 0.125, 0.0625, 0.0625, 0.625, 0.0625]
[TRAIN]: (626/1600): reward: 12.566274136304855, rates: 17.566273885557568, loss: 1.1736925572156907, rho: 0.2, transmit_actions: 18, P: [1.0, 0.0625, 0.0625, 0.0625, 0.0625, 0.0625, 0.0625, 0.0625, 0.0625, 0.125, 0.0625, 0.125, 0.125, 0.5, 0.0625, 0.0625, 0.0625, 0.0625, 0.0625, 0.0625]
[TRAIN]: (627/1600): reward: 11.340439494233578, rates: 18.340439599819437, loss: 1.0699690669775008, rho: 0.18125, transmit_actions: 18, P: [1.0, 0.125, 0.125, 0.125, 0.125, 0.125, 0.125, 0.0625, 0.125, 0.0625, 0.0625, 0.0625, 0.0625, 0.125, 0.125, 0.0625, 0.0625, 0.25, 0.0625, 0.0625]
[TRAIN]: (628/1600): reward: 13.058324426412582, rates: 20.058324581678388, loss: 1.130230078101158, rho: 0.1875, transmit_actions: 19, P: [0.0, 0.0625, 0.125, 0.0625, 0.0625, 0.0625, 0.0625, 0.0625, 0.125, 0.0625, 0.0625, 0.0625, 0.125, 0.125, 0.0625, 0.125, 0.125, 0.0625, 0.125, 0.0625]
[TRAIN]: (629/1600): reward: 17.525256544351578, rates: 18.5252565715775, loss: 1.1894768685102464, rho: 0.175, transmit_actions: 19, P: [1.0, 0.0625, 0.125, 0.0625, 0.125, 0.0625, 0.0625, 0.0625, 0.0625, 0.0625, 0.125, 0.0625, 0.0625, 0.0625, 0.0625, 0.0625, 0.0625, 0.0625, 0.0625, 0.0625]
[TRAIN]: (630/1600): reward: 7.412379056215286, rates: 16.41237901605582, loss: 1.0553443610668183, rho: 0.19375, transmit_actions: 18, P: [1.0, 0.0625, 0.0625, 0.0625, 0.125, 0.125, 0.0625, 0.0625, 0.4375, 0.0625, 0.0625, 0.0625, 0.0625, 0.0625, 0.125, 0.0625, 0.0625, 0.0625, 0.0625, 0.625]
[TRAIN]: (631/1600): reward: 19.549670368433, rates: 19.549670318198373, loss: 1.1825099736452103, rho: 0.1625, transmit_actions: 19, P: [1.0, 0.0625, 0.0625, 0.0625, 0.0625, 0.0625, 0.0625, 0.125, 0.0625, 0.0625, 0.0625, 0.0625, 0.0625, 0.0625, 0.0625, 0.0625, 0.0625, 0.0625, 0.0625, 0.0625]
[TRAIN]: (632/1600): reward: 13.54011332988739, rates: 19.54011319247162, loss: 1.1651604294776916, rho: 0.2, transmit_actions: 19, P: [1.0, 0.0625, 0.1875, 0.0625, 0.0625, 0.0625, 0.125, 0.0625, 0.0625, 0.9375, 0.0625, 0.0625, 0.0625, 0.0625, 0.0625, 0.0625, 0.0625, 0.0625, 0.0625, 0.0625]
[TRAIN]: (633/1600): reward: 17.369122713804245, rates: 17.36912281138076, loss: 1.1835401356220245, rho: 0.15625, transmit_actions: 19, P: [1.0, 0.0625, 0.0625, 0.0625, 0.0625, 0.0625, 0.0625, 0.0625, 0.125, 0.0625, 0.0625, 0.0625, 0.0625, 0.0625, 0.0625, 0.0625, 0.0625, 0.125, 0.125, 0.0625]
[TRAIN]: (634/1600): reward: 18.324797689914703, rates: 21.32479778265832, loss: 1.1875091403722764, rho: 0.13125, transmit_actions: 19, P: [1.0, 0.125, 0.125, 0.0625, 0.125, 0.0625, 0.125, 0.0625, 0.0625, 0.0625, 0.0625, 0.0625, 0.0625, 0.125, 0.0625, 0.125, 0.0625, 0.0625, 0.0625, 0.0625]
[TRAIN]: (635/1600): reward: 15.378566354513168, rates: 20.378566620222013, loss: 1.183155432343483, rho: 0.1875, transmit_actions: 18, P: [1.0, 0.0625, 0.0625, 0.1875, 0.0625, 0.0625, 0.0625, 0.0625, 0.0625, 0.0625, 0.0625, 0.0625, 0.0625, 0.0625, 0.0625, 0.0625, 0.0625, 0.0625, 0.0625, 0.0625]
[TRAIN]: (636/1600): reward: 17.26336182653904, rates: 17.263361897933187, loss: 1.147969624400139, rho: 0.15625, transmit_actions: 19, P: [1.0, 0.0625, 0.0625, 0.0625, 0.0625, 0.0625, 0.0625, 0.0625, 0.0625, 0.0625, 0.0625, 0.0625, 0.0625, 0.0625, 0.0625, 0.0625, 0.0625, 0.0625, 0.0625, 0.125]
[TRAIN]: (637/1600): reward: 10.424943774938583, rates: 17.424943832975863, loss: 1.0537729576230048, rho: 0.175, transmit_actions: 19, P: [1.0, 0.0625, 0.0625, 0.0625, 0.0625, 0.0625, 0.0625, 0.0625, 0.0625, 0.0625, 0.0625, 0.8125, 0.0625, 0.0625, 0.0625, 0.0625, 0.0625, 0.0625, 0.0625, 0.0625]
[TRAIN]: (638/1600): reward: -5.520394638180733, rates: 14.47960532648239, loss: 1.2310168758034705, rho: 0.2, transmit_actions: 17, P: [1.0, 0.0625, 0.0625, 0.0625, 0.0625, 0.0625, 0.125, 0.0625, 0.125, 0.0625, 0.125, 0.5, 0.0625, 0.125, 0.625, 0.0625, 0.0625, 0.875, 0.0625, 0.0625]
[TRAIN]: (639/1600): reward: 15.000031650066376, rates: 22.00003158911564, loss: 1.040550771355629, rho: 0.13125, transmit_actions: 18, P: [1.0, 0.125, 0.0625, 0.0625, 0.0625, 0.125, 0.0625, 0.125, 0.0625, 0.0625, 0.125, 0.125, 0.125, 0.125, 0.125, 0.125, 0.0625, 0.0625, 0.0625, 0.0625]
[TRAIN]: (640/1600): reward: 17.97739002108574, rates: 17.97738987684983, loss: 1.055432167649269, rho: 0.1625, transmit_actions: 19, P: [1.0, 0.0625, 0.0625, 0.125, 0.125, 0.0625, 0.0625, 0.0625, 0.0625, 0.0625, 0.0625, 0.0625, 0.0625, 0.0625, 0.0625, 0.0625, 0.125, 0.0625, 0.0625, 0.0625]
[TRAIN]: (641/1600): reward: 16.211730539798737, rates: 20.211730494066252, loss: 1.1849790498614312, rho: 0.175, transmit_actions: 19, P: [1.0, 0.0625, 0.375, 0.125, 0.0625, 0.0625, 0.0625, 0.0625, 0.0625, 0.0625, 0.0625, 0.0625, 0.0625, 0.0625, 0.0625, 0.0625, 0.0625, 0.125, 0.125, 0.0625]
[TRAIN]: (642/1600): reward: 14.695026963949203, rates: 18.69502698842886, loss: 1.079915714263916, rho: 0.2, transmit_actions: 19, P: [1.0, 0.0625, 0.0625, 0.0625, 0.0625, 0.0625, 0.0625, 0.0625, 0.0625, 0.4375, 0.0625, 0.0625, 0.0625, 0.0625, 0.125, 0.0625, 0.125, 0.0625, 0.0625, 0.125]
[TRAIN]: (643/1600): reward: 12.94125421345234, rates: 17.941254320635117, loss: 1.151472932100296, rho: 0.19375, transmit_actions: 18, P: [1.0, 0.0625, 0.0625, 0.9375, 0.0625, 0.0625, 0.0625, 0.0625, 0.0625, 0.0625, 0.0625, 0.0625, 0.0625, 0.0625, 0.0625, 0.0625, 0.0625, 0.125, 0.125, 0.0625]
[TRAIN]: (644/1600): reward: 20.25708732008934, rates: 20.257087516303333, loss: 1.1466185867786407, rho: 0.1625, transmit_actions: 19, P: [1.0, 0.125, 0.125, 0.125, 0.0625, 0.0625, 0.125, 0.0625, 0.125, 0.125, 0.125, 0.0625, 0.0625, 0.125, 0.0625, 0.0625, 0.0625, 0.0625, 0.0625, 0.0625]
[TRAIN]: (645/1600): reward: 16.31562304496765, rates: 21.31562317653716, loss: 1.1119768679142, rho: 0.1625, transmit_actions: 19, P: [1.0, 0.125, 0.0625, 0.0625, 0.0625, 0.0625, 0.0625, 0.125, 0.125, 0.0625, 0.0, 0.0625, 0.125, 0.0625, 0.125, 0.0625, 0.125, 0.125, 0.125, 0.0625]
[TRAIN]: (646/1600): reward: 17.124277710914612, rates: 19.124277806366713, loss: 1.1668496161699295, rho: 0.15, transmit_actions: 18, P: [1.0, 0.0625, 0.0625, 0.0625, 0.125, 0.125, 0.0625, 0.0625, 0.125, 0.0625, 0.0625, 0.875, 0.0625, 0.0625, 0.0625, 0.0625, 0.0625, 0.0625, 0.0625, 0.0625]
[TRAIN]: (647/1600): reward: 21.26938971877098, rates: 21.269389686480398, loss: 1.2082582414150238, rho: 0.15, transmit_actions: 19, P: [1.0, 0.0625, 0.125, 0.0625, 0.0625, 0.0625, 0.125, 0.0625, 0.0625, 0.0625, 0.0625, 0.0625, 0.0625, 0.0625, 0.0625, 0.0625, 0.0625, 0.0625, 0.0625, 0.0625]
[TRAIN]: (648/1600): reward: 18.408112227916718, rates: 18.40811220713207, loss: 1.0394409447908401, rho: 0.15, transmit_actions: 19, P: [1.0, 0.0625, 0.0625, 0.0625, 0.0625, 0.0625, 0.0625, 0.0625, 0.0625, 0.0625, 0.125, 0.0625, 0.0625, 0.0625, 0.125, 0.0625, 0.0625, 0.0625, 0.0625, 0.0625]
[TRAIN]: (649/1600): reward: 17.58627037703991, rates: 19.586270320927998, loss: 1.2944587796926499, rho: 0.14375, transmit_actions: 19, P: [1.0, 0.125, 0.125, 0.0625, 0.0625, 0.125, 0.0625, 0.0625, 0.0625, 0.0625, 0.125, 0.0625, 0.125, 0.0625, 0.0625, 0.0625, 0.125, 0.0625, 0.0625, 0.0625]
[TRAIN]: (650/1600): reward: 21.67338114976883, rates: 21.673381329284407, loss: 1.008458858728409, rho: 0.15625, transmit_actions: 19, P: [1.0, 0.0625, 0.0625, 0.0625, 0.125, 0.0625, 0.0625, 0.0625, 0.0625, 0.0625, 0.0625, 0.0625, 0.125, 0.125, 0.125, 0.0625, 0.0625, 0.0625, 0.0625, 0.0625]
[TRAIN]: (651/1600): reward: 7.973230451345444, rates: 17.97323040994418, loss: 1.1493370920419692, rho: 0.20625, transmit_actions: 17, P: [1.0, 0.0625, 0.0625, 0.0625, 0.0625, 0.0625, 0.0625, 0.0625, 0.0625, 0.875, 0.0625, 0.0625, 0.875, 0.0625, 0.0625, 0.125, 0.0625, 0.0625, 0.0625, 0.0625]
[TRAIN]: (652/1600): reward: 18.925637423992157, rates: 19.92563740793232, loss: 1.212972342967987, rho: 0.18125, transmit_actions: 19, P: [1.0, 0.0625, 0.125, 0.125, 0.0625, 0.0625, 0.0625, 0.0625, 0.0625, 0.0625, 0.0625, 0.0625, 0.0625, 0.0625, 0.0625, 0.0625, 0.125, 0.0625, 0.0625, 0.125]
[TRAIN]: (653/1600): reward: 18.66237661242485, rates: 19.662376722866576, loss: 1.1446207165718079, rho: 0.15, transmit_actions: 19, P: [1.0, 0.0625, 0.0625, 0.0625, 0.0625, 0.0625, 0.0625, 0.0625, 0.0625, 0.0625, 0.0625, 0.0625, 0.0625, 0.0625, 0.0625, 0.0625, 0.0625, 0.0625, 0.0625, 0.0625]
[TRAIN]: (654/1600): reward: 18.885986030101776, rates: 18.885985901688787, loss: 1.2997153759002686, rho: 0.1375, transmit_actions: 19, P: [1.0, 0.0625, 0.0625, 0.0625, 0.0625, 0.0625, 0.125, 0.0625, 0.0625, 0.0625, 0.0625, 0.125, 0.0625, 0.0625, 0.0625, 0.0625, 0.0625, 0.0625, 0.0625, 0.125]
[TRAIN]: (655/1600): reward: 10.779787093400955, rates: 21.779786892676558, loss: 1.086753848195076, rho: 0.18125, transmit_actions: 18, P: [1.0, 0.125, 0.125, 0.125, 0.0625, 0.0625, 0.0625, 0.0625, 0.0625, 0.625, 0.0625, 0.0625, 0.125, 0.0625, 0.0, 0.0625, 0.125, 0.0625, 0.125, 0.125]
[TRAIN]: (656/1600): reward: 18.452578902244568, rates: 19.452578838114484, loss: 0.9157876133918762, rho: 0.1625, transmit_actions: 19, P: [1.0, 0.0625, 0.0625, 0.125, 0.125, 0.0625, 0.125, 0.125, 0.125, 0.0625, 0.125, 0.0625, 0.0625, 0.0625, 0.0625, 0.0625, 0.0625, 0.125, 0.0625, 0.0625]
[TRAIN]: (657/1600): reward: 14.326554745435715, rates: 18.326554791363144, loss: 0.8215587839484215, rho: 0.14375, transmit_actions: 19, P: [1.0, 0.0625, 0.0625, 0.25, 0.125, 0.0625, 0.0625, 0.0625, 0.125, 0.0625, 0.0625, 0.0625, 0.125, 0.0625, 0.0625, 0.0625, 0.0625, 0.0625, 0.0625, 0.0625]
[TRAIN]: (658/1600): reward: 12.41862116754055, rates: 20.418621022273978, loss: 1.111128145456314, rho: 0.1875, transmit_actions: 18, P: [1.0, 0.0625, 0.0625, 0.0625, 0.375, 0.0625, 0.0625, 0.0625, 0.125, 0.0625, 0.125, 0.125, 0.0625, 0.0625, 0.0625, 0.3125, 0.0625, 0.125, 0.0625, 0.0625]
[TRAIN]: (659/1600): reward: 14.327132612466812, rates: 19.327132521919168, loss: 1.1365441739559174, rho: 0.1625, transmit_actions: 18, P: [1.0, 0.0625, 0.0625, 0.0625, 0.0625, 0.125, 0.0625, 0.0625, 0.0625, 0.0625, 0.0625, 0.0625, 0.0625, 0.0625, 0.0625, 0.1875, 0.0625, 0.0625, 0.0625, 0.0625]
[TRAIN]: (660/1600): reward: 18.278639934957027, rates: 20.27864006022385, loss: 1.1438755065202713, rho: 0.125, transmit_actions: 19, P: [1.0, 0.0625, 0.0625, 0.0625, 0.125, 0.0625, 0.125, 0.0625, 0.0625, 0.0625, 0.0625, 0.0625, 0.0625, 0.0625, 0.0625, 0.0625, 0.125, 0.0625, 0.0625, 0.0625]
[TRAIN]: (661/1600): reward: 17.774623565375805, rates: 18.77462374553308, loss: 1.2386980578303337, rho: 0.16875, transmit_actions: 19, P: [1.0, 0.0625, 0.125, 0.0625, 0.125, 0.0625, 0.0625, 0.0625, 0.0625, 0.0625, 0.125, 0.125, 0.125, 0.0625, 0.0625, 0.0625, 0.0625, 0.0625, 0.125, 0.0625]
[TRAIN]: (662/1600): reward: 13.009317755699158, rates: 21.0093177826028, loss: 0.9371180191636086, rho: 0.16875, transmit_actions: 18, P: [1.0, 0.0625, 0.125, 0.0625, 0.0625, 0.125, 0.0625, 0.125, 0.0625, 0.0625, 0.125, 0.0625, 0.125, 0.8125, 0.0625, 0.0625, 0.0625, 0.0625, 0.125, 0.0625]
[TRAIN]: (663/1600): reward: 14.655621111392975, rates: 18.655621030866882, loss: 1.017987909913063, rho: 0.19375, transmit_actions: 19, P: [1.0, 0.0625, 0.0625, 0.0625, 0.0625, 0.0625, 0.4375, 0.0625, 0.0625, 0.0625, 0.0625, 0.0625, 0.125, 0.0625, 0.125, 0.0625, 0.0625, 0.0625, 0.125, 0.125]
[TRAIN]: (664/1600): reward: 20.634881637990475, rates: 21.63488181174907, loss: 1.0588828057050705, rho: 0.1375, transmit_actions: 19, P: [1.0, 0.0625, 0.0625, 0.0625, 0.125, 0.0625, 0.0625, 0.0625, 0.0625, 0.0625, 0.125, 0.0625, 0.125, 0.0625, 0.0625, 0.0625, 0.125, 0.0625, 0.0625, 0.125]
[TRAIN]: (665/1600): reward: 18.86145229637623, rates: 19.86145239751948, loss: 1.094484332203865, rho: 0.15625, transmit_actions: 19, P: [1.0, 0.125, 0.0625, 0.125, 0.0625, 0.0625, 0.0625, 0.125, 0.0625, 0.0625, 0.0625, 0.0625, 0.0625, 0.0625, 0.0625, 0.0625, 0.0625, 0.125, 0.125, 0.0625]
[TRAIN]: (666/1600): reward: 15.071199834346771, rates: 18.071199925872808, loss: 1.154411432147026, rho: 0.14375, transmit_actions: 19, P: [1.0, 0.0625, 0.0625, 0.0625, 0.0625, 0.125, 0.125, 0.0625, 0.0625, 0.0625, 0.0625, 0.0625, 0.0625, 0.0625, 0.0625, 0.0625, 0.0625, 0.0625, 0.0625, 0.125]
[TRAIN]: (667/1600): reward: 10.751135900616646, rates: 16.75113597433514, loss: 0.9950328409671784, rho: 0.16875, transmit_actions: 18, P: [1.0, 0.0625, 0.0625, 1.0, 0.0625, 0.125, 0.0625, 0.0625, 0.0625, 0.0625, 0.125, 0.4375, 0.0625, 0.0625, 0.0625, 0.0625, 0.125, 0.0625, 0.0625, 0.0625]
[TRAIN]: (668/1600): reward: 16.31278347969055, rates: 21.31278336442106, loss: 1.0202680677175522, rho: 0.14375, transmit_actions: 19, P: [1.0, 0.125, 0.125, 0.0625, 0.0625, 0.0625, 0.125, 0.0625, 0.0625, 0.0625, 0.0625, 0.0625, 0.0625, 0.0625, 0.0625, 0.0625, 0.125, 0.0625, 0.0625, 0.0625]
[TRAIN]: (669/1600): reward: 19.546389043331146, rates: 19.54638899350771, loss: 1.0372023716568948, rho: 0.1375, transmit_actions: 19, P: [1.0, 0.0625, 0.0625, 0.0625, 0.0625, 0.0625, 0.0625, 0.0625, 0.125, 0.0625, 0.0625, 0.0625, 0.0625, 0.0625, 0.0625, 0.0625, 0.0625, 0.0625, 0.0625, 0.0625]
[TRAIN]: (670/1600): reward: 19.394690066576004, rates: 19.394689960665037, loss: 1.1055601954460144, rho: 0.13125, transmit_actions: 19, P: [1.0, 0.0625, 0.0625, 0.0625, 0.0625, 0.125, 0.0625, 0.0625, 0.125, 0.0625, 0.0625, 0.125, 0.0625, 0.0625, 0.0625, 0.0625, 0.0625, 0.0625, 0.0625, 0.0625]
[TRAIN]: (671/1600): reward: 16.848173946142197, rates: 19.848174037490505, loss: 1.0186239764094354, rho: 0.16875, transmit_actions: 19, P: [1.0, 0.0625, 0.0625, 0.0625, 0.0625, 0.0625, 0.125, 0.0625, 0.125, 0.125, 0.0625, 0.0625, 0.0625, 0.0625, 0.0625, 0.0625, 0.0625, 0.0625, 0.0625, 0.25]
[TRAIN]: (672/1600): reward: 13.87455627322197, rates: 17.874556453841578, loss: 1.269324791431427, rho: 0.175, transmit_actions: 19, P: [1.0, 0.125, 0.0625, 0.0625, 0.0625, 0.0625, 0.0625, 0.0625, 0.25, 0.0625, 0.0625, 0.0625, 0.0625, 0.0625, 0.125, 0.0625, 0.0625, 0.0625, 0.0625, 0.0625]
[TRAIN]: (673/1600): reward: 21.10967993736267, rates: 21.109679818667757, loss: 1.0293680101633071, rho: 0.125, transmit_actions: 19, P: [1.0, 0.0625, 0.0625, 0.0625, 0.0625, 0.0625, 0.0625, 0.0625, 0.0625, 0.0625, 0.0625, 0.0625, 0.0625, 0.0625, 0.0625, 0.0625, 0.0625, 0.0625, 0.0625, 0.0625]
[TRAIN]: (674/1600): reward: 19.49042083323002, rates: 19.490420647966562, loss: 1.076249796152115, rho: 0.16875, transmit_actions: 19, P: [1.0, 0.0625, 0.0625, 0.0625, 0.0625, 0.0625, 0.0625, 0.0625, 0.0625, 0.125, 0.125, 0.0625, 0.125, 0.0625, 0.0625, 0.0625, 0.125, 0.0625, 0.0625, 0.0625]
[TRAIN]: (675/1600): reward: 20.546968936920166, rates: 20.546968928812174, loss: 1.1184781670570374, rho: 0.14375, transmit_actions: 19, P: [1.0, 0.0625, 0.125, 0.125, 0.0625, 0.0625, 0.125, 0.0625, 0.0625, 0.0625, 0.0625, 0.125, 0.0625, 0.0625, 0.0625, 0.0625, 0.0625, 0.125, 0.0625, 0.125]
[TRAIN]: (676/1600): reward: 15.52988151460886, rates: 19.529881552873146, loss: 1.0388615429401398, rho: 0.14375, transmit_actions: 19, P: [1.0, 0.125, 0.0625, 0.0625, 0.125, 0.0625, 0.125, 0.125, 0.0625, 0.0625, 0.0625, 0.0625, 0.0625, 0.0625, 0.0625, 0.0625, 0.0625, 0.125, 0.0625, 0.0625]
[TRAIN]: (677/1600): reward: 13.64022246003151, rates: 18.64022232116691, loss: 1.0087256997823715, rho: 0.2, transmit_actions: 19, P: [1.0, 0.0625, 0.0625, 0.0625, 0.0625, 0.125, 0.0625, 0.0625, 0.0625, 0.0625, 0.125, 0.0625, 0.0625, 0.0625, 0.125, 0.0625, 0.625, 0.125, 0.0625, 0.0625]
[TRAIN]: (678/1600): reward: 17.6995864585042, rates: 19.699586277218174, loss: 1.015972688794136, rho: 0.1875, transmit_actions: 19, P: [1.0, 0.0625, 0.0625, 0.0625, 0.0625, 0.0625, 0.0625, 0.0625, 0.0625, 0.125, 0.0625, 0.125, 0.0625, 0.125, 0.0625, 0.0625, 0.0625, 0.0625, 0.0625, 0.0625]
[TRAIN]: (679/1600): reward: 20.467419624328613, rates: 20.467419689036078, loss: 1.0679285109043122, rho: 0.16875, transmit_actions: 19, P: [1.0, 0.0625, 0.0625, 0.0625, 0.0625, 0.0625, 0.0625, 0.0625, 0.0625, 0.0625, 0.0625, 0.0625, 0.0625, 0.0625, 0.0625, 0.0625, 0.0625, 0.0625, 0.0625, 0.0625]
[TRAIN]: (680/1600): reward: 20.13141307234764, rates: 20.13141321983967, loss: 0.9937816798686981, rho: 0.1625, transmit_actions: 19, P: [1.0, 0.0625, 0.0625, 0.0625, 0.0625, 0.0625, 0.0625, 0.125, 0.0625, 0.0625, 0.0625, 0.0625, 0.0625, 0.0625, 0.0625, 0.0625, 0.0625, 0.0625, 0.0625, 0.0625]
[TRAIN]: (681/1600): reward: 19.70242753624916, rates: 19.702427371719878, loss: 0.9725974917411804, rho: 0.16875, transmit_actions: 19, P: [1.0, 0.0625, 0.0625, 0.0625, 0.0625, 0.0625, 0.0625, 0.0625, 0.0625, 0.0625, 0.0625, 0.0625, 0.0625, 0.0625, 0.0625, 0.0625, 0.0625, 0.125, 0.0625, 0.0625]
[TRAIN]: (682/1600): reward: 13.96301394701004, rates: 16.963014028522082, loss: 1.151249448955059, rho: 0.16875, transmit_actions: 19, P: [1.0, 0.0625, 0.125, 0.0625, 0.0625, 0.0625, 0.0625, 0.25, 0.0625, 0.0625, 0.0625, 0.0625, 0.125, 0.0625, 0.0625, 0.0625, 0.0625, 0.0625, 0.125, 0.0625]
[TRAIN]: (683/1600): reward: 19.877839237451553, rates: 19.877839241322256, loss: 1.1134063869714736, rho: 0.15625, transmit_actions: 19, P: [1.0, 0.0625, 0.0625, 0.0625, 0.0625, 0.0625, 0.0625, 0.125, 0.0625, 0.0625, 0.0625, 0.0625, 0.0625, 0.0625, 0.0625, 0.0625, 0.0625, 0.0625, 0.0625, 0.0625]
[TRAIN]: (684/1600): reward: 18.82669474184513, rates: 19.826694779182944, loss: 1.0821474313735961, rho: 0.18125, transmit_actions: 19, P: [1.0, 0.125, 0.125, 0.0625, 0.125, 0.0625, 0.0625, 0.0625, 0.0625, 0.0625, 0.0625, 0.0625, 0.0625, 0.0625, 0.0625, 0.0625, 0.0625, 0.0625, 0.0625, 0.0625]
[TRAIN]: (685/1600): reward: 20.542725890874863, rates: 21.542725585937205, loss: 0.9638607203960419, rho: 0.1375, transmit_actions: 19, P: [1.0, 0.0625, 0.0625, 0.0625, 0.0625, 0.0625, 0.0625, 0.125, 0.0625, 0.0625, 0.125, 0.125, 0.0625, 0.0625, 0.0625, 0.0625, 0.0625, 0.0625, 0.0625, 0.0625]
[TRAIN]: (686/1600): reward: 8.024323612451553, rates: 18.024323329868423, loss: 1.1079135596752168, rho: 0.2, transmit_actions: 18, P: [1.0, 0.125, 0.0625, 0.0625, 0.125, 0.125, 0.0625, 0.125, 0.125, 0.0625, 0.0625, 0.0625, 0.0625, 0.0625, 0.0625, 0.0625, 0.0625, 0.125, 0.125, 0.4375]
[TRAIN]: (687/1600): reward: 15.929985165596008, rates: 19.92998496884752, loss: 0.9455692350864411, rho: 0.15, transmit_actions: 19, P: [1.0, 0.0625, 0.125, 0.0625, 0.125, 0.0625, 0.0625, 0.125, 0.125, 0.0625, 0.0625, 0.0625, 0.0625, 0.0625, 0.125, 0.125, 0.0625, 0.0625, 0.0625, 0.0625]
[TRAIN]: (688/1600): reward: 11.158399015665054, rates: 16.15839901621786, loss: 0.9165773153305053, rho: 0.16875, transmit_actions: 19, P: [1.0, 0.0625, 0.0625, 0.0625, 0.0625, 0.0625, 0.0625, 0.0625, 0.125, 0.0625, 0.125, 0.0625, 0.0625, 0.25, 0.125, 0.125, 0.0625, 0.0625, 0.0625, 0.125]
[TRAIN]: (689/1600): reward: 8.67994675040245, rates: 19.679946655777893, loss: 0.9871655225753784, rho: 0.175, transmit_actions: 18, P: [1.0, 0.0625, 0.125, 0.0625, 0.0625, 0.0625, 0.0625, 0.125, 0.125, 0.5625, 0.0625, 0.0625, 0.125, 0.0625, 0.125, 0.0625, 0.0625, 0.0625, 0.0625, 0.125]
[TRAIN]: (690/1600): reward: 21.809080809354782, rates: 21.809080644598986, loss: 0.99050422757864, rho: 0.15625, transmit_actions: 19, P: [1.0, 0.0625, 0.125, 0.125, 0.125, 0.0625, 0.125, 0.0625, 0.125, 0.125, 0.0625, 0.125, 0.0625, 0.0625, 0.0625, 0.0625, 0.0625, 0.0625, 0.0625, 0.125]
[TRAIN]: (691/1600): reward: 15.458724290132523, rates: 17.45872453010279, loss: 1.124104031920433, rho: 0.1875, transmit_actions: 19, P: [1.0, 0.0625, 0.1875, 0.0625, 0.0625, 0.0625, 0.0625, 0.0625, 0.0625, 0.0625, 0.125, 0.0625, 0.0625, 0.0625, 0.125, 0.0625, 0.0625, 0.0625, 0.0625, 0.0625]
[TRAIN]: (692/1600): reward: 19.77358502149582, rates: 20.773584945857827, loss: 1.071802905201912, rho: 0.15, transmit_actions: 19, P: [1.0, 0.125, 0.125, 0.125, 0.0625, 0.0625, 0.0625, 0.125, 0.0625, 0.0625, 0.0625, 0.0625, 0.0625, 0.125, 0.0625, 0.0625, 0.0625, 0.0625, 0.0625, 0.125]
[TRAIN]: (693/1600): reward: 18.425735473632812, rates: 21.425735452242865, loss: 1.06949223279953, rho: 0.15, transmit_actions: 19, P: [1.0, 0.125, 0.0625, 0.0625, 0.125, 0.0625, 0.0625, 0.125, 0.0625, 0.0625, 0.125, 0.0625, 0.0625, 0.0625, 0.0625, 0.0625, 0.0625, 0.125, 0.0625, 0.0625]
[TRAIN]: (694/1600): reward: 19.49093449115753, rates: 19.49093448112838, loss: 0.9013409495353699, rho: 0.125, transmit_actions: 19, P: [1.0, 0.0625, 0.0625, 0.0625, 0.0625, 0.0625, 0.125, 0.125, 0.0625, 0.125, 0.0625, 0.0625, 0.0625, 0.125, 0.0625, 0.0625, 0.0625, 0.0625, 0.0625, 0.0625]
[TRAIN]: (695/1600): reward: 17.37848012149334, rates: 20.378479975332873, loss: 1.1125108763575553, rho: 0.13125, transmit_actions: 19, P: [1.0, 0.125, 0.125, 0.0625, 0.0625, 0.0625, 0.125, 0.0625, 0.0625, 0.0625, 0.0625, 0.0625, 0.125, 0.0625, 0.0625, 0.0625, 0.125, 0.125, 0.0625, 0.125]
[TRAIN]: (696/1600): reward: 20.14067715406418, rates: 20.140677287502847, loss: 1.0540151089429854, rho: 0.14375, transmit_actions: 19, P: [1.0, 0.0625, 0.125, 0.125, 0.0625, 0.0625, 0.0625, 0.0625, 0.0625, 0.125, 0.0625, 0.0625, 0.0625, 0.0625, 0.0625, 0.0625, 0.0625, 0.0625, 0.125, 0.0625]
[TRAIN]: (697/1600): reward: 12.448462158441544, rates: 21.4484623257258, loss: 1.0423100382089614, rho: 0.18125, transmit_actions: 19, P: [1.0, 0.0625, 0.75, 0.0625, 0.0625, 0.125, 0.0625, 0.0625, 0.0625, 0.0625, 0.0625, 0.0625, 0.125, 0.0625, 0.0625, 0.0625, 0.0625, 0.0625, 0.0625, 0.0625]
[TRAIN]: (698/1600): reward: 19.46173983812332, rates: 20.46173999261401, loss: 1.15340336561203, rho: 0.1375, transmit_actions: 19, P: [1.0, 0.0625, 0.0625, 0.0625, 0.0625, 0.0625, 0.0625, 0.125, 0.0625, 0.0625, 0.0625, 0.0625, 0.0625, 0.125, 0.0625, 0.0625, 0.0625, 0.125, 0.0625, 0.0625]
[TRAIN]: (699/1600): reward: 21.07511493563652, rates: 21.07511480497688, loss: 1.0592448472976685, rho: 0.1625, transmit_actions: 19, P: [1.0, 0.125, 0.0625, 0.0625, 0.0625, 0.0625, 0.0625, 0.0625, 0.0625, 0.0625, 0.0625, 0.0625, 0.0625, 0.125, 0.0625, 0.0625, 0.0625, 0.0625, 0.0625, 0.125]
[TRAIN]: (700/1600): reward: 16.58592239022255, rates: 20.585922295214534, loss: 1.129461434483528, rho: 0.14375, transmit_actions: 19, P: [1.0, 0.0625, 0.0625, 0.0625, 0.0625, 0.0625, 0.125, 0.0625, 0.125, 0.125, 0.125, 0.0625, 0.0625, 0.0625, 0.125, 0.125, 0.0625, 0.0625, 0.0625, 0.125]
[TRAIN]: (701/1600): reward: 19.170897901058197, rates: 19.170898031418023, loss: 1.0190398380160333, rho: 0.1375, transmit_actions: 19, P: [1.0, 0.0625, 0.0625, 0.0625, 0.0625, 0.125, 0.0625, 0.0625, 0.0625, 0.0625, 0.125, 0.0625, 0.0625, 0.0625, 0.0625, 0.0625, 0.0625, 0.0625, 0.0625, 0.0625]
[TRAIN]: (702/1600): reward: 13.138055086135864, rates: 17.138055004501275, loss: 1.0118385940790176, rho: 0.1625, transmit_actions: 19, P: [1.0, 0.0625, 0.0625, 0.125, 0.0625, 0.0625, 0.0625, 0.0625, 0.125, 0.0625, 0.0625, 0.0625, 0.0625, 0.0625, 0.0625, 0.125, 0.0625, 0.0625, 0.0625, 0.0625]
[TRAIN]: (703/1600): reward: -2.8084486573934555, rates: 15.19155141537854, loss: 1.0942150473594665, rho: 0.1625, transmit_actions: 18, P: [0.75, 0.0625, 0.0625, 0.0625, 0.0625, 0.0625, 0.0625, 0.0625, 0.125, 0.0625, 0.0, 0.0625, 0.0625, 0.0625, 0.0625, 0.0625, 0.0625, 0.0625, 0.0625, 0.125]
[TRAIN]: (704/1600): reward: 7.667810678482056, rates: 18.667810994390393, loss: 0.9225396424531936, rho: 0.18125, transmit_actions: 17, P: [1.0, 0.0625, 0.0625, 0.0625, 0.0625, 0.0625, 0.0625, 0.0625, 0.0625, 0.0625, 0.0625, 0.9375, 0.0625, 0.0625, 0.0625, 0.125, 0.0625, 0.0625, 0.0625, 0.6875]
[TRAIN]: (705/1600): reward: 20.142755687236786, rates: 20.142755497319804, loss: 0.9934398323297501, rho: 0.13125, transmit_actions: 19, P: [1.0, 0.0625, 0.0625, 0.0625, 0.0625, 0.0625, 0.0625, 0.0625, 0.0625, 0.0625, 0.0625, 0.0625, 0.0625, 0.0625, 0.0625, 0.0625, 0.0625, 0.0625, 0.0625, 0.0625]
[TRAIN]: (706/1600): reward: 19.451199561357498, rates: 19.45119948508499, loss: 0.9606830954551697, rho: 0.15625, transmit_actions: 19, P: [1.0, 0.0625, 0.0625, 0.0625, 0.0625, 0.0625, 0.0625, 0.0625, 0.0625, 0.0625, 0.125, 0.125, 0.0625, 0.0625, 0.0625, 0.0625, 0.0625, 0.0625, 0.0625, 0.0625]
[TRAIN]: (707/1600): reward: 19.26771380007267, rates: 19.26771377695409, loss: 1.0855004847049714, rho: 0.225, transmit_actions: 19, P: [1.0, 0.0625, 0.0625, 0.125, 0.0625, 0.0625, 0.0625, 0.0625, 0.0625, 0.0625, 0.0625, 0.0625, 0.0625, 0.0625, 0.125, 0.0625, 0.0625, 0.0625, 0.0625, 0.0625]
[TRAIN]: (708/1600): reward: 17.87491101026535, rates: 19.87491107457944, loss: 0.8779492378234863, rho: 0.13125, transmit_actions: 19, P: [1.0, 0.125, 0.0625, 0.0625, 0.0625, 0.0625, 0.0625, 0.0625, 0.0625, 0.125, 0.125, 0.0625, 0.0625, 0.0625, 0.0625, 0.0625, 0.0625, 0.0625, 0.0625, 0.0625]
[TRAIN]: (709/1600): reward: 19.769445404410362, rates: 20.769445216974823, loss: 0.8217052429914474, rho: 0.1375, transmit_actions: 19, P: [1.0, 0.0625, 0.125, 0.0625, 0.0625, 0.0625, 0.125, 0.0625, 0.0625, 0.0625, 0.0625, 0.0625, 0.0625, 0.0625, 0.0625, 0.0625, 0.0625, 0.0625, 0.0625, 0.125]
[TRAIN]: (710/1600): reward: 18.403980381786823, rates: 19.403980443257026, loss: 1.0193951651453972, rho: 0.15, transmit_actions: 19, P: [1.0, 0.125, 0.0625, 0.125, 0.125, 0.125, 0.0625, 0.0625, 0.0625, 0.0625, 0.0625, 0.0625, 0.0625, 0.0625, 0.0625, 0.0625, 0.0625, 0.0625, 0.125, 0.0625]
[TRAIN]: (711/1600): reward: 18.971597462892532, rates: 18.97159762337227, loss: 1.0351048201322555, rho: 0.2, transmit_actions: 19, P: [1.0, 0.0625, 0.0625, 0.0625, 0.125, 0.0625, 0.0625, 0.0625, 0.0625, 0.0625, 0.0625, 0.0625, 0.0625, 0.0625, 0.0625, 0.0625, 0.0625, 0.0625, 0.0625, 0.0625]
[TRAIN]: (712/1600): reward: 15.680939614772797, rates: 20.680939496090346, loss: 1.1036671534180642, rho: 0.175, transmit_actions: 18, P: [1.0, 0.0625, 0.0625, 0.0625, 0.0625, 0.0625, 0.0625, 0.0625, 0.0625, 0.25, 0.0625, 0.0625, 0.0625, 0.0625, 0.0625, 0.0625, 0.0625, 0.0625, 0.0625, 0.0625]
[TRAIN]: (713/1600): reward: 22.022626757621765, rates: 22.022626686398553, loss: 0.8834270909428596, rho: 0.1375, transmit_actions: 19, P: [1.0, 0.0625, 0.0625, 0.125, 0.0625, 0.125, 0.0625, 0.125, 0.0625, 0.125, 0.0625, 0.0625, 0.0625, 0.0625, 0.0625, 0.0625, 0.0625, 0.0625, 0.0625, 0.0625]
[TRAIN]: (714/1600): reward: 22.391286373138428, rates: 22.39128626390791, loss: 0.9888457298278809, rho: 0.1375, transmit_actions: 19, P: [1.0, 0.125, 0.0625, 0.0625, 0.0625, 0.0625, 0.0625, 0.0625, 0.125, 0.125, 0.0625, 0.0625, 0.125, 0.125, 0.125, 0.0625, 0.0625, 0.0625, 0.0625, 0.0625]
[TRAIN]: (715/1600): reward: 12.786937892436981, rates: 17.786937817339194, loss: 1.0318186789751054, rho: 0.2, transmit_actions: 18, P: [1.0, 0.0625, 0.125, 0.0625, 0.0625, 0.0625, 0.0625, 0.0625, 0.0625, 0.125, 0.0625, 0.0625, 0.0625, 0.0625, 0.0625, 0.0625, 0.0625, 0.0625, 0.0625, 0.0625]
[TRAIN]: (716/1600): reward: 7.566295281052589, rates: 17.566295318987834, loss: 1.1330291658639908, rho: 0.175, transmit_actions: 19, P: [1.0, 0.0625, 0.0625, 0.0625, 0.875, 0.0625, 0.0625, 0.125, 0.0625, 0.0625, 0.125, 0.0625, 0.0625, 0.0625, 0.0625, 0.0625, 0.0625, 0.0625, 0.125, 0.0625]
[TRAIN]: (717/1600): reward: 13.952571868896484, rates: 19.952571791110195, loss: 0.977199786901474, rho: 0.13125, transmit_actions: 18, P: [1.0, 0.125, 0.125, 0.0625, 0.0625, 0.0625, 0.125, 0.125, 0.125, 0.0625, 0.1875, 0.0625, 0.0625, 0.125, 0.125, 0.0625, 0.0625, 0.0625, 0.0625, 0.0625]
[TRAIN]: (718/1600): reward: 21.580394834280014, rates: 21.580395033102842, loss: 1.0312176525592804, rho: 0.13125, transmit_actions: 19, P: [1.0, 0.125, 0.125, 0.0625, 0.0625, 0.0625, 0.0625, 0.0625, 0.125, 0.0625, 0.125, 0.0625, 0.0625, 0.0625, 0.0625, 0.0625, 0.0625, 0.0625, 0.0625, 0.0625]
[TRAIN]: (719/1600): reward: 20.539321929216385, rates: 21.5393216538456, loss: 1.0641143053770066, rho: 0.16875, transmit_actions: 19, P: [1.0, 0.0625, 0.0625, 0.125, 0.0625, 0.125, 0.0625, 0.0625, 0.0625, 0.0625, 0.0625, 0.0625, 0.0625, 0.0625, 0.0625, 0.0625, 0.0625, 0.0625, 0.0625, 0.0625]
[TRAIN]: (720/1600): reward: 17.80168253183365, rates: 17.801682536658465, loss: 0.8650766804814338, rho: 0.15, transmit_actions: 19, P: [1.0, 0.0625, 0.125, 0.0625, 0.125, 0.0625, 0.0625, 0.0625, 0.0625, 0.0625, 0.0625, 0.125, 0.0625, 0.0625, 0.0625, 0.0625, 0.0625, 0.125, 0.0625, 0.0625]
[TRAIN]: (721/1600): reward: 19.738205701112747, rates: 19.738205623260892, loss: 1.0157345578074455, rho: 0.125, transmit_actions: 19, P: [1.0, 0.125, 0.0625, 0.0625, 0.0625, 0.0625, 0.0625, 0.0625, 0.0625, 0.0625, 0.0625, 0.0625, 0.0625, 0.0625, 0.0625, 0.0625, 0.0625, 0.0625, 0.0625, 0.0625]
[TRAIN]: (722/1600): reward: 19.877957373857498, rates: 19.877957332620536, loss: 1.0255823105573654, rho: 0.125, transmit_actions: 19, P: [1.0, 0.0625, 0.0625, 0.0625, 0.0625, 0.0625, 0.0625, 0.0625, 0.125, 0.0625, 0.0625, 0.0625, 0.0625, 0.0625, 0.0625, 0.0625, 0.0625, 0.0625, 0.0625, 0.0625]
[TRAIN]: (723/1600): reward: 18.611016392707825, rates: 19.611016320006016, loss: 0.9637589320540428, rho: 0.14375, transmit_actions: 19, P: [1.0, 0.0625, 0.0625, 0.0625, 0.0625, 0.0625, 0.0625, 0.125, 0.0625, 0.0625, 0.0625, 0.0625, 0.125, 0.0625, 0.0625, 0.0625, 0.0625, 0.0625, 0.0625, 0.0625]
[TRAIN]: (724/1600): reward: 18.73829075694084, rates: 18.73829077411154, loss: 0.8913259997963905, rho: 0.13125, transmit_actions: 19, P: [1.0, 0.125, 0.0625, 0.0625, 0.0625, 0.0625, 0.125, 0.0625, 0.0625, 0.0625, 0.0625, 0.0625, 0.125, 0.0625, 0.0625, 0.0625, 0.0625, 0.0625, 0.0625, 0.0625]
[TRAIN]: (725/1600): reward: 18.206037908792496, rates: 20.20603771290866, loss: 1.1028210073709488, rho: 0.13125, transmit_actions: 19, P: [1.0, 0.0625, 0.0625, 0.0625, 0.0625, 0.0625, 0.0625, 0.125, 0.0625, 0.125, 0.0625, 0.0625, 0.0625, 0.0625, 0.0625, 0.0625, 0.0625, 0.0625, 0.0625, 0.0625]
[TRAIN]: (726/1600): reward: 2.2543032467365265, rates: 17.25430336551425, loss: 0.8563338443636894, rho: 0.175, transmit_actions: 16, P: [1.0, 0.0625, 0.125, 0.0625, 0.0625, 0.0625, 0.625, 0.125, 0.0625, 0.0625, 0.0625, 0.0625, 0.0625, 0.0625, 0.1875, 0.0625, 0.0625, 0.0625, 0.0625, 0.0625]
[TRAIN]: (727/1600): reward: 18.013010025024414, rates: 20.01300998643401, loss: 1.0392754912376403, rho: 0.1375, transmit_actions: 19, P: [1.0, 0.125, 0.125, 0.125, 0.0625, 0.0625, 0.125, 0.0625, 0.0625, 0.0625, 0.125, 0.125, 0.0625, 0.125, 0.0625, 0.0625, 0.0625, 0.0625, 0.125, 0.0625]
[TRAIN]: (728/1600): reward: 17.393807381391525, rates: 18.393807263353988, loss: 0.8842545360326767, rho: 0.13125, transmit_actions: 18, P: [1.0, 0.9375, 0.0625, 0.125, 0.125, 0.125, 0.0625, 0.0625, 0.0625, 0.0625, 0.0625, 0.0625, 0.0625, 0.0625, 0.0625, 0.0625, 0.0625, 0.0625, 0.0625, 0.0625]
[TRAIN]: (729/1600): reward: 19.645543694496155, rates: 19.6455437135553, loss: 0.940474770963192, rho: 0.15, transmit_actions: 19, P: [1.0, 0.125, 0.0625, 0.0625, 0.125, 0.0625, 0.0625, 0.0625, 0.0625, 0.0625, 0.0625, 0.0625, 0.0625, 0.0625, 0.0625, 0.125, 0.0625, 0.0625, 0.125, 0.0625]
[TRAIN]: (730/1600): reward: 20.309404730796814, rates: 20.309404680364047, loss: 1.025665271282196, rho: 0.15625, transmit_actions: 18, P: [1.0, 0.0625, 0.0625, 0.0625, 0.0625, 0.0625, 0.0625, 0.6875, 0.125, 0.0625, 0.0625, 0.0625, 0.0625, 0.0625, 0.0625, 0.0625, 0.0625, 0.0625, 0.0625, 0.0625]
[TRAIN]: (731/1600): reward: 20.500180900096893, rates: 20.500180839552872, loss: 0.9623139679431916, rho: 0.14375, transmit_actions: 19, P: [1.0, 0.125, 0.0625, 0.0625, 0.0625, 0.0625, 0.0625, 0.0625, 0.0625, 0.125, 0.0625, 0.0625, 0.0625, 0.0625, 0.125, 0.0625, 0.0625, 0.0625, 0.0625, 0.0625]
[TRAIN]: (732/1600): reward: 16.95817868411541, rates: 19.958178746213814, loss: 0.9343935221433639, rho: 0.14375, transmit_actions: 19, P: [1.0, 0.125, 0.0625, 0.0625, 0.125, 0.0625, 0.0625, 0.0625, 0.125, 0.125, 0.125, 0.125, 0.0625, 0.0625, 0.0625, 0.0625, 0.0625, 0.0625, 0.125, 0.125]
[TRAIN]: (733/1600): reward: 21.585903972387314, rates: 21.58590384830181, loss: 0.8926315695047379, rho: 0.14375, transmit_actions: 19, P: [1.0, 0.0625, 0.0625, 0.0625, 0.0625, 0.0625, 0.125, 0.0625, 0.0625, 0.0625, 0.125, 0.0625, 0.0625, 0.0625, 0.0625, 0.0625, 0.0625, 0.0625, 0.0625, 0.0625]
[TRAIN]: (734/1600): reward: 20.53405985236168, rates: 20.534059776082117, loss: 0.9578492909669876, rho: 0.13125, transmit_actions: 19, P: [1.0, 0.0625, 0.125, 0.0625, 0.0625, 0.0625, 0.0625, 0.0625, 0.125, 0.0625, 0.0625, 0.0625, 0.0625, 0.0625, 0.0625, 0.0625, 0.0625, 0.0625, 0.0625, 0.0625]
[TRAIN]: (735/1600): reward: 17.001704804599285, rates: 20.001704918424643, loss: 0.8802714198827744, rho: 0.15, transmit_actions: 19, P: [1.0, 0.0625, 0.125, 0.0625, 0.0625, 0.0625, 0.0625, 0.0625, 0.0625, 0.0625, 0.0625, 0.125, 0.0625, 0.0625, 0.0625, 0.0625, 0.0625, 0.0625, 0.0625, 0.0625]
[TRAIN]: (736/1600): reward: 14.671721249818802, rates: 19.67172116189734, loss: 0.8510394662618637, rho: 0.19375, transmit_actions: 18, P: [1.0, 0.1875, 0.0625, 0.0625, 0.0625, 0.125, 0.0625, 0.0625, 0.0625, 0.125, 0.0625, 0.0625, 0.0625, 0.0625, 0.125, 0.0625, 0.0625, 0.0625, 0.0625, 0.0625]
[TRAIN]: (737/1600): reward: 7.003012388944626, rates: 17.003012505513542, loss: 0.9393731862306595, rho: 0.1625, transmit_actions: 18, P: [1.0, 0.0625, 0.0625, 0.0625, 0.0625, 0.0625, 0.5625, 0.0625, 1.0, 0.0625, 0.0625, 0.0625, 0.0625, 0.0625, 0.0625, 0.0625, 0.0625, 0.0625, 0.0625, 0.125]
[TRAIN]: (738/1600): reward: 17.892477184534073, rates: 18.89247713982453, loss: 0.8294727772474288, rho: 0.13125, transmit_actions: 19, P: [1.0, 0.0625, 0.0625, 0.0625, 0.0625, 0.0625, 0.125, 0.0625, 0.125, 0.125, 0.0625, 0.0625, 0.125, 0.125, 0.0625, 0.125, 0.125, 0.0625, 0.0625, 0.0625]
[TRAIN]: (739/1600): reward: 15.328913196921349, rates: 20.328913160593522, loss: 1.0340615466237069, rho: 0.125, transmit_actions: 19, P: [1.0, 0.125, 0.125, 0.0625, 0.125, 0.0625, 0.125, 0.125, 0.0625, 0.125, 0.0625, 0.0625, 0.0625, 0.125, 0.125, 0.125, 0.0625, 0.0625, 0.0625, 0.0625]
[TRAIN]: (740/1600): reward: 16.365187883377075, rates: 21.365187674458713, loss: 0.9636327058076859, rho: 0.18125, transmit_actions: 18, P: [1.0, 0.125, 0.125, 0.0625, 0.0625, 0.0625, 0.0625, 0.125, 0.0625, 0.0625, 0.125, 0.0625, 0.0625, 0.0625, 0.0625, 0.0625, 0.0625, 0.3125, 0.0625, 0.0625]
[TRAIN]: (741/1600): reward: 20.288418233394623, rates: 21.28841816139923, loss: 0.9478287309408188, rho: 0.125, transmit_actions: 19, P: [1.0, 0.0625, 0.0625, 0.125, 0.0625, 0.0625, 0.125, 0.125, 0.0625, 0.125, 0.0625, 0.0625, 0.0625, 0.0625, 0.0625, 0.0625, 0.0625, 0.0625, 0.0625, 0.0625]
[TRAIN]: (742/1600): reward: 20.937897741794586, rates: 20.93789764827527, loss: 0.9088482677936554, rho: 0.1375, transmit_actions: 18, P: [1.0, 0.6875, 0.0625, 0.0625, 0.0625, 0.0625, 0.0625, 0.125, 0.0625, 0.0625, 0.0625, 0.0625, 0.0625, 0.125, 0.0625, 0.0625, 0.125, 0.0625, 0.0625, 0.0625]
[TRAIN]: (743/1600): reward: 16.867925867438316, rates: 18.86792585519209, loss: 0.9736746057868004, rho: 0.15, transmit_actions: 19, P: [1.0, 0.0625, 0.0625, 0.0625, 0.0625, 0.0625, 0.0625, 0.125, 0.0625, 0.0625, 0.0625, 0.0625, 0.0625, 0.125, 0.0625, 0.125, 0.0625, 0.0625, 0.0625, 0.0625]
[TRAIN]: (744/1600): reward: 20.0072360932827, rates: 20.007236096916888, loss: 0.8280688181519509, rho: 0.13125, transmit_actions: 19, P: [1.0, 0.0625, 0.0625, 0.125, 0.0625, 0.125, 0.0625, 0.0625, 0.0625, 0.0625, 0.0625, 0.0625, 0.0625, 0.0625, 0.0625, 0.0625, 0.0625, 0.0625, 0.0625, 0.0625]
[TRAIN]: (745/1600): reward: 19.07503816485405, rates: 19.075037931362992, loss: 0.993153490126133, rho: 0.19375, transmit_actions: 18, P: [1.0, 0.0625, 0.0625, 0.0625, 0.0625, 0.0625, 0.0625, 0.0625, 0.0625, 0.0625, 0.0625, 0.0625, 0.125, 0.0625, 0.0625, 0.9375, 0.0625, 0.0625, 0.0625, 0.0625]
[TRAIN]: (746/1600): reward: 17.017554223537445, rates: 20.017554286629622, loss: 0.9877909123897552, rho: 0.1625, transmit_actions: 18, P: [1.0, 0.0625, 0.3125, 0.125, 0.0625, 0.0625, 0.0625, 0.125, 0.125, 0.0625, 0.0625, 0.0625, 0.0625, 0.0625, 0.0625, 0.625, 0.0625, 0.0625, 0.0625, 0.125]
[TRAIN]: (747/1600): reward: 15.478928476572037, rates: 20.478928719743735, loss: 0.9588865995407104, rho: 0.13125, transmit_actions: 19, P: [1.0, 0.125, 0.125, 0.0625, 0.125, 0.125, 0.0625, 0.0625, 0.125, 0.0625, 0.125, 0.0625, 0.0625, 0.0625, 0.0625, 0.125, 0.125, 0.0625, 0.0625, 0.125]
[TRAIN]: (748/1600): reward: 19.645091623067856, rates: 19.645091459049485, loss: 1.0138667941093444, rho: 0.15, transmit_actions: 19, P: [1.0, 0.0625, 0.0625, 0.0625, 0.0625, 0.0625, 0.0625, 0.0625, 0.0625, 0.0625, 0.0625, 0.0625, 0.0625, 0.0625, 0.0625, 0.0625, 0.0625, 0.0625, 0.0625, 0.0625]
[TRAIN]: (749/1600): reward: 19.552775859832764, rates: 20.55277563217529, loss: 0.8763175368309021, rho: 0.15625, transmit_actions: 19, P: [1.0, 0.0625, 0.125, 0.0625, 0.125, 0.0625, 0.0625, 0.0625, 0.125, 0.0625, 0.0625, 0.0625, 0.0625, 0.0625, 0.0625, 0.0625, 0.0625, 0.0625, 0.0625, 0.0625]
[TRAIN]: (750/1600): reward: 14.431550055742264, rates: 19.431550084649082, loss: 0.9368206217885018, rho: 0.19375, transmit_actions: 18, P: [0.0, 0.0625, 0.0625, 0.125, 0.125, 0.125, 0.0625, 0.0625, 0.0625, 0.0625, 0.0625, 0.0625, 0.0625, 0.9375, 0.0625, 0.0625, 0.0625, 0.0625, 0.0625, 0.0625]
[TRAIN]: (751/1600): reward: 21.988809257745743, rates: 22.98880912531516, loss: 0.9220380470156669, rho: 0.14375, transmit_actions: 19, P: [1.0, 0.125, 0.0625, 0.0625, 0.0625, 0.0625, 0.125, 0.0625, 0.0625, 0.0625, 0.0625, 0.0625, 0.125, 0.125, 0.0625, 0.0625, 0.0625, 0.0625, 0.0625, 0.0625]
[TRAIN]: (752/1600): reward: 19.57154929637909, rates: 20.571549343849796, loss: 0.9173177927732468, rho: 0.13125, transmit_actions: 19, P: [1.0, 0.0625, 0.0625, 0.0625, 0.0625, 0.125, 0.0625, 0.125, 0.125, 0.125, 0.125, 0.125, 0.125, 0.0625, 0.0625, 0.0625, 0.125, 0.0625, 0.0625, 0.0625]
[TRAIN]: (753/1600): reward: 18.770266830921173, rates: 18.77026694090753, loss: 0.8180410593748093, rho: 0.175, transmit_actions: 19, P: [1.0, 0.0625, 0.125, 0.0625, 0.0625, 0.0625, 0.0625, 0.0625, 0.0625, 0.125, 0.0625, 0.0625, 0.0625, 0.0625, 0.0625, 0.0625, 0.0625, 0.0625, 0.0625, 0.125]
[TRAIN]: (754/1600): reward: 20.708817899227142, rates: 20.708817869269915, loss: 0.9704233705997467, rho: 0.15625, transmit_actions: 19, P: [1.0, 0.0625, 0.0625, 0.0625, 0.0625, 0.0625, 0.0625, 0.0625, 0.0625, 0.0625, 0.0625, 0.0625, 0.0625, 0.0625, 0.0625, 0.0625, 0.0625, 0.0625, 0.0625, 0.0625]
[TRAIN]: (755/1600): reward: 20.000934928655624, rates: 21.000934827911117, loss: 1.0684155061841012, rho: 0.175, transmit_actions: 19, P: [0.125, 0.0625, 0.0625, 0.125, 0.125, 0.0625, 0.0625, 0.0625, 0.0625, 0.0625, 0.0625, 0.0625, 0.0625, 0.0625, 0.0625, 0.0625, 0.0625, 0.0625, 0.0625, 0.0625]
[TRAIN]: (756/1600): reward: 20.80556434392929, rates: 20.80556425427097, loss: 0.9768910646438599, rho: 0.13125, transmit_actions: 19, P: [1.0, 0.0625, 0.0625, 0.125, 0.125, 0.0625, 0.125, 0.0625, 0.0625, 0.0625, 0.125, 0.0625, 0.0625, 0.0625, 0.0625, 0.0625, 0.0625, 0.0625, 0.0625, 0.0625]
[TRAIN]: (757/1600): reward: 21.63197749853134, rates: 21.631977317274895, loss: 0.9647493213415146, rho: 0.1375, transmit_actions: 19, P: [1.0, 0.0625, 0.0625, 0.0625, 0.0625, 0.125, 0.0625, 0.0625, 0.0625, 0.125, 0.125, 0.0625, 0.0625, 0.0625, 0.0625, 0.0625, 0.125, 0.0625, 0.125, 0.0625]
[TRAIN]: (758/1600): reward: 20.44350439310074, rates: 20.443504542172157, loss: 0.9468944072723389, rho: 0.125, transmit_actions: 18, P: [1.0, 0.9375, 0.0625, 0.125, 0.0625, 0.0625, 0.0625, 0.0625, 0.125, 0.0625, 0.0625, 0.0625, 0.0625, 0.0625, 0.0625, 0.0625, 0.0625, 0.0625, 0.125, 0.0625]
[TRAIN]: (759/1600): reward: 16.397566109895706, rates: 18.397565944015568, loss: 0.9685684204101562, rho: 0.16875, transmit_actions: 19, P: [1.0, 0.125, 0.0625, 0.125, 0.0625, 0.125, 0.0625, 0.0625, 0.125, 0.0625, 0.0625, 0.0625, 0.0625, 0.125, 0.0625, 0.0625, 0.0625, 0.0625, 0.0625, 0.0625]
[TRAIN]: (760/1600): reward: 12.551708951592445, rates: 18.55170916694213, loss: 1.0453866183757783, rho: 0.15, transmit_actions: 18, P: [1.0, 0.0625, 0.0625, 0.0625, 0.0625, 0.0625, 0.0625, 0.0625, 0.0625, 0.0625, 0.0625, 0.0625, 0.0625, 0.0625, 0.4375, 0.125, 0.0625, 0.0625, 0.0625, 0.0625]
[TRAIN]: (761/1600): reward: 23.162678480148315, rates: 23.16267860956719, loss: 0.9152674168348313, rho: 0.15, transmit_actions: 19, P: [1.0, 0.0625, 0.125, 0.0625, 0.125, 0.0625, 0.0625, 0.0625, 0.0625, 0.125, 0.0625, 0.0625, 0.0625, 0.0625, 0.0625, 0.0625, 0.0625, 0.0625, 0.0625, 0.0625]
[TRAIN]: (762/1600): reward: 11.517156898975372, rates: 18.51715667810395, loss: 0.9438229471445083, rho: 0.19375, transmit_actions: 19, P: [1.0, 0.125, 0.0625, 0.0625, 0.0625, 0.0625, 0.125, 0.0625, 0.0625, 0.0625, 0.0625, 0.5, 0.0625, 0.0625, 0.0625, 0.0625, 0.0625, 0.0625, 0.125, 0.125]
[TRAIN]: (763/1600): reward: 19.166876167058945, rates: 19.166876184876408, loss: 0.8682358175516128, rho: 0.14375, transmit_actions: 19, P: [1.0, 0.0625, 0.0625, 0.125, 0.0625, 0.0625, 0.0625, 0.0625, 0.0625, 0.0625, 0.0625, 0.0625, 0.0625, 0.0625, 0.0625, 0.0625, 0.0625, 0.0625, 0.0625, 0.0625]
[TRAIN]: (764/1600): reward: 19.82395751774311, rates: 20.823957634700665, loss: 0.8112389877438545, rho: 0.15, transmit_actions: 18, P: [1.0, 0.125, 0.125, 0.125, 0.125, 0.9375, 0.0625, 0.0625, 0.125, 0.0625, 0.0625, 0.125, 0.0625, 0.0625, 0.0625, 0.0625, 0.0625, 0.125, 0.0625, 0.0625]
[TRAIN]: (765/1600): reward: 20.827902227640152, rates: 20.82790233363416, loss: 0.9299337163567543, rho: 0.125, transmit_actions: 19, P: [1.0, 0.0625, 0.0625, 0.0625, 0.0625, 0.0625, 0.125, 0.0625, 0.0625, 0.125, 0.0625, 0.0625, 0.0625, 0.0625, 0.0625, 0.0625, 0.0625, 0.0625, 0.0625, 0.0625]
[TRAIN]: (766/1600): reward: 10.22399127483368, rates: 19.22399115534064, loss: 0.7594276696443558, rho: 0.16875, transmit_actions: 18, P: [1.0, 0.125, 0.0625, 0.0625, 0.0625, 0.0625, 0.0625, 0.0625, 0.0625, 0.0625, 0.0625, 0.0625, 0.0625, 0.5, 0.0625, 0.0625, 0.0625, 0.0625, 0.0625, 0.0625]
[TRAIN]: (767/1600): reward: 21.778333604335785, rates: 21.778333425073125, loss: 0.8808903694152832, rho: 0.15, transmit_actions: 19, P: [1.0, 0.0625, 0.125, 0.0625, 0.0625, 0.0625, 0.0625, 0.0625, 0.0625, 0.0625, 0.0625, 0.0625, 0.0625, 0.0625, 0.0625, 0.0625, 0.0625, 0.0625, 0.0625, 0.0625]
[TRAIN]: (768/1600): reward: 17.561353236436844, rates: 18.561353356899296, loss: 0.9562472909688949, rho: 0.175, transmit_actions: 19, P: [1.0, 0.0625, 0.125, 0.0625, 0.0625, 0.125, 0.0625, 0.0625, 0.0625, 0.125, 0.125, 0.125, 0.125, 0.0625, 0.0625, 0.0625, 0.0625, 0.0625, 0.0625, 0.0625]
[TRAIN]: (769/1600): reward: 21.477175652980804, rates: 21.477175487781928, loss: 0.8959069877862931, rho: 0.21875, transmit_actions: 19, P: [1.0, 0.0625, 0.0625, 0.0625, 0.0625, 0.0625, 0.0625, 0.0625, 0.0625, 0.0625, 0.125, 0.0625, 0.0625, 0.0625, 0.0625, 0.0625, 0.0625, 0.0625, 0.0625, 0.0625]
[TRAIN]: (770/1600): reward: 20.37407273054123, rates: 20.374072690423233, loss: 0.8934555158019066, rho: 0.1375, transmit_actions: 19, P: [1.0, 0.0625, 0.125, 0.0625, 0.0625, 0.125, 0.0625, 0.0625, 0.0625, 0.0625, 0.0625, 0.0625, 0.0625, 0.0625, 0.0625, 0.0625, 0.0625, 0.0625, 0.0625, 0.0625]
[TRAIN]: (771/1600): reward: 19.806886464357376, rates: 19.806886348680596, loss: 0.8817617863416671, rho: 0.1375, transmit_actions: 19, P: [1.0, 0.125, 0.0625, 0.125, 0.0625, 0.0625, 0.125, 0.0625, 0.0625, 0.0625, 0.0625, 0.0625, 0.0625, 0.0625, 0.0625, 0.0625, 0.125, 0.0625, 0.0625, 0.0625]
[TRAIN]: (772/1600): reward: 22.364330261945724, rates: 22.364330420819897, loss: 0.7913391470909119, rho: 0.1375, transmit_actions: 19, P: [1.0, 0.0625, 0.125, 0.0625, 0.0625, 0.0625, 0.0625, 0.0625, 0.0625, 0.0625, 0.0625, 0.0625, 0.0625, 0.0625, 0.0625, 0.0625, 0.0625, 0.0625, 0.0625, 0.0625]
[TRAIN]: (773/1600): reward: 22.295023411512375, rates: 22.295023255490044, loss: 0.8979551553726196, rho: 0.125, transmit_actions: 19, P: [1.0, 0.0625, 0.125, 0.0625, 0.0625, 0.125, 0.0625, 0.0625, 0.0625, 0.125, 0.0625, 0.0625, 0.0625, 0.0625, 0.0625, 0.0625, 0.0625, 0.0625, 0.0625, 0.0625]
[TRAIN]: (774/1600): reward: 17.90937715768814, rates: 17.909377169772487, loss: 0.7428299069404602, rho: 0.1875, transmit_actions: 19, P: [1.0, 0.0625, 0.125, 0.0625, 0.0625, 0.0625, 0.0625, 0.0625, 0.0625, 0.0625, 0.125, 0.0625, 0.0625, 0.0625, 0.0625, 0.0625, 0.0625, 0.0625, 0.125, 0.0625]
[TRAIN]: (775/1600): reward: 21.624757319688797, rates: 21.624757356422222, loss: 0.875115217268467, rho: 0.1375, transmit_actions: 19, P: [1.0, 0.125, 0.125, 0.0625, 0.0625, 0.0625, 0.0625, 0.0625, 0.0625, 0.0625, 0.0625, 0.0625, 0.0625, 0.0625, 0.0625, 0.0625, 0.0625, 0.0625, 0.0625, 0.0625]
[TRAIN]: (776/1600): reward: 17.78900781273842, rates: 17.789007724303406, loss: 0.9565374732017518, rho: 0.1625, transmit_actions: 19, P: [1.0, 0.125, 0.0625, 0.125, 0.0625, 0.0625, 0.0625, 0.0625, 0.125, 0.0625, 0.0625, 0.0625, 0.0625, 0.0625, 0.0625, 0.0625, 0.0625, 0.0625, 0.0625, 0.125]
[TRAIN]: (777/1600): reward: 18.414389818906784, rates: 18.414389656718402, loss: 0.8367925956845284, rho: 0.1625, transmit_actions: 19, P: [1.0, 0.0625, 0.0625, 0.125, 0.0625, 0.0625, 0.0625, 0.0625, 0.125, 0.0625, 0.125, 0.125, 0.0625, 0.0625, 0.0625, 0.0625, 0.0625, 0.0625, 0.0625, 0.0625]
[TRAIN]: (778/1600): reward: 17.897788643836975, rates: 18.897788782299592, loss: 0.925097742676735, rho: 0.1625, transmit_actions: 19, P: [1.0, 0.0625, 0.0625, 0.0625, 0.0625, 0.0625, 0.0625, 0.125, 0.0625, 0.0625, 0.0625, 0.0625, 0.0625, 0.0625, 0.0625, 0.0625, 0.0625, 0.0625, 0.0625, 0.0625]
[TRAIN]: (779/1600): reward: 21.97857964038849, rates: 21.978579680315494, loss: 0.8301669150590897, rho: 0.1375, transmit_actions: 19, P: [1.0, 0.0625, 0.0625, 0.125, 0.0625, 0.0625, 0.0625, 0.125, 0.0625, 0.0625, 0.0625, 0.0625, 0.0625, 0.125, 0.0625, 0.0625, 0.0625, 0.0625, 0.0625, 0.0625]
[TRAIN]: (780/1600): reward: 19.715649664402008, rates: 19.715649711358697, loss: 0.8876902103424072, rho: 0.1625, transmit_actions: 19, P: [1.0, 0.0625, 0.0625, 0.0625, 0.0625, 0.0625, 0.0625, 0.0625, 0.0625, 0.0625, 0.0625, 0.0625, 0.0625, 0.0625, 0.0625, 0.0625, 0.0625, 0.0625, 0.0625, 0.125]
[TRAIN]: (781/1600): reward: 21.818937242031097, rates: 21.818937319226706, loss: 0.9770934700965881, rho: 0.125, transmit_actions: 19, P: [1.0, 0.125, 0.0625, 0.0625, 0.125, 0.125, 0.0625, 0.125, 0.125, 0.0625, 0.0625, 0.0625, 0.0625, 0.0625, 0.0625, 0.0625, 0.0625, 0.0625, 0.0625, 0.0625]
[TRAIN]: (782/1600): reward: 19.27913048863411, rates: 19.27913068310528, loss: 0.8507616519927979, rho: 0.14375, transmit_actions: 19, P: [1.0, 0.0625, 0.0625, 0.0625, 0.0625, 0.0625, 0.0625, 0.0625, 0.0625, 0.0625, 0.0625, 0.0625, 0.0625, 0.0625, 0.0625, 0.0625, 0.0625, 0.0625, 0.0625, 0.0625]
[TRAIN]: (783/1600): reward: 16.732362121343613, rates: 18.732362242827374, loss: 0.864601694047451, rho: 0.15, transmit_actions: 19, P: [1.0, 0.0625, 0.0625, 0.0625, 0.0625, 0.0625, 0.125, 0.0625, 0.125, 0.125, 0.0625, 0.0625, 0.0625, 0.0625, 0.0625, 0.0625, 0.0625, 0.0625, 0.0625, 0.0625]
[TRAIN]: (784/1600): reward: 20.189172834157944, rates: 20.18917303939386, loss: 0.8337010681629181, rho: 0.125, transmit_actions: 18, P: [1.0, 0.6875, 0.125, 0.0625, 0.125, 0.0625, 0.0625, 0.0625, 0.0625, 0.0625, 0.0625, 0.0625, 0.0625, 0.0625, 0.0625, 0.0625, 0.0625, 0.0625, 0.0625, 0.0625]
[TRAIN]: (785/1600): reward: 10.757008850574493, rates: 17.757009094723784, loss: 0.8740705028176308, rho: 0.1375, transmit_actions: 19, P: [1.0, 0.125, 0.125, 0.0625, 0.125, 0.0625, 0.0625, 0.0625, 0.0625, 0.0625, 0.0625, 0.0625, 0.0625, 0.0625, 0.0625, 0.0625, 0.0625, 0.0625, 0.0625, 0.0625]
[TRAIN]: (786/1600): reward: 14.604226596653461, rates: 18.60422663138642, loss: 0.863507105410099, rho: 0.15625, transmit_actions: 19, P: [1.0, 0.125, 0.0625, 0.125, 0.0625, 0.0625, 0.0625, 0.0625, 0.0625, 0.0625, 0.0625, 0.0625, 0.125, 0.0625, 0.0625, 0.0625, 0.0625, 0.0625, 0.0625, 0.0625]
[TRAIN]: (787/1600): reward: 18.355298697948456, rates: 18.35529868246808, loss: 0.8073770582675934, rho: 0.16875, transmit_actions: 19, P: [1.0, 0.0625, 0.0625, 0.0625, 0.0625, 0.125, 0.125, 0.0625, 0.0625, 0.125, 0.0625, 0.0625, 0.0625, 0.0625, 0.0625, 0.0625, 0.0625, 0.0625, 0.0625, 0.0625]
[TRAIN]: (788/1600): reward: 19.438846588134766, rates: 19.438846660876635, loss: 0.814342187345028, rho: 0.1375, transmit_actions: 19, P: [1.0, 0.0625, 0.0625, 0.0625, 0.0625, 0.0625, 0.0625, 0.0625, 0.0625, 0.0625, 0.0625, 0.0625, 0.0625, 0.0625, 0.0625, 0.0625, 0.0625, 0.0625, 0.0625, 0.0625]
[TRAIN]: (789/1600): reward: 22.667134523391724, rates: 22.667134751164973, loss: 0.9723644316196441, rho: 0.18125, transmit_actions: 19, P: [0.4375, 0.0625, 0.125, 0.0625, 0.0625, 0.0625, 0.0625, 0.125, 0.0625, 0.0625, 0.0625, 0.0625, 0.0625, 0.0625, 0.0625, 0.0625, 0.0625, 0.0625, 0.0625, 0.0625]
[TRAIN]: (790/1600): reward: 18.379483550786972, rates: 18.3794837153455, loss: 0.9635449409484863, rho: 0.1375, transmit_actions: 19, P: [1.0, 0.0625, 0.125, 0.0625, 0.0625, 0.0625, 0.0625, 0.0625, 0.0625, 0.0625, 0.0625, 0.0625, 0.0625, 0.0625, 0.0625, 0.0625, 0.0625, 0.0625, 0.0625, 0.0625]
[TRAIN]: (791/1600): reward: 17.46744892001152, rates: 19.467448957477103, loss: 0.824979966878891, rho: 0.1625, transmit_actions: 19, P: [1.0, 0.125, 0.0625, 0.125, 0.0625, 0.0625, 0.0625, 0.0625, 0.0625, 0.0625, 0.125, 0.0625, 0.0625, 0.0625, 0.0625, 0.0625, 0.0625, 0.0625, 0.0625, 0.0625]
[TRAIN]: (792/1600): reward: 15.04198431968689, rates: 20.041984432076934, loss: 0.8653444454073906, rho: 0.16875, transmit_actions: 19, P: [1.0, 0.0625, 0.0625, 0.125, 0.0625, 0.0625, 0.0625, 0.125, 0.0625, 0.625, 0.0625, 0.0625, 0.0625, 0.0625, 0.0625, 0.0625, 0.0625, 0.0625, 0.0625, 0.0625]
[TRAIN]: (793/1600): reward: 20.236699163913727, rates: 21.236699306342885, loss: 0.7846007779240608, rho: 0.125, transmit_actions: 19, P: [1.0, 0.0625, 0.125, 0.0625, 0.0625, 0.0625, 0.0625, 0.0625, 0.0625, 0.0625, 0.0625, 0.0625, 0.0625, 0.0625, 0.0625, 0.0625, 0.0625, 0.0625, 0.0625, 0.0625]
[TRAIN]: (794/1600): reward: 20.80261519551277, rates: 20.80261536484323, loss: 0.8721702098846436, rho: 0.1375, transmit_actions: 19, P: [1.0, 0.0625, 0.0625, 0.0625, 0.0625, 0.0625, 0.125, 0.0625, 0.0625, 0.0625, 0.0625, 0.0625, 0.0625, 0.0625, 0.0625, 0.0625, 0.0625, 0.0625, 0.0625, 0.0625]
[TRAIN]: (795/1600): reward: 19.882422983646393, rates: 20.882423109052755, loss: 0.9075850635766983, rho: 0.13125, transmit_actions: 19, P: [1.0, 0.0625, 0.0625, 0.0625, 0.125, 0.0625, 0.0625, 0.125, 0.0625, 0.0625, 0.0625, 0.125, 0.0625, 0.0625, 0.0625, 0.125, 0.0625, 0.0625, 0.0625, 0.0625]
[TRAIN]: (796/1600): reward: 6.639217767864466, rates: 18.639217685111678, loss: 0.7893839627504349, rho: 0.13125, transmit_actions: 19, P: [1.0, 0.125, 0.0625, 0.0625, 0.0625, 0.0625, 0.0625, 0.0625, 0.0625, 0.0625, 0.125, 0.0625, 0.0625, 0.0625, 0.0625, 0.0625, 0.9375, 0.0625, 0.0625, 0.0625]
[TRAIN]: (797/1600): reward: 21.617029786109924, rates: 21.617029650835942, loss: 0.7523990228772164, rho: 0.15, transmit_actions: 19, P: [1.0, 0.0625, 0.0625, 0.0625, 0.0625, 0.125, 0.0625, 0.0625, 0.0625, 0.0625, 0.0625, 0.0625, 0.0625, 0.0625, 0.0625, 0.0625, 0.0625, 0.0625, 0.0625, 0.0625]
[TRAIN]: (798/1600): reward: 19.463168919086456, rates: 19.46316889081448, loss: 0.9108001619577408, rho: 0.1375, transmit_actions: 18, P: [1.0, 0.0625, 0.0625, 0.0625, 0.125, 0.0625, 0.0625, 0.0625, 0.0625, 0.0625, 0.0625, 0.0625, 0.125, 0.0625, 0.0625, 0.0625, 0.0625, 0.9375, 0.0625, 0.0625]
[TRAIN]: (799/1600): reward: 19.405550092458725, rates: 19.405550094226246, loss: 0.9267391994595527, rho: 0.125, transmit_actions: 19, P: [1.0, 0.0625, 0.0625, 0.0625, 0.0625, 0.0625, 0.125, 0.125, 0.0625, 0.125, 0.0625, 0.0625, 0.0625, 0.0625, 0.0625, 0.0625, 0.0625, 0.0625, 0.0625, 0.0625]
[TRAIN]: (800/1600): reward: 21.426563680171967, rates: 21.42656362759393, loss: 0.8833178341388702, rho: 0.13125, transmit_actions: 19, P: [1.0, 0.0625, 0.0625, 0.0625, 0.0625, 0.0625, 0.0625, 0.0625, 0.0625, 0.125, 0.0625, 0.0625, 0.0625, 0.0625, 0.0625, 0.0625, 0.0625, 0.0625, 0.0625, 0.0625]
[TRAIN]: (801/1600): reward: 8.973639607429504, rates: 16.973639648347092, loss: 0.7218083441257477, rho: 0.175, transmit_actions: 19, P: [1.0, 0.0625, 0.0625, 0.0625, 0.0625, 0.125, 0.0625, 0.0625, 0.125, 0.0625, 0.0625, 0.75, 0.0625, 0.0625, 0.0625, 0.0625, 0.0625, 0.75, 0.0625, 0.0625]
[TRAIN]: (802/1600): reward: 22.4029121696949, rates: 23.402912373470592, loss: 0.8333871185779571, rho: 0.14375, transmit_actions: 19, P: [1.0, 0.0625, 0.125, 0.0625, 0.125, 0.0625, 0.0625, 0.125, 0.125, 0.0625, 0.0625, 0.0625, 0.0625, 0.0625, 0.0625, 0.0625, 0.0625, 0.0625, 0.0625, 0.0625]
[TRAIN]: (803/1600): reward: 19.56008580327034, rates: 20.56008592763639, loss: 0.8329466849565506, rho: 0.14375, transmit_actions: 19, P: [1.0, 0.0625, 0.0625, 0.125, 0.0625, 0.0625, 0.0625, 0.0625, 0.0625, 0.0625, 0.0625, 0.0625, 0.0625, 0.0625, 0.0625, 0.0625, 0.0625, 0.0625, 0.0625, 0.0625]
[TRAIN]: (804/1600): reward: 18.08698581159115, rates: 19.08698581859377, loss: 0.7927542820572853, rho: 0.19375, transmit_actions: 19, P: [1.0, 0.0625, 0.0625, 0.0625, 0.0625, 0.0625, 0.0625, 0.125, 0.0625, 0.0625, 0.125, 0.0625, 0.0625, 0.0625, 0.0625, 0.0625, 0.0625, 0.0625, 0.0625, 0.0625]
[TRAIN]: (805/1600): reward: 19.043293833732605, rates: 19.04329384362768, loss: 0.7907467588782311, rho: 0.15625, transmit_actions: 19, P: [1.0, 0.0625, 0.125, 0.125, 0.0625, 0.0625, 0.125, 0.0625, 0.0625, 0.0625, 0.0625, 0.125, 0.0625, 0.0625, 0.0625, 0.0625, 0.0625, 0.0625, 0.0625, 0.125]
[TRAIN]: (806/1600): reward: 18.320077121257782, rates: 20.32007716967317, loss: 0.8216556027531624, rho: 0.15625, transmit_actions: 18, P: [1.0, 0.75, 0.0625, 0.0625, 0.125, 0.125, 0.0625, 0.125, 0.125, 0.0625, 0.125, 0.0625, 0.0625, 0.0625, 0.125, 0.0625, 0.0625, 0.0625, 0.0625, 0.0625]
[TRAIN]: (807/1600): reward: 18.49527010694146, rates: 19.495269975401765, loss: 0.8737320438027382, rho: 0.15, transmit_actions: 19, P: [1.0, 0.0625, 0.125, 0.0625, 0.0625, 0.125, 0.0625, 0.0625, 0.125, 0.0625, 0.0625, 0.0625, 0.0625, 0.125, 0.0625, 0.0625, 0.125, 0.125, 0.0625, 0.0625]
[TRAIN]: (808/1600): reward: 22.285201907157898, rates: 22.285201811360995, loss: 0.9237563818693161, rho: 0.14375, transmit_actions: 18, P: [1.0, 0.0625, 0.75, 0.0625, 0.125, 0.125, 0.125, 0.0625, 0.125, 0.0625, 0.0625, 0.0625, 0.0625, 0.0625, 0.0625, 0.0625, 0.0625, 0.0625, 0.0625, 0.0625]
[TRAIN]: (809/1600): reward: 22.418904453516006, rates: 22.418904350776884, loss: 0.8788309022784233, rho: 0.1375, transmit_actions: 19, P: [1.0, 0.0625, 0.0625, 0.125, 0.0625, 0.125, 0.0625, 0.0625, 0.0625, 0.0625, 0.0625, 0.0625, 0.0625, 0.125, 0.0625, 0.0625, 0.0625, 0.0625, 0.0625, 0.0625]
[TRAIN]: (810/1600): reward: 19.96033126488328, rates: 20.96033112376458, loss: 0.87544926404953, rho: 0.14375, transmit_actions: 19, P: [1.0, 0.0625, 0.0625, 0.0625, 0.0625, 0.0625, 0.125, 0.0625, 0.0625, 0.0625, 0.125, 0.0625, 0.0625, 0.0625, 0.0625, 0.0625, 0.0625, 0.0625, 0.0625, 0.0625]
[TRAIN]: (811/1600): reward: 18.22112986445427, rates: 18.22113004955819, loss: 0.9597557365894318, rho: 0.14375, transmit_actions: 19, P: [1.0, 0.0625, 0.125, 0.0625, 0.0625, 0.0625, 0.0625, 0.0625, 0.0625, 0.125, 0.0625, 0.0625, 0.0625, 0.0625, 0.0625, 0.0625, 0.0625, 0.0625, 0.0625, 0.0625]
[TRAIN]: (812/1600): reward: 16.977731704711914, rates: 17.977731713404836, loss: 0.9258202254772187, rho: 0.15625, transmit_actions: 18, P: [1.0, 0.0625, 0.125, 0.0625, 0.0625, 0.0625, 0.0625, 0.0625, 0.0625, 0.0625, 0.0625, 0.0625, 0.0625, 0.0625, 0.0625, 0.0625, 0.0625, 0.9375, 0.0625, 0.0625]
[TRAIN]: (813/1600): reward: 18.771549075841904, rates: 18.771549075630045, loss: 0.888857638835907, rho: 0.15625, transmit_actions: 19, P: [1.0, 0.0625, 0.0625, 0.0625, 0.0625, 0.0625, 0.0625, 0.0625, 0.0625, 0.0625, 0.0625, 0.0625, 0.0625, 0.0625, 0.0625, 0.0625, 0.0625, 0.0625, 0.0625, 0.0625]
[TRAIN]: (814/1600): reward: 22.190753519535065, rates: 22.190753347058124, loss: 0.8077105581760406, rho: 0.1375, transmit_actions: 19, P: [1.0, 0.125, 0.0625, 0.125, 0.125, 0.0625, 0.0625, 0.125, 0.0625, 0.125, 0.0625, 0.0625, 0.0625, 0.0625, 0.0625, 0.0625, 0.0625, 0.0625, 0.0625, 0.0625]
[TRAIN]: (815/1600): reward: 20.036932915449142, rates: 21.036932803783305, loss: 0.8211150705814362, rho: 0.13125, transmit_actions: 19, P: [1.0, 0.0625, 0.0625, 0.0625, 0.125, 0.0625, 0.125, 0.0625, 0.0625, 0.0625, 0.0625, 0.0625, 0.0625, 0.0625, 0.0625, 0.0625, 0.0625, 0.0625, 0.0625, 0.0625]
[TRAIN]: (816/1600): reward: 18.76453760266304, rates: 18.764537266556534, loss: 0.8182191878557206, rho: 0.1375, transmit_actions: 19, P: [1.0, 0.0625, 0.0625, 0.0625, 0.0625, 0.0625, 0.0625, 0.0625, 0.0625, 0.0625, 0.0625, 0.0625, 0.0625, 0.0625, 0.0625, 0.0625, 0.0625, 0.0625, 0.0625, 0.0625]
[TRAIN]: (817/1600): reward: 17.287745267152786, rates: 18.28774539675113, loss: 0.7729475244879722, rho: 0.15, transmit_actions: 18, P: [1.0, 0.0625, 0.0625, 0.9375, 0.125, 0.0625, 0.125, 0.0625, 0.0625, 0.0625, 0.125, 0.0625, 0.0625, 0.0625, 0.0625, 0.0625, 0.0625, 0.0625, 0.0625, 0.0625]
[TRAIN]: (818/1600): reward: 18.735411286354065, rates: 18.73541138304708, loss: 0.7640768676996231, rho: 0.14375, transmit_actions: 19, P: [1.0, 0.0625, 0.0625, 0.0625, 0.125, 0.0625, 0.0625, 0.0625, 0.125, 0.0625, 0.0625, 0.0625, 0.0625, 0.0625, 0.0625, 0.0625, 0.0625, 0.0625, 0.0625, 0.0625]
[TRAIN]: (819/1600): reward: 21.075380697846413, rates: 22.075380648575546, loss: 0.7783954530954361, rho: 0.13125, transmit_actions: 19, P: [1.0, 0.125, 0.0625, 0.125, 0.0625, 0.0625, 0.0625, 0.0625, 0.0625, 0.0625, 0.0625, 0.0625, 0.0625, 0.0625, 0.0625, 0.0625, 0.0625, 0.0625, 0.0625, 0.0625]
[TRAIN]: (820/1600): reward: 13.023437887430191, rates: 17.0234378031253, loss: 0.8261999905109405, rho: 0.1875, transmit_actions: 19, P: [1.0, 0.125, 0.0625, 0.0625, 0.0625, 0.0625, 0.0625, 0.0625, 0.0625, 0.0625, 0.0625, 0.0625, 0.0625, 0.4375, 0.0625, 0.0625, 0.0625, 0.0625, 0.0625, 0.0625]
[TRAIN]: (821/1600): reward: 18.45463040471077, rates: 18.454630132659805, loss: 0.7746424555778504, rho: 0.15625, transmit_actions: 19, P: [1.0, 0.0625, 0.0625, 0.0625, 0.0625, 0.0625, 0.0625, 0.125, 0.0625, 0.0625, 0.125, 0.0625, 0.0625, 0.0625, 0.0625, 0.0625, 0.0625, 0.0625, 0.0625, 0.0625]
[TRAIN]: (822/1600): reward: 16.643300622701645, rates: 19.643300614649313, loss: 0.8621226117014885, rho: 0.14375, transmit_actions: 19, P: [1.0, 0.125, 0.0625, 0.0625, 0.0625, 0.0625, 0.0625, 0.0625, 0.0625, 0.0625, 0.0625, 0.0625, 0.0625, 0.0625, 0.0625, 0.0625, 0.0625, 0.0625, 0.0625, 0.0625]
[TRAIN]: (823/1600): reward: 21.01826721429825, rates: 21.018267166366467, loss: 0.8639976784586907, rho: 0.18125, transmit_actions: 19, P: [1.0, 0.0625, 0.0625, 0.0625, 0.0625, 0.0625, 0.0625, 0.0625, 0.125, 0.125, 0.0625, 0.0625, 0.0625, 0.0625, 0.0625, 0.0625, 0.0625, 0.0625, 0.0625, 0.0625]
[TRAIN]: (824/1600): reward: 19.01120586693287, rates: 20.01120591674917, loss: 0.7709573537111283, rho: 0.1375, transmit_actions: 19, P: [1.0, 0.0625, 0.0625, 0.125, 0.0625, 0.125, 0.0625, 0.0625, 0.0625, 0.0625, 0.0625, 0.0625, 0.0625, 0.0625, 0.3125, 0.0625, 0.0625, 0.0625, 0.0625, 0.0625]
[TRAIN]: (825/1600): reward: 19.09147399663925, rates: 19.091474118273045, loss: 0.8428555816411972, rho: 0.1625, transmit_actions: 19, P: [1.0, 0.0625, 0.0625, 0.0625, 0.125, 0.125, 0.125, 0.0625, 0.0625, 0.0625, 0.0625, 0.0625, 0.0625, 0.0625, 0.0625, 0.0625, 0.0625, 0.0625, 0.0625, 0.0625]
[TRAIN]: (826/1600): reward: 21.033016741275787, rates: 21.033016817336463, loss: 0.7351385422050953, rho: 0.13125, transmit_actions: 19, P: [1.0, 0.0625, 0.0625, 0.0625, 0.0625, 0.0625, 0.125, 0.0625, 0.0625, 0.0625, 0.0625, 0.0625, 0.0625, 0.0625, 0.0625, 0.0625, 0.0625, 0.0625, 0.0625, 0.0625]
[TRAIN]: (827/1600): reward: 19.08993723988533, rates: 20.0899371259326, loss: 0.7683595508337021, rho: 0.1375, transmit_actions: 19, P: [1.0, 0.125, 0.0625, 0.0625, 0.0625, 0.0625, 0.0625, 0.125, 0.0625, 0.0625, 0.0625, 0.0625, 0.0625, 0.0625, 0.0625, 0.0625, 0.0625, 0.0625, 0.0625, 0.125]
[TRAIN]: (828/1600): reward: 20.33083775639534, rates: 20.330837839584216, loss: 0.927816492319107, rho: 0.15625, transmit_actions: 19, P: [1.0, 0.0625, 0.0625, 0.0625, 0.0625, 0.0625, 0.0625, 0.0625, 0.0625, 0.0625, 0.0625, 0.0625, 0.0625, 0.0625, 0.0625, 0.0625, 0.0625, 0.0625, 0.0625, 0.0625]
[TRAIN]: (829/1600): reward: 21.263503402471542, rates: 21.263503465066126, loss: 0.8321111530065537, rho: 0.1375, transmit_actions: 19, P: [1.0, 0.125, 0.0625, 0.0625, 0.0625, 0.0625, 0.0625, 0.0625, 0.0625, 0.0625, 0.0625, 0.0625, 0.0625, 0.0625, 0.0625, 0.0625, 0.0625, 0.0625, 0.0625, 0.0625]
[TRAIN]: (830/1600): reward: 14.762511998414993, rates: 18.762512047615452, loss: 0.7570850223302841, rho: 0.15625, transmit_actions: 19, P: [1.0, 0.125, 0.0625, 0.0625, 0.0625, 0.0625, 0.0625, 0.0625, 0.0625, 0.0625, 0.0625, 0.0625, 0.0625, 0.0625, 0.0625, 0.0625, 0.0625, 0.0625, 0.0625, 0.0625]
[TRAIN]: (831/1600): reward: 13.338439047336578, rates: 17.338439218140795, loss: 0.8569773137569427, rho: 0.14375, transmit_actions: 18, P: [1.0, 0.6875, 0.0625, 0.0625, 0.0625, 0.5625, 0.0625, 0.0625, 0.0625, 0.0625, 0.0625, 0.0625, 0.0625, 0.0625, 0.0625, 0.125, 0.0625, 0.0625, 0.0625, 0.125]
[TRAIN]: (832/1600): reward: 16.34876462817192, rates: 19.348764759251317, loss: 0.8789071768522263, rho: 0.1375, transmit_actions: 19, P: [1.0, 0.125, 0.0625, 0.125, 0.0625, 0.0625, 0.0625, 0.0625, 0.0625, 0.0625, 0.0625, 0.0625, 0.0625, 0.0625, 0.0625, 0.0625, 0.0625, 0.0625, 0.125, 0.0625]
[TRAIN]: (833/1600): reward: 14.178930282592773, rates: 19.178930198009194, loss: 0.9244720876216889, rho: 0.1375, transmit_actions: 19, P: [1.0, 0.125, 0.125, 0.125, 0.0625, 0.0625, 0.0625, 0.0625, 0.125, 0.0625, 0.0625, 0.0625, 0.0625, 0.0625, 0.0625, 0.0625, 0.0625, 0.0625, 0.0625, 0.0625]
[TRAIN]: (834/1600): reward: 20.793187767267227, rates: 20.793187874539818, loss: 0.8672003298997879, rho: 0.1625, transmit_actions: 19, P: [1.0, 0.0625, 0.0625, 0.125, 0.0625, 0.0625, 0.0625, 0.0625, 0.0625, 0.0625, 0.0625, 0.0625, 0.0625, 0.0625, 0.0625, 0.0625, 0.0625, 0.0625, 0.0625, 0.0625]
[TRAIN]: (835/1600): reward: 18.618269726634026, rates: 21.61826960860558, loss: 0.9335998311638832, rho: 0.15625, transmit_actions: 19, P: [1.0, 0.0625, 0.0625, 0.0625, 0.0625, 0.125, 0.0625, 0.0625, 0.0625, 0.125, 0.125, 0.0625, 0.0625, 0.0625, 0.0625, 0.0625, 0.0625, 0.125, 0.0625, 0.0625]
[TRAIN]: (836/1600): reward: 20.005150884389877, rates: 22.00515086585425, loss: 0.8332119479775428, rho: 0.15, transmit_actions: 19, P: [1.0, 0.125, 0.0625, 0.0625, 0.0625, 0.0625, 0.0625, 0.0625, 0.0625, 0.0625, 0.0625, 0.0625, 0.0625, 0.0625, 0.0625, 0.0625, 0.0625, 0.0625, 0.0625, 0.0625]
[TRAIN]: (837/1600): reward: 17.85147476196289, rates: 18.85147472589311, loss: 0.9090785115957261, rho: 0.13125, transmit_actions: 19, P: [1.0, 0.125, 0.0625, 0.125, 0.0625, 0.0625, 0.0625, 0.0625, 0.0625, 0.0625, 0.0625, 0.0625, 0.0625, 0.0625, 0.0625, 0.0625, 0.0625, 0.0625, 0.0625, 0.0625]
[TRAIN]: (838/1600): reward: 18.56218782067299, rates: 19.562187619396024, loss: 0.8673495903611184, rho: 0.1375, transmit_actions: 19, P: [1.0, 0.0625, 0.125, 0.125, 0.0625, 0.0625, 0.0625, 0.0625, 0.0625, 0.0625, 0.0625, 0.0625, 0.0625, 0.0625, 0.0625, 0.0625, 0.0625, 0.0625, 0.0625, 0.0625]
[TRAIN]: (839/1600): reward: 20.411833226680756, rates: 20.41183327786095, loss: 0.7986286327242851, rho: 0.14375, transmit_actions: 19, P: [1.0, 0.0625, 0.0625, 0.0625, 0.0625, 0.0625, 0.125, 0.0625, 0.0625, 0.0625, 0.0625, 0.0625, 0.0625, 0.125, 0.0625, 0.0625, 0.0625, 0.0625, 0.0625, 0.0625]
[TRAIN]: (840/1600): reward: 20.062376141548157, rates: 23.06237599175287, loss: 0.7226058073341847, rho: 0.1375, transmit_actions: 19, P: [1.0, 0.125, 0.0625, 0.0625, 0.0625, 0.125, 0.0625, 0.125, 0.0625, 0.0625, 0.125, 0.0625, 0.0625, 0.0625, 0.0625, 0.0625, 0.0625, 0.0625, 0.0625, 0.0625]
[TRAIN]: (841/1600): reward: 23.13272926211357, rates: 23.132729168400115, loss: 0.8226628556847573, rho: 0.13125, transmit_actions: 19, P: [1.0, 0.0625, 0.0625, 0.0625, 0.0625, 0.125, 0.125, 0.125, 0.0625, 0.0625, 0.0625, 0.125, 0.0625, 0.125, 0.0625, 0.0625, 0.0625, 0.0625, 0.0625, 0.0625]
[TRAIN]: (842/1600): reward: 19.27236843109131, rates: 19.27236866959582, loss: 0.8571129530668259, rho: 0.1375, transmit_actions: 18, P: [1.0, 0.125, 0.0625, 0.6875, 0.0625, 0.0625, 0.125, 0.0625, 0.0625, 0.0625, 0.0625, 0.0625, 0.0625, 0.0625, 0.0625, 0.0625, 0.0625, 0.0625, 0.0625, 0.0625]
[TRAIN]: (843/1600): reward: 19.243032604455948, rates: 20.243032508854437, loss: 0.7932038396596909, rho: 0.14375, transmit_actions: 19, P: [1.0, 0.0625, 0.0625, 0.0625, 0.0625, 0.0625, 0.0625, 0.125, 0.0625, 0.0625, 0.0625, 0.0625, 0.0625, 0.0625, 0.0625, 0.0625, 0.0625, 0.0625, 0.0625, 0.0625]
[TRAIN]: (844/1600): reward: 17.101046331226826, rates: 18.10104649683967, loss: 0.7690438106656075, rho: 0.13125, transmit_actions: 18, P: [1.0, 0.75, 0.0625, 0.0625, 0.0625, 0.0625, 0.0625, 0.125, 0.0625, 0.0625, 0.125, 0.0625, 0.0625, 0.0625, 0.0625, 0.0625, 0.0625, 0.125, 0.0625, 0.0625]
[TRAIN]: (845/1600): reward: 15.528517007827759, rates: 20.528516740393655, loss: 0.8046256110072136, rho: 0.13125, transmit_actions: 18, P: [1.0, 0.125, 0.0625, 0.0625, 0.0, 0.0625, 0.0625, 0.0625, 0.0625, 0.0625, 0.0625, 0.0625, 0.0625, 0.0625, 0.0625, 0.0625, 0.0625, 0.0625, 0.0625, 0.0625]
[TRAIN]: (846/1600): reward: 17.694658875465393, rates: 22.694658783233198, loss: 0.9148213148117066, rho: 0.1375, transmit_actions: 20, P: [0.0625, 0.0625, 0.0625, 0.0625, 0.0625, 0.0625, 0.0625, 0.0625, 0.0625, 0.0625, 0.0625, 0.125, 0.0625, 0.0625, 0.0625, 0.0625, 0.0625, 0.0625, 0.0625, 0.0625]
[TRAIN]: (847/1600): reward: 18.164509773254395, rates: 18.164509553134682, loss: 0.8311989843845368, rho: 0.14375, transmit_actions: 19, P: [1.0, 0.0625, 0.0625, 0.0625, 0.0625, 0.0625, 0.0625, 0.0625, 0.0625, 0.0625, 0.125, 0.0625, 0.0625, 0.0625, 0.125, 0.0625, 0.0625, 0.0625, 0.0625, 0.0625]
[TRAIN]: (848/1600): reward: 17.534608095884323, rates: 18.534608000409378, loss: 0.8578910544514656, rho: 0.15625, transmit_actions: 19, P: [1.0, 0.0625, 0.0625, 0.0625, 0.0625, 0.0625, 0.0625, 0.0625, 0.0625, 0.0625, 0.0625, 0.0625, 0.0625, 0.0625, 0.125, 0.0625, 0.0625, 0.125, 0.0625, 0.0625]
[TRAIN]: (849/1600): reward: 19.021930754184723, rates: 20.02193067170131, loss: 0.7109955966472625, rho: 0.14375, transmit_actions: 19, P: [1.0, 0.0625, 0.125, 0.0625, 0.125, 0.0625, 0.0625, 0.0625, 0.125, 0.0625, 0.0625, 0.0625, 0.0625, 0.0625, 0.0625, 0.0625, 0.0625, 0.0625, 0.0625, 0.0625]
[TRAIN]: (850/1600): reward: 16.180719673633575, rates: 21.180719665870033, loss: 1.0160531654953957, rho: 0.15625, transmit_actions: 20, P: [0.0625, 0.0625, 0.0625, 0.0625, 0.0625, 0.0625, 0.0625, 0.0625, 0.0625, 0.0625, 0.0625, 0.0625, 0.0625, 0.0625, 0.0625, 0.0625, 0.0625, 0.0625, 0.0625, 0.0625]
[TRAIN]: (851/1600): reward: 19.531986385583878, rates: 20.531986449565842, loss: 0.753896002471447, rho: 0.125, transmit_actions: 19, P: [1.0, 0.125, 0.0625, 0.125, 0.0625, 0.0625, 0.125, 0.125, 0.0625, 0.125, 0.0625, 0.0625, 0.0625, 0.0625, 0.0625, 0.0625, 0.0625, 0.0625, 0.0625, 0.0625]
[TRAIN]: (852/1600): reward: 11.068651348352432, rates: 18.06865144085643, loss: 0.8445855572819709, rho: 0.18125, transmit_actions: 18, P: [1.0, 0.125, 0.125, 0.0625, 0.0625, 0.125, 0.0625, 0.125, 0.0625, 0.125, 0.0625, 0.3125, 0.0625, 0.0625, 0.0625, 0.0625, 0.0625, 0.0625, 0.0625, 0.0625]
[TRAIN]: (853/1600): reward: 18.49031099677086, rates: 18.490310796722557, loss: 0.9143743574619293, rho: 0.125, transmit_actions: 18, P: [1.0, 0.125, 0.0625, 0.0625, 0.9375, 0.0625, 0.0625, 0.0625, 0.0625, 0.125, 0.0625, 0.0625, 0.0625, 0.0625, 0.0625, 0.0625, 0.0625, 0.0625, 0.0625, 0.0625]
[TRAIN]: (854/1600): reward: 17.71500650048256, rates: 18.715006375521853, loss: 0.8620143890380859, rho: 0.13125, transmit_actions: 19, P: [1.0, 0.0625, 0.0625, 0.0625, 0.0625, 0.0625, 0.0625, 0.0625, 0.0625, 0.0625, 0.0625, 0.0625, 0.0625, 0.0625, 0.0625, 0.0625, 0.0625, 0.0625, 0.0625, 0.0625]
[TRAIN]: (855/1600): reward: 18.781207472085953, rates: 19.781207509721707, loss: 0.9116603240370751, rho: 0.125, transmit_actions: 19, P: [1.0, 0.0625, 0.0625, 0.0625, 0.0625, 0.0625, 0.0625, 0.0625, 0.0625, 0.0625, 0.0625, 0.0625, 0.0625, 0.0625, 0.0625, 0.0625, 0.0625, 0.0625, 0.0625, 0.0625]
[TRAIN]: (856/1600): reward: 18.324118934571743, rates: 19.32411889121364, loss: 0.7986611500382423, rho: 0.16875, transmit_actions: 19, P: [1.0, 0.0625, 0.0625, 0.0625, 0.0625, 0.0625, 0.0625, 0.0625, 0.0625, 0.0625, 0.125, 0.0625, 0.0625, 0.0625, 0.0625, 0.0625, 0.0625, 0.0625, 0.0625, 0.0625]
[TRAIN]: (857/1600): reward: 21.821401447057724, rates: 21.82140130815034, loss: 0.6771608859300613, rho: 0.13125, transmit_actions: 19, P: [1.0, 0.125, 0.125, 0.0625, 0.0625, 0.0625, 0.0625, 0.0625, 0.0625, 0.125, 0.0625, 0.0625, 0.0625, 0.0625, 0.0625, 0.0625, 0.0625, 0.0625, 0.0625, 0.0625]
[TRAIN]: (858/1600): reward: 19.832682192325592, rates: 21.832682157839294, loss: 0.9116570070385933, rho: 0.15625, transmit_actions: 19, P: [1.0, 0.0625, 0.0625, 0.0625, 0.0625, 0.0625, 0.0625, 0.0625, 0.1875, 0.0625, 0.0625, 0.0625, 0.0625, 0.0625, 0.0625, 0.0625, 0.0625, 0.0625, 0.0625, 0.0625]
[TRAIN]: (859/1600): reward: 20.75261327624321, rates: 20.752613332923655, loss: 0.7909037262201309, rho: 0.13125, transmit_actions: 19, P: [1.0, 0.0625, 0.0625, 0.0625, 0.0625, 0.0625, 0.0625, 0.0625, 0.0625, 0.0625, 0.0625, 0.0625, 0.0625, 0.0625, 0.125, 0.0625, 0.0625, 0.0625, 0.0625, 0.0625]
[TRAIN]: (860/1600): reward: 17.63889142870903, rates: 19.63889147776891, loss: 0.843212229013443, rho: 0.15, transmit_actions: 18, P: [1.0, 0.0625, 0.0625, 0.0625, 0.125, 0.0625, 0.0625, 0.0625, 0.0625, 0.0625, 0.0625, 0.0625, 0.8125, 0.0625, 0.0625, 0.125, 0.125, 0.0625, 0.0625, 0.125]
[TRAIN]: (861/1600): reward: 18.75859498977661, rates: 18.758595053585218, loss: 0.8061266660690307, rho: 0.1625, transmit_actions: 19, P: [1.0, 0.0625, 0.0625, 0.0625, 0.0625, 0.0625, 0.125, 0.0625, 0.0625, 0.0625, 0.0625, 0.0625, 0.0625, 0.0625, 0.0625, 0.0625, 0.0625, 0.0625, 0.0625, 0.0625]
[TRAIN]: (862/1600): reward: 15.222407549619675, rates: 16.22240775848267, loss: 0.8243431061506271, rho: 0.15, transmit_actions: 19, P: [1.0, 0.0625, 0.125, 0.0625, 0.0625, 0.0625, 0.0625, 0.0625, 0.0625, 0.0625, 0.0625, 0.0625, 0.0625, 0.0625, 0.0625, 0.0625, 0.0625, 0.0625, 0.0625, 0.0625]
[TRAIN]: (863/1600): reward: 19.369437485933304, rates: 19.36943753382523, loss: 0.7622306793928146, rho: 0.1375, transmit_actions: 18, P: [1.0, 0.125, 0.9375, 0.0625, 0.125, 0.0625, 0.0625, 0.0625, 0.0625, 0.0625, 0.0625, 0.0625, 0.0625, 0.0625, 0.0625, 0.0625, 0.0625, 0.0625, 0.0625, 0.0625]
[TRAIN]: (864/1600): reward: 6.033453822135925, rates: 18.033453695803885, loss: 0.7930125057697296, rho: 0.1875, transmit_actions: 19, P: [1.0, 0.125, 0.125, 0.0625, 0.0625, 0.0625, 0.0625, 0.125, 0.0625, 0.125, 0.0625, 0.0625, 0.0625, 0.0625, 0.0625, 0.75, 1.0, 0.0625, 0.0625, 0.0625]
[TRAIN]: (865/1600): reward: 8.828351318836212, rates: 18.828351221277057, loss: 0.7591918736696244, rho: 0.15, transmit_actions: 19, P: [0.0625, 0.125, 0.0625, 0.0625, 0.0625, 0.0625, 0.0625, 0.0625, 0.0625, 0.0625, 0.0625, 0.125, 0.0625, 0.0625, 0.0625, 0.0625, 0.0625, 0.0625, 0.0625, 0.0625]
[TRAIN]: (866/1600): reward: 16.835177391767502, rates: 18.835177371140077, loss: 0.8221010684967041, rho: 0.1375, transmit_actions: 19, P: [1.0, 0.125, 0.125, 0.0625, 0.0625, 0.125, 0.0625, 0.0625, 0.0625, 0.0625, 0.0625, 0.0625, 0.0625, 0.0625, 0.0625, 0.0625, 0.0625, 0.0625, 0.0625, 0.0625]
[TRAIN]: (867/1600): reward: 17.08745986223221, rates: 18.087459730672595, loss: 0.8198379337787628, rho: 0.16875, transmit_actions: 19, P: [1.0, 0.0, 0.125, 0.0625, 0.0625, 0.0625, 0.125, 0.0625, 0.0625, 0.0625, 0.0625, 0.0625, 0.0625, 0.0625, 0.0625, 0.0625, 0.0625, 0.0625, 0.0625, 0.0625]
[TRAIN]: (868/1600): reward: 18.654856711626053, rates: 20.654856678364425, loss: 0.7276929974555969, rho: 0.14375, transmit_actions: 19, P: [1.0, 0.0625, 0.125, 0.0625, 0.0625, 0.0625, 0.0625, 0.0625, 0.0625, 0.125, 0.125, 0.0625, 0.0625, 0.0625, 0.0625, 0.0625, 0.0625, 0.0625, 0.0625, 0.0625]
[TRAIN]: (869/1600): reward: 20.062369972467422, rates: 20.06236963803292, loss: 0.8038468465209008, rho: 0.125, transmit_actions: 19, P: [1.0, 0.125, 0.0625, 0.0625, 0.125, 0.0625, 0.0625, 0.0625, 0.125, 0.0625, 0.0625, 0.0625, 0.0625, 0.0625, 0.0625, 0.125, 0.0625, 0.125, 0.0625, 0.0625]
[TRAIN]: (870/1600): reward: 20.546615660190582, rates: 20.54661563471189, loss: 0.9510192304849625, rho: 0.14375, transmit_actions: 19, P: [1.0, 0.0625, 0.125, 0.0625, 0.0625, 0.0625, 0.125, 0.0625, 0.0625, 0.0625, 0.0625, 0.0625, 0.0625, 0.0625, 0.0625, 0.0625, 0.0625, 0.0625, 0.0625, 0.0625]
[TRAIN]: (871/1600): reward: 20.401889085769653, rates: 20.401889322730305, loss: 0.7290395304560662, rho: 0.14375, transmit_actions: 19, P: [1.0, 0.0625, 0.0625, 0.0625, 0.0625, 0.0625, 0.0625, 0.0625, 0.0625, 0.0625, 0.0625, 0.0625, 0.0625, 0.0625, 0.0625, 0.0625, 0.0625, 0.0625, 0.0625, 0.0625]
[TRAIN]: (872/1600): reward: 10.81632475554943, rates: 17.816324855618742, loss: 0.746342946588993, rho: 0.2, transmit_actions: 19, P: [1.0, 0.0625, 0.125, 0.125, 0.0625, 0.125, 0.0625, 0.0625, 0.0625, 0.0625, 0.0625, 0.0625, 0.0625, 0.0625, 0.9375, 0.0625, 0.0625, 0.0625, 0.0625, 0.0625]
[TRAIN]: (873/1600): reward: 19.793318539857864, rates: 19.793318572155886, loss: 0.8463669508695603, rho: 0.1375, transmit_actions: 19, P: [1.0, 0.0625, 0.0625, 0.125, 0.0625, 0.0625, 0.0625, 0.0625, 0.0625, 0.0625, 0.0625, 0.0625, 0.0625, 0.0625, 0.0625, 0.0625, 0.0625, 0.0625, 0.0625, 0.0625]
[TRAIN]: (874/1600): reward: 19.68323054909706, rates: 20.683230524388286, loss: 0.7257398724555969, rho: 0.125, transmit_actions: 19, P: [1.0, 0.0625, 0.0625, 0.0625, 0.0625, 0.0625, 0.0625, 0.125, 0.0625, 0.0625, 0.0625, 0.0625, 0.0625, 0.0625, 0.0625, 0.0625, 0.0625, 0.0625, 0.0625, 0.0625]
[TRAIN]: (875/1600): reward: 18.613078594207764, rates: 18.613078710061266, loss: 0.8326875135302544, rho: 0.1625, transmit_actions: 19, P: [1.0, 0.0625, 0.0625, 0.0625, 0.0625, 0.125, 0.0625, 0.0625, 0.0625, 0.0625, 0.0625, 0.0625, 0.0625, 0.0625, 0.0625, 0.0625, 0.125, 0.0625, 0.0625, 0.0625]
[TRAIN]: (876/1600): reward: 21.92603735625744, rates: 21.92603743701398, loss: 0.7983665421605111, rho: 0.1375, transmit_actions: 19, P: [1.0, 0.125, 0.0625, 0.125, 0.0625, 0.0625, 0.0625, 0.0625, 0.0625, 0.0625, 0.0625, 0.0625, 0.0625, 0.0625, 0.0625, 0.0625, 0.0625, 0.0625, 0.0625, 0.0625]
[TRAIN]: (877/1600): reward: 19.7284534573555, rates: 19.72845350655607, loss: 0.7602632910013198, rho: 0.1625, transmit_actions: 19, P: [1.0, 0.0625, 0.0625, 0.0625, 0.0625, 0.0625, 0.0625, 0.0625, 0.0625, 0.0625, 0.0625, 0.0625, 0.0625, 0.0625, 0.0625, 0.0625, 0.0625, 0.0625, 0.0625, 0.0625]
[TRAIN]: (878/1600): reward: 12.914373517036438, rates: 17.914373558749215, loss: 0.8482888266444206, rho: 0.15625, transmit_actions: 20, P: [0.0625, 0.0625, 0.0625, 0.0625, 0.0625, 0.0625, 0.0625, 0.0625, 0.0625, 0.0625, 0.0625, 0.0625, 0.0625, 0.0625, 0.125, 0.0625, 0.0625, 0.0625, 0.0625, 0.0625]
[TRAIN]: (879/1600): reward: 22.1285040974617, rates: 22.12850411061546, loss: 0.8315843626856804, rho: 0.14375, transmit_actions: 19, P: [1.0, 0.0625, 0.0625, 0.0625, 0.0625, 0.0625, 0.0625, 0.0625, 0.0625, 0.0625, 0.0625, 0.0625, 0.0625, 0.0625, 0.0625, 0.0625, 0.0625, 0.0625, 0.0625, 0.0625]
[TRAIN]: (880/1600): reward: 18.421090811491013, rates: 18.42109079189473, loss: 0.7584166198968887, rho: 0.15625, transmit_actions: 19, P: [1.0, 0.0625, 0.125, 0.0625, 0.0625, 0.0625, 0.0625, 0.0625, 0.0625, 0.0625, 0.0625, 0.0625, 0.0625, 0.0625, 0.0625, 0.0625, 0.0625, 0.0625, 0.0625, 0.0625]
[TRAIN]: (881/1600): reward: 20.216165333986282, rates: 20.216165150484276, loss: 0.7824633732438088, rho: 0.1375, transmit_actions: 19, P: [1.0, 0.0625, 0.0625, 0.0625, 0.125, 0.0625, 0.0625, 0.0625, 0.0625, 0.125, 0.125, 0.0625, 0.0625, 0.0625, 0.0625, 0.0625, 0.0625, 0.0625, 0.0625, 0.0625]
[TRAIN]: (882/1600): reward: 15.228240877389908, rates: 18.228240791664135, loss: 0.6934684738516808, rho: 0.15625, transmit_actions: 19, P: [1.0, 0.0625, 0.0625, 0.0625, 0.125, 0.125, 0.125, 0.0625, 0.125, 0.0625, 0.0625, 0.0625, 0.0625, 0.0625, 0.0625, 0.0625, 0.0625, 0.0625, 0.0625, 0.0625]
[TRAIN]: (883/1600): reward: 19.035270631313324, rates: 20.0352705739079, loss: 0.7499608173966408, rho: 0.13125, transmit_actions: 19, P: [1.0, 0.0625, 0.0625, 0.0625, 0.0625, 0.125, 0.0625, 0.0625, 0.0625, 0.0625, 0.0625, 0.0625, 0.0625, 0.0625, 0.125, 0.0625, 0.0625, 0.0625, 0.0625, 0.0625]
[TRAIN]: (884/1600): reward: 15.954964756965637, rates: 18.954965267145187, loss: 0.7923543661832809, rho: 0.1375, transmit_actions: 18, P: [1.0, 0.6875, 0.0625, 0.0625, 0.0625, 0.125, 0.0625, 0.0625, 0.0625, 0.0625, 0.375, 0.0625, 0.0625, 0.0625, 0.0625, 0.0625, 0.0625, 0.0625, 0.0625, 0.0625]
[TRAIN]: (885/1600): reward: 8.704702749848366, rates: 18.704702807683294, loss: 0.7416519477963448, rho: 0.175, transmit_actions: 19, P: [0.0625, 0.0625, 0.0625, 0.0625, 0.0625, 0.0625, 0.0625, 0.0625, 0.0625, 0.0625, 0.125, 0.0625, 0.0625, 0.0625, 0.0625, 0.0625, 0.6875, 0.0625, 0.0625, 0.0625]
[TRAIN]: (886/1600): reward: 24.337335288524628, rates: 24.337335402024635, loss: 0.7401030644774437, rho: 0.14375, transmit_actions: 19, P: [1.0, 0.0625, 0.125, 0.0625, 0.0625, 0.0625, 0.0625, 0.0625, 0.0625, 0.0625, 0.0625, 0.0625, 0.0625, 0.0625, 0.0625, 0.0625, 0.0625, 0.0625, 0.0625, 0.0625]
[TRAIN]: (887/1600): reward: 22.990516543388367, rates: 22.990516569242928, loss: 0.799116425216198, rho: 0.1375, transmit_actions: 19, P: [1.0, 0.0625, 0.0625, 0.125, 0.0625, 0.0625, 0.0625, 0.0625, 0.0625, 0.0625, 0.0625, 0.0625, 0.0625, 0.0625, 0.0625, 0.0625, 0.0625, 0.0625, 0.0625, 0.0625]
[TRAIN]: (888/1600): reward: 16.24696370959282, rates: 19.246963664385692, loss: 0.8128087401390076, rho: 0.14375, transmit_actions: 19, P: [1.0, 0.0625, 0.125, 0.0625, 0.0625, 0.0625, 0.0625, 0.0625, 0.0625, 0.0625, 0.0625, 0.0625, 0.0625, 0.0625, 0.0625, 0.0625, 0.0625, 0.0625, 0.0625, 0.0625]
[TRAIN]: (889/1600): reward: 12.419579029083252, rates: 17.419578912331676, loss: 0.7819536775350571, rho: 0.16875, transmit_actions: 17, P: [1.0, 0.9375, 0.0625, 0.0625, 0.0625, 0.0625, 0.0625, 0.0625, 0.0625, 0.5625, 0.125, 0.0625, 0.0625, 0.0625, 0.0625, 0.0625, 0.0625, 0.0625, 0.0625, 0.0625]
[TRAIN]: (890/1600): reward: 17.72149768471718, rates: 18.721497801097655, loss: 0.7415149375796318, rho: 0.15625, transmit_actions: 19, P: [1.0, 0.0625, 0.0625, 0.0625, 0.0625, 0.125, 0.0625, 0.0625, 0.0625, 0.0625, 0.0625, 0.0625, 0.0625, 0.0625, 0.0625, 0.0625, 0.0625, 0.0625, 0.0625, 0.0625]
[TRAIN]: (891/1600): reward: 17.10998025536537, rates: 19.1099803179976, loss: 0.8539519011974335, rho: 0.15, transmit_actions: 19, P: [1.0, 0.0625, 0.0625, 0.0625, 0.0625, 0.0625, 0.0625, 0.0625, 0.0625, 0.0625, 0.0625, 0.0625, 0.0625, 0.0625, 0.0625, 0.0625, 0.0625, 0.0625, 0.0625, 0.0625]
[TRAIN]: (892/1600): reward: 19.588416874408722, rates: 19.588416961447347, loss: 0.7807352840900421, rho: 0.125, transmit_actions: 19, P: [1.0, 0.125, 0.0625, 0.0625, 0.0625, 0.0625, 0.0625, 0.0625, 0.125, 0.0625, 0.0625, 0.0625, 0.0625, 0.0625, 0.0625, 0.0625, 0.0625, 0.0625, 0.0625, 0.0625]
[TRAIN]: (893/1600): reward: 21.2528518140316, rates: 21.25285177648799, loss: 0.7651360705494881, rho: 0.13125, transmit_actions: 19, P: [1.0, 0.125, 0.0625, 0.125, 0.0625, 0.0625, 0.0625, 0.125, 0.0625, 0.0625, 0.0625, 0.0625, 0.0625, 0.0625, 0.0625, 0.0625, 0.0625, 0.0625, 0.0625, 0.0625]
[TRAIN]: (894/1600): reward: 19.637702018022537, rates: 19.637702026502687, loss: 0.7348308190703392, rho: 0.14375, transmit_actions: 19, P: [1.0, 0.0625, 0.0625, 0.0625, 0.0625, 0.0625, 0.0625, 0.0625, 0.0625, 0.0625, 0.0625, 0.0625, 0.0625, 0.0625, 0.0625, 0.0625, 0.0625, 0.0625, 0.0625, 0.0625]
[TRAIN]: (895/1600): reward: 11.643053114414215, rates: 17.64305312111435, loss: 0.7691671475768089, rho: 0.18125, transmit_actions: 18, P: [1.0, 0.0625, 0.125, 0.0625, 0.0625, 0.0625, 0.0625, 0.0625, 0.0625, 0.125, 0.0625, 0.0625, 0.0625, 0.0625, 0.5625, 0.0625, 0.0625, 0.0625, 0.0625, 0.0625]
[TRAIN]: (896/1600): reward: 21.403574287891388, rates: 21.40357450647861, loss: 0.8885039180517197, rho: 0.15625, transmit_actions: 19, P: [1.0, 0.0625, 0.0625, 0.0625, 0.0625, 0.125, 0.125, 0.0625, 0.0625, 0.125, 0.0625, 0.0625, 0.0625, 0.0625, 0.0625, 0.0625, 0.0625, 0.0625, 0.125, 0.0625]
[TRAIN]: (897/1600): reward: 21.841007262468338, rates: 21.84100729283586, loss: 0.7530970275402069, rho: 0.13125, transmit_actions: 18, P: [1.0, 0.75, 0.125, 0.0625, 0.125, 0.0625, 0.0625, 0.0625, 0.0625, 0.0625, 0.125, 0.0625, 0.0625, 0.0625, 0.0625, 0.0625, 0.0625, 0.0625, 0.125, 0.0625]
[TRAIN]: (898/1600): reward: 20.25226005911827, rates: 20.252259978548263, loss: 0.7983751490712165, rho: 0.15625, transmit_actions: 19, P: [1.0, 0.0625, 0.0625, 0.0625, 0.0625, 0.0625, 0.0625, 0.0625, 0.125, 0.0625, 0.0625, 0.0625, 0.0625, 0.0625, 0.0625, 0.0625, 0.0625, 0.0625, 0.0625, 0.0625]
[TRAIN]: (899/1600): reward: 21.14816676080227, rates: 21.14816652078156, loss: 0.7499055445194245, rho: 0.14375, transmit_actions: 19, P: [1.0, 0.0625, 0.0625, 0.0625, 0.0625, 0.0625, 0.0625, 0.125, 0.0625, 0.0625, 0.0625, 0.0625, 0.0625, 0.125, 0.0625, 0.0625, 0.0625, 0.0625, 0.0625, 0.0625]
[TRAIN]: (900/1600): reward: 23.681831777095795, rates: 23.68183171874019, loss: 0.7010016933083534, rho: 0.125, transmit_actions: 19, P: [1.0, 0.0625, 0.0625, 0.0625, 0.0625, 0.0625, 0.0625, 0.0625, 0.0625, 0.0625, 0.0625, 0.0625, 0.0625, 0.0625, 0.0625, 0.0625, 0.0625, 0.0625, 0.0625, 0.0625]
[TRAIN]: (901/1600): reward: 19.40937551856041, rates: 19.409375367976505, loss: 0.7728733770549298, rho: 0.14375, transmit_actions: 19, P: [1.0, 0.0625, 0.125, 0.0625, 0.0625, 0.0625, 0.0625, 0.0625, 0.0625, 0.0625, 0.0625, 0.0625, 0.0625, 0.0625, 0.0625, 0.0625, 0.0625, 0.0625, 0.0625, 0.0625]
[TRAIN]: (902/1600): reward: 20.613766223192215, rates: 20.61376614127001, loss: 0.8161235719919204, rho: 0.15, transmit_actions: 19, P: [1.0, 0.0625, 0.125, 0.125, 0.0625, 0.125, 0.0625, 0.125, 0.0625, 0.0625, 0.0625, 0.0625, 0.0625, 0.0625, 0.0625, 0.0625, 0.0625, 0.0625, 0.0625, 0.0625]
[TRAIN]: (903/1600): reward: 21.130805730819702, rates: 21.1308059004697, loss: 0.8087785363197326, rho: 0.1375, transmit_actions: 19, P: [1.0, 0.0625, 0.0625, 0.0625, 0.0625, 0.0625, 0.0625, 0.0625, 0.0625, 0.0625, 0.0625, 0.0625, 0.0625, 0.0625, 0.0625, 0.0625, 0.0625, 0.0625, 0.0625, 0.0625]
[TRAIN]: (904/1600): reward: 20.667454451322556, rates: 20.66745439275389, loss: 0.8206637263298034, rho: 0.175, transmit_actions: 19, P: [0.5625, 0.0625, 0.0625, 0.0625, 0.0625, 0.0625, 0.0625, 0.0625, 0.0625, 0.0625, 0.0625, 0.0625, 0.0625, 0.0625, 0.125, 0.0625, 0.0625, 0.0625, 0.0625, 0.0625]
[TRAIN]: (905/1600): reward: 19.143314599990845, rates: 19.143314795290827, loss: 0.6926036313176155, rho: 0.16875, transmit_actions: 19, P: [1.0, 0.0625, 0.0625, 0.0625, 0.0625, 0.0625, 0.0625, 0.0625, 0.0625, 0.125, 0.0625, 0.0625, 0.0625, 0.0625, 0.0625, 0.0625, 0.0625, 0.0625, 0.0625, 0.0625]
[TRAIN]: (906/1600): reward: 21.65130564570427, rates: 21.651305591927716, loss: 0.7757842972874641, rho: 0.14375, transmit_actions: 19, P: [1.0, 0.125, 0.0625, 0.0625, 0.0625, 0.125, 0.0625, 0.125, 0.0625, 0.0625, 0.0625, 0.0625, 0.0625, 0.0625, 0.0625, 0.0625, 0.0625, 0.0625, 0.0625, 0.0625]
[TRAIN]: (907/1600): reward: 19.61735028028488, rates: 19.61735042057121, loss: 0.7461306914687157, rho: 0.125, transmit_actions: 19, P: [1.0, 0.125, 0.0625, 0.0625, 0.0625, 0.0625, 0.0625, 0.0625, 0.0625, 0.125, 0.0625, 0.0625, 0.0625, 0.0625, 0.0625, 0.0625, 0.0625, 0.0625, 0.0625, 0.0625]
[TRAIN]: (908/1600): reward: 11.91183103621006, rates: 16.911831025744963, loss: 0.7597276590764522, rho: 0.18125, transmit_actions: 19, P: [1.0, 0.0625, 0.125, 0.125, 0.0625, 0.0625, 0.0625, 0.0625, 0.0625, 0.0625, 0.0625, 0.125, 0.0625, 0.0625, 0.0625, 0.0625, 0.75, 0.0625, 0.0625, 0.0625]
[TRAIN]: (909/1600): reward: 15.721256643533707, rates: 20.72125669261461, loss: 0.7415537029504776, rho: 0.15, transmit_actions: 19, P: [1.0, 0.125, 0.125, 0.0625, 0.125, 0.0625, 0.0625, 0.0625, 0.0625, 0.0625, 0.0625, 0.0625, 0.0625, 0.0625, 0.0625, 0.0625, 0.0625, 0.0625, 0.0625, 0.0625]
[TRAIN]: (910/1600): reward: 17.62494933605194, rates: 18.624949419348333, loss: 0.6707375451922417, rho: 0.15, transmit_actions: 19, P: [1.0, 0.0625, 0.0625, 0.0625, 0.0625, 0.0625, 0.0625, 0.0625, 0.0625, 0.0625, 0.0625, 0.0625, 0.0625, 0.0625, 0.125, 0.0625, 0.0625, 0.0625, 0.0625, 0.0625]
[TRAIN]: (911/1600): reward: 21.50048416852951, rates: 21.500484286305113, loss: 0.6865974947810173, rho: 0.1625, transmit_actions: 19, P: [1.0, 0.0625, 0.0625, 0.0625, 0.125, 0.0625, 0.0625, 0.0625, 0.0625, 0.0625, 0.0625, 0.0625, 0.0625, 0.0625, 0.0625, 0.0625, 0.0625, 0.0625, 0.0625, 0.0625]
[TRAIN]: (912/1600): reward: 15.226762846112251, rates: 20.226763042968976, loss: 0.8441110700368881, rho: 0.16875, transmit_actions: 18, P: [1.0, 0.0, 0.0625, 0.0625, 0.0625, 0.0625, 0.0625, 0.0625, 0.0625, 0.0625, 0.0625, 0.0625, 0.0625, 0.0625, 0.0625, 0.0625, 0.0625, 0.0625, 0.0625, 0.0625]
[TRAIN]: (913/1600): reward: 12.730928182601929, rates: 21.73092812917711, loss: 0.7946731388568878, rho: 0.175, transmit_actions: 20, P: [0.5, 0.0625, 0.0625, 0.0625, 0.0625, 0.125, 0.0625, 0.0625, 0.0625, 0.0625, 0.0625, 0.0625, 0.0625, 0.0625, 0.0625, 0.125, 0.0625, 0.0625, 0.0625, 0.125]
[TRAIN]: (914/1600): reward: 13.663497149944305, rates: 18.663497099402367, loss: 0.6477241963148117, rho: 0.15, transmit_actions: 18, P: [1.0, 0.0625, 0.0625, 0.0625, 0.0625, 0.0625, 0.0625, 0.0625, 0.75, 0.0625, 0.0625, 0.0625, 0.0625, 0.0625, 0.0625, 0.0625, 0.0625, 0.0625, 0.0625, 0.0625]
[TRAIN]: (915/1600): reward: 16.463275343179703, rates: 19.463275364622078, loss: 0.7035474091768265, rho: 0.1625, transmit_actions: 19, P: [1.0, 0.0625, 0.0625, 0.0625, 0.0625, 0.0625, 0.0625, 0.125, 0.0625, 0.0625, 0.0625, 0.0625, 0.0625, 0.0625, 0.0625, 0.0625, 0.0625, 0.0625, 0.0625, 0.0625]
[TRAIN]: (916/1600): reward: 12.966074973344803, rates: 17.966074891252433, loss: 0.7848731696605682, rho: 0.16875, transmit_actions: 18, P: [1.0, 0.75, 0.0625, 0.125, 0.0625, 0.0625, 0.0625, 0.0625, 0.0625, 1.0, 0.0625, 0.0625, 0.0625, 0.0625, 0.0625, 0.0625, 0.0625, 0.0625, 0.0625, 0.0625]
[TRAIN]: (917/1600): reward: 17.996494442224503, rates: 19.996494500662532, loss: 0.8249021798372269, rho: 0.16875, transmit_actions: 19, P: [1.0, 0.0625, 0.0625, 0.0625, 0.125, 0.0625, 0.0625, 0.0625, 0.0625, 0.0625, 0.0625, 0.125, 0.0625, 0.0625, 0.125, 0.0625, 0.125, 0.0625, 0.0625, 0.0625]
[TRAIN]: (918/1600): reward: 19.522332221269608, rates: 19.522332066333426, loss: 0.7278706207871437, rho: 0.15, transmit_actions: 19, P: [1.0, 0.0625, 0.0625, 0.0, 0.0625, 0.0625, 0.0625, 0.0625, 0.125, 0.0625, 0.0625, 0.0625, 0.0625, 0.0625, 0.0625, 0.0625, 0.0625, 0.0625, 0.0625, 0.0625]
[TRAIN]: (919/1600): reward: 20.124177634716034, rates: 20.124177866634085, loss: 0.7574761971831322, rho: 0.16875, transmit_actions: 19, P: [1.0, 0.0625, 0.0625, 0.0625, 0.0625, 0.0625, 0.0625, 0.0625, 0.125, 0.0625, 0.0625, 0.0625, 0.0625, 0.0625, 0.0625, 0.0625, 0.0625, 0.0625, 0.0625, 0.0625]
[TRAIN]: (920/1600): reward: 19.379098415374756, rates: 19.379098505331026, loss: 0.7669592097401619, rho: 0.14375, transmit_actions: 19, P: [1.0, 0.0625, 0.0625, 0.0625, 0.0625, 0.0625, 0.0625, 0.0625, 0.0625, 0.0625, 0.0625, 0.0625, 0.0625, 0.0625, 0.0625, 0.0625, 0.0625, 0.0625, 0.0625, 0.0625]
[TRAIN]: (921/1600): reward: 18.23129951953888, rates: 19.231299378739607, loss: 0.6937888756394386, rho: 0.1375, transmit_actions: 19, P: [1.0, 0.0625, 0.0625, 0.0625, 0.0625, 0.0625, 0.0625, 0.0625, 0.0625, 0.0625, 0.0625, 0.0625, 0.0625, 0.125, 0.0625, 0.0625, 0.125, 0.0625, 0.0625, 0.0625]
[TRAIN]: (922/1600): reward: 13.276646941900253, rates: 19.276646479393946, loss: 0.7714476898312569, rho: 0.1625, transmit_actions: 19, P: [1.0, 0.0625, 0.0625, 0.0625, 0.0625, 0.0625, 0.0625, 0.0625, 0.0625, 0.0625, 0.0625, 0.0625, 0.0625, 0.0625, 0.0625, 0.0625, 0.75, 0.0625, 0.0625, 0.0625]
[TRAIN]: (923/1600): reward: 20.418611764907837, rates: 20.41861208597572, loss: 0.8234425127506256, rho: 0.14375, transmit_actions: 19, P: [1.0, 0.0625, 0.0625, 0.0625, 0.0625, 0.0625, 0.0625, 0.125, 0.0625, 0.125, 0.0625, 0.0625, 0.0625, 0.0625, 0.0625, 0.0625, 0.125, 0.0625, 0.0625, 0.0625]
[TRAIN]: (924/1600): reward: 21.17408487200737, rates: 21.174084938259018, loss: 0.6800551801919937, rho: 0.15, transmit_actions: 19, P: [1.0, 0.0625, 0.0625, 0.0625, 0.0625, 0.125, 0.125, 0.0625, 0.125, 0.0625, 0.0625, 0.0625, 0.0625, 0.0625, 0.0625, 0.0625, 0.0625, 0.0625, 0.0625, 0.0625]
[TRAIN]: (925/1600): reward: 17.58964066207409, rates: 18.58964052279255, loss: 0.62350392639637, rho: 0.1375, transmit_actions: 19, P: [1.0, 0.125, 0.0625, 0.0625, 0.0625, 0.0625, 0.0625, 0.0625, 0.0625, 0.0625, 0.0625, 0.0625, 0.0625, 0.0625, 0.0625, 0.0625, 0.0625, 0.125, 0.125, 0.0625]
[TRAIN]: (926/1600): reward: 20.715005442500114, rates: 21.715005446452224, loss: 0.7571209475398064, rho: 0.14375, transmit_actions: 18, P: [1.0, 0.75, 0.0625, 0.125, 0.125, 0.0625, 0.0625, 0.0625, 0.125, 0.0625, 0.0625, 0.0625, 0.0625, 0.0625, 0.0625, 0.0625, 0.0625, 0.0625, 0.0625, 0.0625]
[TRAIN]: (927/1600): reward: 21.708938121795654, rates: 21.708938391845336, loss: 0.7843821227550507, rho: 0.14375, transmit_actions: 17, P: [1.0, 0.6875, 0.6875, 0.125, 0.125, 0.125, 0.0625, 0.0625, 0.0625, 0.125, 0.0625, 0.0625, 0.0625, 0.0625, 0.0625, 0.0625, 0.0625, 0.0625, 0.0625, 0.0625]
[TRAIN]: (928/1600): reward: 18.48550248146057, rates: 20.485502616064828, loss: 0.7339835077524185, rho: 0.15625, transmit_actions: 19, P: [1.0, 0.125, 0.0625, 0.125, 0.125, 0.0625, 0.0625, 0.125, 0.0625, 0.0625, 0.0625, 0.0625, 0.0625, 0.0625, 0.0625, 0.0625, 0.0625, 0.0625, 0.0625, 0.0625]
[TRAIN]: (929/1600): reward: 21.021118640899658, rates: 22.021118634715858, loss: 0.7521008759737015, rho: 0.1375, transmit_actions: 19, P: [1.0, 0.0625, 0.125, 0.0625, 0.0625, 0.0625, 0.0625, 0.0625, 0.0625, 0.125, 0.0625, 0.0625, 0.0625, 0.0625, 0.0625, 0.0625, 0.0625, 0.0625, 0.0625, 0.0625]
[TRAIN]: (930/1600): reward: 13.344003736972809, rates: 18.344003731856166, loss: 0.7996662333607674, rho: 0.18125, transmit_actions: 17, P: [1.0, 0.9375, 0.125, 0.0625, 0.0625, 0.0625, 0.0625, 0.0625, 0.0625, 0.0625, 0.0625, 0.0625, 0.0625, 0.0625, 0.0625, 0.0625, 0.0625, 0.9375, 0.0625, 0.0625]
[TRAIN]: (931/1600): reward: 22.068962693214417, rates: 22.068962589800048, loss: 0.7339844450354576, rho: 0.13125, transmit_actions: 19, P: [1.0, 0.0625, 0.125, 0.0625, 0.0625, 0.0625, 0.0625, 0.0625, 0.0625, 0.0625, 0.0625, 0.0625, 0.0625, 0.0625, 0.0625, 0.0625, 0.0625, 0.0625, 0.0625, 0.0625]
[TRAIN]: (932/1600): reward: 20.83448088169098, rates: 20.834481159439058, loss: 0.8626699477434159, rho: 0.1625, transmit_actions: 19, P: [1.0, 0.0625, 0.0625, 0.0625, 0.0625, 0.0625, 0.0625, 0.0625, 0.0625, 0.0625, 0.0625, 0.0625, 0.0625, 0.0625, 0.0625, 0.0625, 0.0625, 0.0625, 0.0625, 0.0625]
[TRAIN]: (933/1600): reward: 18.93251684308052, rates: 18.932516887074502, loss: 0.7277008719742298, rho: 0.1375, transmit_actions: 18, P: [1.0, 0.0625, 0.0625, 0.0625, 0.0625, 0.0625, 0.0625, 1.0, 0.0625, 0.0625, 0.0625, 0.0625, 0.0625, 0.0625, 0.0625, 0.0625, 0.0625, 0.0625, 0.0625, 0.0625]
[TRAIN]: (934/1600): reward: 18.72080510854721, rates: 19.72080496463463, loss: 0.8115700423717499, rho: 0.14375, transmit_actions: 19, P: [1.0, 0.0625, 0.0625, 0.0625, 0.0625, 0.0625, 0.0625, 0.0625, 0.0625, 0.0625, 0.0625, 0.125, 0.0625, 0.0625, 0.0625, 0.125, 0.0625, 0.0625, 0.0625, 0.0625]
[TRAIN]: (935/1600): reward: 22.84227293729782, rates: 22.842273060361702, loss: 0.7292454585433006, rho: 0.14375, transmit_actions: 19, P: [1.0, 0.0625, 0.0625, 0.125, 0.0625, 0.0625, 0.125, 0.0625, 0.0625, 0.0625, 0.0625, 0.0625, 0.0625, 0.0625, 0.0625, 0.0625, 0.0625, 0.0625, 0.0625, 0.0625]
[TRAIN]: (936/1600): reward: 20.019312918186188, rates: 20.019312766411083, loss: 0.6343380019068718, rho: 0.13125, transmit_actions: 19, P: [1.0, 0.0625, 0.0625, 0.0625, 0.0625, 0.0625, 0.0625, 0.0625, 0.0625, 0.0625, 0.125, 0.0625, 0.0625, 0.0625, 0.0625, 0.0625, 0.0625, 0.0625, 0.0625, 0.125]
[TRAIN]: (937/1600): reward: 15.084191501140594, rates: 19.08419148960224, loss: 0.6536199226975441, rho: 0.1625, transmit_actions: 19, P: [1.0, 0.0625, 0.0625, 0.0625, 0.0625, 0.0625, 0.0625, 0.0625, 0.0625, 0.0625, 0.0625, 0.0625, 0.0625, 0.0625, 0.0625, 0.8125, 0.0625, 0.0625, 0.0625, 0.0625]
[TRAIN]: (938/1600): reward: 17.670744255185127, rates: 20.67074444932229, loss: 0.6148565322160721, rho: 0.15625, transmit_actions: 19, P: [1.0, 0.0625, 0.0625, 0.0625, 0.125, 0.0625, 0.0625, 0.0625, 0.0625, 0.125, 0.125, 0.0625, 0.0625, 0.0625, 0.0625, 0.0625, 0.0625, 0.0625, 0.0625, 0.0625]
[TRAIN]: (939/1600): reward: 18.884055584669113, rates: 18.884055499220903, loss: 0.7183391779661179, rho: 0.1625, transmit_actions: 19, P: [1.0, 0.0625, 0.0625, 0.0625, 0.0625, 0.0625, 0.0625, 0.0625, 0.0625, 0.0625, 0.0625, 0.0625, 0.0625, 0.0625, 0.125, 0.0625, 0.0625, 0.0625, 0.0625, 0.0625]
[TRAIN]: (940/1600): reward: 19.495559066534042, rates: 19.495559203771254, loss: 0.7647575542330742, rho: 0.16875, transmit_actions: 19, P: [1.0, 0.0625, 0.0625, 0.0625, 0.0625, 0.0625, 0.0625, 0.0625, 0.0625, 0.0625, 0.0625, 0.0625, 0.0625, 0.0625, 0.0625, 0.0625, 0.0625, 0.0625, 0.0625, 0.0625]
[TRAIN]: (941/1600): reward: 21.755236744880676, rates: 21.755236818408903, loss: 0.8075974971055985, rho: 0.1375, transmit_actions: 19, P: [1.0, 0.0625, 0.0625, 0.0625, 0.0625, 0.0625, 0.0625, 0.0625, 0.0625, 0.0625, 0.0625, 0.0625, 0.0625, 0.0625, 0.0625, 0.0625, 0.0625, 0.0625, 0.0625, 0.0625]
[TRAIN]: (942/1600): reward: 19.185025185346603, rates: 19.1850253876155, loss: 0.7079744890332222, rho: 0.13125, transmit_actions: 19, P: [1.0, 0.125, 0.0, 0.0625, 0.0625, 0.0625, 0.125, 0.0625, 0.0625, 0.0625, 0.0625, 0.0625, 0.0625, 0.0625, 0.0625, 0.0625, 0.0625, 0.0625, 0.0625, 0.0625]
[TRAIN]: (943/1600): reward: 13.915622800588608, rates: 16.91562274852383, loss: 0.8052453801035881, rho: 0.16875, transmit_actions: 19, P: [1.0, 0.0625, 0.0625, 0.0625, 0.0625, 0.0625, 0.0625, 0.0625, 0.0625, 0.0625, 0.0625, 0.0625, 0.0625, 0.0625, 0.0625, 0.0625, 0.0625, 0.4375, 0.0625, 0.0625]
[TRAIN]: (944/1600): reward: 19.840820461511612, rates: 19.840820393709407, loss: 0.5770306408405304, rho: 0.14375, transmit_actions: 19, P: [1.0, 0.0625, 0.0625, 0.0625, 0.125, 0.0625, 0.0625, 0.0625, 0.0625, 0.0625, 0.0625, 0.0625, 0.0625, 0.0625, 0.0625, 0.0625, 0.0625, 0.0625, 0.0625, 0.0625]
[TRAIN]: (945/1600): reward: 17.319694891572, rates: 17.319694791647912, loss: 0.6868535056710243, rho: 0.125, transmit_actions: 19, P: [1.0, 0.0625, 0.0625, 0.0625, 0.0625, 0.0625, 0.0625, 0.0625, 0.0625, 0.0625, 0.0625, 0.0625, 0.0625, 0.0625, 0.0625, 0.0625, 0.0625, 0.0625, 0.0625, 0.0625]
[TRAIN]: (946/1600): reward: 22.536501437425613, rates: 22.536501406145618, loss: 0.7590335130691528, rho: 0.13125, transmit_actions: 19, P: [1.0, 0.125, 0.0625, 0.0625, 0.125, 0.0625, 0.125, 0.0625, 0.125, 0.0625, 0.0625, 0.0625, 0.0625, 0.0625, 0.0625, 0.0625, 0.0625, 0.0625, 0.0625, 0.0625]
[TRAIN]: (947/1600): reward: 17.08991949260235, rates: 18.089919480487215, loss: 0.6249289572238922, rho: 0.175, transmit_actions: 19, P: [1.0, 0.0625, 0.125, 0.0625, 0.125, 0.125, 0.0625, 0.125, 0.0625, 0.0625, 0.125, 0.0625, 0.0625, 0.0625, 0.0625, 0.0625, 0.0625, 0.0625, 0.0625, 0.0625]
[TRAIN]: (948/1600): reward: 20.076059937477112, rates: 20.076060118436203, loss: 0.6487680330872536, rho: 0.13125, transmit_actions: 19, P: [1.0, 0.0625, 0.0625, 0.0625, 0.125, 0.0625, 0.0625, 0.0625, 0.0625, 0.0625, 0.0625, 0.0625, 0.0625, 0.0625, 0.0625, 0.0625, 0.0625, 0.0625, 0.0625, 0.0625]
[TRAIN]: (949/1600): reward: 7.8767885863780975, rates: 17.876788700528394, loss: 0.6904832616448402, rho: 0.19375, transmit_actions: 17, P: [1.0, 0.0625, 0.0625, 0.0625, 0.0625, 0.0625, 0.0625, 0.0625, 0.0625, 0.0625, 0.0625, 0.0625, 0.0625, 0.0625, 0.0625, 0.0625, 0.25, 0.0625, 0.0625, 0.875]
[TRAIN]: (950/1600): reward: 21.675735414028168, rates: 21.67573550638535, loss: 0.5844140067696572, rho: 0.15, transmit_actions: 19, P: [1.0, 0.0625, 0.125, 0.0625, 0.0625, 0.125, 0.0625, 0.0625, 0.0625, 0.0625, 0.0625, 0.0625, 0.0625, 0.0625, 0.0625, 0.0625, 0.0625, 0.0625, 0.0625, 0.0625]
[TRAIN]: (951/1600): reward: 17.478824138641357, rates: 20.47882423103978, loss: 0.8271937429904938, rho: 0.15, transmit_actions: 19, P: [1.0, 0.0625, 0.0625, 0.0625, 0.0625, 0.0625, 0.0625, 0.0625, 0.125, 0.0625, 0.0625, 0.0625, 0.0625, 0.0625, 0.0625, 0.0625, 0.0625, 0.0625, 0.0625, 0.0625]
[TRAIN]: (952/1600): reward: 20.482437878847122, rates: 21.482437933919112, loss: 0.7430073916912079, rho: 0.15625, transmit_actions: 19, P: [1.0, 0.0625, 0.0625, 0.0625, 0.0625, 0.0625, 0.0625, 0.0625, 0.0625, 0.0625, 0.0625, 0.0625, 0.0625, 0.125, 0.0625, 0.0625, 0.0625, 0.0625, 0.0625, 0.0625]
[TRAIN]: (953/1600): reward: 19.704264044761658, rates: 19.70426396019821, loss: 0.7464514642953872, rho: 0.14375, transmit_actions: 19, P: [1.0, 0.125, 0.0625, 0.0625, 0.0625, 0.0625, 0.0625, 0.0625, 0.0625, 0.0625, 0.0625, 0.0625, 0.0625, 0.0625, 0.0625, 0.0625, 0.0625, 0.0625, 0.0625, 0.0625]
[TRAIN]: (954/1600): reward: 19.808603167533875, rates: 19.808603265108196, loss: 0.6455694764852524, rho: 0.1625, transmit_actions: 19, P: [1.0, 0.0625, 0.0625, 0.0625, 0.0625, 0.0625, 0.0625, 0.0625, 0.0625, 0.0625, 0.0625, 0.0625, 0.0625, 0.0625, 0.0625, 0.0625, 0.0625, 0.0625, 0.0625, 0.0625]
[TRAIN]: (955/1600): reward: 20.056466788053513, rates: 20.056466853428855, loss: 0.6963842898607254, rho: 0.125, transmit_actions: 19, P: [1.0, 0.0625, 0.0625, 0.0625, 0.125, 0.0625, 0.0625, 0.0625, 0.0625, 0.0625, 0.0625, 0.0625, 0.0625, 0.0625, 0.0625, 0.0625, 0.0625, 0.0625, 0.0625, 0.0625]
[TRAIN]: (956/1600): reward: 20.59980270266533, rates: 20.599802643963596, loss: 0.7004196584224701, rho: 0.1375, transmit_actions: 19, P: [1.0, 0.0625, 0.125, 0.0625, 0.125, 0.0625, 0.0625, 0.0625, 0.0625, 0.0625, 0.0625, 0.125, 0.125, 0.0625, 0.0625, 0.0625, 0.0625, 0.0625, 0.0625, 0.0625]
[TRAIN]: (957/1600): reward: 19.80747503042221, rates: 19.807474971550732, loss: 0.6718043401837349, rho: 0.13125, transmit_actions: 19, P: [1.0, 0.0625, 0.0625, 0.0625, 0.0625, 0.0625, 0.0625, 0.0625, 0.0625, 0.0625, 0.0625, 0.0625, 0.0625, 0.0625, 0.0625, 0.0625, 0.0625, 0.0625, 0.0625, 0.0625]
[TRAIN]: (958/1600): reward: 20.89271742105484, rates: 20.892717442964802, loss: 0.7345967501401901, rho: 0.13125, transmit_actions: 19, P: [1.0, 0.0625, 0.0625, 0.0625, 0.0625, 0.0625, 0.0625, 0.0625, 0.0625, 0.0625, 0.0625, 0.0625, 0.0625, 0.0625, 0.0625, 0.0625, 0.0625, 0.0625, 0.0625, 0.0625]
[TRAIN]: (959/1600): reward: 19.54458001255989, rates: 19.54458000955278, loss: 0.6924734935164452, rho: 0.13125, transmit_actions: 19, P: [1.0, 0.0625, 0.0625, 0.0625, 0.0625, 0.0625, 0.0625, 0.0625, 0.0625, 0.0625, 0.0625, 0.0625, 0.0625, 0.0625, 0.0625, 0.0625, 0.0625, 0.0625, 0.0625, 0.0625]
[TRAIN]: (960/1600): reward: 19.830666422843933, rates: 19.83066652797038, loss: 0.6936865866184234, rho: 0.13125, transmit_actions: 19, P: [1.0, 0.0625, 0.0625, 0.0625, 0.0625, 0.0625, 0.125, 0.0625, 0.0625, 0.0625, 0.0625, 0.0625, 0.0625, 0.0625, 0.0625, 0.0625, 0.0625, 0.0625, 0.0625, 0.0625]
[TRAIN]: (961/1600): reward: 15.9103444814682, rates: 20.91034464052437, loss: 0.7773507222533226, rho: 0.14375, transmit_actions: 19, P: [1.0, 0.0625, 0.0625, 0.0625, 0.8125, 0.0625, 0.125, 0.0625, 0.0625, 0.0625, 0.0625, 0.0625, 0.0625, 0.0625, 0.125, 0.0625, 0.0625, 0.0625, 0.0625, 0.0625]
[TRAIN]: (962/1600): reward: 19.693505316972733, rates: 19.693505266550723, loss: 0.6100450187921524, rho: 0.14375, transmit_actions: 19, P: [1.0, 0.125, 0.125, 0.0625, 0.0625, 0.0625, 0.0625, 0.0625, 0.125, 0.0625, 0.0625, 0.0625, 0.125, 0.0625, 0.0625, 0.0625, 0.0625, 0.0625, 0.0625, 0.0625]
[TRAIN]: (963/1600): reward: 19.579048544168472, rates: 19.579048362381375, loss: 0.6525682985782624, rho: 0.15625, transmit_actions: 19, P: [1.0, 0.0625, 0.0625, 0.0625, 0.125, 0.0625, 0.125, 0.125, 0.0625, 0.0625, 0.0625, 0.0625, 0.0625, 0.0625, 0.0625, 0.0625, 0.0625, 0.0625, 0.0625, 0.0625]
[TRAIN]: (964/1600): reward: 18.644673377275467, rates: 18.644673304935477, loss: 0.6922752760350704, rho: 0.13125, transmit_actions: 19, P: [1.0, 0.0625, 0.0625, 0.0625, 0.0625, 0.0625, 0.0625, 0.0625, 0.0625, 0.0625, 0.0625, 0.0625, 0.0625, 0.0625, 0.0625, 0.0625, 0.0625, 0.0625, 0.0625, 0.0625]
[TRAIN]: (965/1600): reward: 19.934793710708618, rates: 20.934793736572978, loss: 0.6711544036865235, rho: 0.13125, transmit_actions: 19, P: [1.0, 0.0625, 0.0625, 0.0625, 0.0625, 0.0625, 0.0625, 0.125, 0.125, 0.0625, 0.0625, 0.0625, 0.0625, 0.0625, 0.0625, 0.0625, 0.0625, 0.0625, 0.0625, 0.0625]
[TRAIN]: (966/1600): reward: 19.185576014220715, rates: 19.185575872429975, loss: 0.6321858018636703, rho: 0.16875, transmit_actions: 19, P: [1.0, 0.0625, 0.125, 0.0625, 0.0625, 0.0625, 0.0625, 0.0625, 0.0625, 0.0625, 0.0625, 0.0625, 0.0625, 0.125, 0.0625, 0.0625, 0.0625, 0.0625, 0.0625, 0.0625]
[TRAIN]: (967/1600): reward: 19.08907812833786, rates: 19.089078163697444, loss: 0.7957091256976128, rho: 0.15, transmit_actions: 19, P: [1.0, 0.0625, 0.0625, 0.0625, 0.0625, 0.0625, 0.0625, 0.0625, 0.0625, 0.0625, 0.125, 0.0625, 0.0625, 0.0625, 0.0625, 0.0625, 0.0625, 0.0625, 0.0625, 0.0625]
[TRAIN]: (968/1600): reward: 13.715299278497696, rates: 19.715299312351164, loss: 0.6592184960842132, rho: 0.15625, transmit_actions: 19, P: [1.0, 0.0625, 0.0625, 0.0625, 0.0625, 0.0625, 0.625, 0.0625, 0.0625, 0.0625, 0.0625, 0.0625, 0.0625, 0.0625, 0.0625, 0.0625, 0.0625, 0.0625, 0.0625, 0.0625]
[TRAIN]: (969/1600): reward: 21.641871482133865, rates: 21.641871301999046, loss: 0.6046709731221199, rho: 0.14375, transmit_actions: 19, P: [1.0, 0.0625, 0.0625, 0.0625, 0.0625, 0.0625, 0.125, 0.0625, 0.0625, 0.125, 0.0625, 0.0625, 0.0625, 0.0625, 0.0625, 0.0625, 0.0625, 0.0625, 0.0625, 0.0625]
[TRAIN]: (970/1600): reward: 15.211147978901863, rates: 19.211147955968922, loss: 0.6596779063344002, rho: 0.1375, transmit_actions: 19, P: [1.0, 0.125, 0.1875, 0.0625, 0.0625, 0.0625, 0.0625, 0.0625, 0.0625, 0.0625, 0.0625, 0.0625, 0.0625, 0.0625, 0.0625, 0.0625, 0.0625, 0.0625, 0.125, 0.0625]
[TRAIN]: (971/1600): reward: 10.591025203466415, rates: 17.591025284519205, loss: 0.7288579389452934, rho: 0.1375, transmit_actions: 16, P: [1.0, 0.0625, 0.9375, 0.0625, 0.0625, 0.0625, 0.0625, 0.0625, 0.5, 0.0625, 0.125, 0.0625, 0.0625, 0.0625, 0.125, 0.875, 0.0625, 0.0625, 0.0625, 0.0625]
[TRAIN]: (972/1600): reward: 19.89175572991371, rates: 19.89175580217683, loss: 0.6812867730855942, rho: 0.15625, transmit_actions: 19, P: [1.0, 0.0625, 0.0625, 0.0625, 0.0625, 0.0625, 0.0625, 0.0625, 0.0625, 0.0625, 0.0625, 0.0625, 0.0625, 0.0625, 0.0625, 0.0625, 0.0625, 0.0625, 0.0625, 0.0625]
[TRAIN]: (973/1600): reward: 19.228812023997307, rates: 19.228811903227605, loss: 0.6529119104146958, rho: 0.14375, transmit_actions: 19, P: [1.0, 0.125, 0.0625, 0.0625, 0.0625, 0.125, 0.0625, 0.0625, 0.0625, 0.0625, 0.0625, 0.0625, 0.125, 0.0625, 0.0625, 0.0625, 0.0625, 0.0625, 0.0625, 0.0625]
[TRAIN]: (974/1600): reward: 19.489105850458145, rates: 19.48910584213935, loss: 0.6863126292824745, rho: 0.16875, transmit_actions: 19, P: [1.0, 0.0625, 0.0625, 0.0625, 0.0625, 0.0625, 0.0625, 0.0625, 0.0625, 0.0625, 0.0625, 0.0625, 0.0625, 0.0625, 0.0625, 0.0625, 0.0625, 0.0625, 0.0625, 0.0625]
[TRAIN]: (975/1600): reward: 16.81716474890709, rates: 18.817164543253817, loss: 0.6596354991197586, rho: 0.1375, transmit_actions: 19, P: [1.0, 0.0625, 0.0625, 0.0625, 0.0625, 0.0625, 0.125, 0.0625, 0.0625, 0.125, 0.0625, 0.0625, 0.0625, 0.0625, 0.0625, 0.0625, 0.125, 0.0625, 0.0625, 0.0625]
[TRAIN]: (976/1600): reward: 20.040106415748596, rates: 20.040106477159092, loss: 0.7641604721546174, rho: 0.14375, transmit_actions: 19, P: [1.0, 0.0625, 0.0625, 0.125, 0.0625, 0.0625, 0.0625, 0.0625, 0.0625, 0.0625, 0.125, 0.0625, 0.0625, 0.0625, 0.0625, 0.0625, 0.0625, 0.0625, 0.0625, 0.0625]
[TRAIN]: (977/1600): reward: 23.971438854932785, rates: 23.97143876589403, loss: 0.6205353535711765, rho: 0.125, transmit_actions: 19, P: [1.0, 0.0625, 0.125, 0.0625, 0.0625, 0.0625, 0.0625, 0.0625, 0.125, 0.125, 0.0625, 0.0625, 0.0625, 0.0625, 0.0625, 0.0625, 0.0625, 0.0625, 0.0625, 0.0625]
[TRAIN]: (978/1600): reward: 20.524863988161087, rates: 21.52486402092051, loss: 0.5972955733537674, rho: 0.125, transmit_actions: 19, P: [1.0, 0.0625, 0.0625, 0.0625, 0.0625, 0.0625, 0.0625, 0.0625, 0.0625, 0.0625, 0.0625, 0.0625, 0.0625, 0.0625, 0.0625, 0.0625, 0.0625, 0.0625, 0.0625, 0.0625]
[TRAIN]: (979/1600): reward: 18.962036222219467, rates: 18.962036286188212, loss: 0.6293624058365822, rho: 0.1625, transmit_actions: 19, P: [1.0, 0.0625, 0.125, 0.0625, 0.0625, 0.0625, 0.0625, 0.0625, 0.0625, 0.0625, 0.125, 0.0625, 0.0625, 0.0625, 0.0625, 0.125, 0.0625, 0.0625, 0.0625, 0.0625]
[TRAIN]: (980/1600): reward: 19.15085570514202, rates: 21.150855712212365, loss: 0.7021761626005173, rho: 0.2, transmit_actions: 19, P: [1.0, 0.0625, 0.125, 0.0625, 0.0625, 0.0625, 0.0625, 0.0625, 0.0625, 0.0625, 0.125, 0.0625, 0.0625, 0.0625, 0.0625, 0.0625, 0.125, 0.0625, 0.0625, 0.0625]
[TRAIN]: (981/1600): reward: 18.94127658009529, rates: 20.941276833991605, loss: 0.8294988170266151, rho: 0.15, transmit_actions: 19, P: [1.0, 0.0625, 0.125, 0.0625, 0.125, 0.0625, 0.0625, 0.0625, 0.0625, 0.0625, 0.0625, 0.0625, 0.0625, 0.0625, 0.0625, 0.0625, 0.0625, 0.0625, 0.0625, 0.0625]
[TRAIN]: (982/1600): reward: 22.058064341545105, rates: 22.058064039195543, loss: 0.6115357533097268, rho: 0.125, transmit_actions: 19, P: [1.0, 0.0625, 0.125, 0.0625, 0.125, 0.0625, 0.0625, 0.0625, 0.0625, 0.0625, 0.0625, 0.0625, 0.0625, 0.0625, 0.0625, 0.0625, 0.0625, 0.0625, 0.0625, 0.0625]
[TRAIN]: (983/1600): reward: 12.621941596269608, rates: 17.62194156156269, loss: 0.7400390759110451, rho: 0.16875, transmit_actions: 18, P: [1.0, 0.0625, 0.0625, 0.0625, 0.0625, 0.0625, 0.0625, 0.0625, 0.0625, 0.0625, 0.0625, 0.1875, 0.0625, 0.0625, 0.0625, 0.0625, 0.0625, 0.0625, 0.0625, 0.0625]
[TRAIN]: (984/1600): reward: 18.181357115507126, rates: 19.1813570530521, loss: 0.8000844672322274, rho: 0.1625, transmit_actions: 19, P: [1.0, 0.0625, 0.0625, 0.0625, 0.125, 0.0625, 0.0625, 0.0625, 0.0625, 0.0625, 0.0625, 0.0625, 0.0625, 0.0625, 0.0625, 0.0625, 0.0625, 0.0625, 0.0625, 0.0625]
[TRAIN]: (985/1600): reward: 18.76087760925293, rates: 19.76087752815265, loss: 0.7167992435395718, rho: 0.13125, transmit_actions: 19, P: [1.0, 0.0625, 0.0625, 0.0625, 0.0625, 0.0625, 0.0625, 0.125, 0.0625, 0.125, 0.0625, 0.0625, 0.0625, 0.0625, 0.0625, 0.0625, 0.0625, 0.0625, 0.0625, 0.0625]
[TRAIN]: (986/1600): reward: 21.463224083185196, rates: 22.463224059128315, loss: 0.7109967738389968, rho: 0.14375, transmit_actions: 18, P: [1.0, 0.75, 0.125, 0.0625, 0.0625, 0.0625, 0.125, 0.125, 0.0625, 0.125, 0.0625, 0.0625, 0.0625, 0.0625, 0.0625, 0.0625, 0.0625, 0.0625, 0.0625, 0.0625]
[TRAIN]: (987/1600): reward: 18.76247090101242, rates: 18.76247071702058, loss: 0.6843418136239052, rho: 0.15625, transmit_actions: 19, P: [1.0, 0.0625, 0.0625, 0.0625, 0.0625, 0.0625, 0.0625, 0.0625, 0.0625, 0.0625, 0.0625, 0.0625, 0.0625, 0.0625, 0.0625, 0.0625, 0.0625, 0.0625, 0.0625, 0.125]
[TRAIN]: (988/1600): reward: 18.84229165315628, rates: 19.84229166792615, loss: 0.6734536297619342, rho: 0.18125, transmit_actions: 19, P: [1.0, 0.125, 0.0625, 0.0625, 0.125, 0.0625, 0.0625, 0.0625, 0.0625, 0.0625, 0.0625, 0.0625, 0.0625, 0.0625, 0.125, 0.0625, 0.0625, 0.0625, 0.125, 0.0625]
[TRAIN]: (989/1600): reward: 15.733447030186653, rates: 19.733447148496914, loss: 0.5541931957006454, rho: 0.13125, transmit_actions: 19, P: [1.0, 0.125, 0.0625, 0.0625, 0.0625, 0.0625, 0.0625, 0.0625, 0.0625, 0.0625, 0.125, 0.0625, 0.0625, 0.0625, 0.0625, 0.0625, 0.0625, 0.125, 0.0625, 0.0625]
[TRAIN]: (990/1600): reward: 17.933868810534477, rates: 19.93386882682264, loss: 0.6596100881695748, rho: 0.1375, transmit_actions: 19, P: [1.0, 0.0625, 0.0625, 0.0625, 0.0625, 0.0625, 0.0625, 0.0625, 0.0625, 0.0625, 0.0625, 0.0625, 0.0625, 0.0625, 0.0625, 0.0625, 0.0625, 0.0625, 0.125, 0.0625]
[TRAIN]: (991/1600): reward: 17.782312244176865, rates: 17.782312358438944, loss: 0.6477646790444851, rho: 0.14375, transmit_actions: 19, P: [1.0, 0.0625, 0.0625, 0.0625, 0.0625, 0.0625, 0.0625, 0.0625, 0.125, 0.125, 0.0625, 0.0625, 0.0625, 0.0625, 0.0625, 0.0625, 0.0625, 0.0625, 0.0625, 0.0625]
[TRAIN]: (992/1600): reward: 18.989363476634026, rates: 19.989363248042224, loss: 0.6573721319437027, rho: 0.15, transmit_actions: 19, P: [1.0, 0.0, 0.0625, 0.0625, 0.125, 0.0625, 0.0625, 0.125, 0.0625, 0.0625, 0.125, 0.0625, 0.0625, 0.0625, 0.0625, 0.0625, 0.0625, 0.0625, 0.125, 0.0625]
[TRAIN]: (993/1600): reward: 17.447238996624947, rates: 17.44723923158188, loss: 0.6272924333810806, rho: 0.15, transmit_actions: 19, P: [1.0, 0.0625, 0.0625, 0.0625, 0.0625, 0.0625, 0.0625, 0.0625, 0.0625, 0.125, 0.0625, 0.0625, 0.0625, 0.0625, 0.0625, 0.0625, 0.0625, 0.0625, 0.0625, 0.0625]
[TRAIN]: (994/1600): reward: 17.722353532910347, rates: 17.72235354129856, loss: 0.5340147502720356, rho: 0.18125, transmit_actions: 19, P: [1.0, 0.0625, 0.0625, 0.0625, 0.0625, 0.0625, 0.0625, 0.0625, 0.0625, 0.0625, 0.0625, 0.0625, 0.0625, 0.0625, 0.0625, 0.0625, 0.0625, 0.0625, 0.0625, 0.0625]
[TRAIN]: (995/1600): reward: 22.373025953769684, rates: 22.373026311965234, loss: 0.6094516202807426, rho: 0.1375, transmit_actions: 19, P: [1.0, 0.0625, 0.0625, 0.0625, 0.0625, 0.0625, 0.0625, 0.0625, 0.125, 0.0625, 0.0625, 0.0625, 0.0625, 0.0625, 0.0625, 0.0625, 0.0625, 0.0625, 0.0625, 0.0625]
[TRAIN]: (996/1600): reward: 20.150643318891525, rates: 20.15064329702732, loss: 0.7445154026150703, rho: 0.1625, transmit_actions: 18, P: [1.0, 0.6875, 0.0625, 0.0625, 0.0625, 0.0625, 0.125, 0.125, 0.0625, 0.0625, 0.0625, 0.0625, 0.0625, 0.0625, 0.0625, 0.0625, 0.0625, 0.0625, 0.0625, 0.0625]
[TRAIN]: (997/1600): reward: 19.173734456300735, rates: 19.173734513640955, loss: 0.6882841885089874, rho: 0.1375, transmit_actions: 19, P: [1.0, 0.0625, 0.0625, 0.0625, 0.125, 0.0625, 0.0625, 0.0625, 0.0625, 0.0625, 0.0625, 0.0625, 0.0625, 0.0625, 0.0625, 0.0625, 0.0625, 0.125, 0.0625, 0.0625]
[TRAIN]: (998/1600): reward: 19.515310913324356, rates: 19.51531100030263, loss: 0.7526738986372947, rho: 0.15625, transmit_actions: 19, P: [1.0, 0.0625, 0.0625, 0.0625, 0.0625, 0.0625, 0.125, 0.0625, 0.0625, 0.0625, 0.0625, 0.0625, 0.0625, 0.0625, 0.0625, 0.0625, 0.0625, 0.0625, 0.0625, 0.0625]
[TRAIN]: (999/1600): reward: 15.906297236680984, rates: 16.9062972418315, loss: 0.6340701222419739, rho: 0.15, transmit_actions: 19, P: [1.0, 0.0625, 0.0625, 0.0625, 0.0625, 0.125, 0.0625, 0.0625, 0.125, 0.0625, 0.0625, 0.0625, 0.0625, 0.0625, 0.0625, 0.0625, 0.0625, 0.0625, 0.125, 0.0625]
[TRAIN]: (1000/1600): reward: 19.634195685386658, rates: 19.634195677939882, loss: 0.679616142064333, rho: 0.125, transmit_actions: 18, P: [1.0, 1.0, 0.0625, 0.0625, 0.0625, 0.0625, 0.125, 0.0625, 0.0625, 0.0625, 0.0625, 0.0625, 0.0625, 0.0625, 0.0625, 0.0625, 0.0625, 0.0625, 0.0625, 0.0625]
[TRAIN]: (1001/1600): reward: 16.966011971235275, rates: 19.966011949613772, loss: 0.5689189091324807, rho: 0.125, transmit_actions: 19, P: [1.0, 0.125, 0.125, 0.125, 0.125, 0.125, 0.0625, 0.0625, 0.0625, 0.0625, 0.0625, 0.125, 0.0625, 0.0625, 0.0625, 0.0625, 0.0625, 0.0625, 0.0625, 0.0625]
[TRAIN]: (1002/1600): reward: 14.251629382371902, rates: 19.251629399629785, loss: 0.5994591757655143, rho: 0.175, transmit_actions: 17, P: [1.0, 0.75, 0.0625, 0.0625, 0.125, 0.0625, 0.125, 0.0625, 0.0625, 0.0625, 0.1875, 0.0625, 0.0625, 0.0625, 0.0625, 0.0625, 0.0625, 0.0625, 0.0625, 0.0625]
[TRAIN]: (1003/1600): reward: 20.98506534099579, rates: 20.985065313571486, loss: 0.8115813910961152, rho: 0.1375, transmit_actions: 19, P: [1.0, 0.0, 0.0625, 0.0625, 0.0625, 0.0625, 0.0625, 0.0625, 0.0625, 0.0625, 0.0625, 0.0625, 0.0625, 0.0625, 0.0625, 0.0625, 0.0625, 0.0625, 0.0625, 0.0625]
[TRAIN]: (1004/1600): reward: 13.721291691064835, rates: 18.72129168210892, loss: 0.6389919236302376, rho: 0.14375, transmit_actions: 18, P: [1.0, 0.0625, 0.0625, 0.0625, 0.0625, 0.125, 0.125, 0.0625, 0.0625, 0.0625, 0.0625, 0.0625, 0.0625, 0.0625, 0.0625, 0.0625, 0.0625, 0.0625, 0.0625, 0.625]
[TRAIN]: (1005/1600): reward: 20.910104125738144, rates: 20.910104044079823, loss: 0.7578870922327041, rho: 0.14375, transmit_actions: 19, P: [1.0, 0.0625, 0.0625, 0.0625, 0.125, 0.0625, 0.0625, 0.0625, 0.0625, 0.0625, 0.0625, 0.0625, 0.0625, 0.0625, 0.125, 0.0625, 0.0625, 0.0625, 0.125, 0.0625]
[TRAIN]: (1006/1600): reward: 19.15977245569229, rates: 19.159772567085035, loss: 0.6698152884840965, rho: 0.14375, transmit_actions: 19, P: [1.0, 0.0625, 0.0625, 0.0625, 0.0625, 0.0625, 0.0625, 0.0625, 0.0625, 0.125, 0.0625, 0.0625, 0.0625, 0.0625, 0.0625, 0.0625, 0.0625, 0.0625, 0.0625, 0.0625]
[TRAIN]: (1007/1600): reward: 17.959070324897766, rates: 19.959070304694624, loss: 0.568609119951725, rho: 0.1375, transmit_actions: 18, P: [1.0, 0.9375, 0.0625, 0.125, 0.125, 0.0625, 0.0625, 0.0625, 0.0625, 0.0625, 0.0625, 0.0625, 0.0625, 0.0625, 0.0625, 0.0625, 0.0625, 0.0625, 0.0625, 0.1875]
[TRAIN]: (1008/1600): reward: 20.50996071100235, rates: 20.509960719050337, loss: 0.6072148248553276, rho: 0.1375, transmit_actions: 19, P: [1.0, 0.0625, 0.0625, 0.0625, 0.0625, 0.0625, 0.0625, 0.0625, 0.0625, 0.0625, 0.0625, 0.0625, 0.0625, 0.0625, 0.0625, 0.0625, 0.0625, 0.0625, 0.0625, 0.0625]
[TRAIN]: (1009/1600): reward: 22.39549309015274, rates: 22.39549320915276, loss: 0.6543025329709053, rho: 0.1375, transmit_actions: 19, P: [1.0, 0.0625, 0.0625, 0.125, 0.0625, 0.0625, 0.125, 0.125, 0.0625, 0.0625, 0.0625, 0.0625, 0.0625, 0.0625, 0.0625, 0.0625, 0.0625, 0.0625, 0.0625, 0.0625]
[TRAIN]: (1010/1600): reward: 15.316219061613083, rates: 19.31621911767077, loss: 0.72166149020195, rho: 0.15625, transmit_actions: 19, P: [1.0, 0.125, 0.0625, 0.0625, 0.0625, 0.0625, 0.0625, 0.0625, 0.0625, 0.0625, 0.0625, 0.0625, 0.0625, 0.0625, 0.0625, 0.0625, 0.125, 0.0625, 0.0625, 0.625]
[TRAIN]: (1011/1600): reward: 21.043794989585876, rates: 21.043795114341844, loss: 0.6916109517216682, rho: 0.13125, transmit_actions: 19, P: [1.0, 0.0625, 0.125, 0.0625, 0.0625, 0.0625, 0.0625, 0.0625, 0.0625, 0.125, 0.0625, 0.0625, 0.0625, 0.0625, 0.0625, 0.0625, 0.0625, 0.0625, 0.0625, 0.0625]
[TRAIN]: (1012/1600): reward: 11.311695367097855, rates: 18.31169556351239, loss: 0.6577601045370102, rho: 0.175, transmit_actions: 19, P: [1.0, 0.0625, 0.0625, 0.0625, 0.0625, 0.125, 0.3125, 0.0625, 0.0625, 0.0625, 0.0625, 0.0625, 0.0625, 0.0625, 0.0625, 0.0625, 0.0625, 0.9375, 0.0625, 0.0625]
[TRAIN]: (1013/1600): reward: 21.034968465566635, rates: 21.034968358435073, loss: 0.6756288573145867, rho: 0.1375, transmit_actions: 19, P: [1.0, 0.0625, 0.125, 0.125, 0.125, 0.125, 0.125, 0.0625, 0.0625, 0.125, 0.0625, 0.0625, 0.0625, 0.0625, 0.0625, 0.0625, 0.0625, 0.0625, 0.0625, 0.0625]
[TRAIN]: (1014/1600): reward: 20.43083742260933, rates: 20.430837341286377, loss: 0.7060190990567208, rho: 0.15625, transmit_actions: 19, P: [1.0, 0.125, 0.125, 0.0625, 0.0625, 0.0625, 0.0625, 0.0625, 0.0625, 0.0625, 0.0625, 0.0625, 0.0625, 0.0625, 0.0625, 0.0625, 0.0625, 0.0625, 0.0625, 0.0625]
[TRAIN]: (1015/1600): reward: 19.985002666711807, rates: 19.98500264523951, loss: 0.6180210307240486, rho: 0.14375, transmit_actions: 19, P: [1.0, 0.0625, 0.0625, 0.0625, 0.0625, 0.0625, 0.0625, 0.0625, 0.0625, 0.0625, 0.0625, 0.0625, 0.0625, 0.0625, 0.0625, 0.0625, 0.0625, 0.0625, 0.0625, 0.0625]
[TRAIN]: (1016/1600): reward: 20.23247331380844, rates: 20.232473328266856, loss: 0.6407528318464756, rho: 0.1375, transmit_actions: 19, P: [1.0, 0.125, 0.0625, 0.0625, 0.0625, 0.0625, 0.0625, 0.0625, 0.0625, 0.0625, 0.0625, 0.0625, 0.0625, 0.0625, 0.0625, 0.0625, 0.0625, 0.0625, 0.0625, 0.0625]
[TRAIN]: (1017/1600): reward: 19.801538825035095, rates: 20.801539092828186, loss: 0.5843053489923478, rho: 0.1375, transmit_actions: 19, P: [1.0, 0.0625, 0.0625, 0.125, 0.0625, 0.0625, 0.125, 0.125, 0.0625, 0.0625, 0.0625, 0.0625, 0.0625, 0.0625, 0.125, 0.0625, 0.0625, 0.0625, 0.0625, 0.0625]
[TRAIN]: (1018/1600): reward: 19.207428485155106, rates: 19.20742847763777, loss: 0.6195199653506279, rho: 0.1625, transmit_actions: 19, P: [1.0, 0.125, 0.0625, 0.0625, 0.0625, 0.0625, 0.0625, 0.0625, 0.0625, 0.0625, 0.0625, 0.0625, 0.0625, 0.0625, 0.0625, 0.0625, 0.0625, 0.0625, 0.0625, 0.0625]
[TRAIN]: (1019/1600): reward: 13.051134467124939, rates: 19.05113414395692, loss: 0.6770891278982163, rho: 0.14375, transmit_actions: 18, P: [1.0, 0.125, 0.125, 0.0625, 0.6875, 0.0625, 0.0625, 0.0625, 0.0625, 0.0625, 0.0625, 0.0625, 0.0625, 0.0625, 0.0625, 0.0625, 0.0625, 0.0625, 0.0625, 0.0625]
[TRAIN]: (1020/1600): reward: 17.525567919015884, rates: 19.52556801294602, loss: 0.7718149125576019, rho: 0.14375, transmit_actions: 19, P: [1.0, 0.0625, 0.0625, 0.0625, 0.0625, 0.0625, 0.0625, 0.0625, 0.0625, 0.0625, 0.0625, 0.0625, 0.125, 0.0625, 0.0625, 0.0625, 0.0625, 0.0625, 0.0625, 0.0625]
[TRAIN]: (1021/1600): reward: 20.95698779821396, rates: 20.956987699406756, loss: 0.5972996562719345, rho: 0.13125, transmit_actions: 19, P: [1.0, 0.125, 0.0625, 0.125, 0.0625, 0.0625, 0.125, 0.0625, 0.0625, 0.0625, 0.0625, 0.0625, 0.0625, 0.0625, 0.0625, 0.0625, 0.0625, 0.125, 0.0625, 0.0625]
[TRAIN]: (1022/1600): reward: 16.314794421195984, rates: 18.314794369321767, loss: 0.6505851745605469, rho: 0.15625, transmit_actions: 19, P: [1.0, 0.0625, 0.0625, 0.0625, 0.0625, 0.0625, 0.0625, 0.125, 0.0625, 0.0625, 0.0625, 0.0625, 0.0625, 0.0625, 0.0625, 0.0625, 0.0625, 0.0625, 0.0625, 0.0625]
[TRAIN]: (1023/1600): reward: 19.909636795520782, rates: 19.9096367792433, loss: 0.6874436765909195, rho: 0.1375, transmit_actions: 19, P: [1.0, 0.0625, 0.125, 0.0625, 0.0625, 0.0625, 0.0625, 0.0625, 0.0625, 0.0625, 0.0625, 0.0625, 0.0625, 0.0625, 0.0625, 0.0625, 0.0625, 0.0625, 0.0625, 0.0625]
[TRAIN]: (1024/1600): reward: 14.292884171009064, rates: 20.292884097995547, loss: 0.7723885357379914, rho: 0.15, transmit_actions: 19, P: [1.0, 0.0625, 0.0625, 0.0625, 0.5625, 0.0625, 0.0625, 0.0625, 0.0625, 0.0625, 0.0625, 0.0625, 0.0625, 0.0625, 0.0625, 0.0625, 0.0625, 0.0625, 0.0625, 0.0625]
[TRAIN]: (1025/1600): reward: 19.555555045604706, rates: 19.555555116322463, loss: 0.5815040096640587, rho: 0.13125, transmit_actions: 19, P: [1.0, 0.0625, 0.0625, 0.0625, 0.0625, 0.0625, 0.0625, 0.0625, 0.0625, 0.0625, 0.0625, 0.0625, 0.0625, 0.0625, 0.0625, 0.0625, 0.0625, 0.0625, 0.0625, 0.0625]
[TRAIN]: (1026/1600): reward: 19.34366339445114, rates: 19.34366350351682, loss: 0.7489409923553467, rho: 0.14375, transmit_actions: 19, P: [1.0, 0.0625, 0.0625, 0.0625, 0.0625, 0.0625, 0.0625, 0.0625, 0.0625, 0.0625, 0.0625, 0.0625, 0.0625, 0.0625, 0.0625, 0.0625, 0.0625, 0.0625, 0.0625, 0.0625]
[TRAIN]: (1027/1600): reward: 19.402442634105682, rates: 19.402442735476225, loss: 0.6753665387630463, rho: 0.14375, transmit_actions: 19, P: [1.0, 0.0625, 0.0625, 0.0625, 0.0625, 0.0625, 0.0625, 0.0625, 0.0625, 0.0625, 0.125, 0.0625, 0.125, 0.0625, 0.0625, 0.0625, 0.0625, 0.0625, 0.0625, 0.0625]
[TRAIN]: (1028/1600): reward: 17.302975103259087, rates: 18.3029751575798, loss: 0.6153830409049987, rho: 0.18125, transmit_actions: 19, P: [1.0, 0.0625, 0.0625, 0.0625, 0.0625, 0.0625, 0.0625, 0.0625, 0.0625, 0.0625, 0.125, 0.0625, 0.0625, 0.0625, 0.0625, 0.0625, 0.0625, 0.0625, 0.0625, 0.0625]
[TRAIN]: (1029/1600): reward: 17.254887595772743, rates: 17.25488757795258, loss: 0.6368058964610099, rho: 0.16875, transmit_actions: 18, P: [1.0, 0.9375, 0.0625, 0.0625, 0.0625, 0.0625, 0.0625, 0.0625, 0.0625, 0.0625, 0.0625, 0.0625, 0.0625, 0.0625, 0.0625, 0.0625, 0.0625, 0.0625, 0.0625, 0.0625]
[TRAIN]: (1030/1600): reward: 16.796738654375076, rates: 20.796738640437884, loss: 0.6550309792160988, rho: 0.15, transmit_actions: 19, P: [1.0, 0.125, 0.5625, 0.0625, 0.0625, 0.0625, 0.0625, 0.0625, 0.0625, 0.0625, 0.0625, 0.0625, 0.0625, 0.0625, 0.0625, 0.0625, 0.0625, 0.0625, 0.0625, 0.0625]
[TRAIN]: (1031/1600): reward: 16.884382843971252, rates: 19.88438263845198, loss: 0.7681581884622574, rho: 0.175, transmit_actions: 19, P: [1.0, 0.125, 0.0625, 0.0625, 0.0625, 0.0625, 0.0625, 0.3125, 0.0625, 0.0625, 0.0625, 0.0625, 0.0625, 0.0625, 0.0625, 0.0625, 0.0625, 0.0625, 0.0625, 0.0625]
[TRAIN]: (1032/1600): reward: 20.425462007522583, rates: 20.425462038248735, loss: 0.5847018212080002, rho: 0.1375, transmit_actions: 19, P: [1.0, 0.0625, 0.0625, 0.0625, 0.0625, 0.0625, 0.0625, 0.0625, 0.0625, 0.0625, 0.0625, 0.0625, 0.0625, 0.0625, 0.0625, 0.0625, 0.0625, 0.0625, 0.0625, 0.0625]
[TRAIN]: (1033/1600): reward: 17.61933845281601, rates: 17.61933827317163, loss: 0.6534050554037094, rho: 0.125, transmit_actions: 19, P: [1.0, 0.125, 0.0625, 0.0625, 0.0625, 0.0625, 0.0625, 0.0625, 0.0625, 0.0625, 0.125, 0.0625, 0.0625, 0.0625, 0.0625, 0.0625, 0.0625, 0.125, 0.0625, 0.0625]
[TRAIN]: (1034/1600): reward: 20.048925787210464, rates: 21.04892593669634, loss: 0.6366858959197998, rho: 0.13125, transmit_actions: 19, P: [1.0, 0.0625, 0.0625, 0.0625, 0.125, 0.125, 0.0625, 0.0625, 0.0625, 0.0625, 0.0625, 0.0625, 0.0625, 0.0625, 0.0625, 0.0625, 0.0625, 0.0625, 0.0625, 0.0625]
[TRAIN]: (1035/1600): reward: 19.98582234978676, rates: 19.985822462381947, loss: 0.5860861226916313, rho: 0.14375, transmit_actions: 19, P: [1.0, 0.0625, 0.0625, 0.0625, 0.0625, 0.0625, 0.0625, 0.0625, 0.0625, 0.0625, 0.0625, 0.0625, 0.0625, 0.0625, 0.0625, 0.0625, 0.0625, 0.0625, 0.0625, 0.0625]
[TRAIN]: (1036/1600): reward: 19.808922350406647, rates: 19.808922572018872, loss: 0.5685284599661827, rho: 0.125, transmit_actions: 19, P: [1.0, 0.0625, 0.0625, 0.0625, 0.0625, 0.0625, 0.0625, 0.0625, 0.0625, 0.0625, 0.0625, 0.0625, 0.0625, 0.0625, 0.0625, 0.0625, 0.0625, 0.0625, 0.0625, 0.0625]
[TRAIN]: (1037/1600): reward: 20.94843229651451, rates: 20.948432278377016, loss: 0.577045650780201, rho: 0.13125, transmit_actions: 19, P: [1.0, 0.0625, 0.0625, 0.0625, 0.0625, 0.0625, 0.0625, 0.0625, 0.0625, 0.0625, 0.0625, 0.0625, 0.0625, 0.0625, 0.0625, 0.0625, 0.0625, 0.0625, 0.0625, 0.0625]
[TRAIN]: (1038/1600): reward: 19.024097114801407, rates: 19.02409709304482, loss: 0.6448566988110542, rho: 0.15625, transmit_actions: 19, P: [1.0, 0.0625, 0.0625, 0.0625, 0.0625, 0.0625, 0.0625, 0.0625, 0.0625, 0.0625, 0.0625, 0.0625, 0.0625, 0.0625, 0.0625, 0.0625, 0.0625, 0.0625, 0.0625, 0.0625]
[TRAIN]: (1039/1600): reward: 22.4805206656456, rates: 22.48052045139862, loss: 0.6734543651342392, rho: 0.15625, transmit_actions: 19, P: [1.0, 0.0625, 0.0625, 0.0625, 0.0625, 0.0625, 0.0625, 0.0625, 0.0625, 0.0625, 0.0625, 0.0625, 0.0625, 0.0625, 0.0625, 0.0625, 0.0625, 0.0625, 0.0625, 0.0625]
[TRAIN]: (1040/1600): reward: 17.97765775024891, rates: 18.977657999080925, loss: 0.7179451406002044, rho: 0.14375, transmit_actions: 19, P: [1.0, 0.0625, 0.125, 0.125, 0.0625, 0.0625, 0.0625, 0.0625, 0.0625, 0.0625, 0.125, 0.125, 0.0625, 0.0625, 0.0625, 0.0625, 0.0625, 0.0625, 0.0625, 0.0625]
[TRAIN]: (1041/1600): reward: 18.629764139652252, rates: 18.62976431905014, loss: 0.6729706272482872, rho: 0.125, transmit_actions: 18, P: [1.0, 0.75, 0.0625, 0.0625, 0.125, 0.0625, 0.0625, 0.0625, 0.0625, 0.0625, 0.0625, 0.0625, 0.0625, 0.0625, 0.0625, 0.0625, 0.0625, 0.0625, 0.0625, 0.0625]
[TRAIN]: (1042/1600): reward: 20.68686544895172, rates: 20.68686567217264, loss: 0.5657252088189125, rho: 0.1375, transmit_actions: 19, P: [1.0, 0.0625, 0.0625, 0.0625, 0.0625, 0.0625, 0.125, 0.0625, 0.0625, 0.0625, 0.0625, 0.0625, 0.0625, 0.0625, 0.0625, 0.0625, 0.0625, 0.0625, 0.0625, 0.0625]
[TRAIN]: (1043/1600): reward: 18.00347390770912, rates: 18.003473685130874, loss: 0.6478034421801567, rho: 0.13125, transmit_actions: 18, P: [1.0, 0.6875, 0.0625, 0.0625, 0.0625, 0.0625, 0.0625, 0.125, 0.125, 0.0625, 0.0625, 0.0625, 0.0625, 0.0625, 0.0625, 0.0625, 0.0625, 0.0625, 0.0625, 0.0625]
[TRAIN]: (1044/1600): reward: 21.377695962786674, rates: 21.377695911313317, loss: 0.6201476827263832, rho: 0.15, transmit_actions: 19, P: [1.0, 0.125, 0.0625, 0.0625, 0.0625, 0.0625, 0.0625, 0.125, 0.0625, 0.0625, 0.0625, 0.0625, 0.0625, 0.0625, 0.0625, 0.0625, 0.0625, 0.0625, 0.0625, 0.0625]
[TRAIN]: (1045/1600): reward: 21.04039967060089, rates: 21.040399950936155, loss: 0.7073597818613052, rho: 0.14375, transmit_actions: 19, P: [1.0, 0.0625, 0.0625, 0.0625, 0.0625, 0.0625, 0.0625, 0.125, 0.0625, 0.0625, 0.0625, 0.0625, 0.0625, 0.0625, 0.0625, 0.0625, 0.0625, 0.0625, 0.0625, 0.0625]
[TRAIN]: (1046/1600): reward: 21.462640285491943, rates: 21.462640133321493, loss: 0.6523239180445671, rho: 0.14375, transmit_actions: 19, P: [1.0, 0.0625, 0.0625, 0.0625, 0.0625, 0.0625, 0.0625, 0.0625, 0.0625, 0.0625, 0.0625, 0.0625, 0.0625, 0.0625, 0.0625, 0.0625, 0.0625, 0.0625, 0.0625, 0.0625]
[TRAIN]: (1047/1600): reward: 18.0260379165411, rates: 18.026037825018665, loss: 0.5655403278768063, rho: 0.18125, transmit_actions: 18, P: [1.0, 0.6875, 0.0, 0.0625, 0.0625, 0.0625, 0.0625, 0.0625, 0.0625, 0.0625, 0.0625, 0.0625, 0.0625, 0.0625, 0.0625, 0.0625, 0.0625, 0.0625, 0.0625, 0.0625]
[TRAIN]: (1048/1600): reward: 16.55533266067505, rates: 18.555332589227714, loss: 0.636843690276146, rho: 0.15, transmit_actions: 19, P: [1.0, 0.0625, 0.0625, 0.0625, 0.0625, 0.0625, 0.0625, 0.0625, 0.0625, 0.125, 0.0625, 0.0625, 0.0625, 0.0625, 0.0625, 0.0625, 0.0625, 0.0625, 0.0625, 0.0625]
[TRAIN]: (1049/1600): reward: 20.3776575922966, rates: 20.377657724640482, loss: 0.6154758244752884, rho: 0.125, transmit_actions: 18, P: [1.0, 0.6875, 0.0625, 0.0625, 0.0625, 0.0625, 0.0625, 0.0625, 0.125, 0.125, 0.0625, 0.0625, 0.0625, 0.0625, 0.0625, 0.0625, 0.0625, 0.0625, 0.0625, 0.0625]
[TRAIN]: (1050/1600): reward: 18.215330809354782, rates: 18.215330997120287, loss: 0.666344378888607, rho: 0.1375, transmit_actions: 18, P: [1.0, 0.0625, 0.75, 0.0625, 0.0625, 0.125, 0.0625, 0.0625, 0.125, 0.0625, 0.0625, 0.0625, 0.0625, 0.0625, 0.0625, 0.0625, 0.0625, 0.0625, 0.0625, 0.0625]
[TRAIN]: (1051/1600): reward: 18.951300233602524, rates: 18.95130005486974, loss: 0.6041303038597107, rho: 0.13125, transmit_actions: 18, P: [1.0, 0.9375, 0.0625, 0.0625, 0.0625, 0.0625, 0.0625, 0.0625, 0.0625, 0.0625, 0.0625, 0.0625, 0.0625, 0.0625, 0.0625, 0.0625, 0.0625, 0.0625, 0.0625, 0.0625]
[TRAIN]: (1052/1600): reward: 19.049728512763977, rates: 21.04972855984846, loss: 0.7367839336395263, rho: 0.13125, transmit_actions: 19, P: [1.0, 0.0625, 0.125, 0.0625, 0.125, 0.0625, 0.0625, 0.0625, 0.0625, 0.0625, 0.0625, 0.0625, 0.0625, 0.0625, 0.0625, 0.0625, 0.0625, 0.0625, 0.0625, 0.0625]
[TRAIN]: (1053/1600): reward: 20.749101689085364, rates: 21.74910195792556, loss: 0.592040541023016, rho: 0.15, transmit_actions: 19, P: [1.0, 0.0625, 0.125, 0.0625, 0.0625, 0.0625, 0.125, 0.0625, 0.125, 0.0625, 0.125, 0.0625, 0.0625, 0.125, 0.0625, 0.0625, 0.0625, 0.0625, 0.0625, 0.0625]
[TRAIN]: (1054/1600): reward: 19.07186958193779, rates: 19.071869546436083, loss: 0.6499459564685821, rho: 0.13125, transmit_actions: 19, P: [1.0, 0.0625, 0.0625, 0.0625, 0.0625, 0.125, 0.0625, 0.0625, 0.125, 0.0625, 0.0625, 0.0625, 0.0625, 0.0625, 0.0625, 0.0625, 0.125, 0.0625, 0.0625, 0.0625]
[TRAIN]: (1055/1600): reward: 16.754532665014267, rates: 19.754532550810794, loss: 0.6093033865094185, rho: 0.125, transmit_actions: 19, P: [1.0, 0.125, 0.0625, 0.0625, 0.0625, 0.0625, 0.125, 0.0625, 0.0625, 0.0625, 0.0625, 0.0625, 0.0625, 0.0625, 0.0625, 0.0625, 0.0625, 0.0625, 0.0625, 0.0625]
[TRAIN]: (1056/1600): reward: 12.884405717253685, rates: 17.88440561191547, loss: 0.58264941573143, rho: 0.1625, transmit_actions: 18, P: [1.0, 0.0625, 0.0625, 0.0625, 0.0625, 0.0625, 0.0625, 0.0625, 0.0625, 0.0625, 0.0625, 0.0625, 0.0625, 0.0625, 0.0625, 0.0625, 0.0625, 0.0625, 0.0625, 0.4375]
[TRAIN]: (1057/1600): reward: 18.13543851673603, rates: 18.135438669690554, loss: 0.6961147412657738, rho: 0.18125, transmit_actions: 19, P: [0.8125, 0.0625, 0.0625, 0.0625, 0.0625, 0.0625, 0.0625, 0.0625, 0.0625, 0.0625, 0.0625, 0.0625, 0.0625, 0.0625, 0.0625, 0.0625, 0.0625, 0.0625, 0.0625, 0.0625]
[TRAIN]: (1058/1600): reward: 16.783710688352585, rates: 19.783711088681063, loss: 0.6454697728157044, rho: 0.13125, transmit_actions: 19, P: [1.0, 0.0625, 0.0625, 0.0625, 0.0625, 0.0625, 0.0625, 0.0625, 0.125, 0.0625, 0.0625, 0.0625, 0.0625, 0.0625, 0.0625, 0.0625, 0.0625, 0.0625, 0.0625, 0.0625]
[TRAIN]: (1059/1600): reward: 22.507549822330475, rates: 22.507549741891815, loss: 0.5722685888409614, rho: 0.15625, transmit_actions: 18, P: [0.8125, 0.6875, 0.0625, 0.0625, 0.0625, 0.0625, 0.125, 0.125, 0.125, 0.125, 0.0625, 0.0625, 0.0625, 0.0625, 0.0625, 0.0625, 0.0625, 0.0625, 0.0625, 0.0625]
[TRAIN]: (1060/1600): reward: 20.60044300556183, rates: 20.600443114752547, loss: 0.6487380944192409, rho: 0.1375, transmit_actions: 19, P: [0.8125, 0.0625, 0.0625, 0.0625, 0.125, 0.0625, 0.0625, 0.0625, 0.0625, 0.0625, 0.0625, 0.0625, 0.0625, 0.0625, 0.0625, 0.125, 0.0625, 0.0625, 0.0625, 0.0625]
[TRAIN]: (1061/1600): reward: 19.120944678783417, rates: 19.120944815064856, loss: 0.5853477194905281, rho: 0.1625, transmit_actions: 19, P: [0.8125, 0.0625, 0.0625, 0.0625, 0.0625, 0.125, 0.0625, 0.0625, 0.0625, 0.0625, 0.0625, 0.0625, 0.0625, 0.0625, 0.0625, 0.0625, 0.0625, 0.0625, 0.125, 0.0625]
[TRAIN]: (1062/1600): reward: 19.78757095336914, rates: 19.787571057573047, loss: 0.6662621542811393, rho: 0.13125, transmit_actions: 19, P: [0.8125, 0.0625, 0.0625, 0.125, 0.125, 0.0625, 0.0625, 0.0625, 0.0625, 0.0625, 0.0625, 0.0625, 0.0625, 0.0625, 0.0625, 0.0625, 0.0625, 0.0625, 0.0625, 0.0625]
[TRAIN]: (1063/1600): reward: 12.704894959926605, rates: 17.704894965851533, loss: 0.6321993470191956, rho: 0.16875, transmit_actions: 19, P: [0.8125, 0.0625, 0.0625, 0.0625, 0.0625, 1.0, 0.0625, 0.0625, 0.0625, 0.0625, 0.0625, 0.0625, 0.0625, 0.0625, 0.0625, 0.0625, 0.0625, 0.0625, 0.0625, 0.0625]
[TRAIN]: (1064/1600): reward: 20.336702078580856, rates: 20.336702187424834, loss: 0.5400347642600536, rho: 0.13125, transmit_actions: 18, P: [0.8125, 0.625, 0.0625, 0.0625, 0.0625, 0.0625, 0.0625, 0.0625, 0.0625, 0.0625, 0.125, 0.0625, 0.0625, 0.0625, 0.0625, 0.0625, 0.0625, 0.0625, 0.0625, 0.0625]
[TRAIN]: (1065/1600): reward: 20.25812390446663, rates: 20.258123881533944, loss: 0.6346580356359481, rho: 0.1375, transmit_actions: 18, P: [0.8125, 0.8125, 0.125, 0.0625, 0.0625, 0.0625, 0.0625, 0.0625, 0.0625, 0.0625, 0.0625, 0.0625, 0.0625, 0.0625, 0.0625, 0.0625, 0.0625, 0.0625, 0.0625, 0.0625]
[TRAIN]: (1066/1600): reward: 20.563687473535538, rates: 20.56368738332603, loss: 0.5405709072947502, rho: 0.14375, transmit_actions: 19, P: [0.8125, 0.0625, 0.0625, 0.0625, 0.0625, 0.0625, 0.0625, 0.0625, 0.0625, 0.0625, 0.0625, 0.0625, 0.0625, 0.0625, 0.0625, 0.0625, 0.0625, 0.0625, 0.0625, 0.0625]
[TRAIN]: (1067/1600): reward: 20.713847994804382, rates: 20.713848052312137, loss: 0.5900262326002121, rho: 0.1875, transmit_actions: 19, P: [0.8125, 0.0625, 0.0625, 0.125, 0.125, 0.0625, 0.0625, 0.0625, 0.0625, 0.0625, 0.0625, 0.0625, 0.0625, 0.0625, 0.0625, 0.0625, 0.0625, 0.0625, 0.0625, 0.0625]
[TRAIN]: (1068/1600): reward: 16.51943865418434, rates: 17.5194385325396, loss: 0.6510362535715103, rho: 0.14375, transmit_actions: 18, P: [0.8125, 0.75, 0.0625, 0.0625, 0.0625, 0.0625, 0.125, 0.125, 0.0625, 0.0625, 0.0625, 0.0625, 0.0625, 0.0625, 0.0625, 0.0625, 0.0625, 0.0625, 0.0625, 0.0625]
[TRAIN]: (1069/1600): reward: 19.96231922507286, rates: 19.96231907055053, loss: 0.5161005116999149, rho: 0.15625, transmit_actions: 19, P: [1.0, 0.0625, 0.0625, 0.0625, 0.0625, 0.0625, 0.0625, 0.0625, 0.0625, 0.0625, 0.0625, 0.0625, 0.0625, 0.0625, 0.0625, 0.0625, 0.0625, 0.0625, 0.0625, 0.0625]
[TRAIN]: (1070/1600): reward: 14.894612684845924, rates: 19.894612752359812, loss: 0.587833334505558, rho: 0.18125, transmit_actions: 18, P: [1.0, 0.0625, 0.0625, 0.0625, 0.0625, 0.0625, 0.0625, 0.0625, 0.0625, 0.0625, 0.0625, 0.0625, 0.6875, 0.0625, 0.0625, 0.0625, 0.0625, 0.0625, 0.0625, 0.0625]
[TRAIN]: (1071/1600): reward: 22.406893014907837, rates: 22.40689286594122, loss: 0.5531047701835632, rho: 0.125, transmit_actions: 19, P: [1.0, 0.0625, 0.0625, 0.0625, 0.125, 0.0625, 0.0625, 0.0625, 0.0625, 0.0625, 0.0625, 0.0625, 0.0625, 0.0625, 0.0625, 0.0625, 0.0625, 0.0625, 0.0625, 0.0625]
[TRAIN]: (1072/1600): reward: 20.061572581529617, rates: 20.061572675225133, loss: 0.741839924454689, rho: 0.14375, transmit_actions: 19, P: [1.0, 0.0625, 0.0625, 0.0625, 0.0625, 0.0625, 0.0625, 0.125, 0.0625, 0.0625, 0.0625, 0.0625, 0.125, 0.0625, 0.0625, 0.0625, 0.0625, 0.0625, 0.0625, 0.0625]
[TRAIN]: (1073/1600): reward: 21.427031368017197, rates: 21.427031331417368, loss: 0.6732316955924034, rho: 0.15625, transmit_actions: 19, P: [1.0, 0.0625, 0.0625, 0.125, 0.0625, 0.0625, 0.0625, 0.0625, 0.0625, 0.0625, 0.0625, 0.0625, 0.0625, 0.0625, 0.0625, 0.0625, 0.0625, 0.0625, 0.0625, 0.0625]
[TRAIN]: (1074/1600): reward: 22.334578037261963, rates: 22.33457800556718, loss: 0.602140624821186, rho: 0.15625, transmit_actions: 19, P: [1.0, 0.125, 0.0625, 0.125, 0.0625, 0.0625, 0.0625, 0.0625, 0.0625, 0.0625, 0.0625, 0.0625, 0.0625, 0.0625, 0.0625, 0.0625, 0.125, 0.0625, 0.0625, 0.0625]
[TRAIN]: (1075/1600): reward: 20.282141894102097, rates: 20.282141973926404, loss: 0.6142446175217628, rho: 0.14375, transmit_actions: 18, P: [1.0, 0.0625, 0.0625, 0.0625, 0.0625, 0.0625, 0.0625, 0.125, 1.0, 0.0625, 0.0625, 0.0625, 0.0625, 0.0625, 0.0625, 0.0625, 0.0625, 0.0625, 0.0625, 0.0625]
[TRAIN]: (1076/1600): reward: 19.466721326112747, rates: 19.466721317022387, loss: 0.6564497038722038, rho: 0.1375, transmit_actions: 19, P: [1.0, 0.0625, 0.0625, 0.125, 0.0625, 0.0625, 0.0625, 0.0625, 0.0625, 0.0625, 0.0625, 0.0625, 0.0625, 0.0625, 0.0625, 0.0625, 0.0625, 0.0625, 0.0625, 0.0625]
[TRAIN]: (1077/1600): reward: 17.33112719655037, rates: 18.331127284496468, loss: 0.5164032325148582, rho: 0.18125, transmit_actions: 19, P: [1.0, 0.0625, 0.0625, 0.0625, 0.0625, 0.0625, 0.0625, 0.0625, 0.0625, 0.0625, 0.0625, 0.0625, 0.0625, 0.0625, 0.0625, 0.125, 0.0625, 0.0625, 0.0625, 0.0625]
[TRAIN]: (1078/1600): reward: 21.342735469341278, rates: 21.342735154470574, loss: 0.6070223286747932, rho: 0.1625, transmit_actions: 19, P: [0.8125, 0.0625, 0.0625, 0.0625, 0.0625, 0.0625, 0.0625, 0.0625, 0.125, 0.0625, 0.0625, 0.0625, 0.0625, 0.0625, 0.0625, 0.0625, 0.0625, 0.0625, 0.0625, 0.0625]
[TRAIN]: (1079/1600): reward: 19.26391538977623, rates: 19.263915597024337, loss: 0.56248210221529, rho: 0.15, transmit_actions: 18, P: [0.8125, 0.75, 0.0625, 0.0625, 0.0625, 0.0625, 0.125, 0.0625, 0.125, 0.0625, 0.0625, 0.0625, 0.125, 0.0625, 0.0625, 0.0625, 0.0625, 0.0625, 0.0625, 0.0625]
[TRAIN]: (1080/1600): reward: 18.249455213546753, rates: 20.24945520783739, loss: 0.5815218240022659, rho: 0.19375, transmit_actions: 19, P: [0.8125, 0.0625, 0.0625, 0.0625, 0.0625, 0.125, 0.0625, 0.0625, 0.0625, 0.0625, 0.0625, 0.0625, 0.125, 0.0625, 0.0625, 0.0625, 0.0625, 0.0625, 0.0625, 0.0625]
[TRAIN]: (1081/1600): reward: 18.47065109014511, rates: 18.470651136280118, loss: 0.5390574909746647, rho: 0.1625, transmit_actions: 19, P: [0.8125, 0.125, 0.0625, 0.0625, 0.0625, 0.0625, 0.0625, 0.0625, 0.0625, 0.0625, 0.0625, 0.0625, 0.0625, 0.0625, 0.0625, 0.0625, 0.0625, 0.0625, 0.0625, 0.0625]
[TRAIN]: (1082/1600): reward: 20.84000462293625, rates: 20.84000467443605, loss: 0.5530704990029335, rho: 0.14375, transmit_actions: 18, P: [0.8125, 0.875, 0.0625, 0.0625, 0.0625, 0.0625, 0.0625, 0.0625, 0.0625, 0.0625, 0.0625, 0.0625, 0.0625, 0.0625, 0.0625, 0.0625, 0.0625, 0.0625, 0.0625, 0.0625]
[TRAIN]: (1083/1600): reward: 19.13795953989029, rates: 19.137959535186205, loss: 0.5981391251087189, rho: 0.13125, transmit_actions: 19, P: [0.8125, 0.0625, 0.0625, 0.0625, 0.125, 0.0625, 0.0625, 0.0625, 0.0625, 0.0625, 0.0625, 0.0625, 0.0625, 0.0625, 0.0625, 0.0625, 0.0625, 0.0625, 0.0625, 0.0625]
[TRAIN]: (1084/1600): reward: 18.68069775402546, rates: 19.680698096486577, loss: 0.5498413413763046, rho: 0.1375, transmit_actions: 19, P: [0.8125, 0.0625, 0.0625, 0.0625, 0.0625, 0.0625, 0.125, 0.0625, 0.125, 0.0625, 0.0625, 0.0625, 0.0625, 0.0625, 0.0625, 0.0625, 0.0625, 0.0625, 0.0625, 0.0625]
[TRAIN]: (1085/1600): reward: 20.02649323642254, rates: 20.026493134422928, loss: 0.6050623781979084, rho: 0.15, transmit_actions: 19, P: [0.8125, 0.0625, 0.0625, 0.0625, 0.0625, 0.0625, 0.0625, 0.125, 0.0625, 0.0625, 0.0625, 0.0625, 0.0625, 0.0625, 0.0625, 0.0625, 0.0625, 0.0625, 0.0625, 0.0625]
[TRAIN]: (1086/1600): reward: 18.29209065437317, rates: 19.292090668564043, loss: 0.5324382290244103, rho: 0.15, transmit_actions: 19, P: [0.8125, 0.0625, 0.0625, 0.0625, 0.125, 0.0625, 0.0625, 0.0625, 0.0625, 0.0625, 0.0625, 0.0625, 0.0625, 0.0625, 0.0625, 0.0625, 0.0625, 0.0625, 0.0625, 0.0625]
[TRAIN]: (1087/1600): reward: 18.976819038391113, rates: 20.9768189527218, loss: 0.734218853712082, rho: 0.14375, transmit_actions: 19, P: [0.8125, 0.0625, 0.0625, 0.0625, 0.0625, 0.125, 0.0625, 0.0625, 0.0625, 0.0625, 0.0625, 0.0625, 0.125, 0.0625, 0.0625, 0.0625, 0.0625, 0.0625, 0.0625, 0.0625]
[TRAIN]: (1088/1600): reward: 23.109621226787567, rates: 23.109620974597394, loss: 0.5585837833583355, rho: 0.1375, transmit_actions: 19, P: [0.8125, 0.0625, 0.0625, 0.0625, 0.0625, 0.0625, 0.0625, 0.0625, 0.0625, 0.0625, 0.0625, 0.0625, 0.0625, 0.0625, 0.0625, 0.0625, 0.0625, 0.0625, 0.0625, 0.0625]
[TRAIN]: (1089/1600): reward: 20.766708955168724, rates: 20.76670879691275, loss: 0.7169426172971726, rho: 0.1625, transmit_actions: 19, P: [0.8125, 0.0625, 0.0625, 0.0625, 0.125, 0.0625, 0.0625, 0.125, 0.0625, 0.125, 0.0625, 0.0625, 0.125, 0.0625, 0.0625, 0.0625, 0.0625, 0.0625, 0.0625, 0.0625]
[TRAIN]: (1090/1600): reward: 20.814673840999603, rates: 20.814673875644814, loss: 0.5351463794708252, rho: 0.15, transmit_actions: 19, P: [0.8125, 0.0625, 0.0625, 0.0625, 0.0625, 0.0625, 0.125, 0.0625, 0.0625, 0.0625, 0.0625, 0.0625, 0.0625, 0.0625, 0.0625, 0.0625, 0.0625, 0.0625, 0.0625, 0.0625]
[TRAIN]: (1091/1600): reward: 20.981701642274857, rates: 20.981701521313866, loss: 0.5890610456466675, rho: 0.14375, transmit_actions: 19, P: [0.8125, 0.0625, 0.0625, 0.0625, 0.0625, 0.0625, 0.0625, 0.0625, 0.125, 0.0625, 0.0625, 0.0625, 0.0625, 0.0625, 0.0625, 0.0625, 0.0625, 0.0625, 0.0625, 0.0625]
[TRAIN]: (1092/1600): reward: 21.33682292699814, rates: 21.336822958877896, loss: 0.5553524926304817, rho: 0.13125, transmit_actions: 19, P: [0.8125, 0.0625, 0.0625, 0.0625, 0.0625, 0.0625, 0.0625, 0.0625, 0.0625, 0.0625, 0.0625, 0.0625, 0.0625, 0.0625, 0.0625, 0.0625, 0.0625, 0.0625, 0.0625, 0.0625]
[TRAIN]: (1093/1600): reward: 19.69227746129036, rates: 19.692277281255517, loss: 0.5385771468281746, rho: 0.14375, transmit_actions: 19, P: [0.8125, 0.0625, 0.0625, 0.0625, 0.0625, 0.0625, 0.0625, 0.125, 0.0625, 0.0625, 0.125, 0.0625, 0.0625, 0.0625, 0.0625, 0.0625, 0.0625, 0.0625, 0.0625, 0.0625]
[TRAIN]: (1094/1600): reward: 20.924249708652496, rates: 20.924249686036617, loss: 0.6208529070019722, rho: 0.15, transmit_actions: 19, P: [0.8125, 0.0625, 0.0625, 0.0625, 0.0625, 0.0625, 0.0625, 0.0625, 0.0625, 0.0625, 0.0625, 0.0625, 0.0625, 0.0625, 0.0625, 0.0625, 0.0625, 0.0625, 0.0625, 0.0625]
[TRAIN]: (1095/1600): reward: 18.747969925403595, rates: 18.747970173327563, loss: 0.5570775508880615, rho: 0.16875, transmit_actions: 17, P: [0.8125, 0.0625, 0.9375, 0.0625, 0.0625, 0.125, 0.0625, 0.0625, 0.0625, 0.0625, 0.0625, 0.0625, 0.0625, 0.0625, 0.0625, 0.0625, 0.0625, 0.0625, 0.6875, 0.0625]
[TRAIN]: (1096/1600): reward: 20.19758042693138, rates: 20.197580439932395, loss: 0.6451966434717178, rho: 0.15, transmit_actions: 18, P: [0.8125, 0.9375, 0.125, 0.0625, 0.0625, 0.0625, 0.125, 0.0625, 0.0625, 0.0625, 0.0625, 0.0625, 0.0625, 0.0625, 0.125, 0.0625, 0.0625, 0.0625, 0.125, 0.0625]
[TRAIN]: (1097/1600): reward: 20.802719242870808, rates: 21.802719242861865, loss: 0.46737282574176786, rho: 0.15, transmit_actions: 19, P: [0.8125, 0.0625, 0.0625, 0.0625, 0.125, 0.0625, 0.125, 0.0625, 0.0625, 0.0625, 0.0625, 0.0625, 0.0625, 0.0625, 0.0625, 0.0625, 0.0625, 0.0625, 0.0625, 0.0625]
[TRAIN]: (1098/1600): reward: 18.957969531416893, rates: 18.957969580867175, loss: 0.5684079766273499, rho: 0.15625, transmit_actions: 19, P: [0.8125, 0.0625, 0.0625, 0.0625, 0.0625, 0.0625, 0.0625, 0.0625, 0.0625, 0.125, 0.0625, 0.0625, 0.0625, 0.125, 0.0625, 0.0625, 0.0625, 0.0625, 0.0625, 0.0625]
[TRAIN]: (1099/1600): reward: 21.464197665452957, rates: 21.464197631772723, loss: 0.6191623985767365, rho: 0.13125, transmit_actions: 19, P: [0.8125, 0.0625, 0.0625, 0.125, 0.0625, 0.0625, 0.0625, 0.0625, 0.125, 0.0625, 0.0625, 0.0625, 0.0625, 0.0625, 0.0625, 0.0625, 0.0625, 0.0625, 0.0625, 0.0625]
[TRAIN]: (1100/1600): reward: 20.216626286506653, rates: 20.21662607761369, loss: 0.7001966431736946, rho: 0.1375, transmit_actions: 19, P: [0.8125, 0.0625, 0.0625, 0.0625, 0.0625, 0.0625, 0.0625, 0.0625, 0.0625, 0.0625, 0.0625, 0.0625, 0.0625, 0.0625, 0.0625, 0.0625, 0.0625, 0.0625, 0.0625, 0.0625]
[TRAIN]: (1101/1600): reward: 19.2125241458416, rates: 19.212524253318445, loss: 0.5867803424596787, rho: 0.1375, transmit_actions: 19, P: [0.8125, 0.0625, 0.0625, 0.0625, 0.0625, 0.0625, 0.0625, 0.0625, 0.0625, 0.0625, 0.0625, 0.0625, 0.0625, 0.0625, 0.0625, 0.0625, 0.0625, 0.0625, 0.0625, 0.0625]
[TRAIN]: (1102/1600): reward: 20.23665687441826, rates: 21.236656913714878, loss: 0.5399525195360184, rho: 0.13125, transmit_actions: 19, P: [0.8125, 0.125, 0.0625, 0.0625, 0.125, 0.0625, 0.0625, 0.0625, 0.0625, 0.0625, 0.0625, 0.0625, 0.0625, 0.0625, 0.0625, 0.0625, 0.0625, 0.0625, 0.0625, 0.0625]
[TRAIN]: (1103/1600): reward: 20.18269169330597, rates: 20.18269161414626, loss: 0.5557618543505669, rho: 0.15625, transmit_actions: 19, P: [0.8125, 0.0625, 0.0625, 0.0625, 0.0625, 0.0625, 0.0625, 0.0625, 0.0625, 0.0625, 0.0625, 0.0625, 0.0625, 0.0625, 0.0625, 0.0625, 0.0625, 0.0625, 0.0625, 0.0625]
[TRAIN]: (1104/1600): reward: 20.886044561862946, rates: 20.88604432350875, loss: 0.6252990007400513, rho: 0.1625, transmit_actions: 19, P: [0.8125, 0.0625, 0.0625, 0.0625, 0.0625, 0.0625, 0.0625, 0.0625, 0.0625, 0.0625, 0.0625, 0.0625, 0.0625, 0.0625, 0.0625, 0.0625, 0.0625, 0.0625, 0.0625, 0.0625]
[TRAIN]: (1105/1600): reward: 19.837372094392776, rates: 19.837372005360507, loss: 0.6217898361384868, rho: 0.15, transmit_actions: 19, P: [0.8125, 0.0625, 0.0625, 0.0625, 0.125, 0.0625, 0.0625, 0.0625, 0.0625, 0.0625, 0.0625, 0.0625, 0.0625, 0.0625, 0.0625, 0.0625, 0.0625, 0.0625, 0.0625, 0.0625]
[TRAIN]: (1106/1600): reward: 18.70620369911194, rates: 18.706203547971498, loss: 0.6104231730103493, rho: 0.1875, transmit_actions: 18, P: [0.8125, 0.8125, 0.0625, 0.0625, 0.0625, 0.0625, 0.0625, 0.125, 0.0625, 0.0625, 0.0625, 0.0625, 0.125, 0.0625, 0.0625, 0.0625, 0.0625, 0.0625, 0.0625, 0.0625]
[TRAIN]: (1107/1600): reward: 20.89779993891716, rates: 20.89779980737863, loss: 0.576959776878357, rho: 0.15, transmit_actions: 19, P: [0.8125, 0.0625, 0.0625, 0.0625, 0.0625, 0.0625, 0.125, 0.0625, 0.0625, 0.0625, 0.0625, 0.0625, 0.0625, 0.0625, 0.0625, 0.0625, 0.0625, 0.0625, 0.0625, 0.0625]
[TRAIN]: (1108/1600): reward: 18.20637544989586, rates: 18.20637552490922, loss: 0.685077753663063, rho: 0.15, transmit_actions: 18, P: [0.8125, 0.75, 0.0625, 0.0625, 0.125, 0.0625, 0.0625, 0.0625, 0.0625, 0.0625, 0.0625, 0.0625, 0.0625, 0.0625, 0.0625, 0.0625, 0.125, 0.0625, 0.0625, 0.0625]
[TRAIN]: (1109/1600): reward: 16.53644135594368, rates: 21.53644151419877, loss: 0.6137252569198608, rho: 0.14375, transmit_actions: 18, P: [0.8125, 0.0625, 0.125, 0.375, 0.0625, 0.0625, 0.0625, 0.0625, 0.0625, 0.0625, 0.0625, 0.0625, 0.0625, 0.0625, 0.0625, 0.0625, 0.0625, 0.0625, 0.0625, 0.0625]
[TRAIN]: (1110/1600): reward: 17.338226974010468, rates: 17.338226915135454, loss: 0.5970905959606171, rho: 0.15625, transmit_actions: 18, P: [0.5, 0.6875, 0.0625, 0.0625, 0.0625, 0.0625, 0.0625, 0.0625, 0.0625, 0.0625, 0.0625, 0.0625, 0.0625, 0.0625, 0.0625, 0.0625, 0.0625, 0.0625, 0.0625, 0.0625]
[TRAIN]: (1111/1600): reward: 19.99901768565178, rates: 19.999017701576324, loss: 0.5465128391981124, rho: 0.14375, transmit_actions: 19, P: [0.8125, 0.0625, 0.0625, 0.0625, 0.0625, 0.0625, 0.0625, 0.0625, 0.0625, 0.0625, 0.0625, 0.0625, 0.0625, 0.0625, 0.0625, 0.0625, 0.0625, 0.0625, 0.0625, 0.0625]
[TRAIN]: (1112/1600): reward: 20.405225157737732, rates: 20.405225010110904, loss: 0.6554051503539086, rho: 0.15, transmit_actions: 19, P: [0.8125, 0.0625, 0.0625, 0.0625, 0.0625, 0.0625, 0.125, 0.0625, 0.0625, 0.0625, 0.125, 0.0625, 0.0625, 0.0625, 0.0625, 0.0625, 0.0625, 0.0625, 0.0625, 0.0625]
[TRAIN]: (1113/1600): reward: 14.472319096326828, rates: 18.472319027817306, loss: 0.5295712605118752, rho: 0.13125, transmit_actions: 19, P: [0.8125, 0.0625, 0.0625, 0.0625, 0.0625, 0.0625, 0.0625, 0.4375, 0.0625, 0.0625, 0.0625, 0.0625, 0.0625, 0.0625, 0.0625, 0.0625, 0.0625, 0.0625, 0.0625, 0.0625]
[TRAIN]: (1114/1600): reward: 19.726084172725677, rates: 20.72608402716234, loss: 0.5849154219031334, rho: 0.14375, transmit_actions: 19, P: [0.8125, 0.0625, 0.0625, 0.125, 0.0625, 0.0625, 0.0625, 0.0625, 0.0625, 0.0625, 0.0625, 0.0625, 0.0625, 0.0625, 0.0625, 0.0625, 0.0625, 0.0625, 0.0625, 0.0625]
[TRAIN]: (1115/1600): reward: 21.151298314332962, rates: 21.15129862514678, loss: 0.7248817250132561, rho: 0.1375, transmit_actions: 19, P: [0.8125, 0.0625, 0.0625, 0.0625, 0.0625, 0.0625, 0.0625, 0.0625, 0.0625, 0.0625, 0.0625, 0.0625, 0.0625, 0.0625, 0.0625, 0.0625, 0.0625, 0.0625, 0.0625, 0.0625]
[TRAIN]: (1116/1600): reward: 19.855209439992905, rates: 19.855209651527833, loss: 0.6625929266214371, rho: 0.1375, transmit_actions: 19, P: [0.8125, 0.0625, 0.0625, 0.0625, 0.0625, 0.0625, 0.0625, 0.0625, 0.0625, 0.0625, 0.0625, 0.0625, 0.125, 0.0625, 0.0625, 0.0625, 0.0625, 0.0625, 0.0625, 0.0625]
[TRAIN]: (1117/1600): reward: 19.65576481819153, rates: 20.655764589899917, loss: 0.5591104790568352, rho: 0.14375, transmit_actions: 19, P: [0.8125, 0.0625, 0.0625, 0.0625, 0.0625, 0.0625, 0.0625, 0.0625, 0.0625, 0.0625, 0.125, 0.0625, 0.0625, 0.0625, 0.0625, 0.0625, 0.0625, 0.0625, 0.0625, 0.0625]
[TRAIN]: (1118/1600): reward: 20.16941675543785, rates: 21.16941677855022, loss: 0.5408121258020401, rho: 0.14375, transmit_actions: 19, P: [0.8125, 0.125, 0.0625, 0.0625, 0.0625, 0.0625, 0.0625, 0.0625, 0.0625, 0.0625, 0.0625, 0.0625, 0.125, 0.0625, 0.0625, 0.0625, 0.0625, 0.0625, 0.0625, 0.0625]
[TRAIN]: (1119/1600): reward: 19.36557823419571, rates: 19.365578120636954, loss: 0.6969027668237686, rho: 0.14375, transmit_actions: 18, P: [0.8125, 0.6875, 0.0625, 0.0625, 0.0625, 0.0625, 0.0625, 0.0625, 0.0625, 0.0625, 0.0625, 0.0625, 0.0625, 0.0625, 0.0625, 0.0625, 0.0625, 0.0625, 0.125, 0.0625]
[TRAIN]: (1120/1600): reward: 14.475077658891678, rates: 19.4750776330621, loss: 0.6220333635807037, rho: 0.1375, transmit_actions: 18, P: [0.8125, 0.0625, 0.0625, 0.0625, 0.0625, 0.0625, 0.0625, 0.0625, 0.0625, 0.0625, 0.0625, 0.0625, 0.0625, 0.0625, 0.0625, 0.0625, 0.125, 0.0625, 0.0625, 0.4375]
[TRAIN]: (1121/1600): reward: 16.68236631155014, rates: 17.68236656449982, loss: 0.49046173319220543, rho: 0.15, transmit_actions: 19, P: [0.8125, 0.0625, 0.125, 0.0625, 0.0625, 0.125, 0.0625, 0.125, 0.0625, 0.0625, 0.0625, 0.0625, 0.0625, 0.0625, 0.125, 0.0625, 0.0625, 0.0625, 0.0625, 0.0625]
[TRAIN]: (1122/1600): reward: 16.874456822872162, rates: 18.87445700111975, loss: 0.5187939077615737, rho: 0.1375, transmit_actions: 19, P: [0.8125, 0.125, 0.0625, 0.0625, 0.0625, 0.0625, 0.0625, 0.0625, 0.0625, 0.0625, 0.0625, 0.0625, 0.0625, 0.0625, 0.0625, 0.0625, 0.0625, 0.0625, 0.0625, 0.0625]
[TRAIN]: (1123/1600): reward: 15.199197441339493, rates: 20.199197351459496, loss: 0.48484504520893096, rho: 0.18125, transmit_actions: 18, P: [0.8125, 0.0625, 0.0625, 0.0625, 0.125, 0.0625, 0.8125, 0.0625, 0.0625, 0.0625, 0.0625, 0.0625, 0.0625, 0.0625, 0.0625, 0.0625, 0.0625, 0.0625, 0.0625, 0.0625]
[TRAIN]: (1124/1600): reward: 18.36959472298622, rates: 19.369594630683576, loss: 0.5856787070631981, rho: 0.13125, transmit_actions: 18, P: [0.8125, 1.0, 0.0625, 0.125, 0.125, 0.0625, 0.0625, 0.0625, 0.0625, 0.0625, 0.0625, 0.0625, 0.0625, 0.0625, 0.0625, 0.0625, 0.0625, 0.0625, 0.0625, 0.0625]
[TRAIN]: (1125/1600): reward: 18.80710932612419, rates: 19.807109450680315, loss: 0.5126598566770554, rho: 0.14375, transmit_actions: 19, P: [0.8125, 0.0625, 0.0625, 0.125, 0.0625, 0.0625, 0.125, 0.0625, 0.0625, 0.0625, 0.0625, 0.0625, 0.0625, 0.0625, 0.0625, 0.0625, 0.0625, 0.0625, 0.0625, 0.0625]
[TRAIN]: (1126/1600): reward: 19.42842048406601, rates: 19.428420543349315, loss: 0.4990046299993992, rho: 0.175, transmit_actions: 19, P: [0.8125, 0.125, 0.0625, 0.0625, 0.0625, 0.0625, 0.0625, 0.0625, 0.125, 0.0625, 0.0625, 0.0625, 0.0625, 0.0625, 0.0625, 0.0625, 0.0625, 0.0625, 0.0625, 0.0625]
[TRAIN]: (1127/1600): reward: 21.585395991802216, rates: 21.58539606310365, loss: 0.5690232887864113, rho: 0.15, transmit_actions: 19, P: [0.8125, 0.0625, 0.0625, 0.0625, 0.0625, 0.0625, 0.0625, 0.0625, 0.0625, 0.0625, 0.0625, 0.0625, 0.0625, 0.0625, 0.125, 0.125, 0.125, 0.0625, 0.0625, 0.125]
[TRAIN]: (1128/1600): reward: 20.08475762605667, rates: 20.084757543900036, loss: 0.583363126218319, rho: 0.1375, transmit_actions: 19, P: [0.8125, 0.0625, 0.0625, 0.0625, 0.0625, 0.0625, 0.0625, 0.0625, 0.0625, 0.0625, 0.125, 0.0625, 0.0625, 0.0625, 0.0625, 0.0625, 0.0625, 0.0625, 0.0625, 0.0625]
[TRAIN]: (1129/1600): reward: 21.996539384126663, rates: 21.996539470812102, loss: 0.4717659197747707, rho: 0.13125, transmit_actions: 19, P: [0.8125, 0.0625, 0.0625, 0.0625, 0.125, 0.0625, 0.0625, 0.0625, 0.0625, 0.0625, 0.0625, 0.0625, 0.0625, 0.0625, 0.0625, 0.0625, 0.0625, 0.0625, 0.0625, 0.0625]
[TRAIN]: (1130/1600): reward: 20.814801633358, rates: 20.81480147339084, loss: 0.6709219351410866, rho: 0.15625, transmit_actions: 19, P: [0.8125, 0.0625, 0.125, 0.0625, 0.0625, 0.0625, 0.0625, 0.0625, 0.0625, 0.0625, 0.0625, 0.0625, 0.0625, 0.0625, 0.0625, 0.0625, 0.0625, 0.0625, 0.0625, 0.0625]
[TRAIN]: (1131/1600): reward: 18.33445081114769, rates: 18.334450586156954, loss: 0.5365508586168289, rho: 0.1375, transmit_actions: 19, P: [0.8125, 0.0625, 0.0625, 0.0625, 0.0625, 0.0625, 0.0625, 0.0625, 0.0625, 0.0625, 0.0625, 0.0625, 0.0625, 0.0625, 0.0625, 0.0625, 0.0625, 0.0625, 0.0625, 0.0625]
[TRAIN]: (1132/1600): reward: 17.56243608146906, rates: 18.562436125130446, loss: 0.6038015902042388, rho: 0.15625, transmit_actions: 19, P: [0.8125, 0.0625, 0.0625, 0.0625, 0.0625, 0.0625, 0.0625, 0.0625, 0.0625, 0.0625, 0.125, 0.125, 0.0625, 0.125, 0.0625, 0.125, 0.0625, 0.0625, 0.125, 0.0625]
[TRAIN]: (1133/1600): reward: 18.737593472003937, rates: 18.73759352572236, loss: 0.5670046515762805, rho: 0.1625, transmit_actions: 19, P: [0.8125, 0.0625, 0.0625, 0.0625, 0.0625, 0.125, 0.0625, 0.0625, 0.0625, 0.0625, 0.0625, 0.0625, 0.0625, 0.0625, 0.0625, 0.0625, 0.0625, 0.0625, 0.0625, 0.0625]
[TRAIN]: (1134/1600): reward: 13.896229654550552, rates: 18.89622952418985, loss: 0.5741431981325149, rho: 0.18125, transmit_actions: 18, P: [0.8125, 0.0625, 0.0625, 0.0625, 0.0625, 0.0625, 0.0625, 0.0625, 0.0625, 0.0625, 0.0625, 0.0625, 0.0625, 0.0625, 0.0625, 0.0, 0.0625, 0.0625, 0.0625, 0.0625]
[TRAIN]: (1135/1600): reward: 19.38604500889778, rates: 19.386045108413718, loss: 0.5942365646362304, rho: 0.16875, transmit_actions: 19, P: [0.8125, 0.0, 0.0625, 0.0625, 0.0625, 0.0625, 0.0625, 0.0625, 0.0625, 0.0625, 0.0625, 0.0625, 0.0625, 0.0625, 0.0625, 0.0625, 0.0625, 0.0625, 0.0625, 0.0625]
[TRAIN]: (1136/1600): reward: 21.38990306854248, rates: 21.389902958565052, loss: 0.5968155689537525, rho: 0.1375, transmit_actions: 19, P: [0.8125, 0.0625, 0.0625, 0.0625, 0.125, 0.0625, 0.0625, 0.0625, 0.0625, 0.0625, 0.0625, 0.0625, 0.0625, 0.0625, 0.0625, 0.0625, 0.0625, 0.0625, 0.0625, 0.0625]
[TRAIN]: (1137/1600): reward: 11.441473007202148, rates: 16.441473101803386, loss: 0.5334519185125828, rho: 0.1375, transmit_actions: 18, P: [0.8125, 0.0625, 0.0625, 0.0625, 0.125, 0.125, 0.0625, 0.0625, 0.0625, 0.0625, 0.0625, 0.0625, 0.5, 0.0625, 0.0625, 0.0625, 0.0625, 0.0625, 0.0625, 0.0625]
[TRAIN]: (1138/1600): reward: 19.588141918182373, rates: 19.5881416181337, loss: 0.545991113781929, rho: 0.13125, transmit_actions: 18, P: [0.8125, 1.0, 0.0625, 0.0625, 0.0625, 0.0625, 0.0625, 0.0625, 0.0625, 0.0625, 0.0625, 0.0625, 0.0625, 0.0625, 0.0625, 0.0625, 0.0625, 0.0625, 0.0625, 0.0625]
[TRAIN]: (1139/1600): reward: 21.684618949890137, rates: 21.684619007212216, loss: 0.5488110952079296, rho: 0.1375, transmit_actions: 19, P: [0.8125, 0.0625, 0.0625, 0.0625, 0.0625, 0.0625, 0.0625, 0.0625, 0.0625, 0.0625, 0.0625, 0.0625, 0.0625, 0.0625, 0.0625, 0.125, 0.0625, 0.0625, 0.0625, 0.0625]
[TRAIN]: (1140/1600): reward: 12.925479263067245, rates: 19.92547919810862, loss: 0.6781476885080338, rho: 0.16875, transmit_actions: 19, P: [0.8125, 0.125, 0.125, 0.0625, 0.0625, 0.0625, 0.0625, 0.625, 0.0625, 0.0625, 0.125, 0.0625, 0.0625, 0.0625, 0.0625, 0.0625, 0.0625, 0.0625, 0.0625, 0.0625]
[TRAIN]: (1141/1600): reward: 4.056320831179619, rates: 16.056320834151528, loss: 0.5953993573784828, rho: 0.15625, transmit_actions: 19, P: [0.8125, 0.0625, 0.0625, 0.0625, 0.0625, 0.125, 0.0625, 0.0625, 0.125, 0.0625, 0.0625, 0.625, 0.125, 0.0625, 0.0625, 0.0625, 0.0625, 0.0625, 0.0625, 0.0625]
[TRAIN]: (1142/1600): reward: 18.59152515232563, rates: 18.591525074890782, loss: 0.6255200549960136, rho: 0.1875, transmit_actions: 19, P: [0.8125, 0.0625, 0.0625, 0.0625, 0.0625, 0.0625, 0.0625, 0.125, 0.0625, 0.0625, 0.0625, 0.0625, 0.0625, 0.0625, 0.0625, 0.125, 0.0625, 0.0625, 0.0625, 0.0625]
[TRAIN]: (1143/1600): reward: 15.104825049638748, rates: 18.104825292987762, loss: 0.5601195648312569, rho: 0.13125, transmit_actions: 19, P: [0.8125, 0.0625, 0.0625, 0.0625, 0.0625, 0.0625, 0.0625, 0.0625, 0.0625, 0.125, 0.0625, 0.0625, 0.0625, 0.0625, 0.125, 0.0625, 0.0625, 0.0625, 0.0625, 0.125]
[TRAIN]: (1144/1600): reward: 18.732491344213486, rates: 20.732491337221997, loss: 0.5124666571617127, rho: 0.1375, transmit_actions: 19, P: [0.8125, 0.125, 0.0625, 0.0625, 0.0625, 0.0625, 0.0625, 0.0625, 0.0625, 0.0625, 0.0625, 0.0625, 0.0625, 0.0625, 0.0625, 0.0625, 0.0625, 0.0625, 0.0625, 0.0625]
[TRAIN]: (1145/1600): reward: 15.010435849428177, rates: 19.010435774599976, loss: 0.48049272000789645, rho: 0.16875, transmit_actions: 19, P: [0.8125, 0.125, 0.125, 0.0625, 0.0625, 0.0625, 0.0625, 0.0625, 0.0625, 0.0625, 0.0625, 0.0625, 0.0625, 0.0625, 0.0625, 0.125, 0.0625, 0.0625, 0.0625, 0.0625]
[TRAIN]: (1146/1600): reward: 16.55417686700821, rates: 18.55417686823363, loss: 0.5696174681186676, rho: 0.1375, transmit_actions: 19, P: [0.8125, 0.125, 0.0625, 0.125, 0.0625, 0.0625, 0.0625, 0.0625, 0.0625, 0.0625, 0.0625, 0.0625, 0.0625, 0.0625, 0.0625, 0.0625, 0.0625, 0.0625, 0.0625, 0.0625]
[TRAIN]: (1147/1600): reward: 21.319610029459, rates: 21.319610084453917, loss: 0.6556325435638428, rho: 0.1375, transmit_actions: 19, P: [0.8125, 0.0625, 0.0625, 0.125, 0.0625, 0.0625, 0.0625, 0.0625, 0.0625, 0.0625, 0.0625, 0.0625, 0.0625, 0.0625, 0.0625, 0.125, 0.0625, 0.0625, 0.0625, 0.0625]
[TRAIN]: (1148/1600): reward: 20.58563604950905, rates: 20.585635844518226, loss: 0.6980406299233437, rho: 0.1625, transmit_actions: 19, P: [0.8125, 0.0, 0.0625, 0.0625, 0.0625, 0.0625, 0.0625, 0.0625, 0.0625, 0.125, 0.0625, 0.0625, 0.0625, 0.0625, 0.0625, 0.0625, 0.0625, 0.0625, 0.0625, 0.0625]
[TRAIN]: (1149/1600): reward: 14.515201032161713, rates: 19.51520113527007, loss: 0.5509269014000893, rho: 0.1625, transmit_actions: 17, P: [0.8125, 0.0625, 0.125, 0.8125, 0.0625, 0.0625, 0.0625, 0.0625, 0.75, 0.0625, 0.0625, 0.0625, 0.0625, 0.0625, 0.0625, 0.0625, 0.0625, 0.125, 0.0625, 0.0625]
[TRAIN]: (1150/1600): reward: 22.342982977628708, rates: 22.342982878792846, loss: 0.6691560506820678, rho: 0.14375, transmit_actions: 19, P: [0.8125, 0.0625, 0.0625, 0.0625, 0.0625, 0.0625, 0.0625, 0.0625, 0.0625, 0.0625, 0.0625, 0.0625, 0.0625, 0.0625, 0.0625, 0.0625, 0.0625, 0.0625, 0.0625, 0.0625]
[TRAIN]: (1151/1600): reward: 23.046159863471985, rates: 23.046159754335484, loss: 0.5186595380306244, rho: 0.13125, transmit_actions: 19, P: [0.8125, 0.0625, 0.0625, 0.0625, 0.0625, 0.0625, 0.0625, 0.0625, 0.0625, 0.0625, 0.0625, 0.0625, 0.0625, 0.0625, 0.0625, 0.0625, 0.0625, 0.0625, 0.0625, 0.125]
[TRAIN]: (1152/1600): reward: 21.874245643615723, rates: 21.874245471162364, loss: 0.5641084551811218, rho: 0.15625, transmit_actions: 19, P: [0.8125, 0.0625, 0.125, 0.0625, 0.0625, 0.0625, 0.0625, 0.0625, 0.0625, 0.0625, 0.0625, 0.0625, 0.0625, 0.0625, 0.0625, 0.0625, 0.0625, 0.0625, 0.0625, 0.0625]
[TRAIN]: (1153/1600): reward: 13.572274923324585, rates: 18.57227509371735, loss: 0.6195130586624146, rho: 0.16875, transmit_actions: 18, P: [0.8125, 0.0625, 0.375, 0.0625, 0.9375, 0.0625, 0.0625, 0.0625, 0.0625, 0.0625, 0.0625, 0.0625, 0.0625, 0.0625, 0.0625, 0.0625, 0.0625, 0.0625, 0.0625, 0.0625]
[TRAIN]: (1154/1600): reward: 19.604768335819244, rates: 19.604768033010547, loss: 0.5527118556201458, rho: 0.1375, transmit_actions: 19, P: [0.8125, 0.0625, 0.0625, 0.0625, 0.0625, 0.0625, 0.0625, 0.0625, 0.0625, 0.0625, 0.0625, 0.0625, 0.0625, 0.0625, 0.0625, 0.0625, 0.0625, 0.0625, 0.0625, 0.0625]
[TRAIN]: (1155/1600): reward: 18.176062732934952, rates: 19.17606297101004, loss: 0.6105839639902115, rho: 0.1375, transmit_actions: 19, P: [0.8125, 0.125, 0.125, 0.0625, 0.0625, 0.0625, 0.0625, 0.0625, 0.0625, 0.0625, 0.0625, 0.0625, 0.0625, 0.0625, 0.0625, 0.0625, 0.0625, 0.0625, 0.0625, 0.0625]
[TRAIN]: (1156/1600): reward: 19.921439230442047, rates: 19.92143923360124, loss: 0.5636776462197304, rho: 0.15, transmit_actions: 18, P: [0.8125, 0.6875, 0.0625, 0.0625, 0.0625, 0.0625, 0.0625, 0.0625, 0.0625, 0.0625, 0.0625, 0.0625, 0.0625, 0.0625, 0.0625, 0.0625, 0.0625, 0.0625, 0.0625, 0.0625]
[TRAIN]: (1157/1600): reward: 14.44810575246811, rates: 19.448105788875644, loss: 0.6647721156477928, rho: 0.14375, transmit_actions: 19, P: [0.8125, 0.0625, 0.0625, 0.0625, 0.125, 0.0625, 0.4375, 0.0625, 0.0625, 0.0625, 0.0625, 0.0625, 0.0625, 0.0625, 0.0625, 0.0625, 0.0625, 0.0625, 0.0625, 0.0625]
[TRAIN]: (1158/1600): reward: 21.059952318668365, rates: 21.059952408542575, loss: 0.6201636120676994, rho: 0.15, transmit_actions: 19, P: [0.8125, 0.0625, 0.125, 0.0625, 0.125, 0.0625, 0.0625, 0.0625, 0.0625, 0.0625, 0.0625, 0.0625, 0.0625, 0.0625, 0.0625, 0.0625, 0.0625, 0.0625, 0.0625, 0.0625]
[TRAIN]: (1159/1600): reward: 17.57399010658264, rates: 17.57398998958657, loss: 0.5632117055356503, rho: 0.15, transmit_actions: 19, P: [0.8125, 0.0625, 0.0625, 0.0625, 0.0625, 0.0625, 0.0625, 0.0625, 0.0625, 0.0625, 0.0625, 0.0625, 0.0625, 0.0625, 0.0625, 0.0625, 0.0625, 0.0625, 0.0625, 0.0625]
[TRAIN]: (1160/1600): reward: 17.428354561328888, rates: 17.428354517003527, loss: 0.4716456949710846, rho: 0.1375, transmit_actions: 19, P: [0.8125, 0.0625, 0.0625, 0.0625, 0.0625, 0.0625, 0.0625, 0.0625, 0.0625, 0.0625, 0.0625, 0.0625, 0.0625, 0.0625, 0.0625, 0.0625, 0.0625, 0.0625, 0.0625, 0.0625]
[TRAIN]: (1161/1600): reward: 19.57036793231964, rates: 19.570367984457775, loss: 0.6498228639364243, rho: 0.15, transmit_actions: 19, P: [0.8125, 0.0625, 0.0625, 0.0625, 0.0625, 0.0625, 0.0625, 0.0625, 0.0625, 0.0625, 0.0625, 0.0625, 0.0625, 0.0625, 0.0625, 0.0625, 0.0625, 0.0625, 0.0625, 0.0625]
[TRAIN]: (1162/1600): reward: 19.495305210351944, rates: 19.495305223254633, loss: 0.5682141214609147, rho: 0.1375, transmit_actions: 19, P: [0.8125, 0.0625, 0.0625, 0.0625, 0.0625, 0.0625, 0.0625, 0.0625, 0.0625, 0.0625, 0.0625, 0.0625, 0.0625, 0.0625, 0.0625, 0.0625, 0.0625, 0.0625, 0.0625, 0.0625]
[TRAIN]: (1163/1600): reward: 20.61583372950554, rates: 20.61583360199579, loss: 0.5267406016588211, rho: 0.13125, transmit_actions: 19, P: [0.8125, 0.0625, 0.0625, 0.0625, 0.0625, 0.0625, 0.0625, 0.0625, 0.0625, 0.0625, 0.0625, 0.0625, 0.0625, 0.0625, 0.0625, 0.0625, 0.0625, 0.0625, 0.0625, 0.0625]
[TRAIN]: (1164/1600): reward: 19.467444866895676, rates: 19.467444946805383, loss: 0.5905001282691955, rho: 0.1625, transmit_actions: 19, P: [0.8125, 0.0, 0.0625, 0.0625, 0.0625, 0.0625, 0.0625, 0.0625, 0.0625, 0.0625, 0.125, 0.0625, 0.0625, 0.0625, 0.0625, 0.0625, 0.125, 0.0625, 0.0625, 0.0625]
[TRAIN]: (1165/1600): reward: 10.212798357009888, rates: 17.212798288257638, loss: 0.5309265606105328, rho: 0.16875, transmit_actions: 19, P: [0.8125, 0.125, 0.0625, 0.0625, 0.0625, 0.0625, 0.0625, 0.0625, 0.0625, 0.0625, 0.0625, 0.0625, 0.0625, 0.0625, 0.0625, 1.0, 0.0625, 0.0625, 0.0625, 0.0625]
[TRAIN]: (1166/1600): reward: 21.604382276535034, rates: 21.60438221972972, loss: 0.46950534731149673, rho: 0.15, transmit_actions: 19, P: [0.8125, 0.0625, 0.0625, 0.0625, 0.0625, 0.0625, 0.0625, 0.0625, 0.125, 0.125, 0.0625, 0.0625, 0.0625, 0.0625, 0.0625, 0.0625, 0.0625, 0.0625, 0.0625, 0.125]
[TRAIN]: (1167/1600): reward: 14.871887773275375, rates: 19.871887860697004, loss: 0.5547919869422913, rho: 0.19375, transmit_actions: 19, P: [0.8125, 0.8125, 0.0625, 0.0625, 0.0625, 0.0625, 0.0625, 0.125, 0.0625, 0.0625, 0.125, 0.0625, 0.0625, 0.0625, 0.0625, 0.0625, 0.0625, 0.0625, 0.0625, 0.0625]
[TRAIN]: (1168/1600): reward: 19.80754381418228, rates: 19.80754394290685, loss: 0.5427912414073944, rho: 0.15625, transmit_actions: 19, P: [0.8125, 0.0625, 0.0625, 0.0625, 0.0625, 0.0625, 0.125, 0.125, 0.125, 0.0625, 0.0625, 0.0625, 0.0625, 0.0625, 0.0625, 0.0625, 0.0625, 0.0625, 0.125, 0.0625]
[TRAIN]: (1169/1600): reward: 20.339149817824364, rates: 20.339149808483086, loss: 0.5914948776364326, rho: 0.14375, transmit_actions: 19, P: [0.8125, 0.125, 0.0625, 0.0625, 0.0625, 0.0625, 0.0625, 0.0625, 0.0625, 0.0625, 0.0625, 0.0625, 0.0625, 0.0625, 0.0625, 0.0625, 0.0625, 0.0625, 0.0625, 0.0625]
[TRAIN]: (1170/1600): reward: 17.45912316441536, rates: 17.459123110009592, loss: 0.5631669089198112, rho: 0.175, transmit_actions: 17, P: [0.8125, 1.0, 0.0625, 0.0625, 0.0625, 0.0625, 0.0625, 0.0625, 0.0625, 0.0625, 0.0625, 0.0625, 0.0625, 0.0625, 0.0625, 1.0, 0.0625, 0.0625, 0.125, 0.0625]
[TRAIN]: (1171/1600): reward: 23.6837660074234, rates: 23.683766103304045, loss: 0.5372159168124199, rho: 0.13125, transmit_actions: 19, P: [0.8125, 0.125, 0.0625, 0.0625, 0.0625, 0.0625, 0.0625, 0.0625, 0.0625, 0.0625, 0.0625, 0.0625, 0.0625, 0.0625, 0.0625, 0.0625, 0.0625, 0.125, 0.0625, 0.0625]
[TRAIN]: (1172/1600): reward: 20.742373317480087, rates: 20.742373354382558, loss: 0.4625556401908398, rho: 0.13125, transmit_actions: 19, P: [0.8125, 0.125, 0.0625, 0.0625, 0.0625, 0.0625, 0.0625, 0.0625, 0.0625, 0.0625, 0.125, 0.0625, 0.0625, 0.0625, 0.0625, 0.0625, 0.0625, 0.0625, 0.0625, 0.0625]
[TRAIN]: (1173/1600): reward: 19.813874006271362, rates: 22.813873810430383, loss: 0.5470712333917618, rho: 0.14375, transmit_actions: 19, P: [0.8125, 0.125, 0.0625, 0.0625, 0.0625, 0.0625, 0.0625, 0.0625, 0.0625, 0.0625, 0.0625, 0.0625, 0.125, 0.0625, 0.0625, 0.0625, 0.0625, 0.0625, 0.0625, 0.0625]
[TRAIN]: (1174/1600): reward: 18.83243888616562, rates: 18.832438775231857, loss: 0.5948269985616207, rho: 0.15625, transmit_actions: 19, P: [0.8125, 0.0625, 0.125, 0.0625, 0.0625, 0.0625, 0.0625, 0.0625, 0.0625, 0.0625, 0.0625, 0.0625, 0.0625, 0.0625, 0.0625, 0.0625, 0.0625, 0.0625, 0.0625, 0.0625]
[TRAIN]: (1175/1600): reward: 8.289707958698273, rates: 18.289707871568247, loss: 0.5240683779120445, rho: 0.2, transmit_actions: 17, P: [0.8125, 0.0625, 0.0625, 0.0625, 0.0625, 0.0625, 0.0625, 0.125, 0.0625, 0.0625, 0.0625, 0.0625, 0.0625, 0.0625, 0.0625, 0.0625, 0.0625, 0.75, 0.125, 0.0625]
[TRAIN]: (1176/1600): reward: 20.748392790555954, rates: 20.748392775322873, loss: 0.5579496651887894, rho: 0.1375, transmit_actions: 19, P: [0.8125, 0.0625, 0.0625, 0.0625, 0.0625, 0.0625, 0.0625, 0.0625, 0.125, 0.0625, 0.0625, 0.0625, 0.0625, 0.0625, 0.0625, 0.0625, 0.0625, 0.0625, 0.0625, 0.0625]
[TRAIN]: (1177/1600): reward: 19.740296691656113, rates: 20.74029670765491, loss: 0.4973533093929291, rho: 0.1375, transmit_actions: 19, P: [0.8125, 0.125, 0.125, 0.0625, 0.0625, 0.0625, 0.0625, 0.0625, 0.125, 0.0625, 0.0625, 0.0625, 0.0625, 0.0625, 0.0625, 0.0625, 0.0625, 0.0625, 0.0625, 0.0625]
[TRAIN]: (1178/1600): reward: 22.14864555001259, rates: 22.148645448534282, loss: 0.5523467764258385, rho: 0.13125, transmit_actions: 19, P: [0.8125, 0.0625, 0.0625, 0.0625, 0.0625, 0.0625, 0.0625, 0.0625, 0.125, 0.0625, 0.0625, 0.0625, 0.0625, 0.0625, 0.0625, 0.0625, 0.0625, 0.0625, 0.0625, 0.0625]
[TRAIN]: (1179/1600): reward: 20.404194355010986, rates: 20.40419430604078, loss: 0.5579707130789757, rho: 0.13125, transmit_actions: 19, P: [0.8125, 0.125, 0.0625, 0.125, 0.0625, 0.0625, 0.0625, 0.0625, 0.125, 0.0625, 0.0625, 0.0625, 0.0625, 0.0625, 0.0625, 0.0625, 0.0625, 0.0625, 0.0625, 0.0625]
[TRAIN]: (1180/1600): reward: 21.990689307451248, rates: 21.990689314732464, loss: 0.5592447429895401, rho: 0.15, transmit_actions: 19, P: [0.8125, 0.0625, 0.0625, 0.0625, 0.0625, 0.0625, 0.0625, 0.125, 0.0625, 0.0625, 0.0625, 0.0625, 0.0625, 0.0625, 0.0625, 0.0625, 0.0625, 0.0625, 0.0625, 0.0625]
[TRAIN]: (1181/1600): reward: 19.489191621541977, rates: 19.48919168629339, loss: 0.6099439606070518, rho: 0.20625, transmit_actions: 19, P: [0.8125, 0.0625, 0.125, 0.0625, 0.0625, 0.0625, 0.0625, 0.0625, 0.0625, 0.0625, 0.0625, 0.0625, 0.0625, 0.0625, 0.0625, 0.0625, 0.0625, 0.0625, 0.0625, 0.0625]
[TRAIN]: (1182/1600): reward: 18.923197865486145, rates: 19.923197874576548, loss: 0.5609909221529961, rho: 0.1375, transmit_actions: 19, P: [0.8125, 0.0625, 0.0625, 0.0625, 0.0625, 0.0625, 0.125, 0.0625, 0.0625, 0.125, 0.0625, 0.0625, 0.0625, 0.0625, 0.0625, 0.0625, 0.0625, 0.0625, 0.0625, 0.0625]
[TRAIN]: (1183/1600): reward: 21.374579966068268, rates: 22.374579913800318, loss: 0.5215246483683587, rho: 0.15, transmit_actions: 19, P: [0.8125, 0.1875, 0.0625, 0.0625, 0.0625, 0.0625, 0.0625, 0.0625, 0.0625, 0.0625, 0.0625, 0.0625, 0.0625, 0.0625, 0.0625, 0.0625, 0.0625, 0.0625, 0.0625, 0.0625]
[TRAIN]: (1184/1600): reward: 17.357954531908035, rates: 19.357954547325146, loss: 0.45338054895401003, rho: 0.1375, transmit_actions: 18, P: [0.8125, 0.0625, 0.0625, 0.6875, 0.125, 0.0625, 0.0625, 0.0625, 0.125, 0.125, 0.0625, 0.0625, 0.0625, 0.0625, 0.0625, 0.0625, 0.0625, 0.0625, 0.0625, 0.0625]
[TRAIN]: (1185/1600): reward: 14.848957598209381, rates: 19.8489576014035, loss: 0.5363964259624481, rho: 0.14375, transmit_actions: 18, P: [0.8125, 0.0625, 0.0625, 0.0625, 0.0625, 0.0625, 0.0625, 0.0625, 0.0625, 0.0625, 0.0625, 0.0625, 0.0625, 0.0625, 0.0, 0.0625, 0.0625, 0.0625, 0.0625, 0.0625]
[TRAIN]: (1186/1600): reward: 20.21892774105072, rates: 20.218927733633112, loss: 0.4812794700264931, rho: 0.1625, transmit_actions: 19, P: [0.8125, 0.0625, 0.0625, 0.125, 0.0625, 0.0625, 0.0625, 0.125, 0.0625, 0.0625, 0.0625, 0.0625, 0.0625, 0.0625, 0.0625, 0.0625, 0.0625, 0.0625, 0.0625, 0.0625]
[TRAIN]: (1187/1600): reward: 18.73728460073471, rates: 18.737284637522695, loss: 0.5470560222864151, rho: 0.1375, transmit_actions: 19, P: [0.8125, 0.0625, 0.0625, 0.0625, 0.0625, 0.0625, 0.0625, 0.0625, 0.0625, 0.0625, 0.0625, 0.0625, 0.0625, 0.0625, 0.0625, 0.0625, 0.0625, 0.0625, 0.0625, 0.0625]
[TRAIN]: (1188/1600): reward: 17.723510026931763, rates: 18.723509988254815, loss: 0.4721022754907608, rho: 0.1375, transmit_actions: 19, P: [0.8125, 0.0625, 0.0625, 0.0625, 0.0625, 0.0625, 0.0625, 0.125, 0.125, 0.0625, 0.0625, 0.0625, 0.0625, 0.0625, 0.0625, 0.0625, 0.0625, 0.0625, 0.0625, 0.0625]
[TRAIN]: (1189/1600): reward: 18.11946213245392, rates: 18.11946216096455, loss: 0.5273769944906235, rho: 0.14375, transmit_actions: 19, P: [0.8125, 0.0, 0.0625, 0.0625, 0.0625, 0.0625, 0.0625, 0.0625, 0.0625, 0.125, 0.0625, 0.0625, 0.0625, 0.0625, 0.0625, 0.0625, 0.0625, 0.0625, 0.0625, 0.0625]
[TRAIN]: (1190/1600): reward: 16.189288794994354, rates: 20.18928887833093, loss: 0.44071718156337736, rho: 0.15625, transmit_actions: 19, P: [0.8125, 0.0625, 0.0625, 0.0625, 0.0625, 0.1875, 0.0625, 0.0625, 0.0625, 0.0625, 0.0625, 0.0625, 0.0625, 0.0625, 0.0625, 0.0625, 0.0625, 0.0625, 0.0625, 0.0625]
[TRAIN]: (1191/1600): reward: 19.04968485236168, rates: 19.0496847779949, loss: 0.5565966293215752, rho: 0.14375, transmit_actions: 19, P: [0.8125, 0.0625, 0.0, 0.0625, 0.0625, 0.0625, 0.0625, 0.0625, 0.125, 0.0625, 0.0625, 0.0625, 0.0625, 0.0625, 0.0625, 0.0625, 0.0625, 0.0625, 0.0625, 0.0625]
[TRAIN]: (1192/1600): reward: 21.443111658096313, rates: 21.44311145358463, loss: 0.522334934771061, rho: 0.15625, transmit_actions: 19, P: [0.8125, 0.0625, 0.0625, 0.0625, 0.0625, 0.0625, 0.0625, 0.0625, 0.0625, 0.0625, 0.0625, 0.0625, 0.0625, 0.0625, 0.0625, 0.0625, 0.0625, 0.0625, 0.0625, 0.0625]
[TRAIN]: (1193/1600): reward: 21.655693233013153, rates: 21.655693306480572, loss: 0.5999787300825119, rho: 0.1375, transmit_actions: 19, P: [0.8125, 0.0625, 0.0625, 0.0625, 0.0625, 0.0625, 0.0625, 0.0625, 0.0625, 0.0625, 0.0625, 0.0625, 0.0625, 0.0625, 0.0625, 0.0625, 0.0625, 0.0625, 0.0625, 0.0625]
[TRAIN]: (1194/1600): reward: 19.41558712720871, rates: 19.41558719009751, loss: 0.5748375132679939, rho: 0.1375, transmit_actions: 19, P: [0.8125, 0.0625, 0.0625, 0.0625, 0.0625, 0.0625, 0.0625, 0.0625, 0.0625, 0.0625, 0.0625, 0.0625, 0.0625, 0.0625, 0.0625, 0.0625, 0.0625, 0.0625, 0.0625, 0.0625]
[TRAIN]: (1195/1600): reward: 17.2724432349205, rates: 18.272443125606582, loss: 0.48503128737211226, rho: 0.14375, transmit_actions: 19, P: [0.8125, 0.0, 0.125, 0.0625, 0.0625, 0.0625, 0.0625, 0.0625, 0.0625, 0.125, 0.0625, 0.0625, 0.0625, 0.0625, 0.0625, 0.0625, 0.0625, 0.125, 0.0625, 0.0625]
[TRAIN]: (1196/1600): reward: 19.927143037319183, rates: 19.927143001574553, loss: 0.5221725583076477, rho: 0.1375, transmit_actions: 19, P: [0.8125, 0.0625, 0.0625, 0.0625, 0.0625, 0.0625, 0.0625, 0.125, 0.0625, 0.0625, 0.0625, 0.0625, 0.0625, 0.0625, 0.0625, 0.0625, 0.0625, 0.0625, 0.0625, 0.0625]
[TRAIN]: (1197/1600): reward: 20.37496030330658, rates: 20.37496038149978, loss: 0.5504288598895073, rho: 0.14375, transmit_actions: 19, P: [0.8125, 0.0625, 0.125, 0.0625, 0.125, 0.0625, 0.0625, 0.0625, 0.0625, 0.0625, 0.0625, 0.0625, 0.0625, 0.0625, 0.0625, 0.0625, 0.0625, 0.0625, 0.0625, 0.0625]
[TRAIN]: (1198/1600): reward: 19.44404736161232, rates: 19.444047204072987, loss: 0.6123993299901486, rho: 0.14375, transmit_actions: 19, P: [0.8125, 0.0625, 0.0625, 0.0625, 0.0625, 0.0625, 0.0625, 0.0625, 0.0625, 0.0625, 0.0625, 0.0625, 0.0625, 0.0625, 0.0625, 0.0625, 0.0625, 0.0625, 0.0625, 0.0625]
[TRAIN]: (1199/1600): reward: 19.387799382209778, rates: 20.38779932856997, loss: 0.5023973688483239, rho: 0.13125, transmit_actions: 19, P: [0.8125, 0.0625, 0.0625, 0.0625, 0.0625, 0.0625, 0.0625, 0.0625, 0.0625, 0.0625, 0.125, 0.0625, 0.0625, 0.0625, 0.0625, 0.0625, 0.0625, 0.0625, 0.0625, 0.0625]
[TRAIN]: (1200/1600): reward: 18.454243659973145, rates: 19.45424363317609, loss: 0.5167070373892784, rho: 0.13125, transmit_actions: 19, P: [0.8125, 0.0625, 0.125, 0.0625, 0.0625, 0.0625, 0.0625, 0.0625, 0.125, 0.0625, 0.0625, 0.0625, 0.0625, 0.0625, 0.0625, 0.0625, 0.0625, 0.0625, 0.0625, 0.0625]
[TRAIN]: (1201/1600): reward: 19.513460099697113, rates: 19.51345994991963, loss: 0.4945260062813759, rho: 0.15625, transmit_actions: 19, P: [0.8125, 0.0625, 0.0625, 0.0625, 0.0625, 0.0625, 0.0625, 0.0625, 0.0625, 0.0625, 0.0625, 0.0625, 0.0625, 0.0625, 0.0625, 0.0625, 0.0625, 0.0625, 0.0625, 0.0625]
[TRAIN]: (1202/1600): reward: 17.9690018594265, rates: 17.969001771196357, loss: 0.6244659200310707, rho: 0.15, transmit_actions: 19, P: [0.8125, 0.0, 0.0625, 0.0625, 0.0625, 0.0625, 0.0625, 0.0625, 0.0625, 0.0625, 0.0625, 0.0625, 0.0625, 0.0625, 0.0625, 0.0625, 0.0625, 0.0625, 0.0625, 0.0625]
[TRAIN]: (1203/1600): reward: 19.784525841474533, rates: 19.78452600435745, loss: 0.5664676129817963, rho: 0.14375, transmit_actions: 19, P: [0.8125, 0.0625, 0.0625, 0.0625, 0.0625, 0.0625, 0.0625, 0.0625, 0.0625, 0.0625, 0.0625, 0.0625, 0.0625, 0.0625, 0.0625, 0.0625, 0.0625, 0.0625, 0.0625, 0.0625]
[TRAIN]: (1204/1600): reward: 21.76054674386978, rates: 21.76054657439203, loss: 0.5403406292200088, rho: 0.1375, transmit_actions: 19, P: [0.25, 0.125, 0.0625, 0.0625, 0.0625, 0.0625, 0.125, 0.0625, 0.0625, 0.0625, 0.0625, 0.0625, 0.0625, 0.0625, 0.0625, 0.0625, 0.0625, 0.0625, 0.0625, 0.0625]
[TRAIN]: (1205/1600): reward: 17.962867200374603, rates: 18.962867238496457, loss: 0.5480261251330376, rho: 0.1375, transmit_actions: 19, P: [0.8125, 0.0625, 0.0625, 0.0625, 0.0625, 0.0625, 0.0625, 0.125, 0.0625, 0.0625, 0.0625, 0.0625, 0.0625, 0.0625, 0.0625, 0.0625, 0.0625, 0.0625, 0.125, 0.125]
[TRAIN]: (1206/1600): reward: 13.593990921974182, rates: 18.593990679084346, loss: 0.6262336730957031, rho: 0.175, transmit_actions: 18, P: [0.8125, 0.0625, 0.125, 0.0625, 0.0625, 0.6875, 0.0625, 0.0625, 0.0625, 0.0625, 0.0625, 0.0625, 0.0625, 0.0625, 0.0625, 0.0625, 0.0625, 0.125, 0.0625, 0.125]
[TRAIN]: (1207/1600): reward: 20.686803966760635, rates: 20.686803948899097, loss: 0.5217719614505768, rho: 0.1375, transmit_actions: 18, P: [0.8125, 0.875, 0.0625, 0.0625, 0.125, 0.0625, 0.0625, 0.0625, 0.0625, 0.0625, 0.0625, 0.0625, 0.0625, 0.0625, 0.0625, 0.0625, 0.0625, 0.0625, 0.0625, 0.0625]
[TRAIN]: (1208/1600): reward: 20.031842678785324, rates: 20.031842858740223, loss: 0.5502732805907726, rho: 0.1375, transmit_actions: 19, P: [0.8125, 0.0625, 0.0625, 0.0625, 0.0625, 0.0625, 0.0625, 0.0625, 0.125, 0.0625, 0.125, 0.0625, 0.0625, 0.0625, 0.0625, 0.0625, 0.0625, 0.0625, 0.0625, 0.0625]
[TRAIN]: (1209/1600): reward: 20.459787875413895, rates: 20.459787839827445, loss: 0.6602890491485596, rho: 0.15, transmit_actions: 19, P: [0.8125, 0.0625, 0.0625, 0.0625, 0.0625, 0.0625, 0.0625, 0.0625, 0.0625, 0.0625, 0.0625, 0.0625, 0.0625, 0.0625, 0.0625, 0.0625, 0.0625, 0.0625, 0.0625, 0.0625]
[TRAIN]: (1210/1600): reward: 19.375126481056213, rates: 19.375126506480655, loss: 0.5481428384780884, rho: 0.15625, transmit_actions: 19, P: [0.8125, 0.0625, 0.0625, 0.125, 0.0625, 0.0625, 0.0625, 0.0625, 0.0625, 0.0625, 0.0625, 0.125, 0.0625, 0.0625, 0.125, 0.0625, 0.0625, 0.0625, 0.0625, 0.0625]
[TRAIN]: (1211/1600): reward: 18.687450155615807, rates: 18.687450243943218, loss: 0.6063189089298249, rho: 0.175, transmit_actions: 19, P: [0.8125, 0.125, 0.0625, 0.0625, 0.0625, 0.0625, 0.0625, 0.0625, 0.0625, 0.0625, 0.0625, 0.0625, 0.0625, 0.0625, 0.0625, 0.0625, 0.0625, 0.0625, 0.0625, 0.125]
[TRAIN]: (1212/1600): reward: 21.03303650021553, rates: 21.033036518820158, loss: 0.5037029482424259, rho: 0.1375, transmit_actions: 19, P: [0.8125, 0.0625, 0.0625, 0.0625, 0.0625, 0.0625, 0.0625, 0.0625, 0.0625, 0.0625, 0.0625, 0.0625, 0.0625, 0.0625, 0.0625, 0.0625, 0.0625, 0.0625, 0.0625, 0.0625]
[TRAIN]: (1213/1600): reward: 18.78839537501335, rates: 18.78839530388345, loss: 0.5067973524332047, rho: 0.15625, transmit_actions: 19, P: [0.8125, 0.0625, 0.0625, 0.125, 0.0625, 0.0625, 0.0625, 0.0625, 0.0625, 0.0625, 0.0625, 0.0625, 0.0625, 0.125, 0.0625, 0.0625, 0.0625, 0.0625, 0.0625, 0.0625]
[TRAIN]: (1214/1600): reward: 21.40456485748291, rates: 21.40456475059724, loss: 0.4430630043148994, rho: 0.14375, transmit_actions: 19, P: [0.8125, 0.0625, 0.0625, 0.0625, 0.0625, 0.0625, 0.0625, 0.0625, 0.0625, 0.0625, 0.0625, 0.0625, 0.0625, 0.0625, 0.0625, 0.0625, 0.0625, 0.0625, 0.0625, 0.125]
[TRAIN]: (1215/1600): reward: 17.741190254688263, rates: 18.741190282266015, loss: 0.5410962477326393, rho: 0.15, transmit_actions: 19, P: [0.8125, 0.125, 0.125, 0.0625, 0.0625, 0.0625, 0.0625, 0.0625, 0.125, 0.0625, 0.0625, 0.0625, 0.125, 0.0625, 0.0625, 0.0625, 0.0625, 0.0625, 0.0625, 0.0625]
[TRAIN]: (1216/1600): reward: 21.194113105535507, rates: 22.194112962045367, loss: 0.6117603525519371, rho: 0.1375, transmit_actions: 19, P: [0.8125, 0.0625, 0.0625, 0.125, 0.0625, 0.0625, 0.0625, 0.0625, 0.1875, 0.0625, 0.0625, 0.125, 0.0625, 0.0625, 0.0625, 0.0625, 0.0625, 0.0625, 0.0625, 0.0625]
[TRAIN]: (1217/1600): reward: 22.30959665775299, rates: 22.309596588201508, loss: 0.5887398436665535, rho: 0.15, transmit_actions: 20, P: [0.0, 0.0625, 0.125, 0.0625, 0.0625, 0.0625, 0.0625, 0.0625, 0.0625, 0.0625, 0.0625, 0.0625, 0.0625, 0.0625, 0.0625, 0.0625, 0.0625, 0.0625, 0.0625, 0.0625]
[TRAIN]: (1218/1600): reward: 18.345708459615707, rates: 19.345708310028026, loss: 0.49070293828845024, rho: 0.15625, transmit_actions: 20, P: [0.0, 0.1875, 0.0625, 0.0625, 0.0625, 0.0625, 0.0625, 0.0625, 0.0625, 0.0625, 0.0625, 0.0625, 0.0625, 0.0625, 0.0625, 0.0625, 0.0625, 0.0625, 0.0625, 0.0625]
[TRAIN]: (1219/1600): reward: 19.267435282468796, rates: 19.26743524376667, loss: 0.5431950867176056, rho: 0.16875, transmit_actions: 20, P: [0.0, 0.0625, 0.0625, 0.0625, 0.0625, 0.0625, 0.0625, 0.0625, 0.0625, 0.0625, 0.0625, 0.0625, 0.0625, 0.0625, 0.0625, 0.0625, 0.0625, 0.0625, 0.0625, 0.0625]
[TRAIN]: (1220/1600): reward: 21.186147689819336, rates: 21.186147543618183, loss: 0.5104760475456714, rho: 0.16875, transmit_actions: 20, P: [0.0, 0.0625, 0.0625, 0.0625, 0.0625, 0.0625, 0.125, 0.0625, 0.0625, 0.0625, 0.0625, 0.0625, 0.0625, 0.0625, 0.0625, 0.0625, 0.0625, 0.0625, 0.0625, 0.0625]
[TRAIN]: (1221/1600): reward: 20.624703407287598, rates: 20.624703384796828, loss: 0.5991240859031677, rho: 0.18125, transmit_actions: 20, P: [0.0, 0.0625, 0.0625, 0.0625, 0.0625, 0.0625, 0.0625, 0.0625, 0.0625, 0.0625, 0.0625, 0.0625, 0.0625, 0.0625, 0.0625, 0.0625, 0.0625, 0.0625, 0.0625, 0.0625]
[TRAIN]: (1222/1600): reward: 20.29154008626938, rates: 20.291539930848106, loss: 0.5573024645447731, rho: 0.15, transmit_actions: 20, P: [0.0, 0.0625, 0.0625, 0.0625, 0.0625, 0.0625, 0.0625, 0.0625, 0.0625, 0.0625, 0.0625, 0.0625, 0.0625, 0.0625, 0.0625, 0.0625, 0.0625, 0.0625, 0.0625, 0.0625]
[TRAIN]: (1223/1600): reward: 14.333505541086197, rates: 19.333505553125875, loss: 0.4948950827121735, rho: 0.19375, transmit_actions: 19, P: [0.0, 0.0625, 0.0625, 0.0625, 0.0625, 0.0625, 0.0625, 0.0625, 0.0625, 0.25, 0.0625, 0.0625, 0.0625, 0.0625, 0.0625, 0.0625, 0.0625, 0.0625, 0.0625, 0.0625]
[TRAIN]: (1224/1600): reward: 14.124265432357788, rates: 19.12426553570206, loss: 0.6249233067035675, rho: 0.15625, transmit_actions: 20, P: [1.0, 0.0625, 0.0625, 0.125, 0.0625, 0.0625, 0.0625, 0.0625, 0.0625, 0.125, 0.0625, 0.0625, 0.0625, 0.0625, 0.0625, 0.0625, 0.0625, 0.0625, 0.0625, 0.0625]
[TRAIN]: (1225/1600): reward: 19.804101437330246, rates: 19.80410142944292, loss: 0.4923701770603657, rho: 0.15625, transmit_actions: 20, P: [0.0, 0.125, 0.0625, 0.0625, 0.0625, 0.0625, 0.0625, 0.0625, 0.0625, 0.0625, 0.0625, 0.0625, 0.0625, 0.0625, 0.0625, 0.0625, 0.0625, 0.0625, 0.0625, 0.0625]
[TRAIN]: (1226/1600): reward: 19.182728335261345, rates: 19.182728191905174, loss: 0.5582166694104671, rho: 0.1875, transmit_actions: 20, P: [0.0, 0.0625, 0.0625, 0.0625, 0.0625, 0.0625, 0.0625, 0.0625, 0.0625, 0.0625, 0.0625, 0.0625, 0.0625, 0.0625, 0.125, 0.0625, 0.0625, 0.0625, 0.0625, 0.0625]
[TRAIN]: (1227/1600): reward: 20.717366009950638, rates: 21.7173660739955, loss: 0.4675222679972649, rho: 0.15, transmit_actions: 20, P: [0.0, 0.0625, 0.0625, 0.125, 0.0625, 0.0625, 0.0625, 0.0625, 0.0625, 0.0625, 0.0625, 0.0625, 0.125, 0.0625, 0.0625, 0.0625, 0.0625, 0.0625, 0.0625, 0.0625]
[TRAIN]: (1228/1600): reward: 21.635826975107193, rates: 21.635826851956285, loss: 0.5069031298160553, rho: 0.15625, transmit_actions: 20, P: [0.0, 0.0625, 0.0625, 0.0625, 0.0625, 0.0625, 0.0625, 0.0625, 0.0625, 0.0625, 0.0625, 0.0625, 0.0625, 0.0625, 0.0625, 0.0625, 0.0625, 0.0625, 0.0625, 0.0625]
[TRAIN]: (1229/1600): reward: 18.762722671031952, rates: 18.762722771539902, loss: 0.5532252237200737, rho: 0.18125, transmit_actions: 19, P: [0.0, 0.75, 0.0625, 0.0625, 0.0625, 0.0625, 0.0625, 0.0625, 0.125, 0.0625, 0.0625, 0.0625, 0.0625, 0.0625, 0.0625, 0.0625, 0.0625, 0.0625, 0.0625, 0.0625]
[TRAIN]: (1230/1600): reward: 20.570415675640106, rates: 20.570415914580174, loss: 0.5540324479341507, rho: 0.1625, transmit_actions: 20, P: [0.0, 0.0625, 0.0625, 0.0625, 0.0625, 0.0625, 0.0625, 0.0625, 0.0625, 0.0625, 0.0625, 0.0625, 0.0625, 0.0625, 0.0625, 0.0625, 0.0625, 0.0625, 0.0625, 0.0625]
[TRAIN]: (1231/1600): reward: 19.248546585440636, rates: 20.248546614103788, loss: 0.5558911189436913, rho: 0.15, transmit_actions: 20, P: [0.0, 0.0625, 0.0625, 0.0625, 0.0625, 0.0625, 0.0625, 0.0625, 0.0625, 0.0625, 0.0625, 0.0625, 0.0625, 0.0625, 0.0625, 0.0625, 0.0625, 0.0625, 0.0625, 0.0625]
[TRAIN]: (1232/1600): reward: 22.592242121696472, rates: 22.592242150315776, loss: 0.5464816115796566, rho: 0.15625, transmit_actions: 20, P: [0.0, 0.0625, 0.0625, 0.0625, 0.0625, 0.0625, 0.0625, 0.0625, 0.0625, 0.0625, 0.0625, 0.0625, 0.0625, 0.0625, 0.0625, 0.125, 0.0625, 0.0625, 0.0625, 0.0625]
[TRAIN]: (1233/1600): reward: 17.926376968622208, rates: 17.926376951495676, loss: 0.4916528455913067, rho: 0.1625, transmit_actions: 20, P: [0.0, 0.0625, 0.0625, 0.0625, 0.0625, 0.0625, 0.0625, 0.0625, 0.0625, 0.0625, 0.0625, 0.125, 0.0625, 0.0625, 0.0625, 0.0625, 0.0625, 0.0625, 0.0625, 0.0625]
[TRAIN]: (1234/1600): reward: 17.084101766347885, rates: 17.08410173812692, loss: 0.5619742423295975, rho: 0.1875, transmit_actions: 20, P: [0.0, 0.0625, 0.0625, 0.0625, 0.0625, 0.0625, 0.0625, 0.0625, 0.0625, 0.0625, 0.0625, 0.0625, 0.0625, 0.0625, 0.0625, 0.0625, 0.0625, 0.0625, 0.0625, 0.0]
[TRAIN]: (1235/1600): reward: 17.65173977613449, rates: 22.651739846116687, loss: 0.6018006280064583, rho: 0.18125, transmit_actions: 20, P: [0.0, 0.0625, 0.0625, 0.0625, 0.0625, 0.8125, 0.0625, 0.0625, 0.0625, 0.0625, 0.0625, 0.0625, 0.0625, 0.0625, 0.0625, 0.0625, 0.0625, 0.0625, 0.0625, 0.0625]
[TRAIN]: (1236/1600): reward: 18.247821986675262, rates: 18.24782193142834, loss: 0.5309151150286198, rho: 0.16875, transmit_actions: 20, P: [0.0, 0.125, 0.0625, 0.125, 0.125, 0.0625, 0.0625, 0.0625, 0.0625, 0.0625, 0.0625, 0.0625, 0.0625, 0.0625, 0.0625, 0.0625, 0.0625, 0.0625, 0.0625, 0.0625]
[TRAIN]: (1237/1600): reward: 19.08049839735031, rates: 19.080498365447113, loss: 0.5182815812528133, rho: 0.15625, transmit_actions: 19, P: [0.0, 1.0, 0.0625, 0.0625, 0.0625, 0.0625, 0.0625, 0.0625, 0.0625, 0.125, 0.0625, 0.0625, 0.0625, 0.0625, 0.0625, 0.0625, 0.125, 0.0625, 0.0625, 0.0625]
[TRAIN]: (1238/1600): reward: 19.312240183353424, rates: 19.31224033962936, loss: 0.5004433140158653, rho: 0.16875, transmit_actions: 20, P: [0.0, 0.0625, 0.0625, 0.0625, 0.0625, 0.0625, 0.0625, 0.0625, 0.0625, 0.0625, 0.125, 0.0625, 0.0625, 0.0625, 0.0625, 0.0625, 0.0625, 0.0625, 0.0625, 0.0625]
[TRAIN]: (1239/1600): reward: 17.536673456430435, rates: 18.53667348792704, loss: 0.4827518671751022, rho: 0.1625, transmit_actions: 20, P: [0.0, 0.125, 0.0625, 0.0625, 0.0625, 0.0625, 0.0625, 0.0625, 0.0625, 0.0625, 0.0625, 0.0625, 0.0625, 0.0625, 0.0625, 0.0625, 0.0625, 0.0625, 0.0625, 0.0625]
[TRAIN]: (1240/1600): reward: 21.274340629577637, rates: 21.27434033815302, loss: 0.5002303272485733, rho: 0.15625, transmit_actions: 20, P: [0.0, 0.0625, 0.0625, 0.0625, 0.0625, 0.0625, 0.0625, 0.125, 0.0625, 0.125, 0.0625, 0.0625, 0.0625, 0.0625, 0.0625, 0.0625, 0.0625, 0.0625, 0.0625, 0.0625]
[TRAIN]: (1241/1600): reward: 21.649291515350342, rates: 21.649291427737527, loss: 0.5667720258235931, rho: 0.1625, transmit_actions: 20, P: [0.0, 0.0625, 0.0625, 0.0625, 0.0625, 0.0625, 0.0625, 0.125, 0.125, 0.0625, 0.125, 0.0625, 0.0625, 0.0625, 0.0625, 0.0625, 0.0625, 0.0625, 0.0625, 0.0625]
[TRAIN]: (1242/1600): reward: 17.014677315950394, rates: 21.01467709378677, loss: 0.5528411112725735, rho: 0.20625, transmit_actions: 20, P: [0.0, 0.0625, 0.0625, 0.0625, 0.125, 0.0625, 0.0625, 0.125, 0.0625, 0.0625, 0.0625, 0.0625, 0.0625, 0.0625, 0.0625, 0.0625, 0.0625, 0.5625, 0.0625, 0.0625]
[TRAIN]: (1243/1600): reward: 20.19818976521492, rates: 20.19818983479787, loss: 0.463044885545969, rho: 0.16875, transmit_actions: 20, P: [0.0, 0.0625, 0.0625, 0.0625, 0.0625, 0.0625, 0.0625, 0.0625, 0.0625, 0.0625, 0.0625, 0.0625, 0.0625, 0.0625, 0.0625, 0.0625, 0.0625, 0.125, 0.0625, 0.0625]
[TRAIN]: (1244/1600): reward: 16.69815954566002, rates: 19.698159734030757, loss: 0.5156135722994805, rho: 0.15625, transmit_actions: 20, P: [0.0, 0.1875, 0.0625, 0.0625, 0.0625, 0.0625, 0.125, 0.125, 0.125, 0.0625, 0.0625, 0.0625, 0.0625, 0.0625, 0.0625, 0.0625, 0.0625, 0.0625, 0.0625, 0.0625]
[TRAIN]: (1245/1600): reward: 21.114274889230728, rates: 21.11427493694351, loss: 0.5165967762470245, rho: 0.175, transmit_actions: 20, P: [0.0, 0.0625, 0.0625, 0.125, 0.125, 0.0625, 0.0625, 0.0625, 0.0625, 0.0625, 0.0625, 0.0625, 0.0625, 0.0625, 0.0625, 0.0625, 0.125, 0.0625, 0.0625, 0.0625]
[TRAIN]: (1246/1600): reward: 19.339897006750107, rates: 19.339897018391905, loss: 0.5328696817159653, rho: 0.15625, transmit_actions: 20, P: [0.0, 0.0625, 0.0625, 0.0625, 0.0625, 0.0625, 0.0625, 0.0625, 0.0625, 0.0625, 0.0625, 0.0625, 0.0625, 0.0625, 0.0625, 0.0625, 0.0625, 0.0625, 0.0625, 0.0625]
[TRAIN]: (1247/1600): reward: 19.355932384729385, rates: 19.355932262035918, loss: 0.5008579723536968, rho: 0.15, transmit_actions: 19, P: [0.0, 0.0625, 0.0625, 0.0625, 0.0625, 0.0625, 0.0625, 0.0625, 0.0625, 0.0625, 0.0625, 0.0625, 0.0625, 0.0625, 0.0625, 0.0625, 0.75, 0.0625, 0.125, 0.0625]
[TRAIN]: (1248/1600): reward: 18.407326817512512, rates: 18.407326836797406, loss: 0.5219753548502922, rho: 0.18125, transmit_actions: 20, P: [0.0, 0.125, 0.0625, 0.0625, 0.0625, 0.0625, 0.0625, 0.0625, 0.0625, 0.0625, 0.0625, 0.0625, 0.0625, 0.0625, 0.0625, 0.0625, 0.125, 0.0625, 0.0625, 0.0625]
[TRAIN]: (1249/1600): reward: 19.904946371912956, rates: 19.904946477524387, loss: 0.5095791518688202, rho: 0.16875, transmit_actions: 20, P: [0.0, 0.0625, 0.0625, 0.0625, 0.0625, 0.0625, 0.0625, 0.0625, 0.0625, 0.0625, 0.0625, 0.0625, 0.0625, 0.0625, 0.0625, 0.125, 0.0625, 0.0625, 0.0625, 0.0625]
[TRAIN]: (1250/1600): reward: 17.007664173841476, rates: 17.00766438670355, loss: 0.6032664179801941, rho: 0.15625, transmit_actions: 20, P: [0.0, 0.0625, 0.0625, 0.0625, 0.0625, 0.0625, 0.0625, 0.0625, 0.0625, 0.0625, 0.0625, 0.0625, 0.0625, 0.125, 0.0625, 0.0625, 0.0625, 0.0625, 0.0625, 0.0625]
[TRAIN]: (1251/1600): reward: 20.74402952194214, rates: 20.74402946427432, loss: 0.5683362737298012, rho: 0.15625, transmit_actions: 20, P: [0.0, 0.0625, 0.0625, 0.0625, 0.0625, 0.0625, 0.0625, 0.0625, 0.0625, 0.0625, 0.0625, 0.0625, 0.0625, 0.0625, 0.0625, 0.0625, 0.0625, 0.0625, 0.0625, 0.0625]
[TRAIN]: (1252/1600): reward: 21.31909754872322, rates: 21.31909742806366, loss: 0.4483957841992378, rho: 0.15, transmit_actions: 20, P: [0.0, 0.0625, 0.0625, 0.0625, 0.0625, 0.0625, 0.0625, 0.0625, 0.0625, 0.0625, 0.0625, 0.0625, 0.0625, 0.0625, 0.0625, 0.0625, 0.0625, 0.125, 0.0625, 0.0625]
[TRAIN]: (1253/1600): reward: 19.597333520650864, rates: 19.597333358835108, loss: 0.5688653647899627, rho: 0.18125, transmit_actions: 20, P: [0.0, 0.0625, 0.0625, 0.0625, 0.0625, 0.0625, 0.0625, 0.0625, 0.0625, 0.0625, 0.0625, 0.0625, 0.125, 0.0625, 0.0625, 0.0625, 0.0625, 0.0625, 0.0625, 0.0625]
[TRAIN]: (1254/1600): reward: 15.563125610351562, rates: 20.563125618051266, loss: 0.5507018275558948, rho: 0.1875, transmit_actions: 19, P: [0.0, 0.0625, 0.0625, 0.0625, 0.0625, 0.0625, 0.0625, 0.0625, 0.0625, 0.0625, 0.0625, 0.3125, 0.0625, 0.0625, 0.0625, 0.0625, 0.0625, 0.0625, 0.0625, 0.0625]
[TRAIN]: (1255/1600): reward: 18.317264527082443, rates: 18.317264391516954, loss: 0.5017017029225826, rho: 0.15, transmit_actions: 19, P: [0.0, 1.0, 0.0625, 0.0625, 0.0625, 0.125, 0.0625, 0.0625, 0.0625, 0.0625, 0.0625, 0.0625, 0.0625, 0.0625, 0.0625, 0.125, 0.0625, 0.0625, 0.0625, 0.0625]
[TRAIN]: (1256/1600): reward: 20.844923516735435, rates: 22.84492370684555, loss: 0.5455722078680992, rho: 0.16875, transmit_actions: 20, P: [0.0, 0.0625, 0.0625, 0.0625, 0.0625, 0.0625, 0.0625, 0.125, 0.0625, 0.0625, 0.0625, 0.0625, 0.125, 0.0625, 0.0625, 0.0625, 0.0625, 0.0625, 0.0625, 0.0625]
[TRAIN]: (1257/1600): reward: 13.937690883874893, rates: 18.937690947787257, loss: 0.49587607607245443, rho: 0.2, transmit_actions: 19, P: [0.0, 0.0625, 0.125, 0.0625, 0.0625, 0.0625, 0.0625, 0.0625, 0.0625, 0.0625, 0.0625, 0.5, 0.0625, 0.0625, 0.0625, 0.0625, 0.0625, 0.0625, 0.0625, 0.0625]
[TRAIN]: (1258/1600): reward: 19.366064846515656, rates: 19.36606504494045, loss: 0.468414394557476, rho: 0.15, transmit_actions: 19, P: [0.0, 0.9375, 0.0625, 0.0625, 0.0625, 0.0625, 0.0625, 0.0625, 0.0625, 0.125, 0.0625, 0.0625, 0.0625, 0.125, 0.0625, 0.0625, 0.0625, 0.0625, 0.0625, 0.0625]
[TRAIN]: (1259/1600): reward: 20.95747685432434, rates: 20.95747695931246, loss: 0.5305632159113884, rho: 0.1625, transmit_actions: 20, P: [0.0, 0.0625, 0.0625, 0.0625, 0.0625, 0.0625, 0.0625, 0.0625, 0.0625, 0.0625, 0.125, 0.0625, 0.0625, 0.0625, 0.0625, 0.0625, 0.125, 0.0625, 0.0625, 0.0625]
[TRAIN]: (1260/1600): reward: 20.40492296218872, rates: 20.404923078870087, loss: 0.5080860704183578, rho: 0.1625, transmit_actions: 20, P: [0.0, 0.0625, 0.0625, 0.0625, 0.0625, 0.0625, 0.0625, 0.0625, 0.0625, 0.0625, 0.0625, 0.0625, 0.0625, 0.0625, 0.0625, 0.0625, 0.0625, 0.0625, 0.0625, 0.0625]
[TRAIN]: (1261/1600): reward: 19.83356186747551, rates: 19.833561858354994, loss: 0.478552358597517, rho: 0.15, transmit_actions: 20, P: [0.0, 0.0625, 0.0625, 0.0625, 0.0625, 0.0625, 0.0625, 0.0625, 0.0625, 0.0625, 0.0625, 0.0625, 0.0625, 0.0625, 0.0625, 0.0625, 0.0625, 0.0625, 0.0625, 0.0625]
[TRAIN]: (1262/1600): reward: 21.261373430490494, rates: 21.261373475960866, loss: 0.5404649451375008, rho: 0.1625, transmit_actions: 20, P: [0.0, 0.0625, 0.0625, 0.0625, 0.0625, 0.0625, 0.0625, 0.0625, 0.0625, 0.0625, 0.0625, 0.0625, 0.0625, 0.0625, 0.0625, 0.0625, 0.0625, 0.0625, 0.0625, 0.0625]
[TRAIN]: (1263/1600): reward: 17.46994125843048, rates: 17.469941166690333, loss: 0.5039388284087181, rho: 0.14375, transmit_actions: 18, P: [0.8125, 0.0625, 0.75, 0.0625, 0.0625, 0.0625, 0.125, 0.0625, 0.0625, 0.0625, 0.0625, 0.0625, 0.0625, 0.0625, 0.0625, 0.0625, 0.0625, 0.0625, 0.0625, 0.0625]
[TRAIN]: (1264/1600): reward: 16.977044701576233, rates: 18.977044648027544, loss: 0.45760644376277926, rho: 0.1625, transmit_actions: 20, P: [0.0, 0.0625, 0.0625, 0.0625, 0.0625, 0.125, 0.0625, 0.0625, 0.0625, 0.0625, 0.0625, 0.0625, 0.0625, 0.0625, 0.0625, 0.0625, 0.0625, 0.0625, 0.0625, 0.0625]
[TRAIN]: (1265/1600): reward: 20.58949264883995, rates: 20.589492756966703, loss: 0.521251617372036, rho: 0.15, transmit_actions: 20, P: [0.0, 0.0625, 0.0625, 0.0625, 0.0625, 0.0625, 0.0625, 0.0625, 0.0625, 0.0625, 0.0625, 0.125, 0.0625, 0.0625, 0.125, 0.0625, 0.0625, 0.0625, 0.0625, 0.0625]
[TRAIN]: (1266/1600): reward: 20.581401899456978, rates: 20.58140161065862, loss: 0.4905785985291004, rho: 0.19375, transmit_actions: 20, P: [0.0, 0.0625, 0.125, 0.0625, 0.0625, 0.0625, 0.125, 0.0625, 0.0625, 0.0625, 0.0625, 0.0625, 0.125, 0.0625, 0.0625, 0.0625, 0.0625, 0.0625, 0.0625, 0.0625]
[TRAIN]: (1267/1600): reward: 19.610439091920853, rates: 19.610439037575798, loss: 0.5234846219420433, rho: 0.16875, transmit_actions: 20, P: [0.0, 0.0625, 0.0625, 0.0625, 0.0625, 0.0625, 0.0625, 0.0625, 0.0625, 0.0625, 0.0625, 0.0625, 0.0625, 0.0625, 0.0625, 0.0625, 0.0625, 0.0625, 0.0625, 0.0625]
[TRAIN]: (1268/1600): reward: 19.74042123556137, rates: 19.74042109391294, loss: 0.5305431358516216, rho: 0.1625, transmit_actions: 20, P: [0.0, 0.0, 0.0625, 0.0625, 0.0625, 0.0625, 0.0625, 0.0625, 0.0625, 0.0625, 0.0625, 0.0625, 0.0625, 0.0625, 0.125, 0.0625, 0.0625, 0.0625, 0.0625, 0.0625]
[TRAIN]: (1269/1600): reward: 8.773026943206787, rates: 17.77302715802339, loss: 0.5163199000060559, rho: 0.2, transmit_actions: 20, P: [0.0, 0.0625, 0.0625, 0.0625, 0.0625, 0.0625, 0.0625, 0.0625, 0.0625, 0.125, 0.0625, 0.0625, 0.4375, 0.0625, 0.0625, 0.0625, 0.5625, 0.0625, 0.0625, 0.0625]
[TRAIN]: (1270/1600): reward: 19.464354634284973, rates: 19.46435462859424, loss: 0.4860224902629852, rho: 0.15, transmit_actions: 20, P: [0.0, 0.0, 0.0625, 0.0625, 0.0625, 0.0625, 0.0625, 0.0625, 0.0625, 0.0625, 0.0625, 0.0625, 0.0625, 0.0625, 0.0625, 0.0625, 0.0625, 0.0625, 0.0625, 0.0625]
[TRAIN]: (1271/1600): reward: 14.299042969942093, rates: 19.299042927283796, loss: 0.45412021204829217, rho: 0.225, transmit_actions: 19, P: [0.0, 0.125, 0.125, 0.0625, 0.0625, 0.375, 0.0625, 0.0625, 0.0625, 0.0625, 0.0625, 0.0625, 0.0625, 0.0625, 0.0625, 0.0625, 0.0625, 0.0625, 0.0625, 0.0625]
[TRAIN]: (1272/1600): reward: 19.93179538846016, rates: 20.931795374830703, loss: 0.4943495437502861, rho: 0.1625, transmit_actions: 20, P: [0.0, 0.0625, 0.0625, 0.0625, 0.0625, 0.0625, 0.0625, 0.0625, 0.0625, 0.0625, 0.0625, 0.0625, 0.0625, 0.0625, 0.0625, 0.0625, 0.125, 0.0625, 0.0625, 0.0625]
[TRAIN]: (1273/1600): reward: 20.430429130792618, rates: 20.430428863657607, loss: 0.5321474477648735, rho: 0.15625, transmit_actions: 20, P: [0.0, 0.0625, 0.0625, 0.0625, 0.0625, 0.0625, 0.0625, 0.0625, 0.0625, 0.0625, 0.0625, 0.0625, 0.0625, 0.0625, 0.0625, 0.0625, 0.0625, 0.0625, 0.0625, 0.0625]
[TRAIN]: (1274/1600): reward: 22.737424939870834, rates: 22.73742488053101, loss: 0.5223579615354538, rho: 0.15625, transmit_actions: 20, P: [0.0, 0.0625, 0.0625, 0.0625, 0.0625, 0.0625, 0.0625, 0.0625, 0.0625, 0.0625, 0.0625, 0.0625, 0.0625, 0.0625, 0.0625, 0.0625, 0.0625, 0.0625, 0.0625, 0.0625]
[TRAIN]: (1275/1600): reward: 18.07456646859646, rates: 19.074566355641636, loss: 0.48893374428153036, rho: 0.175, transmit_actions: 20, P: [0.0, 0.0625, 0.0625, 0.0625, 0.0625, 0.0625, 0.0625, 0.0625, 0.0625, 0.125, 0.0625, 0.0625, 0.0625, 0.0625, 0.0625, 0.0625, 0.125, 0.0625, 0.0625, 0.0625]
[TRAIN]: (1276/1600): reward: 18.395181387662888, rates: 18.395181585497067, loss: 0.43735228627920153, rho: 0.15625, transmit_actions: 19, P: [0.8125, 0.0625, 0.0625, 0.0625, 0.0625, 0.0625, 0.0625, 0.0625, 0.0625, 0.0625, 0.0625, 0.0625, 0.0625, 0.0625, 0.0625, 0.0625, 0.0625, 0.0625, 0.0625, 0.0625]
[TRAIN]: (1277/1600): reward: 18.308208972215652, rates: 18.30820917372607, loss: 0.5308316215872765, rho: 0.16875, transmit_actions: 19, P: [0.8125, 0.125, 0.0625, 0.0625, 0.0625, 0.0625, 0.0625, 0.0625, 0.0625, 0.0625, 0.0625, 0.0625, 0.0625, 0.0625, 0.0625, 0.0625, 0.0625, 0.0625, 0.0625, 0.0625]
[TRAIN]: (1278/1600): reward: 20.969634622335434, rates: 20.96963476539571, loss: 0.559499704092741, rho: 0.14375, transmit_actions: 19, P: [0.8125, 0.0625, 0.0625, 0.0625, 0.0625, 0.0625, 0.0625, 0.0625, 0.0625, 0.0625, 0.0625, 0.0625, 0.0625, 0.0625, 0.0625, 0.0625, 0.0625, 0.0625, 0.0625, 0.125]
[TRAIN]: (1279/1600): reward: 7.913837641477585, rates: 18.913837541417887, loss: 0.5068199329078198, rho: 0.20625, transmit_actions: 18, P: [0.8125, 0.0625, 0.125, 0.0625, 1.0, 0.0625, 0.0625, 0.0625, 0.0625, 0.0625, 0.6875, 0.0625, 0.0625, 0.0625, 0.0625, 0.0625, 0.0625, 0.0625, 0.0625, 0.0625]
[TRAIN]: (1280/1600): reward: 20.183122247457504, rates: 20.183122217822273, loss: 0.4961336478590965, rho: 0.15, transmit_actions: 19, P: [0.8125, 0.0625, 0.0625, 0.0625, 0.0625, 0.0625, 0.0625, 0.0625, 0.0625, 0.0625, 0.0625, 0.0625, 0.0625, 0.0625, 0.0625, 0.0625, 0.0625, 0.0625, 0.0625, 0.0625]
[TRAIN]: (1281/1600): reward: 20.82630255818367, rates: 20.82630256718035, loss: 0.5247326046228409, rho: 0.1375, transmit_actions: 19, P: [0.8125, 0.0625, 0.0625, 0.0625, 0.0625, 0.0625, 0.0625, 0.0625, 0.0625, 0.0625, 0.0625, 0.0625, 0.0625, 0.0625, 0.0625, 0.0625, 0.0625, 0.0625, 0.0625, 0.0625]
[TRAIN]: (1282/1600): reward: 21.232837319374084, rates: 22.232837088539064, loss: 0.5191564455628395, rho: 0.14375, transmit_actions: 19, P: [0.8125, 0.125, 0.0625, 0.0625, 0.0625, 0.0625, 0.0625, 0.0625, 0.0625, 0.0625, 0.0625, 0.125, 0.0625, 0.125, 0.0625, 0.0625, 0.0625, 0.0625, 0.0625, 0.0625]
[TRAIN]: (1283/1600): reward: 19.565682351589203, rates: 19.565682380369736, loss: 0.5109481930732727, rho: 0.1375, transmit_actions: 19, P: [0.8125, 0.0625, 0.0625, 0.0625, 0.0625, 0.0625, 0.0625, 0.0625, 0.0625, 0.0625, 0.0625, 0.0625, 0.0625, 0.0625, 0.0625, 0.0625, 0.0625, 0.0625, 0.0625, 0.0625]
[TRAIN]: (1284/1600): reward: 21.695434004068375, rates: 21.69543390275672, loss: 0.41028633043169976, rho: 0.1625, transmit_actions: 19, P: [0.0, 0.8125, 0.0625, 0.125, 0.0625, 0.0625, 0.0625, 0.0625, 0.0625, 0.125, 0.0625, 0.0625, 0.0625, 0.0625, 0.0625, 0.0625, 0.0625, 0.0625, 0.0625, 0.0625]
[TRAIN]: (1285/1600): reward: 13.154198914766312, rates: 19.154198989385115, loss: 0.4875165715813637, rho: 0.16875, transmit_actions: 18, P: [0.8125, 0.0625, 0.0625, 0.0625, 0.0625, 0.0625, 0.0625, 0.0625, 0.0625, 0.0625, 0.0625, 0.0625, 0.0625, 0.1875, 0.0625, 0.0625, 0.0625, 0.0625, 0.0625, 0.0625]
[TRAIN]: (1286/1600): reward: 20.968923211097717, rates: 20.96892344710271, loss: 0.46324501633644105, rho: 0.1375, transmit_actions: 19, P: [0.8125, 0.0625, 0.0625, 0.0625, 0.0625, 0.0625, 0.0625, 0.0625, 0.0625, 0.0625, 0.0625, 0.0625, 0.0625, 0.0625, 0.0625, 0.0625, 0.0625, 0.0625, 0.0625, 0.0625]
[TRAIN]: (1287/1600): reward: 20.624341666698456, rates: 20.624341502699465, loss: 0.4821064963936806, rho: 0.1875, transmit_actions: 20, P: [0.0, 0.0625, 0.0625, 0.0625, 0.0625, 0.0625, 0.0625, 0.0625, 0.0625, 0.125, 0.0625, 0.0625, 0.0625, 0.125, 0.0625, 0.0625, 0.0625, 0.0625, 0.0625, 0.0625]
[TRAIN]: (1288/1600): reward: 19.013400942087173, rates: 19.013400779829514, loss: 0.4437696285545826, rho: 0.1375, transmit_actions: 19, P: [0.8125, 0.0625, 0.0625, 0.0625, 0.0625, 0.0625, 0.0625, 0.0625, 0.0625, 0.0625, 0.0625, 0.0625, 0.0625, 0.0625, 0.0625, 0.0625, 0.0625, 0.0625, 0.0625, 0.0625]
[TRAIN]: (1289/1600): reward: 20.140491664409637, rates: 20.14049163954499, loss: 0.4792479708790779, rho: 0.15625, transmit_actions: 20, P: [0.0, 0.0625, 0.0625, 0.0625, 0.0625, 0.0625, 0.0625, 0.0625, 0.0625, 0.0625, 0.0625, 0.0625, 0.125, 0.0625, 0.0625, 0.0625, 0.125, 0.0625, 0.0625, 0.0625]
[TRAIN]: (1290/1600): reward: 19.795516580343246, rates: 19.795516627368865, loss: 0.5010053515434265, rho: 0.16875, transmit_actions: 20, P: [0.0, 0.125, 0.125, 0.0625, 0.0625, 0.0625, 0.0625, 0.0625, 0.0625, 0.0625, 0.0625, 0.0625, 0.0625, 0.0625, 0.0625, 0.0625, 0.0625, 0.0625, 0.0625, 0.0625]
[TRAIN]: (1291/1600): reward: 20.91145870089531, rates: 20.911458588937823, loss: 0.4687616266310215, rho: 0.15, transmit_actions: 19, P: [0.0, 0.9375, 0.0625, 0.0625, 0.0625, 0.0625, 0.0625, 0.0625, 0.0625, 0.0625, 0.0625, 0.0625, 0.0625, 0.0625, 0.0625, 0.0625, 0.0625, 0.0625, 0.0625, 0.0625]
[TRAIN]: (1292/1600): reward: 18.099588006734848, rates: 20.099587853106172, loss: 0.45896819084882734, rho: 0.1625, transmit_actions: 20, P: [0.0, 0.125, 0.125, 0.0625, 0.0625, 0.0625, 0.0625, 0.0625, 0.0625, 0.0625, 0.0625, 0.0625, 0.0625, 0.0625, 0.0625, 0.0625, 0.0625, 0.0625, 0.0625, 0.0625]
[TRAIN]: (1293/1600): reward: 19.256927758455276, rates: 19.25692759311232, loss: 0.4799918830394745, rho: 0.1625, transmit_actions: 19, P: [0.0, 0.75, 0.0625, 0.0625, 0.0625, 0.0625, 0.0625, 0.0625, 0.0625, 0.0625, 0.0625, 0.0625, 0.0625, 0.0625, 0.0625, 0.0625, 0.0625, 0.0625, 0.0625, 0.0625]
[TRAIN]: (1294/1600): reward: 14.597636193037033, rates: 19.59763646445883, loss: 0.4668003633618355, rho: 0.20625, transmit_actions: 19, P: [0.0, 0.0625, 0.0625, 0.0625, 0.0625, 0.125, 0.0625, 0.0625, 0.0625, 0.0625, 0.0625, 0.0625, 0.0625, 0.0625, 0.0625, 0.75, 0.0625, 0.0625, 0.125, 0.0625]
[TRAIN]: (1295/1600): reward: 13.990261681377888, rates: 18.990261666334725, loss: 0.5301468804478645, rho: 0.21875, transmit_actions: 19, P: [0.0, 0.0625, 0.0625, 0.0625, 0.0625, 0.0625, 0.0625, 0.0625, 0.0625, 0.0625, 0.0625, 0.125, 0.0625, 0.0625, 0.0625, 0.0625, 0.0625, 0.1875, 0.0625, 0.0625]
[TRAIN]: (1296/1600): reward: 19.704540073871613, rates: 19.70453998571592, loss: 0.5757885508239269, rho: 0.15, transmit_actions: 20, P: [0.0, 0.0625, 0.0625, 0.0625, 0.0625, 0.0625, 0.0625, 0.0625, 0.0625, 0.0625, 0.0625, 0.0625, 0.0625, 0.0625, 0.0625, 0.0625, 0.0625, 0.0625, 0.0625, 0.0625]
[TRAIN]: (1297/1600): reward: 21.819309055805206, rates: 21.819308717231557, loss: 0.4822250083088875, rho: 0.16875, transmit_actions: 20, P: [0.0, 0.0625, 0.0625, 0.0625, 0.0625, 0.0625, 0.0625, 0.0625, 0.0625, 0.0625, 0.0625, 0.0625, 0.0625, 0.0625, 0.0625, 0.0625, 0.0625, 0.0625, 0.0625, 0.0625]
[TRAIN]: (1298/1600): reward: 19.303959846496582, rates: 19.303959926257708, loss: 0.45287188738584516, rho: 0.15625, transmit_actions: 20, P: [0.0, 0.0625, 0.125, 0.0625, 0.0625, 0.0625, 0.0625, 0.0625, 0.0625, 0.0625, 0.0625, 0.0625, 0.0625, 0.0625, 0.0625, 0.0625, 0.0625, 0.0625, 0.0625, 0.0625]
[TRAIN]: (1299/1600): reward: 21.323661863803864, rates: 21.323661760829744, loss: 0.5351923868060112, rho: 0.15625, transmit_actions: 19, P: [0.0, 1.0, 0.0625, 0.0625, 0.0625, 0.0625, 0.0625, 0.0625, 0.0625, 0.0625, 0.125, 0.0625, 0.0625, 0.0625, 0.0625, 0.0625, 0.0625, 0.0625, 0.0625, 0.0625]
[TRAIN]: (1300/1600): reward: 19.736798033118248, rates: 19.736797811394897, loss: 0.5091705530881881, rho: 0.1625, transmit_actions: 20, P: [0.0, 0.0625, 0.0625, 0.0625, 0.0625, 0.0625, 0.0625, 0.0625, 0.0625, 0.0625, 0.0625, 0.0625, 0.0625, 0.0625, 0.0625, 0.0625, 0.0625, 0.0625, 0.0625, 0.0625]
[TRAIN]: (1301/1600): reward: 14.035227000713348, rates: 19.03522700771649, loss: 0.4221487924456596, rho: 0.175, transmit_actions: 20, P: [0.0, 0.0625, 0.0625, 0.0625, 0.875, 0.0625, 0.0625, 0.0625, 0.0625, 0.0625, 0.0625, 0.0625, 0.0625, 0.0625, 0.0625, 0.0625, 0.0625, 0.0625, 0.0625, 0.0625]
[TRAIN]: (1302/1600): reward: 20.012282460927963, rates: 20.012282484047613, loss: 0.55953703597188, rho: 0.1625, transmit_actions: 19, P: [0.0, 0.8125, 0.125, 0.0625, 0.0625, 0.0625, 0.0625, 0.0625, 0.0625, 0.0625, 0.0625, 0.0625, 0.0625, 0.0625, 0.0625, 0.0625, 0.0625, 0.0625, 0.0625, 0.0625]
[TRAIN]: (1303/1600): reward: 21.256622701883316, rates: 21.256622701523163, loss: 0.4494883127510548, rho: 0.15625, transmit_actions: 20, P: [0.0, 0.0625, 0.0625, 0.0625, 0.0625, 0.0625, 0.0625, 0.0625, 0.0625, 0.0625, 0.0625, 0.0625, 0.0625, 0.0625, 0.0625, 0.0625, 0.0625, 0.0625, 0.0625, 0.125]
[TRAIN]: (1304/1600): reward: 18.6509467959404, rates: 18.65094689407859, loss: 0.5678305178880692, rho: 0.175, transmit_actions: 20, P: [0.0, 0.0625, 0.0625, 0.0625, 0.0625, 0.0625, 0.0625, 0.0625, 0.0625, 0.0625, 0.0625, 0.0625, 0.0625, 0.0625, 0.0625, 0.0625, 0.0625, 0.0625, 0.0625, 0.0625]
[TRAIN]: (1305/1600): reward: 19.267558217048645, rates: 19.26755802440907, loss: 0.4908186785876751, rho: 0.175, transmit_actions: 20, P: [0.0, 0.0625, 0.0625, 0.0625, 0.0625, 0.0625, 0.0625, 0.0625, 0.125, 0.0625, 0.0625, 0.0625, 0.0625, 0.0625, 0.0625, 0.0625, 0.0625, 0.0625, 0.0625, 0.0625]
[TRAIN]: (1306/1600): reward: 23.751188039779663, rates: 23.75118792240653, loss: 0.506680192053318, rho: 0.175, transmit_actions: 20, P: [0.0, 0.0625, 0.125, 0.125, 0.0625, 0.0625, 0.0625, 0.0625, 0.0625, 0.0625, 0.0625, 0.0625, 0.0625, 0.0625, 0.0625, 0.125, 0.0625, 0.0625, 0.0625, 0.0625]
[TRAIN]: (1307/1600): reward: 18.91929093003273, rates: 18.91929083183451, loss: 0.5245963111519814, rho: 0.175, transmit_actions: 19, P: [0.0, 0.875, 0.0625, 0.0625, 0.0625, 0.0625, 0.0625, 0.0625, 0.0625, 0.0625, 0.0625, 0.0625, 0.0625, 0.0625, 0.0625, 0.0625, 0.0625, 0.0625, 0.0625, 0.0625]
[TRAIN]: (1308/1600): reward: 15.63365576416254, rates: 15.633655730313812, loss: 0.5286898672580719, rho: 0.1875, transmit_actions: 19, P: [0.0, 1.0, 0.0625, 0.0625, 0.0625, 0.125, 0.0625, 0.0625, 0.0625, 0.0625, 0.0625, 0.0625, 0.0625, 0.0625, 0.0625, 0.0625, 0.0625, 0.0625, 0.0625, 0.0625]
[TRAIN]: (1309/1600): reward: 17.25888729095459, rates: 18.25888724472878, loss: 0.472011099755764, rho: 0.15, transmit_actions: 20, P: [0.0, 0.0625, 0.0625, 0.0625, 0.0625, 0.0625, 0.0625, 0.0625, 0.0625, 0.0625, 0.125, 0.0625, 0.0625, 0.0625, 0.0625, 0.0625, 0.0625, 0.0625, 0.0625, 0.0625]
[TRAIN]: (1310/1600): reward: 19.467545300722122, rates: 21.467545347400296, loss: 0.5014817818999291, rho: 0.175, transmit_actions: 20, P: [0.0, 0.0625, 0.0625, 0.125, 0.0625, 0.0625, 0.0625, 0.0625, 0.0625, 0.0625, 0.0625, 0.0625, 0.0625, 0.0625, 0.0625, 0.0625, 0.0625, 0.0625, 0.0625, 0.0625]
[TRAIN]: (1311/1600): reward: 18.310473650693893, rates: 19.310473753974602, loss: 0.48282701820135115, rho: 0.18125, transmit_actions: 20, P: [0.0, 0.0625, 0.0625, 0.0625, 0.0625, 0.0625, 0.0625, 0.0625, 0.0625, 0.0625, 0.0625, 0.0625, 0.0625, 0.0625, 0.0625, 0.0625, 0.0625, 0.0625, 0.0625, 0.0625]
[TRAIN]: (1312/1600): reward: 18.073087722063065, rates: 18.073087626926522, loss: 0.528974088281393, rho: 0.175, transmit_actions: 20, P: [0.0, 0.0625, 0.0625, 0.0625, 0.0625, 0.0625, 0.0625, 0.0625, 0.0625, 0.0625, 0.0625, 0.0625, 0.0625, 0.0625, 0.0625, 0.0625, 0.0625, 0.0625, 0.0625, 0.0625]
[TRAIN]: (1313/1600): reward: 21.285096526145935, rates: 21.2850966078737, loss: 0.4518400512635708, rho: 0.15625, transmit_actions: 20, P: [0.0, 0.0625, 0.0625, 0.0625, 0.0625, 0.0625, 0.0625, 0.0625, 0.0625, 0.0625, 0.0625, 0.125, 0.0625, 0.0625, 0.0625, 0.0625, 0.0625, 0.0625, 0.0625, 0.0625]
[TRAIN]: (1314/1600): reward: 20.420943200588226, rates: 20.42094347496453, loss: 0.46101656556129456, rho: 0.15625, transmit_actions: 20, P: [0.0, 0.125, 0.0625, 0.0625, 0.0625, 0.0625, 0.0625, 0.0625, 0.0625, 0.0625, 0.0625, 0.0625, 0.0625, 0.0625, 0.0625, 0.0625, 0.0625, 0.0625, 0.0625, 0.0625]
[TRAIN]: (1315/1600): reward: 21.122857853770256, rates: 21.122858056065798, loss: 0.4255982913076878, rho: 0.18125, transmit_actions: 20, P: [0.0, 0.0625, 0.0625, 0.0625, 0.0625, 0.125, 0.0625, 0.0625, 0.0625, 0.0625, 0.0625, 0.0625, 0.0625, 0.0625, 0.0625, 0.0625, 0.0625, 0.0625, 0.0625, 0.125]
[TRAIN]: (1316/1600): reward: 20.329351499676704, rates: 20.329351666272967, loss: 0.4553773432970047, rho: 0.1625, transmit_actions: 20, P: [0.0, 0.0625, 0.0625, 0.0625, 0.0625, 0.0625, 0.0625, 0.0625, 0.0625, 0.0625, 0.0625, 0.0625, 0.0625, 0.0625, 0.0625, 0.0625, 0.0625, 0.0625, 0.0625, 0.0625]
[TRAIN]: (1317/1600): reward: 21.57818415760994, rates: 21.578184004206594, loss: 0.40715133473277093, rho: 0.1625, transmit_actions: 20, P: [0.0, 0.0625, 0.0625, 0.0625, 0.0625, 0.0625, 0.0625, 0.0625, 0.0625, 0.0625, 0.0625, 0.0625, 0.0625, 0.0625, 0.0625, 0.0625, 0.0625, 0.0625, 0.0625, 0.0625]
[TRAIN]: (1318/1600): reward: 6.292198970913887, rates: 18.29219894251993, loss: 0.5169593438506126, rho: 0.19375, transmit_actions: 19, P: [0.0, 0.0625, 0.0625, 0.0625, 0.0625, 0.0625, 0.0625, 0.0625, 0.0625, 0.0625, 0.6875, 0.0625, 0.0625, 0.0625, 0.0625, 0.0625, 0.5625, 0.0625, 0.125, 0.0625]
[TRAIN]: (1319/1600): reward: 18.796200156211853, rates: 18.796200210661286, loss: 0.5360901236534119, rho: 0.16875, transmit_actions: 20, P: [0.0, 0.0625, 0.0625, 0.0625, 0.0625, 0.0625, 0.0625, 0.0625, 0.0625, 0.0625, 0.0625, 0.0625, 0.0625, 0.0625, 0.0625, 0.0625, 0.0625, 0.0625, 0.0625, 0.0625]
[TRAIN]: (1320/1600): reward: 18.146724849939346, rates: 18.146724768124837, loss: 0.4743208087980747, rho: 0.1625, transmit_actions: 20, P: [0.0, 0.0625, 0.0625, 0.0625, 0.0625, 0.125, 0.0625, 0.0625, 0.0625, 0.0625, 0.0625, 0.0625, 0.0625, 0.0625, 0.0625, 0.0625, 0.0625, 0.0625, 0.0625, 0.0625]
[TRAIN]: (1321/1600): reward: 21.315849155187607, rates: 22.315849194882396, loss: 0.48167655020952227, rho: 0.14375, transmit_actions: 19, P: [0.8125, 0.0625, 0.0625, 0.125, 0.0625, 0.0625, 0.0625, 0.0625, 0.0625, 0.0625, 0.0625, 0.0625, 0.0625, 0.0625, 0.0625, 0.0625, 0.0625, 0.0625, 0.0625, 0.0625]
[TRAIN]: (1322/1600): reward: 19.31272855401039, rates: 19.312728460787024, loss: 0.4438149929046631, rho: 0.1625, transmit_actions: 19, P: [0.8125, 0.0625, 0.0625, 0.0625, 0.0625, 0.125, 0.0625, 0.0625, 0.0625, 0.0625, 0.0625, 0.0, 0.0625, 0.0625, 0.0625, 0.0625, 0.0625, 0.0625, 0.0625, 0.0625]
[TRAIN]: (1323/1600): reward: 20.39922896027565, rates: 21.399228925137262, loss: 0.5210083976387978, rho: 0.1375, transmit_actions: 19, P: [0.8125, 0.0625, 0.0625, 0.0625, 0.0625, 0.0625, 0.125, 0.0625, 0.125, 0.125, 0.0625, 0.0625, 0.0625, 0.0625, 0.0625, 0.125, 0.0625, 0.0625, 0.0625, 0.0625]
[TRAIN]: (1324/1600): reward: 22.94845563173294, rates: 22.94845560716527, loss: 0.502926929295063, rho: 0.1375, transmit_actions: 18, P: [0.8125, 0.75, 0.0625, 0.0625, 0.0625, 0.0625, 0.0625, 0.125, 0.0625, 0.0625, 0.0625, 0.0625, 0.0625, 0.0625, 0.0625, 0.0625, 0.0625, 0.0625, 0.0625, 0.0625]
[TRAIN]: (1325/1600): reward: 19.679379999637604, rates: 21.679379851041272, loss: 0.4557729847729206, rho: 0.14375, transmit_actions: 19, P: [0.8125, 0.0625, 0.0625, 0.0625, 0.0625, 0.0625, 0.0625, 0.0625, 0.125, 0.0625, 0.0625, 0.0625, 0.0625, 0.0625, 0.0625, 0.0625, 0.0625, 0.0625, 0.0625, 0.125]
[TRAIN]: (1326/1600): reward: 19.414353162050247, rates: 21.41435321532077, loss: 0.4754896618425846, rho: 0.14375, transmit_actions: 19, P: [0.8125, 0.125, 0.0625, 0.125, 0.0625, 0.0625, 0.0625, 0.0625, 0.0625, 0.0625, 0.0625, 0.0625, 0.0625, 0.0625, 0.0625, 0.0625, 0.0625, 0.0625, 0.0625, 0.0625]
[TRAIN]: (1327/1600): reward: 19.89938524365425, rates: 19.899385087315054, loss: 0.5026763677597046, rho: 0.175, transmit_actions: 19, P: [0.8125, 0.0625, 0.0625, 0.0625, 0.0625, 0.0625, 0.0625, 0.0625, 0.0625, 0.0625, 0.0625, 0.0625, 0.0625, 0.0625, 0.0625, 0.0625, 0.0625, 0.0625, 0.0625, 0.0625]
[TRAIN]: (1328/1600): reward: 23.103478103876114, rates: 23.10347803889239, loss: 0.4595728099346161, rho: 0.1375, transmit_actions: 19, P: [0.8125, 0.0625, 0.0625, 0.0625, 0.0625, 0.0625, 0.0625, 0.0625, 0.0625, 0.0625, 0.0625, 0.0625, 0.0625, 0.125, 0.0625, 0.0625, 0.0625, 0.0625, 0.0625, 0.0625]
[TRAIN]: (1329/1600): reward: 14.796168744564056, rates: 19.79616866453862, loss: 0.46181305646896365, rho: 0.15625, transmit_actions: 18, P: [0.8125, 0.0625, 0.0625, 0.0625, 0.0625, 0.0625, 0.0625, 0.9375, 0.0625, 0.0625, 0.0625, 0.0625, 0.125, 0.0625, 0.0625, 0.0625, 0.0625, 0.0625, 0.0625, 0.0625]
[TRAIN]: (1330/1600): reward: 20.823667883872986, rates: 21.823667855577746, loss: 0.5207224562764168, rho: 0.15625, transmit_actions: 19, P: [0.8125, 0.0625, 0.0625, 0.0625, 0.0625, 0.0625, 0.0625, 0.125, 0.0625, 0.0625, 0.125, 0.0625, 0.125, 0.0625, 0.125, 0.0625, 0.0625, 0.125, 0.0625, 0.0625]
[TRAIN]: (1331/1600): reward: 19.569535106420517, rates: 20.56953521489907, loss: 0.4546655438840389, rho: 0.14375, transmit_actions: 19, P: [0.8125, 0.0625, 0.125, 0.0625, 0.0625, 0.0625, 0.125, 0.125, 0.0625, 0.0625, 0.0625, 0.0625, 0.0625, 0.0625, 0.0625, 0.0625, 0.125, 0.125, 0.0625, 0.0625]
[TRAIN]: (1332/1600): reward: 21.354849606752396, rates: 21.35484963350549, loss: 0.4589213624596596, rho: 0.1625, transmit_actions: 19, P: [0.8125, 0.0625, 0.0625, 0.0625, 0.0625, 0.125, 0.0625, 0.125, 0.0625, 0.0625, 0.0625, 0.0625, 0.0625, 0.0625, 0.0625, 0.0625, 0.0625, 0.0625, 0.0625, 0.0625]
[TRAIN]: (1333/1600): reward: 20.254765301942825, rates: 20.254765427045502, loss: 0.4503123082220554, rho: 0.1375, transmit_actions: 19, P: [0.8125, 0.125, 0.0625, 0.0625, 0.0625, 0.0625, 0.0625, 0.0625, 0.0625, 0.0625, 0.0625, 0.0625, 0.0625, 0.0625, 0.0625, 0.0625, 0.0625, 0.0625, 0.0625, 0.0625]
[TRAIN]: (1334/1600): reward: 19.630859464406967, rates: 19.630859587390102, loss: 0.4699511654675007, rho: 0.1625, transmit_actions: 19, P: [0.8125, 0.0625, 0.0625, 0.0625, 0.0625, 0.0625, 0.0625, 0.0625, 0.0625, 0.0625, 0.0625, 0.0625, 0.125, 0.0625, 0.0625, 0.0625, 0.0625, 0.0625, 0.0625, 0.0625]
[TRAIN]: (1335/1600): reward: 19.23940259218216, rates: 19.239402650408245, loss: 0.4912842161953449, rho: 0.15625, transmit_actions: 19, P: [0.8125, 0.0625, 0.125, 0.0625, 0.0625, 0.0625, 0.0625, 0.0625, 0.0625, 0.0625, 0.0625, 0.0625, 0.0625, 0.0625, 0.0625, 0.0625, 0.0625, 0.0625, 0.0625, 0.0625]
[TRAIN]: (1336/1600): reward: 19.471266478300095, rates: 19.471266336323698, loss: 0.5002742059528827, rho: 0.16875, transmit_actions: 18, P: [0.8125, 0.75, 0.1875, 0.0625, 0.0625, 0.0625, 0.0625, 0.0625, 0.0625, 0.0625, 0.0625, 0.0625, 0.0625, 0.0625, 0.0625, 0.0625, 0.0625, 0.0625, 0.0625, 0.0625]
[TRAIN]: (1337/1600): reward: 18.74061319231987, rates: 18.740613197593, loss: 0.5000502482056618, rho: 0.15, transmit_actions: 19, P: [0.8125, 0.0625, 0.0625, 0.0625, 0.0625, 0.0625, 0.0625, 0.0625, 0.0625, 0.125, 0.0625, 0.0625, 0.0625, 0.0625, 0.0625, 0.0625, 0.0625, 0.0625, 0.0625, 0.0625]
[TRAIN]: (1338/1600): reward: 19.139412194490433, rates: 19.139412149433138, loss: 0.5127297826111317, rho: 0.14375, transmit_actions: 19, P: [0.8125, 0.0625, 0.0625, 0.0625, 0.0625, 0.0625, 0.0625, 0.0625, 0.0625, 0.0625, 0.0625, 0.0625, 0.0625, 0.0625, 0.0625, 0.0625, 0.0625, 0.0625, 0.0625, 0.0625]
[TRAIN]: (1339/1600): reward: 18.977459490299225, rates: 18.97745967678241, loss: 0.5111761808395385, rho: 0.1625, transmit_actions: 20, P: [0.0, 0.0625, 0.0625, 0.0625, 0.0625, 0.0625, 0.0625, 0.0625, 0.0625, 0.0625, 0.0625, 0.0625, 0.0625, 0.0625, 0.0625, 0.0625, 0.0625, 0.0625, 0.0625, 0.0625]
[TRAIN]: (1340/1600): reward: 18.154201239347458, rates: 18.154201246030205, loss: 0.47173591032624246, rho: 0.1625, transmit_actions: 20, P: [0.0, 0.0625, 0.0625, 0.0625, 0.0625, 0.0625, 0.0625, 0.0625, 0.0625, 0.0625, 0.0625, 0.0625, 0.0625, 0.0625, 0.0625, 0.0625, 0.0625, 0.0625, 0.0625, 0.125]
[TRAIN]: (1341/1600): reward: 18.992526799440384, rates: 18.992526789139074, loss: 0.48303294032812116, rho: 0.1625, transmit_actions: 20, P: [0.0, 0.0625, 0.0625, 0.0625, 0.0625, 0.0625, 0.0625, 0.0625, 0.0625, 0.0625, 0.0625, 0.0625, 0.0625, 0.0625, 0.0625, 0.0625, 0.0625, 0.0625, 0.0625, 0.0625]
[TRAIN]: (1342/1600): reward: 14.639577634632587, rates: 20.639577519540232, loss: 0.4741708569228649, rho: 0.19375, transmit_actions: 19, P: [0.0, 0.0, 0.0625, 0.0625, 0.0625, 0.0625, 0.0625, 0.0625, 0.625, 0.0625, 0.0625, 0.0625, 0.0625, 0.0625, 0.0625, 0.125, 0.0625, 0.0625, 0.0625, 0.0625]
[TRAIN]: (1343/1600): reward: 20.301988065242767, rates: 20.301988308091598, loss: 0.5910867728292942, rho: 0.15625, transmit_actions: 20, P: [0.0, 0.0625, 0.0625, 0.0625, 0.0625, 0.0625, 0.0625, 0.0625, 0.0625, 0.0625, 0.0625, 0.0625, 0.0625, 0.0625, 0.0625, 0.0625, 0.0625, 0.0625, 0.0625, 0.0625]
[TRAIN]: (1344/1600): reward: 21.695716500282288, rates: 21.695716577777183, loss: 0.5066970601677895, rho: 0.175, transmit_actions: 20, P: [0.0, 0.0625, 0.0625, 0.0625, 0.0625, 0.0625, 0.0625, 0.0625, 0.0625, 0.0625, 0.0625, 0.0625, 0.0625, 0.0625, 0.0625, 0.0625, 0.0625, 0.0625, 0.0625, 0.0625]
[TRAIN]: (1345/1600): reward: 20.40844389796257, rates: 20.408443877234607, loss: 0.48573244288563727, rho: 0.16875, transmit_actions: 20, P: [0.0, 0.0625, 0.125, 0.0625, 0.0625, 0.0625, 0.0625, 0.0625, 0.0625, 0.0625, 0.0625, 0.0625, 0.0625, 0.0625, 0.0625, 0.0625, 0.0625, 0.0625, 0.0625, 0.0625]
[TRAIN]: (1346/1600): reward: 18.069293946027756, rates: 18.069294229796196, loss: 0.41665057092905045, rho: 0.1625, transmit_actions: 20, P: [0.0, 0.0625, 0.0625, 0.0625, 0.0625, 0.0625, 0.0625, 0.0625, 0.0625, 0.0625, 0.0625, 0.0625, 0.0625, 0.0625, 0.125, 0.0625, 0.0625, 0.0625, 0.0625, 0.0625]
[TRAIN]: (1347/1600): reward: 20.066057220101357, rates: 20.06605706418221, loss: 0.5350386224687099, rho: 0.15625, transmit_actions: 20, P: [0.0, 0.0625, 0.0625, 0.125, 0.0625, 0.125, 0.0625, 0.0625, 0.0625, 0.0625, 0.0625, 0.0625, 0.0625, 0.0625, 0.0625, 0.0625, 0.0625, 0.0625, 0.0625, 0.0625]
[TRAIN]: (1348/1600): reward: 20.664301365613937, rates: 20.66430130215783, loss: 0.4950010351836681, rho: 0.16875, transmit_actions: 20, P: [0.0, 0.0625, 0.0625, 0.0625, 0.0625, 0.0625, 0.0625, 0.0625, 0.0625, 0.0625, 0.0625, 0.0625, 0.0625, 0.0625, 0.0625, 0.0625, 0.0625, 0.0625, 0.0625, 0.0625]
[TRAIN]: (1349/1600): reward: 19.939652606844902, rates: 20.939652593389667, loss: 0.49364118874073026, rho: 0.15, transmit_actions: 20, P: [0.0, 0.0625, 0.0625, 0.0625, 0.0625, 0.0625, 0.125, 0.0625, 0.0625, 0.0625, 0.0625, 0.0625, 0.0625, 0.0625, 0.0625, 0.0625, 0.0625, 0.0625, 0.0625, 0.0625]
[TRAIN]: (1350/1600): reward: 21.289801865816116, rates: 21.28980180644776, loss: 0.43987018838524816, rho: 0.15625, transmit_actions: 20, P: [0.0, 0.1875, 0.0625, 0.0625, 0.0625, 0.125, 0.0625, 0.0625, 0.0625, 0.0625, 0.0625, 0.0625, 0.0625, 0.0625, 0.0625, 0.0625, 0.0625, 0.0625, 0.0625, 0.0625]
[TRAIN]: (1351/1600): reward: 18.406706243753433, rates: 19.406706188469688, loss: 0.3881115265190601, rho: 0.15625, transmit_actions: 20, P: [0.0, 0.1875, 0.0625, 0.0625, 0.0625, 0.0625, 0.0625, 0.0625, 0.0625, 0.0625, 0.0625, 0.0625, 0.0625, 0.0625, 0.0625, 0.125, 0.0625, 0.0625, 0.0625, 0.0625]
[TRAIN]: (1352/1600): reward: 19.906510144472122, rates: 19.906509990926764, loss: 0.4861914485692978, rho: 0.15, transmit_actions: 18, P: [0.8125, 0.8125, 0.0625, 0.0625, 0.0625, 0.0625, 0.0625, 0.0625, 0.0625, 0.0625, 0.125, 0.0625, 0.0625, 0.0625, 0.0625, 0.0625, 0.0625, 0.0625, 0.0625, 0.0625]
[TRAIN]: (1353/1600): reward: 20.550819784402847, rates: 20.550819722613614, loss: 0.4955095425248146, rho: 0.13125, transmit_actions: 19, P: [0.8125, 0.0625, 0.0625, 0.0625, 0.0625, 0.0625, 0.0625, 0.0625, 0.125, 0.0625, 0.0625, 0.0625, 0.0625, 0.0625, 0.0625, 0.0625, 0.0625, 0.0625, 0.0625, 0.0625]
[TRAIN]: (1354/1600): reward: 14.797109425067902, rates: 19.797109586548455, loss: 0.4568783059716225, rho: 0.18125, transmit_actions: 19, P: [0.0, 0.0625, 0.0625, 0.0625, 0.0625, 0.0625, 0.0625, 0.0625, 0.0625, 0.125, 0.4375, 0.0625, 0.0625, 0.0625, 0.0625, 0.0625, 0.0625, 0.0625, 0.0625, 0.0625]
[TRAIN]: (1355/1600): reward: 17.96173197031021, rates: 17.961731667978587, loss: 0.5997402101755143, rho: 0.21875, transmit_actions: 20, P: [0.0, 0.0625, 0.125, 0.0625, 0.0625, 0.0625, 0.0625, 0.0625, 0.0625, 0.0625, 0.0625, 0.0625, 0.0625, 0.0625, 0.0625, 0.0625, 0.0625, 0.0625, 0.0625, 0.0625]
[TRAIN]: (1356/1600): reward: 18.885796815156937, rates: 19.88579688985425, loss: 0.4515523619949818, rho: 0.2, transmit_actions: 19, P: [0.8125, 0.0625, 0.125, 0.0625, 0.0625, 0.0625, 0.0625, 0.0625, 0.0625, 0.125, 0.0625, 0.0625, 0.0625, 0.0625, 0.125, 0.0625, 0.0625, 0.0625, 0.0625, 0.0625]
[TRAIN]: (1357/1600): reward: 22.876813143491745, rates: 22.87681306963568, loss: 0.47285077944397924, rho: 0.14375, transmit_actions: 19, P: [0.8125, 0.0625, 0.0625, 0.125, 0.0625, 0.0625, 0.0625, 0.0625, 0.0625, 0.0625, 0.0625, 0.0625, 0.0625, 0.0625, 0.0625, 0.0625, 0.0625, 0.0625, 0.0625, 0.0625]
[TRAIN]: (1358/1600): reward: 20.374118208885193, rates: 20.374117955304904, loss: 0.39292852506041526, rho: 0.1375, transmit_actions: 19, P: [0.8125, 0.0625, 0.0625, 0.0625, 0.0625, 0.0625, 0.125, 0.0625, 0.0625, 0.0625, 0.0625, 0.0625, 0.0625, 0.0625, 0.0625, 0.0625, 0.0625, 0.0625, 0.0625, 0.0625]
[TRAIN]: (1359/1600): reward: 20.502548813819885, rates: 20.502548872421592, loss: 0.4530681252479553, rho: 0.14375, transmit_actions: 19, P: [0.8125, 0.0, 0.0625, 0.0625, 0.0625, 0.0625, 0.0625, 0.0625, 0.0625, 0.0625, 0.0625, 0.0625, 0.0625, 0.0625, 0.0625, 0.0625, 0.0625, 0.0625, 0.0625, 0.0625]
[TRAIN]: (1360/1600): reward: 21.72812557220459, rates: 21.72812555492848, loss: 0.4697183080017567, rho: 0.13125, transmit_actions: 19, P: [0.8125, 0.0625, 0.0625, 0.0625, 0.0625, 0.0625, 0.0625, 0.0625, 0.0625, 0.0625, 0.0625, 0.0625, 0.0625, 0.0625, 0.0625, 0.0625, 0.0625, 0.0625, 0.0625, 0.0625]
[TRAIN]: (1361/1600): reward: 9.15635734796524, rates: 19.156357320363917, loss: 0.4863042362034321, rho: 0.16875, transmit_actions: 17, P: [0.8125, 0.0625, 0.0625, 0.0625, 0.0625, 0.125, 1.0, 0.0625, 0.0625, 0.0625, 0.0625, 0.125, 0.0625, 0.0625, 0.0625, 0.125, 0.125, 0.0625, 0.0625, 0.0625]
[TRAIN]: (1362/1600): reward: 20.803701013326645, rates: 20.803701222585374, loss: 0.40730602741241456, rho: 0.15, transmit_actions: 19, P: [0.8125, 0.0625, 0.0625, 0.0625, 0.125, 0.0625, 0.0625, 0.0625, 0.0625, 0.0625, 0.0625, 0.0625, 0.0625, 0.0625, 0.0625, 0.0625, 0.0625, 0.0625, 0.0625, 0.0625]
[TRAIN]: (1363/1600): reward: 20.57433983683586, rates: 20.574339851599486, loss: 0.5017353937029838, rho: 0.15, transmit_actions: 19, P: [0.8125, 0.0625, 0.0625, 0.0625, 0.0625, 0.0625, 0.0625, 0.0625, 0.0625, 0.0625, 0.0625, 0.0625, 0.0625, 0.0625, 0.0625, 0.0625, 0.0625, 0.0625, 0.0625, 0.0625]
[TRAIN]: (1364/1600): reward: 20.49723607301712, rates: 21.497236170704383, loss: 0.4427641130983829, rho: 0.15625, transmit_actions: 19, P: [0.8125, 0.125, 0.0625, 0.125, 0.0625, 0.0625, 0.0625, 0.0625, 0.0625, 0.0625, 0.125, 0.0625, 0.0625, 0.0625, 0.0625, 0.0625, 0.0625, 0.0625, 0.0625, 0.0625]
[TRAIN]: (1365/1600): reward: 20.139553010463715, rates: 20.13955292444981, loss: 0.476087486743927, rho: 0.14375, transmit_actions: 18, P: [0.8125, 0.75, 0.0625, 0.0625, 0.0625, 0.0625, 0.0625, 0.0625, 0.0625, 0.0625, 0.125, 0.0625, 0.125, 0.0625, 0.0625, 0.0625, 0.0625, 0.0625, 0.0625, 0.0625]
[TRAIN]: (1366/1600): reward: 18.512271493673325, rates: 19.512271371936276, loss: 0.42944336831569674, rho: 0.1625, transmit_actions: 19, P: [0.8125, 0.0625, 0.0625, 0.0625, 0.125, 0.0625, 0.0625, 0.0625, 0.0625, 0.0625, 0.0625, 0.0625, 0.0625, 0.0625, 0.0625, 0.0625, 0.0625, 0.0625, 0.0625, 0.125]
[TRAIN]: (1367/1600): reward: 18.235340416431427, rates: 18.235340371029512, loss: 0.49548800140619276, rho: 0.16875, transmit_actions: 19, P: [0.8125, 0.0625, 0.0625, 0.0625, 0.0625, 0.0625, 0.0625, 0.0625, 0.125, 0.0625, 0.0625, 0.0625, 0.0625, 0.0625, 0.0625, 0.0625, 0.0625, 0.0625, 0.0625, 0.0625]
[TRAIN]: (1368/1600): reward: 19.638852030038834, rates: 19.63885189530284, loss: 0.39311194270849226, rho: 0.15, transmit_actions: 19, P: [0.8125, 0.0625, 0.0625, 0.0625, 0.125, 0.0625, 0.0625, 0.0625, 0.0625, 0.0625, 0.0625, 0.0625, 0.0625, 0.0625, 0.0625, 0.0625, 0.0625, 0.0625, 0.0625, 0.0625]
[TRAIN]: (1369/1600): reward: 16.7134869992733, rates: 19.713486948894918, loss: 0.5403519943356514, rho: 0.15, transmit_actions: 19, P: [0.8125, 0.0625, 0.0625, 0.0625, 0.0625, 0.0625, 0.0625, 0.0625, 0.0625, 0.0625, 0.0625, 0.0625, 0.0625, 0.0625, 0.0625, 0.0625, 0.0625, 0.0625, 0.0625, 0.0625]
[TRAIN]: (1370/1600): reward: 20.36434555053711, rates: 20.364345563073087, loss: 0.5338570587337017, rho: 0.13125, transmit_actions: 19, P: [0.8125, 0.0625, 0.0625, 0.0625, 0.0625, 0.0625, 0.0625, 0.0625, 0.0625, 0.0625, 0.0625, 0.0625, 0.0625, 0.0625, 0.0625, 0.0625, 0.0625, 0.0625, 0.0625, 0.0625]
[TRAIN]: (1371/1600): reward: 21.21360558271408, rates: 21.21360559203086, loss: 0.4899498403072357, rho: 0.19375, transmit_actions: 19, P: [0.8125, 0.125, 0.125, 0.0625, 0.0625, 0.0625, 0.0625, 0.0625, 0.125, 0.125, 0.0625, 0.0625, 0.0625, 0.0625, 0.0625, 0.0625, 0.0625, 0.0625, 0.0625, 0.0625]
[TRAIN]: (1372/1600): reward: 21.990575283765793, rates: 21.990575437138776, loss: 0.4224556230008602, rho: 0.15, transmit_actions: 19, P: [0.8125, 0.0625, 0.0625, 0.0625, 0.0625, 0.0625, 0.0625, 0.0625, 0.0625, 0.0625, 0.0625, 0.0625, 0.0625, 0.0625, 0.0625, 0.0625, 0.0625, 0.0625, 0.0625, 0.0625]
[TRAIN]: (1373/1600): reward: 20.772219717502594, rates: 20.772219826016276, loss: 0.5220017977058887, rho: 0.15, transmit_actions: 19, P: [0.8125, 0.0625, 0.0625, 0.125, 0.0625, 0.0625, 0.0625, 0.0625, 0.0625, 0.0625, 0.0625, 0.0625, 0.0625, 0.0625, 0.0625, 0.0625, 0.125, 0.0625, 0.0625, 0.0625]
[TRAIN]: (1374/1600): reward: 21.202840983867645, rates: 21.20284079429314, loss: 0.4622613161802292, rho: 0.1625, transmit_actions: 19, P: [0.8125, 0.0625, 0.125, 0.0625, 0.0625, 0.0625, 0.0625, 0.0625, 0.0625, 0.0625, 0.0625, 0.0625, 0.0625, 0.0625, 0.0625, 0.0625, 0.0625, 0.0625, 0.0625, 0.0625]
[TRAIN]: (1375/1600): reward: 18.44570317864418, rates: 20.44570328015364, loss: 0.48620630651712415, rho: 0.1375, transmit_actions: 19, P: [0.8125, 0.125, 0.0625, 0.0625, 0.0625, 0.0625, 0.0625, 0.0625, 0.0625, 0.0625, 0.0625, 0.0625, 0.0625, 0.0625, 0.0625, 0.0625, 0.0625, 0.0625, 0.0625, 0.0625]
[TRAIN]: (1376/1600): reward: 18.689960956573486, rates: 18.689961120208544, loss: 0.4490881323814392, rho: 0.14375, transmit_actions: 19, P: [0.8125, 0.0625, 0.0625, 0.0625, 0.0625, 0.0625, 0.0625, 0.0625, 0.0625, 0.0625, 0.0625, 0.0625, 0.0625, 0.0625, 0.0625, 0.0625, 0.0625, 0.0625, 0.0625, 0.125]
[TRAIN]: (1377/1600): reward: 20.345549136400223, rates: 20.345549271825075, loss: 0.43165431544184685, rho: 0.14375, transmit_actions: 19, P: [0.8125, 0.0625, 0.125, 0.0625, 0.0625, 0.0625, 0.0625, 0.0625, 0.0625, 0.0625, 0.0625, 0.0625, 0.125, 0.0625, 0.0625, 0.0625, 0.0625, 0.0625, 0.0625, 0.0625]
[TRAIN]: (1378/1600): reward: 20.404904901981354, rates: 20.40490483067057, loss: 0.5533225677907467, rho: 0.1375, transmit_actions: 19, P: [0.8125, 0.0625, 0.0625, 0.0625, 0.0625, 0.0625, 0.0625, 0.0625, 0.0625, 0.0625, 0.0625, 0.0625, 0.0625, 0.0625, 0.0625, 0.0625, 0.0625, 0.0625, 0.0625, 0.0625]
[TRAIN]: (1379/1600): reward: 19.286685556173325, rates: 19.286685425516374, loss: 0.4359389416873455, rho: 0.15625, transmit_actions: 19, P: [0.8125, 0.0625, 0.0625, 0.0625, 0.0625, 0.0625, 0.0625, 0.0625, 0.0625, 0.0625, 0.0625, 0.0625, 0.0625, 0.125, 0.0625, 0.125, 0.0625, 0.0625, 0.0625, 0.0625]
[TRAIN]: (1380/1600): reward: 19.380620539188385, rates: 19.380620524818926, loss: 0.45034524500370027, rho: 0.13125, transmit_actions: 19, P: [0.8125, 0.0625, 0.0625, 0.0625, 0.125, 0.0625, 0.0625, 0.0625, 0.0625, 0.0625, 0.0625, 0.0625, 0.0625, 0.0625, 0.0625, 0.0625, 0.0625, 0.0625, 0.0625, 0.0625]
[TRAIN]: (1381/1600): reward: 21.092004477977753, rates: 21.092004522558486, loss: 0.4486247032880783, rho: 0.13125, transmit_actions: 19, P: [0.8125, 0.0625, 0.0625, 0.0625, 0.0625, 0.0625, 0.0625, 0.0625, 0.0625, 0.0625, 0.0625, 0.0625, 0.0625, 0.0625, 0.0625, 0.0625, 0.0625, 0.0625, 0.0625, 0.0625]
[TRAIN]: (1382/1600): reward: 19.307790368795395, rates: 19.30779038502789, loss: 0.44552977830171586, rho: 0.1625, transmit_actions: 19, P: [0.8125, 0.0625, 0.0625, 0.0625, 0.0625, 0.0625, 0.0625, 0.0625, 0.0625, 0.0625, 0.0625, 0.0625, 0.0625, 0.0625, 0.0625, 0.0625, 0.0625, 0.0625, 0.0625, 0.0625]
[TRAIN]: (1383/1600): reward: 19.122143536806107, rates: 19.122143605413967, loss: 0.41165446415543555, rho: 0.14375, transmit_actions: 19, P: [0.8125, 0.0625, 0.0625, 0.0625, 0.0625, 0.0625, 0.0625, 0.0625, 0.0625, 0.0625, 0.0625, 0.0625, 0.0625, 0.0625, 0.0625, 0.0625, 0.0625, 0.0625, 0.0625, 0.0625]
[TRAIN]: (1384/1600): reward: 19.42820331826806, rates: 19.428203323148367, loss: 0.4980319082736969, rho: 0.18125, transmit_actions: 19, P: [0.8125, 0.0625, 0.0625, 0.0625, 0.0625, 0.125, 0.0625, 0.0625, 0.0625, 0.0625, 0.0625, 0.0625, 0.0625, 0.0625, 0.0625, 0.0625, 0.0625, 0.0625, 0.0625, 0.0625]
[TRAIN]: (1385/1600): reward: 22.14547461271286, rates: 22.145474509143366, loss: 0.41315662264823916, rho: 0.14375, transmit_actions: 19, P: [0.8125, 0.0625, 0.125, 0.0625, 0.0625, 0.0625, 0.0625, 0.0625, 0.125, 0.0625, 0.125, 0.0625, 0.0625, 0.0625, 0.0625, 0.0625, 0.0625, 0.0625, 0.0625, 0.0625]
[TRAIN]: (1386/1600): reward: 14.975507020950317, rates: 19.975506831099395, loss: 0.4839737981557846, rho: 0.1375, transmit_actions: 18, P: [0.8125, 0.0625, 0.0625, 0.0625, 0.0625, 0.0625, 0.0625, 0.0625, 0.5625, 0.0625, 0.0625, 0.0625, 0.0625, 0.0625, 0.0625, 0.0625, 0.0625, 0.0625, 0.0625, 0.0625]
[TRAIN]: (1387/1600): reward: 18.90673289448023, rates: 19.906732860241775, loss: 0.3535144180059433, rho: 0.1375, transmit_actions: 19, P: [0.8125, 0.0625, 0.0625, 0.0625, 0.0625, 0.0625, 0.125, 0.0625, 0.0625, 0.125, 0.125, 0.0625, 0.0625, 0.0625, 0.0625, 0.0625, 0.0625, 0.125, 0.0625, 0.0625]
[TRAIN]: (1388/1600): reward: 18.95205107331276, rates: 18.952051138733168, loss: 0.4470363050699234, rho: 0.14375, transmit_actions: 19, P: [0.8125, 0.0625, 0.0625, 0.0625, 0.0625, 0.0625, 0.125, 0.0625, 0.0625, 0.0625, 0.0625, 0.0625, 0.0625, 0.0625, 0.0625, 0.0625, 0.0625, 0.0625, 0.0625, 0.0625]
[TRAIN]: (1389/1600): reward: 21.6733403429389, rates: 22.673340149691867, loss: 0.6467322841286659, rho: 0.13125, transmit_actions: 19, P: [0.8125, 0.0625, 0.0625, 0.0625, 0.0625, 0.0625, 0.0625, 0.0625, 0.0625, 0.0625, 0.0625, 0.125, 0.0625, 0.0625, 0.0625, 0.125, 0.0625, 0.0625, 0.0625, 0.0625]
[TRAIN]: (1390/1600): reward: 12.0672427713871, rates: 18.067242855407198, loss: 0.4220246642827988, rho: 0.125, transmit_actions: 19, P: [0.0625, 1.0, 0.0625, 0.0625, 0.0625, 0.0625, 0.0625, 0.0625, 0.0625, 0.125, 0.0625, 0.0625, 0.0625, 0.0625, 0.0625, 0.0625, 0.0625, 0.125, 0.0625, 0.0625]
[TRAIN]: (1391/1600): reward: 18.620981097221375, rates: 19.620981100188185, loss: 0.40441236793994906, rho: 0.15, transmit_actions: 19, P: [0.8125, 0.125, 0.0625, 0.0625, 0.0625, 0.0625, 0.0625, 0.0625, 0.0625, 0.0625, 0.0625, 0.0625, 0.0625, 0.0625, 0.0625, 0.0625, 0.0625, 0.0625, 0.0625, 0.0625]
[TRAIN]: (1392/1600): reward: 21.16283956170082, rates: 21.162839681017054, loss: 0.5753940768539906, rho: 0.14375, transmit_actions: 19, P: [0.8125, 0.0625, 0.0625, 0.0625, 0.0625, 0.0625, 0.0625, 0.0625, 0.0625, 0.0625, 0.0625, 0.0625, 0.0625, 0.0625, 0.0625, 0.0625, 0.125, 0.0625, 0.0625, 0.0625]
[TRAIN]: (1393/1600): reward: 15.557903796434402, rates: 20.557903714616636, loss: 0.4656511887907982, rho: 0.13125, transmit_actions: 19, P: [0.0625, 0.75, 0.0625, 0.0625, 0.125, 0.0625, 0.125, 0.0625, 0.0625, 0.125, 0.0625, 0.0625, 0.0625, 0.0625, 0.0625, 0.125, 0.0625, 0.0625, 0.0625, 0.0625]
[TRAIN]: (1394/1600): reward: 21.002631723880768, rates: 21.00263176159716, loss: 0.5012309342622757, rho: 0.15625, transmit_actions: 20, P: [0.0, 0.0625, 0.0625, 0.0625, 0.125, 0.0625, 0.0625, 0.0625, 0.0625, 0.0625, 0.0625, 0.0625, 0.0625, 0.0625, 0.0625, 0.0625, 0.0625, 0.0625, 0.0625, 0.0625]
[TRAIN]: (1395/1600): reward: 20.769648104906082, rates: 20.769648035485357, loss: 0.44707268103957176, rho: 0.15625, transmit_actions: 20, P: [0.0, 0.0625, 0.0625, 0.0625, 0.0625, 0.0625, 0.0625, 0.125, 0.0625, 0.0625, 0.0625, 0.0625, 0.0625, 0.0625, 0.0625, 0.0625, 0.125, 0.0625, 0.0625, 0.0625]
[TRAIN]: (1396/1600): reward: 18.970849841833115, rates: 19.970849754458808, loss: 0.4733218282461166, rho: 0.18125, transmit_actions: 20, P: [0.0, 0.0625, 0.0625, 0.125, 0.125, 0.0625, 0.0625, 0.0625, 0.0625, 0.0625, 0.0625, 0.0625, 0.0625, 0.0625, 0.125, 0.0625, 0.0625, 0.125, 0.0625, 0.0625]
[TRAIN]: (1397/1600): reward: 15.209630951285362, rates: 22.209631044207615, loss: 0.45565043687820433, rho: 0.1375, transmit_actions: 20, P: [0.0625, 0.0625, 0.0625, 0.0625, 0.0625, 0.0625, 0.0625, 0.0625, 0.0625, 0.0625, 0.0625, 0.0625, 0.125, 0.0625, 0.0625, 0.0625, 0.0625, 0.0625, 0.0625, 0.0625]
[TRAIN]: (1398/1600): reward: 18.064385533332825, rates: 23.06438542186549, loss: 0.47930834665894506, rho: 0.14375, transmit_actions: 20, P: [0.0625, 0.0625, 0.0625, 0.0625, 0.0625, 0.0625, 0.0625, 0.0625, 0.0625, 0.0625, 0.0625, 0.0625, 0.0625, 0.0625, 0.0625, 0.0625, 0.0625, 0.0625, 0.0625, 0.0625]
[TRAIN]: (1399/1600): reward: 8.726821333169937, rates: 17.7268213465938, loss: 0.5458336912095547, rho: 0.1625, transmit_actions: 20, P: [0.0625, 0.0, 0.0625, 0.0625, 0.0625, 0.0625, 0.0625, 0.0625, 0.0625, 0.0625, 0.0625, 0.0625, 0.0625, 0.5, 0.0625, 0.0625, 0.0625, 0.0625, 0.0625, 0.0625]
[TRAIN]: (1400/1600): reward: 17.566828720271587, rates: 18.566828615899666, loss: 0.4616306111216545, rho: 0.14375, transmit_actions: 19, P: [0.8125, 0.0625, 0.0625, 0.0625, 0.0625, 0.0625, 0.0625, 0.0625, 0.0625, 0.0625, 0.0625, 0.125, 0.0625, 0.0625, 0.0625, 0.0625, 0.0625, 0.125, 0.0625, 0.0625]
[TRAIN]: (1401/1600): reward: 19.26644755899906, rates: 20.266447487891558, loss: 0.49404250383377074, rho: 0.13125, transmit_actions: 19, P: [0.8125, 0.125, 0.0625, 0.0625, 0.0625, 0.0625, 0.125, 0.0625, 0.0625, 0.0625, 0.0625, 0.0625, 0.0625, 0.0625, 0.0625, 0.0625, 0.0625, 0.0625, 0.0625, 0.0625]
[TRAIN]: (1402/1600): reward: 19.712306261062622, rates: 19.712306278101675, loss: 0.4490211419761181, rho: 0.15, transmit_actions: 19, P: [0.8125, 0.0625, 0.0625, 0.125, 0.0625, 0.0625, 0.0625, 0.0625, 0.125, 0.0625, 0.0625, 0.0625, 0.0625, 0.0625, 0.0625, 0.0625, 0.0625, 0.0625, 0.0625, 0.0625]
[TRAIN]: (1403/1600): reward: 18.427392840385437, rates: 18.427392982352075, loss: 0.4734616935253143, rho: 0.14375, transmit_actions: 19, P: [0.8125, 0.0625, 0.125, 0.0625, 0.0625, 0.0625, 0.0625, 0.0625, 0.0625, 0.0625, 0.0625, 0.0625, 0.0625, 0.0625, 0.0625, 0.0625, 0.0625, 0.0625, 0.0625, 0.0625]
[TRAIN]: (1404/1600): reward: 10.973350256681442, rates: 15.973350126276406, loss: 0.40478063374757767, rho: 0.19375, transmit_actions: 18, P: [0.8125, 0.0625, 0.0625, 0.0625, 0.0625, 0.0625, 0.0625, 0.0625, 0.0625, 0.0625, 0.0625, 0.0625, 0.0625, 0.0625, 0.0625, 0.0625, 0.0625, 0.4375, 0.0625, 0.0625]
[TRAIN]: (1405/1600): reward: 18.735725849866867, rates: 19.73572599070991, loss: 0.47057943418622017, rho: 0.16875, transmit_actions: 19, P: [0.8125, 0.0625, 0.0625, 0.0625, 0.0625, 0.0625, 0.0625, 0.0625, 0.0625, 0.0625, 0.0625, 0.0625, 0.0625, 0.0625, 0.0625, 0.0625, 0.0625, 0.0625, 0.0625, 0.0625]
[TRAIN]: (1406/1600): reward: 20.428603917360306, rates: 20.42860386263189, loss: 0.3903790734708309, rho: 0.15, transmit_actions: 19, P: [0.8125, 0.0625, 0.0625, 0.0625, 0.0625, 0.0625, 0.0625, 0.0625, 0.125, 0.0625, 0.0625, 0.0625, 0.0625, 0.0625, 0.0625, 0.0625, 0.0625, 0.125, 0.0625, 0.0625]
[TRAIN]: (1407/1600): reward: 20.945085734128952, rates: 20.945085815835764, loss: 0.4962498664855957, rho: 0.15625, transmit_actions: 19, P: [0.8125, 0.0625, 0.0625, 0.0625, 0.0625, 0.0625, 0.0625, 0.0625, 0.0625, 0.0625, 0.0625, 0.0625, 0.0625, 0.0625, 0.0625, 0.125, 0.0625, 0.0625, 0.0625, 0.0625]
[TRAIN]: (1408/1600): reward: 19.29206222295761, rates: 19.29206229328323, loss: 0.382876069098711, rho: 0.14375, transmit_actions: 18, P: [0.8125, 0.6875, 0.0625, 0.0625, 0.0625, 0.0625, 0.0625, 0.0625, 0.0625, 0.0625, 0.0625, 0.0625, 0.0625, 0.0625, 0.0625, 0.0625, 0.0625, 0.0625, 0.0625, 0.0625]
[TRAIN]: (1409/1600): reward: 20.816355913877487, rates: 22.816355918820687, loss: 0.4783768802881241, rho: 0.13125, transmit_actions: 19, P: [0.8125, 0.0625, 0.0625, 0.125, 0.0625, 0.0625, 0.0625, 0.0625, 0.0625, 0.0625, 0.0625, 0.0625, 0.0625, 0.0625, 0.0625, 0.0625, 0.0625, 0.0625, 0.0625, 0.0625]
[TRAIN]: (1410/1600): reward: 21.527928709983826, rates: 21.527928713236978, loss: 0.5182373277842999, rho: 0.1625, transmit_actions: 19, P: [0.8125, 0.0, 0.0625, 0.0625, 0.0625, 0.0625, 0.0625, 0.0625, 0.0625, 0.0625, 0.0625, 0.0625, 0.0625, 0.125, 0.0625, 0.0625, 0.0625, 0.0625, 0.0625, 0.0625]
[TRAIN]: (1411/1600): reward: 20.301167011260986, rates: 20.301167058115922, loss: 0.4505281917750835, rho: 0.15, transmit_actions: 18, P: [0.8125, 0.0625, 0.0625, 0.8125, 0.0625, 0.0625, 0.0625, 0.0625, 0.0625, 0.0625, 0.0625, 0.0625, 0.0625, 0.0625, 0.0625, 0.0625, 0.0625, 0.0625, 0.0625, 0.0625]
[TRAIN]: (1412/1600): reward: 12.781920492649078, rates: 18.78192040201194, loss: 0.530855642259121, rho: 0.15625, transmit_actions: 19, P: [0.0625, 0.0625, 0.1875, 0.0625, 0.0625, 0.0625, 0.0625, 0.0625, 0.0625, 0.0625, 0.0625, 0.0625, 0.0625, 0.0625, 0.0625, 0.0625, 0.0625, 1.0, 0.0625, 0.0625]
[TRAIN]: (1413/1600): reward: 17.467860966920853, rates: 17.467861035858068, loss: 0.40789357349276545, rho: 0.14375, transmit_actions: 19, P: [0.75, 0.0625, 0.0625, 0.0625, 0.0625, 0.0625, 0.0625, 0.0625, 0.0625, 0.0625, 0.0625, 0.125, 0.0625, 0.0625, 0.0625, 0.0625, 0.0625, 0.0625, 0.0625, 0.0625]
[TRAIN]: (1414/1600): reward: 19.087026804685593, rates: 20.087026775560425, loss: 0.5608347684144974, rho: 0.15, transmit_actions: 19, P: [0.8125, 0.125, 0.0625, 0.0625, 0.0625, 0.0625, 0.0625, 0.125, 0.0625, 0.0625, 0.0625, 0.0625, 0.0625, 0.0625, 0.0625, 0.0625, 0.0625, 0.0625, 0.0625, 0.0625]
[TRAIN]: (1415/1600): reward: 21.333932161331177, rates: 21.333932020731613, loss: 0.5440693572163582, rho: 0.15, transmit_actions: 19, P: [0.8125, 0.0625, 0.0625, 0.0625, 0.0625, 0.0625, 0.0625, 0.0625, 0.0625, 0.0625, 0.0625, 0.0625, 0.0625, 0.0625, 0.0625, 0.0625, 0.0625, 0.0625, 0.0625, 0.0625]
[TRAIN]: (1416/1600): reward: 12.99768841266632, rates: 16.99768844099854, loss: 0.4801140733063221, rho: 0.15625, transmit_actions: 19, P: [0.8125, 0.0625, 0.0625, 0.0625, 0.0625, 0.0625, 0.0625, 0.0625, 0.0625, 0.0625, 0.0625, 0.0625, 0.125, 0.0625, 0.0625, 0.0625, 0.0625, 0.0625, 0.0625, 0.6875]
[TRAIN]: (1417/1600): reward: 22.48525097966194, rates: 22.48525077014242, loss: 0.4818086788058281, rho: 0.13125, transmit_actions: 19, P: [0.8125, 0.0625, 0.125, 0.0625, 0.0625, 0.0625, 0.0625, 0.0625, 0.0625, 0.0625, 0.0625, 0.0625, 0.0625, 0.0625, 0.0625, 0.0625, 0.0625, 0.0625, 0.0625, 0.0625]
[TRAIN]: (1418/1600): reward: 19.719677090644836, rates: 19.71967697590471, loss: 0.5020568609237671, rho: 0.175, transmit_actions: 20, P: [0.0, 0.0625, 0.0625, 0.0625, 0.0625, 0.0625, 0.0625, 0.0625, 0.0625, 0.0625, 0.0625, 0.0625, 0.0625, 0.0625, 0.0625, 0.0625, 0.0625, 0.0625, 0.0625, 0.0625]
[TRAIN]: (1419/1600): reward: 19.511220574378967, rates: 19.511220590017636, loss: 0.5573313891887665, rho: 0.175, transmit_actions: 20, P: [0.0, 0.0625, 0.0625, 0.0625, 0.0625, 0.0625, 0.0625, 0.0625, 0.0625, 0.0625, 0.0625, 0.0625, 0.0625, 0.0625, 0.0625, 0.0625, 0.0625, 0.0625, 0.0625, 0.0625]
[TRAIN]: (1420/1600): reward: 21.0536829829216, rates: 21.05368289499506, loss: 0.5179270014166832, rho: 0.13125, transmit_actions: 19, P: [0.75, 0.125, 0.0625, 0.0625, 0.125, 0.0625, 0.0625, 0.0625, 0.0625, 0.0625, 0.0625, 0.0625, 0.0625, 0.0625, 0.0625, 0.0625, 0.0625, 0.0625, 0.0625, 0.0625]
[TRAIN]: (1421/1600): reward: 9.306968867778778, rates: 19.306968945056813, loss: 0.44799175560474397, rho: 0.1375, transmit_actions: 19, P: [0.75, 0.0, 0.75, 0.0625, 0.0625, 0.0625, 0.0625, 0.0625, 0.0625, 0.0625, 0.0625, 0.0625, 0.0625, 0.0625, 0.0625, 0.0625, 0.0625, 0.0625, 0.125, 0.0625]
[TRAIN]: (1422/1600): reward: 18.721867948770523, rates: 19.72186797722878, loss: 0.4593059718608856, rho: 0.125, transmit_actions: 19, P: [0.75, 0.0625, 0.125, 0.0625, 0.0625, 0.0625, 0.125, 0.0625, 0.125, 0.0625, 0.0625, 0.0625, 0.0625, 0.0625, 0.125, 0.0625, 0.0625, 0.0625, 0.0625, 0.125]
[TRAIN]: (1423/1600): reward: 13.935804527252913, rates: 16.935804572145262, loss: 0.42120566964149475, rho: 0.13125, transmit_actions: 19, P: [0.75, 0.0625, 0.125, 0.0625, 0.0625, 0.0625, 0.0625, 0.125, 0.0625, 0.0625, 0.125, 0.0625, 0.125, 0.0625, 0.0625, 0.125, 0.0625, 0.0625, 0.0625, 0.0625]
[TRAIN]: (1424/1600): reward: 20.965397089719772, rates: 20.965397150275166, loss: 0.46262483596801757, rho: 0.15625, transmit_actions: 19, P: [0.75, 0.0625, 0.0625, 0.0625, 0.0625, 0.0625, 0.0625, 0.0625, 0.0625, 0.0625, 0.0625, 0.0625, 0.0625, 0.0625, 0.0625, 0.0625, 0.125, 0.0625, 0.0625, 0.0625]
[TRAIN]: (1425/1600): reward: 21.126225903630257, rates: 21.12622562483425, loss: 0.42632322013378143, rho: 0.14375, transmit_actions: 18, P: [0.75, 0.6875, 0.0625, 0.0625, 0.0625, 0.0625, 0.0625, 0.0625, 0.0625, 0.0625, 0.0625, 0.0625, 0.0625, 0.0625, 0.0625, 0.0625, 0.0625, 0.0625, 0.0625, 0.0625]
[TRAIN]: (1426/1600): reward: 19.305597633123398, rates: 19.305597763309002, loss: 0.3920921303331852, rho: 0.13125, transmit_actions: 19, P: [0.75, 0.0, 0.0625, 0.0625, 0.0625, 0.0625, 0.0625, 0.0625, 0.0625, 0.0625, 0.0625, 0.0625, 0.125, 0.0625, 0.0625, 0.125, 0.0625, 0.0625, 0.0625, 0.0625]
[TRAIN]: (1427/1600): reward: 19.433228462934494, rates: 19.433228406009817, loss: 0.47685605362057687, rho: 0.125, transmit_actions: 17, P: [0.75, 0.6875, 1.0, 0.0625, 0.0625, 0.0625, 0.125, 0.0625, 0.0625, 0.0625, 0.0625, 0.0625, 0.0625, 0.0625, 0.0625, 0.0625, 0.0625, 0.0625, 0.0625, 0.0625]
[TRAIN]: (1428/1600): reward: 19.3902450799942, rates: 19.39024507155368, loss: 0.41227781027555466, rho: 0.14375, transmit_actions: 18, P: [0.75, 0.8125, 0.0625, 0.0625, 0.0625, 0.125, 0.0625, 0.0625, 0.0625, 0.0625, 0.0625, 0.0625, 0.0625, 0.0625, 0.0625, 0.0625, 0.0625, 0.0625, 0.0625, 0.0625]
[TRAIN]: (1429/1600): reward: 12.940691590309143, rates: 17.940691563000495, loss: 0.4464926138520241, rho: 0.15, transmit_actions: 18, P: [0.75, 0.6875, 0.0625, 0.0625, 0.0625, 0.0625, 0.0625, 0.0625, 0.0625, 0.0625, 0.0625, 0.0625, 0.0625, 0.0625, 0.0625, 0.0625, 0.9375, 0.0625, 0.0625, 0.0625]
[TRAIN]: (1430/1600): reward: 18.736997798085213, rates: 19.73699766644884, loss: 0.47650851756334306, rho: 0.125, transmit_actions: 19, P: [0.75, 0.0625, 0.0625, 0.0625, 0.0625, 0.0625, 0.0625, 0.0625, 0.0625, 0.0625, 0.0625, 0.0625, 0.0625, 0.0625, 0.125, 0.0625, 0.0625, 0.0625, 0.125, 0.0625]
[TRAIN]: (1431/1600): reward: 22.02162742614746, rates: 22.021627290061577, loss: 0.42489671558141706, rho: 0.1375, transmit_actions: 19, P: [0.75, 0.0625, 0.0625, 0.0625, 0.0625, 0.0625, 0.0625, 0.0625, 0.0625, 0.0625, 0.0625, 0.0625, 0.0625, 0.0625, 0.0625, 0.0625, 0.0625, 0.0625, 0.0625, 0.0625]
[TRAIN]: (1432/1600): reward: 21.21839290857315, rates: 21.218392924011944, loss: 0.46312867999076845, rho: 0.13125, transmit_actions: 19, P: [0.75, 0.0625, 0.0625, 0.0625, 0.0625, 0.0625, 0.125, 0.0625, 0.0625, 0.0625, 0.0625, 0.0625, 0.0625, 0.0625, 0.0625, 0.0625, 0.0625, 0.0625, 0.0625, 0.0625]
[TRAIN]: (1433/1600): reward: 19.002534955739975, rates: 19.00253502782975, loss: 0.4328516386449337, rho: 0.13125, transmit_actions: 19, P: [0.8125, 0.0625, 0.0625, 0.0625, 0.0625, 0.0625, 0.0625, 0.0625, 0.0625, 0.0625, 0.0625, 0.0625, 0.0625, 0.0625, 0.0625, 0.0625, 0.0625, 0.0625, 0.0625, 0.0625]
[TRAIN]: (1434/1600): reward: 22.717484891414642, rates: 23.71748496001483, loss: 0.48539615273475645, rho: 0.13125, transmit_actions: 19, P: [0.8125, 0.0625, 0.125, 0.0625, 0.125, 0.125, 0.0625, 0.125, 0.125, 0.0625, 0.0625, 0.125, 0.0625, 0.0625, 0.0625, 0.125, 0.0625, 0.0625, 0.0625, 0.0625]
[TRAIN]: (1435/1600): reward: 19.116120845079422, rates: 19.1161209961611, loss: 0.43562010675668716, rho: 0.1625, transmit_actions: 19, P: [0.8125, 0.0625, 0.0625, 0.0625, 0.0625, 0.0625, 0.125, 0.0625, 0.0625, 0.0625, 0.0625, 0.0625, 0.0625, 0.0625, 0.0625, 0.0625, 0.0625, 0.0625, 0.0625, 0.0625]
[TRAIN]: (1436/1600): reward: 9.784737825393677, rates: 17.784737951979203, loss: 0.38351238891482353, rho: 0.175, transmit_actions: 17, P: [0.8125, 0.0, 1.0, 0.0625, 0.125, 0.0625, 0.0625, 0.0625, 0.0625, 0.5625, 0.0625, 0.0625, 0.0625, 0.0625, 0.0625, 0.0625, 0.0625, 0.0625, 0.0625, 0.0625]
[TRAIN]: (1437/1600): reward: 18.40508422255516, rates: 18.40508438676163, loss: 0.4430501788854599, rho: 0.1625, transmit_actions: 19, P: [0.75, 0.125, 0.0625, 0.0625, 0.0625, 0.0625, 0.0625, 0.0625, 0.0625, 0.0625, 0.0625, 0.0625, 0.0625, 0.0625, 0.0625, 0.0625, 0.0625, 0.0625, 0.0625, 0.0625]
[TRAIN]: (1438/1600): reward: 20.749399930238724, rates: 20.749399896172136, loss: 0.47037273943424224, rho: 0.14375, transmit_actions: 19, P: [0.75, 0.125, 0.0625, 0.0625, 0.125, 0.0625, 0.0625, 0.0625, 0.0625, 0.125, 0.0625, 0.0625, 0.0625, 0.0625, 0.0625, 0.0625, 0.125, 0.0625, 0.0625, 0.0625]
[TRAIN]: (1439/1600): reward: 18.878288596868515, rates: 19.878288392398915, loss: 0.35988726690411565, rho: 0.1375, transmit_actions: 19, P: [0.75, 0.0625, 0.0625, 0.0625, 0.0625, 0.125, 0.0625, 0.0625, 0.0625, 0.0625, 0.0625, 0.0625, 0.125, 0.0625, 0.125, 0.0625, 0.0625, 0.0625, 0.0625, 0.0625]
[TRAIN]: (1440/1600): reward: 18.85693258047104, rates: 18.85693256825591, loss: 0.4489708386361599, rho: 0.13125, transmit_actions: 19, P: [0.75, 0.0625, 0.0625, 0.0625, 0.0625, 0.125, 0.0625, 0.0625, 0.0625, 0.0625, 0.0625, 0.0625, 0.0625, 0.0625, 0.0625, 0.0625, 0.0625, 0.0625, 0.0625, 0.0625]
[TRAIN]: (1441/1600): reward: 18.21514880657196, rates: 18.215148906966952, loss: 0.4005533687770367, rho: 0.18125, transmit_actions: 19, P: [0.8125, 0.0625, 0.0625, 0.0625, 0.0625, 0.0625, 0.0625, 0.0625, 0.0625, 0.0625, 0.0625, 0.0625, 0.0625, 0.0625, 0.0625, 0.0625, 0.0625, 0.0625, 0.0625, 0.0625]
[TRAIN]: (1442/1600): reward: 19.83220499753952, rates: 19.832204986894588, loss: 0.4455222100019455, rho: 0.1375, transmit_actions: 19, P: [0.75, 0.0625, 0.0625, 0.0625, 0.0625, 0.0625, 0.125, 0.0625, 0.125, 0.0625, 0.0625, 0.0625, 0.0625, 0.0625, 0.0625, 0.0625, 0.0625, 0.0625, 0.0625, 0.0625]
[TRAIN]: (1443/1600): reward: 18.525119721889496, rates: 18.525119712024726, loss: 0.4798399768769741, rho: 0.13125, transmit_actions: 19, P: [0.8125, 0.0625, 0.0625, 0.0625, 0.0625, 0.0625, 0.0625, 0.0625, 0.0625, 0.0625, 0.0625, 0.0625, 0.0625, 0.0625, 0.0625, 0.0625, 0.0625, 0.0625, 0.0625, 0.0625]
[TRAIN]: (1444/1600): reward: 21.581637054681778, rates: 21.581637085985733, loss: 0.4695739485323429, rho: 0.15, transmit_actions: 18, P: [0.8125, 0.6875, 0.0625, 0.0625, 0.0625, 0.0625, 0.0625, 0.0625, 0.0625, 0.0625, 0.0625, 0.0625, 0.0625, 0.0625, 0.0625, 0.0625, 0.0625, 0.0625, 0.0625, 0.0625]
[TRAIN]: (1445/1600): reward: 19.220491409301758, rates: 19.220491422837316, loss: 0.5356821954250336, rho: 0.1625, transmit_actions: 19, P: [0.8125, 0.0625, 0.0625, 0.0625, 0.0625, 0.0625, 0.125, 0.0625, 0.125, 0.0625, 0.0625, 0.0625, 0.0625, 0.0625, 0.0625, 0.0625, 0.0625, 0.0625, 0.0625, 0.0625]
[TRAIN]: (1446/1600): reward: 18.15667885541916, rates: 18.15667887213343, loss: 0.5282677263021469, rho: 0.21875, transmit_actions: 19, P: [0.8125, 0.0625, 0.0625, 0.125, 0.0625, 0.0625, 0.0625, 0.0625, 0.0625, 0.0625, 0.0625, 0.0625, 0.0625, 0.0625, 0.0625, 0.0625, 0.0625, 0.0625, 0.0625, 0.0625]
[TRAIN]: (1447/1600): reward: 19.14926341176033, rates: 19.1492635693619, loss: 0.5355067767202855, rho: 0.13125, transmit_actions: 19, P: [0.8125, 0.0625, 0.0625, 0.0625, 0.0625, 0.0625, 0.0625, 0.0625, 0.0625, 0.0625, 0.0625, 0.0625, 0.0625, 0.125, 0.0625, 0.0625, 0.0625, 0.0625, 0.0625, 0.125]
[TRAIN]: (1448/1600): reward: 20.34544125199318, rates: 20.345441541784222, loss: 0.46092081144452096, rho: 0.1375, transmit_actions: 19, P: [0.8125, 0.0625, 0.0625, 0.0625, 0.0625, 0.0625, 0.0625, 0.0625, 0.0625, 0.0625, 0.0625, 0.0625, 0.0625, 0.0625, 0.0625, 0.0625, 0.0625, 0.0625, 0.0625, 0.0625]
[TRAIN]: (1449/1600): reward: 20.408694744110107, rates: 20.40869466281822, loss: 0.39972081780433655, rho: 0.1625, transmit_actions: 19, P: [0.8125, 0.0625, 0.0625, 0.0625, 0.0625, 0.0625, 0.0625, 0.0625, 0.0625, 0.0625, 0.0625, 0.0625, 0.0625, 0.0625, 0.0625, 0.0625, 0.0625, 0.0625, 0.0625, 0.0625]
[TRAIN]: (1450/1600): reward: 19.948605924844742, rates: 19.948606187027217, loss: 0.40841942504048345, rho: 0.15, transmit_actions: 19, P: [0.8125, 0.0625, 0.125, 0.0625, 0.0625, 0.0625, 0.0625, 0.0625, 0.0625, 0.0625, 0.125, 0.0625, 0.125, 0.0625, 0.0625, 0.0625, 0.0625, 0.0625, 0.0625, 0.0625]
[TRAIN]: (1451/1600): reward: 19.775258362293243, rates: 19.7752585433785, loss: 0.44673999547958376, rho: 0.175, transmit_actions: 19, P: [0.8125, 0.125, 0.0625, 0.0625, 0.0625, 0.0625, 0.0625, 0.0625, 0.0625, 0.0625, 0.0625, 0.0625, 0.0625, 0.0625, 0.0625, 0.0625, 0.0625, 0.0625, 0.0625, 0.0625]
[TRAIN]: (1452/1600): reward: 22.328020721673965, rates: 22.32802055593746, loss: 0.44754904583096505, rho: 0.13125, transmit_actions: 19, P: [0.8125, 0.0625, 0.0625, 0.0625, 0.125, 0.0625, 0.0625, 0.0625, 0.0625, 0.0625, 0.0625, 0.0625, 0.0625, 0.0625, 0.0625, 0.0625, 0.0625, 0.0625, 0.0625, 0.0625]
[TRAIN]: (1453/1600): reward: 20.61666126549244, rates: 21.61666128117213, loss: 0.40806808695197105, rho: 0.15, transmit_actions: 18, P: [0.8125, 0.8125, 0.0625, 0.0625, 0.0625, 0.125, 0.0625, 0.0625, 0.0625, 0.0625, 0.0625, 0.0625, 0.125, 0.0625, 0.0625, 0.0625, 0.0625, 0.0625, 0.0625, 0.0625]
[TRAIN]: (1454/1600): reward: 21.659241765737534, rates: 21.65924178671435, loss: 0.4097360447049141, rho: 0.15, transmit_actions: 19, P: [0.8125, 0.0625, 0.0625, 0.0625, 0.0625, 0.0625, 0.0625, 0.0625, 0.0625, 0.0625, 0.0625, 0.0625, 0.0625, 0.0625, 0.125, 0.0625, 0.0625, 0.0625, 0.0625, 0.0625]
[TRAIN]: (1455/1600): reward: 19.178057372570038, rates: 19.17805734435269, loss: 0.4990602031350136, rho: 0.19375, transmit_actions: 20, P: [0.0, 0.0625, 0.0625, 0.0625, 0.0625, 0.125, 0.0625, 0.0625, 0.0625, 0.0625, 0.125, 0.0625, 0.0625, 0.0625, 0.0625, 0.0625, 0.0625, 0.0625, 0.0625, 0.0625]
[TRAIN]: (1456/1600): reward: 21.363725883886218, rates: 22.363725850466224, loss: 0.4377140924334526, rho: 0.16875, transmit_actions: 20, P: [0.0, 0.0625, 0.0625, 0.0625, 0.0625, 0.0625, 0.0625, 0.0625, 0.0625, 0.0625, 0.0625, 0.0625, 0.0625, 0.0625, 0.0625, 0.0625, 0.0625, 0.125, 0.0625, 0.0625]
[TRAIN]: (1457/1600): reward: 19.74758818745613, rates: 19.747588342318075, loss: 0.46002941876649855, rho: 0.1625, transmit_actions: 17, P: [0.8125, 0.8125, 0.875, 0.0625, 0.0625, 0.0625, 0.0625, 0.0625, 0.0625, 0.0625, 0.0625, 0.0625, 0.0625, 0.0625, 0.0625, 0.0625, 0.0625, 0.0625, 0.0625, 0.0625]
[TRAIN]: (1458/1600): reward: 19.7303469479084, rates: 19.73034691944768, loss: 0.4429716795682907, rho: 0.15625, transmit_actions: 20, P: [0.0, 0.0625, 0.0625, 0.0625, 0.0625, 0.0625, 0.0625, 0.0625, 0.0625, 0.0625, 0.0625, 0.0625, 0.0625, 0.0625, 0.0625, 0.0625, 0.0625, 0.0625, 0.0625, 0.0625]
[TRAIN]: (1459/1600): reward: 15.432113498449326, rates: 19.43211331112099, loss: 0.3844604566693306, rho: 0.1875, transmit_actions: 19, P: [0.8125, 0.0625, 0.3125, 0.0625, 0.0625, 0.0625, 0.0625, 0.0625, 0.0625, 0.0625, 0.0625, 0.0625, 0.0625, 0.0625, 0.0625, 0.0625, 0.0625, 0.0625, 0.0625, 0.0625]
[TRAIN]: (1460/1600): reward: 21.294681012630463, rates: 22.29468099804798, loss: 0.4582512930035591, rho: 0.1375, transmit_actions: 19, P: [0.8125, 0.0625, 0.0625, 0.0625, 0.0625, 0.0625, 0.0625, 0.0625, 0.0625, 0.0625, 0.0625, 0.0625, 0.0625, 0.0625, 0.125, 0.0625, 0.0625, 0.0625, 0.0625, 0.0625]
[TRAIN]: (1461/1600): reward: 19.100368469953537, rates: 19.1003684693972, loss: 0.48162107542157173, rho: 0.1625, transmit_actions: 20, P: [0.0, 0.0625, 0.0625, 0.125, 0.0625, 0.0625, 0.0625, 0.0625, 0.0625, 0.0625, 0.0625, 0.0625, 0.0625, 0.0625, 0.0625, 0.0625, 0.0625, 0.0625, 0.0625, 0.0625]
[TRAIN]: (1462/1600): reward: 8.622727483510971, rates: 18.622727385850382, loss: 0.4853269912302494, rho: 0.23125, transmit_actions: 17, P: [0.75, 0.125, 0.0625, 0.125, 0.0625, 0.0625, 0.0625, 0.0625, 0.0625, 0.0625, 0.375, 0.125, 0.125, 0.0625, 0.1875, 0.0625, 0.0625, 0.125, 0.0625, 0.125]
[TRAIN]: (1463/1600): reward: 20.607926160097122, rates: 20.607926292885892, loss: 0.43662303015589715, rho: 0.175, transmit_actions: 19, P: [0.0, 0.8125, 0.0625, 0.0625, 0.0625, 0.0625, 0.0625, 0.0625, 0.0625, 0.0625, 0.0625, 0.0625, 0.125, 0.0625, 0.125, 0.0625, 0.0625, 0.125, 0.0625, 0.0625]
[TRAIN]: (1464/1600): reward: 19.225934386253357, rates: 19.225934490447912, loss: 0.39163802564144135, rho: 0.1875, transmit_actions: 20, P: [0.0, 0.0, 0.0625, 0.0625, 0.0625, 0.125, 0.0625, 0.0625, 0.0625, 0.0625, 0.0625, 0.0625, 0.0625, 0.0625, 0.0625, 0.0625, 0.0625, 0.0625, 0.0625, 0.0625]
[TRAIN]: (1465/1600): reward: 8.863595575094223, rates: 17.863595709812376, loss: 0.4067234009504318, rho: 0.2, transmit_actions: 19, P: [0.0, 0.0625, 0.0625, 0.0625, 0.0625, 0.125, 0.0625, 0.0625, 0.0625, 0.375, 0.0625, 0.0625, 0.0625, 0.0625, 0.0625, 0.0625, 0.75, 0.0625, 0.0625, 0.0625]
[TRAIN]: (1466/1600): reward: 19.659084171056747, rates: 19.65908419477928, loss: 0.4011189676821232, rho: 0.16875, transmit_actions: 20, P: [0.0, 0.0625, 0.0625, 0.0625, 0.0625, 0.0625, 0.0625, 0.0625, 0.0625, 0.125, 0.0625, 0.0625, 0.125, 0.0625, 0.0625, 0.125, 0.0625, 0.0625, 0.0625, 0.0625]
[TRAIN]: (1467/1600): reward: 12.88021445274353, rates: 17.88021443540209, loss: 0.3795341201126575, rho: 0.2, transmit_actions: 19, P: [0.0, 0.0625, 0.0625, 0.0625, 0.0625, 0.0625, 0.0625, 0.0625, 0.0625, 0.0625, 0.0625, 0.0625, 0.0625, 0.0625, 0.0625, 0.0625, 0.0625, 0.0625, 0.0625, 0.0625]
[TRAIN]: (1468/1600): reward: 20.719446778297424, rates: 20.719446597793315, loss: 0.39526760652661325, rho: 0.1625, transmit_actions: 20, P: [0.0, 0.0625, 0.0625, 0.0625, 0.0625, 0.0625, 0.0625, 0.0625, 0.0625, 0.0625, 0.0625, 0.0625, 0.0625, 0.0625, 0.0625, 0.0625, 0.0625, 0.0625, 0.0625, 0.0625]
[TRAIN]: (1469/1600): reward: 13.146136115305126, rates: 20.146135904752597, loss: 0.5207250081002712, rho: 0.1625, transmit_actions: 19, P: [0.0, 0.0625, 0.0625, 0.0625, 0.0625, 0.0625, 0.125, 0.0625, 0.0625, 0.125, 0.0625, 0.0625, 0.125, 0.25, 0.0625, 0.0625, 0.0625, 0.0625, 0.0625, 0.0625]
[TRAIN]: (1470/1600): reward: 18.97134792804718, rates: 18.97134803262467, loss: 0.4045800052583218, rho: 0.15, transmit_actions: 20, P: [0.0, 0.0625, 0.0625, 0.0625, 0.0625, 0.0625, 0.0625, 0.0625, 0.0625, 0.0625, 0.0625, 0.0625, 0.0625, 0.0625, 0.0625, 0.0625, 0.0625, 0.0625, 0.0625, 0.0625]
[TRAIN]: (1471/1600): reward: 21.189724028110504, rates: 21.189724208492283, loss: 0.38947042524814607, rho: 0.15, transmit_actions: 19, P: [0.0, 0.9375, 0.0625, 0.0625, 0.0625, 0.0625, 0.125, 0.0625, 0.0625, 0.0625, 0.0625, 0.0625, 0.0625, 0.0625, 0.0625, 0.0625, 0.0625, 0.0625, 0.0625, 0.0625]
[TRAIN]: (1472/1600): reward: 20.429530680179596, rates: 20.429530874830593, loss: 0.43605268821120263, rho: 0.1625, transmit_actions: 20, P: [0.0, 0.125, 0.0625, 0.0625, 0.0625, 0.125, 0.0625, 0.0625, 0.0625, 0.0625, 0.0625, 0.0625, 0.0625, 0.0625, 0.0625, 0.0625, 0.0625, 0.0625, 0.0625, 0.0625]
[TRAIN]: (1473/1600): reward: 22.307166635990143, rates: 22.307166713766414, loss: 0.35418308451771735, rho: 0.1625, transmit_actions: 20, P: [0.0, 0.0625, 0.0625, 0.0625, 0.0625, 0.0625, 0.0625, 0.0625, 0.0625, 0.0625, 0.0625, 0.0625, 0.0625, 0.125, 0.0625, 0.0625, 0.0625, 0.0625, 0.0625, 0.0625]
[TRAIN]: (1474/1600): reward: 20.43378546833992, rates: 20.433785502504577, loss: 0.4015918493270874, rho: 0.16875, transmit_actions: 20, P: [0.0, 0.0625, 0.0625, 0.0625, 0.0625, 0.0625, 0.0625, 0.0625, 0.0625, 0.0625, 0.0625, 0.0625, 0.0625, 0.0625, 0.0625, 0.0625, 0.125, 0.0625, 0.0625, 0.0625]
[TRAIN]: (1475/1600): reward: 19.51681461930275, rates: 20.516814675660335, loss: 0.4278179671615362, rho: 0.1875, transmit_actions: 20, P: [0.0, 0.0625, 0.125, 0.125, 0.0625, 0.0625, 0.0625, 0.0625, 0.125, 0.0625, 0.0625, 0.0625, 0.0625, 0.125, 0.0625, 0.0625, 0.0625, 0.0625, 0.0625, 0.0625]
[TRAIN]: (1476/1600): reward: 20.129901617765427, rates: 20.129901665615343, loss: 0.45953122451901435, rho: 0.175, transmit_actions: 19, P: [0.0, 0.8125, 0.0625, 0.0625, 0.0625, 0.0625, 0.0625, 0.125, 0.0625, 0.0625, 0.0625, 0.0625, 0.0625, 0.0625, 0.0625, 0.0625, 0.0625, 0.0625, 0.125, 0.0625]
[TRAIN]: (1477/1600): reward: 19.78640180826187, rates: 19.78640196617177, loss: 0.46340409368276597, rho: 0.16875, transmit_actions: 19, P: [0.0, 1.0, 0.0625, 0.0625, 0.0625, 0.0625, 0.0625, 0.0625, 0.0625, 0.0625, 0.0625, 0.0625, 0.0625, 0.0625, 0.0625, 0.0625, 0.0625, 0.0625, 0.0625, 0.0625]
[TRAIN]: (1478/1600): reward: 19.38630673289299, rates: 19.386306770582966, loss: 0.41138614118099215, rho: 0.175, transmit_actions: 20, P: [0.0, 0.0625, 0.125, 0.0625, 0.0625, 0.0625, 0.0625, 0.0625, 0.125, 0.0625, 0.0625, 0.0625, 0.0625, 0.0625, 0.0625, 0.0625, 0.0625, 0.0625, 0.0625, 0.0625]
[TRAIN]: (1479/1600): reward: 15.108143925666809, rates: 20.108144147068444, loss: 0.40447272807359697, rho: 0.175, transmit_actions: 19, P: [0.0, 0.0625, 0.0625, 0.0625, 0.0625, 0.0625, 0.0625, 0.5625, 0.0625, 0.125, 0.0625, 0.125, 0.0625, 0.0625, 0.0625, 0.0625, 0.0625, 0.0625, 0.0625, 0.0625]
[TRAIN]: (1480/1600): reward: 20.119206726551056, rates: 21.119206730169545, loss: 0.47875009328126905, rho: 0.15, transmit_actions: 20, P: [0.0, 0.0625, 0.0625, 0.0625, 0.0625, 0.0625, 0.0625, 0.125, 0.0625, 0.0625, 0.0625, 0.0625, 0.0625, 0.0625, 0.0625, 0.0625, 0.125, 0.0625, 0.0625, 0.0625]
[TRAIN]: (1481/1600): reward: 20.094038635492325, rates: 20.09403870776154, loss: 0.4186335876584053, rho: 0.1625, transmit_actions: 20, P: [0.0, 0.0625, 0.0625, 0.0625, 0.0625, 0.0625, 0.125, 0.0625, 0.125, 0.125, 0.0625, 0.0625, 0.0625, 0.0625, 0.0625, 0.0625, 0.0625, 0.0625, 0.0625, 0.0625]
[TRAIN]: (1482/1600): reward: 21.302305340766907, rates: 21.30230549631341, loss: 0.4158461831510067, rho: 0.175, transmit_actions: 20, P: [0.0, 0.0625, 0.0625, 0.0625, 0.0625, 0.125, 0.0625, 0.125, 0.0625, 0.0625, 0.0625, 0.0625, 0.0625, 0.0625, 0.0625, 0.0625, 0.0625, 0.0625, 0.0625, 0.0625]
[TRAIN]: (1483/1600): reward: 18.142564833164215, rates: 18.142564936434848, loss: 0.45700554400682447, rho: 0.175, transmit_actions: 20, P: [0.0, 0.0, 0.0625, 0.0625, 0.0625, 0.0625, 0.0625, 0.0625, 0.0625, 0.0625, 0.0625, 0.0625, 0.0625, 0.0625, 0.0625, 0.0625, 0.0625, 0.0625, 0.0625, 0.0625]
[TRAIN]: (1484/1600): reward: 11.247819751501083, rates: 18.247819440567017, loss: 0.39169151335954666, rho: 0.2, transmit_actions: 20, P: [0.0, 0.0625, 0.0625, 0.3125, 0.0625, 0.0625, 0.0625, 0.3125, 0.0625, 0.0625, 0.0625, 0.0625, 0.0625, 0.0625, 0.0625, 0.0625, 0.0625, 0.0625, 0.0625, 0.0625]
[TRAIN]: (1485/1600): reward: 20.513199508190155, rates: 21.513199500323683, loss: 0.43872378543019297, rho: 0.1875, transmit_actions: 20, P: [0.0, 0.0625, 0.0625, 0.0625, 0.0625, 0.0625, 0.125, 0.125, 0.0625, 0.0625, 0.0625, 0.0625, 0.0625, 0.0625, 0.0625, 0.0625, 0.0625, 0.0625, 0.125, 0.0625]
[TRAIN]: (1486/1600): reward: 17.42269667983055, rates: 19.42269683673629, loss: 0.39495066180825233, rho: 0.2, transmit_actions: 19, P: [0.0, 1.0, 0.0625, 0.0625, 0.0625, 0.0625, 0.0625, 0.0625, 0.5625, 0.0625, 0.125, 0.0625, 0.0625, 0.0625, 0.0625, 0.0625, 0.0625, 0.0625, 0.125, 0.0625]
[TRAIN]: (1487/1600): reward: 20.463463984429836, rates: 20.463463898450186, loss: 0.43681687489151955, rho: 0.21875, transmit_actions: 20, P: [0.0, 0.125, 0.125, 0.0625, 0.0625, 0.0625, 0.0625, 0.0625, 0.0625, 0.0625, 0.0625, 0.0625, 0.0625, 0.0625, 0.0625, 0.0625, 0.0625, 0.0625, 0.0625, 0.0625]
[TRAIN]: (1488/1600): reward: 22.53399658203125, rates: 22.533996579722455, loss: 0.4123840846121311, rho: 0.15625, transmit_actions: 19, P: [0.8125, 0.0625, 0.0625, 0.0625, 0.0625, 0.0625, 0.0625, 0.0625, 0.0625, 0.0625, 0.0625, 0.0625, 0.0625, 0.0625, 0.0625, 0.0625, 0.0625, 0.0625, 0.0625, 0.0625]
[TRAIN]: (1489/1600): reward: 13.298352271318436, rates: 18.298352267082077, loss: 0.41936384364962576, rho: 0.1875, transmit_actions: 19, P: [0.8125, 0.0625, 0.0625, 0.0625, 0.0625, 0.0625, 0.0625, 0.125, 0.0625, 0.0625, 0.0625, 0.0625, 0.0625, 0.0625, 0.0625, 0.0625, 0.9375, 0.0625, 0.125, 0.0625]
[TRAIN]: (1490/1600): reward: 21.00046169757843, rates: 21.00046151720351, loss: 0.4184098571538925, rho: 0.175, transmit_actions: 20, P: [0.0, 0.0625, 0.0625, 0.0625, 0.0625, 0.0625, 0.0625, 0.125, 0.0625, 0.0625, 0.0625, 0.0625, 0.0625, 0.0625, 0.0625, 0.0625, 0.0625, 0.0625, 0.0625, 0.0625]
[TRAIN]: (1491/1600): reward: 17.96095184981823, rates: 17.96095190939985, loss: 0.3927742101252079, rho: 0.16875, transmit_actions: 20, P: [0.0, 0.0625, 0.0625, 0.0625, 0.0625, 0.0625, 0.0625, 0.0625, 0.0625, 0.0625, 0.0625, 0.0625, 0.0625, 0.0625, 0.0625, 0.0625, 0.0625, 0.0625, 0.0625, 0.0625]
[TRAIN]: (1492/1600): reward: 18.96808983385563, rates: 20.968089667353727, loss: 0.46535616666078566, rho: 0.16875, transmit_actions: 19, P: [0.0, 0.0625, 0.0625, 0.0625, 0.0625, 0.0625, 0.125, 0.0625, 0.0625, 0.0625, 0.0625, 0.0625, 1.0, 0.0625, 0.0625, 0.0625, 0.125, 0.0625, 0.0625, 0.125]
[TRAIN]: (1493/1600): reward: 20.526823461055756, rates: 20.526823473681663, loss: 0.41799892857670784, rho: 0.175, transmit_actions: 20, P: [0.0, 0.0625, 0.0625, 0.0625, 0.0625, 0.0625, 0.0625, 0.0625, 0.0625, 0.0625, 0.0625, 0.0625, 0.0625, 0.0625, 0.0625, 0.0625, 0.0625, 0.0625, 0.0625, 0.0625]
[TRAIN]: (1494/1600): reward: 19.4600537866354, rates: 19.460053617629818, loss: 0.4318413034081459, rho: 0.2, transmit_actions: 20, P: [0.0, 0.0625, 0.0625, 0.0625, 0.0625, 0.125, 0.0625, 0.0625, 0.0625, 0.0625, 0.0625, 0.0625, 0.0625, 0.0625, 0.0625, 0.0625, 0.0625, 0.0625, 0.0625, 0.0625]
[TRAIN]: (1495/1600): reward: 20.66504268348217, rates: 21.66504253435884, loss: 0.5076049268245697, rho: 0.175, transmit_actions: 20, P: [0.0, 0.0625, 0.0625, 0.0625, 0.0625, 0.0625, 0.0625, 0.0625, 0.125, 0.0625, 0.125, 0.0625, 0.0625, 0.0625, 0.0625, 0.0625, 0.0625, 0.0625, 0.0625, 0.0625]
[TRAIN]: (1496/1600): reward: 23.15080490708351, rates: 23.150805165642293, loss: 0.4224591411650181, rho: 0.1875, transmit_actions: 20, P: [0.0, 0.0625, 0.0625, 0.0625, 0.0625, 0.0625, 0.0625, 0.0625, 0.0625, 0.0625, 0.125, 0.0625, 0.0625, 0.0625, 0.0625, 0.0625, 0.0625, 0.0625, 0.0625, 0.0625]
[TRAIN]: (1497/1600): reward: 22.796423971652985, rates: 22.796424085130663, loss: 0.46299623474478724, rho: 0.1625, transmit_actions: 20, P: [0.0, 0.0625, 0.0625, 0.0625, 0.0625, 0.0625, 0.0625, 0.0625, 0.0625, 0.0625, 0.0625, 0.0625, 0.0625, 0.0625, 0.0625, 0.0625, 0.0625, 0.0625, 0.0625, 0.0625]
[TRAIN]: (1498/1600): reward: 11.777857340872288, rates: 16.777857378592145, loss: 0.4004810184240341, rho: 0.225, transmit_actions: 19, P: [0.0, 0.0625, 0.0625, 0.0625, 0.0625, 0.0625, 0.125, 0.0625, 0.0625, 0.0625, 0.0625, 0.4375, 0.0625, 0.0625, 0.0625, 0.0625, 0.0625, 0.0625, 0.0625, 0.0625]
[TRAIN]: (1499/1600): reward: 15.518817946314812, rates: 18.518817783649435, loss: 0.4322263978421688, rho: 0.18125, transmit_actions: 20, P: [0.0, 0.0625, 0.125, 0.125, 0.0625, 0.125, 0.0625, 0.4375, 0.0625, 0.0625, 0.0625, 0.0625, 0.0625, 0.0625, 0.0625, 0.0625, 0.0625, 0.0625, 0.0625, 0.0625]
[TRAIN]: (1500/1600): reward: 20.555474638938904, rates: 20.555474549203034, loss: 0.4047882579267025, rho: 0.2, transmit_actions: 20, P: [0.0, 0.125, 0.0625, 0.0625, 0.0625, 0.0625, 0.0625, 0.0625, 0.0625, 0.0625, 0.0625, 0.0625, 0.0625, 0.0625, 0.0625, 0.0625, 0.0625, 0.0625, 0.0625, 0.0625]
[TRAIN]: (1501/1600): reward: 19.56925156712532, rates: 19.569251571818405, loss: 0.4189142338931561, rho: 0.1625, transmit_actions: 20, P: [0.0, 0.0625, 0.0625, 0.0625, 0.0625, 0.0625, 0.125, 0.0625, 0.0625, 0.0625, 0.0625, 0.0625, 0.0625, 0.0625, 0.0625, 0.0625, 0.0625, 0.125, 0.0625, 0.0625]
[TRAIN]: (1502/1600): reward: 19.354636937379837, rates: 19.354636935452955, loss: 0.4400938078761101, rho: 0.1625, transmit_actions: 20, P: [0.0, 0.0625, 0.0625, 0.0625, 0.0625, 0.0625, 0.0625, 0.0625, 0.0625, 0.0625, 0.0625, 0.0625, 0.0625, 0.0625, 0.0625, 0.0625, 0.0625, 0.0625, 0.0625, 0.0625]
[TRAIN]: (1503/1600): reward: 16.42814627289772, rates: 17.428146369728154, loss: 0.3874348521232605, rho: 0.19375, transmit_actions: 20, P: [0.0, 0.0625, 0.125, 0.0625, 0.0625, 0.0625, 0.0625, 0.0625, 0.125, 0.0625, 0.0625, 0.0625, 0.0625, 0.0625, 0.0625, 0.0625, 0.0625, 0.0625, 0.0625, 0.0625]
[TRAIN]: (1504/1600): reward: 20.89562636613846, rates: 20.895626242720667, loss: 0.3724663995206356, rho: 0.175, transmit_actions: 20, P: [0.0, 0.0625, 0.0625, 0.0625, 0.0625, 0.0625, 0.0625, 0.0625, 0.0625, 0.125, 0.0625, 0.0625, 0.0625, 0.0625, 0.0625, 0.0625, 0.0625, 0.0625, 0.0625, 0.0625]
[TRAIN]: (1505/1600): reward: 21.114530205726624, rates: 21.114530237493895, loss: 0.3897532247006893, rho: 0.19375, transmit_actions: 20, P: [0.0, 0.0625, 0.0625, 0.0625, 0.0625, 0.0625, 0.125, 0.0625, 0.0625, 0.0625, 0.0625, 0.0625, 0.0625, 0.0625, 0.0625, 0.0625, 0.0625, 0.0625, 0.0625, 0.0625]
[TRAIN]: (1506/1600): reward: 20.8998946249485, rates: 20.89989467995804, loss: 0.3979024477303028, rho: 0.18125, transmit_actions: 20, P: [0.0, 0.0625, 0.0625, 0.125, 0.0625, 0.0625, 0.0625, 0.0625, 0.0625, 0.0625, 0.0625, 0.0625, 0.0625, 0.0625, 0.0625, 0.0625, 0.0625, 0.0625, 0.0625, 0.0625]
[TRAIN]: (1507/1600): reward: 23.762841194868088, rates: 23.762841069388557, loss: 0.4461207643151283, rho: 0.16875, transmit_actions: 20, P: [0.0, 0.0625, 0.125, 0.0625, 0.0625, 0.0625, 0.0625, 0.0625, 0.0625, 0.0625, 0.0625, 0.0625, 0.0625, 0.0625, 0.0625, 0.0625, 0.0625, 0.0625, 0.0625, 0.0625]
[TRAIN]: (1508/1600): reward: 18.978581465780735, rates: 18.978581473643956, loss: 0.4647489473223686, rho: 0.2375, transmit_actions: 19, P: [0.0, 0.0625, 0.0625, 0.0625, 0.0625, 0.0625, 0.0625, 0.0625, 0.0625, 0.0625, 1.0, 0.0625, 0.0625, 0.0625, 0.0625, 0.0625, 0.0625, 0.0625, 0.0625, 0.0625]
[TRAIN]: (1509/1600): reward: 19.021591424942017, rates: 20.021591453802934, loss: 0.42052491679787635, rho: 0.18125, transmit_actions: 20, P: [0.0, 0.0625, 0.0625, 0.0625, 0.125, 0.0625, 0.0625, 0.0625, 0.0625, 0.0625, 0.0625, 0.0625, 0.0625, 0.0625, 0.0625, 0.125, 0.0625, 0.0625, 0.0625, 0.0625]
[TRAIN]: (1510/1600): reward: 20.924787640571594, rates: 20.92478773609211, loss: 0.46098510548472404, rho: 0.16875, transmit_actions: 20, P: [0.0, 0.0625, 0.0625, 0.0625, 0.0625, 0.0625, 0.0625, 0.0625, 0.0625, 0.0625, 0.0625, 0.0625, 0.0625, 0.0625, 0.0625, 0.0625, 0.0625, 0.0625, 0.0625, 0.0625]
[TRAIN]: (1511/1600): reward: 20.826883733272552, rates: 21.826883852477632, loss: 0.43060127943754195, rho: 0.1625, transmit_actions: 20, P: [0.0, 0.0625, 0.0625, 0.0625, 0.0625, 0.0625, 0.0625, 0.0625, 0.0625, 0.125, 0.0625, 0.0625, 0.0625, 0.0625, 0.0625, 0.0625, 0.0625, 0.0625, 0.125, 0.0625]
[TRAIN]: (1512/1600): reward: 12.951223194599152, rates: 19.951223217413784, loss: 0.43816581144928934, rho: 0.225, transmit_actions: 19, P: [0.0, 0.0625, 0.125, 0.0625, 0.125, 0.0625, 0.0625, 0.75, 0.0625, 0.0625, 0.125, 0.0625, 0.0625, 0.0625, 0.0625, 0.0625, 0.0625, 0.0625, 0.0625, 0.0625]
[TRAIN]: (1513/1600): reward: 20.41933585703373, rates: 20.419335798461574, loss: 0.4118083044886589, rho: 0.19375, transmit_actions: 20, P: [0.0, 0.0625, 0.0625, 0.0625, 0.125, 0.0625, 0.0625, 0.0625, 0.0625, 0.0625, 0.0625, 0.0625, 0.0625, 0.0625, 0.0625, 0.0625, 0.0625, 0.0625, 0.0625, 0.0625]
[TRAIN]: (1514/1600): reward: 19.642732352018356, rates: 20.642732375212333, loss: 0.39433082565665245, rho: 0.125, transmit_actions: 19, P: [0.75, 0.0625, 0.0625, 0.0625, 0.125, 0.0625, 0.0625, 0.0625, 0.0625, 0.0625, 0.125, 0.0625, 0.0625, 0.0625, 0.0625, 0.0625, 0.0625, 0.0625, 0.0625, 0.0625]
[TRAIN]: (1515/1600): reward: 19.980540961027145, rates: 19.98054081786478, loss: 0.4183329775929451, rho: 0.16875, transmit_actions: 20, P: [0.0, 0.0625, 0.0625, 0.0625, 0.0625, 0.0625, 0.0625, 0.0625, 0.0625, 0.0625, 0.0625, 0.0625, 0.0625, 0.0625, 0.0625, 0.0625, 0.0625, 0.0625, 0.0625, 0.0625]
[TRAIN]: (1516/1600): reward: 19.891281813383102, rates: 19.891281791517965, loss: 0.39384001716971395, rho: 0.13125, transmit_actions: 19, P: [0.6875, 0.0625, 0.0625, 0.0625, 0.0625, 0.0625, 0.0625, 0.0625, 0.0625, 0.0625, 0.0625, 0.0625, 0.0625, 0.0625, 0.0625, 0.0625, 0.0625, 0.0625, 0.0625, 0.0625]
[TRAIN]: (1517/1600): reward: 22.385725259780884, rates: 22.385725182569722, loss: 0.4718306727707386, rho: 0.14375, transmit_actions: 19, P: [0.6875, 0.0625, 0.0625, 0.0625, 0.0625, 0.0625, 0.0625, 0.0625, 0.0625, 0.0625, 0.0625, 0.0625, 0.125, 0.0625, 0.0625, 0.0625, 0.0625, 0.0625, 0.0625, 0.0625]
[TRAIN]: (1518/1600): reward: 18.081692665815353, rates: 18.081692546688252, loss: 0.3633660294115543, rho: 0.14375, transmit_actions: 19, P: [0.6875, 0.0625, 0.0625, 0.0625, 0.125, 0.0625, 0.0625, 0.0625, 0.0625, 0.0625, 0.0625, 0.0625, 0.0625, 0.0625, 0.0625, 0.0625, 0.0625, 0.0625, 0.0625, 0.0625]
[TRAIN]: (1519/1600): reward: 18.088674038648605, rates: 18.088673901435808, loss: 0.42728769332170485, rho: 0.1875, transmit_actions: 20, P: [0.0, 0.0625, 0.0625, 0.0625, 0.0625, 0.0625, 0.0625, 0.0625, 0.0625, 0.0625, 0.0625, 0.0625, 0.0625, 0.0625, 0.0625, 0.0625, 0.0625, 0.0625, 0.0625, 0.0625]
[TRAIN]: (1520/1600): reward: 18.140830725431442, rates: 19.140830924585018, loss: 0.39892947748303415, rho: 0.14375, transmit_actions: 19, P: [0.6875, 0.0625, 0.0625, 0.0625, 0.0625, 0.0625, 0.0625, 0.0625, 0.0625, 0.0625, 0.125, 0.0625, 0.0625, 0.0625, 0.0625, 0.0625, 0.0625, 0.125, 0.0625, 0.0625]
[TRAIN]: (1521/1600): reward: 20.74395477771759, rates: 20.7439548850386, loss: 0.4576484449207783, rho: 0.14375, transmit_actions: 19, P: [0.6875, 0.0625, 0.0625, 0.125, 0.0625, 0.0625, 0.0625, 0.0625, 0.0625, 0.0625, 0.0625, 0.0625, 0.0625, 0.0625, 0.125, 0.0625, 0.0625, 0.0625, 0.0625, 0.0625]
[TRAIN]: (1522/1600): reward: 20.342365026474, rates: 20.342364798211293, loss: 0.3768831707537174, rho: 0.13125, transmit_actions: 19, P: [0.6875, 0.0625, 0.0625, 0.0625, 0.0625, 0.0625, 0.0625, 0.0625, 0.0625, 0.0625, 0.0625, 0.0625, 0.0625, 0.0625, 0.0625, 0.0625, 0.0625, 0.0625, 0.0625, 0.0625]
[TRAIN]: (1523/1600): reward: 20.362007588148117, rates: 20.362007882550614, loss: 0.43939150795340537, rho: 0.14375, transmit_actions: 19, P: [0.6875, 0.0625, 0.0625, 0.0625, 0.0625, 0.0625, 0.0625, 0.0625, 0.0625, 0.0625, 0.0625, 0.0625, 0.0625, 0.125, 0.0625, 0.0625, 0.0625, 0.0625, 0.0625, 0.0625]
[TRAIN]: (1524/1600): reward: 18.099373444914818, rates: 19.099373422948055, loss: 0.3639389470219612, rho: 0.14375, transmit_actions: 19, P: [0.6875, 0.0625, 0.0625, 0.0625, 0.0625, 0.0625, 0.0625, 0.0625, 0.0625, 0.0625, 0.125, 0.0625, 0.0625, 0.0625, 0.0625, 0.0625, 0.0625, 0.0625, 0.0625, 0.0625]
[TRAIN]: (1525/1600): reward: 16.646493077278137, rates: 16.646493013012915, loss: 0.3837142437696457, rho: 0.15625, transmit_actions: 19, P: [0.6875, 0.0625, 0.0625, 0.0625, 0.0625, 0.0625, 0.0625, 0.0625, 0.0625, 0.0625, 0.0625, 0.0625, 0.0625, 0.0625, 0.0625, 0.0625, 0.0625, 0.0625, 0.0625, 0.0625]
[TRAIN]: (1526/1600): reward: 19.597332328557968, rates: 21.59733243834178, loss: 0.3991558164358139, rho: 0.1375, transmit_actions: 19, P: [0.6875, 0.0625, 0.0625, 0.0625, 0.0625, 0.0625, 0.0625, 0.0625, 0.0625, 0.0625, 0.0625, 0.0625, 0.125, 0.0625, 0.0625, 0.125, 0.0625, 0.0625, 0.0625, 0.0625]
[TRAIN]: (1527/1600): reward: 18.846974283456802, rates: 18.846974177007866, loss: 0.47872798293828966, rho: 0.1375, transmit_actions: 19, P: [0.6875, 0.125, 0.0625, 0.0625, 0.0625, 0.0625, 0.0625, 0.0625, 0.0625, 0.0625, 0.0625, 0.0625, 0.0625, 0.0625, 0.0625, 0.0625, 0.0625, 0.0625, 0.0625, 0.0625]
[TRAIN]: (1528/1600): reward: 12.41402705013752, rates: 19.414027070982105, loss: 0.4066801451146603, rho: 0.2125, transmit_actions: 18, P: [0.6875, 0.0625, 0.0625, 0.0625, 0.0625, 0.0625, 0.0625, 0.1875, 0.125, 0.0625, 0.0625, 0.0625, 0.0625, 0.0625, 0.0625, 0.0625, 0.0625, 0.0625, 0.125, 0.0625]
[TRAIN]: (1529/1600): reward: 19.542871803045273, rates: 19.542871996474414, loss: 0.396680049598217, rho: 0.1625, transmit_actions: 20, P: [0.0, 0.0625, 0.0625, 0.0625, 0.0625, 0.0625, 0.0625, 0.0625, 0.0625, 0.0625, 0.0625, 0.0625, 0.0625, 0.0625, 0.125, 0.0625, 0.0625, 0.0625, 0.0625, 0.0625]
[TRAIN]: (1530/1600): reward: 19.21444281935692, rates: 19.21444277168827, loss: 0.41801791191101073, rho: 0.2, transmit_actions: 20, P: [0.0, 0.0625, 0.0625, 0.0625, 0.0625, 0.0625, 0.0625, 0.0625, 0.125, 0.0625, 0.0, 0.0625, 0.0625, 0.0625, 0.0625, 0.0625, 0.0625, 0.0625, 0.0625, 0.0625]
[TRAIN]: (1531/1600): reward: 19.451288789510727, rates: 19.451288687750658, loss: 0.33455551564693453, rho: 0.175, transmit_actions: 20, P: [0.0, 0.0625, 0.0625, 0.0625, 0.0625, 0.0625, 0.0625, 0.0625, 0.125, 0.0625, 0.0625, 0.0625, 0.0625, 0.0625, 0.0625, 0.125, 0.0625, 0.0625, 0.0625, 0.0625]
[TRAIN]: (1532/1600): reward: 20.839885711669922, rates: 20.83988571533019, loss: 0.42569253519177436, rho: 0.15625, transmit_actions: 20, P: [0.0, 0.0625, 0.0625, 0.0625, 0.0625, 0.0625, 0.0625, 0.0625, 0.0625, 0.0625, 0.0625, 0.0625, 0.0625, 0.0625, 0.0625, 0.0625, 0.0625, 0.0625, 0.0625, 0.0625]
[TRAIN]: (1533/1600): reward: 13.714543491601944, rates: 18.714543655327343, loss: 0.44296966642141344, rho: 0.175, transmit_actions: 18, P: [0.0, 0.8125, 0.0625, 0.0625, 0.0625, 0.0625, 0.0625, 0.0625, 0.0625, 0.0625, 0.0625, 0.0625, 0.0625, 0.0625, 0.0625, 0.25, 0.0625, 0.0625, 0.0625, 0.0625]
[TRAIN]: (1534/1600): reward: 20.716213017702103, rates: 20.71621291471345, loss: 0.4874271214008331, rho: 0.16875, transmit_actions: 20, P: [0.0, 0.0625, 0.125, 0.0625, 0.0625, 0.0625, 0.125, 0.0625, 0.0625, 0.0625, 0.0625, 0.0625, 0.0625, 0.0625, 0.125, 0.0625, 0.0625, 0.0625, 0.125, 0.0625]
[TRAIN]: (1535/1600): reward: 19.155689418315887, rates: 19.155689427008213, loss: 0.39978938177227974, rho: 0.16875, transmit_actions: 20, P: [0.0, 0.0625, 0.0625, 0.0625, 0.0625, 0.0625, 0.0625, 0.0625, 0.0625, 0.0625, 0.0625, 0.0625, 0.0625, 0.0625, 0.0625, 0.0625, 0.0625, 0.0625, 0.0625, 0.0625]
[TRAIN]: (1536/1600): reward: 19.732066348195076, rates: 19.732066462763328, loss: 0.3913705922663212, rho: 0.1875, transmit_actions: 20, P: [0.0, 0.0625, 0.0625, 0.0625, 0.0625, 0.0625, 0.0625, 0.0625, 0.0625, 0.0625, 0.0625, 0.0625, 0.0625, 0.0625, 0.0625, 0.0625, 0.0625, 0.0625, 0.0625, 0.0625]
[TRAIN]: (1537/1600): reward: 20.06940531730652, rates: 20.069405299942833, loss: 0.3788367658853531, rho: 0.1625, transmit_actions: 20, P: [0.0, 0.0625, 0.0625, 0.0625, 0.0625, 0.0625, 0.0625, 0.0625, 0.0625, 0.0625, 0.0625, 0.0625, 0.0625, 0.0625, 0.0625, 0.0625, 0.125, 0.0625, 0.0625, 0.0625]
[TRAIN]: (1538/1600): reward: 18.450988054275513, rates: 18.450987913193508, loss: 0.3727250136435032, rho: 0.18125, transmit_actions: 20, P: [0.0, 0.0625, 0.0625, 0.0625, 0.0625, 0.0625, 0.0625, 0.0625, 0.0625, 0.0625, 0.0625, 0.0625, 0.0625, 0.0625, 0.0625, 0.0625, 0.0625, 0.0625, 0.0625, 0.0625]
[TRAIN]: (1539/1600): reward: 19.612167716026306, rates: 19.61216774967107, loss: 0.4273558683693409, rho: 0.18125, transmit_actions: 20, P: [0.0, 0.0625, 0.0625, 0.0625, 0.0625, 0.0625, 0.0625, 0.0625, 0.0625, 0.0625, 0.0625, 0.0625, 0.0625, 0.0625, 0.0625, 0.0625, 0.0625, 0.0625, 0.0625, 0.0625]
[TRAIN]: (1540/1600): reward: 20.551904171705246, rates: 20.551904152664665, loss: 0.41612673699855807, rho: 0.1875, transmit_actions: 20, P: [0.0, 0.125, 0.125, 0.0625, 0.0625, 0.0625, 0.0625, 0.0625, 0.0625, 0.0625, 0.0625, 0.0625, 0.0625, 0.0625, 0.0625, 0.0625, 0.0625, 0.0625, 0.0625, 0.0625]
[TRAIN]: (1541/1600): reward: 18.19890660047531, rates: 18.19890661791249, loss: 0.4387237221002579, rho: 0.16875, transmit_actions: 20, P: [0.0, 0.0625, 0.0625, 0.0625, 0.0625, 0.0625, 0.0625, 0.125, 0.0625, 0.0625, 0.0625, 0.0625, 0.0625, 0.0625, 0.0625, 0.0625, 0.0625, 0.0625, 0.0625, 0.0625]
[TRAIN]: (1542/1600): reward: 20.557685434818268, rates: 21.557685543414454, loss: 0.354489516466856, rho: 0.16875, transmit_actions: 20, P: [0.0, 0.0625, 0.0625, 0.0625, 0.0625, 0.125, 0.0625, 0.0625, 0.125, 0.0625, 0.0625, 0.0625, 0.125, 0.0625, 0.0625, 0.0625, 0.0625, 0.0625, 0.0625, 0.0625]
[TRAIN]: (1543/1600): reward: 13.966590821743011, rates: 18.96659086618759, loss: 0.3996712140738964, rho: 0.225, transmit_actions: 19, P: [0.0, 0.0625, 0.0625, 0.0625, 0.0625, 0.0625, 0.0625, 0.0625, 0.0625, 0.0625, 0.0625, 0.0625, 0.0625, 0.0625, 0.0625, 0.0625, 0.0625, 0.0625, 0.0625, 0.1875]
[TRAIN]: (1544/1600): reward: 18.202971503138542, rates: 18.202971450980165, loss: 0.43662154115736485, rho: 0.20625, transmit_actions: 20, P: [0.0, 0.0625, 0.0625, 0.0625, 0.0625, 0.0625, 0.0625, 0.0625, 0.0625, 0.0625, 0.0625, 0.0625, 0.0625, 0.0625, 0.0625, 0.0625, 0.125, 0.0625, 0.0625, 0.125]
[TRAIN]: (1545/1600): reward: 17.62576675415039, rates: 17.625766851490823, loss: 0.391141564399004, rho: 0.16875, transmit_actions: 20, P: [0.0, 0.0625, 0.0625, 0.0625, 0.0625, 0.0625, 0.0625, 0.0625, 0.0625, 0.0625, 0.0625, 0.0625, 0.0625, 0.0625, 0.0625, 0.0625, 0.0625, 0.0625, 0.0625, 0.0625]
[TRAIN]: (1546/1600): reward: 17.21415665745735, rates: 17.21415662602119, loss: 0.5019484505057334, rho: 0.20625, transmit_actions: 20, P: [0.0, 0.0625, 0.0625, 0.0625, 0.125, 0.0625, 0.0625, 0.0625, 0.0625, 0.0625, 0.0625, 0.0625, 0.0625, 0.0625, 0.0625, 0.0625, 0.0625, 0.0625, 0.0625, 0.0625]
[TRAIN]: (1547/1600): reward: 18.62619937956333, rates: 18.626199505224488, loss: 0.3828319631516933, rho: 0.1875, transmit_actions: 20, P: [0.0, 0.0625, 0.0625, 0.0625, 0.0625, 0.0625, 0.0625, 0.0625, 0.125, 0.0625, 0.0625, 0.125, 0.0625, 0.0625, 0.0625, 0.0625, 0.0625, 0.0625, 0.0625, 0.0625]
[TRAIN]: (1548/1600): reward: 21.40140986442566, rates: 21.401409758865405, loss: 0.39979625642299654, rho: 0.175, transmit_actions: 20, P: [0.0, 0.0625, 0.0625, 0.0625, 0.0625, 0.0625, 0.0625, 0.0625, 0.0625, 0.0625, 0.0625, 0.0625, 0.0625, 0.125, 0.0625, 0.0625, 0.0625, 0.0625, 0.0625, 0.0625]
[TRAIN]: (1549/1600): reward: 19.208249390125275, rates: 19.208249331724026, loss: 0.38052665516734124, rho: 0.18125, transmit_actions: 20, P: [0.0, 0.0625, 0.0625, 0.0625, 0.0625, 0.0625, 0.0625, 0.0625, 0.0625, 0.0625, 0.0625, 0.0625, 0.0625, 0.0625, 0.0625, 0.0625, 0.0625, 0.0625, 0.0625, 0.0625]
[TRAIN]: (1550/1600): reward: 19.7675803899765, rates: 19.767580590430228, loss: 0.4579538457095623, rho: 0.1875, transmit_actions: 20, P: [0.0, 0.0625, 0.0625, 0.0625, 0.0625, 0.0625, 0.0625, 0.0625, 0.0625, 0.0625, 0.0625, 0.0625, 0.0625, 0.0625, 0.125, 0.0625, 0.0625, 0.0625, 0.0625, 0.0625]
[TRAIN]: (1551/1600): reward: 19.214812695980072, rates: 19.214812645947166, loss: 0.3546381838619709, rho: 0.1375, transmit_actions: 19, P: [0.8125, 0.0625, 0.0625, 0.0625, 0.0625, 0.0625, 0.0625, 0.0625, 0.0625, 0.0625, 0.0625, 0.0625, 0.0625, 0.0625, 0.0625, 0.0625, 0.0625, 0.0625, 0.0625, 0.125]
[TRAIN]: (1552/1600): reward: 20.227724015712738, rates: 20.227723946586348, loss: 0.4653199464082718, rho: 0.1625, transmit_actions: 19, P: [0.8125, 0.0625, 0.0625, 0.0625, 0.0625, 0.125, 0.0625, 0.0625, 0.0625, 0.0625, 0.0625, 0.0625, 0.0625, 0.0625, 0.0625, 0.0625, 0.0625, 0.0625, 0.0625, 0.0625]
[TRAIN]: (1553/1600): reward: 21.38348037004471, rates: 22.38348042633574, loss: 0.32312508299946785, rho: 0.1375, transmit_actions: 19, P: [0.8125, 0.0625, 0.125, 0.0625, 0.0625, 0.0625, 0.0625, 0.0625, 0.0625, 0.0625, 0.0625, 0.0625, 0.0625, 0.0625, 0.0625, 0.0625, 0.0625, 0.0625, 0.0625, 0.0625]
[TRAIN]: (1554/1600): reward: 20.428688123822212, rates: 20.42868814772885, loss: 0.38377212136983874, rho: 0.1875, transmit_actions: 19, P: [0.8125, 0.0625, 0.0625, 0.0625, 0.0625, 0.0625, 0.0625, 0.0625, 0.0625, 0.0625, 0.0625, 0.0625, 0.0625, 0.0625, 0.0625, 0.0625, 0.0625, 0.0625, 0.0625, 0.0625]
[TRAIN]: (1555/1600): reward: 20.897485733032227, rates: 20.89748590159441, loss: 0.3968089960515499, rho: 0.13125, transmit_actions: 19, P: [0.8125, 0.0625, 0.125, 0.0625, 0.0625, 0.0625, 0.0625, 0.0625, 0.0625, 0.0625, 0.125, 0.0625, 0.0625, 0.0625, 0.0625, 0.0625, 0.0625, 0.0625, 0.0625, 0.0625]
[TRAIN]: (1556/1600): reward: 13.789600193500519, rates: 18.789600166356244, loss: 0.4106176972389221, rho: 0.18125, transmit_actions: 18, P: [0.8125, 0.0625, 0.0, 0.0625, 0.0625, 0.0625, 0.0625, 0.0625, 0.0625, 0.0625, 0.0625, 0.0625, 0.0625, 0.125, 0.0625, 0.0625, 0.0625, 0.0625, 0.0625, 0.0625]
[TRAIN]: (1557/1600): reward: 20.138151943683624, rates: 20.13815213048315, loss: 0.4191498808562756, rho: 0.1375, transmit_actions: 19, P: [0.8125, 0.0625, 0.0625, 0.0625, 0.0625, 0.0625, 0.0625, 0.0625, 0.0625, 0.0625, 0.0625, 0.0625, 0.125, 0.0625, 0.0625, 0.0625, 0.0625, 0.0625, 0.0625, 0.0625]
[TRAIN]: (1558/1600): reward: 18.54231606423855, rates: 18.542315953654388, loss: 0.44719865173101425, rho: 0.18125, transmit_actions: 20, P: [0.0, 0.0625, 0.0625, 0.0625, 0.0625, 0.0625, 0.0625, 0.0625, 0.0625, 0.0625, 0.0625, 0.0625, 0.0625, 0.0625, 0.0625, 0.0625, 0.0625, 0.0625, 0.0625, 0.0625]
[TRAIN]: (1559/1600): reward: 13.289855986833572, rates: 18.289855863762973, loss: 0.40516719669103624, rho: 0.20625, transmit_actions: 18, P: [0.0, 1.0, 0.125, 0.0625, 0.0625, 0.0625, 0.0625, 0.0625, 0.0625, 0.0625, 0.0625, 0.0625, 0.0625, 0.0625, 0.0625, 0.0625, 0.0625, 0.875, 0.0625, 0.0625]
[TRAIN]: (1560/1600): reward: 19.914341002702713, rates: 19.914340849320855, loss: 0.42279470413923265, rho: 0.1375, transmit_actions: 19, P: [0.6875, 0.0625, 0.0625, 0.0625, 0.0625, 0.0625, 0.0625, 0.0625, 0.0625, 0.0625, 0.125, 0.0625, 0.0625, 0.0625, 0.0625, 0.0625, 0.0625, 0.0625, 0.0625, 0.125]
[TRAIN]: (1561/1600): reward: 20.10990610718727, rates: 20.109906063623892, loss: 0.43311109840869905, rho: 0.1375, transmit_actions: 19, P: [0.6875, 0.0625, 0.0625, 0.0625, 0.0625, 0.0625, 0.0625, 0.0625, 0.0625, 0.0625, 0.0625, 0.0625, 0.0625, 0.0625, 0.0625, 0.0625, 0.0625, 0.0625, 0.0625, 0.0625]
[TRAIN]: (1562/1600): reward: 18.925099700689316, rates: 18.925099592632968, loss: 0.36480465307831766, rho: 0.1625, transmit_actions: 19, P: [0.6875, 0.0, 0.0625, 0.0625, 0.0625, 0.0625, 0.0625, 0.0625, 0.0625, 0.0625, 0.0625, 0.0625, 0.0625, 0.0625, 0.0625, 0.0625, 0.0625, 0.0625, 0.0625, 0.0625]
[TRAIN]: (1563/1600): reward: 16.194078654050827, rates: 21.19407866600418, loss: 0.4139142073690891, rho: 0.18125, transmit_actions: 19, P: [0.0, 0.0625, 0.125, 0.0625, 0.0625, 0.0625, 0.0625, 0.0625, 0.25, 0.0625, 0.0625, 0.0625, 0.0625, 0.0625, 0.0625, 0.0625, 0.0625, 0.0625, 0.0625, 0.0625]
[TRAIN]: (1564/1600): reward: 15.906316816806793, rates: 17.90631697275914, loss: 0.3676175199449062, rho: 0.15, transmit_actions: 19, P: [0.0, 0.6875, 0.0625, 0.0625, 0.0625, 0.0625, 0.0625, 0.0625, 0.125, 0.125, 0.0625, 0.0625, 0.0625, 0.0625, 0.0625, 0.0625, 0.0625, 0.0625, 0.0625, 0.0625]
[TRAIN]: (1565/1600): reward: 22.288770705461502, rates: 22.288770630251687, loss: 0.3935193598270416, rho: 0.15, transmit_actions: 20, P: [0.0, 0.0625, 0.0625, 0.0625, 0.0625, 0.0625, 0.0625, 0.0625, 0.0625, 0.0625, 0.0625, 0.0625, 0.0625, 0.0625, 0.0625, 0.0625, 0.0625, 0.0625, 0.0625, 0.125]
[TRAIN]: (1566/1600): reward: 20.063167363405228, rates: 20.06316758975155, loss: 0.494351352751255, rho: 0.19375, transmit_actions: 20, P: [0.0, 0.125, 0.0625, 0.0625, 0.0625, 0.125, 0.0625, 0.125, 0.0625, 0.0625, 0.0625, 0.0625, 0.0625, 0.125, 0.0625, 0.0625, 0.0625, 0.0625, 0.0625, 0.0625]
[TRAIN]: (1567/1600): reward: 14.162343189120293, rates: 19.16234312010663, loss: 0.35904241502285006, rho: 0.18125, transmit_actions: 19, P: [0.0, 0.0625, 0.0625, 0.25, 0.0625, 0.0625, 0.0625, 0.0625, 0.0625, 0.0625, 0.0625, 0.0625, 0.0625, 0.0625, 0.0625, 0.0625, 0.0625, 0.0625, 0.0625, 0.0625]
[TRAIN]: (1568/1600): reward: 22.101993709802628, rates: 23.101993484453875, loss: 0.4605450876057148, rho: 0.1875, transmit_actions: 20, P: [0.0, 0.125, 0.125, 0.0625, 0.0625, 0.0625, 0.0625, 0.0625, 0.0625, 0.0625, 0.0625, 0.0625, 0.0625, 0.0625, 0.0625, 0.0625, 0.0625, 0.0625, 0.0625, 0.0625]
[TRAIN]: (1569/1600): reward: 19.045364648103714, rates: 20.04536481693331, loss: 0.4405193105340004, rho: 0.1625, transmit_actions: 20, P: [0.0, 0.125, 0.0625, 0.0625, 0.0625, 0.0625, 0.125, 0.0625, 0.0625, 0.125, 0.0625, 0.0625, 0.0625, 0.0625, 0.0625, 0.0625, 0.0625, 0.0625, 0.0625, 0.0625]
[TRAIN]: (1570/1600): reward: 20.30266061425209, rates: 20.30266057228604, loss: 0.46755859106779096, rho: 0.16875, transmit_actions: 20, P: [0.0, 0.0625, 0.0625, 0.0625, 0.0625, 0.0625, 0.0625, 0.0625, 0.0625, 0.125, 0.0625, 0.0625, 0.0625, 0.0625, 0.0625, 0.0625, 0.0625, 0.0625, 0.0625, 0.0625]
[TRAIN]: (1571/1600): reward: 9.781633019447327, rates: 18.781632918709878, loss: 0.40486196205019953, rho: 0.2125, transmit_actions: 19, P: [0.0, 0.0625, 0.125, 0.375, 0.0625, 0.125, 0.0625, 0.0625, 0.0625, 0.0625, 0.0625, 0.8125, 0.0625, 0.0625, 0.0625, 0.5625, 0.0625, 0.0625, 0.0625, 0.0625]
[TRAIN]: (1572/1600): reward: 17.67324486374855, rates: 17.67324474136145, loss: 0.4659370698034763, rho: 0.175, transmit_actions: 20, P: [0.0, 0.125, 0.0625, 0.0625, 0.0625, 0.0625, 0.0625, 0.0625, 0.0625, 0.0625, 0.0625, 0.0625, 0.0625, 0.0625, 0.0625, 0.0625, 0.0625, 0.0625, 0.0625, 0.0625]
[TRAIN]: (1573/1600): reward: 19.021830171346664, rates: 20.02183029162621, loss: 0.3865914821624756, rho: 0.175, transmit_actions: 20, P: [0.0, 0.0625, 0.125, 0.0625, 0.0625, 0.0625, 0.0625, 0.0625, 0.0625, 0.0625, 0.0625, 0.0625, 0.0625, 0.0625, 0.0625, 0.0625, 0.125, 0.0625, 0.0625, 0.0625]
[TRAIN]: (1574/1600): reward: 13.492003709077835, rates: 18.492003729911204, loss: 0.45890516936779024, rho: 0.19375, transmit_actions: 19, P: [0.0, 0.0625, 0.4375, 0.0625, 0.0625, 0.0625, 0.0625, 0.0625, 0.0625, 0.0625, 0.0625, 0.0625, 0.0625, 0.0625, 0.0625, 0.0625, 0.0625, 0.0625, 0.0625, 0.125]
[TRAIN]: (1575/1600): reward: 20.505500733852386, rates: 20.505500758791904, loss: 0.4486814498901367, rho: 0.19375, transmit_actions: 20, P: [0.0, 0.0625, 0.125, 0.0625, 0.0625, 0.0625, 0.0625, 0.0625, 0.0625, 0.0625, 0.0625, 0.0625, 0.0625, 0.0625, 0.0625, 0.125, 0.0625, 0.125, 0.0625, 0.0625]
[TRAIN]: (1576/1600): reward: 15.833210527896881, rates: 19.833210674121837, loss: 0.42348456755280495, rho: 0.175, transmit_actions: 20, P: [0.0, 0.0625, 0.1875, 0.0625, 0.0625, 0.125, 0.125, 0.0625, 0.0625, 0.0625, 0.0625, 0.4375, 0.0625, 0.125, 0.0625, 0.0625, 0.0625, 0.0625, 0.0625, 0.0625]
[TRAIN]: (1577/1600): reward: 20.731094360351562, rates: 20.73109420143428, loss: 0.44993164017796516, rho: 0.1625, transmit_actions: 20, P: [0.0, 0.0625, 0.0625, 0.0625, 0.0625, 0.0625, 0.0625, 0.0625, 0.0625, 0.0625, 0.0625, 0.0625, 0.0625, 0.0625, 0.0625, 0.0625, 0.0625, 0.0625, 0.0625, 0.0625]
[TRAIN]: (1578/1600): reward: 21.518702000379562, rates: 21.51870204383317, loss: 0.35920771211385727, rho: 0.16875, transmit_actions: 20, P: [0.0, 0.0625, 0.0625, 0.0625, 0.0625, 0.0625, 0.125, 0.0625, 0.0625, 0.0625, 0.0625, 0.0625, 0.0625, 0.125, 0.0625, 0.0625, 0.0625, 0.0625, 0.0625, 0.0625]
[TRAIN]: (1579/1600): reward: 17.844911217689514, rates: 19.844910913105185, loss: 0.4026062622666359, rho: 0.1875, transmit_actions: 19, P: [0.6875, 0.0625, 0.0625, 0.0625, 0.125, 0.0625, 0.0625, 0.0625, 0.0625, 0.0625, 0.0625, 0.0625, 0.0625, 0.0625, 0.0625, 0.4375, 0.0625, 0.0625, 0.0625, 0.0625]
[TRAIN]: (1580/1600): reward: 19.919081062078476, rates: 20.919081016188546, loss: 0.414266562461853, rho: 0.1375, transmit_actions: 19, P: [0.6875, 0.0625, 0.125, 0.0625, 0.0625, 0.0625, 0.0625, 0.0625, 0.0625, 0.0625, 0.0625, 0.0625, 0.0625, 0.125, 0.125, 0.0625, 0.0625, 0.0625, 0.0625, 0.0625]
[TRAIN]: (1581/1600): reward: 15.700955480337143, rates: 16.700955466826098, loss: 0.3644356124103069, rho: 0.1625, transmit_actions: 18, P: [0.6875, 0.0625, 0.0625, 0.0625, 0.0625, 0.0625, 0.0625, 0.0625, 0.0625, 0.0625, 0.0625, 0.0625, 0.9375, 0.0625, 0.125, 0.0625, 0.0625, 0.0625, 0.0625, 0.0625]
[TRAIN]: (1582/1600): reward: 20.73866644501686, rates: 20.73866658628894, loss: 0.35923301205039027, rho: 0.175, transmit_actions: 20, P: [0.0, 0.0625, 0.0625, 0.0625, 0.0625, 0.0625, 0.0625, 0.0625, 0.0625, 0.0625, 0.0625, 0.125, 0.0625, 0.0625, 0.0625, 0.0625, 0.0625, 0.0625, 0.0625, 0.0625]
[TRAIN]: (1583/1600): reward: 15.533665463328362, rates: 18.53366556915155, loss: 0.44500803500413894, rho: 0.20625, transmit_actions: 20, P: [0.0, 0.0625, 0.125, 0.0625, 0.0625, 0.0625, 0.0625, 0.0625, 0.0625, 0.0625, 0.3125, 0.0625, 0.0625, 0.0625, 0.125, 0.0625, 0.125, 0.0625, 0.0625, 0.0625]
[TRAIN]: (1584/1600): reward: 18.042347490787506, rates: 20.042347496835625, loss: 0.38398563116788864, rho: 0.1625, transmit_actions: 20, P: [0.0, 0.0625, 0.0625, 0.0625, 0.125, 0.0625, 0.0625, 0.0625, 0.0625, 0.0625, 0.125, 0.125, 0.0625, 0.0625, 0.125, 0.0625, 0.125, 0.0625, 0.0625, 0.0625]
[TRAIN]: (1585/1600): reward: 15.756377875804901, rates: 17.756377813356494, loss: 0.3679455168545246, rho: 0.225, transmit_actions: 20, P: [0.0, 0.0625, 0.0625, 0.0625, 0.0625, 0.0625, 0.125, 0.0625, 0.0625, 0.0625, 0.0625, 0.0625, 0.0625, 0.0625, 0.0625, 0.25, 0.0625, 0.125, 0.0625, 0.0625]
[TRAIN]: (1586/1600): reward: 17.512734904885292, rates: 18.5127347599396, loss: 0.40777758657932284, rho: 0.14375, transmit_actions: 19, P: [0.6875, 0.0625, 0.0625, 0.0625, 0.0625, 0.0625, 0.0625, 0.0625, 0.0625, 0.0625, 0.0625, 0.0625, 0.0625, 0.0625, 0.0625, 0.0625, 0.0625, 0.0625, 0.0625, 0.0625]
[TRAIN]: (1587/1600): reward: 17.801529824733734, rates: 17.801529922279894, loss: 0.4795046657323837, rho: 0.15625, transmit_actions: 18, P: [0.6875, 0.875, 0.0625, 0.0625, 0.0625, 0.0625, 0.0625, 0.0625, 0.0625, 0.0625, 0.0625, 0.125, 0.0625, 0.0625, 0.125, 0.0625, 0.0625, 0.0625, 0.0625, 0.125]
[TRAIN]: (1588/1600): reward: 19.398609697818756, rates: 19.39860960184357, loss: 0.44316127672791483, rho: 0.15, transmit_actions: 19, P: [0.6875, 0.0625, 0.0625, 0.0625, 0.0625, 0.0625, 0.0625, 0.0625, 0.0625, 0.0625, 0.0625, 0.0625, 0.0625, 0.0625, 0.0625, 0.0625, 0.0625, 0.0625, 0.0625, 0.0625]
[TRAIN]: (1589/1600): reward: 20.477610856294632, rates: 20.47761060499783, loss: 0.4288475260138512, rho: 0.15, transmit_actions: 19, P: [0.6875, 0.0625, 0.0625, 0.0625, 0.0625, 0.0625, 0.0625, 0.0625, 0.125, 0.125, 0.0625, 0.0625, 0.0625, 0.0625, 0.0625, 0.125, 0.125, 0.0625, 0.0625, 0.0625]
[TRAIN]: (1590/1600): reward: 21.97038897871971, rates: 21.970389134525146, loss: 0.41945736557245256, rho: 0.13125, transmit_actions: 19, P: [0.6875, 0.0625, 0.125, 0.0625, 0.0625, 0.0625, 0.0625, 0.0625, 0.0625, 0.0625, 0.0625, 0.0625, 0.0625, 0.0625, 0.0625, 0.0625, 0.0625, 0.0625, 0.0625, 0.0625]
[TRAIN]: (1591/1600): reward: 20.78885394334793, rates: 20.78885411038174, loss: 0.4167167440056801, rho: 0.13125, transmit_actions: 19, P: [0.8125, 0.0625, 0.0625, 0.0625, 0.125, 0.0625, 0.0625, 0.0625, 0.0625, 0.0625, 0.0625, 0.0625, 0.0625, 0.0625, 0.0625, 0.0625, 0.0625, 0.0625, 0.0625, 0.0625]
[TRAIN]: (1592/1600): reward: 19.688992351293564, rates: 20.688992497753368, loss: 0.43716629296541215, rho: 0.14375, transmit_actions: 19, P: [0.8125, 0.0625, 0.0625, 0.0625, 0.0625, 0.0625, 0.0625, 0.0625, 0.0625, 0.0625, 0.0625, 0.0625, 0.0625, 0.0625, 0.0625, 0.0625, 0.0625, 0.0625, 0.0625, 0.0625]
[TRAIN]: (1593/1600): reward: 19.261276572942734, rates: 19.26127662454164, loss: 0.3717741586267948, rho: 0.1375, transmit_actions: 19, P: [0.8125, 0.0625, 0.0625, 0.0625, 0.0625, 0.0625, 0.0625, 0.0625, 0.0625, 0.0625, 0.0625, 0.0625, 0.0625, 0.0625, 0.0625, 0.0625, 0.0625, 0.0625, 0.0625, 0.0625]
[TRAIN]: (1594/1600): reward: 14.520664691925049, rates: 20.520664678609318, loss: 0.4174866586923599, rho: 0.16875, transmit_actions: 19, P: [0.0, 0.0625, 0.0625, 0.0625, 0.0625, 0.0625, 0.0625, 0.0625, 0.0625, 0.625, 0.0625, 0.0625, 0.0625, 0.0625, 0.0625, 0.125, 0.0625, 0.0625, 0.0625, 0.0625]
[TRAIN]: (1595/1600): reward: 21.109027445316315, rates: 21.10902748344044, loss: 0.439452637732029, rho: 0.15625, transmit_actions: 20, P: [0.0, 0.0625, 0.0625, 0.0625, 0.0625, 0.0625, 0.125, 0.125, 0.0625, 0.0625, 0.0625, 0.0625, 0.0625, 0.0625, 0.0625, 0.0625, 0.0625, 0.0625, 0.0625, 0.0625]
[TRAIN]: (1596/1600): reward: 20.675076842308044, rates: 20.67507721285438, loss: 0.39917894899845124, rho: 0.13125, transmit_actions: 19, P: [0.6875, 0.125, 0.0625, 0.0625, 0.0625, 0.0625, 0.0625, 0.0625, 0.0625, 0.0625, 0.0625, 0.0625, 0.0625, 0.0625, 0.0625, 0.0625, 0.0625, 0.0625, 0.125, 0.0625]
[TRAIN]: (1597/1600): reward: 18.022280037403107, rates: 20.022279904872182, loss: 0.42735303193330765, rho: 0.14375, transmit_actions: 19, P: [0.6875, 0.0625, 0.0625, 0.0625, 0.0625, 0.0625, 0.0625, 0.0625, 0.125, 0.0625, 0.0625, 0.0625, 0.0625, 0.0625, 0.0625, 0.0625, 0.0625, 0.0625, 0.0625, 0.0625]
[TRAIN]: (1598/1600): reward: 20.707854479551315, rates: 20.70785442892614, loss: 0.4621843367815018, rho: 0.1375, transmit_actions: 19, P: [0.6875, 0.0625, 0.0625, 0.0625, 0.0625, 0.0625, 0.0625, 0.0625, 0.0625, 0.0625, 0.0625, 0.0625, 0.0625, 0.0625, 0.0625, 0.0625, 0.0625, 0.0625, 0.0625, 0.0625]
[TRAIN]: (1599/1600): reward: 19.743825376033783, rates: 19.743825294478505, loss: 0.3457866802811623, rho: 0.13125, transmit_actions: 19, P: [0.6875, 0.0625, 0.0625, 0.0625, 0.0625, 0.0625, 0.0625, 0.0625, 0.0625, 0.0625, 0.0625, 0.0625, 0.0625, 0.0625, 0.0625, 0.0625, 0.0625, 0.0625, 0.0625, 0.0625]
[TRAIN]: (1600/1600): reward: 19.691056564450264, rates: 20.69105640435916, loss: 0.3989255540072918, rho: 0.1375, transmit_actions: 19, P: [0.6875, 0.0625, 0.0625, 0.0625, 0.125, 0.0625, 0.0625, 0.0625, 0.0625, 0.0625, 0.0625, 0.0625, 0.0625, 0.0625, 0.0625, 0.0625, 0.0625, 0.0625, 0.0625, 0.0625]
[TRAIN_FINISHED]: Transmit Action: 25517/0
[MAIN]: Time: 2037.7551448345184
[MAIN]: END
