[MAIN]: START
[ENV]: Started init Environment
[ENV]: ACTIONS_SPACE: 238
[ENV]: Finished init Environment
[TRAIN]: actions: 238, observations: 190
[TRAIN]: CUDA: True
[TRAIN]: (1/1600): reward: -143.3356510400772, rates: 0.6643486256650922, loss: 0, rho: 0.4625, transmit_actions: 10, P: [0.25, 0.3125, 0.625, 0.875, 0.0, 0.625, 0.0625, 0.0625, 0.4375, 0.5, 0.8125, 0.5, 0.3125, 0.4375, 0.5625, 0.5625, 0.0, 0.0, 0.9375, 0.3125]
[TRAIN]: (2/1600): reward: -143.6971659064293, rates: 1.3028338022452937, loss: 0, rho: 0.5, transmit_actions: 10, P: [0.75, 0.0625, 0.6875, 0.625, 0.125, 0.625, 0.125, 1.0, 0.125, 0.6875, 0.25, 0.875, 0.25, 0.875, 1.0, 0.5, 0.8125, 0.75, 0.625, 0.875]
[TRAIN]: (3/1600): reward: -162.96376448869705, rates: 3.036235457410755, loss: 0, rho: 0.49375, transmit_actions: 10, P: [0.5625, 0.375, 0.8125, 0.3125, 0.9375, 1.0, 0.125, 0.75, 0.125, 0.3125, 0.1875, 0.0, 0.25, 0.125, 0.625, 0.625, 0.9375, 0.4375, 0.6875, 0.75]
[TRAIN]: (4/1600): reward: -157.7798302769661, rates: 1.2201701988099904, loss: 67.28478936588063, rho: 0.5875, transmit_actions: 7, P: [0.5625, 0.1875, 1.0, 0.1875, 0.1875, 0.5625, 0.6875, 0.3125, 0.1875, 0.0625, 0.5, 0.3125, 0.625, 0.4375, 1.0, 0.75, 0.0625, 0.4375, 0.3125, 0.125]
[TRAIN]: (5/1600): reward: -133.0638449639082, rates: 1.9361552699543254, loss: 65.08614463806153, rho: 0.44375, transmit_actions: 10, P: [0.125, 0.5, 0.0, 0.3125, 0.5625, 1.0, 1.0, 0.625, 0.875, 0.0625, 0.0625, 0.6875, 0.1875, 0.375, 0.25, 0.3125, 0.25, 0.4375, 0.75, 0.8125]
[TRAIN]: (6/1600): reward: -155.92492043972015, rates: 2.0750795026499285, loss: 60.458272743225095, rho: 0.51875, transmit_actions: 6, P: [0.375, 0.75, 0.125, 0.6875, 0.8125, 1.0, 0.0, 0.4375, 0.5625, 0.6875, 0.3125, 0.3125, 0.125, 0.0, 0.125, 0.625, 1.0, 0.1875, 0.125, 0.9375]
[TRAIN]: (7/1600): reward: -147.50970309972763, rates: 2.490296387213683, loss: 33.1638729095459, rho: 0.5125, transmit_actions: 12, P: [0.0, 0.5, 0.3125, 0.4375, 0.6875, 0.4375, 0.9375, 0.5, 0.125, 0.375, 0.1875, 0.125, 0.5, 0.5625, 0.75, 0.3125, 0.375, 0.3125, 0.5, 0.875]
[TRAIN]: (8/1600): reward: -133.12925331294537, rates: 1.870747610881194, loss: 7.790640413761139, rho: 0.43125, transmit_actions: 13, P: [0.4375, 0.625, 0.1875, 0.3125, 0.5, 0.5, 0.5, 0.5, 0.75, 0.0625, 0.3125, 0.0625, 0.0625, 0.5, 0.3125, 0.125, 0.375, 0.8125, 0.625, 0.625]
[TRAIN]: (9/1600): reward: -129.52699851989746, rates: 1.4730021931741115, loss: 3.8213197946548463, rho: 0.39375, transmit_actions: 9, P: [0.5, 0.5, 0.4375, 0.25, 0.875, 0.9375, 0.625, 0.5625, 0.5625, 1.0, 0.1875, 0.8125, 0.75, 0.375, 0.125, 0.5625, 0.875, 0.875, 0.125, 0.125]
[TRAIN]: (10/1600): reward: -146.80956214666367, rates: 1.1904373958632215, loss: 3.6283212542533874, rho: 0.4625, transmit_actions: 8, P: [1.0, 0.9375, 0.6875, 0.9375, 0.125, 0.875, 0.9375, 0.1875, 0.3125, 0.5625, 0.9375, 0.8125, 0.625, 0.875, 0.3125, 0.9375, 0.125, 0.5625, 0.75, 0.5]
[TRAIN]: (11/1600): reward: -131.06057119369507, rates: 0.9394288316451163, loss: 4.688587248325348, rho: 0.53125, transmit_actions: 10, P: [0.8125, 0.1875, 0.3125, 0.6875, 0.6875, 1.0, 0.25, 1.0, 0.9375, 0.5625, 0.3125, 0.0, 0.75, 0.8125, 0.5625, 0.8125, 0.6875, 0.3125, 0.4375, 0.6875]
[TRAIN]: (12/1600): reward: -105.29185181856155, rates: 3.70814844190283, loss: 3.988474357128143, rho: 0.49375, transmit_actions: 12, P: [0.25, 0.875, 0.5, 0.625, 0.375, 0.1875, 0.25, 0.0625, 0.0625, 0.5, 0.875, 0.25, 1.0, 0.125, 0.875, 0.0625, 0.9375, 0.8125, 0.5, 0.5]
[TRAIN]: (13/1600): reward: -146.07656407356262, rates: 1.9234353341074013, loss: 3.560587078332901, rho: 0.5875, transmit_actions: 12, P: [0.0, 0.625, 0.9375, 0.0, 0.375, 0.75, 0.25, 0.625, 0.6875, 0.1875, 0.5625, 0.875, 0.1875, 1.0, 0.8125, 0.375, 0.0625, 0.4375, 0.8125, 0.6875]
[TRAIN]: (14/1600): reward: -151.28571550548077, rates: 2.7142849277589622, loss: 4.63485963344574, rho: 0.625, transmit_actions: 12, P: [0.875, 0.0625, 0.1875, 0.9375, 0.625, 0.6875, 0.8125, 1.0, 0.875, 0.9375, 0.8125, 0.6875, 0.6875, 0.125, 0.875, 0.625, 0.25, 0.25, 0.9375, 0.4375]
[TRAIN]: (15/1600): reward: -128.74686321616173, rates: 1.2531366088760785, loss: 4.1605339527130125, rho: 0.5375, transmit_actions: 10, P: [0.8125, 0.3125, 0.875, 0.875, 0.5625, 0.5625, 0.9375, 0.6875, 0.1875, 0.5, 0.25, 0.3125, 0.1875, 0.75, 0.0, 0.5625, 0.6875, 0.1875, 0.0, 0.625]
[TRAIN]: (16/1600): reward: -141.20825093984604, rates: 1.791749151443356, loss: 4.1745628118515015, rho: 0.53125, transmit_actions: 11, P: [0.25, 0.75, 0.375, 0.0625, 0.625, 0.1875, 0.9375, 0.5, 0.875, 0.4375, 0.5, 0.25, 0.4375, 1.0, 0.4375, 0.875, 0.5, 0.6875, 0.0, 0.75]
[TRAIN]: (17/1600): reward: -133.3561987876892, rates: 0.6438012122159169, loss: 3.6761303782463073, rho: 0.475, transmit_actions: 9, P: [0.0, 0.375, 0.3125, 0.0, 0.6875, 0.0, 1.0, 0.375, 0.875, 0.125, 1.0, 0.0, 0.875, 0.375, 0.8125, 0.6875, 0.875, 0.1875, 0.5, 0.9375]
[TRAIN]: (18/1600): reward: -131.75525542534888, rates: 2.2447449886957322, loss: 3.6835622787475586, rho: 0.5, transmit_actions: 11, P: [0.5, 0.625, 0.3125, 1.0, 0.0, 0.1875, 0.0625, 0.875, 0.5625, 0.1875, 0.25, 0.25, 0.0625, 0.1875, 0.625, 0.625, 0.0, 0.875, 0.0625, 0.3125]
[TRAIN]: (19/1600): reward: -124.74344900250435, rates: 3.256550812245161, loss: 3.7225902795791628, rho: 0.5, transmit_actions: 12, P: [0.5625, 0.375, 0.3125, 0.5625, 0.25, 0.1875, 0.125, 0.4375, 0.9375, 0.0, 0.1875, 0.75, 0.875, 0.75, 0.8125, 0.0625, 0.125, 0.8125, 0.875, 0.375]
[TRAIN]: (20/1600): reward: -167.1633923649788, rates: 0.8366073935142165, loss: 3.859923231601715, rho: 0.49375, transmit_actions: 8, P: [0.3125, 0.0625, 0.0625, 0.5, 0.0, 0.25, 0.3125, 1.0, 0.375, 0.4375, 0.375, 0.5, 0.8125, 0.6875, 0.375, 0.6875, 0.4375, 0.1875, 0.875, 0.8125]
[TRAIN]: (21/1600): reward: -150.95195484161377, rates: 0.04804499892229966, loss: 3.9675377130508425, rho: 0.4375, transmit_actions: 6, P: [0.0625, 0.9375, 0.8125, 0.75, 0.0625, 0.8125, 0.5625, 0.625, 0.625, 0.625, 0.875, 0.3125, 0.8125, 0.6875, 0.25, 0.3125, 1.0, 0.0, 0.125, 1.0]
[TRAIN]: (22/1600): reward: -162.88146591186523, rates: 1.1185344199912461, loss: 3.9755901455879212, rho: 0.5625, transmit_actions: 9, P: [0.3125, 0.5, 0.4375, 0.8125, 0.25, 0.75, 0.0, 0.4375, 1.0, 0.4375, 0.4375, 0.0625, 0.75, 0.9375, 0.6875, 0.875, 0.1875, 0.8125, 0.0625, 0.5]
[TRAIN]: (23/1600): reward: -142.8883147854358, rates: 4.111685979365689, loss: 4.645483589172363, rho: 0.49375, transmit_actions: 11, P: [0.9375, 0.875, 1.0, 0.875, 1.0, 0.5625, 0.8125, 0.25, 0.25, 0.25, 1.0, 0.4375, 0.375, 0.3125, 0.0, 0.1875, 0.8125, 0.1875, 0.375, 0.125]
[TRAIN]: (24/1600): reward: -148.29618307948112, rates: 1.7038170407295836, loss: 4.487130117416382, rho: 0.46875, transmit_actions: 10, P: [0.25, 0.0625, 0.8125, 0.0, 1.0, 0.25, 0.625, 1.0, 0.3125, 0.375, 0.125, 0.75, 0.8125, 0.8125, 0.0625, 0.9375, 0.75, 0.625, 0.75, 1.0]
[TRAIN]: (25/1600): reward: -136.57632434368134, rates: 2.4236753614743085, loss: 5.219695603847503, rho: 0.49375, transmit_actions: 7, P: [0.1875, 0.25, 0.3125, 0.625, 0.0, 0.6875, 0.0, 0.125, 0.875, 0.875, 0.25, 0.5, 0.25, 1.0, 0.75, 0.3125, 1.0, 0.125, 0.5, 0.75]
[TRAIN]: (26/1600): reward: -142.9992344379425, rates: 2.0007644034306424, loss: 4.230668079853058, rho: 0.41875, transmit_actions: 12, P: [0.25, 0.4375, 0.6875, 0.5, 0.3125, 0.3125, 0.1875, 0.375, 0.125, 0.375, 0.3125, 0.0, 0.3125, 0.375, 0.125, 0.875, 0.5, 0.625, 0.875, 0.1875]
[TRAIN]: (27/1600): reward: -167.22059535980225, rates: 0.7794046373172359, loss: 3.9281545519828795, rho: 0.6, transmit_actions: 7, P: [0.75, 0.25, 0.75, 0.3125, 0.5625, 0.25, 0.875, 0.6875, 0.75, 0.5625, 0.1875, 0.25, 1.0, 0.875, 0.5, 0.1875, 0.5, 0.8125, 0.125, 0.3125]
[TRAIN]: (28/1600): reward: -147.2333081960678, rates: 1.7666913051066904, loss: 4.542104434967041, rho: 0.525, transmit_actions: 9, P: [0.4375, 0.8125, 0.3125, 1.0, 1.0, 0.3125, 0.625, 0.5, 0.25, 0.0625, 0.4375, 0.5625, 0.9375, 0.9375, 0.5625, 0.0, 0.25, 0.625, 0.125, 1.0]
[TRAIN]: (29/1600): reward: -167.70346522331238, rates: 0.29653484144767894, loss: 4.66794615983963, rho: 0.4875, transmit_actions: 10, P: [0.25, 0.5, 0.9375, 0.8125, 0.3125, 0.0625, 1.0, 0.9375, 0.875, 0.8125, 0.6875, 0.9375, 0.25, 0.25, 0.6875, 0.6875, 0.8125, 0.5, 0.0, 0.625]
[TRAIN]: (30/1600): reward: -147.6259880065918, rates: 0.3740126416431532, loss: 4.50730060338974, rho: 0.4875, transmit_actions: 9, P: [0.125, 0.375, 0.0, 0.9375, 0.1875, 0.0, 0.75, 0.875, 0.0625, 0.875, 0.6875, 0.0, 0.625, 0.1875, 0.0, 0.5, 0.875, 0.75, 0.75, 0.5625]
[TRAIN]: (31/1600): reward: -129.53915351629257, rates: 1.4608459818774058, loss: 4.7842933416366575, rho: 0.6375, transmit_actions: 10, P: [0.0, 0.125, 0.0, 0.75, 0.375, 0.0625, 0.6875, 0.75, 0.9375, 0.375, 0.8125, 0.0, 0.0625, 0.4375, 0.5625, 0.4375, 0.0625, 0.1875, 0.5, 0.5625]
[TRAIN]: (32/1600): reward: -117.60886240005493, rates: 1.3911372594230036, loss: 4.394276475906372, rho: 0.45, transmit_actions: 10, P: [0.5625, 0.875, 0.4375, 0.1875, 0.0, 0.6875, 0.4375, 0.8125, 0.1875, 0.0, 0.5625, 0.5625, 0.875, 0.75, 0.125, 0.875, 1.0, 0.5, 0.25, 0.9375]
[TRAIN]: (33/1600): reward: -107.81593036651611, rates: 4.184070374493602, loss: 4.77656079530716, rho: 0.48125, transmit_actions: 13, P: [0.1875, 1.0, 0.0625, 0.5, 0.4375, 0.375, 0.75, 0.5625, 0.1875, 1.0, 0.0, 0.125, 0.875, 0.0625, 1.0, 0.3125, 0.5, 0.6875, 0.25, 0.4375]
[TRAIN]: (34/1600): reward: -146.53323912620544, rates: 0.4667608742315144, loss: 4.5424839615821835, rho: 0.35625, transmit_actions: 11, P: [0.1875, 0.0625, 0.6875, 0.5625, 0.0, 0.875, 0.9375, 0.625, 0.5625, 0.625, 0.9375, 0.375, 0.875, 0.3125, 1.0, 0.75, 0.9375, 0.3125, 0.875, 0.5]
[TRAIN]: (35/1600): reward: -172.79578813910484, rates: 1.2042122760517144, loss: 5.085269284248352, rho: 0.5375, transmit_actions: 12, P: [0.75, 0.125, 0.5, 0.25, 0.1875, 0.75, 0.3125, 0.125, 0.375, 0.5625, 0.125, 0.5, 0.4375, 0.9375, 1.0, 0.6875, 0.8125, 0.75, 0.25, 0.8125]
[TRAIN]: (36/1600): reward: -142.9217024743557, rates: 2.0782977625391963, loss: 4.983316135406494, rho: 0.53125, transmit_actions: 11, P: [0.0625, 0.9375, 0.0, 0.5625, 0.5625, 0.375, 0.0625, 1.0, 0.375, 0.4375, 0.5625, 0.0625, 0.1875, 0.875, 1.0, 0.5, 0.4375, 0.375, 0.125, 1.0]
[TRAIN]: (37/1600): reward: -138.14544424414635, rates: 1.8545565390182, loss: 4.996432995796203, rho: 0.54375, transmit_actions: 12, P: [1.0, 0.4375, 0.5, 0.875, 0.3125, 0.0625, 0.3125, 0.9375, 0.125, 0.9375, 0.75, 0.4375, 1.0, 0.0625, 1.0, 0.6875, 0.0625, 1.0, 0.875, 0.1875]
[TRAIN]: (38/1600): reward: -173.7219319343567, rates: 0.27806822248868907, loss: 4.957251584529876, rho: 0.5375, transmit_actions: 8, P: [0.5625, 0.0, 0.5, 0.5625, 0.5, 0.5, 0.3125, 0.4375, 0.625, 0.9375, 0.6875, 0.4375, 0.6875, 0.5, 0.625, 0.0625, 0.125, 0.9375, 1.0, 0.625]
[TRAIN]: (39/1600): reward: -141.64796674251556, rates: 1.3520334731895263, loss: 5.115953862667084, rho: 0.425, transmit_actions: 10, P: [1.0, 0.125, 1.0, 0.0625, 0.375, 0.5, 0.125, 0.8125, 0.5625, 0.0, 0.125, 0.3125, 0.6875, 0.6875, 0.25, 0.6875, 0.5, 0.1875, 1.0, 0.625]
[TRAIN]: (40/1600): reward: -122.15387913584709, rates: 0.8461205965173344, loss: 5.35422465801239, rho: 0.475, transmit_actions: 8, P: [0.0, 0.1875, 0.8125, 0.5, 0.875, 0.5, 0.0625, 1.0, 0.8125, 0.125, 0.3125, 0.9375, 0.9375, 0.9375, 0.1875, 0.4375, 0.0625, 0.0, 0.25, 0.0]
[TRAIN]: (41/1600): reward: -160.6321702003479, rates: 0.36782954300450227, loss: 4.6213921964168545, rho: 0.50625, transmit_actions: 9, P: [0.5625, 0.5, 0.6875, 0.5, 1.0, 0.375, 0.0, 0.75, 0.3125, 0.8125, 0.625, 0.6875, 0.5, 0.875, 0.25, 1.0, 0.875, 0.1875, 0.9375, 0.5625]
[TRAIN]: (42/1600): reward: -151.15730583667755, rates: 0.8426940708413706, loss: 4.705213820934295, rho: 0.53125, transmit_actions: 7, P: [0.125, 0.375, 0.375, 0.125, 0.0, 0.9375, 0.0625, 0.6875, 0.875, 0.1875, 0.8125, 0.9375, 0.8125, 0.875, 0.3125, 0.4375, 0.6875, 0.875, 0.8125, 0.9375]
[TRAIN]: (43/1600): reward: -116.9515808224678, rates: 2.048419094851745, loss: 4.809420502185821, rho: 0.50625, transmit_actions: 15, P: [0.4375, 0.6875, 0.9375, 0.5, 1.0, 0.25, 0.1875, 0.1875, 0.9375, 0.625, 0.375, 0.0, 1.0, 0.5, 0.0, 0.0, 0.25, 0.5625, 0.875, 0.9375]
[TRAIN]: (44/1600): reward: -117.41185820102692, rates: 1.5881416689425065, loss: 4.655422270298004, rho: 0.475, transmit_actions: 12, P: [0.5625, 0.625, 0.0, 0.0, 0.0625, 0.4375, 0.0625, 0.5, 0.6875, 0.0, 0.5, 0.1875, 0.25, 0.75, 0.8125, 0.9375, 0.625, 0.625, 0.9375, 0.125]
[TRAIN]: (45/1600): reward: -126.62894433736801, rates: 1.3710563055558014, loss: 4.497613072395325, rho: 0.5375, transmit_actions: 9, P: [0.5, 0.5, 0.375, 0.0, 0.8125, 0.875, 0.8125, 1.0, 0.125, 0.125, 0.1875, 0.75, 0.5, 1.0, 0.75, 0.875, 0.3125, 0.9375, 0.5, 0.4375]
[TRAIN]: (46/1600): reward: -142.36443066596985, rates: 1.6355697917207872, loss: 4.622833734750747, rho: 0.475, transmit_actions: 11, P: [0.3125, 0.625, 0.375, 0.625, 0.875, 1.0, 1.0, 0.5, 0.6875, 0.125, 0.8125, 0.25, 0.3125, 0.0, 0.1875, 0.375, 0.3125, 1.0, 0.0625, 0.625]
[TRAIN]: (47/1600): reward: -149.746631026268, rates: 1.2533687825316484, loss: 5.079894948005676, rho: 0.5375, transmit_actions: 9, P: [0.0, 0.875, 1.0, 0.375, 0.4375, 0.1875, 0.8125, 0.125, 0.5625, 0.8125, 0.0625, 0.6875, 0.625, 0.75, 1.0, 0.0625, 0.3125, 0.625, 0.4375, 0.9375]
[TRAIN]: (48/1600): reward: -156.9387193620205, rates: 1.0612806426821546, loss: 4.880365025997162, rho: 0.63125, transmit_actions: 7, P: [0.3125, 0.5, 0.75, 0.9375, 0.375, 0.5, 0.75, 0.0, 0.125, 0.0, 0.25, 0.0625, 0.3125, 0.375, 0.125, 0.1875, 0.375, 0.3125, 0.6875, 0.5625]
[TRAIN]: (49/1600): reward: -139.11608028411865, rates: 0.8839185249997232, loss: 4.211422944068909, rho: 0.5875, transmit_actions: 9, P: [0.625, 0.6875, 0.375, 0.625, 0.75, 0.0625, 0.0625, 0.5625, 0.6875, 0.3125, 0.9375, 0.875, 0.8125, 0.375, 0.75, 1.0, 0.4375, 0.375, 0.375, 0.25]
[TRAIN]: (50/1600): reward: -176.51094102859497, rates: 0.4890588749007694, loss: 4.786118519306183, rho: 0.4875, transmit_actions: 12, P: [0.625, 0.8125, 0.4375, 0.0625, 0.25, 0.625, 0.5, 0.75, 0.875, 0.875, 0.75, 0.5, 0.5625, 1.0, 0.125, 0.6875, 0.8125, 0.75, 0.4375, 0.9375]
[TRAIN]: (51/1600): reward: -158.0182671546936, rates: 0.9817320758307754, loss: 4.785204958915711, rho: 0.625, transmit_actions: 11, P: [0.1875, 0.625, 0.5625, 0.25, 0.625, 0.375, 0.6875, 0.25, 0.4375, 0.5, 0.375, 1.0, 0.5625, 0.9375, 1.0, 0.6875, 0.0625, 0.25, 0.25, 0.1875]
[TRAIN]: (52/1600): reward: -130.48705196380615, rates: 1.5129476377464088, loss: 4.7107197642326355, rho: 0.50625, transmit_actions: 9, P: [0.375, 0.4375, 0.0625, 0.6875, 0.875, 1.0, 0.375, 0.5, 0.25, 0.4375, 0.8125, 0.375, 0.8125, 0.5, 0.5, 0.25, 0.1875, 0.0, 0.3125, 1.0]
[TRAIN]: (53/1600): reward: -167.45589980483055, rates: 1.5441004247719545, loss: 4.508317160606384, rho: 0.53125, transmit_actions: 10, P: [0.6875, 0.4375, 0.25, 0.0625, 0.1875, 0.8125, 0.4375, 1.0, 0.5, 0.4375, 0.4375, 0.25, 0.9375, 0.1875, 0.4375, 0.625, 0.4375, 0.875, 0.25, 0.3125]
[TRAIN]: (54/1600): reward: -141.62313783168793, rates: 3.3768620207958846, loss: 4.183808708190918, rho: 0.39375, transmit_actions: 10, P: [0.25, 0.1875, 0.125, 0.1875, 0.4375, 0.1875, 0.5, 0.1875, 0.0, 0.0625, 0.8125, 0.3125, 0.1875, 0.75, 0.375, 0.6875, 0.4375, 0.5, 0.5625, 0.375]
[TRAIN]: (55/1600): reward: -128.61961925029755, rates: 2.380379758902407, loss: 4.177652668952942, rho: 0.4875, transmit_actions: 12, P: [0.4375, 0.0, 0.375, 0.5625, 0.125, 0.875, 0.0625, 0.9375, 0.1875, 0.6875, 0.5625, 1.0, 0.8125, 0.4375, 0.125, 0.3125, 0.9375, 0.75, 0.25, 0.75]
[TRAIN]: (56/1600): reward: -128.31484919786453, rates: 2.685150378262119, loss: 4.659396183490753, rho: 0.5875, transmit_actions: 11, P: [0.875, 0.375, 0.4375, 0.3125, 0.875, 0.1875, 0.0, 0.625, 0.25, 0.1875, 0.9375, 0.0625, 0.1875, 0.3125, 0.375, 1.0, 0.3125, 1.0, 0.0625, 0.625]
[TRAIN]: (57/1600): reward: -125.12497180700302, rates: 0.875028201409457, loss: 4.98631728887558, rho: 0.43125, transmit_actions: 13, P: [0.0625, 1.0, 0.125, 0.25, 0.25, 1.0, 0.25, 0.875, 0.625, 0.25, 0.1875, 0.9375, 0.3125, 0.625, 0.9375, 0.0, 0.5, 0.875, 0.4375, 0.6875]
[TRAIN]: (58/1600): reward: -121.20502862334251, rates: 2.7949707488049818, loss: 4.562137091159821, rho: 0.4375, transmit_actions: 11, P: [0.1875, 0.4375, 0.625, 0.8125, 0.625, 0.1875, 0.0, 0.1875, 1.0, 0.25, 0.8125, 0.1875, 0.0625, 0.0, 0.9375, 0.0625, 0.125, 0.375, 0.0625, 0.1875]
[TRAIN]: (59/1600): reward: -128.4509088397026, rates: 1.5490910547939514, loss: 4.5871786236763, rho: 0.51875, transmit_actions: 10, P: [1.0, 0.9375, 1.0, 0.1875, 0.125, 0.1875, 1.0, 0.25, 0.875, 0.375, 0.5, 0.125, 0.9375, 0.75, 0.8125, 0.75, 0.8125, 0.6875, 0.6875, 0.1875]
[TRAIN]: (60/1600): reward: -123.60473173856735, rates: 1.3952677622923797, loss: 4.723689079284668, rho: 0.5375, transmit_actions: 11, P: [0.5, 0.5, 0.9375, 0.5625, 0.1875, 0.9375, 0.125, 0.9375, 0.625, 0.4375, 0.5625, 0.9375, 0.9375, 0.75, 0.0, 0.75, 0.9375, 0.9375, 0.375, 0.5]
[TRAIN]: (61/1600): reward: -151.2357372045517, rates: 1.7642628079900184, loss: 4.480775058269501, rho: 0.475, transmit_actions: 9, P: [0.9375, 0.5625, 0.25, 0.125, 0.25, 0.875, 0.6875, 0.0, 0.1875, 0.125, 0.125, 1.0, 0.5625, 1.0, 0.5625, 0.0, 0.6875, 0.6875, 1.0, 0.4375]
[TRAIN]: (62/1600): reward: -126.4882312938571, rates: 1.5117693196578355, loss: 4.529556846618652, rho: 0.475, transmit_actions: 10, P: [0.375, 0.875, 0.0, 0.625, 0.375, 0.1875, 0.625, 0.1875, 0.5625, 0.0625, 0.0, 0.0, 0.4375, 0.9375, 0.125, 1.0, 0.8125, 0.0, 0.8125, 0.9375]
[TRAIN]: (63/1600): reward: -157.72421216964722, rates: 1.2757877980033445, loss: 4.533350670337677, rho: 0.5, transmit_actions: 12, P: [0.5625, 0.625, 0.875, 1.0, 1.0, 0.6875, 0.125, 0.375, 0.8125, 0.6875, 0.5625, 0.8125, 0.875, 0.9375, 0.8125, 0.5, 0.8125, 0.4375, 0.25, 0.1875]
[TRAIN]: (64/1600): reward: -115.76318341493607, rates: 3.2368161947105785, loss: 4.231725740432739, rho: 0.51875, transmit_actions: 13, P: [0.5625, 0.75, 0.5, 0.5, 0.4375, 0.5, 0.875, 0.8125, 0.9375, 0.8125, 0.875, 0.0625, 0.9375, 0.0, 0.6875, 0.125, 0.1875, 0.1875, 0.6875, 0.0625]
[TRAIN]: (65/1600): reward: -114.23913604021072, rates: 2.7608641001795364, loss: 4.888745987415314, rho: 0.45625, transmit_actions: 13, P: [0.9375, 0.3125, 0.6875, 1.0, 0.3125, 0.0625, 0.8125, 0.5625, 0.625, 0.375, 0.0, 0.3125, 1.0, 0.125, 0.125, 0.1875, 0.625, 0.25, 1.0, 0.25]
[TRAIN]: (66/1600): reward: -131.46615234017372, rates: 0.5338482319887837, loss: 4.845300149917603, rho: 0.48125, transmit_actions: 8, P: [0.75, 0.4375, 0.0, 0.0625, 0.875, 0.4375, 0.5, 0.6875, 0.625, 0.625, 0.5, 0.625, 0.75, 0.6875, 0.75, 0.0, 0.875, 0.0625, 0.6875, 0.9375]
[TRAIN]: (67/1600): reward: -139.79136183857918, rates: 2.20863819712504, loss: 4.986390399932861, rho: 0.55, transmit_actions: 12, P: [0.6875, 0.9375, 0.0, 0.5625, 0.125, 0.375, 0.25, 0.1875, 0.9375, 0.9375, 0.625, 0.1875, 0.8125, 0.8125, 0.75, 0.125, 0.625, 0.125, 0.8125, 0.1875]
[TRAIN]: (68/1600): reward: -134.74028396606445, rates: 1.2597156618899714, loss: 5.009546303749085, rho: 0.4, transmit_actions: 9, P: [0.125, 0.8125, 0.0625, 0.3125, 0.1875, 0.8125, 0.6875, 0.25, 0.125, 0.625, 0.5625, 0.0625, 0.75, 0.0, 0.375, 0.25, 0.25, 0.3125, 0.5625, 0.0625]
[TRAIN]: (69/1600): reward: -133.34229546785355, rates: 3.6577040991934826, loss: 4.652272009849549, rho: 0.4375, transmit_actions: 8, P: [0.3125, 0.4375, 0.8125, 0.25, 0.75, 0.1875, 0.125, 0.0625, 0.25, 0.75, 0.6875, 0.1875, 0.625, 0.875, 0.625, 0.8125, 0.875, 0.75, 0.0625, 0.1875]
[TRAIN]: (70/1600): reward: -139.62746620178223, rates: 3.372533187523431, loss: 4.740605473518372, rho: 0.56875, transmit_actions: 10, P: [0.9375, 0.0625, 0.9375, 0.5625, 0.0625, 0.6875, 0.5, 0.625, 0.75, 0.5, 0.25, 0.75, 0.0, 0.0625, 0.625, 0.8125, 0.125, 0.375, 0.4375, 0.0625]
[TRAIN]: (71/1600): reward: -96.68938198685646, rates: 3.310617887249223, loss: 4.629924714565277, rho: 0.48125, transmit_actions: 9, P: [0.6875, 0.375, 0.1875, 0.1875, 0.625, 0.6875, 0.0625, 0.6875, 0.9375, 0.5, 0.875, 0.8125, 0.6875, 0.5625, 0.8125, 0.25, 0.8125, 0.5625, 0.375, 0.9375]
[TRAIN]: (72/1600): reward: -151.3290982246399, rates: 0.6709020089049683, loss: 4.099358522891999, rho: 0.44375, transmit_actions: 11, P: [0.6875, 1.0, 0.4375, 0.3125, 0.75, 0.25, 0.6875, 0.5625, 0.25, 0.625, 0.9375, 0.6875, 0.5625, 1.0, 0.9375, 0.375, 0.4375, 0.1875, 0.5625, 0.375]
[TRAIN]: (73/1600): reward: -134.1564164161682, rates: 0.8435825178084644, loss: 5.011771333217621, rho: 0.45625, transmit_actions: 11, P: [1.0, 0.25, 0.9375, 0.875, 0.1875, 0.6875, 0.1875, 0.25, 0.4375, 0.0625, 0.8125, 0.0625, 0.25, 0.875, 0.375, 0.75, 0.375, 0.8125, 0.8125, 0.0]
[TRAIN]: (74/1600): reward: -146.8786540031433, rates: 1.1213460815448792, loss: 4.764007079601288, rho: 0.3875, transmit_actions: 7, P: [0.625, 0.9375, 0.1875, 0.5625, 0.375, 0.25, 0.875, 0.625, 0.625, 0.8125, 0.1875, 1.0, 0.3125, 0.4375, 0.25, 0.0625, 1.0, 1.0, 0.875, 0.375]
[TRAIN]: (75/1600): reward: -156.9838758111, rates: 1.0161237730004546, loss: 4.57785085439682, rho: 0.50625, transmit_actions: 7, P: [0.9375, 0.4375, 0.8125, 0.1875, 0.6875, 0.25, 0.125, 0.4375, 0.875, 0.1875, 0.375, 0.4375, 0.1875, 0.4375, 0.625, 0.75, 0.8125, 0.5, 0.5, 0.1875]
[TRAIN]: (76/1600): reward: -154.02910256385803, rates: 1.9708979518758576, loss: 4.882896435260773, rho: 0.49375, transmit_actions: 10, P: [0.375, 0.5625, 0.625, 0.375, 1.0, 0.625, 0.375, 0.75, 0.9375, 0.375, 0.375, 0.5625, 0.125, 0.875, 0.9375, 0.0, 0.4375, 0.75, 0.6875, 0.8125]
[TRAIN]: (77/1600): reward: -119.5773606300354, rates: 1.422639410721936, loss: 4.8811286926269535, rho: 0.4125, transmit_actions: 8, P: [0.375, 0.0625, 0.4375, 1.0, 0.9375, 0.9375, 1.0, 0.3125, 0.5625, 0.0, 0.9375, 0.875, 0.0, 0.25, 0.75, 0.0625, 0.5, 0.375, 0.5625, 0.75]
[TRAIN]: (78/1600): reward: -128.15350568294525, rates: 1.8464939926494024, loss: 4.139095807075501, rho: 0.40625, transmit_actions: 9, P: [0.125, 0.5, 0.75, 0.125, 0.875, 0.125, 0.75, 0.0625, 0.875, 1.0, 0.4375, 0.375, 0.5, 0.25, 0.1875, 0.4375, 0.625, 0.875, 0.25, 0.5625]
[TRAIN]: (79/1600): reward: -129.7736413180828, rates: 2.226358597002808, loss: 4.809562993049622, rho: 0.45625, transmit_actions: 11, P: [0.0, 0.625, 0.125, 0.9375, 0.3125, 0.625, 0.0625, 0.1875, 0.5, 0.25, 0.4375, 0.5625, 0.0, 0.875, 0.25, 0.4375, 0.5625, 0.8125, 0.625, 0.4375]
[TRAIN]: (80/1600): reward: -155.04530143737793, rates: 0.9546983884777664, loss: 4.681742346286773, rho: 0.5625, transmit_actions: 10, P: [0.75, 0.875, 0.3125, 0.125, 0.6875, 0.75, 0.125, 0.0, 0.0, 0.0, 0.75, 0.8125, 0.3125, 0.0, 0.9375, 0.4375, 1.0, 0.0, 0.8125, 0.6875]
[TRAIN]: (81/1600): reward: -142.6760458946228, rates: 1.3239532291705562, loss: 4.34283561706543, rho: 0.50625, transmit_actions: 10, P: [0.5625, 0.4375, 0.625, 0.75, 0.125, 0.0625, 0.25, 0.9375, 0.5625, 0.8125, 0.6875, 0.0625, 1.0, 1.0, 0.8125, 1.0, 0.75, 0.625, 0.25, 0.8125]
[TRAIN]: (82/1600): reward: -132.67220601439476, rates: 2.3277933151808003, loss: 4.2340107440948485, rho: 0.49375, transmit_actions: 12, P: [0.625, 0.3125, 0.75, 0.3125, 0.5, 0.9375, 0.0, 0.9375, 0.5625, 0.75, 0.75, 0.375, 0.375, 0.375, 0.1875, 0.3125, 0.125, 0.625, 0.3125, 0.9375]
[TRAIN]: (83/1600): reward: -129.34881023317575, rates: 3.6511904019617623, loss: 4.424641251564026, rho: 0.46875, transmit_actions: 8, P: [0.9375, 0.0625, 0.25, 0.75, 0.4375, 0.25, 0.375, 0.25, 0.5, 0.4375, 0.6875, 1.0, 0.25, 0.0, 0.1875, 0.1875, 0.0625, 0.6875, 0.875, 0.5625]
[TRAIN]: (84/1600): reward: -137.13886439800262, rates: 1.8611361138452833, loss: 4.880577480792999, rho: 0.51875, transmit_actions: 9, P: [0.0625, 0.625, 0.75, 0.75, 0.4375, 0.6875, 0.875, 0.6875, 0.5625, 0.0625, 0.875, 0.5, 0.1875, 0.3125, 0.5625, 0.9375, 0.4375, 0.375, 0.5, 0.375]
[TRAIN]: (85/1600): reward: -175.99314223229885, rates: 1.0068575270975966, loss: 4.26571444272995, rho: 0.59375, transmit_actions: 13, P: [0.375, 0.75, 1.0, 0.9375, 0.375, 0.9375, 0.125, 0.875, 0.5625, 0.875, 1.0, 0.8125, 0.0625, 0.0, 0.375, 0.25, 0.6875, 0.5, 0.25, 0.9375]
[TRAIN]: (86/1600): reward: -138.84876891970634, rates: 2.1512312480826283, loss: 4.634946477413178, rho: 0.475, transmit_actions: 10, P: [0.25, 0.5, 0.0, 0.8125, 0.4375, 0.5625, 0.4375, 0.4375, 0.3125, 0.125, 0.125, 1.0, 0.3125, 0.25, 0.375, 0.4375, 0.9375, 0.25, 0.25, 0.1875]
[TRAIN]: (87/1600): reward: -147.95432138442993, rates: 1.0456792501254324, loss: 5.381469547748566, rho: 0.48125, transmit_actions: 9, P: [0.9375, 0.5625, 0.375, 0.625, 0.875, 0.1875, 0.1875, 0.9375, 0.125, 0.375, 0.25, 0.25, 0.75, 0.6875, 0.8125, 0.25, 0.875, 0.8125, 0.4375, 0.625]
[TRAIN]: (88/1600): reward: -150.2337653785944, rates: 1.7662347967868273, loss: 4.7711820840835575, rho: 0.55625, transmit_actions: 8, P: [0.125, 0.25, 0.25, 0.4375, 0.3125, 0.375, 0.5, 0.8125, 0.0625, 0.4375, 0.0625, 0.1875, 0.75, 0.75, 0.625, 0.0, 0.875, 0.5625, 0.1875, 0.375]
[TRAIN]: (89/1600): reward: -134.85622745752335, rates: 1.1437721877985236, loss: 4.366353833675385, rho: 0.46875, transmit_actions: 8, P: [0.6875, 0.8125, 0.625, 0.8125, 0.5625, 0.375, 0.6875, 0.375, 0.0625, 0.1875, 0.0625, 1.0, 1.0, 0.8125, 0.25, 0.875, 0.0, 0.0625, 0.5625, 0.0]
[TRAIN]: (90/1600): reward: -134.67649972438812, rates: 1.3235002522426755, loss: 4.899278879165649, rho: 0.45625, transmit_actions: 8, P: [0.1875, 0.25, 0.6875, 0.25, 0.4375, 0.5625, 0.1875, 0.6875, 0.125, 0.6875, 0.5625, 0.3125, 0.0, 0.0, 0.4375, 0.0625, 0.8125, 0.0625, 0.875, 0.75]
[TRAIN]: (91/1600): reward: -161.18475437164307, rates: 0.8152457566164167, loss: 4.777144598960876, rho: 0.5125, transmit_actions: 8, P: [0.25, 0.875, 0.25, 0.8125, 0.8125, 0.1875, 0.25, 0.0, 0.375, 0.5, 0.4375, 0.625, 0.9375, 0.375, 0.9375, 0.9375, 0.5625, 0.5, 0.8125, 0.0]
[TRAIN]: (92/1600): reward: -131.59892356395721, rates: 1.4010766656888125, loss: 4.510740244388581, rho: 0.45625, transmit_actions: 9, P: [0.6875, 0.625, 0.3125, 0.8125, 0.125, 0.0625, 0.125, 0.375, 0.5, 0.8125, 0.75, 0.6875, 0.1875, 0.75, 0.375, 0.0, 0.6875, 0.75, 0.75, 0.75]
[TRAIN]: (93/1600): reward: -137.01699018478394, rates: 1.9830095307903217, loss: 4.811245727539062, rho: 0.525, transmit_actions: 8, P: [0.25, 0.125, 0.5, 0.0625, 0.375, 0.8125, 0.8125, 0.5, 0.6875, 0.25, 0.25, 0.8125, 0.9375, 0.3125, 0.125, 0.625, 0.625, 0.875, 0.1875, 0.25]
[TRAIN]: (94/1600): reward: -165.76011765003204, rates: 2.2398827074514287, loss: 4.857438719272613, rho: 0.525, transmit_actions: 10, P: [0.625, 0.4375, 0.3125, 0.5625, 0.4375, 0.3125, 0.0, 0.25, 0.9375, 0.375, 0.5, 0.75, 0.0625, 0.625, 0.6875, 0.125, 0.25, 0.375, 0.3125, 0.5]
[TRAIN]: (95/1600): reward: -154.29894671961665, rates: 1.7010531527067783, loss: 4.874414718151092, rho: 0.54375, transmit_actions: 7, P: [0.5625, 0.375, 0.25, 0.4375, 0.5, 0.0, 0.9375, 1.0, 0.625, 0.5625, 0.1875, 0.0, 0.0625, 0.6875, 0.1875, 0.875, 0.25, 1.0, 1.0, 0.25]
[TRAIN]: (96/1600): reward: -148.50936031341553, rates: 0.4906402550095258, loss: 4.91926519870758, rho: 0.56875, transmit_actions: 7, P: [0.25, 0.5625, 0.875, 0.375, 0.9375, 0.1875, 0.4375, 1.0, 0.625, 0.6875, 0.3125, 0.5, 0.8125, 0.6875, 0.875, 0.5625, 0.625, 0.25, 0.6875, 0.375]
[TRAIN]: (97/1600): reward: -132.40112495422363, rates: 0.5988748712411882, loss: 4.759677636623382, rho: 0.4875, transmit_actions: 9, P: [0.875, 0.9375, 0.9375, 0.8125, 0.1875, 0.75, 0.9375, 0.9375, 0.625, 0.375, 0.375, 0.4375, 0.0, 0.125, 0.375, 0.625, 0.0, 0.6875, 0.625, 0.1875]
[TRAIN]: (98/1600): reward: -91.08951306343079, rates: 0.9104866221666145, loss: 4.714277672767639, rho: 0.29375, transmit_actions: 5, P: [0.75, 0.0, 0.125, 0.6875, 0.0625, 0.5625, 0.75, 0.3125, 0.9375, 0.875, 0.875, 0.375, 0.125, 0.75, 0.6875, 0.125, 1.0, 0.875, 0.875, 0.375]
[TRAIN]: (99/1600): reward: -144.3338026367128, rates: 1.6661972636938276, loss: 4.396476554870605, rho: 0.4875, transmit_actions: 8, P: [1.0, 1.0, 0.6875, 0.0, 0.0, 0.0625, 0.5625, 0.1875, 0.3125, 0.1875, 1.0, 0.8125, 0.0625, 0.125, 0.5625, 1.0, 0.1875, 0.9375, 0.875, 0.6875]
[TRAIN]: (100/1600): reward: -137.5117630660534, rates: 1.4882364793623073, loss: 4.336684000492096, rho: 0.48125, transmit_actions: 11, P: [0.6875, 0.5, 1.0, 0.9375, 0.3125, 0.0, 0.625, 0.875, 0.3125, 0.375, 0.4375, 0.3125, 0.375, 0.125, 0.25, 0.5625, 0.4375, 0.25, 0.8125, 0.6875]
[TRAIN]: (101/1600): reward: -153.40816846489906, rates: 1.5918317814647356, loss: 4.672632229328156, rho: 0.54375, transmit_actions: 7, P: [0.0625, 0.875, 0.1875, 0.375, 0.75, 0.6875, 0.3125, 0.625, 0.9375, 0.5, 0.9375, 0.8125, 0.5625, 0.6875, 0.75, 0.6875, 0.1875, 0.0625, 0.25, 0.5]
[TRAIN]: (102/1600): reward: -130.28943657130003, rates: 2.7105633827169386, loss: 4.53628796339035, rho: 0.4875, transmit_actions: 10, P: [0.125, 0.625, 0.5, 0.8125, 0.125, 0.125, 0.9375, 0.875, 0.875, 0.0, 0.0625, 0.0, 0.3125, 0.375, 0.4375, 0.625, 0.1875, 0.3125, 0.0, 0.75]
[TRAIN]: (103/1600): reward: -133.74143916368484, rates: 1.2585608878364152, loss: 4.244504225254059, rho: 0.41875, transmit_actions: 8, P: [0.8125, 0.25, 0.5, 0.125, 0.0, 0.75, 0.6875, 0.875, 0.0, 0.0, 0.5, 0.0625, 0.5625, 0.6875, 0.5, 0.6875, 0.4375, 0.0625, 0.1875, 0.8125]
[TRAIN]: (104/1600): reward: -174.9685697555542, rates: 0.03143015812373991, loss: 4.711741209030151, rho: 0.50625, transmit_actions: 9, P: [0.625, 0.875, 1.0, 0.875, 0.5, 0.375, 0.5625, 0.5, 0.4375, 0.4375, 0.0, 0.1875, 0.8125, 0.3125, 0.5625, 0.75, 1.0, 0.625, 1.0, 0.9375]
[TRAIN]: (105/1600): reward: -139.22426053881645, rates: 1.7757398172360621, loss: 5.069802224636078, rho: 0.575, transmit_actions: 7, P: [0.75, 0.625, 0.0, 0.5, 0.1875, 0.5, 0.5625, 0.125, 0.9375, 0.75, 0.1875, 0.9375, 0.1875, 0.3125, 0.875, 0.75, 0.125, 0.625, 0.625, 0.875]
[TRAIN]: (106/1600): reward: -166.88579559326172, rates: 0.11420403385041344, loss: 4.801667404174805, rho: 0.65, transmit_actions: 9, P: [0.5, 0.0, 0.75, 0.8125, 0.625, 0.625, 0.125, 0.1875, 0.5625, 0.125, 0.5, 0.5625, 0.8125, 0.6875, 0.5625, 0.625, 0.875, 0.4375, 1.0, 0.625]
[TRAIN]: (107/1600): reward: -123.59329515695572, rates: 1.4067051500363674, loss: 4.479468131065369, rho: 0.46875, transmit_actions: 9, P: [0.5, 0.0625, 0.0, 0.125, 0.25, 0.0, 1.0, 0.1875, 0.875, 0.5, 0.75, 0.0, 0.8125, 0.75, 0.4375, 0.0, 0.3125, 0.125, 0.6875, 0.25]
[TRAIN]: (108/1600): reward: -133.28880700469017, rates: 2.7111926286678143, loss: 5.067199456691742, rho: 0.3875, transmit_actions: 11, P: [0.6875, 0.3125, 0.875, 0.6875, 0.0, 0.875, 0.0625, 0.375, 0.0, 0.9375, 0.5625, 0.125, 0.0625, 0.125, 0.75, 0.8125, 0.1875, 1.0, 0.625, 0.0]
[TRAIN]: (109/1600): reward: -135.896252065897, rates: 3.1037477978558843, loss: 5.047395688295365, rho: 0.53125, transmit_actions: 12, P: [0.625, 0.75, 0.0, 0.0625, 0.5, 0.5625, 0.4375, 0.9375, 0.4375, 0.0625, 0.625, 0.0625, 0.375, 0.4375, 0.125, 0.8125, 0.375, 0.75, 0.1875, 0.8125]
[TRAIN]: (110/1600): reward: -145.32428872585297, rates: 1.6757118185069746, loss: 5.342195725440979, rho: 0.575, transmit_actions: 10, P: [0.875, 0.5625, 0.5625, 0.9375, 0.25, 0.1875, 0.9375, 0.75, 0.875, 0.4375, 0.75, 1.0, 0.8125, 1.0, 0.9375, 0.1875, 0.3125, 0.125, 0.125, 0.3125]
[TRAIN]: (111/1600): reward: -163.84171676635742, rates: 1.1582838502426047, loss: 4.625531208515167, rho: 0.63125, transmit_actions: 11, P: [0.125, 0.3125, 0.625, 0.9375, 0.75, 0.375, 0.0, 0.6875, 0.5625, 0.3125, 0.625, 0.1875, 0.875, 0.625, 0.4375, 0.625, 0.375, 0.9375, 0.5625, 0.125]
[TRAIN]: (112/1600): reward: -145.33815297484398, rates: 1.6618472133142799, loss: 4.7387375831604, rho: 0.44375, transmit_actions: 7, P: [0.625, 0.4375, 0.5625, 0.5, 0.1875, 0.0625, 0.8125, 0.375, 0.0625, 0.4375, 0.8125, 0.75, 0.5625, 0.8125, 0.75, 0.75, 0.3125, 0.375, 1.0, 0.6875]
[TRAIN]: (113/1600): reward: -130.67944419384003, rates: 2.3205558786915996, loss: 4.694202423095703, rho: 0.475, transmit_actions: 7, P: [0.5625, 0.4375, 0.375, 0.9375, 0.5625, 0.875, 0.125, 0.625, 0.5, 1.0, 0.9375, 0.25, 0.75, 0.3125, 0.0625, 1.0, 0.0625, 0.75, 0.25, 0.8125]
[TRAIN]: (114/1600): reward: -152.0606838464737, rates: 1.9393162038633003, loss: 4.974268794059753, rho: 0.5875, transmit_actions: 10, P: [0.5, 0.25, 0.4375, 0.8125, 0.1875, 0.125, 1.0, 0.8125, 0.125, 0.375, 0.25, 0.375, 0.6875, 0.3125, 0.3125, 0.875, 0.3125, 0.1875, 0.4375, 0.875]
[TRAIN]: (115/1600): reward: -172.38650846481323, rates: 0.6134912406461355, loss: 4.994020235538483, rho: 0.54375, transmit_actions: 7, P: [1.0, 0.0, 0.375, 0.25, 0.4375, 0.5, 0.9375, 0.5, 0.9375, 0.0625, 0.375, 0.0, 0.5, 0.0625, 0.9375, 0.9375, 0.6875, 1.0, 0.6875, 0.9375]
[TRAIN]: (116/1600): reward: -136.18523317575455, rates: 2.814767018061366, loss: 4.748549520969391, rho: 0.55, transmit_actions: 11, P: [0.5, 0.875, 0.75, 0.4375, 0.875, 0.75, 0.25, 0.4375, 0.5, 0.1875, 0.125, 0.1875, 0.3125, 0.5, 0.125, 0.5625, 1.0, 0.5625, 0.625, 0.8125]
[TRAIN]: (117/1600): reward: -147.37337031960487, rates: 1.6266293807365373, loss: 4.93818029165268, rho: 0.5375, transmit_actions: 9, P: [0.1875, 0.125, 0.0625, 0.6875, 1.0, 0.3125, 0.8125, 0.625, 0.75, 0.0, 0.1875, 0.8125, 0.9375, 0.25, 0.625, 0.625, 0.125, 0.875, 0.0625, 0.875]
[TRAIN]: (118/1600): reward: -120.4671162366867, rates: 2.5328837731400053, loss: 3.9140739142894745, rho: 0.45, transmit_actions: 13, P: [0.9375, 0.5, 0.875, 0.125, 0.625, 0.0, 0.1875, 1.0, 1.0, 0.4375, 1.0, 0.625, 0.75, 0.5625, 0.125, 0.125, 0.0625, 0.8125, 1.0, 0.625]
[TRAIN]: (119/1600): reward: -162.99152982234955, rates: 1.0084699769874477, loss: 5.35229321718216, rho: 0.56875, transmit_actions: 8, P: [0.625, 0.625, 0.625, 0.75, 0.9375, 0.8125, 0.3125, 0.875, 0.0, 0.125, 0.9375, 0.125, 0.6875, 0.125, 0.1875, 0.4375, 0.8125, 0.3125, 0.375, 0.0]
[TRAIN]: (120/1600): reward: -145.30496656894684, rates: 1.6950339147801985, loss: 4.409512829780579, rho: 0.575, transmit_actions: 11, P: [0.9375, 0.75, 0.5625, 0.125, 0.875, 0.0, 0.75, 0.3125, 0.0625, 0.6875, 0.8125, 0.125, 0.6875, 0.1875, 0.75, 1.0, 0.625, 1.0, 0.4375, 0.5625]
[TRAIN]: (121/1600): reward: -141.6589424610138, rates: 1.3410578618692577, loss: 4.449280714988708, rho: 0.41875, transmit_actions: 13, P: [0.125, 0.25, 0.125, 0.0, 0.6875, 0.5625, 0.9375, 0.1875, 0.6875, 0.9375, 0.8125, 0.25, 0.875, 0.8125, 0.875, 0.8125, 0.625, 0.4375, 0.6875, 0.9375]
[TRAIN]: (122/1600): reward: -142.52281621098518, rates: 1.4771839516173135, loss: 4.789882904291153, rho: 0.51875, transmit_actions: 14, P: [0.25, 0.625, 0.75, 0.125, 0.4375, 0.9375, 0.375, 0.0625, 0.9375, 0.8125, 0.3125, 0.1875, 0.0625, 0.5, 0.25, 0.9375, 0.9375, 0.125, 0.8125, 0.3125]
[TRAIN]: (123/1600): reward: -123.63413783162832, rates: 3.3658617999011913, loss: 4.977862596511841, rho: 0.5875, transmit_actions: 10, P: [0.375, 0.5625, 0.5, 0.1875, 0.625, 0.625, 0.875, 0.0625, 0.125, 0.0, 0.8125, 0.4375, 0.25, 0.125, 0.25, 0.0625, 0.3125, 0.8125, 0.125, 0.5625]
[TRAIN]: (124/1600): reward: -146.9904142022133, rates: 3.0095855954113584, loss: 4.5348956227302555, rho: 0.50625, transmit_actions: 10, P: [0.8125, 0.375, 0.625, 0.0, 0.875, 0.25, 0.3125, 0.125, 0.375, 1.0, 0.25, 0.125, 0.3125, 0.0, 0.8125, 0.25, 0.4375, 0.75, 0.3125, 0.75]
[TRAIN]: (125/1600): reward: -121.19205844402313, rates: 2.807941543391742, loss: 4.8262832939624785, rho: 0.5125, transmit_actions: 13, P: [0.625, 0.6875, 0.8125, 0.3125, 0.6875, 0.875, 0.0, 1.0, 0.625, 0.875, 0.75, 0.6875, 0.0625, 0.625, 0.25, 0.8125, 0.0, 0.1875, 0.625, 0.3125]
[TRAIN]: (126/1600): reward: -145.01706051826477, rates: 0.9829392289125022, loss: 5.6989887952804565, rho: 0.4875, transmit_actions: 11, P: [0.9375, 0.0, 0.1875, 0.4375, 0.875, 0.9375, 1.0, 1.0, 0.0, 0.25, 0.8125, 0.0, 0.5, 0.9375, 0.125, 0.6875, 0.875, 0.3125, 0.0, 0.125]
[TRAIN]: (127/1600): reward: -98.46473014354706, rates: 5.535270093510768, loss: 4.2158085942268375, rho: 0.475, transmit_actions: 14, P: [0.4375, 0.9375, 0.8125, 0.125, 0.125, 0.1875, 0.4375, 0.25, 0.6875, 0.4375, 0.875, 0.0625, 0.5, 0.0625, 0.25, 0.6875, 0.4375, 0.125, 0.3125, 0.4375]
[TRAIN]: (128/1600): reward: -134.97936302423477, rates: 2.020636954128402, loss: 5.1239865899086, rho: 0.45, transmit_actions: 10, P: [0.625, 0.0625, 0.9375, 0.375, 0.875, 0.0625, 0.0625, 0.75, 0.125, 0.125, 0.9375, 0.125, 0.6875, 0.4375, 0.125, 0.6875, 0.5, 0.3125, 0.625, 0.4375]
[TRAIN]: (129/1600): reward: -138.08004474639893, rates: 1.9199548641974415, loss: 5.039127218723297, rho: 0.45, transmit_actions: 10, P: [0.9375, 0.3125, 0.3125, 0.25, 0.625, 0.75, 0.875, 0.9375, 0.625, 0.125, 0.5625, 0.1875, 0.6875, 0.3125, 0.0625, 0.625, 0.25, 0.9375, 0.375, 0.9375]
[TRAIN]: (130/1600): reward: -118.62897053360939, rates: 1.3710289163350922, loss: 4.911597740650177, rho: 0.41875, transmit_actions: 11, P: [0.75, 0.625, 0.0625, 0.9375, 0.0, 0.625, 1.0, 0.375, 0.0625, 0.3125, 0.25, 0.375, 0.9375, 0.3125, 0.1875, 0.625, 0.25, 0.1875, 0.1875, 0.9375]
[TRAIN]: (131/1600): reward: -136.6536649465561, rates: 1.3463352793128789, loss: 4.6300355195999146, rho: 0.4875, transmit_actions: 10, P: [0.875, 0.9375, 0.1875, 0.8125, 0.4375, 0.8125, 0.125, 1.0, 0.0625, 0.8125, 0.5, 0.5, 0.5625, 0.125, 1.0, 0.875, 0.375, 0.6875, 0.625, 0.1875]
[TRAIN]: (132/1600): reward: -165.7812361717224, rates: 0.21876438287081587, loss: 4.953638273477554, rho: 0.41875, transmit_actions: 13, P: [0.8125, 0.3125, 0.1875, 0.9375, 0.625, 0.875, 0.9375, 0.5625, 0.375, 0.125, 0.3125, 0.9375, 0.0, 1.0, 0.1875, 0.5625, 0.875, 0.8125, 0.5, 0.4375]
[TRAIN]: (133/1600): reward: -107.19903400540352, rates: 2.800966232011092, loss: 4.703005468845367, rho: 0.425, transmit_actions: 13, P: [0.3125, 0.0625, 1.0, 0.6875, 0.0, 0.0, 0.0, 0.8125, 0.625, 0.0625, 0.9375, 0.4375, 0.375, 0.1875, 0.4375, 0.25, 0.1875, 0.625, 0.375, 0.6875]
[TRAIN]: (134/1600): reward: -138.94172263145447, rates: 1.0582777212389907, loss: 4.721706962585449, rho: 0.5375, transmit_actions: 9, P: [0.3125, 0.8125, 0.0625, 0.25, 0.3125, 0.9375, 0.5625, 0.125, 0.0, 0.4375, 0.3125, 0.25, 0.3125, 0.125, 0.0, 1.0, 0.625, 0.0625, 0.625, 0.875]
[TRAIN]: (135/1600): reward: -92.1432276070118, rates: 3.8567717686131373, loss: 4.622058308124542, rho: 0.49375, transmit_actions: 12, P: [0.6875, 0.0, 0.5, 0.0, 0.75, 0.5625, 0.1875, 0.8125, 0.25, 0.625, 0.625, 0.0, 0.0, 0.0625, 0.25, 0.5625, 0.875, 0.375, 0.1875, 0.125]
[TRAIN]: (136/1600): reward: -124.34938991069794, rates: 2.6506098031164327, loss: 4.754379057884217, rho: 0.5, transmit_actions: 14, P: [0.9375, 0.375, 0.1875, 0.75, 0.0625, 0.9375, 0.375, 0.625, 0.875, 0.0625, 0.25, 0.5625, 0.6875, 0.3125, 0.625, 0.0, 0.625, 0.3125, 0.4375, 0.3125]
[TRAIN]: (137/1600): reward: -150.7230315208435, rates: 0.27696899183948953, loss: 4.536536681652069, rho: 0.48125, transmit_actions: 9, P: [0.125, 0.4375, 0.8125, 0.125, 0.5625, 0.5, 0.25, 0.125, 0.8125, 0.0, 0.9375, 1.0, 0.75, 0.5625, 0.4375, 0.0625, 0.375, 0.75, 0.0, 0.5625]
[TRAIN]: (138/1600): reward: -135.1817790567875, rates: 0.8182208218079716, loss: 4.522657746076584, rho: 0.43125, transmit_actions: 10, P: [0.0625, 0.5, 0.8125, 0.25, 1.0, 0.3125, 0.25, 0.875, 0.1875, 0.25, 0.0, 0.375, 1.0, 0.75, 0.125, 1.0, 0.875, 0.4375, 0.4375, 0.875]
[TRAIN]: (139/1600): reward: -133.04097366333008, rates: 0.9590264256969532, loss: 4.83567556142807, rho: 0.50625, transmit_actions: 8, P: [0.8125, 0.0625, 0.6875, 0.3125, 0.5, 0.125, 1.0, 0.1875, 0.3125, 0.875, 0.5, 0.3125, 0.0, 0.8125, 0.125, 0.9375, 0.4375, 0.8125, 0.6875, 0.75]
[TRAIN]: (140/1600): reward: -152.6182360649109, rates: 0.38176404130672803, loss: 4.690057802200317, rho: 0.51875, transmit_actions: 8, P: [0.3125, 0.4375, 0.375, 0.0625, 0.25, 0.375, 1.0, 0.75, 0.5625, 0.8125, 0.3125, 0.5, 0.1875, 0.0, 0.9375, 0.5, 0.6875, 0.75, 0.9375, 1.0]
[TRAIN]: (141/1600): reward: -155.70586156845093, rates: 0.2941388479153473, loss: 5.216662108898163, rho: 0.4875, transmit_actions: 14, P: [0.375, 0.8125, 0.8125, 0.6875, 0.5625, 0.625, 0.375, 0.3125, 0.5625, 0.125, 0.0, 0.4375, 0.4375, 0.625, 0.5, 0.375, 0.875, 0.4375, 0.0, 0.875]
[TRAIN]: (142/1600): reward: -125.21714586019516, rates: 2.782854196728016, loss: 4.27730975151062, rho: 0.55, transmit_actions: 14, P: [0.6875, 0.9375, 1.0, 0.8125, 0.75, 0.25, 0.9375, 0.9375, 0.0, 0.3125, 0.6875, 0.0625, 0.1875, 0.3125, 0.375, 0.3125, 0.375, 0.0625, 0.8125, 0.0625]
[TRAIN]: (143/1600): reward: -116.47348508238792, rates: 1.5265149318805449, loss: 4.769736921787262, rho: 0.5, transmit_actions: 8, P: [0.25, 0.5, 0.0625, 0.5, 0.375, 0.875, 0.1875, 0.0, 0.375, 0.9375, 0.375, 0.3125, 0.0, 0.9375, 0.875, 0.125, 0.125, 1.0, 0.8125, 0.5]
[TRAIN]: (144/1600): reward: -148.8819727897644, rates: 2.11802729724536, loss: 4.653909540176391, rho: 0.38125, transmit_actions: 8, P: [0.375, 0.125, 0.5625, 0.3125, 0.4375, 0.8125, 0.875, 0.1875, 0.125, 0.125, 0.1875, 0.4375, 0.125, 0.0, 0.75, 0.875, 0.5, 0.8125, 0.3125, 0.625]
[TRAIN]: (145/1600): reward: -141.34259444475174, rates: 2.6574057922781984, loss: 5.025682556629181, rho: 0.58125, transmit_actions: 11, P: [0.3125, 0.5, 0.6875, 0.75, 0.75, 0.25, 0.1875, 0.5, 0.6875, 0.0, 0.8125, 0.5, 0.8125, 0.75, 1.0, 0.1875, 0.4375, 0.125, 0.875, 0.125]
[TRAIN]: (146/1600): reward: -160.70192527770996, rates: 0.29807588097661947, loss: 5.492904114723205, rho: 0.48125, transmit_actions: 12, P: [0.625, 0.8125, 0.75, 0.1875, 0.0, 0.0, 0.5625, 0.0625, 0.4375, 0.625, 0.3125, 0.5625, 0.6875, 0.75, 0.9375, 0.5625, 1.0, 0.6875, 1.0, 0.5]
[TRAIN]: (147/1600): reward: -121.80887188017368, rates: 2.191128075098491, loss: 4.623066490888595, rho: 0.4875, transmit_actions: 9, P: [0.375, 0.1875, 0.375, 0.9375, 0.125, 0.6875, 0.9375, 0.6875, 0.375, 0.9375, 0.1875, 0.5625, 0.75, 0.0625, 0.3125, 0.6875, 0.5625, 0.1875, 0.125, 0.25]
[TRAIN]: (148/1600): reward: -161.21524079144, rates: 1.7847595324779986, loss: 4.48451681137085, rho: 0.4625, transmit_actions: 11, P: [0.125, 0.4375, 0.3125, 0.3125, 0.0, 0.8125, 0.4375, 0.375, 0.3125, 0.375, 1.0, 0.4375, 0.875, 0.8125, 0.125, 0.4375, 0.9375, 0.625, 0.4375, 0.375]
[TRAIN]: (149/1600): reward: -139.17302051186562, rates: 0.82697932917007, loss: 4.629641473293304, rho: 0.4875, transmit_actions: 11, P: [0.125, 0.125, 0.5625, 0.75, 0.6875, 0.1875, 0.9375, 0.6875, 0.0, 1.0, 0.375, 0.9375, 0.875, 0.9375, 0.5, 0.375, 0.6875, 0.75, 0.6875, 0.5625]
[TRAIN]: (150/1600): reward: -153.3944182395935, rates: 0.6055817375474238, loss: 4.262679243087769, rho: 0.5375, transmit_actions: 4, P: [0.9375, 0.375, 0.9375, 0.4375, 0.5625, 0.375, 0.6875, 0.25, 0.625, 0.8125, 0.6875, 0.9375, 0.4375, 0.9375, 0.5625, 0.0, 0.5625, 0.5625, 0.625, 0.3125]
[TRAIN]: (151/1600): reward: -158.80041790008545, rates: 1.199581678746698, loss: 5.477779805660248, rho: 0.44375, transmit_actions: 11, P: [0.1875, 0.0625, 0.375, 0.5625, 0.75, 0.125, 0.3125, 1.0, 0.6875, 0.875, 0.6875, 1.0, 0.0, 0.3125, 0.0, 1.0, 0.5625, 0.125, 0.5625, 0.5]
[TRAIN]: (152/1600): reward: -134.1867152452469, rates: 2.813284587602789, loss: 4.0901478171348575, rho: 0.5, transmit_actions: 7, P: [0.5, 0.375, 0.5625, 0.5625, 0.5, 0.375, 0.1875, 0.375, 0.9375, 0.875, 0.75, 0.875, 0.0625, 0.3125, 0.375, 0.6875, 0.9375, 0.25, 0.0625, 0.4375]
[TRAIN]: (153/1600): reward: -149.9191222190857, rates: 1.0808773023308236, loss: 4.817354035377503, rho: 0.4125, transmit_actions: 12, P: [0.375, 0.0, 0.5, 0.125, 0.4375, 0.5625, 0.625, 0.625, 0.3125, 0.3125, 0.9375, 0.8125, 0.875, 0.75, 0.875, 0.6875, 1.0, 0.4375, 0.9375, 0.75]
[TRAIN]: (154/1600): reward: -154.1632056236267, rates: 1.836794133617376, loss: 5.214734268188477, rho: 0.5125, transmit_actions: 7, P: [0.5, 0.3125, 0.0, 0.5, 0.3125, 0.9375, 0.9375, 0.5625, 0.5, 0.1875, 0.75, 0.25, 0.25, 0.8125, 0.625, 0.6875, 0.375, 0.25, 0.375, 0.4375]
[TRAIN]: (155/1600): reward: -149.67673063278198, rates: 0.3232695283262951, loss: 5.177390241622925, rho: 0.4875, transmit_actions: 8, P: [0.75, 0.9375, 0.8125, 0.25, 0.75, 0.6875, 0.3125, 0.9375, 0.4375, 0.5625, 0.3125, 0.625, 0.875, 0.0, 0.25, 0.4375, 0.75, 0.9375, 0.8125, 0.8125]
[TRAIN]: (156/1600): reward: -145.23281979886815, rates: 2.767180136232897, loss: 5.303388154506683, rho: 0.53125, transmit_actions: 10, P: [0.25, 0.0, 0.4375, 0.375, 0.875, 0.4375, 0.5625, 0.1875, 0.75, 0.0625, 0.25, 0.125, 0.875, 0.1875, 0.5, 0.0625, 0.1875, 0.3125, 0.375, 0.125]
[TRAIN]: (157/1600): reward: -144.29475808143616, rates: 1.705240678636833, loss: 4.726871681213379, rho: 0.44375, transmit_actions: 12, P: [0.5, 0.0625, 0.375, 0.625, 0.1875, 0.0625, 0.875, 0.75, 0.125, 0.5625, 0.75, 0.9375, 0.6875, 0.625, 0.3125, 0.8125, 0.3125, 0.8125, 0.25, 0.25]
[TRAIN]: (158/1600): reward: -133.29120540618896, rates: 1.7087947411418054, loss: 4.700431907176972, rho: 0.475, transmit_actions: 11, P: [0.25, 0.25, 0.0, 0.0625, 0.6875, 0.9375, 0.0625, 0.0, 0.625, 0.9375, 0.25, 0.625, 0.5, 0.4375, 0.5625, 0.9375, 0.9375, 0.0625, 0.1875, 0.625]
[TRAIN]: (159/1600): reward: -127.42325466871262, rates: 2.5767457228683113, loss: 4.026636481285095, rho: 0.53125, transmit_actions: 13, P: [0.3125, 1.0, 0.875, 0.5, 0.875, 0.125, 0.25, 0.5, 0.3125, 0.3125, 0.5, 0.5625, 0.25, 0.5, 0.875, 0.6875, 0.3125, 0.125, 0.8125, 0.0]
[TRAIN]: (160/1600): reward: -158.43182063102722, rates: 1.5681792257585614, loss: 4.944575500488281, rho: 0.51875, transmit_actions: 8, P: [0.0, 0.8125, 0.1875, 0.875, 0.0625, 0.1875, 0.3125, 0.0, 0.1875, 0.9375, 0.4375, 0.4375, 0.0625, 0.9375, 1.0, 0.6875, 0.0, 0.3125, 0.25, 0.0]
[TRAIN]: (161/1600): reward: -156.52283323556185, rates: 1.4771672148617696, loss: 4.698080980777741, rho: 0.59375, transmit_actions: 12, P: [0.125, 0.6875, 0.5, 0.5625, 0.625, 0.5625, 0.25, 0.9375, 0.75, 0.0625, 0.8125, 0.125, 0.8125, 0.625, 0.75, 0.25, 0.6875, 0.6875, 0.3125, 0.25]
[TRAIN]: (162/1600): reward: -142.85488271713257, rates: 2.1451166406452167, loss: 4.684986579418182, rho: 0.48125, transmit_actions: 10, P: [0.9375, 0.0625, 1.0, 0.75, 0.4375, 0.375, 0.0, 0.75, 0.875, 0.3125, 0.3125, 0.5625, 0.3125, 0.625, 0.625, 0.875, 0.8125, 0.0625, 0.3125, 0.0625]
[TRAIN]: (163/1600): reward: -144.7342967391014, rates: 2.2657034502021003, loss: 4.18114675283432, rho: 0.51875, transmit_actions: 12, P: [0.5, 0.9375, 0.0625, 0.25, 0.0, 0.75, 0.8125, 0.0625, 0.0, 0.5, 0.75, 0.375, 0.0625, 0.875, 0.1875, 0.75, 0.875, 0.5, 0.9375, 0.375]
[TRAIN]: (164/1600): reward: -129.4460634291172, rates: 1.5539359453238837, loss: 4.630820083618164, rho: 0.36875, transmit_actions: 12, P: [0.75, 0.0, 0.375, 0.8125, 0.4375, 0.1875, 0.4375, 0.375, 0.625, 0.375, 0.1875, 0.5, 0.5, 0.75, 0.125, 0.75, 0.6875, 0.75, 0.75, 1.0]
[TRAIN]: (165/1600): reward: -148.93517036736012, rates: 1.064829068525064, loss: 4.663083791732788, rho: 0.5625, transmit_actions: 13, P: [0.375, 0.3125, 0.5625, 0.0, 0.8125, 0.5625, 0.625, 0.1875, 0.8125, 0.0625, 0.3125, 0.125, 0.125, 1.0, 0.4375, 0.9375, 0.1875, 0.5625, 0.375, 1.0]
[TRAIN]: (166/1600): reward: -131.2404774427414, rates: 3.7595219823340322, loss: 4.369141322374344, rho: 0.49375, transmit_actions: 11, P: [0.75, 0.5, 0.8125, 0.0625, 0.25, 0.625, 0.6875, 0.6875, 0.5625, 0.625, 0.625, 0.5625, 0.8125, 0.8125, 0.1875, 0.1875, 0.125, 0.375, 0.375, 0.0]
[TRAIN]: (167/1600): reward: -114.17549914121628, rates: 2.8245006054178603, loss: 4.589281237125396, rho: 0.58125, transmit_actions: 13, P: [0.5, 0.3125, 0.0, 0.625, 1.0, 0.625, 0.5625, 0.0, 0.375, 0.5, 0.25, 0.625, 0.0625, 0.8125, 0.0625, 0.125, 0.375, 0.4375, 0.0625, 0.375]
[TRAIN]: (168/1600): reward: -111.3117789849639, rates: 3.6882209178565826, loss: 5.116214108467102, rho: 0.475, transmit_actions: 9, P: [0.0, 0.5625, 0.375, 0.4375, 0.125, 0.5625, 0.0625, 0.875, 0.875, 0.125, 0.1875, 0.25, 0.625, 0.125, 0.125, 0.4375, 0.9375, 0.25, 0.5625, 0.375]
[TRAIN]: (169/1600): reward: -152.5713470801711, rates: 0.4286525319150867, loss: 4.6629599809646605, rho: 0.50625, transmit_actions: 9, P: [0.5, 0.6875, 0.875, 0.5625, 0.5625, 0.125, 0.0625, 0.5625, 0.0625, 0.625, 1.0, 0.125, 0.625, 0.3125, 0.9375, 0.9375, 0.5, 0.3125, 0.875, 0.6875]
[TRAIN]: (170/1600): reward: -167.2793412208557, rates: 0.7206593926686594, loss: 4.4148511528968815, rho: 0.65, transmit_actions: 12, P: [0.25, 0.5625, 0.0, 0.5625, 0.8125, 0.1875, 0.6875, 0.6875, 0.0625, 0.9375, 0.375, 0.3125, 0.25, 0.3125, 0.1875, 0.375, 0.375, 0.1875, 0.25, 0.625]
[TRAIN]: (171/1600): reward: -146.46929343044758, rates: 0.5307067406550393, loss: 4.804453349113464, rho: 0.575, transmit_actions: 8, P: [0.8125, 0.75, 0.625, 0.5625, 0.6875, 0.0, 0.8125, 1.0, 0.8125, 0.0625, 0.625, 0.6875, 0.6875, 0.125, 0.0, 0.1875, 0.75, 0.25, 0.375, 0.75]
[TRAIN]: (172/1600): reward: -132.99278354644775, rates: 3.007217381754245, loss: 4.439465749263763, rho: 0.46875, transmit_actions: 14, P: [0.1875, 0.375, 0.25, 0.875, 0.4375, 0.5625, 0.3125, 1.0, 0.375, 0.9375, 0.9375, 0.1875, 0.4375, 0.25, 0.3125, 0.1875, 0.625, 0.625, 0.0, 1.0]
[TRAIN]: (173/1600): reward: -102.21521472930908, rates: 0.7847852123616196, loss: 4.641926085948944, rho: 0.45625, transmit_actions: 7, P: [0.8125, 0.8125, 1.0, 0.0, 0.875, 0.75, 0.75, 0.75, 0.25, 1.0, 0.0, 0.875, 0.6875, 0.5, 0.0, 0.375, 0.0, 0.75, 0.3125, 0.75]
[TRAIN]: (174/1600): reward: -166.2027000784874, rates: 1.7972995239469989, loss: 4.515988743305206, rho: 0.53125, transmit_actions: 8, P: [0.375, 0.5, 0.1875, 0.125, 0.1875, 0.125, 0.375, 0.3125, 0.375, 0.125, 0.3125, 0.1875, 0.875, 0.125, 0.9375, 0.5, 0.3125, 0.3125, 0.5, 0.0]
[TRAIN]: (175/1600): reward: -169.10912376642227, rates: 0.8908761915517148, loss: 4.791381025314331, rho: 0.49375, transmit_actions: 8, P: [0.8125, 0.3125, 0.75, 0.9375, 0.75, 0.375, 0.75, 0.25, 0.375, 0.0625, 0.375, 0.0, 0.375, 1.0, 0.0625, 0.8125, 0.4375, 0.9375, 0.1875, 0.0]
[TRAIN]: (176/1600): reward: -106.6796783208847, rates: 2.320321357503622, loss: 4.720879709720611, rho: 0.51875, transmit_actions: 13, P: [0.4375, 0.3125, 0.25, 0.125, 0.75, 0.75, 0.625, 0.25, 0.375, 0.3125, 0.1875, 0.375, 0.8125, 0.25, 0.9375, 0.5, 0.4375, 0.125, 0.0625, 1.0]
[TRAIN]: (177/1600): reward: -146.02653449773788, rates: 1.9734658481102414, loss: 5.343717491626739, rho: 0.48125, transmit_actions: 9, P: [0.1875, 0.625, 0.9375, 0.3125, 0.875, 0.375, 1.0, 0.875, 0.5625, 0.1875, 0.75, 0.9375, 0.3125, 0.5625, 0.625, 0.75, 1.0, 0.8125, 0.5, 0.75]
[TRAIN]: (178/1600): reward: -148.02083513140678, rates: 0.9791647270663636, loss: 4.62392293214798, rho: 0.46875, transmit_actions: 8, P: [0.75, 0.375, 0.125, 0.5, 0.125, 0.375, 0.875, 0.6875, 0.8125, 0.8125, 0.75, 1.0, 0.75, 0.0625, 0.1875, 0.8125, 0.125, 0.6875, 0.75, 0.625]
[TRAIN]: (179/1600): reward: -150.69012054800987, rates: 1.3098796285955112, loss: 4.512448239326477, rho: 0.56875, transmit_actions: 10, P: [0.4375, 0.375, 0.5625, 0.0625, 0.625, 0.875, 0.875, 0.375, 0.8125, 0.625, 0.75, 0.375, 0.25, 0.6875, 0.375, 0.3125, 0.0625, 0.3125, 0.25, 0.75]
[TRAIN]: (180/1600): reward: -152.21368116140366, rates: 1.7863186874717771, loss: 4.654974007606507, rho: 0.60625, transmit_actions: 11, P: [0.125, 0.8125, 0.1875, 1.0, 0.3125, 0.4375, 0.9375, 0.5625, 0.4375, 0.5, 0.4375, 0.0, 0.6875, 0.6875, 0.9375, 0.375, 0.9375, 0.5625, 0.25, 0.3125]
[TRAIN]: (181/1600): reward: -160.26062548160553, rates: 0.7393741143776504, loss: 4.213081419467926, rho: 0.6125, transmit_actions: 10, P: [0.625, 0.9375, 0.625, 0.25, 0.25, 0.5, 0.9375, 0.1875, 0.25, 0.6875, 0.5, 0.6875, 0.9375, 0.4375, 0.9375, 0.6875, 0.5625, 0.6875, 0.25, 0.625]
[TRAIN]: (182/1600): reward: -156.24952507019043, rates: 0.7504752274058594, loss: 4.381029391288758, rho: 0.45, transmit_actions: 12, P: [1.0, 0.875, 0.375, 0.0, 0.5625, 0.25, 0.4375, 0.8125, 1.0, 0.0, 0.4375, 1.0, 0.3125, 0.8125, 0.875, 0.8125, 0.6875, 0.0625, 0.4375, 0.5625]
[TRAIN]: (183/1600): reward: -141.82250046730042, rates: 1.1774997316063696, loss: 4.965562057495117, rho: 0.49375, transmit_actions: 10, P: [0.25, 0.8125, 0.6875, 0.8125, 0.1875, 0.75, 0.9375, 0.125, 0.4375, 0.5625, 0.1875, 0.5625, 0.5, 0.5625, 1.0, 1.0, 0.3125, 0.125, 0.0625, 0.875]
[TRAIN]: (184/1600): reward: -133.23295933008194, rates: 2.767040493086427, loss: 5.028475677967071, rho: 0.41875, transmit_actions: 13, P: [0.1875, 0.125, 0.25, 0.0625, 1.0, 0.4375, 0.1875, 0.25, 0.25, 0.1875, 0.9375, 0.625, 0.5, 0.5, 1.0, 0.625, 0.5625, 0.875, 0.25, 0.1875]
[TRAIN]: (185/1600): reward: -107.02124834060669, rates: 0.978752179425104, loss: 4.796856796741485, rho: 0.49375, transmit_actions: 13, P: [0.9375, 1.0, 0.875, 0.875, 0.625, 0.5, 0.25, 0.0, 0.4375, 0.75, 0.875, 1.0, 1.0, 0.6875, 0.4375, 0.6875, 0.375, 0.0, 0.0, 0.875]
[TRAIN]: (186/1600): reward: -151.0428557395935, rates: 1.9571440996599563, loss: 4.522620677947998, rho: 0.475, transmit_actions: 9, P: [0.1875, 0.9375, 0.25, 0.5, 0.625, 0.3125, 0.25, 0.4375, 0.125, 0.25, 0.6875, 1.0, 0.5625, 0.25, 0.3125, 0.8125, 0.1875, 0.0, 0.5625, 0.1875]
[TRAIN]: (187/1600): reward: -153.6028858423233, rates: 1.397114439566958, loss: 4.857157421112061, rho: 0.51875, transmit_actions: 7, P: [0.75, 1.0, 0.25, 0.8125, 0.5, 0.25, 0.8125, 0.375, 1.0, 0.1875, 0.5, 0.0625, 0.625, 0.5625, 0.625, 0.1875, 0.3125, 0.5, 0.9375, 0.0625]
[TRAIN]: (188/1600): reward: -164.203125, rates: 0.7968749932968394, loss: 5.339442348480224, rho: 0.46875, transmit_actions: 6, P: [0.3125, 0.875, 0.125, 0.125, 0.5625, 0.6875, 0.125, 0.375, 0.8125, 0.6875, 0.6875, 0.1875, 0.75, 0.0, 0.0625, 0.0625, 0.9375, 0.5625, 0.5, 0.0625]
[TRAIN]: (189/1600): reward: -153.42577409744263, rates: 1.5742254966138025, loss: 4.935501778125763, rho: 0.4625, transmit_actions: 12, P: [0.5625, 0.6875, 0.6875, 0.875, 0.25, 0.5, 0.0, 0.0625, 0.3125, 0.125, 0.625, 0.4375, 0.4375, 0.9375, 0.6875, 0.3125, 0.5, 0.4375, 0.5625, 0.75]
[TRAIN]: (190/1600): reward: -149.87815046310425, rates: 0.121849271358351, loss: 4.005169916152954, rho: 0.45625, transmit_actions: 7, P: [0.125, 0.9375, 0.9375, 0.3125, 0.9375, 0.625, 0.875, 0.75, 0.4375, 0.5, 0.625, 0.6875, 0.5, 0.875, 0.9375, 0.125, 0.0, 0.9375, 0.5625, 0.0625]
[TRAIN]: (191/1600): reward: -138.81899166107178, rates: 2.181008313565734, loss: 4.395096427202224, rho: 0.4875, transmit_actions: 11, P: [0.1875, 0.0625, 0.75, 0.25, 1.0, 0.3125, 0.625, 0.8125, 0.625, 0.5, 0.3125, 0.25, 0.375, 0.1875, 0.875, 0.8125, 0.0625, 0.8125, 0.4375, 0.8125]
[TRAIN]: (192/1600): reward: -163.1674861907959, rates: 2.8325140513753717, loss: 4.020664608478546, rho: 0.50625, transmit_actions: 16, P: [0.875, 0.25, 0.75, 0.6875, 0.6875, 0.875, 0.375, 0.375, 0.8125, 0.1875, 0.9375, 0.9375, 0.0625, 0.375, 0.125, 0.0625, 0.125, 0.5625, 0.75, 0.75]
[TRAIN]: (193/1600): reward: -134.8770072311163, rates: 2.122992779521734, loss: 4.821347916126252, rho: 0.525, transmit_actions: 12, P: [0.625, 0.3125, 0.4375, 0.125, 0.8125, 0.625, 1.0, 0.8125, 0.3125, 0.125, 0.9375, 0.6875, 0.125, 0.375, 0.625, 0.5625, 0.375, 0.1875, 0.25, 0.5625]
[TRAIN]: (194/1600): reward: -175.71681261062622, rates: 0.2831870050646378, loss: 4.453340613842011, rho: 0.50625, transmit_actions: 13, P: [1.0, 0.125, 0.875, 0.3125, 0.6875, 0.875, 0.0, 0.0, 0.5625, 0.875, 0.75, 0.4375, 0.4375, 0.6875, 0.0625, 1.0, 0.6875, 0.8125, 0.75, 0.8125]
[TRAIN]: (195/1600): reward: -144.87202429771423, rates: 0.12797557180312016, loss: 4.410357189178467, rho: 0.4125, transmit_actions: 6, P: [0.0625, 1.0, 0.6875, 0.5, 0.375, 0.8125, 0.0, 0.75, 0.3125, 0.9375, 0.5625, 0.625, 0.75, 0.75, 0.4375, 0.4375, 0.125, 0.625, 0.875, 0.0]
[TRAIN]: (196/1600): reward: -172.27604487538338, rates: 0.7239553028950724, loss: 4.240759766101837, rho: 0.5875, transmit_actions: 7, P: [0.875, 0.125, 0.125, 0.25, 0.0625, 0.25, 0.1875, 0.3125, 0.9375, 0.875, 0.6875, 0.0, 0.3125, 0.4375, 0.5625, 0.5625, 0.375, 0.5, 0.625, 0.1875]
[TRAIN]: (197/1600): reward: -110.56364065408707, rates: 4.436358940167385, loss: 4.279904079437256, rho: 0.475, transmit_actions: 11, P: [0.5625, 0.375, 0.3125, 0.125, 0.875, 0.625, 0.875, 0.6875, 0.3125, 0.625, 0.1875, 0.0, 0.8125, 0.25, 0.0, 0.875, 0.1875, 0.5625, 0.9375, 0.125]
[TRAIN]: (198/1600): reward: -120.47004833817482, rates: 1.529951413027898, loss: 4.855012273788452, rho: 0.51875, transmit_actions: 11, P: [0.875, 0.0625, 0.5625, 0.25, 0.75, 0.6875, 0.375, 0.125, 0.5625, 0.25, 0.125, 0.125, 0.0, 0.0, 1.0, 0.75, 0.375, 0.9375, 0.6875, 0.125]
[TRAIN]: (199/1600): reward: -134.66499009728432, rates: 1.3350093713042752, loss: 4.8299941420555115, rho: 0.45, transmit_actions: 11, P: [0.625, 0.3125, 0.9375, 0.5625, 0.5625, 0.875, 0.625, 0.375, 0.4375, 0.1875, 0.8125, 0.0625, 0.75, 0.4375, 1.0, 1.0, 0.375, 0.75, 0.375, 0.875]
[TRAIN]: (200/1600): reward: -134.7825894355774, rates: 2.217410612985136, loss: 4.5427826821804045, rho: 0.4625, transmit_actions: 10, P: [0.4375, 0.8125, 0.3125, 0.125, 0.25, 0.5, 0.375, 0.9375, 0.625, 0.0625, 0.4375, 0.75, 0.9375, 0.875, 0.75, 0.125, 0.5, 0.4375, 0.125, 0.0]
[TRAIN]: (201/1600): reward: -132.56511914730072, rates: 1.4348804972109086, loss: 5.532033550739288, rho: 0.50625, transmit_actions: 10, P: [0.0, 0.0, 0.125, 0.375, 0.75, 0.9375, 1.0, 0.9375, 0.6875, 0.4375, 0.0625, 0.25, 0.125, 0.875, 0.625, 0.25, 0.8125, 0.5625, 0.0625, 0.625]
[TRAIN]: (202/1600): reward: -142.07227492332458, rates: 1.9277247865595633, loss: 4.497027277946472, rho: 0.53125, transmit_actions: 12, P: [0.75, 0.25, 0.75, 0.25, 0.375, 0.8125, 0.8125, 0.5, 0.4375, 0.375, 0.4375, 0.8125, 0.6875, 0.375, 0.3125, 0.875, 0.5625, 0.625, 0.625, 0.0]
[TRAIN]: (203/1600): reward: -103.80690735578537, rates: 2.1930931961569065, loss: 4.789493882656098, rho: 0.5125, transmit_actions: 12, P: [0.5, 0.125, 0.6875, 1.0, 0.6875, 0.3125, 0.8125, 0.625, 0.4375, 0.125, 0.0, 0.0, 0.375, 0.9375, 0.875, 0.25, 0.6875, 0.125, 0.75, 1.0]
[TRAIN]: (204/1600): reward: -133.0440152734518, rates: 0.9559845981422583, loss: 4.911543071269989, rho: 0.5, transmit_actions: 8, P: [0.9375, 0.875, 0.25, 0.8125, 1.0, 0.375, 0.625, 0.25, 0.125, 0.9375, 0.0625, 0.3125, 0.875, 0.6875, 0.8125, 0.1875, 0.0625, 0.75, 0.1875, 0.9375]
[TRAIN]: (205/1600): reward: -153.19172197580338, rates: 1.8082771753930866, loss: 4.857710540294647, rho: 0.50625, transmit_actions: 11, P: [0.125, 0.3125, 0.9375, 0.0625, 0.5625, 0.6875, 0.9375, 1.0, 0.75, 0.75, 0.0, 0.375, 0.6875, 0.625, 0.25, 0.125, 0.8125, 0.1875, 0.0625, 0.0625]
[TRAIN]: (206/1600): reward: -140.08920001983643, rates: 1.9107995978015024, loss: 4.791571164131165, rho: 0.51875, transmit_actions: 11, P: [1.0, 0.0, 0.0625, 1.0, 0.0625, 0.3125, 0.4375, 0.0625, 0.875, 0.3125, 0.375, 0.8125, 0.1875, 0.0625, 0.5, 0.75, 0.375, 0.625, 0.3125, 0.75]
[TRAIN]: (207/1600): reward: -132.66635210812092, rates: 2.3336473563518925, loss: 4.969545316696167, rho: 0.50625, transmit_actions: 11, P: [0.0, 0.1875, 0.5, 0.9375, 0.125, 0.1875, 0.0, 0.0625, 0.9375, 0.5, 0.3125, 0.125, 0.125, 0.875, 0.375, 1.0, 0.1875, 0.6875, 1.0, 0.125]
[TRAIN]: (208/1600): reward: -113.53874710202217, rates: 4.461253017188276, loss: 4.459553134441376, rho: 0.4875, transmit_actions: 13, P: [0.9375, 0.375, 0.625, 0.3125, 0.5, 0.375, 0.125, 0.125, 0.1875, 0.8125, 0.4375, 0.5, 0.4375, 0.0625, 0.0625, 0.75, 0.3125, 0.4375, 0.6875, 0.75]
[TRAIN]: (209/1600): reward: -171.43021154403687, rates: 0.5697879683449404, loss: 4.0590477108955385, rho: 0.56875, transmit_actions: 9, P: [0.5, 0.5625, 1.0, 0.375, 0.5625, 0.5625, 0.0625, 1.0, 0.8125, 0.375, 1.0, 0.0, 0.4375, 0.8125, 0.5, 0.75, 1.0, 0.0, 0.1875, 0.375]
[TRAIN]: (210/1600): reward: -114.96153163909912, rates: 2.0384685321238907, loss: 4.3555864810943605, rho: 0.5, transmit_actions: 11, P: [0.75, 0.625, 0.75, 0.875, 0.0625, 1.0, 0.0, 0.0, 0.875, 0.0, 0.625, 0.375, 0.25, 0.625, 0.8125, 0.125, 0.1875, 0.75, 0.125, 0.9375]
[TRAIN]: (211/1600): reward: -127.3987837433815, rates: 1.6012156559724446, loss: 4.630652666091919, rho: 0.56875, transmit_actions: 11, P: [0.4375, 1.0, 0.1875, 0.0, 0.3125, 0.375, 0.5625, 0.0625, 0.3125, 0.125, 0.6875, 0.4375, 0.0, 0.8125, 0.0, 0.6875, 0.5, 1.0, 0.875, 0.0]
[TRAIN]: (212/1600): reward: -133.8518636226654, rates: 1.1481362832240967, loss: 4.951808893680573, rho: 0.43125, transmit_actions: 8, P: [0.875, 0.75, 0.375, 0.6875, 0.625, 0.25, 0.625, 0.625, 1.0, 0.375, 0.1875, 0.9375, 0.8125, 0.8125, 0.625, 0.25, 0.6875, 0.625, 0.25, 0.5]
[TRAIN]: (213/1600): reward: -135.06224566698074, rates: 2.9377539734734652, loss: 5.045890295505524, rho: 0.49375, transmit_actions: 10, P: [0.5, 0.125, 0.625, 0.375, 0.8125, 0.625, 0.0625, 0.8125, 0.8125, 0.125, 0.3125, 0.0625, 0.8125, 0.6875, 0.0, 0.3125, 0.8125, 0.125, 0.875, 0.0]
[TRAIN]: (214/1600): reward: -146.2308068871498, rates: 2.7691933338095733, loss: 4.645278954505921, rho: 0.44375, transmit_actions: 11, P: [0.375, 0.5625, 0.5, 0.4375, 0.6875, 0.0, 0.125, 0.9375, 0.4375, 0.1875, 0.25, 0.75, 0.1875, 0.4375, 0.4375, 0.1875, 0.5625, 0.6875, 0.125, 0.3125]
[TRAIN]: (215/1600): reward: -155.5102574825287, rates: 0.4897427458324267, loss: 4.4835171580314634, rho: 0.49375, transmit_actions: 14, P: [0.625, 0.625, 0.5, 0.75, 0.3125, 1.0, 0.8125, 0.5, 1.0, 0.5, 0.75, 1.0, 0.5, 0.0, 1.0, 0.6875, 0.9375, 0.9375, 0.3125, 0.25]
[TRAIN]: (216/1600): reward: -157.18477450311184, rates: 0.8152247330370187, loss: 4.956015527248383, rho: 0.56875, transmit_actions: 11, P: [0.8125, 0.625, 0.625, 0.8125, 0.75, 0.0625, 0.8125, 1.0, 0.375, 0.3125, 0.1875, 0.8125, 0.875, 0.0625, 0.8125, 0.9375, 0.9375, 0.9375, 0.625, 0.0625]
[TRAIN]: (217/1600): reward: -125.81646472215652, rates: 4.183535628019917, loss: 4.4560850858688354, rho: 0.4625, transmit_actions: 12, P: [0.375, 0.1875, 0.875, 0.3125, 0.75, 0.5625, 0.1875, 0.125, 0.125, 0.8125, 0.375, 0.875, 0.9375, 0.125, 0.5, 0.3125, 0.1875, 0.5625, 1.0, 0.4375]
[TRAIN]: (218/1600): reward: -163.91943264007568, rates: 0.08056791464166373, loss: 4.792725706100464, rho: 0.55625, transmit_actions: 7, P: [0.75, 0.25, 0.3125, 0.0, 0.4375, 0.5, 0.8125, 0.5625, 0.5625, 0.6875, 0.875, 0.6875, 0.875, 0.9375, 0.125, 0.3125, 0.0625, 0.125, 0.4375, 0.6875]
[TRAIN]: (219/1600): reward: -151.57650983333588, rates: 2.4234900083973634, loss: 4.6275214672088625, rho: 0.55, transmit_actions: 8, P: [0.25, 0.9375, 0.8125, 0.75, 0.8125, 0.3125, 0.875, 0.1875, 1.0, 0.5, 0.125, 0.75, 1.0, 0.75, 0.125, 0.0, 0.1875, 0.875, 0.25, 0.0]
[TRAIN]: (220/1600): reward: -129.70201128721237, rates: 1.2979876710690401, loss: 4.441536855697632, rho: 0.5125, transmit_actions: 14, P: [0.1875, 0.875, 0.4375, 0.5, 0.0, 0.1875, 0.6875, 0.5, 0.6875, 0.8125, 0.5, 0.5, 0.875, 0.875, 0.5625, 0.125, 0.375, 0.5, 0.75, 0.9375]
[TRAIN]: (221/1600): reward: -160.6316267028451, rates: 0.36837331537817036, loss: 4.382262766361237, rho: 0.49375, transmit_actions: 6, P: [0.9375, 0.375, 0.0, 1.0, 0.0, 0.0625, 0.5625, 0.0625, 0.1875, 0.6875, 0.875, 1.0, 0.6875, 0.125, 0.625, 0.0, 0.1875, 0.125, 0.9375, 0.25]
[TRAIN]: (222/1600): reward: -179.52809238433838, rates: 1.4719084629204513, loss: 5.115123987197876, rho: 0.5625, transmit_actions: 9, P: [0.25, 0.4375, 0.0, 0.75, 0.0625, 0.0625, 1.0, 0.5, 0.5625, 0.875, 0.0, 0.75, 0.4375, 1.0, 0.375, 0.3125, 0.8125, 0.5, 0.9375, 0.625]
[TRAIN]: (223/1600): reward: -121.09631472826004, rates: 1.9036850911165861, loss: 4.968173193931579, rho: 0.525, transmit_actions: 12, P: [0.125, 1.0, 0.8125, 0.0, 0.125, 0.0, 0.5, 0.625, 0.4375, 0.125, 0.3125, 0.4375, 0.875, 0.1875, 0.125, 0.5625, 0.625, 0.375, 0.25, 0.1875]
[TRAIN]: (224/1600): reward: -144.33535093069077, rates: 0.6646493417665102, loss: 4.636158090829849, rho: 0.5125, transmit_actions: 11, P: [0.9375, 0.8125, 0.6875, 0.3125, 0.9375, 0.0625, 0.3125, 0.5625, 0.375, 0.9375, 0.9375, 0.8125, 0.6875, 0.3125, 0.375, 0.8125, 0.0, 0.625, 0.5625, 0.0625]
[TRAIN]: (225/1600): reward: -120.6462217643857, rates: 1.3537789627141579, loss: 4.578448688983917, rho: 0.425, transmit_actions: 10, P: [0.3125, 0.8125, 0.8125, 0.25, 0.25, 0.75, 0.625, 0.875, 0.0625, 0.8125, 0.25, 1.0, 0.3125, 0.375, 0.9375, 0.0, 0.5625, 0.875, 0.4375, 0.1875]
[TRAIN]: (226/1600): reward: -121.57284736633301, rates: 0.42715326094193484, loss: 4.431149411201477, rho: 0.5, transmit_actions: 9, P: [0.9375, 0.5625, 0.625, 0.875, 0.625, 0.25, 0.9375, 0.3125, 0.625, 0.875, 0.5625, 0.125, 0.6875, 0.375, 0.8125, 0.625, 0.8125, 0.375, 0.625, 0.1875]
[TRAIN]: (227/1600): reward: -130.84566915035248, rates: 2.1543309005580564, loss: 4.739901328086853, rho: 0.5125, transmit_actions: 10, P: [0.8125, 0.4375, 0.9375, 1.0, 0.125, 0.9375, 0.25, 0.75, 0.375, 0.5625, 0.5, 0.6875, 0.5625, 0.1875, 0.375, 0.5, 1.0, 0.25, 0.125, 0.6875]
[TRAIN]: (228/1600): reward: -119.12716564536095, rates: 2.872834279826584, loss: 4.317510253190994, rho: 0.44375, transmit_actions: 10, P: [0.375, 0.125, 0.1875, 0.5625, 0.25, 0.0625, 0.125, 0.0625, 0.5625, 0.3125, 0.3125, 0.9375, 0.25, 0.0, 0.9375, 0.5625, 0.3125, 0.5625, 0.625, 0.1875]
[TRAIN]: (229/1600): reward: -109.46388843655586, rates: 2.536111560847497, loss: 4.241372418403626, rho: 0.4875, transmit_actions: 10, P: [0.9375, 0.3125, 0.75, 0.9375, 0.8125, 0.9375, 0.5625, 1.0, 0.0, 0.1875, 0.9375, 0.0625, 0.6875, 0.0625, 0.875, 0.375, 1.0, 0.125, 0.0, 0.625]
[TRAIN]: (230/1600): reward: -162.67265820503235, rates: 1.3273418090980982, loss: 4.653724086284638, rho: 0.55, transmit_actions: 9, P: [0.5625, 0.4375, 0.9375, 0.8125, 0.375, 0.6875, 0.0625, 0.75, 0.1875, 0.75, 0.1875, 0.125, 0.8125, 0.5, 0.9375, 0.5, 0.375, 0.375, 0.75, 0.875]
[TRAIN]: (231/1600): reward: -134.86586338281631, rates: 1.1341361405296606, loss: 4.819742155075073, rho: 0.425, transmit_actions: 7, P: [0.6875, 0.0, 0.0625, 1.0, 0.1875, 0.4375, 0.125, 0.75, 0.75, 1.0, 0.8125, 0.0, 0.8125, 1.0, 0.625, 0.125, 0.8125, 0.5625, 0.5, 0.0625]
[TRAIN]: (232/1600): reward: -160.47856622934341, rates: 0.5214340273175727, loss: 4.712893342971801, rho: 0.5375, transmit_actions: 5, P: [0.625, 0.1875, 0.0625, 0.875, 0.3125, 0.75, 0.5, 1.0, 0.25, 0.4375, 1.0, 0.3125, 0.875, 0.9375, 0.875, 0.8125, 0.1875, 0.375, 0.3125, 1.0]
[TRAIN]: (233/1600): reward: -103.85588452219963, rates: 4.144115374130101, loss: 4.264759367704391, rho: 0.4125, transmit_actions: 13, P: [0.8125, 0.1875, 0.125, 0.125, 0.5, 0.6875, 0.75, 0.5625, 0.625, 0.625, 0.25, 0.4375, 0.0, 0.125, 0.1875, 0.625, 0.4375, 0.1875, 0.0, 0.5]
[TRAIN]: (234/1600): reward: -122.56953771412373, rates: 4.4304616186488115, loss: 4.8764050006866455, rho: 0.51875, transmit_actions: 15, P: [0.875, 0.1875, 0.375, 0.625, 0.9375, 0.8125, 0.4375, 0.0, 0.375, 0.875, 0.8125, 0.125, 0.75, 0.9375, 0.1875, 0.1875, 0.1875, 0.125, 0.375, 0.875]
[TRAIN]: (235/1600): reward: -129.13032408058643, rates: 1.8696766925534045, loss: 4.110327398777008, rho: 0.56875, transmit_actions: 11, P: [0.125, 0.125, 0.125, 0.25, 0.5625, 0.5625, 0.5, 0.9375, 0.5625, 0.5625, 0.1875, 0.3125, 0.4375, 0.0, 0.0, 0.0, 0.6875, 1.0, 0.8125, 0.25]
[TRAIN]: (236/1600): reward: -136.11159372329712, rates: 1.8884058676108997, loss: 4.16831026673317, rho: 0.50625, transmit_actions: 15, P: [0.9375, 0.0625, 0.0625, 0.375, 0.3125, 0.8125, 0.0625, 0.25, 0.0, 0.0, 0.1875, 0.4375, 0.25, 0.625, 0.9375, 0.5625, 0.5, 0.375, 0.6875, 0.6875]
[TRAIN]: (237/1600): reward: -153.98436695337296, rates: 1.015633275760841, loss: 4.376159930229187, rho: 0.525, transmit_actions: 11, P: [0.375, 0.1875, 0.125, 0.75, 0.625, 0.5625, 0.125, 0.9375, 0.0, 0.625, 0.625, 1.0, 0.125, 0.0, 0.5625, 0.4375, 0.0625, 0.5, 0.5625, 0.125]
[TRAIN]: (238/1600): reward: -122.8245307803154, rates: 1.17546888712446, loss: 4.791011667251587, rho: 0.475, transmit_actions: 12, P: [0.1875, 0.4375, 0.5, 0.4375, 0.875, 0.75, 1.0, 0.375, 0.9375, 0.1875, 0.8125, 0.0, 0.875, 0.125, 0.0625, 0.4375, 0.0625, 0.0625, 0.625, 0.0625]
[TRAIN]: (239/1600): reward: -149.9926644563675, rates: 1.007335648492557, loss: 4.975180566310883, rho: 0.475, transmit_actions: 7, P: [0.25, 0.4375, 0.4375, 0.4375, 0.375, 0.125, 0.375, 0.3125, 0.6875, 0.1875, 0.8125, 1.0, 0.25, 0.4375, 0.8125, 0.0, 0.375, 0.75, 0.625, 0.875]
[TRAIN]: (240/1600): reward: -121.8004424571991, rates: 2.1995573835212694, loss: 4.687152290344239, rho: 0.54375, transmit_actions: 8, P: [0.5, 0.375, 0.25, 0.625, 0.5625, 0.125, 0.9375, 1.0, 0.5625, 0.625, 0.0, 0.625, 0.3125, 0.5625, 0.5, 0.4375, 0.9375, 0.5625, 0.0, 0.125]
[TRAIN]: (241/1600): reward: -134.68320468068123, rates: 2.3167944648870487, loss: 4.728927755355835, rho: 0.475, transmit_actions: 14, P: [0.0, 0.125, 1.0, 0.625, 0.125, 0.1875, 0.4375, 0.9375, 0.4375, 0.9375, 0.8125, 0.0625, 0.5625, 0.1875, 0.125, 0.875, 0.875, 0.1875, 0.0, 0.625]
[TRAIN]: (242/1600): reward: -131.99003618955612, rates: 1.0099635274374026, loss: 4.56122909784317, rho: 0.575, transmit_actions: 9, P: [0.8125, 0.0, 0.8125, 0.0625, 0.75, 0.3125, 0.375, 0.875, 0.9375, 0.4375, 0.0, 0.875, 0.0625, 0.375, 0.3125, 0.8125, 0.75, 0.0625, 0.1875, 0.875]
[TRAIN]: (243/1600): reward: -136.38836014270782, rates: 2.6116400341892123, loss: 4.79881078004837, rho: 0.55, transmit_actions: 9, P: [0.875, 0.625, 0.25, 0.75, 0.125, 0.75, 0.625, 0.75, 0.0625, 0.5, 0.75, 0.375, 0.3125, 0.0, 0.125, 0.875, 0.0625, 0.0625, 0.375, 0.5]
[TRAIN]: (244/1600): reward: -133.1889706850052, rates: 0.8110296377228543, loss: 4.449725353717804, rho: 0.53125, transmit_actions: 6, P: [0.0625, 0.8125, 0.9375, 0.25, 0.9375, 1.0, 0.75, 0.5625, 0.875, 0.3125, 0.875, 0.4375, 0.8125, 0.5625, 0.8125, 0.6875, 0.1875, 0.8125, 0.25, 0.0625]
[TRAIN]: (245/1600): reward: -114.3180749565363, rates: 2.6819253517193724, loss: 4.803382539749146, rho: 0.45625, transmit_actions: 11, P: [0.0625, 0.1875, 0.4375, 0.6875, 1.0, 0.9375, 0.625, 0.75, 0.6875, 0.75, 0.5, 0.375, 0.6875, 0.4375, 1.0, 0.6875, 0.0, 0.3125, 0.4375, 0.9375]
[TRAIN]: (246/1600): reward: -142.82338985800743, rates: 1.1766103082302544, loss: 4.974747514724731, rho: 0.46875, transmit_actions: 10, P: [0.9375, 0.75, 0.375, 0.75, 0.4375, 0.75, 0.1875, 0.3125, 1.0, 0.9375, 0.75, 0.875, 0.4375, 0.4375, 0.125, 0.75, 0.5, 0.9375, 0.6875, 0.25]
[TRAIN]: (247/1600): reward: -153.09410667419434, rates: 0.9058927891018551, loss: 4.779654395580292, rho: 0.49375, transmit_actions: 13, P: [0.4375, 0.5, 0.875, 0.9375, 0.0625, 0.9375, 0.0, 0.4375, 0.25, 0.875, 0.625, 0.125, 0.875, 0.6875, 0.0, 0.5625, 0.75, 0.1875, 0.6875, 0.4375]
[TRAIN]: (248/1600): reward: -105.78601820766926, rates: 4.213981285392551, loss: 4.173460900783539, rho: 0.5625, transmit_actions: 10, P: [0.3125, 0.5625, 0.375, 0.125, 0.125, 0.8125, 0.0625, 0.3125, 0.1875, 0.1875, 0.375, 0.1875, 0.5625, 0.3125, 0.8125, 0.375, 0.75, 0.25, 1.0, 0.75]
[TRAIN]: (249/1600): reward: -164.30112195014954, rates: 1.6988779196711161, loss: 4.387877011299134, rho: 0.525, transmit_actions: 11, P: [0.375, 0.875, 0.875, 0.125, 0.375, 0.875, 0.1875, 0.4375, 0.375, 1.0, 0.875, 0.625, 0.75, 0.125, 0.1875, 0.75, 0.375, 0.5625, 0.4375, 0.625]
[TRAIN]: (250/1600): reward: -149.13933312892914, rates: 1.8606667068890834, loss: 4.6882067084312435, rho: 0.51875, transmit_actions: 11, P: [0.0625, 0.3125, 1.0, 0.5625, 1.0, 0.6875, 0.3125, 0.6875, 0.0625, 0.6875, 0.0625, 0.0625, 0.375, 0.3125, 0.8125, 1.0, 0.0, 0.625, 0.6875, 0.25]
[TRAIN]: (251/1600): reward: -122.38557958602905, rates: 0.6144202895616081, loss: 3.9188971281051637, rho: 0.3875, transmit_actions: 7, P: [0.6875, 0.125, 0.3125, 0.875, 0.875, 0.8125, 0.875, 0.875, 0.9375, 0.5, 0.5625, 0.0625, 0.625, 0.5625, 0.3125, 1.0, 0.5, 0.25, 1.0, 0.25]
[TRAIN]: (252/1600): reward: -172.5276699066162, rates: 1.4723301532304978, loss: 4.313519251346588, rho: 0.46875, transmit_actions: 14, P: [0.9375, 0.6875, 0.5, 0.6875, 0.5625, 0.25, 0.375, 0.5, 0.75, 0.3125, 1.0, 0.8125, 1.0, 0.8125, 0.1875, 0.6875, 0.875, 0.875, 0.875, 0.375]
[TRAIN]: (253/1600): reward: -165.5587215423584, rates: 0.4412785000529298, loss: 4.500469017028808, rho: 0.50625, transmit_actions: 11, P: [0.0625, 0.0, 0.9375, 0.8125, 0.6875, 0.8125, 0.0, 0.75, 0.5625, 0.9375, 0.4375, 0.0, 0.625, 0.5, 0.875, 0.375, 0.6875, 0.75, 0.25, 0.3125]
[TRAIN]: (254/1600): reward: -155.10498441755772, rates: 1.8950164297748129, loss: 5.203412449359893, rho: 0.5625, transmit_actions: 12, P: [0.8125, 0.375, 0.125, 0.9375, 0.1875, 0.75, 0.625, 0.9375, 0.4375, 0.5, 0.125, 0.9375, 0.875, 0.0625, 0.0625, 0.375, 0.4375, 0.125, 0.75, 0.8125]
[TRAIN]: (255/1600): reward: -161.43625962734222, rates: 1.563740425079882, loss: 4.877680027484894, rho: 0.4625, transmit_actions: 8, P: [1.0, 0.75, 0.25, 0.75, 1.0, 0.25, 0.5, 1.0, 0.8125, 0.3125, 1.0, 1.0, 0.5625, 0.6875, 0.5, 0.9375, 0.3125, 0.4375, 0.8125, 0.8125]
[TRAIN]: (256/1600): reward: -163.12559132277966, rates: 0.8744089508788178, loss: 4.666981649398804, rho: 0.56875, transmit_actions: 9, P: [0.4375, 0.8125, 0.5, 0.8125, 0.625, 0.375, 0.25, 1.0, 0.0625, 0.0625, 0.0625, 0.6875, 0.3125, 0.625, 0.875, 0.9375, 0.5, 0.875, 0.6875, 0.25]
[TRAIN]: (257/1600): reward: -138.10911464691162, rates: 0.8908849771187806, loss: 5.101571929454804, rho: 0.4375, transmit_actions: 10, P: [0.125, 0.6875, 0.875, 0.125, 0.0, 0.3125, 1.0, 0.4375, 0.5, 0.375, 0.3125, 0.625, 0.0625, 0.6875, 0.1875, 0.875, 0.9375, 0.75, 0.6875, 0.6875]
[TRAIN]: (258/1600): reward: -155.3940315246582, rates: 0.6059687129166125, loss: 4.563458669185638, rho: 0.53125, transmit_actions: 10, P: [0.875, 0.1875, 0.0, 0.375, 1.0, 0.4375, 0.875, 1.0, 0.625, 0.625, 0.125, 1.0, 0.5, 0.75, 0.75, 0.0, 0.75, 0.0, 0.75, 0.875]
[TRAIN]: (259/1600): reward: -158.49614116549492, rates: 1.5038581865888716, loss: 4.003695887327194, rho: 0.5625, transmit_actions: 12, P: [0.6875, 0.4375, 0.3125, 0.5, 0.6875, 0.875, 0.3125, 0.375, 0.0625, 0.75, 0.375, 0.5625, 0.5625, 0.4375, 0.875, 0.875, 0.3125, 0.75, 0.25, 0.625]
[TRAIN]: (260/1600): reward: -111.42391915619373, rates: 2.5760806592742695, loss: 4.543020164966583, rho: 0.55625, transmit_actions: 12, P: [0.125, 0.375, 0.1875, 0.0, 0.8125, 0.125, 0.375, 0.8125, 0.8125, 0.875, 0.3125, 0.0, 0.875, 0.0, 0.4375, 0.0625, 0.8125, 0.875, 0.1875, 0.25]
[TRAIN]: (261/1600): reward: -130.2107526808977, rates: 0.7892473440444127, loss: 5.307859015464783, rho: 0.45, transmit_actions: 14, P: [0.6875, 0.125, 0.0625, 0.125, 0.0, 0.6875, 0.0, 1.0, 0.8125, 0.0625, 0.625, 0.3125, 0.75, 0.9375, 0.8125, 0.8125, 1.0, 0.75, 0.75, 0.75]
[TRAIN]: (262/1600): reward: -150.4191651418805, rates: 1.5808353150334213, loss: 5.107263934612274, rho: 0.48125, transmit_actions: 12, P: [0.8125, 0.625, 0.0, 0.1875, 0.9375, 0.375, 0.5625, 0.5625, 0.8125, 0.875, 0.4375, 0.4375, 0.5625, 0.0625, 0.3125, 0.0625, 0.9375, 0.625, 0.625, 1.0]
[TRAIN]: (263/1600): reward: -125.6914431154728, rates: 2.308556378214253, loss: 4.324528419971466, rho: 0.49375, transmit_actions: 10, P: [0.0, 0.4375, 0.6875, 0.4375, 0.75, 0.4375, 0.75, 0.875, 0.3125, 0.8125, 0.0625, 0.0, 0.4375, 0.6875, 0.5625, 0.0, 0.1875, 0.6875, 0.1875, 0.3125]
[TRAIN]: (264/1600): reward: -112.55767071247101, rates: 3.4423294656951082, loss: 4.233964693546295, rho: 0.3875, transmit_actions: 8, P: [0.5, 0.8125, 0.875, 0.5625, 0.375, 0.125, 1.0, 0.9375, 0.3125, 0.5625, 0.625, 0.0, 0.0625, 0.0625, 0.6875, 0.25, 0.125, 0.25, 0.125, 0.5625]
[TRAIN]: (265/1600): reward: -133.17555278539658, rates: 1.824447698258125, loss: 4.509958076477051, rho: 0.5875, transmit_actions: 8, P: [0.9375, 0.0625, 0.25, 0.375, 0.5625, 1.0, 0.8125, 0.0, 0.4375, 0.6875, 0.8125, 0.8125, 0.8125, 0.5625, 0.625, 1.0, 0.0625, 1.0, 0.875, 0.25]
[TRAIN]: (266/1600): reward: -148.782329082489, rates: 1.2176711537246463, loss: 4.578337144851685, rho: 0.5375, transmit_actions: 10, P: [0.375, 0.375, 0.375, 0.625, 0.5625, 0.5, 0.75, 0.0, 0.875, 0.25, 0.6875, 0.0625, 0.8125, 0.0625, 0.75, 0.875, 0.25, 0.3125, 0.5, 0.1875]
[TRAIN]: (267/1600): reward: -149.0514995455742, rates: 0.9485000966607439, loss: 4.902809488773346, rho: 0.45625, transmit_actions: 13, P: [0.3125, 0.25, 0.9375, 0.9375, 0.75, 0.375, 0.3125, 0.5625, 0.0, 0.0625, 0.9375, 0.5625, 0.8125, 0.0, 0.625, 0.5, 0.5, 0.4375, 0.8125, 0.625]
[TRAIN]: (268/1600): reward: -157.14512294530869, rates: 0.8548772353315459, loss: 4.467616903781891, rho: 0.5125, transmit_actions: 7, P: [0.625, 0.9375, 0.375, 0.4375, 0.9375, 0.0, 0.6875, 0.4375, 0.5, 0.875, 0.875, 0.5625, 0.0, 0.1875, 0.25, 0.0625, 0.1875, 0.0625, 0.6875, 0.4375]
[TRAIN]: (269/1600): reward: -143.5430559515953, rates: 1.456943705410714, loss: 4.207214301824569, rho: 0.5125, transmit_actions: 9, P: [0.5, 0.8125, 0.75, 0.0625, 0.3125, 0.0, 0.875, 0.8125, 0.125, 0.625, 0.75, 0.25, 0.4375, 1.0, 0.9375, 0.75, 1.0, 0.0, 0.375, 0.9375]
[TRAIN]: (270/1600): reward: -128.7130550146103, rates: 1.2869446011191252, loss: 4.1134093105793, rho: 0.51875, transmit_actions: 11, P: [0.625, 0.5625, 0.25, 1.0, 0.8125, 0.8125, 1.0, 0.375, 0.8125, 0.125, 0.3125, 0.625, 0.5, 0.8125, 0.375, 0.0, 0.375, 0.9375, 0.8125, 0.9375]
[TRAIN]: (271/1600): reward: -118.56052704900503, rates: 3.4394730872585093, loss: 3.915947878360748, rho: 0.51875, transmit_actions: 10, P: [0.0, 0.125, 0.1875, 0.875, 0.875, 0.125, 0.375, 0.625, 0.125, 0.3125, 1.0, 0.8125, 0.125, 0.1875, 0.5, 0.5625, 0.375, 0.375, 0.0, 0.0625]
[TRAIN]: (272/1600): reward: -111.2420383989811, rates: 2.757961592652492, loss: 3.9238691091537476, rho: 0.45, transmit_actions: 9, P: [0.0625, 0.6875, 0.6875, 0.75, 0.3125, 0.125, 0.375, 0.1875, 0.375, 0.9375, 0.9375, 0.125, 1.0, 0.3125, 0.25, 0.1875, 0.9375, 0.6875, 0.6875, 0.75]
[TRAIN]: (273/1600): reward: -165.84795427322388, rates: 0.1520460995779094, loss: 4.238354474306107, rho: 0.5875, transmit_actions: 6, P: [0.0625, 0.3125, 0.75, 0.875, 0.875, 0.1875, 0.9375, 0.5, 0.375, 0.4375, 0.4375, 0.5625, 0.9375, 0.0625, 0.75, 0.0625, 1.0, 0.4375, 0.125, 0.0]
[TRAIN]: (274/1600): reward: -141.00371396541595, rates: 1.9962860528285191, loss: 4.354239839315414, rho: 0.46875, transmit_actions: 12, P: [0.75, 0.25, 0.5625, 0.25, 0.3125, 0.8125, 0.0625, 0.0625, 0.0625, 0.5, 0.3125, 0.875, 0.9375, 0.4375, 0.9375, 0.9375, 0.75, 0.6875, 0.6875, 0.625]
[TRAIN]: (275/1600): reward: -131.52878594398499, rates: 1.4712144498253539, loss: 4.034537851810455, rho: 0.60625, transmit_actions: 11, P: [0.9375, 0.3125, 0.4375, 0.5625, 0.0, 0.3125, 0.375, 0.75, 0.75, 0.375, 0.375, 0.625, 0.125, 0.4375, 0.5625, 0.5, 0.0, 0.375, 0.8125, 0.1875]
[TRAIN]: (276/1600): reward: -153.81540885567665, rates: 2.1845914389811596, loss: 4.41254631280899, rho: 0.6, transmit_actions: 12, P: [0.8125, 0.4375, 0.0625, 0.0, 0.0625, 0.3125, 0.125, 0.5625, 0.75, 1.0, 0.4375, 0.8125, 0.6875, 0.8125, 0.75, 0.1875, 0.25, 0.9375, 0.3125, 1.0]
[TRAIN]: (277/1600): reward: -103.6171241402626, rates: 2.382875115606331, loss: 4.718129599094391, rho: 0.38125, transmit_actions: 11, P: [0.125, 0.375, 0.9375, 0.0625, 0.1875, 0.5625, 0.8125, 0.9375, 0.1875, 0.8125, 0.4375, 0.9375, 0.625, 0.6875, 0.25, 1.0, 0.8125, 0.75, 0.1875, 0.5625]
[TRAIN]: (278/1600): reward: -156.56845071911812, rates: 1.4315489074322252, loss: 4.007130569219589, rho: 0.49375, transmit_actions: 9, P: [0.75, 0.375, 0.625, 0.625, 0.125, 0.3125, 0.1875, 0.5625, 0.0, 0.9375, 0.25, 0.25, 1.0, 0.0, 0.125, 0.9375, 0.4375, 0.4375, 0.0625, 0.6875]
[TRAIN]: (279/1600): reward: -156.3938012123108, rates: 0.6061990350318852, loss: 4.1472666501998905, rho: 0.5625, transmit_actions: 6, P: [0.625, 0.9375, 0.25, 0.25, 0.0625, 1.0, 0.6875, 0.25, 0.1875, 0.5625, 0.0, 0.5625, 0.6875, 1.0, 0.5, 1.0, 0.5625, 0.25, 0.75, 0.625]
[TRAIN]: (280/1600): reward: -137.52150483429432, rates: 1.4784953461401784, loss: 4.986446595191955, rho: 0.5625, transmit_actions: 8, P: [0.6875, 0.4375, 0.0625, 0.4375, 0.9375, 0.6875, 1.0, 0.375, 0.0625, 1.0, 0.6875, 0.125, 0.0625, 0.4375, 0.0625, 1.0, 0.625, 0.6875, 0.75, 0.375]
[TRAIN]: (281/1600): reward: -160.53011202812195, rates: 1.469887864911918, loss: 4.462499433755875, rho: 0.5375, transmit_actions: 8, P: [0.5625, 0.125, 0.4375, 0.4375, 0.25, 0.5, 1.0, 0.75, 0.3125, 0.4375, 1.0, 0.3125, 0.5, 0.1875, 0.5, 0.75, 0.5625, 0.1875, 0.9375, 1.0]
[TRAIN]: (282/1600): reward: -154.26116283237934, rates: 1.7388373690409868, loss: 4.081375485658645, rho: 0.55625, transmit_actions: 12, P: [0.8125, 0.375, 0.125, 0.8125, 0.0625, 0.6875, 0.875, 0.6875, 0.75, 0.5, 0.5, 0.125, 0.625, 0.8125, 0.25, 0.5, 0.5625, 0.6875, 0.125, 0.375]
[TRAIN]: (283/1600): reward: -134.42702387273312, rates: 0.5729759458878139, loss: 4.285022354125976, rho: 0.45, transmit_actions: 13, P: [0.375, 0.9375, 0.25, 0.9375, 1.0, 0.0, 0.4375, 0.875, 0.0, 0.3125, 0.5625, 0.0, 0.1875, 0.4375, 0.6875, 0.0625, 0.875, 0.3125, 0.625, 0.0625]
[TRAIN]: (284/1600): reward: -134.57191187143326, rates: 2.4280883994365636, loss: 4.40064685344696, rho: 0.56875, transmit_actions: 14, P: [0.4375, 1.0, 0.25, 0.3125, 0.625, 0.5, 0.0625, 0.6875, 0.8125, 0.1875, 0.125, 0.5625, 0.0, 0.8125, 0.375, 0.5625, 0.8125, 0.125, 0.6875, 0.75]
[TRAIN]: (285/1600): reward: -142.03669595718384, rates: 1.9633040993634743, loss: 4.309638285636902, rho: 0.51875, transmit_actions: 12, P: [0.375, 0.5, 0.0, 0.125, 0.1875, 1.0, 0.9375, 0.125, 0.25, 0.6875, 0.0, 0.4375, 0.375, 0.625, 0.5, 0.0, 0.25, 0.4375, 0.125, 0.9375]
[TRAIN]: (286/1600): reward: -143.17264054715633, rates: 0.8273596359967135, loss: 3.870454478263855, rho: 0.5625, transmit_actions: 10, P: [0.125, 0.5625, 0.6875, 0.875, 0.0, 0.125, 0.0625, 0.125, 0.875, 0.625, 0.8125, 0.25, 0.5625, 0.3125, 0.6875, 0.0, 0.1875, 0.375, 0.75, 0.1875]
[TRAIN]: (287/1600): reward: -129.96769380569458, rates: 1.0323055424776881, loss: 4.27632195353508, rho: 0.45, transmit_actions: 8, P: [0.9375, 0.5, 0.4375, 0.375, 0.3125, 0.3125, 0.375, 0.3125, 0.4375, 0.0, 0.6875, 0.6875, 0.9375, 0.6875, 0.25, 0.4375, 0.25, 0.375, 0.9375, 0.625]
[TRAIN]: (288/1600): reward: -128.2923630475998, rates: 1.707636888035669, loss: 3.813956689834595, rho: 0.55625, transmit_actions: 10, P: [0.625, 0.6875, 0.9375, 0.375, 0.625, 0.0625, 0.5, 0.625, 0.125, 0.4375, 0.375, 0.75, 0.75, 0.4375, 0.3125, 0.875, 0.0625, 0.625, 1.0, 0.125]
[TRAIN]: (289/1600): reward: -136.56553602218628, rates: 0.4344631521619804, loss: 4.516300213336945, rho: 0.48125, transmit_actions: 8, P: [0.5, 0.5625, 0.75, 0.625, 0.875, 0.0, 0.875, 1.0, 0.5625, 0.875, 0.1875, 1.0, 0.875, 0.9375, 0.3125, 0.0625, 0.5, 0.125, 0.5, 0.75]
[TRAIN]: (290/1600): reward: -150.832344122231, rates: 2.1676556869102965, loss: 4.490354454517364, rho: 0.4625, transmit_actions: 11, P: [0.6875, 0.625, 0.9375, 0.1875, 0.0, 1.0, 0.125, 0.125, 0.375, 0.0, 0.5625, 0.0625, 0.1875, 0.25, 0.625, 0.6875, 0.625, 0.75, 0.75, 0.0625]
[TRAIN]: (291/1600): reward: -119.86780187487602, rates: 3.1321979497887993, loss: 3.417632520198822, rho: 0.46875, transmit_actions: 10, P: [1.0, 0.6875, 0.0625, 0.3125, 0.125, 0.3125, 0.9375, 0.5625, 1.0, 0.75, 1.0, 0.4375, 0.125, 0.0625, 0.5625, 0.3125, 1.0, 0.6875, 0.4375, 0.5]
[TRAIN]: (292/1600): reward: -146.4285478591919, rates: 1.571451620625432, loss: 4.444223326444626, rho: 0.525, transmit_actions: 9, P: [0.875, 0.3125, 0.375, 0.5, 0.5625, 0.375, 0.9375, 0.3125, 0.5625, 0.625, 0.0, 0.3125, 0.5, 0.625, 1.0, 0.4375, 0.0625, 0.4375, 0.0625, 0.5625]
[TRAIN]: (293/1600): reward: -143.47560513019562, rates: 3.5243960094417437, loss: 4.17613034248352, rho: 0.50625, transmit_actions: 13, P: [0.6875, 0.875, 0.25, 0.0625, 0.3125, 0.6875, 0.375, 0.6875, 0.5625, 0.25, 0.0625, 0.375, 0.6875, 0.875, 0.875, 1.0, 0.9375, 0.4375, 0.75, 0.6875]
[TRAIN]: (294/1600): reward: -128.38118889927864, rates: 1.6188104472643001, loss: 3.789224976301193, rho: 0.48125, transmit_actions: 12, P: [0.375, 0.6875, 0.4375, 1.0, 0.25, 0.375, 0.6875, 0.3125, 1.0, 1.0, 0.5625, 0.6875, 0.375, 0.6875, 0.6875, 0.5, 0.5625, 0.25, 0.1875, 0.6875]
[TRAIN]: (295/1600): reward: -170.5745496749878, rates: 0.42545110247694434, loss: 4.156924676895142, rho: 0.56875, transmit_actions: 12, P: [0.9375, 0.875, 0.0, 0.3125, 0.8125, 0.625, 0.125, 1.0, 0.9375, 0.75, 0.9375, 0.5625, 0.0625, 1.0, 0.375, 0.9375, 1.0, 0.125, 0.375, 0.5]
[TRAIN]: (296/1600): reward: -144.9173085987568, rates: 2.08269168529207, loss: 4.256591105461121, rho: 0.50625, transmit_actions: 12, P: [0.75, 0.0, 0.8125, 0.875, 0.25, 0.6875, 0.8125, 0.6875, 0.3125, 0.375, 0.5, 0.8125, 0.8125, 0.0625, 0.25, 0.625, 0.875, 0.125, 0.5, 0.4375]
[TRAIN]: (297/1600): reward: -160.10294073820114, rates: 0.8970594769685178, loss: 3.9743308663368224, rho: 0.5875, transmit_actions: 11, P: [0.25, 0.9375, 0.9375, 0.375, 0.6875, 0.875, 0.3125, 0.75, 0.375, 0.375, 0.3125, 0.0625, 0.8125, 0.9375, 0.4375, 0.5, 0.625, 0.5625, 0.5, 0.125]
[TRAIN]: (298/1600): reward: -167.50219297409058, rates: 0.4978066279055877, loss: 4.063675659894943, rho: 0.48125, transmit_actions: 7, P: [0.625, 0.75, 0.0, 0.5, 0.125, 0.5, 0.75, 0.625, 0.4375, 0.0625, 1.0, 0.3125, 1.0, 0.8125, 0.0625, 0.6875, 0.75, 0.625, 0.4375, 0.6875]
[TRAIN]: (299/1600): reward: -136.0266231894493, rates: 0.973376672175504, loss: 4.262309575080872, rho: 0.475, transmit_actions: 11, P: [0.75, 0.5, 0.0, 0.0625, 0.8125, 0.25, 0.0625, 0.875, 0.75, 0.5, 0.4375, 0.0625, 0.6875, 0.625, 1.0, 0.625, 0.0625, 0.6875, 0.6875, 0.5]
[TRAIN]: (300/1600): reward: -147.14560428261757, rates: 0.8543957003083577, loss: 3.727885699272156, rho: 0.6, transmit_actions: 10, P: [0.1875, 0.375, 0.0, 0.8125, 0.9375, 0.375, 0.0, 0.5, 0.3125, 0.6875, 0.625, 0.5, 0.4375, 0.5, 0.0625, 0.4375, 0.9375, 0.5625, 0.9375, 0.875]
[TRAIN]: (301/1600): reward: -94.01131129264832, rates: 1.9886890398490706, loss: 4.891509318351746, rho: 0.48125, transmit_actions: 11, P: [0.375, 0.0625, 0.5625, 0.3125, 0.9375, 0.9375, 1.0, 0.5625, 0.0, 0.875, 0.5625, 0.125, 0.0625, 0.5, 0.0, 0.25, 0.0, 0.0, 0.0, 1.0]
[TRAIN]: (302/1600): reward: -137.57430768013, rates: 2.425691986120269, loss: 4.608860856294632, rho: 0.54375, transmit_actions: 10, P: [0.3125, 0.6875, 0.1875, 0.8125, 1.0, 0.875, 0.125, 0.1875, 0.6875, 0.9375, 0.5, 0.375, 0.5, 0.25, 0.6875, 0.0625, 0.25, 0.375, 0.75, 0.9375]
[TRAIN]: (303/1600): reward: -127.60388520359993, rates: 3.3961142339241777, loss: 4.039817571640015, rho: 0.54375, transmit_actions: 10, P: [0.75, 0.1875, 0.5625, 0.375, 0.1875, 0.125, 0.25, 0.1875, 0.6875, 0.3125, 0.0, 0.25, 0.125, 0.25, 0.75, 0.0625, 0.6875, 0.1875, 0.375, 0.6875]
[TRAIN]: (304/1600): reward: -133.81686294078827, rates: 1.1831368705100735, loss: 3.5452507615089415, rho: 0.4375, transmit_actions: 9, P: [0.1875, 0.625, 1.0, 0.9375, 0.625, 0.125, 0.0, 0.9375, 0.0, 0.8125, 0.1875, 0.9375, 0.0, 0.0, 0.875, 0.0, 0.0625, 0.6875, 0.3125, 0.125]
[TRAIN]: (305/1600): reward: -146.43042242527008, rates: 2.5695789398767768, loss: 3.859609830379486, rho: 0.50625, transmit_actions: 7, P: [0.625, 0.6875, 0.4375, 0.125, 0.125, 0.25, 0.875, 0.1875, 0.9375, 0.0, 1.0, 0.9375, 0.4375, 0.4375, 0.6875, 0.375, 0.125, 0.4375, 0.6875, 0.875]
[TRAIN]: (306/1600): reward: -127.61886596679688, rates: 1.381134089700283, loss: 4.474185955524445, rho: 0.40625, transmit_actions: 7, P: [0.5, 0.25, 0.8125, 0.375, 0.9375, 0.125, 0.25, 0.875, 0.875, 0.375, 0.875, 0.6875, 0.6875, 0.8125, 0.1875, 0.8125, 0.25, 0.8125, 0.75, 0.9375]
[TRAIN]: (307/1600): reward: -119.35797190666199, rates: 1.642027997358863, loss: 3.744742226600647, rho: 0.575, transmit_actions: 15, P: [0.5, 0.625, 0.125, 0.9375, 0.0, 0.0, 0.8125, 0.5, 0.5625, 0.125, 0.875, 0.0, 0.8125, 0.5, 0.3125, 0.25, 0.125, 0.9375, 1.0, 0.125]
[TRAIN]: (308/1600): reward: -129.04593804478645, rates: 2.9540618629177136, loss: 4.236107879877091, rho: 0.375, transmit_actions: 12, P: [0.9375, 0.1875, 1.0, 0.75, 0.875, 0.5625, 0.125, 0.0, 0.6875, 0.9375, 0.125, 0.5, 0.375, 0.9375, 0.6875, 0.125, 0.375, 0.8125, 0.125, 0.875]
[TRAIN]: (309/1600): reward: -151.30927991867065, rates: 1.690719749970961, loss: 3.87500284910202, rho: 0.5625, transmit_actions: 12, P: [0.875, 0.375, 0.625, 0.4375, 0.1875, 0.0, 0.5, 1.0, 0.0, 0.9375, 0.25, 0.75, 0.4375, 0.3125, 0.625, 0.3125, 0.75, 0.0625, 0.375, 0.625]
[TRAIN]: (310/1600): reward: -158.9562937617302, rates: 2.0437064870344304, loss: 4.125067722797394, rho: 0.4375, transmit_actions: 11, P: [0.0625, 0.0, 0.3125, 0.9375, 0.5, 0.0625, 0.375, 0.9375, 0.875, 0.75, 0.9375, 0.125, 0.5625, 0.8125, 0.0, 0.9375, 0.25, 0.5625, 0.625, 0.625]
[TRAIN]: (311/1600): reward: -157.02951097488403, rates: 0.9704895252543099, loss: 3.759675669670105, rho: 0.4875, transmit_actions: 12, P: [0.625, 0.75, 0.375, 0.5625, 0.8125, 0.375, 0.25, 0.75, 0.6875, 0.5625, 0.625, 0.25, 0.8125, 0.625, 0.875, 0.75, 0.3125, 0.25, 0.6875, 0.1875]
[TRAIN]: (312/1600): reward: -126.22730559110641, rates: 2.7726943805913837, loss: 3.906278669834137, rho: 0.525, transmit_actions: 11, P: [0.125, 0.75, 0.8125, 0.25, 0.8125, 0.5625, 0.1875, 0.3125, 0.5625, 0.0625, 0.3125, 0.25, 0.625, 0.25, 0.8125, 0.125, 0.8125, 0.1875, 0.375, 0.9375]
[TRAIN]: (313/1600): reward: -152.7420968413353, rates: 2.257902123468107, loss: 4.228341472148895, rho: 0.5125, transmit_actions: 12, P: [0.5625, 0.0625, 0.625, 0.125, 0.8125, 0.0, 0.375, 0.5, 0.5, 0.0625, 0.875, 0.75, 0.0, 0.8125, 0.375, 0.5625, 0.5625, 0.3125, 0.3125, 0.875]
[TRAIN]: (314/1600): reward: -132.40057629346848, rates: 2.599423590435832, loss: 4.067397737503052, rho: 0.4625, transmit_actions: 13, P: [1.0, 0.5625, 0.5625, 0.875, 0.125, 0.875, 0.375, 0.0625, 0.25, 0.25, 0.125, 0.875, 0.3125, 0.8125, 0.75, 0.3125, 0.875, 0.4375, 0.1875, 0.4375]
[TRAIN]: (315/1600): reward: -119.34135043621063, rates: 2.658649618701787, loss: 3.4768622636795046, rho: 0.5, transmit_actions: 12, P: [0.625, 0.125, 0.8125, 0.625, 0.8125, 0.8125, 0.5625, 0.25, 0.625, 0.0, 0.5, 0.8125, 1.0, 0.25, 0.625, 0.6875, 0.125, 0.375, 0.0625, 0.5625]
[TRAIN]: (316/1600): reward: -175.7679877281189, rates: 0.23201238711803274, loss: 4.207586073875428, rho: 0.50625, transmit_actions: 9, P: [0.1875, 0.25, 0.5, 0.9375, 0.25, 0.9375, 0.625, 0.75, 0.5625, 1.0, 0.5625, 0.875, 0.0, 0.4375, 0.625, 0.8125, 0.8125, 0.625, 0.1875, 0.5625]
[TRAIN]: (317/1600): reward: -143.90937876701355, rates: 1.0906214968775554, loss: 4.012458068132401, rho: 0.46875, transmit_actions: 13, P: [0.625, 0.5, 0.8125, 0.375, 0.625, 1.0, 0.375, 0.9375, 0.6875, 0.375, 0.9375, 0.9375, 0.6875, 0.5625, 1.0, 0.1875, 0.25, 0.5625, 0.5, 0.5]
[TRAIN]: (318/1600): reward: -102.22403734922409, rates: 0.7759616416094198, loss: 3.796470510959625, rho: 0.41875, transmit_actions: 10, P: [0.625, 0.125, 0.9375, 0.875, 0.0625, 0.375, 0.125, 0.625, 1.0, 0.6875, 0.5625, 0.5, 0.4375, 0.6875, 0.9375, 0.75, 0.8125, 0.5625, 1.0, 0.75]
[TRAIN]: (319/1600): reward: -139.65636920928955, rates: 1.343630445255428, loss: 4.169963335990905, rho: 0.49375, transmit_actions: 7, P: [0.8125, 0.1875, 0.4375, 1.0, 1.0, 0.5, 0.375, 0.5625, 0.0, 0.5625, 0.0, 0.9375, 0.0625, 0.6875, 0.375, 0.5, 0.8125, 0.0, 0.75, 0.9375]
[TRAIN]: (320/1600): reward: -114.73633813858032, rates: 0.263662713726205, loss: 3.8945574879646303, rho: 0.44375, transmit_actions: 10, P: [0.5625, 0.6875, 0.8125, 0.0, 0.625, 0.125, 0.5625, 0.8125, 0.4375, 0.0, 0.9375, 0.4375, 0.375, 0.125, 1.0, 0.875, 0.875, 1.0, 0.5, 0.6875]
[TRAIN]: (321/1600): reward: -172.8570375442505, rates: 1.1429620325833976, loss: 4.43924913406372, rho: 0.46875, transmit_actions: 11, P: [0.25, 0.3125, 0.4375, 1.0, 0.3125, 0.25, 0.5, 0.9375, 0.875, 0.375, 0.125, 0.75, 0.125, 1.0, 0.0625, 0.8125, 0.25, 0.4375, 0.5625, 0.0625]
[TRAIN]: (322/1600): reward: -150.82858163118362, rates: 1.1714190745556412, loss: 3.7701043009757997, rho: 0.4875, transmit_actions: 8, P: [0.0625, 0.875, 0.875, 0.3125, 0.375, 0.25, 0.8125, 0.9375, 0.625, 0.625, 0.625, 0.125, 0.0, 0.0, 0.375, 0.1875, 0.75, 0.0625, 0.1875, 0.75]
[TRAIN]: (323/1600): reward: -112.5319167971611, rates: 1.4680828979240432, loss: 4.193976694345475, rho: 0.475, transmit_actions: 10, P: [0.0625, 0.3125, 0.875, 0.6875, 0.8125, 0.5625, 0.5, 0.25, 0.875, 0.6875, 0.0, 0.3125, 0.0625, 0.0, 0.25, 0.1875, 0.0625, 0.9375, 0.1875, 0.625]
[TRAIN]: (324/1600): reward: -140.72208853065968, rates: 2.277911109471879, loss: 4.662242066860199, rho: 0.525, transmit_actions: 11, P: [0.0625, 0.125, 0.25, 0.3125, 0.1875, 0.125, 1.0, 0.0, 0.4375, 0.1875, 0.875, 0.5, 0.25, 0.0625, 0.25, 0.25, 0.5, 1.0, 0.5625, 0.6875]
[TRAIN]: (325/1600): reward: -149.15551710128784, rates: 0.8444828524390939, loss: 3.9580621123313904, rho: 0.5875, transmit_actions: 9, P: [0.9375, 0.1875, 0.375, 1.0, 0.5, 1.0, 0.4375, 1.0, 0.75, 0.375, 0.0, 0.9375, 0.875, 0.0, 0.5625, 1.0, 0.375, 0.1875, 0.75, 0.1875]
[TRAIN]: (326/1600): reward: -133.1004317700863, rates: 0.8995682018559863, loss: 3.620708954334259, rho: 0.5125, transmit_actions: 6, P: [0.5625, 0.125, 0.3125, 0.875, 1.0, 0.25, 0.6875, 0.625, 0.1875, 0.5, 0.25, 0.3125, 1.0, 0.5, 0.4375, 0.0625, 0.6875, 0.375, 0.5625, 1.0]
[TRAIN]: (327/1600): reward: -163.49767415225506, rates: 0.5023256367421478, loss: 3.4617197692394255, rho: 0.46875, transmit_actions: 9, P: [0.6875, 1.0, 1.0, 0.0, 0.8125, 0.125, 1.0, 0.0, 0.25, 0.3125, 0.625, 0.75, 0.6875, 1.0, 0.0625, 0.875, 0.5625, 0.375, 0.125, 0.0625]
[TRAIN]: (328/1600): reward: -143.59396076202393, rates: 1.4060386989246452, loss: 3.320164054632187, rho: 0.51875, transmit_actions: 11, P: [0.75, 0.375, 0.5, 0.5, 0.3125, 1.0, 0.875, 0.625, 0.9375, 0.5, 0.5625, 0.9375, 0.375, 0.875, 0.375, 0.75, 0.3125, 0.5, 0.875, 0.125]
[TRAIN]: (329/1600): reward: -103.32576511800289, rates: 3.674234780966937, loss: 4.009571838378906, rho: 0.5375, transmit_actions: 10, P: [0.875, 0.0625, 0.0, 0.5, 0.125, 0.25, 0.75, 0.5625, 0.0625, 0.875, 1.0, 0.4375, 0.625, 0.5, 0.9375, 0.9375, 0.125, 0.8125, 0.4375, 0.3125]
[TRAIN]: (330/1600): reward: -133.72274668514729, rates: 3.277253095174855, loss: 4.441670715808868, rho: 0.5125, transmit_actions: 13, P: [0.8125, 0.5625, 0.9375, 0.8125, 0.0625, 0.5, 0.1875, 0.125, 0.8125, 0.125, 0.8125, 0.875, 0.0625, 0.5625, 0.6875, 0.25, 0.8125, 0.25, 0.75, 0.3125]
[TRAIN]: (331/1600): reward: -133.64452028274536, rates: 1.3554794859028498, loss: 3.6817422211170197, rho: 0.44375, transmit_actions: 8, P: [0.6875, 0.8125, 0.875, 0.6875, 0.6875, 0.5, 0.125, 0.3125, 0.375, 0.5, 0.4375, 0.5625, 1.0, 0.9375, 0.625, 0.625, 0.4375, 0.4375, 0.9375, 0.5]
[TRAIN]: (332/1600): reward: -133.5292365550995, rates: 2.4707637378541545, loss: 3.743578779697418, rho: 0.54375, transmit_actions: 10, P: [0.5, 0.0625, 0.0625, 0.4375, 0.125, 0.375, 0.8125, 0.3125, 0.0, 0.0, 0.1875, 0.5, 0.0, 0.75, 0.0625, 0.75, 0.9375, 0.375, 0.0625, 0.6875]
[TRAIN]: (333/1600): reward: -127.38111168146133, rates: 1.618889110843852, loss: 3.2885820627212525, rho: 0.4875, transmit_actions: 9, P: [0.3125, 0.875, 0.5625, 0.3125, 0.75, 0.0, 0.1875, 0.5625, 0.875, 0.5, 0.0625, 0.75, 0.75, 0.9375, 0.875, 0.1875, 0.0625, 0.25, 0.8125, 0.5]
[TRAIN]: (334/1600): reward: -138.45869302749634, rates: 1.5413079420124018, loss: 3.3695013493299486, rho: 0.48125, transmit_actions: 9, P: [0.25, 0.3125, 0.8125, 1.0, 0.4375, 0.6875, 0.8125, 1.0, 0.125, 0.625, 0.875, 0.3125, 0.1875, 0.5625, 0.625, 0.5625, 0.8125, 0.4375, 0.0625, 0.8125]
[TRAIN]: (335/1600): reward: -165.9502182006836, rates: 0.04978144917830358, loss: 4.103546577692032, rho: 0.54375, transmit_actions: 8, P: [0.75, 0.875, 0.375, 0.6875, 0.125, 0.375, 0.5, 0.8125, 0.375, 0.375, 0.5, 0.875, 0.6875, 0.0625, 0.0625, 0.875, 0.875, 0.3125, 0.0, 0.75]
[TRAIN]: (336/1600): reward: -144.8660937100649, rates: 3.133905420937462, loss: 3.7821385145187376, rho: 0.425, transmit_actions: 13, P: [0.1875, 0.625, 0.75, 1.0, 0.5625, 0.25, 0.625, 0.75, 0.375, 0.5625, 0.4375, 0.75, 0.75, 0.1875, 0.125, 0.5, 0.4375, 0.75, 0.0625, 0.625]
[TRAIN]: (337/1600): reward: -122.69585061073303, rates: 1.3041501388064283, loss: 3.2707666158676147, rho: 0.4375, transmit_actions: 8, P: [0.875, 0.625, 0.375, 0.75, 1.0, 0.9375, 0.0, 0.75, 0.25, 0.875, 0.4375, 0.875, 0.6875, 0.875, 0.125, 0.8125, 0.8125, 0.75, 0.5, 0.1875]
[TRAIN]: (338/1600): reward: -157.4934959411621, rates: 0.5065044151410474, loss: 3.645972353219986, rho: 0.525, transmit_actions: 8, P: [0.0625, 0.5, 0.5, 0.6875, 0.9375, 0.9375, 0.9375, 0.875, 0.5625, 0.4375, 0.625, 0.4375, 0.9375, 0.4375, 0.875, 0.1875, 0.75, 0.4375, 0.1875, 0.875]
[TRAIN]: (339/1600): reward: -135.49615037441254, rates: 3.5038495448283404, loss: 3.640909254550934, rho: 0.5125, transmit_actions: 13, P: [0.25, 0.5, 0.75, 0.1875, 0.25, 0.3125, 0.1875, 0.75, 0.4375, 0.4375, 0.125, 0.375, 0.875, 0.875, 0.8125, 0.8125, 0.5625, 0.5, 0.125, 0.5]
[TRAIN]: (340/1600): reward: -170.84794425964355, rates: 1.1520562082589458, loss: 3.709852033853531, rho: 0.5375, transmit_actions: 10, P: [0.75, 0.5625, 0.375, 0.0625, 0.9375, 0.8125, 0.375, 0.125, 0.625, 0.5625, 0.25, 0.0, 0.875, 0.375, 0.6875, 0.0, 0.1875, 0.75, 0.125, 0.75]
[TRAIN]: (341/1600): reward: -127.00537997484207, rates: 1.9946200258236788, loss: 3.471159267425537, rho: 0.5625, transmit_actions: 10, P: [0.125, 0.6875, 0.8125, 0.375, 0.625, 0.0625, 0.625, 0.5625, 0.5, 0.125, 0.5625, 0.3125, 0.0625, 0.0, 0.25, 0.0625, 1.0, 0.8125, 0.9375, 0.75]
[TRAIN]: (342/1600): reward: -131.42552411556244, rates: 1.5744757319085445, loss: 4.153790712356567, rho: 0.625, transmit_actions: 9, P: [0.75, 0.6875, 0.4375, 0.8125, 0.75, 0.4375, 0.9375, 0.0, 0.875, 0.6875, 0.5, 0.9375, 0.5625, 0.5625, 0.8125, 0.25, 0.125, 0.0625, 0.0, 0.75]
[TRAIN]: (343/1600): reward: -138.88720059394836, rates: 1.1127992615543627, loss: 3.321418124437332, rho: 0.50625, transmit_actions: 11, P: [0.9375, 0.1875, 0.6875, 1.0, 0.9375, 0.75, 0.375, 0.75, 0.8125, 1.0, 0.625, 0.3125, 0.1875, 0.25, 0.75, 0.375, 0.875, 0.75, 0.5625, 0.4375]
[TRAIN]: (344/1600): reward: -151.95094633102417, rates: 1.0490538396381905, loss: 3.4131539106369018, rho: 0.44375, transmit_actions: 10, P: [0.625, 0.4375, 0.4375, 0.75, 0.3125, 1.0, 0.4375, 0.375, 0.6875, 0.25, 0.75, 0.5, 0.625, 0.9375, 0.5, 0.9375, 0.1875, 0.75, 0.6875, 0.4375]
[TRAIN]: (345/1600): reward: -111.25947193801403, rates: 2.7405283376963467, loss: 3.9873147785663603, rho: 0.53125, transmit_actions: 14, P: [0.375, 0.9375, 0.9375, 0.75, 0.8125, 0.25, 0.375, 0.875, 0.125, 0.1875, 0.6875, 0.9375, 0.125, 0.5625, 0.4375, 0.375, 0.1875, 0.75, 0.9375, 0.5625]
[TRAIN]: (346/1600): reward: -169.29035726189613, rates: 0.7096432172127174, loss: 3.734356218576431, rho: 0.56875, transmit_actions: 10, P: [0.875, 0.9375, 0.6875, 0.5625, 0.25, 0.8125, 0.9375, 0.9375, 0.375, 0.75, 0.625, 0.5625, 1.0, 1.0, 0.25, 0.5, 1.0, 0.4375, 0.0625, 0.875]
[TRAIN]: (347/1600): reward: -126.53976207971573, rates: 4.460237103482358, loss: 3.421182906627655, rho: 0.56875, transmit_actions: 10, P: [0.25, 0.6875, 0.125, 0.875, 0.9375, 0.1875, 0.1875, 0.375, 0.8125, 0.375, 0.75, 0.0625, 0.0625, 0.8125, 1.0, 0.0, 0.1875, 0.375, 0.3125, 0.25]
[TRAIN]: (348/1600): reward: -130.70413213968277, rates: 1.2958684903580637, loss: 3.4209417700767517, rho: 0.425, transmit_actions: 9, P: [0.375, 0.1875, 0.5625, 0.1875, 0.3125, 0.4375, 0.5625, 0.125, 0.125, 0.625, 0.375, 0.875, 0.375, 0.6875, 0.5, 0.375, 0.6875, 0.9375, 0.8125, 0.375]
[TRAIN]: (349/1600): reward: -164.36500316858292, rates: 1.6349963571906827, loss: 3.2011965036392214, rho: 0.58125, transmit_actions: 8, P: [0.0625, 0.6875, 0.5, 0.0625, 0.1875, 0.5625, 0.5625, 0.8125, 0.5, 0.3125, 0.875, 0.375, 0.625, 0.5, 0.375, 0.5, 0.625, 0.8125, 1.0, 1.0]
[TRAIN]: (350/1600): reward: -130.16520228981972, rates: 2.83479791899518, loss: 3.4412385702133177, rho: 0.40625, transmit_actions: 9, P: [0.9375, 0.625, 0.8125, 0.75, 0.625, 0.625, 0.9375, 0.875, 0.8125, 0.5625, 0.1875, 0.1875, 0.5625, 0.25, 0.9375, 0.6875, 0.1875, 0.1875, 0.5625, 0.875]
[TRAIN]: (351/1600): reward: -125.76910746097565, rates: 1.2308922022963142, loss: 3.1276849508285522, rho: 0.49375, transmit_actions: 8, P: [0.3125, 0.375, 0.75, 0.625, 0.25, 0.5, 0.875, 0.0, 0.25, 0.8125, 0.5, 0.8125, 0.5, 0.375, 0.75, 0.25, 0.8125, 0.0625, 0.5625, 0.875]
[TRAIN]: (352/1600): reward: -120.18985870480537, rates: 2.8101412933035705, loss: 3.2121546983718874, rho: 0.39375, transmit_actions: 10, P: [0.125, 0.0, 0.8125, 0.125, 1.0, 0.375, 0.8125, 1.0, 0.0625, 0.125, 0.75, 1.0, 0.0625, 0.0625, 0.875, 0.5625, 0.0625, 0.875, 0.6875, 1.0]
[TRAIN]: (353/1600): reward: -99.87376689910889, rates: 1.1262325609642452, loss: 3.278199553489685, rho: 0.5125, transmit_actions: 10, P: [0.75, 0.9375, 0.9375, 0.5, 0.375, 0.25, 0.0625, 0.625, 1.0, 0.875, 0.9375, 0.5, 0.5625, 0.6875, 1.0, 0.9375, 0.0, 0.5, 0.9375, 0.8125]
[TRAIN]: (354/1600): reward: -135.09049129486084, rates: 0.9095080660891289, loss: 3.3474312007427214, rho: 0.4875, transmit_actions: 10, P: [0.4375, 0.8125, 0.9375, 0.3125, 0.6875, 1.0, 1.0, 0.4375, 1.0, 0.625, 0.875, 0.75, 0.5625, 0.0, 0.25, 0.625, 0.0, 0.4375, 1.0, 0.875]
[TRAIN]: (355/1600): reward: -146.6605248451233, rates: 2.3394751754384466, loss: 3.1350842833518984, rho: 0.46875, transmit_actions: 8, P: [0.25, 0.6875, 0.875, 0.0, 0.375, 0.875, 0.4375, 0.4375, 0.0625, 0.375, 0.75, 0.3125, 0.8125, 0.25, 0.1875, 0.625, 0.0625, 0.875, 0.3125, 0.125]
[TRAIN]: (356/1600): reward: -174.84957909584045, rates: 1.1504207299094578, loss: 3.4027589678764345, rho: 0.5375, transmit_actions: 10, P: [0.3125, 0.75, 0.5625, 0.8125, 0.8125, 0.3125, 1.0, 0.3125, 0.1875, 0.875, 0.3125, 0.5, 0.5625, 1.0, 0.3125, 0.375, 0.625, 0.6875, 0.5625, 0.375]
[TRAIN]: (357/1600): reward: -103.74866652488708, rates: 3.251332973660671, loss: 2.755797690153122, rho: 0.43125, transmit_actions: 11, P: [0.1875, 0.5, 0.8125, 1.0, 0.6875, 0.75, 0.6875, 0.875, 0.3125, 0.1875, 0.3125, 0.8125, 0.0, 0.1875, 0.8125, 0.3125, 0.6875, 0.25, 0.375, 0.0625]
[TRAIN]: (358/1600): reward: -141.42488288879395, rates: 0.5751174722242772, loss: 3.047005707025528, rho: 0.45, transmit_actions: 8, P: [0.5625, 0.0625, 0.8125, 0.25, 1.0, 0.625, 0.5, 1.0, 0.875, 0.1875, 0.8125, 0.9375, 0.1875, 0.8125, 0.875, 0.125, 0.8125, 0.9375, 0.0625, 0.5]
[TRAIN]: (359/1600): reward: -152.17456579208374, rates: 1.8254339234943568, loss: 3.3389303386211395, rho: 0.475, transmit_actions: 11, P: [0.8125, 0.6875, 0.375, 0.25, 0.6875, 0.9375, 1.0, 0.0625, 0.6875, 0.5625, 0.25, 0.25, 0.5, 0.125, 0.5, 0.1875, 0.5625, 0.5, 0.0, 0.875]
[TRAIN]: (360/1600): reward: -165.47847604751587, rates: 0.5215236997242496, loss: 3.379083865880966, rho: 0.53125, transmit_actions: 7, P: [0.0, 0.3125, 0.5, 0.8125, 0.1875, 0.0, 0.25, 0.9375, 0.9375, 0.9375, 0.9375, 0.5625, 0.75, 0.625, 0.6875, 0.5625, 0.9375, 0.8125, 0.5, 1.0]
[TRAIN]: (361/1600): reward: -154.1949942111969, rates: 1.8050052657613649, loss: 2.837250655889511, rho: 0.63125, transmit_actions: 11, P: [0.75, 1.0, 0.8125, 0.1875, 0.9375, 0.3125, 0.9375, 0.25, 1.0, 0.3125, 0.75, 0.4375, 0.8125, 0.5625, 0.4375, 0.875, 0.8125, 0.6875, 0.8125, 0.25]
[TRAIN]: (362/1600): reward: -135.72164505720139, rates: 3.278354953908241, loss: 3.6048430502414703, rho: 0.39375, transmit_actions: 11, P: [0.875, 0.3125, 0.8125, 0.9375, 0.4375, 0.75, 0.25, 0.1875, 0.625, 0.1875, 0.4375, 0.0625, 0.625, 0.0625, 0.6875, 0.8125, 0.3125, 0.0625, 0.0625, 0.125]
[TRAIN]: (363/1600): reward: -165.47832441329956, rates: 0.5216754733450508, loss: 3.004703563451767, rho: 0.5625, transmit_actions: 8, P: [0.5625, 0.4375, 0.0, 0.875, 0.0625, 0.75, 0.3125, 0.5625, 0.9375, 0.3125, 0.9375, 0.0, 0.3125, 0.8125, 0.4375, 0.25, 0.9375, 0.5, 0.875, 0.3125]
[TRAIN]: (364/1600): reward: -119.78684051334858, rates: 3.2131595920216527, loss: 3.1037263453006743, rho: 0.54375, transmit_actions: 11, P: [0.0625, 0.0625, 0.5, 0.4375, 0.4375, 0.5, 0.1875, 1.0, 0.0625, 0.375, 0.9375, 0.875, 0.875, 1.0, 0.0625, 0.625, 0.0625, 0.6875, 0.25, 0.375]
[TRAIN]: (365/1600): reward: -146.42855498939753, rates: 1.5714449264726456, loss: 2.8778344690799713, rho: 0.525, transmit_actions: 15, P: [0.375, 0.8125, 0.4375, 0.0, 0.5625, 0.75, 0.25, 0.4375, 0.5, 0.0625, 0.5625, 0.375, 0.1875, 0.0, 0.3125, 0.0625, 1.0, 0.75, 0.625, 0.75]
[TRAIN]: (366/1600): reward: -137.70843002200127, rates: 2.2915707495172977, loss: 3.53428293466568, rho: 0.54375, transmit_actions: 10, P: [0.75, 0.5, 0.25, 0.625, 0.0, 0.75, 0.875, 0.5625, 0.0625, 0.6875, 0.125, 0.1875, 0.5625, 0.75, 0.4375, 0.4375, 0.1875, 0.375, 0.75, 0.25]
[TRAIN]: (367/1600): reward: -146.30499577522278, rates: 1.6950040452646167, loss: 3.801342064142227, rho: 0.49375, transmit_actions: 7, P: [0.0, 0.25, 0.5, 0.875, 0.875, 0.4375, 0.3125, 0.4375, 0.25, 0.3125, 0.4375, 0.5625, 0.1875, 0.375, 0.5, 0.6875, 0.0625, 0.8125, 0.125, 0.375]
[TRAIN]: (368/1600): reward: -133.7836528122425, rates: 2.2163479404747326, loss: 3.4739175736904144, rho: 0.53125, transmit_actions: 11, P: [0.625, 0.375, 0.125, 0.1875, 1.0, 0.25, 0.375, 0.4375, 0.0625, 0.0, 0.4375, 0.75, 0.0625, 0.6875, 0.0, 0.6875, 0.8125, 0.875, 0.125, 0.0625]
[TRAIN]: (369/1600): reward: -149.5276882648468, rates: 2.4723113386481135, loss: 3.2667069017887114, rho: 0.45625, transmit_actions: 10, P: [0.75, 0.0625, 1.0, 0.375, 0.625, 0.5625, 0.125, 0.125, 0.375, 0.375, 0.4375, 0.4375, 0.5, 0.0, 0.1875, 1.0, 0.1875, 0.0, 0.4375, 1.0]
[TRAIN]: (370/1600): reward: -166.4825567752123, rates: 0.5174435110530771, loss: 2.9012918412685393, rho: 0.675, transmit_actions: 9, P: [0.875, 0.8125, 1.0, 0.125, 0.625, 0.75, 0.9375, 0.25, 0.0625, 0.5625, 0.0625, 0.5625, 0.0, 0.9375, 0.625, 0.5625, 0.75, 1.0, 0.875, 0.375]
[TRAIN]: (371/1600): reward: -125.5939253270626, rates: 1.4060749468726512, loss: 3.2412276029586793, rho: 0.44375, transmit_actions: 10, P: [0.875, 0.8125, 0.1875, 0.6875, 0.375, 0.625, 0.0625, 0.1875, 0.5625, 1.0, 0.6875, 0.625, 0.9375, 1.0, 1.0, 0.5625, 0.75, 0.0, 0.5625, 0.375]
[TRAIN]: (372/1600): reward: -160.99626702070236, rates: 2.0037323025739853, loss: 2.885493516921997, rho: 0.5125, transmit_actions: 11, P: [0.9375, 0.3125, 0.375, 0.5625, 0.625, 0.6875, 0.125, 0.5625, 0.0625, 0.75, 0.75, 0.125, 0.9375, 0.0, 1.0, 0.375, 0.4375, 0.8125, 0.0625, 0.625]
[TRAIN]: (373/1600): reward: -99.387680452317, rates: 2.6123195504303336, loss: 3.1457898795604704, rho: 0.50625, transmit_actions: 7, P: [0.5625, 0.9375, 0.3125, 0.625, 0.1875, 0.4375, 0.625, 0.5, 0.875, 0.6875, 0.0625, 1.0, 0.25, 0.875, 0.625, 1.0, 1.0, 0.5625, 0.125, 0.6875]
[TRAIN]: (374/1600): reward: -130.4763082265854, rates: 1.5236913400472765, loss: 3.245698058605194, rho: 0.5125, transmit_actions: 15, P: [0.875, 0.375, 0.0625, 0.5625, 0.75, 1.0, 0.4375, 0.375, 0.6875, 0.6875, 0.9375, 0.4375, 0.625, 0.1875, 0.5, 0.5, 0.0, 0.9375, 0.4375, 0.375]
[TRAIN]: (375/1600): reward: -130.58424726128578, rates: 3.4157523935713057, loss: 3.2914746403694153, rho: 0.65625, transmit_actions: 14, P: [0.6875, 0.75, 0.25, 0.5, 0.0625, 0.875, 0.375, 0.5625, 0.25, 0.5, 0.625, 0.125, 0.0625, 0.6875, 0.75, 0.3125, 0.25, 0.1875, 0.5, 0.375]
[TRAIN]: (376/1600): reward: -153.03922951221466, rates: 1.9607706343334665, loss: 3.1928709924221037, rho: 0.4875, transmit_actions: 11, P: [1.0, 0.5625, 0.375, 0.5625, 0.8125, 0.5625, 0.3125, 0.5625, 0.0625, 1.0, 0.6875, 1.0, 0.125, 0.8125, 0.6875, 0.125, 0.25, 0.8125, 0.9375, 0.9375]
[TRAIN]: (377/1600): reward: -167.21173095703125, rates: 0.7882689786350349, loss: 2.841475909948349, rho: 0.5875, transmit_actions: 13, P: [0.3125, 0.375, 0.75, 0.25, 0.625, 0.9375, 0.9375, 0.375, 0.9375, 0.6875, 0.625, 0.5625, 1.0, 0.125, 0.9375, 0.8125, 1.0, 0.0, 0.5, 0.0625]
[TRAIN]: (378/1600): reward: -169.90004968643188, rates: 1.0999500578696368, loss: 3.2858972012996674, rho: 0.60625, transmit_actions: 9, P: [0.5, 0.6875, 0.8125, 0.0, 0.5625, 0.8125, 0.3125, 0.5625, 0.25, 0.5625, 0.625, 0.6875, 0.125, 0.3125, 0.4375, 0.625, 0.4375, 0.5625, 0.625, 0.625]
[TRAIN]: (379/1600): reward: -147.83032566308975, rates: 2.16967419169731, loss: 3.3907279312610625, rho: 0.5625, transmit_actions: 13, P: [0.25, 0.75, 0.75, 0.125, 0.5, 0.875, 0.6875, 0.4375, 0.8125, 0.375, 0.125, 0.6875, 0.4375, 0.125, 1.0, 0.875, 0.5, 0.125, 0.0, 0.625]
[TRAIN]: (380/1600): reward: -120.68766152113676, rates: 1.3123381728709134, loss: 2.9280969858169557, rho: 0.55, transmit_actions: 10, P: [0.25, 0.8125, 0.3125, 0.75, 0.8125, 0.4375, 0.5, 0.0, 0.4375, 0.375, 0.625, 1.0, 0.8125, 0.1875, 1.0, 0.0, 0.0625, 0.375, 0.3125, 0.1875]
[TRAIN]: (381/1600): reward: -135.8514689207077, rates: 2.1485308038722084, loss: 3.63957479596138, rho: 0.425, transmit_actions: 10, P: [0.5, 0.25, 0.8125, 0.9375, 0.5, 0.125, 0.375, 0.5, 0.4375, 0.375, 0.875, 0.875, 0.625, 0.75, 0.375, 0.4375, 0.75, 1.0, 0.875, 0.75]
[TRAIN]: (382/1600): reward: -171.38410329818726, rates: 0.6158970825063373, loss: 2.7232423186302186, rho: 0.6125, transmit_actions: 11, P: [0.6875, 0.5625, 0.875, 0.625, 0.375, 0.5, 1.0, 0.25, 0.4375, 0.4375, 0.9375, 0.5625, 0.375, 0.75, 0.875, 0.6875, 0.3125, 0.5, 0.375, 1.0]
[TRAIN]: (383/1600): reward: -120.82111909985542, rates: 2.178880972699826, loss: 3.725973105430603, rho: 0.64375, transmit_actions: 12, P: [0.8125, 0.1875, 0.0, 0.9375, 0.25, 0.5625, 0.375, 0.25, 0.75, 0.3125, 0.625, 0.8125, 0.5625, 0.5, 0.0625, 0.375, 0.5625, 0.0, 1.0, 0.75]
[TRAIN]: (384/1600): reward: -147.6372326016426, rates: 0.36276795882262314, loss: 2.651950532197952, rho: 0.5875, transmit_actions: 6, P: [0.5625, 0.125, 0.5625, 1.0, 0.25, 0.375, 0.0625, 0.625, 0.9375, 0.3125, 0.75, 0.0, 0.625, 1.0, 0.0625, 0.375, 0.625, 0.9375, 0.3125, 0.0]
[TRAIN]: (385/1600): reward: -120.72908562421799, rates: 4.270914423899812, loss: 3.233300971984863, rho: 0.5, transmit_actions: 12, P: [0.5625, 1.0, 0.9375, 1.0, 0.375, 0.375, 1.0, 0.875, 0.875, 0.1875, 0.875, 0.9375, 0.9375, 0.75, 0.25, 0.3125, 0.125, 0.3125, 0.125, 0.125]
[TRAIN]: (386/1600): reward: -129.9232529476285, rates: 4.076746586393227, loss: 3.4613816261291506, rho: 0.49375, transmit_actions: 8, P: [0.875, 0.0625, 0.875, 0.375, 0.8125, 0.125, 0.0625, 0.0625, 0.6875, 0.1875, 0.125, 1.0, 0.5, 0.1875, 0.0625, 0.125, 0.625, 0.5625, 0.3125, 0.0]
[TRAIN]: (387/1600): reward: -139.69527053833008, rates: 2.3047297138111604, loss: 3.3777168810367586, rho: 0.45625, transmit_actions: 15, P: [0.875, 0.4375, 1.0, 0.875, 0.0, 0.1875, 0.625, 0.625, 0.3125, 0.25, 0.375, 0.375, 0.375, 0.375, 0.4375, 0.0, 0.625, 0.4375, 0.4375, 0.625]
[TRAIN]: (388/1600): reward: -151.88160517811775, rates: 2.118394953198513, loss: 3.136747235059738, rho: 0.54375, transmit_actions: 11, P: [0.5, 0.0625, 0.5625, 0.9375, 0.5, 0.9375, 0.0, 0.25, 0.4375, 0.25, 0.5, 0.1875, 0.25, 0.25, 0.25, 0.8125, 1.0, 0.25, 0.4375, 0.1875]
[TRAIN]: (389/1600): reward: -108.51610616594553, rates: 1.4838943118803665, loss: 3.308224004507065, rho: 0.4625, transmit_actions: 7, P: [0.9375, 0.125, 0.1875, 0.8125, 0.125, 0.75, 0.4375, 0.9375, 0.875, 0.75, 0.8125, 0.75, 0.5, 0.5625, 0.3125, 0.625, 0.625, 0.1875, 0.9375, 1.0]
[TRAIN]: (390/1600): reward: -142.92959094047546, rates: 1.0704090021485007, loss: 3.37357497215271, rho: 0.60625, transmit_actions: 9, P: [0.5625, 0.0, 0.5625, 0.0, 0.1875, 0.375, 0.25, 0.8125, 0.8125, 0.6875, 0.625, 0.9375, 0.1875, 0.0, 0.0625, 0.9375, 0.4375, 0.5, 0.5, 0.8125]
[TRAIN]: (391/1600): reward: -117.62053346633911, rates: 2.3794663421839424, loss: 3.2508890718221664, rho: 0.56875, transmit_actions: 13, P: [0.125, 0.25, 0.0, 0.6875, 0.9375, 0.625, 0.125, 0.6875, 0.4375, 0.625, 0.1875, 0.125, 0.1875, 1.0, 0.375, 0.8125, 0.3125, 0.125, 0.5625, 0.875]
[TRAIN]: (392/1600): reward: -147.07481783628464, rates: 0.9251820561435793, loss: 3.2817732274532316, rho: 0.4875, transmit_actions: 8, P: [0.375, 0.75, 0.875, 0.6875, 0.8125, 0.375, 0.5625, 0.25, 0.0625, 0.625, 0.25, 0.4375, 0.9375, 1.0, 0.25, 0.75, 0.5, 0.6875, 0.3125, 0.125]
[TRAIN]: (393/1600): reward: -160.72043824195862, rates: 1.2795626417701351, loss: 2.996969074010849, rho: 0.51875, transmit_actions: 8, P: [0.0625, 0.3125, 0.5625, 0.3125, 0.75, 0.9375, 0.75, 1.0, 0.5625, 0.6875, 0.3125, 0.9375, 0.8125, 1.0, 0.0, 0.0625, 0.6875, 0.5625, 0.875, 0.375]
[TRAIN]: (394/1600): reward: -145.65029668807983, rates: 2.3497030871947637, loss: 3.095125436782837, rho: 0.50625, transmit_actions: 9, P: [0.0625, 0.5, 0.375, 0.6875, 0.1875, 0.125, 0.0625, 0.1875, 0.625, 0.6875, 0.4375, 0.25, 0.1875, 0.4375, 0.1875, 0.6875, 0.6875, 0.25, 0.75, 0.375]
[TRAIN]: (395/1600): reward: -162.69771909713745, rates: 1.302281298429647, loss: 2.7712683737277986, rho: 0.5625, transmit_actions: 10, P: [0.0625, 0.3125, 0.1875, 0.9375, 0.625, 0.5, 0.8125, 0.75, 0.3125, 0.6875, 0.125, 0.75, 0.1875, 0.9375, 0.6875, 0.6875, 0.3125, 0.375, 0.625, 0.375]
[TRAIN]: (396/1600): reward: -144.70441454648972, rates: 1.2955846992043676, loss: 2.561231780052185, rho: 0.54375, transmit_actions: 11, P: [0.5625, 1.0, 0.8125, 0.875, 0.0625, 0.625, 0.875, 0.25, 0.875, 0.0625, 0.0, 0.625, 0.0625, 0.4375, 0.8125, 0.6875, 0.4375, 0.6875, 0.375, 0.0625]
[TRAIN]: (397/1600): reward: -150.71716141700745, rates: 2.282838807179342, loss: 2.701969164609909, rho: 0.46875, transmit_actions: 9, P: [0.0625, 0.125, 0.1875, 0.9375, 0.25, 0.8125, 0.4375, 0.0625, 0.5625, 0.3125, 0.1875, 0.6875, 0.8125, 0.3125, 0.875, 0.4375, 0.1875, 0.6875, 0.5, 0.5]
[TRAIN]: (398/1600): reward: -124.73242434859276, rates: 1.2675755699311533, loss: 2.838222348690033, rho: 0.50625, transmit_actions: 9, P: [0.5, 0.375, 0.25, 0.1875, 0.125, 1.0, 1.0, 0.125, 0.375, 0.9375, 0.5, 0.0, 0.0, 1.0, 0.25, 0.0, 0.0625, 0.1875, 0.875, 0.9375]
[TRAIN]: (399/1600): reward: -122.89594769477844, rates: 1.104051928496697, loss: 2.856906121969223, rho: 0.5, transmit_actions: 5, P: [0.1875, 0.5625, 0.9375, 0.9375, 0.4375, 0.25, 0.3125, 0.8125, 0.4375, 0.6875, 0.875, 0.8125, 1.0, 0.5625, 0.875, 0.4375, 0.25, 0.0625, 0.375, 0.0625]
[TRAIN]: (400/1600): reward: -121.70900845527649, rates: 3.290992359095627, loss: 3.4752856254577638, rho: 0.54375, transmit_actions: 11, P: [0.0625, 0.0, 0.1875, 1.0, 0.3125, 0.3125, 0.5, 0.75, 0.375, 0.25, 0.1875, 0.6875, 0.4375, 0.0, 0.3125, 0.4375, 0.5625, 0.3125, 0.3125, 0.125]
[TRAIN]: (401/1600): reward: -163.33376288414001, rates: 0.6662379194226603, loss: 3.1056699991226195, rho: 0.50625, transmit_actions: 12, P: [0.4375, 0.0625, 0.75, 0.3125, 0.125, 0.8125, 0.875, 0.5, 1.0, 1.0, 0.8125, 0.5, 0.375, 0.875, 0.5, 0.8125, 0.75, 0.0, 0.6875, 0.875]
[TRAIN]: (402/1600): reward: -144.97430896759033, rates: 2.025691075242807, loss: 2.7747485458850862, rho: 0.59375, transmit_actions: 12, P: [0.0, 0.5, 0.5625, 0.625, 0.3125, 0.375, 0.1875, 0.5625, 0.1875, 0.125, 0.0, 0.3125, 0.6875, 0.875, 0.25, 0.3125, 1.0, 0.5625, 0.5625, 0.875]
[TRAIN]: (403/1600): reward: -139.47456192970276, rates: 1.5254383686120623, loss: 3.0782785177230836, rho: 0.525, transmit_actions: 11, P: [0.3125, 0.75, 1.0, 0.0625, 0.8125, 0.125, 0.125, 0.3125, 0.75, 0.5, 0.1875, 1.0, 0.5, 0.0, 0.5, 0.9375, 0.375, 0.6875, 1.0, 0.1875]
[TRAIN]: (404/1600): reward: -148.02832797169685, rates: 1.9716717142518525, loss: 3.041884708404541, rho: 0.48125, transmit_actions: 9, P: [0.875, 0.375, 0.0, 0.0, 0.9375, 0.3125, 0.0, 0.125, 0.625, 0.125, 0.0625, 0.875, 0.3125, 0.3125, 0.4375, 0.3125, 0.375, 0.4375, 0.625, 0.4375]
[TRAIN]: (405/1600): reward: -150.26169535517693, rates: 1.7383044806835461, loss: 3.3244845867156982, rho: 0.4625, transmit_actions: 11, P: [0.5625, 0.1875, 0.625, 0.25, 0.5625, 0.625, 0.625, 0.625, 0.4375, 0.125, 0.3125, 0.875, 0.9375, 0.5625, 0.1875, 0.125, 0.5625, 0.8125, 0.8125, 0.6875]
[TRAIN]: (406/1600): reward: -125.52919465303421, rates: 2.470805237001376, loss: 3.1580953359603883, rho: 0.44375, transmit_actions: 11, P: [0.5, 0.1875, 0.3125, 0.8125, 0.6875, 0.375, 0.6875, 0.3125, 0.9375, 0.875, 0.25, 0.625, 0.5, 0.125, 0.4375, 1.0, 1.0, 0.5, 0.8125, 0.1875]
[TRAIN]: (407/1600): reward: -133.8940801024437, rates: 2.1059195281310177, loss: 2.518963408470154, rho: 0.51875, transmit_actions: 14, P: [0.9375, 0.375, 0.875, 0.5625, 0.875, 0.25, 0.375, 0.375, 0.5, 0.3125, 0.9375, 1.0, 0.5625, 1.0, 0.875, 0.0, 0.125, 0.4375, 0.5625, 0.5625]
[TRAIN]: (408/1600): reward: -153.68833541870117, rates: 2.31166451747346, loss: 2.796671634912491, rho: 0.4, transmit_actions: 10, P: [0.4375, 0.375, 0.5625, 0.5625, 0.625, 0.75, 0.5, 0.25, 0.5, 0.4375, 0.8125, 0.625, 0.6875, 0.1875, 0.5625, 0.125, 0.25, 0.25, 0.25, 0.625]
[TRAIN]: (409/1600): reward: -136.612713098526, rates: 1.387286662360924, loss: 3.1426403284072877, rho: 0.5125, transmit_actions: 12, P: [0.3125, 0.3125, 0.5, 0.375, 0.0, 0.0625, 0.75, 0.0, 0.25, 0.5, 0.875, 0.3125, 0.8125, 0.8125, 0.5, 0.6875, 0.5625, 0.1875, 0.75, 0.625]
[TRAIN]: (410/1600): reward: -107.81975483894348, rates: 2.1802455092581603, loss: 3.1255357384681703, rho: 0.39375, transmit_actions: 10, P: [0.375, 0.5, 0.3125, 0.5625, 0.5625, 0.0625, 0.25, 0.25, 0.3125, 0.3125, 0.6875, 0.5625, 0.1875, 0.375, 1.0, 0.8125, 0.6875, 0.9375, 0.4375, 0.1875]
[TRAIN]: (411/1600): reward: -153.4828863143921, rates: 1.5171135575944945, loss: 2.850203740596771, rho: 0.5, transmit_actions: 11, P: [0.75, 0.6875, 0.625, 0.625, 0.3125, 0.6875, 0.0625, 0.5625, 0.25, 0.4375, 0.3125, 0.5, 0.3125, 0.5, 0.75, 0.5, 0.5, 0.9375, 0.6875, 0.375]
[TRAIN]: (412/1600): reward: -123.71331861615181, rates: 3.2866815895980412, loss: 3.169560468196869, rho: 0.44375, transmit_actions: 11, P: [0.125, 0.0625, 0.8125, 0.125, 0.875, 0.875, 0.4375, 0.25, 0.0, 0.1875, 0.9375, 0.125, 0.1875, 0.625, 0.5625, 0.6875, 0.5625, 0.0, 0.1875, 0.6875]
[TRAIN]: (413/1600): reward: -164.98994636535645, rates: 1.0100539791280947, loss: 3.2673639059066772, rho: 0.5375, transmit_actions: 9, P: [0.6875, 1.0, 0.375, 1.0, 0.9375, 1.0, 0.6875, 0.25, 0.1875, 0.9375, 0.375, 0.125, 0.0625, 0.5625, 0.6875, 0.5625, 0.5625, 0.625, 0.5625, 1.0]
[TRAIN]: (414/1600): reward: -141.66935595870018, rates: 1.3306439769194505, loss: 3.0258772015571593, rho: 0.475, transmit_actions: 7, P: [0.625, 0.0, 0.875, 0.0, 0.3125, 0.75, 0.0, 0.0625, 0.375, 0.3125, 0.0625, 0.0625, 0.1875, 0.375, 0.875, 1.0, 0.0, 0.0, 0.375, 0.1875]
[TRAIN]: (415/1600): reward: -146.36085799336433, rates: 1.639141833674608, loss: 3.056852900981903, rho: 0.49375, transmit_actions: 8, P: [0.25, 0.5625, 0.375, 0.4375, 0.8125, 0.625, 0.125, 0.125, 0.1875, 0.8125, 0.25, 0.9375, 0.0625, 0.25, 0.9375, 0.25, 0.875, 0.3125, 0.375, 0.8125]
[TRAIN]: (416/1600): reward: -161.74869057536125, rates: 1.2513088884474681, loss: 3.015873631834984, rho: 0.53125, transmit_actions: 14, P: [0.625, 1.0, 0.9375, 0.5625, 0.1875, 0.5625, 0.5625, 0.1875, 1.0, 0.3125, 0.5625, 0.1875, 0.6875, 0.625, 0.625, 0.375, 0.625, 0.5625, 0.25, 0.125]
[TRAIN]: (417/1600): reward: -141.64764964580536, rates: 2.3523508015835, loss: 3.1598823606967925, rho: 0.51875, transmit_actions: 12, P: [0.6875, 0.25, 0.0, 0.0, 0.75, 0.9375, 0.5, 0.0, 0.5625, 0.25, 0.5, 0.8125, 0.125, 0.4375, 0.875, 0.0, 0.6875, 0.125, 0.6875, 0.375]
[TRAIN]: (418/1600): reward: -141.21859845519066, rates: 1.781401812877301, loss: 2.8628809571266176, rho: 0.54375, transmit_actions: 10, P: [0.9375, 0.625, 0.5, 0.375, 0.3125, 0.5, 0.125, 0.5, 0.25, 0.625, 0.625, 0.1875, 1.0, 0.5, 0.75, 0.5, 1.0, 0.875, 0.375, 0.25]
[TRAIN]: (419/1600): reward: -135.4469996392727, rates: 1.5530000675267996, loss: 3.0944568395614622, rho: 0.56875, transmit_actions: 8, P: [1.0, 0.125, 0.1875, 0.25, 0.875, 0.875, 0.625, 0.5625, 0.125, 0.5625, 0.4375, 0.6875, 0.4375, 0.5625, 0.125, 0.3125, 0.1875, 0.1875, 0.625, 0.6875]
[TRAIN]: (420/1600): reward: -145.10941830277443, rates: 2.89058128139477, loss: 2.4903173983097076, rho: 0.5, transmit_actions: 9, P: [0.4375, 0.875, 0.8125, 0.125, 0.1875, 0.1875, 0.75, 0.75, 0.5, 0.25, 0.625, 0.0, 0.625, 0.25, 0.3125, 0.25, 0.75, 0.5, 0.1875, 0.125]
[TRAIN]: (421/1600): reward: -117.47458493709564, rates: 2.5254152341993468, loss: 2.92190882563591, rho: 0.44375, transmit_actions: 8, P: [0.375, 0.625, 0.75, 0.1875, 0.1875, 0.4375, 1.0, 0.5625, 0.5, 1.0, 0.75, 0.6875, 0.8125, 0.0625, 0.0, 0.0, 0.125, 0.25, 0.3125, 0.875]
[TRAIN]: (422/1600): reward: -126.4811429977417, rates: 1.5188577639360414, loss: 2.7403456807136535, rho: 0.5, transmit_actions: 12, P: [0.75, 0.5, 0.9375, 0.875, 0.0625, 1.0, 0.4375, 0.4375, 0.0625, 0.0625, 0.5625, 0.5625, 0.5, 0.875, 0.9375, 0.875, 0.8125, 0.375, 0.875, 0.5]
[TRAIN]: (423/1600): reward: -155.41090661287308, rates: 2.589093449551658, loss: 3.2053545475006104, rho: 0.53125, transmit_actions: 11, P: [0.5625, 0.75, 0.125, 0.375, 0.0625, 0.0, 0.0625, 0.375, 0.5625, 0.5, 0.125, 0.0, 0.5625, 0.8125, 0.375, 0.75, 0.4375, 0.0625, 0.0625, 0.6875]
[TRAIN]: (424/1600): reward: -152.12063229084015, rates: 1.8793674229403468, loss: 2.959127777814865, rho: 0.55625, transmit_actions: 11, P: [0.4375, 0.75, 0.4375, 0.375, 0.6875, 0.0, 0.375, 0.875, 0.0, 0.375, 0.4375, 0.75, 1.0, 0.4375, 0.8125, 0.75, 1.0, 0.125, 0.4375, 0.3125]
[TRAIN]: (425/1600): reward: -129.1228533089161, rates: 1.8771462547521152, loss: 2.9803256750106812, rho: 0.5125, transmit_actions: 12, P: [0.8125, 1.0, 0.0, 0.5, 0.0, 0.8125, 0.8125, 0.9375, 0.5625, 0.1875, 0.0, 0.5625, 0.5625, 0.5, 0.6875, 0.3125, 0.25, 0.75, 0.875, 0.25]
[TRAIN]: (426/1600): reward: -140.34556472301483, rates: 1.654435207602761, loss: 3.1426167368888853, rho: 0.48125, transmit_actions: 7, P: [0.4375, 0.375, 0.125, 0.875, 0.5, 0.3125, 0.375, 0.0625, 0.3125, 0.6875, 0.3125, 0.125, 0.3125, 0.75, 0.375, 0.9375, 0.0625, 0.3125, 0.5625, 0.6875]
[TRAIN]: (427/1600): reward: -124.63745021820068, rates: 1.3625501970383505, loss: 2.8430326342582704, rho: 0.38125, transmit_actions: 11, P: [1.0, 0.6875, 0.375, 0.4375, 0.875, 0.3125, 0.375, 1.0, 0.5, 0.5, 0.5, 1.0, 0.75, 1.0, 1.0, 0.0, 0.375, 0.0, 0.4375, 0.25]
[TRAIN]: (428/1600): reward: -119.42887842655182, rates: 1.5711212781774822, loss: 3.337913143634796, rho: 0.4125, transmit_actions: 7, P: [0.375, 0.9375, 0.8125, 0.4375, 0.6875, 0.8125, 0.9375, 0.0625, 0.0, 0.625, 1.0, 0.125, 0.5625, 0.375, 1.0, 0.8125, 0.5, 0.375, 0.5, 0.75]
[TRAIN]: (429/1600): reward: -122.87018781900406, rates: 1.1298119024756563, loss: 3.226966804265976, rho: 0.4375, transmit_actions: 10, P: [0.9375, 0.5625, 0.8125, 0.875, 0.5, 0.3125, 0.8125, 0.125, 0.6875, 0.3125, 0.375, 0.375, 0.9375, 0.875, 0.25, 0.875, 0.0, 0.1875, 0.9375, 0.4375]
[TRAIN]: (430/1600): reward: -152.80647158622742, rates: 1.1935284610365517, loss: 3.109045022726059, rho: 0.4375, transmit_actions: 7, P: [0.0625, 0.1875, 0.0, 0.9375, 0.375, 0.4375, 0.5, 0.75, 0.8125, 0.125, 0.5, 0.3125, 0.25, 0.9375, 0.1875, 1.0, 0.0625, 0.25, 0.5625, 0.125]
[TRAIN]: (431/1600): reward: -148.29017841815948, rates: 0.7098216916666886, loss: 3.2844417989254, rho: 0.49375, transmit_actions: 9, P: [0.125, 0.5625, 0.125, 0.4375, 1.0, 0.3125, 0.0, 0.5, 0.875, 0.75, 0.6875, 0.4375, 0.5, 0.4375, 0.5, 0.875, 0.75, 0.5625, 0.375, 0.6875]
[TRAIN]: (432/1600): reward: -165.89135566353798, rates: 1.1086446964035352, loss: 3.109014469385147, rho: 0.51875, transmit_actions: 9, P: [0.4375, 0.625, 0.375, 0.6875, 0.5625, 0.6875, 0.8125, 1.0, 0.6875, 0.0625, 0.5625, 0.25, 0.375, 0.8125, 0.75, 0.0, 0.6875, 0.625, 0.6875, 0.5]
[TRAIN]: (433/1600): reward: -126.92476296424866, rates: 2.075236750360431, loss: 3.040927004814148, rho: 0.5375, transmit_actions: 10, P: [0.3125, 0.1875, 0.9375, 0.875, 0.8125, 0.4375, 0.0625, 0.5, 1.0, 0.0625, 0.0625, 0.25, 0.9375, 0.5, 0.75, 0.4375, 0.875, 0.3125, 0.875, 0.75]
[TRAIN]: (434/1600): reward: -150.13510918617249, rates: 1.8648903400515178, loss: 3.2446481347084046, rho: 0.54375, transmit_actions: 14, P: [0.625, 0.875, 0.0625, 0.9375, 0.375, 0.5625, 0.75, 0.5, 0.5, 0.625, 0.5, 1.0, 0.375, 0.75, 0.5625, 0.0625, 0.625, 0.25, 0.375, 0.1875]
[TRAIN]: (435/1600): reward: -143.88715702295303, rates: 1.1128428924747498, loss: 3.340606355667114, rho: 0.50625, transmit_actions: 9, P: [0.625, 0.25, 0.8125, 0.1875, 0.6875, 0.1875, 0.25, 0.625, 1.0, 1.0, 0.875, 0.5625, 0.125, 0.6875, 0.875, 0.8125, 0.25, 0.8125, 1.0, 0.0]
[TRAIN]: (436/1600): reward: -130.65507659316063, rates: 2.3449238632469886, loss: 3.075155830383301, rho: 0.625, transmit_actions: 10, P: [0.625, 0.5, 0.5, 0.1875, 0.0625, 0.875, 1.0, 0.375, 0.375, 0.3125, 0.0, 0.125, 0.4375, 0.5, 0.375, 0.4375, 0.6875, 0.0, 0.8125, 0.8125]
[TRAIN]: (437/1600): reward: -122.78606444597244, rates: 1.2139356278462152, loss: 2.619840568304062, rho: 0.51875, transmit_actions: 9, P: [0.375, 0.1875, 0.1875, 0.9375, 0.5625, 0.6875, 0.0, 0.5625, 0.75, 0.5, 0.75, 0.0, 0.5625, 0.6875, 0.6875, 0.4375, 0.875, 0.0625, 0.375, 0.875]
[TRAIN]: (438/1600): reward: -147.817361921072, rates: 2.182638635097953, loss: 3.1437715113162996, rho: 0.5125, transmit_actions: 10, P: [0.9375, 0.5, 0.125, 0.875, 0.9375, 0.0625, 0.5625, 0.4375, 0.0625, 0.375, 0.875, 0.375, 0.0, 0.625, 0.75, 0.5, 0.25, 0.125, 0.4375, 0.8125]
[TRAIN]: (439/1600): reward: -152.01106548309326, rates: 1.9889346195762274, loss: 2.6425941050052644, rho: 0.46875, transmit_actions: 9, P: [0.5, 0.25, 0.1875, 0.6875, 0.4375, 0.625, 0.3125, 0.8125, 0.3125, 0.3125, 0.4375, 0.5, 0.75, 0.75, 1.0, 0.875, 0.375, 0.3125, 0.625, 0.25]
[TRAIN]: (440/1600): reward: -127.95047414302826, rates: 2.0495254652111865, loss: 2.5927214682102204, rho: 0.5125, transmit_actions: 9, P: [0.0, 0.3125, 0.875, 0.9375, 0.4375, 0.25, 1.0, 0.6875, 0.4375, 0.3125, 0.0, 0.375, 0.75, 0.625, 0.0625, 0.125, 0.0625, 1.0, 0.1875, 0.375]
[TRAIN]: (441/1600): reward: -168.08524191379547, rates: 0.9147582463247639, loss: 2.789482045173645, rho: 0.46875, transmit_actions: 10, P: [0.8125, 0.5625, 0.1875, 0.5625, 0.375, 0.25, 0.625, 0.6875, 0.0, 0.8125, 0.125, 0.625, 0.0, 0.4375, 0.8125, 0.0, 0.3125, 0.6875, 0.375, 1.0]
[TRAIN]: (442/1600): reward: -142.30688986182213, rates: 2.6931100250148234, loss: 3.1181628823280336, rho: 0.38125, transmit_actions: 9, P: [0.75, 0.8125, 0.3125, 0.5, 0.4375, 0.75, 0.0625, 0.5, 0.9375, 1.0, 0.75, 0.3125, 0.0, 0.4375, 0.9375, 0.125, 0.5, 0.0625, 0.0625, 0.375]
[TRAIN]: (443/1600): reward: -151.5217719078064, rates: 0.47822814230523164, loss: 2.9754365265369414, rho: 0.50625, transmit_actions: 6, P: [0.0625, 1.0, 0.8125, 0.3125, 0.1875, 0.4375, 0.9375, 0.5625, 0.8125, 0.0, 0.75, 0.25, 0.375, 0.0, 0.0625, 0.25, 0.4375, 0.9375, 0.0, 0.0625]
[TRAIN]: (444/1600): reward: -126.53050339221954, rates: 1.4694972590665853, loss: 2.801554000377655, rho: 0.45, transmit_actions: 13, P: [1.0, 0.25, 0.0, 0.625, 0.8125, 0.875, 1.0, 0.625, 0.25, 0.9375, 0.3125, 0.9375, 0.8125, 0.875, 0.5625, 0.25, 0.1875, 0.875, 0.625, 0.625]
[TRAIN]: (445/1600): reward: -124.64762532711029, rates: 0.3523741656833043, loss: 2.9773262560367586, rho: 0.5, transmit_actions: 6, P: [0.25, 0.125, 0.5625, 0.8125, 0.375, 0.8125, 0.125, 0.75, 0.1875, 0.75, 0.9375, 0.5, 0.875, 0.0, 0.5625, 0.75, 0.75, 0.8125, 0.3125, 0.8125]
[TRAIN]: (446/1600): reward: -125.68545323610306, rates: 1.3145458524297133, loss: 2.5547864019870756, rho: 0.41875, transmit_actions: 9, P: [0.0625, 0.8125, 0.6875, 0.8125, 0.5, 0.8125, 0.0625, 0.0625, 0.6875, 0.8125, 0.125, 0.8125, 0.0625, 0.5, 0.0, 0.6875, 0.75, 0.0, 0.1875, 0.8125]
[TRAIN]: (447/1600): reward: -137.60432088375092, rates: 1.3956789072709683, loss: 3.24213103055954, rho: 0.575, transmit_actions: 8, P: [0.8125, 0.125, 0.375, 0.8125, 0.375, 0.8125, 0.25, 0.125, 0.625, 0.5, 0.3125, 0.5625, 0.6875, 0.375, 0.125, 0.375, 0.0, 0.375, 0.4375, 0.0]
[TRAIN]: (448/1600): reward: -141.80165082216263, rates: 1.198349253132565, loss: 3.0681701958179475, rho: 0.6, transmit_actions: 7, P: [0.6875, 0.0, 0.25, 0.75, 0.625, 0.4375, 0.25, 0.4375, 0.1875, 0.875, 0.625, 0.1875, 0.375, 0.9375, 0.4375, 1.0, 0.0625, 0.0, 0.0, 0.9375]
[TRAIN]: (449/1600): reward: -152.1928283572197, rates: 1.8071715958497516, loss: 2.87806493639946, rho: 0.5875, transmit_actions: 8, P: [0.1875, 0.0, 0.0, 0.8125, 0.75, 0.6875, 0.3125, 0.875, 0.5625, 0.8125, 0.1875, 0.375, 0.125, 0.125, 0.75, 0.5, 0.75, 0.5, 0.875, 0.6875]
[TRAIN]: (450/1600): reward: -145.2419287711382, rates: 0.7580712509623626, loss: 2.798754394054413, rho: 0.49375, transmit_actions: 6, P: [0.75, 0.5625, 0.375, 0.125, 0.4375, 0.125, 0.8125, 0.0, 0.75, 0.0625, 0.25, 0.4375, 0.125, 1.0, 0.0, 0.3125, 0.875, 1.0, 0.5, 0.8125]
[TRAIN]: (451/1600): reward: -155.76427727937698, rates: 2.235722337104369, loss: 2.8699562013149262, rho: 0.4875, transmit_actions: 9, P: [0.6875, 0.625, 0.25, 0.6875, 0.5625, 0.0625, 0.6875, 0.8125, 0.5625, 0.5, 0.4375, 0.125, 0.25, 0.875, 0.8125, 0.1875, 0.0625, 0.375, 0.0, 0.25]
[TRAIN]: (452/1600): reward: -148.61063438653946, rates: 1.3893658920352812, loss: 3.0201943278312684, rho: 0.4875, transmit_actions: 12, P: [0.625, 0.875, 0.4375, 0.875, 0.1875, 0.75, 0.125, 0.5, 0.4375, 0.3125, 0.625, 0.375, 1.0, 0.0, 0.125, 0.1875, 0.375, 0.9375, 0.75, 0.875]
[TRAIN]: (453/1600): reward: -115.71069329977036, rates: 3.2893065199214577, loss: 3.2900110483169556, rho: 0.44375, transmit_actions: 11, P: [0.25, 0.0, 0.125, 0.8125, 0.5, 0.5, 0.0, 0.375, 0.4375, 0.9375, 0.0625, 0.625, 0.0625, 0.5625, 0.1875, 0.9375, 0.8125, 0.0625, 0.9375, 0.8125]
[TRAIN]: (454/1600): reward: -129.89027667045593, rates: 3.109723235313919, loss: 3.0967140555381776, rho: 0.55, transmit_actions: 12, P: [0.4375, 0.1875, 1.0, 0.1875, 0.3125, 0.5625, 0.25, 0.0625, 0.25, 0.5625, 0.375, 0.5625, 1.0, 0.375, 1.0, 0.4375, 0.625, 0.375, 0.6875, 0.1875]
[TRAIN]: (455/1600): reward: -124.29006445407867, rates: 1.7099355284617301, loss: 3.0403520584106447, rho: 0.51875, transmit_actions: 11, P: [0.25, 0.5625, 0.375, 0.875, 0.1875, 0.5, 0.8125, 0.6875, 0.4375, 0.625, 0.25, 0.375, 0.625, 0.375, 0.0, 0.1875, 0.9375, 0.75, 0.9375, 0.375]
[TRAIN]: (456/1600): reward: -133.50076282024384, rates: 2.4992373009522653, loss: 3.028801268339157, rho: 0.5125, transmit_actions: 11, P: [1.0, 0.875, 0.75, 0.8125, 1.0, 0.875, 0.6875, 0.3125, 0.6875, 0.0625, 0.4375, 0.125, 0.0625, 0.875, 0.1875, 0.8125, 0.8125, 0.375, 0.0625, 0.875]
[TRAIN]: (457/1600): reward: -137.6503343731165, rates: 2.3496667222047325, loss: 2.788891649246216, rho: 0.5, transmit_actions: 9, P: [0.3125, 0.9375, 0.9375, 0.0625, 0.5625, 0.625, 0.375, 0.6875, 0.3125, 0.625, 0.9375, 0.5625, 0.0625, 0.1875, 0.0625, 0.6875, 0.4375, 0.25, 0.5, 0.5625]
[TRAIN]: (458/1600): reward: -108.72812747955322, rates: 3.2718724791780534, loss: 2.9303484201431274, rho: 0.55, transmit_actions: 13, P: [0.375, 0.0, 0.5625, 0.125, 0.5625, 0.0, 0.6875, 0.125, 0.25, 0.375, 0.875, 0.375, 0.6875, 0.6875, 0.75, 0.9375, 1.0, 0.6875, 0.25, 0.75]
[TRAIN]: (459/1600): reward: -157.43990802764893, rates: 0.5600920071038723, loss: 2.96172217130661, rho: 0.4375, transmit_actions: 8, P: [0.5625, 0.6875, 0.625, 0.8125, 0.625, 0.125, 0.125, 0.875, 0.4375, 0.0625, 0.9375, 0.9375, 0.625, 0.5625, 0.75, 0.9375, 0.375, 0.4375, 0.9375, 0.9375]
[TRAIN]: (460/1600): reward: -142.8435502052307, rates: 2.1564500109995235, loss: 3.103084218502045, rho: 0.40625, transmit_actions: 15, P: [0.0625, 0.0, 0.5625, 0.25, 0.5625, 0.375, 0.625, 0.125, 0.9375, 0.1875, 0.25, 0.6875, 1.0, 0.75, 0.625, 0.25, 0.625, 0.625, 0.5, 0.75]
[TRAIN]: (461/1600): reward: -143.3662094771862, rates: 1.6337904662762435, loss: 2.8736332833766935, rho: 0.51875, transmit_actions: 10, P: [0.25, 0.75, 0.375, 0.0, 0.875, 0.25, 0.8125, 0.4375, 0.125, 0.375, 0.6875, 0.625, 0.25, 0.6875, 1.0, 0.3125, 0.875, 0.875, 1.0, 0.25]
[TRAIN]: (462/1600): reward: -140.79665610194206, rates: 1.2033441113869652, loss: 2.4418976426124575, rho: 0.48125, transmit_actions: 12, P: [0.6875, 0.3125, 0.375, 0.4375, 0.9375, 0.6875, 0.25, 0.9375, 0.0625, 0.3125, 0.0625, 0.125, 0.5625, 0.75, 0.5, 0.625, 0.9375, 0.875, 0.625, 0.25]
[TRAIN]: (463/1600): reward: -141.95519924163818, rates: 1.0448005611900015, loss: 2.8957542300224306, rho: 0.4125, transmit_actions: 10, P: [0.125, 1.0, 0.75, 0.875, 0.6875, 0.0625, 0.8125, 0.5, 0.5, 0.8125, 0.0, 0.5625, 0.625, 0.0625, 0.5625, 0.5, 0.3125, 0.5625, 0.1875, 0.125]
[TRAIN]: (464/1600): reward: -121.99503941833973, rates: 5.00496096147536, loss: 2.707161068916321, rho: 0.4875, transmit_actions: 11, P: [0.25, 0.1875, 0.875, 0.3125, 0.0625, 0.5625, 0.125, 0.5, 0.9375, 0.75, 0.625, 0.0625, 0.1875, 0.5625, 0.75, 0.6875, 0.1875, 0.3125, 0.25, 0.25]
[TRAIN]: (465/1600): reward: -128.89727878570557, rates: 0.1027213503717099, loss: 2.7782480299472807, rho: 0.38125, transmit_actions: 5, P: [0.0625, 0.4375, 0.5625, 1.0, 0.4375, 0.5, 0.75, 0.0, 1.0, 0.0, 0.75, 0.375, 0.625, 0.5, 0.75, 0.9375, 0.5625, 1.0, 0.9375, 0.6875]
[TRAIN]: (466/1600): reward: -151.79790794849396, rates: 1.202091839203447, loss: 2.2369336664676664, rho: 0.51875, transmit_actions: 9, P: [0.8125, 0.3125, 0.8125, 0.0, 0.3125, 0.75, 0.9375, 0.75, 0.6875, 0.75, 0.25, 0.625, 0.4375, 0.1875, 0.125, 0.8125, 0.0625, 0.5625, 0.5, 0.0]
[TRAIN]: (467/1600): reward: -141.23136070370674, rates: 2.7686396794285697, loss: 3.1589237451553345, rho: 0.45625, transmit_actions: 8, P: [0.625, 0.6875, 0.6875, 0.375, 0.0625, 0.0625, 0.6875, 0.0625, 0.5625, 0.625, 0.25, 1.0, 0.5625, 0.3125, 0.5, 0.375, 0.3125, 0.0625, 0.1875, 0.4375]
[TRAIN]: (468/1600): reward: -144.52632929384708, rates: 0.4736703692187806, loss: 2.9136217415332792, rho: 0.475, transmit_actions: 10, P: [0.3125, 0.8125, 0.75, 0.75, 0.75, 0.4375, 0.8125, 0.8125, 0.25, 0.5, 0.625, 0.5, 0.625, 0.9375, 0.1875, 0.75, 0.75, 1.0, 0.5625, 0.0625]
[TRAIN]: (469/1600): reward: -139.5397343635559, rates: 0.4602655541736739, loss: 2.7080793619155883, rho: 0.5, transmit_actions: 9, P: [0.125, 0.125, 0.6875, 0.875, 0.1875, 0.75, 0.3125, 0.6875, 0.1875, 0.625, 0.3125, 0.875, 0.625, 1.0, 0.75, 0.0, 1.0, 0.0, 0.3125, 0.625]
[TRAIN]: (470/1600): reward: -155.69815731048584, rates: 0.30184344537296565, loss: 2.951415252685547, rho: 0.44375, transmit_actions: 9, P: [0.3125, 0.125, 0.8125, 0.6875, 0.6875, 0.0, 0.375, 0.0625, 0.0625, 0.8125, 0.9375, 0.0625, 0.875, 0.25, 0.9375, 0.4375, 0.3125, 0.8125, 0.25, 0.875]
[TRAIN]: (471/1600): reward: -121.59933217614889, rates: 2.4006673673613346, loss: 2.4850692957639695, rho: 0.45, transmit_actions: 8, P: [0.5, 0.3125, 0.875, 0.125, 0.0, 0.0625, 0.125, 0.625, 0.375, 0.5625, 0.625, 0.75, 0.875, 1.0, 0.25, 1.0, 0.8125, 0.0, 0.125, 0.0625]
[TRAIN]: (472/1600): reward: -128.73966920375824, rates: 3.2603307109245883, loss: 2.762638619542122, rho: 0.46875, transmit_actions: 10, P: [0.0, 0.375, 0.3125, 0.5, 0.375, 0.0, 0.5, 0.125, 0.375, 0.625, 0.25, 0.4375, 0.125, 0.375, 0.6875, 0.4375, 0.625, 0.25, 0.875, 0.875]
[TRAIN]: (473/1600): reward: -130.8407678604126, rates: 1.159232861358747, loss: 2.9055552661418913, rho: 0.49375, transmit_actions: 8, P: [0.0625, 0.0, 0.75, 0.5625, 0.75, 0.375, 0.3125, 0.125, 0.75, 0.3125, 0.6875, 0.75, 0.25, 0.125, 0.125, 0.8125, 0.4375, 0.875, 0.375, 0.1875]
[TRAIN]: (474/1600): reward: -113.56309711933136, rates: 0.4369026330700618, loss: 2.6180769920349123, rho: 0.475, transmit_actions: 5, P: [0.5, 0.9375, 0.75, 0.5, 1.0, 0.25, 0.0625, 0.9375, 0.0, 0.4375, 0.8125, 0.4375, 0.125, 0.625, 0.9375, 0.625, 0.375, 0.0, 0.75, 0.375]
[TRAIN]: (475/1600): reward: -152.70781707763672, rates: 0.2921829450550086, loss: 3.0539800345897676, rho: 0.5125, transmit_actions: 7, P: [0.3125, 0.625, 0.375, 0.4375, 0.6875, 0.0, 0.9375, 0.75, 0.1875, 0.1875, 0.875, 0.375, 0.9375, 0.75, 0.375, 0.625, 0.875, 0.4375, 0.25, 0.0]
[TRAIN]: (476/1600): reward: -133.44210767745972, rates: 2.557892185034289, loss: 2.507784578204155, rho: 0.525, transmit_actions: 9, P: [0.5, 0.25, 0.0625, 0.5, 0.75, 0.4375, 0.0625, 0.875, 0.9375, 1.0, 0.6875, 0.6875, 0.0625, 0.1875, 0.25, 0.6875, 0.3125, 0.3125, 0.0, 0.375]
[TRAIN]: (477/1600): reward: -152.97445666790009, rates: 1.0255426124082911, loss: 2.626756286621094, rho: 0.44375, transmit_actions: 11, P: [0.1875, 0.625, 0.5, 0.125, 1.0, 0.75, 0.125, 0.375, 0.75, 0.25, 0.375, 0.5, 0.25, 0.4375, 0.9375, 0.875, 0.4375, 0.25, 0.25, 0.875]
[TRAIN]: (478/1600): reward: -149.86947977542877, rates: 2.1305210500674843, loss: 3.815343064069748, rho: 0.4875, transmit_actions: 10, P: [1.0, 0.875, 0.25, 0.375, 0.4375, 1.0, 0.625, 1.0, 0.25, 0.25, 0.1875, 0.9375, 0.75, 0.25, 0.4375, 0.1875, 0.5, 0.625, 0.0625, 0.3125]
[TRAIN]: (479/1600): reward: -142.18404638767242, rates: 1.8159536144524997, loss: 2.519741731882095, rho: 0.4625, transmit_actions: 9, P: [0.375, 0.375, 0.5, 0.8125, 1.0, 0.625, 0.3125, 0.0625, 0.9375, 0.3125, 0.9375, 0.8125, 0.1875, 0.375, 0.0625, 0.0625, 0.1875, 0.9375, 0.0, 0.4375]
[TRAIN]: (480/1600): reward: -165.16911602020264, rates: 0.8308842439251258, loss: 2.6950994968414306, rho: 0.51875, transmit_actions: 8, P: [0.5, 0.0625, 1.0, 0.4375, 0.625, 0.1875, 0.5, 0.5, 0.0625, 0.125, 0.875, 0.125, 0.375, 0.9375, 0.5, 0.5625, 0.625, 0.875, 0.125, 0.4375]
[TRAIN]: (481/1600): reward: -158.9455542564392, rates: 1.0544458322036088, loss: 2.6719052255153657, rho: 0.375, transmit_actions: 11, P: [0.0625, 0.75, 0.8125, 0.75, 1.0, 0.5625, 0.375, 0.875, 0.1875, 0.75, 0.3125, 0.25, 0.5625, 0.6875, 0.375, 0.5, 0.8125, 0.0, 0.5, 0.5625]
[TRAIN]: (482/1600): reward: -155.4367322921753, rates: 1.563268374204636, loss: 3.2639878749847413, rho: 0.475, transmit_actions: 9, P: [0.4375, 0.4375, 0.6875, 0.75, 0.3125, 0.4375, 0.875, 0.375, 0.5625, 0.4375, 0.0, 0.75, 0.5, 0.375, 0.25, 0.1875, 0.8125, 0.1875, 0.6875, 0.6875]
[TRAIN]: (483/1600): reward: -172.45414352416992, rates: 0.5458558725217896, loss: 3.0560312628746034, rho: 0.56875, transmit_actions: 10, P: [0.625, 0.375, 1.0, 1.0, 0.5625, 0.4375, 0.75, 0.5, 0.9375, 0.625, 0.0625, 0.3125, 0.0, 0.5625, 0.9375, 0.9375, 0.5625, 0.9375, 0.6875, 0.8125]
[TRAIN]: (484/1600): reward: -113.50056171417236, rates: 2.499438630970764, loss: 2.9424566328525543, rho: 0.4875, transmit_actions: 9, P: [0.4375, 0.125, 0.1875, 0.0, 1.0, 0.5, 0.9375, 0.875, 0.1875, 0.375, 0.0625, 0.5625, 0.125, 0.125, 0.4375, 0.125, 0.0, 0.4375, 0.6875, 0.0]
[TRAIN]: (485/1600): reward: -135.51296523213387, rates: 1.4870347206053092, loss: 3.271491366624832, rho: 0.45, transmit_actions: 7, P: [0.0, 0.1875, 0.9375, 0.625, 0.1875, 0.0, 0.625, 0.5, 0.375, 0.0625, 0.5, 0.4375, 0.875, 0.1875, 0.0, 1.0, 0.75, 0.125, 0.5, 0.9375]
[TRAIN]: (486/1600): reward: -147.6288362443447, rates: 1.3711643163148675, loss: 2.8940319955348968, rho: 0.50625, transmit_actions: 11, P: [0.0625, 0.75, 0.8125, 0.5, 0.875, 0.0, 0.5625, 0.125, 0.125, 0.8125, 0.625, 1.0, 0.0625, 0.125, 0.375, 0.5, 0.625, 0.1875, 0.5, 0.125]
[TRAIN]: (487/1600): reward: -103.46912798285484, rates: 2.530872191495662, loss: 2.4541637897491455, rho: 0.4875, transmit_actions: 8, P: [0.125, 0.8125, 0.25, 0.125, 0.8125, 0.75, 0.9375, 0.1875, 0.125, 0.5, 0.8125, 0.75, 0.625, 0.125, 0.0625, 0.5, 0.0, 0.875, 0.375, 0.875]
[TRAIN]: (488/1600): reward: -95.50912949442863, rates: 1.49087037575035, loss: 3.2149442613124846, rho: 0.4125, transmit_actions: 7, P: [0.25, 0.125, 0.0, 0.75, 0.75, 0.8125, 0.6875, 0.875, 0.4375, 0.4375, 0.6875, 0.4375, 0.875, 1.0, 0.125, 0.375, 0.625, 0.375, 0.125, 0.375]
[TRAIN]: (489/1600): reward: -147.56198246777058, rates: 1.438017926860355, loss: 3.252852988243103, rho: 0.58125, transmit_actions: 10, P: [0.4375, 0.875, 0.3125, 0.5, 0.9375, 0.5, 0.9375, 0.6875, 0.25, 0.625, 0.1875, 1.0, 0.5, 0.125, 0.4375, 0.125, 0.75, 0.25, 0.375, 0.5]
[TRAIN]: (490/1600): reward: -134.95729637145996, rates: 0.042703365345937216, loss: 2.9820870399475097, rho: 0.40625, transmit_actions: 6, P: [0.8125, 0.625, 0.5625, 0.3125, 0.75, 0.875, 0.75, 0.375, 0.3125, 1.0, 0.3125, 0.875, 0.625, 0.625, 0.875, 0.3125, 1.0, 0.875, 0.75, 0.6875]
[TRAIN]: (491/1600): reward: -112.78438717126846, rates: 2.215613141589754, loss: 2.613474377989769, rho: 0.43125, transmit_actions: 9, P: [0.6875, 0.0625, 0.6875, 0.75, 0.8125, 0.5625, 0.6875, 0.0, 0.9375, 0.1875, 0.4375, 0.9375, 0.125, 0.4375, 0.8125, 0.3125, 0.1875, 0.0, 0.25, 0.9375]
[TRAIN]: (492/1600): reward: -151.57201528549194, rates: 0.4279848313950854, loss: 2.795844691991806, rho: 0.46875, transmit_actions: 7, P: [0.3125, 0.25, 0.625, 0.875, 0.0, 0.1875, 0.375, 0.9375, 0.4375, 0.8125, 0.8125, 0.3125, 0.5, 0.75, 0.3125, 0.8125, 0.375, 0.3125, 0.75, 0.3125]
[TRAIN]: (493/1600): reward: -155.1442310810089, rates: 0.8557690075412862, loss: 2.6853187680244446, rho: 0.54375, transmit_actions: 11, P: [0.25, 0.0, 0.4375, 0.5, 0.75, 0.9375, 0.5625, 0.25, 0.1875, 0.8125, 1.0, 0.25, 0.9375, 0.125, 0.0, 0.0, 0.25, 0.875, 0.0, 0.8125]
[TRAIN]: (494/1600): reward: -157.20423978567123, rates: 1.7957602298116828, loss: 2.838772350549698, rho: 0.54375, transmit_actions: 14, P: [0.6875, 0.6875, 0.875, 0.875, 0.8125, 0.5625, 0.75, 0.125, 0.625, 0.625, 0.875, 0.6875, 0.625, 1.0, 0.25, 0.1875, 1.0, 0.0, 0.9375, 0.25]
[TRAIN]: (495/1600): reward: -171.87341022491455, rates: 1.1265900631205668, loss: 2.856515997648239, rho: 0.525, transmit_actions: 8, P: [0.625, 0.0, 0.375, 1.0, 0.8125, 0.25, 0.1875, 0.1875, 0.8125, 0.625, 0.75, 0.875, 0.8125, 0.3125, 0.5, 0.4375, 0.375, 0.3125, 0.75, 0.8125]
[TRAIN]: (496/1600): reward: -145.77656257152557, rates: 1.2234371665707402, loss: 2.76324667930603, rho: 0.625, transmit_actions: 9, P: [0.6875, 0.125, 0.875, 0.4375, 0.125, 0.3125, 0.6875, 0.625, 1.0, 0.125, 0.25, 1.0, 0.875, 0.0, 0.0, 0.4375, 0.1875, 1.0, 0.3125, 0.8125]
[TRAIN]: (497/1600): reward: -125.66875553131104, rates: 4.331245293880234, loss: 2.8909318327903746, rho: 0.45, transmit_actions: 17, P: [0.6875, 0.75, 0.9375, 0.0, 0.0625, 0.3125, 0.75, 0.625, 0.125, 0.75, 0.0625, 0.4375, 0.875, 0.5625, 0.1875, 0.3125, 0.5, 0.0625, 0.8125, 0.9375]
[TRAIN]: (498/1600): reward: -91.13107873499393, rates: 4.868921183462212, loss: 2.4516254544258116, rho: 0.5, transmit_actions: 9, P: [0.0625, 0.0625, 0.6875, 0.5, 0.0, 0.4375, 0.75, 0.9375, 0.1875, 0.0625, 0.125, 0.1875, 0.625, 0.125, 0.125, 1.0, 0.4375, 0.1875, 0.75, 0.3125]
[TRAIN]: (499/1600): reward: -168.56982281804085, rates: 0.43017723116775297, loss: 2.906158131361008, rho: 0.5125, transmit_actions: 8, P: [0.8125, 0.625, 0.75, 0.75, 0.5, 0.5625, 0.125, 0.625, 0.6875, 0.125, 0.25, 0.9375, 0.125, 0.1875, 1.0, 0.125, 0.5625, 0.625, 0.125, 0.5625]
[TRAIN]: (500/1600): reward: -120.91451156139374, rates: 1.085488991068514, loss: 2.634209993481636, rho: 0.425, transmit_actions: 11, P: [0.875, 0.6875, 0.6875, 0.25, 0.4375, 0.5, 0.375, 0.375, 0.5625, 0.0, 0.75, 0.875, 0.4375, 0.875, 0.0625, 1.0, 0.5, 0.875, 0.9375, 0.8125]
[TRAIN]: (501/1600): reward: -150.1037408709526, rates: 0.8962588597172736, loss: 2.617792624235153, rho: 0.4875, transmit_actions: 8, P: [0.375, 0.5625, 0.75, 0.1875, 0.9375, 0.875, 0.0625, 0.5625, 0.3125, 0.8125, 0.4375, 0.5, 0.0, 1.0, 0.3125, 0.5, 0.4375, 0.6875, 0.1875, 0.5]
[TRAIN]: (502/1600): reward: -126.46937662363052, rates: 2.530623257959678, loss: 2.9720571517944334, rho: 0.425, transmit_actions: 13, P: [0.375, 0.6875, 0.6875, 0.5625, 0.375, 0.125, 0.1875, 0.625, 0.625, 1.0, 0.6875, 0.25, 0.8125, 0.5, 0.75, 0.9375, 0.9375, 0.875, 0.0625, 0.0625]
[TRAIN]: (503/1600): reward: -145.89101466536522, rates: 3.108985575010837, loss: 3.0693387657403948, rho: 0.53125, transmit_actions: 9, P: [0.75, 0.25, 0.5625, 0.4375, 0.6875, 0.5, 0.3125, 0.4375, 0.3125, 0.5, 0.25, 0.25, 0.375, 0.875, 0.3125, 0.125, 0.75, 0.0625, 0.5625, 0.0625]
[TRAIN]: (504/1600): reward: -147.50518102943897, rates: 1.4948198727840185, loss: 2.439035731554031, rho: 0.5625, transmit_actions: 11, P: [0.25, 0.1875, 0.375, 0.5625, 0.625, 0.25, 0.6875, 0.9375, 0.8125, 0.375, 0.6875, 0.0, 0.1875, 0.5625, 0.5625, 0.1875, 0.875, 0.75, 0.125, 0.0625]
[TRAIN]: (505/1600): reward: -127.06849586963654, rates: 2.9315039437538752, loss: 3.013784122467041, rho: 0.49375, transmit_actions: 8, P: [0.5625, 0.6875, 0.625, 0.375, 0.375, 0.8125, 1.0, 0.0625, 0.0, 1.0, 0.3125, 0.1875, 0.9375, 0.875, 0.0, 0.3125, 0.5625, 0.9375, 0.125, 0.3125]
[TRAIN]: (506/1600): reward: -153.27042055130005, rates: 0.7295793511967661, loss: 3.5029642820358275, rho: 0.475, transmit_actions: 9, P: [0.3125, 0.8125, 0.875, 0.3125, 0.625, 0.75, 0.875, 0.3125, 0.0, 0.4375, 0.875, 0.625, 0.3125, 0.5, 0.9375, 0.375, 0.8125, 0.375, 0.375, 1.0]
[TRAIN]: (507/1600): reward: -125.45671225525439, rates: 2.543286882601435, loss: 2.9905167281627656, rho: 0.46875, transmit_actions: 9, P: [0.0, 0.1875, 0.3125, 0.125, 0.25, 0.625, 0.3125, 0.1875, 0.9375, 0.25, 0.0, 1.0, 0.3125, 0.0625, 0.5, 1.0, 0.9375, 0.625, 0.5, 0.0]
[TRAIN]: (508/1600): reward: -147.16920852661133, rates: 0.8307914245957995, loss: 2.6250903427600862, rho: 0.49375, transmit_actions: 9, P: [0.1875, 0.1875, 1.0, 0.9375, 0.875, 1.0, 0.125, 0.9375, 0.875, 0.25, 0.375, 0.8125, 1.0, 0.125, 0.875, 1.0, 0.75, 0.0625, 0.5, 0.3125]
[TRAIN]: (509/1600): reward: -146.10889413952827, rates: 0.8911046872690432, loss: 2.968577963113785, rho: 0.525, transmit_actions: 10, P: [0.625, 0.875, 0.0625, 0.25, 0.25, 0.375, 0.875, 0.0625, 0.5, 0.25, 1.0, 0.375, 0.0625, 0.8125, 0.875, 0.625, 0.8125, 0.4375, 1.0, 0.1875]
[TRAIN]: (510/1600): reward: -111.41117054224014, rates: 2.588829050262894, loss: 2.668560856580734, rho: 0.5, transmit_actions: 12, P: [0.25, 0.6875, 0.8125, 0.6875, 0.125, 0.625, 0.4375, 0.375, 0.25, 0.25, 0.125, 0.25, 0.0, 0.6875, 0.375, 0.5, 0.25, 0.3125, 0.125, 0.0]
[TRAIN]: (511/1600): reward: -115.62925481796265, rates: 1.3707451932761883, loss: 3.1176883816719054, rho: 0.44375, transmit_actions: 10, P: [0.4375, 0.5, 0.5, 0.25, 0.875, 0.6875, 0.4375, 0.5, 0.9375, 0.5, 0.0, 0.875, 0.625, 0.1875, 0.375, 0.375, 0.125, 0.6875, 0.25, 0.6875]
[TRAIN]: (512/1600): reward: -138.67764055728912, rates: 2.3223594983277196, loss: 2.783447724580765, rho: 0.44375, transmit_actions: 8, P: [0.1875, 0.75, 0.5625, 0.4375, 0.1875, 0.0625, 0.875, 0.3125, 0.875, 0.0, 0.375, 0.9375, 0.75, 0.0625, 0.625, 0.8125, 0.8125, 0.6875, 0.5625, 0.4375]
[TRAIN]: (513/1600): reward: -133.06700192391872, rates: 2.93299811379889, loss: 3.0094687819480894, rho: 0.55, transmit_actions: 13, P: [0.375, 0.5625, 0.4375, 0.875, 0.125, 0.375, 0.625, 0.125, 0.4375, 0.875, 0.1875, 1.0, 0.1875, 0.125, 0.5625, 0.4375, 0.125, 0.0, 0.4375, 0.3125]
[TRAIN]: (514/1600): reward: -133.77440071105957, rates: 3.2255991702553803, loss: 2.689762496948242, rho: 0.45625, transmit_actions: 8, P: [0.4375, 0.3125, 0.1875, 0.0625, 0.625, 0.5625, 0.0, 0.9375, 0.6875, 0.625, 0.125, 0.75, 0.75, 0.75, 0.25, 0.1875, 0.75, 0.9375, 0.0625, 1.0]
[TRAIN]: (515/1600): reward: -114.33544223755598, rates: 3.6645576906893975, loss: 2.680438506603241, rho: 0.46875, transmit_actions: 14, P: [0.5, 1.0, 0.625, 0.75, 0.0, 0.5, 0.0625, 0.5625, 0.0625, 0.25, 0.1875, 0.5, 0.6875, 0.625, 0.25, 0.125, 0.8125, 0.875, 0.75, 0.625]
[TRAIN]: (516/1600): reward: -127.09856274724007, rates: 4.901438166919388, loss: 2.887255680561066, rho: 0.41875, transmit_actions: 14, P: [0.3125, 0.5, 0.6875, 0.0625, 0.5625, 0.75, 0.25, 0.0625, 0.625, 0.0625, 0.875, 0.75, 0.0625, 0.3125, 0.0625, 0.0625, 0.0, 0.4375, 0.9375, 0.125]
[TRAIN]: (517/1600): reward: -120.33976185321808, rates: 3.6602385788917804, loss: 3.1717626452445984, rho: 0.48125, transmit_actions: 10, P: [0.0625, 0.0, 0.375, 0.0, 0.0, 0.9375, 0.0625, 0.625, 0.6875, 0.5, 0.375, 1.0, 0.1875, 0.9375, 0.25, 0.0, 0.8125, 0.5625, 0.0625, 0.4375]
[TRAIN]: (518/1600): reward: -117.38110148906708, rates: 4.6188979570766735, loss: 2.450622010231018, rho: 0.41875, transmit_actions: 13, P: [0.3125, 0.8125, 0.8125, 0.625, 0.75, 0.0625, 0.0, 0.25, 1.0, 0.0625, 0.375, 0.0625, 0.875, 0.0625, 0.5, 0.75, 0.8125, 0.25, 0.3125, 0.4375]
[TRAIN]: (519/1600): reward: -121.05158942937851, rates: 3.948410584043085, loss: 2.995616579055786, rho: 0.4, transmit_actions: 10, P: [0.3125, 0.625, 0.4375, 0.5, 0.875, 1.0, 0.0, 0.0625, 0.125, 0.875, 0.8125, 0.25, 0.0, 0.875, 0.125, 0.875, 0.5, 0.25, 0.125, 0.1875]
[TRAIN]: (520/1600): reward: -127.91181708872318, rates: 4.088182703208573, loss: 2.7831973135471344, rho: 0.41875, transmit_actions: 12, P: [0.3125, 0.8125, 0.5625, 0.75, 0.0625, 0.125, 0.3125, 0.6875, 0.375, 0.25, 0.125, 0.125, 0.375, 0.375, 0.4375, 0.5, 0.4375, 0.4375, 0.5625, 0.0625]
[TRAIN]: (521/1600): reward: -48.646290704607964, rates: 10.353709219286966, loss: 2.9407829523086546, rho: 0.29375, transmit_actions: 10, P: [0.5625, 0.125, 0.375, 0.8125, 0.875, 1.0, 0.875, 0.8125, 0.8125, 0.125, 0.125, 0.125, 0.125, 0.125, 1.0, 0.4375, 0.125, 0.125, 0.0625, 0.125]
[TRAIN]: (522/1600): reward: -97.66155603528023, rates: 5.338443779199452, loss: 2.572035151720047, rho: 0.38125, transmit_actions: 10, P: [0.5625, 0.3125, 0.125, 0.9375, 0.6875, 0.6875, 0.875, 0.625, 0.3125, 0.25, 0.125, 0.0, 0.875, 0.8125, 0.6875, 0.625, 0.125, 0.125, 0.75, 0.625]
[TRAIN]: (523/1600): reward: -86.73547938466072, rates: 5.2645205873907575, loss: 3.0200154066085814, rho: 0.46875, transmit_actions: 12, P: [0.5625, 0.6875, 0.9375, 0.6875, 0.0625, 0.125, 0.625, 0.0625, 0.125, 0.4375, 0.8125, 0.0, 0.0, 0.125, 0.6875, 0.75, 0.125, 0.9375, 0.75, 0.75]
[TRAIN]: (524/1600): reward: -105.83251535892487, rates: 4.167484748643976, loss: 2.5576238870620727, rho: 0.425, transmit_actions: 9, P: [0.625, 1.0, 0.1875, 1.0, 0.25, 0.9375, 0.5625, 0.0625, 0.625, 0.0625, 0.0, 0.9375, 0.5, 0.5, 0.125, 0.4375, 0.1875, 0.9375, 0.5625, 0.0625]
[TRAIN]: (525/1600): reward: -87.56529366970062, rates: 6.434707106865074, loss: 3.1003299832344053, rho: 0.34375, transmit_actions: 12, P: [0.5625, 0.25, 0.625, 0.25, 0.9375, 0.6875, 0.875, 0.0625, 0.0625, 0.0625, 0.875, 0.0625, 0.8125, 1.0, 0.0625, 0.8125, 0.9375, 0.8125, 0.0625, 0.0625]
[TRAIN]: (526/1600): reward: -118.49916955828667, rates: 4.500830658961965, loss: 3.0668729662895204, rho: 0.3875, transmit_actions: 9, P: [0.125, 0.5, 1.0, 0.0625, 0.375, 0.4375, 0.9375, 0.75, 0.3125, 0.0625, 0.0625, 0.25, 0.3125, 0.9375, 0.0625, 0.5, 0.3125, 0.125, 0.0625, 0.0625]
[TRAIN]: (527/1600): reward: -122.81831342354417, rates: 4.18168655708617, loss: 2.8561561346054076, rho: 0.4625, transmit_actions: 11, P: [0.5625, 0.25, 0.5625, 0.3125, 1.0, 0.375, 1.0, 0.0625, 0.125, 0.0625, 0.125, 1.0, 0.0, 0.6875, 0.75, 0.125, 0.375, 0.125, 0.1875, 0.625]
[TRAIN]: (528/1600): reward: -95.6705951243639, rates: 7.3294048391697775, loss: 2.6282323211431504, rho: 0.45, transmit_actions: 13, P: [0.875, 0.5, 0.625, 0.8125, 0.125, 0.125, 0.6875, 0.3125, 0.9375, 0.1875, 0.0625, 0.25, 0.0625, 0.125, 0.5625, 0.0625, 0.0625, 0.0625, 0.25, 0.3125]
[TRAIN]: (529/1600): reward: -111.0601298213005, rates: 6.939869742604143, loss: 2.6043749928474424, rho: 0.41875, transmit_actions: 10, P: [0.5625, 0.5, 0.0625, 0.375, 0.625, 0.3125, 0.5625, 1.0, 0.5, 1.0, 0.25, 0.0625, 0.375, 0.25, 0.5625, 0.0625, 0.0625, 0.0625, 1.0, 0.25]
[TRAIN]: (530/1600): reward: -67.69506466388702, rates: 9.304935445203043, loss: 2.784148159623146, rho: 0.425, transmit_actions: 13, P: [0.5625, 0.5, 0.3125, 0.0625, 0.0, 1.0, 0.9375, 0.125, 0.125, 0.0625, 0.0625, 0.9375, 0.0625, 0.0625, 1.0, 0.1875, 0.375, 0.875, 0.0625, 0.0625]
[TRAIN]: (531/1600): reward: -69.28660833835602, rates: 8.713392301990606, loss: 2.495401304960251, rho: 0.4375, transmit_actions: 15, P: [0.625, 0.8125, 0.5, 0.0625, 0.0625, 0.0625, 0.875, 0.0625, 0.4375, 0.875, 0.0625, 0.0625, 0.125, 0.1875, 0.0625, 0.75, 0.0625, 0.0625, 0.625, 0.6875]
[TRAIN]: (532/1600): reward: -26.187073230743408, rates: 13.812927012122069, loss: 2.7593457847833633, rho: 0.26875, transmit_actions: 17, P: [0.5625, 0.8125, 0.9375, 0.0625, 0.0625, 0.0625, 0.25, 0.4375, 0.0625, 0.0625, 0.0625, 0.0625, 0.0625, 0.6875, 0.0625, 0.0625, 0.0625, 0.0625, 0.6875, 0.0625]
[TRAIN]: (533/1600): reward: -87.14628654718399, rates: 6.853713645102796, loss: 2.590038722753525, rho: 0.425, transmit_actions: 13, P: [0.625, 0.9375, 0.75, 0.0, 0.0625, 0.0625, 0.0625, 0.0625, 0.375, 0.125, 0.0625, 0.125, 0.0625, 0.0, 0.5625, 0.0, 0.375, 0.25, 0.75, 0.25]
[TRAIN]: (534/1600): reward: -86.849852591753, rates: 6.150147402999553, loss: 2.725957727432251, rho: 0.4625, transmit_actions: 11, P: [0.5625, 0.0625, 0.8125, 0.125, 0.25, 0.0625, 0.0625, 0.5625, 0.0625, 0.8125, 0.0625, 0.0625, 0.0625, 0.5625, 1.0, 0.0625, 0.5, 0.125, 0.8125, 0.4375]
[TRAIN]: (535/1600): reward: -69.9003039598465, rates: 8.099696588514556, loss: 3.094773942232132, rho: 0.2875, transmit_actions: 9, P: [0.5625, 0.25, 0.8125, 0.8125, 0.0, 0.0625, 0.1875, 0.875, 0.0625, 0.0625, 0.1875, 0.125, 0.3125, 0.375, 0.0625, 0.0625, 0.75, 0.0625, 0.0625, 0.5]
[TRAIN]: (536/1600): reward: -64.2705129981041, rates: 9.72948695640548, loss: 2.3525852978229524, rho: 0.3875, transmit_actions: 15, P: [0.5625, 0.3125, 0.0625, 0.0625, 0.0625, 0.0625, 0.0625, 0.6875, 0.0625, 0.0625, 0.0625, 1.0, 0.5, 0.25, 0.0625, 0.5625, 0.3125, 0.5, 0.0625, 0.5625]
[TRAIN]: (537/1600): reward: -49.06273654103279, rates: 8.937263139172163, loss: 2.552967000007629, rho: 0.35, transmit_actions: 14, P: [0.5625, 0.8125, 0.0625, 0.0625, 0.0, 0.0625, 0.625, 0.0625, 0.8125, 0.5625, 0.0625, 0.4375, 0.0625, 0.0625, 1.0, 0.5625, 0.5, 0.0625, 0.0625, 0.0625]
[TRAIN]: (538/1600): reward: -30.36116525530815, rates: 11.638834819777115, loss: 2.8215649664402007, rho: 0.35625, transmit_actions: 15, P: [0.875, 0.8125, 0.5, 0.5625, 0.0625, 0.0625, 0.0625, 0.0625, 0.8125, 0.0625, 0.0625, 0.0625, 0.0625, 0.0625, 0.0625, 0.0625, 0.25, 0.0625, 0.0625, 0.0]
[TRAIN]: (539/1600): reward: -59.45394614338875, rates: 9.546053956614463, loss: 2.5903464674949648, rho: 0.2875, transmit_actions: 16, P: [0.5625, 0.9375, 0.375, 0.75, 0.0, 0.0625, 0.6875, 0.0625, 0.0625, 0.0625, 0.3125, 0.0625, 0.0625, 0.0625, 0.3125, 0.25, 0.0625, 0.0625, 0.0625, 0.0625]
[TRAIN]: (540/1600): reward: -61.62154811248183, rates: 10.378451650052863, loss: 1.9944557160139085, rho: 0.40625, transmit_actions: 15, P: [0.5625, 0.8125, 0.0625, 0.0625, 0.8125, 0.375, 0.0625, 0.0625, 0.0625, 0.125, 0.0625, 0.0, 0.125, 0.9375, 0.4375, 0.1875, 0.125, 0.875, 0.0625, 0.0625]
[TRAIN]: (541/1600): reward: -27.620659798383713, rates: 9.37934006897772, loss: 3.1328663647174837, rho: 0.3, transmit_actions: 12, P: [0.375, 0.5, 0.0, 0.9375, 0.125, 0.0625, 0.0625, 0.0625, 0.6875, 0.625, 0.8125, 0.0, 0.6875, 0.0625, 0.0625, 0.0625, 0.0625, 0.9375, 0.0625, 0.0625]
[TRAIN]: (542/1600): reward: -50.776700139045715, rates: 11.223299437572063, loss: 2.8447090864181517, rho: 0.2375, transmit_actions: 17, P: [0.75, 0.0625, 0.0625, 0.0625, 0.0625, 0.6875, 0.0625, 0.125, 0.6875, 0.125, 0.8125, 0.0625, 0.0625, 0.75, 0.0625, 0.9375, 0.0625, 0.0625, 0.0625, 0.3125]
[TRAIN]: (543/1600): reward: -52.488786190748215, rates: 12.51121386069598, loss: 2.7254084646701813, rho: 0.2625, transmit_actions: 14, P: [0.8125, 0.375, 0.0625, 1.0, 0.25, 0.0625, 0.0625, 0.0, 0.0625, 0.0625, 0.0625, 0.0625, 0.0625, 0.0625, 0.0625, 0.125, 0.5625, 0.1875, 0.375, 0.125]
[TRAIN]: (544/1600): reward: -37.93258747458458, rates: 15.067412187963132, loss: 2.760935294628143, rho: 0.3125, transmit_actions: 16, P: [0.25, 0.8125, 0.125, 0.4375, 0.0, 0.125, 0.125, 0.125, 0.125, 0.3125, 0.0625, 0.0, 0.125, 0.125, 0.125, 0.125, 0.125, 0.125, 0.875, 0.0]
[TRAIN]: (545/1600): reward: -56.304809297434986, rates: 10.695190557773897, loss: 2.925773712992668, rho: 0.28125, transmit_actions: 15, P: [0.1875, 0.1875, 0.125, 1.0, 0.75, 0.0625, 0.125, 0.0625, 0.125, 0.125, 0.9375, 0.6875, 0.6875, 0.125, 0.125, 0.125, 1.0, 0.125, 1.0, 0.125]
[TRAIN]: (546/1600): reward: -77.19950996339321, rates: 12.800490140274434, loss: 2.5085969626903535, rho: 0.35625, transmit_actions: 14, P: [0.25, 0.125, 0.1875, 0.125, 0.125, 0.875, 0.6875, 0.5, 0.125, 0.0625, 0.3125, 0.125, 0.125, 0.5, 0.0625, 0.0625, 0.0625, 0.0625, 0.0625, 0.0625]
[TRAIN]: (547/1600): reward: -13.798839688301086, rates: 15.201160398993864, loss: 2.595892998576164, rho: 0.36875, transmit_actions: 16, P: [0.6875, 0.6875, 0.0625, 0.4375, 0.0625, 0.0625, 0.1875, 0.8125, 0.0625, 0.0625, 0.0625, 0.0625, 0.0625, 0.0625, 0.0625, 0.0625, 0.0625, 0.0625, 0.0, 0.0625]
[TRAIN]: (548/1600): reward: -26.5007955301553, rates: 13.499203718650845, loss: 2.9993376672267913, rho: 0.33125, transmit_actions: 18, P: [0.4375, 0.6875, 0.0625, 0.0625, 0.0625, 0.625, 0.0625, 0.0625, 0.0625, 0.0625, 0.125, 0.375, 0.0625, 0.125, 0.0625, 0.9375, 0.0625, 0.0625, 0.0625, 0.0625]
[TRAIN]: (549/1600): reward: -44.364241778850555, rates: 12.635758149409888, loss: 2.782469964027405, rho: 0.34375, transmit_actions: 15, P: [0.5625, 1.0, 0.0625, 0.0625, 0.0625, 0.0625, 0.0625, 0.5625, 0.125, 0.875, 0.8125, 0.125, 0.75, 0.125, 0.125, 0.125, 0.0625, 0.0625, 0.0625, 0.0625]
[TRAIN]: (550/1600): reward: -17.077739596366882, rates: 11.922260228264062, loss: 2.923456531763077, rho: 0.31875, transmit_actions: 14, P: [0.3125, 0.8125, 0.875, 0.75, 0.0625, 0.0625, 0.8125, 0.8125, 0.0625, 0.0625, 0.0625, 0.0625, 0.5, 0.0625, 0.9375, 0.0625, 0.0625, 0.0625, 0.0625, 0.0625]
[TRAIN]: (551/1600): reward: -71.35642677545547, rates: 9.64357322566447, loss: 2.848981726169586, rho: 0.275, transmit_actions: 10, P: [0.4375, 0.8125, 0.8125, 0.5625, 0.1875, 0.5, 0.0625, 0.0625, 0.9375, 0.25, 0.8125, 0.0625, 0.0625, 0.0625, 0.0625, 0.875, 0.0625, 0.0625, 0.0625, 0.4375]
[TRAIN]: (552/1600): reward: -8.42719915509224, rates: 10.572801082148434, loss: 2.7374669909477234, rho: 0.425, transmit_actions: 17, P: [0.6875, 0.8125, 0.0625, 0.0, 0.0625, 0.0625, 0.0625, 0.125, 0.125, 0.0625, 0.125, 0.0625, 0.125, 0.0625, 1.0, 0.0625, 0.4375, 0.0625, 0.0625, 0.0625]
[TRAIN]: (553/1600): reward: -40.09348478913307, rates: 9.906515004771872, loss: 2.9786860704422, rho: 0.30625, transmit_actions: 13, P: [0.6875, 0.6875, 0.8125, 0.875, 0.1875, 0.375, 0.0625, 0.0625, 0.0625, 0.0625, 0.0625, 0.0625, 0.0625, 0.0625, 0.9375, 0.0625, 0.125, 0.375, 0.0625, 0.4375]
[TRAIN]: (554/1600): reward: -52.51664445921779, rates: 10.4833557374806, loss: 2.5920092821121217, rho: 0.275, transmit_actions: 17, P: [0.6875, 0.6875, 0.0625, 0.0625, 0.0625, 0.0625, 0.0625, 0.6875, 0.75, 0.0625, 0.6875, 0.0625, 0.0625, 0.5625, 0.0625, 0.0625, 0.8125, 0.0625, 0.375, 0.0625]
[TRAIN]: (555/1600): reward: -50.95561897754669, rates: 10.044381061048277, loss: 2.6269719779491423, rho: 0.3125, transmit_actions: 15, P: [0.6875, 0.6875, 0.8125, 0.0625, 0.3125, 0.6875, 0.0625, 0.125, 0.0625, 0.0625, 0.6875, 0.0625, 0.6875, 0.9375, 0.125, 0.0625, 0.0625, 0.0625, 0.5625, 0.0625]
[TRAIN]: (556/1600): reward: -23.955624806694686, rates: 16.044375139956415, loss: 2.6177605509757997, rho: 0.225, transmit_actions: 16, P: [0.6875, 0.0625, 0.125, 0.125, 0.125, 0.125, 0.125, 0.125, 0.4375, 0.0625, 0.0625, 0.0625, 0.0625, 0.8125, 0.6875, 0.0625, 0.125, 0.125, 0.125, 0.125]
[TRAIN]: (557/1600): reward: -4.573240004479885, rates: 16.426759999459467, loss: 2.7429818332195284, rho: 0.2125, transmit_actions: 15, P: [0.6875, 0.6875, 0.125, 0.0625, 0.125, 0.5625, 0.125, 0.6875, 0.0625, 0.0625, 0.0625, 0.0625, 0.0625, 0.0625, 0.625, 0.125, 0.0625, 0.0625, 0.125, 0.125]
[TRAIN]: (558/1600): reward: -17.21443472057581, rates: 16.785565340278296, loss: 3.064463347196579, rho: 0.1875, transmit_actions: 14, P: [0.6875, 0.6875, 0.125, 0.125, 0.125, 0.125, 0.125, 0.125, 0.4375, 0.125, 0.125, 0.125, 0.125, 0.125, 0.125, 0.125, 0.125, 0.0, 0.125, 0.9375]
[TRAIN]: (559/1600): reward: -73.82008910179138, rates: 12.179911049758294, loss: 2.3617309749126436, rho: 0.3625, transmit_actions: 14, P: [1.0, 0.8125, 0.0625, 0.0625, 0.625, 0.75, 0.8125, 0.0625, 0.25, 0.0625, 0.4375, 0.0625, 0.0625, 0.0625, 0.0625, 0.625, 0.75, 0.0625, 0.0625, 0.125]
[TRAIN]: (560/1600): reward: -5.074642717838287, rates: 16.925357408317247, loss: 2.882135009765625, rho: 0.275, transmit_actions: 17, P: [0.6875, 0.9375, 0.0625, 0.5, 0.0625, 0.125, 0.0625, 0.0625, 0.8125, 0.0625, 0.0625, 0.0625, 0.0625, 0.0625, 0.0625, 0.0625, 0.0625, 0.0625, 0.0625, 0.0625]
[TRAIN]: (561/1600): reward: 4.272660315036774, rates: 14.272660241995114, loss: 2.4890168964862824, rho: 0.28125, transmit_actions: 16, P: [0.6875, 0.6875, 0.6875, 0.0625, 0.0625, 0.125, 0.0625, 0.1875, 0.0625, 0.125, 0.0625, 0.125, 0.0625, 0.0625, 0.0625, 0.0625, 0.0625, 0.125, 0.0625, 0.0625]
[TRAIN]: (562/1600): reward: -35.25206161104143, rates: 13.747938153241412, loss: 2.21341894865036, rho: 0.3125, transmit_actions: 17, P: [0.9375, 0.0, 0.0625, 0.0625, 0.0625, 0.0625, 0.0625, 0.4375, 0.0625, 0.0625, 0.6875, 0.0625, 0.0625, 0.0625, 0.0625, 0.3125, 1.0, 0.0625, 0.0625, 0.0625]
[TRAIN]: (563/1600): reward: 7.8127952218055725, rates: 15.812795393548466, loss: 2.809651333093643, rho: 0.24375, transmit_actions: 17, P: [0.6875, 0.8125, 0.0625, 0.0625, 0.0625, 0.0625, 0.0625, 0.0625, 0.1875, 0.0625, 0.0625, 0.0625, 0.9375, 0.0625, 0.0625, 0.0625, 0.4375, 0.0625, 0.0625, 0.0625]
[TRAIN]: (564/1600): reward: -24.69669932126999, rates: 15.303300539783226, loss: 2.4560623288154604, rho: 0.30625, transmit_actions: 15, P: [0.6875, 0.6875, 0.0625, 0.0625, 0.3125, 0.0625, 0.5625, 0.0625, 0.0625, 0.0625, 0.75, 0.5625, 0.0625, 0.0625, 0.0625, 0.0625, 0.0625, 0.0625, 0.0625, 0.0625]
[TRAIN]: (565/1600): reward: -12.081415295600891, rates: 16.918585078413738, loss: 2.3690249055624006, rho: 0.2375, transmit_actions: 17, P: [0.875, 0.0625, 0.0625, 0.0625, 0.0625, 0.0625, 0.0625, 0.0625, 0.0625, 0.25, 0.0625, 0.0625, 0.0625, 0.0625, 0.0625, 0.0625, 0.5, 0.0625, 0.9375, 0.25]
[TRAIN]: (566/1600): reward: -4.692530155181885, rates: 15.307469866605093, loss: 3.111025941371918, rho: 0.23125, transmit_actions: 17, P: [0.875, 0.0, 0.75, 0.0625, 0.0625, 0.0625, 0.0625, 0.0625, 0.0625, 0.0625, 0.3125, 0.0625, 0.0, 0.0625, 0.0625, 0.0625, 0.0625, 0.0625, 0.0625, 0.0625]
[TRAIN]: (567/1600): reward: -30.545616686344147, rates: 14.454383249658633, loss: 2.373303771018982, rho: 0.325, transmit_actions: 16, P: [0.875, 0.0625, 0.5, 0.0625, 0.0625, 0.0625, 0.25, 0.6875, 0.0625, 0.0625, 0.0625, 0.4375, 0.0625, 0.5, 0.0625, 0.0625, 0.0625, 0.0625, 0.0625, 0.0625]
[TRAIN]: (568/1600): reward: -53.907280111685395, rates: 12.092720057600294, loss: 2.7403103709220886, rho: 0.36875, transmit_actions: 16, P: [0.875, 0.0625, 0.0625, 0.0625, 0.0625, 0.0625, 0.125, 0.6875, 0.0, 0.875, 0.125, 0.125, 0.0625, 0.3125, 0.125, 0.0625, 0.125, 0.875, 0.125, 0.125]
[TRAIN]: (569/1600): reward: -14.868472315371037, rates: 16.1315278476031, loss: 2.785988360643387, rho: 0.20625, transmit_actions: 15, P: [0.4375, 0.125, 0.125, 0.125, 0.125, 0.8125, 0.375, 0.8125, 0.125, 0.125, 0.375, 0.125, 0.125, 0.0625, 0.125, 0.125, 0.125, 0.0, 0.125, 0.125]
[TRAIN]: (570/1600): reward: -47.32486581802368, rates: 15.675134478694298, loss: 2.717244228720665, rho: 0.30625, transmit_actions: 19, P: [0.6875, 0.5, 0.0625, 0.0625, 1.0, 0.0625, 0.0625, 0.8125, 0.125, 0.75, 0.9375, 0.25, 0.125, 0.0625, 0.0625, 0.0625, 0.0625, 0.0625, 0.0625, 0.0625]
[TRAIN]: (571/1600): reward: -10.952018648386002, rates: 15.047981881243498, loss: 2.5652848362922667, rho: 0.3125, transmit_actions: 17, P: [0.875, 0.0625, 0.875, 0.0625, 0.0625, 0.0625, 0.0625, 0.4375, 0.0625, 0.3125, 0.0625, 0.0625, 0.0625, 0.0625, 0.0625, 0.0625, 0.0625, 0.875, 0.0625, 0.0625]
[TRAIN]: (572/1600): reward: 6.700624346733093, rates: 17.70062423306554, loss: 2.7503289937973023, rho: 0.275, transmit_actions: 18, P: [1.0, 0.0625, 0.0625, 0.0625, 0.125, 0.0625, 0.875, 0.0625, 0.0625, 0.0625, 0.0625, 0.0625, 0.0625, 0.0625, 0.125, 0.0625, 0.0625, 0.0625, 0.125, 0.0625]
[TRAIN]: (573/1600): reward: -3.3280046731233597, rates: 17.671995486764654, loss: 2.4527125716209413, rho: 0.25, transmit_actions: 17, P: [1.0, 0.75, 0.125, 0.125, 0.125, 0.125, 0.125, 0.0625, 0.0625, 0.0625, 0.0625, 0.125, 0.0625, 0.0625, 0.0625, 0.0625, 0.0625, 0.125, 0.0625, 0.0625]
[TRAIN]: (574/1600): reward: -18.62242078781128, rates: 15.3775797227915, loss: 2.861906296014786, rho: 0.3625, transmit_actions: 18, P: [1.0, 0.3125, 0.0625, 0.5, 0.0625, 0.0625, 0.0625, 0.0625, 0.0625, 0.75, 0.0625, 0.0625, 0.0625, 0.0625, 0.375, 0.0625, 0.0625, 0.0625, 0.0625, 0.0625]
[TRAIN]: (575/1600): reward: -7.407593995332718, rates: 16.592405907959627, loss: 2.6881681799888613, rho: 0.18125, transmit_actions: 17, P: [1.0, 0.8125, 0.0625, 0.0625, 0.0625, 0.0625, 0.0625, 0.0625, 0.125, 0.0625, 0.125, 0.0625, 0.125, 0.0625, 1.0, 0.0625, 0.0625, 0.125, 0.125, 0.25]
[TRAIN]: (576/1600): reward: -26.20679246634245, rates: 16.79320760403894, loss: 2.5209393084049223, rho: 0.2625, transmit_actions: 18, P: [0.375, 0.125, 0.4375, 0.125, 0.125, 0.0625, 0.125, 0.125, 0.125, 0.125, 0.0, 0.125, 0.125, 0.5, 0.25, 0.0625, 0.0625, 0.0625, 0.0625, 0.0625]
[TRAIN]: (577/1600): reward: -4.378279477357864, rates: 14.621720436445358, loss: 2.459038904309273, rho: 0.2875, transmit_actions: 17, P: [1.0, 0.0, 0.0625, 0.0625, 0.75, 0.0625, 0.0625, 0.0625, 0.0625, 0.0625, 0.0625, 0.0625, 0.4375, 0.0625, 0.0625, 0.0625, 0.0625, 0.0625, 0.0625, 0.0625]
[TRAIN]: (578/1600): reward: 16.492464303970337, rates: 16.49246437145591, loss: 2.5429169058799745, rho: 0.23125, transmit_actions: 17, P: [1.0, 0.8125, 0.0625, 0.6875, 0.0625, 0.0625, 0.0625, 0.0625, 0.0625, 0.0625, 0.0625, 0.0625, 0.0625, 0.0625, 0.0625, 0.0625, 0.0625, 0.0625, 0.0625, 0.0625]
[TRAIN]: (579/1600): reward: -27.272757530212402, rates: 13.72724239745399, loss: 2.4210441768169404, rho: 0.25625, transmit_actions: 17, P: [1.0, 0.8125, 0.6875, 0.75, 0.0625, 0.0625, 0.0625, 0.0625, 0.0625, 0.0625, 0.0625, 0.0625, 0.0625, 0.0625, 0.25, 0.125, 0.8125, 0.125, 0.0625, 0.0625]
[TRAIN]: (580/1600): reward: 15.722547948360443, rates: 15.722548002164785, loss: 2.7169565916061402, rho: 0.21875, transmit_actions: 16, P: [0.625, 0.6875, 0.0625, 0.0625, 0.0625, 0.6875, 0.125, 0.125, 0.6875, 0.125, 0.0625, 0.0625, 0.0625, 0.0625, 0.0625, 0.0625, 0.125, 0.125, 0.0625, 0.0625]
[TRAIN]: (581/1600): reward: -5.560864448547363, rates: 14.439135237416687, loss: 2.689515006542206, rho: 0.25625, transmit_actions: 16, P: [1.0, 0.125, 0.125, 0.8125, 0.6875, 0.125, 0.875, 0.0625, 0.8125, 0.0625, 0.0625, 0.125, 0.0625, 0.0625, 0.0625, 0.0625, 0.125, 0.75, 0.125, 0.125]
[TRAIN]: (582/1600): reward: -3.2352126836776733, rates: 14.764787357104476, loss: 2.5726185858249666, rho: 0.25625, transmit_actions: 15, P: [1.0, 0.6875, 0.0625, 0.0625, 0.0625, 0.0625, 0.0625, 0.75, 0.5625, 0.0625, 0.0625, 0.125, 0.0625, 0.0625, 0.0625, 1.0, 0.4375, 0.0625, 0.0625, 0.0625]
[TRAIN]: (583/1600): reward: -33.571496307849884, rates: 14.428503569906864, loss: 2.4581203520298005, rho: 0.3375, transmit_actions: 16, P: [1.0, 0.0625, 0.0625, 0.0625, 0.0625, 0.0625, 0.3125, 0.4375, 0.8125, 0.0625, 0.0625, 0.375, 0.0625, 0.0625, 0.0625, 0.0625, 0.0625, 0.0625, 0.0625, 0.125]
[TRAIN]: (584/1600): reward: 1.6983155086636543, rates: 13.698315634879329, loss: 2.8111405849456785, rho: 0.21875, transmit_actions: 15, P: [1.0, 0.8125, 0.0625, 0.0625, 0.0625, 0.0625, 0.0625, 0.8125, 0.0625, 0.0625, 0.0625, 0.0625, 0.0625, 0.0625, 0.0625, 0.0625, 0.125, 0.125, 0.6875, 0.0625]
[TRAIN]: (585/1600): reward: 17.401310170069337, rates: 19.40131036412941, loss: 1.869645071029663, rho: 0.16875, transmit_actions: 18, P: [0.875, 0.8125, 0.125, 0.125, 0.125, 0.125, 0.125, 0.125, 0.125, 0.0625, 0.0625, 0.125, 0.0625, 0.0625, 0.0625, 0.125, 0.0625, 0.0625, 0.125, 0.0625]
[TRAIN]: (586/1600): reward: 7.93890717625618, rates: 18.938907054530148, loss: 2.7621833860874174, rho: 0.23125, transmit_actions: 18, P: [0.5, 0.0625, 0.0625, 0.125, 0.125, 0.0625, 0.0625, 0.0625, 0.0625, 0.0625, 0.0625, 0.0625, 0.0625, 0.0625, 0.0625, 0.4375, 0.0625, 0.0625, 0.0625, 0.0625]
[TRAIN]: (587/1600): reward: 6.157034009695053, rates: 17.157033962063316, loss: 2.2398159980773924, rho: 0.21875, transmit_actions: 17, P: [0.5, 0.0625, 0.0625, 0.0625, 0.0625, 0.0625, 0.0625, 0.125, 0.125, 0.125, 0.125, 0.6875, 0.125, 0.125, 0.125, 0.0625, 0.0625, 0.0625, 0.0625, 0.0625]
[TRAIN]: (588/1600): reward: 17.750053346157074, rates: 17.750053313354556, loss: 2.5736899971961975, rho: 0.24375, transmit_actions: 18, P: [0.5, 1.0, 0.0625, 0.0625, 0.0625, 0.0625, 0.0625, 0.0625, 0.0625, 0.125, 0.0625, 0.0625, 0.0625, 0.0625, 0.0625, 0.0625, 0.0625, 0.0625, 0.0625, 0.125]
[TRAIN]: (589/1600): reward: -15.544720947742462, rates: 16.455278867350753, loss: 2.635715585947037, rho: 0.28125, transmit_actions: 17, P: [1.0, 0.6875, 0.125, 0.0625, 0.375, 0.0625, 0.5, 0.0625, 0.0625, 0.9375, 0.0625, 0.0625, 0.0625, 0.0625, 0.0625, 0.0625, 0.0625, 0.0625, 0.0625, 0.25]
[TRAIN]: (590/1600): reward: -0.5930435359477997, rates: 17.406956518870295, loss: 2.5328161656856536, rho: 0.2, transmit_actions: 19, P: [0.5, 0.0625, 0.0625, 0.0625, 0.0625, 0.0625, 0.0625, 0.125, 0.0625, 0.75, 0.0625, 0.0625, 0.0625, 0.0625, 0.0625, 0.0625, 0.0625, 0.0625, 0.0625, 0.0625]
[TRAIN]: (591/1600): reward: 7.721955835819244, rates: 17.72195587429339, loss: 2.059215658903122, rho: 0.23125, transmit_actions: 17, P: [1.0, 0.6875, 0.0625, 0.0625, 0.0625, 0.0625, 0.0625, 0.0625, 0.0625, 0.0625, 0.0625, 0.0625, 0.0625, 0.0625, 0.0625, 0.25, 0.0625, 0.0625, 0.0625, 0.0625]
[TRAIN]: (592/1600): reward: 8.505185425281525, rates: 16.505185487047672, loss: 2.2843662083148955, rho: 0.21875, transmit_actions: 17, P: [0.75, 0.9375, 0.0625, 0.0625, 0.0625, 0.0625, 0.0625, 0.0625, 0.0625, 0.0625, 0.0625, 0.0625, 0.3125, 0.625, 0.0625, 0.0625, 0.0625, 0.0625, 0.0625, 0.0625]
[TRAIN]: (593/1600): reward: 7.883949518203735, rates: 17.88394939170624, loss: 2.3848869264125825, rho: 0.25, transmit_actions: 18, P: [0.5, 0.0625, 0.0625, 0.0625, 0.0625, 0.0625, 0.0625, 0.0625, 0.0625, 0.0625, 0.0625, 0.0625, 0.8125, 0.0625, 0.0625, 0.0625, 0.0625, 0.0625, 0.0625, 0.0625]
[TRAIN]: (594/1600): reward: 8.750361919403076, rates: 16.750362093093365, loss: 2.120993176102638, rho: 0.24375, transmit_actions: 19, P: [0.5, 0.0625, 0.0625, 0.3125, 0.0625, 0.0625, 0.0625, 0.0625, 0.0625, 0.0625, 0.0625, 0.0625, 0.0625, 0.0625, 0.0625, 0.0625, 0.0625, 0.125, 0.0625, 0.0625]
[TRAIN]: (595/1600): reward: -15.006962031126022, rates: 14.99303803101044, loss: 2.6006647080183027, rho: 0.26875, transmit_actions: 16, P: [0.5, 0.5625, 0.0625, 0.0625, 0.0625, 0.0625, 0.0625, 0.0625, 0.0625, 0.0625, 0.0625, 0.125, 0.0625, 0.0625, 0.5625, 0.0625, 0.3125, 0.0625, 0.0625, 0.0625]
[TRAIN]: (596/1600): reward: -16.126878246665, rates: 14.873121702995977, loss: 2.775057980418205, rho: 0.33125, transmit_actions: 15, P: [0.375, 0.6875, 0.625, 0.0625, 0.0625, 0.0625, 0.0625, 0.0625, 0.0625, 0.0625, 0.6875, 0.0625, 0.0625, 0.0, 0.125, 0.125, 0.0625, 0.0625, 0.0625, 0.0625]
[TRAIN]: (597/1600): reward: 7.099135398864746, rates: 15.099135255771833, loss: 2.3919123291969298, rho: 0.28125, transmit_actions: 19, P: [0.5, 0.0625, 0.0625, 0.0625, 0.0625, 0.0625, 0.0625, 0.0625, 0.0625, 0.0625, 0.0625, 0.0625, 0.5, 0.0625, 0.0625, 0.0625, 0.0625, 0.0625, 0.0625, 0.0]
[TRAIN]: (598/1600): reward: 2.3599993288517, rates: 13.359999367346317, loss: 2.6471811830997467, rho: 0.30625, transmit_actions: 17, P: [0.5, 0.6875, 0.0625, 0.0625, 0.0625, 0.0625, 0.125, 0.125, 0.0625, 0.0625, 0.125, 0.125, 0.0625, 0.0625, 0.0625, 0.0625, 0.125, 0.0625, 0.0625, 0.5]
[TRAIN]: (599/1600): reward: 17.146887838840485, rates: 17.146887820151232, loss: 2.4573113203048704, rho: 0.2875, transmit_actions: 18, P: [1.0, 0.6875, 0.0625, 0.0625, 0.0625, 0.0625, 0.0625, 0.0625, 0.0625, 0.0625, 0.0625, 0.0625, 0.0625, 0.0625, 0.0625, 0.0625, 0.0625, 0.0625, 0.0625, 0.0625]
[TRAIN]: (600/1600): reward: 6.238245099782944, rates: 16.238244963040895, loss: 1.9855583608150482, rho: 0.25, transmit_actions: 17, P: [1.0, 0.0625, 0.6875, 0.0625, 0.0625, 0.0625, 0.0625, 0.0625, 0.0625, 0.0625, 0.0625, 0.0625, 0.0625, 0.0, 0.0625, 0.875, 0.0625, 0.0625, 0.0625, 0.0625]
[TRAIN]: (601/1600): reward: 7.037526726722717, rates: 17.037526755466534, loss: 2.2987366378307343, rho: 0.2375, transmit_actions: 18, P: [1.0, 0.0625, 0.0625, 0.0625, 0.0625, 0.0625, 0.0625, 0.0625, 0.0625, 0.25, 0.125, 0.125, 0.0625, 0.0625, 0.0625, 0.0625, 0.125, 0.0625, 0.0625, 0.0625]
[TRAIN]: (602/1600): reward: 19.131070375442505, rates: 19.131070335348507, loss: 2.6683284103870393, rho: 0.1875, transmit_actions: 18, P: [1.0, 0.0625, 0.0625, 0.0625, 0.0625, 0.0625, 0.0625, 0.0625, 0.0625, 0.0625, 0.0625, 0.0625, 0.0625, 0.6875, 0.0625, 0.0625, 0.0625, 0.0625, 0.0625, 0.0625]
[TRAIN]: (603/1600): reward: 17.812519416213036, rates: 18.812519194804988, loss: 2.6692282021045686, rho: 0.21875, transmit_actions: 19, P: [1.0, 0.0625, 0.0625, 0.0625, 0.1875, 0.0625, 0.0625, 0.0625, 0.0625, 0.0625, 0.0625, 0.0625, 0.0625, 0.0625, 0.0625, 0.0625, 0.0625, 0.0625, 0.0625, 0.0625]
[TRAIN]: (604/1600): reward: -3.575999468564987, rates: 16.42400057873524, loss: 2.3993475317955015, rho: 0.24375, transmit_actions: 18, P: [1.0, 0.0625, 0.0625, 0.0625, 0.0625, 0.0625, 0.0625, 0.0625, 0.0625, 0.0625, 0.0625, 1.0, 0.0625, 0.0625, 0.0625, 0.0625, 0.0, 0.0625, 0.0625, 0.0625]
[TRAIN]: (605/1600): reward: 17.520735323429108, rates: 17.520735341099904, loss: 2.01757293343544, rho: 0.24375, transmit_actions: 17, P: [0.6875, 0.6875, 0.0625, 0.0625, 0.0625, 0.0625, 0.0625, 0.0625, 0.0625, 0.0625, 0.6875, 0.0625, 0.0625, 0.0625, 0.0625, 0.0625, 0.0625, 0.0625, 0.0625, 0.0625]
[TRAIN]: (606/1600): reward: 17.187169432640076, rates: 18.18716934387245, loss: 1.8271108359098434, rho: 0.225, transmit_actions: 18, P: [0.5, 0.6875, 0.0625, 0.0625, 0.0625, 0.0625, 0.0625, 0.0625, 0.0625, 0.125, 0.0625, 0.0625, 0.0625, 0.0625, 0.0625, 0.125, 0.0625, 0.0625, 0.0625, 0.125]
[TRAIN]: (607/1600): reward: -14.698134750127792, rates: 14.301865257839642, loss: 2.5807904422283174, rho: 0.275, transmit_actions: 18, P: [0.5, 0.6875, 0.0625, 0.75, 0.0625, 0.0625, 0.0625, 0.0625, 0.0625, 0.0625, 0.0625, 0.0625, 0.0625, 0.0625, 0.3125, 0.25, 0.0625, 0.0625, 0.0625, 0.0625]
[TRAIN]: (608/1600): reward: 3.830846071243286, rates: 16.830845670653712, loss: 2.303549310564995, rho: 0.2125, transmit_actions: 18, P: [0.5, 0.0625, 0.0625, 0.0625, 0.0625, 0.0625, 0.9375, 0.0625, 0.6875, 0.0625, 0.0625, 0.0625, 0.0625, 0.0625, 0.0625, 0.0625, 0.0625, 0.0625, 0.0625, 0.0625]
[TRAIN]: (609/1600): reward: -21.34457430243492, rates: 14.655425770219557, loss: 2.144239914417267, rho: 0.2125, transmit_actions: 15, P: [0.5, 0.8125, 0.0625, 0.0625, 0.0625, 0.125, 0.0625, 0.0625, 0.0625, 0.0625, 0.0625, 0.0625, 0.0625, 0.0625, 0.0625, 0.0625, 0.5, 0.3125, 0.0625, 0.1875]
[TRAIN]: (610/1600): reward: 9.45529505610466, rates: 19.45529501622574, loss: 2.250494185090065, rho: 0.2375, transmit_actions: 18, P: [0.5, 0.0625, 0.375, 0.0625, 0.0625, 0.0625, 0.0625, 0.0625, 0.0625, 0.0625, 0.0625, 0.0625, 0.0625, 0.0625, 0.0625, 0.0625, 0.0625, 0.0625, 0.0625, 0.0625]
[TRAIN]: (611/1600): reward: 18.09157359600067, rates: 18.091573661747418, loss: 2.026231986284256, rho: 0.24375, transmit_actions: 18, P: [0.6875, 0.6875, 0.0625, 0.0625, 0.0625, 0.0625, 0.0625, 0.0625, 0.0625, 0.0625, 0.0625, 0.0625, 0.0625, 0.0625, 0.0625, 0.0625, 0.0625, 0.0625, 0.0625, 0.0625]
[TRAIN]: (612/1600): reward: -6.684214353561401, rates: 16.315785723071247, loss: 2.203315281867981, rho: 0.225, transmit_actions: 17, P: [0.5625, 0.6875, 0.0625, 0.9375, 0.0625, 0.0625, 0.0625, 0.0625, 0.0625, 0.0625, 0.0625, 0.0625, 0.0625, 0.0625, 0.0625, 0.0625, 0.0625, 0.0625, 0.0625, 0.0625]
[TRAIN]: (613/1600): reward: 6.28554293513298, rates: 16.285542917526907, loss: 2.0575917422771455, rho: 0.23125, transmit_actions: 17, P: [0.5625, 0.6875, 0.0625, 0.0625, 0.0625, 0.0625, 0.0625, 0.0625, 0.0625, 0.0625, 0.0625, 0.375, 0.0625, 0.0625, 0.0625, 0.0625, 0.0625, 0.0625, 0.0625, 0.0625]
[TRAIN]: (614/1600): reward: 18.538574278354645, rates: 18.538574103186036, loss: 2.219362235069275, rho: 0.2375, transmit_actions: 18, P: [0.5625, 0.6875, 0.0625, 0.0625, 0.0625, 0.0625, 0.0625, 0.0625, 0.0625, 0.0625, 0.0625, 0.0625, 0.0625, 0.0625, 0.0625, 0.0625, 0.0625, 0.0625, 0.0625, 0.0625]
[TRAIN]: (615/1600): reward: -13.773737668991089, rates: 17.22626225576613, loss: 2.3344381034374235, rho: 0.25625, transmit_actions: 20, P: [1.0, 0.0625, 0.625, 0.0625, 0.0625, 0.0625, 0.0625, 0.0625, 0.0625, 0.0625, 0.0625, 0.0625, 0.0625, 0.8125, 0.0625, 0.0625, 0.0625, 0.0625, 0.0625, 0.0625]
[TRAIN]: (616/1600): reward: 17.906274139881134, rates: 20.90627399850441, loss: 2.3563251197338104, rho: 0.21875, transmit_actions: 19, P: [0.375, 0.25, 0.0625, 0.0625, 0.0625, 0.0625, 0.0625, 0.0625, 0.0625, 0.0625, 0.0625, 0.0625, 0.0625, 0.0625, 0.0625, 0.0625, 0.0625, 0.0625, 0.0625, 0.0625]
[TRAIN]: (617/1600): reward: -4.263105422258377, rates: 15.73689457367695, loss: 2.733157205581665, rho: 0.25625, transmit_actions: 18, P: [0.5, 0.5, 0.0625, 0.0625, 0.0625, 0.0625, 0.0625, 0.0625, 0.0625, 0.0625, 0.0625, 0.0625, 0.3125, 0.0625, 0.0625, 0.0625, 0.0625, 0.0625, 0.0625, 0.0625]
[TRAIN]: (618/1600): reward: 20.751668244600296, rates: 20.751668317652953, loss: 1.9634667098522187, rho: 0.175, transmit_actions: 19, P: [0.5, 0.0625, 0.0625, 0.0625, 0.0625, 0.0625, 0.0625, 0.0625, 0.0625, 0.0625, 0.0625, 0.0625, 0.0625, 0.0625, 0.0625, 0.0625, 0.0625, 0.0625, 0.0625, 0.0625]
[TRAIN]: (619/1600): reward: 6.641203343868256, rates: 16.64120339958918, loss: 2.330087476968765, rho: 0.1875, transmit_actions: 17, P: [0.5, 0.75, 0.0625, 0.0625, 0.0625, 0.0625, 0.0625, 0.0625, 0.0625, 0.0625, 0.0625, 0.0625, 0.0625, 0.0625, 0.0625, 0.0625, 0.0625, 0.0625, 0.0625, 0.8125]
[TRAIN]: (620/1600): reward: 19.6815365254879, rates: 20.68153659065047, loss: 2.1889000594615937, rho: 0.18125, transmit_actions: 19, P: [0.8125, 0.0625, 0.0625, 0.0625, 0.0625, 0.0625, 0.0625, 0.0625, 0.0625, 0.0625, 0.0625, 0.0625, 0.0625, 0.0625, 0.0625, 0.0625, 0.0625, 0.0625, 0.0625, 0.0625]
[TRAIN]: (621/1600): reward: 7.493811100721359, rates: 18.49381102642257, loss: 2.115242087841034, rho: 0.24375, transmit_actions: 18, P: [0.6875, 0.0625, 0.0625, 0.0625, 0.0625, 0.0625, 0.0625, 0.0625, 0.0625, 0.0625, 0.0625, 0.0625, 0.125, 0.125, 0.5625, 0.125, 0.0625, 0.0625, 0.0625, 0.0625]
[TRAIN]: (622/1600): reward: 0.9863809049129486, rates: 15.986381178879666, loss: 2.559950757026672, rho: 0.29375, transmit_actions: 18, P: [0.6875, 0.0625, 0.0625, 0.0625, 0.0625, 0.0625, 0.0625, 0.25, 0.0625, 0.0625, 0.0625, 0.0625, 0.0625, 0.0625, 0.0625, 0.0625, 0.8125, 0.0625, 0.0625, 0.0625]
[TRAIN]: (623/1600): reward: 19.357383906841278, rates: 19.357384044487148, loss: 1.9572268456220627, rho: 0.21875, transmit_actions: 19, P: [0.5625, 0.0625, 0.0625, 0.0625, 0.0625, 0.0625, 0.0625, 0.0625, 0.0625, 0.0625, 0.0625, 0.0625, 0.0625, 0.0625, 0.0625, 0.0625, 0.0625, 0.0625, 0.0625, 0.0625]
[TRAIN]: (624/1600): reward: 6.93373641371727, rates: 18.933736488956214, loss: 2.2559221595525742, rho: 0.19375, transmit_actions: 19, P: [0.375, 0.875, 0.0625, 0.0625, 0.0625, 0.0625, 0.125, 0.0625, 0.0625, 0.0625, 0.0625, 0.125, 0.0625, 0.0625, 0.0625, 0.0625, 0.0625, 0.0625, 0.0625, 0.0625]
[TRAIN]: (625/1600): reward: 9.20366832613945, rates: 15.203668171272433, loss: 2.048272278904915, rho: 0.28125, transmit_actions: 18, P: [0.5625, 0.875, 0.0625, 0.0625, 0.0625, 0.0625, 0.0625, 0.0625, 0.0625, 0.0625, 0.0625, 0.0625, 0.0625, 0.0625, 0.0625, 0.375, 0.0625, 0.0625, 0.0625, 0.0625]
[TRAIN]: (626/1600): reward: 8.913958013057709, rates: 18.913958111755402, loss: 2.311275216937065, rho: 0.225, transmit_actions: 18, P: [0.5625, 0.0625, 0.25, 0.0625, 0.0625, 0.0625, 0.0625, 0.0625, 0.0625, 0.0625, 0.0625, 0.0625, 0.0625, 0.0625, 0.0625, 0.0625, 0.0625, 0.0625, 0.0625, 0.0625]
[TRAIN]: (627/1600): reward: 19.380947530269623, rates: 19.380947620113893, loss: 2.1018755704164507, rho: 0.20625, transmit_actions: 19, P: [0.5, 0.0625, 0.0625, 0.0625, 0.0625, 0.125, 0.0625, 0.0625, 0.125, 0.0625, 0.0625, 0.0625, 0.0625, 0.0625, 0.125, 0.125, 0.125, 0.125, 0.0625, 0.125]
[TRAIN]: (628/1600): reward: 18.80113062262535, rates: 18.80113088662555, loss: 2.4332873463630675, rho: 0.24375, transmit_actions: 19, P: [0.5, 0.0625, 0.0625, 0.0625, 0.0625, 0.0625, 0.0625, 0.0625, 0.0625, 0.0625, 0.0625, 0.0625, 0.0625, 0.0625, 0.0625, 0.0625, 0.0625, 0.0625, 0.0625, 0.125]
[TRAIN]: (629/1600): reward: 18.70937889814377, rates: 18.70937883160773, loss: 2.5211842536926268, rho: 0.20625, transmit_actions: 18, P: [0.5, 0.6875, 0.0625, 0.0625, 0.0625, 0.0625, 0.0625, 0.0625, 0.0625, 0.0625, 0.0625, 0.0625, 0.0625, 0.0625, 0.0625, 0.0625, 0.0625, 0.0625, 0.0625, 0.0625]
[TRAIN]: (630/1600): reward: -2.505886495113373, rates: 17.49411376059687, loss: 2.3575591862201692, rho: 0.25, transmit_actions: 17, P: [0.5, 0.0625, 0.0625, 0.0625, 0.5625, 0.0625, 0.0625, 0.0625, 0.0625, 0.0625, 0.0625, 0.0625, 0.0625, 0.0625, 0.125, 0.0625, 0.75, 0.0625, 0.0625, 0.0625]
[TRAIN]: (631/1600): reward: 9.222422897815704, rates: 19.22242300382471, loss: 2.6965228021144867, rho: 0.2125, transmit_actions: 18, P: [0.5, 0.0625, 0.0625, 0.0625, 0.0625, 0.0625, 0.0625, 0.1875, 0.0625, 0.0625, 0.0625, 0.0625, 0.0625, 0.0625, 0.0625, 0.0625, 0.0625, 0.0625, 0.0625, 0.0625]
[TRAIN]: (632/1600): reward: 5.144116282463074, rates: 15.144116148968973, loss: 2.3887019217014314, rho: 0.2625, transmit_actions: 16, P: [0.5, 0.6875, 0.6875, 0.9375, 0.0625, 0.0625, 0.0625, 0.0625, 0.0625, 0.0625, 0.0625, 0.0625, 0.0625, 0.0625, 0.0625, 0.0625, 0.0625, 0.0625, 0.0625, 0.0625]
[TRAIN]: (633/1600): reward: 19.16620224714279, rates: 19.166202386697368, loss: 2.464225620031357, rho: 0.1875, transmit_actions: 18, P: [0.5625, 0.6875, 0.0625, 0.0625, 0.0625, 0.0625, 0.0625, 0.0625, 0.0625, 0.0625, 0.0625, 0.0625, 0.0625, 0.0625, 0.0625, 0.0625, 0.0625, 0.0625, 0.0625, 0.0625]
[TRAIN]: (634/1600): reward: 18.937091886997223, rates: 18.937091740592265, loss: 2.4752515494823455, rho: 0.23125, transmit_actions: 19, P: [0.5, 0.0625, 0.0625, 0.0625, 0.0625, 0.0625, 0.0625, 0.0625, 0.0625, 0.0625, 0.0625, 0.0625, 0.0625, 0.125, 0.0625, 0.0625, 0.0625, 0.0625, 0.0625, 0.0625]
[TRAIN]: (635/1600): reward: 17.60680466890335, rates: 17.606804805884753, loss: 2.4810756504535676, rho: 0.24375, transmit_actions: 18, P: [0.75, 0.6875, 0.0625, 0.0625, 0.0625, 0.0625, 0.0625, 0.0625, 0.0625, 0.0625, 0.0625, 0.0625, 0.0625, 0.0625, 0.0625, 0.0625, 0.0625, 0.0625, 0.0625, 0.0625]
[TRAIN]: (636/1600): reward: 19.673094898462296, rates: 19.673094818056196, loss: 2.3196960926055907, rho: 0.2125, transmit_actions: 19, P: [0.6875, 0.0625, 0.0625, 0.0625, 0.0625, 0.0625, 0.0625, 0.0625, 0.0625, 0.0625, 0.0625, 0.0625, 0.0625, 0.0625, 0.0625, 0.0625, 0.0625, 0.0625, 0.0625, 0.0625]
[TRAIN]: (637/1600): reward: 21.009676814079285, rates: 21.00967671305038, loss: 2.436267563700676, rho: 0.175, transmit_actions: 19, P: [0.5625, 0.0625, 0.0625, 0.0625, 0.0625, 0.0625, 0.0625, 0.0625, 0.0625, 0.0625, 0.0625, 0.0625, 0.0625, 0.0625, 0.0625, 0.0625, 0.0625, 0.0625, 0.0625, 0.0625]
[TRAIN]: (638/1600): reward: 19.247186303138733, rates: 19.2471861487758, loss: 2.571971008181572, rho: 0.175, transmit_actions: 19, P: [0.5625, 0.0625, 0.0625, 0.0625, 0.0625, 0.0625, 0.0625, 0.0625, 0.0625, 0.0625, 0.0625, 0.0625, 0.0625, 0.0625, 0.0625, 0.0625, 0.0625, 0.0625, 0.0625, 0.0625]
[TRAIN]: (639/1600): reward: 8.164326161146164, rates: 18.164326019903385, loss: 2.2843102753162383, rho: 0.25, transmit_actions: 18, P: [0.375, 0.0625, 0.0625, 0.0625, 0.0625, 0.0625, 0.0625, 0.0625, 0.0625, 0.0625, 0.5, 0.0625, 0.0625, 0.0625, 0.0625, 0.0625, 0.0625, 0.0625, 0.0625, 0.0625]
[TRAIN]: (640/1600): reward: -7.440112754702568, rates: 18.55988725733311, loss: 2.4715725481510162, rho: 0.2625, transmit_actions: 19, P: [0.75, 0.0625, 0.0625, 0.125, 0.9375, 0.0625, 0.4375, 0.125, 0.0625, 0.0625, 0.0625, 0.125, 0.0625, 0.0625, 0.0625, 0.3125, 0.125, 0.125, 0.0625, 0.0625]
[TRAIN]: (641/1600): reward: 13.717118263244629, rates: 19.71711811623273, loss: 2.3068667352199554, rho: 0.2125, transmit_actions: 19, P: [0.75, 0.0625, 0.0625, 0.0625, 0.0625, 0.125, 0.0625, 0.125, 0.125, 0.0625, 0.125, 0.3125, 0.0625, 0.0625, 0.0625, 0.0625, 0.0625, 0.0625, 0.0625, 0.0625]
[TRAIN]: (642/1600): reward: 19.890513837337494, rates: 19.890513951602124, loss: 2.4255532920360565, rho: 0.19375, transmit_actions: 19, P: [0.75, 0.0625, 0.0625, 0.0625, 0.0625, 0.0625, 0.0625, 0.0625, 0.0625, 0.0625, 0.0625, 0.0625, 0.0625, 0.0625, 0.0625, 0.0625, 0.0625, 0.0625, 0.0625, 0.0625]
[TRAIN]: (643/1600): reward: 19.425066471099854, rates: 19.425066321049997, loss: 2.6214520752429964, rho: 0.225, transmit_actions: 19, P: [0.6875, 0.0625, 0.0625, 0.0625, 0.0625, 0.0625, 0.0625, 0.0625, 0.0625, 0.0625, 0.0625, 0.0625, 0.0625, 0.0625, 0.0625, 0.0625, 0.0625, 0.0625, 0.0625, 0.0625]
[TRAIN]: (644/1600): reward: 8.81520938873291, rates: 18.815209571008264, loss: 2.447155439853668, rho: 0.1875, transmit_actions: 17, P: [0.75, 0.6875, 0.0625, 0.0625, 0.0625, 0.0625, 0.3125, 0.0625, 0.0625, 0.0625, 0.0625, 0.0625, 0.0625, 0.0625, 0.0625, 0.0625, 0.0625, 0.0625, 0.0625, 0.0625]
[TRAIN]: (645/1600): reward: 18.290275007486343, rates: 18.29027508591979, loss: 2.113259160518646, rho: 0.225, transmit_actions: 18, P: [0.6875, 0.6875, 0.0625, 0.0625, 0.0625, 0.0625, 0.0625, 0.0625, 0.0625, 0.0625, 0.0625, 0.0625, 0.0625, 0.0625, 0.0625, 0.0625, 0.0625, 0.0625, 0.0625, 0.0625]
[TRAIN]: (646/1600): reward: 21.422668635845184, rates: 21.42266851947525, loss: 2.211167427897453, rho: 0.175, transmit_actions: 19, P: [0.5625, 0.0625, 0.0625, 0.0625, 0.0625, 0.0625, 0.0625, 0.0625, 0.0625, 0.0625, 0.0625, 0.0625, 0.0625, 0.0625, 0.0625, 0.0625, 0.0625, 0.0625, 0.0625, 0.0625]
[TRAIN]: (647/1600): reward: 8.144392669200897, rates: 18.144392583143297, loss: 2.93936910033226, rho: 0.28125, transmit_actions: 18, P: [0.8125, 0.0625, 0.4375, 0.0625, 0.0625, 0.0625, 0.0625, 0.0625, 0.0625, 0.0625, 0.0625, 0.0625, 0.0625, 0.0625, 0.0625, 0.0625, 0.0625, 0.0625, 0.0625, 0.0625]
[TRAIN]: (648/1600): reward: 19.57200515270233, rates: 19.57200506674033, loss: 2.3277126282453535, rho: 0.2, transmit_actions: 19, P: [0.6875, 0.0625, 0.0625, 0.0625, 0.0625, 0.0625, 0.0625, 0.0625, 0.0625, 0.0625, 0.0625, 0.0625, 0.0625, 0.0625, 0.0625, 0.0625, 0.0625, 0.0625, 0.0625, 0.0625]
[TRAIN]: (649/1600): reward: 14.969781577587128, rates: 18.969781857275656, loss: 2.4941695034503937, rho: 0.20625, transmit_actions: 19, P: [0.5625, 0.0625, 0.0625, 0.0625, 0.0625, 0.0625, 0.0625, 0.0625, 0.0625, 0.0625, 0.0625, 0.0625, 0.0625, 0.0625, 0.0625, 0.4375, 0.0625, 0.0625, 0.125, 0.125]
[TRAIN]: (650/1600): reward: 17.822022199630737, rates: 18.82202226893804, loss: 2.1877247989177704, rho: 0.18125, transmit_actions: 18, P: [0.4375, 0.6875, 0.125, 0.125, 0.125, 0.0625, 0.0625, 0.0625, 0.0625, 0.0625, 0.0625, 0.0625, 0.0625, 0.0625, 0.0625, 0.0625, 0.0625, 0.0625, 0.0625, 0.0625]
[TRAIN]: (651/1600): reward: 19.07322958111763, rates: 19.07322970402034, loss: 2.264272892475128, rho: 0.2, transmit_actions: 18, P: [0.6875, 0.0625, 0.0625, 0.0625, 0.0625, 0.6875, 0.0625, 0.0625, 0.0625, 0.0625, 0.0625, 0.0625, 0.0625, 0.0625, 0.0625, 0.125, 0.125, 0.0625, 0.125, 0.125]
[TRAIN]: (652/1600): reward: 11.124598354101181, rates: 18.12459837477516, loss: 2.1671907544136046, rho: 0.2125, transmit_actions: 19, P: [0.6875, 0.0625, 0.0625, 0.0625, 0.0625, 0.0625, 0.0625, 0.0625, 0.0625, 0.0625, 0.0625, 0.0625, 0.0625, 0.4375, 0.0625, 0.0625, 0.0625, 0.0625, 0.0625, 0.0625]
[TRAIN]: (653/1600): reward: 18.857777535915375, rates: 18.85777741385202, loss: 2.137523150444031, rho: 0.2, transmit_actions: 18, P: [0.75, 0.6875, 0.0625, 0.0625, 0.0625, 0.0625, 0.0625, 0.0625, 0.0625, 0.0625, 0.0625, 0.0625, 0.0625, 0.125, 0.0625, 0.125, 0.0625, 0.0625, 0.125, 0.125]
[TRAIN]: (654/1600): reward: 14.622886709868908, rates: 17.62288664320899, loss: 2.30051571726799, rho: 0.2, transmit_actions: 19, P: [0.4375, 0.0625, 0.0625, 0.125, 0.0625, 0.0625, 0.0625, 0.0625, 0.0625, 0.0625, 0.0625, 0.0625, 0.0625, 0.0625, 0.125, 0.125, 0.125, 0.125, 0.125, 0.125]
[TRAIN]: (655/1600): reward: 17.659578502178192, rates: 17.659578572517788, loss: 2.1650820314884185, rho: 0.225, transmit_actions: 18, P: [0.4375, 0.6875, 0.0625, 0.0625, 0.0625, 0.0625, 0.0625, 0.0625, 0.0625, 0.0625, 0.0625, 0.0625, 0.0625, 0.0625, 0.0625, 0.0625, 0.0625, 0.0625, 0.0625, 0.0625]
[TRAIN]: (656/1600): reward: 19.346251249313354, rates: 19.346251225691336, loss: 2.2144893288612364, rho: 0.1875, transmit_actions: 19, P: [0.4375, 0.0625, 0.0625, 0.125, 0.0625, 0.0625, 0.0625, 0.0625, 0.0625, 0.0625, 0.0625, 0.0625, 0.0625, 0.125, 0.0625, 0.0625, 0.0625, 0.0625, 0.0625, 0.0625]
[TRAIN]: (657/1600): reward: 18.993373215198517, rates: 18.99337320988504, loss: 1.917093861103058, rho: 0.175, transmit_actions: 18, P: [0.4375, 0.6875, 0.0625, 0.0625, 0.0625, 0.0625, 0.0625, 0.0625, 0.0625, 0.0625, 0.0625, 0.0625, 0.0625, 0.0625, 0.0625, 0.0625, 0.0625, 0.0625, 0.0625, 0.0625]
[TRAIN]: (658/1600): reward: 18.115680783987045, rates: 19.115680816927103, loss: 2.347184458374977, rho: 0.18125, transmit_actions: 18, P: [0.4375, 0.625, 0.0625, 0.0625, 0.0625, 0.0625, 0.0625, 0.0625, 0.125, 0.125, 0.125, 0.125, 0.0625, 0.125, 0.0625, 0.0625, 0.0625, 0.0625, 0.0625, 0.0625]
[TRAIN]: (659/1600): reward: 19.908225655555725, rates: 19.90822571050646, loss: 2.311464270949364, rho: 0.1875, transmit_actions: 19, P: [0.75, 0.0625, 0.0625, 0.0625, 0.0625, 0.0625, 0.0625, 0.0625, 0.0625, 0.0625, 0.0625, 0.0625, 0.0625, 0.0625, 0.0625, 0.0625, 0.0625, 0.0625, 0.0625, 0.0625]
[TRAIN]: (660/1600): reward: 17.198841601610184, rates: 17.198841578694847, loss: 2.4984425246715545, rho: 0.175, transmit_actions: 19, P: [0.6875, 0.0625, 0.0625, 0.0625, 0.0625, 0.0625, 0.0625, 0.0625, 0.0625, 0.0625, 0.0625, 0.0625, 0.0625, 0.0625, 0.0625, 0.0625, 0.0625, 0.0625, 0.0625, 0.0625]
[TRAIN]: (661/1600): reward: 21.402416586875916, rates: 21.402416313957808, loss: 2.302355182170868, rho: 0.1875, transmit_actions: 19, P: [0.6875, 0.0625, 0.0625, 0.0625, 0.0625, 0.0625, 0.0625, 0.0625, 0.0625, 0.0625, 0.0625, 0.0625, 0.0625, 0.0625, 0.0625, 0.0625, 0.0625, 0.0625, 0.0625, 0.0625]
[TRAIN]: (662/1600): reward: 19.081158876419067, rates: 19.08115904614138, loss: 2.0096596091985703, rho: 0.2125, transmit_actions: 18, P: [0.75, 0.6875, 0.0625, 0.0625, 0.0625, 0.0625, 0.0625, 0.0625, 0.0625, 0.0625, 0.0625, 0.0625, 0.0625, 0.0625, 0.0625, 0.0625, 0.0625, 0.0625, 0.0625, 0.0625]
[TRAIN]: (663/1600): reward: 19.148212611675262, rates: 19.14821270332968, loss: 2.2951612412929534, rho: 0.24375, transmit_actions: 18, P: [0.6875, 0.6875, 0.0625, 0.0625, 0.0625, 0.0625, 0.0625, 0.0625, 0.0625, 0.0625, 0.0625, 0.0625, 0.0625, 0.0625, 0.0625, 0.0625, 0.0625, 0.0625, 0.0625, 0.125]
[TRAIN]: (664/1600): reward: 20.016171872615814, rates: 20.016171910860415, loss: 2.3219200015068053, rho: 0.18125, transmit_actions: 18, P: [0.6875, 0.6875, 0.0625, 0.0625, 0.0625, 0.0625, 0.0625, 0.0625, 0.0625, 0.0625, 0.0625, 0.0625, 0.0625, 0.0625, 0.0625, 0.0625, 0.0625, 0.0625, 0.0625, 0.0625]
[TRAIN]: (665/1600): reward: 9.448515236377716, rates: 19.448515336284185, loss: 2.283101272583008, rho: 0.20625, transmit_actions: 18, P: [0.75, 0.0625, 0.0625, 0.0625, 0.0625, 0.0625, 0.0625, 0.0625, 0.0625, 0.0625, 0.0625, 0.0625, 0.0625, 0.0625, 0.0625, 0.0625, 0.5, 0.0625, 0.0625, 0.0625]
[TRAIN]: (666/1600): reward: -3.598928540945053, rates: 18.40107149877922, loss: 2.061321797966957, rho: 0.2, transmit_actions: 19, P: [0.75, 0.6875, 0.0625, 0.125, 0.0625, 0.125, 0.0625, 0.0625, 0.0625, 0.0625, 0.0625, 0.0625, 0.0625, 0.25, 0.0625, 0.0625, 0.0625, 0.0625, 0.0625, 0.0625]
[TRAIN]: (667/1600): reward: 19.294663548469543, rates: 19.2946637291574, loss: 1.902621254324913, rho: 0.21875, transmit_actions: 19, P: [0.75, 0.0625, 0.0625, 0.0625, 0.0625, 0.0625, 0.125, 0.0625, 0.0625, 0.0625, 0.125, 0.125, 0.125, 0.0625, 0.0625, 0.125, 0.125, 0.125, 0.0625, 0.0625]
[TRAIN]: (668/1600): reward: 17.16163456439972, rates: 18.16163464029669, loss: 1.94699068069458, rho: 0.16875, transmit_actions: 17, P: [0.75, 0.6875, 0.0625, 0.9375, 0.125, 0.125, 0.0625, 0.0625, 0.0625, 0.0625, 0.0625, 0.0625, 0.0625, 0.0625, 0.0625, 0.0625, 0.0625, 0.0625, 0.0625, 0.0625]
[TRAIN]: (669/1600): reward: 18.986642003059387, rates: 18.986641857134423, loss: 2.542450487613678, rho: 0.18125, transmit_actions: 19, P: [0.625, 0.0625, 0.0625, 0.125, 0.125, 0.0625, 0.0625, 0.0625, 0.0625, 0.0625, 0.0625, 0.0625, 0.0625, 0.0625, 0.0625, 0.0625, 0.0625, 0.0625, 0.0625, 0.0625]
[TRAIN]: (670/1600): reward: 17.47216445207596, rates: 17.472164375317085, loss: 2.34225093126297, rho: 0.2125, transmit_actions: 18, P: [0.5625, 0.6875, 0.0625, 0.0625, 0.0625, 0.0625, 0.0625, 0.0625, 0.0625, 0.0625, 0.0625, 0.0625, 0.0625, 0.0625, 0.0625, 0.0625, 0.0625, 0.0625, 0.0625, 0.0625]
[TRAIN]: (671/1600): reward: 16.450814366340637, rates: 18.450814220427215, loss: 1.741172981262207, rho: 0.2, transmit_actions: 19, P: [0.5625, 0.0625, 0.0625, 0.0625, 0.0625, 0.0625, 0.0625, 0.0625, 0.0625, 0.0625, 0.0625, 0.0625, 0.0625, 0.0625, 0.0625, 0.0625, 0.0625, 0.0625, 0.0625, 0.125]
[TRAIN]: (672/1600): reward: 9.737127304077148, rates: 19.73712732149251, loss: 2.1968871653079987, rho: 0.2, transmit_actions: 18, P: [0.8125, 0.0625, 0.0625, 0.0625, 0.0625, 0.0625, 0.0, 0.0625, 0.0625, 0.0625, 0.0625, 0.0625, 0.0625, 0.0625, 0.0625, 0.0625, 0.0625, 0.0625, 0.0625, 0.0625]
[TRAIN]: (673/1600): reward: 19.257074058055878, rates: 19.257073792015092, loss: 2.0509720861911775, rho: 0.21875, transmit_actions: 19, P: [0.8125, 0.0625, 0.0625, 0.0625, 0.0625, 0.0625, 0.0625, 0.0625, 0.0625, 0.0625, 0.0625, 0.0625, 0.0625, 0.0625, 0.0625, 0.0625, 0.0625, 0.0625, 0.0625, 0.0625]
[TRAIN]: (674/1600): reward: 17.2392635345459, rates: 19.239263639003248, loss: 2.3671981930732726, rho: 0.2125, transmit_actions: 18, P: [0.8125, 0.9375, 0.0625, 0.0625, 0.0625, 0.0625, 0.125, 0.0625, 0.0625, 0.0625, 0.0625, 0.0625, 0.0625, 0.0625, 0.0625, 0.0625, 0.0625, 0.0625, 0.0625, 0.0625]
[TRAIN]: (675/1600): reward: 9.583836823701859, rates: 19.583836948417183, loss: 2.243614208698273, rho: 0.2125, transmit_actions: 18, P: [0.8125, 0.0625, 0.0625, 0.0625, 0.0625, 0.4375, 0.0625, 0.0625, 0.0625, 0.0625, 0.0625, 0.0625, 0.0625, 0.0625, 0.0625, 0.0625, 0.0625, 0.0625, 0.0625, 0.0625]
[TRAIN]: (676/1600): reward: 7.386476397514343, rates: 16.386476206394015, loss: 2.144978219270706, rho: 0.20625, transmit_actions: 16, P: [0.875, 0.6875, 0.0625, 0.5, 0.0625, 0.0625, 0.0625, 0.0625, 0.0625, 0.0625, 0.0625, 0.0625, 0.0625, 0.0625, 0.875, 0.0625, 0.0625, 0.0625, 0.0625, 0.0625]
[TRAIN]: (677/1600): reward: 20.462233662605286, rates: 20.46223370918491, loss: 1.9362595409154892, rho: 0.19375, transmit_actions: 19, P: [0.8125, 0.0625, 0.0625, 0.0625, 0.0625, 0.0625, 0.0625, 0.0625, 0.0625, 0.0625, 0.0625, 0.0625, 0.0625, 0.0625, 0.0625, 0.0625, 0.0625, 0.0625, 0.0625, 0.0625]
[TRAIN]: (678/1600): reward: 18.325664579868317, rates: 18.325664499515742, loss: 2.383748948574066, rho: 0.21875, transmit_actions: 19, P: [0.8125, 0.0625, 0.0625, 0.0625, 0.0625, 0.0625, 0.0625, 0.0625, 0.0625, 0.0625, 0.0625, 0.0625, 0.0625, 0.0625, 0.0625, 0.0625, 0.0625, 0.0625, 0.0625, 0.0625]
[TRAIN]: (679/1600): reward: 20.09980618953705, rates: 20.099806233493098, loss: 2.3336132168769836, rho: 0.19375, transmit_actions: 18, P: [0.8125, 0.6875, 0.0625, 0.0625, 0.0625, 0.0625, 0.0625, 0.0625, 0.0625, 0.0625, 0.0625, 0.0625, 0.0625, 0.0625, 0.0625, 0.0625, 0.0625, 0.0625, 0.0625, 0.0625]
[TRAIN]: (680/1600): reward: 17.779473662376404, rates: 17.77947359311251, loss: 2.22140057682991, rho: 0.25625, transmit_actions: 18, P: [0.875, 0.6875, 0.0625, 0.0625, 0.0625, 0.0625, 0.0625, 0.0625, 0.0625, 0.0625, 0.0625, 0.0625, 0.0625, 0.0625, 0.0625, 0.0625, 0.0625, 0.0625, 0.0625, 0.0625]
[TRAIN]: (681/1600): reward: 10.92884749174118, rates: 18.92884732363599, loss: 2.0424686282873155, rho: 0.2, transmit_actions: 18, P: [0.5, 0.6875, 0.0625, 0.0625, 0.0625, 0.0625, 0.6875, 0.0625, 0.0625, 0.0625, 0.0625, 0.0625, 0.0625, 0.0625, 0.0625, 0.0625, 0.0625, 0.0625, 0.0625, 0.0625]
[TRAIN]: (682/1600): reward: 7.627054303884506, rates: 17.627054268942068, loss: 2.3073115795850754, rho: 0.225, transmit_actions: 18, P: [0.5, 0.6875, 0.0625, 0.0625, 0.0625, 0.0625, 0.0625, 0.6875, 0.0625, 0.0625, 0.0625, 0.0625, 0.0625, 0.0625, 0.0625, 0.0625, 0.0625, 0.0625, 0.0625, 0.125]
[TRAIN]: (683/1600): reward: 20.018658131361008, rates: 20.0186581599011, loss: 2.2938262701034544, rho: 0.1875, transmit_actions: 19, P: [0.5, 0.0625, 0.0625, 0.0625, 0.0625, 0.0625, 0.0625, 0.0625, 0.0625, 0.0625, 0.0625, 0.0625, 0.0625, 0.0625, 0.0625, 0.0625, 0.0625, 0.0625, 0.0625, 0.0625]
[TRAIN]: (684/1600): reward: 18.513360857963562, rates: 18.513360752715677, loss: 2.1954677581787108, rho: 0.20625, transmit_actions: 18, P: [1.0, 0.6875, 0.0625, 0.0625, 0.0625, 0.0625, 0.0625, 0.0625, 0.0625, 0.0625, 0.0625, 0.0625, 0.0625, 0.0625, 0.0625, 0.0625, 0.0625, 0.0625, 0.0625, 0.0625]
[TRAIN]: (685/1600): reward: 17.205846324563026, rates: 18.205846198306595, loss: 2.015711024403572, rho: 0.23125, transmit_actions: 17, P: [0.1875, 0.6875, 0.125, 0.0625, 0.0625, 0.0625, 0.125, 0.125, 0.9375, 0.0625, 0.0625, 0.0625, 0.0625, 0.0625, 0.0625, 0.125, 0.125, 0.0625, 0.125, 0.125]
[TRAIN]: (686/1600): reward: 21.024662226438522, rates: 21.024662248078393, loss: 2.3439893662929534, rho: 0.18125, transmit_actions: 19, P: [0.375, 0.0625, 0.0625, 0.0625, 0.0625, 0.0625, 0.0625, 0.0625, 0.0625, 0.0625, 0.0625, 0.0625, 0.0625, 0.0625, 0.0625, 0.0625, 0.0625, 0.0625, 0.0625, 0.0625]
[TRAIN]: (687/1600): reward: 21.23779809474945, rates: 21.23779805685832, loss: 1.9225708991289139, rho: 0.19375, transmit_actions: 19, P: [0.375, 0.0625, 0.0625, 0.0625, 0.0625, 0.0625, 0.0625, 0.0625, 0.0625, 0.0625, 0.0625, 0.0625, 0.0625, 0.0625, 0.0625, 0.0625, 0.0625, 0.0625, 0.0625, 0.0625]
[TRAIN]: (688/1600): reward: 18.131518304347992, rates: 18.13151851018493, loss: 2.212865173816681, rho: 0.21875, transmit_actions: 18, P: [0.375, 0.6875, 0.0625, 0.0625, 0.0625, 0.0625, 0.0625, 0.0625, 0.0625, 0.0625, 0.0625, 0.0625, 0.0625, 0.0625, 0.0625, 0.0625, 0.0625, 0.0625, 0.0625, 0.0625]
[TRAIN]: (689/1600): reward: 9.384742558002472, rates: 18.384742556569684, loss: 2.5487778812646864, rho: 0.2375, transmit_actions: 19, P: [0.375, 0.0625, 0.0625, 0.0625, 0.0625, 0.0625, 0.125, 0.125, 0.0625, 0.0625, 0.125, 0.0625, 0.125, 0.5625, 0.0625, 0.0625, 0.0625, 0.0625, 0.0625, 0.0625]
[TRAIN]: (690/1600): reward: 16.931234657764435, rates: 18.931234612757425, loss: 2.2507210850715635, rho: 0.225, transmit_actions: 19, P: [0.375, 0.0625, 0.125, 0.125, 0.0625, 0.0625, 0.0625, 0.0625, 0.0625, 0.125, 0.0625, 0.125, 0.0625, 0.0625, 0.0625, 0.0625, 0.0625, 0.0625, 0.0625, 0.0625]
[TRAIN]: (691/1600): reward: 17.930087104439735, rates: 19.930087188247857, loss: 1.963034749031067, rho: 0.23125, transmit_actions: 19, P: [0.375, 0.0625, 0.0625, 0.0625, 0.0625, 0.0625, 0.0625, 0.0625, 0.0625, 0.0625, 0.0625, 0.0625, 0.0625, 0.0625, 0.0625, 0.0625, 0.0625, 0.0625, 0.0625, 0.0625]
[TRAIN]: (692/1600): reward: 7.401006579399109, rates: 16.401006708867484, loss: 1.9681015193462372, rho: 0.26875, transmit_actions: 19, P: [0.8125, 0.0625, 0.125, 0.0625, 0.0625, 0.0625, 0.125, 0.0625, 0.125, 0.0625, 0.0625, 0.125, 0.125, 0.125, 1.0, 0.0625, 0.0625, 0.0625, 0.0625, 0.0625]
[TRAIN]: (693/1600): reward: 15.567486368119717, rates: 17.56748637603872, loss: 1.9854652434587479, rho: 0.25, transmit_actions: 18, P: [0.5, 0.6875, 0.0625, 0.0625, 0.0625, 0.0625, 0.0625, 0.0625, 0.125, 0.125, 0.0625, 0.125, 0.125, 0.0625, 0.125, 0.0625, 0.0625, 0.125, 0.0625, 0.0625]
[TRAIN]: (694/1600): reward: 18.66159564256668, rates: 18.661595662446476, loss: 2.1517330586910246, rho: 0.19375, transmit_actions: 18, P: [0.5, 0.6875, 0.0625, 0.0625, 0.0625, 0.0625, 0.125, 0.125, 0.0625, 0.0625, 0.0625, 0.125, 0.125, 0.0625, 0.0625, 0.0625, 0.0625, 0.0625, 0.0625, 0.0625]
[TRAIN]: (695/1600): reward: 18.611750602722168, rates: 18.611750434971576, loss: 1.8016789257526398, rho: 0.2125, transmit_actions: 18, P: [0.375, 0.9375, 0.0625, 0.0625, 0.0625, 0.0625, 0.0625, 0.0625, 0.0625, 0.0625, 0.0625, 0.0625, 0.0625, 0.0625, 0.0625, 0.0625, 0.0625, 0.0625, 0.0625, 0.0625]
[TRAIN]: (696/1600): reward: 20.016018509864807, rates: 20.016018506264608, loss: 2.2871355384588243, rho: 0.18125, transmit_actions: 18, P: [0.6875, 0.6875, 0.0625, 0.0625, 0.0625, 0.0625, 0.0625, 0.0625, 0.0625, 0.0625, 0.0625, 0.0625, 0.0625, 0.0625, 0.0625, 0.0625, 0.0625, 0.0625, 0.0625, 0.0625]
[TRAIN]: (697/1600): reward: 19.47837781906128, rates: 19.478377712339615, loss: 2.39882692694664, rho: 0.20625, transmit_actions: 19, P: [0.5625, 0.0625, 0.0625, 0.0625, 0.0625, 0.0625, 0.0625, 0.0625, 0.0625, 0.0625, 0.0625, 0.0625, 0.0625, 0.0625, 0.0625, 0.0625, 0.0625, 0.0625, 0.0625, 0.0625]
[TRAIN]: (698/1600): reward: 19.08527398109436, rates: 19.08527407779138, loss: 2.931587451696396, rho: 0.2125, transmit_actions: 19, P: [0.8125, 0.0625, 0.0625, 0.0625, 0.0625, 0.0625, 0.0625, 0.0625, 0.0625, 0.0625, 0.0625, 0.0625, 0.0625, 0.0625, 0.0625, 0.0625, 0.0625, 0.0625, 0.0625, 0.0625]
[TRAIN]: (699/1600): reward: 17.346686463803053, rates: 19.346686649596318, loss: 2.3306059181690215, rho: 0.225, transmit_actions: 19, P: [0.5625, 0.0625, 0.0625, 0.0625, 0.0625, 0.0625, 0.125, 0.0625, 0.0625, 0.0625, 0.0625, 0.125, 0.0625, 0.0625, 0.0625, 0.0625, 0.0625, 0.0625, 0.0625, 0.0625]
[TRAIN]: (700/1600): reward: 16.050223011523485, rates: 20.050223145804654, loss: 2.1385662257671356, rho: 0.1875, transmit_actions: 19, P: [0.8125, 0.0625, 0.0625, 0.0625, 0.0625, 0.125, 0.125, 0.125, 0.125, 0.125, 0.0625, 0.125, 0.125, 0.125, 0.125, 0.125, 0.125, 0.125, 0.125, 0.0625]
[TRAIN]: (701/1600): reward: 13.70424997806549, rates: 17.704250100876838, loss: 1.925451135635376, rho: 0.20625, transmit_actions: 19, P: [0.375, 0.0625, 0.0625, 0.125, 0.0625, 0.0625, 0.0625, 0.0625, 0.0625, 0.0625, 0.0625, 0.0625, 0.0625, 0.0625, 0.0625, 0.0625, 0.0625, 0.3125, 0.0625, 0.0625]
[TRAIN]: (702/1600): reward: 17.960404187440872, rates: 17.960404201777497, loss: 2.2025431424379347, rho: 0.2125, transmit_actions: 19, P: [0.25, 0.0625, 0.0625, 0.0625, 0.0625, 0.0625, 0.0625, 0.0625, 0.0625, 0.0625, 0.0625, 0.0625, 0.0625, 0.0625, 0.0625, 0.0625, 0.0625, 0.0625, 0.0625, 0.0625]
[TRAIN]: (703/1600): reward: 18.20513144135475, rates: 19.205131077324566, loss: 2.4088479816913604, rho: 0.25625, transmit_actions: 19, P: [0.875, 0.0625, 0.0625, 0.0625, 0.0625, 0.0625, 0.0625, 0.0625, 0.0625, 0.0625, 0.0625, 0.0625, 0.0625, 0.125, 0.125, 0.0625, 0.0625, 0.0625, 0.0625, 0.0625]
[TRAIN]: (704/1600): reward: 19.547451972961426, rates: 19.547452203090707, loss: 2.1747963607311247, rho: 0.175, transmit_actions: 18, P: [0.625, 0.6875, 0.0625, 0.0625, 0.0625, 0.0625, 0.0625, 0.0625, 0.0625, 0.0625, 0.0625, 0.0625, 0.0625, 0.0625, 0.0625, 0.0625, 0.0625, 0.0625, 0.0625, 0.0625]
[TRAIN]: (705/1600): reward: 20.825634121894836, rates: 20.82563382468093, loss: 1.9156467258930205, rho: 0.175, transmit_actions: 18, P: [0.5625, 0.6875, 0.0625, 0.0625, 0.0625, 0.0625, 0.0625, 0.0625, 0.0625, 0.0625, 0.0625, 0.0625, 0.0625, 0.0625, 0.0625, 0.0625, 0.0625, 0.0625, 0.0625, 0.0625]
[TRAIN]: (706/1600): reward: 19.8304785490036, rates: 19.83047845980591, loss: 1.9228548198938369, rho: 0.1625, transmit_actions: 18, P: [0.625, 0.6875, 0.0625, 0.0625, 0.0625, 0.0625, 0.0625, 0.0625, 0.0625, 0.0625, 0.0625, 0.0625, 0.0625, 0.0625, 0.0625, 0.0625, 0.0625, 0.0625, 0.0625, 0.0625]
[TRAIN]: (707/1600): reward: 16.488164454698563, rates: 16.488164276131332, loss: 2.609819656610489, rho: 0.21875, transmit_actions: 18, P: [0.625, 0.6875, 0.0625, 0.0625, 0.0625, 0.0625, 0.0625, 0.0625, 0.0625, 0.0625, 0.0625, 0.0625, 0.0625, 0.0625, 0.0625, 0.0625, 0.0625, 0.0625, 0.0625, 0.0625]
[TRAIN]: (708/1600): reward: 14.053877636790276, rates: 18.05387782921887, loss: 1.8929156333208084, rho: 0.1625, transmit_actions: 17, P: [0.625, 0.6875, 0.6875, 0.0625, 0.0625, 0.0625, 0.0625, 0.0625, 0.125, 0.0625, 0.125, 0.125, 0.125, 0.125, 0.125, 0.0625, 0.0625, 0.0625, 0.125, 0.125]
[TRAIN]: (709/1600): reward: 12.507312577217817, rates: 19.50731252100388, loss: 1.8021730303764343, rho: 0.16875, transmit_actions: 18, P: [0.625, 0.6875, 0.0625, 0.0625, 0.125, 0.0625, 0.0625, 0.0625, 0.125, 0.0625, 0.125, 0.125, 0.125, 0.125, 0.125, 0.125, 0.125, 0.125, 0.125, 0.125]
[TRAIN]: (710/1600): reward: 18.35418289899826, rates: 18.354182974627655, loss: 1.920894604921341, rho: 0.1875, transmit_actions: 19, P: [0.625, 0.0625, 0.0625, 0.0625, 0.0625, 0.0625, 0.0625, 0.0625, 0.0625, 0.0625, 0.0625, 0.0625, 0.0625, 0.0625, 0.0625, 0.0625, 0.0625, 0.0625, 0.0625, 0.0625]
[TRAIN]: (711/1600): reward: 18.74810817837715, rates: 18.74810819509573, loss: 1.7284078776836396, rho: 0.2125, transmit_actions: 18, P: [0.625, 0.6875, 0.0625, 0.0625, 0.0625, 0.0625, 0.0625, 0.0625, 0.0625, 0.0625, 0.0625, 0.0625, 0.0625, 0.0625, 0.0625, 0.0625, 0.0625, 0.0625, 0.125, 0.0625]
[TRAIN]: (712/1600): reward: 6.609432503581047, rates: 17.60943248808211, loss: 2.218532624840736, rho: 0.225, transmit_actions: 18, P: [0.5625, 0.0625, 0.125, 0.0625, 0.0625, 0.0625, 0.1875, 0.0625, 0.0625, 0.0625, 0.0625, 0.0625, 0.0625, 0.0625, 0.0625, 0.0625, 0.0625, 0.0625, 0.0625, 0.0625]
[TRAIN]: (713/1600): reward: 18.52866443991661, rates: 19.528664488121596, loss: 2.057418614625931, rho: 0.225, transmit_actions: 19, P: [0.5625, 0.0625, 0.0625, 0.0625, 0.0625, 0.0625, 0.0625, 0.0625, 0.0625, 0.0625, 0.0625, 0.0625, 0.0625, 0.0625, 0.0625, 0.0625, 0.0625, 0.0625, 0.0625, 0.125]
[TRAIN]: (714/1600): reward: 8.310095310211182, rates: 17.310095305313112, loss: 1.9001633197069168, rho: 0.225, transmit_actions: 18, P: [0.5625, 0.6875, 0.0625, 0.0625, 0.0625, 0.0625, 0.0625, 0.0625, 0.0625, 0.0625, 0.625, 0.0625, 0.0625, 0.0625, 0.0625, 0.0625, 0.0625, 0.0625, 0.0625, 0.0625]
[TRAIN]: (715/1600): reward: 17.445211708545685, rates: 17.445211841735944, loss: 2.5062573313713075, rho: 0.25, transmit_actions: 19, P: [0.9375, 0.0625, 0.0625, 0.0625, 0.0625, 0.0625, 0.0625, 0.0625, 0.0625, 0.0625, 0.0625, 0.125, 0.0625, 0.0625, 0.0625, 0.0625, 0.0625, 0.0625, 0.0625, 0.0625]
[TRAIN]: (716/1600): reward: 8.695971131324768, rates: 18.69597118622343, loss: 2.494591748714447, rho: 0.225, transmit_actions: 18, P: [0.5, 0.0625, 0.0625, 0.0625, 0.0625, 0.0625, 0.0625, 0.0625, 0.0625, 0.0625, 0.0625, 0.0625, 0.0625, 0.0625, 0.0625, 0.125, 0.0625, 0.0625, 0.0625, 0.125]
[TRAIN]: (717/1600): reward: 15.561124230735004, rates: 17.561124185141786, loss: 1.5964854061603546, rho: 0.29375, transmit_actions: 19, P: [0.125, 0.0625, 0.0625, 0.0625, 0.0625, 0.0625, 0.0625, 0.0625, 0.0625, 0.125, 0.0625, 0.125, 0.125, 0.125, 0.125, 0.125, 0.125, 0.125, 0.125, 0.0625]
[TRAIN]: (718/1600): reward: 19.240881145000458, rates: 19.240881176757135, loss: 2.0451263546943665, rho: 0.1875, transmit_actions: 19, P: [0.125, 0.0625, 0.0625, 0.0625, 0.0625, 0.0625, 0.0625, 0.0625, 0.0625, 0.0625, 0.0625, 0.0625, 0.0625, 0.0625, 0.0625, 0.0625, 0.0625, 0.0625, 0.0625, 0.0625]
[TRAIN]: (719/1600): reward: 18.671253323554993, rates: 18.671253252233527, loss: 1.9759380102157593, rho: 0.2, transmit_actions: 19, P: [0.125, 0.0625, 0.0625, 0.0625, 0.0625, 0.0625, 0.0625, 0.0625, 0.0625, 0.0625, 0.0625, 0.0625, 0.0625, 0.0625, 0.0625, 0.0625, 0.0625, 0.0625, 0.0625, 0.0625]
[TRAIN]: (720/1600): reward: 18.96883773803711, rates: 18.96883800988452, loss: 1.7178241670131684, rho: 0.20625, transmit_actions: 19, P: [0.9375, 0.0625, 0.0625, 0.0625, 0.0625, 0.0625, 0.0625, 0.0625, 0.0625, 0.0625, 0.0625, 0.0625, 0.0625, 0.0625, 0.0625, 0.0625, 0.0625, 0.0625, 0.0625, 0.0625]
[TRAIN]: (721/1600): reward: 15.234785966575146, rates: 19.234785831472035, loss: 2.182809117436409, rho: 0.2, transmit_actions: 19, P: [0.625, 0.0625, 0.0625, 0.125, 0.0625, 0.0625, 0.125, 0.125, 0.125, 0.125, 0.125, 0.125, 0.125, 0.125, 0.0625, 0.0625, 0.0625, 0.0625, 0.0625, 0.0625]
[TRAIN]: (722/1600): reward: 18.76785433292389, rates: 18.767854424929332, loss: 1.5845425873994827, rho: 0.18125, transmit_actions: 19, P: [0.625, 0.0625, 0.0625, 0.0625, 0.0625, 0.0625, 0.0625, 0.0625, 0.0625, 0.0625, 0.0625, 0.0625, 0.0625, 0.0625, 0.0625, 0.0625, 0.0625, 0.0625, 0.0625, 0.125]
[TRAIN]: (723/1600): reward: 16.2905100453645, rates: 20.290510284107746, loss: 1.8918063372373581, rho: 0.175, transmit_actions: 19, P: [0.125, 0.0625, 0.125, 0.125, 0.0625, 0.125, 0.125, 0.125, 0.125, 0.125, 0.125, 0.0625, 0.0625, 0.125, 0.0625, 0.125, 0.0625, 0.125, 0.125, 0.125]
[TRAIN]: (724/1600): reward: 19.85680240392685, rates: 19.8568023313134, loss: 1.91081905066967, rho: 0.1875, transmit_actions: 18, P: [0.1875, 0.6875, 0.0625, 0.0625, 0.0625, 0.0625, 0.0625, 0.0625, 0.0625, 0.0625, 0.0625, 0.0625, 0.0625, 0.0625, 0.0625, 0.0625, 0.0625, 0.0625, 0.0625, 0.0625]
[TRAIN]: (725/1600): reward: 20.792420625686646, rates: 20.79242074684556, loss: 2.390086606144905, rho: 0.19375, transmit_actions: 19, P: [0.625, 0.0625, 0.0625, 0.0625, 0.0625, 0.0625, 0.0625, 0.0625, 0.0625, 0.0625, 0.0625, 0.0625, 0.0625, 0.0625, 0.0625, 0.0625, 0.0625, 0.0625, 0.0625, 0.0625]
[TRAIN]: (726/1600): reward: 20.20498299598694, rates: 20.20498307302094, loss: 1.9410089641809463, rho: 0.18125, transmit_actions: 18, P: [0.6875, 0.6875, 0.0625, 0.0625, 0.0625, 0.0625, 0.125, 0.0625, 0.0625, 0.0625, 0.0625, 0.0625, 0.0625, 0.0625, 0.0625, 0.0625, 0.0625, 0.0625, 0.0625, 0.125]
[TRAIN]: (727/1600): reward: 20.650881469249725, rates: 20.650881595530574, loss: 2.2111614048480988, rho: 0.175, transmit_actions: 18, P: [0.6875, 0.6875, 0.0625, 0.0625, 0.0625, 0.0625, 0.0625, 0.0625, 0.0625, 0.0625, 0.0625, 0.0625, 0.0625, 0.0625, 0.0625, 0.0625, 0.0625, 0.0625, 0.0625, 0.0625]
[TRAIN]: (728/1600): reward: 19.273918002843857, rates: 20.273917943890915, loss: 1.7894371449947357, rho: 0.18125, transmit_actions: 19, P: [0.5, 0.0625, 0.0625, 0.0625, 0.0625, 0.0625, 0.0625, 0.0625, 0.0625, 0.0625, 0.0625, 0.0625, 0.0625, 0.0625, 0.0625, 0.0625, 0.0625, 0.0625, 0.0625, 0.0625]
[TRAIN]: (729/1600): reward: 20.824948608875275, rates: 20.824948848556165, loss: 2.0823167145252226, rho: 0.18125, transmit_actions: 18, P: [0.3125, 0.6875, 0.0625, 0.0625, 0.0625, 0.0625, 0.0625, 0.0625, 0.0625, 0.0625, 0.0625, 0.0625, 0.0625, 0.0625, 0.0625, 0.0625, 0.0625, 0.0625, 0.0625, 0.0625]
[TRAIN]: (730/1600): reward: 16.535766556859016, rates: 18.53576648475501, loss: 2.2345181494951247, rho: 0.20625, transmit_actions: 18, P: [0.5625, 0.6875, 0.0625, 0.0625, 0.0625, 0.0625, 0.0625, 0.0625, 0.0625, 0.0625, 0.0625, 0.125, 0.0625, 0.125, 0.0625, 0.125, 0.0625, 0.0625, 0.0625, 0.0625]
[TRAIN]: (731/1600): reward: 18.96375662088394, rates: 18.963756630724767, loss: 1.9924239993095398, rho: 0.2125, transmit_actions: 18, P: [0.5, 0.6875, 0.0625, 0.0625, 0.0625, 0.0625, 0.0625, 0.0625, 0.0625, 0.0625, 0.0625, 0.0625, 0.0625, 0.0625, 0.0625, 0.0625, 0.0625, 0.0625, 0.0625, 0.0625]
[TRAIN]: (732/1600): reward: 15.332605458796024, rates: 17.332605412943764, loss: 1.8854860246181488, rho: 0.2125, transmit_actions: 18, P: [0.5, 0.6875, 0.0625, 0.0625, 0.0625, 0.0625, 0.0625, 0.0625, 0.125, 0.0625, 0.0625, 0.0625, 0.125, 0.0625, 0.125, 0.125, 0.125, 0.125, 0.0625, 0.125]
[TRAIN]: (733/1600): reward: 17.87782448530197, rates: 19.877824445329264, loss: 1.8956021785736084, rho: 0.1625, transmit_actions: 18, P: [0.5, 0.6875, 0.0625, 0.0625, 0.0625, 0.0625, 0.0625, 0.0625, 0.0625, 0.0625, 0.125, 0.125, 0.125, 0.125, 0.125, 0.125, 0.125, 0.125, 0.125, 0.125]
[TRAIN]: (734/1600): reward: 10.626941561698914, rates: 17.626941626209643, loss: 2.16522456407547, rho: 0.20625, transmit_actions: 19, P: [0.5, 0.0625, 0.0625, 0.0625, 0.0625, 0.0625, 0.0625, 0.0625, 0.0625, 0.0625, 0.0625, 0.0625, 0.0625, 0.0625, 0.4375, 0.0625, 0.0625, 0.0625, 0.0625, 0.0625]
[TRAIN]: (735/1600): reward: 19.75747537612915, rates: 19.757475401178787, loss: 2.106493628025055, rho: 0.18125, transmit_actions: 18, P: [0.75, 0.6875, 0.0625, 0.0625, 0.0625, 0.0625, 0.0625, 0.0625, 0.0625, 0.0625, 0.0625, 0.0625, 0.0625, 0.0625, 0.0625, 0.0625, 0.0625, 0.0625, 0.0625, 0.0625]
[TRAIN]: (736/1600): reward: 18.521813094615936, rates: 18.521813278222133, loss: 1.7113212645053864, rho: 0.225, transmit_actions: 19, P: [0.5, 0.0625, 0.0625, 0.0625, 0.0625, 0.0625, 0.0625, 0.0625, 0.0625, 0.0625, 0.0625, 0.0625, 0.0625, 0.0625, 0.0625, 0.0625, 0.0625, 0.0625, 0.0625, 0.0625]
[TRAIN]: (737/1600): reward: 20.751484274864197, rates: 20.75148442216128, loss: 1.972935649752617, rho: 0.225, transmit_actions: 19, P: [0.1875, 0.0625, 0.0625, 0.0625, 0.0625, 0.0625, 0.0625, 0.0625, 0.0625, 0.0625, 0.0625, 0.0625, 0.0625, 0.0625, 0.0625, 0.0625, 0.0625, 0.0625, 0.0625, 0.0625]
[TRAIN]: (738/1600): reward: 19.194218039512634, rates: 19.194218139384724, loss: 1.9570224434137344, rho: 0.175, transmit_actions: 18, P: [0.6875, 0.6875, 0.0625, 0.0625, 0.0625, 0.0625, 0.0625, 0.0625, 0.0625, 0.0625, 0.0625, 0.0625, 0.0625, 0.0625, 0.0625, 0.0625, 0.0625, 0.0625, 0.0625, 0.0625]
[TRAIN]: (739/1600): reward: 20.003651559352875, rates: 20.003651626665466, loss: 2.0547262996435167, rho: 0.20625, transmit_actions: 19, P: [0.625, 0.0625, 0.0625, 0.0625, 0.0625, 0.0625, 0.0625, 0.0625, 0.0625, 0.0625, 0.0625, 0.0625, 0.0625, 0.0625, 0.0625, 0.0625, 0.0625, 0.0625, 0.0625, 0.0625]
[TRAIN]: (740/1600): reward: 19.2078455388546, rates: 19.207845409486165, loss: 2.1094900548458098, rho: 0.225, transmit_actions: 19, P: [0.75, 0.0625, 0.0625, 0.0625, 0.0625, 0.0625, 0.0625, 0.0625, 0.0625, 0.0625, 0.0625, 0.0625, 0.0625, 0.0625, 0.0625, 0.0625, 0.0625, 0.0625, 0.0625, 0.0625]
[TRAIN]: (741/1600): reward: 17.02813032269478, rates: 18.028130394614855, loss: 2.0580226361751555, rho: 0.19375, transmit_actions: 18, P: [0.5, 0.6875, 0.0625, 0.0625, 0.0625, 0.0625, 0.0625, 0.0625, 0.0625, 0.0625, 0.0625, 0.0625, 0.0625, 0.0625, 0.125, 0.0625, 0.0625, 0.0625, 0.0625, 0.0625]
[TRAIN]: (742/1600): reward: 16.99499773979187, rates: 16.99499775747086, loss: 2.598898893594742, rho: 0.23125, transmit_actions: 19, P: [0.5, 0.0625, 0.0625, 0.0625, 0.0625, 0.0625, 0.0625, 0.0625, 0.0625, 0.0625, 0.0625, 0.0625, 0.0625, 0.0625, 0.0625, 0.0625, 0.0625, 0.0625, 0.0625, 0.0625]
[TRAIN]: (743/1600): reward: 18.383143573999405, rates: 19.383143629670748, loss: 1.9423382610082627, rho: 0.1875, transmit_actions: 19, P: [0.5, 0.0625, 0.0625, 0.0625, 0.0625, 0.0625, 0.0625, 0.0625, 0.0625, 0.0625, 0.0625, 0.0625, 0.0625, 0.0625, 0.0625, 0.125, 0.0625, 0.0625, 0.0625, 0.0625]
[TRAIN]: (744/1600): reward: 18.698927521705627, rates: 20.698927467344223, loss: 1.3979591190814973, rho: 0.175, transmit_actions: 19, P: [0.5, 0.0625, 0.0625, 0.0625, 0.0625, 0.0625, 0.125, 0.0625, 0.0625, 0.0625, 0.0625, 0.0625, 0.0625, 0.0625, 0.0625, 0.0625, 0.0625, 0.0625, 0.0625, 0.0625]
[TRAIN]: (745/1600): reward: 19.092800348997116, rates: 20.092800333997488, loss: 1.9493094623088836, rho: 0.23125, transmit_actions: 19, P: [0.75, 0.0625, 0.0625, 0.0625, 0.0625, 0.0625, 0.0625, 0.0625, 0.0625, 0.0625, 0.0625, 0.125, 0.0625, 0.125, 0.0625, 0.0625, 0.0625, 0.0625, 0.0625, 0.0625]
[TRAIN]: (746/1600): reward: 18.462276935577393, rates: 18.462277024725932, loss: 2.032758282124996, rho: 0.225, transmit_actions: 19, P: [0.75, 0.0625, 0.0625, 0.0625, 0.0625, 0.0625, 0.0625, 0.0625, 0.0625, 0.0625, 0.0625, 0.0625, 0.0625, 0.0625, 0.0625, 0.0625, 0.0625, 0.0625, 0.0625, 0.0625]
[TRAIN]: (747/1600): reward: 19.085280776023865, rates: 19.085280535335446, loss: 1.9891336053609847, rho: 0.2, transmit_actions: 19, P: [0.1875, 0.0625, 0.0625, 0.0625, 0.0625, 0.0625, 0.0625, 0.0625, 0.0625, 0.0625, 0.0625, 0.0625, 0.0625, 0.0625, 0.0625, 0.0625, 0.0625, 0.0625, 0.0625, 0.125]
[TRAIN]: (748/1600): reward: 21.176513999700546, rates: 21.17651387894953, loss: 2.1172157734632493, rho: 0.175, transmit_actions: 19, P: [0.75, 0.0625, 0.0625, 0.0625, 0.0625, 0.0625, 0.0625, 0.0625, 0.0625, 0.0625, 0.0625, 0.125, 0.125, 0.0625, 0.0625, 0.0625, 0.0625, 0.0625, 0.0625, 0.0625]
[TRAIN]: (749/1600): reward: 20.0395045876503, rates: 20.039504455384126, loss: 1.946196836233139, rho: 0.23125, transmit_actions: 19, P: [0.75, 0.0625, 0.0625, 0.0625, 0.0625, 0.0625, 0.0625, 0.0625, 0.0625, 0.0625, 0.0625, 0.0625, 0.0625, 0.0625, 0.0625, 0.0625, 0.0625, 0.0625, 0.0625, 0.0625]
[TRAIN]: (750/1600): reward: 9.252527177333832, rates: 19.25252730725834, loss: 1.898968258500099, rho: 0.175, transmit_actions: 19, P: [0.75, 0.0625, 0.0625, 0.0625, 0.0625, 0.0625, 0.9375, 0.0625, 0.0625, 0.0625, 0.0625, 0.0625, 0.0625, 0.0625, 0.0625, 0.0625, 0.0625, 0.0625, 0.0625, 0.0625]
[TRAIN]: (751/1600): reward: 19.09592306613922, rates: 19.095923237627552, loss: 1.9053634136915207, rho: 0.2, transmit_actions: 19, P: [0.75, 0.0625, 0.0625, 0.0625, 0.0625, 0.0625, 0.0625, 0.0625, 0.0625, 0.0625, 0.0625, 0.0625, 0.0625, 0.0625, 0.0625, 0.0625, 0.0625, 0.0625, 0.0625, 0.0625]
[TRAIN]: (752/1600): reward: 17.091176331043243, rates: 17.091176256288964, loss: 1.7953330636024476, rho: 0.225, transmit_actions: 18, P: [0.75, 0.6875, 0.0625, 0.0625, 0.0625, 0.0625, 0.0625, 0.0625, 0.0625, 0.0625, 0.0625, 0.125, 0.0625, 0.0625, 0.0625, 0.0625, 0.0625, 0.0625, 0.0625, 0.0625]
[TRAIN]: (753/1600): reward: 20.72768485546112, rates: 20.7276848066096, loss: 1.7322366058826446, rho: 0.2125, transmit_actions: 19, P: [0.75, 0.0625, 0.0625, 0.0625, 0.0625, 0.0625, 0.0625, 0.0625, 0.0625, 0.0625, 0.0625, 0.0625, 0.0625, 0.0625, 0.0625, 0.0625, 0.0625, 0.0625, 0.0625, 0.0625]
[TRAIN]: (754/1600): reward: 20.86188715696335, rates: 20.86188699911257, loss: 1.776535266637802, rho: 0.1875, transmit_actions: 18, P: [0.625, 0.6875, 0.0625, 0.0625, 0.0625, 0.0625, 0.0625, 0.0625, 0.0625, 0.0625, 0.0625, 0.0625, 0.0625, 0.0625, 0.0625, 0.0625, 0.0625, 0.0625, 0.0625, 0.0625]
[TRAIN]: (755/1600): reward: 20.02065598964691, rates: 20.02065604902712, loss: 2.3261633038520815, rho: 0.2125, transmit_actions: 19, P: [0.875, 0.0625, 0.0625, 0.0625, 0.0625, 0.0625, 0.0625, 0.0625, 0.0625, 0.0625, 0.0625, 0.0625, 0.0625, 0.0625, 0.0625, 0.0625, 0.0625, 0.0625, 0.0625, 0.0625]
[TRAIN]: (756/1600): reward: 21.578203439712524, rates: 21.57820339598059, loss: 1.666200375556946, rho: 0.16875, transmit_actions: 19, P: [0.875, 0.0625, 0.0625, 0.0625, 0.0625, 0.0625, 0.0625, 0.0625, 0.0625, 0.0625, 0.125, 0.0625, 0.0625, 0.0625, 0.0625, 0.0625, 0.0625, 0.0625, 0.0625, 0.0625]
[TRAIN]: (757/1600): reward: 18.35934203863144, rates: 18.359342157900198, loss: 1.8888098567724227, rho: 0.20625, transmit_actions: 18, P: [0.5, 0.6875, 0.0625, 0.0625, 0.0625, 0.0625, 0.0625, 0.0625, 0.0625, 0.0625, 0.0625, 0.0625, 0.0625, 0.0625, 0.0625, 0.0625, 0.0625, 0.0625, 0.0625, 0.125]
[TRAIN]: (758/1600): reward: 8.763412714004517, rates: 17.76341300694654, loss: 1.6017494559288026, rho: 0.2, transmit_actions: 18, P: [0.25, 0.6875, 0.0625, 0.5, 0.0625, 0.0625, 0.0625, 0.0625, 0.0625, 0.0625, 0.0625, 0.0625, 0.0625, 0.0625, 0.0625, 0.0625, 0.0625, 0.0625, 0.0625, 0.0625]
[TRAIN]: (759/1600): reward: 18.949613869190216, rates: 18.949613947170942, loss: 2.043728859722614, rho: 0.2, transmit_actions: 19, P: [0.5, 0.0625, 0.0625, 0.125, 0.0625, 0.0625, 0.0625, 0.0625, 0.0625, 0.0625, 0.0625, 0.0625, 0.0625, 0.0625, 0.0625, 0.0625, 0.0625, 0.0625, 0.0625, 0.0625]
[TRAIN]: (760/1600): reward: 19.343424826860428, rates: 19.343424898083835, loss: 1.936682516336441, rho: 0.23125, transmit_actions: 19, P: [0.625, 0.0625, 0.0625, 0.0625, 0.0625, 0.0625, 0.0625, 0.0625, 0.0625, 0.0625, 0.0625, 0.0625, 0.0625, 0.0625, 0.0625, 0.0625, 0.0625, 0.0625, 0.0625, 0.125]
[TRAIN]: (761/1600): reward: -0.6726718246936798, rates: 17.327328332109094, loss: 2.082732450962067, rho: 0.21875, transmit_actions: 18, P: [0.5625, 0.0625, 0.0625, 0.0625, 0.0625, 0.0625, 0.0625, 0.0625, 0.0625, 0.0625, 0.0625, 0.375, 0.0625, 0.0625, 0.0625, 0.0625, 0.0, 0.0625, 0.0625, 0.0625]
[TRAIN]: (762/1600): reward: 18.741637468338013, rates: 18.741637519219385, loss: 2.060011398792267, rho: 0.2, transmit_actions: 18, P: [0.5625, 0.6875, 0.0625, 0.0625, 0.0625, 0.0625, 0.0625, 0.0625, 0.0625, 0.0625, 0.0625, 0.0625, 0.0625, 0.0625, 0.0625, 0.0625, 0.0625, 0.0625, 0.0625, 0.0625]
[TRAIN]: (763/1600): reward: 19.80519923567772, rates: 19.805199210765668, loss: 1.9501881688833236, rho: 0.2625, transmit_actions: 19, P: [0.875, 0.0625, 0.0625, 0.0625, 0.0625, 0.0625, 0.0625, 0.0625, 0.0625, 0.0625, 0.0625, 0.0625, 0.0625, 0.0625, 0.125, 0.0625, 0.0625, 0.0625, 0.0625, 0.0625]
[TRAIN]: (764/1600): reward: 16.49503616988659, rates: 17.495036076952132, loss: 1.724785289168358, rho: 0.2375, transmit_actions: 18, P: [0.5625, 0.6875, 0.0625, 0.0625, 0.0625, 0.0625, 0.0625, 0.0625, 0.0625, 0.0625, 0.0625, 0.125, 0.125, 0.125, 0.0625, 0.0625, 0.125, 0.0625, 0.0625, 0.125]
[TRAIN]: (765/1600): reward: 19.035247683525085, rates: 19.03524768304446, loss: 2.011016884446144, rho: 0.18125, transmit_actions: 19, P: [0.5625, 0.0625, 0.0625, 0.0625, 0.0625, 0.0625, 0.0625, 0.0625, 0.0625, 0.0625, 0.0625, 0.0625, 0.0625, 0.0625, 0.0625, 0.0625, 0.0625, 0.0625, 0.125, 0.0625]
[TRAIN]: (766/1600): reward: 20.249860107898712, rates: 20.249859996295715, loss: 1.642642006278038, rho: 0.16875, transmit_actions: 19, P: [0.5625, 0.0625, 0.0625, 0.0625, 0.0625, 0.0625, 0.0625, 0.0625, 0.0625, 0.0625, 0.0625, 0.0625, 0.0625, 0.0625, 0.0625, 0.0625, 0.0625, 0.0625, 0.0625, 0.0625]
[TRAIN]: (767/1600): reward: 19.70039129257202, rates: 19.700391301931393, loss: 1.9171026021242141, rho: 0.15625, transmit_actions: 18, P: [0.5, 0.6875, 0.0625, 0.0625, 0.0625, 0.0625, 0.0625, 0.0625, 0.0625, 0.0625, 0.0625, 0.0625, 0.0625, 0.0625, 0.0625, 0.0625, 0.0625, 0.0625, 0.0625, 0.0625]
[TRAIN]: (768/1600): reward: 19.059957712888718, rates: 19.0599576898768, loss: 1.9381438881158828, rho: 0.175, transmit_actions: 19, P: [0.5, 0.0625, 0.0625, 0.0625, 0.0625, 0.0625, 0.0625, 0.0625, 0.0625, 0.0625, 0.0625, 0.0625, 0.0625, 0.0625, 0.0625, 0.0625, 0.0625, 0.0625, 0.0625, 0.0625]
[TRAIN]: (769/1600): reward: 6.5457660630345345, rates: 17.5457659677503, loss: 1.697384563088417, rho: 0.2, transmit_actions: 17, P: [0.5, 0.6875, 0.0625, 0.0625, 0.0625, 0.0625, 0.0625, 0.0625, 0.0625, 0.0625, 0.0625, 0.0625, 0.0625, 0.0625, 0.4375, 0.0625, 0.125, 0.125, 0.125, 0.0625]
[TRAIN]: (770/1600): reward: 15.439215283840895, rates: 18.43921509617887, loss: 2.140531224012375, rho: 0.1875, transmit_actions: 18, P: [0.5, 0.6875, 0.0625, 0.0625, 0.0625, 0.0625, 0.0625, 0.0625, 0.125, 0.125, 0.125, 0.125, 0.125, 0.0625, 0.0625, 0.0625, 0.0625, 0.0625, 0.0625, 0.0625]
[TRAIN]: (771/1600): reward: 19.41620796918869, rates: 19.416208082721358, loss: 1.5471138566732408, rho: 0.175, transmit_actions: 19, P: [0.5, 0.0625, 0.0625, 0.0625, 0.0625, 0.0625, 0.0625, 0.0625, 0.0625, 0.0625, 0.0625, 0.0625, 0.0625, 0.0625, 0.0625, 0.0625, 0.0625, 0.0625, 0.0625, 0.0625]
[TRAIN]: (772/1600): reward: 19.85641783475876, rates: 19.85641784934797, loss: 1.687576711177826, rho: 0.2, transmit_actions: 19, P: [0.4375, 0.0625, 0.0625, 0.0625, 0.0625, 0.0625, 0.0625, 0.0625, 0.0625, 0.0625, 0.0625, 0.0625, 0.0625, 0.0625, 0.0625, 0.0625, 0.0625, 0.0625, 0.0625, 0.0625]
[TRAIN]: (773/1600): reward: 17.858286648988724, rates: 17.85828666467723, loss: 1.9541049629449845, rho: 0.19375, transmit_actions: 19, P: [0.4375, 0.0625, 0.0625, 0.0625, 0.0625, 0.0625, 0.0625, 0.0625, 0.0625, 0.0625, 0.0625, 0.0625, 0.0625, 0.0625, 0.0625, 0.0625, 0.0625, 0.0625, 0.0625, 0.0625]
[TRAIN]: (774/1600): reward: 8.414618343114853, rates: 18.41461829084927, loss: 1.5947547465562821, rho: 0.20625, transmit_actions: 18, P: [0.4375, 0.0625, 0.0625, 0.125, 0.0625, 0.0625, 0.0625, 0.0625, 0.25, 0.0625, 0.0625, 0.0625, 0.0625, 0.0625, 0.0625, 0.0625, 0.0625, 0.0625, 0.0625, 0.0625]
[TRAIN]: (775/1600): reward: 7.954510807991028, rates: 17.954510806010436, loss: 1.907946941256523, rho: 0.2125, transmit_actions: 18, P: [0.5, 0.0625, 0.0625, 0.0625, 0.0625, 0.0625, 0.0625, 0.0625, 0.0625, 0.0625, 0.0625, 0.0625, 0.125, 0.3125, 0.0625, 0.0625, 0.0625, 0.0625, 0.0625, 0.0625]
[TRAIN]: (776/1600): reward: 13.097495794296265, rates: 18.09749590417891, loss: 1.9465428709983825, rho: 0.2, transmit_actions: 17, P: [0.5, 0.6875, 0.6875, 0.0625, 0.0625, 0.0625, 0.0625, 0.0625, 0.0625, 0.0625, 0.0625, 0.0625, 0.0625, 0.0625, 0.0625, 0.0625, 0.0625, 0.0625, 0.0625, 0.0625]
[TRAIN]: (777/1600): reward: 18.58985722064972, rates: 18.589857165826615, loss: 1.7269390940666198, rho: 0.2125, transmit_actions: 18, P: [0.5625, 0.6875, 0.0625, 0.0625, 0.0625, 0.0625, 0.0625, 0.0625, 0.0625, 0.0625, 0.0625, 0.0625, 0.0625, 0.0625, 0.0625, 0.0625, 0.0625, 0.0625, 0.0625, 0.0625]
[TRAIN]: (778/1600): reward: 20.36732667684555, rates: 20.367326636599685, loss: 1.780893014371395, rho: 0.23125, transmit_actions: 19, P: [0.9375, 0.0625, 0.0625, 0.0625, 0.0625, 0.0625, 0.0625, 0.0625, 0.0625, 0.0625, 0.0625, 0.0625, 0.0625, 0.0625, 0.0625, 0.0625, 0.0625, 0.0625, 0.0625, 0.0625]
[TRAIN]: (779/1600): reward: 18.469902336597443, rates: 18.46990223236812, loss: 1.7009625852108001, rho: 0.1875, transmit_actions: 18, P: [1.0, 0.6875, 0.0625, 0.0625, 0.0625, 0.0625, 0.0625, 0.0625, 0.0625, 0.0625, 0.0625, 0.0625, 0.0625, 0.0625, 0.0625, 0.0625, 0.0625, 0.0625, 0.0625, 0.0625]
[TRAIN]: (780/1600): reward: 19.6935573220253, rates: 19.693557314949214, loss: 2.0350682377815246, rho: 0.19375, transmit_actions: 19, P: [0.6875, 0.0625, 0.0625, 0.0625, 0.0625, 0.0625, 0.0625, 0.0625, 0.0625, 0.0625, 0.0625, 0.0625, 0.0625, 0.0625, 0.0625, 0.0625, 0.0625, 0.0625, 0.0625, 0.0625]
[TRAIN]: (781/1600): reward: 17.81871408224106, rates: 17.818713927027652, loss: 1.841465625166893, rho: 0.2, transmit_actions: 19, P: [0.375, 0.0625, 0.0625, 0.0625, 0.0625, 0.0625, 0.0625, 0.0625, 0.0625, 0.0625, 0.0625, 0.0625, 0.0625, 0.0625, 0.0625, 0.0625, 0.0625, 0.0625, 0.0625, 0.0625]
[TRAIN]: (782/1600): reward: 19.06462749838829, rates: 19.064627593533313, loss: 1.7441156923770904, rho: 0.2, transmit_actions: 19, P: [1.0, 0.0625, 0.0625, 0.0625, 0.0625, 0.0625, 0.0625, 0.0625, 0.0625, 0.0625, 0.0625, 0.0625, 0.0625, 0.0625, 0.0625, 0.0625, 0.0625, 0.0625, 0.0625, 0.0625]
[TRAIN]: (783/1600): reward: 20.06623363494873, rates: 20.066233603670007, loss: 1.7580514550209045, rho: 0.2375, transmit_actions: 19, P: [0.4375, 0.0625, 0.0625, 0.0625, 0.0625, 0.0625, 0.0625, 0.0625, 0.0625, 0.0625, 0.0625, 0.0625, 0.0625, 0.0625, 0.0625, 0.0625, 0.0625, 0.0625, 0.0625, 0.0625]
[TRAIN]: (784/1600): reward: 18.35476991534233, rates: 19.354769926646902, loss: 1.6691011399030686, rho: 0.2, transmit_actions: 18, P: [0.5625, 0.0625, 0.0625, 0.0625, 0.0625, 0.0625, 0.0625, 0.0625, 0.75, 0.0625, 0.0625, 0.0625, 0.0625, 0.0625, 0.0625, 0.0625, 0.0625, 0.0625, 0.0625, 0.0625]
[TRAIN]: (785/1600): reward: 15.575412333011627, rates: 19.575412514122206, loss: 1.7542823016643525, rho: 0.18125, transmit_actions: 19, P: [0.5625, 0.0625, 0.0625, 0.0625, 0.0625, 0.0625, 0.0625, 0.0625, 0.0625, 0.0625, 0.125, 0.0625, 0.0625, 0.125, 0.0625, 0.0625, 0.0625, 0.0625, 0.0625, 0.0625]
[TRAIN]: (786/1600): reward: 18.90904787182808, rates: 18.90904793386176, loss: 2.0799172043800356, rho: 0.18125, transmit_actions: 19, P: [0.4375, 0.0625, 0.0625, 0.0625, 0.0625, 0.0625, 0.0625, 0.0625, 0.0625, 0.0625, 0.0625, 0.0625, 0.0625, 0.0625, 0.0625, 0.0625, 0.0625, 0.0625, 0.0625, 0.0625]
[TRAIN]: (787/1600): reward: 18.576511442661285, rates: 18.576511389928896, loss: 1.983103609085083, rho: 0.2125, transmit_actions: 19, P: [0.6875, 0.0625, 0.0625, 0.0625, 0.0625, 0.0625, 0.0625, 0.0625, 0.0625, 0.0625, 0.0625, 0.0625, 0.0625, 0.0625, 0.0625, 0.0625, 0.0625, 0.0625, 0.0625, 0.0625]
[TRAIN]: (788/1600): reward: 19.041892141103745, rates: 20.04189221259494, loss: 1.9475174993276596, rho: 0.175, transmit_actions: 19, P: [0.4375, 0.0625, 0.0625, 0.0625, 0.0625, 0.0625, 0.0625, 0.0625, 0.0625, 0.0625, 0.0625, 0.0625, 0.0625, 0.0625, 0.0625, 0.0625, 0.0625, 0.0625, 0.0625, 0.0625]
[TRAIN]: (789/1600): reward: 19.617937356233597, rates: 19.61793720537287, loss: 1.9483155250549316, rho: 0.18125, transmit_actions: 19, P: [0.4375, 0.0625, 0.0625, 0.0625, 0.0625, 0.0625, 0.0625, 0.0625, 0.0625, 0.0625, 0.0625, 0.0625, 0.0625, 0.0625, 0.0625, 0.0625, 0.0625, 0.0625, 0.0625, 0.0625]
[TRAIN]: (790/1600): reward: -3.6875261664390564, rates: 18.312474089534586, loss: 1.748861402273178, rho: 0.2, transmit_actions: 19, P: [0.625, 0.0625, 0.0625, 0.0625, 0.0625, 0.0625, 0.0625, 0.875, 0.0625, 0.0625, 0.0625, 0.0625, 0.0625, 0.0625, 0.0625, 0.0625, 0.0625, 0.0625, 0.0625, 0.0625]
[TRAIN]: (791/1600): reward: 17.113527834415436, rates: 18.113527762010733, loss: 1.868613824248314, rho: 0.225, transmit_actions: 19, P: [0.625, 0.0625, 0.0625, 0.0625, 0.0625, 0.0625, 0.0625, 0.0625, 0.125, 0.0625, 0.0625, 0.125, 0.0625, 0.0625, 0.0625, 0.0625, 0.0625, 0.0625, 0.125, 0.0625]
[TRAIN]: (792/1600): reward: 19.40570628643036, rates: 19.40570637137095, loss: 2.060184061527252, rho: 0.20625, transmit_actions: 19, P: [0.625, 0.0625, 0.0625, 0.0625, 0.0625, 0.0625, 0.0625, 0.0625, 0.0625, 0.0625, 0.0625, 0.0625, 0.0625, 0.0625, 0.0625, 0.0625, 0.0625, 0.0625, 0.0625, 0.0625]
[TRAIN]: (793/1600): reward: 9.444474995136261, rates: 19.444475065881115, loss: 1.5874147146940232, rho: 0.20625, transmit_actions: 19, P: [1.0, 0.0625, 0.0625, 0.0625, 0.0625, 0.0625, 0.0625, 0.0625, 0.875, 0.0625, 0.0625, 0.0625, 0.0625, 0.0625, 0.0625, 0.0625, 0.0625, 0.0625, 0.0625, 0.0625]
[TRAIN]: (794/1600): reward: 18.432418823242188, rates: 18.432418850391493, loss: 1.9557779401540756, rho: 0.2375, transmit_actions: 19, P: [0.625, 0.0625, 0.0625, 0.0625, 0.0625, 0.0625, 0.0625, 0.0625, 0.0625, 0.0625, 0.0625, 0.0625, 0.0625, 0.0625, 0.0625, 0.0625, 0.0625, 0.0625, 0.0625, 0.0625]
[TRAIN]: (795/1600): reward: 20.720430552959442, rates: 20.72043039247004, loss: 1.833952295780182, rho: 0.2, transmit_actions: 19, P: [1.0, 0.0625, 0.0625, 0.0625, 0.0625, 0.0625, 0.0625, 0.0625, 0.0625, 0.0625, 0.0625, 0.0625, 0.0625, 0.0625, 0.0625, 0.0625, 0.0625, 0.0625, 0.0625, 0.0625]
[TRAIN]: (796/1600): reward: 8.703663140535355, rates: 18.703663274616762, loss: 1.7552975237369537, rho: 0.25, transmit_actions: 18, P: [1.0, 0.0625, 0.0625, 0.0625, 0.0625, 0.0625, 0.125, 0.0625, 0.0625, 0.0625, 0.0625, 0.0625, 0.6875, 0.0625, 0.0625, 0.0625, 0.0625, 0.0625, 0.0625, 0.0625]
[TRAIN]: (797/1600): reward: 20.310175597667694, rates: 20.310175666483477, loss: 1.5043784230947495, rho: 0.175, transmit_actions: 19, P: [0.4375, 0.0625, 0.0625, 0.0625, 0.0625, 0.0625, 0.0625, 0.0625, 0.0625, 0.0625, 0.0625, 0.0625, 0.0625, 0.0625, 0.0625, 0.0625, 0.0625, 0.0625, 0.0625, 0.0625]
[TRAIN]: (798/1600): reward: 18.988994359970093, rates: 18.988994283437002, loss: 1.8556933462619782, rho: 0.15, transmit_actions: 18, P: [0.4375, 0.6875, 0.0625, 0.0625, 0.0625, 0.0625, 0.0625, 0.0625, 0.0625, 0.0625, 0.0625, 0.0625, 0.0625, 0.0625, 0.0625, 0.0625, 0.0625, 0.0625, 0.0625, 0.0625]
[TRAIN]: (799/1600): reward: 8.179523438215256, rates: 19.179523595788822, loss: 1.984286579489708, rho: 0.175, transmit_actions: 18, P: [0.4375, 0.0625, 0.0625, 0.0625, 0.0625, 0.0625, 0.0625, 0.0625, 0.0625, 0.0625, 0.0625, 0.625, 0.0625, 0.0625, 0.0625, 0.0625, 0.0625, 0.0625, 0.0625, 0.0625]
[TRAIN]: (800/1600): reward: 18.90220531821251, rates: 18.9022054111042, loss: 1.533361878991127, rho: 0.16875, transmit_actions: 19, P: [0.4375, 0.0625, 0.0625, 0.0625, 0.0625, 0.0625, 0.0625, 0.0625, 0.0625, 0.0625, 0.0625, 0.0625, 0.0625, 0.0625, 0.0625, 0.0625, 0.0625, 0.0625, 0.0625, 0.0625]
[TRAIN]: (801/1600): reward: 19.04991525411606, rates: 19.04991532719508, loss: 1.7435096561908723, rho: 0.16875, transmit_actions: 19, P: [0.4375, 0.0625, 0.0625, 0.0625, 0.0625, 0.0625, 0.0625, 0.0625, 0.0625, 0.0625, 0.0625, 0.0625, 0.125, 0.0625, 0.125, 0.125, 0.0625, 0.0625, 0.0625, 0.0625]
[TRAIN]: (802/1600): reward: 21.882076680660248, rates: 21.882076591036927, loss: 1.796203538775444, rho: 0.175, transmit_actions: 19, P: [0.4375, 0.0625, 0.0625, 0.125, 0.0625, 0.125, 0.0625, 0.0625, 0.0625, 0.0625, 0.0625, 0.0625, 0.0625, 0.0625, 0.0625, 0.0625, 0.0625, 0.0625, 0.0625, 0.0625]
[TRAIN]: (803/1600): reward: 10.803429901599884, rates: 18.80342971640867, loss: 1.607228508591652, rho: 0.2125, transmit_actions: 19, P: [0.375, 0.0625, 0.0625, 0.0625, 0.0625, 0.0625, 0.0625, 0.0625, 0.0625, 0.0625, 0.0625, 0.0625, 0.0625, 0.0625, 0.0625, 0.5, 0.0625, 0.125, 0.0625, 0.0625]
[TRAIN]: (804/1600): reward: 13.295760545879602, rates: 18.29576061770233, loss: 1.3462393313646317, rho: 0.2, transmit_actions: 19, P: [0.625, 0.0625, 0.0625, 0.0625, 0.0625, 0.125, 0.125, 0.125, 0.125, 0.0625, 0.125, 0.125, 0.0625, 0.0625, 0.0625, 0.0625, 0.0625, 0.0625, 0.0625, 0.125]
[TRAIN]: (805/1600): reward: 9.006426483392715, rates: 19.006426378602193, loss: 1.685736545920372, rho: 0.2125, transmit_actions: 20, P: [0.375, 0.0625, 0.0625, 0.0625, 0.0625, 0.0625, 0.0625, 0.0625, 0.0625, 0.0625, 0.0625, 0.0625, 0.0625, 0.0625, 0.0625, 0.0625, 0.0625, 0.0625, 0.0625, 0.0625]
[TRAIN]: (806/1600): reward: 18.759310364723206, rates: 19.75931026026753, loss: 1.7395017564296722, rho: 0.19375, transmit_actions: 19, P: [0.625, 0.0625, 0.0625, 0.0625, 0.0625, 0.0625, 0.0625, 0.0625, 0.0625, 0.0625, 0.0625, 0.0625, 0.0625, 0.0625, 0.0625, 0.0625, 0.0625, 0.0625, 0.0625, 0.0625]
[TRAIN]: (807/1600): reward: 19.9405215382576, rates: 19.9405216587269, loss: 1.7238423958420754, rho: 0.1875, transmit_actions: 19, P: [0.75, 0.0625, 0.0625, 0.0625, 0.0625, 0.0625, 0.0625, 0.0625, 0.0625, 0.0625, 0.0625, 0.0625, 0.0625, 0.0625, 0.125, 0.0625, 0.0625, 0.0625, 0.0625, 0.0625]
[TRAIN]: (808/1600): reward: 19.929558217525482, rates: 19.92955831379126, loss: 1.8181040167808533, rho: 0.2, transmit_actions: 18, P: [0.625, 0.6875, 0.0625, 0.0625, 0.0625, 0.0625, 0.0625, 0.0625, 0.125, 0.125, 0.0625, 0.125, 0.0625, 0.0625, 0.0625, 0.125, 0.0625, 0.0625, 0.0625, 0.0625]
[TRAIN]: (809/1600): reward: 20.03417593240738, rates: 20.034175924662204, loss: 1.6522666484117507, rho: 0.20625, transmit_actions: 19, P: [0.75, 0.0625, 0.0625, 0.0625, 0.0625, 0.0625, 0.0625, 0.0625, 0.0625, 0.0625, 0.0625, 0.0625, 0.0625, 0.0625, 0.0625, 0.0625, 0.0625, 0.0625, 0.0625, 0.0625]
[TRAIN]: (810/1600): reward: 19.342886567115784, rates: 19.34288633415531, loss: 1.7046871662139893, rho: 0.20625, transmit_actions: 19, P: [0.375, 0.0625, 0.0625, 0.0625, 0.0625, 0.0625, 0.0625, 0.0625, 0.0625, 0.0625, 0.0625, 0.0625, 0.0625, 0.0625, 0.0625, 0.0625, 0.0625, 0.0625, 0.0625, 0.0625]
[TRAIN]: (811/1600): reward: 18.175533294677734, rates: 20.1755331665221, loss: 1.9292689621448518, rho: 0.18125, transmit_actions: 19, P: [0.75, 0.0625, 0.0625, 0.0625, 0.0625, 0.0625, 0.0625, 0.0625, 0.0625, 0.0625, 0.0625, 0.0625, 0.0625, 0.0625, 0.0625, 0.0625, 0.0625, 0.125, 0.125, 0.125]
[TRAIN]: (812/1600): reward: 15.94722455739975, rates: 17.947224406993325, loss: 1.6697750747203828, rho: 0.23125, transmit_actions: 19, P: [0.375, 0.0625, 0.0625, 0.0625, 0.0625, 0.0625, 0.0625, 0.0625, 0.0625, 0.0625, 0.0625, 0.0625, 0.0625, 0.0625, 0.0625, 0.0625, 0.0625, 0.125, 0.125, 0.125]
[TRAIN]: (813/1600): reward: 16.885136604309082, rates: 19.885136611781206, loss: 1.6412009686231612, rho: 0.18125, transmit_actions: 19, P: [0.75, 0.0625, 0.0625, 0.0625, 0.125, 0.0625, 0.0625, 0.0625, 0.0625, 0.0625, 0.0625, 0.0625, 0.0625, 0.0625, 0.0625, 0.0625, 0.0625, 0.125, 0.125, 0.0625]
[TRAIN]: (814/1600): reward: 19.345533788204193, rates: 19.34553368460127, loss: 1.727674838900566, rho: 0.2, transmit_actions: 19, P: [0.625, 0.0625, 0.0625, 0.0625, 0.0625, 0.0625, 0.0625, 0.0625, 0.0625, 0.0625, 0.0625, 0.0625, 0.0625, 0.0625, 0.0625, 0.0625, 0.0625, 0.0625, 0.0625, 0.0625]
[TRAIN]: (815/1600): reward: 18.360869199037552, rates: 18.360869333182592, loss: 2.089661014080048, rho: 0.18125, transmit_actions: 19, P: [0.625, 0.0625, 0.0625, 0.0625, 0.0625, 0.0625, 0.0625, 0.0625, 0.0625, 0.0625, 0.0625, 0.0625, 0.0625, 0.0625, 0.0625, 0.0625, 0.0625, 0.0625, 0.0625, 0.0625]
[TRAIN]: (816/1600): reward: 18.8953078687191, rates: 18.895307852869593, loss: 1.735272654891014, rho: 0.20625, transmit_actions: 19, P: [0.625, 0.0625, 0.0625, 0.0625, 0.0625, 0.0625, 0.0625, 0.0625, 0.0625, 0.0625, 0.0625, 0.0625, 0.0625, 0.0625, 0.0625, 0.0625, 0.0625, 0.0625, 0.0625, 0.0625]
[TRAIN]: (817/1600): reward: 19.84229052066803, rates: 19.842290527872926, loss: 1.630722537636757, rho: 0.19375, transmit_actions: 19, P: [0.8125, 0.0625, 0.0625, 0.0625, 0.0625, 0.0625, 0.0625, 0.0625, 0.0625, 0.0625, 0.0625, 0.0625, 0.0625, 0.0625, 0.0625, 0.0625, 0.0625, 0.0625, 0.0625, 0.0625]
[TRAIN]: (818/1600): reward: 19.822274446487427, rates: 19.82227453726418, loss: 1.6875091999769212, rho: 0.1625, transmit_actions: 18, P: [0.8125, 0.6875, 0.0625, 0.0625, 0.0625, 0.0625, 0.0625, 0.0625, 0.0625, 0.0625, 0.0625, 0.0625, 0.0625, 0.0625, 0.0625, 0.0625, 0.0625, 0.0625, 0.0625, 0.0625]
[TRAIN]: (819/1600): reward: 19.84426873922348, rates: 19.844268823084548, loss: 1.6925929725170135, rho: 0.19375, transmit_actions: 19, P: [0.8125, 0.0625, 0.0625, 0.0625, 0.0625, 0.0625, 0.0625, 0.0625, 0.0625, 0.0625, 0.0625, 0.0625, 0.0625, 0.0625, 0.0625, 0.0625, 0.0625, 0.0625, 0.0625, 0.0625]
[TRAIN]: (820/1600): reward: 18.78700679540634, rates: 18.787006930851586, loss: 1.5602349787950516, rho: 0.2, transmit_actions: 19, P: [0.8125, 0.0625, 0.0625, 0.0625, 0.0625, 0.0625, 0.0625, 0.0625, 0.0625, 0.125, 0.0625, 0.0625, 0.0625, 0.0625, 0.0625, 0.0625, 0.0625, 0.0625, 0.0625, 0.0625]
[TRAIN]: (821/1600): reward: 17.689997851848602, rates: 17.689997782338736, loss: 1.5926809370517732, rho: 0.2, transmit_actions: 19, P: [0.5625, 0.0, 0.0625, 0.0625, 0.0625, 0.0625, 0.0625, 0.0625, 0.0625, 0.0625, 0.0625, 0.0625, 0.0625, 0.0625, 0.0625, 0.0625, 0.0625, 0.0625, 0.0625, 0.125]
[TRAIN]: (822/1600): reward: 15.930469274520874, rates: 17.930469284185524, loss: 1.9029012411832809, rho: 0.1875, transmit_actions: 19, P: [0.5625, 0.0625, 0.0625, 0.0625, 0.0625, 0.0625, 0.0625, 0.0625, 0.0625, 0.0625, 0.0625, 0.0625, 0.0625, 0.0625, 0.0625, 0.0625, 0.0625, 0.0625, 0.0625, 0.0625]
[TRAIN]: (823/1600): reward: 19.402970284223557, rates: 19.402970044928026, loss: 1.83170285820961, rho: 0.175, transmit_actions: 19, P: [0.5625, 0.0625, 0.0625, 0.0625, 0.0625, 0.0625, 0.0625, 0.0625, 0.0625, 0.0625, 0.0625, 0.0625, 0.0625, 0.0625, 0.0625, 0.0625, 0.0625, 0.0625, 0.0625, 0.0625]
[TRAIN]: (824/1600): reward: 8.768196642398834, rates: 17.768196483397436, loss: 1.5094870239496232, rho: 0.21875, transmit_actions: 19, P: [0.5, 0.5, 0.0625, 0.0625, 0.0625, 0.0625, 0.0625, 0.0625, 0.0625, 0.0625, 0.0625, 0.125, 0.0625, 0.0625, 0.0625, 0.0625, 0.0625, 0.0625, 0.0625, 0.0625]
[TRAIN]: (825/1600): reward: 20.590299904346466, rates: 20.590300043778612, loss: 1.5585084199905395, rho: 0.2375, transmit_actions: 19, P: [0.9375, 0.0625, 0.0625, 0.0625, 0.0625, 0.0625, 0.0625, 0.0625, 0.0625, 0.0625, 0.0625, 0.0625, 0.0625, 0.0625, 0.0625, 0.0625, 0.125, 0.0625, 0.0625, 0.0625]
[TRAIN]: (826/1600): reward: 17.46711453795433, rates: 17.46711467997594, loss: 1.7580915212631225, rho: 0.2375, transmit_actions: 19, P: [0.9375, 0.0625, 0.0625, 0.0625, 0.0625, 0.0625, 0.0625, 0.0625, 0.0625, 0.0625, 0.0625, 0.0625, 0.0625, 0.0625, 0.0625, 0.0625, 0.0625, 0.0625, 0.0625, 0.0625]
[TRAIN]: (827/1600): reward: 19.578968942165375, rates: 19.57896878015711, loss: 1.6675621539354324, rho: 0.20625, transmit_actions: 19, P: [0.75, 0.0625, 0.0625, 0.0625, 0.0625, 0.0625, 0.0625, 0.0625, 0.0625, 0.0625, 0.0625, 0.0625, 0.0625, 0.0625, 0.0625, 0.0625, 0.0625, 0.0625, 0.0625, 0.0625]
[TRAIN]: (828/1600): reward: 18.722827792167664, rates: 18.72282789068334, loss: 1.4708722785115242, rho: 0.18125, transmit_actions: 19, P: [0.625, 0.0625, 0.0625, 0.0625, 0.0625, 0.0625, 0.0625, 0.0625, 0.0625, 0.0625, 0.0625, 0.0625, 0.0625, 0.125, 0.0625, 0.0625, 0.0625, 0.0625, 0.0625, 0.0625]
[TRAIN]: (829/1600): reward: 19.558729231357574, rates: 19.55872933033636, loss: 1.4028344631195069, rho: 0.1625, transmit_actions: 18, P: [0.4375, 0.9375, 0.0625, 0.0625, 0.0625, 0.0625, 0.0625, 0.0625, 0.0625, 0.0625, 0.0625, 0.0625, 0.0625, 0.0625, 0.0625, 0.0625, 0.0625, 0.0625, 0.0625, 0.0625]
[TRAIN]: (830/1600): reward: 9.988865494728088, rates: 19.988865398445768, loss: 1.3316874116659165, rho: 0.175, transmit_actions: 18, P: [0.4375, 0.0625, 0.0625, 0.0625, 0.0625, 0.0625, 0.0625, 0.0625, 0.1875, 0.0625, 0.0625, 0.0625, 0.0625, 0.0625, 0.0625, 0.0625, 0.0625, 0.0625, 0.0625, 0.0625]
[TRAIN]: (831/1600): reward: 18.332977652549744, rates: 18.33297757772664, loss: 1.6392455756664277, rho: 0.1875, transmit_actions: 17, P: [0.4375, 0.9375, 0.9375, 0.0625, 0.0625, 0.0625, 0.0625, 0.0625, 0.0625, 0.0625, 0.0625, 0.0625, 0.0625, 0.0625, 0.0625, 0.0625, 0.0625, 0.0625, 0.0625, 0.0625]
[TRAIN]: (832/1600): reward: 18.81553828716278, rates: 18.81553832977731, loss: 1.6850165486335755, rho: 0.21875, transmit_actions: 18, P: [0.625, 0.0625, 0.0625, 0.0625, 0.0625, 0.0625, 0.0625, 0.0625, 0.0625, 0.0625, 0.0625, 0.0625, 0.0625, 0.0625, 0.0625, 0.8125, 0.0625, 0.0625, 0.0625, 0.0625]
[TRAIN]: (833/1600): reward: 19.63606533408165, rates: 19.636065186087315, loss: 1.5684540942311287, rho: 0.2375, transmit_actions: 19, P: [0.5, 0.0625, 0.0625, 0.0625, 0.0625, 0.0625, 0.0625, 0.0625, 0.0625, 0.0625, 0.0625, 0.0625, 0.0625, 0.0625, 0.0625, 0.0625, 0.0625, 0.0625, 0.0625, 0.0625]
[TRAIN]: (834/1600): reward: 16.92864027619362, rates: 17.92864012395337, loss: 1.9609027445316314, rho: 0.25, transmit_actions: 19, P: [0.5, 0.0625, 0.0625, 0.0625, 0.0625, 0.0625, 0.0625, 0.0625, 0.0625, 0.0625, 0.0625, 0.0625, 0.125, 0.0625, 0.0625, 0.0625, 0.0625, 0.0625, 0.0625, 0.125]
[TRAIN]: (835/1600): reward: 14.899539694190025, rates: 15.899539687759749, loss: 1.8280672669410705, rho: 0.2625, transmit_actions: 18, P: [0.5, 0.6875, 0.0625, 0.0625, 0.0625, 0.0625, 0.0625, 0.0625, 0.0625, 0.0625, 0.0625, 0.0625, 0.0625, 0.0625, 0.125, 0.125, 0.125, 0.125, 0.0625, 0.0625]
[TRAIN]: (836/1600): reward: 16.80951565504074, rates: 16.8095156654047, loss: 1.5566850885748864, rho: 0.2375, transmit_actions: 18, P: [0.5625, 0.6875, 0.0625, 0.0625, 0.0625, 0.0625, 0.0625, 0.125, 0.125, 0.125, 0.125, 0.125, 0.0625, 0.0625, 0.0625, 0.0625, 0.0625, 0.0625, 0.0625, 0.0625]
[TRAIN]: (837/1600): reward: 18.62793293595314, rates: 18.627933062740226, loss: 1.7561121135950089, rho: 0.2375, transmit_actions: 19, P: [0.625, 0.0625, 0.0625, 0.0625, 0.0625, 0.0625, 0.0625, 0.0625, 0.0625, 0.0625, 0.0625, 0.0625, 0.0625, 0.0625, 0.0625, 0.0625, 0.0625, 0.0625, 0.0625, 0.0625]
[TRAIN]: (838/1600): reward: 8.174725830554962, rates: 18.1747257744139, loss: 1.8596046656370162, rho: 0.175, transmit_actions: 18, P: [0.4375, 0.0625, 0.0625, 0.0625, 0.0625, 0.0625, 0.0625, 0.0625, 0.0625, 0.0625, 0.0625, 0.0625, 0.0625, 0.0625, 0.0625, 0.0625, 0.3125, 0.0625, 0.0625, 0.0625]
[TRAIN]: (839/1600): reward: 19.747687220573425, rates: 19.747687148347495, loss: 1.3590562433004378, rho: 0.18125, transmit_actions: 19, P: [0.875, 0.0625, 0.0625, 0.0625, 0.0625, 0.0625, 0.0625, 0.0625, 0.0625, 0.0625, 0.0625, 0.0625, 0.0625, 0.0625, 0.0625, 0.0625, 0.0625, 0.0625, 0.0625, 0.0625]
[TRAIN]: (840/1600): reward: -9.890423253178596, rates: 16.109576403936003, loss: 1.8855348169803618, rho: 0.225, transmit_actions: 19, P: [0.4375, 0.0625, 0.0625, 0.6875, 0.0625, 0.0625, 0.0625, 0.0625, 0.0625, 0.0625, 0.0625, 0.0625, 0.0625, 0.0625, 0.0625, 0.0625, 0.125, 0.625, 0.0625, 0.0625]
[TRAIN]: (841/1600): reward: 20.48683026432991, rates: 20.486830262256188, loss: 1.819127729535103, rho: 0.18125, transmit_actions: 19, P: [1.0, 0.0625, 0.0625, 0.0625, 0.0625, 0.0625, 0.0625, 0.0625, 0.125, 0.0625, 0.0625, 0.125, 0.0625, 0.0625, 0.125, 0.0625, 0.125, 0.0625, 0.0625, 0.0625]
[TRAIN]: (842/1600): reward: 18.87122267484665, rates: 18.871222580080854, loss: 1.740462264418602, rho: 0.2125, transmit_actions: 19, P: [1.0, 0.0625, 0.0625, 0.0625, 0.0625, 0.0625, 0.125, 0.0625, 0.0625, 0.0625, 0.0625, 0.0625, 0.125, 0.0625, 0.0625, 0.0625, 0.0625, 0.125, 0.0625, 0.0625]
[TRAIN]: (843/1600): reward: 17.108418837189674, rates: 21.108418782218685, loss: 1.4099165946245193, rho: 0.175, transmit_actions: 19, P: [0.6875, 0.0625, 0.125, 0.0625, 0.125, 0.125, 0.125, 0.125, 0.0625, 0.0625, 0.0625, 0.0625, 0.0625, 0.0625, 0.0625, 0.0625, 0.0625, 0.0625, 0.0625, 0.0625]
[TRAIN]: (844/1600): reward: 7.378860026597977, rates: 18.37885992210047, loss: 1.6647546410560607, rho: 0.21875, transmit_actions: 18, P: [0.6875, 0.0625, 0.0625, 0.0625, 0.0625, 0.0625, 0.0625, 0.0625, 0.0625, 0.0625, 0.0625, 0.0625, 0.0625, 0.0625, 0.0625, 0.0625, 0.0625, 0.125, 0.375, 0.125]
[TRAIN]: (845/1600): reward: 16.508353552315384, rates: 19.508353755849367, loss: 1.582906925678253, rho: 0.19375, transmit_actions: 19, P: [0.875, 0.0625, 0.0625, 0.125, 0.125, 0.125, 0.125, 0.125, 0.0625, 0.0625, 0.0625, 0.0625, 0.125, 0.0625, 0.0625, 0.0625, 0.0625, 0.0625, 0.125, 0.0625]
[TRAIN]: (846/1600): reward: 19.467564404010773, rates: 19.467564170909718, loss: 1.9079874277114868, rho: 0.18125, transmit_actions: 18, P: [0.875, 0.6875, 0.0625, 0.0625, 0.0625, 0.0625, 0.0625, 0.0625, 0.0625, 0.0625, 0.0625, 0.0625, 0.0625, 0.0625, 0.0625, 0.0625, 0.0625, 0.0625, 0.0625, 0.0625]
[TRAIN]: (847/1600): reward: 18.87196707725525, rates: 18.8719670042021, loss: 1.8450759440660476, rho: 0.20625, transmit_actions: 19, P: [0.875, 0.0625, 0.0625, 0.0625, 0.0625, 0.0625, 0.0625, 0.0625, 0.0625, 0.0625, 0.0625, 0.0625, 0.0625, 0.125, 0.0625, 0.0625, 0.0625, 0.0625, 0.0625, 0.0625]
[TRAIN]: (848/1600): reward: 19.185583472251892, rates: 19.185583365210956, loss: 1.615411776304245, rho: 0.225, transmit_actions: 19, P: [0.875, 0.0625, 0.0625, 0.0625, 0.0625, 0.0625, 0.0625, 0.0625, 0.0625, 0.0625, 0.0625, 0.0625, 0.0625, 0.0625, 0.0625, 0.0625, 0.0625, 0.0625, 0.0625, 0.0625]
[TRAIN]: (849/1600): reward: 19.669568419456482, rates: 19.669568414976617, loss: 1.457237681746483, rho: 0.19375, transmit_actions: 19, P: [0.875, 0.0625, 0.0625, 0.0625, 0.0625, 0.0625, 0.0625, 0.0625, 0.0625, 0.0625, 0.0625, 0.0625, 0.0625, 0.0625, 0.0625, 0.0625, 0.0625, 0.0625, 0.0625, 0.0625]
[TRAIN]: (850/1600): reward: 17.696152418851852, rates: 17.696152410477353, loss: 1.7198820561170578, rho: 0.16875, transmit_actions: 19, P: [0.875, 0.0625, 0.0625, 0.0625, 0.0625, 0.0625, 0.0625, 0.0625, 0.0625, 0.0625, 0.0625, 0.0625, 0.0625, 0.0625, 0.0625, 0.0625, 0.0625, 0.0625, 0.0625, 0.0625]
[TRAIN]: (851/1600): reward: 18.84297552704811, rates: 18.842975685345415, loss: 1.5359647750854493, rho: 0.21875, transmit_actions: 19, P: [0.5, 0.0625, 0.0625, 0.0625, 0.0625, 0.0625, 0.0625, 0.0625, 0.0625, 0.0625, 0.0625, 0.0625, 0.0625, 0.0625, 0.0625, 0.0625, 0.0625, 0.0625, 0.0625, 0.0625]
[TRAIN]: (852/1600): reward: 20.875865876674652, rates: 20.875865813558562, loss: 2.1138312995433806, rho: 0.1875, transmit_actions: 19, P: [0.875, 0.0625, 0.0625, 0.0625, 0.0625, 0.0625, 0.0625, 0.0625, 0.0625, 0.0625, 0.0625, 0.0625, 0.0625, 0.0625, 0.0625, 0.0625, 0.0625, 0.0625, 0.0625, 0.0625]
[TRAIN]: (853/1600): reward: 18.34049880504608, rates: 18.340498661147926, loss: 1.5265182673931121, rho: 0.19375, transmit_actions: 18, P: [1.0, 0.6875, 0.0625, 0.0625, 0.0625, 0.0625, 0.0625, 0.0625, 0.0625, 0.0625, 0.0625, 0.0625, 0.0625, 0.0625, 0.0625, 0.125, 0.0625, 0.0625, 0.0625, 0.0625]
[TRAIN]: (854/1600): reward: 6.4010776579380035, rates: 18.40107775953717, loss: 1.8595808461308478, rho: 0.2125, transmit_actions: 18, P: [0.875, 0.0625, 0.0625, 0.0625, 0.0625, 0.125, 0.0625, 0.0625, 0.125, 0.125, 0.0625, 0.0625, 0.0625, 0.125, 0.125, 0.0625, 0.0625, 0.0625, 0.0625, 0.625]
[TRAIN]: (855/1600): reward: 18.7119180560112, rates: 18.711918115959126, loss: 1.9541761755943299, rho: 0.2375, transmit_actions: 19, P: [1.0, 0.0625, 0.0625, 0.0625, 0.0625, 0.0625, 0.0625, 0.0625, 0.0625, 0.0625, 0.0625, 0.0625, 0.0625, 0.0625, 0.0625, 0.0625, 0.0625, 0.0625, 0.0625, 0.0625]
[TRAIN]: (856/1600): reward: 17.911022409796715, rates: 19.911022518674564, loss: 1.8718627214431762, rho: 0.21875, transmit_actions: 19, P: [1.0, 0.0625, 0.0625, 0.0625, 0.0625, 0.125, 0.125, 0.0625, 0.0625, 0.0625, 0.0625, 0.0625, 0.0625, 0.125, 0.125, 0.125, 0.125, 0.125, 0.0625, 0.0625]
[TRAIN]: (857/1600): reward: 19.234121590852737, rates: 19.23412130528157, loss: 1.5996501326560975, rho: 0.2, transmit_actions: 19, P: [1.0, 0.0625, 0.125, 0.0625, 0.0625, 0.0625, 0.0625, 0.125, 0.0625, 0.0625, 0.0625, 0.0625, 0.0625, 0.0625, 0.0625, 0.0625, 0.0625, 0.0625, 0.0625, 0.0625]
[TRAIN]: (858/1600): reward: 20.41594684123993, rates: 20.41594690479851, loss: 1.6677153676748275, rho: 0.19375, transmit_actions: 19, P: [1.0, 0.0625, 0.0625, 0.0625, 0.0625, 0.0625, 0.0625, 0.0625, 0.0625, 0.0625, 0.0625, 0.0625, 0.0625, 0.0625, 0.0625, 0.0625, 0.0625, 0.0625, 0.0625, 0.0625]
[TRAIN]: (859/1600): reward: 18.809090733528137, rates: 18.80909066616659, loss: 1.688746351003647, rho: 0.1875, transmit_actions: 19, P: [0.375, 0.0625, 0.0625, 0.0625, 0.0625, 0.0625, 0.0625, 0.0625, 0.0625, 0.0625, 0.0625, 0.0625, 0.0625, 0.0625, 0.0625, 0.0625, 0.0625, 0.0625, 0.0625, 0.0625]
[TRAIN]: (860/1600): reward: 20.78024074435234, rates: 20.78024079731851, loss: 1.493024042248726, rho: 0.18125, transmit_actions: 19, P: [0.375, 0.0625, 0.0625, 0.0625, 0.0625, 0.0625, 0.0625, 0.0625, 0.0625, 0.0625, 0.0625, 0.0625, 0.0625, 0.0625, 0.0625, 0.0625, 0.0625, 0.0625, 0.0625, 0.0625]
[TRAIN]: (861/1600): reward: 19.847288191318512, rates: 19.847288207997245, loss: 1.5797274380922317, rho: 0.2125, transmit_actions: 19, P: [1.0, 0.0625, 0.0625, 0.0625, 0.0625, 0.0625, 0.0625, 0.0625, 0.0625, 0.0625, 0.0625, 0.0625, 0.0625, 0.0625, 0.0625, 0.0625, 0.0625, 0.0625, 0.0625, 0.0625]
[TRAIN]: (862/1600): reward: 6.1655396819114685, rates: 18.165539720955273, loss: 1.5841160893440247, rho: 0.23125, transmit_actions: 19, P: [1.0, 0.0625, 0.0625, 0.125, 0.0625, 0.0625, 0.0625, 0.0625, 0.0625, 0.0625, 0.0625, 0.125, 0.625, 0.0625, 0.0625, 0.0625, 0.0625, 0.0625, 0.0625, 0.0625]
[TRAIN]: (863/1600): reward: 2.7069297432899475, rates: 16.706929867529862, loss: 1.4105220168828965, rho: 0.25, transmit_actions: 18, P: [0.3125, 0.9375, 0.0625, 0.0625, 0.0625, 0.0625, 0.8125, 0.0625, 0.0625, 0.0625, 0.0625, 0.0625, 0.0625, 0.125, 0.0625, 0.125, 0.125, 0.125, 0.125, 0.125]
[TRAIN]: (864/1600): reward: 18.52976357936859, rates: 19.52976341029991, loss: 1.6520589679479598, rho: 0.20625, transmit_actions: 18, P: [1.0, 0.6875, 0.0625, 0.0625, 0.0625, 0.0625, 0.0625, 0.0625, 0.0625, 0.0625, 0.0625, 0.0625, 0.0625, 0.0625, 0.0625, 0.0625, 0.0625, 0.0625, 0.125, 0.0625]
[TRAIN]: (865/1600): reward: 18.299351930618286, rates: 20.29935178988894, loss: 1.7150352105498314, rho: 0.18125, transmit_actions: 19, P: [1.0, 0.0625, 0.125, 0.0625, 0.0625, 0.0625, 0.0625, 0.0625, 0.0625, 0.0625, 0.0625, 0.0625, 0.0625, 0.0625, 0.0625, 0.0625, 0.0625, 0.0625, 0.0625, 0.0625]
[TRAIN]: (866/1600): reward: 9.709983706474304, rates: 19.709983806809056, loss: 1.584791162610054, rho: 0.225, transmit_actions: 18, P: [1.0, 0.0625, 0.0625, 0.0625, 0.0625, 0.0625, 0.0625, 0.125, 0.0625, 0.0625, 0.0625, 0.0625, 0.0625, 0.0625, 0.0625, 0.9375, 0.0625, 0.0625, 0.125, 0.0625]
[TRAIN]: (867/1600): reward: 18.813068106770515, rates: 20.813068250351964, loss: 1.3213420003652572, rho: 0.1875, transmit_actions: 18, P: [1.0, 0.6875, 0.0625, 0.0625, 0.0625, 0.125, 0.125, 0.125, 0.125, 0.0625, 0.0625, 0.125, 0.125, 0.0625, 0.0625, 0.0625, 0.0625, 0.0625, 0.125, 0.125]
[TRAIN]: (868/1600): reward: 20.556445717811584, rates: 20.55644585725999, loss: 1.5175299301743508, rho: 0.20625, transmit_actions: 19, P: [0.75, 0.0625, 0.125, 0.125, 0.125, 0.125, 0.0625, 0.0625, 0.0625, 0.0625, 0.0625, 0.0625, 0.0625, 0.0625, 0.0625, 0.0625, 0.0625, 0.0625, 0.0625, 0.125]
[TRAIN]: (869/1600): reward: 17.592631950974464, rates: 18.592631862330826, loss: 1.4226723685860634, rho: 0.2375, transmit_actions: 19, P: [0.75, 0.0625, 0.0625, 0.0625, 0.0625, 0.0625, 0.0625, 0.0625, 0.0625, 0.0625, 0.0625, 0.0625, 0.0625, 0.125, 0.0625, 0.0625, 0.0625, 0.0625, 0.125, 0.125]
[TRAIN]: (870/1600): reward: 11.415325403213501, rates: 19.41532514979347, loss: 1.9867920368909835, rho: 0.225, transmit_actions: 19, P: [1.0, 0.75, 0.0625, 0.0625, 0.0625, 0.0625, 0.0625, 0.0625, 0.0625, 0.0625, 0.0625, 0.0625, 0.0625, 0.0625, 0.0625, 0.125, 0.0625, 0.0625, 0.0625, 0.0625]
[TRAIN]: (871/1600): reward: 14.74612295627594, rates: 16.746123018900775, loss: 1.2862234175205232, rho: 0.25, transmit_actions: 19, P: [0.5625, 0.0625, 0.0625, 0.0625, 0.0625, 0.0625, 0.0625, 0.0625, 0.0625, 0.0625, 0.0625, 0.0625, 0.0625, 0.0625, 0.125, 0.125, 0.125, 0.0625, 0.0625, 0.125]
[TRAIN]: (872/1600): reward: 15.919997595250607, rates: 16.919997598708708, loss: 1.5663782387971878, rho: 0.25, transmit_actions: 19, P: [0.5625, 0.0625, 0.0625, 0.0625, 0.0625, 0.0625, 0.0625, 0.0625, 0.0625, 0.0625, 0.0625, 0.0625, 0.125, 0.0625, 0.125, 0.125, 0.0625, 0.0625, 0.0625, 0.125]
[TRAIN]: (873/1600): reward: 18.895746380090714, rates: 18.895746231942628, loss: 1.5612159848213196, rho: 0.1875, transmit_actions: 18, P: [0.375, 0.6875, 0.0625, 0.0625, 0.0625, 0.0625, 0.0625, 0.125, 0.0625, 0.0625, 0.0625, 0.0625, 0.0625, 0.0625, 0.0625, 0.0625, 0.0625, 0.0625, 0.0625, 0.0625]
[TRAIN]: (874/1600): reward: 9.09032717347145, rates: 19.090327214660974, loss: 1.4621337682008744, rho: 0.2125, transmit_actions: 18, P: [0.5625, 0.0625, 0.0625, 0.0625, 0.0625, 0.0625, 0.0625, 0.0625, 0.0625, 0.0625, 0.0625, 0.0625, 0.0625, 0.0625, 0.5, 0.0625, 0.0625, 0.0625, 0.0625, 0.0625]
[TRAIN]: (875/1600): reward: 19.761407911777496, rates: 19.761408064652635, loss: 1.589041855931282, rho: 0.23125, transmit_actions: 19, P: [0.5, 0.0625, 0.0625, 0.0625, 0.0625, 0.0625, 0.0625, 0.0625, 0.0625, 0.0625, 0.0625, 0.0625, 0.0625, 0.0625, 0.0625, 0.0625, 0.0625, 0.0625, 0.0625, 0.0625]
[TRAIN]: (876/1600): reward: 21.105340391397476, rates: 21.105340338032505, loss: 1.7640305370092393, rho: 0.18125, transmit_actions: 19, P: [0.375, 0.0625, 0.0625, 0.0625, 0.0625, 0.0625, 0.0625, 0.0625, 0.0625, 0.0625, 0.0625, 0.0625, 0.0625, 0.0625, 0.0625, 0.0625, 0.0625, 0.0625, 0.0625, 0.0625]
[TRAIN]: (877/1600): reward: 19.662252247333527, rates: 19.66225225865567, loss: 1.5420398965477944, rho: 0.18125, transmit_actions: 19, P: [0.4375, 0.0625, 0.0625, 0.0625, 0.0625, 0.0625, 0.0625, 0.0625, 0.0625, 0.0625, 0.0625, 0.0625, 0.0625, 0.0625, 0.0625, 0.0625, 0.0625, 0.0625, 0.0625, 0.0625]
[TRAIN]: (878/1600): reward: 19.758904099464417, rates: 19.758904053373673, loss: 1.5391774982213975, rho: 0.1875, transmit_actions: 19, P: [0.4375, 0.0625, 0.0625, 0.0625, 0.0625, 0.0625, 0.0625, 0.0625, 0.0625, 0.0625, 0.0625, 0.0625, 0.0625, 0.0625, 0.0625, 0.0625, 0.0625, 0.0625, 0.0625, 0.0625]
[TRAIN]: (879/1600): reward: 20.308405816555023, rates: 20.308405776905598, loss: 1.475513333082199, rho: 0.2, transmit_actions: 19, P: [0.25, 0.0625, 0.0625, 0.0625, 0.0625, 0.0625, 0.0625, 0.0625, 0.0625, 0.0625, 0.0625, 0.125, 0.0625, 0.0625, 0.0625, 0.0625, 0.0625, 0.0625, 0.0625, 0.0625]
[TRAIN]: (880/1600): reward: 20.002502381801605, rates: 20.002502421407485, loss: 1.5931780099868775, rho: 0.225, transmit_actions: 19, P: [0.9375, 0.0625, 0.0625, 0.0625, 0.0625, 0.0625, 0.0625, 0.0625, 0.0625, 0.0625, 0.0625, 0.0625, 0.0625, 0.0625, 0.0625, 0.0625, 0.0625, 0.0625, 0.0625, 0.0625]
[TRAIN]: (881/1600): reward: 19.86026829481125, rates: 19.860268364045204, loss: 1.5422798797488213, rho: 0.2, transmit_actions: 19, P: [0.625, 0.0625, 0.0625, 0.0625, 0.0625, 0.0625, 0.0625, 0.0625, 0.0625, 0.0625, 0.0625, 0.0625, 0.0625, 0.0625, 0.0625, 0.0625, 0.0625, 0.125, 0.0625, 0.0625]
[TRAIN]: (882/1600): reward: 19.788004398345947, rates: 20.788004382906802, loss: 1.5788591176271438, rho: 0.20625, transmit_actions: 19, P: [0.375, 0.0625, 0.0625, 0.0625, 0.0625, 0.0625, 0.0625, 0.0625, 0.0625, 0.0625, 0.0625, 0.0625, 0.0625, 0.0625, 0.125, 0.125, 0.0625, 0.0625, 0.0625, 0.0625]
[TRAIN]: (883/1600): reward: 19.78871899843216, rates: 19.788719091655143, loss: 1.6400835454463958, rho: 0.16875, transmit_actions: 19, P: [0.625, 0.0625, 0.0625, 0.0625, 0.0625, 0.0625, 0.0625, 0.0625, 0.0625, 0.0625, 0.0625, 0.0625, 0.0625, 0.0625, 0.0625, 0.0625, 0.0625, 0.0625, 0.0625, 0.0625]
[TRAIN]: (884/1600): reward: 21.00743055343628, rates: 21.00743064575248, loss: 1.6476146012544632, rho: 0.18125, transmit_actions: 19, P: [0.625, 0.0625, 0.0625, 0.0625, 0.0625, 0.0625, 0.0625, 0.0625, 0.0625, 0.0625, 0.0625, 0.0625, 0.0625, 0.0625, 0.0625, 0.0625, 0.0625, 0.0625, 0.0625, 0.0625]
[TRAIN]: (885/1600): reward: 20.00630122423172, rates: 20.006301117603822, loss: 1.5967649936676025, rho: 0.175, transmit_actions: 19, P: [0.625, 0.0625, 0.0625, 0.0625, 0.0625, 0.0625, 0.0625, 0.0625, 0.0625, 0.0625, 0.0625, 0.0625, 0.0625, 0.0625, 0.0625, 0.0625, 0.0625, 0.0625, 0.0625, 0.0625]
[TRAIN]: (886/1600): reward: 20.378204464912415, rates: 20.37820440601556, loss: 1.1822829946875573, rho: 0.1625, transmit_actions: 19, P: [0.625, 0.0625, 0.0625, 0.0625, 0.0625, 0.0625, 0.0625, 0.0625, 0.0625, 0.0625, 0.0625, 0.0625, 0.0625, 0.0625, 0.0625, 0.0625, 0.0625, 0.0625, 0.0625, 0.0625]
[TRAIN]: (887/1600): reward: 17.107258141040802, rates: 17.107258214304338, loss: 1.566410517692566, rho: 0.24375, transmit_actions: 19, P: [0.5625, 0.0625, 0.0625, 0.0625, 0.0625, 0.0625, 0.0625, 0.0625, 0.0625, 0.0625, 0.0625, 0.0625, 0.0625, 0.0625, 0.0625, 0.0625, 0.125, 0.125, 0.0625, 0.0625]
[TRAIN]: (888/1600): reward: 9.031280100345612, rates: 19.031280198839763, loss: 1.569113525748253, rho: 0.21875, transmit_actions: 18, P: [0.625, 0.0625, 0.0625, 0.0625, 0.0625, 0.0625, 0.0625, 0.0625, 0.0625, 0.0625, 0.0625, 0.0625, 0.0625, 0.0625, 0.0625, 0.0625, 0.0625, 0.0625, 0.0625, 1.0]
[TRAIN]: (889/1600): reward: 20.04629510641098, rates: 20.04629512383987, loss: 1.5341483741998672, rho: 0.19375, transmit_actions: 19, P: [0.625, 0.0625, 0.0625, 0.0625, 0.0625, 0.0625, 0.0625, 0.0625, 0.0625, 0.0625, 0.0625, 0.0625, 0.0625, 0.0625, 0.0625, 0.0625, 0.0625, 0.0625, 0.0625, 0.0625]
[TRAIN]: (890/1600): reward: 15.106066167354584, rates: 17.106066179307355, loss: 1.3624157309532166, rho: 0.21875, transmit_actions: 19, P: [0.75, 0.0625, 0.0625, 0.0625, 0.0625, 0.0625, 0.0625, 0.0625, 0.125, 0.0625, 0.0625, 0.0625, 0.0625, 0.0625, 0.0625, 0.125, 0.125, 0.125, 0.0625, 0.125]
[TRAIN]: (891/1600): reward: 16.097626864910126, rates: 19.097626800533515, loss: 1.7352593809366226, rho: 0.2, transmit_actions: 19, P: [0.625, 0.0625, 0.0625, 0.1875, 0.0625, 0.0625, 0.0625, 0.125, 0.0625, 0.0625, 0.0625, 0.0625, 0.0625, 0.0625, 0.0625, 0.0625, 0.0625, 0.125, 0.125, 0.0625]
[TRAIN]: (892/1600): reward: 20.330029100179672, rates: 20.33002911202359, loss: 1.684823128581047, rho: 0.175, transmit_actions: 19, P: [0.625, 0.0625, 0.0625, 0.0625, 0.0625, 0.0625, 0.0625, 0.0625, 0.0625, 0.0625, 0.0625, 0.0625, 0.125, 0.125, 0.125, 0.125, 0.0625, 0.125, 0.125, 0.0625]
[TRAIN]: (893/1600): reward: 20.986072212457657, rates: 20.986072264277606, loss: 1.699997255206108, rho: 0.2, transmit_actions: 19, P: [0.75, 0.0625, 0.125, 0.0625, 0.0625, 0.125, 0.125, 0.0625, 0.0625, 0.0625, 0.0625, 0.0625, 0.0625, 0.0625, 0.0625, 0.0625, 0.0625, 0.0625, 0.0625, 0.0625]
[TRAIN]: (894/1600): reward: 21.892534017562866, rates: 21.892533886986897, loss: 1.3475644953548909, rho: 0.1375, transmit_actions: 19, P: [0.625, 0.0625, 0.0625, 0.0625, 0.0625, 0.0625, 0.0625, 0.0625, 0.0625, 0.0625, 0.0625, 0.0625, 0.0625, 0.0625, 0.0625, 0.0625, 0.0625, 0.0625, 0.0625, 0.0625]
[TRAIN]: (895/1600): reward: 0.1892620325088501, rates: 17.18926216235741, loss: 1.5008150920271874, rho: 0.2125, transmit_actions: 18, P: [0.75, 0.6875, 0.0625, 0.0625, 0.0625, 0.0625, 0.0625, 0.0625, 0.0625, 0.0625, 0.0625, 0.0625, 0.0625, 0.875, 0.0625, 0.0625, 0.0625, 0.0625, 0.0625, 0.0625]
[TRAIN]: (896/1600): reward: 20.428810328245163, rates: 20.42881038736122, loss: 1.4847653716802598, rho: 0.19375, transmit_actions: 19, P: [0.75, 0.0625, 0.0625, 0.0625, 0.0625, 0.0625, 0.0625, 0.0625, 0.0625, 0.0625, 0.0625, 0.0625, 0.0625, 0.0625, 0.125, 0.0625, 0.0625, 0.0625, 0.0625, 0.0625]
[TRAIN]: (897/1600): reward: 18.756083846092224, rates: 18.75608379870144, loss: 1.512540775537491, rho: 0.19375, transmit_actions: 18, P: [0.75, 0.6875, 0.0625, 0.0625, 0.0625, 0.0625, 0.0625, 0.0625, 0.0625, 0.0625, 0.0625, 0.0625, 0.0625, 0.0625, 0.0625, 0.0625, 0.0625, 0.0625, 0.0625, 0.0625]
[TRAIN]: (898/1600): reward: 20.360320806503296, rates: 20.360320622837833, loss: 1.6167238295078277, rho: 0.1875, transmit_actions: 19, P: [0.75, 0.0625, 0.0625, 0.0625, 0.0625, 0.0625, 0.0625, 0.0625, 0.0625, 0.0625, 0.0625, 0.0625, 0.0625, 0.0625, 0.0625, 0.125, 0.125, 0.125, 0.0625, 0.0625]
[TRAIN]: (899/1600): reward: 18.83902832865715, rates: 19.839028298714435, loss: 1.5679604828357696, rho: 0.20625, transmit_actions: 19, P: [0.75, 0.0625, 0.0625, 0.0625, 0.0625, 0.125, 0.0625, 0.0625, 0.0625, 0.0625, 0.0625, 0.0625, 0.0625, 0.125, 0.125, 0.125, 0.125, 0.0625, 0.125, 0.0625]
[TRAIN]: (900/1600): reward: 19.53214818239212, rates: 19.532148265518124, loss: 1.6316730499267578, rho: 0.2, transmit_actions: 19, P: [0.75, 0.0625, 0.125, 0.0625, 0.0625, 0.0625, 0.0625, 0.0625, 0.0625, 0.0625, 0.0625, 0.0625, 0.0625, 0.0625, 0.0625, 0.0625, 0.0625, 0.0625, 0.0625, 0.0625]
[TRAIN]: (901/1600): reward: 19.315901577472687, rates: 19.315901429363848, loss: 1.4443585634231568, rho: 0.2125, transmit_actions: 19, P: [0.875, 0.0625, 0.0625, 0.0625, 0.0625, 0.0625, 0.0625, 0.0625, 0.0625, 0.0625, 0.0625, 0.0625, 0.0625, 0.0625, 0.0625, 0.0625, 0.0625, 0.0625, 0.0625, 0.0625]
[TRAIN]: (902/1600): reward: 17.25112894177437, rates: 20.251129031783773, loss: 1.728926318883896, rho: 0.2, transmit_actions: 19, P: [0.75, 0.0625, 0.0625, 0.0625, 0.0625, 0.0625, 0.0625, 0.0625, 0.25, 0.0625, 0.0625, 0.0625, 0.0625, 0.125, 0.0625, 0.0625, 0.0625, 0.0625, 0.0625, 0.0625]
[TRAIN]: (903/1600): reward: 20.296593189239502, rates: 20.29659312586862, loss: 1.7562979489564896, rho: 0.21875, transmit_actions: 19, P: [0.75, 0.0625, 0.0625, 0.0625, 0.0625, 0.0625, 0.0625, 0.0625, 0.0625, 0.0625, 0.0625, 0.0625, 0.0625, 0.125, 0.0625, 0.0625, 0.0625, 0.0625, 0.0625, 0.0625]
[TRAIN]: (904/1600): reward: 19.541443049907684, rates: 19.541443015104658, loss: 1.5319455832242965, rho: 0.19375, transmit_actions: 19, P: [0.25, 0.0625, 0.0625, 0.125, 0.0625, 0.0625, 0.0625, 0.0625, 0.0625, 0.0625, 0.0625, 0.0625, 0.0625, 0.0625, 0.0625, 0.0625, 0.0625, 0.0625, 0.0625, 0.0625]
[TRAIN]: (905/1600): reward: 22.439005941152573, rates: 22.439005877430336, loss: 1.3436816304922103, rho: 0.16875, transmit_actions: 19, P: [1.0, 0.0625, 0.0625, 0.0625, 0.0625, 0.0625, 0.0625, 0.0625, 0.0625, 0.0625, 0.0625, 0.0625, 0.125, 0.0625, 0.0625, 0.0625, 0.0625, 0.0625, 0.0625, 0.125]
[TRAIN]: (906/1600): reward: 18.084410056471825, rates: 20.08441029829282, loss: 1.5855646267533303, rho: 0.16875, transmit_actions: 19, P: [1.0, 0.0625, 0.0625, 0.0625, 0.0625, 0.0625, 0.0625, 0.0625, 0.0625, 0.0625, 0.0625, 0.0625, 0.0625, 0.0625, 0.0625, 0.0625, 0.0625, 0.125, 0.125, 0.125]
[TRAIN]: (907/1600): reward: 8.844131350517273, rates: 18.844131078079165, loss: 1.763859970867634, rho: 0.2125, transmit_actions: 18, P: [0.5, 0.6875, 0.0625, 0.0625, 0.0625, 0.0625, 0.0625, 0.0625, 0.0625, 0.0625, 0.0625, 0.0625, 0.125, 0.0625, 0.0625, 0.0625, 0.0625, 0.0625, 0.0625, 0.0625]
[TRAIN]: (908/1600): reward: 20.462098240852356, rates: 20.462098275006305, loss: 1.3268698096275329, rho: 0.23125, transmit_actions: 19, P: [0.8125, 0.0625, 0.0625, 0.0625, 0.0625, 0.0625, 0.0625, 0.0625, 0.0625, 0.0625, 0.0625, 0.125, 0.125, 0.0625, 0.125, 0.0625, 0.0625, 0.0625, 0.0625, 0.0625]
[TRAIN]: (909/1600): reward: 16.672623179852962, rates: 18.672623160654407, loss: 1.5140266954898833, rho: 0.2125, transmit_actions: 19, P: [0.8125, 0.0625, 0.0625, 0.0625, 0.0625, 0.0625, 0.0625, 0.0625, 0.0625, 0.0625, 0.0625, 0.0625, 0.0625, 0.0625, 0.0625, 0.125, 0.0625, 0.0625, 0.0625, 0.0625]
[TRAIN]: (910/1600): reward: 20.195976555347443, rates: 20.19597661930039, loss: 1.6477531909942627, rho: 0.16875, transmit_actions: 19, P: [1.0, 0.0625, 0.0625, 0.0625, 0.0625, 0.0625, 0.0625, 0.0625, 0.0625, 0.0625, 0.0625, 0.0625, 0.0625, 0.0625, 0.0625, 0.125, 0.0625, 0.125, 0.0625, 0.0625]
[TRAIN]: (911/1600): reward: 10.517369031906128, rates: 19.517369052462634, loss: 1.3082475423812867, rho: 0.19375, transmit_actions: 19, P: [1.0, 0.0625, 0.0625, 0.125, 0.0625, 0.0625, 0.0625, 0.0625, 0.0625, 0.0625, 0.125, 0.125, 0.0625, 0.0625, 0.0625, 0.0625, 0.4375, 0.0625, 0.0625, 0.0625]
[TRAIN]: (912/1600): reward: 19.44959908723831, rates: 20.449599055063036, loss: 1.4112362012267112, rho: 0.2125, transmit_actions: 19, P: [0.6875, 0.0625, 0.0625, 0.0625, 0.0625, 0.0625, 0.0625, 0.0625, 0.0625, 0.0625, 0.0625, 0.0625, 0.0625, 0.0625, 0.125, 0.0625, 0.0625, 0.125, 0.0625, 0.0625]
[TRAIN]: (913/1600): reward: 19.74603632092476, rates: 19.746036374813855, loss: 1.6119879513978959, rho: 0.20625, transmit_actions: 19, P: [0.6875, 0.0625, 0.0625, 0.0625, 0.0625, 0.0625, 0.0625, 0.0625, 0.0625, 0.0625, 0.0625, 0.0625, 0.0625, 0.0625, 0.0625, 0.0625, 0.0625, 0.0625, 0.0625, 0.0625]
[TRAIN]: (914/1600): reward: 18.747171342372894, rates: 18.74717135081001, loss: 1.4154684603214265, rho: 0.1875, transmit_actions: 19, P: [0.8125, 0.0625, 0.0625, 0.0625, 0.0625, 0.0625, 0.0625, 0.0625, 0.0625, 0.0625, 0.0625, 0.0625, 0.0625, 0.0625, 0.0625, 0.0625, 0.125, 0.0625, 0.0625, 0.0625]
[TRAIN]: (915/1600): reward: 20.75460982322693, rates: 20.754609732701688, loss: 1.539082372188568, rho: 0.15625, transmit_actions: 19, P: [0.4375, 0.0625, 0.0625, 0.0625, 0.0625, 0.0625, 0.0625, 0.0625, 0.0625, 0.0625, 0.0625, 0.0625, 0.0625, 0.0625, 0.0625, 0.0625, 0.0625, 0.0625, 0.0625, 0.0625]
[TRAIN]: (916/1600): reward: 19.293008029460907, rates: 19.293008211098797, loss: 1.6538251668214798, rho: 0.1625, transmit_actions: 19, P: [0.6875, 0.0625, 0.0625, 0.125, 0.0625, 0.0625, 0.0625, 0.0625, 0.0625, 0.0625, 0.0625, 0.0625, 0.0625, 0.0625, 0.0625, 0.0625, 0.0625, 0.0625, 0.0625, 0.0625]
[TRAIN]: (917/1600): reward: 19.395774126052856, rates: 19.395774034729367, loss: 1.7726519584655762, rho: 0.19375, transmit_actions: 19, P: [0.5, 0.0625, 0.0625, 0.0625, 0.0625, 0.0625, 0.0625, 0.0625, 0.0625, 0.0625, 0.0625, 0.0625, 0.0625, 0.125, 0.0625, 0.0625, 0.0625, 0.0625, 0.0625, 0.0625]
[TRAIN]: (918/1600): reward: 18.583158414810896, rates: 19.583158439784235, loss: 1.3635784462094307, rho: 0.20625, transmit_actions: 19, P: [0.6875, 0.0625, 0.0625, 0.0625, 0.0625, 0.0625, 0.0625, 0.0625, 0.0625, 0.0625, 0.0625, 0.0625, 0.0625, 0.125, 0.0625, 0.0625, 0.0625, 0.0625, 0.0625, 0.0625]
[TRAIN]: (919/1600): reward: 8.932710230350494, rates: 18.932709948018374, loss: 1.481028527021408, rho: 0.23125, transmit_actions: 18, P: [0.5, 0.0625, 0.0625, 0.0625, 0.0625, 0.0625, 0.0625, 0.0625, 0.0625, 0.9375, 0.0625, 0.0625, 0.125, 0.0625, 0.0625, 0.875, 0.0625, 0.125, 0.0625, 0.125]
[TRAIN]: (920/1600): reward: 9.176096439361572, rates: 19.176096605336703, loss: 1.602417179942131, rho: 0.1875, transmit_actions: 18, P: [0.6875, 0.0625, 0.0625, 0.0625, 0.0625, 0.0625, 0.0625, 0.0625, 0.0625, 0.0625, 0.0625, 0.0625, 0.0625, 0.0625, 0.0625, 0.0625, 0.5625, 0.0625, 0.0625, 0.0625]
[TRAIN]: (921/1600): reward: 19.438270561397076, rates: 20.438270298327247, loss: 1.4280902683734893, rho: 0.18125, transmit_actions: 19, P: [0.6875, 0.0625, 0.0625, 0.0625, 0.0625, 0.0625, 0.0625, 0.0625, 0.0625, 0.0625, 0.0625, 0.0625, 0.0625, 0.0625, 0.0625, 0.0625, 0.0625, 0.0625, 0.125, 0.125]
[TRAIN]: (922/1600): reward: 20.63758021593094, rates: 20.637580311604115, loss: 1.155386534333229, rho: 0.16875, transmit_actions: 19, P: [0.6875, 0.0625, 0.0625, 0.0625, 0.0625, 0.0625, 0.0625, 0.125, 0.0625, 0.0625, 0.0625, 0.0625, 0.0625, 0.0625, 0.0625, 0.0625, 0.0625, 0.0625, 0.0625, 0.0625]
[TRAIN]: (923/1600): reward: 15.551770731806755, rates: 17.55177087767533, loss: 1.5481623381376266, rho: 0.275, transmit_actions: 19, P: [0.6875, 0.0625, 0.0625, 0.0625, 0.0625, 0.0625, 0.0625, 0.0625, 0.0625, 0.0625, 0.0625, 0.0625, 0.0625, 0.125, 0.125, 0.125, 0.125, 0.125, 0.0625, 0.0625]
[TRAIN]: (924/1600): reward: 14.869782969355583, rates: 16.86978294052882, loss: 1.563773201406002, rho: 0.26875, transmit_actions: 19, P: [0.6875, 0.0625, 0.0625, 0.0625, 0.0625, 0.0625, 0.0625, 0.0625, 0.125, 0.125, 0.0625, 0.0625, 0.0625, 0.0625, 0.0625, 0.0625, 0.125, 0.0625, 0.125, 0.125]
[TRAIN]: (925/1600): reward: 18.60735309123993, rates: 19.607353122141582, loss: 1.3334115967154503, rho: 0.20625, transmit_actions: 19, P: [0.4375, 0.0625, 0.0625, 0.0625, 0.0625, 0.0625, 0.0625, 0.0625, 0.0625, 0.0625, 0.0625, 0.0625, 0.0625, 0.0625, 0.0625, 0.125, 0.125, 0.125, 0.0625, 0.0625]
[TRAIN]: (926/1600): reward: 18.4632498472929, rates: 20.463249752290377, loss: 1.4043444603681565, rho: 0.1875, transmit_actions: 19, P: [0.5625, 0.0625, 0.0625, 0.0625, 0.125, 0.0625, 0.0625, 0.0625, 0.0625, 0.0625, 0.0625, 0.0625, 0.0625, 0.0625, 0.0625, 0.125, 0.0625, 0.125, 0.0625, 0.125]
[TRAIN]: (927/1600): reward: 20.471982896327972, rates: 20.471982839356816, loss: 1.613279014825821, rho: 0.1625, transmit_actions: 19, P: [0.5625, 0.0625, 0.0625, 0.0625, 0.0625, 0.0625, 0.0625, 0.0625, 0.0625, 0.0625, 0.0625, 0.0625, 0.0625, 0.0625, 0.0625, 0.0625, 0.0625, 0.0625, 0.0625, 0.0625]
[TRAIN]: (928/1600): reward: 20.832738757133484, rates: 20.832738726398457, loss: 1.4870254427194596, rho: 0.175, transmit_actions: 19, P: [0.4375, 0.0625, 0.0625, 0.0625, 0.0625, 0.0625, 0.0625, 0.0625, 0.0625, 0.0625, 0.0625, 0.0625, 0.125, 0.0625, 0.0625, 0.0625, 0.0625, 0.0625, 0.0625, 0.0625]
[TRAIN]: (929/1600): reward: 20.58863604068756, rates: 20.588635992034856, loss: 1.4990664362907409, rho: 0.19375, transmit_actions: 19, P: [0.8125, 0.0625, 0.0625, 0.0625, 0.0625, 0.0625, 0.0625, 0.0625, 0.0625, 0.125, 0.0625, 0.0625, 0.0625, 0.0625, 0.0625, 0.0625, 0.0625, 0.0625, 0.0625, 0.0625]
[TRAIN]: (930/1600): reward: 18.635616898536682, rates: 19.63561675873145, loss: 1.410386100411415, rho: 0.21875, transmit_actions: 19, P: [0.8125, 0.0625, 0.0625, 0.0625, 0.0625, 0.0625, 0.0625, 0.0625, 0.0625, 0.0625, 0.0625, 0.125, 0.0625, 0.125, 0.0625, 0.0625, 0.0625, 0.0625, 0.0625, 0.0625]
[TRAIN]: (931/1600): reward: 20.504454791545868, rates: 20.504454822956824, loss: 1.3073835164308547, rho: 0.18125, transmit_actions: 19, P: [0.8125, 0.0625, 0.0625, 0.0625, 0.0625, 0.0625, 0.0625, 0.0625, 0.0625, 0.0625, 0.0625, 0.0625, 0.0625, 0.0625, 0.0625, 0.0625, 0.0625, 0.0625, 0.0625, 0.0625]
[TRAIN]: (932/1600): reward: 20.489244759082794, rates: 20.48924497802436, loss: 1.6008671581745149, rho: 0.1875, transmit_actions: 19, P: [0.875, 0.0625, 0.0625, 0.0625, 0.0625, 0.0625, 0.0625, 0.0625, 0.0625, 0.0625, 0.0625, 0.0625, 0.0625, 0.0625, 0.0625, 0.0625, 0.0625, 0.0625, 0.0625, 0.0625]
[TRAIN]: (933/1600): reward: 16.998165354132652, rates: 17.99816544032685, loss: 1.3177515164017677, rho: 0.18125, transmit_actions: 19, P: [0.6875, 0.0625, 0.0625, 0.0625, 0.0625, 0.0625, 0.0625, 0.0625, 0.0625, 0.0625, 0.125, 0.0625, 0.0625, 0.0625, 0.0625, 0.0625, 0.0625, 0.0625, 0.0625, 0.0625]
[TRAIN]: (934/1600): reward: 19.223525136709213, rates: 19.22352511984186, loss: 2.009901314973831, rho: 0.18125, transmit_actions: 18, P: [0.8125, 0.875, 0.0625, 0.0625, 0.0625, 0.0625, 0.0625, 0.0625, 0.0625, 0.0625, 0.0625, 0.0625, 0.0625, 0.0625, 0.0625, 0.0625, 0.0625, 0.0625, 0.0625, 0.125]
[TRAIN]: (935/1600): reward: 19.937501966953278, rates: 19.937502119885217, loss: 1.447406069934368, rho: 0.18125, transmit_actions: 19, P: [0.8125, 0.0625, 0.0625, 0.0625, 0.0625, 0.0625, 0.0625, 0.0625, 0.0625, 0.0625, 0.0625, 0.0625, 0.0625, 0.0625, 0.0625, 0.0625, 0.0625, 0.0625, 0.0625, 0.0625]
[TRAIN]: (936/1600): reward: 19.106177926063538, rates: 19.10617786754186, loss: 1.1816154450178147, rho: 0.16875, transmit_actions: 19, P: [0.875, 0.0625, 0.0625, 0.0625, 0.0625, 0.0625, 0.0625, 0.0625, 0.0625, 0.0625, 0.0625, 0.0625, 0.0625, 0.0625, 0.0625, 0.0625, 0.0625, 0.0625, 0.0625, 0.0625]
[TRAIN]: (937/1600): reward: 8.753210425376892, rates: 18.753210478487947, loss: 1.5126816570758819, rho: 0.2125, transmit_actions: 18, P: [0.8125, 0.0625, 0.0625, 0.0625, 0.375, 0.0625, 0.0625, 0.0625, 0.0625, 0.0625, 0.0625, 0.0625, 0.0625, 0.0625, 0.0625, 0.0625, 0.125, 0.125, 0.125, 0.0625]
[TRAIN]: (938/1600): reward: 17.937588274478912, rates: 18.937588051393778, loss: 1.4235258162021638, rho: 0.21875, transmit_actions: 19, P: [0.8125, 0.0625, 0.0625, 0.0625, 0.0625, 0.0625, 0.0625, 0.0625, 0.125, 0.0625, 0.0625, 0.0625, 0.0625, 0.0625, 0.0625, 0.125, 0.0625, 0.0625, 0.0625, 0.0625]
[TRAIN]: (939/1600): reward: 19.93182545900345, rates: 19.931825408921654, loss: 1.5552354991436004, rho: 0.20625, transmit_actions: 19, P: [0.8125, 0.0625, 0.0625, 0.0625, 0.0625, 0.0625, 0.0625, 0.0625, 0.0625, 0.0625, 0.0625, 0.0625, 0.0625, 0.0625, 0.125, 0.0625, 0.0625, 0.0625, 0.0625, 0.0625]
[TRAIN]: (940/1600): reward: 18.135768972337246, rates: 20.135768989919388, loss: 1.5955240935087205, rho: 0.19375, transmit_actions: 19, P: [0.5, 0.0625, 0.0625, 0.0625, 0.0625, 0.0625, 0.0625, 0.0625, 0.0625, 0.125, 0.0625, 0.125, 0.125, 0.125, 0.0625, 0.0625, 0.0625, 0.125, 0.125, 0.0625]
[TRAIN]: (941/1600): reward: 20.34662902355194, rates: 20.346629017434786, loss: 1.4584984630346298, rho: 0.2125, transmit_actions: 19, P: [0.8125, 0.0625, 0.0625, 0.0625, 0.0625, 0.0625, 0.0625, 0.0625, 0.0625, 0.0625, 0.0625, 0.0625, 0.0625, 0.0625, 0.0625, 0.0625, 0.0625, 0.0625, 0.0625, 0.0625]
[TRAIN]: (942/1600): reward: 21.09190845489502, rates: 21.091908466542137, loss: 1.3183624386787414, rho: 0.2125, transmit_actions: 19, P: [0.8125, 0.0625, 0.0625, 0.0625, 0.0625, 0.0625, 0.0625, 0.125, 0.125, 0.125, 0.125, 0.0625, 0.0625, 0.125, 0.0625, 0.0625, 0.125, 0.125, 0.0625, 0.0625]
[TRAIN]: (943/1600): reward: 18.95455503463745, rates: 18.954554974817526, loss: 1.4426910370588302, rho: 0.2, transmit_actions: 19, P: [0.8125, 0.0625, 0.0625, 0.0625, 0.0625, 0.0625, 0.0625, 0.0625, 0.0625, 0.0625, 0.0625, 0.0625, 0.0625, 0.0625, 0.0625, 0.0625, 0.0625, 0.0625, 0.0625, 0.0625]
[TRAIN]: (944/1600): reward: 19.451283305883408, rates: 19.451283115361772, loss: 1.2596623063087464, rho: 0.2, transmit_actions: 19, P: [0.6875, 0.0625, 0.0625, 0.0625, 0.0625, 0.0625, 0.0625, 0.0625, 0.0625, 0.0625, 0.0625, 0.0625, 0.125, 0.0625, 0.0625, 0.0625, 0.0625, 0.0625, 0.0625, 0.0625]
[TRAIN]: (945/1600): reward: 18.33212599158287, rates: 18.3321258315705, loss: 1.4390174508094788, rho: 0.175, transmit_actions: 18, P: [0.6875, 0.0625, 0.0625, 0.0625, 0.0625, 0.0625, 0.0625, 0.0625, 0.0625, 0.0625, 0.0625, 0.0625, 0.0625, 0.0625, 0.0625, 0.6875, 0.0625, 0.0625, 0.0625, 0.0625]
[TRAIN]: (946/1600): reward: 20.676470398902893, rates: 20.676470337020383, loss: 1.5786770761013031, rho: 0.15625, transmit_actions: 19, P: [0.5, 0.0625, 0.0625, 0.0625, 0.0625, 0.0625, 0.0625, 0.0625, 0.0625, 0.0625, 0.0625, 0.0625, 0.0625, 0.0625, 0.0625, 0.0625, 0.0625, 0.0625, 0.0625, 0.0625]
[TRAIN]: (947/1600): reward: 20.32692116498947, rates: 20.32692085018064, loss: 1.1016083389520646, rho: 0.1875, transmit_actions: 19, P: [0.375, 0.0625, 0.0625, 0.0625, 0.0625, 0.0625, 0.0625, 0.0625, 0.0625, 0.0625, 0.0625, 0.0625, 0.0625, 0.0625, 0.0625, 0.0625, 0.0625, 0.125, 0.125, 0.125]
[TRAIN]: (948/1600): reward: 18.20826068520546, rates: 19.208260721539283, loss: 1.36160296946764, rho: 0.1875, transmit_actions: 19, P: [0.75, 0.0625, 0.0625, 0.0625, 0.0625, 0.0625, 0.0625, 0.0625, 0.0625, 0.0625, 0.0625, 0.0625, 0.0625, 0.0625, 0.0625, 0.0625, 0.0625, 0.0625, 0.0625, 0.125]
[TRAIN]: (949/1600): reward: 19.617972403764725, rates: 19.617972555163934, loss: 1.4310917839407922, rho: 0.15625, transmit_actions: 19, P: [0.9375, 0.0625, 0.0625, 0.0625, 0.0625, 0.0625, 0.0625, 0.0625, 0.0625, 0.0625, 0.0625, 0.0625, 0.0625, 0.0625, 0.0625, 0.0625, 0.0625, 0.0625, 0.0625, 0.0625]
[TRAIN]: (950/1600): reward: 18.691210210323334, rates: 18.691210145349594, loss: 1.2500330567359925, rho: 0.2, transmit_actions: 19, P: [0.75, 0.0625, 0.0625, 0.125, 0.0625, 0.0625, 0.0625, 0.0625, 0.0625, 0.0625, 0.0625, 0.0625, 0.125, 0.0625, 0.0625, 0.0625, 0.0625, 0.0625, 0.125, 0.0625]
[TRAIN]: (951/1600): reward: 17.888367488980293, rates: 18.88836736801251, loss: 1.435617658495903, rho: 0.16875, transmit_actions: 19, P: [0.3125, 0.0625, 0.0625, 0.0625, 0.0625, 0.0625, 0.0625, 0.0625, 0.0625, 0.0625, 0.0625, 0.0625, 0.125, 0.0625, 0.0625, 0.0625, 0.125, 0.0625, 0.0625, 0.0625]
[TRAIN]: (952/1600): reward: 20.11140263080597, rates: 21.111402647671834, loss: 1.6738433569669724, rho: 0.15625, transmit_actions: 20, P: [0.0, 0.0625, 0.0625, 0.0625, 0.125, 0.0625, 0.0625, 0.0625, 0.0625, 0.0625, 0.0625, 0.0625, 0.0625, 0.0625, 0.0625, 0.0625, 0.0625, 0.0625, 0.0625, 0.0625]
[TRAIN]: (953/1600): reward: 17.681097269058228, rates: 17.681097408535415, loss: 1.351783737540245, rho: 0.24375, transmit_actions: 19, P: [0.375, 0.0625, 0.0625, 0.0625, 0.0625, 0.0625, 0.0625, 0.0625, 0.0625, 0.0625, 0.0625, 0.0625, 0.125, 0.0625, 0.0625, 0.0625, 0.0625, 0.0625, 0.125, 0.0625]
[TRAIN]: (954/1600): reward: 17.07983621954918, rates: 18.079836301819704, loss: 1.3672975614666938, rho: 0.18125, transmit_actions: 19, P: [0.4375, 0.0625, 0.0625, 0.0625, 0.0625, 0.0625, 0.0625, 0.0625, 0.0625, 0.0625, 0.0625, 0.0625, 0.0625, 0.0625, 0.0625, 0.0625, 0.0625, 0.125, 0.0625, 0.0625]
[TRAIN]: (955/1600): reward: 19.698262214660645, rates: 19.698262261011394, loss: 1.4707356631755828, rho: 0.175, transmit_actions: 19, P: [0.625, 0.0, 0.0625, 0.0625, 0.0625, 0.0625, 0.0625, 0.0625, 0.0625, 0.0625, 0.0625, 0.0625, 0.125, 0.125, 0.125, 0.0625, 0.125, 0.0625, 0.125, 0.0625]
[TRAIN]: (956/1600): reward: 21.52718675136566, rates: 21.52718670509155, loss: 1.5197601482272147, rho: 0.15, transmit_actions: 19, P: [0.625, 0.0625, 0.0625, 0.0625, 0.0625, 0.0625, 0.0625, 0.0625, 0.0625, 0.125, 0.0625, 0.0625, 0.0625, 0.0625, 0.0625, 0.0625, 0.0625, 0.0625, 0.0625, 0.0625]
[TRAIN]: (957/1600): reward: 22.53973564505577, rates: 22.53973575697, loss: 1.257671558856964, rho: 0.175, transmit_actions: 19, P: [0.625, 0.0625, 0.0625, 0.0625, 0.0625, 0.0625, 0.0625, 0.0625, 0.0625, 0.0625, 0.0625, 0.0625, 0.0625, 0.0625, 0.0625, 0.0625, 0.125, 0.0625, 0.0625, 0.0625]
[TRAIN]: (958/1600): reward: 8.482903152704239, rates: 19.482903288310027, loss: 1.626037245988846, rho: 0.16875, transmit_actions: 18, P: [0.625, 0.0625, 0.625, 0.125, 0.125, 0.125, 0.125, 0.125, 0.0625, 0.0625, 0.0625, 0.0625, 0.0625, 0.0625, 0.0625, 0.0625, 0.0625, 0.0625, 0.0625, 0.0625]
[TRAIN]: (959/1600): reward: 20.422935804817826, rates: 21.42293592149548, loss: 1.6913810193538665, rho: 0.16875, transmit_actions: 19, P: [0.625, 0.0625, 0.0625, 0.0625, 0.0625, 0.0625, 0.0625, 0.0625, 0.125, 0.0625, 0.0625, 0.0625, 0.0625, 0.0625, 0.125, 0.0625, 0.125, 0.125, 0.125, 0.0625]
[TRAIN]: (960/1600): reward: 7.332457259297371, rates: 18.332457336367334, loss: 1.406782127916813, rho: 0.2375, transmit_actions: 18, P: [0.625, 0.0625, 0.0625, 0.0625, 0.0625, 0.0625, 0.0625, 0.125, 0.0625, 0.0625, 0.0625, 0.0625, 0.125, 0.25, 0.0625, 0.125, 0.0625, 0.0625, 0.125, 0.0625]
[TRAIN]: (961/1600): reward: 20.570822954177856, rates: 21.570822900092065, loss: 1.5046370685100556, rho: 0.1625, transmit_actions: 19, P: [0.75, 0.0625, 0.0625, 0.0625, 0.0625, 0.0625, 0.0625, 0.0625, 0.0625, 0.0625, 0.0625, 0.0625, 0.0625, 0.0625, 0.0625, 0.0625, 0.0625, 0.0625, 0.0625, 0.0625]
[TRAIN]: (962/1600): reward: 4.8747855722904205, rates: 16.874785820714674, loss: 1.1258452251553535, rho: 0.19375, transmit_actions: 18, P: [0.625, 0.0625, 0.0625, 0.0625, 0.0625, 0.0625, 0.1875, 0.0625, 0.0625, 0.0625, 0.0625, 0.0625, 0.0625, 0.0625, 0.0625, 0.0625, 0.0625, 0.125, 0.0625, 0.0625]
[TRAIN]: (963/1600): reward: 18.458746388554573, rates: 19.458746319534722, loss: 1.2863551035523415, rho: 0.16875, transmit_actions: 19, P: [0.5625, 0.0625, 0.125, 0.125, 0.0625, 0.0625, 0.0625, 0.0625, 0.0625, 0.125, 0.0625, 0.0625, 0.0625, 0.0625, 0.0625, 0.0625, 0.0625, 0.0625, 0.0625, 0.0625]
[TRAIN]: (964/1600): reward: 20.899182379245758, rates: 20.899182342429466, loss: 1.6713015481829643, rho: 0.175, transmit_actions: 19, P: [0.6875, 0.0625, 0.0625, 0.0625, 0.0625, 0.0625, 0.0625, 0.0625, 0.0625, 0.0625, 0.0625, 0.0625, 0.0625, 0.0625, 0.0625, 0.0625, 0.0625, 0.0625, 0.0625, 0.0625]
[TRAIN]: (965/1600): reward: 18.561039686203003, rates: 18.561039659163995, loss: 1.3367115244269372, rho: 0.1875, transmit_actions: 19, P: [0.5, 0.0625, 0.0625, 0.125, 0.0625, 0.0625, 0.0625, 0.0625, 0.0625, 0.0625, 0.0625, 0.125, 0.0625, 0.0625, 0.0625, 0.0625, 0.0625, 0.0625, 0.0625, 0.0625]
[TRAIN]: (966/1600): reward: 17.687865182757378, rates: 20.687865191260144, loss: 1.447949156165123, rho: 0.16875, transmit_actions: 19, P: [0.5, 0.0625, 0.0625, 0.0625, 0.0625, 0.0625, 0.0625, 0.125, 0.0625, 0.0625, 0.0625, 0.125, 0.125, 0.125, 0.0625, 0.0625, 0.125, 0.0625, 0.125, 0.125]
[TRAIN]: (967/1600): reward: 12.53703448176384, rates: 18.537034547945527, loss: 1.7705706536769867, rho: 0.225, transmit_actions: 19, P: [0.6875, 0.0625, 0.0625, 0.0625, 0.0625, 0.0625, 0.0625, 0.0625, 0.0625, 0.0625, 0.0625, 0.0625, 0.0625, 0.0625, 0.0625, 0.4375, 0.0625, 0.0625, 0.0625, 0.0625]
[TRAIN]: (968/1600): reward: -0.31707271933555603, rates: 18.682927031589184, loss: 1.254782047867775, rho: 0.20625, transmit_actions: 18, P: [0.75, 0.0625, 0.0625, 0.0625, 0.0625, 0.0625, 0.3125, 0.0625, 0.625, 0.0625, 0.0625, 0.0625, 0.0625, 0.0625, 0.0625, 0.0625, 0.0625, 0.0625, 0.0625, 0.0625]
[TRAIN]: (969/1600): reward: 20.794301331043243, rates: 20.79430147576703, loss: 1.4114147871732712, rho: 0.175, transmit_actions: 19, P: [0.75, 0.0625, 0.0625, 0.0625, 0.0625, 0.0625, 0.0625, 0.0625, 0.0625, 0.0625, 0.125, 0.0625, 0.0625, 0.0625, 0.0625, 0.0625, 0.0625, 0.0625, 0.0625, 0.0625]
[TRAIN]: (970/1600): reward: 18.73350015282631, rates: 19.733499969873076, loss: 1.2697586759924888, rho: 0.15625, transmit_actions: 19, P: [0.75, 0.0625, 0.0625, 0.0625, 0.0625, 0.0625, 0.0625, 0.0625, 0.0625, 0.0625, 0.0625, 0.0625, 0.125, 0.125, 0.0625, 0.0625, 0.0625, 0.0625, 0.0625, 0.0625]
[TRAIN]: (971/1600): reward: 19.784057140350342, rates: 19.784057354837124, loss: 1.2742147266864776, rho: 0.18125, transmit_actions: 19, P: [0.6875, 0.0625, 0.0625, 0.0625, 0.125, 0.0625, 0.125, 0.0625, 0.0625, 0.0625, 0.0625, 0.0625, 0.0625, 0.0625, 0.0625, 0.0625, 0.0625, 0.0625, 0.0625, 0.0625]
[TRAIN]: (972/1600): reward: 21.25238847732544, rates: 21.252388385888274, loss: 1.196590429544449, rho: 0.16875, transmit_actions: 19, P: [0.6875, 0.0625, 0.0625, 0.0625, 0.0625, 0.0625, 0.0625, 0.0625, 0.0625, 0.0625, 0.0625, 0.0625, 0.0625, 0.0625, 0.0625, 0.0625, 0.0625, 0.0625, 0.0625, 0.0625]
[TRAIN]: (973/1600): reward: 17.76404556632042, rates: 19.764045655761848, loss: 1.2249577611684799, rho: 0.20625, transmit_actions: 19, P: [1.0, 0.0625, 0.0625, 0.0625, 0.0625, 0.0625, 0.0625, 0.0625, 0.0625, 0.0625, 0.0625, 0.0625, 0.0625, 0.125, 0.0625, 0.0625, 0.0625, 0.125, 0.125, 0.0625]
[TRAIN]: (974/1600): reward: 21.108663022518158, rates: 21.108663024251012, loss: 1.5908536612987518, rho: 0.16875, transmit_actions: 19, P: [1.0, 0.0625, 0.0625, 0.0625, 0.0625, 0.0625, 0.0625, 0.0625, 0.0625, 0.0625, 0.0625, 0.0625, 0.0625, 0.0625, 0.0625, 0.0625, 0.0625, 0.0625, 0.0625, 0.0625]
[TRAIN]: (975/1600): reward: 20.324668288230896, rates: 20.324668463931907, loss: 1.3974345177412033, rho: 0.175, transmit_actions: 19, P: [1.0, 0.0625, 0.0625, 0.0625, 0.0625, 0.0625, 0.0625, 0.0625, 0.0625, 0.0625, 0.0625, 0.0625, 0.0625, 0.0625, 0.0625, 0.0625, 0.0625, 0.0625, 0.0625, 0.0625]
[TRAIN]: (976/1600): reward: 19.98408082127571, rates: 19.984080937596467, loss: 1.4408584445714951, rho: 0.14375, transmit_actions: 19, P: [0.5, 0.0625, 0.0625, 0.0625, 0.0625, 0.0625, 0.0625, 0.0625, 0.0625, 0.0625, 0.0625, 0.0625, 0.0625, 0.0625, 0.0625, 0.0625, 0.0625, 0.125, 0.0625, 0.0625]
[TRAIN]: (977/1600): reward: 20.20521056652069, rates: 20.205210568498295, loss: 1.2289975151419639, rho: 0.15625, transmit_actions: 19, P: [0.5625, 0.0625, 0.0625, 0.0625, 0.0625, 0.0625, 0.0625, 0.0625, 0.0625, 0.0625, 0.0625, 0.0625, 0.0625, 0.0625, 0.0625, 0.0625, 0.0625, 0.0625, 0.0625, 0.0625]
[TRAIN]: (978/1600): reward: 18.657382756471634, rates: 18.65738269794239, loss: 1.2397888496518135, rho: 0.16875, transmit_actions: 19, P: [0.75, 0.0625, 0.0625, 0.0625, 0.0625, 0.0625, 0.0625, 0.0625, 0.0625, 0.0625, 0.0625, 0.0625, 0.0625, 0.0625, 0.0625, 0.0625, 0.0625, 0.0625, 0.0625, 0.0625]
[TRAIN]: (979/1600): reward: 19.435504376888275, rates: 19.435504424227158, loss: 1.1423640623688698, rho: 0.19375, transmit_actions: 19, P: [1.0, 0.0, 0.0625, 0.0625, 0.0625, 0.0625, 0.0625, 0.0625, 0.0625, 0.0625, 0.0625, 0.0625, 0.0625, 0.0625, 0.0625, 0.0625, 0.0625, 0.0625, 0.0625, 0.0625]
[TRAIN]: (980/1600): reward: 19.332949817180634, rates: 19.332949454464075, loss: 1.421458402276039, rho: 0.16875, transmit_actions: 19, P: [0.3125, 0.0625, 0.0625, 0.0625, 0.0625, 0.0625, 0.0625, 0.0625, 0.0625, 0.0625, 0.0625, 0.0625, 0.0625, 0.0625, 0.0625, 0.0625, 0.0625, 0.0625, 0.0625, 0.0625]
[TRAIN]: (981/1600): reward: 20.65710014104843, rates: 20.657100264856926, loss: 1.6803418964147567, rho: 0.15625, transmit_actions: 19, P: [0.75, 0.0625, 0.0625, 0.0625, 0.0625, 0.0625, 0.0625, 0.0625, 0.0625, 0.0625, 0.0625, 0.0625, 0.0625, 0.0625, 0.0625, 0.0625, 0.0625, 0.0625, 0.0625, 0.0625]
[TRAIN]: (982/1600): reward: 17.73664803802967, rates: 20.736648102657774, loss: 1.1054777264595033, rho: 0.15625, transmit_actions: 19, P: [0.3125, 0.0625, 0.0625, 0.0625, 0.0625, 0.125, 0.125, 0.0625, 0.0625, 0.0625, 0.0625, 0.0625, 0.125, 0.125, 0.125, 0.0625, 0.0625, 0.0625, 0.125, 0.0625]
[TRAIN]: (983/1600): reward: 18.68179887533188, rates: 20.681798749316236, loss: 1.6128741562366486, rho: 0.15625, transmit_actions: 19, P: [0.75, 0.0625, 0.0625, 0.0625, 0.125, 0.125, 0.125, 0.125, 0.0625, 0.0625, 0.125, 0.125, 0.0625, 0.0625, 0.0625, 0.0625, 0.125, 0.125, 0.0625, 0.0625]
[TRAIN]: (984/1600): reward: -3.4306531250476837, rates: 19.569346607662492, loss: 1.6775081992149352, rho: 0.15, transmit_actions: 19, P: [0.0625, 0.0625, 0.0625, 0.0625, 0.0625, 0.0625, 0.0625, 0.0625, 0.0625, 0.1875, 0.0625, 0.0625, 0.0625, 0.0625, 0.0625, 0.0625, 0.0625, 0.0625, 0.125, 0.125]
[TRAIN]: (985/1600): reward: 19.394901391118765, rates: 20.394901384168, loss: 1.5542143613100052, rho: 0.1625, transmit_actions: 19, P: [0.3125, 0.0625, 0.0625, 0.0625, 0.0625, 0.0625, 0.0625, 0.0625, 0.0625, 0.0625, 0.0625, 0.125, 0.0625, 0.0625, 0.0625, 0.0625, 0.0625, 0.0625, 0.0625, 0.0625]
[TRAIN]: (986/1600): reward: 21.054858922958374, rates: 22.054858837012834, loss: 1.4493416935205459, rho: 0.175, transmit_actions: 19, P: [0.3125, 0.0625, 0.0625, 0.0625, 0.0625, 0.0625, 0.0625, 0.0625, 0.0625, 0.0625, 0.125, 0.0625, 0.0625, 0.125, 0.0625, 0.0625, 0.0625, 0.0625, 0.0625, 0.0625]
[TRAIN]: (987/1600): reward: 19.576764754951, rates: 20.576764961661983, loss: 1.4783761590719222, rho: 0.15625, transmit_actions: 19, P: [0.3125, 0.0625, 0.0625, 0.0625, 0.0625, 0.0625, 0.0625, 0.0625, 0.0625, 0.0625, 0.0625, 0.125, 0.0625, 0.0625, 0.0625, 0.0625, 0.0625, 0.0625, 0.125, 0.125]
[TRAIN]: (988/1600): reward: 10.544627010822296, rates: 19.544627173760365, loss: 1.5189424932003022, rho: 0.25, transmit_actions: 19, P: [0.3125, 0.0625, 0.0625, 0.125, 0.0625, 0.0625, 0.0625, 0.0625, 0.0625, 0.0625, 0.0625, 0.0625, 0.0625, 0.0625, 0.125, 0.5, 0.0625, 0.0625, 0.0625, 0.0625]
[TRAIN]: (989/1600): reward: 20.105068743228912, rates: 20.10506855849947, loss: 1.4963345527648926, rho: 0.15625, transmit_actions: 19, P: [0.5, 0.0625, 0.125, 0.0625, 0.0625, 0.0625, 0.0625, 0.0625, 0.0625, 0.0625, 0.0625, 0.0625, 0.0625, 0.0625, 0.0625, 0.0625, 0.0625, 0.125, 0.0625, 0.125]
[TRAIN]: (990/1600): reward: 21.630963809788227, rates: 22.63096376060601, loss: 1.3245068341493607, rho: 0.15, transmit_actions: 19, P: [0.6875, 0.0625, 0.125, 0.0625, 0.0625, 0.0625, 0.0625, 0.0625, 0.125, 0.0625, 0.0625, 0.125, 0.0625, 0.0625, 0.0625, 0.125, 0.0625, 0.0625, 0.0625, 0.0625]
[TRAIN]: (991/1600): reward: 17.82347798347473, rates: 17.823477839349245, loss: 1.282155728340149, rho: 0.2125, transmit_actions: 19, P: [0.6875, 0.0625, 0.0625, 0.0625, 0.0625, 0.0625, 0.0625, 0.0625, 0.125, 0.0625, 0.0625, 0.0625, 0.0625, 0.0625, 0.0625, 0.0625, 0.0625, 0.0625, 0.0625, 0.0625]
[TRAIN]: (992/1600): reward: 10.545303225517273, rates: 20.54530329821244, loss: 1.186894842982292, rho: 0.1625, transmit_actions: 20, P: [0.0625, 0.0625, 0.0625, 0.0625, 0.0625, 0.0625, 0.0625, 0.0625, 0.0625, 0.0625, 0.0625, 0.0625, 0.0625, 0.0625, 0.0625, 0.0625, 0.0625, 0.0625, 0.0625, 0.0625]
[TRAIN]: (993/1600): reward: 8.507381439208984, rates: 20.50738162911079, loss: 1.2983935087919236, rho: 0.175, transmit_actions: 20, P: [0.0625, 0.0625, 0.0625, 0.125, 0.0625, 0.0625, 0.0625, 0.0625, 0.0625, 0.0625, 0.0625, 0.0625, 0.0625, 0.0625, 0.0625, 0.0625, 0.0625, 0.0625, 0.125, 0.0625]
[TRAIN]: (994/1600): reward: 3.172878682613373, rates: 19.172878449620686, loss: 1.1662435457110405, rho: 0.175, transmit_actions: 19, P: [0.5, 0.0625, 0.0625, 0.0625, 0.0625, 0.0625, 0.0625, 0.0625, 0.6875, 0.0625, 0.0625, 0.0625, 0.0625, 0.0625, 0.0625, 0.0625, 0.0625, 0.0625, 0.0625, 0.0625]
[TRAIN]: (995/1600): reward: 20.16451507806778, rates: 20.16451519267815, loss: 1.5078112035989761, rho: 0.1625, transmit_actions: 19, P: [0.6875, 0.0625, 0.0625, 0.0625, 0.0625, 0.0625, 0.0625, 0.0625, 0.0625, 0.0625, 0.0625, 0.0625, 0.0625, 0.0625, 0.0625, 0.0625, 0.0625, 0.0625, 0.0625, 0.0625]
[TRAIN]: (996/1600): reward: 18.574694097042084, rates: 18.57469428572595, loss: 1.474523949623108, rho: 0.16875, transmit_actions: 19, P: [0.5, 0.0625, 0.0625, 0.0625, 0.0625, 0.0625, 0.0625, 0.0625, 0.0625, 0.0625, 0.0625, 0.0625, 0.0625, 0.0625, 0.0625, 0.0625, 0.0625, 0.0625, 0.0625, 0.0625]
[TRAIN]: (997/1600): reward: 19.543136656284332, rates: 19.54313653112734, loss: 1.2052986331284046, rho: 0.16875, transmit_actions: 19, P: [0.5, 0.0625, 0.0625, 0.0625, 0.0625, 0.0625, 0.0625, 0.0625, 0.0625, 0.0625, 0.0625, 0.0625, 0.0625, 0.0625, 0.0625, 0.0625, 0.0625, 0.0625, 0.0625, 0.0625]
[TRAIN]: (998/1600): reward: 18.954003274440765, rates: 18.954003318913365, loss: 1.5047662913799287, rho: 0.1875, transmit_actions: 19, P: [0.9375, 0.0625, 0.0625, 0.0625, 0.0625, 0.0625, 0.0625, 0.0625, 0.0625, 0.0625, 0.0625, 0.0625, 0.0625, 0.0625, 0.0625, 0.0625, 0.0625, 0.0625, 0.0625, 0.0625]
[TRAIN]: (999/1600): reward: 16.283341586589813, rates: 19.283341553649624, loss: 1.306934055685997, rho: 0.1625, transmit_actions: 19, P: [0.5625, 0.0625, 0.0625, 0.0625, 0.0625, 0.0625, 0.125, 0.0625, 0.0625, 0.0625, 0.0625, 0.0625, 0.125, 0.0625, 0.125, 0.0625, 0.0625, 0.0625, 0.0625, 0.0625]
[TRAIN]: (1000/1600): reward: 18.948044389486313, rates: 19.94804429302191, loss: 1.4624260991811753, rho: 0.18125, transmit_actions: 18, P: [0.6875, 0.9375, 0.0625, 0.0625, 0.0625, 0.0625, 0.0625, 0.0625, 0.125, 0.0625, 0.125, 0.0625, 0.0625, 0.0625, 0.0625, 0.0625, 0.0625, 0.0625, 0.0625, 0.0625]
[TRAIN]: (1001/1600): reward: 17.861381977796555, rates: 19.861382053982133, loss: 1.225529132783413, rho: 0.16875, transmit_actions: 19, P: [0.6875, 0.0625, 0.0625, 0.0625, 0.0625, 0.0625, 0.0625, 0.0625, 0.0625, 0.0625, 0.0625, 0.0625, 0.0625, 0.0625, 0.0625, 0.0625, 0.0625, 0.0625, 0.0625, 0.125]
[TRAIN]: (1002/1600): reward: 16.19515883922577, rates: 18.195158866821732, loss: 1.553591039776802, rho: 0.1875, transmit_actions: 19, P: [0.9375, 0.0625, 0.0625, 0.125, 0.0625, 0.0625, 0.0625, 0.0625, 0.0625, 0.0625, 0.0625, 0.125, 0.0625, 0.0625, 0.0625, 0.0625, 0.0625, 0.0625, 0.0625, 0.0625]
[TRAIN]: (1003/1600): reward: 20.915567755699158, rates: 20.915567691249887, loss: 1.454727378487587, rho: 0.2, transmit_actions: 19, P: [0.9375, 0.0625, 0.0625, 0.0625, 0.0625, 0.0625, 0.0625, 0.0625, 0.0625, 0.0625, 0.0625, 0.0625, 0.0625, 0.0625, 0.0625, 0.0625, 0.0625, 0.0625, 0.0625, 0.0625]
[TRAIN]: (1004/1600): reward: 18.85487088561058, rates: 18.854870830597847, loss: 1.306464970111847, rho: 0.20625, transmit_actions: 19, P: [0.5, 0.0625, 0.0625, 0.0625, 0.0625, 0.0625, 0.0625, 0.0625, 0.0625, 0.0625, 0.0625, 0.0625, 0.0625, 0.0625, 0.125, 0.125, 0.0625, 0.0625, 0.0625, 0.0625]
[TRAIN]: (1005/1600): reward: 21.21373760700226, rates: 21.213737522582512, loss: 1.5673647686839103, rho: 0.16875, transmit_actions: 18, P: [0.9375, 0.6875, 0.0625, 0.0625, 0.0625, 0.0625, 0.125, 0.0625, 0.0625, 0.0625, 0.0625, 0.125, 0.0625, 0.125, 0.125, 0.0625, 0.0625, 0.0625, 0.0625, 0.0625]
[TRAIN]: (1006/1600): reward: 18.629662059247494, rates: 19.629662043964725, loss: 1.3180650293827056, rho: 0.1625, transmit_actions: 19, P: [0.5625, 0.0625, 0.0625, 0.0625, 0.0625, 0.0625, 0.0625, 0.0625, 0.0625, 0.0625, 0.0625, 0.0625, 0.0625, 0.0625, 0.0625, 0.0625, 0.125, 0.125, 0.0625, 0.0625]
[TRAIN]: (1007/1600): reward: 19.76668112911284, rates: 20.76668123883683, loss: 1.3510887682437898, rho: 0.1625, transmit_actions: 19, P: [0.5625, 0.0625, 0.0625, 0.0625, 0.0625, 0.0625, 0.125, 0.0625, 0.0625, 0.0625, 0.0625, 0.125, 0.0625, 0.125, 0.0625, 0.125, 0.0625, 0.0625, 0.0625, 0.0625]
[TRAIN]: (1008/1600): reward: 20.57469990849495, rates: 20.574699821300793, loss: 1.5254069298505784, rho: 0.18125, transmit_actions: 19, P: [0.9375, 0.0625, 0.0625, 0.0625, 0.0625, 0.0625, 0.0625, 0.0625, 0.0625, 0.0625, 0.0625, 0.0625, 0.0625, 0.0625, 0.0625, 0.0625, 0.0625, 0.0625, 0.0625, 0.0625]
[TRAIN]: (1009/1600): reward: 19.579786710441113, rates: 20.579786819622896, loss: 1.2687234044075013, rho: 0.16875, transmit_actions: 19, P: [0.625, 0.0625, 0.0625, 0.0625, 0.0625, 0.0625, 0.0625, 0.0625, 0.0625, 0.0625, 0.0625, 0.0625, 0.0625, 0.0625, 0.0625, 0.0625, 0.0625, 0.0625, 0.0625, 0.0625]
[TRAIN]: (1010/1600): reward: 18.149598985910416, rates: 19.14959906253545, loss: 1.366942474246025, rho: 0.18125, transmit_actions: 18, P: [0.625, 0.9375, 0.0625, 0.0625, 0.0625, 0.0625, 0.0625, 0.125, 0.0625, 0.0625, 0.0625, 0.0625, 0.0625, 0.0625, 0.0625, 0.0625, 0.0625, 0.0625, 0.0625, 0.0625]
[TRAIN]: (1011/1600): reward: 20.613906860351562, rates: 20.613906982927386, loss: 1.296400648355484, rho: 0.16875, transmit_actions: 19, P: [0.625, 0.0625, 0.0625, 0.0625, 0.0625, 0.0625, 0.0625, 0.0625, 0.0625, 0.0625, 0.0625, 0.0625, 0.125, 0.0625, 0.125, 0.0625, 0.0625, 0.0625, 0.0625, 0.0625]
[TRAIN]: (1012/1600): reward: 20.96740084886551, rates: 20.967400993508885, loss: 1.5091643318533898, rho: 0.1875, transmit_actions: 19, P: [0.625, 0.0625, 0.0625, 0.0625, 0.0625, 0.0625, 0.0625, 0.0625, 0.0625, 0.0625, 0.0625, 0.0625, 0.0625, 0.0625, 0.125, 0.0625, 0.0625, 0.0625, 0.0625, 0.0625]
[TRAIN]: (1013/1600): reward: 20.34273451566696, rates: 20.3427345651675, loss: 1.277073748409748, rho: 0.15625, transmit_actions: 19, P: [0.625, 0.0625, 0.0625, 0.0625, 0.0625, 0.0625, 0.0625, 0.0625, 0.0625, 0.0625, 0.0625, 0.0625, 0.0625, 0.0625, 0.0625, 0.0625, 0.125, 0.0625, 0.0625, 0.0625]
[TRAIN]: (1014/1600): reward: 18.22287255525589, rates: 18.22287252646933, loss: 1.3553893327713014, rho: 0.2, transmit_actions: 17, P: [0.625, 0.9375, 0.0625, 0.0625, 0.6875, 0.0625, 0.0625, 0.0625, 0.0625, 0.0625, 0.0625, 0.0625, 0.125, 0.0625, 0.0625, 0.0625, 0.0625, 0.0625, 0.0625, 0.0625]
[TRAIN]: (1015/1600): reward: 18.50381064414978, rates: 19.503810627746546, loss: 1.3314433917403221, rho: 0.21875, transmit_actions: 19, P: [0.625, 0.0625, 0.0625, 0.0625, 0.0625, 0.0625, 0.125, 0.0625, 0.0625, 0.0625, 0.0625, 0.0625, 0.0625, 0.0625, 0.0625, 0.0625, 0.0625, 0.0625, 0.0625, 0.0625]
[TRAIN]: (1016/1600): reward: 19.21737851202488, rates: 20.21737855660919, loss: 1.4123947948217392, rho: 0.16875, transmit_actions: 18, P: [0.25, 0.6875, 0.0625, 0.0625, 0.0625, 0.0625, 0.0625, 0.125, 0.0625, 0.0625, 0.0625, 0.0625, 0.0625, 0.0625, 0.0625, 0.0625, 0.0625, 0.0625, 0.0625, 0.0625]
[TRAIN]: (1017/1600): reward: 7.499372184276581, rates: 18.499372106515157, loss: 1.0708511382341386, rho: 0.2125, transmit_actions: 17, P: [0.25, 0.6875, 0.0625, 0.0625, 0.875, 0.0625, 0.0625, 0.125, 0.0625, 0.0625, 0.0625, 0.0625, 0.0625, 0.0625, 0.0625, 0.0625, 0.0625, 0.0625, 0.0625, 0.0625]
[TRAIN]: (1018/1600): reward: 17.620606161653996, rates: 19.620606220615326, loss: 1.3066642343997956, rho: 0.1875, transmit_actions: 19, P: [0.25, 0.0625, 0.0625, 0.0625, 0.125, 0.125, 0.0625, 0.0625, 0.0625, 0.0625, 0.0625, 0.125, 0.125, 0.125, 0.0625, 0.0625, 0.0625, 0.0625, 0.0625, 0.0625]
[TRAIN]: (1019/1600): reward: 18.767401471734047, rates: 19.767401287739947, loss: 1.3224805891513824, rho: 0.2, transmit_actions: 19, P: [0.625, 0.0625, 0.0625, 0.0625, 0.0625, 0.0625, 0.0625, 0.0625, 0.0625, 0.0625, 0.0625, 0.125, 0.125, 0.0625, 0.0625, 0.0625, 0.0625, 0.125, 0.0625, 0.0625]
[TRAIN]: (1020/1600): reward: 20.467440456151962, rates: 21.467440389405912, loss: 1.467976313829422, rho: 0.175, transmit_actions: 19, P: [0.625, 0.0625, 0.0625, 0.125, 0.0625, 0.0625, 0.0625, 0.0625, 0.0625, 0.0625, 0.0625, 0.0625, 0.0625, 0.125, 0.0625, 0.0625, 0.0625, 0.0625, 0.0625, 0.0625]
[TRAIN]: (1021/1600): reward: -0.4361202120780945, rates: 19.563879661000424, loss: 1.1398592710494995, rho: 0.19375, transmit_actions: 17, P: [0.5, 0.0625, 0.0625, 0.0625, 0.0625, 0.0625, 0.0625, 0.0625, 0.0625, 1.0, 0.0625, 0.0625, 0.0625, 0.0625, 0.0625, 0.4375, 0.0625, 0.0625, 0.0625, 0.0625]
[TRAIN]: (1022/1600): reward: 18.543394088745117, rates: 18.54339399745958, loss: 1.470222307741642, rho: 0.15, transmit_actions: 18, P: [0.5, 0.0625, 0.6875, 0.0625, 0.0625, 0.125, 0.0625, 0.0625, 0.0625, 0.0625, 0.0625, 0.0625, 0.0625, 0.125, 0.0625, 0.0625, 0.0625, 0.125, 0.0625, 0.0625]
[TRAIN]: (1023/1600): reward: 12.191868484020233, rates: 20.1918687723909, loss: 1.5661513060331345, rho: 0.1875, transmit_actions: 18, P: [0.5, 0.0, 0.0625, 0.0625, 0.0625, 0.0625, 0.0625, 0.0625, 0.125, 0.6875, 0.0625, 0.125, 0.0625, 0.0625, 0.0625, 0.125, 0.125, 0.0625, 0.0625, 0.125]
[TRAIN]: (1024/1600): reward: 7.767744839191437, rates: 17.767744766329134, loss: 1.5234817817807198, rho: 0.18125, transmit_actions: 18, P: [0.5, 0.0625, 0.0625, 0.25, 0.0625, 0.0625, 0.0625, 0.0625, 0.0625, 0.0625, 0.0625, 0.0625, 0.0625, 0.0625, 0.0625, 0.0625, 0.0625, 0.0625, 0.0625, 0.0625]
[TRAIN]: (1025/1600): reward: 16.325908668339252, rates: 20.32590880385667, loss: 1.3949293211102485, rho: 0.1375, transmit_actions: 19, P: [0.5, 0.0625, 0.0625, 0.0625, 0.0625, 0.0625, 0.0625, 0.0625, 0.0625, 0.0625, 0.0625, 0.0625, 0.125, 0.0625, 0.0625, 0.125, 0.0625, 0.125, 0.125, 0.0625]
[TRAIN]: (1026/1600): reward: 17.584837771952152, rates: 19.58483777188164, loss: 1.2756611287593842, rho: 0.1625, transmit_actions: 18, P: [0.5, 0.6875, 0.0625, 0.0625, 0.0625, 0.0625, 0.0625, 0.0625, 0.0625, 0.0625, 0.125, 0.0625, 0.0625, 0.0625, 0.0625, 0.125, 0.0625, 0.0625, 0.125, 0.125]
[TRAIN]: (1027/1600): reward: 20.16933760046959, rates: 20.169337844020777, loss: 1.508138145506382, rho: 0.15625, transmit_actions: 19, P: [0.5, 0.0625, 0.0625, 0.0625, 0.0625, 0.0625, 0.0625, 0.0625, 0.0625, 0.0625, 0.0625, 0.0625, 0.125, 0.0625, 0.0625, 0.0625, 0.0625, 0.0625, 0.0625, 0.0625]
[TRAIN]: (1028/1600): reward: 20.35016366839409, rates: 20.350163750405954, loss: 1.1680080026388169, rho: 0.1625, transmit_actions: 19, P: [0.5, 0.0625, 0.0625, 0.0625, 0.0625, 0.0625, 0.0625, 0.0625, 0.0625, 0.0625, 0.0625, 0.0625, 0.0625, 0.0625, 0.0625, 0.0625, 0.0625, 0.0625, 0.0625, 0.0625]
[TRAIN]: (1029/1600): reward: 19.684470653533936, rates: 20.684470605813665, loss: 1.1758034363389016, rho: 0.15625, transmit_actions: 19, P: [0.5, 0.0625, 0.0625, 0.0625, 0.0625, 0.0625, 0.125, 0.0625, 0.0625, 0.0625, 0.0625, 0.0625, 0.125, 0.0625, 0.0625, 0.125, 0.0625, 0.0625, 0.0625, 0.0625]
[TRAIN]: (1030/1600): reward: 20.09153252840042, rates: 20.09153251229641, loss: 1.0922694489359857, rho: 0.1625, transmit_actions: 18, P: [0.5, 0.6875, 0.0625, 0.0625, 0.0625, 0.0625, 0.0625, 0.0625, 0.0625, 0.0625, 0.0625, 0.0625, 0.0625, 0.0625, 0.0625, 0.0625, 0.0625, 0.0625, 0.0625, 0.0625]
[TRAIN]: (1031/1600): reward: 18.60730081796646, rates: 18.607301159961047, loss: 1.4198272973299026, rho: 0.15, transmit_actions: 18, P: [0.5, 0.6875, 0.0625, 0.0625, 0.0625, 0.0625, 0.0625, 0.0625, 0.0625, 0.0625, 0.0625, 0.0625, 0.125, 0.0625, 0.0625, 0.0625, 0.0625, 0.125, 0.0625, 0.0625]
[TRAIN]: (1032/1600): reward: 21.1791775226593, rates: 21.17917742234626, loss: 0.9644977286458015, rho: 0.16875, transmit_actions: 19, P: [0.5, 0.0625, 0.0625, 0.0625, 0.0625, 0.0625, 0.0625, 0.125, 0.0625, 0.0625, 0.0625, 0.0625, 0.0625, 0.0625, 0.0625, 0.0625, 0.0625, 0.0625, 0.0625, 0.0625]
[TRAIN]: (1033/1600): reward: 19.81392902135849, rates: 19.81392915444137, loss: 1.4891926437616347, rho: 0.15625, transmit_actions: 20, P: [0.0, 0.0625, 0.0625, 0.0625, 0.0625, 0.0625, 0.0625, 0.0625, 0.0625, 0.0625, 0.0625, 0.0625, 0.0625, 0.125, 0.0625, 0.0625, 0.0625, 0.0625, 0.0625, 0.0625]
[TRAIN]: (1034/1600): reward: 6.494426757097244, rates: 16.494426768843773, loss: 1.43516898304224, rho: 0.20625, transmit_actions: 17, P: [0.5, 0.6875, 0.0625, 0.0625, 0.125, 0.0625, 0.0625, 0.0625, 0.0625, 0.0625, 0.0625, 0.0625, 0.0625, 0.0625, 0.0625, 0.0625, 0.0625, 0.4375, 0.0625, 0.0625]
[TRAIN]: (1035/1600): reward: 20.934523820877075, rates: 20.934524015024078, loss: 1.5248265773057939, rho: 0.1625, transmit_actions: 19, P: [0.4375, 0.0625, 0.0625, 0.0625, 0.0625, 0.0625, 0.0625, 0.0625, 0.0625, 0.0625, 0.0625, 0.0625, 0.0625, 0.0625, 0.0625, 0.125, 0.0625, 0.0625, 0.125, 0.125]
[TRAIN]: (1036/1600): reward: 9.48685336112976, rates: 19.48685335250466, loss: 1.0488937512040137, rho: 0.15625, transmit_actions: 18, P: [0.4375, 0.0625, 0.0625, 0.0625, 0.0625, 0.0625, 0.0625, 0.0625, 0.125, 0.0625, 0.0625, 0.0625, 0.0625, 0.0625, 0.0625, 0.0625, 0.0625, 0.75, 0.0625, 0.0625]
[TRAIN]: (1037/1600): reward: 19.744404137134552, rates: 19.744404331499897, loss: 1.4304466813802719, rho: 0.175, transmit_actions: 19, P: [0.625, 0.0625, 0.0625, 0.0625, 0.0625, 0.0625, 0.0625, 0.0625, 0.0625, 0.0625, 0.0625, 0.125, 0.0625, 0.0625, 0.0625, 0.0625, 0.0625, 0.0625, 0.125, 0.125]
[TRAIN]: (1038/1600): reward: 9.987302362918854, rates: 19.987302390918956, loss: 1.3135619059205055, rho: 0.21875, transmit_actions: 18, P: [0.6875, 0.0625, 0.0625, 0.0625, 0.0625, 0.0625, 0.0625, 0.0625, 0.0625, 0.0625, 0.0625, 0.0625, 0.125, 0.0625, 0.0625, 0.125, 0.0625, 0.5625, 0.0625, 0.0625]
[TRAIN]: (1039/1600): reward: 20.423257172107697, rates: 20.423257182262713, loss: 1.5788373291492461, rho: 0.1875, transmit_actions: 19, P: [0.6875, 0.0625, 0.0625, 0.0625, 0.0625, 0.0625, 0.0625, 0.0625, 0.0625, 0.0625, 0.0625, 0.0625, 0.0625, 0.0625, 0.0625, 0.0625, 0.125, 0.0625, 0.0625, 0.0625]
[TRAIN]: (1040/1600): reward: 9.886972546577454, rates: 18.886972808978417, loss: 1.319401016831398, rho: 0.2, transmit_actions: 17, P: [0.25, 0.6875, 1.0, 0.0625, 0.0625, 0.0625, 0.0625, 0.0625, 0.0625, 0.0625, 0.0625, 0.0625, 0.0625, 0.0625, 0.0625, 0.0625, 0.0625, 0.0625, 0.0625, 0.0625]
[TRAIN]: (1041/1600): reward: 20.238844126462936, rates: 20.238844511847777, loss: 1.586358605325222, rho: 0.1875, transmit_actions: 19, P: [0.25, 0.0625, 0.0625, 0.0625, 0.0625, 0.0625, 0.0625, 0.0625, 0.0625, 0.0625, 0.0625, 0.0625, 0.0625, 0.0625, 0.0625, 0.125, 0.125, 0.0625, 0.0625, 0.0625]
[TRAIN]: (1042/1600): reward: 10.862063527107239, rates: 17.862063415671468, loss: 0.8978327736258507, rho: 0.1875, transmit_actions: 19, P: [0.25, 0.0625, 0.5, 0.0625, 0.0625, 0.0625, 0.0625, 0.0625, 0.0625, 0.0625, 0.0625, 0.0625, 0.0625, 0.0625, 0.0625, 0.125, 0.0625, 0.0625, 0.0625, 0.0]
[TRAIN]: (1043/1600): reward: 18.822673805058002, rates: 18.822673663035665, loss: 1.408853031694889, rho: 0.2125, transmit_actions: 19, P: [0.25, 0.0625, 0.0625, 0.125, 0.0625, 0.0625, 0.0625, 0.0625, 0.0625, 0.0625, 0.0625, 0.0625, 0.0625, 0.0625, 0.0625, 0.0625, 0.0625, 0.0625, 0.0625, 0.0625]
[TRAIN]: (1044/1600): reward: 19.060977160930634, rates: 19.06097717349141, loss: 1.054855465888977, rho: 0.175, transmit_actions: 19, P: [0.75, 0.0625, 0.0625, 0.0625, 0.0625, 0.0625, 0.0625, 0.0625, 0.0625, 0.0625, 0.0625, 0.0625, 0.0625, 0.0625, 0.0625, 0.0625, 0.0625, 0.125, 0.0625, 0.0625]
[TRAIN]: (1045/1600): reward: 19.18342124670744, rates: 20.183421441053447, loss: 1.3622370064258575, rho: 0.16875, transmit_actions: 19, P: [0.75, 0.0625, 0.0625, 0.0625, 0.0625, 0.0625, 0.125, 0.0625, 0.0625, 0.125, 0.0625, 0.125, 0.125, 0.125, 0.125, 0.0625, 0.0625, 0.0625, 0.0625, 0.0625]
[TRAIN]: (1046/1600): reward: 19.664673626422882, rates: 19.664673544080184, loss: 1.4068562150001527, rho: 0.18125, transmit_actions: 19, P: [0.75, 0.0625, 0.0625, 0.0625, 0.0625, 0.0625, 0.0625, 0.0625, 0.0625, 0.0625, 0.0625, 0.0625, 0.0625, 0.0625, 0.0625, 0.0625, 0.0625, 0.125, 0.0625, 0.0625]
[TRAIN]: (1047/1600): reward: 19.775223195552826, rates: 19.775222918917724, loss: 1.3689244031906127, rho: 0.175, transmit_actions: 19, P: [0.6875, 0.0625, 0.0625, 0.0625, 0.0625, 0.0625, 0.0625, 0.0625, 0.0625, 0.0625, 0.0625, 0.0625, 0.0625, 0.0625, 0.0625, 0.0625, 0.0625, 0.0625, 0.0625, 0.0625]
[TRAIN]: (1048/1600): reward: 20.90238904953003, rates: 20.90238881313969, loss: 1.3792053908109665, rho: 0.1625, transmit_actions: 19, P: [0.75, 0.0625, 0.0625, 0.0625, 0.0625, 0.0625, 0.0625, 0.0625, 0.0625, 0.0625, 0.0625, 0.0625, 0.0625, 0.0625, 0.0625, 0.0625, 0.0625, 0.0625, 0.0625, 0.0625]
[TRAIN]: (1049/1600): reward: 21.785449981689453, rates: 21.785449968444382, loss: 1.1248234808444977, rho: 0.2, transmit_actions: 19, P: [0.9375, 0.0625, 0.0625, 0.0625, 0.0625, 0.0625, 0.0625, 0.0625, 0.0625, 0.0625, 0.0625, 0.0625, 0.0625, 0.0625, 0.0625, 0.0625, 0.0625, 0.0625, 0.0625, 0.0625]
[TRAIN]: (1050/1600): reward: 14.477241098880768, rates: 18.47724127840844, loss: 1.1584166496992112, rho: 0.18125, transmit_actions: 19, P: [0.5625, 0.0625, 0.125, 0.0625, 0.0625, 0.0625, 0.0625, 0.0625, 0.0625, 0.0625, 0.0625, 0.0625, 0.0625, 0.0625, 0.125, 0.0625, 0.125, 0.0625, 0.0625, 0.0625]
[TRAIN]: (1051/1600): reward: 18.538420528173447, rates: 19.538420346950314, loss: 1.2565044194459916, rho: 0.175, transmit_actions: 19, P: [0.75, 0.0625, 0.0625, 0.0625, 0.0625, 0.0625, 0.0625, 0.0625, 0.0625, 0.0625, 0.0625, 0.0625, 0.0625, 0.0625, 0.0625, 0.0625, 0.0625, 0.125, 0.0625, 0.0625]
[TRAIN]: (1052/1600): reward: 18.859874427318573, rates: 18.859874388212173, loss: 1.299371099472046, rho: 0.18125, transmit_actions: 18, P: [0.75, 0.875, 0.0625, 0.0625, 0.0625, 0.0625, 0.0625, 0.0625, 0.0625, 0.0625, 0.0625, 0.0625, 0.125, 0.0625, 0.0625, 0.0625, 0.0625, 0.0625, 0.0625, 0.0625]
[TRAIN]: (1053/1600): reward: 20.07186210155487, rates: 20.071862208010582, loss: 1.1810063153505326, rho: 0.1625, transmit_actions: 19, P: [1.0, 0.0625, 0.0625, 0.0625, 0.0625, 0.0625, 0.0625, 0.0625, 0.0625, 0.0625, 0.0625, 0.0625, 0.0625, 0.0625, 0.0625, 0.0625, 0.0625, 0.0625, 0.0625, 0.0625]
[TRAIN]: (1054/1600): reward: 20.99274590611458, rates: 21.992745875353076, loss: 1.1530418336391448, rho: 0.2, transmit_actions: 19, P: [0.6875, 0.0625, 0.0625, 0.0625, 0.0625, 0.0625, 0.0625, 0.0625, 0.125, 0.0625, 0.0625, 0.0625, 0.0625, 0.0625, 0.0625, 0.0625, 0.0625, 0.0625, 0.0625, 0.0625]
[TRAIN]: (1055/1600): reward: 21.21759721636772, rates: 21.21759741571064, loss: 0.9905874580144882, rho: 0.14375, transmit_actions: 19, P: [0.4375, 0.0625, 0.0625, 0.0625, 0.0625, 0.0625, 0.0625, 0.0625, 0.0625, 0.0625, 0.0625, 0.125, 0.0625, 0.0625, 0.0625, 0.0625, 0.0625, 0.125, 0.125, 0.125]
[TRAIN]: (1056/1600): reward: 19.41542559862137, rates: 19.415425558603403, loss: 1.2278498709201813, rho: 0.14375, transmit_actions: 19, P: [0.4375, 0.0625, 0.0625, 0.0625, 0.0625, 0.0625, 0.0625, 0.0625, 0.0625, 0.0625, 0.0625, 0.0625, 0.0625, 0.0625, 0.0625, 0.0625, 0.0625, 0.0625, 0.0625, 0.0625]
[TRAIN]: (1057/1600): reward: 19.994392216205597, rates: 19.99439198081782, loss: 1.2396425485610962, rho: 0.16875, transmit_actions: 19, P: [0.4375, 0.0625, 0.0625, 0.0625, 0.0625, 0.0625, 0.0625, 0.0625, 0.0625, 0.0625, 0.0625, 0.125, 0.0625, 0.0625, 0.0625, 0.0625, 0.0625, 0.0625, 0.0625, 0.0625]
[TRAIN]: (1058/1600): reward: 20.15313321352005, rates: 20.15313325608082, loss: 1.253647157549858, rho: 0.1875, transmit_actions: 19, P: [0.9375, 0.0625, 0.0625, 0.0625, 0.0625, 0.0625, 0.0625, 0.0625, 0.0625, 0.0625, 0.0625, 0.0625, 0.0625, 0.0625, 0.0625, 0.0625, 0.0625, 0.0625, 0.0625, 0.0625]
[TRAIN]: (1059/1600): reward: 21.137787580490112, rates: 21.137787719441626, loss: 1.2334713526070118, rho: 0.1375, transmit_actions: 19, P: [0.4375, 0.0625, 0.0625, 0.0625, 0.0625, 0.0625, 0.0625, 0.0625, 0.0625, 0.0625, 0.0625, 0.0625, 0.0625, 0.0625, 0.0625, 0.125, 0.0625, 0.125, 0.125, 0.0625]
[TRAIN]: (1060/1600): reward: 20.009429544210434, rates: 20.009429480417523, loss: 1.4514568880200387, rho: 0.16875, transmit_actions: 19, P: [0.4375, 0.0625, 0.0625, 0.0625, 0.0625, 0.0625, 0.0625, 0.0625, 0.0625, 0.0625, 0.0625, 0.0625, 0.0625, 0.0625, 0.0625, 0.0625, 0.0625, 0.0625, 0.0625, 0.0625]
[TRAIN]: (1061/1600): reward: 19.838747262954712, rates: 19.83874740655234, loss: 1.3724309653043747, rho: 0.175, transmit_actions: 19, P: [0.4375, 0.0625, 0.0625, 0.0625, 0.0625, 0.0625, 0.0625, 0.0625, 0.0625, 0.0625, 0.0625, 0.0625, 0.0625, 0.0625, 0.125, 0.125, 0.0625, 0.0625, 0.0625, 0.0625]
[TRAIN]: (1062/1600): reward: 11.822056457400322, rates: 18.822056136486893, loss: 1.3371335297822953, rho: 0.2125, transmit_actions: 18, P: [0.75, 0.0625, 0.0625, 0.0625, 0.0625, 0.0625, 0.0625, 0.0625, 0.0625, 0.125, 0.125, 0.125, 0.125, 0.875, 0.0625, 0.3125, 0.125, 0.125, 0.0625, 0.0625]
[TRAIN]: (1063/1600): reward: 20.199068307876587, rates: 20.199068330541674, loss: 1.16613450050354, rho: 0.16875, transmit_actions: 19, P: [0.75, 0.0625, 0.0625, 0.0625, 0.0625, 0.0625, 0.0625, 0.0625, 0.0625, 0.0625, 0.0625, 0.0625, 0.0625, 0.0625, 0.0625, 0.0625, 0.0625, 0.0625, 0.0625, 0.0625]
[TRAIN]: (1064/1600): reward: 17.1024369597435, rates: 21.102436966084834, loss: 1.2218181163072586, rho: 0.19375, transmit_actions: 19, P: [0.9375, 0.0625, 0.0625, 0.0625, 0.0625, 0.0625, 0.0625, 0.1875, 0.0625, 0.0625, 0.0625, 0.0625, 0.0625, 0.0625, 0.0625, 0.0625, 0.0625, 0.0625, 0.0625, 0.0625]
[TRAIN]: (1065/1600): reward: 18.268104314804077, rates: 19.268104050734784, loss: 1.2062172129750253, rho: 0.20625, transmit_actions: 19, P: [0.75, 0.0625, 0.0625, 0.0625, 0.0625, 0.0625, 0.0625, 0.0625, 0.0625, 0.0625, 0.0625, 0.125, 0.125, 0.0625, 0.0625, 0.0625, 0.0625, 0.0625, 0.0625, 0.0625]
[TRAIN]: (1066/1600): reward: 10.048884332180023, rates: 20.048884334088548, loss: 1.1722047999501228, rho: 0.1875, transmit_actions: 19, P: [0.75, 0.0625, 0.0625, 0.8125, 0.0625, 0.125, 0.0625, 0.0625, 0.0625, 0.0625, 0.0625, 0.0625, 0.0625, 0.0625, 0.0625, 0.0625, 0.0625, 0.0625, 0.0625, 0.0625]
[TRAIN]: (1067/1600): reward: 13.727771937847137, rates: 19.727771901576368, loss: 1.19878181964159, rho: 0.19375, transmit_actions: 19, P: [0.9375, 0.0, 0.0625, 0.0625, 0.0625, 0.0625, 0.0625, 0.4375, 0.125, 0.0625, 0.0625, 0.0625, 0.125, 0.125, 0.0625, 0.125, 0.0625, 0.0625, 0.0625, 0.0625]
[TRAIN]: (1068/1600): reward: 16.89703462086618, rates: 18.897034769235553, loss: 1.1701914012432098, rho: 0.18125, transmit_actions: 19, P: [0.5, 0.0, 0.0625, 0.0625, 0.0625, 0.125, 0.0625, 0.0625, 0.0625, 0.0625, 0.0625, 0.125, 0.125, 0.125, 0.0625, 0.0625, 0.0625, 0.0625, 0.125, 0.0625]
[TRAIN]: (1069/1600): reward: 19.231828957796097, rates: 19.231829197343327, loss: 1.2134148553013802, rho: 0.175, transmit_actions: 19, P: [0.9375, 0.0625, 0.0, 0.0625, 0.0625, 0.0625, 0.0625, 0.0625, 0.0625, 0.0625, 0.0625, 0.0625, 0.0625, 0.0625, 0.0625, 0.0625, 0.0625, 0.0625, 0.0625, 0.0625]
[TRAIN]: (1070/1600): reward: 16.956220149993896, rates: 17.956219986531234, loss: 1.3295409098267554, rho: 0.2, transmit_actions: 19, P: [0.9375, 0.0, 0.0625, 0.0625, 0.0625, 0.0625, 0.0625, 0.0625, 0.0625, 0.0625, 0.0625, 0.0625, 0.0625, 0.0625, 0.125, 0.0625, 0.0625, 0.0625, 0.125, 0.0625]
[TRAIN]: (1071/1600): reward: 21.81133460998535, rates: 21.811334861828033, loss: 1.3404103487730026, rho: 0.16875, transmit_actions: 19, P: [0.9375, 0.0625, 0.0625, 0.125, 0.0625, 0.0625, 0.0625, 0.0625, 0.0625, 0.0625, 0.0625, 0.0625, 0.0625, 0.0625, 0.0625, 0.0625, 0.0625, 0.0625, 0.0625, 0.0625]
[TRAIN]: (1072/1600): reward: 16.723592050373554, rates: 17.72359221258589, loss: 1.2001222908496856, rho: 0.2, transmit_actions: 19, P: [0.625, 0.0625, 0.0625, 0.0625, 0.0625, 0.0625, 0.0625, 0.0625, 0.0625, 0.0625, 0.0625, 0.0625, 0.125, 0.0625, 0.0625, 0.0625, 0.0625, 0.0625, 0.0625, 0.0625]
[TRAIN]: (1073/1600): reward: 17.860316574573517, rates: 18.86031652226235, loss: 1.5321239590644837, rho: 0.18125, transmit_actions: 18, P: [0.6875, 0.6875, 0.0625, 0.0625, 0.0625, 0.0625, 0.0625, 0.0625, 0.0625, 0.0625, 0.0625, 0.0625, 0.0625, 0.0625, 0.0625, 0.0625, 0.0625, 0.125, 0.0625, 0.0625]
[TRAIN]: (1074/1600): reward: 20.367145121097565, rates: 20.367145400679508, loss: 1.118079036474228, rho: 0.1875, transmit_actions: 19, P: [0.9375, 0.0625, 0.0625, 0.0625, 0.0625, 0.0625, 0.0625, 0.0625, 0.0625, 0.0625, 0.0625, 0.0625, 0.125, 0.0625, 0.0625, 0.0625, 0.0625, 0.0625, 0.0625, 0.125]
[TRAIN]: (1075/1600): reward: 17.7366098202765, rates: 19.73660972395935, loss: 1.1942953258752822, rho: 0.15, transmit_actions: 19, P: [0.5, 0.0625, 0.0625, 0.0625, 0.0625, 0.0625, 0.0625, 0.0625, 0.0625, 0.0625, 0.0625, 0.0625, 0.0625, 0.0625, 0.0625, 0.0625, 0.125, 0.125, 0.0625, 0.0625]
[TRAIN]: (1076/1600): reward: 20.320087909698486, rates: 20.320088165033464, loss: 1.3216576248407363, rho: 0.16875, transmit_actions: 19, P: [0.9375, 0.0625, 0.0625, 0.0625, 0.0625, 0.0625, 0.0625, 0.0625, 0.0625, 0.0625, 0.0625, 0.0625, 0.0625, 0.0625, 0.0625, 0.0625, 0.0625, 0.0625, 0.0625, 0.0625]
[TRAIN]: (1077/1600): reward: 19.224645525217056, rates: 20.224645644394162, loss: 0.9032723397016525, rho: 0.175, transmit_actions: 19, P: [0.75, 0.0625, 0.0625, 0.0625, 0.0625, 0.0625, 0.0625, 0.0625, 0.125, 0.0625, 0.0625, 0.0625, 0.0625, 0.0625, 0.0625, 0.125, 0.0625, 0.125, 0.0625, 0.125]
[TRAIN]: (1078/1600): reward: 20.75397491455078, rates: 20.753974977693122, loss: 1.0994412675499916, rho: 0.1625, transmit_actions: 18, P: [0.75, 0.6875, 0.0625, 0.0625, 0.0625, 0.0625, 0.0625, 0.0625, 0.0625, 0.0625, 0.0625, 0.0625, 0.0625, 0.0625, 0.0625, 0.0625, 0.0625, 0.0625, 0.0625, 0.0625]
[TRAIN]: (1079/1600): reward: 19.999343276023865, rates: 19.99934307232178, loss: 1.4553221851587295, rho: 0.18125, transmit_actions: 19, P: [0.75, 0.0, 0.0625, 0.0625, 0.0625, 0.0625, 0.0625, 0.0625, 0.0625, 0.0625, 0.0625, 0.0625, 0.0625, 0.0625, 0.0625, 0.0625, 0.0625, 0.0625, 0.0625, 0.0625]
[TRAIN]: (1080/1600): reward: 20.790213584899902, rates: 20.790213567415528, loss: 1.4030429482460023, rho: 0.15625, transmit_actions: 19, P: [0.375, 0.0625, 0.0625, 0.0625, 0.0625, 0.0625, 0.0625, 0.0625, 0.0625, 0.0625, 0.0625, 0.0625, 0.0625, 0.0625, 0.0625, 0.0625, 0.125, 0.0625, 0.0625, 0.0625]
[TRAIN]: (1081/1600): reward: 18.37669239938259, rates: 19.376692481376697, loss: 1.0665519177913665, rho: 0.20625, transmit_actions: 18, P: [1.0, 0.9375, 0.0625, 0.0625, 0.0625, 0.125, 0.125, 0.125, 0.0625, 0.0625, 0.0625, 0.0625, 0.0625, 0.0625, 0.0625, 0.0625, 0.0625, 0.0625, 0.125, 0.0625]
[TRAIN]: (1082/1600): reward: 18.575759291648865, rates: 18.5757593288359, loss: 1.137061855196953, rho: 0.2, transmit_actions: 18, P: [0.75, 0.9375, 0.0625, 0.0625, 0.0625, 0.0625, 0.0625, 0.0625, 0.0625, 0.0625, 0.0625, 0.125, 0.125, 0.125, 0.125, 0.0625, 0.0625, 0.0625, 0.0625, 0.0625]
[TRAIN]: (1083/1600): reward: 19.725161164999008, rates: 19.72516108093645, loss: 1.3117905482649803, rho: 0.1625, transmit_actions: 19, P: [0.75, 0.0625, 0.0625, 0.0625, 0.0625, 0.0625, 0.0625, 0.0625, 0.0625, 0.0625, 0.0625, 0.125, 0.0625, 0.0625, 0.0625, 0.0625, 0.0625, 0.0625, 0.0625, 0.0625]
[TRAIN]: (1084/1600): reward: 9.431791365146637, rates: 18.43179137908777, loss: 0.9290559381246567, rho: 0.20625, transmit_actions: 19, P: [0.75, 0.0625, 0.0625, 0.0625, 0.0625, 0.0625, 0.0625, 0.0625, 0.0625, 0.0625, 0.0625, 0.0625, 0.0625, 0.0625, 0.0625, 0.0625, 0.0625, 0.75, 0.0625, 0.0625]
[TRAIN]: (1085/1600): reward: 17.9687659740448, rates: 19.968765831873117, loss: 1.2143967300653458, rho: 0.16875, transmit_actions: 19, P: [0.75, 0.0625, 0.0625, 0.0625, 0.0625, 0.0625, 0.0625, 0.0625, 0.0625, 0.0625, 0.0625, 0.0625, 0.0625, 0.0625, 0.0625, 0.0625, 0.0625, 0.125, 0.0625, 0.0625]
[TRAIN]: (1086/1600): reward: 9.338736414909363, rates: 19.338736501716824, loss: 0.9864243596792222, rho: 0.1625, transmit_actions: 18, P: [0.375, 0.0625, 0.0625, 0.0625, 0.0625, 0.0625, 0.0625, 0.0625, 0.0625, 0.0625, 0.0625, 0.375, 0.0625, 0.0625, 0.0625, 0.0625, 0.0625, 0.0625, 0.0625, 0.0625]
[TRAIN]: (1087/1600): reward: 20.188030004501343, rates: 20.18803028215617, loss: 1.3379184693098067, rho: 0.16875, transmit_actions: 19, P: [0.375, 0.0625, 0.0625, 0.0625, 0.0625, 0.0625, 0.0625, 0.0625, 0.0625, 0.0625, 0.0625, 0.0625, 0.0625, 0.0625, 0.0625, 0.0625, 0.0625, 0.0625, 0.0625, 0.0625]
[TRAIN]: (1088/1600): reward: 20.06285896897316, rates: 20.062858684956176, loss: 1.0238142862915993, rho: 0.15, transmit_actions: 19, P: [0.375, 0.0625, 0.0625, 0.0625, 0.0625, 0.0625, 0.0625, 0.0625, 0.0625, 0.0625, 0.0625, 0.0625, 0.0625, 0.0625, 0.0625, 0.0625, 0.0625, 0.0625, 0.0625, 0.0625]
[TRAIN]: (1089/1600): reward: 21.71091789007187, rates: 21.710918021674367, loss: 1.237977886199951, rho: 0.1625, transmit_actions: 19, P: [0.375, 0.0625, 0.0625, 0.0625, 0.0625, 0.0625, 0.0625, 0.0625, 0.0625, 0.0625, 0.0625, 0.0625, 0.0625, 0.125, 0.0625, 0.0625, 0.0625, 0.0625, 0.0625, 0.0625]
[TRAIN]: (1090/1600): reward: 17.386872231960297, rates: 19.38687212267732, loss: 1.0740867853164673, rho: 0.15625, transmit_actions: 19, P: [0.75, 0.0625, 0.0625, 0.0625, 0.0625, 0.0625, 0.0625, 0.125, 0.0625, 0.0625, 0.0625, 0.0625, 0.125, 0.0625, 0.0625, 0.0625, 0.0625, 0.0625, 0.0625, 0.0625]
[TRAIN]: (1091/1600): reward: 19.014431595802307, rates: 19.014431525956034, loss: 1.1943270891904831, rho: 0.16875, transmit_actions: 19, P: [0.75, 0.0625, 0.0625, 0.0625, 0.0625, 0.0625, 0.0625, 0.0625, 0.0625, 0.0625, 0.0625, 0.0625, 0.0625, 0.0625, 0.0625, 0.0625, 0.125, 0.0625, 0.0625, 0.0625]
[TRAIN]: (1092/1600): reward: 18.792306005954742, rates: 20.7923059446036, loss: 1.0061573699116706, rho: 0.16875, transmit_actions: 19, P: [0.5625, 0.0625, 0.0625, 0.0625, 0.0625, 0.0625, 0.0625, 0.0625, 0.0625, 0.0625, 0.0625, 0.0625, 0.0625, 0.0625, 0.0625, 0.125, 0.125, 0.0625, 0.125, 0.0625]
[TRAIN]: (1093/1600): reward: 16.232112526893616, rates: 19.232112485919373, loss: 1.2551380023360252, rho: 0.19375, transmit_actions: 18, P: [0.5625, 0.6875, 0.0625, 0.0625, 0.0625, 0.0625, 0.0625, 0.0625, 0.125, 0.0625, 0.0625, 0.0625, 0.0625, 0.0625, 0.0625, 0.0625, 0.125, 0.125, 0.0625, 0.0625]
[TRAIN]: (1094/1600): reward: 13.830354019999504, rates: 18.830354021483583, loss: 1.5335725769400597, rho: 0.18125, transmit_actions: 19, P: [0.5625, 0.0625, 0.125, 0.0625, 0.0625, 0.0625, 0.0625, 0.0625, 0.0625, 0.0625, 0.0625, 0.0625, 0.125, 0.0625, 0.125, 0.0625, 0.0625, 0.0625, 0.0625, 0.0625]
[TRAIN]: (1095/1600): reward: 18.70286738872528, rates: 18.702867403042028, loss: 1.1240348741412163, rho: 0.15625, transmit_actions: 18, P: [0.5625, 0.6875, 0.0625, 0.0625, 0.0625, 0.0625, 0.0625, 0.0625, 0.0625, 0.0625, 0.0625, 0.0625, 0.0625, 0.0625, 0.0625, 0.0625, 0.0625, 0.0625, 0.0625, 0.0625]
[TRAIN]: (1096/1600): reward: 21.498072028160095, rates: 21.498072065771648, loss: 1.1450352095067502, rho: 0.15625, transmit_actions: 19, P: [0.625, 0.0625, 0.0625, 0.0625, 0.0625, 0.0625, 0.0625, 0.0625, 0.0625, 0.0625, 0.0625, 0.0625, 0.0625, 0.0625, 0.0625, 0.0625, 0.0625, 0.0625, 0.0625, 0.0625]
[TRAIN]: (1097/1600): reward: 9.928823411464691, rates: 19.92882356117879, loss: 1.1373189717531205, rho: 0.15625, transmit_actions: 18, P: [0.0625, 0.0625, 0.125, 0.0625, 0.125, 0.0625, 0.0625, 0.0625, 0.0625, 0.125, 0.0625, 0.6875, 0.0625, 0.0625, 0.0625, 0.0625, 0.125, 0.0625, 0.125, 0.0625]
[TRAIN]: (1098/1600): reward: 11.260197281837463, rates: 20.26019723252777, loss: 1.2302266776561737, rho: 0.1875, transmit_actions: 19, P: [0.0625, 0.0, 0.0625, 0.0625, 0.75, 0.0625, 0.0625, 0.0625, 0.0625, 0.0625, 0.0625, 0.0625, 0.125, 0.0625, 0.0625, 0.0625, 0.0625, 0.0625, 0.0625, 0.0625]
[TRAIN]: (1099/1600): reward: 18.603027552366257, rates: 19.6030273036147, loss: 1.3154230087995529, rho: 0.15625, transmit_actions: 18, P: [0.0625, 0.6875, 0.0625, 0.0625, 0.0625, 0.0625, 0.0625, 0.0625, 0.0625, 0.0625, 0.0625, 0.0625, 0.0625, 0.125, 0.0625, 0.125, 0.0625, 0.0625, 0.0625, 0.0625]
[TRAIN]: (1100/1600): reward: 19.276868104934692, rates: 19.27686814666747, loss: 1.3590239405632019, rho: 0.15, transmit_actions: 19, P: [0.0625, 0.0625, 0.0625, 0.0625, 0.0625, 0.0625, 0.0625, 0.0625, 0.0625, 0.0625, 0.0625, 0.0625, 0.0625, 0.0625, 0.0625, 0.125, 0.0625, 0.0625, 0.0625, 0.0625]
[TRAIN]: (1101/1600): reward: 20.401555597782135, rates: 20.40155579359292, loss: 1.2210503473877907, rho: 0.1625, transmit_actions: 19, P: [0.9375, 0.0625, 0.0625, 0.0625, 0.0625, 0.0625, 0.0625, 0.0625, 0.0625, 0.0625, 0.0625, 0.0625, 0.0625, 0.0625, 0.0625, 0.0625, 0.0625, 0.0625, 0.0625, 0.0625]
[TRAIN]: (1102/1600): reward: 7.709422945976257, rates: 17.70942285139222, loss: 1.0855140082538128, rho: 0.2125, transmit_actions: 17, P: [0.375, 0.6875, 0.0625, 0.0625, 0.0625, 0.0625, 0.0625, 0.0625, 0.0625, 0.0625, 0.0625, 0.0625, 0.0625, 0.0625, 0.0625, 0.0625, 0.0625, 0.125, 0.625, 0.0625]
[TRAIN]: (1103/1600): reward: 6.451625168323517, rates: 19.451625221375757, loss: 1.141451671719551, rho: 0.1875, transmit_actions: 18, P: [0.75, 0.6875, 0.0625, 1.0, 0.0625, 0.0625, 0.0625, 0.0625, 0.0625, 0.0625, 0.0625, 0.0625, 0.0625, 0.0625, 0.0625, 0.0625, 0.0625, 0.0625, 0.0625, 0.0625]
[TRAIN]: (1104/1600): reward: 8.15015423297882, rates: 18.150154131511705, loss: 1.4309572011232377, rho: 0.1875, transmit_actions: 17, P: [0.6875, 0.6875, 0.0625, 0.0625, 0.0625, 0.0625, 0.0625, 0.0625, 0.0625, 0.0625, 0.0625, 0.0625, 0.0625, 0.0625, 0.0625, 0.0625, 0.8125, 0.0625, 0.0625, 0.0625]
[TRAIN]: (1105/1600): reward: 11.816824078559875, rates: 19.8168241882149, loss: 1.2592554152011872, rho: 0.18125, transmit_actions: 19, P: [0.6875, 0.0625, 0.625, 0.0625, 0.0625, 0.0625, 0.0625, 0.0625, 0.0625, 0.0625, 0.0625, 0.0625, 0.0625, 0.0625, 0.0625, 0.0625, 0.0625, 0.0625, 0.0625, 0.0625]
[TRAIN]: (1106/1600): reward: 18.9791316986084, rates: 19.979131738146407, loss: 1.2945972338318825, rho: 0.15625, transmit_actions: 19, P: [0.6875, 0.0625, 0.0625, 0.0625, 0.0625, 0.0625, 0.0625, 0.0625, 0.0625, 0.0625, 0.0625, 0.0625, 0.0625, 0.0625, 0.0625, 0.0625, 0.0625, 0.0625, 0.0625, 0.125]
[TRAIN]: (1107/1600): reward: 18.706447064876556, rates: 18.70644712910671, loss: 0.9490417420864106, rho: 0.19375, transmit_actions: 18, P: [0.75, 0.6875, 0.0625, 0.0625, 0.0625, 0.0625, 0.0625, 0.0625, 0.0625, 0.0625, 0.0625, 0.0625, 0.0625, 0.0625, 0.0625, 0.0625, 0.0625, 0.0625, 0.0625, 0.0625]
[TRAIN]: (1108/1600): reward: 20.44963628053665, rates: 20.449636353007293, loss: 1.068522796034813, rho: 0.1625, transmit_actions: 18, P: [0.75, 0.6875, 0.0625, 0.0625, 0.0625, 0.0625, 0.0625, 0.0625, 0.0625, 0.125, 0.125, 0.125, 0.0625, 0.0625, 0.0625, 0.0625, 0.0625, 0.0625, 0.0625, 0.0625]
[TRAIN]: (1109/1600): reward: 21.461683481931686, rates: 21.46168336225191, loss: 1.1550659820437432, rho: 0.16875, transmit_actions: 19, P: [0.75, 0.0625, 0.0625, 0.0625, 0.0625, 0.0625, 0.0625, 0.0625, 0.0625, 0.0625, 0.0625, 0.0625, 0.0625, 0.0625, 0.0625, 0.0625, 0.0625, 0.0625, 0.0625, 0.0625]
[TRAIN]: (1110/1600): reward: 19.072690069675446, rates: 19.072690213342412, loss: 1.1500538408756256, rho: 0.1875, transmit_actions: 19, P: [0.75, 0.0, 0.125, 0.0625, 0.0625, 0.0625, 0.0625, 0.0625, 0.0625, 0.0625, 0.0625, 0.0625, 0.0625, 0.0625, 0.0625, 0.0625, 0.0625, 0.0625, 0.0625, 0.0625]
[TRAIN]: (1111/1600): reward: 18.456906884908676, rates: 18.456906764039392, loss: 1.1267203733325004, rho: 0.2125, transmit_actions: 19, P: [0.6875, 0.0625, 0.0625, 0.0625, 0.0625, 0.0625, 0.0625, 0.0625, 0.0625, 0.0625, 0.0625, 0.0625, 0.125, 0.0625, 0.0625, 0.0625, 0.0625, 0.0625, 0.0625, 0.0625]
[TRAIN]: (1112/1600): reward: 20.834518611431122, rates: 20.834518339471643, loss: 1.3229144662618637, rho: 0.1625, transmit_actions: 19, P: [0.6875, 0.0625, 0.0625, 0.0625, 0.0625, 0.0625, 0.0625, 0.0625, 0.0625, 0.0625, 0.0625, 0.125, 0.0625, 0.0625, 0.0625, 0.0625, 0.0625, 0.0625, 0.0625, 0.0625]
[TRAIN]: (1113/1600): reward: 21.69469392299652, rates: 21.69469418481531, loss: 1.2241279095411302, rho: 0.1375, transmit_actions: 19, P: [0.4375, 0.0625, 0.0625, 0.0625, 0.0625, 0.0625, 0.0625, 0.0625, 0.0625, 0.0625, 0.0625, 0.0625, 0.0625, 0.0625, 0.125, 0.125, 0.0625, 0.0625, 0.125, 0.125]
[TRAIN]: (1114/1600): reward: 21.0686714053154, rates: 22.06867126544286, loss: 1.2935534104704858, rho: 0.15625, transmit_actions: 19, P: [0.6875, 0.0625, 0.125, 0.125, 0.0625, 0.0625, 0.0625, 0.125, 0.0625, 0.0625, 0.0625, 0.0625, 0.0625, 0.125, 0.0625, 0.0625, 0.0625, 0.0625, 0.0625, 0.0625]
[TRAIN]: (1115/1600): reward: 17.4247185587883, rates: 17.424718425230896, loss: 1.2590176790952683, rho: 0.21875, transmit_actions: 19, P: [0.6875, 0.0625, 0.0625, 0.0625, 0.0625, 0.0625, 0.0625, 0.0625, 0.0625, 0.0625, 0.0625, 0.0625, 0.0625, 0.0625, 0.0625, 0.125, 0.0625, 0.0625, 0.0625, 0.0625]
[TRAIN]: (1116/1600): reward: 18.238432466983795, rates: 18.238432461327317, loss: 1.3448022216558457, rho: 0.225, transmit_actions: 19, P: [0.6875, 0.0625, 0.0625, 0.0625, 0.0625, 0.0625, 0.0625, 0.0625, 0.0625, 0.125, 0.0625, 0.0625, 0.0625, 0.0625, 0.125, 0.0625, 0.0625, 0.0625, 0.125, 0.0625]
[TRAIN]: (1117/1600): reward: 17.871152564883232, rates: 21.87115283386542, loss: 0.9964885234832763, rho: 0.14375, transmit_actions: 19, P: [0.6875, 0.0625, 0.0625, 0.125, 0.125, 0.0625, 0.125, 0.125, 0.0625, 0.0625, 0.0625, 0.125, 0.0625, 0.125, 0.0625, 0.0625, 0.0625, 0.0625, 0.0625, 0.125]
[TRAIN]: (1118/1600): reward: 16.552480936050415, rates: 17.552481054425144, loss: 1.1644086197018624, rho: 0.2125, transmit_actions: 18, P: [0.6875, 0.6875, 0.0625, 0.0625, 0.0625, 0.0625, 0.0625, 0.0625, 0.0625, 0.0625, 0.0625, 0.0625, 0.125, 0.0625, 0.125, 0.0625, 0.0625, 0.125, 0.0625, 0.0625]
[TRAIN]: (1119/1600): reward: 18.92258858680725, rates: 18.922588469114842, loss: 1.3588015168905259, rho: 0.14375, transmit_actions: 18, P: [0.6875, 0.6875, 0.0625, 0.0625, 0.0625, 0.0625, 0.0625, 0.0625, 0.0625, 0.0625, 0.0625, 0.0625, 0.0625, 0.0625, 0.125, 0.0625, 0.0625, 0.0625, 0.0625, 0.0625]
[TRAIN]: (1120/1600): reward: 19.73169246315956, rates: 19.731692369300752, loss: 1.0459258243441583, rho: 0.19375, transmit_actions: 19, P: [0.75, 0.0625, 0.0625, 0.0625, 0.0625, 0.0625, 0.0625, 0.0625, 0.0625, 0.0625, 0.125, 0.0625, 0.0625, 0.0625, 0.0625, 0.0625, 0.0625, 0.0625, 0.0625, 0.0625]
[TRAIN]: (1121/1600): reward: 10.389456689357758, rates: 18.38945696918227, loss: 0.8924483865499496, rho: 0.1875, transmit_actions: 18, P: [0.75, 0.9375, 0.0625, 0.0625, 0.4375, 0.0625, 0.0625, 0.0625, 0.0625, 0.0625, 0.0625, 0.0625, 0.0625, 0.0625, 0.0625, 0.0625, 0.0625, 0.0625, 0.0625, 0.125]
[TRAIN]: (1122/1600): reward: 13.490763096138835, rates: 19.49076316233324, loss: 1.1648949667811395, rho: 0.18125, transmit_actions: 19, P: [0.5, 0.0625, 0.0625, 0.0625, 0.0625, 0.0625, 0.0625, 0.125, 0.375, 0.0625, 0.0625, 0.0625, 0.125, 0.0625, 0.0625, 0.125, 0.0625, 0.0625, 0.0625, 0.0625]
[TRAIN]: (1123/1600): reward: 19.002432271838188, rates: 21.00243252145665, loss: 1.0266171500086785, rho: 0.15625, transmit_actions: 19, P: [0.375, 0.0625, 0.0625, 0.0625, 0.0625, 0.0625, 0.0625, 0.0625, 0.125, 0.125, 0.0625, 0.0625, 0.0625, 0.0625, 0.0625, 0.0625, 0.0625, 0.0625, 0.0625, 0.0625]
[TRAIN]: (1124/1600): reward: 16.321633586660028, rates: 18.321633534073822, loss: 1.2236096784472466, rho: 0.1875, transmit_actions: 18, P: [0.5, 0.6875, 0.125, 0.0625, 0.0625, 0.0625, 0.0625, 0.0625, 0.0625, 0.0625, 0.0625, 0.125, 0.125, 0.0625, 0.0625, 0.0625, 0.125, 0.0625, 0.0625, 0.0625]
[TRAIN]: (1125/1600): reward: 20.742307126522064, rates: 20.742307245528373, loss: 1.1161970928311349, rho: 0.16875, transmit_actions: 18, P: [1.0, 0.9375, 0.0625, 0.0625, 0.0625, 0.0625, 0.0625, 0.0625, 0.0625, 0.0625, 0.0625, 0.0625, 0.0625, 0.0625, 0.0625, 0.0625, 0.0625, 0.0625, 0.0625, 0.0625]
[TRAIN]: (1126/1600): reward: 19.895285665988922, rates: 19.895285519081146, loss: 0.8341919146478176, rho: 0.15, transmit_actions: 19, P: [1.0, 0.0625, 0.0625, 0.0625, 0.0625, 0.125, 0.0625, 0.0625, 0.0625, 0.0625, 0.0625, 0.0625, 0.0625, 0.0625, 0.0625, 0.0625, 0.0625, 0.0625, 0.0625, 0.0625]
[TRAIN]: (1127/1600): reward: 19.50164356827736, rates: 19.501643551238708, loss: 0.93915885835886, rho: 0.18125, transmit_actions: 19, P: [1.0, 0.0, 0.0625, 0.0625, 0.0625, 0.0625, 0.0625, 0.0625, 0.0625, 0.0625, 0.0625, 0.0625, 0.0625, 0.0625, 0.0625, 0.0625, 0.0625, 0.0625, 0.0625, 0.125]
[TRAIN]: (1128/1600): reward: 18.983688175678253, rates: 18.983688077982475, loss: 1.2236897855997086, rho: 0.16875, transmit_actions: 19, P: [0.5, 0.0625, 0.0625, 0.0625, 0.0625, 0.0625, 0.0625, 0.0625, 0.0625, 0.0625, 0.0625, 0.0625, 0.0625, 0.0625, 0.0625, 0.0625, 0.125, 0.0625, 0.0625, 0.0625]
[TRAIN]: (1129/1600): reward: 19.15642037987709, rates: 20.15642038351072, loss: 0.7473357170820236, rho: 0.1625, transmit_actions: 19, P: [0.75, 0.0625, 0.0625, 0.0625, 0.0625, 0.0625, 0.0625, 0.0625, 0.0625, 0.0625, 0.0625, 0.125, 0.0625, 0.0625, 0.0625, 0.0625, 0.0625, 0.0625, 0.0625, 0.0625]
[TRAIN]: (1130/1600): reward: 9.059962585568428, rates: 19.05996234432456, loss: 1.4857953190803528, rho: 0.18125, transmit_actions: 19, P: [0.5, 0.0625, 0.0625, 0.0625, 0.0625, 0.0625, 0.0625, 0.5625, 0.0625, 0.0625, 0.0, 0.0625, 0.125, 0.125, 0.0625, 0.0625, 0.0625, 0.0625, 0.0625, 0.0625]
[TRAIN]: (1131/1600): reward: 20.66107839345932, rates: 20.661078198868314, loss: 1.2012762635946275, rho: 0.15625, transmit_actions: 19, P: [0.5, 0.0625, 0.0625, 0.0625, 0.0625, 0.0625, 0.0625, 0.0625, 0.0625, 0.0625, 0.0625, 0.0625, 0.0625, 0.0625, 0.0625, 0.0625, 0.0625, 0.0625, 0.0625, 0.0625]
[TRAIN]: (1132/1600): reward: 20.08188247680664, rates: 20.08188264297612, loss: 1.3111255273222924, rho: 0.15, transmit_actions: 19, P: [0.5, 0.0625, 0.0625, 0.0625, 0.0625, 0.0625, 0.0625, 0.0625, 0.0625, 0.0625, 0.0625, 0.0625, 0.0625, 0.0625, 0.0625, 0.125, 0.0625, 0.0625, 0.0625, 0.0625]
[TRAIN]: (1133/1600): reward: 19.19737559556961, rates: 19.197375549068035, loss: 1.3530046671628952, rho: 0.15, transmit_actions: 18, P: [0.5, 0.6875, 0.0625, 0.0625, 0.0625, 0.0625, 0.0625, 0.0625, 0.0625, 0.0625, 0.0625, 0.0625, 0.0625, 0.0625, 0.0625, 0.0625, 0.0625, 0.0625, 0.0625, 0.0625]
[TRAIN]: (1134/1600): reward: 19.506579399108887, rates: 19.506579509742366, loss: 1.108944109082222, rho: 0.15625, transmit_actions: 19, P: [0.5, 0.0625, 0.0625, 0.0625, 0.0625, 0.0625, 0.0625, 0.0625, 0.0625, 0.0625, 0.0625, 0.0625, 0.0625, 0.0625, 0.0625, 0.0625, 0.0625, 0.0625, 0.0625, 0.0625]
[TRAIN]: (1135/1600): reward: 16.084214934147894, rates: 18.084214920676693, loss: 1.2003666169941425, rho: 0.175, transmit_actions: 18, P: [0.5, 0.6875, 0.0625, 0.0625, 0.125, 0.0625, 0.0625, 0.0625, 0.0625, 0.0625, 0.0625, 0.125, 0.125, 0.0625, 0.0625, 0.125, 0.0625, 0.0625, 0.0625, 0.0625]
[TRAIN]: (1136/1600): reward: 7.230671748518944, rates: 18.230671834565694, loss: 1.2357568562030792, rho: 0.18125, transmit_actions: 18, P: [0.5, 0.0625, 0.0625, 0.0625, 0.0625, 0.0625, 0.0625, 0.0625, 0.0625, 0.125, 0.0625, 0.0625, 0.125, 0.0625, 0.3125, 0.0625, 0.0625, 0.0625, 0.0625, 0.0625]
[TRAIN]: (1137/1600): reward: 18.308301597833633, rates: 19.30830148153555, loss: 0.9296097174286843, rho: 0.15625, transmit_actions: 19, P: [0.5, 0.0, 0.0625, 0.0625, 0.0625, 0.0625, 0.0625, 0.0625, 0.0625, 0.0625, 0.0625, 0.125, 0.0625, 0.0625, 0.0625, 0.0625, 0.0625, 0.0625, 0.0625, 0.125]
[TRAIN]: (1138/1600): reward: 8.23000156879425, rates: 18.230001317747337, loss: 1.5055440351366998, rho: 0.19375, transmit_actions: 17, P: [0.125, 0.6875, 0.0625, 0.0625, 0.0625, 0.0625, 0.0625, 0.0625, 0.0625, 0.0625, 0.0625, 0.0625, 0.125, 0.0625, 0.25, 0.0625, 0.0625, 0.0625, 0.0625, 0.0625]
[TRAIN]: (1139/1600): reward: 8.81319990195334, rates: 19.813200035570652, loss: 1.0082309976220132, rho: 0.20625, transmit_actions: 19, P: [0.125, 0.0625, 0.0625, 0.0625, 0.0625, 0.0625, 0.0625, 0.875, 0.0625, 0.0625, 0.0625, 0.0625, 0.0625, 0.0625, 0.0625, 0.0625, 0.125, 0.0625, 0.0625, 0.0625]
[TRAIN]: (1140/1600): reward: 18.5191847383976, rates: 19.5191847811516, loss: 1.3408218681812287, rho: 0.19375, transmit_actions: 19, P: [0.5, 0.0, 0.0625, 0.0625, 0.0625, 0.0625, 0.0625, 0.0625, 0.0625, 0.0625, 0.0625, 0.0625, 0.0625, 0.0625, 0.0625, 0.0625, 0.0625, 0.0625, 0.0625, 0.125]
[TRAIN]: (1141/1600): reward: 19.84425324201584, rates: 19.844253288168552, loss: 1.1963128253817559, rho: 0.16875, transmit_actions: 19, P: [0.125, 0.0625, 0.0625, 0.0625, 0.0625, 0.0625, 0.0625, 0.0625, 0.0625, 0.0625, 0.0625, 0.0625, 0.0625, 0.0625, 0.0625, 0.0625, 0.0625, 0.0625, 0.0625, 0.0625]
[TRAIN]: (1142/1600): reward: 10.738983571529388, rates: 20.738983547569347, loss: 1.1566142991185189, rho: 0.2, transmit_actions: 18, P: [0.125, 0.0, 0.0625, 0.0625, 0.0625, 0.0625, 0.1875, 0.0625, 0.0625, 0.0625, 0.0625, 0.0625, 0.0625, 0.0625, 0.0625, 0.0625, 0.0625, 0.0625, 0.0625, 0.0625]
[TRAIN]: (1143/1600): reward: 18.383828857913613, rates: 20.383828845598163, loss: 0.9970284447073936, rho: 0.15, transmit_actions: 19, P: [0.8125, 0.0625, 0.0625, 0.125, 0.0625, 0.0625, 0.0625, 0.0625, 0.0625, 0.0625, 0.0625, 0.0625, 0.125, 0.0625, 0.0625, 0.0625, 0.0625, 0.125, 0.0625, 0.0625]
[TRAIN]: (1144/1600): reward: 17.943736001849174, rates: 19.94373612305393, loss: 0.8815543323755264, rho: 0.19375, transmit_actions: 19, P: [0.8125, 0.0625, 0.0625, 0.125, 0.0625, 0.0625, 0.0625, 0.0625, 0.0625, 0.0625, 0.0625, 0.0625, 0.125, 0.0625, 0.0625, 0.0625, 0.0625, 0.0625, 0.0625, 0.0625]
[TRAIN]: (1145/1600): reward: 21.121509075164795, rates: 21.121509095539878, loss: 1.1065344214439392, rho: 0.16875, transmit_actions: 19, P: [0.8125, 0.0625, 0.0625, 0.0625, 0.0625, 0.0625, 0.0625, 0.0625, 0.0625, 0.0625, 0.0625, 0.0625, 0.0625, 0.0625, 0.0625, 0.0625, 0.0625, 0.0625, 0.0625, 0.0625]
[TRAIN]: (1146/1600): reward: 8.776164591312408, rates: 18.776164514832075, loss: 1.180159330368042, rho: 0.175, transmit_actions: 18, P: [0.8125, 0.0625, 0.0625, 0.0625, 0.0625, 0.0625, 0.0625, 0.0625, 0.0625, 0.0625, 0.0625, 0.0625, 0.0625, 0.0625, 0.0625, 0.75, 0.0625, 0.0625, 0.0625, 0.0625]
[TRAIN]: (1147/1600): reward: 19.50662389397621, rates: 19.506624015894694, loss: 1.3958267375826836, rho: 0.175, transmit_actions: 19, P: [0.8125, 0.0625, 0.0625, 0.0625, 0.0625, 0.0625, 0.0625, 0.0625, 0.0625, 0.0625, 0.0625, 0.0625, 0.0625, 0.0625, 0.0625, 0.0625, 0.0625, 0.0625, 0.125, 0.125]
[TRAIN]: (1148/1600): reward: 19.839977860450745, rates: 20.839977637833837, loss: 1.1600410684943199, rho: 0.175, transmit_actions: 19, P: [0.8125, 0.0625, 0.0625, 0.0625, 0.0625, 0.0625, 0.0625, 0.0625, 0.0625, 0.0625, 0.0625, 0.0625, 0.0625, 0.125, 0.125, 0.0625, 0.0625, 0.0625, 0.0625, 0.0625]
[TRAIN]: (1149/1600): reward: 19.79025450348854, rates: 20.790254643224767, loss: 1.0041382744908334, rho: 0.15625, transmit_actions: 19, P: [0.8125, 0.0625, 0.0625, 0.0625, 0.0625, 0.0625, 0.0625, 0.0625, 0.0625, 0.0625, 0.0625, 0.0625, 0.0625, 0.0625, 0.0625, 0.0625, 0.0625, 0.0625, 0.125, 0.0625]
[TRAIN]: (1150/1600): reward: 19.147576212882996, rates: 19.14757602588462, loss: 1.2592190101742744, rho: 0.15625, transmit_actions: 19, P: [0.8125, 0.0, 0.0625, 0.0625, 0.0625, 0.0625, 0.0625, 0.0625, 0.0625, 0.0625, 0.0625, 0.0625, 0.125, 0.125, 0.125, 0.0625, 0.0625, 0.0625, 0.0625, 0.0625]
[TRAIN]: (1151/1600): reward: 19.60923844575882, rates: 19.609238558472487, loss: 1.1493750602006911, rho: 0.20625, transmit_actions: 19, P: [0.8125, 0.0625, 0.125, 0.0625, 0.0625, 0.0625, 0.0625, 0.0625, 0.0625, 0.0625, 0.0625, 0.0625, 0.0625, 0.125, 0.125, 0.0625, 0.0625, 0.0625, 0.0625, 0.125]
[TRAIN]: (1152/1600): reward: 9.461693108081818, rates: 19.46169300749846, loss: 1.1414043299853802, rho: 0.19375, transmit_actions: 19, P: [0.8125, 0.0625, 0.0625, 1.0, 0.0625, 0.0625, 0.0625, 0.0625, 0.0625, 0.0625, 0.0625, 0.0625, 0.0625, 0.0625, 0.0625, 0.0625, 0.0625, 0.0625, 0.0625, 0.0625]
[TRAIN]: (1153/1600): reward: 19.028846263885498, rates: 19.02884637463618, loss: 1.2285979300737382, rho: 0.2, transmit_actions: 19, P: [0.8125, 0.0625, 0.0625, 0.0625, 0.0625, 0.0625, 0.0625, 0.0625, 0.0625, 0.0625, 0.0625, 0.0625, 0.0625, 0.0625, 0.125, 0.0625, 0.0625, 0.0625, 0.0625, 0.0625]
[TRAIN]: (1154/1600): reward: 12.402284562587738, rates: 18.40228456323465, loss: 1.2755750328302384, rho: 0.16875, transmit_actions: 19, P: [0.5625, 0.0625, 0.0, 0.0625, 0.0625, 0.0625, 0.0625, 0.0625, 0.4375, 0.0625, 0.0625, 0.0625, 0.0625, 0.0625, 0.0625, 0.0625, 0.0625, 0.0625, 0.0625, 0.0625]
[TRAIN]: (1155/1600): reward: 20.078491389751434, rates: 20.0784912522457, loss: 1.2931478962302208, rho: 0.1375, transmit_actions: 19, P: [0.5625, 0.0, 0.0625, 0.0625, 0.0625, 0.0625, 0.0625, 0.0625, 0.0625, 0.0625, 0.0625, 0.0625, 0.125, 0.0625, 0.0625, 0.0625, 0.0625, 0.125, 0.0625, 0.0625]
[TRAIN]: (1156/1600): reward: 17.353169176727533, rates: 19.353169037465456, loss: 1.2983348190784454, rho: 0.13125, transmit_actions: 19, P: [0.5625, 0.0625, 0.0625, 0.0625, 0.0625, 0.0625, 0.0625, 0.0625, 0.0625, 0.0625, 0.0625, 0.125, 0.125, 0.0625, 0.0625, 0.125, 0.125, 0.0625, 0.0625, 0.0625]
[TRAIN]: (1157/1600): reward: 16.750135883688927, rates: 18.750135780315937, loss: 1.1535392493009566, rho: 0.15625, transmit_actions: 18, P: [0.625, 0.6875, 0.0625, 0.0625, 0.0625, 0.0625, 0.0625, 0.0625, 0.0625, 0.0625, 0.0625, 0.125, 0.0625, 0.125, 0.0625, 0.0625, 0.125, 0.0625, 0.0625, 0.0625]
[TRAIN]: (1158/1600): reward: 19.748069018125534, rates: 19.74806898307117, loss: 1.2064620852470398, rho: 0.16875, transmit_actions: 18, P: [0.625, 0.6875, 0.0625, 0.0625, 0.0625, 0.0625, 0.0625, 0.0625, 0.0625, 0.0625, 0.0625, 0.0625, 0.125, 0.0625, 0.125, 0.0625, 0.0625, 0.0625, 0.0625, 0.0625]
[TRAIN]: (1159/1600): reward: 20.851189732551575, rates: 20.85118975155548, loss: 1.1810639694333076, rho: 0.1375, transmit_actions: 19, P: [0.375, 0.0625, 0.0625, 0.0625, 0.0625, 0.0625, 0.0625, 0.0625, 0.125, 0.0625, 0.0625, 0.0625, 0.0625, 0.0625, 0.0625, 0.0625, 0.0625, 0.0625, 0.0625, 0.0625]
[TRAIN]: (1160/1600): reward: 20.188225150108337, rates: 20.188225097634533, loss: 0.8814669370651245, rho: 0.14375, transmit_actions: 19, P: [0.375, 0.0625, 0.0625, 0.0625, 0.0625, 0.0625, 0.0625, 0.0625, 0.0625, 0.0625, 0.0625, 0.0625, 0.0625, 0.0625, 0.0625, 0.0625, 0.0625, 0.0625, 0.0625, 0.0625]
[TRAIN]: (1161/1600): reward: 18.563594102859497, rates: 19.563594154864788, loss: 1.2095500275492668, rho: 0.175, transmit_actions: 18, P: [0.375, 0.6875, 0.0625, 0.0625, 0.0625, 0.0625, 0.0625, 0.0625, 0.0625, 0.0625, 0.0625, 0.0625, 0.125, 0.0625, 0.0625, 0.0625, 0.0625, 0.0625, 0.0625, 0.125]
[TRAIN]: (1162/1600): reward: 16.631931744515896, rates: 18.631931807064014, loss: 1.2353267312049865, rho: 0.175, transmit_actions: 18, P: [0.375, 0.9375, 0.0625, 0.0625, 0.0625, 0.125, 0.0625, 0.0625, 0.125, 0.0625, 0.0625, 0.0625, 0.0625, 0.0625, 0.125, 0.0625, 0.0625, 0.125, 0.0625, 0.0625]
[TRAIN]: (1163/1600): reward: 20.021249175071716, rates: 20.021248979204543, loss: 0.8443550363183021, rho: 0.16875, transmit_actions: 18, P: [0.8125, 0.9375, 0.0625, 0.0625, 0.0625, 0.0625, 0.0625, 0.0625, 0.0625, 0.0625, 0.0625, 0.0625, 0.0625, 0.0625, 0.0625, 0.0625, 0.0625, 0.0625, 0.0625, 0.0625]
[TRAIN]: (1164/1600): reward: 19.930359333753586, rates: 19.93035929697379, loss: 0.9950650840997696, rho: 0.175, transmit_actions: 19, P: [1.0, 0.0625, 0.0625, 0.0625, 0.0625, 0.0625, 0.0625, 0.0625, 0.0625, 0.0625, 0.0625, 0.0625, 0.0625, 0.125, 0.0625, 0.0625, 0.0625, 0.0625, 0.0625, 0.0625]
[TRAIN]: (1165/1600): reward: 18.920464240014553, rates: 19.920464443057366, loss: 1.1701285183429717, rho: 0.16875, transmit_actions: 19, P: [1.0, 0.0, 0.0625, 0.0625, 0.0625, 0.0625, 0.0625, 0.0625, 0.0625, 0.0625, 0.125, 0.0625, 0.0625, 0.0625, 0.0625, 0.0625, 0.0625, 0.0625, 0.0625, 0.0625]
[TRAIN]: (1166/1600): reward: 22.519048631191254, rates: 22.519048698951508, loss: 1.0826391294598579, rho: 0.1625, transmit_actions: 19, P: [1.0, 0.0625, 0.0625, 0.0625, 0.0625, 0.0625, 0.0625, 0.0625, 0.0625, 0.0625, 0.0625, 0.0625, 0.0625, 0.0625, 0.0625, 0.0625, 0.0625, 0.0625, 0.0625, 0.0625]
[TRAIN]: (1167/1600): reward: 20.15182536840439, rates: 20.15182552682459, loss: 1.0335157841444016, rho: 0.175, transmit_actions: 19, P: [1.0, 0.0625, 0.0625, 0.0625, 0.0625, 0.0625, 0.0625, 0.0625, 0.0625, 0.0625, 0.0625, 0.0625, 0.0625, 0.0625, 0.0625, 0.0625, 0.0625, 0.0625, 0.0625, 0.0625]
[TRAIN]: (1168/1600): reward: 19.885368570685387, rates: 20.88536880468236, loss: 1.0226607128977776, rho: 0.1875, transmit_actions: 19, P: [1.0, 0.0625, 0.0625, 0.0625, 0.125, 0.0625, 0.0625, 0.0625, 0.0625, 0.0625, 0.0625, 0.0625, 0.0625, 0.0625, 0.0625, 0.125, 0.0625, 0.0625, 0.0625, 0.125]
[TRAIN]: (1169/1600): reward: 17.797653689980507, rates: 18.797653729881294, loss: 1.4082826226949692, rho: 0.19375, transmit_actions: 19, P: [1.0, 0.0, 0.0625, 0.0625, 0.0625, 0.0625, 0.0625, 0.0625, 0.0625, 0.0625, 0.0625, 0.0625, 0.0625, 0.0625, 0.0625, 0.0625, 0.0625, 0.0625, 0.0625, 0.125]
[TRAIN]: (1170/1600): reward: 21.555930495262146, rates: 21.555930642388, loss: 1.1698591843247415, rho: 0.1625, transmit_actions: 19, P: [1.0, 0.0625, 0.0625, 0.0625, 0.0625, 0.0625, 0.0625, 0.0625, 0.0625, 0.0625, 0.0625, 0.0625, 0.0625, 0.125, 0.0625, 0.0625, 0.125, 0.0625, 0.0625, 0.0625]
[TRAIN]: (1171/1600): reward: 18.51835998892784, rates: 19.518359938780105, loss: 0.9725953638553619, rho: 0.1875, transmit_actions: 19, P: [0.5625, 0.0625, 0.0625, 0.125, 0.0625, 0.0625, 0.0625, 0.0, 0.0625, 0.0625, 0.0625, 0.0625, 0.0625, 0.0625, 0.0625, 0.0625, 0.125, 0.0625, 0.0625, 0.125]
[TRAIN]: (1172/1600): reward: 21.922934591770172, rates: 21.922934538682643, loss: 1.0264195859432221, rho: 0.175, transmit_actions: 19, P: [0.875, 0.0625, 0.0625, 0.0625, 0.0625, 0.0625, 0.0625, 0.125, 0.0625, 0.0625, 0.0625, 0.0625, 0.0625, 0.125, 0.125, 0.125, 0.125, 0.0625, 0.0625, 0.0625]
[TRAIN]: (1173/1600): reward: 4.240462362766266, rates: 19.240462454683726, loss: 1.3232829928398133, rho: 0.175, transmit_actions: 17, P: [0.875, 0.6875, 0.0625, 0.0625, 0.0625, 0.0625, 0.0625, 0.0625, 0.0625, 0.0625, 0.5625, 0.0625, 0.0625, 0.0625, 0.0625, 0.0625, 0.0625, 0.0625, 0.125, 0.0625]
[TRAIN]: (1174/1600): reward: 10.778762221336365, rates: 20.778761904911768, loss: 1.5229365274310112, rho: 0.1875, transmit_actions: 18, P: [0.9375, 0.6875, 0.125, 0.0625, 0.0625, 0.125, 0.0625, 0.0625, 0.0625, 0.4375, 0.0625, 0.0625, 0.0625, 0.0625, 0.0625, 0.0625, 0.125, 0.0625, 0.125, 0.0625]
[TRAIN]: (1175/1600): reward: 12.064457714557648, rates: 20.064457284379454, loss: 1.375734855234623, rho: 0.15, transmit_actions: 19, P: [0.5625, 0.0625, 0.0625, 0.0625, 0.0625, 0.0625, 0.0625, 0.0625, 0.0625, 0.0625, 0.0625, 0.3125, 0.125, 0.0625, 0.0625, 0.0625, 0.125, 0.0625, 0.0625, 0.0625]
[TRAIN]: (1176/1600): reward: 20.873443007469177, rates: 20.873442975975486, loss: 1.221248409152031, rho: 0.14375, transmit_actions: 19, P: [0.5625, 0.0625, 0.125, 0.125, 0.0625, 0.0625, 0.0625, 0.0625, 0.0625, 0.0625, 0.0625, 0.0625, 0.0625, 0.0625, 0.0625, 0.0625, 0.0625, 0.0625, 0.125, 0.0625]
[TRAIN]: (1177/1600): reward: 21.105941832065582, rates: 21.105941956363118, loss: 1.0548580884933472, rho: 0.18125, transmit_actions: 19, P: [0.5625, 0.0, 0.0625, 0.0625, 0.0625, 0.0625, 0.0625, 0.0625, 0.0625, 0.125, 0.0625, 0.0625, 0.0625, 0.0625, 0.125, 0.125, 0.0625, 0.0625, 0.0625, 0.0625]
[TRAIN]: (1178/1600): reward: 19.211825907230377, rates: 19.211825814797677, loss: 1.1200464963912964, rho: 0.1625, transmit_actions: 18, P: [0.5625, 0.0, 0.0625, 0.0625, 0.0625, 0.0625, 0.0625, 0.0625, 0.0625, 0.8125, 0.0625, 0.0625, 0.0625, 0.0625, 0.0625, 0.0625, 0.0625, 0.0625, 0.0625, 0.0625]
[TRAIN]: (1179/1600): reward: 17.335468530654907, rates: 20.335468579051224, loss: 1.2908414036035538, rho: 0.19375, transmit_actions: 18, P: [0.5625, 0.625, 0.0625, 0.0625, 0.0625, 0.0625, 0.0625, 0.0625, 0.0625, 0.0625, 0.0625, 0.0625, 0.0625, 0.0625, 0.0625, 0.0625, 0.0625, 0.0625, 0.0625, 0.0625]
[TRAIN]: (1180/1600): reward: 18.407141864299774, rates: 19.407141658239542, loss: 1.131740365922451, rho: 0.23125, transmit_actions: 18, P: [0.625, 0.6875, 0.0625, 0.0625, 0.0625, 0.0625, 0.0625, 0.0625, 0.0625, 0.0625, 0.0625, 0.0625, 0.0625, 0.0625, 0.0625, 0.0625, 0.0625, 0.0625, 0.125, 0.0625]
[TRAIN]: (1181/1600): reward: 20.35043227672577, rates: 20.35043233954363, loss: 1.34432572722435, rho: 0.18125, transmit_actions: 19, P: [0.625, 0.0625, 0.0625, 0.0625, 0.0625, 0.0625, 0.0625, 0.0625, 0.0625, 0.0625, 0.0625, 0.0625, 0.0625, 0.0625, 0.0625, 0.0625, 0.0625, 0.0625, 0.0625, 0.0625]
[TRAIN]: (1182/1600): reward: 21.206051528453827, rates: 21.2060515326939, loss: 0.8855118349194526, rho: 0.16875, transmit_actions: 19, P: [0.625, 0.0625, 0.0625, 0.0625, 0.0625, 0.0625, 0.0625, 0.0625, 0.0625, 0.0625, 0.0625, 0.0625, 0.125, 0.0625, 0.0625, 0.0625, 0.0625, 0.0625, 0.0625, 0.0625]
[TRAIN]: (1183/1600): reward: 21.206192940473557, rates: 21.206192912747373, loss: 0.9183697707951068, rho: 0.16875, transmit_actions: 19, P: [0.625, 0.0625, 0.0625, 0.0625, 0.0625, 0.125, 0.0625, 0.0625, 0.0625, 0.125, 0.0625, 0.0625, 0.0625, 0.0625, 0.0625, 0.0625, 0.0625, 0.0625, 0.0625, 0.0625]
[TRAIN]: (1184/1600): reward: 20.208327054977417, rates: 20.20832697292634, loss: 0.8268958404660225, rho: 0.20625, transmit_actions: 19, P: [0.625, 0.0625, 0.0625, 0.0625, 0.0625, 0.0625, 0.0625, 0.0625, 0.0625, 0.0625, 0.0625, 0.125, 0.0625, 0.0625, 0.0625, 0.0625, 0.0625, 0.0625, 0.0625, 0.0625]
[TRAIN]: (1185/1600): reward: 20.672063410282135, rates: 20.672063422321568, loss: 1.2407494470477105, rho: 0.1625, transmit_actions: 18, P: [0.625, 0.6875, 0.0625, 0.0625, 0.0625, 0.0625, 0.0625, 0.0625, 0.0625, 0.0625, 0.0625, 0.0625, 0.0625, 0.0625, 0.0625, 0.0625, 0.0625, 0.0625, 0.0625, 0.0625]
[TRAIN]: (1186/1600): reward: 18.609053134918213, rates: 18.609053130318387, loss: 1.0132171019911766, rho: 0.23125, transmit_actions: 19, P: [0.625, 0.0625, 0.0625, 0.0625, 0.0625, 0.0625, 0.0625, 0.0625, 0.0625, 0.0625, 0.0625, 0.0625, 0.0625, 0.0625, 0.0625, 0.0625, 0.0625, 0.0625, 0.0625, 0.0625]
[TRAIN]: (1187/1600): reward: 18.710700690746307, rates: 18.710700873136755, loss: 1.1458025112748147, rho: 0.175, transmit_actions: 18, P: [0.625, 0.6875, 0.0625, 0.0625, 0.0625, 0.0625, 0.0625, 0.0625, 0.0625, 0.0625, 0.0625, 0.0625, 0.0625, 0.0625, 0.0625, 0.0625, 0.0625, 0.0625, 0.0625, 0.0625]
[TRAIN]: (1188/1600): reward: 19.669339060783386, rates: 19.669339014255453, loss: 0.9591989874839782, rho: 0.21875, transmit_actions: 19, P: [0.625, 0.0, 0.0625, 0.0625, 0.0625, 0.0625, 0.0625, 0.0625, 0.0625, 0.0625, 0.0625, 0.0625, 0.0625, 0.0625, 0.0625, 0.0625, 0.0625, 0.0625, 0.0625, 0.0625]
[TRAIN]: (1189/1600): reward: 6.159265726804733, rates: 19.159265680771078, loss: 1.2576554328203202, rho: 0.21875, transmit_actions: 19, P: [0.5, 0.0, 0.0625, 0.0625, 0.0625, 0.5625, 0.0625, 0.0625, 0.0625, 0.0625, 0.0625, 0.0625, 0.125, 0.0625, 0.125, 0.125, 0.125, 0.125, 0.0625, 0.125]
[TRAIN]: (1190/1600): reward: 19.193496525287628, rates: 19.19349658867568, loss: 0.980511200428009, rho: 0.175, transmit_actions: 18, P: [0.5, 0.6875, 0.125, 0.0625, 0.0625, 0.0625, 0.0625, 0.0625, 0.0625, 0.0625, 0.0625, 0.0625, 0.0625, 0.0625, 0.0625, 0.0625, 0.0625, 0.0625, 0.0625, 0.125]
[TRAIN]: (1191/1600): reward: 16.903914868831635, rates: 18.9039149646095, loss: 1.0573140189051629, rho: 0.21875, transmit_actions: 19, P: [0.4375, 0.0625, 0.0625, 0.0625, 0.0625, 0.0625, 0.0625, 0.0625, 0.0625, 0.0625, 0.0625, 0.0625, 0.0625, 0.0625, 0.0625, 0.0625, 0.0625, 0.0625, 0.0625, 0.0625]
[TRAIN]: (1192/1600): reward: 21.555397868156433, rates: 21.555397847743208, loss: 1.2331156373023986, rho: 0.1625, transmit_actions: 19, P: [0.625, 0.0625, 0.0625, 0.0625, 0.0625, 0.0625, 0.0625, 0.0625, 0.0625, 0.0625, 0.0625, 0.0625, 0.0625, 0.0625, 0.0625, 0.0625, 0.0625, 0.0625, 0.0625, 0.0625]
[TRAIN]: (1193/1600): reward: 19.326696455478668, rates: 19.32669629674877, loss: 1.0581907957792283, rho: 0.2, transmit_actions: 19, P: [0.625, 0.0625, 0.0625, 0.0625, 0.0625, 0.0625, 0.0625, 0.0625, 0.0625, 0.0, 0.0625, 0.0625, 0.0625, 0.0625, 0.0625, 0.0625, 0.0625, 0.0625, 0.0625, 0.125]
[TRAIN]: (1194/1600): reward: 20.012986421585083, rates: 20.012986528941358, loss: 1.2505080237984658, rho: 0.15625, transmit_actions: 18, P: [0.625, 0.6875, 0.0625, 0.0625, 0.0625, 0.0625, 0.0625, 0.0625, 0.0625, 0.0625, 0.0625, 0.0625, 0.0625, 0.0625, 0.0625, 0.0625, 0.0625, 0.125, 0.0625, 0.0625]
[TRAIN]: (1195/1600): reward: 19.830532163381577, rates: 19.830532221210074, loss: 0.7685139417648316, rho: 0.1875, transmit_actions: 19, P: [0.625, 0.0625, 0.0625, 0.0625, 0.0625, 0.0625, 0.0625, 0.0625, 0.0625, 0.0625, 0.0625, 0.0625, 0.0625, 0.0625, 0.0625, 0.0625, 0.0625, 0.0625, 0.0625, 0.0625]
[TRAIN]: (1196/1600): reward: 8.711542755365372, rates: 18.71154283560682, loss: 1.2194398015737533, rho: 0.2, transmit_actions: 18, P: [0.0625, 0.0625, 0.0625, 0.0625, 0.0625, 0.0625, 0.0625, 0.0625, 0.0625, 0.0625, 0.0625, 0.0625, 0.0625, 0.0625, 0.0625, 0.0625, 0.125, 0.0625, 0.125, 0.5625]
[TRAIN]: (1197/1600): reward: 20.743569314479828, rates: 20.743569174645337, loss: 1.3388501450419426, rho: 0.1625, transmit_actions: 19, P: [0.875, 0.0625, 0.0625, 0.0625, 0.0625, 0.125, 0.0625, 0.0625, 0.0625, 0.0625, 0.0625, 0.0625, 0.0625, 0.0625, 0.0625, 0.0625, 0.0625, 0.0625, 0.0625, 0.0625]
[TRAIN]: (1198/1600): reward: 20.551406264305115, rates: 20.551406470084252, loss: 0.9634476870298385, rho: 0.15, transmit_actions: 19, P: [0.4375, 0.0625, 0.0625, 0.0625, 0.0625, 0.0625, 0.125, 0.0625, 0.0625, 0.0625, 0.0625, 0.125, 0.0625, 0.0625, 0.0625, 0.0625, 0.0625, 0.0625, 0.0625, 0.0625]
[TRAIN]: (1199/1600): reward: 20.00857315212488, rates: 21.008573082065496, loss: 0.8330385744571686, rho: 0.19375, transmit_actions: 19, P: [0.625, 0.0625, 0.0625, 0.125, 0.0625, 0.0625, 0.0625, 0.0625, 0.125, 0.0625, 0.125, 0.0625, 0.0625, 0.0625, 0.0625, 0.0625, 0.0625, 0.0625, 0.0625, 0.0625]
[TRAIN]: (1200/1600): reward: 10.920234084129333, rates: 20.92023413603298, loss: 1.1410013727843762, rho: 0.19375, transmit_actions: 20, P: [0.125, 0.0625, 0.0625, 0.0625, 0.0625, 0.0625, 0.0625, 0.0625, 0.0625, 0.0625, 0.0625, 0.125, 0.0625, 0.125, 0.0625, 0.0625, 0.0625, 0.0625, 0.0625, 0.0625]
[TRAIN]: (1201/1600): reward: 18.60968053340912, rates: 18.609680705751387, loss: 0.9381453782320023, rho: 0.16875, transmit_actions: 19, P: [0.4375, 0.0625, 0.0625, 0.0625, 0.0625, 0.0625, 0.0625, 0.0625, 0.0625, 0.0625, 0.0625, 0.0625, 0.0625, 0.0625, 0.0625, 0.0625, 0.0625, 0.0625, 0.0625, 0.0625]
[TRAIN]: (1202/1600): reward: 20.315577626228333, rates: 20.31557777923305, loss: 1.2342798739671708, rho: 0.1625, transmit_actions: 19, P: [0.4375, 0.0625, 0.0625, 0.0625, 0.0625, 0.0625, 0.0625, 0.0625, 0.0625, 0.0625, 0.0625, 0.0625, 0.0625, 0.0625, 0.125, 0.0625, 0.0625, 0.0625, 0.0625, 0.0625]
[TRAIN]: (1203/1600): reward: 19.27263969182968, rates: 19.27263966318251, loss: 1.167880007624626, rho: 0.175, transmit_actions: 18, P: [0.6875, 0.0625, 1.0, 0.0625, 0.0625, 0.0625, 0.0625, 0.0625, 0.125, 0.0625, 0.0625, 0.0625, 0.0625, 0.0625, 0.0625, 0.0625, 0.0625, 0.0625, 0.0625, 0.0625]
[TRAIN]: (1204/1600): reward: 20.882532060146332, rates: 20.882532268606475, loss: 0.994267251342535, rho: 0.19375, transmit_actions: 19, P: [0.6875, 0.0625, 0.0625, 0.0625, 0.0625, 0.0625, 0.0625, 0.0625, 0.0625, 0.0625, 0.0625, 0.0625, 0.0625, 0.0625, 0.0625, 0.125, 0.0625, 0.0625, 0.0625, 0.0625]
[TRAIN]: (1205/1600): reward: 21.045893788337708, rates: 21.045893879001635, loss: 0.9037654027342796, rho: 0.15625, transmit_actions: 19, P: [0.6875, 0.0625, 0.125, 0.0625, 0.0625, 0.0625, 0.0625, 0.0625, 0.0625, 0.0625, 0.0625, 0.0625, 0.125, 0.0625, 0.0625, 0.0625, 0.0625, 0.0625, 0.0625, 0.0625]
[TRAIN]: (1206/1600): reward: 18.022276490926743, rates: 18.022276428756427, loss: 1.1129646763205527, rho: 0.1875, transmit_actions: 19, P: [0.6875, 0.0625, 0.0625, 0.0625, 0.0625, 0.0625, 0.0625, 0.0625, 0.0625, 0.0625, 0.0625, 0.0625, 0.0625, 0.0625, 0.125, 0.0625, 0.125, 0.0625, 0.125, 0.0625]
[TRAIN]: (1207/1600): reward: 5.846385046839714, rates: 16.846384926177294, loss: 1.0797316521406173, rho: 0.25625, transmit_actions: 17, P: [0.625, 0.9375, 0.0625, 0.0625, 0.0625, 0.0625, 0.0625, 0.0625, 0.125, 0.25, 0.0625, 0.125, 0.0625, 0.0625, 0.0625, 0.0625, 0.0625, 0.0625, 0.0625, 0.0625]
[TRAIN]: (1208/1600): reward: 11.441855490207672, rates: 18.4418555680881, loss: 1.0677685678005218, rho: 0.18125, transmit_actions: 19, P: [0.625, 0.0625, 0.0625, 0.0625, 0.125, 0.3125, 0.0625, 0.0625, 0.0625, 0.0625, 0.0625, 0.0625, 0.125, 0.0625, 0.0625, 0.0625, 0.0625, 0.0625, 0.0625, 0.0625]
[TRAIN]: (1209/1600): reward: 19.953559517860413, rates: 19.953559543646058, loss: 1.092891053855419, rho: 0.18125, transmit_actions: 19, P: [0.1875, 0.0, 0.0625, 0.0625, 0.0625, 0.0625, 0.0625, 0.0625, 0.0625, 0.0625, 0.0625, 0.0625, 0.0625, 0.0625, 0.125, 0.0625, 0.0625, 0.0625, 0.0625, 0.0625]
[TRAIN]: (1210/1600): reward: 9.870032519102097, rates: 20.870032486628237, loss: 1.2159390971064568, rho: 0.19375, transmit_actions: 18, P: [0.375, 0.0625, 0.0625, 0.0625, 0.5, 0.0625, 0.0625, 0.125, 0.0625, 0.0625, 0.0625, 0.0625, 0.0625, 0.0625, 0.0625, 0.0625, 0.0625, 0.0625, 0.0625, 0.0625]
[TRAIN]: (1211/1600): reward: 20.098822057247162, rates: 21.098822065530932, loss: 1.129891350865364, rho: 0.16875, transmit_actions: 19, P: [0.375, 0.0625, 0.0625, 0.0625, 0.0625, 0.0625, 0.0625, 0.0625, 0.0625, 0.0625, 0.0625, 0.0625, 0.0625, 0.0625, 0.0625, 0.0625, 0.0625, 0.0625, 0.0625, 0.0625]
[TRAIN]: (1212/1600): reward: 20.73732304573059, rates: 20.737322737649272, loss: 0.9719271436333656, rho: 0.1625, transmit_actions: 19, P: [0.5, 0.0625, 0.125, 0.0625, 0.0625, 0.0625, 0.0625, 0.0625, 0.0625, 0.0625, 0.0625, 0.0625, 0.0625, 0.0625, 0.0625, 0.0625, 0.0625, 0.0625, 0.0625, 0.0625]
[TRAIN]: (1213/1600): reward: 20.691359221935272, rates: 20.691359332706003, loss: 1.217211452126503, rho: 0.15, transmit_actions: 19, P: [0.375, 0.0625, 0.0625, 0.0625, 0.0625, 0.0625, 0.0625, 0.0625, 0.0625, 0.0625, 0.0625, 0.0625, 0.0625, 0.0625, 0.0625, 0.0625, 0.0625, 0.0625, 0.0625, 0.0625]
[TRAIN]: (1214/1600): reward: 19.064069628715515, rates: 20.064069654124506, loss: 0.9131376326084137, rho: 0.1375, transmit_actions: 19, P: [0.375, 0.0625, 0.0625, 0.0625, 0.0625, 0.0625, 0.0625, 0.0625, 0.0625, 0.0625, 0.0625, 0.0625, 0.0625, 0.0625, 0.0625, 0.0625, 0.0625, 0.0625, 0.0625, 0.125]
[TRAIN]: (1215/1600): reward: 8.018793940544128, rates: 18.018794108760083, loss: 1.146611650288105, rho: 0.1875, transmit_actions: 18, P: [0.625, 0.0, 0.0625, 0.0625, 0.0625, 0.0625, 0.0625, 0.0625, 0.0625, 0.0625, 0.75, 0.0625, 0.0625, 0.0625, 0.0625, 0.0625, 0.0625, 0.0625, 0.0625, 0.0625]
[TRAIN]: (1216/1600): reward: 21.478557288646698, rates: 21.478557171534344, loss: 1.039986638724804, rho: 0.15, transmit_actions: 19, P: [0.625, 0.0625, 0.0625, 0.0625, 0.0625, 0.0625, 0.0625, 0.0625, 0.0625, 0.0625, 0.0625, 0.0625, 0.0625, 0.0625, 0.0625, 0.0625, 0.0625, 0.0625, 0.0625, 0.0625]
[TRAIN]: (1217/1600): reward: 9.554897606372833, rates: 19.554897653184828, loss: 1.0098248958587646, rho: 0.18125, transmit_actions: 19, P: [0.0, 0.0625, 0.0625, 0.0625, 0.0625, 0.0625, 0.0625, 0.0625, 0.0625, 0.0625, 0.0625, 0.0625, 0.0625, 0.0625, 0.0625, 0.0625, 0.0625, 0.0625, 0.0625, 0.0625]
[TRAIN]: (1218/1600): reward: 19.098387479782104, rates: 19.09838728170751, loss: 0.9062097534537316, rho: 0.15, transmit_actions: 19, P: [0.625, 0.0625, 0.0625, 0.0625, 0.0625, 0.0625, 0.0625, 0.0625, 0.0625, 0.0625, 0.0625, 0.125, 0.0625, 0.0625, 0.0625, 0.0625, 0.0625, 0.0625, 0.0625, 0.0625]
[TRAIN]: (1219/1600): reward: 6.797447816468775, rates: 17.79744800251163, loss: 1.0953691214323045, rho: 0.1625, transmit_actions: 18, P: [0.375, 0.0625, 0.0625, 0.0625, 0.0625, 0.0625, 0.0625, 0.0625, 0.0625, 0.0625, 0.0625, 0.0625, 0.0625, 0.0625, 0.5, 0.0625, 0.125, 0.0625, 0.0625, 0.0625]
[TRAIN]: (1220/1600): reward: 16.8702489733696, rates: 18.870249044676246, loss: 1.118202666938305, rho: 0.18125, transmit_actions: 19, P: [0.375, 0.0625, 0.0625, 0.0625, 0.0625, 0.0625, 0.0625, 0.0625, 0.0625, 0.0625, 0.125, 0.125, 0.125, 0.0625, 0.0625, 0.0625, 0.0625, 0.0625, 0.125, 0.0625]
[TRAIN]: (1221/1600): reward: 19.47039967775345, rates: 19.470399610088034, loss: 1.365347671508789, rho: 0.19375, transmit_actions: 19, P: [0.9375, 0.0, 0.0625, 0.0625, 0.125, 0.0625, 0.0625, 0.0625, 0.0625, 0.0625, 0.0625, 0.0625, 0.0625, 0.0625, 0.0625, 0.0625, 0.0625, 0.0625, 0.0625, 0.0625]
[TRAIN]: (1222/1600): reward: 18.53625386953354, rates: 18.536253701735674, loss: 0.9157554939389229, rho: 0.18125, transmit_actions: 18, P: [0.375, 0.9375, 0.0, 0.0625, 0.0, 0.0625, 0.0625, 0.0625, 0.0625, 0.0625, 0.0625, 0.0625, 0.0625, 0.0625, 0.0625, 0.0625, 0.0625, 0.0625, 0.0625, 0.0625]
[TRAIN]: (1223/1600): reward: 7.970181524753571, rates: 17.970181603299444, loss: 1.0037214130163192, rho: 0.175, transmit_actions: 18, P: [0.375, 0.0, 0.0, 0.0625, 0.0625, 0.0625, 0.0625, 0.0625, 0.0625, 0.0625, 0.0625, 0.0625, 0.3125, 0.0625, 0.0625, 0.0625, 0.0625, 0.0625, 0.0625, 0.0625]
[TRAIN]: (1224/1600): reward: 18.609183363616467, rates: 20.609183372097025, loss: 1.2071697384119033, rho: 0.16875, transmit_actions: 19, P: [0.375, 0.0625, 0.0625, 0.0625, 0.0625, 0.0625, 0.0625, 0.125, 0.0625, 0.0625, 0.0625, 0.0625, 0.125, 0.0625, 0.0625, 0.0625, 0.0625, 0.1875, 0.0625, 0.0625]
[TRAIN]: (1225/1600): reward: 19.0351642370224, rates: 19.035164166976806, loss: 0.8160863652825355, rho: 0.18125, transmit_actions: 19, P: [0.6875, 0.0625, 0.0625, 0.0625, 0.0625, 0.0625, 0.0625, 0.0625, 0.0625, 0.0625, 0.125, 0.0625, 0.0625, 0.0625, 0.0625, 0.0625, 0.0625, 0.0625, 0.0625, 0.0625]
[TRAIN]: (1226/1600): reward: 20.878082036972046, rates: 20.878081960486384, loss: 1.3822801500558852, rho: 0.175, transmit_actions: 19, P: [0.6875, 0.0625, 0.0625, 0.0625, 0.0625, 0.0625, 0.0625, 0.0625, 0.125, 0.0625, 0.0625, 0.0625, 0.0625, 0.0625, 0.0625, 0.0625, 0.0625, 0.0625, 0.0625, 0.0625]
[TRAIN]: (1227/1600): reward: 19.860918164253235, rates: 19.860918086803544, loss: 1.0100075453519821, rho: 0.15625, transmit_actions: 19, P: [0.875, 0.0625, 0.0625, 0.0625, 0.0625, 0.0625, 0.0625, 0.0625, 0.0625, 0.0625, 0.0625, 0.0625, 0.0625, 0.0625, 0.0625, 0.0625, 0.0625, 0.0625, 0.0625, 0.0625]
[TRAIN]: (1228/1600): reward: 12.43410861492157, rates: 17.43410874938769, loss: 0.9570248603820801, rho: 0.225, transmit_actions: 19, P: [0.9375, 0.0, 0.0625, 0.0625, 0.0625, 0.0625, 0.0625, 0.0625, 0.0625, 0.0625, 0.0625, 0.0625, 0.0625, 0.4375, 0.0625, 0.0625, 0.0625, 0.125, 0.0625, 0.0625]
[TRAIN]: (1229/1600): reward: 19.65433818101883, rates: 19.65433815363139, loss: 1.0657436862587928, rho: 0.19375, transmit_actions: 19, P: [0.9375, 0.0625, 0.0625, 0.125, 0.0625, 0.0625, 0.0625, 0.0625, 0.125, 0.0625, 0.0625, 0.0625, 0.0625, 0.0625, 0.0625, 0.0625, 0.0625, 0.0625, 0.0625, 0.0625]
[TRAIN]: (1230/1600): reward: 20.649792551994324, rates: 20.649792545598235, loss: 1.3077394530177116, rho: 0.2125, transmit_actions: 19, P: [0.9375, 0.0625, 0.0625, 0.0625, 0.0625, 0.0625, 0.0625, 0.0625, 0.0625, 0.0625, 0.0625, 0.0625, 0.125, 0.0625, 0.0625, 0.0625, 0.0625, 0.0625, 0.0625, 0.0625]
[TRAIN]: (1231/1600): reward: 20.09521597623825, rates: 20.095216036457945, loss: 1.172807115316391, rho: 0.175, transmit_actions: 19, P: [0.9375, 0.0625, 0.0625, 0.0625, 0.0625, 0.0625, 0.0625, 0.0625, 0.0625, 0.0625, 0.0625, 0.0625, 0.0625, 0.0625, 0.0625, 0.0625, 0.0625, 0.0625, 0.0625, 0.0625]
[TRAIN]: (1232/1600): reward: 19.509349822998047, rates: 19.50934983712409, loss: 0.961197330057621, rho: 0.1625, transmit_actions: 19, P: [0.9375, 0.0625, 0.0625, 0.0625, 0.0625, 0.0625, 0.0625, 0.0625, 0.0625, 0.0625, 0.0625, 0.0625, 0.0625, 0.0625, 0.0625, 0.0625, 0.0625, 0.0625, 0.0625, 0.0625]
[TRAIN]: (1233/1600): reward: 5.336414171382785, rates: 17.336414147795097, loss: 1.0310407623648643, rho: 0.26875, transmit_actions: 18, P: [0.9375, 0.0625, 0.1875, 0.0625, 0.0625, 0.0625, 0.0625, 0.0625, 0.0625, 0.0625, 0.125, 0.125, 0.125, 0.0625, 0.125, 0.125, 0.0625, 0.125, 0.125, 0.0625]
[TRAIN]: (1234/1600): reward: 5.487737715244293, rates: 16.487737903740516, loss: 0.9770371749997139, rho: 0.24375, transmit_actions: 19, P: [0.875, 0.0, 0.0625, 0.0625, 0.0625, 0.0625, 0.0625, 0.0625, 0.125, 0.125, 0.125, 0.0625, 0.0625, 0.0625, 0.0625, 1.0, 0.0625, 0.0625, 0.0625, 0.125]
[TRAIN]: (1235/1600): reward: 10.632814228534698, rates: 20.632814039824577, loss: 1.3778024941682816, rho: 0.20625, transmit_actions: 19, P: [0.875, 0.0625, 0.0625, 0.0625, 0.0625, 0.0625, 0.0625, 0.0625, 0.0625, 0.625, 0.0625, 0.0625, 0.0625, 0.125, 0.0625, 0.0625, 0.0625, 0.0625, 0.0625, 0.0625]
[TRAIN]: (1236/1600): reward: 6.087550034746528, rates: 20.087550124428134, loss: 1.0635672755539418, rho: 0.18125, transmit_actions: 18, P: [0.875, 0.0625, 0.0625, 0.125, 0.0625, 0.0625, 0.0625, 0.125, 0.0625, 0.125, 0.0625, 0.0625, 0.0625, 0.0625, 0.0625, 0.0625, 0.0, 0.0625, 0.0625, 0.0625]
[TRAIN]: (1237/1600): reward: 19.009367361664772, rates: 21.00936748247831, loss: 0.9251742258667945, rho: 0.18125, transmit_actions: 19, P: [0.875, 0.0625, 0.0625, 0.0625, 0.125, 0.125, 0.0625, 0.0625, 0.0625, 0.0625, 0.0625, 0.0625, 0.0625, 0.0625, 0.0625, 0.0625, 0.0625, 0.125, 0.0625, 0.0625]
[TRAIN]: (1238/1600): reward: 8.996538281440735, rates: 18.996538338061367, loss: 0.8485066056251526, rho: 0.1625, transmit_actions: 19, P: [0.875, 0.0625, 0.0625, 0.0625, 0.0625, 0.0625, 0.0625, 0.0625, 0.0625, 0.0625, 0.0625, 0.0625, 0.0625, 0.0625, 0.0625, 0.0625, 0.8125, 0.0625, 0.0625, 0.0625]
[TRAIN]: (1239/1600): reward: 22.080425322055817, rates: 22.08042522140929, loss: 1.0701106563210487, rho: 0.1625, transmit_actions: 19, P: [0.875, 0.0625, 0.0625, 0.0625, 0.0625, 0.0625, 0.0625, 0.0625, 0.125, 0.0625, 0.125, 0.125, 0.0625, 0.0625, 0.0625, 0.0625, 0.0625, 0.0625, 0.0625, 0.0625]
[TRAIN]: (1240/1600): reward: 15.757933601737022, rates: 18.7579335211288, loss: 0.9552238211035728, rho: 0.175, transmit_actions: 18, P: [0.9375, 0.6875, 0.125, 0.0625, 0.0625, 0.0625, 0.125, 0.0625, 0.0625, 0.0625, 0.0625, 0.125, 0.125, 0.0625, 0.0625, 0.0625, 0.0625, 0.0625, 0.0625, 0.0625]
[TRAIN]: (1241/1600): reward: 18.596534848213196, rates: 18.596534834064823, loss: 1.0841640561819077, rho: 0.20625, transmit_actions: 18, P: [0.625, 0.6875, 0.0625, 0.0625, 0.0625, 0.0625, 0.0625, 0.0625, 0.0625, 0.0625, 0.0625, 0.0625, 0.0625, 0.0625, 0.0625, 0.0625, 0.125, 0.0625, 0.0625, 0.0625]
[TRAIN]: (1242/1600): reward: 20.41588145494461, rates: 20.415881420111898, loss: 0.9743680730462074, rho: 0.14375, transmit_actions: 19, P: [0.625, 0.0, 0.0625, 0.0625, 0.0625, 0.0625, 0.0625, 0.0625, 0.0625, 0.0625, 0.0625, 0.0625, 0.0625, 0.0625, 0.0625, 0.0625, 0.0625, 0.0625, 0.0625, 0.0625]
[TRAIN]: (1243/1600): reward: 20.22110414505005, rates: 20.2211040209647, loss: 1.0157702445983887, rho: 0.15, transmit_actions: 18, P: [0.625, 0.0625, 0.0625, 0.0625, 0.0625, 0.0625, 0.0625, 0.0625, 0.0625, 0.0625, 0.0625, 0.125, 0.0625, 0.0625, 0.125, 0.0625, 0.8125, 0.0625, 0.0625, 0.0625]
[TRAIN]: (1244/1600): reward: 20.33023101091385, rates: 20.330231170095683, loss: 1.1680709034204484, rho: 0.1375, transmit_actions: 19, P: [0.9375, 0.0625, 0.0625, 0.0625, 0.0625, 0.0625, 0.0625, 0.0625, 0.0625, 0.0625, 0.0625, 0.0625, 0.0625, 0.125, 0.0625, 0.0625, 0.0625, 0.0625, 0.0625, 0.0625]
[TRAIN]: (1245/1600): reward: 19.75575453042984, rates: 19.75575464292994, loss: 0.9677705496549607, rho: 0.1625, transmit_actions: 19, P: [0.9375, 0.0625, 0.0625, 0.0625, 0.0625, 0.0625, 0.0625, 0.0625, 0.0625, 0.0625, 0.0625, 0.0625, 0.0625, 0.0625, 0.125, 0.0625, 0.0625, 0.0625, 0.0625, 0.0625]
[TRAIN]: (1246/1600): reward: 21.388279169797897, rates: 21.38827905248854, loss: 0.901915431022644, rho: 0.15, transmit_actions: 19, P: [0.375, 0.0625, 0.0625, 0.0625, 0.0625, 0.0625, 0.0625, 0.0625, 0.0625, 0.0625, 0.0625, 0.0625, 0.0625, 0.0625, 0.0625, 0.0625, 0.125, 0.0625, 0.0625, 0.0625]
[TRAIN]: (1247/1600): reward: 21.889083802700043, rates: 21.889083935263344, loss: 1.1260880067944528, rho: 0.16875, transmit_actions: 19, P: [0.6875, 0.0625, 0.0625, 0.0625, 0.0625, 0.0625, 0.0625, 0.0625, 0.0625, 0.0625, 0.0625, 0.0625, 0.0625, 0.0625, 0.0625, 0.0625, 0.0625, 0.0625, 0.0625, 0.0625]
[TRAIN]: (1248/1600): reward: 20.76724261045456, rates: 20.767242572571107, loss: 1.1755445063114167, rho: 0.16875, transmit_actions: 19, P: [0.375, 0.0625, 0.0625, 0.0625, 0.0625, 0.0625, 0.0625, 0.0625, 0.0625, 0.0625, 0.0625, 0.0625, 0.0625, 0.0625, 0.0625, 0.0625, 0.0625, 0.0625, 0.0625, 0.0625]
[TRAIN]: (1249/1600): reward: 17.901863262057304, rates: 19.901862985254883, loss: 0.9043903619050979, rho: 0.1625, transmit_actions: 19, P: [0.6875, 0.0625, 0.0625, 0.0625, 0.0625, 0.0625, 0.0625, 0.0625, 0.0625, 0.0625, 0.0625, 0.125, 0.0625, 0.125, 0.0625, 0.0625, 0.0625, 0.125, 0.0625, 0.0625]
[TRAIN]: (1250/1600): reward: 21.816584020853043, rates: 21.816583989683078, loss: 1.1662788152694703, rho: 0.15625, transmit_actions: 18, P: [0.6875, 0.6875, 0.0625, 0.0625, 0.0625, 0.0625, 0.0625, 0.0625, 0.0625, 0.0625, 0.125, 0.0625, 0.0625, 0.0625, 0.125, 0.0625, 0.125, 0.125, 0.125, 0.125]
[TRAIN]: (1251/1600): reward: 19.5637845993042, rates: 19.563784537304755, loss: 0.9871769979596138, rho: 0.15, transmit_actions: 19, P: [0.5625, 0.0625, 0.0625, 0.0625, 0.0625, 0.0625, 0.0625, 0.0625, 0.0625, 0.0625, 0.0625, 0.0625, 0.0625, 0.125, 0.0625, 0.125, 0.0625, 0.0625, 0.0625, 0.0625]
[TRAIN]: (1252/1600): reward: 17.430169701576233, rates: 18.430169576779992, loss: 0.7648021407425404, rho: 0.15, transmit_actions: 18, P: [0.5, 0.6875, 0.0625, 0.0625, 0.0625, 0.0625, 0.0625, 0.0625, 0.0625, 0.0625, 0.0625, 0.0625, 0.0625, 0.0625, 0.0625, 0.0625, 0.0625, 0.0625, 0.0625, 0.125]
[TRAIN]: (1253/1600): reward: 18.072013249620795, rates: 19.072013273284984, loss: 1.1399421498179436, rho: 0.18125, transmit_actions: 18, P: [0.5, 0.6875, 0.0625, 0.0625, 0.0625, 0.125, 0.0625, 0.0625, 0.0625, 0.0625, 0.0625, 0.0625, 0.0625, 0.0625, 0.0625, 0.0625, 0.0625, 0.125, 0.125, 0.0625]
[TRAIN]: (1254/1600): reward: 18.995483607053757, rates: 19.995483418092157, loss: 0.9546445086598396, rho: 0.1875, transmit_actions: 18, P: [0.875, 0.6875, 0.0625, 0.0625, 0.0625, 0.0625, 0.125, 0.0625, 0.0625, 0.0625, 0.125, 0.125, 0.125, 0.125, 0.0625, 0.0625, 0.125, 0.0625, 0.0625, 0.0625]
[TRAIN]: (1255/1600): reward: 21.8235884308815, rates: 21.823588530043754, loss: 1.0316335543990136, rho: 0.14375, transmit_actions: 19, P: [0.5625, 0.0625, 0.0625, 0.0625, 0.0625, 0.0625, 0.0625, 0.0625, 0.0625, 0.0625, 0.0625, 0.0625, 0.0625, 0.0625, 0.0625, 0.0625, 0.0625, 0.0625, 0.0625, 0.0625]
[TRAIN]: (1256/1600): reward: 19.783526748418808, rates: 19.783526713526008, loss: 1.2212570011615753, rho: 0.175, transmit_actions: 19, P: [1.0, 0.0625, 0.0625, 0.0625, 0.0625, 0.0625, 0.0625, 0.0625, 0.0625, 0.0625, 0.0625, 0.0625, 0.125, 0.0625, 0.0625, 0.0625, 0.0625, 0.0625, 0.125, 0.0625]
[TRAIN]: (1257/1600): reward: 20.073545157909393, rates: 20.073545301355633, loss: 0.8874243468046188, rho: 0.18125, transmit_actions: 19, P: [1.0, 0.0625, 0.0625, 0.0625, 0.0625, 0.125, 0.0625, 0.0625, 0.0625, 0.125, 0.125, 0.125, 0.0625, 0.0625, 0.0625, 0.125, 0.0625, 0.125, 0.0625, 0.0625]
[TRAIN]: (1258/1600): reward: 20.960423052310944, rates: 20.96042302309793, loss: 1.1727953106164932, rho: 0.1625, transmit_actions: 18, P: [1.0, 1.0, 0.0625, 0.125, 0.0625, 0.0625, 0.0625, 0.0625, 0.0625, 0.0625, 0.0625, 0.0625, 0.0625, 0.0625, 0.125, 0.125, 0.125, 0.0625, 0.0625, 0.125]
[TRAIN]: (1259/1600): reward: 4.407656729221344, rates: 20.40765709047797, loss: 1.0295177161693574, rho: 0.15625, transmit_actions: 20, P: [0.875, 0.0625, 0.0625, 0.0625, 0.0625, 0.0625, 0.0625, 0.0625, 0.0625, 0.0625, 0.0625, 0.0625, 0.0625, 0.0625, 0.0625, 0.0625, 0.0625, 0.0625, 0.0625, 0.0625]
[TRAIN]: (1260/1600): reward: 8.544802188873291, rates: 18.544802163977153, loss: 1.1263187289237977, rho: 0.19375, transmit_actions: 18, P: [0.25, 0.0625, 0.0625, 0.0625, 0.0625, 0.125, 0.0625, 0.0625, 0.9375, 0.0625, 0.0625, 0.0625, 0.0625, 0.0625, 0.0625, 0.0625, 0.0625, 0.0625, 0.0625, 0.0625]
[TRAIN]: (1261/1600): reward: 18.106777787208557, rates: 18.10677794598746, loss: 0.8236709661781788, rho: 0.23125, transmit_actions: 19, P: [0.5, 0.0625, 0.0625, 0.0625, 0.0625, 0.0625, 0.0625, 0.0625, 0.0625, 0.0625, 0.0625, 0.0625, 0.0625, 0.0625, 0.0625, 0.0625, 0.0625, 0.0625, 0.0625, 0.0625]
[TRAIN]: (1262/1600): reward: 7.924174964427948, rates: 17.924175068822887, loss: 0.7976598978042603, rho: 0.16875, transmit_actions: 18, P: [0.3125, 0.0625, 0.0625, 0.0625, 0.0625, 0.0625, 0.0625, 0.0625, 0.0625, 0.0625, 0.0625, 0.0625, 0.0625, 0.0625, 0.0625, 0.0625, 0.0625, 0.8125, 0.0625, 0.0625]
[TRAIN]: (1263/1600): reward: 19.198127567768097, rates: 19.19812764612497, loss: 1.2038668513298034, rho: 0.15625, transmit_actions: 19, P: [0.3125, 0.0625, 0.0625, 0.0625, 0.0625, 0.0625, 0.0625, 0.0625, 0.0625, 0.0625, 0.0625, 0.0625, 0.0625, 0.0625, 0.0625, 0.0625, 0.0625, 0.0625, 0.0625, 0.0625]
[TRAIN]: (1264/1600): reward: 20.326510965824127, rates: 20.326511085078813, loss: 0.8189884006977082, rho: 0.1375, transmit_actions: 19, P: [0.3125, 0.0625, 0.0625, 0.0625, 0.0625, 0.0625, 0.0625, 0.0625, 0.0625, 0.0625, 0.0625, 0.0625, 0.0625, 0.0625, 0.0625, 0.0625, 0.0625, 0.0625, 0.0625, 0.0625]
[TRAIN]: (1265/1600): reward: 18.053764581680298, rates: 18.05376457782105, loss: 0.9170766770839691, rho: 0.16875, transmit_actions: 19, P: [0.3125, 0.0625, 0.0625, 0.0625, 0.0625, 0.0625, 0.0625, 0.0625, 0.0625, 0.0625, 0.0625, 0.0625, 0.0625, 0.0625, 0.0625, 0.0625, 0.0625, 0.0625, 0.0625, 0.0625]
[TRAIN]: (1266/1600): reward: 18.45049339532852, rates: 18.450493314605268, loss: 0.7547970175743103, rho: 0.15, transmit_actions: 19, P: [0.3125, 0.0625, 0.0625, 0.0625, 0.0625, 0.0625, 0.0625, 0.0625, 0.0625, 0.0625, 0.0625, 0.0625, 0.0625, 0.0625, 0.0625, 0.0625, 0.0625, 0.0625, 0.0625, 0.0625]
[TRAIN]: (1267/1600): reward: 18.829187750816345, rates: 19.829187679032614, loss: 1.114223113656044, rho: 0.14375, transmit_actions: 18, P: [0.3125, 1.0, 0.0625, 0.0625, 0.0625, 0.0625, 0.0625, 0.0625, 0.0625, 0.0625, 0.0625, 0.0625, 0.0625, 0.0625, 0.0625, 0.0625, 0.0625, 0.0625, 0.125, 0.0625]
[TRAIN]: (1268/1600): reward: 19.093631863594055, rates: 19.093631931656013, loss: 0.946001797914505, rho: 0.19375, transmit_actions: 19, P: [0.3125, 0.0, 0.0625, 0.0625, 0.0625, 0.0625, 0.0625, 0.0625, 0.0625, 0.0625, 0.0625, 0.0625, 0.0625, 0.0625, 0.0625, 0.0625, 0.0625, 0.0625, 0.0625, 0.0625]
[TRAIN]: (1269/1600): reward: 17.397532105445862, rates: 17.397532240945598, loss: 0.998161792755127, rho: 0.225, transmit_actions: 19, P: [0.3125, 0.0625, 0.0625, 0.0625, 0.0625, 0.0625, 0.0625, 0.0625, 0.0625, 0.0625, 0.0625, 0.0625, 0.0625, 0.0625, 0.0625, 0.0625, 0.0625, 0.0625, 0.0625, 0.0625]
[TRAIN]: (1270/1600): reward: 10.690013587474823, rates: 16.690013799397363, loss: 0.8397784650325775, rho: 0.2875, transmit_actions: 19, P: [0.3125, 0.0625, 0.0625, 0.0625, 0.0625, 0.0625, 0.0625, 0.0625, 0.0625, 0.0625, 0.0625, 0.0625, 0.0625, 0.0625, 0.0625, 0.0625, 0.0625, 0.0625, 0.25, 0.0625]
[TRAIN]: (1271/1600): reward: 19.368825525045395, rates: 19.368825706452988, loss: 1.0168643712997436, rho: 0.1625, transmit_actions: 19, P: [0.3125, 0.0625, 0.0625, 0.0625, 0.0625, 0.0625, 0.0625, 0.0625, 0.0625, 0.0625, 0.0625, 0.0625, 0.0625, 0.0625, 0.0625, 0.0625, 0.0625, 0.0625, 0.0625, 0.0625]
[TRAIN]: (1272/1600): reward: 18.369130820035934, rates: 19.36913078504388, loss: 1.3206481009721756, rho: 0.15625, transmit_actions: 17, P: [0.3125, 0.6875, 0.6875, 0.0625, 0.0625, 0.0625, 0.0625, 0.0625, 0.0625, 0.0625, 0.0625, 0.125, 0.0625, 0.0625, 0.0625, 0.0625, 0.0625, 0.0625, 0.0625, 0.0625]
[TRAIN]: (1273/1600): reward: 9.632568448781967, rates: 18.632568554488437, loss: 1.0376737780869008, rho: 0.15625, transmit_actions: 18, P: [0.25, 0.6875, 0.0625, 0.0625, 0.0625, 0.125, 0.0625, 0.125, 0.5, 0.0625, 0.0625, 0.125, 0.0625, 0.0625, 0.0625, 0.125, 0.125, 0.0625, 0.0625, 0.0625]
[TRAIN]: (1274/1600): reward: 18.65772791299969, rates: 19.657727820293548, loss: 1.090442156791687, rho: 0.16875, transmit_actions: 19, P: [0.5, 0.0625, 0.0625, 0.0625, 0.0625, 0.0625, 0.0625, 0.0625, 0.125, 0.0625, 0.0625, 0.125, 0.0625, 0.0625, 0.0625, 0.0625, 0.125, 0.0625, 0.0625, 0.125]
[TRAIN]: (1275/1600): reward: 19.379913806915283, rates: 21.3799138776969, loss: 0.9425896376371383, rho: 0.15, transmit_actions: 19, P: [0.5, 0.0625, 0.0625, 0.0625, 0.0625, 0.125, 0.0625, 0.0625, 0.0625, 0.0625, 0.0625, 0.0625, 0.0625, 0.0625, 0.0625, 0.125, 0.0625, 0.0625, 0.0625, 0.0625]
[TRAIN]: (1276/1600): reward: 18.918057143688202, rates: 18.918057294363404, loss: 1.0554246693849563, rho: 0.16875, transmit_actions: 18, P: [0.3125, 0.6875, 0.0625, 0.0625, 0.0625, 0.0625, 0.0625, 0.0625, 0.0625, 0.0625, 0.0625, 0.0625, 0.0625, 0.0625, 0.0625, 0.0625, 0.0625, 0.0625, 0.0625, 0.0625]
[TRAIN]: (1277/1600): reward: 19.055460691452026, rates: 21.055460520164615, loss: 0.9039984703063965, rho: 0.175, transmit_actions: 19, P: [0.125, 0.0625, 0.0625, 0.125, 0.0625, 0.0625, 0.0625, 0.0625, 0.0625, 0.0625, 0.0625, 0.0625, 0.0625, 0.0625, 0.0625, 0.0625, 0.0625, 0.0625, 0.0625, 0.0625]
[TRAIN]: (1278/1600): reward: 17.17164307832718, rates: 19.171643439651195, loss: 0.8803790047764778, rho: 0.175, transmit_actions: 19, P: [0.125, 0.0625, 0.0625, 0.0625, 0.0625, 0.0625, 0.0625, 0.0625, 0.125, 0.0625, 0.0625, 0.0625, 0.0625, 0.0625, 0.0625, 0.0625, 0.125, 0.125, 0.125, 0.0625]
[TRAIN]: (1279/1600): reward: 17.239832907915115, rates: 19.239833040694332, loss: 1.0092506140470505, rho: 0.16875, transmit_actions: 19, P: [0.3125, 0.0625, 0.0625, 0.0625, 0.0625, 0.0625, 0.0625, 0.0625, 0.0625, 0.0625, 0.0625, 0.0625, 0.0625, 0.0625, 0.0625, 0.0625, 0.0625, 0.0625, 0.0625, 0.125]
[TRAIN]: (1280/1600): reward: 19.262257277965546, rates: 19.262257204129988, loss: 0.9630955576896667, rho: 0.2, transmit_actions: 19, P: [1.0, 0.0, 0.0625, 0.0625, 0.0625, 0.0625, 0.0625, 0.0625, 0.0625, 0.0625, 0.0625, 0.0625, 0.0625, 0.0625, 0.0625, 0.0625, 0.0625, 0.0625, 0.0625, 0.0625]
[TRAIN]: (1281/1600): reward: 18.817577496170998, rates: 20.81757757828713, loss: 1.0268741220235824, rho: 0.19375, transmit_actions: 19, P: [1.0, 0.0625, 0.0625, 0.0625, 0.0625, 0.0625, 0.0625, 0.0625, 0.0625, 0.0625, 0.0625, 0.0625, 0.0625, 0.0625, 0.125, 0.0625, 0.0625, 0.0625, 0.0625, 0.125]
[TRAIN]: (1282/1600): reward: 7.887635290622711, rates: 17.88763523770329, loss: 1.1126391887664795, rho: 0.225, transmit_actions: 18, P: [0.25, 0.0, 0.0625, 0.0625, 0.0625, 0.0625, 0.0625, 0.0625, 0.0625, 0.0625, 0.0625, 0.0625, 0.0625, 0.0625, 0.0625, 0.0625, 0.0625, 0.0625, 0.0625, 0.3125]
[TRAIN]: (1283/1600): reward: 19.59011071920395, rates: 19.590110708432004, loss: 0.9977171689271926, rho: 0.2375, transmit_actions: 19, P: [1.0, 0.0625, 0.125, 0.0625, 0.0625, 0.125, 0.0625, 0.0625, 0.0625, 0.0625, 0.0625, 0.0625, 0.0625, 0.0625, 0.0625, 0.0625, 0.0625, 0.0625, 0.0625, 0.0625]
[TRAIN]: (1284/1600): reward: 19.100195067934692, rates: 21.10019508077664, loss: 0.980489245057106, rho: 0.16875, transmit_actions: 19, P: [1.0, 0.0625, 0.0625, 0.0625, 0.0625, 0.125, 0.125, 0.0625, 0.125, 0.0625, 0.125, 0.125, 0.125, 0.125, 0.0625, 0.0625, 0.0625, 0.0625, 0.0625, 0.0625]
[TRAIN]: (1285/1600): reward: 19.378675043582916, rates: 20.37867490445401, loss: 0.912810105085373, rho: 0.19375, transmit_actions: 19, P: [0.9375, 0.0625, 0.0625, 0.0625, 0.0625, 0.0625, 0.0625, 0.0625, 0.0625, 0.125, 0.0625, 0.0625, 0.0625, 0.0625, 0.0625, 0.0625, 0.125, 0.0625, 0.0625, 0.0625]
[TRAIN]: (1286/1600): reward: 19.89657516038278, rates: 20.896575175978086, loss: 0.920871402323246, rho: 0.15625, transmit_actions: 19, P: [0.9375, 0.0625, 0.0625, 0.0625, 0.0625, 0.0625, 0.0625, 0.0625, 0.0625, 0.0625, 0.0625, 0.0625, 0.0625, 0.0625, 0.0625, 0.0625, 0.125, 0.0625, 0.0625, 0.0625]
[TRAIN]: (1287/1600): reward: 16.05945909023285, rates: 19.059459008326566, loss: 0.9992803364992142, rho: 0.21875, transmit_actions: 19, P: [0.9375, 0.0625, 0.0625, 0.0625, 0.0625, 0.0625, 0.0625, 0.125, 0.0625, 0.0625, 0.0625, 0.0625, 0.125, 0.0625, 0.0625, 0.0625, 0.0625, 0.0625, 0.0625, 0.0625]
[TRAIN]: (1288/1600): reward: 19.122673958539963, rates: 20.122673937355696, loss: 0.9906356692314148, rho: 0.18125, transmit_actions: 19, P: [0.9375, 0.0625, 0.0625, 0.0625, 0.0625, 0.0625, 0.0625, 0.0625, 0.0625, 0.0625, 0.0625, 0.0625, 0.0625, 0.0625, 0.0625, 0.0625, 0.0625, 0.0625, 0.125, 0.0625]
[TRAIN]: (1289/1600): reward: 18.576646357774734, rates: 18.57664638513329, loss: 1.0077906757593156, rho: 0.2375, transmit_actions: 19, P: [0.5, 0.0625, 0.0625, 0.0625, 0.0625, 0.0625, 0.0625, 0.0625, 0.0625, 0.0625, 0.0625, 0.0625, 0.0625, 0.125, 0.125, 0.0625, 0.0625, 0.0625, 0.0625, 0.0625]
[TRAIN]: (1290/1600): reward: 18.83878691494465, rates: 19.838786615635556, loss: 1.0127356112003327, rho: 0.16875, transmit_actions: 19, P: [0.5, 0.0625, 0.0625, 0.0625, 0.0625, 0.0625, 0.0625, 0.0625, 0.0625, 0.0625, 0.0625, 0.0625, 0.0625, 0.125, 0.0625, 0.0625, 0.125, 0.0625, 0.125, 0.0625]
[TRAIN]: (1291/1600): reward: 19.17487871646881, rates: 20.174878702319123, loss: 0.8155795395374298, rho: 0.14375, transmit_actions: 19, P: [0.5, 0.0625, 0.0625, 0.0625, 0.0625, 0.0625, 0.0625, 0.0625, 0.0625, 0.0625, 0.0625, 0.0625, 0.0625, 0.125, 0.0625, 0.0625, 0.0625, 0.0625, 0.0625, 0.0625]
[TRAIN]: (1292/1600): reward: 20.86167675256729, rates: 20.861676518290672, loss: 0.7121133655309677, rho: 0.15625, transmit_actions: 19, P: [0.5, 0.0625, 0.0625, 0.0625, 0.0625, 0.0625, 0.0625, 0.0625, 0.0625, 0.0625, 0.0625, 0.0625, 0.0625, 0.0625, 0.0625, 0.0625, 0.0625, 0.0625, 0.0625, 0.0625]
[TRAIN]: (1293/1600): reward: 19.470366954803467, rates: 19.470366794860873, loss: 1.0869733572006226, rho: 0.1625, transmit_actions: 19, P: [0.4375, 0.0, 0.0625, 0.0625, 0.0625, 0.0625, 0.0625, 0.0625, 0.0625, 0.0625, 0.0625, 0.0625, 0.0625, 0.0625, 0.0625, 0.0625, 0.0625, 0.0625, 0.0625, 0.0625]
[TRAIN]: (1294/1600): reward: 19.956062078475952, rates: 19.956062098978773, loss: 1.0240985289216042, rho: 0.1375, transmit_actions: 19, P: [0.9375, 0.0625, 0.0625, 0.0625, 0.0625, 0.0625, 0.0625, 0.0625, 0.0625, 0.0625, 0.0625, 0.0625, 0.125, 0.0625, 0.0625, 0.0625, 0.0625, 0.0625, 0.125, 0.0625]
[TRAIN]: (1295/1600): reward: 20.116478264331818, rates: 20.116478547593776, loss: 0.9076005533337593, rho: 0.2, transmit_actions: 19, P: [0.625, 0.0625, 0.0625, 0.0625, 0.125, 0.0625, 0.0625, 0.125, 0.0625, 0.125, 0.0625, 0.0625, 0.0625, 0.0625, 0.0625, 0.0625, 0.0625, 0.0625, 0.0625, 0.0625]
[TRAIN]: (1296/1600): reward: 18.95222783088684, rates: 18.952227832277295, loss: 1.2975214451551438, rho: 0.1625, transmit_actions: 18, P: [0.9375, 0.6875, 0.0625, 0.0625, 0.0625, 0.0625, 0.0625, 0.0625, 0.0625, 0.0625, 0.0625, 0.0625, 0.0625, 0.0625, 0.125, 0.0625, 0.0625, 0.0625, 0.0625, 0.0625]
[TRAIN]: (1297/1600): reward: 19.69930148124695, rates: 19.699301658284888, loss: 0.891876345872879, rho: 0.2, transmit_actions: 19, P: [0.4375, 0.0625, 0.0625, 0.0625, 0.0625, 0.0625, 0.125, 0.0625, 0.0625, 0.0625, 0.0625, 0.125, 0.0625, 0.0625, 0.0625, 0.0625, 0.0625, 0.0625, 0.0625, 0.0625]
[TRAIN]: (1298/1600): reward: 18.150487557053566, rates: 20.150487460593006, loss: 1.0645809099078178, rho: 0.2, transmit_actions: 19, P: [0.4375, 0.0625, 0.0625, 0.0625, 0.125, 0.0625, 0.125, 0.0625, 0.125, 0.0625, 0.0625, 0.125, 0.125, 0.0625, 0.0625, 0.0625, 0.125, 0.0625, 0.0625, 0.125]
[TRAIN]: (1299/1600): reward: 19.595099568367004, rates: 19.59509963454139, loss: 0.9067980915307998, rho: 0.15625, transmit_actions: 19, P: [0.4375, 0.0625, 0.0625, 0.0625, 0.0625, 0.0625, 0.0625, 0.0625, 0.0625, 0.0625, 0.0625, 0.0625, 0.0625, 0.125, 0.0625, 0.0625, 0.0625, 0.0625, 0.0625, 0.0625]
[TRAIN]: (1300/1600): reward: 19.47056445479393, rates: 19.470564422004504, loss: 0.8201154515147209, rho: 0.225, transmit_actions: 19, P: [1.0, 0.0625, 0.125, 0.0625, 0.0625, 0.0625, 0.0625, 0.0625, 0.125, 0.0625, 0.0625, 0.0625, 0.0625, 0.0625, 0.0625, 0.0625, 0.0625, 0.0625, 0.0625, 0.0625]
[TRAIN]: (1301/1600): reward: 10.923930287361145, rates: 18.923930438431977, loss: 0.9319019883871078, rho: 0.24375, transmit_actions: 18, P: [0.125, 0.5, 0.0625, 0.0625, 0.0625, 0.0625, 0.0625, 0.125, 0.0625, 0.0625, 0.0625, 0.0625, 0.0625, 0.0625, 0.0625, 0.125, 0.0625, 0.0625, 0.0625, 0.125]
[TRAIN]: (1302/1600): reward: 17.381262987852097, rates: 17.381262848540334, loss: 1.1153261438012123, rho: 0.14375, transmit_actions: 18, P: [0.4375, 0.4375, 0.0625, 0.0625, 0.0625, 0.0625, 0.0625, 0.0625, 0.0625, 0.0625, 0.0625, 0.0625, 0.0625, 0.0625, 0.0625, 0.0625, 0.0625, 0.0625, 0.0625, 0.0625]
[TRAIN]: (1303/1600): reward: 18.188447296619415, rates: 19.188447364688464, loss: 1.1980816811323165, rho: 0.16875, transmit_actions: 19, P: [0.4375, 0.0625, 0.0625, 0.0625, 0.0625, 0.0625, 0.125, 0.0625, 0.0625, 0.0625, 0.0625, 0.0625, 0.0625, 0.0625, 0.0625, 0.0625, 0.125, 0.0625, 0.0625, 0.0625]
[TRAIN]: (1304/1600): reward: 10.279961287975311, rates: 17.279961369423443, loss: 0.9921756148338318, rho: 0.175, transmit_actions: 19, P: [0.4375, 0.0625, 0.0625, 0.0625, 0.0625, 0.0625, 0.0625, 0.0625, 0.0625, 0.0625, 0.0625, 0.625, 0.0625, 0.0625, 0.0625, 0.0625, 0.0625, 0.0625, 0.125, 0.0625]
[TRAIN]: (1305/1600): reward: 17.799420654773712, rates: 18.7994205036664, loss: 1.12091017216444, rho: 0.15625, transmit_actions: 17, P: [0.4375, 0.6875, 0.0625, 0.6875, 0.0625, 0.0625, 0.0625, 0.0625, 0.0625, 0.0625, 0.0625, 0.125, 0.125, 0.0625, 0.0625, 0.0625, 0.0625, 0.125, 0.0625, 0.0625]
[TRAIN]: (1306/1600): reward: 19.231724619865417, rates: 19.231724525523934, loss: 1.1879451781511308, rho: 0.15625, transmit_actions: 19, P: [0.4375, 0.0625, 0.0625, 0.0625, 0.0625, 0.0625, 0.0625, 0.0625, 0.0625, 0.0625, 0.0625, 0.0625, 0.0625, 0.0625, 0.0625, 0.0625, 0.0625, 0.0625, 0.0625, 0.0625]
[TRAIN]: (1307/1600): reward: 19.194954216480255, rates: 20.194954235738003, loss: 1.006181961297989, rho: 0.23125, transmit_actions: 19, P: [0.8125, 0.0625, 0.0625, 0.0625, 0.0625, 0.125, 0.0625, 0.0625, 0.0625, 0.0625, 0.0625, 0.125, 0.0625, 0.125, 0.0625, 0.0625, 0.0625, 0.125, 0.0625, 0.0625]
[TRAIN]: (1308/1600): reward: 9.789476782083511, rates: 19.789476840574892, loss: 0.8939042508602142, rho: 0.20625, transmit_actions: 18, P: [0.8125, 0.0625, 0.0625, 0.0625, 0.25, 0.0625, 0.0625, 0.0625, 0.0625, 0.0625, 0.0625, 0.0625, 0.0625, 0.0625, 0.0625, 0.0625, 0.0625, 0.0625, 0.125, 0.0625]
[TRAIN]: (1309/1600): reward: 18.529608339071274, rates: 18.52960836358703, loss: 0.7450120814144612, rho: 0.1875, transmit_actions: 19, P: [0.8125, 0.0625, 0.0625, 0.0625, 0.0625, 0.0625, 0.0625, 0.0625, 0.0625, 0.0625, 0.0625, 0.0625, 0.0625, 0.0625, 0.0625, 0.0625, 0.0625, 0.0625, 0.0625, 0.125]
[TRAIN]: (1310/1600): reward: 20.733220517635345, rates: 20.733220755284645, loss: 1.050889453291893, rho: 0.19375, transmit_actions: 19, P: [0.8125, 0.0625, 0.0625, 0.0625, 0.0625, 0.0625, 0.0625, 0.0625, 0.0625, 0.0625, 0.125, 0.0625, 0.0625, 0.0625, 0.125, 0.0625, 0.125, 0.0625, 0.0625, 0.0625]
[TRAIN]: (1311/1600): reward: 16.918007642030716, rates: 17.918007384140033, loss: 0.9285036802291871, rho: 0.2, transmit_actions: 19, P: [0.8125, 0.0625, 0.0625, 0.0625, 0.0625, 0.125, 0.125, 0.0625, 0.125, 0.0625, 0.0625, 0.0625, 0.125, 0.125, 0.0625, 0.125, 0.0625, 0.0625, 0.0625, 0.0625]
[TRAIN]: (1312/1600): reward: 17.64094865322113, rates: 20.640948415973412, loss: 0.9028039202094078, rho: 0.16875, transmit_actions: 19, P: [0.25, 0.0625, 0.0625, 0.0625, 0.0625, 0.0625, 0.0625, 0.0625, 0.0625, 0.0625, 0.0625, 0.0625, 0.0625, 0.0625, 0.0625, 0.125, 0.0625, 0.0625, 0.0625, 0.125]
[TRAIN]: (1313/1600): reward: 18.334270648658276, rates: 20.334270614525174, loss: 0.8680151388049125, rho: 0.1625, transmit_actions: 19, P: [0.5625, 0.0625, 0.0625, 0.0625, 0.125, 0.0625, 0.0625, 0.0625, 0.0625, 0.125, 0.0625, 0.0625, 0.125, 0.0625, 0.0625, 0.125, 0.0625, 0.0625, 0.125, 0.0625]
[TRAIN]: (1314/1600): reward: 19.573890388011932, rates: 19.573890164116598, loss: 0.8249394074082375, rho: 0.15625, transmit_actions: 18, P: [0.25, 0.6875, 0.0625, 0.0625, 0.0625, 0.0625, 0.0625, 0.0625, 0.0625, 0.0625, 0.0625, 0.0625, 0.0625, 0.125, 0.0625, 0.0625, 0.0625, 0.0625, 0.0625, 0.0625]
[TRAIN]: (1315/1600): reward: 9.425012558698654, rates: 19.425012560546637, loss: 0.9182950109243393, rho: 0.1875, transmit_actions: 18, P: [0.5625, 0.0625, 0.0625, 0.0625, 0.0625, 0.0625, 0.0625, 0.0625, 0.0625, 0.0625, 0.0625, 0.0625, 0.125, 0.0625, 0.0625, 0.0625, 0.0625, 0.0625, 0.8125, 0.0625]
[TRAIN]: (1316/1600): reward: 20.39003473240882, rates: 21.39003499394426, loss: 0.9970854960381985, rho: 0.1625, transmit_actions: 19, P: [0.75, 0.0625, 0.0625, 0.0625, 0.125, 0.0625, 0.0625, 0.0625, 0.0625, 0.0625, 0.0625, 0.0625, 0.0625, 0.0625, 0.0625, 0.125, 0.0625, 0.0625, 0.0625, 0.0625]
[TRAIN]: (1317/1600): reward: 20.02175137400627, rates: 20.021751675164673, loss: 0.853898411989212, rho: 0.15625, transmit_actions: 19, P: [0.75, 0.0625, 0.0625, 0.0625, 0.0625, 0.0625, 0.0625, 0.0625, 0.125, 0.0625, 0.0625, 0.0625, 0.0625, 0.0625, 0.0625, 0.0625, 0.0625, 0.0625, 0.0625, 0.0625]
[TRAIN]: (1318/1600): reward: 21.47166782617569, rates: 21.471667887281516, loss: 0.9421086743474006, rho: 0.14375, transmit_actions: 19, P: [0.75, 0.0625, 0.0625, 0.0625, 0.0625, 0.0625, 0.0625, 0.0625, 0.0625, 0.0625, 0.0625, 0.0625, 0.0625, 0.0625, 0.0625, 0.0625, 0.0625, 0.0625, 0.0625, 0.0625]
[TRAIN]: (1319/1600): reward: 15.529404506087303, rates: 18.529404514809656, loss: 1.10449158847332, rho: 0.125, transmit_actions: 19, P: [0.4375, 0.0625, 0.0625, 0.0625, 0.125, 0.125, 0.0625, 0.0625, 0.0625, 0.0625, 0.0625, 0.0625, 0.125, 0.0625, 0.0625, 0.0625, 0.0625, 0.125, 0.0625, 0.0625]
[TRAIN]: (1320/1600): reward: 17.68650531768799, rates: 19.686505391355812, loss: 1.008873312175274, rho: 0.15, transmit_actions: 19, P: [0.5625, 0.0625, 0.125, 0.125, 0.125, 0.0625, 0.125, 0.0625, 0.0625, 0.0625, 0.0625, 0.125, 0.125, 0.0625, 0.125, 0.125, 0.0625, 0.125, 0.0625, 0.0625]
[TRAIN]: (1321/1600): reward: 18.506812632083893, rates: 19.5068125902975, loss: 1.0144551977515222, rho: 0.18125, transmit_actions: 19, P: [0.75, 0.0625, 0.0625, 0.0625, 0.0625, 0.0625, 0.0625, 0.0625, 0.125, 0.0625, 0.0625, 0.0625, 0.0625, 0.0625, 0.0625, 0.0625, 0.0625, 0.125, 0.0625, 0.125]
[TRAIN]: (1322/1600): reward: 8.540222465991974, rates: 18.540222482492194, loss: 0.8418314471840859, rho: 0.1875, transmit_actions: 18, P: [0.5, 0.0625, 0.75, 0.0625, 0.0625, 0.0625, 0.0625, 0.0625, 0.0625, 0.0625, 0.0625, 0.0625, 0.0625, 0.0625, 0.125, 0.0625, 0.125, 0.125, 0.125, 0.0625]
[TRAIN]: (1323/1600): reward: 20.163756921887398, rates: 21.163756843760904, loss: 0.9734067194163799, rho: 0.14375, transmit_actions: 19, P: [0.5, 0.0625, 0.0625, 0.125, 0.0625, 0.0625, 0.125, 0.125, 0.125, 0.0625, 0.0625, 0.125, 0.0625, 0.0625, 0.0625, 0.125, 0.0625, 0.0625, 0.0625, 0.0625]
[TRAIN]: (1324/1600): reward: 20.60885950922966, rates: 22.608859344052355, loss: 0.9064822062849999, rho: 0.1625, transmit_actions: 19, P: [0.5, 0.0625, 0.0625, 0.0625, 0.0625, 0.0625, 0.0625, 0.0625, 0.0625, 0.125, 0.0625, 0.0625, 0.0625, 0.0625, 0.0625, 0.0625, 0.0625, 0.0625, 0.125, 0.125]
[TRAIN]: (1325/1600): reward: 9.562600314617157, rates: 19.562600355680136, loss: 0.9916045844554902, rho: 0.18125, transmit_actions: 18, P: [0.625, 0.0625, 0.0625, 0.0625, 0.0625, 0.0625, 0.0625, 0.0625, 0.0625, 0.0625, 0.6875, 0.0625, 0.0625, 0.0625, 0.0625, 0.0625, 0.0625, 0.0625, 0.0625, 0.0625]
[TRAIN]: (1326/1600): reward: 18.682196378707886, rates: 18.682196434040296, loss: 0.8952949605882168, rho: 0.15, transmit_actions: 19, P: [0.8125, 0.0625, 0.0625, 0.0625, 0.0625, 0.0625, 0.0625, 0.0625, 0.0625, 0.0625, 0.0625, 0.0625, 0.0625, 0.0625, 0.125, 0.0625, 0.0625, 0.0625, 0.0625, 0.0625]
[TRAIN]: (1327/1600): reward: 13.446800738573074, rates: 17.446800870383342, loss: 1.0042983159422874, rho: 0.24375, transmit_actions: 19, P: [0.625, 0.0625, 0.0625, 0.0625, 0.0625, 0.125, 0.0625, 0.0625, 0.0625, 0.0625, 0.0625, 0.0625, 0.125, 0.0625, 0.0625, 0.0625, 0.125, 0.125, 0.125, 0.0625]
[TRAIN]: (1328/1600): reward: 21.179407119750977, rates: 21.179407080661235, loss: 0.831630888581276, rho: 0.1625, transmit_actions: 19, P: [0.1875, 0.0625, 0.0625, 0.0625, 0.0625, 0.0625, 0.0625, 0.0625, 0.0625, 0.0625, 0.0625, 0.0625, 0.0625, 0.0625, 0.0625, 0.0625, 0.0625, 0.0625, 0.0625, 0.0625]
[TRAIN]: (1329/1600): reward: 19.21620672941208, rates: 19.216206670552186, loss: 1.0188757315278054, rho: 0.21875, transmit_actions: 19, P: [0.1875, 0.0625, 0.0625, 0.0625, 0.0625, 0.0625, 0.0625, 0.0625, 0.0625, 0.0625, 0.125, 0.0625, 0.0625, 0.0625, 0.0625, 0.0625, 0.0625, 0.0625, 0.125, 0.0625]
[TRAIN]: (1330/1600): reward: 16.8147012591362, rates: 18.814701262131397, loss: 0.9977042376995087, rho: 0.1875, transmit_actions: 18, P: [0.1875, 0.8125, 0.0625, 0.0625, 0.0625, 0.0625, 0.0625, 0.0625, 0.0625, 0.0625, 0.0625, 0.0625, 0.0625, 0.0625, 0.125, 0.125, 0.0625, 0.0625, 0.125, 0.125]
[TRAIN]: (1331/1600): reward: 20.20632380247116, rates: 20.20632383794428, loss: 0.9358020111918449, rho: 0.16875, transmit_actions: 18, P: [0.1875, 0.6875, 0.0625, 0.0625, 0.0625, 0.0625, 0.0625, 0.0625, 0.0625, 0.0625, 0.0625, 0.0625, 0.0625, 0.0625, 0.0625, 0.0625, 0.0625, 0.0625, 0.0625, 0.0625]
[TRAIN]: (1332/1600): reward: 22.145353466272354, rates: 22.145353274587066, loss: 0.9456478610634804, rho: 0.14375, transmit_actions: 19, P: [0.75, 0.0625, 0.0625, 0.0625, 0.0625, 0.0625, 0.0625, 0.0625, 0.0625, 0.0625, 0.0625, 0.0625, 0.0625, 0.0625, 0.0625, 0.0625, 0.0625, 0.0625, 0.0625, 0.0625]
[TRAIN]: (1333/1600): reward: 18.3033749461174, rates: 19.303374957110282, loss: 0.8977805286645889, rho: 0.15625, transmit_actions: 19, P: [0.5, 0.0625, 0.0625, 0.0625, 0.0625, 0.0625, 0.125, 0.0625, 0.0625, 0.0625, 0.0625, 0.0625, 0.0625, 0.0625, 0.0625, 0.0625, 0.0625, 0.0625, 0.125, 0.0625]
[TRAIN]: (1334/1600): reward: 18.045224845409393, rates: 19.04522478293863, loss: 1.0385965302586555, rho: 0.16875, transmit_actions: 19, P: [0.5, 0.0625, 0.0625, 0.0625, 0.0625, 0.0625, 0.0625, 0.0625, 0.0625, 0.0625, 0.0625, 0.0625, 0.0625, 0.0625, 0.0625, 0.125, 0.0625, 0.125, 0.0625, 0.0625]
[TRAIN]: (1335/1600): reward: 21.826698184013367, rates: 21.82669800870813, loss: 0.8824121817946434, rho: 0.15625, transmit_actions: 19, P: [0.4375, 0.0625, 0.0625, 0.0625, 0.0625, 0.0625, 0.0625, 0.0625, 0.125, 0.0625, 0.0625, 0.0625, 0.125, 0.0625, 0.0625, 0.0625, 0.0625, 0.0625, 0.0625, 0.0625]
[TRAIN]: (1336/1600): reward: 18.19207757897675, rates: 19.19207751744674, loss: 0.8853108488023281, rho: 0.16875, transmit_actions: 19, P: [0.4375, 0.0625, 0.0625, 0.0625, 0.0625, 0.0625, 0.0625, 0.0625, 0.125, 0.0625, 0.125, 0.0625, 0.0625, 0.0625, 0.0625, 0.125, 0.125, 0.0625, 0.0625, 0.125]
[TRAIN]: (1337/1600): reward: -1.3571553523652256, rates: 17.642844729470777, loss: 0.7421279713511467, rho: 0.175, transmit_actions: 19, P: [0.4375, 0.8125, 0.125, 0.0625, 0.0625, 0.0625, 0.125, 0.0625, 0.0625, 0.0625, 0.125, 0.0625, 0.0625, 0.0625, 0.0625, 0.125, 0.0625, 0.0625, 0.0625, 0.0625]
[TRAIN]: (1338/1600): reward: 16.9273898601532, rates: 18.927389814669812, loss: 1.1510068401694298, rho: 0.2, transmit_actions: 19, P: [0.4375, 0.0625, 0.0625, 0.0625, 0.0625, 0.0625, 0.0625, 0.0625, 0.0625, 0.0625, 0.125, 0.0625, 0.0625, 0.0625, 0.0625, 0.0625, 0.0625, 0.125, 0.0625, 0.0625]
[TRAIN]: (1339/1600): reward: 18.667429983615875, rates: 19.66742994107988, loss: 0.9332651913166046, rho: 0.19375, transmit_actions: 19, P: [0.625, 0.0625, 0.0625, 0.0625, 0.0625, 0.0625, 0.0625, 0.0625, 0.0625, 0.0625, 0.0625, 0.125, 0.0625, 0.0625, 0.0625, 0.0625, 0.0625, 0.0625, 0.0625, 0.0625]
[TRAIN]: (1340/1600): reward: 20.09299635887146, rates: 20.092996054943356, loss: 0.883332122862339, rho: 0.18125, transmit_actions: 19, P: [0.625, 0.0625, 0.0625, 0.0625, 0.0625, 0.0625, 0.0625, 0.0625, 0.0625, 0.0625, 0.0625, 0.0625, 0.125, 0.125, 0.0625, 0.0625, 0.0625, 0.0625, 0.0625, 0.0625]
[TRAIN]: (1341/1600): reward: 15.863154888153076, rates: 17.863155187355048, loss: 0.8399043276906013, rho: 0.175, transmit_actions: 19, P: [0.4375, 0.0625, 0.0625, 0.125, 0.0625, 0.125, 0.0625, 0.125, 0.0625, 0.0625, 0.0625, 0.0625, 0.0625, 0.0625, 0.0625, 0.0625, 0.0625, 0.0625, 0.125, 0.125]
[TRAIN]: (1342/1600): reward: 20.093255013227463, rates: 20.093254903927715, loss: 0.8458988070487976, rho: 0.14375, transmit_actions: 19, P: [0.4375, 0.0625, 0.0625, 0.0625, 0.0625, 0.0625, 0.0625, 0.125, 0.0625, 0.0625, 0.0625, 0.0625, 0.0625, 0.0625, 0.0625, 0.0625, 0.0625, 0.0625, 0.0625, 0.0625]
[TRAIN]: (1343/1600): reward: 19.558676302433014, rates: 19.558676477022903, loss: 0.9546984471380711, rho: 0.19375, transmit_actions: 19, P: [0.9375, 0.0, 0.0625, 0.0625, 0.0625, 0.0625, 0.0625, 0.0625, 0.0625, 0.0625, 0.0625, 0.0625, 0.0625, 0.125, 0.0625, 0.0625, 0.0625, 0.0625, 0.0625, 0.0625]
[TRAIN]: (1344/1600): reward: 19.89635917544365, rates: 20.89635913193822, loss: 0.9582666471600533, rho: 0.13125, transmit_actions: 19, P: [0.75, 0.0625, 0.0625, 0.0625, 0.0625, 0.0625, 0.0625, 0.0625, 0.0625, 0.0625, 0.0625, 0.0625, 0.0625, 0.0625, 0.0625, 0.0625, 0.0625, 0.0625, 0.125, 0.0625]
[TRAIN]: (1345/1600): reward: 20.515041023492813, rates: 20.515040917261782, loss: 0.7917893134057522, rho: 0.175, transmit_actions: 19, P: [1.0, 0.0625, 0.0625, 0.0625, 0.0625, 0.0625, 0.0625, 0.0625, 0.0625, 0.0625, 0.0625, 0.0625, 0.0625, 0.0625, 0.0625, 0.0625, 0.0625, 0.0625, 0.0625, 0.0625]
[TRAIN]: (1346/1600): reward: 7.429021596908569, rates: 17.429021815981933, loss: 0.8932361081242561, rho: 0.2, transmit_actions: 18, P: [1.0, 0.0, 0.0625, 0.0625, 0.0625, 0.0625, 0.0625, 0.0625, 0.0625, 0.0625, 0.0625, 0.0625, 0.375, 0.125, 0.0625, 0.0625, 0.0625, 0.0625, 0.0625, 0.0625]
[TRAIN]: (1347/1600): reward: 20.21443622931838, rates: 21.214436219274347, loss: 0.9237443521618843, rho: 0.1875, transmit_actions: 18, P: [1.0, 0.6875, 0.0625, 0.0625, 0.0625, 0.0625, 0.0625, 0.0625, 0.0625, 0.0625, 0.0625, 0.0625, 0.0625, 0.0625, 0.125, 0.0625, 0.0625, 0.0625, 0.125, 0.0625]
[TRAIN]: (1348/1600): reward: 18.873566389083862, rates: 18.873566321400173, loss: 0.8316994652152061, rho: 0.15625, transmit_actions: 19, P: [0.625, 0.0625, 0.0625, 0.0625, 0.0625, 0.0625, 0.0625, 0.0625, 0.0625, 0.0625, 0.0625, 0.0625, 0.0625, 0.0625, 0.0625, 0.0625, 0.0625, 0.0625, 0.0625, 0.0625]
[TRAIN]: (1349/1600): reward: 19.65520668029785, rates: 19.655206794592786, loss: 0.9657607808709144, rho: 0.15, transmit_actions: 19, P: [0.6875, 0.0625, 0.0625, 0.0625, 0.0625, 0.0625, 0.0625, 0.0625, 0.0625, 0.0625, 0.0625, 0.0625, 0.0625, 0.0625, 0.0625, 0.0625, 0.0625, 0.0625, 0.0625, 0.0625]
[TRAIN]: (1350/1600): reward: 22.495806753635406, rates: 22.495806635996622, loss: 0.9225055873394012, rho: 0.1875, transmit_actions: 19, P: [0.125, 0.0, 0.0625, 0.0625, 0.0625, 0.0625, 0.0625, 0.0625, 0.0625, 0.0625, 0.0625, 0.0625, 0.0625, 0.0625, 0.0625, 0.0625, 0.0625, 0.0625, 0.0625, 0.0625]
[TRAIN]: (1351/1600): reward: 7.95629030582495, rates: 18.956290173099994, loss: 0.8176772527396678, rho: 0.2, transmit_actions: 19, P: [0.125, 0.0625, 0.0625, 0.0625, 0.0625, 0.0625, 0.0625, 0.0625, 0.0625, 0.0625, 0.125, 0.125, 0.0625, 0.0625, 0.0625, 0.125, 0.75, 0.0625, 0.125, 0.125]
[TRAIN]: (1352/1600): reward: 18.935831129550934, rates: 20.93583111475371, loss: 0.9842803120613098, rho: 0.1625, transmit_actions: 19, P: [0.375, 0.0, 0.0625, 0.0625, 0.125, 0.0625, 0.125, 0.0625, 0.0625, 0.0625, 0.0625, 0.0625, 0.0625, 0.0625, 0.0625, 0.0625, 0.0625, 0.0625, 0.0625, 0.0625]
[TRAIN]: (1353/1600): reward: 11.016895592212677, rates: 21.016895819234385, loss: 0.7671916306018829, rho: 0.20625, transmit_actions: 18, P: [0.875, 0.0625, 0.0625, 0.625, 0.0625, 0.0625, 0.0625, 0.0625, 0.0625, 0.0625, 0.0625, 0.0625, 0.0625, 0.0625, 0.0625, 0.0625, 0.0625, 0.0625, 0.0625, 0.0625]
[TRAIN]: (1354/1600): reward: 21.236040830612183, rates: 21.236040707592718, loss: 0.7880031168460846, rho: 0.16875, transmit_actions: 18, P: [0.625, 0.0625, 0.0625, 0.0625, 0.0625, 0.0625, 0.0625, 0.0625, 0.0625, 0.0625, 0.0625, 0.0625, 0.0625, 0.0625, 0.0625, 0.8125, 0.0625, 0.0625, 0.0625, 0.0625]
[TRAIN]: (1355/1600): reward: 22.18499380350113, rates: 22.18499367655885, loss: 1.0267554268240928, rho: 0.15, transmit_actions: 19, P: [0.625, 0.0625, 0.0625, 0.0625, 0.0625, 0.0625, 0.0625, 0.0625, 0.0625, 0.0625, 0.0625, 0.0625, 0.0625, 0.0625, 0.0625, 0.0625, 0.0625, 0.0625, 0.0625, 0.0625]
[TRAIN]: (1356/1600): reward: 21.508822083473206, rates: 21.508822142753722, loss: 0.7896126419305801, rho: 0.16875, transmit_actions: 19, P: [0.5625, 0.0625, 0.0625, 0.0625, 0.0625, 0.0625, 0.0625, 0.0625, 0.0625, 0.0625, 0.0625, 0.0625, 0.0625, 0.0625, 0.0625, 0.0625, 0.0625, 0.0625, 0.0625, 0.125]
[TRAIN]: (1357/1600): reward: 18.72620153427124, rates: 18.726201408571363, loss: 1.0100764006376266, rho: 0.18125, transmit_actions: 19, P: [0.25, 0.0625, 0.0625, 0.0625, 0.0625, 0.0625, 0.0625, 0.0625, 0.0625, 0.0625, 0.0625, 0.0625, 0.0, 0.0625, 0.125, 0.0625, 0.0625, 0.0625, 0.125, 0.0625]
[TRAIN]: (1358/1600): reward: 17.082330718636513, rates: 19.0823308311363, loss: 0.8747505888342857, rho: 0.15625, transmit_actions: 18, P: [0.25, 0.8125, 0.0625, 0.125, 0.125, 0.0625, 0.0625, 0.0625, 0.0625, 0.125, 0.0625, 0.0625, 0.0625, 0.0625, 0.0625, 0.0625, 0.0625, 0.125, 0.0625, 0.125]
[TRAIN]: (1359/1600): reward: 19.99271559715271, rates: 19.99271570850749, loss: 0.947488559782505, rho: 0.18125, transmit_actions: 19, P: [0.25, 0.0625, 0.0625, 0.0625, 0.0625, 0.0625, 0.0625, 0.0625, 0.0625, 0.0625, 0.0625, 0.0625, 0.0625, 0.0625, 0.0625, 0.125, 0.125, 0.125, 0.0625, 0.125]
[TRAIN]: (1360/1600): reward: 18.48750552535057, rates: 18.487505517701997, loss: 0.935211281478405, rho: 0.15625, transmit_actions: 19, P: [0.0625, 0.0625, 0.0625, 0.0625, 0.0625, 0.0625, 0.0625, 0.0625, 0.0625, 0.0625, 0.0625, 0.0625, 0.0625, 0.0625, 0.0625, 0.0625, 0.125, 0.0625, 0.0625, 0.0625]
[TRAIN]: (1361/1600): reward: 21.228104412555695, rates: 21.22810437659907, loss: 1.0154067307710648, rho: 0.16875, transmit_actions: 19, P: [0.375, 0.0625, 0.0625, 0.0625, 0.0625, 0.0625, 0.0625, 0.0625, 0.0625, 0.0625, 0.125, 0.0625, 0.0625, 0.0625, 0.0625, 0.0625, 0.0625, 0.0625, 0.0625, 0.0625]
[TRAIN]: (1362/1600): reward: 19.45850419998169, rates: 19.458504052576938, loss: 0.6108126230537891, rho: 0.1625, transmit_actions: 18, P: [0.6875, 0.6875, 0.0625, 0.0625, 0.0625, 0.0625, 0.0625, 0.0625, 0.0625, 0.0625, 0.0625, 0.0625, 0.125, 0.125, 0.0625, 0.0625, 0.0625, 0.0625, 0.0625, 0.0625]
[TRAIN]: (1363/1600): reward: 6.574625909328461, rates: 17.574625929545054, loss: 1.2544038593769073, rho: 0.2625, transmit_actions: 19, P: [0.6875, 0.0625, 0.0625, 0.0625, 0.9375, 0.0625, 0.0625, 0.1875, 0.0625, 0.0625, 0.125, 0.125, 0.0625, 0.0625, 0.0625, 0.0625, 0.0625, 0.0625, 0.125, 0.0625]
[TRAIN]: (1364/1600): reward: 20.647175520658493, rates: 20.647175465422624, loss: 1.0191596001386642, rho: 0.19375, transmit_actions: 19, P: [0.6875, 0.0625, 0.0625, 0.0625, 0.0625, 0.0625, 0.0625, 0.0625, 0.125, 0.0625, 0.0625, 0.0625, 0.0625, 0.0625, 0.125, 0.125, 0.0625, 0.0625, 0.0625, 0.0625]
[TRAIN]: (1365/1600): reward: 21.296210825443268, rates: 21.296210685620263, loss: 0.8763645917177201, rho: 0.1375, transmit_actions: 19, P: [0.5625, 0.0625, 0.0625, 0.0625, 0.0625, 0.0625, 0.0625, 0.0625, 0.0625, 0.0625, 0.0625, 0.0625, 0.0625, 0.0625, 0.0625, 0.0625, 0.0625, 0.0625, 0.125, 0.0625]
[TRAIN]: (1366/1600): reward: 16.24974785745144, rates: 17.249747804676968, loss: 0.8211121335625648, rho: 0.2, transmit_actions: 19, P: [0.25, 0.0625, 0.0625, 0.0625, 0.0625, 0.0625, 0.0625, 0.0625, 0.0625, 0.0625, 0.125, 0.0625, 0.125, 0.125, 0.0625, 0.0625, 0.0625, 0.0625, 0.0625, 0.0625]
[TRAIN]: (1367/1600): reward: 20.79387253522873, rates: 20.79387235700002, loss: 1.0553196310997008, rho: 0.18125, transmit_actions: 19, P: [0.25, 0.0625, 0.0625, 0.0625, 0.0625, 0.0625, 0.0625, 0.0625, 0.0625, 0.0625, 0.0625, 0.0625, 0.0625, 0.0625, 0.0625, 0.0625, 0.0625, 0.0625, 0.0625, 0.0625]
[TRAIN]: (1368/1600): reward: 9.772855997085571, rates: 17.772855981513246, loss: 0.6644779354333877, rho: 0.24375, transmit_actions: 19, P: [0.25, 0.0625, 0.0625, 0.0625, 0.0625, 0.0625, 0.0625, 0.0625, 0.0625, 0.0625, 0.0625, 0.0625, 0.0625, 0.375, 0.0625, 0.0625, 0.0625, 0.0625, 0.0625, 0.0625]
[TRAIN]: (1369/1600): reward: 19.52090749144554, rates: 19.52090729088565, loss: 0.9122867688536644, rho: 0.15, transmit_actions: 19, P: [0.4375, 0.0625, 0.0625, 0.0625, 0.0625, 0.0625, 0.0625, 0.0625, 0.0625, 0.0625, 0.0625, 0.0625, 0.0625, 0.0625, 0.0625, 0.0625, 0.0625, 0.0625, 0.0625, 0.0625]
[TRAIN]: (1370/1600): reward: 19.17288789153099, rates: 19.172887907410974, loss: 0.8949330359697342, rho: 0.15, transmit_actions: 19, P: [0.4375, 0.0625, 0.0625, 0.0625, 0.0625, 0.0625, 0.0625, 0.0625, 0.0625, 0.0625, 0.0625, 0.0625, 0.0625, 0.0625, 0.0625, 0.0625, 0.0625, 0.0625, 0.0625, 0.0625]
[TRAIN]: (1371/1600): reward: 17.976126849651337, rates: 18.976126918667568, loss: 1.1412504017353058, rho: 0.1625, transmit_actions: 19, P: [0.75, 0.0625, 0.0625, 0.0625, 0.0625, 0.0625, 0.0625, 0.0625, 0.0625, 0.0625, 0.0625, 0.0625, 0.125, 0.125, 0.0625, 0.0625, 0.0625, 0.0625, 0.0625, 0.0625]
[TRAIN]: (1372/1600): reward: 21.1038339138031, rates: 21.10383386947738, loss: 0.8087306164205075, rho: 0.1625, transmit_actions: 19, P: [0.8125, 0.0625, 0.0625, 0.0625, 0.0625, 0.0625, 0.0625, 0.0625, 0.0625, 0.0625, 0.0625, 0.0625, 0.0625, 0.0625, 0.0625, 0.0625, 0.0625, 0.0625, 0.125, 0.0625]
[TRAIN]: (1373/1600): reward: 20.184890668839216, rates: 21.184890742285845, loss: 0.6936290964484215, rho: 0.15, transmit_actions: 19, P: [0.75, 0.0625, 0.0625, 0.0625, 0.0625, 0.0625, 0.0625, 0.0625, 0.0625, 0.0625, 0.0625, 0.0625, 0.0625, 0.0625, 0.125, 0.0625, 0.0625, 0.0625, 0.0625, 0.0625]
[TRAIN]: (1374/1600): reward: 17.989905834197998, rates: 19.989905814049376, loss: 0.8375626385211945, rho: 0.16875, transmit_actions: 19, P: [0.6875, 0.0625, 0.0625, 0.0625, 0.0625, 0.0625, 0.0625, 0.0625, 0.0625, 0.0625, 0.0625, 0.125, 0.0625, 0.0625, 0.0625, 0.0625, 0.0625, 0.0625, 0.125, 0.0625]
[TRAIN]: (1375/1600): reward: 19.291700422763824, rates: 19.291700500345286, loss: 0.8445024117827415, rho: 0.175, transmit_actions: 19, P: [0.75, 0.0625, 0.0625, 0.0625, 0.0625, 0.0625, 0.0625, 0.0625, 0.0625, 0.0625, 0.0625, 0.0625, 0.0625, 0.0625, 0.0625, 0.0625, 0.0625, 0.0625, 0.0625, 0.0625]
[TRAIN]: (1376/1600): reward: 18.93343761563301, rates: 19.933437671972182, loss: 0.7765270724892617, rho: 0.2, transmit_actions: 19, P: [0.75, 0.0625, 0.0625, 0.0625, 0.0625, 0.0625, 0.0625, 0.0625, 0.0625, 0.0625, 0.0625, 0.0625, 0.0625, 0.0625, 0.0625, 0.0625, 0.0625, 0.0625, 0.0625, 0.0625]
[TRAIN]: (1377/1600): reward: 18.067968368530273, rates: 18.06796824931151, loss: 0.9921260133385659, rho: 0.1625, transmit_actions: 19, P: [0.75, 0.0625, 0.0625, 0.0625, 0.0625, 0.0625, 0.0625, 0.0625, 0.0625, 0.0625, 0.0625, 0.0625, 0.0625, 0.0625, 0.0625, 0.0625, 0.0625, 0.0625, 0.0625, 0.0625]
[TRAIN]: (1378/1600): reward: 20.80386984348297, rates: 20.803869813519025, loss: 1.1736138343811036, rho: 0.1625, transmit_actions: 19, P: [0.75, 0.0625, 0.0625, 0.0625, 0.0625, 0.0625, 0.0625, 0.0625, 0.0625, 0.0625, 0.0625, 0.0625, 0.0625, 0.0625, 0.0625, 0.0625, 0.0625, 0.0625, 0.0625, 0.0625]
[TRAIN]: (1379/1600): reward: 18.794797629117966, rates: 19.794797560343596, loss: 0.5766094341874123, rho: 0.1875, transmit_actions: 19, P: [0.625, 0.0625, 0.0625, 0.0625, 0.0625, 0.0625, 0.0625, 0.0625, 0.0625, 0.0625, 0.0625, 0.0625, 0.125, 0.0625, 0.125, 0.0625, 0.0625, 0.0625, 0.0625, 0.0625]
[TRAIN]: (1380/1600): reward: 14.896130591630936, rates: 17.896130528984997, loss: 0.9458693951368332, rho: 0.225, transmit_actions: 19, P: [0.5, 0.0625, 0.0625, 0.0625, 0.0625, 0.0625, 0.0625, 0.0625, 0.0625, 0.0625, 0.0625, 0.0625, 0.0625, 0.0625, 0.0625, 0.0625, 0.0625, 0.0625, 0.125, 0.125]
[TRAIN]: (1381/1600): reward: 18.695157224312425, rates: 19.695157371153712, loss: 1.0679811894893647, rho: 0.175, transmit_actions: 19, P: [0.1875, 0.0625, 0.0625, 0.0625, 0.0625, 0.0625, 0.0625, 0.0625, 0.0625, 0.0625, 0.0625, 0.0625, 0.0625, 0.0625, 0.0625, 0.0625, 0.0625, 0.125, 0.0625, 0.0625]
[TRAIN]: (1382/1600): reward: 20.25718468427658, rates: 21.25718477317874, loss: 0.9937032841145992, rho: 0.1625, transmit_actions: 19, P: [0.1875, 0.0625, 0.125, 0.0625, 0.0625, 0.0625, 0.0625, 0.0625, 0.0625, 0.0625, 0.0625, 0.0625, 0.0625, 0.0625, 0.0625, 0.0625, 0.125, 0.0625, 0.0625, 0.0625]
[TRAIN]: (1383/1600): reward: 21.457981169223785, rates: 21.457981301804477, loss: 0.8103771165013314, rho: 0.175, transmit_actions: 19, P: [0.1875, 0.0625, 0.0625, 0.0625, 0.0625, 0.125, 0.0625, 0.0625, 0.0625, 0.0625, 0.0625, 0.125, 0.125, 0.0625, 0.125, 0.0625, 0.0625, 0.0625, 0.125, 0.0625]
[TRAIN]: (1384/1600): reward: 20.750462114810944, rates: 20.750462167228687, loss: 1.0078935086727143, rho: 0.1625, transmit_actions: 19, P: [0.5, 0.0625, 0.0625, 0.0625, 0.0625, 0.0625, 0.0625, 0.0625, 0.0625, 0.0625, 0.0625, 0.0625, 0.0625, 0.0625, 0.0625, 0.125, 0.125, 0.125, 0.0625, 0.0625]
[TRAIN]: (1385/1600): reward: 18.78626461327076, rates: 19.786264719702743, loss: 0.8941764235496521, rho: 0.16875, transmit_actions: 19, P: [0.5, 0.0625, 0.0625, 0.0625, 0.0625, 0.0625, 0.0625, 0.0625, 0.0625, 0.0625, 0.0625, 0.0625, 0.0625, 0.125, 0.125, 0.0625, 0.0625, 0.0625, 0.0625, 0.0625]
[TRAIN]: (1386/1600): reward: 18.480613827705383, rates: 18.480613658663767, loss: 0.9496240302920341, rho: 0.19375, transmit_actions: 19, P: [0.5, 0.0625, 0.0625, 0.0625, 0.0625, 0.0625, 0.0625, 0.0625, 0.0625, 0.0625, 0.0625, 0.125, 0.0625, 0.0625, 0.125, 0.0625, 0.0625, 0.0625, 0.0625, 0.0625]
[TRAIN]: (1387/1600): reward: 20.208555161952972, rates: 21.208555374856136, loss: 0.5982358559966088, rho: 0.18125, transmit_actions: 19, P: [0.5, 0.0625, 0.0625, 0.125, 0.0625, 0.0625, 0.0625, 0.0625, 0.0625, 0.0625, 0.0625, 0.0625, 0.0625, 0.0625, 0.0625, 0.0625, 0.0625, 0.0625, 0.0625, 0.0625]
[TRAIN]: (1388/1600): reward: 19.262141585350037, rates: 19.26214147182908, loss: 0.7240889646112919, rho: 0.15, transmit_actions: 18, P: [0.5, 0.8125, 0.0625, 0.0625, 0.0625, 0.0625, 0.0625, 0.0625, 0.0625, 0.0625, 0.0625, 0.0625, 0.0625, 0.0625, 0.0625, 0.0625, 0.0625, 0.0625, 0.0625, 0.0625]
[TRAIN]: (1389/1600): reward: 18.446703493595123, rates: 18.44670341113566, loss: 1.4506945356726646, rho: 0.15625, transmit_actions: 18, P: [0.5, 0.6875, 0.0625, 0.0625, 0.0625, 0.0625, 0.0625, 0.0625, 0.0625, 0.0625, 0.0625, 0.0625, 0.0625, 0.0625, 0.0625, 0.0625, 0.0625, 0.0625, 0.0625, 0.0625]
[TRAIN]: (1390/1600): reward: 16.501823097467422, rates: 19.501822995280126, loss: 0.8991367928683758, rho: 0.20625, transmit_actions: 19, P: [0.875, 0.0625, 0.0625, 0.0625, 0.0625, 0.0625, 0.0625, 0.125, 0.0625, 0.0625, 0.0625, 0.0625, 0.0625, 0.0625, 0.0625, 0.125, 0.125, 0.125, 0.0625, 0.125]
[TRAIN]: (1391/1600): reward: 19.171341598033905, rates: 20.17134159393366, loss: 0.9042054191231728, rho: 0.15625, transmit_actions: 19, P: [0.5, 0.0625, 0.0625, 0.0625, 0.0625, 0.0625, 0.0625, 0.0625, 0.0625, 0.0625, 0.0625, 0.0625, 0.0625, 0.0625, 0.0625, 0.125, 0.125, 0.0625, 0.0625, 0.0625]
[TRAIN]: (1392/1600): reward: 17.70485970377922, rates: 20.70485960057094, loss: 1.1511405728757382, rho: 0.1875, transmit_actions: 19, P: [0.875, 0.0625, 0.0625, 0.0625, 0.0625, 0.0625, 0.0625, 0.0625, 0.0625, 0.0625, 0.125, 0.125, 0.0625, 0.0625, 0.0625, 0.125, 0.0625, 0.125, 0.125, 0.0625]
[TRAIN]: (1393/1600): reward: 19.927231401205063, rates: 20.927231295258878, loss: 1.053118185698986, rho: 0.2125, transmit_actions: 19, P: [0.875, 0.0625, 0.0625, 0.0625, 0.0625, 0.125, 0.0625, 0.0625, 0.0625, 0.0625, 0.0625, 0.0625, 0.0625, 0.0625, 0.0625, 0.0625, 0.0625, 0.0625, 0.0625, 0.0625]
[TRAIN]: (1394/1600): reward: 20.628786325454712, rates: 20.628786399241008, loss: 0.8005501821637153, rho: 0.14375, transmit_actions: 19, P: [0.5625, 0.0625, 0.0625, 0.0625, 0.0625, 0.0625, 0.0625, 0.0625, 0.0625, 0.0625, 0.0625, 0.0625, 0.0625, 0.0625, 0.0625, 0.0625, 0.0625, 0.0625, 0.0625, 0.0625]
[TRAIN]: (1395/1600): reward: 7.827506184577942, rates: 17.827505995599275, loss: 0.7992250911891461, rho: 0.16875, transmit_actions: 17, P: [0.5, 0.8125, 0.0625, 0.0625, 0.0625, 0.0625, 0.0625, 0.0625, 0.0625, 0.0625, 0.0625, 0.125, 0.1875, 0.0625, 0.0625, 0.0625, 0.0625, 0.0625, 0.0625, 0.0625]
[TRAIN]: (1396/1600): reward: 18.622824788093567, rates: 19.622824775410976, loss: 1.1392757147550583, rho: 0.1625, transmit_actions: 19, P: [0.625, 0.0625, 0.0625, 0.0625, 0.0625, 0.0625, 0.0625, 0.0625, 0.0625, 0.0625, 0.0625, 0.0625, 0.0625, 0.0625, 0.0625, 0.0625, 0.0625, 0.0625, 0.0625, 0.0625]
[TRAIN]: (1397/1600): reward: 20.580107405781746, rates: 21.58010741469131, loss: 0.8460004642605782, rho: 0.19375, transmit_actions: 19, P: [0.9375, 0.0625, 0.0625, 0.0625, 0.0625, 0.0625, 0.0625, 0.0625, 0.0625, 0.0625, 0.0625, 0.0625, 0.0625, 0.0625, 0.0625, 0.125, 0.0625, 0.0625, 0.0625, 0.0625]
[TRAIN]: (1398/1600): reward: 16.320874005556107, rates: 20.32087389384508, loss: 1.0760360740125179, rho: 0.14375, transmit_actions: 19, P: [0.3125, 0.0625, 0.0625, 0.0625, 0.0625, 0.0625, 0.0625, 0.0625, 0.0625, 0.0625, 0.0625, 0.125, 0.0625, 0.125, 0.125, 0.0625, 0.0625, 0.0625, 0.0625, 0.0625]
[TRAIN]: (1399/1600): reward: 20.431434899568558, rates: 21.431434887774717, loss: 0.8113845229148865, rho: 0.13125, transmit_actions: 19, P: [0.4375, 0.0625, 0.0625, 0.0625, 0.0625, 0.0625, 0.0625, 0.0625, 0.0625, 0.0625, 0.0625, 0.125, 0.0625, 0.125, 0.0625, 0.0625, 0.125, 0.0625, 0.125, 0.0625]
[TRAIN]: (1400/1600): reward: 18.928916424512863, rates: 18.92891629237161, loss: 0.940324978530407, rho: 0.15625, transmit_actions: 18, P: [0.4375, 0.8125, 0.0625, 0.0625, 0.125, 0.0625, 0.0625, 0.0625, 0.0625, 0.125, 0.0625, 0.0625, 0.0625, 0.0625, 0.0625, 0.0625, 0.0625, 0.0625, 0.0625, 0.0625]
[TRAIN]: (1401/1600): reward: 21.039227932691574, rates: 21.039228037362005, loss: 0.8554318755865097, rho: 0.175, transmit_actions: 19, P: [0.4375, 0.0625, 0.0625, 0.0625, 0.0625, 0.0625, 0.125, 0.0625, 0.0625, 0.0625, 0.0625, 0.0625, 0.0625, 0.0625, 0.0625, 0.0625, 0.0625, 0.0625, 0.0625, 0.0625]
[TRAIN]: (1402/1600): reward: 13.827268332242966, rates: 15.827268107121364, loss: 0.8596886172890663, rho: 0.3, transmit_actions: 18, P: [0.75, 0.9375, 0.0625, 0.0625, 0.125, 0.0625, 0.125, 0.0625, 0.0625, 0.0625, 0.0625, 0.125, 0.125, 0.0625, 0.125, 0.0625, 0.0625, 0.0625, 0.0625, 0.0625]
[TRAIN]: (1403/1600): reward: 19.234895259141922, rates: 20.234895154811255, loss: 0.883065351843834, rho: 0.1875, transmit_actions: 19, P: [0.375, 0.0625, 0.0625, 0.0625, 0.0625, 0.0625, 0.0625, 0.0625, 0.0625, 0.0625, 0.0625, 0.0625, 0.125, 0.0625, 0.0625, 0.0625, 0.0625, 0.0625, 0.0625, 0.0625]
[TRAIN]: (1404/1600): reward: 20.291106790304184, rates: 20.291106683499173, loss: 0.875002047419548, rho: 0.19375, transmit_actions: 19, P: [0.875, 0.0625, 0.0625, 0.0625, 0.0625, 0.0625, 0.0625, 0.0625, 0.0625, 0.0625, 0.0625, 0.0625, 0.0625, 0.125, 0.0625, 0.0625, 0.0625, 0.0625, 0.0625, 0.125]
[TRAIN]: (1405/1600): reward: 20.123400375247, rates: 21.123400442249345, loss: 0.8234033495187759, rho: 0.175, transmit_actions: 19, P: [0.875, 0.0625, 0.0625, 0.0625, 0.0625, 0.0625, 0.0625, 0.0625, 0.0625, 0.0625, 0.0625, 0.0625, 0.0625, 0.0625, 0.0625, 0.0625, 0.125, 0.0625, 0.0625, 0.125]
[TRAIN]: (1406/1600): reward: 19.593127727508545, rates: 20.59312778622768, loss: 0.6764084562659264, rho: 0.20625, transmit_actions: 19, P: [0.875, 0.0625, 0.0625, 0.0625, 0.125, 0.0625, 0.0625, 0.0625, 0.0625, 0.0625, 0.0625, 0.0625, 0.0625, 0.0625, 0.0625, 0.125, 0.125, 0.0625, 0.0625, 0.0625]
[TRAIN]: (1407/1600): reward: 19.462304905056953, rates: 21.46230482058373, loss: 0.9930746555328369, rho: 0.2, transmit_actions: 19, P: [0.875, 0.0625, 0.0625, 0.0625, 0.0625, 0.0625, 0.0625, 0.0625, 0.0625, 0.0625, 0.0625, 0.0625, 0.125, 0.0625, 0.125, 0.125, 0.125, 0.0625, 0.0625, 0.0625]
[TRAIN]: (1408/1600): reward: 9.901825822889805, rates: 20.9018258197712, loss: 0.917879794538021, rho: 0.2125, transmit_actions: 18, P: [0.875, 0.0625, 0.0625, 0.125, 0.125, 0.0625, 0.0625, 0.0625, 0.0625, 0.0625, 0.0625, 0.0625, 0.0625, 0.0625, 0.0625, 0.0625, 0.0625, 0.4375, 0.0625, 0.0625]
[TRAIN]: (1409/1600): reward: 19.812559187412262, rates: 19.812559179777953, loss: 0.8576606273651123, rho: 0.175, transmit_actions: 19, P: [0.375, 0.0625, 0.0625, 0.0625, 0.0625, 0.0625, 0.0625, 0.0625, 0.0625, 0.0625, 0.0625, 0.0625, 0.0625, 0.0625, 0.0625, 0.0625, 0.125, 0.0625, 0.0625, 0.0625]
[TRAIN]: (1410/1600): reward: 17.803914859890938, rates: 20.803915007925372, loss: 0.7912902340292931, rho: 0.1625, transmit_actions: 19, P: [0.375, 0.0625, 0.0625, 0.0625, 0.0625, 0.0625, 0.0625, 0.0625, 0.0625, 0.0625, 0.0625, 0.0625, 0.0625, 0.125, 0.125, 0.0625, 0.0625, 0.125, 0.125, 0.125]
[TRAIN]: (1411/1600): reward: 20.4023400247097, rates: 21.402340097860527, loss: 0.8593938954174518, rho: 0.16875, transmit_actions: 18, P: [0.6875, 0.9375, 0.0625, 0.0625, 0.0625, 0.0625, 0.125, 0.125, 0.125, 0.0625, 0.0625, 0.0625, 0.0625, 0.0625, 0.0625, 0.0625, 0.0625, 0.0625, 0.0625, 0.0625]
[TRAIN]: (1412/1600): reward: 13.914264857769012, rates: 19.914264731479086, loss: 0.670080853998661, rho: 0.1875, transmit_actions: 18, P: [0.6875, 0.9375, 0.0625, 0.0625, 0.0625, 0.0625, 0.0625, 0.375, 0.0625, 0.0625, 0.0625, 0.0625, 0.0625, 0.0625, 0.0625, 0.0625, 0.0625, 0.0625, 0.0625, 0.0625]
[TRAIN]: (1413/1600): reward: 19.61602446436882, rates: 20.616024377787095, loss: 0.8784104228019715, rho: 0.1625, transmit_actions: 19, P: [0.6875, 0.0625, 0.0625, 0.125, 0.0625, 0.0625, 0.0625, 0.0625, 0.0625, 0.0625, 0.0625, 0.0625, 0.0625, 0.125, 0.125, 0.0625, 0.0625, 0.0625, 0.125, 0.0625]
[TRAIN]: (1414/1600): reward: 8.720861256122589, rates: 18.720861004390166, loss: 0.8611621081829071, rho: 0.21875, transmit_actions: 18, P: [0.875, 0.0, 0.0625, 0.0625, 0.0625, 0.0625, 0.0625, 0.0, 0.0625, 0.0625, 0.125, 0.0625, 0.0625, 0.0625, 0.125, 0.0625, 0.0625, 0.0625, 0.0625, 0.0625]
[TRAIN]: (1415/1600): reward: 20.778170704841614, rates: 20.77817062104914, loss: 0.9567619770765304, rho: 0.14375, transmit_actions: 19, P: [0.375, 0.0625, 0.0625, 0.0625, 0.0625, 0.0625, 0.0625, 0.0625, 0.0625, 0.0625, 0.0625, 0.125, 0.0625, 0.0625, 0.0625, 0.0625, 0.0625, 0.0625, 0.0625, 0.0625]
[TRAIN]: (1416/1600): reward: 20.73902451992035, rates: 20.739024559611163, loss: 0.8614794105291367, rho: 0.15, transmit_actions: 19, P: [0.375, 0.0625, 0.0625, 0.0625, 0.0625, 0.0625, 0.0625, 0.0625, 0.0625, 0.0625, 0.0625, 0.0625, 0.125, 0.0625, 0.0625, 0.0625, 0.0625, 0.0625, 0.0625, 0.0625]
[TRAIN]: (1417/1600): reward: 19.682717859745026, rates: 19.682717861586138, loss: 0.9999548651278019, rho: 0.1875, transmit_actions: 19, P: [0.375, 0.0, 0.0625, 0.0625, 0.0625, 0.0625, 0.0625, 0.0625, 0.0625, 0.0625, 0.0625, 0.0625, 0.0625, 0.0625, 0.125, 0.0625, 0.0625, 0.125, 0.0625, 0.0625]
[TRAIN]: (1418/1600): reward: 21.87999451160431, rates: 21.87999461659659, loss: 0.9544407531619072, rho: 0.1625, transmit_actions: 19, P: [0.375, 0.0625, 0.0625, 0.0625, 0.0625, 0.0625, 0.0625, 0.0625, 0.0625, 0.125, 0.0625, 0.0625, 0.0625, 0.0625, 0.0625, 0.0625, 0.0625, 0.0625, 0.0625, 0.0625]
[TRAIN]: (1419/1600): reward: 11.29936134815216, rates: 19.299361263318318, loss: 0.9169641837477684, rho: 0.175, transmit_actions: 19, P: [0.3125, 0.0625, 0.0625, 0.0625, 0.0625, 0.0625, 0.0625, 0.0625, 0.0625, 0.0625, 0.0625, 0.0625, 0.0625, 0.875, 0.0625, 0.125, 0.0625, 0.0625, 0.125, 0.0625]
[TRAIN]: (1420/1600): reward: 21.303206503391266, rates: 21.303206375357867, loss: 0.764374029636383, rho: 0.14375, transmit_actions: 19, P: [0.4375, 0.0625, 0.0625, 0.0625, 0.125, 0.0625, 0.0625, 0.0625, 0.0625, 0.0625, 0.0625, 0.0625, 0.0625, 0.0625, 0.0625, 0.125, 0.0625, 0.0625, 0.0625, 0.0625]
[TRAIN]: (1421/1600): reward: 21.668842673301697, rates: 21.66884252393046, loss: 0.7970006704330445, rho: 0.175, transmit_actions: 19, P: [0.4375, 0.0625, 0.0625, 0.0625, 0.0625, 0.0625, 0.0625, 0.0625, 0.0625, 0.0625, 0.0625, 0.0625, 0.0625, 0.0625, 0.125, 0.0625, 0.125, 0.0625, 0.0625, 0.0625]
[TRAIN]: (1422/1600): reward: 20.152919083833694, rates: 20.152918958945232, loss: 0.7779225975275039, rho: 0.18125, transmit_actions: 19, P: [0.4375, 0.0625, 0.0625, 0.0625, 0.0625, 0.0625, 0.0625, 0.0625, 0.0625, 0.0625, 0.0625, 0.0625, 0.0625, 0.0625, 0.0625, 0.0625, 0.0625, 0.0625, 0.0625, 0.0625]
[TRAIN]: (1423/1600): reward: 22.980924904346466, rates: 22.98092476373735, loss: 0.7946404963731766, rho: 0.14375, transmit_actions: 19, P: [0.4375, 0.0625, 0.0625, 0.0625, 0.0625, 0.0625, 0.0625, 0.0625, 0.0625, 0.0625, 0.0625, 0.0625, 0.0625, 0.0625, 0.0625, 0.0625, 0.0625, 0.0625, 0.0625, 0.0625]
[TRAIN]: (1424/1600): reward: 11.495739579200745, rates: 18.4957395151849, loss: 0.8284268140792846, rho: 0.175, transmit_actions: 19, P: [0.4375, 0.0, 0.0625, 0.0625, 0.0625, 0.0625, 0.0625, 0.0625, 0.0625, 0.0625, 0.0625, 0.0625, 0.0625, 0.0625, 0.0625, 0.0625, 0.3125, 0.0625, 0.0625, 0.0625]
[TRAIN]: (1425/1600): reward: 17.257488168776035, rates: 18.257488229047087, loss: 0.7973084330558777, rho: 0.19375, transmit_actions: 19, P: [0.25, 0.0, 0.0625, 0.0625, 0.0625, 0.125, 0.0625, 0.0625, 0.0625, 0.0625, 0.0625, 0.0625, 0.125, 0.0625, 0.0625, 0.0625, 0.0, 0.0625, 0.125, 0.0625]
[TRAIN]: (1426/1600): reward: 10.895418882369995, rates: 18.895418940652625, loss: 0.7410158440470695, rho: 0.1625, transmit_actions: 19, P: [0.4375, 0.0625, 0.0625, 0.0625, 0.0625, 0.0625, 0.0625, 0.0625, 0.0625, 0.0625, 0.0625, 0.0625, 0.0625, 0.0625, 0.0625, 0.0625, 0.0625, 0.4375, 0.0625, 0.0625]
[TRAIN]: (1427/1600): reward: 22.869766056537628, rates: 22.869765989602776, loss: 0.9132062382996082, rho: 0.15625, transmit_actions: 19, P: [0.5, 0.0, 0.0625, 0.0625, 0.0625, 0.0625, 0.0625, 0.0625, 0.0625, 0.0625, 0.0625, 0.0625, 0.0625, 0.0625, 0.0625, 0.0625, 0.0625, 0.0625, 0.0625, 0.0625]
[TRAIN]: (1428/1600): reward: 17.638708233833313, rates: 19.638708242778574, loss: 1.0109349861741066, rho: 0.15625, transmit_actions: 19, P: [0.5, 0.0625, 0.0625, 0.0625, 0.0625, 0.0625, 0.0625, 0.0625, 0.0625, 0.125, 0.0625, 0.0625, 0.0625, 0.0625, 0.0625, 0.0625, 0.0625, 0.0625, 0.0625, 0.0625]
[TRAIN]: (1429/1600): reward: 19.776792585849762, rates: 19.7767925701015, loss: 0.8602664634585381, rho: 0.15, transmit_actions: 19, P: [0.5, 0.0625, 0.0625, 0.0625, 0.0625, 0.0625, 0.0625, 0.0625, 0.0625, 0.125, 0.0625, 0.0625, 0.0625, 0.0625, 0.0625, 0.0625, 0.0625, 0.0625, 0.125, 0.0625]
[TRAIN]: (1430/1600): reward: 18.42535975575447, rates: 20.425359744492454, loss: 0.7871470943093299, rho: 0.1375, transmit_actions: 19, P: [0.3125, 0.0625, 0.0625, 0.0625, 0.0625, 0.0625, 0.0625, 0.0625, 0.0625, 0.125, 0.125, 0.0625, 0.125, 0.0625, 0.0625, 0.125, 0.125, 0.0625, 0.0625, 0.0625]
[TRAIN]: (1431/1600): reward: 10.595946907997131, rates: 20.595946899990505, loss: 0.8546278089284897, rho: 0.21875, transmit_actions: 19, P: [1.0, 0.0625, 0.0625, 0.0625, 0.0625, 0.0625, 0.0625, 0.0625, 0.0625, 0.0625, 0.0625, 0.8125, 0.0625, 0.0625, 0.0625, 0.0625, 0.0625, 0.0625, 0.0625, 0.0625]
[TRAIN]: (1432/1600): reward: 7.615511238574982, rates: 19.615511252898965, loss: 0.8376599088311195, rho: 0.175, transmit_actions: 18, P: [0.375, 0.0625, 0.0625, 0.0625, 0.0625, 0.1875, 0.0625, 0.0625, 0.0625, 0.0625, 0.0625, 0.125, 0.0625, 0.0625, 0.0625, 0.0625, 0.125, 0.0625, 0.0625, 0.0625]
[TRAIN]: (1433/1600): reward: 7.008555084466934, rates: 19.00855513854635, loss: 0.8707314893603325, rho: 0.15625, transmit_actions: 18, P: [0.375, 0.0625, 0.0625, 0.0625, 0.0625, 0.0625, 0.0625, 0.0625, 0.0625, 0.0625, 0.0625, 0.0625, 0.0625, 0.125, 0.0625, 0.0625, 0.0625, 0.0625, 0.25, 0.0625]
[TRAIN]: (1434/1600): reward: 18.699599504470825, rates: 20.69959935657812, loss: 1.0560083508491516, rho: 0.15, transmit_actions: 19, P: [0.375, 0.0625, 0.0625, 0.0625, 0.0625, 0.0625, 0.0625, 0.0625, 0.0625, 0.0625, 0.0625, 0.0625, 0.0625, 0.0625, 0.0625, 0.0625, 0.0625, 0.0625, 0.0625, 0.0625]
[TRAIN]: (1435/1600): reward: 20.756049528717995, rates: 20.756049357043025, loss: 0.8440150365233421, rho: 0.20625, transmit_actions: 19, P: [0.375, 0.0625, 0.0625, 0.0625, 0.0625, 0.0625, 0.0625, 0.0625, 0.0625, 0.0625, 0.0625, 0.0625, 0.0625, 0.125, 0.0625, 0.125, 0.0625, 0.0625, 0.0625, 0.0625]
[TRAIN]: (1436/1600): reward: 17.92076998949051, rates: 19.920770126600452, loss: 0.9614246927201748, rho: 0.1875, transmit_actions: 19, P: [0.375, 0.0625, 0.0625, 0.0625, 0.0625, 0.125, 0.0625, 0.0625, 0.125, 0.0625, 0.0625, 0.0625, 0.0625, 0.0625, 0.0625, 0.0625, 0.0625, 0.125, 0.0625, 0.0625]
[TRAIN]: (1437/1600): reward: 18.859079353511333, rates: 19.859079513058553, loss: 0.8410651504993438, rho: 0.1375, transmit_actions: 19, P: [0.625, 0.0625, 0.0625, 0.0625, 0.0625, 0.0625, 0.0625, 0.0625, 0.0625, 0.0625, 0.0625, 0.0625, 0.125, 0.0625, 0.0625, 0.0625, 0.0625, 0.0625, 0.0625, 0.0625]
[TRAIN]: (1438/1600): reward: 19.817700684070587, rates: 19.817700649330302, loss: 1.050062331557274, rho: 0.19375, transmit_actions: 18, P: [0.625, 0.0625, 0.9375, 0.0625, 0.0625, 0.125, 0.0625, 0.125, 0.0625, 0.0625, 0.0625, 0.0625, 0.0625, 0.125, 0.125, 0.0625, 0.0625, 0.0625, 0.0625, 0.0625]
[TRAIN]: (1439/1600): reward: 20.828099966049194, rates: 20.82809995336722, loss: 0.7130342096090316, rho: 0.1625, transmit_actions: 19, P: [0.625, 0.0625, 0.0625, 0.0625, 0.0625, 0.0625, 0.0625, 0.0625, 0.125, 0.0625, 0.0625, 0.0625, 0.0625, 0.0625, 0.0625, 0.0625, 0.0625, 0.0625, 0.0625, 0.0625]
[TRAIN]: (1440/1600): reward: 19.49013815820217, rates: 20.490138104975557, loss: 0.9304925709962845, rho: 0.175, transmit_actions: 19, P: [0.625, 0.0625, 0.0625, 0.0625, 0.0625, 0.0625, 0.0625, 0.0625, 0.0625, 0.0625, 0.0625, 0.0625, 0.125, 0.0625, 0.125, 0.0625, 0.0625, 0.0625, 0.0625, 0.0625]
[TRAIN]: (1441/1600): reward: 19.067422181367874, rates: 19.06742218890509, loss: 0.8170579642057418, rho: 0.19375, transmit_actions: 19, P: [0.375, 0.0, 0.0625, 0.0625, 0.0625, 0.0625, 0.0625, 0.0625, 0.0625, 0.0625, 0.0625, 0.0625, 0.125, 0.125, 0.0625, 0.0625, 0.0625, 0.0625, 0.0625, 0.0625]
[TRAIN]: (1442/1600): reward: 16.421495862305164, rates: 18.42149581641148, loss: 0.9925362512469291, rho: 0.15625, transmit_actions: 19, P: [0.625, 0.0625, 0.0625, 0.0625, 0.0625, 0.0625, 0.0625, 0.0625, 0.0625, 0.0625, 0.0625, 0.0625, 0.125, 0.0625, 0.0625, 0.0625, 0.0625, 0.0625, 0.125, 0.0625]
[TRAIN]: (1443/1600): reward: 19.084230303764343, rates: 19.08423028707531, loss: 1.0159035086631776, rho: 0.15625, transmit_actions: 19, P: [0.625, 0.0625, 0.0625, 0.0625, 0.0625, 0.0625, 0.0625, 0.0625, 0.0625, 0.0625, 0.0625, 0.0625, 0.0625, 0.0625, 0.0625, 0.0625, 0.125, 0.0625, 0.125, 0.0625]
[TRAIN]: (1444/1600): reward: 10.07266104221344, rates: 20.072661201215755, loss: 0.6896463617682457, rho: 0.2125, transmit_actions: 19, P: [0.0, 0.0625, 0.0, 0.0625, 0.0625, 0.0625, 0.0625, 0.0625, 0.0625, 0.0625, 0.0625, 0.0625, 0.0625, 0.0625, 0.0625, 0.0625, 0.0625, 0.0625, 0.0625, 0.0625]
[TRAIN]: (1445/1600): reward: 21.766765773296356, rates: 21.766765633372177, loss: 1.0746737957000732, rho: 0.14375, transmit_actions: 19, P: [0.625, 0.0625, 0.0625, 0.0625, 0.0625, 0.0625, 0.0625, 0.0625, 0.0625, 0.0625, 0.0625, 0.0625, 0.0625, 0.0625, 0.125, 0.0625, 0.0625, 0.0625, 0.0625, 0.0625]
[TRAIN]: (1446/1600): reward: 17.446693420410156, rates: 17.44669344858035, loss: 0.9046511486172676, rho: 0.175, transmit_actions: 18, P: [0.5, 0.0625, 0.0625, 0.0625, 0.0625, 0.0625, 0.0625, 0.0625, 0.0625, 0.0625, 0.0625, 0.125, 0.0625, 0.9375, 0.0625, 0.0625, 0.0625, 0.0625, 0.0625, 0.0625]
[TRAIN]: (1447/1600): reward: 20.05135351419449, rates: 20.051353570214115, loss: 0.9093747138977051, rho: 0.15625, transmit_actions: 19, P: [0.625, 0.0625, 0.0625, 0.0625, 0.0625, 0.0625, 0.0625, 0.0625, 0.0625, 0.0625, 0.0625, 0.0625, 0.0625, 0.0625, 0.0625, 0.0625, 0.125, 0.0625, 0.0625, 0.0625]
[TRAIN]: (1448/1600): reward: 20.064368188381195, rates: 20.064368409064432, loss: 1.110621103644371, rho: 0.20625, transmit_actions: 19, P: [0.75, 0.0625, 0.0625, 0.0625, 0.0625, 0.0625, 0.0625, 0.0625, 0.0625, 0.0625, 0.0625, 0.0625, 0.0625, 0.125, 0.125, 0.125, 0.125, 0.0625, 0.125, 0.0625]
[TRAIN]: (1449/1600): reward: 20.504433274269104, rates: 20.504433204176003, loss: 0.6566154949367047, rho: 0.16875, transmit_actions: 19, P: [0.75, 0.0, 0.0625, 0.0625, 0.0625, 0.0625, 0.0625, 0.0625, 0.0625, 0.0625, 0.0625, 0.0625, 0.0625, 0.0625, 0.0625, 0.125, 0.0625, 0.0625, 0.0625, 0.0625]
[TRAIN]: (1450/1600): reward: 17.745250411331654, rates: 18.745250313171084, loss: 0.629137146472931, rho: 0.1875, transmit_actions: 19, P: [0.75, 0.0625, 0.0625, 0.0625, 0.0625, 0.0625, 0.0625, 0.0625, 0.0625, 0.0625, 0.0625, 0.125, 0.125, 0.0625, 0.0625, 0.0625, 0.125, 0.125, 0.0625, 0.0625]
[TRAIN]: (1451/1600): reward: 15.97239762544632, rates: 16.972397658209186, loss: 0.8650150910019875, rho: 0.24375, transmit_actions: 19, P: [0.75, 0.0625, 0.0625, 0.0625, 0.0625, 0.0625, 0.0625, 0.0625, 0.0625, 0.0625, 0.0, 0.0625, 0.0625, 0.125, 0.0625, 0.0625, 0.0625, 0.0625, 0.0625, 0.0625]
[TRAIN]: (1452/1600): reward: 19.756760835647583, rates: 19.756760716040205, loss: 0.605287852883339, rho: 0.2, transmit_actions: 19, P: [0.75, 0.0625, 0.0625, 0.0625, 0.0625, 0.0625, 0.125, 0.0625, 0.0625, 0.0625, 0.0625, 0.0625, 0.0625, 0.0625, 0.0625, 0.0625, 0.0625, 0.0625, 0.0625, 0.0625]
[TRAIN]: (1453/1600): reward: 19.503199696540833, rates: 20.50319959132873, loss: 0.6970553591847419, rho: 0.16875, transmit_actions: 19, P: [0.75, 0.0625, 0.0625, 0.0625, 0.0625, 0.0625, 0.0625, 0.0625, 0.0625, 0.0625, 0.0625, 0.0625, 0.0625, 0.0625, 0.0625, 0.0625, 0.0625, 0.0625, 0.0625, 0.0625]
[TRAIN]: (1454/1600): reward: 21.303581058979034, rates: 21.303581000963845, loss: 0.7256669387221336, rho: 0.19375, transmit_actions: 19, P: [0.375, 0.0625, 0.0625, 0.0625, 0.0625, 0.0625, 0.0625, 0.0625, 0.0625, 0.0625, 0.0625, 0.0625, 0.0625, 0.0625, 0.125, 0.0625, 0.0625, 0.0625, 0.0625, 0.0625]
[TRAIN]: (1455/1600): reward: 19.63777592778206, rates: 20.637775802726036, loss: 0.9547259375452996, rho: 0.15, transmit_actions: 18, P: [0.5625, 0.9375, 0.0625, 0.0625, 0.0625, 0.0625, 0.0625, 0.0625, 0.0625, 0.0625, 0.0625, 0.0625, 0.0625, 0.0625, 0.0625, 0.125, 0.125, 0.125, 0.0625, 0.0625]
[TRAIN]: (1456/1600): reward: 10.689765930175781, rates: 20.689766000319388, loss: 0.5348299629986286, rho: 0.1875, transmit_actions: 19, P: [0.375, 0.0625, 0.125, 0.0625, 0.0625, 0.0625, 0.0625, 0.0625, 0.5, 0.0625, 0.0625, 0.0625, 0.0625, 0.0625, 0.0625, 0.0625, 0.0625, 0.0625, 0.125, 0.0625]
[TRAIN]: (1457/1600): reward: 18.501786917448044, rates: 19.501787029139802, loss: 1.0170400947332383, rho: 0.18125, transmit_actions: 19, P: [0.25, 0.0625, 0.0625, 0.125, 0.0625, 0.0625, 0.0625, 0.0625, 0.0625, 0.0625, 0.0625, 0.0625, 0.0625, 0.0625, 0.125, 0.0625, 0.0625, 0.0625, 0.0625, 0.125]
[TRAIN]: (1458/1600): reward: 20.419884204864502, rates: 20.41988414381106, loss: 0.9844195127487183, rho: 0.15625, transmit_actions: 19, P: [0.75, 0.0625, 0.0625, 0.0625, 0.0625, 0.0625, 0.0625, 0.0625, 0.0625, 0.0625, 0.0625, 0.0625, 0.0625, 0.0625, 0.0625, 0.0625, 0.0625, 0.0625, 0.125, 0.0625]
[TRAIN]: (1459/1600): reward: 19.41298073530197, rates: 19.41298056796647, loss: 0.8490329332649708, rho: 0.15625, transmit_actions: 19, P: [0.75, 0.0625, 0.0625, 0.0625, 0.0625, 0.0625, 0.0625, 0.0625, 0.0625, 0.0625, 0.0625, 0.0625, 0.125, 0.0625, 0.0625, 0.0625, 0.0625, 0.0625, 0.125, 0.0625]
[TRAIN]: (1460/1600): reward: 19.461450278759003, rates: 19.46145035365294, loss: 0.7848518766462803, rho: 0.16875, transmit_actions: 19, P: [0.75, 0.0625, 0.0625, 0.0625, 0.0625, 0.0625, 0.0625, 0.0625, 0.0625, 0.0625, 0.0625, 0.0625, 0.0625, 0.0625, 0.0625, 0.0625, 0.0625, 0.0625, 0.125, 0.125]
[TRAIN]: (1461/1600): reward: 6.735749129205942, rates: 17.73574922302053, loss: 1.1695327863097191, rho: 0.21875, transmit_actions: 18, P: [0.625, 0.0625, 0.0625, 0.0625, 0.0625, 0.0625, 0.0625, 0.0625, 0.0625, 0.0625, 0.5, 0.0625, 0.0625, 0.0625, 0.125, 0.125, 0.125, 0.0625, 0.0625, 0.0625]
[TRAIN]: (1462/1600): reward: 19.232963770627975, rates: 19.232963479035494, loss: 0.7744416773319245, rho: 0.18125, transmit_actions: 19, P: [0.75, 0.0, 0.0625, 0.0625, 0.0625, 0.0625, 0.0625, 0.0625, 0.0625, 0.0625, 0.0625, 0.0625, 0.0625, 0.0625, 0.0625, 0.0625, 0.0625, 0.0625, 0.0625, 0.0625]
[TRAIN]: (1463/1600): reward: 20.78117126226425, rates: 21.78117126301911, loss: 0.9644580811262131, rho: 0.18125, transmit_actions: 19, P: [0.75, 0.0625, 0.0625, 0.125, 0.0625, 0.0625, 0.125, 0.0625, 0.0625, 0.0625, 0.0625, 0.0625, 0.125, 0.0625, 0.0625, 0.0625, 0.0625, 0.0625, 0.0625, 0.0625]
[TRAIN]: (1464/1600): reward: 10.183311402797699, rates: 20.183311368166912, loss: 0.6365936279296875, rho: 0.18125, transmit_actions: 18, P: [0.75, 0.0625, 0.0625, 0.0625, 0.0625, 0.0625, 0.0625, 0.0625, 0.0625, 0.0625, 0.0625, 0.0625, 0.0625, 0.0625, 0.0625, 0.875, 0.0625, 0.0625, 0.0625, 0.0625]
[TRAIN]: (1465/1600): reward: 19.58816198632121, rates: 20.588162039464056, loss: 0.8127955101430416, rho: 0.1625, transmit_actions: 19, P: [0.625, 0.0, 0.0625, 0.0625, 0.0625, 0.0625, 0.0625, 0.0625, 0.0625, 0.0625, 0.0625, 0.0625, 0.0625, 0.0625, 0.0625, 0.0625, 0.0625, 0.0625, 0.0625, 0.125]
[TRAIN]: (1466/1600): reward: 22.36896687746048, rates: 22.3689668728334, loss: 0.7830799460411072, rho: 0.14375, transmit_actions: 19, P: [0.625, 0.0625, 0.0625, 0.0625, 0.0625, 0.0625, 0.0625, 0.0625, 0.0625, 0.0625, 0.0625, 0.0625, 0.0625, 0.0625, 0.0625, 0.0625, 0.125, 0.0625, 0.0625, 0.0625]
[TRAIN]: (1467/1600): reward: 20.500273942947388, rates: 20.500273625170447, loss: 0.7462594211101532, rho: 0.175, transmit_actions: 19, P: [0.5625, 0.0625, 0.0625, 0.0625, 0.0625, 0.0625, 0.0625, 0.0625, 0.0625, 0.0625, 0.0625, 0.0625, 0.0625, 0.0625, 0.0625, 0.0625, 0.0625, 0.0625, 0.0625, 0.0625]
[TRAIN]: (1468/1600): reward: 18.76894462108612, rates: 18.768944621774715, loss: 0.7915163084864616, rho: 0.2, transmit_actions: 19, P: [0.5625, 0.0625, 0.0625, 0.0625, 0.0625, 0.0625, 0.0625, 0.0625, 0.0625, 0.0625, 0.0625, 0.0625, 0.0625, 0.0625, 0.125, 0.0625, 0.0625, 0.0625, 0.0625, 0.0625]
[TRAIN]: (1469/1600): reward: 18.64609694480896, rates: 18.64609693584072, loss: 0.7045148119330407, rho: 0.1875, transmit_actions: 19, P: [0.75, 0.0, 0.0625, 0.0625, 0.0625, 0.0625, 0.0625, 0.0625, 0.0625, 0.0625, 0.0625, 0.0625, 0.0625, 0.0625, 0.0625, 0.0625, 0.0625, 0.0625, 0.0625, 0.0625]
[TRAIN]: (1470/1600): reward: 13.061243176460266, rates: 21.061242799304473, loss: 0.6911750346422195, rho: 0.1625, transmit_actions: 19, P: [0.75, 0.0625, 0.0625, 0.0625, 0.625, 0.0625, 0.0625, 0.0625, 0.0625, 0.0625, 0.0625, 0.0625, 0.0625, 0.0625, 0.0625, 0.0625, 0.0625, 0.0625, 0.125, 0.0625]
[TRAIN]: (1471/1600): reward: 9.209081590175629, rates: 19.209081708875008, loss: 0.8179143980145455, rho: 0.175, transmit_actions: 18, P: [0.75, 0.0625, 0.0625, 0.0625, 0.0625, 0.0625, 0.0625, 0.0625, 0.0625, 0.0625, 0.0625, 0.0625, 0.0625, 0.0625, 0.0625, 0.125, 0.0625, 0.0625, 0.0625, 0.0625]
[TRAIN]: (1472/1600): reward: 19.574967712163925, rates: 19.574967580559736, loss: 0.9604024678468704, rho: 0.2, transmit_actions: 19, P: [0.75, 0.0625, 0.0625, 0.0625, 0.0625, 0.0625, 0.0625, 0.0625, 0.0625, 0.0625, 0.0625, 0.0625, 0.0625, 0.0625, 0.0625, 0.0625, 0.0625, 0.0625, 0.0625, 0.0625]
[TRAIN]: (1473/1600): reward: 20.230498135089874, rates: 20.230498038252048, loss: 0.8301509767770767, rho: 0.14375, transmit_actions: 19, P: [0.75, 0.0625, 0.0625, 0.0625, 0.0625, 0.0625, 0.0625, 0.0625, 0.0625, 0.0625, 0.0625, 0.0625, 0.0625, 0.0625, 0.0625, 0.0625, 0.0625, 0.0625, 0.0625, 0.0625]
[TRAIN]: (1474/1600): reward: 21.668014883995056, rates: 21.668015035157946, loss: 0.8705258324742318, rho: 0.14375, transmit_actions: 19, P: [0.75, 0.0625, 0.0625, 0.0625, 0.0625, 0.0625, 0.0625, 0.0625, 0.0625, 0.0625, 0.0625, 0.0625, 0.0625, 0.0625, 0.0625, 0.0625, 0.0625, 0.0625, 0.125, 0.0625]
[TRAIN]: (1475/1600): reward: 20.295163452625275, rates: 20.29516343446817, loss: 0.8870168492197991, rho: 0.1875, transmit_actions: 19, P: [0.9375, 0.0625, 0.0625, 0.0625, 0.0625, 0.0625, 0.0625, 0.125, 0.0625, 0.0625, 0.0625, 0.0625, 0.0625, 0.125, 0.0625, 0.0625, 0.0625, 0.0625, 0.0625, 0.0625]
[TRAIN]: (1476/1600): reward: 19.554707407951355, rates: 19.554707380997158, loss: 0.6907086238265038, rho: 0.1625, transmit_actions: 19, P: [0.5625, 0.0625, 0.0625, 0.0625, 0.0625, 0.0625, 0.0625, 0.0625, 0.0625, 0.0625, 0.0625, 0.0625, 0.0625, 0.0625, 0.0625, 0.0625, 0.0625, 0.0625, 0.0625, 0.0625]
[TRAIN]: (1477/1600): reward: 20.82229307293892, rates: 20.822292830034048, loss: 0.729605159163475, rho: 0.14375, transmit_actions: 19, P: [0.5625, 0.0625, 0.0625, 0.0625, 0.0625, 0.0625, 0.0625, 0.0625, 0.0625, 0.0625, 0.0625, 0.0625, 0.0625, 0.0625, 0.0625, 0.0625, 0.0625, 0.0625, 0.0625, 0.0625]
[TRAIN]: (1478/1600): reward: 20.11771649122238, rates: 20.11771643103222, loss: 0.7811581671237946, rho: 0.15625, transmit_actions: 19, P: [0.5625, 0.0625, 0.0625, 0.0625, 0.0625, 0.0625, 0.0625, 0.0625, 0.0625, 0.0625, 0.0625, 0.0625, 0.0625, 0.125, 0.0625, 0.0625, 0.0625, 0.0625, 0.0625, 0.0625]
[TRAIN]: (1479/1600): reward: 13.409070432186127, rates: 20.409070609365703, loss: 0.6369603201746941, rho: 0.1625, transmit_actions: 18, P: [0.5, 0.5625, 0.0625, 0.0625, 0.0625, 0.0625, 0.0625, 0.0625, 0.0625, 0.0625, 0.0625, 0.0625, 0.0625, 0.0625, 0.0625, 0.0625, 0.0625, 0.0625, 0.0625, 0.0625]
[TRAIN]: (1480/1600): reward: 19.400724053382874, rates: 19.40072383996129, loss: 0.7106741391122341, rho: 0.16875, transmit_actions: 19, P: [0.5, 0.0625, 0.0625, 0.0625, 0.0625, 0.0625, 0.0625, 0.0625, 0.0625, 0.0625, 0.0625, 0.0625, 0.0625, 0.0625, 0.0625, 0.0625, 0.0625, 0.0625, 0.0625, 0.0625]
[TRAIN]: (1481/1600): reward: 20.39864206314087, rates: 20.398642052026062, loss: 0.6921246439218521, rho: 0.175, transmit_actions: 19, P: [0.5, 0.0625, 0.0625, 0.0625, 0.0625, 0.0625, 0.0625, 0.0625, 0.0625, 0.0625, 0.0625, 0.0625, 0.125, 0.0625, 0.0625, 0.0625, 0.0625, 0.0625, 0.0625, 0.0625]
[TRAIN]: (1482/1600): reward: 13.785984754562378, rates: 20.785984600070435, loss: 0.8309238754212857, rho: 0.175, transmit_actions: 19, P: [0.5, 0.0625, 0.0625, 0.0625, 0.0625, 0.0625, 0.0625, 0.0625, 0.4375, 0.0625, 0.0625, 0.0625, 0.0625, 0.125, 0.125, 0.0625, 0.0625, 0.0625, 0.0625, 0.0625]
[TRAIN]: (1483/1600): reward: 20.918138802051544, rates: 20.918138896883754, loss: 0.7631798341870308, rho: 0.1625, transmit_actions: 19, P: [0.5, 0.0625, 0.0625, 0.0625, 0.0625, 0.0625, 0.0625, 0.0625, 0.0625, 0.0625, 0.0625, 0.0625, 0.0625, 0.0625, 0.0625, 0.0625, 0.0625, 0.0625, 0.0625, 0.0625]
[TRAIN]: (1484/1600): reward: 20.05227017402649, rates: 20.052270138904195, loss: 1.1111809641122818, rho: 0.15625, transmit_actions: 19, P: [0.5, 0.0625, 0.0625, 0.0625, 0.0625, 0.0625, 0.0625, 0.0625, 0.0625, 0.0625, 0.0625, 0.0625, 0.0625, 0.0625, 0.0625, 0.0625, 0.0625, 0.0625, 0.0625, 0.0625]
[TRAIN]: (1485/1600): reward: 17.995253786444664, rates: 18.99525379527703, loss: 0.8607068210840225, rho: 0.1375, transmit_actions: 19, P: [0.75, 0.0625, 0.0625, 0.0625, 0.0625, 0.0625, 0.0625, 0.0625, 0.0625, 0.0625, 0.0625, 0.0625, 0.0625, 0.0625, 0.0625, 0.0625, 0.0625, 0.125, 0.0625, 0.0625]
[TRAIN]: (1486/1600): reward: 19.37598693370819, rates: 19.375987077465048, loss: 0.7787130266427994, rho: 0.1625, transmit_actions: 19, P: [1.0, 0.0625, 0.0625, 0.0625, 0.0625, 0.0625, 0.0625, 0.0625, 0.0625, 0.0625, 0.0625, 0.0625, 0.0625, 0.0625, 0.0625, 0.0625, 0.125, 0.0625, 0.125, 0.0625]
[TRAIN]: (1487/1600): reward: 22.284230411052704, rates: 22.284230452454597, loss: 0.8561687797307969, rho: 0.15625, transmit_actions: 19, P: [0.5, 0.0625, 0.0625, 0.0625, 0.0625, 0.0625, 0.0625, 0.0625, 0.0625, 0.0625, 0.0625, 0.0625, 0.0625, 0.0625, 0.0625, 0.0625, 0.0625, 0.0625, 0.0625, 0.0625]
[TRAIN]: (1488/1600): reward: 19.972882717847824, rates: 20.97288271054535, loss: 0.6300191789865494, rho: 0.18125, transmit_actions: 19, P: [0.625, 0.0625, 0.0625, 0.0625, 0.0625, 0.0625, 0.0625, 0.0625, 0.0625, 0.0625, 0.0625, 0.0625, 0.0625, 0.0625, 0.0625, 0.0625, 0.0625, 0.125, 0.125, 0.0625]
[TRAIN]: (1489/1600): reward: 20.625567257404327, rates: 20.625567309827986, loss: 0.7312377467751503, rho: 0.16875, transmit_actions: 19, P: [1.0, 0.0625, 0.0625, 0.0625, 0.0625, 0.0625, 0.0625, 0.0625, 0.0625, 0.0625, 0.0625, 0.0625, 0.0625, 0.0625, 0.0625, 0.0625, 0.0625, 0.0625, 0.125, 0.0625]
[TRAIN]: (1490/1600): reward: 20.053680151700974, rates: 20.05368032829292, loss: 0.933058999478817, rho: 0.19375, transmit_actions: 19, P: [1.0, 0.0625, 0.0625, 0.0625, 0.0625, 0.0625, 0.0625, 0.0625, 0.0625, 0.0625, 0.0625, 0.0625, 0.125, 0.0625, 0.0625, 0.0625, 0.0625, 0.0625, 0.0625, 0.0625]
[TRAIN]: (1491/1600): reward: 20.662972033023834, rates: 20.6629720252852, loss: 0.68328547924757, rho: 0.1375, transmit_actions: 19, P: [0.875, 0.0625, 0.0625, 0.0625, 0.0625, 0.0625, 0.0625, 0.0625, 0.0625, 0.0625, 0.0625, 0.0625, 0.0625, 0.0625, 0.0625, 0.0625, 0.0625, 0.0625, 0.125, 0.0625]
[TRAIN]: (1492/1600): reward: 19.017213493585587, rates: 20.0172135863689, loss: 1.04521686732769, rho: 0.14375, transmit_actions: 19, P: [0.875, 0.0625, 0.0625, 0.0625, 0.0625, 0.0625, 0.0625, 0.125, 0.0625, 0.0625, 0.0625, 0.0625, 0.125, 0.0625, 0.0625, 0.0625, 0.125, 0.125, 0.0625, 0.0625]
[TRAIN]: (1493/1600): reward: 19.257746279239655, rates: 20.25774626842247, loss: 0.8637079194188118, rho: 0.175, transmit_actions: 19, P: [0.8125, 0.0625, 0.0625, 0.0625, 0.125, 0.0625, 0.0625, 0.0625, 0.0625, 0.0625, 0.0625, 0.0625, 0.0625, 0.0625, 0.0625, 0.0625, 0.0625, 0.0625, 0.125, 0.0625]
[TRAIN]: (1494/1600): reward: 20.276167631149292, rates: 20.27616758146944, loss: 0.8445890918374062, rho: 0.1625, transmit_actions: 19, P: [0.6875, 0.0625, 0.0625, 0.0625, 0.0625, 0.0625, 0.0625, 0.0625, 0.0625, 0.0625, 0.0625, 0.0625, 0.125, 0.0625, 0.0625, 0.0625, 0.0625, 0.0625, 0.0625, 0.0625]
[TRAIN]: (1495/1600): reward: 21.8378643989563, rates: 21.83786455109475, loss: 1.056968331336975, rho: 0.1625, transmit_actions: 19, P: [0.6875, 0.0625, 0.0625, 0.0625, 0.0625, 0.0625, 0.0625, 0.0625, 0.0625, 0.0625, 0.0625, 0.0625, 0.0625, 0.0625, 0.0625, 0.0625, 0.0625, 0.0625, 0.0625, 0.0625]
[TRAIN]: (1496/1600): reward: 10.231979370117188, rates: 20.23197918705388, loss: 0.8427071064710617, rho: 0.18125, transmit_actions: 18, P: [0.25, 0.0625, 0.0625, 0.0625, 0.0625, 0.0625, 0.0625, 0.0625, 0.0625, 0.0625, 0.0625, 0.125, 0.0625, 0.0625, 0.1875, 0.0625, 0.0625, 0.0625, 0.0625, 0.0625]
[TRAIN]: (1497/1600): reward: 19.710606396198273, rates: 19.710606389820835, loss: 0.8894510820508004, rho: 0.1625, transmit_actions: 19, P: [0.25, 0.0625, 0.0625, 0.0625, 0.0625, 0.0625, 0.0625, 0.0625, 0.0625, 0.0625, 0.0625, 0.0625, 0.0625, 0.0625, 0.0625, 0.0625, 0.0625, 0.0625, 0.0625, 0.0625]
[TRAIN]: (1498/1600): reward: 19.991440817713737, rates: 20.991440692895964, loss: 0.6163747884333134, rho: 0.1625, transmit_actions: 19, P: [0.75, 0.0625, 0.0625, 0.125, 0.0625, 0.0625, 0.0625, 0.0625, 0.0625, 0.0625, 0.0625, 0.0625, 0.0625, 0.0625, 0.0625, 0.0625, 0.0625, 0.125, 0.0625, 0.125]
[TRAIN]: (1499/1600): reward: 20.72082221508026, rates: 20.720822396759544, loss: 0.6838100254535675, rho: 0.16875, transmit_actions: 19, P: [0.8125, 0.0625, 0.0625, 0.0625, 0.0625, 0.0625, 0.125, 0.0625, 0.125, 0.0625, 0.0625, 0.0625, 0.0625, 0.0625, 0.0625, 0.0625, 0.0625, 0.0625, 0.0625, 0.0625]
[TRAIN]: (1500/1600): reward: 11.295372128486633, rates: 20.295372065528102, loss: 0.8954952120780945, rho: 0.18125, transmit_actions: 19, P: [0.25, 0.0625, 0.0625, 0.0625, 0.0625, 0.625, 0.0625, 0.0625, 0.0625, 0.0625, 0.0625, 0.0625, 0.0625, 0.0625, 0.0625, 0.0625, 0.0625, 0.0625, 0.0625, 0.0625]
[TRAIN]: (1501/1600): reward: 20.72560727596283, rates: 20.725607237526056, loss: 0.7534059181809425, rho: 0.19375, transmit_actions: 19, P: [0.25, 0.0625, 0.0625, 0.0625, 0.0625, 0.0625, 0.0625, 0.0625, 0.0625, 0.0625, 0.0625, 0.0625, 0.125, 0.0625, 0.0625, 0.0625, 0.0625, 0.0625, 0.0625, 0.0625]
[TRAIN]: (1502/1600): reward: 8.526497185230255, rates: 18.526497301483964, loss: 0.9839111134409905, rho: 0.16875, transmit_actions: 17, P: [0.3125, 1.0, 0.0625, 0.0625, 0.0625, 0.0625, 0.125, 0.0625, 0.0625, 0.0625, 0.0625, 0.0625, 0.0625, 0.0625, 0.125, 1.0, 0.0625, 0.0625, 0.0625, 0.0625]
[TRAIN]: (1503/1600): reward: 18.978679537773132, rates: 18.978679465964348, loss: 0.854221548885107, rho: 0.13125, transmit_actions: 18, P: [0.3125, 0.875, 0.0625, 0.0625, 0.0625, 0.0625, 0.0625, 0.0625, 0.0625, 0.0625, 0.0625, 0.0625, 0.0625, 0.0625, 0.0625, 0.0625, 0.0625, 0.0625, 0.0625, 0.0625]
[TRAIN]: (1504/1600): reward: 20.463467359542847, rates: 20.46346744183049, loss: 0.83570242151618, rho: 0.13125, transmit_actions: 19, P: [0.3125, 0.0625, 0.0625, 0.0625, 0.0625, 0.0625, 0.0625, 0.0625, 0.0625, 0.0625, 0.0625, 0.0625, 0.0625, 0.0625, 0.0625, 0.0625, 0.0625, 0.0625, 0.0625, 0.0625]
[TRAIN]: (1505/1600): reward: 20.30452573299408, rates: 20.304525910210398, loss: 1.0013355553150176, rho: 0.1375, transmit_actions: 19, P: [0.5, 0.0625, 0.0625, 0.0625, 0.0625, 0.0625, 0.0625, 0.0625, 0.0625, 0.0625, 0.0625, 0.0625, 0.0625, 0.0625, 0.0625, 0.0625, 0.0625, 0.0625, 0.0625, 0.0625]
[TRAIN]: (1506/1600): reward: 19.725291550159454, rates: 19.72529162767698, loss: 0.7071025915443897, rho: 0.15, transmit_actions: 18, P: [0.5, 0.6875, 0.0625, 0.0625, 0.0625, 0.0625, 0.0625, 0.0625, 0.0625, 0.0625, 0.0625, 0.0625, 0.0625, 0.0625, 0.0625, 0.0625, 0.0625, 0.0625, 0.0625, 0.0625]
[TRAIN]: (1507/1600): reward: 10.57682728767395, rates: 20.576827412812925, loss: 0.8974160306155682, rho: 0.14375, transmit_actions: 18, P: [0.5, 0.0, 0.0625, 0.0625, 0.0625, 0.0625, 0.0625, 0.0625, 0.0625, 0.0625, 0.0625, 0.0625, 0.0625, 0.0625, 0.0625, 0.0625, 0.0625, 0.0625, 0.0625, 0.0625]
[TRAIN]: (1508/1600): reward: 19.249603033065796, rates: 20.249602937121857, loss: 0.872197899222374, rho: 0.15, transmit_actions: 18, P: [0.5, 0.0625, 0.6875, 0.0625, 0.0625, 0.0625, 0.0625, 0.0625, 0.0625, 0.0625, 0.0625, 0.0625, 0.0625, 0.0625, 0.0625, 0.0625, 0.125, 0.0625, 0.0625, 0.0625]
[TRAIN]: (1509/1600): reward: 20.450901865959167, rates: 20.450901927434593, loss: 0.7027332335710526, rho: 0.175, transmit_actions: 18, P: [1.0, 0.875, 0.0625, 0.0625, 0.0625, 0.0625, 0.0625, 0.0625, 0.0625, 0.0625, 0.0625, 0.0625, 0.0625, 0.0625, 0.0625, 0.0625, 0.125, 0.0625, 0.0625, 0.0625]
[TRAIN]: (1510/1600): reward: 9.571731686592102, rates: 19.571731699224053, loss: 0.8562198624014854, rho: 0.2125, transmit_actions: 18, P: [1.0, 0.0625, 0.0625, 0.0625, 0.0625, 0.0625, 0.0625, 0.0625, 0.0625, 0.0625, 0.0625, 0.0625, 0.0625, 0.6875, 0.125, 0.0625, 0.0625, 0.0625, 0.0625, 0.0625]
[TRAIN]: (1511/1600): reward: 22.163421154022217, rates: 22.163421260806928, loss: 0.7938050344586373, rho: 0.175, transmit_actions: 19, P: [1.0, 0.0625, 0.125, 0.0625, 0.0625, 0.125, 0.0625, 0.0625, 0.0625, 0.125, 0.0625, 0.0625, 0.0625, 0.0625, 0.0625, 0.0625, 0.0625, 0.0625, 0.0625, 0.0625]
[TRAIN]: (1512/1600): reward: 21.303507685661316, rates: 21.303507518074557, loss: 0.8068308874964714, rho: 0.15, transmit_actions: 19, P: [1.0, 0.0625, 0.0625, 0.0625, 0.0625, 0.0625, 0.0625, 0.0625, 0.0625, 0.0625, 0.0625, 0.0625, 0.0625, 0.0625, 0.0625, 0.0625, 0.0625, 0.0625, 0.0625, 0.0625]
[TRAIN]: (1513/1600): reward: 20.9884752035141, rates: 20.988475285362764, loss: 0.7205945119261742, rho: 0.15, transmit_actions: 19, P: [0.625, 0.0625, 0.0625, 0.0625, 0.0625, 0.0625, 0.0625, 0.0625, 0.0625, 0.0625, 0.0625, 0.0625, 0.0625, 0.0625, 0.0625, 0.125, 0.0625, 0.0625, 0.0625, 0.0625]
[TRAIN]: (1514/1600): reward: 19.25225555896759, rates: 19.252255436002184, loss: 0.8141624614596367, rho: 0.14375, transmit_actions: 18, P: [0.625, 0.6875, 0.0625, 0.0625, 0.0625, 0.0625, 0.0625, 0.0625, 0.0625, 0.0625, 0.0625, 0.0625, 0.0625, 0.0625, 0.0625, 0.0625, 0.0625, 0.0625, 0.0625, 0.0625]
[TRAIN]: (1515/1600): reward: 18.569862842559814, rates: 18.56986274227732, loss: 0.7747242093086243, rho: 0.19375, transmit_actions: 19, P: [0.625, 0.0625, 0.0625, 0.0625, 0.0, 0.0625, 0.0625, 0.0625, 0.0625, 0.0625, 0.0625, 0.0625, 0.0625, 0.0625, 0.125, 0.0625, 0.0625, 0.0625, 0.0625, 0.0625]
[TRAIN]: (1516/1600): reward: 17.931076914072037, rates: 17.93107704859155, loss: 0.6496188059449196, rho: 0.18125, transmit_actions: 18, P: [0.875, 0.6875, 0.0625, 0.0625, 0.0625, 0.0625, 0.0625, 0.0625, 0.125, 0.125, 0.0625, 0.0625, 0.0625, 0.0625, 0.0625, 0.0625, 0.0625, 0.0625, 0.0625, 0.0625]
[TRAIN]: (1517/1600): reward: 20.134364515542984, rates: 20.13436464125708, loss: 0.9694463461637497, rho: 0.14375, transmit_actions: 19, P: [0.8125, 0.0625, 0.0625, 0.0625, 0.0625, 0.0625, 0.0625, 0.125, 0.0625, 0.0625, 0.0625, 0.0625, 0.0625, 0.0625, 0.0625, 0.0625, 0.0625, 0.0625, 0.0625, 0.125]
[TRAIN]: (1518/1600): reward: 20.746521830558777, rates: 20.746521981671552, loss: 0.749534024298191, rho: 0.15, transmit_actions: 19, P: [0.125, 0.0625, 0.0625, 0.0625, 0.0625, 0.0625, 0.0625, 0.0625, 0.0625, 0.0625, 0.0625, 0.0625, 0.0625, 0.0625, 0.0625, 0.0625, 0.0625, 0.0625, 0.0625, 0.0625]
[TRAIN]: (1519/1600): reward: 18.06734499335289, rates: 21.06734507404704, loss: 0.9138189882040024, rho: 0.15625, transmit_actions: 19, P: [0.125, 0.0625, 0.0625, 0.0625, 0.0625, 0.125, 0.0625, 0.0625, 0.0625, 0.0625, 0.0625, 0.0625, 0.0625, 0.0625, 0.0625, 0.0625, 0.0625, 0.0625, 0.0625, 0.0625]
[TRAIN]: (1520/1600): reward: 19.307762622833252, rates: 19.30776272473343, loss: 0.7750131025910377, rho: 0.14375, transmit_actions: 18, P: [0.125, 0.6875, 0.0625, 0.0625, 0.0625, 0.0625, 0.0625, 0.0625, 0.0625, 0.0625, 0.0625, 0.0625, 0.0625, 0.0625, 0.0625, 0.0625, 0.0625, 0.0625, 0.0625, 0.0625]
[TRAIN]: (1521/1600): reward: 20.940618813037872, rates: 20.940618899558153, loss: 0.8475346088409423, rho: 0.16875, transmit_actions: 19, P: [0.625, 0.0625, 0.0625, 0.0625, 0.0625, 0.0625, 0.0625, 0.0625, 0.0625, 0.0625, 0.0625, 0.0625, 0.0625, 0.0625, 0.0625, 0.0625, 0.0625, 0.0625, 0.0625, 0.0625]
[TRAIN]: (1522/1600): reward: 8.906725764274597, rates: 18.90672571972257, loss: 0.7693602062761784, rho: 0.175, transmit_actions: 18, P: [0.8125, 0.0625, 0.0625, 0.0625, 0.0625, 0.0625, 0.0625, 0.0625, 0.0625, 0.0625, 0.0625, 0.0625, 0.0625, 0.0625, 0.0625, 0.5, 0.0625, 0.0625, 0.0625, 0.0625]
[TRAIN]: (1523/1600): reward: 19.96957015991211, rates: 19.96957020452742, loss: 0.7461488366127014, rho: 0.2, transmit_actions: 19, P: [0.8125, 0.0625, 0.0625, 0.0625, 0.0625, 0.0625, 0.0625, 0.0625, 0.0625, 0.0625, 0.0625, 0.0625, 0.0625, 0.0625, 0.0625, 0.0625, 0.0625, 0.125, 0.0625, 0.0625]
[TRAIN]: (1524/1600): reward: 19.365536750061437, rates: 20.365536889586345, loss: 0.6859875902533531, rho: 0.175, transmit_actions: 19, P: [0.8125, 0.0625, 0.0625, 0.0625, 0.0625, 0.0625, 0.0625, 0.0625, 0.0625, 0.0625, 0.0625, 0.0625, 0.0625, 0.0625, 0.0625, 0.125, 0.0625, 0.125, 0.0625, 0.0625]
[TRAIN]: (1525/1600): reward: 22.02626198530197, rates: 22.026261910093922, loss: 0.6876276567578316, rho: 0.14375, transmit_actions: 19, P: [0.8125, 0.0625, 0.0625, 0.0625, 0.0625, 0.0625, 0.0625, 0.0625, 0.0625, 0.0625, 0.0625, 0.0625, 0.0625, 0.0625, 0.0625, 0.0625, 0.0625, 0.0625, 0.0625, 0.0625]
[TRAIN]: (1526/1600): reward: 19.063014328479767, rates: 19.063014310864645, loss: 0.6557324081659317, rho: 0.19375, transmit_actions: 19, P: [0.8125, 0.0, 0.0625, 0.0625, 0.125, 0.0625, 0.0625, 0.0625, 0.0625, 0.0625, 0.0625, 0.125, 0.125, 0.125, 0.0625, 0.0625, 0.0625, 0.0625, 0.0625, 0.0625]
[TRAIN]: (1527/1600): reward: 20.7345809340477, rates: 20.734580863063325, loss: 0.860994353890419, rho: 0.15625, transmit_actions: 19, P: [0.125, 0.0625, 0.0625, 0.0625, 0.0625, 0.0625, 0.0625, 0.0625, 0.0625, 0.0625, 0.0625, 0.0625, 0.0625, 0.0625, 0.0625, 0.0625, 0.0625, 0.0625, 0.0625, 0.0625]
[TRAIN]: (1528/1600): reward: 19.139942705631256, rates: 19.139942762657903, loss: 0.9614806458353996, rho: 0.1625, transmit_actions: 19, P: [0.4375, 0.0625, 0.0625, 0.0625, 0.0625, 0.0625, 0.0625, 0.0625, 0.0625, 0.0625, 0.125, 0.0625, 0.0625, 0.0625, 0.0625, 0.0625, 0.0625, 0.0625, 0.0625, 0.0625]
[TRAIN]: (1529/1600): reward: 21.66776543855667, rates: 21.667765210197576, loss: 0.8953423783183098, rho: 0.1375, transmit_actions: 19, P: [0.4375, 0.0625, 0.0625, 0.0625, 0.0625, 0.0625, 0.0625, 0.0625, 0.0625, 0.0625, 0.0625, 0.0625, 0.0625, 0.0625, 0.0625, 0.0625, 0.0625, 0.0625, 0.0625, 0.0625]
[TRAIN]: (1530/1600): reward: 6.866690963506699, rates: 17.866690803319937, loss: 0.6283472195267678, rho: 0.175, transmit_actions: 19, P: [0.4375, 0.0625, 0.0625, 0.0625, 0.0625, 0.0625, 0.0625, 0.0625, 0.0625, 0.0625, 0.75, 0.0625, 0.0625, 0.0625, 0.0625, 0.0625, 0.0625, 0.0625, 0.125, 0.0625]
[TRAIN]: (1531/1600): reward: 19.202289819717407, rates: 21.202289725141043, loss: 0.6159078478813171, rho: 0.13125, transmit_actions: 19, P: [0.4375, 0.0625, 0.0625, 0.0625, 0.0625, 0.0625, 0.0625, 0.0625, 0.0625, 0.0625, 0.0625, 0.0625, 0.0625, 0.0625, 0.0625, 0.0625, 0.0625, 0.0625, 0.0625, 0.125]
[TRAIN]: (1532/1600): reward: 12.651420950889587, rates: 19.651420829963048, loss: 0.7621367022395134, rho: 0.125, transmit_actions: 19, P: [0.4375, 0.0625, 0.0625, 0.0625, 0.0625, 0.0625, 0.0625, 0.0625, 0.0625, 0.0625, 0.0625, 0.0625, 0.0625, 0.0625, 0.0625, 0.0625, 0.0625, 0.0625, 0.0625, 0.0625]
[TRAIN]: (1533/1600): reward: 19.412697911262512, rates: 19.412698136916166, loss: 0.8264563523232937, rho: 0.1875, transmit_actions: 19, P: [0.875, 0.0625, 0.0625, 0.0625, 0.0625, 0.0625, 0.0625, 0.0625, 0.0625, 0.0625, 0.0625, 0.0625, 0.0625, 0.0625, 0.0625, 0.0625, 0.0625, 0.0625, 0.0625, 0.0625]
[TRAIN]: (1534/1600): reward: 16.973857700824738, rates: 18.973857834587964, loss: 0.7840479910373688, rho: 0.16875, transmit_actions: 18, P: [0.875, 0.9375, 0.0625, 0.0625, 0.0625, 0.0625, 0.0625, 0.0625, 0.0625, 0.0625, 0.0625, 0.125, 0.0625, 0.0625, 0.0625, 0.0625, 0.0625, 0.125, 0.0625, 0.125]
[TRAIN]: (1535/1600): reward: 17.77083522081375, rates: 20.77083515857313, loss: 0.6698471307754517, rho: 0.1625, transmit_actions: 19, P: [0.875, 0.0625, 0.0625, 0.0625, 0.0625, 0.0625, 0.0625, 0.0625, 0.0625, 0.0625, 0.0625, 0.0625, 0.0625, 0.0625, 0.0625, 0.0625, 0.0625, 0.0625, 0.0625, 0.125]
[TRAIN]: (1536/1600): reward: 20.99382871389389, rates: 20.993828831537545, loss: 0.9219516932964325, rho: 0.15625, transmit_actions: 19, P: [0.875, 0.0625, 0.0625, 0.0625, 0.0625, 0.0625, 0.0625, 0.0625, 0.0625, 0.0625, 0.0625, 0.125, 0.0625, 0.0625, 0.0625, 0.0625, 0.0625, 0.0625, 0.0625, 0.0625]
[TRAIN]: (1537/1600): reward: 19.599281013011932, rates: 19.599281023557374, loss: 0.8005866691470146, rho: 0.16875, transmit_actions: 19, P: [0.875, 0.0625, 0.0625, 0.0625, 0.0625, 0.0625, 0.0625, 0.0625, 0.0625, 0.0625, 0.0625, 0.0625, 0.125, 0.0625, 0.0625, 0.0625, 0.0625, 0.0625, 0.0625, 0.0625]
[TRAIN]: (1538/1600): reward: 19.68866655230522, rates: 20.688666443584044, loss: 0.5741055525839329, rho: 0.15, transmit_actions: 19, P: [0.75, 0.0625, 0.0625, 0.0625, 0.0625, 0.0625, 0.0625, 0.0625, 0.125, 0.0625, 0.0625, 0.0625, 0.0625, 0.0625, 0.125, 0.0625, 0.0625, 0.0625, 0.0625, 0.125]
[TRAIN]: (1539/1600): reward: 19.159554600715637, rates: 19.159554631649215, loss: 0.699034272134304, rho: 0.1625, transmit_actions: 19, P: [1.0, 0.0625, 0.0625, 0.0625, 0.0625, 0.0625, 0.0625, 0.0625, 0.0625, 0.0625, 0.125, 0.0625, 0.0625, 0.0625, 0.0625, 0.0625, 0.125, 0.0625, 0.0625, 0.0625]
[TRAIN]: (1540/1600): reward: 21.139347195625305, rates: 21.139347069221014, loss: 0.8143825128674507, rho: 0.14375, transmit_actions: 19, P: [0.625, 0.0625, 0.0625, 0.0625, 0.0625, 0.0625, 0.0625, 0.0625, 0.0625, 0.0625, 0.0625, 0.0625, 0.0625, 0.0625, 0.0625, 0.0625, 0.0625, 0.0625, 0.0625, 0.0625]
[TRAIN]: (1541/1600): reward: 8.958152294158936, rates: 18.958152248264096, loss: 0.6668499305844307, rho: 0.175, transmit_actions: 18, P: [0.625, 0.0625, 0.0625, 0.0625, 0.0625, 0.0625, 0.0625, 0.0625, 0.0625, 0.0625, 0.0625, 0.0625, 0.0625, 0.875, 0.0625, 0.0625, 0.125, 0.0625, 0.0625, 0.0625]
[TRAIN]: (1542/1600): reward: 17.217712923884392, rates: 18.21771285169699, loss: 0.6927375830709934, rho: 0.14375, transmit_actions: 19, P: [0.75, 0.0625, 0.0625, 0.0625, 0.0625, 0.0625, 0.0625, 0.0625, 0.0625, 0.0625, 0.0625, 0.0625, 0.0625, 0.0625, 0.0625, 0.0625, 0.125, 0.0625, 0.0625, 0.0625]
[TRAIN]: (1543/1600): reward: 20.555766463279724, rates: 20.555766440984158, loss: 0.7586470156908035, rho: 0.15625, transmit_actions: 19, P: [0.75, 0.0625, 0.0625, 0.0625, 0.0625, 0.0625, 0.0625, 0.0625, 0.0625, 0.0625, 0.0625, 0.0625, 0.0625, 0.0625, 0.0625, 0.0625, 0.125, 0.0625, 0.0625, 0.0625]
[TRAIN]: (1544/1600): reward: 20.704835295677185, rates: 20.70483514326493, loss: 0.7291474431753159, rho: 0.14375, transmit_actions: 19, P: [0.75, 0.0625, 0.0625, 0.0625, 0.0625, 0.0625, 0.0625, 0.0625, 0.0625, 0.0625, 0.0625, 0.0625, 0.0625, 0.125, 0.0625, 0.0625, 0.0625, 0.0625, 0.0625, 0.0625]
[TRAIN]: (1545/1600): reward: 20.685891032218933, rates: 20.685890991077674, loss: 0.6520964153110981, rho: 0.1625, transmit_actions: 19, P: [0.5625, 0.0625, 0.0625, 0.0625, 0.0625, 0.0625, 0.125, 0.0625, 0.0625, 0.0625, 0.0625, 0.0625, 0.0625, 0.0625, 0.0625, 0.0625, 0.0625, 0.125, 0.0625, 0.125]
[TRAIN]: (1546/1600): reward: 19.816235780715942, rates: 19.81623584151894, loss: 0.631969028711319, rho: 0.16875, transmit_actions: 19, P: [0.5625, 0.0, 0.0625, 0.0625, 0.0625, 0.0625, 0.0625, 0.0625, 0.0625, 0.0625, 0.0625, 0.0625, 0.0625, 0.0625, 0.0625, 0.0625, 0.0625, 0.0625, 0.0625, 0.0625]
[TRAIN]: (1547/1600): reward: 21.29000750184059, rates: 21.29000749466557, loss: 0.9019109800457954, rho: 0.1625, transmit_actions: 19, P: [0.4375, 0.0625, 0.0625, 0.0625, 0.0625, 0.0625, 0.0625, 0.0625, 0.0625, 0.0625, 0.0625, 0.0625, 0.0625, 0.0625, 0.0625, 0.0625, 0.0625, 0.0625, 0.125, 0.0625]
[TRAIN]: (1548/1600): reward: 14.851025700569153, rates: 20.851025828421367, loss: 0.7714865192770958, rho: 0.19375, transmit_actions: 19, P: [0.875, 0.0625, 0.0625, 0.4375, 0.0625, 0.0625, 0.0625, 0.0625, 0.0625, 0.0625, 0.0625, 0.0625, 0.0625, 0.0625, 0.0625, 0.0625, 0.0625, 0.0625, 0.0625, 0.0625]
[TRAIN]: (1549/1600): reward: 18.871381506323814, rates: 19.871381680683804, loss: 0.7600876942276955, rho: 0.15625, transmit_actions: 19, P: [0.875, 0.0625, 0.0625, 0.0625, 0.0625, 0.0625, 0.0625, 0.0625, 0.0625, 0.0625, 0.0625, 0.125, 0.0625, 0.125, 0.0625, 0.0625, 0.0625, 0.0625, 0.125, 0.0625]
[TRAIN]: (1550/1600): reward: 16.848796676829807, rates: 17.848796562720278, loss: 0.8745851375162601, rho: 0.18125, transmit_actions: 18, P: [0.875, 0.6875, 0.0625, 0.0625, 0.0625, 0.0625, 0.0625, 0.0625, 0.0625, 0.0625, 0.0625, 0.0625, 0.125, 0.0625, 0.0625, 0.0625, 0.125, 0.125, 0.0625, 0.0625]
[TRAIN]: (1551/1600): reward: 17.971620559692383, rates: 17.971620707527244, loss: 0.6144434548914433, rho: 0.14375, transmit_actions: 18, P: [0.75, 0.6875, 0.0625, 0.0625, 0.0625, 0.0625, 0.0625, 0.0625, 0.0625, 0.0625, 0.0625, 0.0625, 0.0625, 0.0625, 0.0625, 0.0625, 0.0625, 0.0625, 0.125, 0.0625]
[TRAIN]: (1552/1600): reward: 18.251674979925156, rates: 19.25167498226724, loss: 0.8615887880325317, rho: 0.15625, transmit_actions: 18, P: [0.75, 0.9375, 0.0625, 0.0625, 0.0625, 0.0625, 0.0625, 0.0625, 0.0625, 0.0625, 0.0625, 0.0625, 0.0625, 0.0625, 0.0625, 0.0625, 0.0625, 0.0625, 0.0625, 0.125]
[TRAIN]: (1553/1600): reward: 22.192524790763855, rates: 22.192525065831777, loss: 0.522353108227253, rho: 0.125, transmit_actions: 19, P: [0.875, 0.0625, 0.0625, 0.0625, 0.0625, 0.0625, 0.0625, 0.0625, 0.0625, 0.0625, 0.0625, 0.0625, 0.0625, 0.0625, 0.0625, 0.0625, 0.0625, 0.0625, 0.0625, 0.0625]
[TRAIN]: (1554/1600): reward: 18.36898472905159, rates: 21.368984654395724, loss: 0.7680043518543244, rho: 0.15625, transmit_actions: 19, P: [0.875, 0.0625, 0.0625, 0.0625, 0.0625, 0.0625, 0.0625, 0.0625, 0.0625, 0.125, 0.0625, 0.0625, 0.0625, 0.0625, 0.0625, 0.0625, 0.0625, 0.125, 0.0625, 0.0625]
[TRAIN]: (1555/1600): reward: 18.748318649828434, rates: 20.7483184522912, loss: 0.7627196818590164, rho: 0.15625, transmit_actions: 19, P: [0.5625, 0.0625, 0.0625, 0.0625, 0.0625, 0.0625, 0.0625, 0.0625, 0.0625, 0.0625, 0.0625, 0.0625, 0.125, 0.0625, 0.0625, 0.0625, 0.0625, 0.0625, 0.0625, 0.0625]
[TRAIN]: (1556/1600): reward: 20.472565799951553, rates: 20.47256560503536, loss: 0.7188764706254005, rho: 0.15625, transmit_actions: 19, P: [0.75, 0.0625, 0.0625, 0.0625, 0.0625, 0.0625, 0.0625, 0.0625, 0.0625, 0.0625, 0.0625, 0.0625, 0.0625, 0.125, 0.0625, 0.0625, 0.125, 0.0625, 0.125, 0.0625]
[TRAIN]: (1557/1600): reward: 19.20281058549881, rates: 19.202810587399156, loss: 0.8523238062858581, rho: 0.15625, transmit_actions: 19, P: [0.75, 0.0, 0.0625, 0.0625, 0.0625, 0.0625, 0.0625, 0.0625, 0.0625, 0.0625, 0.0625, 0.0625, 0.0625, 0.0625, 0.0625, 0.0625, 0.0625, 0.0625, 0.0625, 0.0625]
[TRAIN]: (1558/1600): reward: 21.03918343782425, rates: 21.039183535806465, loss: 0.7572007745504379, rho: 0.16875, transmit_actions: 19, P: [0.5, 0.0625, 0.0625, 0.0625, 0.0625, 0.0625, 0.0625, 0.0625, 0.0625, 0.0625, 0.0625, 0.0625, 0.0625, 0.0625, 0.0625, 0.0625, 0.0625, 0.0625, 0.0625, 0.0625]
[TRAIN]: (1559/1600): reward: 20.82428538799286, rates: 20.824285337164728, loss: 0.7939575284719467, rho: 0.14375, transmit_actions: 19, P: [0.5, 0.0625, 0.0625, 0.0625, 0.0625, 0.0625, 0.0625, 0.0625, 0.0625, 0.0625, 0.0625, 0.0625, 0.0625, 0.0625, 0.0625, 0.0625, 0.0625, 0.0625, 0.0625, 0.0625]
[TRAIN]: (1560/1600): reward: 10.840217411518097, rates: 18.84021716742344, loss: 0.9689689353108406, rho: 0.15, transmit_actions: 18, P: [0.5, 0.6875, 0.0625, 0.0625, 0.0625, 0.0625, 0.0625, 0.0625, 0.5625, 0.0625, 0.0625, 0.0625, 0.0625, 0.0625, 0.0625, 0.0625, 0.0625, 0.0625, 0.0625, 0.0625]
[TRAIN]: (1561/1600): reward: 19.694375932216644, rates: 20.69437587121469, loss: 0.9416568011045456, rho: 0.125, transmit_actions: 19, P: [0.5, 0.0625, 0.0625, 0.0625, 0.0625, 0.0625, 0.0625, 0.0625, 0.0625, 0.125, 0.0625, 0.125, 0.0625, 0.0625, 0.0625, 0.0625, 0.0625, 0.0625, 0.0625, 0.0625]
[TRAIN]: (1562/1600): reward: 20.689342945814133, rates: 20.68934313488982, loss: 0.9552147820591926, rho: 0.15, transmit_actions: 19, P: [0.4375, 0.0625, 0.0625, 0.0625, 0.0625, 0.0625, 0.0625, 0.0625, 0.0625, 0.0625, 0.0625, 0.0625, 0.0625, 0.0625, 0.0625, 0.0625, 0.0625, 0.0625, 0.0625, 0.0625]
[TRAIN]: (1563/1600): reward: 18.90233314037323, rates: 18.902333143053312, loss: 1.0595352202653885, rho: 0.1375, transmit_actions: 19, P: [0.4375, 0.0625, 0.0625, 0.0625, 0.0625, 0.0625, 0.0625, 0.0625, 0.0625, 0.0625, 0.0625, 0.0625, 0.0625, 0.0625, 0.0625, 0.0625, 0.0625, 0.0625, 0.0625, 0.0625]
[TRAIN]: (1564/1600): reward: 21.56412923336029, rates: 21.564128930841072, loss: 0.7855369746685028, rho: 0.1375, transmit_actions: 19, P: [0.5, 0.0625, 0.0625, 0.0625, 0.0625, 0.0625, 0.0625, 0.0625, 0.0625, 0.0625, 0.0625, 0.0625, 0.0625, 0.0625, 0.0625, 0.0625, 0.0625, 0.0625, 0.0625, 0.0625]
[TRAIN]: (1565/1600): reward: 20.285713225603104, rates: 20.285713079151535, loss: 0.8935882836580277, rho: 0.14375, transmit_actions: 19, P: [0.5, 0.0625, 0.0625, 0.0625, 0.0625, 0.0625, 0.0625, 0.0625, 0.0625, 0.0625, 0.0625, 0.0625, 0.0625, 0.0625, 0.0625, 0.0625, 0.0625, 0.0625, 0.0625, 0.0625]
[TRAIN]: (1566/1600): reward: 21.171404004096985, rates: 21.171404042116, loss: 1.0361035034060477, rho: 0.1375, transmit_actions: 19, P: [0.75, 0.0625, 0.0625, 0.0625, 0.0625, 0.0625, 0.0625, 0.0625, 0.0625, 0.0625, 0.0625, 0.0625, 0.0625, 0.0625, 0.0625, 0.0625, 0.0625, 0.0625, 0.0625, 0.0625]
[TRAIN]: (1567/1600): reward: 18.70681792497635, rates: 18.706817707011695, loss: 0.7411392696201802, rho: 0.2, transmit_actions: 19, P: [0.8125, 0.0, 0.0625, 0.0625, 0.0625, 0.0625, 0.0625, 0.0625, 0.0625, 0.0625, 0.0625, 0.0625, 0.0625, 0.0625, 0.0625, 0.0625, 0.0625, 0.0625, 0.0625, 0.0625]
[TRAIN]: (1568/1600): reward: 22.603265941143036, rates: 22.60326599500162, loss: 0.9188104681670666, rho: 0.1625, transmit_actions: 19, P: [0.625, 0.0625, 0.0625, 0.0625, 0.0625, 0.125, 0.0625, 0.0625, 0.0625, 0.0625, 0.0625, 0.0625, 0.0625, 0.0625, 0.0625, 0.0625, 0.0625, 0.0625, 0.0625, 0.0625]
[TRAIN]: (1569/1600): reward: 18.101154029369354, rates: 19.101154001928528, loss: 0.8726190164685249, rho: 0.15625, transmit_actions: 19, P: [0.625, 0.0625, 0.0625, 0.0625, 0.0625, 0.0625, 0.0625, 0.125, 0.0625, 0.0625, 0.0625, 0.0625, 0.0625, 0.0625, 0.0625, 0.0625, 0.0625, 0.0625, 0.0625, 0.0625]
[TRAIN]: (1570/1600): reward: 20.267198026180267, rates: 20.267197985121964, loss: 1.0575564414262772, rho: 0.175, transmit_actions: 19, P: [0.625, 0.0625, 0.0625, 0.0625, 0.0625, 0.0625, 0.0625, 0.0625, 0.0625, 0.0625, 0.0625, 0.0625, 0.0625, 0.0625, 0.0625, 0.125, 0.125, 0.0625, 0.125, 0.0625]
[TRAIN]: (1571/1600): reward: 21.747934222221375, rates: 21.74793413817224, loss: 0.876740389317274, rho: 0.1625, transmit_actions: 19, P: [0.8125, 0.0625, 0.0625, 0.0625, 0.0625, 0.0625, 0.0625, 0.0625, 0.0625, 0.0625, 0.0625, 0.0625, 0.0625, 0.0625, 0.0625, 0.0625, 0.0625, 0.0625, 0.0625, 0.0625]
[TRAIN]: (1572/1600): reward: 18.273390769958496, rates: 18.273390536380482, loss: 0.7507964327931405, rho: 0.15, transmit_actions: 18, P: [0.5625, 1.0, 0.0625, 0.0625, 0.0625, 0.0625, 0.0625, 0.0625, 0.0625, 0.0625, 0.0625, 0.0625, 0.0625, 0.0625, 0.0625, 0.0625, 0.0625, 0.0625, 0.0625, 0.0625]
[TRAIN]: (1573/1600): reward: 12.421704828739166, rates: 20.421704791132342, loss: 0.6434698775410652, rho: 0.175, transmit_actions: 19, P: [0.375, 0.0625, 0.0625, 0.0625, 0.0625, 0.0625, 0.125, 0.6875, 0.125, 0.0625, 0.0625, 0.0625, 0.0625, 0.0625, 0.0625, 0.0625, 0.0625, 0.0625, 0.0625, 0.0625]
[TRAIN]: (1574/1600): reward: 18.350486934185028, rates: 19.350486975163093, loss: 0.7406048759818077, rho: 0.14375, transmit_actions: 18, P: [0.4375, 0.8125, 0.0625, 0.0625, 0.0625, 0.0625, 0.0625, 0.0625, 0.125, 0.0625, 0.0625, 0.0625, 0.0625, 0.0625, 0.0625, 0.0625, 0.0625, 0.125, 0.0625, 0.0625]
[TRAIN]: (1575/1600): reward: 20.635234117507935, rates: 20.635234158309416, loss: 0.7872633263468742, rho: 0.1625, transmit_actions: 19, P: [0.4375, 0.0625, 0.0625, 0.0625, 0.0625, 0.0625, 0.0625, 0.0625, 0.0625, 0.0625, 0.0625, 0.0625, 0.0625, 0.0625, 0.0625, 0.0625, 0.0625, 0.0625, 0.0625, 0.0625]
[TRAIN]: (1576/1600): reward: 19.55109077692032, rates: 19.551090823149814, loss: 0.6491197064518929, rho: 0.19375, transmit_actions: 19, P: [0.8125, 0.0625, 0.0625, 0.0625, 0.0625, 0.0625, 0.0625, 0.0625, 0.0625, 0.0625, 0.0625, 0.0625, 0.0625, 0.0625, 0.0625, 0.0625, 0.0625, 0.0625, 0.0625, 0.0625]
[TRAIN]: (1577/1600): reward: 19.34865441918373, rates: 19.348654727626265, loss: 0.88581732660532, rho: 0.15625, transmit_actions: 19, P: [0.8125, 0.0625, 0.0625, 0.0625, 0.0625, 0.0625, 0.0625, 0.0625, 0.0625, 0.0625, 0.0625, 0.0625, 0.0625, 0.0625, 0.0625, 0.0625, 0.0625, 0.0625, 0.0625, 0.0625]
[TRAIN]: (1578/1600): reward: 20.071815371513367, rates: 20.071815524070388, loss: 0.7050451189279556, rho: 0.1625, transmit_actions: 19, P: [0.8125, 0.0625, 0.0625, 0.0625, 0.0625, 0.0625, 0.0625, 0.0625, 0.0625, 0.0625, 0.0625, 0.0625, 0.125, 0.0625, 0.0625, 0.0625, 0.0625, 0.0625, 0.0625, 0.0625]
[TRAIN]: (1579/1600): reward: 6.781972020864487, rates: 17.781972114956275, loss: 0.6961779773235321, rho: 0.19375, transmit_actions: 18, P: [0.5625, 0.0625, 0.0625, 0.0625, 0.0625, 0.0625, 0.0625, 0.0625, 0.0625, 0.0625, 0.0625, 0.0625, 0.0625, 0.0625, 0.0625, 0.5625, 0.0625, 0.0625, 0.0625, 0.125]
[TRAIN]: (1580/1600): reward: 21.243679225444794, rates: 21.243679441373473, loss: 0.8093974068760872, rho: 0.1375, transmit_actions: 18, P: [0.5625, 0.875, 0.0625, 0.0625, 0.0625, 0.0625, 0.0625, 0.0625, 0.0625, 0.0625, 0.0625, 0.0625, 0.0625, 0.0625, 0.0625, 0.0625, 0.0625, 0.0625, 0.0625, 0.0625]
[TRAIN]: (1581/1600): reward: 9.439302444458008, rates: 19.439302463230767, loss: 0.4861877724528313, rho: 0.13125, transmit_actions: 18, P: [0.5625, 0.0625, 0.0625, 0.0625, 0.0625, 0.0625, 0.0625, 0.0625, 0.0625, 0.1875, 0.0625, 0.0625, 0.0625, 0.0625, 0.0625, 0.0625, 0.0625, 0.0625, 0.0625, 0.0625]
[TRAIN]: (1582/1600): reward: 21.19893980026245, rates: 21.198939759918183, loss: 0.8929574653506279, rho: 0.1625, transmit_actions: 19, P: [1.0, 0.0625, 0.0625, 0.0625, 0.0625, 0.0625, 0.0625, 0.0625, 0.0625, 0.0625, 0.0625, 0.0625, 0.0625, 0.0625, 0.0625, 0.0625, 0.0625, 0.0625, 0.0625, 0.0625]
[TRAIN]: (1583/1600): reward: 19.98315942287445, rates: 19.983159315971168, loss: 0.6752333365380764, rho: 0.14375, transmit_actions: 18, P: [0.5625, 0.6875, 0.0625, 0.0625, 0.0625, 0.0625, 0.0625, 0.0625, 0.0625, 0.0625, 0.0625, 0.0625, 0.125, 0.0625, 0.0625, 0.0625, 0.0625, 0.0625, 0.0625, 0.0625]
[TRAIN]: (1584/1600): reward: 19.414833307266235, rates: 19.414833286191545, loss: 0.7016566939651966, rho: 0.1375, transmit_actions: 19, P: [0.5625, 0.0625, 0.0625, 0.0625, 0.0625, 0.0625, 0.0625, 0.0625, 0.0625, 0.0625, 0.0625, 0.0625, 0.0625, 0.0625, 0.0625, 0.0625, 0.0625, 0.0625, 0.0625, 0.0625]
[TRAIN]: (1585/1600): reward: 16.416313588619232, rates: 17.416313619723052, loss: 0.8098107524216175, rho: 0.15625, transmit_actions: 19, P: [0.6875, 0.0625, 0.0625, 0.0625, 0.0625, 0.0625, 0.0625, 0.0625, 0.0625, 0.0625, 0.0625, 0.0625, 0.0625, 0.0625, 0.0625, 0.125, 0.0625, 0.0625, 0.0625, 0.0625]
[TRAIN]: (1586/1600): reward: 20.398248732089996, rates: 20.398248768795153, loss: 1.0766176164150238, rho: 0.1625, transmit_actions: 19, P: [0.6875, 0.0625, 0.0625, 0.0625, 0.0625, 0.0625, 0.0625, 0.0625, 0.0625, 0.0625, 0.0625, 0.0625, 0.125, 0.0625, 0.0625, 0.0625, 0.0625, 0.125, 0.0625, 0.0625]
[TRAIN]: (1587/1600): reward: 22.279715180397034, rates: 22.279715304552624, loss: 0.7227086916565895, rho: 0.14375, transmit_actions: 19, P: [0.4375, 0.0625, 0.0625, 0.0625, 0.0625, 0.0625, 0.0625, 0.0625, 0.0625, 0.0625, 0.0625, 0.0625, 0.125, 0.0625, 0.0625, 0.0625, 0.0625, 0.0625, 0.0625, 0.0625]
[TRAIN]: (1588/1600): reward: 19.13260942697525, rates: 19.132609678163426, loss: 0.7032820969820023, rho: 0.1875, transmit_actions: 19, P: [0.5, 0.0625, 0.0625, 0.0625, 0.0625, 0.0625, 0.0625, 0.0625, 0.0625, 0.0625, 0.0625, 0.0625, 0.0625, 0.0625, 0.0625, 0.0625, 0.0625, 0.125, 0.0625, 0.0625]
[TRAIN]: (1589/1600): reward: 20.911306142807007, rates: 20.91130628467178, loss: 0.6816833488643169, rho: 0.15, transmit_actions: 19, P: [0.5, 0.0625, 0.0625, 0.0625, 0.0625, 0.0625, 0.0625, 0.0625, 0.0625, 0.0625, 0.0625, 0.0625, 0.0625, 0.0625, 0.0625, 0.0625, 0.0625, 0.0625, 0.0625, 0.0625]
[TRAIN]: (1590/1600): reward: 20.030541837215424, rates: 20.03054198453691, loss: 0.5852414160966873, rho: 0.15, transmit_actions: 20, P: [0.0, 0.0625, 0.0625, 0.0625, 0.0625, 0.0625, 0.0625, 0.0625, 0.0625, 0.0625, 0.0625, 0.0625, 0.0625, 0.0625, 0.0625, 0.0625, 0.0625, 0.0625, 0.0625, 0.0625]
[TRAIN]: (1591/1600): reward: 18.560834854841232, rates: 19.560834835214965, loss: 0.7196008697152138, rho: 0.19375, transmit_actions: 20, P: [0.0, 0.0625, 0.0625, 0.0625, 0.0625, 0.0625, 0.0625, 0.0625, 0.0625, 0.0625, 0.0625, 0.0625, 0.0625, 0.0625, 0.125, 0.0625, 0.0625, 0.0625, 0.0625, 0.0625]
[TRAIN]: (1592/1600): reward: 19.605624735355377, rates: 20.60562478581973, loss: 0.8610905058681965, rho: 0.175, transmit_actions: 19, P: [0.5, 0.0625, 0.0625, 0.0625, 0.0625, 0.0625, 0.0625, 0.0625, 0.0625, 0.0625, 0.0625, 0.0625, 0.0625, 0.0625, 0.0625, 0.125, 0.0625, 0.0625, 0.0625, 0.0625]
[TRAIN]: (1593/1600): reward: 20.420059204101562, rates: 20.42005919667794, loss: 0.667267520725727, rho: 0.1375, transmit_actions: 18, P: [0.125, 0.8125, 0.0625, 0.0625, 0.0625, 0.0625, 0.0625, 0.0625, 0.0625, 0.0625, 0.0625, 0.0625, 0.0625, 0.0625, 0.0625, 0.0625, 0.0625, 0.0625, 0.0625, 0.0625]
[TRAIN]: (1594/1600): reward: 19.648089796304703, rates: 19.648089786657707, loss: 0.7587048605084419, rho: 0.16875, transmit_actions: 19, P: [0.5, 0.0625, 0.0625, 0.0625, 0.0625, 0.0625, 0.0625, 0.0625, 0.0625, 0.0625, 0.0625, 0.125, 0.0625, 0.0625, 0.0625, 0.0625, 0.125, 0.0625, 0.0625, 0.0625]
[TRAIN]: (1595/1600): reward: 19.23804420232773, rates: 19.23804421217036, loss: 0.8571093827486038, rho: 0.16875, transmit_actions: 19, P: [0.5, 0.0625, 0.0625, 0.0625, 0.0625, 0.0625, 0.0625, 0.0625, 0.0625, 0.0625, 0.0625, 0.0625, 0.0625, 0.0625, 0.125, 0.0625, 0.125, 0.0625, 0.0625, 0.0625]
[TRAIN]: (1596/1600): reward: 17.981160581111908, rates: 18.98116045107688, loss: 0.7127226635813713, rho: 0.2, transmit_actions: 19, P: [0.75, 0.0625, 0.0625, 0.0625, 0.0625, 0.0625, 0.0625, 0.0625, 0.0625, 0.0625, 0.0625, 0.0625, 0.0625, 0.0625, 0.0625, 0.0625, 0.125, 0.0625, 0.0625, 0.125]
[TRAIN]: (1597/1600): reward: 16.74960431456566, rates: 19.74960431252502, loss: 0.7857698187232017, rho: 0.18125, transmit_actions: 19, P: [0.4375, 0.0625, 0.0625, 0.0625, 0.0625, 0.125, 0.125, 0.125, 0.0625, 0.0625, 0.0625, 0.0625, 0.0625, 0.125, 0.125, 0.125, 0.0625, 0.0625, 0.0625, 0.0625]
[TRAIN]: (1598/1600): reward: 18.700048863887787, rates: 18.700048831483972, loss: 0.7669074565172196, rho: 0.1875, transmit_actions: 19, P: [0.8125, 0.0625, 0.0625, 0.0625, 0.0625, 0.0625, 0.0625, 0.0625, 0.0625, 0.0625, 0.0625, 0.0625, 0.0625, 0.0625, 0.0625, 0.0625, 0.125, 0.0625, 0.0625, 0.0625]
[TRAIN]: (1599/1600): reward: 17.76508679240942, rates: 18.7650868122572, loss: 0.8583504900336265, rho: 0.1875, transmit_actions: 19, P: [0.625, 0.0625, 0.0625, 0.0625, 0.0625, 0.0625, 0.0625, 0.0625, 0.0625, 0.0625, 0.125, 0.125, 0.0625, 0.0625, 0.0625, 0.0625, 0.0625, 0.0625, 0.0625, 0.0625]
[TRAIN]: (1600/1600): reward: 3.9748891294002533, rates: 17.974889283239346, loss: 0.786109235882759, rho: 0.1875, transmit_actions: 19, P: [0.75, 0.0625, 0.0625, 0.0625, 0.0625, 0.0625, 0.0625, 0.0625, 0.0625, 0.0625, 0.0625, 0.0625, 0.0625, 0.0625, 0.0625, 0.0625, 0.0625, 0.875, 0.0625, 0.0625]
[TRAIN_FINISHED]: Transmit Action: 25156/0
[MAIN]: Time: 136.92627215385437
[MAIN]: END
