[MAIN]: START
[ENV]: Started init Environment
[ENV]: ACTIONS_SPACE: 238
[ENV]: Finished init Environment
[TRAIN]: actions: 238, observations: 210
[TRAIN]: CUDA: True
[TRAIN]: (1/1600): reward: -143.3356510400772, rates: 0.6643486256650922, loss: 0, rho: 0.4625, transmit_actions: 10, P: [0.25, 0.3125, 0.625, 0.875, 0.0, 0.625, 0.0625, 0.0625, 0.4375, 0.5, 0.8125, 0.5, 0.3125, 0.4375, 0.5625, 0.5625, 0.0, 0.0, 0.9375, 0.3125]
[TRAIN]: (2/1600): reward: -143.6971659064293, rates: 1.3028338022452937, loss: 0, rho: 0.5, transmit_actions: 10, P: [0.75, 0.0625, 0.6875, 0.625, 0.125, 0.625, 0.125, 1.0, 0.125, 0.6875, 0.25, 0.875, 0.25, 0.875, 1.0, 0.5, 0.8125, 0.75, 0.625, 0.875]
[TRAIN]: (3/1600): reward: -162.96376448869705, rates: 3.036235457410755, loss: 0, rho: 0.49375, transmit_actions: 10, P: [0.5625, 0.375, 0.8125, 0.3125, 0.9375, 1.0, 0.125, 0.75, 0.125, 0.3125, 0.1875, 0.0, 0.25, 0.125, 0.625, 0.625, 0.9375, 0.4375, 0.6875, 0.75]
[TRAIN]: (4/1600): reward: -157.7798302769661, rates: 1.2201701988099904, loss: 52.22649248908548, rho: 0.5875, transmit_actions: 7, P: [0.5625, 0.1875, 1.0, 0.1875, 0.1875, 0.5625, 0.6875, 0.3125, 0.1875, 0.0625, 0.5, 0.3125, 0.625, 0.4375, 1.0, 0.75, 0.0625, 0.4375, 0.3125, 0.125]
[TRAIN]: (5/1600): reward: -133.0638449639082, rates: 1.9361552699543254, loss: 11.130517268180848, rho: 0.44375, transmit_actions: 10, P: [0.125, 0.5, 0.0, 0.3125, 0.5625, 1.0, 1.0, 0.625, 0.875, 0.0625, 0.0625, 0.6875, 0.1875, 0.375, 0.25, 0.3125, 0.25, 0.4375, 0.75, 0.8125]
[TRAIN]: (6/1600): reward: -155.92492043972015, rates: 2.0750795026499285, loss: 6.8651467084884645, rho: 0.51875, transmit_actions: 6, P: [0.375, 0.75, 0.125, 0.6875, 0.8125, 1.0, 0.0, 0.4375, 0.5625, 0.6875, 0.3125, 0.3125, 0.125, 0.0, 0.125, 0.625, 1.0, 0.1875, 0.125, 0.9375]
[TRAIN]: (7/1600): reward: -147.50970309972763, rates: 2.490296387213683, loss: 5.499040055274963, rho: 0.5125, transmit_actions: 12, P: [0.0, 0.5, 0.3125, 0.4375, 0.6875, 0.4375, 0.9375, 0.5, 0.125, 0.375, 0.1875, 0.125, 0.5, 0.5625, 0.75, 0.3125, 0.375, 0.3125, 0.5, 0.875]
[TRAIN]: (8/1600): reward: -133.12925331294537, rates: 1.870747610881194, loss: 5.392583847045898, rho: 0.43125, transmit_actions: 13, P: [0.4375, 0.625, 0.1875, 0.3125, 0.5, 0.5, 0.5, 0.5, 0.75, 0.0625, 0.3125, 0.0625, 0.0625, 0.5, 0.3125, 0.125, 0.375, 0.8125, 0.625, 0.625]
[TRAIN]: (9/1600): reward: -129.52699851989746, rates: 1.4730021931741115, loss: 5.246187007427215, rho: 0.39375, transmit_actions: 9, P: [0.5, 0.5, 0.4375, 0.25, 0.875, 0.9375, 0.625, 0.5625, 0.5625, 1.0, 0.1875, 0.8125, 0.75, 0.375, 0.125, 0.5625, 0.875, 0.875, 0.125, 0.125]
[TRAIN]: (10/1600): reward: -146.80956214666367, rates: 1.1904373958632215, loss: 5.175686544179916, rho: 0.4625, transmit_actions: 8, P: [1.0, 0.9375, 0.6875, 0.9375, 0.125, 0.875, 0.9375, 0.1875, 0.3125, 0.5625, 0.9375, 0.8125, 0.625, 0.875, 0.3125, 0.9375, 0.125, 0.5625, 0.75, 0.5]
[TRAIN]: (11/1600): reward: -131.06057119369507, rates: 0.9394288316451163, loss: 6.2840454339981076, rho: 0.53125, transmit_actions: 10, P: [0.8125, 0.1875, 0.3125, 0.6875, 0.6875, 1.0, 0.25, 1.0, 0.9375, 0.5625, 0.3125, 0.0, 0.75, 0.8125, 0.5625, 0.8125, 0.6875, 0.3125, 0.4375, 0.6875]
[TRAIN]: (12/1600): reward: -105.29185181856155, rates: 3.70814844190283, loss: 4.427279114723206, rho: 0.49375, transmit_actions: 12, P: [0.25, 0.875, 0.5, 0.625, 0.375, 0.1875, 0.25, 0.0625, 0.0625, 0.5, 0.875, 0.25, 1.0, 0.125, 0.875, 0.0625, 0.9375, 0.8125, 0.5, 0.5]
[TRAIN]: (13/1600): reward: -146.07656407356262, rates: 1.9234353341074013, loss: 4.6527188420295715, rho: 0.5875, transmit_actions: 12, P: [0.0, 0.625, 0.9375, 0.0, 0.375, 0.75, 0.25, 0.625, 0.6875, 0.1875, 0.5625, 0.875, 0.1875, 1.0, 0.8125, 0.375, 0.0625, 0.4375, 0.8125, 0.6875]
[TRAIN]: (14/1600): reward: -151.28571550548077, rates: 2.7142849277589622, loss: 6.298681402206421, rho: 0.625, transmit_actions: 12, P: [0.875, 0.0625, 0.1875, 0.9375, 0.625, 0.6875, 0.8125, 1.0, 0.875, 0.9375, 0.8125, 0.6875, 0.6875, 0.125, 0.875, 0.625, 0.25, 0.25, 0.9375, 0.4375]
[TRAIN]: (15/1600): reward: -128.74686321616173, rates: 1.2531366088760785, loss: 5.184047329425812, rho: 0.5375, transmit_actions: 10, P: [0.8125, 0.3125, 0.875, 0.875, 0.5625, 0.5625, 0.9375, 0.6875, 0.1875, 0.5, 0.25, 0.3125, 0.1875, 0.75, 0.0, 0.5625, 0.6875, 0.1875, 0.0, 0.625]
[TRAIN]: (16/1600): reward: -141.20825093984604, rates: 1.791749151443356, loss: 5.539662706851959, rho: 0.53125, transmit_actions: 11, P: [0.25, 0.75, 0.375, 0.0625, 0.625, 0.1875, 0.9375, 0.5, 0.875, 0.4375, 0.5, 0.25, 0.4375, 1.0, 0.4375, 0.875, 0.5, 0.6875, 0.0, 0.75]
[TRAIN]: (17/1600): reward: -133.3561987876892, rates: 0.6438012122159169, loss: 5.558208692073822, rho: 0.475, transmit_actions: 9, P: [0.0, 0.375, 0.3125, 0.0, 0.6875, 0.0, 1.0, 0.375, 0.875, 0.125, 1.0, 0.0, 0.875, 0.375, 0.8125, 0.6875, 0.875, 0.1875, 0.5, 0.9375]
[TRAIN]: (18/1600): reward: -131.75525542534888, rates: 2.2447449886957322, loss: 4.665162509679794, rho: 0.5, transmit_actions: 11, P: [0.5, 0.625, 0.3125, 1.0, 0.0, 0.1875, 0.0625, 0.875, 0.5625, 0.1875, 0.25, 0.25, 0.0625, 0.1875, 0.625, 0.625, 0.0, 0.875, 0.0625, 0.3125]
[TRAIN]: (19/1600): reward: -124.74344900250435, rates: 3.256550812245161, loss: 4.8218454122543335, rho: 0.5, transmit_actions: 12, P: [0.5625, 0.375, 0.3125, 0.5625, 0.25, 0.1875, 0.125, 0.4375, 0.9375, 0.0, 0.1875, 0.75, 0.875, 0.75, 0.8125, 0.0625, 0.125, 0.8125, 0.875, 0.375]
[TRAIN]: (20/1600): reward: -167.1633923649788, rates: 0.8366073935142165, loss: 5.206793850660324, rho: 0.49375, transmit_actions: 8, P: [0.3125, 0.0625, 0.0625, 0.5, 0.0, 0.25, 0.3125, 1.0, 0.375, 0.4375, 0.375, 0.5, 0.8125, 0.6875, 0.375, 0.6875, 0.4375, 0.1875, 0.875, 0.8125]
[TRAIN]: (21/1600): reward: -150.95195484161377, rates: 0.04804499892229966, loss: 5.319401228427887, rho: 0.4375, transmit_actions: 6, P: [0.0625, 0.9375, 0.8125, 0.75, 0.0625, 0.8125, 0.5625, 0.625, 0.625, 0.625, 0.875, 0.3125, 0.8125, 0.6875, 0.25, 0.3125, 1.0, 0.0, 0.125, 1.0]
[TRAIN]: (22/1600): reward: -162.88146591186523, rates: 1.1185344199912461, loss: 5.30986869931221, rho: 0.5625, transmit_actions: 9, P: [0.3125, 0.5, 0.4375, 0.8125, 0.25, 0.75, 0.0, 0.4375, 1.0, 0.4375, 0.4375, 0.0625, 0.75, 0.9375, 0.6875, 0.875, 0.1875, 0.8125, 0.0625, 0.5]
[TRAIN]: (23/1600): reward: -142.8883147854358, rates: 4.111685979365689, loss: 5.468189406394958, rho: 0.49375, transmit_actions: 11, P: [0.9375, 0.875, 1.0, 0.875, 1.0, 0.5625, 0.8125, 0.25, 0.25, 0.25, 1.0, 0.4375, 0.375, 0.3125, 0.0, 0.1875, 0.8125, 0.1875, 0.375, 0.125]
[TRAIN]: (24/1600): reward: -148.29618307948112, rates: 1.7038170407295836, loss: 5.578682315349579, rho: 0.46875, transmit_actions: 10, P: [0.25, 0.0625, 0.8125, 0.0, 1.0, 0.25, 0.625, 1.0, 0.3125, 0.375, 0.125, 0.75, 0.8125, 0.8125, 0.0625, 0.9375, 0.75, 0.625, 0.75, 1.0]
[TRAIN]: (25/1600): reward: -136.57632434368134, rates: 2.4236753614743085, loss: 5.971490669250488, rho: 0.49375, transmit_actions: 7, P: [0.1875, 0.25, 0.3125, 0.625, 0.0, 0.6875, 0.0, 0.125, 0.875, 0.875, 0.25, 0.5, 0.25, 1.0, 0.75, 0.3125, 1.0, 0.125, 0.5, 0.75]
[TRAIN]: (26/1600): reward: -142.9992344379425, rates: 2.0007644034306424, loss: 5.345750033855438, rho: 0.41875, transmit_actions: 12, P: [0.25, 0.4375, 0.6875, 0.5, 0.3125, 0.3125, 0.1875, 0.375, 0.125, 0.375, 0.3125, 0.0, 0.3125, 0.375, 0.125, 0.875, 0.5, 0.625, 0.875, 0.1875]
[TRAIN]: (27/1600): reward: -167.22059535980225, rates: 0.7794046373172359, loss: 5.380314922332763, rho: 0.6, transmit_actions: 7, P: [0.75, 0.25, 0.75, 0.3125, 0.5625, 0.25, 0.875, 0.6875, 0.75, 0.5625, 0.1875, 0.25, 1.0, 0.875, 0.5, 0.1875, 0.5, 0.8125, 0.125, 0.3125]
[TRAIN]: (28/1600): reward: -147.2333081960678, rates: 1.7666913051066904, loss: 5.991285306215286, rho: 0.525, transmit_actions: 9, P: [0.4375, 0.8125, 0.3125, 1.0, 1.0, 0.3125, 0.625, 0.5, 0.25, 0.0625, 0.4375, 0.5625, 0.9375, 0.9375, 0.5625, 0.0, 0.25, 0.625, 0.125, 1.0]
[TRAIN]: (29/1600): reward: -167.70346522331238, rates: 0.29653484144767894, loss: 5.7224092245101925, rho: 0.4875, transmit_actions: 10, P: [0.25, 0.5, 0.9375, 0.8125, 0.3125, 0.0625, 1.0, 0.9375, 0.875, 0.8125, 0.6875, 0.9375, 0.25, 0.25, 0.6875, 0.6875, 0.8125, 0.5, 0.0, 0.625]
[TRAIN]: (30/1600): reward: -147.6259880065918, rates: 0.3740126416431532, loss: 6.221253627538681, rho: 0.4875, transmit_actions: 9, P: [0.125, 0.375, 0.0, 0.9375, 0.1875, 0.0, 0.75, 0.875, 0.0625, 0.875, 0.6875, 0.0, 0.625, 0.1875, 0.0, 0.5, 0.875, 0.75, 0.75, 0.5625]
[TRAIN]: (31/1600): reward: -129.53915351629257, rates: 1.4608459818774058, loss: 5.483523976802826, rho: 0.6375, transmit_actions: 10, P: [0.0, 0.125, 0.0, 0.75, 0.375, 0.0625, 0.6875, 0.75, 0.9375, 0.375, 0.8125, 0.0, 0.0625, 0.4375, 0.5625, 0.4375, 0.0625, 0.1875, 0.5, 0.5625]
[TRAIN]: (32/1600): reward: -117.60886240005493, rates: 1.3911372594230036, loss: 5.158477151393891, rho: 0.45, transmit_actions: 10, P: [0.5625, 0.875, 0.4375, 0.1875, 0.0, 0.6875, 0.4375, 0.8125, 0.1875, 0.0, 0.5625, 0.5625, 0.875, 0.75, 0.125, 0.875, 1.0, 0.5, 0.25, 0.9375]
[TRAIN]: (33/1600): reward: -107.81593036651611, rates: 4.184070374493602, loss: 6.088175344467163, rho: 0.48125, transmit_actions: 13, P: [0.1875, 1.0, 0.0625, 0.5, 0.4375, 0.375, 0.75, 0.5625, 0.1875, 1.0, 0.0, 0.125, 0.875, 0.0625, 1.0, 0.3125, 0.5, 0.6875, 0.25, 0.4375]
[TRAIN]: (34/1600): reward: -146.53323912620544, rates: 0.4667608742315144, loss: 4.8133839726448056, rho: 0.35625, transmit_actions: 11, P: [0.1875, 0.0625, 0.6875, 0.5625, 0.0, 0.875, 0.9375, 0.625, 0.5625, 0.625, 0.9375, 0.375, 0.875, 0.3125, 1.0, 0.75, 0.9375, 0.3125, 0.875, 0.5]
[TRAIN]: (35/1600): reward: -172.79578813910484, rates: 1.2042122760517144, loss: 5.670618736743927, rho: 0.5375, transmit_actions: 12, P: [0.75, 0.125, 0.5, 0.25, 0.1875, 0.75, 0.3125, 0.125, 0.375, 0.5625, 0.125, 0.5, 0.4375, 0.9375, 1.0, 0.6875, 0.8125, 0.75, 0.25, 0.8125]
[TRAIN]: (36/1600): reward: -142.9217024743557, rates: 2.0782977625391963, loss: 5.783445143699646, rho: 0.53125, transmit_actions: 11, P: [0.0625, 0.9375, 0.0, 0.5625, 0.5625, 0.375, 0.0625, 1.0, 0.375, 0.4375, 0.5625, 0.0625, 0.1875, 0.875, 1.0, 0.5, 0.4375, 0.375, 0.125, 1.0]
[TRAIN]: (37/1600): reward: -138.14544424414635, rates: 1.8545565390182, loss: 5.730792927742004, rho: 0.54375, transmit_actions: 12, P: [1.0, 0.4375, 0.5, 0.875, 0.3125, 0.0625, 0.3125, 0.9375, 0.125, 0.9375, 0.75, 0.4375, 1.0, 0.0625, 1.0, 0.6875, 0.0625, 1.0, 0.875, 0.1875]
[TRAIN]: (38/1600): reward: -173.7219319343567, rates: 0.27806822248868907, loss: 5.290561556816101, rho: 0.5375, transmit_actions: 8, P: [0.5625, 0.0, 0.5, 0.5625, 0.5, 0.5, 0.3125, 0.4375, 0.625, 0.9375, 0.6875, 0.4375, 0.6875, 0.5, 0.625, 0.0625, 0.125, 0.9375, 1.0, 0.625]
[TRAIN]: (39/1600): reward: -141.64796674251556, rates: 1.3520334731895263, loss: 5.259859025478363, rho: 0.425, transmit_actions: 10, P: [1.0, 0.125, 1.0, 0.0625, 0.375, 0.5, 0.125, 0.8125, 0.5625, 0.0, 0.125, 0.3125, 0.6875, 0.6875, 0.25, 0.6875, 0.5, 0.1875, 1.0, 0.625]
[TRAIN]: (40/1600): reward: -122.15387913584709, rates: 0.8461205965173344, loss: 5.325012677907944, rho: 0.475, transmit_actions: 8, P: [0.0, 0.1875, 0.8125, 0.5, 0.875, 0.5, 0.0625, 1.0, 0.8125, 0.125, 0.3125, 0.9375, 0.9375, 0.9375, 0.1875, 0.4375, 0.0625, 0.0, 0.25, 0.0]
[TRAIN]: (41/1600): reward: -160.6321702003479, rates: 0.36782954300450227, loss: 5.780227816104889, rho: 0.50625, transmit_actions: 9, P: [0.5625, 0.5, 0.6875, 0.5, 1.0, 0.375, 0.0, 0.75, 0.3125, 0.8125, 0.625, 0.6875, 0.5, 0.875, 0.25, 1.0, 0.875, 0.1875, 0.9375, 0.5625]
[TRAIN]: (42/1600): reward: -151.15730583667755, rates: 0.8426940708413706, loss: 4.753664362430572, rho: 0.53125, transmit_actions: 7, P: [0.125, 0.375, 0.375, 0.125, 0.0, 0.9375, 0.0625, 0.6875, 0.875, 0.1875, 0.8125, 0.9375, 0.8125, 0.875, 0.3125, 0.4375, 0.6875, 0.875, 0.8125, 0.9375]
[TRAIN]: (43/1600): reward: -116.9515808224678, rates: 2.048419094851745, loss: 5.112737083435059, rho: 0.50625, transmit_actions: 15, P: [0.4375, 0.6875, 0.9375, 0.5, 1.0, 0.25, 0.1875, 0.1875, 0.9375, 0.625, 0.375, 0.0, 1.0, 0.5, 0.0, 0.0, 0.25, 0.5625, 0.875, 0.9375]
[TRAIN]: (44/1600): reward: -117.41185820102692, rates: 1.5881416689425065, loss: 5.277804118394852, rho: 0.475, transmit_actions: 12, P: [0.5625, 0.625, 0.0, 0.0, 0.0625, 0.4375, 0.0625, 0.5, 0.6875, 0.0, 0.5, 0.1875, 0.25, 0.75, 0.8125, 0.9375, 0.625, 0.625, 0.9375, 0.125]
[TRAIN]: (45/1600): reward: -126.62894433736801, rates: 1.3710563055558014, loss: 4.627288728952408, rho: 0.5375, transmit_actions: 9, P: [0.5, 0.5, 0.375, 0.0, 0.8125, 0.875, 0.8125, 1.0, 0.125, 0.125, 0.1875, 0.75, 0.5, 1.0, 0.75, 0.875, 0.3125, 0.9375, 0.5, 0.4375]
[TRAIN]: (46/1600): reward: -142.36443066596985, rates: 1.6355697917207872, loss: 4.990873157978058, rho: 0.475, transmit_actions: 11, P: [0.3125, 0.625, 0.375, 0.625, 0.875, 1.0, 1.0, 0.5, 0.6875, 0.125, 0.8125, 0.25, 0.3125, 0.0, 0.1875, 0.375, 0.3125, 1.0, 0.0625, 0.625]
[TRAIN]: (47/1600): reward: -149.746631026268, rates: 1.2533687825316484, loss: 5.569870805740356, rho: 0.5375, transmit_actions: 9, P: [0.0, 0.875, 1.0, 0.375, 0.4375, 0.1875, 0.8125, 0.125, 0.5625, 0.8125, 0.0625, 0.6875, 0.625, 0.75, 1.0, 0.0625, 0.3125, 0.625, 0.4375, 0.9375]
[TRAIN]: (48/1600): reward: -156.9387193620205, rates: 1.0612806426821546, loss: 5.206332182884216, rho: 0.63125, transmit_actions: 7, P: [0.3125, 0.5, 0.75, 0.9375, 0.375, 0.5, 0.75, 0.0, 0.125, 0.0, 0.25, 0.0625, 0.3125, 0.375, 0.125, 0.1875, 0.375, 0.3125, 0.6875, 0.5625]
[TRAIN]: (49/1600): reward: -139.11608028411865, rates: 0.8839185249997232, loss: 4.412801897525787, rho: 0.5875, transmit_actions: 9, P: [0.625, 0.6875, 0.375, 0.625, 0.75, 0.0625, 0.0625, 0.5625, 0.6875, 0.3125, 0.9375, 0.875, 0.8125, 0.375, 0.75, 1.0, 0.4375, 0.375, 0.375, 0.25]
[TRAIN]: (50/1600): reward: -176.51094102859497, rates: 0.4890588749007694, loss: 5.510908842086792, rho: 0.4875, transmit_actions: 12, P: [0.625, 0.8125, 0.4375, 0.0625, 0.25, 0.625, 0.5, 0.75, 0.875, 0.875, 0.75, 0.5, 0.5625, 1.0, 0.125, 0.6875, 0.8125, 0.75, 0.4375, 0.9375]
[TRAIN]: (51/1600): reward: -158.0182671546936, rates: 0.9817320758307754, loss: 4.998031896352768, rho: 0.625, transmit_actions: 11, P: [0.1875, 0.625, 0.5625, 0.25, 0.625, 0.375, 0.6875, 0.25, 0.4375, 0.5, 0.375, 1.0, 0.5625, 0.9375, 1.0, 0.6875, 0.0625, 0.25, 0.25, 0.1875]
[TRAIN]: (52/1600): reward: -130.48705196380615, rates: 1.5129476377464088, loss: 4.180190134048462, rho: 0.50625, transmit_actions: 9, P: [0.375, 0.4375, 0.0625, 0.6875, 0.875, 1.0, 0.375, 0.5, 0.25, 0.4375, 0.8125, 0.375, 0.8125, 0.5, 0.5, 0.25, 0.1875, 0.0, 0.3125, 1.0]
[TRAIN]: (53/1600): reward: -167.45589980483055, rates: 1.5441004247719545, loss: 4.867348945140838, rho: 0.53125, transmit_actions: 10, P: [0.6875, 0.4375, 0.25, 0.0625, 0.1875, 0.8125, 0.4375, 1.0, 0.5, 0.4375, 0.4375, 0.25, 0.9375, 0.1875, 0.4375, 0.625, 0.4375, 0.875, 0.25, 0.3125]
[TRAIN]: (54/1600): reward: -141.62313783168793, rates: 3.3768620207958846, loss: 4.430604767799378, rho: 0.39375, transmit_actions: 10, P: [0.25, 0.1875, 0.125, 0.1875, 0.4375, 0.1875, 0.5, 0.1875, 0.0, 0.0625, 0.8125, 0.3125, 0.1875, 0.75, 0.375, 0.6875, 0.4375, 0.5, 0.5625, 0.375]
[TRAIN]: (55/1600): reward: -128.61961925029755, rates: 2.380379758902407, loss: 4.335670828819275, rho: 0.4875, transmit_actions: 12, P: [0.4375, 0.0, 0.375, 0.5625, 0.125, 0.875, 0.0625, 0.9375, 0.1875, 0.6875, 0.5625, 1.0, 0.8125, 0.4375, 0.125, 0.3125, 0.9375, 0.75, 0.25, 0.75]
[TRAIN]: (56/1600): reward: -128.31484919786453, rates: 2.685150378262119, loss: 4.945958763360977, rho: 0.5875, transmit_actions: 11, P: [0.875, 0.375, 0.4375, 0.3125, 0.875, 0.1875, 0.0, 0.625, 0.25, 0.1875, 0.9375, 0.0625, 0.1875, 0.3125, 0.375, 1.0, 0.3125, 1.0, 0.0625, 0.625]
[TRAIN]: (57/1600): reward: -125.12497180700302, rates: 0.875028201409457, loss: 4.821725010871887, rho: 0.43125, transmit_actions: 13, P: [0.0625, 1.0, 0.125, 0.25, 0.25, 1.0, 0.25, 0.875, 0.625, 0.25, 0.1875, 0.9375, 0.3125, 0.625, 0.9375, 0.0, 0.5, 0.875, 0.4375, 0.6875]
[TRAIN]: (58/1600): reward: -121.20502862334251, rates: 2.7949707488049818, loss: 4.994485998153687, rho: 0.4375, transmit_actions: 11, P: [0.1875, 0.4375, 0.625, 0.8125, 0.625, 0.1875, 0.0, 0.1875, 1.0, 0.25, 0.8125, 0.1875, 0.0625, 0.0, 0.9375, 0.0625, 0.125, 0.375, 0.0625, 0.1875]
[TRAIN]: (59/1600): reward: -128.4509088397026, rates: 1.5490910547939514, loss: 4.556483513116836, rho: 0.51875, transmit_actions: 10, P: [1.0, 0.9375, 1.0, 0.1875, 0.125, 0.1875, 1.0, 0.25, 0.875, 0.375, 0.5, 0.125, 0.9375, 0.75, 0.8125, 0.75, 0.8125, 0.6875, 0.6875, 0.1875]
[TRAIN]: (60/1600): reward: -123.60473173856735, rates: 1.3952677622923797, loss: 5.009206318855286, rho: 0.5375, transmit_actions: 11, P: [0.5, 0.5, 0.9375, 0.5625, 0.1875, 0.9375, 0.125, 0.9375, 0.625, 0.4375, 0.5625, 0.9375, 0.9375, 0.75, 0.0, 0.75, 0.9375, 0.9375, 0.375, 0.5]
[TRAIN]: (61/1600): reward: -151.2357372045517, rates: 1.7642628079900184, loss: 4.810709983110428, rho: 0.475, transmit_actions: 9, P: [0.9375, 0.5625, 0.25, 0.125, 0.25, 0.875, 0.6875, 0.0, 0.1875, 0.125, 0.125, 1.0, 0.5625, 1.0, 0.5625, 0.0, 0.6875, 0.6875, 1.0, 0.4375]
[TRAIN]: (62/1600): reward: -126.4882312938571, rates: 1.5117693196578355, loss: 4.566437429189682, rho: 0.475, transmit_actions: 10, P: [0.375, 0.875, 0.0, 0.625, 0.375, 0.1875, 0.625, 0.1875, 0.5625, 0.0625, 0.0, 0.0, 0.4375, 0.9375, 0.125, 1.0, 0.8125, 0.0, 0.8125, 0.9375]
[TRAIN]: (63/1600): reward: -157.72421216964722, rates: 1.2757877980033445, loss: 4.730962097644806, rho: 0.5, transmit_actions: 12, P: [0.5625, 0.625, 0.875, 1.0, 1.0, 0.6875, 0.125, 0.375, 0.8125, 0.6875, 0.5625, 0.8125, 0.875, 0.9375, 0.8125, 0.5, 0.8125, 0.4375, 0.25, 0.1875]
[TRAIN]: (64/1600): reward: -115.76318341493607, rates: 3.2368161947105785, loss: 4.65417240858078, rho: 0.51875, transmit_actions: 13, P: [0.5625, 0.75, 0.5, 0.5, 0.4375, 0.5, 0.875, 0.8125, 0.9375, 0.8125, 0.875, 0.0625, 0.9375, 0.0, 0.6875, 0.125, 0.1875, 0.1875, 0.6875, 0.0625]
[TRAIN]: (65/1600): reward: -114.23913604021072, rates: 2.7608641001795364, loss: 5.12505179643631, rho: 0.45625, transmit_actions: 13, P: [0.9375, 0.3125, 0.6875, 1.0, 0.3125, 0.0625, 0.8125, 0.5625, 0.625, 0.375, 0.0, 0.3125, 1.0, 0.125, 0.125, 0.1875, 0.625, 0.25, 1.0, 0.25]
[TRAIN]: (66/1600): reward: -131.46615234017372, rates: 0.5338482319887837, loss: 5.262887001037598, rho: 0.48125, transmit_actions: 8, P: [0.75, 0.4375, 0.0, 0.0625, 0.875, 0.4375, 0.5, 0.6875, 0.625, 0.625, 0.5, 0.625, 0.75, 0.6875, 0.75, 0.0, 0.875, 0.0625, 0.6875, 0.9375]
[TRAIN]: (67/1600): reward: -139.79136183857918, rates: 2.20863819712504, loss: 5.151195538043976, rho: 0.55, transmit_actions: 12, P: [0.6875, 0.9375, 0.0, 0.5625, 0.125, 0.375, 0.25, 0.1875, 0.9375, 0.9375, 0.625, 0.1875, 0.8125, 0.8125, 0.75, 0.125, 0.625, 0.125, 0.8125, 0.1875]
[TRAIN]: (68/1600): reward: -134.74028396606445, rates: 1.2597156618899714, loss: 4.657109916210175, rho: 0.4, transmit_actions: 9, P: [0.125, 0.8125, 0.0625, 0.3125, 0.1875, 0.8125, 0.6875, 0.25, 0.125, 0.625, 0.5625, 0.0625, 0.75, 0.0, 0.375, 0.25, 0.25, 0.3125, 0.5625, 0.0625]
[TRAIN]: (69/1600): reward: -133.34229546785355, rates: 3.6577040991934826, loss: 4.382276713848114, rho: 0.4375, transmit_actions: 8, P: [0.3125, 0.4375, 0.8125, 0.25, 0.75, 0.1875, 0.125, 0.0625, 0.25, 0.75, 0.6875, 0.1875, 0.625, 0.875, 0.625, 0.8125, 0.875, 0.75, 0.0625, 0.1875]
[TRAIN]: (70/1600): reward: -139.62746620178223, rates: 3.372533187523431, loss: 4.535429775714874, rho: 0.56875, transmit_actions: 10, P: [0.9375, 0.0625, 0.9375, 0.5625, 0.0625, 0.6875, 0.5, 0.625, 0.75, 0.5, 0.25, 0.75, 0.0, 0.0625, 0.625, 0.8125, 0.125, 0.375, 0.4375, 0.0625]
[TRAIN]: (71/1600): reward: -96.68938198685646, rates: 3.310617887249223, loss: 4.681809914112091, rho: 0.48125, transmit_actions: 9, P: [0.6875, 0.375, 0.1875, 0.1875, 0.625, 0.6875, 0.0625, 0.6875, 0.9375, 0.5, 0.875, 0.8125, 0.6875, 0.5625, 0.8125, 0.25, 0.8125, 0.5625, 0.375, 0.9375]
[TRAIN]: (72/1600): reward: -151.3290982246399, rates: 0.6709020089049683, loss: 4.148708510398865, rho: 0.44375, transmit_actions: 11, P: [0.6875, 1.0, 0.4375, 0.3125, 0.75, 0.25, 0.6875, 0.5625, 0.25, 0.625, 0.9375, 0.6875, 0.5625, 1.0, 0.9375, 0.375, 0.4375, 0.1875, 0.5625, 0.375]
[TRAIN]: (73/1600): reward: -134.1564164161682, rates: 0.8435825178084644, loss: 4.473363924026489, rho: 0.45625, transmit_actions: 11, P: [1.0, 0.25, 0.9375, 0.875, 0.1875, 0.6875, 0.1875, 0.25, 0.4375, 0.0625, 0.8125, 0.0625, 0.25, 0.875, 0.375, 0.75, 0.375, 0.8125, 0.8125, 0.0]
[TRAIN]: (74/1600): reward: -146.8786540031433, rates: 1.1213460815448792, loss: 5.109055984020233, rho: 0.3875, transmit_actions: 7, P: [0.625, 0.9375, 0.1875, 0.5625, 0.375, 0.25, 0.875, 0.625, 0.625, 0.8125, 0.1875, 1.0, 0.3125, 0.4375, 0.25, 0.0625, 1.0, 1.0, 0.875, 0.375]
[TRAIN]: (75/1600): reward: -156.9838758111, rates: 1.0161237730004546, loss: 5.0965322852134705, rho: 0.50625, transmit_actions: 7, P: [0.9375, 0.4375, 0.8125, 0.1875, 0.6875, 0.25, 0.125, 0.4375, 0.875, 0.1875, 0.375, 0.4375, 0.1875, 0.4375, 0.625, 0.75, 0.8125, 0.5, 0.5, 0.1875]
[TRAIN]: (76/1600): reward: -154.02910256385803, rates: 1.9708979518758576, loss: 5.247820723056793, rho: 0.49375, transmit_actions: 10, P: [0.375, 0.5625, 0.625, 0.375, 1.0, 0.625, 0.375, 0.75, 0.9375, 0.375, 0.375, 0.5625, 0.125, 0.875, 0.9375, 0.0, 0.4375, 0.75, 0.6875, 0.8125]
[TRAIN]: (77/1600): reward: -119.5773606300354, rates: 1.422639410721936, loss: 4.718274092674255, rho: 0.4125, transmit_actions: 8, P: [0.375, 0.0625, 0.4375, 1.0, 0.9375, 0.9375, 1.0, 0.3125, 0.5625, 0.0, 0.9375, 0.875, 0.0, 0.25, 0.75, 0.0625, 0.5, 0.375, 0.5625, 0.75]
[TRAIN]: (78/1600): reward: -128.15350568294525, rates: 1.8464939926494024, loss: 3.8062805771827697, rho: 0.40625, transmit_actions: 9, P: [0.125, 0.5, 0.75, 0.125, 0.875, 0.125, 0.75, 0.0625, 0.875, 1.0, 0.4375, 0.375, 0.5, 0.25, 0.1875, 0.4375, 0.625, 0.875, 0.25, 0.5625]
[TRAIN]: (79/1600): reward: -129.7736413180828, rates: 2.226358597002808, loss: 4.7230286478996275, rho: 0.45625, transmit_actions: 11, P: [0.0, 0.625, 0.125, 0.9375, 0.3125, 0.625, 0.0625, 0.1875, 0.5, 0.25, 0.4375, 0.5625, 0.0, 0.875, 0.25, 0.4375, 0.5625, 0.8125, 0.625, 0.4375]
[TRAIN]: (80/1600): reward: -155.04530143737793, rates: 0.9546983884777664, loss: 4.3462824583053585, rho: 0.5625, transmit_actions: 10, P: [0.75, 0.875, 0.3125, 0.125, 0.6875, 0.75, 0.125, 0.0, 0.0, 0.0, 0.75, 0.8125, 0.3125, 0.0, 0.9375, 0.4375, 1.0, 0.0, 0.8125, 0.6875]
[TRAIN]: (81/1600): reward: -142.6760458946228, rates: 1.3239532291705562, loss: 4.518063855171204, rho: 0.50625, transmit_actions: 10, P: [0.5625, 0.4375, 0.625, 0.75, 0.125, 0.0625, 0.25, 0.9375, 0.5625, 0.8125, 0.6875, 0.0625, 1.0, 1.0, 0.8125, 1.0, 0.75, 0.625, 0.25, 0.8125]
[TRAIN]: (82/1600): reward: -132.67220601439476, rates: 2.3277933151808003, loss: 4.281887769699097, rho: 0.49375, transmit_actions: 12, P: [0.625, 0.3125, 0.75, 0.3125, 0.5, 0.9375, 0.0, 0.9375, 0.5625, 0.75, 0.75, 0.375, 0.375, 0.375, 0.1875, 0.3125, 0.125, 0.625, 0.3125, 0.9375]
[TRAIN]: (83/1600): reward: -129.34881023317575, rates: 3.6511904019617623, loss: 4.599997866153717, rho: 0.46875, transmit_actions: 8, P: [0.9375, 0.0625, 0.25, 0.75, 0.4375, 0.25, 0.375, 0.25, 0.5, 0.4375, 0.6875, 1.0, 0.25, 0.0, 0.1875, 0.1875, 0.0625, 0.6875, 0.875, 0.5625]
[TRAIN]: (84/1600): reward: -137.13886439800262, rates: 1.8611361138452833, loss: 5.0619583368301395, rho: 0.51875, transmit_actions: 9, P: [0.0625, 0.625, 0.75, 0.75, 0.4375, 0.6875, 0.875, 0.6875, 0.5625, 0.0625, 0.875, 0.5, 0.1875, 0.3125, 0.5625, 0.9375, 0.4375, 0.375, 0.5, 0.375]
[TRAIN]: (85/1600): reward: -175.99314223229885, rates: 1.0068575270975966, loss: 4.575710135698318, rho: 0.59375, transmit_actions: 13, P: [0.375, 0.75, 1.0, 0.9375, 0.375, 0.9375, 0.125, 0.875, 0.5625, 0.875, 1.0, 0.8125, 0.0625, 0.0, 0.375, 0.25, 0.6875, 0.5, 0.25, 0.9375]
[TRAIN]: (86/1600): reward: -138.84876891970634, rates: 2.1512312480826283, loss: 5.238285863399506, rho: 0.475, transmit_actions: 10, P: [0.25, 0.5, 0.0, 0.8125, 0.4375, 0.5625, 0.4375, 0.4375, 0.3125, 0.125, 0.125, 1.0, 0.3125, 0.25, 0.375, 0.4375, 0.9375, 0.25, 0.25, 0.1875]
[TRAIN]: (87/1600): reward: -147.95432138442993, rates: 1.0456792501254324, loss: 5.983134996891022, rho: 0.48125, transmit_actions: 9, P: [0.9375, 0.5625, 0.375, 0.625, 0.875, 0.1875, 0.1875, 0.9375, 0.125, 0.375, 0.25, 0.25, 0.75, 0.6875, 0.8125, 0.25, 0.875, 0.8125, 0.4375, 0.625]
[TRAIN]: (88/1600): reward: -150.2337653785944, rates: 1.7662347967868273, loss: 3.9890628933906553, rho: 0.55625, transmit_actions: 8, P: [0.125, 0.25, 0.25, 0.4375, 0.3125, 0.375, 0.5, 0.8125, 0.0625, 0.4375, 0.0625, 0.1875, 0.75, 0.75, 0.625, 0.0, 0.875, 0.5625, 0.1875, 0.375]
[TRAIN]: (89/1600): reward: -134.85622745752335, rates: 1.1437721877985236, loss: 4.700571686029434, rho: 0.46875, transmit_actions: 8, P: [0.6875, 0.8125, 0.625, 0.8125, 0.5625, 0.375, 0.6875, 0.375, 0.0625, 0.1875, 0.0625, 1.0, 1.0, 0.8125, 0.25, 0.875, 0.0, 0.0625, 0.5625, 0.0]
[TRAIN]: (90/1600): reward: -134.67649972438812, rates: 1.3235002522426755, loss: 4.7290737390518185, rho: 0.45625, transmit_actions: 8, P: [0.1875, 0.25, 0.6875, 0.25, 0.4375, 0.5625, 0.1875, 0.6875, 0.125, 0.6875, 0.5625, 0.3125, 0.0, 0.0, 0.4375, 0.0625, 0.8125, 0.0625, 0.875, 0.75]
[TRAIN]: (91/1600): reward: -161.18475437164307, rates: 0.8152457566164167, loss: 4.847031986713409, rho: 0.5125, transmit_actions: 8, P: [0.25, 0.875, 0.25, 0.8125, 0.8125, 0.1875, 0.25, 0.0, 0.375, 0.5, 0.4375, 0.625, 0.9375, 0.375, 0.9375, 0.9375, 0.5625, 0.5, 0.8125, 0.0]
[TRAIN]: (92/1600): reward: -131.59892356395721, rates: 1.4010766656888125, loss: 4.236373114585876, rho: 0.45625, transmit_actions: 9, P: [0.6875, 0.625, 0.3125, 0.8125, 0.125, 0.0625, 0.125, 0.375, 0.5, 0.8125, 0.75, 0.6875, 0.1875, 0.75, 0.375, 0.0, 0.6875, 0.75, 0.75, 0.75]
[TRAIN]: (93/1600): reward: -137.01699018478394, rates: 1.9830095307903217, loss: 5.522639572620392, rho: 0.525, transmit_actions: 8, P: [0.25, 0.125, 0.5, 0.0625, 0.375, 0.8125, 0.8125, 0.5, 0.6875, 0.25, 0.25, 0.8125, 0.9375, 0.3125, 0.125, 0.625, 0.625, 0.875, 0.1875, 0.25]
[TRAIN]: (94/1600): reward: -165.76011765003204, rates: 2.2398827074514287, loss: 5.02196958065033, rho: 0.525, transmit_actions: 10, P: [0.625, 0.4375, 0.3125, 0.5625, 0.4375, 0.3125, 0.0, 0.25, 0.9375, 0.375, 0.5, 0.75, 0.0625, 0.625, 0.6875, 0.125, 0.25, 0.375, 0.3125, 0.5]
[TRAIN]: (95/1600): reward: -154.29894671961665, rates: 1.7010531527067783, loss: 4.740629398822785, rho: 0.54375, transmit_actions: 7, P: [0.5625, 0.375, 0.25, 0.4375, 0.5, 0.0, 0.9375, 1.0, 0.625, 0.5625, 0.1875, 0.0, 0.0625, 0.6875, 0.1875, 0.875, 0.25, 1.0, 1.0, 0.25]
[TRAIN]: (96/1600): reward: -148.50936031341553, rates: 0.4906402550095258, loss: 4.896157503128052, rho: 0.56875, transmit_actions: 7, P: [0.25, 0.5625, 0.875, 0.375, 0.9375, 0.1875, 0.4375, 1.0, 0.625, 0.6875, 0.3125, 0.5, 0.8125, 0.6875, 0.875, 0.5625, 0.625, 0.25, 0.6875, 0.375]
[TRAIN]: (97/1600): reward: -132.40112495422363, rates: 0.5988748712411882, loss: 5.1800464510917665, rho: 0.4875, transmit_actions: 9, P: [0.875, 0.9375, 0.9375, 0.8125, 0.1875, 0.75, 0.9375, 0.9375, 0.625, 0.375, 0.375, 0.4375, 0.0, 0.125, 0.375, 0.625, 0.0, 0.6875, 0.625, 0.1875]
[TRAIN]: (98/1600): reward: -91.08951306343079, rates: 0.9104866221666145, loss: 4.764679050445556, rho: 0.29375, transmit_actions: 5, P: [0.75, 0.0, 0.125, 0.6875, 0.0625, 0.5625, 0.75, 0.3125, 0.9375, 0.875, 0.875, 0.375, 0.125, 0.75, 0.6875, 0.125, 1.0, 0.875, 0.875, 0.375]
[TRAIN]: (99/1600): reward: -144.3338026367128, rates: 1.6661972636938276, loss: 4.231058359146118, rho: 0.4875, transmit_actions: 8, P: [1.0, 1.0, 0.6875, 0.0, 0.0, 0.0625, 0.5625, 0.1875, 0.3125, 0.1875, 1.0, 0.8125, 0.0625, 0.125, 0.5625, 1.0, 0.1875, 0.9375, 0.875, 0.6875]
[TRAIN]: (100/1600): reward: -137.5117630660534, rates: 1.4882364793623073, loss: 4.531263452768326, rho: 0.48125, transmit_actions: 11, P: [0.6875, 0.5, 1.0, 0.9375, 0.3125, 0.0, 0.625, 0.875, 0.3125, 0.375, 0.4375, 0.3125, 0.375, 0.125, 0.25, 0.5625, 0.4375, 0.25, 0.8125, 0.6875]
[TRAIN]: (101/1600): reward: -153.40816846489906, rates: 1.5918317814647356, loss: 4.792161452770233, rho: 0.54375, transmit_actions: 7, P: [0.0625, 0.875, 0.1875, 0.375, 0.75, 0.6875, 0.3125, 0.625, 0.9375, 0.5, 0.9375, 0.8125, 0.5625, 0.6875, 0.75, 0.6875, 0.1875, 0.0625, 0.25, 0.5]
[TRAIN]: (102/1600): reward: -130.28943657130003, rates: 2.7105633827169386, loss: 4.844985294342041, rho: 0.4875, transmit_actions: 10, P: [0.125, 0.625, 0.5, 0.8125, 0.125, 0.125, 0.9375, 0.875, 0.875, 0.0, 0.0625, 0.0, 0.3125, 0.375, 0.4375, 0.625, 0.1875, 0.3125, 0.0, 0.75]
[TRAIN]: (103/1600): reward: -133.74143916368484, rates: 1.2585608878364152, loss: 4.36936194896698, rho: 0.41875, transmit_actions: 8, P: [0.8125, 0.25, 0.5, 0.125, 0.0, 0.75, 0.6875, 0.875, 0.0, 0.0, 0.5, 0.0625, 0.5625, 0.6875, 0.5, 0.6875, 0.4375, 0.0625, 0.1875, 0.8125]
[TRAIN]: (104/1600): reward: -174.9685697555542, rates: 0.03143015812373991, loss: 5.286734545230866, rho: 0.50625, transmit_actions: 9, P: [0.625, 0.875, 1.0, 0.875, 0.5, 0.375, 0.5625, 0.5, 0.4375, 0.4375, 0.0, 0.1875, 0.8125, 0.3125, 0.5625, 0.75, 1.0, 0.625, 1.0, 0.9375]
[TRAIN]: (105/1600): reward: -139.22426053881645, rates: 1.7757398172360621, loss: 5.179535579681397, rho: 0.575, transmit_actions: 7, P: [0.75, 0.625, 0.0, 0.5, 0.1875, 0.5, 0.5625, 0.125, 0.9375, 0.75, 0.1875, 0.9375, 0.1875, 0.3125, 0.875, 0.75, 0.125, 0.625, 0.625, 0.875]
[TRAIN]: (106/1600): reward: -166.88579559326172, rates: 0.11420403385041344, loss: 4.871990633010864, rho: 0.65, transmit_actions: 9, P: [0.5, 0.0, 0.75, 0.8125, 0.625, 0.625, 0.125, 0.1875, 0.5625, 0.125, 0.5, 0.5625, 0.8125, 0.6875, 0.5625, 0.625, 0.875, 0.4375, 1.0, 0.625]
[TRAIN]: (107/1600): reward: -123.59329515695572, rates: 1.4067051500363674, loss: 4.4118279159069065, rho: 0.46875, transmit_actions: 9, P: [0.5, 0.0625, 0.0, 0.125, 0.25, 0.0, 1.0, 0.1875, 0.875, 0.5, 0.75, 0.0, 0.8125, 0.75, 0.4375, 0.0, 0.3125, 0.125, 0.6875, 0.25]
[TRAIN]: (108/1600): reward: -133.28880700469017, rates: 2.7111926286678143, loss: 5.565829020738602, rho: 0.3875, transmit_actions: 11, P: [0.6875, 0.3125, 0.875, 0.6875, 0.0, 0.875, 0.0625, 0.375, 0.0, 0.9375, 0.5625, 0.125, 0.0625, 0.125, 0.75, 0.8125, 0.1875, 1.0, 0.625, 0.0]
[TRAIN]: (109/1600): reward: -135.896252065897, rates: 3.1037477978558843, loss: 4.771897602081299, rho: 0.53125, transmit_actions: 12, P: [0.625, 0.75, 0.0, 0.0625, 0.5, 0.5625, 0.4375, 0.9375, 0.4375, 0.0625, 0.625, 0.0625, 0.375, 0.4375, 0.125, 0.8125, 0.375, 0.75, 0.1875, 0.8125]
[TRAIN]: (110/1600): reward: -145.32428872585297, rates: 1.6757118185069746, loss: 5.150197732448578, rho: 0.575, transmit_actions: 10, P: [0.875, 0.5625, 0.5625, 0.9375, 0.25, 0.1875, 0.9375, 0.75, 0.875, 0.4375, 0.75, 1.0, 0.8125, 1.0, 0.9375, 0.1875, 0.3125, 0.125, 0.125, 0.3125]
[TRAIN]: (111/1600): reward: -163.84171676635742, rates: 1.1582838502426047, loss: 4.668747633695602, rho: 0.63125, transmit_actions: 11, P: [0.125, 0.3125, 0.625, 0.9375, 0.75, 0.375, 0.0, 0.6875, 0.5625, 0.3125, 0.625, 0.1875, 0.875, 0.625, 0.4375, 0.625, 0.375, 0.9375, 0.5625, 0.125]
[TRAIN]: (112/1600): reward: -145.33815297484398, rates: 1.6618472133142799, loss: 4.392500168085098, rho: 0.44375, transmit_actions: 7, P: [0.625, 0.4375, 0.5625, 0.5, 0.1875, 0.0625, 0.8125, 0.375, 0.0625, 0.4375, 0.8125, 0.75, 0.5625, 0.8125, 0.75, 0.75, 0.3125, 0.375, 1.0, 0.6875]
[TRAIN]: (113/1600): reward: -130.67944419384003, rates: 2.3205558786915996, loss: 4.447718197107315, rho: 0.475, transmit_actions: 7, P: [0.5625, 0.4375, 0.375, 0.9375, 0.5625, 0.875, 0.125, 0.625, 0.5, 1.0, 0.9375, 0.25, 0.75, 0.3125, 0.0625, 1.0, 0.0625, 0.75, 0.25, 0.8125]
[TRAIN]: (114/1600): reward: -152.0606838464737, rates: 1.9393162038633003, loss: 4.865951323509217, rho: 0.5875, transmit_actions: 10, P: [0.5, 0.25, 0.4375, 0.8125, 0.1875, 0.125, 1.0, 0.8125, 0.125, 0.375, 0.25, 0.375, 0.6875, 0.3125, 0.3125, 0.875, 0.3125, 0.1875, 0.4375, 0.875]
[TRAIN]: (115/1600): reward: -172.38650846481323, rates: 0.6134912406461355, loss: 4.959530889987946, rho: 0.54375, transmit_actions: 7, P: [1.0, 0.0, 0.375, 0.25, 0.4375, 0.5, 0.9375, 0.5, 0.9375, 0.0625, 0.375, 0.0, 0.5, 0.0625, 0.9375, 0.9375, 0.6875, 1.0, 0.6875, 0.9375]
[TRAIN]: (116/1600): reward: -136.18523317575455, rates: 2.814767018061366, loss: 5.61299666762352, rho: 0.55, transmit_actions: 11, P: [0.5, 0.875, 0.75, 0.4375, 0.875, 0.75, 0.25, 0.4375, 0.5, 0.1875, 0.125, 0.1875, 0.3125, 0.5, 0.125, 0.5625, 1.0, 0.5625, 0.625, 0.8125]
[TRAIN]: (117/1600): reward: -147.37337031960487, rates: 1.6266293807365373, loss: 4.957451725006104, rho: 0.5375, transmit_actions: 9, P: [0.1875, 0.125, 0.0625, 0.6875, 1.0, 0.3125, 0.8125, 0.625, 0.75, 0.0, 0.1875, 0.8125, 0.9375, 0.25, 0.625, 0.625, 0.125, 0.875, 0.0625, 0.875]
[TRAIN]: (118/1600): reward: -120.4671162366867, rates: 2.5328837731400053, loss: 4.176108914613724, rho: 0.45, transmit_actions: 13, P: [0.9375, 0.5, 0.875, 0.125, 0.625, 0.0, 0.1875, 1.0, 1.0, 0.4375, 1.0, 0.625, 0.75, 0.5625, 0.125, 0.125, 0.0625, 0.8125, 1.0, 0.625]
[TRAIN]: (119/1600): reward: -162.99152982234955, rates: 1.0084699769874477, loss: 5.192018437385559, rho: 0.56875, transmit_actions: 8, P: [0.625, 0.625, 0.625, 0.75, 0.9375, 0.8125, 0.3125, 0.875, 0.0, 0.125, 0.9375, 0.125, 0.6875, 0.125, 0.1875, 0.4375, 0.8125, 0.3125, 0.375, 0.0]
[TRAIN]: (120/1600): reward: -145.30496656894684, rates: 1.6950339147801985, loss: 4.374121743440628, rho: 0.575, transmit_actions: 11, P: [0.9375, 0.75, 0.5625, 0.125, 0.875, 0.0, 0.75, 0.3125, 0.0625, 0.6875, 0.8125, 0.125, 0.6875, 0.1875, 0.75, 1.0, 0.625, 1.0, 0.4375, 0.5625]
[TRAIN]: (121/1600): reward: -141.6589424610138, rates: 1.3410578618692577, loss: 4.904227828979492, rho: 0.41875, transmit_actions: 13, P: [0.125, 0.25, 0.125, 0.0, 0.6875, 0.5625, 0.9375, 0.1875, 0.6875, 0.9375, 0.8125, 0.25, 0.875, 0.8125, 0.875, 0.8125, 0.625, 0.4375, 0.6875, 0.9375]
[TRAIN]: (122/1600): reward: -142.52281621098518, rates: 1.4771839516173135, loss: 4.663228940963745, rho: 0.51875, transmit_actions: 14, P: [0.25, 0.625, 0.75, 0.125, 0.4375, 0.9375, 0.375, 0.0625, 0.9375, 0.8125, 0.3125, 0.1875, 0.0625, 0.5, 0.25, 0.9375, 0.9375, 0.125, 0.8125, 0.3125]
[TRAIN]: (123/1600): reward: -123.63413783162832, rates: 3.3658617999011913, loss: 4.8696560740470884, rho: 0.5875, transmit_actions: 10, P: [0.375, 0.5625, 0.5, 0.1875, 0.625, 0.625, 0.875, 0.0625, 0.125, 0.0, 0.8125, 0.4375, 0.25, 0.125, 0.25, 0.0625, 0.3125, 0.8125, 0.125, 0.5625]
[TRAIN]: (124/1600): reward: -146.9904142022133, rates: 3.0095855954113584, loss: 4.183328664302826, rho: 0.50625, transmit_actions: 10, P: [0.8125, 0.375, 0.625, 0.0, 0.875, 0.25, 0.3125, 0.125, 0.375, 1.0, 0.25, 0.125, 0.3125, 0.0, 0.8125, 0.25, 0.4375, 0.75, 0.3125, 0.75]
[TRAIN]: (125/1600): reward: -121.19205844402313, rates: 2.807941543391742, loss: 4.607293263077736, rho: 0.5125, transmit_actions: 13, P: [0.625, 0.6875, 0.8125, 0.3125, 0.6875, 0.875, 0.0, 1.0, 0.625, 0.875, 0.75, 0.6875, 0.0625, 0.625, 0.25, 0.8125, 0.0, 0.1875, 0.625, 0.3125]
[TRAIN]: (126/1600): reward: -145.01706051826477, rates: 0.9829392289125022, loss: 6.009779393672943, rho: 0.4875, transmit_actions: 11, P: [0.9375, 0.0, 0.1875, 0.4375, 0.875, 0.9375, 1.0, 1.0, 0.0, 0.25, 0.8125, 0.0, 0.5, 0.9375, 0.125, 0.6875, 0.875, 0.3125, 0.0, 0.125]
[TRAIN]: (127/1600): reward: -98.46473014354706, rates: 5.535270093510768, loss: 3.9201963782310485, rho: 0.475, transmit_actions: 14, P: [0.4375, 0.9375, 0.8125, 0.125, 0.125, 0.1875, 0.4375, 0.25, 0.6875, 0.4375, 0.875, 0.0625, 0.5, 0.0625, 0.25, 0.6875, 0.4375, 0.125, 0.3125, 0.4375]
[TRAIN]: (128/1600): reward: -134.97936302423477, rates: 2.020636954128402, loss: 5.236493217945099, rho: 0.45, transmit_actions: 10, P: [0.625, 0.0625, 0.9375, 0.375, 0.875, 0.0625, 0.0625, 0.75, 0.125, 0.125, 0.9375, 0.125, 0.6875, 0.4375, 0.125, 0.6875, 0.5, 0.3125, 0.625, 0.4375]
[TRAIN]: (129/1600): reward: -138.08004474639893, rates: 1.9199548641974415, loss: 5.382719993591309, rho: 0.45, transmit_actions: 10, P: [0.9375, 0.3125, 0.3125, 0.25, 0.625, 0.75, 0.875, 0.9375, 0.625, 0.125, 0.5625, 0.1875, 0.6875, 0.3125, 0.0625, 0.625, 0.25, 0.9375, 0.375, 0.9375]
[TRAIN]: (130/1600): reward: -118.62897053360939, rates: 1.3710289163350922, loss: 5.054733303189278, rho: 0.41875, transmit_actions: 11, P: [0.75, 0.625, 0.0625, 0.9375, 0.0, 0.625, 1.0, 0.375, 0.0625, 0.3125, 0.25, 0.375, 0.9375, 0.3125, 0.1875, 0.625, 0.25, 0.1875, 0.1875, 0.9375]
[TRAIN]: (131/1600): reward: -136.6536649465561, rates: 1.3463352793128789, loss: 4.491231966018677, rho: 0.4875, transmit_actions: 10, P: [0.875, 0.9375, 0.1875, 0.8125, 0.4375, 0.8125, 0.125, 1.0, 0.0625, 0.8125, 0.5, 0.5, 0.5625, 0.125, 1.0, 0.875, 0.375, 0.6875, 0.625, 0.1875]
[TRAIN]: (132/1600): reward: -165.7812361717224, rates: 0.21876438287081587, loss: 4.996582210063934, rho: 0.41875, transmit_actions: 13, P: [0.8125, 0.3125, 0.1875, 0.9375, 0.625, 0.875, 0.9375, 0.5625, 0.375, 0.125, 0.3125, 0.9375, 0.0, 1.0, 0.1875, 0.5625, 0.875, 0.8125, 0.5, 0.4375]
[TRAIN]: (133/1600): reward: -107.19903400540352, rates: 2.800966232011092, loss: 4.006429040431977, rho: 0.425, transmit_actions: 13, P: [0.3125, 0.0625, 1.0, 0.6875, 0.0, 0.0, 0.0, 0.8125, 0.625, 0.0625, 0.9375, 0.4375, 0.375, 0.1875, 0.4375, 0.25, 0.1875, 0.625, 0.375, 0.6875]
[TRAIN]: (134/1600): reward: -138.94172263145447, rates: 1.0582777212389907, loss: 4.479080128669739, rho: 0.5375, transmit_actions: 9, P: [0.3125, 0.8125, 0.0625, 0.25, 0.3125, 0.9375, 0.5625, 0.125, 0.0, 0.4375, 0.3125, 0.25, 0.3125, 0.125, 0.0, 1.0, 0.625, 0.0625, 0.625, 0.875]
[TRAIN]: (135/1600): reward: -92.1432276070118, rates: 3.8567717686131373, loss: 4.682871913909912, rho: 0.49375, transmit_actions: 12, P: [0.6875, 0.0, 0.5, 0.0, 0.75, 0.5625, 0.1875, 0.8125, 0.25, 0.625, 0.625, 0.0, 0.0, 0.0625, 0.25, 0.5625, 0.875, 0.375, 0.1875, 0.125]
[TRAIN]: (136/1600): reward: -124.34938991069794, rates: 2.6506098031164327, loss: 4.490369915962219, rho: 0.5, transmit_actions: 14, P: [0.9375, 0.375, 0.1875, 0.75, 0.0625, 0.9375, 0.375, 0.625, 0.875, 0.0625, 0.25, 0.5625, 0.6875, 0.3125, 0.625, 0.0, 0.625, 0.3125, 0.4375, 0.3125]
[TRAIN]: (137/1600): reward: -150.7230315208435, rates: 0.27696899183948953, loss: 4.5257752418518065, rho: 0.48125, transmit_actions: 9, P: [0.125, 0.4375, 0.8125, 0.125, 0.5625, 0.5, 0.25, 0.125, 0.8125, 0.0, 0.9375, 1.0, 0.75, 0.5625, 0.4375, 0.0625, 0.375, 0.75, 0.0, 0.5625]
[TRAIN]: (138/1600): reward: -135.1817790567875, rates: 0.8182208218079716, loss: 4.313401716947555, rho: 0.43125, transmit_actions: 10, P: [0.0625, 0.5, 0.8125, 0.25, 1.0, 0.3125, 0.25, 0.875, 0.1875, 0.25, 0.0, 0.375, 1.0, 0.75, 0.125, 1.0, 0.875, 0.4375, 0.4375, 0.875]
[TRAIN]: (139/1600): reward: -133.04097366333008, rates: 0.9590264256969532, loss: 4.426999175548554, rho: 0.50625, transmit_actions: 8, P: [0.8125, 0.0625, 0.6875, 0.3125, 0.5, 0.125, 1.0, 0.1875, 0.3125, 0.875, 0.5, 0.3125, 0.0, 0.8125, 0.125, 0.9375, 0.4375, 0.8125, 0.6875, 0.75]
[TRAIN]: (140/1600): reward: -152.6182360649109, rates: 0.38176404130672803, loss: 4.379822671413422, rho: 0.51875, transmit_actions: 8, P: [0.3125, 0.4375, 0.375, 0.0625, 0.25, 0.375, 1.0, 0.75, 0.5625, 0.8125, 0.3125, 0.5, 0.1875, 0.0, 0.9375, 0.5, 0.6875, 0.75, 0.9375, 1.0]
[TRAIN]: (141/1600): reward: -155.70586156845093, rates: 0.2941388479153473, loss: 5.070591819286347, rho: 0.4875, transmit_actions: 14, P: [0.375, 0.8125, 0.8125, 0.6875, 0.5625, 0.625, 0.375, 0.3125, 0.5625, 0.125, 0.0, 0.4375, 0.4375, 0.625, 0.5, 0.375, 0.875, 0.4375, 0.0, 0.875]
[TRAIN]: (142/1600): reward: -125.21714586019516, rates: 2.782854196728016, loss: 4.806743097305298, rho: 0.55, transmit_actions: 14, P: [0.6875, 0.9375, 1.0, 0.8125, 0.75, 0.25, 0.9375, 0.9375, 0.0, 0.3125, 0.6875, 0.0625, 0.1875, 0.3125, 0.375, 0.3125, 0.375, 0.0625, 0.8125, 0.0625]
[TRAIN]: (143/1600): reward: -116.47348508238792, rates: 1.5265149318805449, loss: 4.316496962308884, rho: 0.5, transmit_actions: 8, P: [0.25, 0.5, 0.0625, 0.5, 0.375, 0.875, 0.1875, 0.0, 0.375, 0.9375, 0.375, 0.3125, 0.0, 0.9375, 0.875, 0.125, 0.125, 1.0, 0.8125, 0.5]
[TRAIN]: (144/1600): reward: -148.8819727897644, rates: 2.11802729724536, loss: 4.862273073196411, rho: 0.38125, transmit_actions: 8, P: [0.375, 0.125, 0.5625, 0.3125, 0.4375, 0.8125, 0.875, 0.1875, 0.125, 0.125, 0.1875, 0.4375, 0.125, 0.0, 0.75, 0.875, 0.5, 0.8125, 0.3125, 0.625]
[TRAIN]: (145/1600): reward: -141.34259444475174, rates: 2.6574057922781984, loss: 4.1126422643661495, rho: 0.58125, transmit_actions: 11, P: [0.3125, 0.5, 0.6875, 0.75, 0.75, 0.25, 0.1875, 0.5, 0.6875, 0.0, 0.8125, 0.5, 0.8125, 0.75, 1.0, 0.1875, 0.4375, 0.125, 0.875, 0.125]
[TRAIN]: (146/1600): reward: -160.70192527770996, rates: 0.29807588097661947, loss: 4.825670605897903, rho: 0.48125, transmit_actions: 12, P: [0.625, 0.8125, 0.75, 0.1875, 0.0, 0.0, 0.5625, 0.0625, 0.4375, 0.625, 0.3125, 0.5625, 0.6875, 0.75, 0.9375, 0.5625, 1.0, 0.6875, 1.0, 0.5]
[TRAIN]: (147/1600): reward: -121.80887188017368, rates: 2.191128075098491, loss: 4.302710920572281, rho: 0.4875, transmit_actions: 9, P: [0.375, 0.1875, 0.375, 0.9375, 0.125, 0.6875, 0.9375, 0.6875, 0.375, 0.9375, 0.1875, 0.5625, 0.75, 0.0625, 0.3125, 0.6875, 0.5625, 0.1875, 0.125, 0.25]
[TRAIN]: (148/1600): reward: -161.21524079144, rates: 1.7847595324779986, loss: 4.2563917398452755, rho: 0.4625, transmit_actions: 11, P: [0.125, 0.4375, 0.3125, 0.3125, 0.0, 0.8125, 0.4375, 0.375, 0.3125, 0.375, 1.0, 0.4375, 0.875, 0.8125, 0.125, 0.4375, 0.9375, 0.625, 0.4375, 0.375]
[TRAIN]: (149/1600): reward: -139.17302051186562, rates: 0.82697932917007, loss: 4.403592205047607, rho: 0.4875, transmit_actions: 11, P: [0.125, 0.125, 0.5625, 0.75, 0.6875, 0.1875, 0.9375, 0.6875, 0.0, 1.0, 0.375, 0.9375, 0.875, 0.9375, 0.5, 0.375, 0.6875, 0.75, 0.6875, 0.5625]
[TRAIN]: (150/1600): reward: -153.3944182395935, rates: 0.6055817375474238, loss: 3.8620461225509644, rho: 0.5375, transmit_actions: 4, P: [0.9375, 0.375, 0.9375, 0.4375, 0.5625, 0.375, 0.6875, 0.25, 0.625, 0.8125, 0.6875, 0.9375, 0.4375, 0.9375, 0.5625, 0.0, 0.5625, 0.5625, 0.625, 0.3125]
[TRAIN]: (151/1600): reward: -158.80041790008545, rates: 1.199581678746698, loss: 5.261800235509872, rho: 0.44375, transmit_actions: 11, P: [0.1875, 0.0625, 0.375, 0.5625, 0.75, 0.125, 0.3125, 1.0, 0.6875, 0.875, 0.6875, 1.0, 0.0, 0.3125, 0.0, 1.0, 0.5625, 0.125, 0.5625, 0.5]
[TRAIN]: (152/1600): reward: -134.1867152452469, rates: 2.813284587602789, loss: 4.087044131755829, rho: 0.5, transmit_actions: 7, P: [0.5, 0.375, 0.5625, 0.5625, 0.5, 0.375, 0.1875, 0.375, 0.9375, 0.875, 0.75, 0.875, 0.0625, 0.3125, 0.375, 0.6875, 0.9375, 0.25, 0.0625, 0.4375]
[TRAIN]: (153/1600): reward: -149.9191222190857, rates: 1.0808773023308236, loss: 4.60693256855011, rho: 0.4125, transmit_actions: 12, P: [0.375, 0.0, 0.5, 0.125, 0.4375, 0.5625, 0.625, 0.625, 0.3125, 0.3125, 0.9375, 0.8125, 0.875, 0.75, 0.875, 0.6875, 1.0, 0.4375, 0.9375, 0.75]
[TRAIN]: (154/1600): reward: -154.1632056236267, rates: 1.836794133617376, loss: 4.7525279998779295, rho: 0.5125, transmit_actions: 7, P: [0.5, 0.3125, 0.0, 0.5, 0.3125, 0.9375, 0.9375, 0.5625, 0.5, 0.1875, 0.75, 0.25, 0.25, 0.8125, 0.625, 0.6875, 0.375, 0.25, 0.375, 0.4375]
[TRAIN]: (155/1600): reward: -149.67673063278198, rates: 0.3232695283262951, loss: 4.549394989013672, rho: 0.4875, transmit_actions: 8, P: [0.75, 0.9375, 0.8125, 0.25, 0.75, 0.6875, 0.3125, 0.9375, 0.4375, 0.5625, 0.3125, 0.625, 0.875, 0.0, 0.25, 0.4375, 0.75, 0.9375, 0.8125, 0.8125]
[TRAIN]: (156/1600): reward: -145.23281979886815, rates: 2.767180136232897, loss: 5.413183617591858, rho: 0.53125, transmit_actions: 10, P: [0.25, 0.0, 0.4375, 0.375, 0.875, 0.4375, 0.5625, 0.1875, 0.75, 0.0625, 0.25, 0.125, 0.875, 0.1875, 0.5, 0.0625, 0.1875, 0.3125, 0.375, 0.125]
[TRAIN]: (157/1600): reward: -144.29475808143616, rates: 1.705240678636833, loss: 4.141932260990143, rho: 0.44375, transmit_actions: 12, P: [0.5, 0.0625, 0.375, 0.625, 0.1875, 0.0625, 0.875, 0.75, 0.125, 0.5625, 0.75, 0.9375, 0.6875, 0.625, 0.3125, 0.8125, 0.3125, 0.8125, 0.25, 0.25]
[TRAIN]: (158/1600): reward: -133.29120540618896, rates: 1.7087947411418054, loss: 4.1767199516296385, rho: 0.475, transmit_actions: 11, P: [0.25, 0.25, 0.0, 0.0625, 0.6875, 0.9375, 0.0625, 0.0, 0.625, 0.9375, 0.25, 0.625, 0.5, 0.4375, 0.5625, 0.9375, 0.9375, 0.0625, 0.1875, 0.625]
[TRAIN]: (159/1600): reward: -127.42325466871262, rates: 2.5767457228683113, loss: 3.7460076451301574, rho: 0.53125, transmit_actions: 13, P: [0.3125, 1.0, 0.875, 0.5, 0.875, 0.125, 0.25, 0.5, 0.3125, 0.3125, 0.5, 0.5625, 0.25, 0.5, 0.875, 0.6875, 0.3125, 0.125, 0.8125, 0.0]
[TRAIN]: (160/1600): reward: -158.43182063102722, rates: 1.5681792257585614, loss: 4.227310192584992, rho: 0.51875, transmit_actions: 8, P: [0.0, 0.8125, 0.1875, 0.875, 0.0625, 0.1875, 0.3125, 0.0, 0.1875, 0.9375, 0.4375, 0.4375, 0.0625, 0.9375, 1.0, 0.6875, 0.0, 0.3125, 0.25, 0.0]
[TRAIN]: (161/1600): reward: -156.52283323556185, rates: 1.4771672148617696, loss: 4.725637078285217, rho: 0.59375, transmit_actions: 12, P: [0.125, 0.6875, 0.5, 0.5625, 0.625, 0.5625, 0.25, 0.9375, 0.75, 0.0625, 0.8125, 0.125, 0.8125, 0.625, 0.75, 0.25, 0.6875, 0.6875, 0.3125, 0.25]
[TRAIN]: (162/1600): reward: -142.85488271713257, rates: 2.1451166406452167, loss: 4.6618098497390745, rho: 0.48125, transmit_actions: 10, P: [0.9375, 0.0625, 1.0, 0.75, 0.4375, 0.375, 0.0, 0.75, 0.875, 0.3125, 0.3125, 0.5625, 0.3125, 0.625, 0.625, 0.875, 0.8125, 0.0625, 0.3125, 0.0625]
[TRAIN]: (163/1600): reward: -144.7342967391014, rates: 2.2657034502021003, loss: 4.381988972425461, rho: 0.51875, transmit_actions: 12, P: [0.5, 0.9375, 0.0625, 0.25, 0.0, 0.75, 0.8125, 0.0625, 0.0, 0.5, 0.75, 0.375, 0.0625, 0.875, 0.1875, 0.75, 0.875, 0.5, 0.9375, 0.375]
[TRAIN]: (164/1600): reward: -129.4460634291172, rates: 1.5539359453238837, loss: 4.3326877653598785, rho: 0.36875, transmit_actions: 12, P: [0.75, 0.0, 0.375, 0.8125, 0.4375, 0.1875, 0.4375, 0.375, 0.625, 0.375, 0.1875, 0.5, 0.5, 0.75, 0.125, 0.75, 0.6875, 0.75, 0.75, 1.0]
[TRAIN]: (165/1600): reward: -148.93517036736012, rates: 1.064829068525064, loss: 4.303267288208008, rho: 0.5625, transmit_actions: 13, P: [0.375, 0.3125, 0.5625, 0.0, 0.8125, 0.5625, 0.625, 0.1875, 0.8125, 0.0625, 0.3125, 0.125, 0.125, 1.0, 0.4375, 0.9375, 0.1875, 0.5625, 0.375, 1.0]
[TRAIN]: (166/1600): reward: -131.2404774427414, rates: 3.7595219823340322, loss: 4.1471432745456696, rho: 0.49375, transmit_actions: 11, P: [0.75, 0.5, 0.8125, 0.0625, 0.25, 0.625, 0.6875, 0.6875, 0.5625, 0.625, 0.625, 0.5625, 0.8125, 0.8125, 0.1875, 0.1875, 0.125, 0.375, 0.375, 0.0]
[TRAIN]: (167/1600): reward: -114.17549914121628, rates: 2.8245006054178603, loss: 4.34458601474762, rho: 0.58125, transmit_actions: 13, P: [0.5, 0.3125, 0.0, 0.625, 1.0, 0.625, 0.5625, 0.0, 0.375, 0.5, 0.25, 0.625, 0.0625, 0.8125, 0.0625, 0.125, 0.375, 0.4375, 0.0625, 0.375]
[TRAIN]: (168/1600): reward: -111.3117789849639, rates: 3.6882209178565826, loss: 4.994656121730804, rho: 0.475, transmit_actions: 9, P: [0.0, 0.5625, 0.375, 0.4375, 0.125, 0.5625, 0.0625, 0.875, 0.875, 0.125, 0.1875, 0.25, 0.625, 0.125, 0.125, 0.4375, 0.9375, 0.25, 0.5625, 0.375]
[TRAIN]: (169/1600): reward: -152.5713470801711, rates: 0.4286525319150867, loss: 4.484393230080604, rho: 0.50625, transmit_actions: 9, P: [0.5, 0.6875, 0.875, 0.5625, 0.5625, 0.125, 0.0625, 0.5625, 0.0625, 0.625, 1.0, 0.125, 0.625, 0.3125, 0.9375, 0.9375, 0.5, 0.3125, 0.875, 0.6875]
[TRAIN]: (170/1600): reward: -167.2793412208557, rates: 0.7206593926686594, loss: 3.892950800061226, rho: 0.65, transmit_actions: 12, P: [0.25, 0.5625, 0.0, 0.5625, 0.8125, 0.1875, 0.6875, 0.6875, 0.0625, 0.9375, 0.375, 0.3125, 0.25, 0.3125, 0.1875, 0.375, 0.375, 0.1875, 0.25, 0.625]
[TRAIN]: (171/1600): reward: -146.46929343044758, rates: 0.5307067406550393, loss: 4.100413811206818, rho: 0.575, transmit_actions: 8, P: [0.8125, 0.75, 0.625, 0.5625, 0.6875, 0.0, 0.8125, 1.0, 0.8125, 0.0625, 0.625, 0.6875, 0.6875, 0.125, 0.0, 0.1875, 0.75, 0.25, 0.375, 0.75]
[TRAIN]: (172/1600): reward: -132.99278354644775, rates: 3.007217381754245, loss: 3.604363375902176, rho: 0.46875, transmit_actions: 14, P: [0.1875, 0.375, 0.25, 0.875, 0.4375, 0.5625, 0.3125, 1.0, 0.375, 0.9375, 0.9375, 0.1875, 0.4375, 0.25, 0.3125, 0.1875, 0.625, 0.625, 0.0, 1.0]
[TRAIN]: (173/1600): reward: -102.21521472930908, rates: 0.7847852123616196, loss: 4.181907898187637, rho: 0.45625, transmit_actions: 7, P: [0.8125, 0.8125, 1.0, 0.0, 0.875, 0.75, 0.75, 0.75, 0.25, 1.0, 0.0, 0.875, 0.6875, 0.5, 0.0, 0.375, 0.0, 0.75, 0.3125, 0.75]
[TRAIN]: (174/1600): reward: -166.2027000784874, rates: 1.7972995239469989, loss: 4.272374939918518, rho: 0.53125, transmit_actions: 8, P: [0.375, 0.5, 0.1875, 0.125, 0.1875, 0.125, 0.375, 0.3125, 0.375, 0.125, 0.3125, 0.1875, 0.875, 0.125, 0.9375, 0.5, 0.3125, 0.3125, 0.5, 0.0]
[TRAIN]: (175/1600): reward: -169.10912376642227, rates: 0.8908761915517148, loss: 4.79396094083786, rho: 0.49375, transmit_actions: 8, P: [0.8125, 0.3125, 0.75, 0.9375, 0.75, 0.375, 0.75, 0.25, 0.375, 0.0625, 0.375, 0.0, 0.375, 1.0, 0.0625, 0.8125, 0.4375, 0.9375, 0.1875, 0.0]
[TRAIN]: (176/1600): reward: -106.6796783208847, rates: 2.320321357503622, loss: 4.105119186639786, rho: 0.51875, transmit_actions: 13, P: [0.4375, 0.3125, 0.25, 0.125, 0.75, 0.75, 0.625, 0.25, 0.375, 0.3125, 0.1875, 0.375, 0.8125, 0.25, 0.9375, 0.5, 0.4375, 0.125, 0.0625, 1.0]
[TRAIN]: (177/1600): reward: -146.02653449773788, rates: 1.9734658481102414, loss: 4.226514756679535, rho: 0.48125, transmit_actions: 9, P: [0.1875, 0.625, 0.9375, 0.3125, 0.875, 0.375, 1.0, 0.875, 0.5625, 0.1875, 0.75, 0.9375, 0.3125, 0.5625, 0.625, 0.75, 1.0, 0.8125, 0.5, 0.75]
[TRAIN]: (178/1600): reward: -148.02083513140678, rates: 0.9791647270663636, loss: 3.7951372444629667, rho: 0.46875, transmit_actions: 8, P: [0.75, 0.375, 0.125, 0.5, 0.125, 0.375, 0.875, 0.6875, 0.8125, 0.8125, 0.75, 1.0, 0.75, 0.0625, 0.1875, 0.8125, 0.125, 0.6875, 0.75, 0.625]
[TRAIN]: (179/1600): reward: -150.69012054800987, rates: 1.3098796285955112, loss: 3.588702255487442, rho: 0.56875, transmit_actions: 10, P: [0.4375, 0.375, 0.5625, 0.0625, 0.625, 0.875, 0.875, 0.375, 0.8125, 0.625, 0.75, 0.375, 0.25, 0.6875, 0.375, 0.3125, 0.0625, 0.3125, 0.25, 0.75]
[TRAIN]: (180/1600): reward: -152.21368116140366, rates: 1.7863186874717771, loss: 4.180009186267853, rho: 0.60625, transmit_actions: 11, P: [0.125, 0.8125, 0.1875, 1.0, 0.3125, 0.4375, 0.9375, 0.5625, 0.4375, 0.5, 0.4375, 0.0, 0.6875, 0.6875, 0.9375, 0.375, 0.9375, 0.5625, 0.25, 0.3125]
[TRAIN]: (181/1600): reward: -160.26062548160553, rates: 0.7393741143776504, loss: 3.933674466609955, rho: 0.6125, transmit_actions: 10, P: [0.625, 0.9375, 0.625, 0.25, 0.25, 0.5, 0.9375, 0.1875, 0.25, 0.6875, 0.5, 0.6875, 0.9375, 0.4375, 0.9375, 0.6875, 0.5625, 0.6875, 0.25, 0.625]
[TRAIN]: (182/1600): reward: -156.24952507019043, rates: 0.7504752274058594, loss: 3.7765861332416533, rho: 0.45, transmit_actions: 12, P: [1.0, 0.875, 0.375, 0.0, 0.5625, 0.25, 0.4375, 0.8125, 1.0, 0.0, 0.4375, 1.0, 0.3125, 0.8125, 0.875, 0.8125, 0.6875, 0.0625, 0.4375, 0.5625]
[TRAIN]: (183/1600): reward: -141.82250046730042, rates: 1.1774997316063696, loss: 4.468498009443283, rho: 0.49375, transmit_actions: 10, P: [0.25, 0.8125, 0.6875, 0.8125, 0.1875, 0.75, 0.9375, 0.125, 0.4375, 0.5625, 0.1875, 0.5625, 0.5, 0.5625, 1.0, 1.0, 0.3125, 0.125, 0.0625, 0.875]
[TRAIN]: (184/1600): reward: -133.23295933008194, rates: 2.767040493086427, loss: 4.270934522151947, rho: 0.41875, transmit_actions: 13, P: [0.1875, 0.125, 0.25, 0.0625, 1.0, 0.4375, 0.1875, 0.25, 0.25, 0.1875, 0.9375, 0.625, 0.5, 0.5, 1.0, 0.625, 0.5625, 0.875, 0.25, 0.1875]
[TRAIN]: (185/1600): reward: -107.02124834060669, rates: 0.978752179425104, loss: 4.054281538724899, rho: 0.49375, transmit_actions: 13, P: [0.9375, 1.0, 0.875, 0.875, 0.625, 0.5, 0.25, 0.0, 0.4375, 0.75, 0.875, 1.0, 1.0, 0.6875, 0.4375, 0.6875, 0.375, 0.0, 0.0, 0.875]
[TRAIN]: (186/1600): reward: -151.0428557395935, rates: 1.9571440996599563, loss: 3.9163195312023165, rho: 0.475, transmit_actions: 9, P: [0.1875, 0.9375, 0.25, 0.5, 0.625, 0.3125, 0.25, 0.4375, 0.125, 0.25, 0.6875, 1.0, 0.5625, 0.25, 0.3125, 0.8125, 0.1875, 0.0, 0.5625, 0.1875]
[TRAIN]: (187/1600): reward: -153.6028858423233, rates: 1.397114439566958, loss: 4.714261513948441, rho: 0.51875, transmit_actions: 7, P: [0.75, 1.0, 0.25, 0.8125, 0.5, 0.25, 0.8125, 0.375, 1.0, 0.1875, 0.5, 0.0625, 0.625, 0.5625, 0.625, 0.1875, 0.3125, 0.5, 0.9375, 0.0625]
[TRAIN]: (188/1600): reward: -164.203125, rates: 0.7968749932968394, loss: 4.748407018184662, rho: 0.46875, transmit_actions: 6, P: [0.3125, 0.875, 0.125, 0.125, 0.5625, 0.6875, 0.125, 0.375, 0.8125, 0.6875, 0.6875, 0.1875, 0.75, 0.0, 0.0625, 0.0625, 0.9375, 0.5625, 0.5, 0.0625]
[TRAIN]: (189/1600): reward: -153.42577409744263, rates: 1.5742254966138025, loss: 4.630740129947663, rho: 0.4625, transmit_actions: 12, P: [0.5625, 0.6875, 0.6875, 0.875, 0.25, 0.5, 0.0, 0.0625, 0.3125, 0.125, 0.625, 0.4375, 0.4375, 0.9375, 0.6875, 0.3125, 0.5, 0.4375, 0.5625, 0.75]
[TRAIN]: (190/1600): reward: -149.87815046310425, rates: 0.121849271358351, loss: 3.7957401156425474, rho: 0.45625, transmit_actions: 7, P: [0.125, 0.9375, 0.9375, 0.3125, 0.9375, 0.625, 0.875, 0.75, 0.4375, 0.5, 0.625, 0.6875, 0.5, 0.875, 0.9375, 0.125, 0.0, 0.9375, 0.5625, 0.0625]
[TRAIN]: (191/1600): reward: -138.81899166107178, rates: 2.181008313565734, loss: 3.844244545698166, rho: 0.4875, transmit_actions: 11, P: [0.1875, 0.0625, 0.75, 0.25, 1.0, 0.3125, 0.625, 0.8125, 0.625, 0.5, 0.3125, 0.25, 0.375, 0.1875, 0.875, 0.8125, 0.0625, 0.8125, 0.4375, 0.8125]
[TRAIN]: (192/1600): reward: -163.1674861907959, rates: 2.8325140513753717, loss: 3.138018986582756, rho: 0.50625, transmit_actions: 16, P: [0.875, 0.25, 0.75, 0.6875, 0.6875, 0.875, 0.375, 0.375, 0.8125, 0.1875, 0.9375, 0.9375, 0.0625, 0.375, 0.125, 0.0625, 0.125, 0.5625, 0.75, 0.75]
[TRAIN]: (193/1600): reward: -134.8770072311163, rates: 2.122992779521734, loss: 4.024845230579376, rho: 0.525, transmit_actions: 12, P: [0.625, 0.3125, 0.4375, 0.125, 0.8125, 0.625, 1.0, 0.8125, 0.3125, 0.125, 0.9375, 0.6875, 0.125, 0.375, 0.625, 0.5625, 0.375, 0.1875, 0.25, 0.5625]
[TRAIN]: (194/1600): reward: -175.71681261062622, rates: 0.2831870050646378, loss: 4.493557631969452, rho: 0.50625, transmit_actions: 13, P: [1.0, 0.125, 0.875, 0.3125, 0.6875, 0.875, 0.0, 0.0, 0.5625, 0.875, 0.75, 0.4375, 0.4375, 0.6875, 0.0625, 1.0, 0.6875, 0.8125, 0.75, 0.8125]
[TRAIN]: (195/1600): reward: -144.87202429771423, rates: 0.12797557180312016, loss: 4.170531642436981, rho: 0.4125, transmit_actions: 6, P: [0.0625, 1.0, 0.6875, 0.5, 0.375, 0.8125, 0.0, 0.75, 0.3125, 0.9375, 0.5625, 0.625, 0.75, 0.75, 0.4375, 0.4375, 0.125, 0.625, 0.875, 0.0]
[TRAIN]: (196/1600): reward: -172.27604487538338, rates: 0.7239553028950724, loss: 3.483955842256546, rho: 0.5875, transmit_actions: 7, P: [0.875, 0.125, 0.125, 0.25, 0.0625, 0.25, 0.1875, 0.3125, 0.9375, 0.875, 0.6875, 0.0, 0.3125, 0.4375, 0.5625, 0.5625, 0.375, 0.5, 0.625, 0.1875]
[TRAIN]: (197/1600): reward: -110.56364065408707, rates: 4.436358940167385, loss: 3.5063129484653475, rho: 0.475, transmit_actions: 11, P: [0.5625, 0.375, 0.3125, 0.125, 0.875, 0.625, 0.875, 0.6875, 0.3125, 0.625, 0.1875, 0.0, 0.8125, 0.25, 0.0, 0.875, 0.1875, 0.5625, 0.9375, 0.125]
[TRAIN]: (198/1600): reward: -120.47004833817482, rates: 1.529951413027898, loss: 4.407279044389725, rho: 0.51875, transmit_actions: 11, P: [0.875, 0.0625, 0.5625, 0.25, 0.75, 0.6875, 0.375, 0.125, 0.5625, 0.25, 0.125, 0.125, 0.0, 0.0, 1.0, 0.75, 0.375, 0.9375, 0.6875, 0.125]
[TRAIN]: (199/1600): reward: -134.66499009728432, rates: 1.3350093713042752, loss: 4.130937469005585, rho: 0.45, transmit_actions: 11, P: [0.625, 0.3125, 0.9375, 0.5625, 0.5625, 0.875, 0.625, 0.375, 0.4375, 0.1875, 0.8125, 0.0625, 0.75, 0.4375, 1.0, 1.0, 0.375, 0.75, 0.375, 0.875]
[TRAIN]: (200/1600): reward: -134.7825894355774, rates: 2.217410612985136, loss: 4.04042797088623, rho: 0.4625, transmit_actions: 10, P: [0.4375, 0.8125, 0.3125, 0.125, 0.25, 0.5, 0.375, 0.9375, 0.625, 0.0625, 0.4375, 0.75, 0.9375, 0.875, 0.75, 0.125, 0.5, 0.4375, 0.125, 0.0]
[TRAIN]: (201/1600): reward: -132.56511914730072, rates: 1.4348804972109086, loss: 4.892568588256836, rho: 0.50625, transmit_actions: 10, P: [0.0, 0.0, 0.125, 0.375, 0.75, 0.9375, 1.0, 0.9375, 0.6875, 0.4375, 0.0625, 0.25, 0.125, 0.875, 0.625, 0.25, 0.8125, 0.5625, 0.0625, 0.625]
[TRAIN]: (202/1600): reward: -142.07227492332458, rates: 1.9277247865595633, loss: 3.8532018601894378, rho: 0.53125, transmit_actions: 12, P: [0.75, 0.25, 0.75, 0.25, 0.375, 0.8125, 0.8125, 0.5, 0.4375, 0.375, 0.4375, 0.8125, 0.6875, 0.375, 0.3125, 0.875, 0.5625, 0.625, 0.625, 0.0]
[TRAIN]: (203/1600): reward: -103.80690735578537, rates: 2.1930931961569065, loss: 4.159753668308258, rho: 0.5125, transmit_actions: 12, P: [0.5, 0.125, 0.6875, 1.0, 0.6875, 0.3125, 0.8125, 0.625, 0.4375, 0.125, 0.0, 0.0, 0.375, 0.9375, 0.875, 0.25, 0.6875, 0.125, 0.75, 1.0]
[TRAIN]: (204/1600): reward: -133.0440152734518, rates: 0.9559845981422583, loss: 4.184563291072846, rho: 0.5, transmit_actions: 8, P: [0.9375, 0.875, 0.25, 0.8125, 1.0, 0.375, 0.625, 0.25, 0.125, 0.9375, 0.0625, 0.3125, 0.875, 0.6875, 0.8125, 0.1875, 0.0625, 0.75, 0.1875, 0.9375]
[TRAIN]: (205/1600): reward: -153.19172197580338, rates: 1.8082771753930866, loss: 4.309543585777282, rho: 0.50625, transmit_actions: 11, P: [0.125, 0.3125, 0.9375, 0.0625, 0.5625, 0.6875, 0.9375, 1.0, 0.75, 0.75, 0.0, 0.375, 0.6875, 0.625, 0.25, 0.125, 0.8125, 0.1875, 0.0625, 0.0625]
[TRAIN]: (206/1600): reward: -140.08920001983643, rates: 1.9107995978015024, loss: 4.3841720700263975, rho: 0.51875, transmit_actions: 11, P: [1.0, 0.0, 0.0625, 1.0, 0.0625, 0.3125, 0.4375, 0.0625, 0.875, 0.3125, 0.375, 0.8125, 0.1875, 0.0625, 0.5, 0.75, 0.375, 0.625, 0.3125, 0.75]
[TRAIN]: (207/1600): reward: -132.66635210812092, rates: 2.3336473563518925, loss: 3.9511982202529907, rho: 0.50625, transmit_actions: 11, P: [0.0, 0.1875, 0.5, 0.9375, 0.125, 0.1875, 0.0, 0.0625, 0.9375, 0.5, 0.3125, 0.125, 0.125, 0.875, 0.375, 1.0, 0.1875, 0.6875, 1.0, 0.125]
[TRAIN]: (208/1600): reward: -113.53874710202217, rates: 4.461253017188276, loss: 3.8451886415481566, rho: 0.4875, transmit_actions: 13, P: [0.9375, 0.375, 0.625, 0.3125, 0.5, 0.375, 0.125, 0.125, 0.1875, 0.8125, 0.4375, 0.5, 0.4375, 0.0625, 0.0625, 0.75, 0.3125, 0.4375, 0.6875, 0.75]
[TRAIN]: (209/1600): reward: -171.43021154403687, rates: 0.5697879683449404, loss: 3.4276302605867386, rho: 0.56875, transmit_actions: 9, P: [0.5, 0.5625, 1.0, 0.375, 0.5625, 0.5625, 0.0625, 1.0, 0.8125, 0.375, 1.0, 0.0, 0.4375, 0.8125, 0.5, 0.75, 1.0, 0.0, 0.1875, 0.375]
[TRAIN]: (210/1600): reward: -114.96153163909912, rates: 2.0384685321238907, loss: 3.6523381948471068, rho: 0.5, transmit_actions: 11, P: [0.75, 0.625, 0.75, 0.875, 0.0625, 1.0, 0.0, 0.0, 0.875, 0.0, 0.625, 0.375, 0.25, 0.625, 0.8125, 0.125, 0.1875, 0.75, 0.125, 0.9375]
[TRAIN]: (211/1600): reward: -127.3987837433815, rates: 1.6012156559724446, loss: 4.331828099489212, rho: 0.56875, transmit_actions: 11, P: [0.4375, 1.0, 0.1875, 0.0, 0.3125, 0.375, 0.5625, 0.0625, 0.3125, 0.125, 0.6875, 0.4375, 0.0, 0.8125, 0.0, 0.6875, 0.5, 1.0, 0.875, 0.0]
[TRAIN]: (212/1600): reward: -133.8518636226654, rates: 1.1481362832240967, loss: 4.208700078725815, rho: 0.43125, transmit_actions: 8, P: [0.875, 0.75, 0.375, 0.6875, 0.625, 0.25, 0.625, 0.625, 1.0, 0.375, 0.1875, 0.9375, 0.8125, 0.8125, 0.625, 0.25, 0.6875, 0.625, 0.25, 0.5]
[TRAIN]: (213/1600): reward: -135.06224566698074, rates: 2.9377539734734652, loss: 4.589508879184723, rho: 0.49375, transmit_actions: 10, P: [0.5, 0.125, 0.625, 0.375, 0.8125, 0.625, 0.0625, 0.8125, 0.8125, 0.125, 0.3125, 0.0625, 0.8125, 0.6875, 0.0, 0.3125, 0.8125, 0.125, 0.875, 0.0]
[TRAIN]: (214/1600): reward: -146.2308068871498, rates: 2.7691933338095733, loss: 4.0634310126304625, rho: 0.44375, transmit_actions: 11, P: [0.375, 0.5625, 0.5, 0.4375, 0.6875, 0.0, 0.125, 0.9375, 0.4375, 0.1875, 0.25, 0.75, 0.1875, 0.4375, 0.4375, 0.1875, 0.5625, 0.6875, 0.125, 0.3125]
[TRAIN]: (215/1600): reward: -155.5102574825287, rates: 0.4897427458324267, loss: 3.6147326946258547, rho: 0.49375, transmit_actions: 14, P: [0.625, 0.625, 0.5, 0.75, 0.3125, 1.0, 0.8125, 0.5, 1.0, 0.5, 0.75, 1.0, 0.5, 0.0, 1.0, 0.6875, 0.9375, 0.9375, 0.3125, 0.25]
[TRAIN]: (216/1600): reward: -157.18477450311184, rates: 0.8152247330370187, loss: 3.83026202917099, rho: 0.56875, transmit_actions: 11, P: [0.8125, 0.625, 0.625, 0.8125, 0.75, 0.0625, 0.8125, 1.0, 0.375, 0.3125, 0.1875, 0.8125, 0.875, 0.0625, 0.8125, 0.9375, 0.9375, 0.9375, 0.625, 0.0625]
[TRAIN]: (217/1600): reward: -125.81646472215652, rates: 4.183535628019917, loss: 3.6952859282493593, rho: 0.4625, transmit_actions: 12, P: [0.375, 0.1875, 0.875, 0.3125, 0.75, 0.5625, 0.1875, 0.125, 0.125, 0.8125, 0.375, 0.875, 0.9375, 0.125, 0.5, 0.3125, 0.1875, 0.5625, 1.0, 0.4375]
[TRAIN]: (218/1600): reward: -163.91943264007568, rates: 0.08056791464166373, loss: 4.495556265115738, rho: 0.55625, transmit_actions: 7, P: [0.75, 0.25, 0.3125, 0.0, 0.4375, 0.5, 0.8125, 0.5625, 0.5625, 0.6875, 0.875, 0.6875, 0.875, 0.9375, 0.125, 0.3125, 0.0625, 0.125, 0.4375, 0.6875]
[TRAIN]: (219/1600): reward: -151.57650983333588, rates: 2.4234900083973634, loss: 3.9229462265968325, rho: 0.55, transmit_actions: 8, P: [0.25, 0.9375, 0.8125, 0.75, 0.8125, 0.3125, 0.875, 0.1875, 1.0, 0.5, 0.125, 0.75, 1.0, 0.75, 0.125, 0.0, 0.1875, 0.875, 0.25, 0.0]
[TRAIN]: (220/1600): reward: -129.70201128721237, rates: 1.2979876710690401, loss: 3.7075649440288543, rho: 0.5125, transmit_actions: 14, P: [0.1875, 0.875, 0.4375, 0.5, 0.0, 0.1875, 0.6875, 0.5, 0.6875, 0.8125, 0.5, 0.5, 0.875, 0.875, 0.5625, 0.125, 0.375, 0.5, 0.75, 0.9375]
[TRAIN]: (221/1600): reward: -160.6316267028451, rates: 0.36837331537817036, loss: 3.797005170583725, rho: 0.49375, transmit_actions: 6, P: [0.9375, 0.375, 0.0, 1.0, 0.0, 0.0625, 0.5625, 0.0625, 0.1875, 0.6875, 0.875, 1.0, 0.6875, 0.125, 0.625, 0.0, 0.1875, 0.125, 0.9375, 0.25]
[TRAIN]: (222/1600): reward: -179.52809238433838, rates: 1.4719084629204513, loss: 4.570916879177093, rho: 0.5625, transmit_actions: 9, P: [0.25, 0.4375, 0.0, 0.75, 0.0625, 0.0625, 1.0, 0.5, 0.5625, 0.875, 0.0, 0.75, 0.4375, 1.0, 0.375, 0.3125, 0.8125, 0.5, 0.9375, 0.625]
[TRAIN]: (223/1600): reward: -121.09631472826004, rates: 1.9036850911165861, loss: 4.245140725374222, rho: 0.525, transmit_actions: 12, P: [0.125, 1.0, 0.8125, 0.0, 0.125, 0.0, 0.5, 0.625, 0.4375, 0.125, 0.3125, 0.4375, 0.875, 0.1875, 0.125, 0.5625, 0.625, 0.375, 0.25, 0.1875]
[TRAIN]: (224/1600): reward: -144.33535093069077, rates: 0.6646493417665102, loss: 4.127694249153137, rho: 0.5125, transmit_actions: 11, P: [0.9375, 0.8125, 0.6875, 0.3125, 0.9375, 0.0625, 0.3125, 0.5625, 0.375, 0.9375, 0.9375, 0.8125, 0.6875, 0.3125, 0.375, 0.8125, 0.0, 0.625, 0.5625, 0.0625]
[TRAIN]: (225/1600): reward: -120.6462217643857, rates: 1.3537789627141579, loss: 4.080555719137192, rho: 0.425, transmit_actions: 10, P: [0.3125, 0.8125, 0.8125, 0.25, 0.25, 0.75, 0.625, 0.875, 0.0625, 0.8125, 0.25, 1.0, 0.3125, 0.375, 0.9375, 0.0, 0.5625, 0.875, 0.4375, 0.1875]
[TRAIN]: (226/1600): reward: -121.57284736633301, rates: 0.42715326094193484, loss: 3.915490633249283, rho: 0.5, transmit_actions: 9, P: [0.9375, 0.5625, 0.625, 0.875, 0.625, 0.25, 0.9375, 0.3125, 0.625, 0.875, 0.5625, 0.125, 0.6875, 0.375, 0.8125, 0.625, 0.8125, 0.375, 0.625, 0.1875]
[TRAIN]: (227/1600): reward: -130.84566915035248, rates: 2.1543309005580564, loss: 3.9509895145893097, rho: 0.5125, transmit_actions: 10, P: [0.8125, 0.4375, 0.9375, 1.0, 0.125, 0.9375, 0.25, 0.75, 0.375, 0.5625, 0.5, 0.6875, 0.5625, 0.1875, 0.375, 0.5, 1.0, 0.25, 0.125, 0.6875]
[TRAIN]: (228/1600): reward: -119.12716564536095, rates: 2.872834279826584, loss: 3.6252423346042635, rho: 0.44375, transmit_actions: 10, P: [0.375, 0.125, 0.1875, 0.5625, 0.25, 0.0625, 0.125, 0.0625, 0.5625, 0.3125, 0.3125, 0.9375, 0.25, 0.0, 0.9375, 0.5625, 0.3125, 0.5625, 0.625, 0.1875]
[TRAIN]: (229/1600): reward: -109.46388843655586, rates: 2.536111560847497, loss: 3.6573487877845765, rho: 0.4875, transmit_actions: 10, P: [0.9375, 0.3125, 0.75, 0.9375, 0.8125, 0.9375, 0.5625, 1.0, 0.0, 0.1875, 0.9375, 0.0625, 0.6875, 0.0625, 0.875, 0.375, 1.0, 0.125, 0.0, 0.625]
[TRAIN]: (230/1600): reward: -162.67265820503235, rates: 1.3273418090980982, loss: 4.122517359256745, rho: 0.55, transmit_actions: 9, P: [0.5625, 0.4375, 0.9375, 0.8125, 0.375, 0.6875, 0.0625, 0.75, 0.1875, 0.75, 0.1875, 0.125, 0.8125, 0.5, 0.9375, 0.5, 0.375, 0.375, 0.75, 0.875]
[TRAIN]: (231/1600): reward: -134.86586338281631, rates: 1.1341361405296606, loss: 4.29842438697815, rho: 0.425, transmit_actions: 7, P: [0.6875, 0.0, 0.0625, 1.0, 0.1875, 0.4375, 0.125, 0.75, 0.75, 1.0, 0.8125, 0.0, 0.8125, 1.0, 0.625, 0.125, 0.8125, 0.5625, 0.5, 0.0625]
[TRAIN]: (232/1600): reward: -160.47856622934341, rates: 0.5214340273175727, loss: 3.6260910987854005, rho: 0.5375, transmit_actions: 5, P: [0.625, 0.1875, 0.0625, 0.875, 0.3125, 0.75, 0.5, 1.0, 0.25, 0.4375, 1.0, 0.3125, 0.875, 0.9375, 0.875, 0.8125, 0.1875, 0.375, 0.3125, 1.0]
[TRAIN]: (233/1600): reward: -103.85588452219963, rates: 4.144115374130101, loss: 3.1497298300266268, rho: 0.4125, transmit_actions: 13, P: [0.8125, 0.1875, 0.125, 0.125, 0.5, 0.6875, 0.75, 0.5625, 0.625, 0.625, 0.25, 0.4375, 0.0, 0.125, 0.1875, 0.625, 0.4375, 0.1875, 0.0, 0.5]
[TRAIN]: (234/1600): reward: -122.56953771412373, rates: 4.4304616186488115, loss: 4.520456266403198, rho: 0.51875, transmit_actions: 15, P: [0.875, 0.1875, 0.375, 0.625, 0.9375, 0.8125, 0.4375, 0.0, 0.375, 0.875, 0.8125, 0.125, 0.75, 0.9375, 0.1875, 0.1875, 0.1875, 0.125, 0.375, 0.875]
[TRAIN]: (235/1600): reward: -129.13032408058643, rates: 1.8696766925534045, loss: 3.5018684387207033, rho: 0.56875, transmit_actions: 11, P: [0.125, 0.125, 0.125, 0.25, 0.5625, 0.5625, 0.5, 0.9375, 0.5625, 0.5625, 0.1875, 0.3125, 0.4375, 0.0, 0.0, 0.0, 0.6875, 1.0, 0.8125, 0.25]
[TRAIN]: (236/1600): reward: -136.11159372329712, rates: 1.8884058676108997, loss: 3.770896166563034, rho: 0.50625, transmit_actions: 15, P: [0.9375, 0.0625, 0.0625, 0.375, 0.3125, 0.8125, 0.0625, 0.25, 0.0, 0.0, 0.1875, 0.4375, 0.25, 0.625, 0.9375, 0.5625, 0.5, 0.375, 0.6875, 0.6875]
[TRAIN]: (237/1600): reward: -153.98436695337296, rates: 1.015633275760841, loss: 3.5642045021057127, rho: 0.525, transmit_actions: 11, P: [0.375, 0.1875, 0.125, 0.75, 0.625, 0.5625, 0.125, 0.9375, 0.0, 0.625, 0.625, 1.0, 0.125, 0.0, 0.5625, 0.4375, 0.0625, 0.5, 0.5625, 0.125]
[TRAIN]: (238/1600): reward: -122.8245307803154, rates: 1.17546888712446, loss: 4.208926618099213, rho: 0.475, transmit_actions: 12, P: [0.1875, 0.4375, 0.5, 0.4375, 0.875, 0.75, 1.0, 0.375, 0.9375, 0.1875, 0.8125, 0.0, 0.875, 0.125, 0.0625, 0.4375, 0.0625, 0.0625, 0.625, 0.0625]
[TRAIN]: (239/1600): reward: -149.9926644563675, rates: 1.007335648492557, loss: 4.050658839941025, rho: 0.475, transmit_actions: 7, P: [0.25, 0.4375, 0.4375, 0.4375, 0.375, 0.125, 0.375, 0.3125, 0.6875, 0.1875, 0.8125, 1.0, 0.25, 0.4375, 0.8125, 0.0, 0.375, 0.75, 0.625, 0.875]
[TRAIN]: (240/1600): reward: -121.8004424571991, rates: 2.1995573835212694, loss: 4.098684310913086, rho: 0.54375, transmit_actions: 8, P: [0.5, 0.375, 0.25, 0.625, 0.5625, 0.125, 0.9375, 1.0, 0.5625, 0.625, 0.0, 0.625, 0.3125, 0.5625, 0.5, 0.4375, 0.9375, 0.5625, 0.0, 0.125]
[TRAIN]: (241/1600): reward: -134.68320468068123, rates: 2.3167944648870487, loss: 3.7957109987735747, rho: 0.475, transmit_actions: 14, P: [0.0, 0.125, 1.0, 0.625, 0.125, 0.1875, 0.4375, 0.9375, 0.4375, 0.9375, 0.8125, 0.0625, 0.5625, 0.1875, 0.125, 0.875, 0.875, 0.1875, 0.0, 0.625]
[TRAIN]: (242/1600): reward: -131.99003618955612, rates: 1.0099635274374026, loss: 3.396815854310989, rho: 0.575, transmit_actions: 9, P: [0.8125, 0.0, 0.8125, 0.0625, 0.75, 0.3125, 0.375, 0.875, 0.9375, 0.4375, 0.0, 0.875, 0.0625, 0.375, 0.3125, 0.8125, 0.75, 0.0625, 0.1875, 0.875]
[TRAIN]: (243/1600): reward: -136.38836014270782, rates: 2.6116400341892123, loss: 3.6492191553115845, rho: 0.55, transmit_actions: 9, P: [0.875, 0.625, 0.25, 0.75, 0.125, 0.75, 0.625, 0.75, 0.0625, 0.5, 0.75, 0.375, 0.3125, 0.0, 0.125, 0.875, 0.0625, 0.0625, 0.375, 0.5]
[TRAIN]: (244/1600): reward: -133.1889706850052, rates: 0.8110296377228543, loss: 3.315933418273926, rho: 0.53125, transmit_actions: 6, P: [0.0625, 0.8125, 0.9375, 0.25, 0.9375, 1.0, 0.75, 0.5625, 0.875, 0.3125, 0.875, 0.4375, 0.8125, 0.5625, 0.8125, 0.6875, 0.1875, 0.8125, 0.25, 0.0625]
[TRAIN]: (245/1600): reward: -114.3180749565363, rates: 2.6819253517193724, loss: 4.1920101881027225, rho: 0.45625, transmit_actions: 11, P: [0.0625, 0.1875, 0.4375, 0.6875, 1.0, 0.9375, 0.625, 0.75, 0.6875, 0.75, 0.5, 0.375, 0.6875, 0.4375, 1.0, 0.6875, 0.0, 0.3125, 0.4375, 0.9375]
[TRAIN]: (246/1600): reward: -142.82338985800743, rates: 1.1766103082302544, loss: 4.256929314136505, rho: 0.46875, transmit_actions: 10, P: [0.9375, 0.75, 0.375, 0.75, 0.4375, 0.75, 0.1875, 0.3125, 1.0, 0.9375, 0.75, 0.875, 0.4375, 0.4375, 0.125, 0.75, 0.5, 0.9375, 0.6875, 0.25]
[TRAIN]: (247/1600): reward: -153.09410667419434, rates: 0.9058927891018551, loss: 3.9743556708097456, rho: 0.49375, transmit_actions: 13, P: [0.4375, 0.5, 0.875, 0.9375, 0.0625, 0.9375, 0.0, 0.4375, 0.25, 0.875, 0.625, 0.125, 0.875, 0.6875, 0.0, 0.5625, 0.75, 0.1875, 0.6875, 0.4375]
[TRAIN]: (248/1600): reward: -105.78601820766926, rates: 4.213981285392551, loss: 3.9681280136108397, rho: 0.5625, transmit_actions: 10, P: [0.3125, 0.5625, 0.375, 0.125, 0.125, 0.8125, 0.0625, 0.3125, 0.1875, 0.1875, 0.375, 0.1875, 0.5625, 0.3125, 0.8125, 0.375, 0.75, 0.25, 1.0, 0.75]
[TRAIN]: (249/1600): reward: -164.30112195014954, rates: 1.6988779196711161, loss: 3.628702682256699, rho: 0.525, transmit_actions: 11, P: [0.375, 0.875, 0.875, 0.125, 0.375, 0.875, 0.1875, 0.4375, 0.375, 1.0, 0.875, 0.625, 0.75, 0.125, 0.1875, 0.75, 0.375, 0.5625, 0.4375, 0.625]
[TRAIN]: (250/1600): reward: -149.13933312892914, rates: 1.8606667068890834, loss: 3.8321445763111113, rho: 0.51875, transmit_actions: 11, P: [0.0625, 0.3125, 1.0, 0.5625, 1.0, 0.6875, 0.3125, 0.6875, 0.0625, 0.6875, 0.0625, 0.0625, 0.375, 0.3125, 0.8125, 1.0, 0.0, 0.625, 0.6875, 0.25]
[TRAIN]: (251/1600): reward: -122.38557958602905, rates: 0.6144202895616081, loss: 3.2512020468711853, rho: 0.3875, transmit_actions: 7, P: [0.6875, 0.125, 0.3125, 0.875, 0.875, 0.8125, 0.875, 0.875, 0.9375, 0.5, 0.5625, 0.0625, 0.625, 0.5625, 0.3125, 1.0, 0.5, 0.25, 1.0, 0.25]
[TRAIN]: (252/1600): reward: -172.5276699066162, rates: 1.4723301532304978, loss: 3.4759854316711425, rho: 0.46875, transmit_actions: 14, P: [0.9375, 0.6875, 0.5, 0.6875, 0.5625, 0.25, 0.375, 0.5, 0.75, 0.3125, 1.0, 0.8125, 1.0, 0.8125, 0.1875, 0.6875, 0.875, 0.875, 0.875, 0.375]
[TRAIN]: (253/1600): reward: -165.5587215423584, rates: 0.4412785000529298, loss: 3.5165236234664916, rho: 0.50625, transmit_actions: 11, P: [0.0625, 0.0, 0.9375, 0.8125, 0.6875, 0.8125, 0.0, 0.75, 0.5625, 0.9375, 0.4375, 0.0, 0.625, 0.5, 0.875, 0.375, 0.6875, 0.75, 0.25, 0.3125]
[TRAIN]: (254/1600): reward: -155.10498441755772, rates: 1.8950164297748129, loss: 4.192072236537934, rho: 0.5625, transmit_actions: 12, P: [0.8125, 0.375, 0.125, 0.9375, 0.1875, 0.75, 0.625, 0.9375, 0.4375, 0.5, 0.125, 0.9375, 0.875, 0.0625, 0.0625, 0.375, 0.4375, 0.125, 0.75, 0.8125]
[TRAIN]: (255/1600): reward: -161.43625962734222, rates: 1.563740425079882, loss: 3.8128535032272337, rho: 0.4625, transmit_actions: 8, P: [1.0, 0.75, 0.25, 0.75, 1.0, 0.25, 0.5, 1.0, 0.8125, 0.3125, 1.0, 1.0, 0.5625, 0.6875, 0.5, 0.9375, 0.3125, 0.4375, 0.8125, 0.8125]
[TRAIN]: (256/1600): reward: -163.12559132277966, rates: 0.8744089508788178, loss: 3.878371834754944, rho: 0.56875, transmit_actions: 9, P: [0.4375, 0.8125, 0.5, 0.8125, 0.625, 0.375, 0.25, 1.0, 0.0625, 0.0625, 0.0625, 0.6875, 0.3125, 0.625, 0.875, 0.9375, 0.5, 0.875, 0.6875, 0.25]
[TRAIN]: (257/1600): reward: -138.10911464691162, rates: 0.8908849771187806, loss: 4.40479399561882, rho: 0.4375, transmit_actions: 10, P: [0.125, 0.6875, 0.875, 0.125, 0.0, 0.3125, 1.0, 0.4375, 0.5, 0.375, 0.3125, 0.625, 0.0625, 0.6875, 0.1875, 0.875, 0.9375, 0.75, 0.6875, 0.6875]
[TRAIN]: (258/1600): reward: -155.3940315246582, rates: 0.6059687129166125, loss: 3.9411830723285677, rho: 0.53125, transmit_actions: 10, P: [0.875, 0.1875, 0.0, 0.375, 1.0, 0.4375, 0.875, 1.0, 0.625, 0.625, 0.125, 1.0, 0.5, 0.75, 0.75, 0.0, 0.75, 0.0, 0.75, 0.875]
[TRAIN]: (259/1600): reward: -158.49614116549492, rates: 1.5038581865888716, loss: 3.8268225312232973, rho: 0.5625, transmit_actions: 12, P: [0.6875, 0.4375, 0.3125, 0.5, 0.6875, 0.875, 0.3125, 0.375, 0.0625, 0.75, 0.375, 0.5625, 0.5625, 0.4375, 0.875, 0.875, 0.3125, 0.75, 0.25, 0.625]
[TRAIN]: (260/1600): reward: -111.42391915619373, rates: 2.5760806592742695, loss: 3.8693429827690125, rho: 0.55625, transmit_actions: 12, P: [0.125, 0.375, 0.1875, 0.0, 0.8125, 0.125, 0.375, 0.8125, 0.8125, 0.875, 0.3125, 0.0, 0.875, 0.0, 0.4375, 0.0625, 0.8125, 0.875, 0.1875, 0.25]
[TRAIN]: (261/1600): reward: -130.2107526808977, rates: 0.7892473440444127, loss: 4.2443462908267975, rho: 0.45, transmit_actions: 14, P: [0.6875, 0.125, 0.0625, 0.125, 0.0, 0.6875, 0.0, 1.0, 0.8125, 0.0625, 0.625, 0.3125, 0.75, 0.9375, 0.8125, 0.8125, 1.0, 0.75, 0.75, 0.75]
[TRAIN]: (262/1600): reward: -150.4191651418805, rates: 1.5808353150334213, loss: 4.188218384981155, rho: 0.48125, transmit_actions: 12, P: [0.8125, 0.625, 0.0, 0.1875, 0.9375, 0.375, 0.5625, 0.5625, 0.8125, 0.875, 0.4375, 0.4375, 0.5625, 0.0625, 0.3125, 0.0625, 0.9375, 0.625, 0.625, 1.0]
[TRAIN]: (263/1600): reward: -125.6914431154728, rates: 2.308556378214253, loss: 3.147030049562454, rho: 0.49375, transmit_actions: 10, P: [0.0, 0.4375, 0.6875, 0.4375, 0.75, 0.4375, 0.75, 0.875, 0.3125, 0.8125, 0.0625, 0.0, 0.4375, 0.6875, 0.5625, 0.0, 0.1875, 0.6875, 0.1875, 0.3125]
[TRAIN]: (264/1600): reward: -112.55767071247101, rates: 3.4423294656951082, loss: 3.4786928713321688, rho: 0.3875, transmit_actions: 8, P: [0.5, 0.8125, 0.875, 0.5625, 0.375, 0.125, 1.0, 0.9375, 0.3125, 0.5625, 0.625, 0.0, 0.0625, 0.0625, 0.6875, 0.25, 0.125, 0.25, 0.125, 0.5625]
[TRAIN]: (265/1600): reward: -133.17555278539658, rates: 1.824447698258125, loss: 3.437046492099762, rho: 0.5875, transmit_actions: 8, P: [0.9375, 0.0625, 0.25, 0.375, 0.5625, 1.0, 0.8125, 0.0, 0.4375, 0.6875, 0.8125, 0.8125, 0.8125, 0.5625, 0.625, 1.0, 0.0625, 1.0, 0.875, 0.25]
[TRAIN]: (266/1600): reward: -148.782329082489, rates: 1.2176711537246463, loss: 3.7185999035835264, rho: 0.5375, transmit_actions: 10, P: [0.375, 0.375, 0.375, 0.625, 0.5625, 0.5, 0.75, 0.0, 0.875, 0.25, 0.6875, 0.0625, 0.8125, 0.0625, 0.75, 0.875, 0.25, 0.3125, 0.5, 0.1875]
[TRAIN]: (267/1600): reward: -149.0514995455742, rates: 0.9485000966607439, loss: 4.3267111539840695, rho: 0.45625, transmit_actions: 13, P: [0.3125, 0.25, 0.9375, 0.9375, 0.75, 0.375, 0.3125, 0.5625, 0.0, 0.0625, 0.9375, 0.5625, 0.8125, 0.0, 0.625, 0.5, 0.5, 0.4375, 0.8125, 0.625]
[TRAIN]: (268/1600): reward: -157.14512294530869, rates: 0.8548772353315459, loss: 3.709475165605545, rho: 0.5125, transmit_actions: 7, P: [0.625, 0.9375, 0.375, 0.4375, 0.9375, 0.0, 0.6875, 0.4375, 0.5, 0.875, 0.875, 0.5625, 0.0, 0.1875, 0.25, 0.0625, 0.1875, 0.0625, 0.6875, 0.4375]
[TRAIN]: (269/1600): reward: -143.5430559515953, rates: 1.456943705410714, loss: 3.4646158158779143, rho: 0.5125, transmit_actions: 9, P: [0.5, 0.8125, 0.75, 0.0625, 0.3125, 0.0, 0.875, 0.8125, 0.125, 0.625, 0.75, 0.25, 0.4375, 1.0, 0.9375, 0.75, 1.0, 0.0, 0.375, 0.9375]
[TRAIN]: (270/1600): reward: -128.7130550146103, rates: 1.2869446011191252, loss: 3.6812156796455384, rho: 0.51875, transmit_actions: 11, P: [0.625, 0.5625, 0.25, 1.0, 0.8125, 0.8125, 1.0, 0.375, 0.8125, 0.125, 0.3125, 0.625, 0.5, 0.8125, 0.375, 0.0, 0.375, 0.9375, 0.8125, 0.9375]
[TRAIN]: (271/1600): reward: -118.56052704900503, rates: 3.4394730872585093, loss: 3.2734909117221833, rho: 0.51875, transmit_actions: 10, P: [0.0, 0.125, 0.1875, 0.875, 0.875, 0.125, 0.375, 0.625, 0.125, 0.3125, 1.0, 0.8125, 0.125, 0.1875, 0.5, 0.5625, 0.375, 0.375, 0.0, 0.0625]
[TRAIN]: (272/1600): reward: -111.2420383989811, rates: 2.757961592652492, loss: 3.025125527381897, rho: 0.45, transmit_actions: 9, P: [0.0625, 0.6875, 0.6875, 0.75, 0.3125, 0.125, 0.375, 0.1875, 0.375, 0.9375, 0.9375, 0.125, 1.0, 0.3125, 0.25, 0.1875, 0.9375, 0.6875, 0.6875, 0.75]
[TRAIN]: (273/1600): reward: -165.84795427322388, rates: 0.1520460995779094, loss: 3.3550221800804136, rho: 0.5875, transmit_actions: 6, P: [0.0625, 0.3125, 0.75, 0.875, 0.875, 0.1875, 0.9375, 0.5, 0.375, 0.4375, 0.4375, 0.5625, 0.9375, 0.0625, 0.75, 0.0625, 1.0, 0.4375, 0.125, 0.0]
[TRAIN]: (274/1600): reward: -141.00371396541595, rates: 1.9962860528285191, loss: 3.973147690296173, rho: 0.46875, transmit_actions: 12, P: [0.75, 0.25, 0.5625, 0.25, 0.3125, 0.8125, 0.0625, 0.0625, 0.0625, 0.5, 0.3125, 0.875, 0.9375, 0.4375, 0.9375, 0.9375, 0.75, 0.6875, 0.6875, 0.625]
[TRAIN]: (275/1600): reward: -131.52878594398499, rates: 1.4712144498253539, loss: 3.498708951473236, rho: 0.60625, transmit_actions: 11, P: [0.9375, 0.3125, 0.4375, 0.5625, 0.0, 0.3125, 0.375, 0.75, 0.75, 0.375, 0.375, 0.625, 0.125, 0.4375, 0.5625, 0.5, 0.0, 0.375, 0.8125, 0.1875]
[TRAIN]: (276/1600): reward: -153.81540885567665, rates: 2.1845914389811596, loss: 3.4737984478473662, rho: 0.6, transmit_actions: 12, P: [0.8125, 0.4375, 0.0625, 0.0, 0.0625, 0.3125, 0.125, 0.5625, 0.75, 1.0, 0.4375, 0.8125, 0.6875, 0.8125, 0.75, 0.1875, 0.25, 0.9375, 0.3125, 1.0]
[TRAIN]: (277/1600): reward: -103.6171241402626, rates: 2.382875115606331, loss: 3.547827887535095, rho: 0.38125, transmit_actions: 11, P: [0.125, 0.375, 0.9375, 0.0625, 0.1875, 0.5625, 0.8125, 0.9375, 0.1875, 0.8125, 0.4375, 0.9375, 0.625, 0.6875, 0.25, 1.0, 0.8125, 0.75, 0.1875, 0.5625]
[TRAIN]: (278/1600): reward: -156.56845071911812, rates: 1.4315489074322252, loss: 3.2256624579429625, rho: 0.49375, transmit_actions: 9, P: [0.75, 0.375, 0.625, 0.625, 0.125, 0.3125, 0.1875, 0.5625, 0.0, 0.9375, 0.25, 0.25, 1.0, 0.0, 0.125, 0.9375, 0.4375, 0.4375, 0.0625, 0.6875]
[TRAIN]: (279/1600): reward: -156.3938012123108, rates: 0.6061990350318852, loss: 3.579679882526398, rho: 0.5625, transmit_actions: 6, P: [0.625, 0.9375, 0.25, 0.25, 0.0625, 1.0, 0.6875, 0.25, 0.1875, 0.5625, 0.0, 0.5625, 0.6875, 1.0, 0.5, 1.0, 0.5625, 0.25, 0.75, 0.625]
[TRAIN]: (280/1600): reward: -137.52150483429432, rates: 1.4784953461401784, loss: 4.07623610496521, rho: 0.5625, transmit_actions: 8, P: [0.6875, 0.4375, 0.0625, 0.4375, 0.9375, 0.6875, 1.0, 0.375, 0.0625, 1.0, 0.6875, 0.125, 0.0625, 0.4375, 0.0625, 1.0, 0.625, 0.6875, 0.75, 0.375]
[TRAIN]: (281/1600): reward: -160.53011202812195, rates: 1.469887864911918, loss: 3.7217830181121827, rho: 0.5375, transmit_actions: 8, P: [0.5625, 0.125, 0.4375, 0.4375, 0.25, 0.5, 1.0, 0.75, 0.3125, 0.4375, 1.0, 0.3125, 0.5, 0.1875, 0.5, 0.75, 0.5625, 0.1875, 0.9375, 1.0]
[TRAIN]: (282/1600): reward: -154.26116283237934, rates: 1.7388373690409868, loss: 3.308272176980972, rho: 0.55625, transmit_actions: 12, P: [0.8125, 0.375, 0.125, 0.8125, 0.0625, 0.6875, 0.875, 0.6875, 0.75, 0.5, 0.5, 0.125, 0.625, 0.8125, 0.25, 0.5, 0.5625, 0.6875, 0.125, 0.375]
[TRAIN]: (283/1600): reward: -134.42702387273312, rates: 0.5729759458878139, loss: 3.1699743926525117, rho: 0.45, transmit_actions: 13, P: [0.375, 0.9375, 0.25, 0.9375, 1.0, 0.0, 0.4375, 0.875, 0.0, 0.3125, 0.5625, 0.0, 0.1875, 0.4375, 0.6875, 0.0625, 0.875, 0.3125, 0.625, 0.0625]
[TRAIN]: (284/1600): reward: -134.57191187143326, rates: 2.4280883994365636, loss: 3.6720994651317596, rho: 0.56875, transmit_actions: 14, P: [0.4375, 1.0, 0.25, 0.3125, 0.625, 0.5, 0.0625, 0.6875, 0.8125, 0.1875, 0.125, 0.5625, 0.0, 0.8125, 0.375, 0.5625, 0.8125, 0.125, 0.6875, 0.75]
[TRAIN]: (285/1600): reward: -142.03669595718384, rates: 1.9633040993634743, loss: 3.542353641986847, rho: 0.51875, transmit_actions: 12, P: [0.375, 0.5, 0.0, 0.125, 0.1875, 1.0, 0.9375, 0.125, 0.25, 0.6875, 0.0, 0.4375, 0.375, 0.625, 0.5, 0.0, 0.25, 0.4375, 0.125, 0.9375]
[TRAIN]: (286/1600): reward: -143.17264054715633, rates: 0.8273596359967135, loss: 3.121477925777435, rho: 0.5625, transmit_actions: 10, P: [0.125, 0.5625, 0.6875, 0.875, 0.0, 0.125, 0.0625, 0.125, 0.875, 0.625, 0.8125, 0.25, 0.5625, 0.3125, 0.6875, 0.0, 0.1875, 0.375, 0.75, 0.1875]
[TRAIN]: (287/1600): reward: -129.96769380569458, rates: 1.0323055424776881, loss: 3.2937902867794038, rho: 0.45, transmit_actions: 8, P: [0.9375, 0.5, 0.4375, 0.375, 0.3125, 0.3125, 0.375, 0.3125, 0.4375, 0.0, 0.6875, 0.6875, 0.9375, 0.6875, 0.25, 0.4375, 0.25, 0.375, 0.9375, 0.625]
[TRAIN]: (288/1600): reward: -128.2923630475998, rates: 1.707636888035669, loss: 3.010229307413101, rho: 0.55625, transmit_actions: 10, P: [0.625, 0.6875, 0.9375, 0.375, 0.625, 0.0625, 0.5, 0.625, 0.125, 0.4375, 0.375, 0.75, 0.75, 0.4375, 0.3125, 0.875, 0.0625, 0.625, 1.0, 0.125]
[TRAIN]: (289/1600): reward: -136.56553602218628, rates: 0.4344631521619804, loss: 3.7513118386268616, rho: 0.48125, transmit_actions: 8, P: [0.5, 0.5625, 0.75, 0.625, 0.875, 0.0, 0.875, 1.0, 0.5625, 0.875, 0.1875, 1.0, 0.875, 0.9375, 0.3125, 0.0625, 0.5, 0.125, 0.5, 0.75]
[TRAIN]: (290/1600): reward: -150.832344122231, rates: 2.1676556869102965, loss: 3.2952826499938963, rho: 0.4625, transmit_actions: 11, P: [0.6875, 0.625, 0.9375, 0.1875, 0.0, 1.0, 0.125, 0.125, 0.375, 0.0, 0.5625, 0.0625, 0.1875, 0.25, 0.625, 0.6875, 0.625, 0.75, 0.75, 0.0625]
[TRAIN]: (291/1600): reward: -119.86780187487602, rates: 3.1321979497887993, loss: 3.0080947041511537, rho: 0.46875, transmit_actions: 10, P: [1.0, 0.6875, 0.0625, 0.3125, 0.125, 0.3125, 0.9375, 0.5625, 1.0, 0.75, 1.0, 0.4375, 0.125, 0.0625, 0.5625, 0.3125, 1.0, 0.6875, 0.4375, 0.5]
[TRAIN]: (292/1600): reward: -146.4285478591919, rates: 1.571451620625432, loss: 3.817587172985077, rho: 0.525, transmit_actions: 9, P: [0.875, 0.3125, 0.375, 0.5, 0.5625, 0.375, 0.9375, 0.3125, 0.5625, 0.625, 0.0, 0.3125, 0.5, 0.625, 1.0, 0.4375, 0.0625, 0.4375, 0.0625, 0.5625]
[TRAIN]: (293/1600): reward: -143.47560513019562, rates: 3.5243960094417437, loss: 3.2004154682159425, rho: 0.50625, transmit_actions: 13, P: [0.6875, 0.875, 0.25, 0.0625, 0.3125, 0.6875, 0.375, 0.6875, 0.5625, 0.25, 0.0625, 0.375, 0.6875, 0.875, 0.875, 1.0, 0.9375, 0.4375, 0.75, 0.6875]
[TRAIN]: (294/1600): reward: -128.38118889927864, rates: 1.6188104472643001, loss: 3.1674327194690703, rho: 0.48125, transmit_actions: 12, P: [0.375, 0.6875, 0.4375, 1.0, 0.25, 0.375, 0.6875, 0.3125, 1.0, 1.0, 0.5625, 0.6875, 0.375, 0.6875, 0.6875, 0.5, 0.5625, 0.25, 0.1875, 0.6875]
[TRAIN]: (295/1600): reward: -170.5745496749878, rates: 0.42545110247694434, loss: 3.1919227957725527, rho: 0.56875, transmit_actions: 12, P: [0.9375, 0.875, 0.0, 0.3125, 0.8125, 0.625, 0.125, 1.0, 0.9375, 0.75, 0.9375, 0.5625, 0.0625, 1.0, 0.375, 0.9375, 1.0, 0.125, 0.375, 0.5]
[TRAIN]: (296/1600): reward: -144.9173085987568, rates: 2.08269168529207, loss: 3.568150591850281, rho: 0.50625, transmit_actions: 12, P: [0.75, 0.0, 0.8125, 0.875, 0.25, 0.6875, 0.8125, 0.6875, 0.3125, 0.375, 0.5, 0.8125, 0.8125, 0.0625, 0.25, 0.625, 0.875, 0.125, 0.5, 0.4375]
[TRAIN]: (297/1600): reward: -160.10294073820114, rates: 0.8970594769685178, loss: 3.5438269436359406, rho: 0.5875, transmit_actions: 11, P: [0.25, 0.9375, 0.9375, 0.375, 0.6875, 0.875, 0.3125, 0.75, 0.375, 0.375, 0.3125, 0.0625, 0.8125, 0.9375, 0.4375, 0.5, 0.625, 0.5625, 0.5, 0.125]
[TRAIN]: (298/1600): reward: -167.50219297409058, rates: 0.4978066279055877, loss: 3.3291506826877595, rho: 0.48125, transmit_actions: 7, P: [0.625, 0.75, 0.0, 0.5, 0.125, 0.5, 0.75, 0.625, 0.4375, 0.0625, 1.0, 0.3125, 1.0, 0.8125, 0.0625, 0.6875, 0.75, 0.625, 0.4375, 0.6875]
[TRAIN]: (299/1600): reward: -136.0266231894493, rates: 0.973376672175504, loss: 3.566302180290222, rho: 0.475, transmit_actions: 11, P: [0.75, 0.5, 0.0, 0.0625, 0.8125, 0.25, 0.0625, 0.875, 0.75, 0.5, 0.4375, 0.0625, 0.6875, 0.625, 1.0, 0.625, 0.0625, 0.6875, 0.6875, 0.5]
[TRAIN]: (300/1600): reward: -147.14560428261757, rates: 0.8543957003083577, loss: 3.2174204289913177, rho: 0.6, transmit_actions: 10, P: [0.1875, 0.375, 0.0, 0.8125, 0.9375, 0.375, 0.0, 0.5, 0.3125, 0.6875, 0.625, 0.5, 0.4375, 0.5, 0.0625, 0.4375, 0.9375, 0.5625, 0.9375, 0.875]
[TRAIN]: (301/1600): reward: -94.01131129264832, rates: 1.9886890398490706, loss: 4.006279289722443, rho: 0.48125, transmit_actions: 11, P: [0.375, 0.0625, 0.5625, 0.3125, 0.9375, 0.9375, 1.0, 0.5625, 0.0, 0.875, 0.5625, 0.125, 0.0625, 0.5, 0.0, 0.25, 0.0, 0.0, 0.0, 1.0]
[TRAIN]: (302/1600): reward: -137.57430768013, rates: 2.425691986120269, loss: 3.9486106872558593, rho: 0.54375, transmit_actions: 10, P: [0.3125, 0.6875, 0.1875, 0.8125, 1.0, 0.875, 0.125, 0.1875, 0.6875, 0.9375, 0.5, 0.375, 0.5, 0.25, 0.6875, 0.0625, 0.25, 0.375, 0.75, 0.9375]
[TRAIN]: (303/1600): reward: -127.60388520359993, rates: 3.3961142339241777, loss: 3.315161740779877, rho: 0.54375, transmit_actions: 10, P: [0.75, 0.1875, 0.5625, 0.375, 0.1875, 0.125, 0.25, 0.1875, 0.6875, 0.3125, 0.0, 0.25, 0.125, 0.25, 0.75, 0.0625, 0.6875, 0.1875, 0.375, 0.6875]
[TRAIN]: (304/1600): reward: -133.81686294078827, rates: 1.1831368705100735, loss: 3.149246424436569, rho: 0.4375, transmit_actions: 9, P: [0.1875, 0.625, 1.0, 0.9375, 0.625, 0.125, 0.0, 0.9375, 0.0, 0.8125, 0.1875, 0.9375, 0.0, 0.0, 0.875, 0.0, 0.0625, 0.6875, 0.3125, 0.125]
[TRAIN]: (305/1600): reward: -146.43042242527008, rates: 2.5695789398767768, loss: 3.6445931255817414, rho: 0.50625, transmit_actions: 7, P: [0.625, 0.6875, 0.4375, 0.125, 0.125, 0.25, 0.875, 0.1875, 0.9375, 0.0, 1.0, 0.9375, 0.4375, 0.4375, 0.6875, 0.375, 0.125, 0.4375, 0.6875, 0.875]
[TRAIN]: (306/1600): reward: -127.61886596679688, rates: 1.381134089700283, loss: 3.363929200172424, rho: 0.40625, transmit_actions: 7, P: [0.5, 0.25, 0.8125, 0.375, 0.9375, 0.125, 0.25, 0.875, 0.875, 0.375, 0.875, 0.6875, 0.6875, 0.8125, 0.1875, 0.8125, 0.25, 0.8125, 0.75, 0.9375]
[TRAIN]: (307/1600): reward: -119.35797190666199, rates: 1.642027997358863, loss: 3.1436547338962555, rho: 0.575, transmit_actions: 15, P: [0.5, 0.625, 0.125, 0.9375, 0.0, 0.0, 0.8125, 0.5, 0.5625, 0.125, 0.875, 0.0, 0.8125, 0.5, 0.3125, 0.25, 0.125, 0.9375, 1.0, 0.125]
[TRAIN]: (308/1600): reward: -129.04593804478645, rates: 2.9540618629177136, loss: 3.2703046262264253, rho: 0.375, transmit_actions: 12, P: [0.9375, 0.1875, 1.0, 0.75, 0.875, 0.5625, 0.125, 0.0, 0.6875, 0.9375, 0.125, 0.5, 0.375, 0.9375, 0.6875, 0.125, 0.375, 0.8125, 0.125, 0.875]
[TRAIN]: (309/1600): reward: -151.30927991867065, rates: 1.690719749970961, loss: 3.1800292134284973, rho: 0.5625, transmit_actions: 12, P: [0.875, 0.375, 0.625, 0.4375, 0.1875, 0.0, 0.5, 1.0, 0.0, 0.9375, 0.25, 0.75, 0.4375, 0.3125, 0.625, 0.3125, 0.75, 0.0625, 0.375, 0.625]
[TRAIN]: (310/1600): reward: -158.9562937617302, rates: 2.0437064870344304, loss: 3.411507260799408, rho: 0.4375, transmit_actions: 11, P: [0.0625, 0.0, 0.3125, 0.9375, 0.5, 0.0625, 0.375, 0.9375, 0.875, 0.75, 0.9375, 0.125, 0.5625, 0.8125, 0.0, 0.9375, 0.25, 0.5625, 0.625, 0.625]
[TRAIN]: (311/1600): reward: -157.02951097488403, rates: 0.9704895252543099, loss: 2.9980094015598295, rho: 0.4875, transmit_actions: 12, P: [0.625, 0.75, 0.375, 0.5625, 0.8125, 0.375, 0.25, 0.75, 0.6875, 0.5625, 0.625, 0.25, 0.8125, 0.625, 0.875, 0.75, 0.3125, 0.25, 0.6875, 0.1875]
[TRAIN]: (312/1600): reward: -126.22730559110641, rates: 2.7726943805913837, loss: 3.2559912741184234, rho: 0.525, transmit_actions: 11, P: [0.125, 0.75, 0.8125, 0.25, 0.8125, 0.5625, 0.1875, 0.3125, 0.5625, 0.0625, 0.3125, 0.25, 0.625, 0.25, 0.8125, 0.125, 0.8125, 0.1875, 0.375, 0.9375]
[TRAIN]: (313/1600): reward: -152.7420968413353, rates: 2.257902123468107, loss: 3.365862613916397, rho: 0.5125, transmit_actions: 12, P: [0.5625, 0.0625, 0.625, 0.125, 0.8125, 0.0, 0.375, 0.5, 0.5, 0.0625, 0.875, 0.75, 0.0, 0.8125, 0.375, 0.5625, 0.5625, 0.3125, 0.3125, 0.875]
[TRAIN]: (314/1600): reward: -132.40057629346848, rates: 2.599423590435832, loss: 3.171764075756073, rho: 0.4625, transmit_actions: 13, P: [1.0, 0.5625, 0.5625, 0.875, 0.125, 0.875, 0.375, 0.0625, 0.25, 0.25, 0.125, 0.875, 0.3125, 0.8125, 0.75, 0.3125, 0.875, 0.4375, 0.1875, 0.4375]
[TRAIN]: (315/1600): reward: -119.34135043621063, rates: 2.658649618701787, loss: 3.254181981086731, rho: 0.5, transmit_actions: 12, P: [0.625, 0.125, 0.8125, 0.625, 0.8125, 0.8125, 0.5625, 0.25, 0.625, 0.0, 0.5, 0.8125, 1.0, 0.25, 0.625, 0.6875, 0.125, 0.375, 0.0625, 0.5625]
[TRAIN]: (316/1600): reward: -175.7679877281189, rates: 0.23201238711803274, loss: 3.109696316719055, rho: 0.50625, transmit_actions: 9, P: [0.1875, 0.25, 0.5, 0.9375, 0.25, 0.9375, 0.625, 0.75, 0.5625, 1.0, 0.5625, 0.875, 0.0, 0.4375, 0.625, 0.8125, 0.8125, 0.625, 0.1875, 0.5625]
[TRAIN]: (317/1600): reward: -143.90937876701355, rates: 1.0906214968775554, loss: 3.2291806042194366, rho: 0.46875, transmit_actions: 13, P: [0.625, 0.5, 0.8125, 0.375, 0.625, 1.0, 0.375, 0.9375, 0.6875, 0.375, 0.9375, 0.9375, 0.6875, 0.5625, 1.0, 0.1875, 0.25, 0.5625, 0.5, 0.5]
[TRAIN]: (318/1600): reward: -102.22403734922409, rates: 0.7759616416094198, loss: 3.359428605437279, rho: 0.41875, transmit_actions: 10, P: [0.625, 0.125, 0.9375, 0.875, 0.0625, 0.375, 0.125, 0.625, 1.0, 0.6875, 0.5625, 0.5, 0.4375, 0.6875, 0.9375, 0.75, 0.8125, 0.5625, 1.0, 0.75]
[TRAIN]: (319/1600): reward: -139.65636920928955, rates: 1.343630445255428, loss: 3.502372568845749, rho: 0.49375, transmit_actions: 7, P: [0.8125, 0.1875, 0.4375, 1.0, 1.0, 0.5, 0.375, 0.5625, 0.0, 0.5625, 0.0, 0.9375, 0.0625, 0.6875, 0.375, 0.5, 0.8125, 0.0, 0.75, 0.9375]
[TRAIN]: (320/1600): reward: -114.73633813858032, rates: 0.263662713726205, loss: 3.2466484904289246, rho: 0.44375, transmit_actions: 10, P: [0.5625, 0.6875, 0.8125, 0.0, 0.625, 0.125, 0.5625, 0.8125, 0.4375, 0.0, 0.9375, 0.4375, 0.375, 0.125, 1.0, 0.875, 0.875, 1.0, 0.5, 0.6875]
[TRAIN]: (321/1600): reward: -172.8570375442505, rates: 1.1429620325833976, loss: 3.787169003486633, rho: 0.46875, transmit_actions: 11, P: [0.25, 0.3125, 0.4375, 1.0, 0.3125, 0.25, 0.5, 0.9375, 0.875, 0.375, 0.125, 0.75, 0.125, 1.0, 0.0625, 0.8125, 0.25, 0.4375, 0.5625, 0.0625]
[TRAIN]: (322/1600): reward: -150.82858163118362, rates: 1.1714190745556412, loss: 3.0390376150608063, rho: 0.4875, transmit_actions: 8, P: [0.0625, 0.875, 0.875, 0.3125, 0.375, 0.25, 0.8125, 0.9375, 0.625, 0.625, 0.625, 0.125, 0.0, 0.0, 0.375, 0.1875, 0.75, 0.0625, 0.1875, 0.75]
[TRAIN]: (323/1600): reward: -112.5319167971611, rates: 1.4680828979240432, loss: 3.1773125529289246, rho: 0.475, transmit_actions: 10, P: [0.0625, 0.3125, 0.875, 0.6875, 0.8125, 0.5625, 0.5, 0.25, 0.875, 0.6875, 0.0, 0.3125, 0.0625, 0.0, 0.25, 0.1875, 0.0625, 0.9375, 0.1875, 0.625]
[TRAIN]: (324/1600): reward: -140.72208853065968, rates: 2.277911109471879, loss: 4.101171553134918, rho: 0.525, transmit_actions: 11, P: [0.0625, 0.125, 0.25, 0.3125, 0.1875, 0.125, 1.0, 0.0, 0.4375, 0.1875, 0.875, 0.5, 0.25, 0.0625, 0.25, 0.25, 0.5, 1.0, 0.5625, 0.6875]
[TRAIN]: (325/1600): reward: -149.15551710128784, rates: 0.8444828524390939, loss: 3.526129221916199, rho: 0.5875, transmit_actions: 9, P: [0.9375, 0.1875, 0.375, 1.0, 0.5, 1.0, 0.4375, 1.0, 0.75, 0.375, 0.0, 0.9375, 0.875, 0.0, 0.5625, 1.0, 0.375, 0.1875, 0.75, 0.1875]
[TRAIN]: (326/1600): reward: -133.1004317700863, rates: 0.8995682018559863, loss: 2.905899554491043, rho: 0.5125, transmit_actions: 6, P: [0.5625, 0.125, 0.3125, 0.875, 1.0, 0.25, 0.6875, 0.625, 0.1875, 0.5, 0.25, 0.3125, 1.0, 0.5, 0.4375, 0.0625, 0.6875, 0.375, 0.5625, 1.0]
[TRAIN]: (327/1600): reward: -163.49767415225506, rates: 0.5023256367421478, loss: 3.162515264749527, rho: 0.46875, transmit_actions: 9, P: [0.6875, 1.0, 1.0, 0.0, 0.8125, 0.125, 1.0, 0.0, 0.25, 0.3125, 0.625, 0.75, 0.6875, 1.0, 0.0625, 0.875, 0.5625, 0.375, 0.125, 0.0625]
[TRAIN]: (328/1600): reward: -143.59396076202393, rates: 1.4060386989246452, loss: 3.143053430318832, rho: 0.51875, transmit_actions: 11, P: [0.75, 0.375, 0.5, 0.5, 0.3125, 1.0, 0.875, 0.625, 0.9375, 0.5, 0.5625, 0.9375, 0.375, 0.875, 0.375, 0.75, 0.3125, 0.5, 0.875, 0.125]
[TRAIN]: (329/1600): reward: -103.32576511800289, rates: 3.674234780966937, loss: 3.4198081731796264, rho: 0.5375, transmit_actions: 10, P: [0.875, 0.0625, 0.0, 0.5, 0.125, 0.25, 0.75, 0.5625, 0.0625, 0.875, 1.0, 0.4375, 0.625, 0.5, 0.9375, 0.9375, 0.125, 0.8125, 0.4375, 0.3125]
[TRAIN]: (330/1600): reward: -133.72274668514729, rates: 3.277253095174855, loss: 3.3916530847549438, rho: 0.5125, transmit_actions: 13, P: [0.8125, 0.5625, 0.9375, 0.8125, 0.0625, 0.5, 0.1875, 0.125, 0.8125, 0.125, 0.8125, 0.875, 0.0625, 0.5625, 0.6875, 0.25, 0.8125, 0.25, 0.75, 0.3125]
[TRAIN]: (331/1600): reward: -133.64452028274536, rates: 1.3554794859028498, loss: 3.2289969503879545, rho: 0.44375, transmit_actions: 8, P: [0.6875, 0.8125, 0.875, 0.6875, 0.6875, 0.5, 0.125, 0.3125, 0.375, 0.5, 0.4375, 0.5625, 1.0, 0.9375, 0.625, 0.625, 0.4375, 0.4375, 0.9375, 0.5]
[TRAIN]: (332/1600): reward: -133.5292365550995, rates: 2.4707637378541545, loss: 3.3214423060417175, rho: 0.54375, transmit_actions: 10, P: [0.5, 0.0625, 0.0625, 0.4375, 0.125, 0.375, 0.8125, 0.3125, 0.0, 0.0, 0.1875, 0.5, 0.0, 0.75, 0.0625, 0.75, 0.9375, 0.375, 0.0625, 0.6875]
[TRAIN]: (333/1600): reward: -127.38111168146133, rates: 1.618889110843852, loss: 2.906036537885666, rho: 0.4875, transmit_actions: 9, P: [0.3125, 0.875, 0.5625, 0.3125, 0.75, 0.0, 0.1875, 0.5625, 0.875, 0.5, 0.0625, 0.75, 0.75, 0.9375, 0.875, 0.1875, 0.0625, 0.25, 0.8125, 0.5]
[TRAIN]: (334/1600): reward: -138.45869302749634, rates: 1.5413079420124018, loss: 2.708527958393097, rho: 0.48125, transmit_actions: 9, P: [0.25, 0.3125, 0.8125, 1.0, 0.4375, 0.6875, 0.8125, 1.0, 0.125, 0.625, 0.875, 0.3125, 0.1875, 0.5625, 0.625, 0.5625, 0.8125, 0.4375, 0.0625, 0.8125]
[TRAIN]: (335/1600): reward: -165.9502182006836, rates: 0.04978144917830358, loss: 3.23990638256073, rho: 0.54375, transmit_actions: 8, P: [0.75, 0.875, 0.375, 0.6875, 0.125, 0.375, 0.5, 0.8125, 0.375, 0.375, 0.5, 0.875, 0.6875, 0.0625, 0.0625, 0.875, 0.875, 0.3125, 0.0, 0.75]
[TRAIN]: (336/1600): reward: -144.8660937100649, rates: 3.133905420937462, loss: 3.317441391944885, rho: 0.425, transmit_actions: 13, P: [0.1875, 0.625, 0.75, 1.0, 0.5625, 0.25, 0.625, 0.75, 0.375, 0.5625, 0.4375, 0.75, 0.75, 0.1875, 0.125, 0.5, 0.4375, 0.75, 0.0625, 0.625]
[TRAIN]: (337/1600): reward: -122.69585061073303, rates: 1.3041501388064283, loss: 2.968555560708046, rho: 0.4375, transmit_actions: 8, P: [0.875, 0.625, 0.375, 0.75, 1.0, 0.9375, 0.0, 0.75, 0.25, 0.875, 0.4375, 0.875, 0.6875, 0.875, 0.125, 0.8125, 0.8125, 0.75, 0.5, 0.1875]
[TRAIN]: (338/1600): reward: -157.4934959411621, rates: 0.5065044151410474, loss: 3.0185430705547334, rho: 0.525, transmit_actions: 8, P: [0.0625, 0.5, 0.5, 0.6875, 0.9375, 0.9375, 0.9375, 0.875, 0.5625, 0.4375, 0.625, 0.4375, 0.9375, 0.4375, 0.875, 0.1875, 0.75, 0.4375, 0.1875, 0.875]
[TRAIN]: (339/1600): reward: -135.49615037441254, rates: 3.5038495448283404, loss: 2.7408810555934906, rho: 0.5125, transmit_actions: 13, P: [0.25, 0.5, 0.75, 0.1875, 0.25, 0.3125, 0.1875, 0.75, 0.4375, 0.4375, 0.125, 0.375, 0.875, 0.875, 0.8125, 0.8125, 0.5625, 0.5, 0.125, 0.5]
[TRAIN]: (340/1600): reward: -170.84794425964355, rates: 1.1520562082589458, loss: 3.3065019607543946, rho: 0.5375, transmit_actions: 10, P: [0.75, 0.5625, 0.375, 0.0625, 0.9375, 0.8125, 0.375, 0.125, 0.625, 0.5625, 0.25, 0.0, 0.875, 0.375, 0.6875, 0.0, 0.1875, 0.75, 0.125, 0.75]
[TRAIN]: (341/1600): reward: -127.00537997484207, rates: 1.9946200258236788, loss: 2.8600606679916383, rho: 0.5625, transmit_actions: 10, P: [0.125, 0.6875, 0.8125, 0.375, 0.625, 0.0625, 0.625, 0.5625, 0.5, 0.125, 0.5625, 0.3125, 0.0625, 0.0, 0.25, 0.0625, 1.0, 0.8125, 0.9375, 0.75]
[TRAIN]: (342/1600): reward: -131.42552411556244, rates: 1.5744757319085445, loss: 3.2961092472076414, rho: 0.625, transmit_actions: 9, P: [0.75, 0.6875, 0.4375, 0.8125, 0.75, 0.4375, 0.9375, 0.0, 0.875, 0.6875, 0.5, 0.9375, 0.5625, 0.5625, 0.8125, 0.25, 0.125, 0.0625, 0.0, 0.75]
[TRAIN]: (343/1600): reward: -138.88720059394836, rates: 1.1127992615543627, loss: 2.867829090356827, rho: 0.50625, transmit_actions: 11, P: [0.9375, 0.1875, 0.6875, 1.0, 0.9375, 0.75, 0.375, 0.75, 0.8125, 1.0, 0.625, 0.3125, 0.1875, 0.25, 0.75, 0.375, 0.875, 0.75, 0.5625, 0.4375]
[TRAIN]: (344/1600): reward: -151.95094633102417, rates: 1.0490538396381905, loss: 2.920787787437439, rho: 0.44375, transmit_actions: 10, P: [0.625, 0.4375, 0.4375, 0.75, 0.3125, 1.0, 0.4375, 0.375, 0.6875, 0.25, 0.75, 0.5, 0.625, 0.9375, 0.5, 0.9375, 0.1875, 0.75, 0.6875, 0.4375]
[TRAIN]: (345/1600): reward: -111.25947193801403, rates: 2.7405283376963467, loss: 3.327765765786171, rho: 0.53125, transmit_actions: 14, P: [0.375, 0.9375, 0.9375, 0.75, 0.8125, 0.25, 0.375, 0.875, 0.125, 0.1875, 0.6875, 0.9375, 0.125, 0.5625, 0.4375, 0.375, 0.1875, 0.75, 0.9375, 0.5625]
[TRAIN]: (346/1600): reward: -169.29035726189613, rates: 0.7096432172127174, loss: 3.1100711643695833, rho: 0.56875, transmit_actions: 10, P: [0.875, 0.9375, 0.6875, 0.5625, 0.25, 0.8125, 0.9375, 0.9375, 0.375, 0.75, 0.625, 0.5625, 1.0, 1.0, 0.25, 0.5, 1.0, 0.4375, 0.0625, 0.875]
[TRAIN]: (347/1600): reward: -126.53976207971573, rates: 4.460237103482358, loss: 2.753396874666214, rho: 0.56875, transmit_actions: 10, P: [0.25, 0.6875, 0.125, 0.875, 0.9375, 0.1875, 0.1875, 0.375, 0.8125, 0.375, 0.75, 0.0625, 0.0625, 0.8125, 1.0, 0.0, 0.1875, 0.375, 0.3125, 0.25]
[TRAIN]: (348/1600): reward: -130.70413213968277, rates: 1.2958684903580637, loss: 2.9115444660186767, rho: 0.425, transmit_actions: 9, P: [0.375, 0.1875, 0.5625, 0.1875, 0.3125, 0.4375, 0.5625, 0.125, 0.125, 0.625, 0.375, 0.875, 0.375, 0.6875, 0.5, 0.375, 0.6875, 0.9375, 0.8125, 0.375]
[TRAIN]: (349/1600): reward: -164.36500316858292, rates: 1.6349963571906827, loss: 2.968849849700928, rho: 0.58125, transmit_actions: 8, P: [0.0625, 0.6875, 0.5, 0.0625, 0.1875, 0.5625, 0.5625, 0.8125, 0.5, 0.3125, 0.875, 0.375, 0.625, 0.5, 0.375, 0.5, 0.625, 0.8125, 1.0, 1.0]
[TRAIN]: (350/1600): reward: -130.16520228981972, rates: 2.83479791899518, loss: 3.1385376334190367, rho: 0.40625, transmit_actions: 9, P: [0.9375, 0.625, 0.8125, 0.75, 0.625, 0.625, 0.9375, 0.875, 0.8125, 0.5625, 0.1875, 0.1875, 0.5625, 0.25, 0.9375, 0.6875, 0.1875, 0.1875, 0.5625, 0.875]
[TRAIN]: (351/1600): reward: -125.76910746097565, rates: 1.2308922022963142, loss: 2.7630900740623474, rho: 0.49375, transmit_actions: 8, P: [0.3125, 0.375, 0.75, 0.625, 0.25, 0.5, 0.875, 0.0, 0.25, 0.8125, 0.5, 0.8125, 0.5, 0.375, 0.75, 0.25, 0.8125, 0.0625, 0.5625, 0.875]
[TRAIN]: (352/1600): reward: -120.18985870480537, rates: 2.8101412933035705, loss: 2.988126075267792, rho: 0.39375, transmit_actions: 10, P: [0.125, 0.0, 0.8125, 0.125, 1.0, 0.375, 0.8125, 1.0, 0.0625, 0.125, 0.75, 1.0, 0.0625, 0.0625, 0.875, 0.5625, 0.0625, 0.875, 0.6875, 1.0]
[TRAIN]: (353/1600): reward: -99.87376689910889, rates: 1.1262325609642452, loss: 3.0776958048343657, rho: 0.5125, transmit_actions: 10, P: [0.75, 0.9375, 0.9375, 0.5, 0.375, 0.25, 0.0625, 0.625, 1.0, 0.875, 0.9375, 0.5, 0.5625, 0.6875, 1.0, 0.9375, 0.0, 0.5, 0.9375, 0.8125]
[TRAIN]: (354/1600): reward: -135.09049129486084, rates: 0.9095080660891289, loss: 3.3093511402606963, rho: 0.4875, transmit_actions: 10, P: [0.4375, 0.8125, 0.9375, 0.3125, 0.6875, 1.0, 1.0, 0.4375, 1.0, 0.625, 0.875, 0.75, 0.5625, 0.0, 0.25, 0.625, 0.0, 0.4375, 1.0, 0.875]
[TRAIN]: (355/1600): reward: -146.6605248451233, rates: 2.3394751754384466, loss: 2.7930137395858763, rho: 0.46875, transmit_actions: 8, P: [0.25, 0.6875, 0.875, 0.0, 0.375, 0.875, 0.4375, 0.4375, 0.0625, 0.375, 0.75, 0.3125, 0.8125, 0.25, 0.1875, 0.625, 0.0625, 0.875, 0.3125, 0.125]
[TRAIN]: (356/1600): reward: -174.84957909584045, rates: 1.1504207299094578, loss: 2.7634846448898314, rho: 0.5375, transmit_actions: 10, P: [0.3125, 0.75, 0.5625, 0.8125, 0.8125, 0.3125, 1.0, 0.3125, 0.1875, 0.875, 0.3125, 0.5, 0.5625, 1.0, 0.3125, 0.375, 0.625, 0.6875, 0.5625, 0.375]
[TRAIN]: (357/1600): reward: -103.74866652488708, rates: 3.251332973660671, loss: 2.381449842453003, rho: 0.43125, transmit_actions: 11, P: [0.1875, 0.5, 0.8125, 1.0, 0.6875, 0.75, 0.6875, 0.875, 0.3125, 0.1875, 0.3125, 0.8125, 0.0, 0.1875, 0.8125, 0.3125, 0.6875, 0.25, 0.375, 0.0625]
[TRAIN]: (358/1600): reward: -141.42488288879395, rates: 0.5751174722242772, loss: 2.735036623477936, rho: 0.45, transmit_actions: 8, P: [0.5625, 0.0625, 0.8125, 0.25, 1.0, 0.625, 0.5, 1.0, 0.875, 0.1875, 0.8125, 0.9375, 0.1875, 0.8125, 0.875, 0.125, 0.8125, 0.9375, 0.0625, 0.5]
[TRAIN]: (359/1600): reward: -152.17456579208374, rates: 1.8254339234943568, loss: 2.9241906106472015, rho: 0.475, transmit_actions: 11, P: [0.8125, 0.6875, 0.375, 0.25, 0.6875, 0.9375, 1.0, 0.0625, 0.6875, 0.5625, 0.25, 0.25, 0.5, 0.125, 0.5, 0.1875, 0.5625, 0.5, 0.0, 0.875]
[TRAIN]: (360/1600): reward: -165.47847604751587, rates: 0.5215236997242496, loss: 2.8866832554340363, rho: 0.53125, transmit_actions: 7, P: [0.0, 0.3125, 0.5, 0.8125, 0.1875, 0.0, 0.25, 0.9375, 0.9375, 0.9375, 0.9375, 0.5625, 0.75, 0.625, 0.6875, 0.5625, 0.9375, 0.8125, 0.5, 1.0]
[TRAIN]: (361/1600): reward: -154.1949942111969, rates: 1.8050052657613649, loss: 2.8082711040973662, rho: 0.63125, transmit_actions: 11, P: [0.75, 1.0, 0.8125, 0.1875, 0.9375, 0.3125, 0.9375, 0.25, 1.0, 0.3125, 0.75, 0.4375, 0.8125, 0.5625, 0.4375, 0.875, 0.8125, 0.6875, 0.8125, 0.25]
[TRAIN]: (362/1600): reward: -135.72164505720139, rates: 3.278354953908241, loss: 2.8598339319229127, rho: 0.39375, transmit_actions: 11, P: [0.875, 0.3125, 0.8125, 0.9375, 0.4375, 0.75, 0.25, 0.1875, 0.625, 0.1875, 0.4375, 0.0625, 0.625, 0.0625, 0.6875, 0.8125, 0.3125, 0.0625, 0.0625, 0.125]
[TRAIN]: (363/1600): reward: -165.47832441329956, rates: 0.5216754733450508, loss: 2.865793853998184, rho: 0.5625, transmit_actions: 8, P: [0.5625, 0.4375, 0.0, 0.875, 0.0625, 0.75, 0.3125, 0.5625, 0.9375, 0.3125, 0.9375, 0.0, 0.3125, 0.8125, 0.4375, 0.25, 0.9375, 0.5, 0.875, 0.3125]
[TRAIN]: (364/1600): reward: -119.78684051334858, rates: 3.2131595920216527, loss: 2.4997022330760954, rho: 0.54375, transmit_actions: 11, P: [0.0625, 0.0625, 0.5, 0.4375, 0.4375, 0.5, 0.1875, 1.0, 0.0625, 0.375, 0.9375, 0.875, 0.875, 1.0, 0.0625, 0.625, 0.0625, 0.6875, 0.25, 0.375]
[TRAIN]: (365/1600): reward: -146.42855498939753, rates: 1.5714449264726456, loss: 2.3389669239521025, rho: 0.525, transmit_actions: 15, P: [0.375, 0.8125, 0.4375, 0.0, 0.5625, 0.75, 0.25, 0.4375, 0.5, 0.0625, 0.5625, 0.375, 0.1875, 0.0, 0.3125, 0.0625, 1.0, 0.75, 0.625, 0.75]
[TRAIN]: (366/1600): reward: -137.70843002200127, rates: 2.2915707495172977, loss: 3.152945899963379, rho: 0.54375, transmit_actions: 10, P: [0.75, 0.5, 0.25, 0.625, 0.0, 0.75, 0.875, 0.5625, 0.0625, 0.6875, 0.125, 0.1875, 0.5625, 0.75, 0.4375, 0.4375, 0.1875, 0.375, 0.75, 0.25]
[TRAIN]: (367/1600): reward: -146.30499577522278, rates: 1.6950040452646167, loss: 3.2543550431728363, rho: 0.49375, transmit_actions: 7, P: [0.0, 0.25, 0.5, 0.875, 0.875, 0.4375, 0.3125, 0.4375, 0.25, 0.3125, 0.4375, 0.5625, 0.1875, 0.375, 0.5, 0.6875, 0.0625, 0.8125, 0.125, 0.375]
[TRAIN]: (368/1600): reward: -133.7836528122425, rates: 2.2163479404747326, loss: 2.6446794092655184, rho: 0.53125, transmit_actions: 11, P: [0.625, 0.375, 0.125, 0.1875, 1.0, 0.25, 0.375, 0.4375, 0.0625, 0.0, 0.4375, 0.75, 0.0625, 0.6875, 0.0, 0.6875, 0.8125, 0.875, 0.125, 0.0625]
[TRAIN]: (369/1600): reward: -149.5276882648468, rates: 2.4723113386481135, loss: 2.537522068619728, rho: 0.45625, transmit_actions: 10, P: [0.75, 0.0625, 1.0, 0.375, 0.625, 0.5625, 0.125, 0.125, 0.375, 0.375, 0.4375, 0.4375, 0.5, 0.0, 0.1875, 1.0, 0.1875, 0.0, 0.4375, 1.0]
[TRAIN]: (370/1600): reward: -166.4825567752123, rates: 0.5174435110530771, loss: 2.4357970356941223, rho: 0.675, transmit_actions: 9, P: [0.875, 0.8125, 1.0, 0.125, 0.625, 0.75, 0.9375, 0.25, 0.0625, 0.5625, 0.0625, 0.5625, 0.0, 0.9375, 0.625, 0.5625, 0.75, 1.0, 0.875, 0.375]
[TRAIN]: (371/1600): reward: -125.5939253270626, rates: 1.4060749468726512, loss: 2.71180499792099, rho: 0.44375, transmit_actions: 10, P: [0.875, 0.8125, 0.1875, 0.6875, 0.375, 0.625, 0.0625, 0.1875, 0.5625, 1.0, 0.6875, 0.625, 0.9375, 1.0, 1.0, 0.5625, 0.75, 0.0, 0.5625, 0.375]
[TRAIN]: (372/1600): reward: -160.99626702070236, rates: 2.0037323025739853, loss: 2.5241174191236495, rho: 0.5125, transmit_actions: 11, P: [0.9375, 0.3125, 0.375, 0.5625, 0.625, 0.6875, 0.125, 0.5625, 0.0625, 0.75, 0.75, 0.125, 0.9375, 0.0, 1.0, 0.375, 0.4375, 0.8125, 0.0625, 0.625]
[TRAIN]: (373/1600): reward: -99.387680452317, rates: 2.6123195504303336, loss: 2.75810821056366, rho: 0.50625, transmit_actions: 7, P: [0.5625, 0.9375, 0.3125, 0.625, 0.1875, 0.4375, 0.625, 0.5, 0.875, 0.6875, 0.0625, 1.0, 0.25, 0.875, 0.625, 1.0, 1.0, 0.5625, 0.125, 0.6875]
[TRAIN]: (374/1600): reward: -130.4763082265854, rates: 1.5236913400472765, loss: 2.9385082483291627, rho: 0.5125, transmit_actions: 15, P: [0.875, 0.375, 0.0625, 0.5625, 0.75, 1.0, 0.4375, 0.375, 0.6875, 0.6875, 0.9375, 0.4375, 0.625, 0.1875, 0.5, 0.5, 0.0, 0.9375, 0.4375, 0.375]
[TRAIN]: (375/1600): reward: -130.58424726128578, rates: 3.4157523935713057, loss: 2.5658728003501894, rho: 0.65625, transmit_actions: 14, P: [0.6875, 0.75, 0.25, 0.5, 0.0625, 0.875, 0.375, 0.5625, 0.25, 0.5, 0.625, 0.125, 0.0625, 0.6875, 0.75, 0.3125, 0.25, 0.1875, 0.5, 0.375]
[TRAIN]: (376/1600): reward: -153.03922951221466, rates: 1.9607706343334665, loss: 2.6107767045497896, rho: 0.4875, transmit_actions: 11, P: [1.0, 0.5625, 0.375, 0.5625, 0.8125, 0.5625, 0.3125, 0.5625, 0.0625, 1.0, 0.6875, 1.0, 0.125, 0.8125, 0.6875, 0.125, 0.25, 0.8125, 0.9375, 0.9375]
[TRAIN]: (377/1600): reward: -167.21173095703125, rates: 0.7882689786350349, loss: 2.269721934199333, rho: 0.5875, transmit_actions: 13, P: [0.3125, 0.375, 0.75, 0.25, 0.625, 0.9375, 0.9375, 0.375, 0.9375, 0.6875, 0.625, 0.5625, 1.0, 0.125, 0.9375, 0.8125, 1.0, 0.0, 0.5, 0.0625]
[TRAIN]: (378/1600): reward: -169.90004968643188, rates: 1.0999500578696368, loss: 2.5156133353710173, rho: 0.60625, transmit_actions: 9, P: [0.5, 0.6875, 0.8125, 0.0, 0.5625, 0.8125, 0.3125, 0.5625, 0.25, 0.5625, 0.625, 0.6875, 0.125, 0.3125, 0.4375, 0.625, 0.4375, 0.5625, 0.625, 0.625]
[TRAIN]: (379/1600): reward: -147.83032566308975, rates: 2.16967419169731, loss: 2.6916445434093474, rho: 0.5625, transmit_actions: 13, P: [0.25, 0.75, 0.75, 0.125, 0.5, 0.875, 0.6875, 0.4375, 0.8125, 0.375, 0.125, 0.6875, 0.4375, 0.125, 1.0, 0.875, 0.5, 0.125, 0.0, 0.625]
[TRAIN]: (380/1600): reward: -120.68766152113676, rates: 1.3123381728709134, loss: 2.4580306470394135, rho: 0.55, transmit_actions: 10, P: [0.25, 0.8125, 0.3125, 0.75, 0.8125, 0.4375, 0.5, 0.0, 0.4375, 0.375, 0.625, 1.0, 0.8125, 0.1875, 1.0, 0.0, 0.0625, 0.375, 0.3125, 0.1875]
[TRAIN]: (381/1600): reward: -135.8514689207077, rates: 2.1485308038722084, loss: 2.7666804671287535, rho: 0.425, transmit_actions: 10, P: [0.5, 0.25, 0.8125, 0.9375, 0.5, 0.125, 0.375, 0.5, 0.4375, 0.375, 0.875, 0.875, 0.625, 0.75, 0.375, 0.4375, 0.75, 1.0, 0.875, 0.75]
[TRAIN]: (382/1600): reward: -171.38410329818726, rates: 0.6158970825063373, loss: 2.156779778003693, rho: 0.6125, transmit_actions: 11, P: [0.6875, 0.5625, 0.875, 0.625, 0.375, 0.5, 1.0, 0.25, 0.4375, 0.4375, 0.9375, 0.5625, 0.375, 0.75, 0.875, 0.6875, 0.3125, 0.5, 0.375, 1.0]
[TRAIN]: (383/1600): reward: -120.82111909985542, rates: 2.178880972699826, loss: 2.8691582500934603, rho: 0.64375, transmit_actions: 12, P: [0.8125, 0.1875, 0.0, 0.9375, 0.25, 0.5625, 0.375, 0.25, 0.75, 0.3125, 0.625, 0.8125, 0.5625, 0.5, 0.0625, 0.375, 0.5625, 0.0, 1.0, 0.75]
[TRAIN]: (384/1600): reward: -147.6372326016426, rates: 0.36276795882262314, loss: 2.3176986277103424, rho: 0.5875, transmit_actions: 6, P: [0.5625, 0.125, 0.5625, 1.0, 0.25, 0.375, 0.0625, 0.625, 0.9375, 0.3125, 0.75, 0.0, 0.625, 1.0, 0.0625, 0.375, 0.625, 0.9375, 0.3125, 0.0]
[TRAIN]: (385/1600): reward: -120.72908562421799, rates: 4.270914423899812, loss: 2.8275766909122466, rho: 0.5, transmit_actions: 12, P: [0.5625, 1.0, 0.9375, 1.0, 0.375, 0.375, 1.0, 0.875, 0.875, 0.1875, 0.875, 0.9375, 0.9375, 0.75, 0.25, 0.3125, 0.125, 0.3125, 0.125, 0.125]
[TRAIN]: (386/1600): reward: -129.9232529476285, rates: 4.076746586393227, loss: 2.720955365896225, rho: 0.49375, transmit_actions: 8, P: [0.875, 0.0625, 0.875, 0.375, 0.8125, 0.125, 0.0625, 0.0625, 0.6875, 0.1875, 0.125, 1.0, 0.5, 0.1875, 0.0625, 0.125, 0.625, 0.5625, 0.3125, 0.0]
[TRAIN]: (387/1600): reward: -139.69527053833008, rates: 2.3047297138111604, loss: 2.6795521557331083, rho: 0.45625, transmit_actions: 15, P: [0.875, 0.4375, 1.0, 0.875, 0.0, 0.1875, 0.625, 0.625, 0.3125, 0.25, 0.375, 0.375, 0.375, 0.375, 0.4375, 0.0, 0.625, 0.4375, 0.4375, 0.625]
[TRAIN]: (388/1600): reward: -151.88160517811775, rates: 2.118394953198513, loss: 2.5672859251499176, rho: 0.54375, transmit_actions: 11, P: [0.5, 0.0625, 0.5625, 0.9375, 0.5, 0.9375, 0.0, 0.25, 0.4375, 0.25, 0.5, 0.1875, 0.25, 0.25, 0.25, 0.8125, 1.0, 0.25, 0.4375, 0.1875]
[TRAIN]: (389/1600): reward: -108.51610616594553, rates: 1.4838943118803665, loss: 2.8530602037906645, rho: 0.4625, transmit_actions: 7, P: [0.9375, 0.125, 0.1875, 0.8125, 0.125, 0.75, 0.4375, 0.9375, 0.875, 0.75, 0.8125, 0.75, 0.5, 0.5625, 0.3125, 0.625, 0.625, 0.1875, 0.9375, 1.0]
[TRAIN]: (390/1600): reward: -142.92959094047546, rates: 1.0704090021485007, loss: 2.7021400570869445, rho: 0.60625, transmit_actions: 9, P: [0.5625, 0.0, 0.5625, 0.0, 0.1875, 0.375, 0.25, 0.8125, 0.8125, 0.6875, 0.625, 0.9375, 0.1875, 0.0, 0.0625, 0.9375, 0.4375, 0.5, 0.5, 0.8125]
[TRAIN]: (391/1600): reward: -117.62053346633911, rates: 2.3794663421839424, loss: 2.7574061870574953, rho: 0.56875, transmit_actions: 13, P: [0.125, 0.25, 0.0, 0.6875, 0.9375, 0.625, 0.125, 0.6875, 0.4375, 0.625, 0.1875, 0.125, 0.1875, 1.0, 0.375, 0.8125, 0.3125, 0.125, 0.5625, 0.875]
[TRAIN]: (392/1600): reward: -147.07481783628464, rates: 0.9251820561435793, loss: 2.6697494864463804, rho: 0.4875, transmit_actions: 8, P: [0.375, 0.75, 0.875, 0.6875, 0.8125, 0.375, 0.5625, 0.25, 0.0625, 0.625, 0.25, 0.4375, 0.9375, 1.0, 0.25, 0.75, 0.5, 0.6875, 0.3125, 0.125]
[TRAIN]: (393/1600): reward: -160.72043824195862, rates: 1.2795626417701351, loss: 2.2933031380176545, rho: 0.51875, transmit_actions: 8, P: [0.0625, 0.3125, 0.5625, 0.3125, 0.75, 0.9375, 0.75, 1.0, 0.5625, 0.6875, 0.3125, 0.9375, 0.8125, 1.0, 0.0, 0.0625, 0.6875, 0.5625, 0.875, 0.375]
[TRAIN]: (394/1600): reward: -145.65029668807983, rates: 2.3497030871947637, loss: 2.4249647855758667, rho: 0.50625, transmit_actions: 9, P: [0.0625, 0.5, 0.375, 0.6875, 0.1875, 0.125, 0.0625, 0.1875, 0.625, 0.6875, 0.4375, 0.25, 0.1875, 0.4375, 0.1875, 0.6875, 0.6875, 0.25, 0.75, 0.375]
[TRAIN]: (395/1600): reward: -162.69771909713745, rates: 1.302281298429647, loss: 2.2398089081048966, rho: 0.5625, transmit_actions: 10, P: [0.0625, 0.3125, 0.1875, 0.9375, 0.625, 0.5, 0.8125, 0.75, 0.3125, 0.6875, 0.125, 0.75, 0.1875, 0.9375, 0.6875, 0.6875, 0.3125, 0.375, 0.625, 0.375]
[TRAIN]: (396/1600): reward: -144.70441454648972, rates: 1.2955846992043676, loss: 1.969746369123459, rho: 0.54375, transmit_actions: 11, P: [0.5625, 1.0, 0.8125, 0.875, 0.0625, 0.625, 0.875, 0.25, 0.875, 0.0625, 0.0, 0.625, 0.0625, 0.4375, 0.8125, 0.6875, 0.4375, 0.6875, 0.375, 0.0625]
[TRAIN]: (397/1600): reward: -150.71716141700745, rates: 2.282838807179342, loss: 2.354295164346695, rho: 0.46875, transmit_actions: 9, P: [0.0625, 0.125, 0.1875, 0.9375, 0.25, 0.8125, 0.4375, 0.0625, 0.5625, 0.3125, 0.1875, 0.6875, 0.8125, 0.3125, 0.875, 0.4375, 0.1875, 0.6875, 0.5, 0.5]
[TRAIN]: (398/1600): reward: -124.73242434859276, rates: 1.2675755699311533, loss: 2.551837956905365, rho: 0.50625, transmit_actions: 9, P: [0.5, 0.375, 0.25, 0.1875, 0.125, 1.0, 1.0, 0.125, 0.375, 0.9375, 0.5, 0.0, 0.0, 1.0, 0.25, 0.0, 0.0625, 0.1875, 0.875, 0.9375]
[TRAIN]: (399/1600): reward: -122.89594769477844, rates: 1.104051928496697, loss: 2.595234823226929, rho: 0.5, transmit_actions: 5, P: [0.1875, 0.5625, 0.9375, 0.9375, 0.4375, 0.25, 0.3125, 0.8125, 0.4375, 0.6875, 0.875, 0.8125, 1.0, 0.5625, 0.875, 0.4375, 0.25, 0.0625, 0.375, 0.0625]
[TRAIN]: (400/1600): reward: -121.70900845527649, rates: 3.290992359095627, loss: 2.6314857602119446, rho: 0.54375, transmit_actions: 11, P: [0.0625, 0.0, 0.1875, 1.0, 0.3125, 0.3125, 0.5, 0.75, 0.375, 0.25, 0.1875, 0.6875, 0.4375, 0.0, 0.3125, 0.4375, 0.5625, 0.3125, 0.3125, 0.125]
[TRAIN]: (401/1600): reward: -163.33376288414001, rates: 0.6662379194226603, loss: 2.5134681820869447, rho: 0.50625, transmit_actions: 12, P: [0.4375, 0.0625, 0.75, 0.3125, 0.125, 0.8125, 0.875, 0.5, 1.0, 1.0, 0.8125, 0.5, 0.375, 0.875, 0.5, 0.8125, 0.75, 0.0, 0.6875, 0.875]
[TRAIN]: (402/1600): reward: -144.97430896759033, rates: 2.025691075242807, loss: 2.2789736568927763, rho: 0.59375, transmit_actions: 12, P: [0.0, 0.5, 0.5625, 0.625, 0.3125, 0.375, 0.1875, 0.5625, 0.1875, 0.125, 0.0, 0.3125, 0.6875, 0.875, 0.25, 0.3125, 1.0, 0.5625, 0.5625, 0.875]
[TRAIN]: (403/1600): reward: -139.47456192970276, rates: 1.5254383686120623, loss: 2.430492156744003, rho: 0.525, transmit_actions: 11, P: [0.3125, 0.75, 1.0, 0.0625, 0.8125, 0.125, 0.125, 0.3125, 0.75, 0.5, 0.1875, 1.0, 0.5, 0.0, 0.5, 0.9375, 0.375, 0.6875, 1.0, 0.1875]
[TRAIN]: (404/1600): reward: -148.02832797169685, rates: 1.9716717142518525, loss: 2.552104640007019, rho: 0.48125, transmit_actions: 9, P: [0.875, 0.375, 0.0, 0.0, 0.9375, 0.3125, 0.0, 0.125, 0.625, 0.125, 0.0625, 0.875, 0.3125, 0.3125, 0.4375, 0.3125, 0.375, 0.4375, 0.625, 0.4375]
[TRAIN]: (405/1600): reward: -150.26169535517693, rates: 1.7383044806835461, loss: 2.4203550577163697, rho: 0.4625, transmit_actions: 11, P: [0.5625, 0.1875, 0.625, 0.25, 0.5625, 0.625, 0.625, 0.625, 0.4375, 0.125, 0.3125, 0.875, 0.9375, 0.5625, 0.1875, 0.125, 0.5625, 0.8125, 0.8125, 0.6875]
[TRAIN]: (406/1600): reward: -125.52919465303421, rates: 2.470805237001376, loss: 2.7639603555202483, rho: 0.44375, transmit_actions: 11, P: [0.5, 0.1875, 0.3125, 0.8125, 0.6875, 0.375, 0.6875, 0.3125, 0.9375, 0.875, 0.25, 0.625, 0.5, 0.125, 0.4375, 1.0, 1.0, 0.5, 0.8125, 0.1875]
[TRAIN]: (407/1600): reward: -133.8940801024437, rates: 2.1059195281310177, loss: 2.3223959416151048, rho: 0.51875, transmit_actions: 14, P: [0.9375, 0.375, 0.875, 0.5625, 0.875, 0.25, 0.375, 0.375, 0.5, 0.3125, 0.9375, 1.0, 0.5625, 1.0, 0.875, 0.0, 0.125, 0.4375, 0.5625, 0.5625]
[TRAIN]: (408/1600): reward: -153.68833541870117, rates: 2.31166451747346, loss: 1.9674976885318756, rho: 0.4, transmit_actions: 10, P: [0.4375, 0.375, 0.5625, 0.5625, 0.625, 0.75, 0.5, 0.25, 0.5, 0.4375, 0.8125, 0.625, 0.6875, 0.1875, 0.5625, 0.125, 0.25, 0.25, 0.25, 0.625]
[TRAIN]: (409/1600): reward: -136.612713098526, rates: 1.387286662360924, loss: 2.3563848972320556, rho: 0.5125, transmit_actions: 12, P: [0.3125, 0.3125, 0.5, 0.375, 0.0, 0.0625, 0.75, 0.0, 0.25, 0.5, 0.875, 0.3125, 0.8125, 0.8125, 0.5, 0.6875, 0.5625, 0.1875, 0.75, 0.625]
[TRAIN]: (410/1600): reward: -107.81975483894348, rates: 2.1802455092581603, loss: 2.4623044192790986, rho: 0.39375, transmit_actions: 10, P: [0.375, 0.5, 0.3125, 0.5625, 0.5625, 0.0625, 0.25, 0.25, 0.3125, 0.3125, 0.6875, 0.5625, 0.1875, 0.375, 1.0, 0.8125, 0.6875, 0.9375, 0.4375, 0.1875]
[TRAIN]: (411/1600): reward: -153.4828863143921, rates: 1.5171135575944945, loss: 2.4857465982437135, rho: 0.5, transmit_actions: 11, P: [0.75, 0.6875, 0.625, 0.625, 0.3125, 0.6875, 0.0625, 0.5625, 0.25, 0.4375, 0.3125, 0.5, 0.3125, 0.5, 0.75, 0.5, 0.5, 0.9375, 0.6875, 0.375]
[TRAIN]: (412/1600): reward: -123.71331861615181, rates: 3.2866815895980412, loss: 2.342106318473816, rho: 0.44375, transmit_actions: 11, P: [0.125, 0.0625, 0.8125, 0.125, 0.875, 0.875, 0.4375, 0.25, 0.0, 0.1875, 0.9375, 0.125, 0.1875, 0.625, 0.5625, 0.6875, 0.5625, 0.0, 0.1875, 0.6875]
[TRAIN]: (413/1600): reward: -164.98994636535645, rates: 1.0100539791280947, loss: 2.6974363923072815, rho: 0.5375, transmit_actions: 9, P: [0.6875, 1.0, 0.375, 1.0, 0.9375, 1.0, 0.6875, 0.25, 0.1875, 0.9375, 0.375, 0.125, 0.0625, 0.5625, 0.6875, 0.5625, 0.5625, 0.625, 0.5625, 1.0]
[TRAIN]: (414/1600): reward: -141.66935595870018, rates: 1.3306439769194505, loss: 2.2557164549827577, rho: 0.475, transmit_actions: 7, P: [0.625, 0.0, 0.875, 0.0, 0.3125, 0.75, 0.0, 0.0625, 0.375, 0.3125, 0.0625, 0.0625, 0.1875, 0.375, 0.875, 1.0, 0.0, 0.0, 0.375, 0.1875]
[TRAIN]: (415/1600): reward: -146.36085799336433, rates: 1.639141833674608, loss: 2.5122928082942964, rho: 0.49375, transmit_actions: 8, P: [0.25, 0.5625, 0.375, 0.4375, 0.8125, 0.625, 0.125, 0.125, 0.1875, 0.8125, 0.25, 0.9375, 0.0625, 0.25, 0.9375, 0.25, 0.875, 0.3125, 0.375, 0.8125]
[TRAIN]: (416/1600): reward: -161.74869057536125, rates: 1.2513088884474681, loss: 2.308042624592781, rho: 0.53125, transmit_actions: 14, P: [0.625, 1.0, 0.9375, 0.5625, 0.1875, 0.5625, 0.5625, 0.1875, 1.0, 0.3125, 0.5625, 0.1875, 0.6875, 0.625, 0.625, 0.375, 0.625, 0.5625, 0.25, 0.125]
[TRAIN]: (417/1600): reward: -141.64764964580536, rates: 2.3523508015835, loss: 2.3583924233913423, rho: 0.51875, transmit_actions: 12, P: [0.6875, 0.25, 0.0, 0.0, 0.75, 0.9375, 0.5, 0.0, 0.5625, 0.25, 0.5, 0.8125, 0.125, 0.4375, 0.875, 0.0, 0.6875, 0.125, 0.6875, 0.375]
[TRAIN]: (418/1600): reward: -141.21859845519066, rates: 1.781401812877301, loss: 2.5489663004875185, rho: 0.54375, transmit_actions: 10, P: [0.9375, 0.625, 0.5, 0.375, 0.3125, 0.5, 0.125, 0.5, 0.25, 0.625, 0.625, 0.1875, 1.0, 0.5, 0.75, 0.5, 1.0, 0.875, 0.375, 0.25]
[TRAIN]: (419/1600): reward: -135.4469996392727, rates: 1.5530000675267996, loss: 2.518228459358215, rho: 0.56875, transmit_actions: 8, P: [1.0, 0.125, 0.1875, 0.25, 0.875, 0.875, 0.625, 0.5625, 0.125, 0.5625, 0.4375, 0.6875, 0.4375, 0.5625, 0.125, 0.3125, 0.1875, 0.1875, 0.625, 0.6875]
[TRAIN]: (420/1600): reward: -145.10941830277443, rates: 2.89058128139477, loss: 2.1531194686889648, rho: 0.5, transmit_actions: 9, P: [0.4375, 0.875, 0.8125, 0.125, 0.1875, 0.1875, 0.75, 0.75, 0.5, 0.25, 0.625, 0.0, 0.625, 0.25, 0.3125, 0.25, 0.75, 0.5, 0.1875, 0.125]
[TRAIN]: (421/1600): reward: -117.47458493709564, rates: 2.5254152341993468, loss: 2.316448247432709, rho: 0.44375, transmit_actions: 8, P: [0.375, 0.625, 0.75, 0.1875, 0.1875, 0.4375, 1.0, 0.5625, 0.5, 1.0, 0.75, 0.6875, 0.8125, 0.0625, 0.0, 0.0, 0.125, 0.25, 0.3125, 0.875]
[TRAIN]: (422/1600): reward: -126.4811429977417, rates: 1.5188577639360414, loss: 2.216111493110657, rho: 0.5, transmit_actions: 12, P: [0.75, 0.5, 0.9375, 0.875, 0.0625, 1.0, 0.4375, 0.4375, 0.0625, 0.0625, 0.5625, 0.5625, 0.5, 0.875, 0.9375, 0.875, 0.8125, 0.375, 0.875, 0.5]
[TRAIN]: (423/1600): reward: -155.41090661287308, rates: 2.589093449551658, loss: 2.292834037542343, rho: 0.53125, transmit_actions: 11, P: [0.5625, 0.75, 0.125, 0.375, 0.0625, 0.0, 0.0625, 0.375, 0.5625, 0.5, 0.125, 0.0, 0.5625, 0.8125, 0.375, 0.75, 0.4375, 0.0625, 0.0625, 0.6875]
[TRAIN]: (424/1600): reward: -152.12063229084015, rates: 1.8793674229403468, loss: 2.383430761098862, rho: 0.55625, transmit_actions: 11, P: [0.4375, 0.75, 0.4375, 0.375, 0.6875, 0.0, 0.375, 0.875, 0.0, 0.375, 0.4375, 0.75, 1.0, 0.4375, 0.8125, 0.75, 1.0, 0.125, 0.4375, 0.3125]
[TRAIN]: (425/1600): reward: -129.1228533089161, rates: 1.8771462547521152, loss: 2.334263914823532, rho: 0.5125, transmit_actions: 12, P: [0.8125, 1.0, 0.0, 0.5, 0.0, 0.8125, 0.8125, 0.9375, 0.5625, 0.1875, 0.0, 0.5625, 0.5625, 0.5, 0.6875, 0.3125, 0.25, 0.75, 0.875, 0.25]
[TRAIN]: (426/1600): reward: -140.34556472301483, rates: 1.654435207602761, loss: 2.337479692697525, rho: 0.48125, transmit_actions: 7, P: [0.4375, 0.375, 0.125, 0.875, 0.5, 0.3125, 0.375, 0.0625, 0.3125, 0.6875, 0.3125, 0.125, 0.3125, 0.75, 0.375, 0.9375, 0.0625, 0.3125, 0.5625, 0.6875]
[TRAIN]: (427/1600): reward: -124.63745021820068, rates: 1.3625501970383505, loss: 2.013567554950714, rho: 0.38125, transmit_actions: 11, P: [1.0, 0.6875, 0.375, 0.4375, 0.875, 0.3125, 0.375, 1.0, 0.5, 0.5, 0.5, 1.0, 0.75, 1.0, 1.0, 0.0, 0.375, 0.0, 0.4375, 0.25]
[TRAIN]: (428/1600): reward: -119.42887842655182, rates: 1.5711212781774822, loss: 2.409826600551605, rho: 0.4125, transmit_actions: 7, P: [0.375, 0.9375, 0.8125, 0.4375, 0.6875, 0.8125, 0.9375, 0.0625, 0.0, 0.625, 1.0, 0.125, 0.5625, 0.375, 1.0, 0.8125, 0.5, 0.375, 0.5, 0.75]
[TRAIN]: (429/1600): reward: -122.87018781900406, rates: 1.1298119024756563, loss: 2.505983477830887, rho: 0.4375, transmit_actions: 10, P: [0.9375, 0.5625, 0.8125, 0.875, 0.5, 0.3125, 0.8125, 0.125, 0.6875, 0.3125, 0.375, 0.375, 0.9375, 0.875, 0.25, 0.875, 0.0, 0.1875, 0.9375, 0.4375]
[TRAIN]: (430/1600): reward: -152.80647158622742, rates: 1.1935284610365517, loss: 2.386164075136185, rho: 0.4375, transmit_actions: 7, P: [0.0625, 0.1875, 0.0, 0.9375, 0.375, 0.4375, 0.5, 0.75, 0.8125, 0.125, 0.5, 0.3125, 0.25, 0.9375, 0.1875, 1.0, 0.0625, 0.25, 0.5625, 0.125]
[TRAIN]: (431/1600): reward: -148.29017841815948, rates: 0.7098216916666886, loss: 2.3046904385089872, rho: 0.49375, transmit_actions: 9, P: [0.125, 0.5625, 0.125, 0.4375, 1.0, 0.3125, 0.0, 0.5, 0.875, 0.75, 0.6875, 0.4375, 0.5, 0.4375, 0.5, 0.875, 0.75, 0.5625, 0.375, 0.6875]
[TRAIN]: (432/1600): reward: -165.89135566353798, rates: 1.1086446964035352, loss: 2.455282521247864, rho: 0.51875, transmit_actions: 9, P: [0.4375, 0.625, 0.375, 0.6875, 0.5625, 0.6875, 0.8125, 1.0, 0.6875, 0.0625, 0.5625, 0.25, 0.375, 0.8125, 0.75, 0.0, 0.6875, 0.625, 0.6875, 0.5]
[TRAIN]: (433/1600): reward: -126.92476296424866, rates: 2.075236750360431, loss: 2.351071906089783, rho: 0.5375, transmit_actions: 10, P: [0.3125, 0.1875, 0.9375, 0.875, 0.8125, 0.4375, 0.0625, 0.5, 1.0, 0.0625, 0.0625, 0.25, 0.9375, 0.5, 0.75, 0.4375, 0.875, 0.3125, 0.875, 0.75]
[TRAIN]: (434/1600): reward: -150.13510918617249, rates: 1.8648903400515178, loss: 2.5101686000823973, rho: 0.54375, transmit_actions: 14, P: [0.625, 0.875, 0.0625, 0.9375, 0.375, 0.5625, 0.75, 0.5, 0.5, 0.625, 0.5, 1.0, 0.375, 0.75, 0.5625, 0.0625, 0.625, 0.25, 0.375, 0.1875]
[TRAIN]: (435/1600): reward: -143.88715702295303, rates: 1.1128428924747498, loss: 2.529431164264679, rho: 0.50625, transmit_actions: 9, P: [0.625, 0.25, 0.8125, 0.1875, 0.6875, 0.1875, 0.25, 0.625, 1.0, 1.0, 0.875, 0.5625, 0.125, 0.6875, 0.875, 0.8125, 0.25, 0.8125, 1.0, 0.0]
[TRAIN]: (436/1600): reward: -130.65507659316063, rates: 2.3449238632469886, loss: 2.1939607322216035, rho: 0.625, transmit_actions: 10, P: [0.625, 0.5, 0.5, 0.1875, 0.0625, 0.875, 1.0, 0.375, 0.375, 0.3125, 0.0, 0.125, 0.4375, 0.5, 0.375, 0.4375, 0.6875, 0.0, 0.8125, 0.8125]
[TRAIN]: (437/1600): reward: -122.78606444597244, rates: 1.2139356278462152, loss: 2.3323293209075926, rho: 0.51875, transmit_actions: 9, P: [0.375, 0.1875, 0.1875, 0.9375, 0.5625, 0.6875, 0.0, 0.5625, 0.75, 0.5, 0.75, 0.0, 0.5625, 0.6875, 0.6875, 0.4375, 0.875, 0.0625, 0.375, 0.875]
[TRAIN]: (438/1600): reward: -147.817361921072, rates: 2.182638635097953, loss: 2.3028389632701876, rho: 0.5125, transmit_actions: 10, P: [0.9375, 0.5, 0.125, 0.875, 0.9375, 0.0625, 0.5625, 0.4375, 0.0625, 0.375, 0.875, 0.375, 0.0, 0.625, 0.75, 0.5, 0.25, 0.125, 0.4375, 0.8125]
[TRAIN]: (439/1600): reward: -152.01106548309326, rates: 1.9889346195762274, loss: 2.110265928506851, rho: 0.46875, transmit_actions: 9, P: [0.5, 0.25, 0.1875, 0.6875, 0.4375, 0.625, 0.3125, 0.8125, 0.3125, 0.3125, 0.4375, 0.5, 0.75, 0.75, 1.0, 0.875, 0.375, 0.3125, 0.625, 0.25]
[TRAIN]: (440/1600): reward: -127.95047414302826, rates: 2.0495254652111865, loss: 1.9601878643035888, rho: 0.5125, transmit_actions: 9, P: [0.0, 0.3125, 0.875, 0.9375, 0.4375, 0.25, 1.0, 0.6875, 0.4375, 0.3125, 0.0, 0.375, 0.75, 0.625, 0.0625, 0.125, 0.0625, 1.0, 0.1875, 0.375]
[TRAIN]: (441/1600): reward: -168.08524191379547, rates: 0.9147582463247639, loss: 2.0157716989517214, rho: 0.46875, transmit_actions: 10, P: [0.8125, 0.5625, 0.1875, 0.5625, 0.375, 0.25, 0.625, 0.6875, 0.0, 0.8125, 0.125, 0.625, 0.0, 0.4375, 0.8125, 0.0, 0.3125, 0.6875, 0.375, 1.0]
[TRAIN]: (442/1600): reward: -142.30688986182213, rates: 2.6931100250148234, loss: 2.242021942138672, rho: 0.38125, transmit_actions: 9, P: [0.75, 0.8125, 0.3125, 0.5, 0.4375, 0.75, 0.0625, 0.5, 0.9375, 1.0, 0.75, 0.3125, 0.0, 0.4375, 0.9375, 0.125, 0.5, 0.0625, 0.0625, 0.375]
[TRAIN]: (443/1600): reward: -151.5217719078064, rates: 0.47822814230523164, loss: 2.4094569742679597, rho: 0.50625, transmit_actions: 6, P: [0.0625, 1.0, 0.8125, 0.3125, 0.1875, 0.4375, 0.9375, 0.5625, 0.8125, 0.0, 0.75, 0.25, 0.375, 0.0, 0.0625, 0.25, 0.4375, 0.9375, 0.0, 0.0625]
[TRAIN]: (444/1600): reward: -126.53050339221954, rates: 1.4694972590665853, loss: 2.245748072862625, rho: 0.45, transmit_actions: 13, P: [1.0, 0.25, 0.0, 0.625, 0.8125, 0.875, 1.0, 0.625, 0.25, 0.9375, 0.3125, 0.9375, 0.8125, 0.875, 0.5625, 0.25, 0.1875, 0.875, 0.625, 0.625]
[TRAIN]: (445/1600): reward: -124.64762532711029, rates: 0.3523741656833043, loss: 2.1985818326473234, rho: 0.5, transmit_actions: 6, P: [0.25, 0.125, 0.5625, 0.8125, 0.375, 0.8125, 0.125, 0.75, 0.1875, 0.75, 0.9375, 0.5, 0.875, 0.0, 0.5625, 0.75, 0.75, 0.8125, 0.3125, 0.8125]
[TRAIN]: (446/1600): reward: -125.68545323610306, rates: 1.3145458524297133, loss: 1.9768326103687286, rho: 0.41875, transmit_actions: 9, P: [0.0625, 0.8125, 0.6875, 0.8125, 0.5, 0.8125, 0.0625, 0.0625, 0.6875, 0.8125, 0.125, 0.8125, 0.0625, 0.5, 0.0, 0.6875, 0.75, 0.0, 0.1875, 0.8125]
[TRAIN]: (447/1600): reward: -137.60432088375092, rates: 1.3956789072709683, loss: 2.3873784363269808, rho: 0.575, transmit_actions: 8, P: [0.8125, 0.125, 0.375, 0.8125, 0.375, 0.8125, 0.25, 0.125, 0.625, 0.5, 0.3125, 0.5625, 0.6875, 0.375, 0.125, 0.375, 0.0, 0.375, 0.4375, 0.0]
[TRAIN]: (448/1600): reward: -141.80165082216263, rates: 1.198349253132565, loss: 2.1186848521232604, rho: 0.6, transmit_actions: 7, P: [0.6875, 0.0, 0.25, 0.75, 0.625, 0.4375, 0.25, 0.4375, 0.1875, 0.875, 0.625, 0.1875, 0.375, 0.9375, 0.4375, 1.0, 0.0625, 0.0, 0.0, 0.9375]
[TRAIN]: (449/1600): reward: -152.1928283572197, rates: 1.8071715958497516, loss: 2.1184969007968903, rho: 0.5875, transmit_actions: 8, P: [0.1875, 0.0, 0.0, 0.8125, 0.75, 0.6875, 0.3125, 0.875, 0.5625, 0.8125, 0.1875, 0.375, 0.125, 0.125, 0.75, 0.5, 0.75, 0.5, 0.875, 0.6875]
[TRAIN]: (450/1600): reward: -145.2419287711382, rates: 0.7580712509623626, loss: 1.8892909705638885, rho: 0.49375, transmit_actions: 6, P: [0.75, 0.5625, 0.375, 0.125, 0.4375, 0.125, 0.8125, 0.0, 0.75, 0.0625, 0.25, 0.4375, 0.125, 1.0, 0.0, 0.3125, 0.875, 1.0, 0.5, 0.8125]
[TRAIN]: (451/1600): reward: -155.76427727937698, rates: 2.235722337104369, loss: 2.075894629955292, rho: 0.4875, transmit_actions: 9, P: [0.6875, 0.625, 0.25, 0.6875, 0.5625, 0.0625, 0.6875, 0.8125, 0.5625, 0.5, 0.4375, 0.125, 0.25, 0.875, 0.8125, 0.1875, 0.0625, 0.375, 0.0, 0.25]
[TRAIN]: (452/1600): reward: -148.61063438653946, rates: 1.3893658920352812, loss: 2.3033134400844575, rho: 0.4875, transmit_actions: 12, P: [0.625, 0.875, 0.4375, 0.875, 0.1875, 0.75, 0.125, 0.5, 0.4375, 0.3125, 0.625, 0.375, 1.0, 0.0, 0.125, 0.1875, 0.375, 0.9375, 0.75, 0.875]
[TRAIN]: (453/1600): reward: -115.71069329977036, rates: 3.2893065199214577, loss: 2.257449734210968, rho: 0.44375, transmit_actions: 11, P: [0.25, 0.0, 0.125, 0.8125, 0.5, 0.5, 0.0, 0.375, 0.4375, 0.9375, 0.0625, 0.625, 0.0625, 0.5625, 0.1875, 0.9375, 0.8125, 0.0625, 0.9375, 0.8125]
[TRAIN]: (454/1600): reward: -129.89027667045593, rates: 3.109723235313919, loss: 2.0449343800544737, rho: 0.55, transmit_actions: 12, P: [0.4375, 0.1875, 1.0, 0.1875, 0.3125, 0.5625, 0.25, 0.0625, 0.25, 0.5625, 0.375, 0.5625, 1.0, 0.375, 1.0, 0.4375, 0.625, 0.375, 0.6875, 0.1875]
[TRAIN]: (455/1600): reward: -124.29006445407867, rates: 1.7099355284617301, loss: 2.085113614797592, rho: 0.51875, transmit_actions: 11, P: [0.25, 0.5625, 0.375, 0.875, 0.1875, 0.5, 0.8125, 0.6875, 0.4375, 0.625, 0.25, 0.375, 0.625, 0.375, 0.0, 0.1875, 0.9375, 0.75, 0.9375, 0.375]
[TRAIN]: (456/1600): reward: -133.50076282024384, rates: 2.4992373009522653, loss: 1.9228057324886323, rho: 0.5125, transmit_actions: 11, P: [1.0, 0.875, 0.75, 0.8125, 1.0, 0.875, 0.6875, 0.3125, 0.6875, 0.0625, 0.4375, 0.125, 0.0625, 0.875, 0.1875, 0.8125, 0.8125, 0.375, 0.0625, 0.875]
[TRAIN]: (457/1600): reward: -137.6503343731165, rates: 2.3496667222047325, loss: 1.9023526400327682, rho: 0.5, transmit_actions: 9, P: [0.3125, 0.9375, 0.9375, 0.0625, 0.5625, 0.625, 0.375, 0.6875, 0.3125, 0.625, 0.9375, 0.5625, 0.0625, 0.1875, 0.0625, 0.6875, 0.4375, 0.25, 0.5, 0.5625]
[TRAIN]: (458/1600): reward: -108.72812747955322, rates: 3.2718724791780534, loss: 2.0873449981212615, rho: 0.55, transmit_actions: 13, P: [0.375, 0.0, 0.5625, 0.125, 0.5625, 0.0, 0.6875, 0.125, 0.25, 0.375, 0.875, 0.375, 0.6875, 0.6875, 0.75, 0.9375, 1.0, 0.6875, 0.25, 0.75]
[TRAIN]: (459/1600): reward: -157.43990802764893, rates: 0.5600920071038723, loss: 1.96701939702034, rho: 0.4375, transmit_actions: 8, P: [0.5625, 0.6875, 0.625, 0.8125, 0.625, 0.125, 0.125, 0.875, 0.4375, 0.0625, 0.9375, 0.9375, 0.625, 0.5625, 0.75, 0.9375, 0.375, 0.4375, 0.9375, 0.9375]
[TRAIN]: (460/1600): reward: -142.8435502052307, rates: 2.1564500109995235, loss: 2.0750177204608917, rho: 0.40625, transmit_actions: 15, P: [0.0625, 0.0, 0.5625, 0.25, 0.5625, 0.375, 0.625, 0.125, 0.9375, 0.1875, 0.25, 0.6875, 1.0, 0.75, 0.625, 0.25, 0.625, 0.625, 0.5, 0.75]
[TRAIN]: (461/1600): reward: -143.3662094771862, rates: 1.6337904662762435, loss: 2.024387601017952, rho: 0.51875, transmit_actions: 10, P: [0.25, 0.75, 0.375, 0.0, 0.875, 0.25, 0.8125, 0.4375, 0.125, 0.375, 0.6875, 0.625, 0.25, 0.6875, 1.0, 0.3125, 0.875, 0.875, 1.0, 0.25]
[TRAIN]: (462/1600): reward: -140.79665610194206, rates: 1.2033441113869652, loss: 2.0567888736724855, rho: 0.48125, transmit_actions: 12, P: [0.6875, 0.3125, 0.375, 0.4375, 0.9375, 0.6875, 0.25, 0.9375, 0.0625, 0.3125, 0.0625, 0.125, 0.5625, 0.75, 0.5, 0.625, 0.9375, 0.875, 0.625, 0.25]
[TRAIN]: (463/1600): reward: -141.95519924163818, rates: 1.0448005611900015, loss: 2.2292522698640824, rho: 0.4125, transmit_actions: 10, P: [0.125, 1.0, 0.75, 0.875, 0.6875, 0.0625, 0.8125, 0.5, 0.5, 0.8125, 0.0, 0.5625, 0.625, 0.0625, 0.5625, 0.5, 0.3125, 0.5625, 0.1875, 0.125]
[TRAIN]: (464/1600): reward: -121.99503941833973, rates: 5.00496096147536, loss: 1.917440301179886, rho: 0.4875, transmit_actions: 11, P: [0.25, 0.1875, 0.875, 0.3125, 0.0625, 0.5625, 0.125, 0.5, 0.9375, 0.75, 0.625, 0.0625, 0.1875, 0.5625, 0.75, 0.6875, 0.1875, 0.3125, 0.25, 0.25]
[TRAIN]: (465/1600): reward: -128.89727878570557, rates: 0.1027213503717099, loss: 2.2069411754608153, rho: 0.38125, transmit_actions: 5, P: [0.0625, 0.4375, 0.5625, 1.0, 0.4375, 0.5, 0.75, 0.0, 1.0, 0.0, 0.75, 0.375, 0.625, 0.5, 0.75, 0.9375, 0.5625, 1.0, 0.9375, 0.6875]
[TRAIN]: (466/1600): reward: -151.79790794849396, rates: 1.202091839203447, loss: 1.5620338648557663, rho: 0.51875, transmit_actions: 9, P: [0.8125, 0.3125, 0.8125, 0.0, 0.3125, 0.75, 0.9375, 0.75, 0.6875, 0.75, 0.25, 0.625, 0.4375, 0.1875, 0.125, 0.8125, 0.0625, 0.5625, 0.5, 0.0]
[TRAIN]: (467/1600): reward: -141.23136070370674, rates: 2.7686396794285697, loss: 2.2220432281494142, rho: 0.45625, transmit_actions: 8, P: [0.625, 0.6875, 0.6875, 0.375, 0.0625, 0.0625, 0.6875, 0.0625, 0.5625, 0.625, 0.25, 1.0, 0.5625, 0.3125, 0.5, 0.375, 0.3125, 0.0625, 0.1875, 0.4375]
[TRAIN]: (468/1600): reward: -144.52632929384708, rates: 0.4736703692187806, loss: 1.9329651474952698, rho: 0.475, transmit_actions: 10, P: [0.3125, 0.8125, 0.75, 0.75, 0.75, 0.4375, 0.8125, 0.8125, 0.25, 0.5, 0.625, 0.5, 0.625, 0.9375, 0.1875, 0.75, 0.75, 1.0, 0.5625, 0.0625]
[TRAIN]: (469/1600): reward: -139.5397343635559, rates: 0.4602655541736739, loss: 2.164932680130005, rho: 0.5, transmit_actions: 9, P: [0.125, 0.125, 0.6875, 0.875, 0.1875, 0.75, 0.3125, 0.6875, 0.1875, 0.625, 0.3125, 0.875, 0.625, 1.0, 0.75, 0.0, 1.0, 0.0, 0.3125, 0.625]
[TRAIN]: (470/1600): reward: -155.69815731048584, rates: 0.30184344537296565, loss: 2.1996542394161223, rho: 0.44375, transmit_actions: 9, P: [0.3125, 0.125, 0.8125, 0.6875, 0.6875, 0.0, 0.375, 0.0625, 0.0625, 0.8125, 0.9375, 0.0625, 0.875, 0.25, 0.9375, 0.4375, 0.3125, 0.8125, 0.25, 0.875]
[TRAIN]: (471/1600): reward: -121.59933217614889, rates: 2.4006673673613346, loss: 1.6786212265491485, rho: 0.45, transmit_actions: 8, P: [0.5, 0.3125, 0.875, 0.125, 0.0, 0.0625, 0.125, 0.625, 0.375, 0.5625, 0.625, 0.75, 0.875, 1.0, 0.25, 1.0, 0.8125, 0.0, 0.125, 0.0625]
[TRAIN]: (472/1600): reward: -128.73966920375824, rates: 3.2603307109245883, loss: 1.8412196815013886, rho: 0.46875, transmit_actions: 10, P: [0.0, 0.375, 0.3125, 0.5, 0.375, 0.0, 0.5, 0.125, 0.375, 0.625, 0.25, 0.4375, 0.125, 0.375, 0.6875, 0.4375, 0.625, 0.25, 0.875, 0.875]
[TRAIN]: (473/1600): reward: -130.8407678604126, rates: 1.159232861358747, loss: 2.148104053735733, rho: 0.49375, transmit_actions: 8, P: [0.0625, 0.0, 0.75, 0.5625, 0.75, 0.375, 0.3125, 0.125, 0.75, 0.3125, 0.6875, 0.75, 0.25, 0.125, 0.125, 0.8125, 0.4375, 0.875, 0.375, 0.1875]
[TRAIN]: (474/1600): reward: -113.56309711933136, rates: 0.4369026330700618, loss: 2.0613818943500517, rho: 0.475, transmit_actions: 5, P: [0.5, 0.9375, 0.75, 0.5, 1.0, 0.25, 0.0625, 0.9375, 0.0, 0.4375, 0.8125, 0.4375, 0.125, 0.625, 0.9375, 0.625, 0.375, 0.0, 0.75, 0.375]
[TRAIN]: (475/1600): reward: -152.70781707763672, rates: 0.2921829450550086, loss: 1.9986343890428544, rho: 0.5125, transmit_actions: 7, P: [0.3125, 0.625, 0.375, 0.4375, 0.6875, 0.0, 0.9375, 0.75, 0.1875, 0.1875, 0.875, 0.375, 0.9375, 0.75, 0.375, 0.625, 0.875, 0.4375, 0.25, 0.0]
[TRAIN]: (476/1600): reward: -133.44210767745972, rates: 2.557892185034289, loss: 1.8804939359426498, rho: 0.525, transmit_actions: 9, P: [0.5, 0.25, 0.0625, 0.5, 0.75, 0.4375, 0.0625, 0.875, 0.9375, 1.0, 0.6875, 0.6875, 0.0625, 0.1875, 0.25, 0.6875, 0.3125, 0.3125, 0.0, 0.375]
[TRAIN]: (477/1600): reward: -152.97445666790009, rates: 1.0255426124082911, loss: 1.8898972302675248, rho: 0.44375, transmit_actions: 11, P: [0.1875, 0.625, 0.5, 0.125, 1.0, 0.75, 0.125, 0.375, 0.75, 0.25, 0.375, 0.5, 0.25, 0.4375, 0.9375, 0.875, 0.4375, 0.25, 0.25, 0.875]
[TRAIN]: (478/1600): reward: -149.86947977542877, rates: 2.1305210500674843, loss: 2.6748924016952516, rho: 0.4875, transmit_actions: 10, P: [1.0, 0.875, 0.25, 0.375, 0.4375, 1.0, 0.625, 1.0, 0.25, 0.25, 0.1875, 0.9375, 0.75, 0.25, 0.4375, 0.1875, 0.5, 0.625, 0.0625, 0.3125]
[TRAIN]: (479/1600): reward: -142.18404638767242, rates: 1.8159536144524997, loss: 1.9137013852596283, rho: 0.4625, transmit_actions: 9, P: [0.375, 0.375, 0.5, 0.8125, 1.0, 0.625, 0.3125, 0.0625, 0.9375, 0.3125, 0.9375, 0.8125, 0.1875, 0.375, 0.0625, 0.0625, 0.1875, 0.9375, 0.0, 0.4375]
[TRAIN]: (480/1600): reward: -165.16911602020264, rates: 0.8308842439251258, loss: 1.9399790585041046, rho: 0.51875, transmit_actions: 8, P: [0.5, 0.0625, 1.0, 0.4375, 0.625, 0.1875, 0.5, 0.5, 0.0625, 0.125, 0.875, 0.125, 0.375, 0.9375, 0.5, 0.5625, 0.625, 0.875, 0.125, 0.4375]
[TRAIN]: (481/1600): reward: -158.9455542564392, rates: 1.0544458322036088, loss: 1.8295924842357636, rho: 0.375, transmit_actions: 11, P: [0.0625, 0.75, 0.8125, 0.75, 1.0, 0.5625, 0.375, 0.875, 0.1875, 0.75, 0.3125, 0.25, 0.5625, 0.6875, 0.375, 0.5, 0.8125, 0.0, 0.5, 0.5625]
[TRAIN]: (482/1600): reward: -155.4367322921753, rates: 1.563268374204636, loss: 2.0991241097450257, rho: 0.475, transmit_actions: 9, P: [0.4375, 0.4375, 0.6875, 0.75, 0.3125, 0.4375, 0.875, 0.375, 0.5625, 0.4375, 0.0, 0.75, 0.5, 0.375, 0.25, 0.1875, 0.8125, 0.1875, 0.6875, 0.6875]
[TRAIN]: (483/1600): reward: -172.45414352416992, rates: 0.5458558725217896, loss: 1.9616249620914459, rho: 0.56875, transmit_actions: 10, P: [0.625, 0.375, 1.0, 1.0, 0.5625, 0.4375, 0.75, 0.5, 0.9375, 0.625, 0.0625, 0.3125, 0.0, 0.5625, 0.9375, 0.9375, 0.5625, 0.9375, 0.6875, 0.8125]
[TRAIN]: (484/1600): reward: -113.50056171417236, rates: 2.499438630970764, loss: 2.1302199840545653, rho: 0.4875, transmit_actions: 9, P: [0.4375, 0.125, 0.1875, 0.0, 1.0, 0.5, 0.9375, 0.875, 0.1875, 0.375, 0.0625, 0.5625, 0.125, 0.125, 0.4375, 0.125, 0.0, 0.4375, 0.6875, 0.0]
[TRAIN]: (485/1600): reward: -135.51296523213387, rates: 1.4870347206053092, loss: 2.1785082161426543, rho: 0.45, transmit_actions: 7, P: [0.0, 0.1875, 0.9375, 0.625, 0.1875, 0.0, 0.625, 0.5, 0.375, 0.0625, 0.5, 0.4375, 0.875, 0.1875, 0.0, 1.0, 0.75, 0.125, 0.5, 0.9375]
[TRAIN]: (486/1600): reward: -147.6288362443447, rates: 1.3711643163148675, loss: 2.1384728133678435, rho: 0.50625, transmit_actions: 11, P: [0.0625, 0.75, 0.8125, 0.5, 0.875, 0.0, 0.5625, 0.125, 0.125, 0.8125, 0.625, 1.0, 0.0625, 0.125, 0.375, 0.5, 0.625, 0.1875, 0.5, 0.125]
[TRAIN]: (487/1600): reward: -103.46912798285484, rates: 2.530872191495662, loss: 1.6503709614276887, rho: 0.4875, transmit_actions: 8, P: [0.125, 0.8125, 0.25, 0.125, 0.8125, 0.75, 0.9375, 0.1875, 0.125, 0.5, 0.8125, 0.75, 0.625, 0.125, 0.0625, 0.5, 0.0, 0.875, 0.375, 0.875]
[TRAIN]: (488/1600): reward: -95.50912949442863, rates: 1.49087037575035, loss: 1.8318696320056915, rho: 0.4125, transmit_actions: 7, P: [0.25, 0.125, 0.0, 0.75, 0.75, 0.8125, 0.6875, 0.875, 0.4375, 0.4375, 0.6875, 0.4375, 0.875, 1.0, 0.125, 0.375, 0.625, 0.375, 0.125, 0.375]
[TRAIN]: (489/1600): reward: -147.56198246777058, rates: 1.438017926860355, loss: 2.2629942715168, rho: 0.58125, transmit_actions: 10, P: [0.4375, 0.875, 0.3125, 0.5, 0.9375, 0.5, 0.9375, 0.6875, 0.25, 0.625, 0.1875, 1.0, 0.5, 0.125, 0.4375, 0.125, 0.75, 0.25, 0.375, 0.5]
[TRAIN]: (490/1600): reward: -134.95729637145996, rates: 0.042703365345937216, loss: 1.9204704403877257, rho: 0.40625, transmit_actions: 6, P: [0.8125, 0.625, 0.5625, 0.3125, 0.75, 0.875, 0.75, 0.375, 0.3125, 1.0, 0.3125, 0.875, 0.625, 0.625, 0.875, 0.3125, 1.0, 0.875, 0.75, 0.6875]
[TRAIN]: (491/1600): reward: -112.78438717126846, rates: 2.215613141589754, loss: 1.9054865151643754, rho: 0.43125, transmit_actions: 9, P: [0.6875, 0.0625, 0.6875, 0.75, 0.8125, 0.5625, 0.6875, 0.0, 0.9375, 0.1875, 0.4375, 0.9375, 0.125, 0.4375, 0.8125, 0.3125, 0.1875, 0.0, 0.25, 0.9375]
[TRAIN]: (492/1600): reward: -151.57201528549194, rates: 0.4279848313950854, loss: 1.9587701678276062, rho: 0.46875, transmit_actions: 7, P: [0.3125, 0.25, 0.625, 0.875, 0.0, 0.1875, 0.375, 0.9375, 0.4375, 0.8125, 0.8125, 0.3125, 0.5, 0.75, 0.3125, 0.8125, 0.375, 0.3125, 0.75, 0.3125]
[TRAIN]: (493/1600): reward: -155.1442310810089, rates: 0.8557690075412862, loss: 1.9956369578838349, rho: 0.54375, transmit_actions: 11, P: [0.25, 0.0, 0.4375, 0.5, 0.75, 0.9375, 0.5625, 0.25, 0.1875, 0.8125, 1.0, 0.25, 0.9375, 0.125, 0.0, 0.0, 0.25, 0.875, 0.0, 0.8125]
[TRAIN]: (494/1600): reward: -157.20423978567123, rates: 1.7957602298116828, loss: 1.9633574724197387, rho: 0.54375, transmit_actions: 14, P: [0.6875, 0.6875, 0.875, 0.875, 0.8125, 0.5625, 0.75, 0.125, 0.625, 0.625, 0.875, 0.6875, 0.625, 1.0, 0.25, 0.1875, 1.0, 0.0, 0.9375, 0.25]
[TRAIN]: (495/1600): reward: -171.87341022491455, rates: 1.1265900631205668, loss: 1.809793359041214, rho: 0.525, transmit_actions: 8, P: [0.625, 0.0, 0.375, 1.0, 0.8125, 0.25, 0.1875, 0.1875, 0.8125, 0.625, 0.75, 0.875, 0.8125, 0.3125, 0.5, 0.4375, 0.375, 0.3125, 0.75, 0.8125]
[TRAIN]: (496/1600): reward: -145.77656257152557, rates: 1.2234371665707402, loss: 2.0087009489536287, rho: 0.625, transmit_actions: 9, P: [0.6875, 0.125, 0.875, 0.4375, 0.125, 0.3125, 0.6875, 0.625, 1.0, 0.125, 0.25, 1.0, 0.875, 0.0, 0.0, 0.4375, 0.1875, 1.0, 0.3125, 0.8125]
[TRAIN]: (497/1600): reward: -125.66875553131104, rates: 4.331245293880234, loss: 1.910351848602295, rho: 0.45, transmit_actions: 17, P: [0.6875, 0.75, 0.9375, 0.0, 0.0625, 0.3125, 0.75, 0.625, 0.125, 0.75, 0.0625, 0.4375, 0.875, 0.5625, 0.1875, 0.3125, 0.5, 0.0625, 0.8125, 0.9375]
[TRAIN]: (498/1600): reward: -91.13107873499393, rates: 4.868921183462212, loss: 1.7655827969312667, rho: 0.5, transmit_actions: 9, P: [0.0625, 0.0625, 0.6875, 0.5, 0.0, 0.4375, 0.75, 0.9375, 0.1875, 0.0625, 0.125, 0.1875, 0.625, 0.125, 0.125, 1.0, 0.4375, 0.1875, 0.75, 0.3125]
[TRAIN]: (499/1600): reward: -168.56982281804085, rates: 0.43017723116775297, loss: 1.9476305067539215, rho: 0.5125, transmit_actions: 8, P: [0.8125, 0.625, 0.75, 0.75, 0.5, 0.5625, 0.125, 0.625, 0.6875, 0.125, 0.25, 0.9375, 0.125, 0.1875, 1.0, 0.125, 0.5625, 0.625, 0.125, 0.5625]
[TRAIN]: (500/1600): reward: -120.91451156139374, rates: 1.085488991068514, loss: 1.8107415467500687, rho: 0.425, transmit_actions: 11, P: [0.875, 0.6875, 0.6875, 0.25, 0.4375, 0.5, 0.375, 0.375, 0.5625, 0.0, 0.75, 0.875, 0.4375, 0.875, 0.0625, 1.0, 0.5, 0.875, 0.9375, 0.8125]
[TRAIN]: (501/1600): reward: -150.1037408709526, rates: 0.8962588597172736, loss: 1.9599691450595855, rho: 0.4875, transmit_actions: 8, P: [0.375, 0.5625, 0.75, 0.1875, 0.9375, 0.875, 0.0625, 0.5625, 0.3125, 0.8125, 0.4375, 0.5, 0.0, 1.0, 0.3125, 0.5, 0.4375, 0.6875, 0.1875, 0.5]
[TRAIN]: (502/1600): reward: -126.46937662363052, rates: 2.530623257959678, loss: 1.7930711030960083, rho: 0.425, transmit_actions: 13, P: [0.375, 0.6875, 0.6875, 0.5625, 0.375, 0.125, 0.1875, 0.625, 0.625, 1.0, 0.6875, 0.25, 0.8125, 0.5, 0.75, 0.9375, 0.9375, 0.875, 0.0625, 0.0625]
[TRAIN]: (503/1600): reward: -145.89101466536522, rates: 3.108985575010837, loss: 2.0696685373783112, rho: 0.53125, transmit_actions: 9, P: [0.75, 0.25, 0.5625, 0.4375, 0.6875, 0.5, 0.3125, 0.4375, 0.3125, 0.5, 0.25, 0.25, 0.375, 0.875, 0.3125, 0.125, 0.75, 0.0625, 0.5625, 0.0625]
[TRAIN]: (504/1600): reward: -147.50518102943897, rates: 1.4948198727840185, loss: 1.8673857212066651, rho: 0.5625, transmit_actions: 11, P: [0.25, 0.1875, 0.375, 0.5625, 0.625, 0.25, 0.6875, 0.9375, 0.8125, 0.375, 0.6875, 0.0, 0.1875, 0.5625, 0.5625, 0.1875, 0.875, 0.75, 0.125, 0.0625]
[TRAIN]: (505/1600): reward: -127.06849586963654, rates: 2.9315039437538752, loss: 2.100549948215485, rho: 0.49375, transmit_actions: 8, P: [0.5625, 0.6875, 0.625, 0.375, 0.375, 0.8125, 1.0, 0.0625, 0.0, 1.0, 0.3125, 0.1875, 0.9375, 0.875, 0.0, 0.3125, 0.5625, 0.9375, 0.125, 0.3125]
[TRAIN]: (506/1600): reward: -153.27042055130005, rates: 0.7295793511967661, loss: 2.2383097648620605, rho: 0.475, transmit_actions: 9, P: [0.3125, 0.8125, 0.875, 0.3125, 0.625, 0.75, 0.875, 0.3125, 0.0, 0.4375, 0.875, 0.625, 0.3125, 0.5, 0.9375, 0.375, 0.8125, 0.375, 0.375, 1.0]
[TRAIN]: (507/1600): reward: -125.45671225525439, rates: 2.543286882601435, loss: 1.9632687032222749, rho: 0.46875, transmit_actions: 9, P: [0.0, 0.1875, 0.3125, 0.125, 0.25, 0.625, 0.3125, 0.1875, 0.9375, 0.25, 0.0, 1.0, 0.3125, 0.0625, 0.5, 1.0, 0.9375, 0.625, 0.5, 0.0]
[TRAIN]: (508/1600): reward: -147.16920852661133, rates: 0.8307914245957995, loss: 1.9185867190361023, rho: 0.49375, transmit_actions: 9, P: [0.1875, 0.1875, 1.0, 0.9375, 0.875, 1.0, 0.125, 0.9375, 0.875, 0.25, 0.375, 0.8125, 1.0, 0.125, 0.875, 1.0, 0.75, 0.0625, 0.5, 0.3125]
[TRAIN]: (509/1600): reward: -146.10889413952827, rates: 0.8911046872690432, loss: 1.982977357506752, rho: 0.525, transmit_actions: 10, P: [0.625, 0.875, 0.0625, 0.25, 0.25, 0.375, 0.875, 0.0625, 0.5, 0.25, 1.0, 0.375, 0.0625, 0.8125, 0.875, 0.625, 0.8125, 0.4375, 1.0, 0.1875]
[TRAIN]: (510/1600): reward: -111.41117054224014, rates: 2.588829050262894, loss: 1.6758399724960327, rho: 0.5, transmit_actions: 12, P: [0.25, 0.6875, 0.8125, 0.6875, 0.125, 0.625, 0.4375, 0.375, 0.25, 0.25, 0.125, 0.25, 0.0, 0.6875, 0.375, 0.5, 0.25, 0.3125, 0.125, 0.0]
[TRAIN]: (511/1600): reward: -115.62925481796265, rates: 1.3707451932761883, loss: 2.0225641191005708, rho: 0.44375, transmit_actions: 10, P: [0.4375, 0.5, 0.5, 0.25, 0.875, 0.6875, 0.4375, 0.5, 0.9375, 0.5, 0.0, 0.875, 0.625, 0.1875, 0.375, 0.375, 0.125, 0.6875, 0.25, 0.6875]
[TRAIN]: (512/1600): reward: -138.67764055728912, rates: 2.3223594983277196, loss: 1.942255112528801, rho: 0.44375, transmit_actions: 8, P: [0.1875, 0.75, 0.5625, 0.4375, 0.1875, 0.0625, 0.875, 0.3125, 0.875, 0.0, 0.375, 0.9375, 0.75, 0.0625, 0.625, 0.8125, 0.8125, 0.6875, 0.5625, 0.4375]
[TRAIN]: (513/1600): reward: -133.06700192391872, rates: 2.93299811379889, loss: 2.0356526494026186, rho: 0.55, transmit_actions: 13, P: [0.375, 0.5625, 0.4375, 0.875, 0.125, 0.375, 0.625, 0.125, 0.4375, 0.875, 0.1875, 1.0, 0.1875, 0.125, 0.5625, 0.4375, 0.125, 0.0, 0.4375, 0.3125]
[TRAIN]: (514/1600): reward: -137.30343586206436, rates: 1.696563933293627, loss: 1.8728188633918763, rho: 0.5125, transmit_actions: 8, P: [0.4375, 0.3125, 0.1875, 0.125, 0.625, 0.5625, 0.0, 0.9375, 0.6875, 0.625, 0.125, 0.75, 0.75, 0.75, 0.25, 0.1875, 0.75, 0.9375, 0.125, 1.0]
[TRAIN]: (515/1600): reward: -114.75891911238432, rates: 3.241080732751791, loss: 1.7844025492668152, rho: 0.4875, transmit_actions: 14, P: [0.5, 1.0, 0.625, 0.75, 0.0, 0.5, 0.0625, 0.5625, 0.125, 0.25, 0.1875, 0.5, 0.6875, 0.625, 0.25, 0.125, 0.8125, 0.875, 0.75, 0.625]
[TRAIN]: (516/1600): reward: -128.17252096533775, rates: 3.8274799767189416, loss: 1.886512291431427, rho: 0.40625, transmit_actions: 12, P: [0.3125, 0.5, 0.6875, 0.8125, 0.5625, 0.75, 0.25, 0.875, 0.625, 0.0625, 0.875, 0.75, 0.125, 0.3125, 0.0625, 0.125, 0.0, 0.4375, 0.9375, 0.125]
[TRAIN]: (517/1600): reward: -121.51786145567894, rates: 3.482138962515961, loss: 2.1900094747543335, rho: 0.48125, transmit_actions: 10, P: [0.0625, 0.0, 0.375, 0.0, 0.0, 0.9375, 0.0625, 0.625, 0.6875, 0.5, 0.375, 1.0, 0.1875, 0.9375, 0.25, 0.0, 0.8125, 0.5625, 0.125, 0.4375]
[TRAIN]: (518/1600): reward: -118.95987635850906, rates: 3.040123109259622, loss: 1.5561353504657744, rho: 0.41875, transmit_actions: 12, P: [0.3125, 0.0625, 0.8125, 0.625, 0.75, 0.8125, 0.0, 0.25, 1.0, 0.0625, 0.375, 0.0625, 0.875, 0.875, 0.5, 0.75, 0.8125, 0.25, 0.3125, 0.4375]
[TRAIN]: (519/1600): reward: -114.35317263379693, rates: 4.646827289167086, loss: 1.9953304290771485, rho: 0.44375, transmit_actions: 11, P: [0.3125, 0.625, 0.4375, 0.5, 0.875, 1.0, 0.0, 0.125, 0.0625, 0.875, 0.0625, 0.25, 0.0, 0.875, 0.0625, 0.875, 0.5, 0.25, 0.0625, 0.1875]
[TRAIN]: (520/1600): reward: -139.00643411278725, rates: 2.9935656708201783, loss: 1.9122550189495087, rho: 0.45625, transmit_actions: 13, P: [0.3125, 0.125, 0.5625, 0.75, 0.0625, 0.125, 0.3125, 0.6875, 0.375, 0.25, 0.125, 0.125, 0.375, 0.375, 0.4375, 0.5, 0.4375, 0.4375, 0.5625, 0.0625]
[TRAIN]: (521/1600): reward: -50.750126123428345, rates: 6.249873736047649, loss: 1.8071714878082275, rho: 0.44375, transmit_actions: 12, P: [0.0, 0.125, 0.375, 0.625, 0.875, 1.0, 0.875, 0.0, 0.0, 0.9375, 0.125, 0.0, 0.0625, 0.0625, 1.0, 0.4375, 0.125, 0.0625, 0.0625, 0.125]
[TRAIN]: (522/1600): reward: -97.5991662144661, rates: 4.40083383154847, loss: 1.681490734219551, rho: 0.45, transmit_actions: 11, P: [0.0, 0.3125, 0.0625, 0.9375, 0.6875, 0.6875, 0.875, 0.625, 0.3125, 0.25, 0.0625, 0.0, 0.875, 0.8125, 0.6875, 0.625, 0.0625, 0.0625, 0.75, 0.625]
[TRAIN]: (523/1600): reward: -90.47405579686165, rates: 5.525944078172242, loss: 1.9213204860687256, rho: 0.4875, transmit_actions: 13, P: [0.0, 0.6875, 0.9375, 0.6875, 0.125, 0.0625, 0.625, 0.125, 0.125, 0.4375, 0.8125, 0.0, 0.0, 0.125, 0.6875, 0.75, 0.125, 0.9375, 0.75, 0.75]
[TRAIN]: (524/1600): reward: -107.64128184318542, rates: 2.358718210916778, loss: 1.6472107231616975, rho: 0.45625, transmit_actions: 8, P: [0.625, 1.0, 0.1875, 1.0, 0.25, 0.9375, 0.5625, 0.0625, 0.625, 1.0, 0.0, 0.9375, 0.5, 0.5, 0.125, 0.4375, 0.1875, 0.9375, 0.5625, 0.125]
[TRAIN]: (525/1600): reward: -90.93515050411224, rates: 4.0648501877534216, loss: 1.8805531352758407, rho: 0.41875, transmit_actions: 12, P: [0.0, 0.25, 0.625, 0.25, 0.9375, 0.6875, 0.875, 0.0625, 0.125, 0.6875, 0.875, 0.125, 0.8125, 1.0, 0.125, 0.875, 0.9375, 0.8125, 0.0625, 0.0625]
[TRAIN]: (526/1600): reward: -120.26748415827751, rates: 2.732515981436921, loss: 2.2059330105781556, rho: 0.39375, transmit_actions: 7, P: [0.125, 0.5, 1.0, 0.125, 0.375, 0.4375, 0.9375, 0.75, 0.3125, 0.9375, 0.8125, 0.25, 0.3125, 0.9375, 0.0625, 0.5, 0.3125, 0.125, 0.125, 0.0625]
[TRAIN]: (527/1600): reward: -122.5185299217701, rates: 3.4814699215097615, loss: 2.1203806579113005, rho: 0.475, transmit_actions: 11, P: [0.0, 0.25, 0.5625, 0.3125, 1.0, 0.375, 1.0, 0.0625, 0.125, 0.125, 0.9375, 1.0, 0.0, 0.6875, 0.75, 0.125, 0.375, 0.125, 0.1875, 0.625]
[TRAIN]: (528/1600): reward: -98.5072857439518, rates: 5.492714250091586, loss: 1.6037083625793458, rho: 0.4875, transmit_actions: 12, P: [0.875, 0.5, 0.625, 0.8125, 0.125, 0.125, 0.6875, 0.3125, 0.9375, 0.1875, 0.8125, 0.25, 0.125, 0.125, 0.5625, 0.0625, 0.125, 0.125, 0.25, 0.3125]
[TRAIN]: (529/1600): reward: -112.86974918842316, rates: 5.1302503991354245, loss: 1.9006034940481187, rho: 0.5125, transmit_actions: 11, P: [0.0, 0.5, 0.125, 0.375, 0.625, 0.3125, 0.5625, 1.0, 0.5, 1.0, 0.25, 0.0625, 0.375, 0.25, 0.5625, 0.0625, 0.0625, 0.0625, 1.0, 0.25]
[TRAIN]: (530/1600): reward: -76.12316209077835, rates: 6.87683813342426, loss: 1.6958823442459106, rho: 0.4875, transmit_actions: 13, P: [0.0, 0.5, 0.3125, 0.0, 0.0, 1.0, 0.9375, 0.125, 0.125, 0.0625, 0.0625, 0.9375, 0.875, 0.0625, 1.0, 0.1875, 0.375, 0.875, 0.0625, 0.125]
[TRAIN]: (531/1600): reward: -72.85874262452126, rates: 6.141258106789281, loss: 1.5165185302495956, rho: 0.4875, transmit_actions: 15, P: [0.625, 0.6875, 0.5, 0.0, 0.125, 0.0625, 0.875, 0.0625, 0.4375, 0.875, 0.0625, 0.0, 0.125, 0.1875, 0.125, 0.75, 0.0625, 0.0625, 0.625, 0.6875]
[TRAIN]: (532/1600): reward: -29.729391023516655, rates: 11.270609616763503, loss: 1.7661520302295686, rho: 0.44375, transmit_actions: 19, P: [0.0, 0.0, 0.9375, 0.0625, 0.125, 0.125, 0.25, 0.4375, 0.0625, 0.0625, 0.125, 0.0625, 0.125, 0.6875, 0.125, 0.0625, 0.0625, 0.0625, 0.6875, 0.0625]
[TRAIN]: (533/1600): reward: -91.46526384353638, rates: 3.534736302265876, loss: 1.8734458804130554, rho: 0.48125, transmit_actions: 12, P: [0.625, 0.9375, 0.75, 0.0, 0.0625, 0.0, 0.0625, 1.0, 0.375, 0.125, 0.0, 0.0625, 0.125, 0.0, 0.5625, 0.0, 0.375, 0.25, 0.75, 0.25]
[TRAIN]: (534/1600): reward: -86.33632156252861, rates: 6.6636783118340075, loss: 1.8267572522163391, rho: 0.475, transmit_actions: 13, P: [0.0, 0.0625, 0.0625, 0.0, 0.25, 0.0625, 0.0625, 0.5625, 0.0625, 0.8125, 0.0625, 0.0625, 0.0625, 0.5625, 1.0, 0.125, 0.5, 0.125, 0.8125, 0.4375]
[TRAIN]: (535/1600): reward: -73.77177116274834, rates: 5.228229420799403, loss: 1.8859888672828675, rho: 0.3625, transmit_actions: 9, P: [0.0, 0.25, 0.0625, 0.0625, 0.8125, 0.0625, 0.1875, 0.875, 1.0, 0.0625, 0.1875, 0.125, 0.3125, 0.375, 0.0625, 0.0625, 0.75, 1.0, 0.125, 0.5]
[TRAIN]: (536/1600): reward: -66.00596097111702, rates: 7.994039036370831, loss: 1.536705681681633, rho: 0.5, transmit_actions: 16, P: [0.0, 0.3125, 0.0625, 0.0625, 0.0625, 0.0625, 0.0625, 0.6875, 0.125, 0.0625, 0.0625, 1.0, 0.5, 0.25, 0.0625, 0.5625, 0.3125, 0.5, 0.0625, 0.5625]
[TRAIN]: (537/1600): reward: -50.06432980298996, rates: 8.935669952238538, loss: 1.7194726049900055, rho: 0.39375, transmit_actions: 16, P: [0.0, 0.0625, 0.0625, 0.0625, 0.0, 0.0625, 0.625, 0.0625, 0.8125, 0.5625, 0.0625, 0.4375, 0.0625, 0.0625, 1.0, 0.5625, 0.5, 0.0625, 0.0625, 0.125]
[TRAIN]: (538/1600): reward: -35.96584589779377, rates: 12.034153950117252, loss: 1.7246592164039611, rho: 0.35, transmit_actions: 15, P: [0.875, 0.125, 0.5, 0.5625, 0.0625, 0.125, 0.0625, 0.125, 0.8125, 0.125, 0.8125, 0.0625, 0.125, 0.125, 0.0625, 0.125, 0.25, 0.125, 0.125, 0.0]
[TRAIN]: (539/1600): reward: -60.38828010857105, rates: 8.611720058906524, loss: 1.7495328664779664, rho: 0.3125, transmit_actions: 16, P: [0.0, 0.9375, 0.375, 0.75, 0.0, 0.0625, 0.6875, 1.0, 0.125, 0.125, 0.3125, 0.0625, 0.125, 0.0625, 0.3125, 0.25, 0.125, 0.125, 0.0625, 0.125]
[TRAIN]: (540/1600): reward: -63.67663258314133, rates: 9.32336734297225, loss: 1.352129402756691, rho: 0.43125, transmit_actions: 14, P: [0.5625, 0.8125, 0.0625, 0.8125, 0.8125, 0.375, 0.0625, 0.0625, 0.125, 0.0625, 0.125, 0.0, 0.125, 0.9375, 0.4375, 0.1875, 0.125, 0.875, 0.125, 0.125]
[TRAIN]: (541/1600): reward: -32.32481208443642, rates: 5.675187951229632, loss: 1.968133544921875, rho: 0.375, transmit_actions: 10, P: [0.375, 0.5, 0.0, 0.9375, 0.125, 0.0625, 0.125, 0.75, 0.6875, 0.625, 0.875, 0.0, 0.6875, 0.125, 0.125, 0.125, 0.0625, 0.9375, 0.875, 0.0625]
[TRAIN]: (542/1600): reward: -52.06828135251999, rates: 11.93171826766518, loss: 1.9060685157775878, rho: 0.26875, transmit_actions: 18, P: [0.75, 0.0625, 0.0625, 0.0625, 0.125, 0.6875, 0.125, 0.0625, 0.6875, 0.125, 0.0625, 0.0625, 0.0625, 0.75, 0.0625, 0.9375, 0.0625, 0.0625, 0.0625, 0.3125]
[TRAIN]: (543/1600): reward: -56.98790330439806, rates: 10.012096747665543, loss: 1.9055737793445586, rho: 0.35625, transmit_actions: 14, P: [0.0, 0.375, 0.125, 1.0, 0.25, 0.0625, 0.125, 0.0, 0.125, 1.0, 0.0625, 0.125, 0.0625, 0.125, 0.125, 0.125, 0.5625, 0.1875, 0.375, 0.0625]
[TRAIN]: (544/1600): reward: -43.52475306391716, rates: 9.475246657468022, loss: 1.7273076534271241, rho: 0.4375, transmit_actions: 15, P: [0.25, 0.625, 1.0, 0.4375, 0.0, 0.0625, 0.0625, 0.0625, 0.0, 0.3125, 0.0625, 0.0, 0.125, 0.0625, 0.0625, 0.0625, 0.125, 0.125, 0.875, 0.0]
[TRAIN]: (545/1600): reward: -53.13874937593937, rates: 6.861250666853026, loss: 1.9570844322443008, rho: 0.3625, transmit_actions: 14, P: [0.1875, 0.1875, 0.0, 1.0, 0.75, 0.125, 0.125, 0.125, 0.0, 0.875, 0.9375, 0.6875, 0.6875, 0.125, 0.125, 0.125, 1.0, 0.0625, 1.0, 0.0625]
[TRAIN]: (546/1600): reward: -82.57828468084335, rates: 8.421715412258173, loss: 1.5986183136701584, rho: 0.4125, transmit_actions: 13, P: [0.25, 0.0625, 0.1875, 0.0625, 0.0625, 0.875, 0.6875, 0.5, 0.9375, 0.0625, 0.3125, 0.0625, 0.0625, 0.5, 0.125, 0.0625, 0.125, 0.0625, 0.125, 0.0]
[TRAIN]: (547/1600): reward: -19.756845155730844, rates: 8.243154810456371, loss: 1.590333941578865, rho: 0.3625, transmit_actions: 11, P: [0.0, 0.6875, 0.875, 0.4375, 1.0, 1.0, 0.1875, 0.8125, 0.125, 0.0, 1.0, 0.0625, 0.0625, 0.125, 0.9375, 0.125, 0.0625, 0.875, 0.0, 0.125]
[TRAIN]: (548/1600): reward: -35.14918556809425, rates: 6.850813746187675, loss: 1.8463481187820434, rho: 0.3875, transmit_actions: 15, P: [0.4375, 0.6875, 0.125, 0.125, 0.0, 0.625, 0.0, 0.0625, 0.0625, 0.0625, 0.125, 0.375, 0.8125, 0.125, 0.125, 0.9375, 0.6875, 0.125, 0.6875, 0.0625]
[TRAIN]: (549/1600): reward: -49.398735493421555, rates: 7.6012645658857085, loss: 2.045767903327942, rho: 0.48125, transmit_actions: 13, P: [0.5625, 1.0, 0.0625, 0.0625, 0.8125, 0.125, 1.0, 0.5625, 0.125, 0.875, 0.8125, 0.125, 0.75, 0.125, 0.125, 0.125, 0.125, 0.0625, 0.125, 0.0625]
[TRAIN]: (550/1600): reward: -20.91587010025978, rates: 8.084129819479777, loss: 1.8008157044649125, rho: 0.44375, transmit_actions: 14, P: [0.3125, 1.0, 0.875, 0.75, 0.0625, 0.0, 1.0, 1.0, 0.125, 0.0625, 0.125, 0.125, 0.5, 0.0625, 0.9375, 0.125, 0.125, 0.125, 0.125, 0.0625]
[TRAIN]: (551/1600): reward: -77.70782068371773, rates: 6.292179320584414, loss: 1.8645471543073655, rho: 0.40625, transmit_actions: 10, P: [0.4375, 0.75, 1.0, 0.5625, 0.1875, 0.5, 0.125, 0.125, 0.9375, 0.25, 0.8125, 0.125, 0.125, 0.0625, 0.125, 0.875, 0.125, 0.0625, 0.125, 0.4375]
[TRAIN]: (552/1600): reward: -12.435460925102234, rates: 6.56453926370327, loss: 1.669956487417221, rho: 0.3875, transmit_actions: 15, P: [0.0, 0.6875, 0.125, 0.0, 0.0625, 0.0625, 0.6875, 0.0625, 0.0, 0.75, 0.6875, 0.0625, 0.125, 0.125, 1.0, 0.0625, 0.4375, 0.0, 0.0625, 0.0625]
[TRAIN]: (553/1600): reward: -44.25765801221132, rates: 7.742341906224747, loss: 1.8441234588623048, rho: 0.39375, transmit_actions: 15, P: [0.0, 0.0625, 0.0, 0.875, 0.1875, 0.375, 0.0625, 0.0625, 1.0, 0.0625, 0.0625, 0.0625, 0.0625, 0.0625, 0.9375, 0.0625, 0.125, 0.375, 0.0625, 0.4375]
[TRAIN]: (554/1600): reward: -57.92312576621771, rates: 6.076874273318886, loss: 1.730348563194275, rho: 0.36875, transmit_actions: 16, P: [0.0, 0.6875, 0.0625, 0.125, 0.0625, 0.6875, 0.0625, 0.6875, 0.75, 0.0625, 0.625, 0.8125, 0.125, 0.5625, 0.0625, 0.0, 0.8125, 0.0625, 0.375, 0.0625]
[TRAIN]: (555/1600): reward: -55.16088178753853, rates: 8.839118233238779, loss: 1.510191437602043, rho: 0.3875, transmit_actions: 15, P: [0.375, 0.6875, 0.8125, 0.875, 0.3125, 0.6875, 0.1875, 0.125, 0.0625, 0.0625, 0.6875, 0.0625, 0.125, 0.9375, 0.0625, 0.125, 0.125, 0.125, 0.5625, 0.125]
[TRAIN]: (556/1600): reward: -29.08790920674801, rates: 9.912090814712043, loss: 1.622815603017807, rho: 0.39375, transmit_actions: 16, P: [0.0, 0.125, 0.0, 0.0625, 0.125, 0.0625, 0.125, 0.125, 0.4375, 0.9375, 0.0625, 0.0625, 0.0, 0.8125, 0.6875, 0.0625, 0.0625, 0.0625, 0.125, 0.125]
[TRAIN]: (557/1600): reward: -8.142769359052181, rates: 13.857230640536532, loss: 1.578958135843277, rho: 0.275, transmit_actions: 16, P: [0.0, 0.875, 0.125, 0.0625, 0.125, 0.5625, 0.125, 0.0625, 0.125, 0.8125, 0.0, 0.125, 0.0625, 0.0625, 0.625, 0.0625, 0.0625, 0.125, 0.0625, 0.125]
[TRAIN]: (558/1600): reward: -20.76749785989523, rates: 12.23250204053017, loss: 2.0946270704269407, rho: 0.30625, transmit_actions: 14, P: [0.0, 0.8125, 0.0625, 0.125, 0.0625, 0.0625, 0.0625, 0.125, 0.4375, 0.875, 0.0625, 0.125, 0.0625, 0.0625, 0.125, 0.0625, 0.125, 0.0, 0.125, 0.9375]
[TRAIN]: (559/1600): reward: -78.08140130341053, rates: 7.91859889282422, loss: 1.4907854437828063, rho: 0.44375, transmit_actions: 13, P: [1.0, 0.9375, 0.125, 0.125, 0.625, 0.75, 0.8125, 0.0625, 0.25, 0.8125, 0.4375, 0.0, 0.125, 0.0625, 0.125, 0.625, 0.75, 0.125, 0.0625, 0.125]
[TRAIN]: (560/1600): reward: -16.928179185837507, rates: 9.07182081528143, loss: 1.9302531152963638, rho: 0.41875, transmit_actions: 16, P: [0.0, 0.9375, 0.125, 0.5, 0.125, 0.125, 0.0625, 0.125, 1.0, 0.125, 0.0625, 0.0, 0.0625, 0.875, 0.0625, 0.125, 0.125, 0.0625, 0.9375, 0.0625]
[TRAIN]: (561/1600): reward: -1.6565611511468887, rates: 8.3434388763122, loss: 1.5993085145950316, rho: 0.35625, transmit_actions: 13, P: [0.0, 0.75, 0.8125, 0.0625, 0.125, 0.0, 0.9375, 0.1875, 0.875, 0.6875, 0.0625, 0.125, 0.0625, 0.125, 0.6875, 0.0625, 0.0625, 0.0625, 0.125, 0.0625]
[TRAIN]: (562/1600): reward: -39.98038867674768, rates: 10.019610949546863, loss: 1.4551483064889907, rho: 0.3625, transmit_actions: 15, P: [0.9375, 0.0, 0.0, 0.0625, 0.75, 0.0625, 0.75, 0.4375, 0.125, 0.125, 0.6875, 0.125, 0.0625, 0.125, 0.125, 0.3125, 1.0, 0.0625, 0.125, 0.0625]
[TRAIN]: (563/1600): reward: 4.142090767621994, rates: 12.14209081921947, loss: 1.67609860599041, rho: 0.29375, transmit_actions: 15, P: [0.0, 1.0, 0.8125, 0.125, 0.0625, 0.0625, 0.125, 0.0625, 0.1875, 0.75, 0.75, 0.125, 0.9375, 0.125, 0.0625, 0.0625, 0.4375, 0.125, 0.125, 0.0625]
[TRAIN]: (564/1600): reward: -33.98138179630041, rates: 10.018618206211515, loss: 1.5908237934112548, rho: 0.46875, transmit_actions: 16, P: [0.0, 0.125, 0.0625, 0.125, 0.3125, 0.125, 0.5625, 0.6875, 0.0625, 0.0, 0.75, 0.5625, 0.125, 0.0625, 0.125, 0.125, 0.125, 0.0625, 0.0625, 0.125]
[TRAIN]: (565/1600): reward: -22.145485550165176, rates: 9.854514816365203, loss: 1.7614442080259323, rho: 0.39375, transmit_actions: 15, P: [0.0, 0.75, 0.0625, 0.1875, 0.0625, 1.0, 0.0625, 0.125, 0.125, 0.25, 0.125, 0.0625, 0.0625, 0.125, 0.0625, 0.9375, 0.5, 0.125, 0.9375, 0.25]
[TRAIN]: (566/1600): reward: -10.226785153150558, rates: 12.773215015622124, loss: 1.8269960224628448, rho: 0.3, transmit_actions: 16, P: [0.875, 0.0, 0.75, 0.0625, 0.0625, 0.0625, 0.0625, 0.0625, 0.125, 0.625, 0.3125, 0.0625, 0.0, 0.125, 0.0625, 0.125, 0.0625, 0.125, 0.0625, 0.125]
[TRAIN]: (567/1600): reward: -37.620521515607834, rates: 7.379478360100762, loss: 1.3432890236377717, rho: 0.4125, transmit_actions: 12, P: [0.875, 0.625, 0.5, 0.0625, 0.9375, 0.9375, 0.25, 0.6875, 0.0625, 0.0625, 0.125, 0.4375, 0.125, 0.5, 0.0625, 0.0625, 0.875, 0.0, 0.125, 0.0]
[TRAIN]: (568/1600): reward: -57.7063752412796, rates: 8.293624908434852, loss: 1.5902350813150405, rho: 0.45, transmit_actions: 15, P: [0.0, 0.125, 0.0625, 0.125, 0.0625, 0.8125, 1.0, 0.6875, 0.125, 0.875, 0.0625, 0.0625, 0.0625, 0.3125, 0.125, 0.0625, 0.125, 0.875, 0.125, 0.0625]
[TRAIN]: (569/1600): reward: -16.45292302966118, rates: 11.547077182216587, loss: 1.638022556900978, rho: 0.29375, transmit_actions: 15, P: [0.0, 0.0, 0.0625, 0.0625, 0.8125, 0.6875, 0.375, 0.125, 0.0625, 0.0625, 0.375, 0.8125, 0.0625, 0.125, 0.0625, 0.0625, 0.125, 0.0, 0.0625, 0.125]
[TRAIN]: (570/1600): reward: -53.17198188602924, rates: 10.828018324572287, loss: 1.583556169271469, rho: 0.4375, transmit_actions: 18, P: [0.6875, 0.5, 0.0, 0.0625, 1.0, 0.0625, 0.0625, 0.8125, 0.9375, 0.75, 0.9375, 0.25, 0.125, 0.125, 0.0625, 0.0625, 0.125, 0.0625, 0.0625, 0.0625]
[TRAIN]: (571/1600): reward: -15.766985297203064, rates: 10.233015262162358, loss: 1.550742146372795, rho: 0.375, transmit_actions: 14, P: [0.375, 0.0, 0.875, 0.125, 0.0625, 0.8125, 0.0625, 0.4375, 0.0, 0.3125, 0.8125, 0.0625, 0.8125, 0.125, 0.0625, 0.0625, 0.0625, 0.875, 0.0625, 0.0625]
[TRAIN]: (572/1600): reward: -0.04130566120147705, rates: 11.958694232699328, loss: 1.6854709893465043, rho: 0.325, transmit_actions: 15, P: [0.375, 0.75, 0.0, 0.0625, 0.0625, 0.0625, 0.875, 0.8125, 0.0625, 1.0, 0.0625, 0.125, 0.0625, 0.125, 0.125, 0.0625, 0.0625, 0.125, 0.125, 0.0625]
[TRAIN]: (573/1600): reward: -4.7517861276865005, rates: 10.248213949591522, loss: 1.6307464003562928, rho: 0.45625, transmit_actions: 17, P: [0.0, 0.75, 0.0625, 0.0625, 0.0625, 0.125, 0.0625, 0.125, 0.0625, 0.0, 0.0625, 0.0625, 0.0625, 0.0625, 0.0625, 0.0625, 0.0625, 0.125, 0.0625, 0.625]
[TRAIN]: (574/1600): reward: -28.34309922903776, rates: 7.6569010467995575, loss: 1.925914740562439, rho: 0.48125, transmit_actions: 14, P: [0.5625, 0.3125, 0.75, 0.5, 1.0, 0.125, 0.0625, 0.0625, 0.125, 0.75, 0.125, 0.125, 0.125, 1.0, 0.375, 0.125, 0.125, 0.0625, 0.125, 0.75]
[TRAIN]: (575/1600): reward: -20.513336539268494, rates: 5.486663231433905, loss: 1.7595742404460908, rho: 0.33125, transmit_actions: 9, P: [0.5625, 0.75, 0.75, 0.75, 0.0625, 0.125, 0.75, 0.0625, 0.75, 0.875, 0.875, 0.8125, 0.1875, 0.0625, 1.0, 0.125, 0.125, 0.0625, 0.9375, 0.25]
[TRAIN]: (576/1600): reward: -29.563933074474335, rates: 10.436066737237425, loss: 1.5887077778577805, rho: 0.34375, transmit_actions: 14, P: [0.375, 0.6875, 0.4375, 0.0625, 0.0625, 0.0625, 0.0625, 0.0625, 0.125, 0.75, 0.0, 0.8125, 0.125, 0.5, 0.25, 0.0625, 0.125, 0.9375, 0.0625, 0.0625]
[TRAIN]: (577/1600): reward: -9.812326103448868, rates: 9.187673687409323, loss: 1.6926129519939423, rho: 0.3875, transmit_actions: 15, P: [0.375, 0.0, 1.0, 0.0625, 0.75, 0.125, 0.0, 0.0625, 0.0625, 0.0625, 0.0, 0.125, 0.4375, 0.0625, 0.125, 0.125, 0.125, 0.125, 0.125, 0.875]
[TRAIN]: (578/1600): reward: 6.786144309677184, rates: 8.786144270790444, loss: 1.3539152204990388, rho: 0.35625, transmit_actions: 14, P: [0.5625, 0.8125, 0.0625, 0.8125, 0.0625, 0.0, 0.875, 0.125, 0.0, 0.9375, 0.9375, 0.125, 0.0625, 0.0625, 0.0625, 0.0, 0.125, 0.0625, 0.0625, 0.125]
[TRAIN]: (579/1600): reward: -32.26354559510946, rates: 9.736454407057204, loss: 1.474282017350197, rho: 0.40625, transmit_actions: 16, P: [0.5625, 0.8125, 0.6875, 0.75, 0.0625, 0.0625, 0.0625, 0.125, 0.125, 0.875, 0.0625, 0.0625, 0.0625, 0.125, 0.25, 0.125, 0.8125, 0.125, 0.0625, 0.125]
[TRAIN]: (580/1600): reward: 8.337369784712791, rates: 11.337369777804092, loss: 1.4817774325609208, rho: 0.34375, transmit_actions: 18, P: [0.5625, 0.0, 0.0625, 0.0625, 0.125, 0.0, 0.0, 0.0625, 0.0, 0.0, 0.0625, 0.125, 0.875, 0.125, 0.125, 0.125, 0.125, 0.0625, 0.125, 0.125]
[TRAIN]: (581/1600): reward: -10.385122830048203, rates: 7.614876901130617, loss: 1.5435512632131576, rho: 0.43125, transmit_actions: 14, P: [0.5625, 1.0, 0.125, 0.8125, 0.125, 0.0, 0.875, 0.0625, 0.8125, 0.8125, 0.0625, 1.0, 0.0625, 0.0625, 0.0625, 0.125, 0.0625, 0.75, 0.125, 0.0]
[TRAIN]: (582/1600): reward: -12.213529229164124, rates: 8.786470551476583, loss: 1.5062275797128677, rho: 0.36875, transmit_actions: 13, P: [0.375, 1.0, 0.9375, 0.0625, 0.0, 0.125, 1.0, 0.125, 0.5625, 0.0625, 0.0625, 0.125, 0.125, 0.0625, 0.0625, 1.0, 0.4375, 0.125, 0.8125, 0.0625]
[TRAIN]: (583/1600): reward: -38.30071347951889, rates: 9.699286439212909, loss: 1.4111249268054962, rho: 0.4, transmit_actions: 14, P: [0.5625, 0.0625, 0.0, 0.0625, 0.0625, 0.0625, 0.3125, 0.4375, 0.8125, 0.0625, 0.9375, 0.375, 0.0625, 0.125, 0.8125, 0.0625, 0.125, 0.0625, 0.0625, 0.125]
[TRAIN]: (584/1600): reward: -3.4286240339279175, rates: 7.571375893088813, loss: 1.8041430413722992, rho: 0.31875, transmit_actions: 13, P: [0.5625, 1.0, 0.6875, 0.0625, 0.0, 0.0625, 0.0, 1.0, 0.0625, 0.0625, 0.125, 0.0625, 0.9375, 0.125, 0.0, 0.0625, 0.0625, 0.0625, 1.0, 0.0625]
[TRAIN]: (585/1600): reward: 13.54577749967575, rates: 13.545777678798238, loss: 1.323456457257271, rho: 0.275, transmit_actions: 15, P: [0.5625, 0.6875, 1.0, 1.0, 0.0625, 0.0, 0.0625, 0.125, 0.125, 0.125, 0.0625, 0.625, 0.0625, 0.0625, 0.0625, 0.0625, 0.0625, 0.0625, 0.0625, 0.0625]
[TRAIN]: (586/1600): reward: -0.9820964261889458, rates: 12.017903638891326, loss: 1.586297759413719, rho: 0.3, transmit_actions: 14, P: [0.5625, 0.0625, 0.0, 0.0625, 0.9375, 0.0, 0.6875, 0.0625, 0.9375, 0.0625, 0.0625, 0.0625, 0.0625, 0.0625, 0.8125, 0.4375, 0.125, 0.0625, 0.0625, 0.125]
[TRAIN]: (587/1600): reward: 1.087963044643402, rates: 11.087962961542654, loss: 1.450120535492897, rho: 0.25, transmit_actions: 12, P: [0.5625, 0.875, 1.0, 1.0, 0.125, 0.0625, 1.0, 0.125, 0.0625, 0.0625, 0.125, 0.6875, 0.9375, 0.125, 0.125, 0.0625, 0.125, 0.0625, 0.0625, 0.0]
[TRAIN]: (588/1600): reward: 7.385894030332565, rates: 10.385894179714874, loss: 1.376080945134163, rho: 0.3125, transmit_actions: 13, P: [0.5625, 1.0, 0.6875, 0.125, 0.0625, 0.0625, 0.9375, 0.9375, 0.8125, 0.125, 0.125, 0.125, 0.0625, 0.0, 0.125, 0.125, 0.125, 0.0625, 0.0625, 0.8125]
[TRAIN]: (589/1600): reward: -22.15660221129656, rates: 9.84339772708242, loss: 1.5313656032085419, rho: 0.35, transmit_actions: 14, P: [0.5625, 0.625, 0.875, 1.0, 0.375, 0.125, 0.5, 0.125, 0.125, 0.9375, 0.9375, 0.125, 0.125, 0.0625, 0.0, 0.0625, 0.0625, 0.0625, 0.0625, 0.25]
[TRAIN]: (590/1600): reward: -4.376261927187443, rates: 12.623737966191928, loss: 1.5957036346197129, rho: 0.30625, transmit_actions: 16, P: [0.5625, 0.0625, 0.8125, 0.0625, 0.875, 0.6875, 0.125, 0.125, 0.125, 0.75, 0.125, 0.0625, 0.0625, 0.0625, 0.0625, 0.0625, 0.0625, 0.125, 0.0625, 0.125]
[TRAIN]: (591/1600): reward: -2.059434190392494, rates: 8.9405658595267, loss: 1.3154973715543747, rho: 0.35, transmit_actions: 12, P: [1.0, 0.625, 0.0625, 1.0, 0.0, 0.75, 0.0625, 0.0625, 0.0625, 0.9375, 0.0625, 0.0625, 0.0625, 0.875, 0.125, 0.25, 0.0625, 1.0, 0.0625, 0.0625]
[TRAIN]: (592/1600): reward: -0.4873271882534027, rates: 8.512672817276973, loss: 1.4225311666727065, rho: 0.2875, transmit_actions: 12, P: [0.5625, 0.9375, 0.8125, 0.75, 0.0625, 0.0625, 0.0625, 0.625, 0.0625, 0.0625, 0.6875, 0.0625, 0.3125, 0.625, 0.0625, 0.625, 0.125, 0.0625, 0.125, 0.125]
[TRAIN]: (593/1600): reward: -0.5707294344902039, rates: 9.429270653457825, loss: 1.23679880797863, rho: 0.28125, transmit_actions: 11, P: [0.5625, 0.6875, 0.75, 0.625, 0.0625, 0.0, 0.9375, 0.0, 0.8125, 0.0625, 0.0625, 0.125, 0.8125, 0.0625, 0.125, 0.0625, 0.0625, 0.9375, 0.8125, 0.125]
[TRAIN]: (594/1600): reward: -2.67133991420269, rates: 8.328660109973551, loss: 1.4450857132673263, rho: 0.3875, transmit_actions: 14, P: [0.375, 0.8125, 0.0, 0.3125, 0.125, 0.125, 0.0625, 0.8125, 0.0625, 0.75, 1.0, 0.0625, 0.125, 1.0, 0.125, 0.0625, 0.0625, 0.125, 0.0625, 0.0625]
[TRAIN]: (595/1600): reward: -21.159112200140953, rates: 11.840887861339313, loss: 1.6099398106336593, rho: 0.3625, transmit_actions: 14, P: [0.375, 0.5625, 0.125, 0.125, 0.125, 0.0625, 0.125, 1.0, 0.125, 0.0625, 0.8125, 0.0625, 0.0625, 0.0625, 0.5625, 0.0625, 0.3125, 0.0625, 0.125, 0.0625]
[TRAIN]: (596/1600): reward: -18.478598803281784, rates: 11.52140132732952, loss: 1.5167049497365952, rho: 0.34375, transmit_actions: 12, P: [0.5625, 0.875, 0.625, 0.0625, 0.0625, 0.9375, 1.0, 0.875, 0.125, 0.0, 0.6875, 0.125, 0.125, 0.0, 0.125, 0.0625, 0.125, 0.125, 0.125, 0.125]
[TRAIN]: (597/1600): reward: -1.8614695370197296, rates: 9.13853027729646, loss: 1.2629187107086182, rho: 0.3125, transmit_actions: 14, P: [0.5625, 0.875, 0.75, 0.125, 0.0625, 0.125, 0.125, 0.125, 0.125, 0.0625, 0.0625, 1.0, 0.5, 0.875, 0.8125, 0.125, 0.0, 0.0625, 0.125, 0.0]
[TRAIN]: (598/1600): reward: 0.04799887537956238, rates: 11.04799884892738, loss: 1.4030714273452758, rho: 0.28125, transmit_actions: 13, P: [0.5625, 0.75, 0.0625, 1.0, 0.125, 0.0625, 0.0625, 0.125, 0.875, 0.125, 0.0625, 0.0625, 0.125, 0.125, 0.0625, 0.9375, 0.125, 0.8125, 0.0625, 0.5]
[TRAIN]: (599/1600): reward: 9.79646210372448, rates: 10.796462113278839, loss: 1.5759728670120239, rho: 0.41875, transmit_actions: 16, P: [0.5625, 0.0, 0.8125, 0.0625, 0.125, 0.0625, 0.0625, 0.0625, 1.0, 0.0, 0.8125, 0.125, 0.0625, 0.0625, 0.125, 0.0, 0.125, 0.0625, 0.125, 0.0625]
[TRAIN]: (600/1600): reward: -2.8890515938401222, rates: 10.110948296564402, loss: 1.3341404855251313, rho: 0.38125, transmit_actions: 17, P: [0.375, 0.0, 0.6875, 0.0625, 0.0, 0.0625, 0.0, 0.0625, 0.0625, 0.0625, 0.0, 0.125, 0.0625, 0.0, 0.125, 0.875, 0.125, 0.125, 0.0625, 0.0625]
[TRAIN]: (601/1600): reward: 0.2833607494831085, rates: 10.283360746010368, loss: 1.367749160528183, rho: 0.2875, transmit_actions: 13, P: [0.375, 0.125, 0.875, 0.0625, 0.125, 0.875, 0.875, 0.0625, 0.0625, 0.25, 0.125, 0.0625, 0.0, 0.0625, 0.125, 1.0, 0.0625, 0.125, 0.625, 0.0625]
[TRAIN]: (602/1600): reward: 9.146115370094776, rates: 11.146115294683774, loss: 1.5047674566507339, rho: 0.28125, transmit_actions: 12, P: [0.375, 0.625, 0.0625, 0.875, 0.0625, 0.9375, 0.125, 0.0625, 0.9375, 0.125, 0.0625, 0.0625, 0.625, 0.8125, 0.125, 0.875, 0.0625, 0.0625, 0.125, 0.125]
[TRAIN]: (603/1600): reward: 9.720008477568626, rates: 12.720008282006223, loss: 1.3257298052310944, rho: 0.2875, transmit_actions: 16, P: [0.375, 0.6875, 0.0625, 0.125, 0.1875, 0.8125, 0.125, 0.0625, 0.0625, 0.125, 0.0625, 0.0625, 0.0, 0.0625, 0.0625, 0.0625, 0.0625, 0.0625, 0.125, 0.8125]
[TRAIN]: (604/1600): reward: -12.382634401321411, rates: 8.617365666906272, loss: 1.3328407019376756, rho: 0.3, transmit_actions: 13, P: [0.375, 0.75, 0.0, 0.875, 0.1875, 0.0625, 0.9375, 0.625, 0.0625, 0.0625, 0.0625, 1.0, 0.0625, 0.0625, 0.0625, 0.0, 0.0, 0.0625, 0.0625, 0.6875]
[TRAIN]: (605/1600): reward: 9.725231945514679, rates: 9.725231916568559, loss: 1.2521660298109054, rho: 0.275, transmit_actions: 10, P: [0.375, 0.875, 0.6875, 0.8125, 0.0625, 0.125, 0.9375, 0.9375, 0.9375, 0.75, 0.75, 0.0625, 0.625, 0.0625, 0.0625, 0.0625, 0.125, 0.0625, 0.0625, 0.0625]
[TRAIN]: (606/1600): reward: 11.772062871605158, rates: 14.772062837392486, loss: 1.1117299765348434, rho: 0.23125, transmit_actions: 15, P: [0.5625, 0.9375, 0.625, 0.0625, 0.0625, 0.0625, 0.0625, 0.0625, 0.9375, 0.125, 0.0625, 0.125, 0.0625, 0.9375, 0.0625, 0.0625, 0.0625, 0.125, 0.0625, 0.125]
[TRAIN]: (607/1600): reward: -16.957471817731857, rates: 12.042527791697866, loss: 1.4452295631170273, rho: 0.35625, transmit_actions: 18, P: [0.5625, 0.0625, 0.0625, 0.75, 0.0625, 0.125, 0.0625, 0.0625, 0.125, 0.0625, 0.0625, 0.0625, 0.6875, 0.0625, 0.3125, 0.25, 0.125, 0.0625, 0.125, 0.0625]
[TRAIN]: (608/1600): reward: -4.13338453322649, rates: 8.866615397409461, loss: 1.324168536067009, rho: 0.35625, transmit_actions: 14, P: [0.5625, 0.125, 0.75, 0.9375, 0.0625, 0.0625, 0.9375, 0.0625, 0.75, 0.0625, 0.875, 0.0625, 0.125, 0.125, 0.0625, 0.125, 0.125, 0.125, 0.0625, 1.0]
[TRAIN]: (609/1600): reward: -29.0389516428113, rates: 7.961048526779119, loss: 1.358018124103546, rho: 0.35, transmit_actions: 12, P: [0.5, 0.8125, 0.0, 0.8125, 0.0625, 0.125, 0.0625, 0.0625, 0.0625, 1.0, 0.9375, 0.125, 0.125, 0.125, 0.0625, 0.0625, 0.5, 0.3125, 0.0625, 0.1875]
[TRAIN]: (610/1600): reward: 1.7212170660495758, rates: 11.721217007788189, loss: 1.3889773309230804, rho: 0.3625, transmit_actions: 14, P: [0.5, 0.9375, 0.375, 0.0625, 0.0625, 0.0625, 0.0625, 0.125, 0.9375, 0.0625, 0.9375, 0.0625, 0.0625, 0.0625, 0.125, 0.0625, 0.0, 0.0625, 0.875, 0.0625]
[TRAIN]: (611/1600): reward: 14.997461631894112, rates: 15.997461647243016, loss: 1.2516588896512986, rho: 0.31875, transmit_actions: 18, P: [0.375, 0.875, 0.125, 0.0, 0.0625, 0.0625, 0.0625, 0.125, 0.125, 0.0625, 0.0625, 0.0625, 0.0625, 0.125, 0.0625, 0.0625, 0.125, 0.125, 0.0625, 0.0625]
[TRAIN]: (612/1600): reward: -11.512385874986649, rates: 10.487614047302326, loss: 1.2368687599897386, rho: 0.3375, transmit_actions: 15, P: [0.375, 0.875, 0.0625, 0.9375, 0.0625, 0.0, 0.8125, 0.125, 0.0, 0.0625, 0.0, 0.0625, 0.125, 0.125, 0.0625, 0.9375, 0.125, 0.0625, 0.0625, 0.0625]
[TRAIN]: (613/1600): reward: -2.0637860894203186, rates: 9.936213922685598, loss: 1.2490603834390641, rho: 0.25, transmit_actions: 14, P: [0.5625, 0.8125, 0.6875, 0.0, 0.0, 0.0625, 0.0, 0.75, 0.75, 0.125, 0.0625, 0.375, 0.0625, 0.125, 0.125, 0.0625, 0.0625, 0.125, 0.0, 0.0625]
[TRAIN]: (614/1600): reward: 9.635783202946186, rates: 13.635783103969981, loss: 1.3191532343626022, rho: 0.28125, transmit_actions: 15, P: [0.5625, 0.625, 0.0625, 0.9375, 0.0625, 0.0625, 0.0625, 0.75, 0.0625, 0.125, 0.0625, 0.125, 0.125, 0.125, 0.125, 0.8125, 0.125, 0.0625, 0.125, 0.125]
[TRAIN]: (615/1600): reward: -15.49365484714508, rates: 12.506344954263774, loss: 1.3180355429649353, rho: 0.30625, transmit_actions: 17, P: [1.0, 0.0, 0.625, 0.0625, 0.0625, 0.75, 0.0625, 0.1875, 0.875, 0.0625, 0.0625, 0.0625, 0.0625, 0.8125, 0.0625, 0.0625, 1.0, 0.0, 0.0625, 0.0625]
[TRAIN]: (616/1600): reward: 9.30425027012825, rates: 14.30425005032627, loss: 1.323751187324524, rho: 0.3375, transmit_actions: 16, P: [0.5625, 0.25, 0.0, 1.0, 0.1875, 0.0625, 0.125, 0.0625, 0.0, 1.0, 0.0625, 0.0625, 0.75, 0.0625, 0.125, 0.0625, 0.0625, 0.125, 0.125, 0.0625]
[TRAIN]: (617/1600): reward: -8.719084203243256, rates: 12.280915857878306, loss: 1.4379537731409073, rho: 0.25, transmit_actions: 15, P: [0.5625, 0.5, 1.0, 0.0625, 0.0, 0.0625, 0.0625, 0.125, 0.9375, 0.0, 0.0625, 0.125, 0.3125, 0.0625, 0.0625, 1.0, 0.125, 0.125, 0.0625, 0.0625]
[TRAIN]: (618/1600): reward: 8.924760937690735, rates: 10.924760945719402, loss: 1.2010882794857025, rho: 0.31875, transmit_actions: 15, P: [0.5625, 0.125, 0.125, 0.0625, 0.125, 0.9375, 0.0625, 0.0, 0.625, 0.0625, 0.875, 0.0625, 0.0, 0.0625, 0.125, 0.625, 0.125, 0.0625, 0.0625, 0.0625]
[TRAIN]: (619/1600): reward: 1.1020281314849854, rates: 11.102028130481733, loss: 1.2960998654365539, rho: 0.35, transmit_actions: 14, P: [0.9375, 0.75, 0.625, 0.125, 0.625, 0.0625, 0.125, 0.9375, 0.0625, 0.125, 0.0625, 0.0625, 0.0625, 0.0625, 0.0625, 0.0625, 0.0625, 0.0625, 0.0, 0.8125]
[TRAIN]: (620/1600): reward: 12.198199294507504, rates: 13.198199534807621, loss: 1.268603427708149, rho: 0.3375, transmit_actions: 15, P: [0.375, 0.75, 0.125, 0.0, 0.75, 0.0625, 0.6875, 0.125, 1.0, 0.0625, 0.125, 0.125, 0.125, 0.125, 0.125, 0.0625, 0.125, 0.0625, 0.125, 0.125]
[TRAIN]: (621/1600): reward: 0.133186181075871, rates: 12.133186206310917, loss: 1.2244148701429367, rho: 0.3875, transmit_actions: 16, P: [0.375, 0.625, 0.0625, 0.0625, 0.0625, 0.0625, 0.0625, 0.875, 0.0625, 0.0625, 0.0625, 0.0625, 0.125, 0.125, 0.5625, 0.0625, 0.125, 0.0625, 0.0625, 0.0]
[TRAIN]: (622/1600): reward: -4.155584812164307, rates: 10.844415451833427, loss: 1.470546194911003, rho: 0.3, transmit_actions: 14, P: [0.375, 0.625, 0.0, 1.0, 0.0625, 0.0625, 0.0625, 0.25, 1.0, 1.0, 0.0, 0.0625, 0.0625, 0.0625, 0.0625, 0.0625, 0.8125, 0.0625, 0.125, 0.0625]
[TRAIN]: (623/1600): reward: 16.12162533402443, rates: 16.12162527171568, loss: 1.134087923169136, rho: 0.28125, transmit_actions: 17, P: [0.375, 0.0, 1.0, 0.0625, 0.0625, 0.0625, 0.625, 0.0625, 0.0625, 0.0625, 0.125, 0.0625, 0.0625, 0.0625, 0.125, 0.0625, 0.0625, 0.0625, 0.0625, 0.0625]
[TRAIN]: (624/1600): reward: 2.1341394782066345, rates: 13.134139560802259, loss: 1.2193787097930908, rho: 0.33125, transmit_actions: 18, P: [0.375, 0.0, 0.0625, 0.0625, 0.0625, 0.0625, 0.0625, 0.0625, 0.6875, 0.125, 0.0, 0.125, 0.0625, 0.8125, 0.125, 0.125, 0.125, 0.0625, 0.0625, 0.0625]
[TRAIN]: (625/1600): reward: 2.2669058442115784, rates: 11.26690569586433, loss: 1.1323982179164886, rho: 0.35, transmit_actions: 16, P: [0.375, 0.625, 0.125, 0.0625, 0.0625, 0.0625, 0.0625, 0.0625, 0.0625, 0.6875, 0.9375, 0.0625, 0.0625, 0.0625, 0.125, 0.375, 0.125, 0.0625, 0.0625, 0.0625]
[TRAIN]: (626/1600): reward: 2.1907767429947853, rates: 12.190776830915036, loss: 1.2192499563097954, rho: 0.33125, transmit_actions: 17, P: [0.5625, 0.0, 0.25, 0.0625, 0.0, 0.875, 0.0625, 0.0625, 0.0625, 0.0, 0.0625, 0.0625, 0.0625, 0.0625, 0.0, 0.125, 0.0625, 0.0625, 0.0625, 0.0625]
[TRAIN]: (627/1600): reward: 13.247160106897354, rates: 14.247160158414559, loss: 1.15741086602211, rho: 0.28125, transmit_actions: 16, P: [0.375, 0.9375, 0.0625, 0.0, 0.0625, 0.0625, 0.125, 0.8125, 0.0625, 0.0625, 0.0625, 0.125, 0.125, 0.0625, 0.125, 0.125, 0.125, 0.125, 0.8125, 0.0625]
[TRAIN]: (628/1600): reward: 13.41301441192627, rates: 13.413014510447224, loss: 1.245481577515602, rho: 0.2625, transmit_actions: 13, P: [0.375, 0.75, 0.8125, 0.8125, 1.0, 0.0625, 0.125, 0.0625, 1.0, 0.125, 0.0625, 0.125, 0.125, 0.0625, 0.0625, 0.0625, 0.125, 0.6875, 0.0625, 0.0625]
[TRAIN]: (629/1600): reward: 8.778225485235453, rates: 9.778225441985414, loss: 1.1896514296531677, rho: 0.25625, transmit_actions: 11, P: [0.375, 0.875, 0.0625, 0.125, 0.0625, 0.0625, 1.0, 0.9375, 0.8125, 0.625, 0.625, 0.0625, 0.125, 0.75, 0.125, 0.625, 0.0625, 0.0625, 0.0625, 0.0625]
[TRAIN]: (630/1600): reward: -7.848739266395569, rates: 12.15126085002672, loss: 1.386907199025154, rho: 0.2875, transmit_actions: 13, P: [0.375, 0.9375, 0.125, 0.6875, 0.5625, 0.625, 0.0625, 0.6875, 0.0625, 0.0, 0.0625, 0.0625, 0.0625, 0.0625, 0.125, 0.125, 0.75, 0.0625, 0.0625, 0.125]
[TRAIN]: (631/1600): reward: -1.3272186666727066, rates: 13.672781110352213, loss: 1.3888785123825074, rho: 0.3875, transmit_actions: 17, P: [0.625, 1.0, 0.0625, 0.0, 0.0625, 0.125, 0.0625, 0.1875, 0.0625, 0.0625, 0.1875, 0.0625, 0.0625, 0.0625, 0.0625, 0.0625, 0.0625, 0.125, 0.0625, 0.125]
[TRAIN]: (632/1600): reward: 2.013053648173809, rates: 12.013053534020763, loss: 1.260599023103714, rho: 0.3375, transmit_actions: 14, P: [0.375, 0.625, 0.6875, 0.9375, 0.0, 0.0625, 0.0625, 0.0625, 0.0625, 0.8125, 0.0625, 0.0625, 0.125, 0.125, 0.8125, 0.125, 0.0625, 0.0625, 0.0625, 0.125]
[TRAIN]: (633/1600): reward: 10.083826380199753, rates: 12.083826521602262, loss: 1.2011168599128723, rho: 0.28125, transmit_actions: 14, P: [0.375, 0.75, 0.9375, 0.125, 0.125, 0.125, 0.75, 0.0625, 0.0, 0.125, 0.8125, 0.125, 0.0625, 0.0625, 0.125, 0.8125, 0.0625, 0.0625, 0.125, 0.125]
[TRAIN]: (634/1600): reward: 10.87951497733593, rates: 11.87951499341907, loss: 1.4722675174474715, rho: 0.31875, transmit_actions: 14, P: [0.375, 0.0625, 0.125, 0.9375, 0.125, 0.0625, 0.0625, 0.875, 0.0, 0.0, 1.0, 0.0625, 0.0625, 0.0625, 0.0625, 0.0625, 0.75, 0.9375, 0.0625, 0.0625]
[TRAIN]: (635/1600): reward: 11.46885746717453, rates: 14.468857417837166, loss: 1.3642372220754624, rho: 0.25, transmit_actions: 15, P: [0.375, 0.75, 0.0625, 0.0, 0.8125, 0.0, 0.125, 0.0625, 0.0625, 1.0, 0.0625, 0.125, 0.125, 0.0625, 0.125, 0.125, 0.125, 0.0625, 0.9375, 0.0625]
[TRAIN]: (636/1600): reward: 12.50406602025032, rates: 13.504066161075398, loss: 1.2464080899953842, rho: 0.34375, transmit_actions: 16, P: [0.375, 1.0, 0.875, 0.0625, 0.0625, 0.9375, 0.0625, 0.0625, 0.0625, 0.0625, 0.125, 0.125, 0.125, 0.0625, 0.125, 0.125, 0.0625, 0.125, 0.125, 0.0625]
[TRAIN]: (637/1600): reward: 11.010201275348663, rates: 11.010201186789635, loss: 1.415111067891121, rho: 0.30625, transmit_actions: 13, P: [0.9375, 0.875, 0.0625, 0.0625, 0.75, 0.0625, 0.0625, 0.0625, 0.0, 0.0625, 0.0625, 0.125, 0.125, 0.0625, 0.125, 0.875, 0.125, 0.875, 0.75, 0.8125]
[TRAIN]: (638/1600): reward: 9.857250154018402, rates: 11.857250117527917, loss: 1.3835321009159087, rho: 0.35, transmit_actions: 17, P: [1.0, 1.0, 0.125, 0.0, 0.0625, 0.0625, 0.9375, 0.0625, 0.0625, 0.0625, 0.125, 0.125, 0.125, 0.0625, 0.0625, 0.125, 0.0625, 0.0625, 0.0, 0.0625]
[TRAIN]: (639/1600): reward: 0.02192634344100952, rates: 12.021926215468115, loss: 1.2115419507026672, rho: 0.2875, transmit_actions: 14, P: [0.375, 0.625, 0.0625, 0.75, 0.0625, 0.0, 0.0625, 0.1875, 0.0625, 0.0625, 0.5, 0.0625, 0.0625, 1.0, 0.0625, 0.6875, 0.125, 0.0625, 0.0625, 0.0]
[TRAIN]: (640/1600): reward: -16.770491674542427, rates: 9.229508343759436, loss: 1.393504810333252, rho: 0.325, transmit_actions: 11, P: [0.5625, 0.875, 0.9375, 0.8125, 0.9375, 0.0625, 0.4375, 0.0625, 0.875, 0.875, 0.0625, 0.875, 0.625, 0.125, 0.9375, 0.3125, 0.0625, 0.0625, 0.125, 0.0625]
[TRAIN]: (641/1600): reward: 8.211852133274078, rates: 14.21185214798799, loss: 1.375910222530365, rho: 0.34375, transmit_actions: 17, P: [0.375, 0.875, 0.125, 0.0625, 0.0625, 0.0625, 0.9375, 0.0625, 0.125, 0.0625, 0.125, 0.3125, 0.125, 0.0625, 0.0625, 0.0625, 0.0625, 0.125, 0.0625, 0.125]
[TRAIN]: (642/1600): reward: 13.630818098783493, rates: 13.630818146058852, loss: 1.1481684684753417, rho: 0.3125, transmit_actions: 16, P: [0.375, 0.75, 0.125, 0.625, 0.0625, 0.125, 0.0625, 0.125, 0.0625, 0.0, 0.0625, 0.0625, 0.0625, 0.8125, 0.0625, 0.0625, 0.125, 0.0625, 0.0625, 0.0625]
[TRAIN]: (643/1600): reward: 8.423634584993124, rates: 13.423634563238785, loss: 1.4257177263498306, rho: 0.25625, transmit_actions: 15, P: [0.375, 0.75, 0.0625, 0.0, 0.1875, 0.125, 0.9375, 0.1875, 0.125, 0.6875, 1.0, 0.0625, 0.0625, 0.0625, 0.125, 0.0625, 0.125, 0.125, 0.0625, 0.0625]
[TRAIN]: (644/1600): reward: -0.7002870440483093, rates: 11.299712948108601, loss: 1.436316853761673, rho: 0.375, transmit_actions: 15, P: [0.9375, 0.75, 0.0625, 0.0625, 0.6875, 0.0625, 0.3125, 0.1875, 0.125, 0.125, 0.0625, 0.125, 0.625, 0.0625, 0.0625, 0.0625, 0.0, 0.0625, 0.0625, 0.125]
[TRAIN]: (645/1600): reward: 10.781936436891556, rates: 11.781936473355957, loss: 1.2888932168483733, rho: 0.3, transmit_actions: 13, P: [0.4375, 0.0625, 0.9375, 0.0, 0.8125, 0.0625, 0.0625, 0.8125, 0.6875, 1.0, 0.125, 0.6875, 0.0625, 0.0625, 0.0625, 0.0625, 0.0625, 0.0625, 0.125, 0.0625]
[TRAIN]: (646/1600): reward: 15.077379912137985, rates: 15.077379906646781, loss: 1.192866823077202, rho: 0.35625, transmit_actions: 17, P: [0.5625, 0.625, 0.0625, 0.0, 0.0625, 0.0625, 0.0625, 1.0, 0.125, 0.0625, 0.125, 0.0625, 0.0625, 0.0625, 0.0625, 0.0625, 0.0625, 0.0625, 0.125, 0.0625]
[TRAIN]: (647/1600): reward: 1.5984907448291779, rates: 15.598490751111376, loss: 1.4436001539230348, rho: 0.30625, transmit_actions: 17, P: [0.375, 0.0, 0.4375, 0.0625, 0.125, 0.0625, 0.0625, 0.0625, 0.6875, 0.0625, 0.0625, 0.0625, 0.125, 0.125, 0.0625, 0.0625, 0.0625, 0.0625, 0.125, 0.0625]
[TRAIN]: (648/1600): reward: 8.829108849167824, rates: 12.829108752098998, loss: 1.2342553049325944, rho: 0.36875, transmit_actions: 17, P: [0.5625, 0.8125, 0.0625, 0.125, 0.1875, 0.8125, 0.125, 0.0, 0.0625, 0.125, 0.0625, 0.0625, 0.125, 0.0625, 0.125, 0.0625, 0.125, 0.0625, 0.0625, 0.125]
[TRAIN]: (649/1600): reward: 6.185316503047943, rates: 11.185316495280912, loss: 1.2381884008646011, rho: 0.3625, transmit_actions: 15, P: [0.375, 1.0, 1.0, 0.8125, 0.125, 0.0, 0.125, 0.0625, 0.125, 0.875, 0.0625, 0.0625, 0.0625, 0.125, 0.125, 0.4375, 0.0625, 0.0625, 0.0, 0.125]
[TRAIN]: (650/1600): reward: 10.209688439965248, rates: 14.209688399520829, loss: 1.197975265979767, rho: 0.375, transmit_actions: 19, P: [0.375, 0.0, 0.125, 0.0625, 0.125, 0.125, 0.0625, 0.125, 0.125, 0.0625, 0.0625, 0.125, 0.0625, 0.0625, 0.125, 0.125, 0.0625, 0.0625, 0.0625, 0.125]
[TRAIN]: (651/1600): reward: 11.80610677599907, rates: 11.806106685784227, loss: 1.2557731956243514, rho: 0.43125, transmit_actions: 16, P: [0.625, 0.0, 0.125, 0.125, 0.0625, 0.875, 0.125, 0.0625, 0.125, 0.125, 0.6875, 0.0625, 0.0625, 0.0625, 0.125, 0.125, 0.0625, 0.8125, 0.125, 0.125]
[TRAIN]: (652/1600): reward: 1.1046072468161583, rates: 11.104607439422828, loss: 1.0781863421201705, rho: 0.31875, transmit_actions: 16, P: [0.75, 0.625, 0.75, 0.0625, 0.0625, 0.0625, 0.0, 0.0, 0.0625, 0.125, 0.125, 0.0625, 0.0625, 0.4375, 0.875, 0.125, 0.125, 0.0625, 0.0625, 0.125]
[TRAIN]: (653/1600): reward: 13.830715864896774, rates: 13.830715902627048, loss: 1.1577994525432587, rho: 0.325, transmit_actions: 16, P: [0.75, 0.75, 0.0625, 0.0625, 0.125, 0.125, 0.125, 0.75, 0.0625, 0.0, 0.0625, 0.0625, 0.0625, 0.0625, 0.0625, 0.0625, 0.0625, 0.0625, 0.8125, 0.0625]
[TRAIN]: (654/1600): reward: 14.342140913009644, rates: 14.34214085034635, loss: 1.130641919374466, rho: 0.29375, transmit_actions: 17, P: [0.4375, 0.8125, 0.0, 0.0625, 0.0625, 1.0, 0.0625, 0.0625, 0.0625, 0.0625, 0.0625, 0.125, 0.0625, 0.0625, 0.125, 0.0625, 0.125, 0.0625, 0.0625, 0.0625]
[TRAIN]: (655/1600): reward: 11.54861581325531, rates: 11.548615754871289, loss: 1.1915223017334937, rho: 0.31875, transmit_actions: 15, P: [0.4375, 0.0, 0.0625, 1.0, 0.0625, 0.0625, 0.0625, 0.0625, 0.0625, 0.0625, 0.0625, 1.0, 0.0625, 0.0625, 0.0625, 0.125, 0.875, 0.0625, 1.0, 0.0625]
[TRAIN]: (656/1600): reward: 13.360367208719254, rates: 14.36036716546027, loss: 1.1341749221086501, rho: 0.33125, transmit_actions: 17, P: [0.4375, 1.0, 0.625, 0.125, 0.0, 0.125, 0.125, 0.0625, 0.0625, 0.0625, 0.0625, 0.0625, 0.125, 0.0625, 0.0625, 0.0625, 0.125, 0.0625, 0.0625, 0.0625]
[TRAIN]: (657/1600): reward: 12.651090145111084, rates: 12.651090023936458, loss: 1.0994877010583877, rho: 0.2625, transmit_actions: 15, P: [0.4375, 0.0, 0.9375, 0.0625, 0.0625, 0.0625, 0.0625, 0.0625, 0.875, 0.0, 0.75, 0.0625, 0.125, 0.0625, 0.0625, 0.0625, 0.0625, 0.6875, 0.0625, 0.0625]
[TRAIN]: (658/1600): reward: 15.241839081048965, rates: 15.241839088072114, loss: 1.334285044670105, rho: 0.28125, transmit_actions: 17, P: [0.375, 0.9375, 0.0, 0.0625, 0.0625, 0.0625, 0.0625, 0.0625, 0.0625, 0.125, 0.0625, 0.0625, 0.0625, 0.0625, 0.0625, 0.0625, 0.8125, 0.0625, 0.0625, 0.0625]
[TRAIN]: (659/1600): reward: 12.843744486570358, rates: 12.843744581760937, loss: 1.2149306327104568, rho: 0.3, transmit_actions: 16, P: [0.4375, 0.875, 0.0625, 0.0625, 0.0625, 0.0625, 0.0625, 0.0625, 0.0625, 0.0, 0.8125, 0.0625, 0.0625, 0.125, 0.0625, 0.0625, 0.125, 0.9375, 0.0625, 0.0625]
[TRAIN]: (660/1600): reward: 9.568782851099968, rates: 11.568782855021444, loss: 1.3194048196077346, rho: 0.36875, transmit_actions: 16, P: [0.75, 0.875, 0.125, 0.0625, 0.125, 0.0625, 0.6875, 0.125, 0.0625, 0.0625, 0.0625, 0.125, 0.125, 0.0625, 0.125, 0.125, 0.125, 0.0625, 0.9375, 0.0625]
[TRAIN]: (661/1600): reward: 11.968549191951752, rates: 13.968549127463797, loss: 1.222012147307396, rho: 0.3625, transmit_actions: 16, P: [0.9375, 0.625, 0.0625, 0.0625, 0.0625, 0.0625, 0.0625, 0.0625, 0.9375, 0.125, 0.0625, 0.0625, 0.125, 0.125, 0.125, 0.0625, 0.0625, 0.75, 0.0625, 0.0625]
[TRAIN]: (662/1600): reward: 11.100302249193192, rates: 11.100302251164889, loss: 1.180567941069603, rho: 0.26875, transmit_actions: 12, P: [0.9375, 0.875, 0.9375, 0.0625, 0.875, 0.0, 0.8125, 0.0625, 0.0625, 0.9375, 0.0625, 0.125, 0.6875, 0.125, 0.0625, 0.875, 0.0625, 0.0625, 0.0625, 0.125]
[TRAIN]: (663/1600): reward: 13.145503535866737, rates: 14.145503441222205, loss: 1.1340464413166047, rho: 0.3375, transmit_actions: 17, P: [0.75, 0.75, 0.0, 0.125, 0.0, 0.0625, 0.0625, 0.0625, 0.125, 0.75, 0.0, 0.125, 0.0625, 0.0625, 0.0625, 0.0625, 0.0625, 0.125, 0.125, 0.0625]
[TRAIN]: (664/1600): reward: 9.41636723279953, rates: 11.41636710238358, loss: 1.1635116338729858, rho: 0.3625, transmit_actions: 16, P: [0.375, 0.0, 0.0625, 0.875, 0.0625, 0.875, 0.8125, 0.125, 0.0625, 0.0, 0.125, 0.0625, 0.0625, 0.125, 0.0625, 0.0625, 0.0625, 0.0625, 0.0625, 0.125]
[TRAIN]: (665/1600): reward: -0.9088431894779205, rates: 12.09115676706231, loss: 1.220930102467537, rho: 0.34375, transmit_actions: 15, P: [0.75, 0.625, 0.0625, 0.0, 0.0625, 0.75, 0.8125, 0.125, 0.125, 0.0625, 0.0625, 0.0625, 0.0625, 0.125, 0.125, 0.0625, 0.5, 0.0, 0.125, 0.0625]
[TRAIN]: (666/1600): reward: -3.3740676939487457, rates: 12.62593232034783, loss: 1.1381826490163802, rho: 0.29375, transmit_actions: 16, P: [0.75, 0.6875, 0.6875, 0.0625, 0.625, 0.0625, 0.0625, 0.625, 0.125, 0.0625, 0.0, 0.0625, 0.125, 0.25, 0.0625, 0.125, 0.0625, 0.0625, 0.0625, 0.0625]
[TRAIN]: (667/1600): reward: 13.595089621841908, rates: 13.595089889043136, loss: 0.9768972933292389, rho: 0.30625, transmit_actions: 15, P: [0.75, 0.0, 0.125, 0.8125, 0.625, 0.0625, 0.125, 0.125, 0.0625, 0.125, 0.625, 0.125, 0.0625, 0.125, 0.0625, 0.0625, 0.0625, 0.125, 0.0625, 0.6875]
[TRAIN]: (668/1600): reward: 15.586414754390717, rates: 15.586414765782568, loss: 1.1141250908374787, rho: 0.25, transmit_actions: 16, P: [0.75, 0.0, 0.0625, 0.9375, 0.0625, 0.875, 0.0625, 0.6875, 0.125, 0.0625, 0.0625, 0.0625, 0.0625, 0.0625, 0.0625, 0.0625, 0.0625, 0.0625, 0.0625, 0.125]
[TRAIN]: (669/1600): reward: 10.810015599243343, rates: 11.810015541019443, loss: 1.165901392698288, rho: 0.33125, transmit_actions: 16, P: [0.75, 1.0, 1.0, 0.0, 0.125, 0.0, 0.125, 0.0625, 0.0, 0.0625, 0.0625, 0.125, 0.0625, 0.125, 0.75, 0.125, 0.0625, 0.125, 0.125, 0.0625]
[TRAIN]: (670/1600): reward: 13.358948960900307, rates: 13.358948763950819, loss: 1.3358318597078322, rho: 0.3, transmit_actions: 17, P: [0.75, 0.625, 0.0625, 1.0, 0.0625, 0.0625, 0.0, 0.125, 0.125, 0.0625, 0.0625, 0.0625, 0.0625, 0.0625, 0.0625, 0.0, 0.0625, 0.0625, 0.0625, 0.0625]
[TRAIN]: (671/1600): reward: 10.39294371753931, rates: 12.392943660276343, loss: 0.9917358309030533, rho: 0.30625, transmit_actions: 16, P: [0.375, 0.6875, 0.6875, 0.0, 0.9375, 0.0, 0.125, 0.0625, 0.0, 0.0625, 0.0625, 0.0625, 0.0625, 0.0625, 0.125, 0.0625, 0.0625, 0.0625, 0.125, 0.125]
[TRAIN]: (672/1600): reward: 0.040890089236199856, rates: 13.040890017367865, loss: 1.326752069592476, rho: 0.375, transmit_actions: 16, P: [0.875, 0.8125, 0.125, 0.125, 0.0, 0.0625, 0.0, 0.0625, 0.0625, 0.0625, 0.125, 0.125, 0.0625, 0.125, 0.125, 0.0625, 0.6875, 0.125, 0.125, 0.0625]
[TRAIN]: (673/1600): reward: 9.852149479091167, rates: 13.852149477532281, loss: 1.1875969141721725, rho: 0.275, transmit_actions: 15, P: [0.875, 0.6875, 0.125, 0.0625, 0.0625, 0.0625, 0.875, 0.75, 0.0625, 0.125, 0.0625, 0.6875, 0.0625, 0.0625, 0.0625, 0.0625, 0.125, 0.0, 0.125, 0.125]
[TRAIN]: (674/1600): reward: 12.127327561378479, rates: 14.127327732815454, loss: 1.2401260495185853, rho: 0.3, transmit_actions: 15, P: [0.875, 0.6875, 0.75, 0.0, 0.0625, 0.125, 0.125, 0.0625, 0.125, 0.125, 0.0625, 0.6875, 0.0625, 0.0625, 0.0625, 0.0625, 0.0625, 0.0625, 0.0625, 0.8125]
[TRAIN]: (675/1600): reward: 3.1729574436321855, rates: 15.17295727060408, loss: 1.081089971959591, rho: 0.28125, transmit_actions: 14, P: [0.875, 0.8125, 0.0625, 0.0625, 0.0625, 0.4375, 1.0, 0.0625, 0.8125, 0.0625, 0.0625, 0.125, 0.125, 0.0625, 0.75, 0.0625, 0.125, 0.125, 0.0625, 0.125]
[TRAIN]: (676/1600): reward: 0.69300477206707, rates: 10.693004696322536, loss: 0.9705692499876022, rho: 0.3375, transmit_actions: 13, P: [0.4375, 0.8125, 0.75, 0.5, 0.125, 0.125, 0.8125, 0.0625, 0.0625, 1.0, 0.125, 0.125, 0.0625, 0.0625, 0.875, 0.0625, 0.125, 0.0625, 0.0625, 0.0625]
[TRAIN]: (677/1600): reward: 15.126369044184685, rates: 16.12636895401472, loss: 1.0268130600452423, rho: 0.34375, transmit_actions: 18, P: [0.625, 0.75, 0.0625, 0.0, 0.125, 0.0625, 0.125, 0.0625, 0.125, 0.0625, 0.125, 0.0625, 0.0625, 0.125, 0.125, 0.0625, 0.0625, 0.0625, 0.0625, 0.0625]
[TRAIN]: (678/1600): reward: 13.417104076594114, rates: 14.41710399492558, loss: 1.250109189748764, rho: 0.23125, transmit_actions: 16, P: [0.625, 0.875, 0.0625, 0.0, 0.0625, 0.0625, 0.0625, 0.0625, 0.8125, 0.0625, 0.0625, 0.0625, 0.0625, 0.0625, 0.0625, 0.125, 0.875, 0.125, 0.125, 0.0625]
[TRAIN]: (679/1600): reward: 10.878495186567307, rates: 12.878495263737799, loss: 1.2127178758382797, rho: 0.3375, transmit_actions: 15, P: [0.625, 0.875, 0.0625, 0.0, 0.0625, 0.0625, 0.0625, 0.0625, 0.0625, 0.1875, 0.0625, 0.0625, 1.0, 0.125, 0.125, 0.0625, 0.9375, 0.0625, 0.125, 1.0]
[TRAIN]: (680/1600): reward: 14.735377758741379, rates: 16.735377849342893, loss: 1.1483694523572923, rho: 0.24375, transmit_actions: 16, P: [0.5625, 0.9375, 0.0625, 0.125, 0.0625, 1.0, 0.9375, 0.1875, 0.0625, 0.125, 0.0625, 0.0625, 0.0625, 0.0625, 0.0625, 0.125, 0.0625, 0.0625, 0.0625, 0.0625]
[TRAIN]: (681/1600): reward: 0.2159358710050583, rates: 14.215935960324234, loss: 1.048315978050232, rho: 0.3625, transmit_actions: 17, P: [0.25, 0.5, 0.0625, 0.0625, 0.0625, 0.0625, 0.6875, 0.0625, 0.0625, 0.0625, 0.0625, 0.125, 0.0625, 0.0625, 0.0625, 0.0625, 0.125, 0.0625, 0.875, 0.0625]
[TRAIN]: (682/1600): reward: 3.9450700283050537, rates: 13.945070091555836, loss: 1.1302978694438934, rho: 0.28125, transmit_actions: 15, P: [0.875, 0.75, 0.0625, 0.75, 0.0625, 0.0625, 0.0625, 0.6875, 0.0625, 0.6875, 0.75, 0.125, 0.125, 0.0625, 0.0625, 0.125, 0.125, 0.0625, 0.125, 0.125]
[TRAIN]: (683/1600): reward: 14.079545795917511, rates: 14.079545795191244, loss: 1.194056871533394, rho: 0.33125, transmit_actions: 17, P: [0.5, 0.0625, 0.0625, 0.0, 0.8125, 0.0625, 0.0625, 0.0625, 0.75, 0.125, 0.0625, 0.0625, 0.0625, 0.125, 0.125, 0.0625, 0.0625, 0.0625, 0.125, 0.0625]
[TRAIN]: (684/1600): reward: 2.542397513985634, rates: 7.542397767560115, loss: 1.0963091373443603, rho: 0.3875, transmit_actions: 14, P: [0.9375, 0.875, 0.0625, 0.0625, 0.0, 0.0, 0.1875, 1.0, 0.0, 1.0, 0.6875, 1.0, 0.0, 0.0625, 0.125, 0.0, 0.0625, 0.0625, 0.125, 0.0625]
[TRAIN]: (685/1600): reward: 14.067417860031128, rates: 15.067417747023542, loss: 1.1053875669836999, rho: 0.225, transmit_actions: 15, P: [0.5625, 0.875, 0.0625, 0.0625, 0.0625, 0.0625, 0.125, 0.125, 0.9375, 0.9375, 0.125, 0.0625, 0.0625, 0.0625, 0.6875, 0.0625, 0.0625, 0.0625, 0.0625, 0.0625]
[TRAIN]: (686/1600): reward: 11.205464914441109, rates: 12.205464873473773, loss: 1.117259857058525, rho: 0.3125, transmit_actions: 15, P: [0.5625, 0.0, 0.0, 0.0625, 0.125, 0.125, 0.0, 0.8125, 0.0625, 0.0625, 0.8125, 0.9375, 0.125, 0.0625, 0.0625, 0.0625, 0.0625, 0.0625, 0.0625, 0.8125]
[TRAIN]: (687/1600): reward: 12.882435977458954, rates: 12.8824360080872, loss: 1.0567595541477204, rho: 0.24375, transmit_actions: 14, P: [0.5625, 0.8125, 0.6875, 0.0625, 0.0625, 0.0625, 0.875, 1.0, 0.0625, 0.0625, 0.875, 0.125, 0.0625, 0.125, 0.0625, 0.125, 0.0625, 0.0625, 0.0625, 0.0]
[TRAIN]: (688/1600): reward: 12.713526904582977, rates: 13.713526945755833, loss: 1.0602899074554444, rho: 0.2875, transmit_actions: 16, P: [0.9375, 0.6875, 0.0625, 0.0625, 0.125, 0.875, 0.0625, 1.0, 0.0625, 0.0625, 0.0, 0.0625, 0.0625, 0.0625, 0.0625, 0.0625, 0.0625, 0.0625, 0.0625, 0.0625]
[TRAIN]: (689/1600): reward: -0.6564681176096201, rates: 11.343531985649188, loss: 1.07049480676651, rho: 0.30625, transmit_actions: 15, P: [0.5625, 0.75, 1.0, 0.0, 0.0625, 0.0625, 0.0625, 0.0625, 0.9375, 0.125, 0.0625, 0.625, 0.0625, 0.5625, 0.125, 0.0625, 0.125, 0.125, 0.125, 0.125]
[TRAIN]: (690/1600): reward: 10.56694458425045, rates: 10.566944480696321, loss: 1.162352478504181, rho: 0.33125, transmit_actions: 15, P: [0.375, 0.9375, 0.0625, 0.0, 0.0625, 0.0625, 0.875, 0.0625, 0.0625, 0.0625, 0.0625, 0.0625, 1.0, 0.0625, 0.0625, 0.0625, 0.9375, 0.0625, 0.125, 0.0]
[TRAIN]: (691/1600): reward: 14.662505090236664, rates: 14.662504976996974, loss: 1.0044577062129973, rho: 0.26875, transmit_actions: 16, P: [0.375, 0.625, 0.0, 0.0625, 0.0, 0.0625, 0.0625, 0.625, 0.75, 0.125, 0.0625, 0.125, 0.0625, 0.0625, 0.0625, 0.125, 0.0625, 0.0625, 0.125, 0.0625]
[TRAIN]: (692/1600): reward: 3.4682117700576782, rates: 11.46821189112029, loss: 1.1010749638080597, rho: 0.325, transmit_actions: 15, P: [0.375, 0.75, 0.0625, 0.9375, 0.0625, 0.0625, 0.0625, 0.0625, 0.0625, 0.6875, 0.125, 0.0625, 0.0625, 0.125, 1.0, 0.125, 0.0625, 0.0625, 1.0, 0.125]
[TRAIN]: (693/1600): reward: 7.752680266508833, rates: 10.752680312301989, loss: 1.2096996009349823, rho: 0.4125, transmit_actions: 17, P: [0.5, 0.0, 0.0, 0.125, 0.125, 0.0, 0.0625, 0.0625, 0.0, 0.0625, 0.0625, 0.0625, 0.125, 0.875, 0.0625, 0.125, 1.0, 0.0625, 0.0625, 0.0625]
[TRAIN]: (694/1600): reward: 12.683632671833038, rates: 12.683632696758691, loss: 1.1616079926490783, rho: 0.3125, transmit_actions: 15, P: [0.375, 0.75, 0.75, 0.0625, 0.0625, 0.125, 0.0625, 0.125, 0.125, 0.0625, 0.0625, 0.0625, 0.125, 0.0625, 0.0625, 0.75, 0.0625, 0.125, 0.75, 0.0625]
[TRAIN]: (695/1600): reward: 12.826320063089952, rates: 14.826320074001796, loss: 1.006363570690155, rho: 0.30625, transmit_actions: 18, P: [0.375, 0.875, 0.0625, 0.0625, 0.0625, 0.0625, 0.125, 0.125, 0.0, 0.0625, 0.0625, 0.0625, 0.0625, 0.0625, 0.125, 0.0625, 0.0625, 0.0625, 0.125, 0.0625]
[TRAIN]: (696/1600): reward: 14.93371256440878, rates: 14.933712647058183, loss: 1.1678831726312637, rho: 0.3625, transmit_actions: 19, P: [0.375, 0.0, 0.0, 0.0625, 0.0625, 0.0625, 0.0625, 0.0, 0.0625, 0.0625, 0.125, 0.0625, 0.0625, 0.0625, 0.0625, 0.0625, 0.0625, 0.0625, 0.0625, 0.0625]
[TRAIN]: (697/1600): reward: 14.739837035536766, rates: 16.739837127630572, loss: 1.0890196174383164, rho: 0.30625, transmit_actions: 18, P: [0.375, 0.125, 0.0625, 0.0625, 0.0625, 0.0625, 0.75, 0.0625, 0.0625, 0.0625, 0.0625, 0.0625, 0.0625, 0.0625, 0.0625, 0.0625, 0.0625, 0.125, 0.0625, 0.0625]
[TRAIN]: (698/1600): reward: 14.04386144131422, rates: 14.043861586567179, loss: 1.3352492064237595, rho: 0.34375, transmit_actions: 17, P: [0.25, 0.6875, 0.0625, 0.0, 0.0625, 0.0625, 0.0625, 0.125, 0.125, 0.0625, 0.0625, 0.875, 0.0625, 0.0625, 0.125, 0.0625, 0.0625, 0.0625, 0.125, 0.0625]
[TRAIN]: (699/1600): reward: 14.297261267900467, rates: 14.297261568952994, loss: 1.162583276629448, rho: 0.2875, transmit_actions: 16, P: [0.4375, 0.9375, 0.0, 0.875, 0.0625, 0.0625, 0.0625, 0.0625, 0.0625, 0.125, 0.875, 0.125, 0.0, 0.0625, 0.125, 0.0625, 0.0625, 0.0625, 0.0625, 0.0625]
[TRAIN]: (700/1600): reward: 11.956938683986664, rates: 12.956938874476382, loss: 1.239445585012436, rho: 0.325, transmit_actions: 15, P: [0.4375, 0.8125, 0.0625, 0.125, 0.9375, 0.125, 0.125, 0.875, 0.0625, 0.0625, 0.75, 0.0625, 0.0625, 0.0625, 0.0625, 0.0625, 0.125, 0.0625, 0.0625, 0.0625]
[TRAIN]: (701/1600): reward: 6.408429175615311, rates: 12.408429159699047, loss: 1.1577527493238449, rho: 0.3375, transmit_actions: 17, P: [0.4375, 0.8125, 0.0625, 0.0, 0.125, 0.0625, 0.125, 0.125, 0.125, 0.0625, 0.75, 0.0625, 0.0625, 0.0625, 0.0625, 0.125, 0.0625, 0.3125, 0.0625, 0.125]
[TRAIN]: (702/1600): reward: 12.220676854252815, rates: 13.220676850302038, loss: 0.9977835863828659, rho: 0.30625, transmit_actions: 17, P: [0.4375, 0.0, 0.0625, 0.0625, 0.0625, 0.125, 0.75, 0.0625, 0.875, 0.0625, 0.125, 0.0625, 0.0625, 0.0625, 0.0625, 0.0625, 0.125, 0.0625, 0.125, 0.125]
[TRAIN]: (703/1600): reward: 10.760528028011322, rates: 11.760527905666324, loss: 1.1476023584604262, rho: 0.31875, transmit_actions: 15, P: [0.4375, 0.6875, 0.8125, 0.0, 0.0625, 0.0625, 0.125, 0.0, 0.875, 0.125, 0.0625, 0.0625, 0.125, 0.0625, 0.0625, 0.0, 0.0625, 0.125, 0.75, 0.0625]
[TRAIN]: (704/1600): reward: 16.05808174610138, rates: 16.05808180563041, loss: 1.0355827033519744, rho: 0.2375, transmit_actions: 16, P: [0.4375, 0.8125, 0.0, 0.125, 0.875, 0.0625, 0.0625, 0.125, 0.875, 0.0625, 0.0625, 0.0625, 0.0625, 0.0625, 0.0625, 0.0625, 0.0625, 0.0625, 0.0625, 0.125]
[TRAIN]: (705/1600): reward: 10.795612409710884, rates: 14.795612354518276, loss: 0.9506840541958809, rho: 0.31875, transmit_actions: 18, P: [0.4375, 0.8125, 0.1875, 0.0, 0.0625, 0.0625, 0.0625, 0.0625, 0.0625, 0.0625, 0.0625, 0.0625, 0.0625, 0.0625, 0.125, 0.0625, 0.125, 0.125, 0.0625, 0.0625]
[TRAIN]: (706/1600): reward: 12.219471961259842, rates: 15.219472067086485, loss: 0.9082357287406921, rho: 0.2875, transmit_actions: 17, P: [0.4375, 0.6875, 0.0625, 0.0625, 0.0625, 0.0625, 0.8125, 0.0625, 0.0625, 0.0625, 0.0625, 0.0625, 0.125, 0.125, 0.125, 0.0625, 0.0625, 0.0625, 0.0625, 0.0625]
[TRAIN]: (707/1600): reward: 12.920373976230621, rates: 13.920373871586984, loss: 1.2923258721828461, rho: 0.34375, transmit_actions: 18, P: [0.875, 0.0, 0.0625, 0.0625, 0.0625, 0.6875, 0.125, 0.0625, 0.125, 0.0625, 0.125, 0.0625, 0.0625, 0.0625, 0.0625, 0.0625, 0.0625, 0.0625, 0.0625, 0.0625]
[TRAIN]: (708/1600): reward: 3.5230163633823395, rates: 14.523016267266504, loss: 0.989653754234314, rho: 0.28125, transmit_actions: 15, P: [0.5, 0.75, 0.0625, 0.0625, 0.0625, 0.125, 0.9375, 0.0625, 0.0625, 0.125, 0.75, 0.0625, 0.0625, 0.0625, 0.0625, 0.75, 0.125, 0.0625, 0.0625, 0.125]
[TRAIN]: (709/1600): reward: 11.276790663599968, rates: 14.276790564651007, loss: 0.932370787858963, rho: 0.275, transmit_actions: 15, P: [0.875, 0.75, 0.0625, 0.0625, 0.0625, 0.0625, 0.75, 0.125, 0.0625, 0.8125, 0.0625, 0.125, 0.625, 0.125, 0.125, 0.125, 0.125, 0.0625, 0.0625, 0.0625]
[TRAIN]: (710/1600): reward: 14.757768258452415, rates: 14.757768310653338, loss: 1.0868180066347122, rho: 0.3, transmit_actions: 18, P: [0.875, 0.0625, 0.0625, 0.0, 0.0625, 0.0625, 0.6875, 0.0, 0.0625, 0.125, 0.0625, 0.0625, 0.0625, 0.0625, 0.0625, 0.0625, 0.0625, 0.0625, 0.0625, 0.0625]
[TRAIN]: (711/1600): reward: 10.132527649402618, rates: 13.132527659463694, loss: 0.9393199861049653, rho: 0.35, transmit_actions: 16, P: [0.875, 0.875, 0.0625, 0.0625, 0.125, 0.0625, 0.9375, 0.0625, 0.0, 0.0625, 0.125, 0.0625, 0.8125, 0.0625, 0.0625, 0.0625, 0.0625, 0.0625, 0.125, 0.125]
[TRAIN]: (712/1600): reward: -1.2625368684530258, rates: 9.737463092392177, loss: 1.0462847769260406, rho: 0.35625, transmit_actions: 14, P: [0.75, 0.8125, 0.0625, 0.0, 0.0, 0.8125, 0.1875, 0.0625, 0.0625, 0.0625, 0.875, 0.0625, 0.0625, 0.0625, 0.6875, 0.125, 0.0625, 0.0625, 0.0625, 0.125]
[TRAIN]: (713/1600): reward: 14.557708725333214, rates: 15.557708736906019, loss: 1.1617148697376252, rho: 0.34375, transmit_actions: 18, P: [0.375, 0.875, 0.0625, 0.125, 0.0625, 0.0625, 0.0625, 0.0625, 0.0625, 0.0, 0.125, 0.0625, 0.0625, 0.0625, 0.125, 0.0625, 0.0625, 0.0625, 0.0625, 0.125]
[TRAIN]: (714/1600): reward: 4.2115338742733, rates: 13.211533829952904, loss: 0.9698689430952072, rho: 0.25625, transmit_actions: 17, P: [0.75, 0.0, 0.0, 0.0625, 0.0625, 0.0625, 0.0625, 0.0, 0.75, 0.625, 0.625, 0.0625, 0.0625, 0.0625, 0.0625, 0.0625, 0.0625, 0.0625, 0.0625, 0.0625]
[TRAIN]: (715/1600): reward: 11.77011838555336, rates: 13.77011849304193, loss: 1.2179535359144211, rho: 0.375, transmit_actions: 19, P: [0.4375, 0.0625, 0.0625, 0.0625, 0.125, 0.0, 0.0625, 0.125, 0.0625, 0.125, 0.125, 0.0625, 0.0625, 0.0625, 0.0625, 0.0625, 0.0625, 0.0625, 0.0625, 0.0625]
[TRAIN]: (716/1600): reward: -0.5578492656350136, rates: 12.44215081890179, loss: 1.1095671832561493, rho: 0.40625, transmit_actions: 16, P: [0.4375, 0.625, 0.0625, 0.0, 0.0625, 0.875, 0.125, 0.125, 0.125, 0.0625, 0.125, 0.0625, 0.0625, 0.0625, 0.0625, 0.0625, 0.0625, 0.0625, 0.125, 0.125]
[TRAIN]: (717/1600): reward: 17.047502100467682, rates: 17.047502041202087, loss: 0.9568754196166992, rho: 0.25625, transmit_actions: 16, P: [0.4375, 0.75, 0.0625, 0.0625, 0.0625, 0.875, 0.0625, 0.875, 0.0625, 0.125, 0.0625, 0.0625, 0.0625, 0.0625, 0.0625, 0.0625, 0.0625, 0.0625, 0.0625, 0.0625]
[TRAIN]: (718/1600): reward: 12.178240925073624, rates: 13.178240987571677, loss: 0.9322989284992218, rho: 0.2625, transmit_actions: 14, P: [0.375, 0.9375, 0.6875, 0.0625, 0.0625, 0.6875, 0.1875, 0.0625, 0.0625, 0.9375, 0.0625, 0.0625, 0.125, 0.125, 0.0625, 0.0625, 0.0625, 0.0625, 0.0625, 1.0]
[TRAIN]: (719/1600): reward: 13.730501890182495, rates: 13.730501879074975, loss: 1.0251349911093712, rho: 0.24375, transmit_actions: 14, P: [0.4375, 0.8125, 0.0625, 0.6875, 0.0625, 0.875, 0.0625, 0.0625, 0.125, 0.75, 0.0625, 0.0625, 0.0625, 0.0625, 0.0625, 0.0625, 0.0625, 0.0625, 0.0625, 0.875]
[TRAIN]: (720/1600): reward: 13.641004592180252, rates: 13.641004564455235, loss: 0.9262310236692428, rho: 0.25625, transmit_actions: 14, P: [0.4375, 0.0, 0.9375, 0.0625, 0.9375, 1.0, 0.875, 0.125, 1.0, 0.0625, 0.125, 0.0625, 0.0625, 0.0625, 0.0625, 0.0625, 0.0625, 0.0625, 0.125, 0.0625]
[TRAIN]: (721/1600): reward: 13.097603559494019, rates: 15.097603529542193, loss: 1.127422171831131, rho: 0.325, transmit_actions: 18, P: [0.4375, 0.0, 0.125, 0.125, 0.125, 0.0625, 0.125, 0.0625, 0.0625, 0.6875, 0.0625, 0.0625, 0.0625, 0.0625, 0.0625, 0.0625, 0.0625, 0.125, 0.0625, 0.0625]
[TRAIN]: (722/1600): reward: 14.06414370238781, rates: 17.064143724881426, loss: 0.8725747510790824, rho: 0.23125, transmit_actions: 19, P: [0.4375, 0.0625, 0.125, 0.125, 0.0625, 0.0625, 0.0625, 0.0625, 0.0625, 0.0625, 0.0625, 0.0625, 0.0625, 0.0625, 0.125, 0.0625, 0.125, 0.0625, 0.0625, 0.125]
[TRAIN]: (723/1600): reward: 10.43223586678505, rates: 13.432235881525774, loss: 0.9365017533302307, rho: 0.275, transmit_actions: 16, P: [0.375, 0.125, 1.0, 0.8125, 0.125, 0.0625, 0.0, 0.125, 0.125, 0.0625, 0.0, 0.0625, 0.0625, 0.125, 0.0625, 0.75, 0.0625, 0.0625, 0.0625, 0.0625]
[TRAIN]: (724/1600): reward: 14.254915356636047, rates: 15.254915112277843, loss: 0.9625590682029724, rho: 0.31875, transmit_actions: 17, P: [0.875, 0.8125, 0.0625, 0.0625, 0.0625, 0.0625, 0.0625, 0.0625, 0.125, 0.0625, 0.0625, 0.0625, 0.0625, 0.125, 0.0625, 0.6875, 0.0625, 0.0625, 0.0625, 0.125]
[TRAIN]: (725/1600): reward: 13.542832612991333, rates: 13.54283265984143, loss: 1.2148645147681236, rho: 0.3125, transmit_actions: 16, P: [0.625, 0.6875, 0.0625, 0.0625, 0.0625, 0.0, 0.0625, 0.0625, 0.875, 0.0625, 0.0, 0.0625, 0.0625, 0.0625, 0.0, 0.875, 0.125, 0.0625, 0.0625, 0.0625]
[TRAIN]: (726/1600): reward: 14.175625532865524, rates: 15.175625604840322, loss: 1.082607951760292, rho: 0.325, transmit_actions: 17, P: [0.4375, 0.9375, 0.125, 0.0625, 0.0625, 0.8125, 0.0625, 0.0625, 0.0, 0.125, 0.0625, 0.0625, 0.0625, 0.0625, 0.0625, 0.0625, 0.0625, 0.0625, 0.0625, 0.0625]
[TRAIN]: (727/1600): reward: 15.511637151241302, rates: 16.5116371853386, loss: 0.900637786090374, rho: 0.28125, transmit_actions: 16, P: [0.4375, 0.875, 0.9375, 0.0625, 0.0625, 0.125, 0.0625, 0.0625, 0.875, 0.0625, 0.0625, 0.0625, 0.125, 0.0625, 0.0625, 0.0625, 0.125, 0.0625, 0.125, 0.0625]
[TRAIN]: (728/1600): reward: 15.428474426269531, rates: 15.42847453460801, loss: 0.7730703368782997, rho: 0.225, transmit_actions: 14, P: [0.4375, 0.9375, 0.0625, 0.0625, 0.0625, 0.0625, 0.9375, 0.75, 0.9375, 0.75, 0.0625, 0.0625, 0.0625, 0.0625, 0.0625, 0.0625, 0.0625, 0.0625, 0.0625, 0.0625]
[TRAIN]: (729/1600): reward: 13.58714073896408, rates: 17.587140825689293, loss: 1.0013680547475814, rho: 0.2375, transmit_actions: 16, P: [0.875, 0.9375, 0.0625, 0.6875, 0.0625, 0.0625, 0.0625, 0.9375, 0.0625, 0.125, 0.0625, 0.0625, 0.0625, 0.0625, 0.0625, 0.0625, 0.0625, 0.125, 0.0625, 0.125]
[TRAIN]: (730/1600): reward: 16.834262140095234, rates: 17.834262189095472, loss: 0.946723361313343, rho: 0.26875, transmit_actions: 19, P: [0.875, 0.0, 0.0625, 0.125, 0.0625, 0.0625, 0.0625, 0.0625, 0.125, 0.0625, 0.0, 0.125, 0.0625, 0.125, 0.0625, 0.0625, 0.0625, 0.125, 0.0625, 0.0625]
[TRAIN]: (731/1600): reward: 9.769289702177048, rates: 12.769289581944577, loss: 1.0493376821279525, rho: 0.35625, transmit_actions: 17, P: [0.5, 0.0625, 0.6875, 0.0625, 0.125, 0.0625, 0.0625, 0.125, 0.0625, 0.125, 0.875, 0.0625, 0.125, 0.0625, 0.0625, 0.0625, 0.0625, 0.0, 0.0, 0.0625]
[TRAIN]: (732/1600): reward: 13.004067152738571, rates: 15.004067206078172, loss: 1.0616912871599198, rho: 0.2875, transmit_actions: 17, P: [0.875, 0.875, 0.0625, 0.125, 0.0625, 0.125, 0.125, 0.125, 0.0625, 0.0625, 0.0625, 0.0625, 0.0625, 0.0625, 0.0625, 0.0625, 0.0625, 0.0625, 0.75, 0.125]
[TRAIN]: (733/1600): reward: 15.986780405044556, rates: 15.98678050601467, loss: 0.9832727000117302, rho: 0.31875, transmit_actions: 18, P: [0.875, 0.0625, 0.0625, 0.0625, 0.0625, 0.0625, 0.9375, 0.0625, 0.0625, 0.0, 0.125, 0.125, 0.0625, 0.125, 0.125, 0.0625, 0.0625, 0.0625, 0.0625, 0.0625]
[TRAIN]: (734/1600): reward: 3.0623726844787598, rates: 11.06237271054931, loss: 1.041069109737873, rho: 0.35, transmit_actions: 15, P: [0.875, 0.875, 0.125, 0.0625, 0.0625, 0.8125, 0.875, 0.0, 0.0625, 0.0, 0.0625, 0.0625, 0.0625, 0.0625, 0.4375, 0.0625, 0.125, 0.0625, 0.75, 0.0625]
[TRAIN]: (735/1600): reward: 15.934941411018372, rates: 15.934941524958635, loss: 1.0427739769220352, rho: 0.25625, transmit_actions: 16, P: [0.75, 0.875, 0.625, 0.0625, 0.0625, 0.0625, 0.0625, 0.0625, 0.0625, 0.75, 0.0625, 0.0625, 0.0625, 0.0625, 0.0625, 0.0625, 0.0625, 0.0625, 0.0625, 0.125]
[TRAIN]: (736/1600): reward: 15.25920569896698, rates: 15.259205808976105, loss: 0.901682585477829, rho: 0.2625, transmit_actions: 16, P: [0.75, 0.0625, 0.0625, 0.6875, 0.125, 1.0, 0.0625, 0.8125, 0.0625, 0.0625, 0.0625, 0.0625, 0.0625, 0.0625, 0.0625, 0.0625, 0.0625, 0.0625, 0.125, 0.0625]
[TRAIN]: (737/1600): reward: 13.876536756753922, rates: 14.876536719587754, loss: 0.936373719573021, rho: 0.375, transmit_actions: 19, P: [0.9375, 0.0, 0.0625, 0.0625, 0.0625, 0.0625, 0.0, 0.0625, 0.0, 0.0625, 0.0625, 0.0625, 0.0625, 0.0, 0.0625, 0.0625, 0.0625, 0.125, 0.125, 0.0625]
[TRAIN]: (738/1600): reward: 15.343429252505302, rates: 16.343429342940972, loss: 0.9840614438056946, rho: 0.30625, transmit_actions: 18, P: [0.9375, 0.875, 0.0625, 0.0625, 0.0625, 0.0625, 0.0, 0.0625, 0.0625, 0.0625, 0.0625, 0.0625, 0.125, 0.0625, 0.0625, 0.125, 0.125, 0.0625, 0.0625, 0.0625]
[TRAIN]: (739/1600): reward: 13.756547212600708, rates: 14.756547176141957, loss: 0.8596504122018814, rho: 0.3, transmit_actions: 16, P: [0.9375, 0.8125, 0.0625, 0.125, 0.875, 0.0625, 0.0625, 0.0625, 0.0625, 0.0625, 0.0, 0.0625, 0.0625, 0.625, 0.0625, 0.0625, 0.0625, 0.0625, 0.0625, 0.0625]
[TRAIN]: (740/1600): reward: 15.415304511785507, rates: 17.415304454463044, loss: 0.9789213851094246, rho: 0.275, transmit_actions: 19, P: [0.9375, 0.0625, 0.0625, 0.0625, 0.0625, 0.0, 0.0, 0.0625, 0.0625, 0.0625, 0.0625, 0.125, 0.0625, 0.0625, 0.0625, 0.0625, 0.0625, 0.1875, 0.0625, 0.125]
[TRAIN]: (741/1600): reward: 8.362622365355492, rates: 15.362622456515563, loss: 1.0330359041690826, rho: 0.28125, transmit_actions: 17, P: [0.9375, 0.6875, 0.1875, 0.125, 0.0625, 0.0625, 0.0625, 0.0625, 0.8125, 0.0625, 0.0625, 0.0625, 0.0625, 0.0625, 0.125, 0.125, 0.125, 0.125, 0.0625, 0.1875]
[TRAIN]: (742/1600): reward: 12.841560542583466, rates: 12.84156051816307, loss: 1.1286807477474212, rho: 0.26875, transmit_actions: 15, P: [0.75, 0.125, 0.0, 0.625, 0.0625, 0.125, 0.125, 0.9375, 0.0625, 0.0, 0.0625, 0.875, 0.0625, 0.0625, 0.0625, 0.0625, 0.125, 0.0625, 0.0625, 0.875]
[TRAIN]: (743/1600): reward: 14.95371276140213, rates: 14.953712756646965, loss: 0.970286300778389, rho: 0.2625, transmit_actions: 16, P: [0.4375, 0.625, 0.0, 0.0625, 0.0625, 0.0625, 0.125, 0.0625, 0.9375, 0.0625, 0.0625, 0.125, 0.125, 0.75, 0.125, 0.0625, 0.0625, 0.0625, 0.0625, 0.0625]
[TRAIN]: (744/1600): reward: 15.655153557658195, rates: 17.655153491695184, loss: 0.7667394563555717, rho: 0.25625, transmit_actions: 18, P: [0.75, 0.9375, 0.0625, 0.0625, 0.125, 0.0625, 0.0625, 0.0625, 0.0625, 0.0625, 0.0625, 0.125, 0.0625, 0.125, 0.0625, 0.125, 0.0625, 0.125, 0.0625, 0.125]
[TRAIN]: (745/1600): reward: 16.3802490234375, rates: 16.380249074322496, loss: 1.0006070911884308, rho: 0.28125, transmit_actions: 16, P: [0.9375, 0.8125, 0.0625, 0.0625, 0.0625, 0.0625, 0.0625, 0.0625, 0.8125, 0.875, 0.0625, 0.0625, 0.0625, 0.0625, 0.0625, 0.0625, 0.0625, 0.0625, 0.0625, 0.0625]
[TRAIN]: (746/1600): reward: 12.751443788409233, rates: 15.751443696008387, loss: 0.9064446821808815, rho: 0.29375, transmit_actions: 18, P: [0.875, 1.0, 0.0625, 0.0625, 0.125, 0.0625, 0.0625, 0.0625, 0.0625, 0.0625, 0.0625, 0.0625, 0.0625, 0.0625, 0.0625, 0.0625, 0.0625, 0.125, 0.125, 0.125]
[TRAIN]: (747/1600): reward: 15.439722865819931, rates: 17.43972266837711, loss: 1.002470287680626, rho: 0.2375, transmit_actions: 19, P: [0.4375, 0.125, 0.0625, 0.125, 0.0625, 0.125, 0.0625, 0.0625, 0.0625, 0.0625, 0.0625, 0.0625, 0.125, 0.0625, 0.0625, 0.0625, 0.0625, 0.0625, 0.0625, 0.125]
[TRAIN]: (748/1600): reward: 12.768054530024529, rates: 14.768054463854476, loss: 0.9333217173814774, rho: 0.3, transmit_actions: 17, P: [0.75, 1.0, 0.125, 0.0625, 0.0625, 0.125, 0.125, 0.0, 0.0625, 0.0625, 0.0625, 0.0625, 0.0625, 0.625, 0.0625, 0.0625, 0.125, 0.0625, 0.0625, 0.0625]
[TRAIN]: (749/1600): reward: 14.415972083806992, rates: 14.415971956201052, loss: 0.9211438566446304, rho: 0.28125, transmit_actions: 14, P: [0.875, 0.875, 0.0625, 0.0625, 1.0, 0.0625, 0.0625, 1.0, 0.0625, 0.75, 0.0625, 0.0625, 0.0625, 0.0625, 0.0625, 0.0625, 0.125, 0.0625, 0.0625, 0.75]
[TRAIN]: (750/1600): reward: 1.284192055463791, rates: 14.284192064897718, loss: 0.9690355807542801, rho: 0.31875, transmit_actions: 18, P: [0.375, 0.8125, 0.0625, 0.0625, 0.0625, 0.0625, 0.9375, 0.0, 0.0625, 0.0625, 0.0625, 0.125, 0.125, 0.125, 0.125, 0.0625, 0.125, 0.0625, 0.125, 0.0625]
[TRAIN]: (751/1600): reward: 16.729132890701294, rates: 16.729132999277667, loss: 0.8307278126478195, rho: 0.25625, transmit_actions: 19, P: [0.75, 0.125, 0.0625, 0.0, 0.0625, 0.0625, 0.0625, 0.0625, 0.0625, 0.0625, 0.0625, 0.0625, 0.0625, 0.0625, 0.0625, 0.0625, 0.0625, 0.0625, 0.0625, 0.0625]
[TRAIN]: (752/1600): reward: 13.644386703148484, rates: 15.64438652738811, loss: 1.021517550945282, rho: 0.23125, transmit_actions: 16, P: [0.75, 0.625, 0.0625, 0.8125, 0.6875, 0.125, 0.0625, 0.0625, 0.0625, 0.125, 0.0625, 0.0625, 0.0625, 0.0625, 0.0625, 0.125, 0.125, 0.0625, 0.0625, 0.0625]
[TRAIN]: (753/1600): reward: 19.573659628629684, rates: 20.573659697748933, loss: 0.8440903067588806, rho: 0.24375, transmit_actions: 19, P: [0.875, 0.0625, 0.0625, 0.0625, 0.0625, 0.125, 0.0625, 0.0625, 0.125, 0.0625, 0.0625, 0.0625, 0.0625, 0.0625, 0.0625, 0.0625, 0.0625, 0.0625, 0.0625, 0.0625]
[TRAIN]: (754/1600): reward: 16.374108642339706, rates: 16.374108549742907, loss: 0.8763539209961891, rho: 0.29375, transmit_actions: 16, P: [0.875, 1.0, 0.0625, 0.0625, 0.0625, 0.875, 0.0625, 0.0625, 0.625, 0.0625, 0.0625, 0.125, 0.0625, 0.0625, 0.0625, 0.0625, 0.0625, 0.0625, 0.0625, 0.0625]
[TRAIN]: (755/1600): reward: 14.413729727268219, rates: 15.413729783314807, loss: 1.1733084559440612, rho: 0.2875, transmit_actions: 17, P: [0.875, 0.8125, 0.0625, 0.0625, 0.0625, 0.75, 0.0625, 0.125, 0.0625, 0.0, 0.0625, 0.0625, 0.0, 0.0625, 0.0625, 0.0625, 0.0625, 0.0625, 0.125, 0.0625]
[TRAIN]: (756/1600): reward: 17.87641817331314, rates: 17.87641833031608, loss: 0.857611158490181, rho: 0.24375, transmit_actions: 18, P: [0.375, 0.0625, 0.0625, 0.125, 0.0625, 0.75, 0.0625, 0.0625, 0.0625, 0.0, 0.0625, 0.125, 0.0625, 0.0625, 0.0625, 0.0625, 0.0625, 0.0625, 0.125, 0.0625]
[TRAIN]: (757/1600): reward: 12.8095183968544, rates: 14.809518444774014, loss: 0.9163706064224243, rho: 0.275, transmit_actions: 16, P: [0.6875, 0.75, 0.0625, 0.75, 0.0625, 0.0625, 0.8125, 0.0625, 0.125, 0.0625, 0.125, 0.125, 0.0625, 0.0625, 0.0625, 0.0625, 0.0625, 0.0625, 0.1875, 0.0625]
[TRAIN]: (758/1600): reward: 1.8053097575902939, rates: 10.805309957813112, loss: 0.7828701227903366, rho: 0.38125, transmit_actions: 16, P: [0.625, 0.8125, 0.0625, 0.5, 0.0625, 0.0625, 0.0625, 0.0625, 0.0625, 0.0625, 0.8125, 0.0625, 0.0625, 0.875, 0.0625, 0.0625, 0.0625, 0.125, 0.0625, 0.0]
[TRAIN]: (759/1600): reward: 16.069263458251953, rates: 16.069263308517197, loss: 0.9052300333976746, rho: 0.325, transmit_actions: 19, P: [0.875, 0.0, 0.0625, 0.0625, 0.0625, 0.0625, 0.0625, 0.0625, 0.0625, 0.0625, 0.0625, 0.0625, 0.0625, 0.0625, 0.0625, 0.0625, 0.0625, 0.0625, 0.0625, 0.0625]
[TRAIN]: (760/1600): reward: 14.457339629530907, rates: 14.457339505319364, loss: 0.9128945618867874, rho: 0.3375, transmit_actions: 16, P: [0.875, 0.75, 0.125, 0.0625, 1.0, 0.0625, 0.125, 0.0625, 0.8125, 0.0625, 0.0625, 0.0625, 0.125, 0.125, 0.125, 0.0625, 0.125, 0.125, 0.0625, 0.0625]
[TRAIN]: (761/1600): reward: -4.559833526611328, rates: 14.440166874722753, loss: 0.9582197427749634, rho: 0.2875, transmit_actions: 17, P: [0.875, 0.9375, 0.125, 0.0, 0.125, 0.0625, 0.0625, 0.0625, 0.0625, 0.0, 0.0625, 0.375, 0.0625, 0.0625, 0.0625, 0.125, 0.0, 0.0625, 0.0625, 0.125]
[TRAIN]: (762/1600): reward: 11.866279006004333, rates: 14.86627897021306, loss: 0.8678898066282272, rho: 0.35625, transmit_actions: 17, P: [0.875, 0.0, 0.0625, 0.0625, 0.125, 0.9375, 0.0625, 0.125, 0.0625, 0.125, 0.125, 0.125, 0.0625, 0.0625, 0.0625, 1.0, 0.0625, 0.0625, 0.0625, 0.0625]
[TRAIN]: (763/1600): reward: 14.046597361564636, rates: 17.046597010067135, loss: 0.8303822442889214, rho: 0.325, transmit_actions: 18, P: [0.875, 1.0, 0.0625, 0.0625, 0.0625, 0.1875, 0.0625, 0.0625, 0.0625, 0.0625, 0.0625, 0.0625, 0.0625, 0.0625, 0.125, 0.0625, 0.0625, 0.125, 0.0625, 0.0625]
[TRAIN]: (764/1600): reward: 12.908781439065933, rates: 13.908781369481428, loss: 0.7990326955914497, rho: 0.375, transmit_actions: 17, P: [0.875, 0.625, 0.0625, 0.875, 0.0625, 0.0625, 0.0625, 0.0625, 0.0625, 0.0, 0.0, 0.125, 0.0625, 0.0625, 0.0625, 0.125, 0.125, 0.0625, 0.0625, 0.0625]
[TRAIN]: (765/1600): reward: 11.32756407558918, rates: 14.327564178527483, loss: 0.9847599029541015, rho: 0.25625, transmit_actions: 17, P: [0.4375, 0.0625, 0.0625, 0.0, 0.0625, 0.125, 0.0, 0.6875, 0.0625, 0.625, 0.125, 0.0625, 0.125, 0.0625, 0.125, 0.0625, 0.125, 0.0625, 0.0625, 0.125]
[TRAIN]: (766/1600): reward: 17.151716858148575, rates: 17.15171683743123, loss: 0.7919069141149521, rho: 0.2375, transmit_actions: 17, P: [0.5, 0.9375, 0.0625, 0.0625, 0.0625, 0.0625, 0.0625, 0.0625, 0.125, 0.0625, 0.0625, 0.0625, 0.625, 0.0625, 0.0625, 0.0625, 0.0625, 0.0625, 0.0625, 0.0625]
[TRAIN]: (767/1600): reward: 14.20004766434431, rates: 15.200047554336773, loss: 0.9234914928674698, rho: 0.29375, transmit_actions: 16, P: [0.5, 0.0, 0.0625, 0.0625, 0.625, 0.8125, 0.125, 0.875, 0.0625, 0.0625, 0.0625, 0.0625, 0.0625, 0.125, 0.0625, 0.0625, 0.0625, 0.0625, 0.0625, 0.0625]
[TRAIN]: (768/1600): reward: 11.854416728019714, rates: 11.854416752054934, loss: 0.9062976896762848, rho: 0.2875, transmit_actions: 14, P: [0.875, 0.625, 0.0625, 0.9375, 0.0, 0.0625, 0.0, 0.75, 1.0, 0.75, 0.0625, 0.0625, 0.0625, 0.0625, 0.0625, 0.0625, 0.0625, 0.0625, 0.0625, 0.0625]
[TRAIN]: (769/1600): reward: 0.9419522434473038, rates: 10.941952184625919, loss: 0.8580310881137848, rho: 0.4125, transmit_actions: 16, P: [0.875, 0.9375, 0.0625, 0.0625, 0.125, 0.0, 0.0625, 0.0625, 0.0625, 0.0625, 0.0625, 0.0625, 0.0625, 0.125, 0.4375, 0.0625, 0.0625, 0.0625, 0.0625, 0.875]
[TRAIN]: (770/1600): reward: 13.683496236801147, rates: 14.683496186113107, loss: 0.9516502425074578, rho: 0.29375, transmit_actions: 16, P: [0.25, 0.75, 0.0625, 0.0625, 0.0625, 0.8125, 0.0625, 0.0625, 0.0625, 0.125, 0.125, 0.0625, 0.0625, 0.0625, 0.0625, 0.125, 0.0625, 0.8125, 0.0625, 0.0625]
[TRAIN]: (771/1600): reward: 15.414552927017212, rates: 15.414553052694876, loss: 0.8079457372426987, rho: 0.30625, transmit_actions: 18, P: [0.4375, 0.8125, 0.125, 0.0625, 0.0625, 0.0625, 0.0625, 0.125, 0.0625, 0.0625, 0.125, 0.125, 0.0625, 0.0625, 0.0625, 0.0625, 0.0625, 0.125, 0.0625, 0.0625]
[TRAIN]: (772/1600): reward: 14.458399131894112, rates: 15.458399186529995, loss: 0.7800476893782615, rho: 0.275, transmit_actions: 17, P: [0.5625, 0.625, 0.0625, 0.125, 0.0625, 0.0625, 0.8125, 0.0625, 0.0625, 0.125, 0.0625, 0.0625, 0.0625, 0.0, 0.125, 0.0625, 0.0625, 0.0625, 0.0625, 0.125]
[TRAIN]: (773/1600): reward: 11.355991512537003, rates: 14.35599137918512, loss: 0.9852366775274277, rho: 0.26875, transmit_actions: 17, P: [0.875, 0.75, 0.0625, 0.0625, 0.0625, 0.8125, 0.0625, 0.0625, 0.0625, 0.0625, 0.0625, 0.1875, 0.0, 0.0625, 0.0625, 0.0625, 0.0625, 0.0625, 0.1875, 0.125]
[TRAIN]: (774/1600): reward: 3.16865336894989, rates: 14.168653465287765, loss: 0.7496647834777832, rho: 0.36875, transmit_actions: 17, P: [0.25, 0.0, 0.125, 0.0625, 0.125, 0.0625, 1.0, 0.125, 0.25, 0.0, 0.0625, 0.0625, 0.0625, 0.0625, 0.0625, 0.0625, 0.125, 0.0625, 0.125, 0.125]
[TRAIN]: (775/1600): reward: 2.42391836643219, rates: 13.423918323745276, loss: 0.8439433604478837, rho: 0.35625, transmit_actions: 16, P: [0.875, 0.8125, 0.0625, 0.0625, 0.0, 0.0625, 0.125, 0.0625, 0.1875, 0.0625, 0.6875, 0.0625, 0.125, 0.3125, 0.0625, 0.0625, 0.0625, 0.125, 0.0625, 0.125]
[TRAIN]: (776/1600): reward: 3.909759759902954, rates: 14.909759699252646, loss: 0.9818400502204895, rho: 0.325, transmit_actions: 17, P: [0.5, 0.6875, 0.0625, 0.125, 0.0625, 0.0625, 1.0, 0.0625, 0.0625, 0.125, 0.0625, 0.0625, 0.0625, 0.0625, 0.0625, 0.0625, 0.1875, 0.125, 0.0625, 0.0]
[TRAIN]: (777/1600): reward: 17.861707121133804, rates: 18.86170714681186, loss: 0.7901849433779716, rho: 0.2125, transmit_actions: 17, P: [0.25, 0.875, 0.0625, 0.0625, 0.6875, 0.125, 0.0625, 0.125, 0.0625, 0.0625, 0.0625, 0.0625, 0.0625, 0.0625, 0.0625, 0.0625, 0.0625, 0.0625, 0.125, 0.0625]
[TRAIN]: (778/1600): reward: 16.20702427625656, rates: 16.207024236761132, loss: 0.7923654854297638, rho: 0.25625, transmit_actions: 16, P: [0.4375, 0.8125, 0.8125, 1.0, 0.0625, 0.0, 0.0625, 0.0625, 0.0625, 0.0625, 0.125, 0.0625, 0.0625, 0.0625, 0.0625, 0.0625, 0.0625, 0.0625, 0.0625, 0.0625]
[TRAIN]: (779/1600): reward: 15.32383731007576, rates: 16.32383731271475, loss: 0.8935341894626617, rho: 0.3375, transmit_actions: 18, P: [0.875, 0.9375, 0.125, 0.0625, 0.125, 0.125, 0.125, 0.125, 0.125, 0.0625, 0.0625, 0.0625, 0.0625, 0.0625, 0.0625, 0.0625, 0.125, 0.125, 0.0625, 0.125]
[TRAIN]: (780/1600): reward: 16.321048319339752, rates: 16.3210484570536, loss: 0.8329305723309517, rho: 0.2625, transmit_actions: 17, P: [0.375, 0.9375, 0.0625, 0.0625, 0.0625, 0.0625, 0.125, 0.0625, 0.0625, 0.0625, 0.875, 0.0625, 0.125, 0.0625, 0.125, 0.125, 0.0625, 0.0625, 0.0625, 0.0625]
[TRAIN]: (781/1600): reward: 14.018460243940353, rates: 15.018460354719217, loss: 0.8732477962970734, rho: 0.28125, transmit_actions: 18, P: [0.375, 0.75, 0.0, 0.0625, 0.0625, 0.0625, 0.0625, 0.0625, 0.0625, 0.125, 0.125, 0.0625, 0.0625, 0.0625, 0.0625, 0.0625, 0.0625, 0.0625, 0.0625, 0.0625]
[TRAIN]: (782/1600): reward: 15.01168666779995, rates: 17.011686656428978, loss: 0.7659617215394974, rho: 0.26875, transmit_actions: 19, P: [0.375, 0.0625, 0.0625, 0.0625, 0.0625, 0.125, 0.0625, 0.0625, 0.125, 0.0625, 0.0, 0.0625, 0.0625, 0.0625, 0.0625, 0.0625, 0.125, 0.125, 0.0625, 0.125]
[TRAIN]: (783/1600): reward: 14.53557574748993, rates: 14.535575742490991, loss: 0.7371638000011445, rho: 0.29375, transmit_actions: 15, P: [0.375, 0.875, 0.0625, 0.0625, 0.0625, 0.0625, 0.875, 0.125, 0.0625, 0.9375, 0.0625, 1.0, 0.0625, 0.0625, 0.0625, 0.0625, 0.0625, 0.125, 0.125, 0.0625]
[TRAIN]: (784/1600): reward: 13.605153053998947, rates: 15.605153066383652, loss: 0.7073266834020615, rho: 0.2625, transmit_actions: 15, P: [0.4375, 0.125, 0.625, 0.9375, 0.8125, 0.0625, 0.0625, 0.0625, 0.75, 0.0625, 0.0625, 0.0625, 0.0625, 0.0625, 0.0625, 0.0625, 0.0625, 0.0625, 0.0625, 0.0625]
[TRAIN]: (785/1600): reward: 18.514074683189392, rates: 18.514074784713742, loss: 0.8269125521183014, rho: 0.24375, transmit_actions: 19, P: [0.125, 0.0, 0.0625, 0.0625, 0.125, 0.0625, 0.0625, 0.0625, 0.125, 0.0625, 0.0625, 0.0625, 0.0625, 0.125, 0.0625, 0.0625, 0.0625, 0.0625, 0.0625, 0.0625]
[TRAIN]: (786/1600): reward: 16.73590725660324, rates: 16.735907273333165, loss: 0.9643211916089058, rho: 0.225, transmit_actions: 16, P: [0.625, 0.9375, 0.9375, 0.0625, 0.0625, 0.0625, 0.0625, 0.0625, 0.0625, 0.0625, 0.875, 0.0625, 0.0625, 0.0625, 0.0625, 0.0625, 0.0625, 0.0625, 0.0625, 0.0625]
[TRAIN]: (787/1600): reward: 11.959094643592834, rates: 14.959094672856864, loss: 0.8453768014907836, rho: 0.30625, transmit_actions: 18, P: [0.875, 0.6875, 0.0625, 0.0625, 0.0625, 0.0625, 0.0625, 0.0625, 0.0, 0.0625, 0.0625, 0.0625, 0.0625, 0.0625, 0.125, 0.0625, 0.0625, 0.0625, 0.0625, 0.1875]
[TRAIN]: (788/1600): reward: 16.04414477944374, rates: 16.044144826423388, loss: 0.8154870420694351, rho: 0.31875, transmit_actions: 17, P: [0.625, 0.0, 0.0625, 0.0625, 0.0625, 0.875, 0.0625, 0.0625, 0.0625, 0.125, 0.9375, 0.125, 0.125, 0.0625, 0.0625, 0.125, 0.0625, 0.0625, 0.0625, 0.0625]
[TRAIN]: (789/1600): reward: 16.19417181611061, rates: 17.19417175431401, loss: 0.9641429349780083, rho: 0.24375, transmit_actions: 17, P: [0.125, 1.0, 0.0625, 0.0625, 0.125, 0.0625, 0.0625, 0.0625, 0.8125, 0.0625, 0.0625, 0.0625, 0.0625, 0.0625, 0.125, 0.0625, 0.0625, 0.0625, 0.0625, 0.0625]
[TRAIN]: (790/1600): reward: -6.753732860088348, rates: 13.246266920052689, loss: 0.7835545927286148, rho: 0.3, transmit_actions: 19, P: [0.4375, 0.0, 0.0625, 0.0625, 0.0625, 0.0625, 0.0, 0.875, 0.0625, 0.0625, 0.0625, 0.0625, 0.125, 0.0625, 0.0, 0.0625, 0.0625, 0.0625, 0.0625, 0.0625]
[TRAIN]: (791/1600): reward: 15.733138263225555, rates: 15.733138249519536, loss: 0.8087398380041122, rho: 0.26875, transmit_actions: 17, P: [0.75, 0.0, 0.0625, 0.0625, 0.0625, 0.0625, 0.125, 0.0625, 0.875, 0.875, 0.0625, 0.0625, 0.0625, 0.0625, 0.0625, 0.125, 0.0625, 0.0625, 0.0625, 0.0625]
[TRAIN]: (792/1600): reward: 15.799466788768768, rates: 15.79946668598675, loss: 1.0273603588342666, rho: 0.2625, transmit_actions: 17, P: [0.4375, 0.0625, 0.8125, 0.125, 0.0625, 0.0625, 0.0625, 0.0625, 0.0625, 0.0625, 0.0625, 0.0625, 0.125, 0.9375, 0.0625, 0.0625, 0.0625, 0.0625, 0.0625, 0.0625]
[TRAIN]: (793/1600): reward: 5.017331846058369, rates: 16.017331763726748, loss: 0.8414376378059387, rho: 0.3, transmit_actions: 18, P: [0.3125, 0.0, 0.0625, 0.0625, 0.0625, 0.9375, 0.0625, 0.0625, 0.875, 0.125, 0.0625, 0.125, 0.0625, 0.0625, 0.0625, 0.0625, 0.0625, 0.125, 0.0625, 0.125]
[TRAIN]: (794/1600): reward: 13.896765947341919, rates: 14.896765874640865, loss: 0.8936970382928848, rho: 0.25, transmit_actions: 17, P: [0.3125, 0.625, 0.0625, 0.0625, 0.0625, 0.0, 1.0, 0.125, 0.0625, 0.0625, 0.0625, 0.0625, 0.0625, 0.0625, 0.0625, 0.0625, 0.125, 0.0625, 0.0625, 0.0]
[TRAIN]: (795/1600): reward: 17.663217931985855, rates: 18.663218071194393, loss: 0.8750410869717598, rho: 0.2125, transmit_actions: 17, P: [0.6875, 0.9375, 0.125, 1.0, 0.0625, 0.0625, 0.0625, 0.125, 0.0625, 0.0625, 0.0625, 0.0625, 0.0625, 0.0625, 0.0625, 0.0625, 0.0625, 0.0625, 0.0625, 0.0625]
[TRAIN]: (796/1600): reward: 4.106278240680695, rates: 15.106278238480723, loss: 0.9039239048957824, rho: 0.35, transmit_actions: 17, P: [0.3125, 0.625, 0.0625, 0.0625, 0.0625, 0.0625, 0.125, 0.125, 0.0625, 0.0625, 0.0625, 0.0625, 0.6875, 0.0625, 0.0625, 0.125, 0.0625, 0.0625, 0.0625, 0.0625]
[TRAIN]: (797/1600): reward: 12.94955450296402, rates: 13.94955453477201, loss: 0.724030265212059, rho: 0.34375, transmit_actions: 17, P: [0.6875, 0.75, 0.0625, 0.875, 0.0, 0.0625, 0.0625, 0.0, 0.0625, 0.0625, 0.0625, 0.0625, 0.125, 0.0625, 0.125, 0.0625, 0.0625, 0.0625, 0.125, 0.0625]
[TRAIN]: (798/1600): reward: 14.770528957247734, rates: 15.770528921717089, loss: 0.864905147254467, rho: 0.3125, transmit_actions: 18, P: [0.625, 0.75, 0.0, 0.125, 0.0625, 0.0625, 0.125, 0.0625, 0.0625, 0.0625, 0.0625, 0.0625, 0.0625, 0.0625, 0.0625, 0.0625, 0.0625, 0.0625, 0.0625, 0.0625]
[TRAIN]: (799/1600): reward: 1.6171649992465973, rates: 15.61716507360479, loss: 0.8213305711746216, rho: 0.31875, transmit_actions: 17, P: [0.625, 0.9375, 0.0625, 0.0625, 0.0625, 0.0625, 0.0625, 0.0625, 0.0625, 0.0625, 0.0625, 0.625, 0.0625, 0.125, 0.0625, 0.0625, 0.0625, 0.125, 0.0625, 0.0625]
[TRAIN]: (800/1600): reward: 15.465222984552383, rates: 15.465223068749673, loss: 0.707792480289936, rho: 0.25, transmit_actions: 16, P: [0.625, 0.6875, 0.0625, 0.0625, 0.0625, 0.9375, 0.9375, 0.0625, 0.0625, 0.0625, 0.0625, 0.125, 0.0625, 0.0625, 0.0625, 0.0625, 0.0625, 0.0625, 0.0625, 0.0625]
[TRAIN]: (801/1600): reward: 14.95933273434639, rates: 15.959332705779053, loss: 0.8122962892055512, rho: 0.25, transmit_actions: 17, P: [0.75, 0.625, 0.0625, 0.0625, 0.0625, 0.9375, 0.0625, 0.0625, 0.125, 0.0625, 0.0625, 0.125, 0.0625, 0.0625, 0.0625, 0.0625, 0.0625, 0.0625, 0.125, 0.0625]
[TRAIN]: (802/1600): reward: 16.14512687921524, rates: 16.145126802182418, loss: 0.8314398050308227, rho: 0.3, transmit_actions: 17, P: [0.75, 0.9375, 0.0625, 0.0625, 0.0625, 0.0625, 0.0, 0.0625, 0.0625, 0.6875, 0.0625, 0.0625, 0.0625, 0.0625, 0.0625, 0.0625, 0.0625, 0.0625, 0.125, 0.0625]
[TRAIN]: (803/1600): reward: 7.255255974829197, rates: 16.255255808256496, loss: 0.877927976846695, rho: 0.2875, transmit_actions: 18, P: [0.75, 0.0625, 0.0625, 0.0625, 0.0625, 0.875, 0.0625, 0.125, 0.0625, 0.0625, 0.0625, 0.0625, 0.125, 0.0625, 0.0625, 0.5, 0.0625, 0.125, 0.0625, 0.0625]
[TRAIN]: (804/1600): reward: 11.570809904485941, rates: 15.570809690778267, loss: 0.7361815094947814, rho: 0.2625, transmit_actions: 17, P: [0.75, 0.9375, 0.9375, 0.0625, 0.0625, 0.0625, 0.125, 0.0625, 0.125, 0.125, 0.125, 0.0625, 0.0625, 0.0625, 0.0625, 0.0625, 0.0625, 0.0625, 0.0625, 0.0625]
[TRAIN]: (805/1600): reward: 3.4284946843981743, rates: 15.42849474972849, loss: 0.7362424910068512, rho: 0.3, transmit_actions: 18, P: [0.375, 0.8125, 0.0625, 0.0625, 0.0625, 0.0625, 0.6875, 0.0625, 0.0625, 0.125, 0.0625, 0.0625, 0.0625, 0.0625, 0.0625, 0.0625, 0.0625, 0.0625, 0.125, 0.0625]
[TRAIN]: (806/1600): reward: 14.46083801984787, rates: 14.460838045285843, loss: 0.7770472168922424, rho: 0.2625, transmit_actions: 13, P: [0.375, 0.875, 0.125, 0.0625, 0.0625, 0.9375, 1.0, 0.9375, 0.8125, 0.8125, 0.0625, 0.0625, 0.0625, 0.0625, 0.0625, 0.0625, 0.0625, 0.0625, 0.0625, 0.0625]
[TRAIN]: (807/1600): reward: 16.320842936635017, rates: 17.320842892031827, loss: 0.7516751378774643, rho: 0.24375, transmit_actions: 18, P: [0.375, 0.8125, 0.0625, 0.0625, 0.0625, 0.0625, 0.0625, 0.0625, 0.0625, 0.0625, 0.0625, 0.125, 0.125, 0.125, 0.0625, 0.125, 0.0625, 0.125, 0.0625, 0.0625]
[TRAIN]: (808/1600): reward: 15.229562684893608, rates: 16.229562815071986, loss: 0.8011392146348953, rho: 0.225, transmit_actions: 15, P: [0.5625, 0.625, 0.625, 0.125, 0.75, 0.0625, 0.0625, 0.0625, 0.0625, 0.0625, 0.0625, 0.0625, 0.0625, 0.0625, 0.0625, 0.125, 1.0, 0.0625, 0.125, 0.0625]
[TRAIN]: (809/1600): reward: 17.507139205932617, rates: 17.507139301443512, loss: 0.7704236045479774, rho: 0.275, transmit_actions: 18, P: [0.75, 0.0625, 0.0625, 0.0625, 0.0625, 0.0625, 0.0625, 0.75, 0.0625, 0.0625, 0.0625, 0.0625, 0.0625, 0.0625, 0.0625, 0.0625, 0.0625, 0.0625, 0.0625, 0.0625]
[TRAIN]: (810/1600): reward: 14.889912188053131, rates: 15.889912325673784, loss: 0.8610601961612702, rho: 0.2625, transmit_actions: 17, P: [0.375, 0.125, 0.0, 1.0, 0.125, 0.0625, 1.0, 0.0625, 0.0625, 0.0625, 0.0625, 0.0625, 0.125, 0.0625, 0.125, 0.0625, 0.0625, 0.0625, 0.0625, 0.0625]
[TRAIN]: (811/1600): reward: 17.77062502503395, rates: 17.770624896421122, loss: 0.8607474476099014, rho: 0.225, transmit_actions: 18, P: [0.75, 0.875, 0.0, 0.0625, 0.0625, 0.0625, 0.0625, 0.0625, 0.0625, 0.0625, 0.125, 0.0625, 0.0625, 0.0625, 0.0625, 0.125, 0.0625, 0.0625, 0.0625, 0.0625]
[TRAIN]: (812/1600): reward: 6.21186713129282, rates: 14.211867049691742, loss: 0.7845243871212005, rho: 0.3125, transmit_actions: 15, P: [0.75, 0.6875, 0.0625, 0.0625, 1.0, 1.0, 0.0625, 0.0625, 0.125, 1.0, 0.0625, 0.0625, 0.0625, 0.0625, 0.0625, 0.1875, 0.0625, 0.0625, 0.125, 0.0625]
[TRAIN]: (813/1600): reward: 11.643240571022034, rates: 16.643240767201945, loss: 0.8756834477186203, rho: 0.2875, transmit_actions: 18, P: [0.75, 0.0625, 0.0625, 0.0625, 0.0625, 0.9375, 0.0625, 0.0625, 0.0625, 0.125, 0.125, 0.125, 0.0625, 0.0625, 0.0625, 0.0625, 0.0625, 0.0625, 0.0625, 0.1875]
[TRAIN]: (814/1600): reward: 16.945961117744446, rates: 16.94596113545893, loss: 0.7245963662862778, rho: 0.25, transmit_actions: 18, P: [0.375, 0.0625, 0.0, 0.0625, 0.0625, 0.125, 0.0625, 0.0625, 0.0625, 0.0625, 0.9375, 0.0625, 0.0625, 0.0625, 0.0625, 0.0625, 0.0625, 0.0625, 0.0625, 0.0625]
[TRAIN]: (815/1600): reward: 15.23664890229702, rates: 15.236649096033798, loss: 0.9402408540248871, rho: 0.275, transmit_actions: 17, P: [0.375, 0.0, 0.0625, 0.0625, 1.0, 0.0625, 0.6875, 0.0625, 0.0625, 0.0625, 0.0625, 0.0625, 0.0625, 0.0625, 0.125, 0.0625, 0.0625, 0.0625, 0.0625, 0.0625]
[TRAIN]: (816/1600): reward: 10.084604680538177, rates: 13.084604696144822, loss: 0.8110326260328293, rho: 0.3, transmit_actions: 15, P: [0.375, 0.875, 0.0625, 0.0625, 0.8125, 0.0, 1.0, 0.1875, 0.0625, 0.0625, 0.0625, 0.0625, 0.0625, 0.0625, 0.0625, 1.0, 0.0625, 0.0625, 0.0625, 0.0625]
[TRAIN]: (817/1600): reward: 16.630868136882782, rates: 16.63086814841989, loss: 0.7916615933179856, rho: 0.30625, transmit_actions: 19, P: [0.3125, 0.0, 0.0625, 0.0625, 0.0625, 0.0625, 0.0625, 0.0625, 0.0625, 0.0625, 0.0625, 0.0625, 0.0625, 0.0625, 0.0625, 0.0625, 0.0625, 0.0625, 0.125, 0.125]
[TRAIN]: (818/1600): reward: 15.235285699367523, rates: 15.235285527930321, loss: 0.8269265711307525, rho: 0.35, transmit_actions: 18, P: [0.3125, 0.625, 0.0625, 0.0625, 0.125, 0.0625, 0.0625, 0.0625, 0.0625, 0.0, 0.125, 0.0625, 0.0625, 0.0625, 0.0625, 0.0625, 0.0625, 0.125, 0.0625, 0.0625]
[TRAIN]: (819/1600): reward: 13.356970444321632, rates: 18.35697061020134, loss: 0.7387572020292282, rho: 0.225, transmit_actions: 18, P: [0.4375, 0.875, 0.0625, 0.125, 0.0625, 0.125, 0.0625, 0.0625, 0.125, 0.125, 0.0625, 0.0625, 0.0625, 0.0625, 0.125, 0.0625, 0.125, 0.125, 0.0625, 0.0625]
[TRAIN]: (820/1600): reward: 16.79953333735466, rates: 16.799533320365875, loss: 0.7048405095934868, rho: 0.28125, transmit_actions: 18, P: [0.5, 0.9375, 0.0625, 0.0625, 0.125, 0.0625, 0.0625, 0.0625, 0.0625, 0.0625, 0.0625, 0.0625, 0.0625, 0.0625, 0.0625, 0.0625, 0.0625, 0.0625, 0.0625, 0.0625]
[TRAIN]: (821/1600): reward: 15.046934366226196, rates: 15.046934351049767, loss: 0.7740363299846649, rho: 0.28125, transmit_actions: 17, P: [0.5625, 0.875, 0.0625, 0.0625, 0.0625, 0.125, 0.0, 0.0625, 0.125, 0.875, 0.0625, 0.0625, 0.0625, 0.0625, 0.0625, 0.0625, 0.0625, 0.125, 0.0625, 0.125]
[TRAIN]: (822/1600): reward: 14.456606388092041, rates: 14.456606297088781, loss: 0.8021915346384049, rho: 0.24375, transmit_actions: 16, P: [0.5625, 1.0, 0.0, 0.0625, 0.0625, 0.0625, 0.0625, 0.8125, 0.875, 0.0625, 0.0625, 0.0625, 0.0625, 0.125, 0.0625, 0.0625, 0.0625, 0.0625, 0.0625, 0.0625]
[TRAIN]: (823/1600): reward: 16.524764269590378, rates: 16.524764229885232, loss: 0.7393425926566124, rho: 0.25, transmit_actions: 17, P: [0.5625, 0.8125, 0.9375, 0.0625, 0.0625, 0.0625, 0.0625, 0.0625, 0.0625, 0.0625, 0.0625, 0.0625, 0.0625, 0.0625, 0.0625, 0.0625, 0.0625, 0.0625, 0.0625, 0.0625]
[TRAIN]: (824/1600): reward: 6.390409559011459, rates: 15.390409406564816, loss: 0.7319401413202286, rho: 0.2875, transmit_actions: 17, P: [0.75, 0.5, 0.8125, 0.125, 0.875, 0.0625, 0.0625, 0.0625, 0.125, 0.0625, 0.0625, 0.0625, 0.0625, 0.0625, 0.125, 0.0625, 0.0625, 0.0625, 0.0625, 0.0625]
[TRAIN]: (825/1600): reward: 16.581484764814377, rates: 17.581484990992784, loss: 0.7636702567338943, rho: 0.26875, transmit_actions: 17, P: [0.75, 0.9375, 0.1875, 0.125, 0.0625, 0.0625, 0.0625, 0.0625, 0.0625, 0.0625, 1.0, 0.0625, 0.0625, 0.0625, 0.0625, 0.0625, 0.125, 0.0625, 0.0625, 0.0625]
[TRAIN]: (826/1600): reward: 15.391572207212448, rates: 15.391572221927149, loss: 0.7340704381465912, rho: 0.2375, transmit_actions: 17, P: [0.4375, 0.0625, 1.0, 0.0625, 0.0625, 0.0625, 0.0625, 0.0625, 0.9375, 0.0625, 0.0625, 0.0625, 0.0625, 0.0625, 0.0625, 0.0625, 0.0625, 0.0625, 0.0625, 0.0625]
[TRAIN]: (827/1600): reward: 14.611390464007854, rates: 15.611390476307315, loss: 0.775027996301651, rho: 0.29375, transmit_actions: 17, P: [0.4375, 0.875, 0.0625, 0.0625, 0.0625, 1.0, 0.125, 0.125, 0.0625, 0.0625, 0.0625, 0.0625, 0.0625, 0.0625, 0.0625, 0.125, 0.0625, 0.125, 0.0625, 0.0625]
[TRAIN]: (828/1600): reward: 12.288040593266487, rates: 14.288040685582924, loss: 0.7181115910410881, rho: 0.26875, transmit_actions: 18, P: [0.75, 0.0, 0.0625, 0.0625, 0.0625, 0.0625, 0.0625, 0.0625, 0.0625, 0.0625, 0.0625, 0.0625, 0.125, 0.0625, 0.875, 0.125, 0.0625, 0.125, 0.125, 0.0625]
[TRAIN]: (829/1600): reward: 17.706540882587433, rates: 17.706540854100997, loss: 0.7257333263754845, rho: 0.21875, transmit_actions: 17, P: [0.4375, 0.8125, 0.875, 0.0625, 0.0625, 0.0625, 0.0625, 0.0625, 0.125, 0.125, 0.0625, 0.0625, 0.0625, 0.0625, 0.125, 0.125, 0.0625, 0.0625, 0.0625, 0.0625]
[TRAIN]: (830/1600): reward: 8.316632091999054, rates: 18.31663206773655, loss: 0.6486734852194787, rho: 0.28125, transmit_actions: 18, P: [0.25, 0.0625, 0.0625, 0.0625, 0.125, 0.0625, 0.0625, 0.0625, 0.1875, 0.125, 0.0625, 0.0625, 0.0625, 0.0625, 0.0625, 0.0625, 0.0625, 0.0625, 0.125, 0.0625]
[TRAIN]: (831/1600): reward: 16.167971312999725, rates: 16.167971226506793, loss: 0.719393964111805, rho: 0.30625, transmit_actions: 18, P: [0.25, 0.8125, 0.0, 0.0625, 0.0625, 0.0625, 0.0625, 0.0625, 0.0625, 0.0625, 0.0625, 0.0625, 0.0625, 0.0625, 0.0625, 0.0625, 0.0625, 0.0625, 0.0625, 0.0625]
[TRAIN]: (832/1600): reward: 15.822868973016739, rates: 17.822868900129226, loss: 0.7441958308219909, rho: 0.25, transmit_actions: 18, P: [0.9375, 0.125, 0.0625, 0.125, 0.0625, 0.0625, 0.0625, 0.0625, 0.0625, 0.0625, 0.125, 0.0625, 0.0625, 0.0625, 0.0625, 0.8125, 0.1875, 0.125, 0.0625, 0.0625]
[TRAIN]: (833/1600): reward: 15.675621509552002, rates: 16.675621360755557, loss: 0.7037826046347618, rho: 0.26875, transmit_actions: 18, P: [0.25, 0.0625, 0.0, 0.8125, 0.0625, 0.0625, 0.125, 0.0625, 0.0625, 0.0625, 0.0625, 0.0625, 0.0, 0.0625, 0.0625, 0.125, 0.0625, 0.125, 0.125, 0.0625]
[TRAIN]: (834/1600): reward: 15.77385675907135, rates: 15.773856743094559, loss: 0.7424292296171189, rho: 0.23125, transmit_actions: 16, P: [0.375, 0.75, 0.875, 0.75, 0.0625, 0.0625, 0.0625, 0.0625, 0.0625, 0.0625, 0.0625, 0.0625, 0.0625, 0.0625, 0.0625, 0.0625, 0.0625, 0.0625, 0.0625, 0.0625]
[TRAIN]: (835/1600): reward: 11.131992801092565, rates: 15.13199279013388, loss: 0.725509025156498, rho: 0.30625, transmit_actions: 19, P: [0.75, 0.0, 0.0625, 0.0625, 0.0625, 0.0625, 0.0625, 0.0625, 0.0625, 0.125, 0.125, 0.125, 0.0625, 0.125, 0.0625, 0.125, 0.125, 0.0625, 0.125, 0.0625]
[TRAIN]: (836/1600): reward: 13.857546612620354, rates: 16.857546451611313, loss: 0.7082217127084732, rho: 0.2375, transmit_actions: 19, P: [0.75, 0.0625, 0.0625, 0.125, 0.0625, 0.0625, 0.0625, 0.125, 0.0625, 0.0625, 0.0625, 0.125, 0.0625, 0.0625, 0.0625, 0.0625, 0.0625, 0.0625, 0.0625, 0.0625]
[TRAIN]: (837/1600): reward: 14.588389202952385, rates: 15.588389272507875, loss: 0.8691282421350479, rho: 0.24375, transmit_actions: 17, P: [0.5, 0.875, 0.0625, 0.0625, 0.0625, 0.0625, 0.0625, 0.0625, 0.0625, 0.0625, 0.9375, 0.0625, 0.0625, 0.0625, 0.125, 0.0625, 0.0625, 0.0625, 0.0625, 0.0625]
[TRAIN]: (838/1600): reward: 5.343950629234314, rates: 15.343950695732765, loss: 0.7462825447320938, rho: 0.3, transmit_actions: 17, P: [0.5, 0.0625, 0.0625, 0.0625, 0.0625, 0.0625, 1.0, 0.125, 0.0625, 0.0625, 0.0625, 0.0625, 0.125, 0.0625, 0.0625, 0.0625, 0.3125, 0.0625, 0.0625, 0.0625]
[TRAIN]: (839/1600): reward: 17.224515676498413, rates: 17.22451550588804, loss: 0.590434642136097, rho: 0.2375, transmit_actions: 18, P: [0.6875, 0.875, 0.0625, 0.0, 0.0625, 0.0625, 0.0625, 0.0625, 0.125, 0.0625, 0.0625, 0.0625, 0.0625, 0.0625, 0.0625, 0.0625, 0.0625, 0.0625, 0.0625, 0.0625]
[TRAIN]: (840/1600): reward: -5.423265248537064, rates: 15.576734453546052, loss: 0.7560294434428215, rho: 0.2625, transmit_actions: 19, P: [0.375, 0.0, 0.0625, 0.6875, 0.0625, 0.0625, 0.0625, 0.0625, 0.0625, 0.0625, 0.0625, 0.0625, 0.0625, 0.0625, 0.0625, 0.0625, 0.0625, 0.625, 0.0625, 0.125]
[TRAIN]: (841/1600): reward: 15.885755002498627, rates: 16.885755069189877, loss: 0.7861834570765496, rho: 0.2625, transmit_actions: 18, P: [0.375, 0.0, 0.0625, 0.0625, 0.0625, 0.0625, 0.0625, 0.0625, 0.125, 0.125, 0.9375, 0.0625, 0.0625, 0.125, 0.1875, 0.0625, 0.0625, 0.0625, 0.0625, 0.0625]
[TRAIN]: (842/1600): reward: 17.200078696012497, rates: 17.200078621457944, loss: 0.7877451315522194, rho: 0.25, transmit_actions: 18, P: [0.75, 0.6875, 0.0625, 0.0625, 0.0625, 0.0625, 0.0625, 0.0625, 0.0625, 0.0625, 0.0625, 0.0625, 0.0625, 0.0625, 0.0625, 0.0625, 0.0625, 0.0625, 0.0625, 0.0625]
[TRAIN]: (843/1600): reward: 16.049949437379837, rates: 18.04994949124386, loss: 0.628332668542862, rho: 0.18125, transmit_actions: 17, P: [0.375, 0.6875, 0.0625, 0.0625, 0.0625, 0.0625, 0.125, 0.0625, 0.75, 0.0625, 0.0625, 0.0625, 0.0625, 0.0625, 0.0625, 0.0625, 0.125, 0.0625, 0.125, 0.0625]
[TRAIN]: (844/1600): reward: 4.222018387634307, rates: 15.222018355886528, loss: 0.7398437395691871, rho: 0.33125, transmit_actions: 17, P: [1.0, 0.8125, 0.0625, 0.0625, 0.0625, 0.0625, 0.0625, 0.0625, 0.0625, 0.0625, 0.0625, 0.0625, 0.0625, 0.0625, 0.0625, 0.125, 0.0625, 0.0625, 0.375, 0.125]
[TRAIN]: (845/1600): reward: 15.679927468299866, rates: 16.679927431481723, loss: 0.768963797390461, rho: 0.28125, transmit_actions: 18, P: [0.75, 0.0, 0.8125, 0.0625, 0.125, 0.125, 0.0625, 0.0625, 0.125, 0.0625, 0.0625, 0.125, 0.125, 0.0625, 0.0625, 0.0625, 0.0625, 0.0625, 0.0625, 0.0625]
[TRAIN]: (846/1600): reward: 13.23397547006607, rates: 17.233975327852953, loss: 0.75414230376482, rho: 0.2875, transmit_actions: 18, P: [0.3125, 0.0625, 0.0625, 0.0625, 0.125, 0.0625, 0.0625, 0.0625, 0.6875, 0.0625, 0.0625, 0.0625, 0.0625, 0.0625, 0.0625, 0.125, 0.0625, 0.0625, 0.0625, 0.0625]
[TRAIN]: (847/1600): reward: 15.432573974132538, rates: 16.432573804125905, loss: 0.7485638439655304, rho: 0.2125, transmit_actions: 17, P: [0.375, 0.75, 0.0625, 0.0625, 0.0625, 0.125, 0.0625, 0.0625, 0.0625, 0.0625, 0.0625, 0.0625, 0.0625, 0.6875, 0.0625, 0.0625, 0.125, 0.0625, 0.0625, 0.0625]
[TRAIN]: (848/1600): reward: 18.569893896579742, rates: 18.569893923962695, loss: 0.7086667463183403, rho: 0.21875, transmit_actions: 18, P: [0.375, 0.0625, 0.0625, 0.0625, 0.1875, 0.0625, 0.6875, 0.0625, 0.0625, 0.0625, 0.0625, 0.0625, 0.125, 0.125, 0.0625, 0.0625, 0.0625, 0.0625, 0.0625, 0.0625]
[TRAIN]: (849/1600): reward: 15.46837168931961, rates: 16.46837159989024, loss: 0.7066079467535019, rho: 0.275, transmit_actions: 18, P: [0.375, 0.0625, 0.0625, 0.0, 0.0625, 0.0625, 0.0625, 0.0625, 0.125, 0.8125, 0.125, 0.0625, 0.0625, 0.0625, 0.0625, 0.0625, 0.0625, 0.0625, 0.0625, 0.0625]
[TRAIN]: (850/1600): reward: 13.268334537744522, rates: 13.268334322245483, loss: 0.7166741147637368, rho: 0.2625, transmit_actions: 16, P: [0.375, 0.9375, 0.0625, 0.0625, 0.0625, 0.0625, 1.0, 0.9375, 0.0625, 0.0625, 0.0625, 0.0625, 0.0625, 0.0625, 0.0625, 0.0625, 0.0625, 0.0625, 0.0625, 0.0625]
[TRAIN]: (851/1600): reward: 14.587528556585312, rates: 15.58752853055547, loss: 0.6690428569912911, rho: 0.29375, transmit_actions: 18, P: [0.5, 0.6875, 0.0625, 0.0625, 0.0625, 0.0625, 0.0, 0.125, 0.0625, 0.0625, 0.0625, 0.0625, 0.125, 0.125, 0.0625, 0.0625, 0.0625, 0.125, 0.0625, 0.0625]
[TRAIN]: (852/1600): reward: 17.814990133047104, rates: 17.8149901175416, loss: 0.9136688217520714, rho: 0.2875, transmit_actions: 18, P: [1.0, 0.625, 0.0625, 0.0625, 0.0625, 0.0625, 0.0625, 0.0625, 0.0625, 0.0625, 0.0625, 0.0625, 0.0625, 0.0625, 0.0625, 0.0625, 0.0625, 0.0625, 0.0625, 0.0625]
[TRAIN]: (853/1600): reward: 15.839355826377869, rates: 15.83935585330088, loss: 0.7132274031639099, rho: 0.28125, transmit_actions: 18, P: [0.875, 0.8125, 0.0625, 0.0, 0.0625, 0.0625, 0.0625, 0.125, 0.0625, 0.0625, 0.0625, 0.0625, 0.0625, 0.125, 0.0625, 0.0625, 0.0625, 0.0625, 0.125, 0.0625]
[TRAIN]: (854/1600): reward: 6.040899157524109, rates: 17.040899371062054, loss: 0.7033276975154876, rho: 0.2625, transmit_actions: 18, P: [0.6875, 0.0625, 0.125, 0.0625, 0.125, 0.0, 0.0625, 0.0625, 0.0625, 0.125, 0.0625, 0.0625, 0.0625, 0.0625, 0.0625, 0.0625, 0.0625, 0.0625, 0.0625, 0.625]
[TRAIN]: (855/1600): reward: 15.802998505532742, rates: 16.80299864455226, loss: 0.8173171296715737, rho: 0.26875, transmit_actions: 18, P: [1.0, 0.875, 0.0625, 0.0625, 0.0625, 0.0625, 0.0625, 0.0625, 0.0625, 0.0625, 0.0625, 0.125, 0.0625, 0.0625, 0.0625, 0.0625, 0.0625, 0.0625, 0.0625, 0.0625]
[TRAIN]: (856/1600): reward: 12.237553000450134, rates: 14.237553160736251, loss: 0.7453133195638657, rho: 0.31875, transmit_actions: 15, P: [1.0, 1.0, 0.0625, 0.0625, 0.8125, 0.125, 1.0, 0.875, 0.0625, 0.0625, 0.0625, 0.125, 0.0625, 0.0625, 0.125, 0.0625, 0.0625, 0.125, 0.0625, 0.125]
[TRAIN]: (857/1600): reward: 15.09804779291153, rates: 15.098047528746523, loss: 0.6636166751384736, rho: 0.2875, transmit_actions: 17, P: [1.0, 0.9375, 0.0625, 0.0625, 0.0625, 0.0625, 0.8125, 0.0625, 0.0625, 0.0625, 0.0625, 0.0625, 0.0625, 0.0625, 0.0625, 0.0625, 0.0625, 0.0625, 0.0625, 0.0625]
[TRAIN]: (858/1600): reward: 16.894087076187134, rates: 16.894087167437746, loss: 0.7097738295793533, rho: 0.2625, transmit_actions: 17, P: [0.5, 0.75, 0.0625, 0.6875, 0.0625, 0.0625, 0.0625, 0.0625, 0.0625, 0.0625, 0.0625, 0.0625, 0.0625, 0.0625, 0.0625, 0.0625, 0.125, 0.0625, 0.0625, 0.0625]
[TRAIN]: (859/1600): reward: 15.005278244614601, rates: 16.005278316307106, loss: 0.7210661962628364, rho: 0.23125, transmit_actions: 17, P: [0.375, 0.9375, 0.0625, 0.0625, 0.0625, 0.0625, 0.0625, 0.0625, 0.6875, 0.0625, 0.0625, 0.0625, 0.0625, 0.0625, 0.0625, 0.0625, 0.125, 0.0625, 0.0625, 0.0625]
[TRAIN]: (860/1600): reward: 19.07624377310276, rates: 19.076243823098544, loss: 0.6883432358503342, rho: 0.3, transmit_actions: 19, P: [0.875, 0.0625, 0.0625, 0.125, 0.0625, 0.0625, 0.0625, 0.125, 0.0625, 0.0625, 0.0625, 0.0625, 0.125, 0.0625, 0.125, 0.0625, 0.0625, 0.0625, 0.0625, 0.0625]
[TRAIN]: (861/1600): reward: 16.13784722983837, rates: 17.137847337467843, loss: 0.795707967877388, rho: 0.275, transmit_actions: 18, P: [0.9375, 0.875, 0.0625, 0.0625, 0.0625, 0.0625, 0.0625, 0.125, 0.0625, 0.0625, 0.0625, 0.125, 0.0625, 0.125, 0.0625, 0.0625, 0.0625, 0.0625, 0.0625, 0.0625]
[TRAIN]: (862/1600): reward: 3.5504485219717026, rates: 15.550448448878441, loss: 0.69924236536026, rho: 0.35, transmit_actions: 19, P: [1.0, 0.0625, 0.0625, 0.0625, 0.125, 0.0625, 0.0625, 0.0625, 0.125, 0.0625, 0.0625, 0.125, 0.625, 0.0625, 0.0625, 0.0625, 0.0625, 0.0625, 0.0625, 0.125]
[TRAIN]: (863/1600): reward: 6.921364963054657, rates: 16.921364774225406, loss: 0.7013711541891098, rho: 0.25625, transmit_actions: 18, P: [0.3125, 0.0625, 0.0625, 0.0625, 0.0625, 0.0625, 0.8125, 0.0625, 0.0625, 0.0625, 0.875, 0.125, 0.0625, 0.0625, 0.0625, 0.0625, 0.125, 0.0625, 0.0625, 0.0625]
[TRAIN]: (864/1600): reward: 16.877535551786423, rates: 17.877535600326347, loss: 0.6284519031643867, rho: 0.30625, transmit_actions: 19, P: [1.0, 0.0625, 0.0625, 0.0625, 0.0625, 0.0625, 0.0625, 0.0625, 0.0625, 0.0625, 0.0625, 0.0625, 0.125, 0.0625, 0.0625, 0.0625, 0.0625, 0.0625, 0.125, 0.0625]
[TRAIN]: (865/1600): reward: 13.87706059217453, rates: 16.877060666949088, loss: 0.7666588380932808, rho: 0.24375, transmit_actions: 17, P: [0.75, 0.8125, 0.125, 0.125, 0.0625, 0.0625, 0.0625, 0.9375, 0.0625, 0.0625, 0.125, 0.0625, 0.0625, 0.0625, 0.0625, 0.0625, 0.0625, 0.0625, 0.125, 0.0625]
[TRAIN]: (866/1600): reward: 8.087290585041046, rates: 18.087290537793038, loss: 0.6804231896996498, rho: 0.2875, transmit_actions: 18, P: [1.0, 0.0625, 0.0625, 0.0625, 0.0625, 0.0625, 0.0625, 0.0625, 0.125, 0.0625, 0.0625, 0.0625, 0.0625, 0.0625, 0.125, 0.9375, 0.0625, 0.0625, 0.0625, 0.0625]
[TRAIN]: (867/1600): reward: 16.633976578712463, rates: 16.633976773251174, loss: 0.6777347147464752, rho: 0.25625, transmit_actions: 17, P: [0.375, 0.875, 0.0625, 0.0625, 0.9375, 0.0625, 0.0625, 0.0625, 0.0625, 0.0625, 0.0625, 0.125, 0.0625, 0.0625, 0.0625, 0.125, 0.0625, 0.0625, 0.0625, 0.0625]
[TRAIN]: (868/1600): reward: 17.445168912410736, rates: 17.445169114587735, loss: 0.668251422047615, rho: 0.24375, transmit_actions: 18, P: [0.375, 0.8125, 0.0625, 0.0625, 0.0625, 0.0625, 0.0625, 0.0625, 0.0625, 0.0625, 0.0625, 0.0625, 0.0625, 0.0625, 0.0625, 0.0625, 0.0625, 0.0625, 0.0625, 0.0625]
[TRAIN]: (869/1600): reward: 16.089859127998352, rates: 17.08985901889458, loss: 0.6357324630022049, rho: 0.23125, transmit_actions: 17, P: [0.375, 0.8125, 0.0625, 0.0625, 0.0625, 0.0625, 0.0625, 0.875, 0.0625, 0.0625, 0.0625, 0.125, 0.0625, 0.0625, 0.0625, 0.0625, 0.125, 0.0625, 0.0625, 0.0625]
[TRAIN]: (870/1600): reward: 7.053893864154816, rates: 16.05389387355525, loss: 0.8095310628414154, rho: 0.275, transmit_actions: 17, P: [0.375, 0.75, 0.9375, 0.0625, 0.0625, 0.0625, 0.0625, 0.6875, 0.0625, 0.0625, 0.0625, 0.0625, 0.0625, 0.0625, 0.0625, 0.0625, 0.125, 0.125, 0.125, 0.0625]
[TRAIN]: (871/1600): reward: 14.839441418647766, rates: 14.83944141328217, loss: 0.6256704330444336, rho: 0.325, transmit_actions: 18, P: [0.75, 0.0, 1.0, 0.0625, 0.0625, 0.0625, 0.0625, 0.0625, 0.0625, 0.0625, 0.0625, 0.125, 0.125, 0.0625, 0.0625, 0.0625, 0.0625, 0.0625, 0.0625, 0.0625]
[TRAIN]: (872/1600): reward: 14.27319143153727, rates: 16.2731913102253, loss: 0.7030711084604263, rho: 0.25625, transmit_actions: 18, P: [0.5625, 0.0625, 0.875, 0.0625, 0.0625, 0.0625, 0.0625, 0.0625, 0.0625, 0.0625, 0.0625, 0.0625, 0.0625, 0.0625, 0.0625, 0.0625, 0.125, 0.0625, 0.0625, 0.0625]
[TRAIN]: (873/1600): reward: 13.791085168719292, rates: 16.791085258950726, loss: 0.685947322845459, rho: 0.275, transmit_actions: 18, P: [0.875, 0.6875, 0.0625, 0.0625, 0.0625, 0.0625, 0.0625, 0.0625, 0.0625, 0.125, 0.0625, 0.0625, 0.0625, 0.125, 0.0625, 0.125, 0.125, 0.125, 0.0625, 0.0625]
[TRAIN]: (874/1600): reward: 6.561118304729462, rates: 16.561118571889864, loss: 0.670795364677906, rho: 0.25625, transmit_actions: 15, P: [0.875, 0.8125, 0.0625, 0.0625, 0.75, 0.0625, 0.8125, 0.0625, 0.0625, 0.125, 0.0625, 0.0625, 0.0625, 0.0625, 0.5, 0.0625, 0.0625, 0.0625, 0.0625, 0.0625]
[TRAIN]: (875/1600): reward: 18.564065232872963, rates: 19.56406522270602, loss: 0.7594534978270531, rho: 0.25, transmit_actions: 19, P: [0.75, 0.0625, 0.0, 0.0625, 0.0625, 0.0625, 0.0625, 0.0625, 0.0625, 0.0625, 0.125, 0.125, 0.0625, 0.0625, 0.0625, 0.0625, 0.0625, 0.0625, 0.0625, 0.0625]
[TRAIN]: (876/1600): reward: 17.592833638191223, rates: 17.59283342824887, loss: 0.7340980783104897, rho: 0.25625, transmit_actions: 18, P: [0.4375, 0.0625, 0.0625, 0.0, 0.8125, 0.0625, 0.0625, 0.0625, 0.0625, 0.0625, 0.0625, 0.0625, 0.0625, 0.0625, 0.125, 0.0625, 0.0625, 0.0625, 0.0625, 0.0625]
[TRAIN]: (877/1600): reward: 16.17939692735672, rates: 16.17939700917942, loss: 0.6442519024014473, rho: 0.2625, transmit_actions: 17, P: [0.4375, 0.8125, 0.0625, 0.0625, 0.875, 0.0625, 0.0625, 0.0625, 0.0625, 0.0625, 0.0625, 0.0625, 0.0625, 0.0625, 0.0625, 0.0625, 0.0625, 0.0625, 0.0625, 0.0625]
[TRAIN]: (878/1600): reward: 15.131370857357979, rates: 16.13137087181581, loss: 0.595852006971836, rho: 0.25, transmit_actions: 17, P: [0.4375, 0.75, 0.0625, 0.0625, 0.0625, 0.6875, 0.0625, 0.0625, 0.0625, 0.0625, 0.0625, 0.0625, 0.0625, 0.0625, 0.0625, 0.0625, 0.0625, 0.0625, 0.0625, 0.125]
[TRAIN]: (879/1600): reward: 16.840721130371094, rates: 16.840720988528755, loss: 0.6644042164087296, rho: 0.25625, transmit_actions: 17, P: [0.25, 0.0625, 0.6875, 0.0625, 0.0625, 0.0625, 0.0625, 0.0625, 0.9375, 0.0, 0.0625, 0.0625, 0.0625, 0.0625, 0.0625, 0.0625, 0.0625, 0.125, 0.0625, 0.0625]
[TRAIN]: (880/1600): reward: 17.839221477508545, rates: 17.839221411358114, loss: 0.6769991219043732, rho: 0.225, transmit_actions: 17, P: [0.5, 0.0625, 0.0625, 0.0625, 0.0625, 0.6875, 0.6875, 0.0625, 0.0625, 0.0625, 0.0625, 0.0625, 0.0625, 0.0625, 0.0625, 0.0625, 0.0625, 0.0625, 0.0625, 0.0625]
[TRAIN]: (881/1600): reward: 17.940592229366302, rates: 17.940591988363956, loss: 0.6394547522068024, rho: 0.24375, transmit_actions: 18, P: [0.5, 0.0625, 0.9375, 0.125, 0.0625, 0.125, 0.0625, 0.0625, 0.0625, 0.0, 0.0625, 0.0625, 0.125, 0.0625, 0.0625, 0.0625, 0.0625, 0.0625, 0.0625, 0.0625]
[TRAIN]: (882/1600): reward: 16.21259903907776, rates: 17.212599012094863, loss: 0.6676296278834343, rho: 0.28125, transmit_actions: 18, P: [0.5, 0.0625, 0.9375, 0.0625, 0.0625, 0.0625, 0.0, 0.0625, 0.0625, 0.0625, 0.0625, 0.125, 0.0625, 0.0625, 0.125, 0.0625, 0.0625, 0.0625, 0.0625, 0.0625]
[TRAIN]: (883/1600): reward: 15.758241057395935, rates: 15.758240824227341, loss: 0.7004463985562325, rho: 0.26875, transmit_actions: 17, P: [0.25, 0.0625, 0.0625, 0.0625, 0.0625, 0.0625, 0.75, 0.0625, 0.0625, 0.0625, 0.0625, 0.0625, 0.0625, 0.6875, 0.0625, 0.0625, 0.0625, 0.0625, 0.0625, 0.125]
[TRAIN]: (884/1600): reward: 19.442828118801117, rates: 19.44282800274038, loss: 0.6445966407656669, rho: 0.2625, transmit_actions: 19, P: [0.75, 0.0, 0.125, 0.0625, 0.0625, 0.0625, 0.0625, 0.0625, 0.0625, 0.0625, 0.0625, 0.0625, 0.0625, 0.0625, 0.0625, 0.125, 0.0625, 0.0625, 0.0625, 0.0625]
[TRAIN]: (885/1600): reward: 15.957452595233917, rates: 15.957452565214579, loss: 0.6676703244447708, rho: 0.3, transmit_actions: 18, P: [0.25, 0.0625, 0.0625, 0.0625, 0.0625, 0.0625, 0.9375, 0.0625, 0.0625, 0.0625, 0.0625, 0.0625, 0.0625, 0.0625, 0.0625, 0.0625, 0.0625, 0.125, 0.0625, 0.0625]
[TRAIN]: (886/1600): reward: 17.15658676624298, rates: 18.15658667365934, loss: 0.5829372897744178, rho: 0.225, transmit_actions: 18, P: [0.25, 0.75, 0.0625, 0.0625, 0.0625, 0.0625, 0.0625, 0.0625, 0.0625, 0.0625, 0.0625, 0.0625, 0.0625, 0.0625, 0.0625, 0.0625, 0.125, 0.125, 0.0625, 0.0625]
[TRAIN]: (887/1600): reward: 17.927073687314987, rates: 17.92707366018994, loss: 0.7299029633402825, rho: 0.2375, transmit_actions: 18, P: [0.25, 0.8125, 0.0625, 0.0625, 0.0625, 0.125, 0.0625, 0.0625, 0.0625, 0.125, 0.0625, 0.0625, 0.125, 0.125, 0.0625, 0.0625, 0.0625, 0.0625, 0.0625, 0.0625]
[TRAIN]: (888/1600): reward: 8.077284544706345, rates: 18.077284640025255, loss: 0.6573218196630478, rho: 0.25625, transmit_actions: 18, P: [0.25, 0.0625, 0.0625, 0.0625, 0.0625, 0.0625, 0.0625, 0.0625, 0.0625, 0.0625, 0.0625, 0.0625, 0.0625, 0.0625, 0.0625, 0.0625, 0.0625, 0.0625, 0.125, 1.0]
[TRAIN]: (889/1600): reward: 16.314076900482178, rates: 17.314076955268977, loss: 0.6619883477687836, rho: 0.25625, transmit_actions: 17, P: [0.375, 0.75, 0.0625, 0.0625, 0.125, 0.9375, 0.0625, 0.0625, 0.125, 0.0625, 0.0625, 0.0625, 0.0625, 0.125, 0.0625, 0.0625, 0.0625, 0.0625, 0.0625, 0.0625]
[TRAIN]: (890/1600): reward: 11.24489438161254, rates: 13.244894497248746, loss: 0.6266982510685921, rho: 0.2125, transmit_actions: 15, P: [0.5625, 0.75, 0.6875, 0.625, 0.0625, 0.8125, 0.0625, 0.0625, 0.125, 0.0625, 0.125, 0.0625, 0.0625, 0.125, 0.0625, 0.0625, 0.0625, 0.0, 0.125, 0.0625]
[TRAIN]: (891/1600): reward: 11.749727666378021, rates: 16.749727743674534, loss: 0.7581295102834702, rho: 0.275, transmit_actions: 19, P: [0.5625, 0.0625, 0.0625, 0.1875, 0.0625, 0.0625, 0.125, 0.0625, 0.0625, 0.0625, 0.0625, 0.125, 0.0625, 0.0625, 0.0625, 0.0625, 0.0625, 0.125, 0.0625, 0.0625]
[TRAIN]: (892/1600): reward: 16.739205479621887, rates: 16.73920560949099, loss: 0.6850924447178841, rho: 0.2625, transmit_actions: 17, P: [0.25, 0.8125, 0.0625, 0.0625, 0.0625, 0.0625, 0.0625, 0.8125, 0.0625, 0.0625, 0.0625, 0.0625, 0.0625, 0.0625, 0.0625, 0.0625, 0.0625, 0.125, 0.0625, 0.0625]
[TRAIN]: (893/1600): reward: 17.765208840370178, rates: 17.765208933023047, loss: 0.7199115961790085, rho: 0.2375, transmit_actions: 19, P: [0.375, 0.0, 0.0625, 0.0625, 0.0625, 0.0625, 0.0625, 0.0625, 0.0625, 0.0625, 0.0625, 0.0625, 0.0625, 0.0625, 0.0625, 0.0625, 0.0625, 0.0625, 0.0625, 0.0625]
[TRAIN]: (894/1600): reward: 18.83382624387741, rates: 18.833826045781045, loss: 0.7198171615600586, rho: 0.225, transmit_actions: 18, P: [0.6875, 0.8125, 0.0625, 0.0625, 0.0625, 0.0625, 0.0625, 0.0625, 0.0625, 0.0625, 0.0625, 0.0625, 0.0625, 0.0625, 0.0625, 0.0625, 0.0625, 0.0625, 0.0625, 0.0625]
[TRAIN]: (895/1600): reward: -3.401637554168701, rates: 13.598362431235623, loss: 0.6471346706151963, rho: 0.26875, transmit_actions: 17, P: [0.6875, 0.6875, 0.0, 0.0625, 0.0625, 0.125, 0.0625, 0.0625, 0.6875, 0.0625, 0.0, 0.0625, 0.0625, 0.875, 0.0625, 0.0625, 0.0625, 0.0625, 0.0625, 0.0625]
[TRAIN]: (896/1600): reward: 17.308351576328278, rates: 17.308351547878626, loss: 0.6465885937213898, rho: 0.25, transmit_actions: 17, P: [0.6875, 0.6875, 0.0625, 0.0625, 0.0625, 0.125, 0.0625, 0.0625, 0.0625, 0.875, 0.0625, 0.125, 0.0625, 0.0625, 0.0625, 0.125, 0.0625, 0.0625, 0.0625, 0.0625]
[TRAIN]: (897/1600): reward: 16.033166229724884, rates: 16.033166224723253, loss: 0.6326573103666305, rho: 0.21875, transmit_actions: 16, P: [0.375, 0.8125, 0.875, 0.0625, 0.0625, 0.0625, 0.0625, 0.0625, 1.0, 0.0625, 0.0625, 0.0625, 0.0625, 0.0625, 0.0625, 0.0625, 0.0625, 0.0625, 0.0625, 0.0625]
[TRAIN]: (898/1600): reward: 17.241622000932693, rates: 17.241622055103818, loss: 0.6720779240131378, rho: 0.25, transmit_actions: 18, P: [0.375, 0.0625, 0.0625, 1.0, 0.0625, 0.0625, 0.125, 0.0625, 0.0625, 0.0, 0.0625, 0.0625, 0.0625, 0.125, 0.0625, 0.0625, 0.125, 0.0625, 0.0625, 0.0625]
[TRAIN]: (899/1600): reward: 14.685618042945862, rates: 14.685618031534347, loss: 0.651115383207798, rho: 0.25, transmit_actions: 15, P: [0.75, 0.625, 0.75, 0.0625, 0.6875, 0.0625, 0.0625, 0.0625, 0.9375, 0.0625, 0.0625, 0.0625, 0.0625, 0.0625, 0.0625, 0.0625, 0.0625, 0.0625, 0.0625, 0.0625]
[TRAIN]: (900/1600): reward: 15.225836038589478, rates: 16.22583607905996, loss: 0.5827205583453179, rho: 0.23125, transmit_actions: 17, P: [0.25, 0.875, 0.0625, 0.0625, 0.0625, 0.0625, 0.0625, 0.0625, 0.0625, 0.0625, 0.0625, 0.125, 0.0625, 0.0625, 0.125, 0.625, 0.0625, 0.0625, 0.0625, 0.0625]
[TRAIN]: (901/1600): reward: 17.921820521354675, rates: 17.921820543436137, loss: 0.5477663531899453, rho: 0.25625, transmit_actions: 18, P: [0.875, 0.75, 0.0625, 0.125, 0.0625, 0.0625, 0.0625, 0.0625, 0.0625, 0.0625, 0.0625, 0.0625, 0.125, 0.0625, 0.0625, 0.0625, 0.0625, 0.0625, 0.0625, 0.0625]
[TRAIN]: (902/1600): reward: 8.49475872516632, rates: 17.494758758672234, loss: 0.7649311661720276, rho: 0.24375, transmit_actions: 18, P: [0.25, 0.5625, 0.0625, 0.0625, 0.0625, 0.0625, 0.0625, 0.0625, 0.25, 0.0, 0.0625, 0.0625, 0.125, 0.125, 0.0625, 0.0625, 0.125, 0.0625, 0.0625, 0.0625]
[TRAIN]: (903/1600): reward: 18.323837399482727, rates: 18.323837437267002, loss: 0.730309097468853, rho: 0.25, transmit_actions: 18, P: [0.25, 0.6875, 0.0625, 0.0625, 0.125, 0.0625, 0.0625, 0.0625, 0.0625, 0.0625, 0.0625, 0.0625, 0.0625, 0.0625, 0.0625, 0.0625, 0.0625, 0.0625, 0.125, 0.0625]
[TRAIN]: (904/1600): reward: 15.12075324356556, rates: 16.120753228118886, loss: 0.6776480183005333, rho: 0.28125, transmit_actions: 18, P: [0.25, 0.0625, 0.0625, 0.125, 0.0625, 0.125, 0.0625, 0.0625, 0.0625, 0.125, 0.0625, 0.125, 1.0, 0.0625, 0.125, 0.0625, 0.0625, 0.0625, 0.0625, 0.125]
[TRAIN]: (905/1600): reward: 17.61536478996277, rates: 17.61536479608792, loss: 0.5979375809431076, rho: 0.30625, transmit_actions: 17, P: [0.25, 0.75, 0.0625, 0.0625, 0.0625, 0.0625, 0.0625, 0.6875, 0.0625, 0.0625, 0.0625, 0.0625, 0.0625, 0.0625, 0.0625, 0.0625, 0.125, 0.0625, 0.0625, 0.0625]
[TRAIN]: (906/1600): reward: 15.032144963741302, rates: 15.032145172909766, loss: 0.6968403697013855, rho: 0.325, transmit_actions: 18, P: [0.25, 0.0, 0.0625, 0.0625, 0.0625, 0.0625, 0.0, 0.0625, 0.0625, 0.0625, 0.6875, 0.0625, 0.0625, 0.0625, 0.125, 0.0625, 0.0625, 0.0625, 0.0625, 0.0625]
[TRAIN]: (907/1600): reward: 5.990875571966171, rates: 16.990875550070026, loss: 0.7032295048236847, rho: 0.2875, transmit_actions: 18, P: [0.25, 0.6875, 0.0625, 0.0625, 0.0625, 0.0625, 0.0625, 0.0625, 0.0625, 0.0625, 0.0625, 0.0625, 0.0625, 0.125, 0.125, 0.0625, 0.0625, 0.0625, 0.0625, 0.0625]
[TRAIN]: (908/1600): reward: 18.895908921957016, rates: 18.895908948322397, loss: 0.5538604654371738, rho: 0.29375, transmit_actions: 19, P: [0.25, 0.0625, 0.0625, 0.0625, 0.0625, 0.125, 0.0625, 0.0625, 0.125, 0.0625, 0.0625, 0.0625, 0.0625, 0.0625, 0.0625, 0.0625, 0.0625, 0.0625, 0.0625, 0.0625]
[TRAIN]: (909/1600): reward: 16.18421697616577, rates: 17.184217039679453, loss: 0.6285519421100616, rho: 0.2625, transmit_actions: 18, P: [0.5, 0.9375, 0.0625, 0.0625, 0.0625, 0.0625, 0.1875, 0.125, 0.0625, 0.0625, 0.0625, 0.0625, 0.0625, 0.0625, 0.125, 0.0625, 0.0625, 0.0625, 0.0625, 0.0625]
[TRAIN]: (910/1600): reward: 17.423347055912018, rates: 17.423346920767433, loss: 0.6199406981468201, rho: 0.24375, transmit_actions: 18, P: [0.9375, 0.625, 0.0625, 0.0625, 0.125, 0.0625, 0.0625, 0.0625, 0.0625, 0.0625, 0.0625, 0.125, 0.0625, 0.0625, 0.0625, 0.125, 0.0625, 0.0625, 0.125, 0.0625]
[TRAIN]: (911/1600): reward: 8.675387024879456, rates: 17.675387312056912, loss: 0.5634290516376496, rho: 0.2625, transmit_actions: 18, P: [0.75, 0.875, 0.125, 0.125, 0.125, 0.0625, 0.0625, 0.0625, 0.0625, 0.125, 0.0625, 0.0625, 0.0625, 0.0625, 0.0625, 0.0625, 0.4375, 0.0625, 0.0625, 0.0625]
[TRAIN]: (912/1600): reward: 17.035420835018158, rates: 17.03542074960051, loss: 0.6366572096943856, rho: 0.3125, transmit_actions: 18, P: [0.6875, 0.8125, 0.0, 0.0625, 0.0625, 0.0625, 0.0625, 0.0625, 0.0625, 0.0625, 0.0625, 0.0625, 0.0625, 0.0625, 0.0625, 0.0625, 0.0625, 0.0625, 0.0625, 0.0625]
[TRAIN]: (913/1600): reward: 16.226560592651367, rates: 16.226560498937467, loss: 0.6377076372504235, rho: 0.31875, transmit_actions: 18, P: [0.6875, 0.875, 0.0625, 0.0625, 0.0625, 0.0625, 0.0, 0.0625, 0.0625, 0.0625, 0.0625, 0.0625, 0.0625, 0.0625, 0.0625, 0.0625, 0.0625, 0.0625, 0.0625, 0.0625]
[TRAIN]: (914/1600): reward: 16.897490590810776, rates: 16.897490670247542, loss: 0.5978081986308098, rho: 0.275, transmit_actions: 19, P: [0.6875, 0.0625, 0.0625, 0.0625, 0.0625, 0.0625, 0.0625, 0.0625, 0.0625, 0.0625, 0.0625, 0.0625, 0.0625, 0.0625, 0.0625, 0.0625, 0.0625, 0.0625, 0.0625, 0.0625]
[TRAIN]: (915/1600): reward: 17.127302054315805, rates: 18.12730185516227, loss: 0.6090985432267189, rho: 0.23125, transmit_actions: 18, P: [0.6875, 0.875, 0.0625, 0.0625, 0.0625, 0.0625, 0.0625, 0.0625, 0.0625, 0.0625, 0.125, 0.0625, 0.0625, 0.0625, 0.0625, 0.0625, 0.0625, 0.0625, 0.0625, 0.0625]
[TRAIN]: (916/1600): reward: 13.87176464498043, rates: 14.871764685313845, loss: 0.6925405204296112, rho: 0.225, transmit_actions: 16, P: [0.6875, 0.6875, 0.0625, 0.0625, 0.8125, 0.0625, 0.0625, 0.0625, 0.0625, 0.0625, 0.9375, 0.0625, 0.0625, 0.0625, 0.0625, 0.125, 0.125, 0.125, 0.0625, 0.0625]
[TRAIN]: (917/1600): reward: 16.107344776391983, rates: 16.107344639908405, loss: 0.6826071694493294, rho: 0.29375, transmit_actions: 18, P: [0.375, 0.0, 0.9375, 0.0, 0.0625, 0.0625, 0.0625, 0.125, 0.0625, 0.0625, 0.0625, 0.0625, 0.0625, 0.0625, 0.0625, 0.0625, 0.0625, 0.125, 0.0625, 0.0625]
[TRAIN]: (918/1600): reward: 18.07822024822235, rates: 18.07822026678438, loss: 0.6338942594826221, rho: 0.2625, transmit_actions: 19, P: [0.6875, 0.0625, 0.125, 0.0625, 0.0625, 0.0625, 0.0625, 0.125, 0.0625, 0.0625, 0.0625, 0.125, 0.0625, 0.0625, 0.0625, 0.0625, 0.0625, 0.0625, 0.0625, 0.0625]
[TRAIN]: (919/1600): reward: 8.414462566375732, rates: 18.414462233748498, loss: 0.6670615077018738, rho: 0.2625, transmit_actions: 18, P: [0.25, 0.0625, 0.0625, 0.0625, 0.0625, 0.0625, 0.0625, 0.0625, 0.0625, 0.9375, 0.0625, 0.0625, 0.0625, 0.125, 0.0625, 0.875, 0.0625, 0.0625, 0.0625, 0.125]
[TRAIN]: (920/1600): reward: 6.132138311862946, rates: 16.132138255146067, loss: 0.6502124533057213, rho: 0.25625, transmit_actions: 17, P: [0.6875, 0.0625, 0.125, 0.0625, 0.0625, 1.0, 0.0625, 0.0625, 0.0625, 0.0625, 0.0625, 0.0625, 0.0625, 0.0625, 0.125, 0.125, 0.5625, 0.0625, 0.0625, 0.0625]
[TRAIN]: (921/1600): reward: 16.15669383108616, rates: 17.15669376830471, loss: 0.605424265563488, rho: 0.275, transmit_actions: 19, P: [0.6875, 0.0625, 0.0625, 0.0625, 0.0625, 0.0625, 0.0625, 0.0625, 0.0625, 0.0625, 0.0625, 0.125, 0.0625, 0.125, 0.0625, 0.0625, 0.0625, 0.0625, 0.0625, 0.125]
[TRAIN]: (922/1600): reward: 15.950085699558258, rates: 16.95008557554187, loss: 0.5033524259924889, rho: 0.25, transmit_actions: 17, P: [0.6875, 0.875, 0.0625, 0.125, 0.9375, 0.0625, 0.0625, 0.0625, 0.0625, 0.0625, 0.0625, 0.0625, 0.0625, 0.0625, 0.0625, 0.125, 0.0625, 0.0625, 0.0625, 0.0625]
[TRAIN]: (923/1600): reward: 15.975573182106018, rates: 17.97557321077453, loss: 0.6061848938465119, rho: 0.2125, transmit_actions: 17, P: [0.375, 0.0625, 0.0625, 0.0625, 0.0625, 0.0625, 0.6875, 0.875, 0.0625, 0.125, 0.0625, 0.0625, 0.125, 0.125, 0.0625, 0.0625, 0.0625, 0.0625, 0.125, 0.0625]
[TRAIN]: (924/1600): reward: 17.21119326353073, rates: 17.21119332088871, loss: 0.6176078736782074, rho: 0.20625, transmit_actions: 18, P: [0.4375, 0.8125, 0.0625, 0.0625, 0.0625, 0.0625, 0.0625, 0.0625, 0.0625, 0.0625, 0.0625, 0.0625, 0.0625, 0.0625, 0.0625, 0.0625, 0.0625, 0.0625, 0.0625, 0.125]
[TRAIN]: (925/1600): reward: 17.901046574115753, rates: 17.90104644092554, loss: 0.5719538845121861, rho: 0.24375, transmit_actions: 18, P: [0.4375, 0.0625, 0.75, 0.0625, 0.0625, 0.0625, 0.0625, 0.0625, 0.0625, 0.0625, 0.0625, 0.0625, 0.0625, 0.0625, 0.0625, 0.0625, 0.0625, 0.0625, 0.0625, 0.0625]
[TRAIN]: (926/1600): reward: 14.663012953475118, rates: 15.66301273257524, loss: 0.6363932281732559, rho: 0.225, transmit_actions: 17, P: [0.5625, 0.6875, 0.0, 0.125, 0.125, 0.6875, 0.0625, 0.0625, 0.0625, 0.0625, 0.0625, 0.0625, 0.125, 0.0, 0.0625, 0.125, 0.125, 0.0625, 0.0625, 0.0625]
[TRAIN]: (927/1600): reward: 16.45381450653076, rates: 17.453814312417986, loss: 0.5423638179898262, rho: 0.26875, transmit_actions: 19, P: [0.375, 0.0, 0.0625, 0.0625, 0.0625, 0.0625, 0.125, 0.0625, 0.0625, 0.0625, 0.0625, 0.125, 0.0625, 0.0625, 0.0625, 0.0625, 0.0625, 0.0625, 0.0625, 0.125]
[TRAIN]: (928/1600): reward: 18.123522639274597, rates: 18.123522610858632, loss: 0.63800118714571, rho: 0.24375, transmit_actions: 18, P: [0.375, 0.875, 0.0625, 0.0625, 0.0625, 0.0625, 0.0625, 0.0625, 0.0625, 0.0625, 0.0625, 0.0625, 0.0625, 0.0625, 0.0625, 0.0625, 0.0625, 0.0625, 0.0625, 0.0625]
[TRAIN]: (929/1600): reward: 13.13475415110588, rates: 18.134754328013877, loss: 0.7722839444875718, rho: 0.23125, transmit_actions: 18, P: [0.6875, 0.8125, 0.0625, 0.1875, 0.0625, 0.0625, 0.0625, 0.0625, 0.0625, 0.0625, 0.0625, 0.0625, 0.0625, 0.0625, 0.0625, 0.0625, 0.125, 0.0625, 0.0625, 0.0625]
[TRAIN]: (930/1600): reward: 18.624557971954346, rates: 18.624557865389573, loss: 0.6428587809205055, rho: 0.2625, transmit_actions: 19, P: [0.75, 0.0, 0.0625, 0.0625, 0.0625, 0.125, 0.0625, 0.0625, 0.0625, 0.0625, 0.0625, 0.0625, 0.0625, 0.0625, 0.0625, 0.0625, 0.0625, 0.0625, 0.0625, 0.0625]
[TRAIN]: (931/1600): reward: 17.26953625679016, rates: 17.26953619920528, loss: 0.5926938906311989, rho: 0.25, transmit_actions: 18, P: [0.9375, 1.0, 0.0625, 0.0625, 0.0625, 0.0625, 0.0625, 0.0625, 0.0625, 0.0625, 0.0625, 0.0625, 0.0625, 0.0625, 0.0625, 0.0625, 0.0625, 0.0625, 0.0625, 0.0625]
[TRAIN]: (932/1600): reward: 19.2771358191967, rates: 19.277135776386267, loss: 0.6629389241337776, rho: 0.225, transmit_actions: 19, P: [0.6875, 0.0625, 0.0625, 0.0625, 0.0625, 0.0625, 0.0625, 0.0625, 0.125, 0.0625, 0.0625, 0.0625, 0.0625, 0.125, 0.0625, 0.0625, 0.0625, 0.0625, 0.0625, 0.125]
[TRAIN]: (933/1600): reward: 15.122458308935165, rates: 15.122458274667766, loss: 0.4952668368816376, rho: 0.28125, transmit_actions: 18, P: [0.6875, 0.8125, 0.0625, 0.0625, 0.125, 0.0625, 0.0625, 0.0625, 0.0625, 0.0625, 0.0625, 0.0625, 0.0625, 0.0625, 0.125, 0.0625, 0.0625, 0.0625, 0.0625, 0.0625]
[TRAIN]: (934/1600): reward: 16.240897983312607, rates: 16.240897892160962, loss: 0.7232751846313477, rho: 0.2375, transmit_actions: 17, P: [0.6875, 0.8125, 0.0625, 0.0625, 0.0625, 0.0625, 0.0625, 0.0625, 0.0625, 0.0625, 0.75, 0.0625, 0.0625, 0.0625, 0.0625, 0.125, 0.0625, 0.0625, 0.125, 0.125]
[TRAIN]: (935/1600): reward: 16.159956455230713, rates: 16.159956485979553, loss: 0.6053471937775612, rho: 0.25, transmit_actions: 17, P: [0.6875, 0.9375, 0.0625, 0.0625, 0.75, 0.0625, 0.0625, 0.125, 0.0625, 0.0625, 0.0625, 0.0625, 0.0625, 0.0625, 0.0625, 0.0625, 0.0625, 0.0625, 0.0625, 0.0625]
[TRAIN]: (936/1600): reward: 14.661640107631683, rates: 15.661639862761657, loss: 0.5641013100743294, rho: 0.26875, transmit_actions: 17, P: [0.6875, 0.875, 0.0625, 0.0625, 0.0625, 0.9375, 0.125, 0.0625, 0.0625, 0.0625, 0.0625, 0.125, 0.0625, 0.125, 0.0625, 0.0625, 0.0625, 0.0625, 0.0625, 0.0625]
[TRAIN]: (937/1600): reward: 5.481620162725449, rates: 16.48162037764438, loss: 0.5694173574447632, rho: 0.275, transmit_actions: 17, P: [0.875, 0.9375, 0.0625, 0.0625, 0.375, 0.125, 0.0625, 0.0625, 0.0625, 0.0625, 0.0625, 0.125, 0.0625, 0.0625, 0.0625, 0.0625, 0.0625, 0.0625, 0.0625, 0.125]
[TRAIN]: (938/1600): reward: 17.07771149277687, rates: 17.07771156738479, loss: 0.5457732193171978, rho: 0.24375, transmit_actions: 18, P: [0.375, 0.9375, 0.0625, 0.0625, 0.0625, 0.0625, 0.0625, 0.125, 0.0625, 0.0625, 0.0625, 0.0625, 0.0625, 0.0625, 0.0625, 0.0625, 0.0625, 0.0625, 0.0625, 0.0625]
[TRAIN]: (939/1600): reward: 18.508001446723938, rates: 18.508001507020577, loss: 0.595058511197567, rho: 0.2625, transmit_actions: 19, P: [0.9375, 0.0625, 0.0625, 0.0625, 0.0625, 0.0625, 0.0625, 0.0625, 0.125, 0.0625, 0.0625, 0.0625, 0.0625, 0.0625, 0.0625, 0.0625, 0.0625, 0.0625, 0.0625, 0.0625]
[TRAIN]: (940/1600): reward: 17.949073031544685, rates: 18.949073133070858, loss: 0.647482217848301, rho: 0.25, transmit_actions: 19, P: [0.9375, 0.0625, 0.0625, 0.0625, 0.0625, 0.125, 0.0625, 0.0625, 0.0625, 0.0625, 0.0625, 0.0625, 0.0625, 0.125, 0.0625, 0.0625, 0.0625, 0.0625, 0.0625, 0.0625]
[TRAIN]: (941/1600): reward: 18.015338480472565, rates: 18.015338499588204, loss: 0.5970331430435181, rho: 0.2125, transmit_actions: 17, P: [0.6875, 0.625, 0.0625, 0.6875, 0.0625, 0.0625, 0.0625, 0.0625, 0.0625, 0.0625, 0.0625, 0.0625, 0.0625, 0.0625, 0.0625, 0.125, 0.0625, 0.0625, 0.0625, 0.0625]
[TRAIN]: (942/1600): reward: 17.6492762863636, rates: 17.64927636559742, loss: 0.5550655737519264, rho: 0.275, transmit_actions: 18, P: [0.6875, 0.875, 0.0625, 0.0625, 0.125, 0.0625, 0.0625, 0.125, 0.0625, 0.0625, 0.0625, 0.0625, 0.0625, 0.0625, 0.0625, 0.0625, 0.0625, 0.125, 0.0625, 0.0625]
[TRAIN]: (943/1600): reward: 16.471669882535934, rates: 16.471669870459728, loss: 0.5260084256529808, rho: 0.21875, transmit_actions: 17, P: [0.6875, 0.8125, 0.0625, 0.6875, 0.0625, 0.0625, 0.0625, 0.0625, 0.0625, 0.0625, 0.0625, 0.0625, 0.0625, 0.0625, 0.0625, 0.0625, 0.0625, 0.0625, 0.0625, 0.0625]
[TRAIN]: (944/1600): reward: 16.613690972328186, rates: 16.61369096067554, loss: 0.5358697876334191, rho: 0.275, transmit_actions: 18, P: [0.6875, 0.9375, 0.0625, 0.0625, 0.0625, 0.0625, 0.0625, 0.0625, 0.0625, 0.0625, 0.0625, 0.0625, 0.125, 0.0625, 0.0625, 0.0625, 0.0625, 0.0625, 0.0625, 0.0625]
[TRAIN]: (945/1600): reward: 12.003699272871017, rates: 15.003699314326965, loss: 0.5853784680366516, rho: 0.2875, transmit_actions: 17, P: [0.6875, 1.0, 0.0625, 0.0625, 0.0625, 0.0625, 0.0625, 0.0625, 0.125, 0.125, 0.0625, 0.0625, 0.0625, 0.0625, 0.0625, 0.6875, 0.0625, 0.125, 0.0625, 0.0625]
[TRAIN]: (946/1600): reward: 17.734487891197205, rates: 18.73448793338865, loss: 0.6390647605061531, rho: 0.225, transmit_actions: 18, P: [0.9375, 0.875, 0.0625, 0.125, 0.0625, 0.0625, 0.0625, 0.0625, 0.0625, 0.0625, 0.0625, 0.0625, 0.0625, 0.0625, 0.0625, 0.0625, 0.0625, 0.0625, 0.0625, 0.0625]
[TRAIN]: (947/1600): reward: 17.444645881652832, rates: 17.44464580483248, loss: 0.49523143619298937, rho: 0.2375, transmit_actions: 18, P: [0.6875, 0.8125, 0.0, 0.0625, 0.0625, 0.0625, 0.0625, 0.0625, 0.0625, 0.0625, 0.0625, 0.0625, 0.0625, 0.0625, 0.0625, 0.0625, 0.0625, 0.0625, 0.0625, 0.0625]
[TRAIN]: (948/1600): reward: 16.093293845653534, rates: 17.093293995154315, loss: 0.5422441229224205, rho: 0.25625, transmit_actions: 18, P: [0.5625, 0.9375, 0.0625, 0.125, 0.0625, 0.0625, 0.0625, 0.0625, 0.0625, 0.125, 0.0625, 0.0625, 0.0625, 0.0625, 0.0625, 0.0625, 0.0625, 0.0625, 0.0625, 0.0625]
[TRAIN]: (949/1600): reward: 16.8703735768795, rates: 17.87037368865399, loss: 0.5689701154828072, rho: 0.21875, transmit_actions: 18, P: [0.6875, 0.875, 0.0625, 0.0625, 0.0625, 0.0625, 0.0625, 0.0625, 0.125, 0.0625, 0.0625, 0.0625, 0.0625, 0.0625, 0.125, 0.125, 0.0625, 0.0625, 0.0625, 0.0625]
[TRAIN]: (950/1600): reward: 15.633007518947124, rates: 16.633007530607717, loss: 0.5851943418383598, rho: 0.25, transmit_actions: 19, P: [0.375, 0.0, 0.0625, 0.0625, 0.0625, 0.0625, 0.0625, 0.0625, 0.0625, 0.0625, 0.0625, 0.0625, 0.125, 0.0625, 0.125, 0.125, 0.0625, 0.125, 0.125, 0.0625]
[TRAIN]: (951/1600): reward: 16.0719875395298, rates: 16.07198749131307, loss: 0.5651809602975846, rho: 0.26875, transmit_actions: 19, P: [0.375, 0.0, 0.0625, 0.0625, 0.0625, 0.0625, 0.0625, 0.0625, 0.0625, 0.0625, 0.0625, 0.0625, 0.0625, 0.0625, 0.0625, 0.0625, 0.0625, 0.0625, 0.0625, 0.0625]
[TRAIN]: (952/1600): reward: 17.75389376282692, rates: 17.753893692975044, loss: 0.7552820712327957, rho: 0.25625, transmit_actions: 18, P: [0.6875, 0.625, 0.0625, 0.0625, 0.0625, 0.0625, 0.0625, 0.0625, 0.125, 0.0625, 0.0625, 0.0625, 0.0625, 0.0625, 0.0625, 0.0625, 0.125, 0.0625, 0.0625, 0.0625]
[TRAIN]: (953/1600): reward: 18.15022411942482, rates: 18.150223878572607, loss: 0.5529181867837906, rho: 0.2375, transmit_actions: 19, P: [0.6875, 0.0625, 0.0625, 0.0625, 0.125, 0.0625, 0.0625, 0.0625, 0.0625, 0.0625, 0.0625, 0.0625, 0.0625, 0.0625, 0.0625, 0.0625, 0.0625, 0.125, 0.0625, 0.0625]
[TRAIN]: (954/1600): reward: 15.859965026378632, rates: 15.859964870689145, loss: 0.5612722724676132, rho: 0.2625, transmit_actions: 19, P: [0.6875, 0.0625, 0.0625, 0.0625, 0.125, 0.0625, 0.0625, 0.0625, 0.0625, 0.0625, 0.0625, 0.0625, 0.0625, 0.0625, 0.0625, 0.0625, 0.0625, 0.0, 0.0625, 0.0625]
[TRAIN]: (955/1600): reward: 16.071761146187782, rates: 17.071761178426755, loss: 0.5934862151741982, rho: 0.29375, transmit_actions: 19, P: [0.6875, 0.0, 0.0625, 0.0625, 0.0625, 0.0625, 0.0625, 0.0625, 0.0625, 0.0625, 0.0625, 0.125, 0.0625, 0.0625, 0.125, 0.0625, 0.0625, 0.0625, 0.0625, 0.0625]
[TRAIN]: (956/1600): reward: 19.0020290017128, rates: 19.002028977546203, loss: 0.6670398965477944, rho: 0.225, transmit_actions: 18, P: [0.6875, 0.875, 0.0625, 0.0625, 0.0625, 0.0625, 0.0625, 0.0625, 0.0625, 0.0625, 0.0625, 0.0625, 0.0625, 0.0625, 0.0625, 0.0625, 0.0625, 0.0625, 0.0625, 0.0625]
[TRAIN]: (957/1600): reward: 20.05724036693573, rates: 20.057240428736492, loss: 0.4956726387143135, rho: 0.2625, transmit_actions: 19, P: [0.6875, 0.0625, 0.0625, 0.0625, 0.0625, 0.0625, 0.0625, 0.0625, 0.0625, 0.0625, 0.0625, 0.0625, 0.0625, 0.0625, 0.0625, 0.0625, 0.0625, 0.0625, 0.0625, 0.0625]
[TRAIN]: (958/1600): reward: 6.006783425807953, rates: 17.006783480158813, loss: 0.5957102611660957, rho: 0.225, transmit_actions: 17, P: [0.6875, 0.75, 0.625, 0.0625, 0.0625, 0.125, 0.125, 0.125, 0.0625, 0.0625, 0.0625, 0.0625, 0.0625, 0.0625, 0.125, 0.0625, 0.0625, 0.0625, 0.0625, 0.0625]
[TRAIN]: (959/1600): reward: 18.408409506082535, rates: 18.40840963574243, loss: 0.711843566596508, rho: 0.25, transmit_actions: 18, P: [0.6875, 1.0, 0.0625, 0.0625, 0.0625, 0.125, 0.0625, 0.0625, 0.0625, 0.0625, 0.0625, 0.0625, 0.0625, 0.0625, 0.0625, 0.0625, 0.0625, 0.0625, 0.0625, 0.0625]
[TRAIN]: (960/1600): reward: 7.596975177526474, rates: 17.59697496466569, loss: 0.4974567212164402, rho: 0.26875, transmit_actions: 18, P: [0.375, 0.0625, 0.0625, 0.0625, 0.0625, 0.0625, 0.0625, 0.0625, 0.0625, 0.0625, 0.0625, 0.125, 0.0625, 0.25, 0.0625, 0.0625, 0.0625, 0.0625, 0.125, 0.0625]
[TRAIN]: (961/1600): reward: 16.87189969420433, rates: 18.87189962891057, loss: 0.6280975237488746, rho: 0.23125, transmit_actions: 17, P: [0.9375, 0.8125, 0.0625, 0.0625, 0.0625, 0.0625, 0.125, 0.125, 0.0625, 0.0625, 0.1875, 0.6875, 0.0625, 0.0625, 0.0625, 0.0625, 0.125, 0.0625, 0.0625, 0.0625]
[TRAIN]: (962/1600): reward: 4.658374294638634, rates: 14.658374409827116, loss: 0.5485344648361206, rho: 0.29375, transmit_actions: 17, P: [0.9375, 0.6875, 0.0625, 0.125, 0.0625, 0.0625, 0.1875, 0.0625, 0.0625, 0.0625, 0.0625, 0.0625, 0.0625, 0.0625, 0.0625, 0.0625, 0.0625, 0.0625, 0.0625, 0.0625]
[TRAIN]: (963/1600): reward: 16.314730882644653, rates: 17.314730894371092, loss: 0.5656061336398125, rho: 0.20625, transmit_actions: 18, P: [0.6875, 0.8125, 0.125, 0.0625, 0.0625, 0.0625, 0.0625, 0.0625, 0.0625, 0.0625, 0.0625, 0.0625, 0.0625, 0.0625, 0.0625, 0.0625, 0.0625, 0.0625, 0.0625, 0.0625]
[TRAIN]: (964/1600): reward: 17.863117933273315, rates: 17.863117962104525, loss: 0.5567925557494163, rho: 0.2375, transmit_actions: 18, P: [0.6875, 0.875, 0.0625, 0.0625, 0.0, 0.0625, 0.0625, 0.0625, 0.0625, 0.0625, 0.0625, 0.125, 0.0625, 0.0625, 0.0625, 0.0625, 0.0625, 0.0625, 0.0625, 0.0625]
[TRAIN]: (965/1600): reward: 16.546432435512543, rates: 16.546432479096445, loss: 0.5222358852624893, rho: 0.2625, transmit_actions: 18, P: [0.9375, 0.8125, 0.0625, 0.0625, 0.0625, 0.0625, 0.0625, 0.0625, 0.0625, 0.0625, 0.0625, 0.0625, 0.0625, 0.0625, 0.125, 0.0625, 0.0625, 0.0625, 0.125, 0.0625]
[TRAIN]: (966/1600): reward: 18.223050951957703, rates: 18.223050723843183, loss: 0.6305411145091057, rho: 0.2625, transmit_actions: 18, P: [0.9375, 0.8125, 0.0625, 0.0625, 0.0625, 0.0625, 0.0625, 0.0625, 0.0625, 0.0625, 0.0625, 0.0625, 0.0625, 0.0625, 0.0625, 0.0625, 0.0625, 0.0625, 0.0625, 0.0625]
[TRAIN]: (967/1600): reward: 9.668573841452599, rates: 15.668573967290959, loss: 0.5470820613205433, rho: 0.3, transmit_actions: 18, P: [0.9375, 0.8125, 0.0625, 0.0625, 0.0625, 0.125, 0.0625, 0.0625, 0.0625, 0.0625, 0.0625, 0.0625, 0.0625, 0.0625, 0.0625, 0.4375, 0.0625, 0.0625, 0.0625, 0.0625]
[TRAIN]: (968/1600): reward: -5.217980206012726, rates: 16.782019473081245, loss: 0.5478187337517738, rho: 0.25, transmit_actions: 17, P: [0.9375, 0.6875, 0.0625, 0.1875, 0.0625, 0.0625, 0.3125, 0.0625, 0.625, 0.0625, 0.0625, 0.0625, 0.0625, 0.0625, 0.0625, 0.0625, 0.0625, 0.0625, 0.0625, 0.0625]
[TRAIN]: (969/1600): reward: 16.919204354286194, rates: 16.91920430618572, loss: 0.5732379660010338, rho: 0.2875, transmit_actions: 17, P: [0.9375, 0.8125, 0.6875, 0.0625, 0.0625, 0.0625, 0.0625, 0.0625, 0.0625, 0.0625, 0.0625, 0.0625, 0.0625, 0.0625, 0.0625, 0.0625, 0.0625, 0.0625, 0.0625, 0.0625]
[TRAIN]: (970/1600): reward: 15.24056363105774, rates: 17.240563483825863, loss: 0.5581387929618359, rho: 0.23125, transmit_actions: 18, P: [0.9375, 0.875, 0.0625, 0.0625, 0.0625, 0.0625, 0.0625, 0.0625, 0.0625, 0.0625, 0.0625, 0.0625, 0.0625, 0.0625, 0.0625, 0.125, 0.0625, 0.0625, 0.0625, 0.0625]
[TRAIN]: (971/1600): reward: 16.696450598537922, rates: 18.69645059175332, loss: 0.5718798995018005, rho: 0.2125, transmit_actions: 19, P: [0.6875, 0.0625, 0.0625, 0.0625, 0.0625, 0.0625, 0.0625, 0.0625, 0.125, 0.0625, 0.0625, 0.0625, 0.0625, 0.125, 0.0625, 0.125, 0.125, 0.0625, 0.0625, 0.0625]
[TRAIN]: (972/1600): reward: 18.128998264670372, rates: 19.128998572686108, loss: 0.5355171270668506, rho: 0.2375, transmit_actions: 18, P: [0.6875, 0.9375, 0.0625, 0.0625, 0.0625, 0.125, 0.125, 0.0625, 0.0625, 0.0625, 0.125, 0.125, 0.0625, 0.0625, 0.0625, 0.0625, 0.0625, 0.0625, 0.0625, 0.0625]
[TRAIN]: (973/1600): reward: 19.92484363913536, rates: 19.924843787699828, loss: 0.5846841096878052, rho: 0.19375, transmit_actions: 19, P: [0.5625, 0.0625, 0.0625, 0.0625, 0.0625, 0.0625, 0.0625, 0.0625, 0.0625, 0.0625, 0.0625, 0.125, 0.0625, 0.0625, 0.0625, 0.0625, 0.125, 0.0625, 0.0625, 0.0625]
[TRAIN]: (974/1600): reward: 16.734046131372452, rates: 17.734046088908652, loss: 0.6511831611394883, rho: 0.225, transmit_actions: 17, P: [0.5625, 0.875, 0.0, 0.0625, 0.0625, 0.6875, 0.0625, 0.0625, 0.0625, 0.0625, 0.0625, 0.0625, 0.125, 0.125, 0.0625, 0.0625, 0.0625, 0.125, 0.0625, 0.0625]
[TRAIN]: (975/1600): reward: 18.551978409290314, rates: 18.551978531468258, loss: 0.612816435098648, rho: 0.25625, transmit_actions: 19, P: [0.9375, 0.0625, 0.0625, 0.0625, 0.0625, 0.0625, 0.125, 0.0625, 0.0625, 0.0625, 0.0625, 0.0625, 0.0625, 0.0625, 0.0625, 0.0625, 0.0625, 0.0625, 0.0625, 0.125]
[TRAIN]: (976/1600): reward: 5.3254223465919495, rates: 15.325422263237591, loss: 0.5952675580978394, rho: 0.34375, transmit_actions: 18, P: [0.75, 0.75, 0.0625, 0.0625, 0.0625, 0.0625, 0.0625, 0.0625, 0.0625, 0.0625, 0.0625, 0.0625, 0.0625, 0.125, 0.0625, 0.0625, 0.0625, 0.0625, 0.0625, 0.0625]
[TRAIN]: (977/1600): reward: 18.999776601791382, rates: 18.999776597809536, loss: 0.47057272791862487, rho: 0.24375, transmit_actions: 19, P: [0.75, 0.0625, 0.0625, 0.0625, 0.0625, 0.0625, 0.125, 0.0625, 0.0625, 0.0625, 0.0625, 0.0625, 0.0625, 0.125, 0.125, 0.0625, 0.0625, 0.0625, 0.0625, 0.0625]
[TRAIN]: (978/1600): reward: 15.149200513958931, rates: 16.14920055979994, loss: 0.545416035503149, rho: 0.2625, transmit_actions: 18, P: [0.9375, 0.875, 0.0625, 0.0625, 0.0625, 0.0625, 0.125, 0.0625, 0.0625, 0.0625, 0.0625, 0.0625, 0.0625, 0.0625, 0.0625, 0.0625, 0.0625, 0.0625, 0.125, 0.125]
[TRAIN]: (979/1600): reward: 18.004014790058136, rates: 18.004014911898448, loss: 0.5588164612650871, rho: 0.23125, transmit_actions: 18, P: [0.9375, 0.8125, 0.0625, 0.0625, 0.0625, 0.0625, 0.0625, 0.0625, 0.0625, 0.0625, 0.0625, 0.0625, 0.0625, 0.125, 0.0625, 0.0625, 0.0625, 0.0625, 0.0625, 0.0625]
[TRAIN]: (980/1600): reward: 16.24354475736618, rates: 16.24354472624808, loss: 0.6361383587121964, rho: 0.23125, transmit_actions: 18, P: [0.9375, 0.0625, 0.0625, 0.9375, 0.0, 0.0625, 0.0625, 0.0625, 0.0625, 0.125, 0.0625, 0.0625, 0.0625, 0.0625, 0.0625, 0.0625, 0.0625, 0.0625, 0.0625, 0.0625]
[TRAIN]: (981/1600): reward: 18.217244029045105, rates: 18.217243960054123, loss: 0.650291083753109, rho: 0.23125, transmit_actions: 18, P: [0.75, 0.0625, 0.0625, 0.875, 0.0625, 0.0625, 0.0625, 0.125, 0.0625, 0.0625, 0.0625, 0.0625, 0.0625, 0.0625, 0.0625, 0.0625, 0.0625, 0.0625, 0.0625, 0.0625]
[TRAIN]: (982/1600): reward: 17.42658658325672, rates: 18.42658668562047, loss: 0.43182231336832044, rho: 0.25, transmit_actions: 19, P: [0.9375, 0.0625, 0.0625, 0.0625, 0.0625, 0.0625, 0.0625, 0.0625, 0.0625, 0.0625, 0.0625, 0.0625, 0.0625, 0.0625, 0.0625, 0.125, 0.0625, 0.0625, 0.0625, 0.0625]
[TRAIN]: (983/1600): reward: 16.137111216783524, rates: 17.137111179915756, loss: 0.642981867492199, rho: 0.25625, transmit_actions: 18, P: [0.6875, 0.9375, 0.0625, 0.0625, 0.0625, 0.0625, 0.0625, 0.0625, 0.0625, 0.0625, 0.0625, 0.0625, 0.0625, 0.0625, 0.0625, 0.0625, 0.0625, 0.0625, 0.125, 0.0625]
[TRAIN]: (984/1600): reward: 5.915421937010251, rates: 16.915421810992317, loss: 0.7069222554564476, rho: 0.2375, transmit_actions: 17, P: [0.6875, 0.875, 0.0625, 0.0625, 0.0625, 0.0625, 0.0625, 0.0625, 0.125, 0.1875, 0.0625, 0.0625, 0.0625, 0.0625, 0.0625, 0.0625, 0.0625, 0.125, 0.125, 0.0625]
[TRAIN]: (985/1600): reward: 17.22389590740204, rates: 18.223895894156655, loss: 0.584642493724823, rho: 0.24375, transmit_actions: 18, P: [0.9375, 1.0, 0.0625, 0.0625, 0.0625, 0.0625, 0.0625, 0.0625, 0.0625, 0.0625, 0.0625, 0.0625, 0.0625, 0.0625, 0.0625, 0.0625, 0.0625, 0.125, 0.0625, 0.0625]
[TRAIN]: (986/1600): reward: 19.38229113817215, rates: 19.382291196507868, loss: 0.6279791057109833, rho: 0.25, transmit_actions: 18, P: [0.25, 1.0, 0.0625, 0.0625, 0.0625, 0.0625, 0.0625, 0.0625, 0.0625, 0.125, 0.0625, 0.0625, 0.0625, 0.0625, 0.0625, 0.125, 0.125, 0.0625, 0.0625, 0.0625]
[TRAIN]: (987/1600): reward: 15.853553459048271, rates: 17.85355338825281, loss: 0.6253573209047317, rho: 0.2875, transmit_actions: 18, P: [0.9375, 0.8125, 0.0625, 0.0625, 0.0625, 0.125, 0.0625, 0.125, 0.0625, 0.125, 0.0625, 0.0625, 0.0625, 0.0625, 0.0625, 0.0625, 0.0625, 0.0625, 0.0625, 0.0625]
[TRAIN]: (988/1600): reward: 7.653327077627182, rates: 18.653327346750956, loss: 0.5981913626194, rho: 0.28125, transmit_actions: 18, P: [0.9375, 1.0, 0.0625, 0.0625, 0.125, 0.0625, 0.0625, 0.125, 0.0625, 0.0625, 0.0625, 0.0625, 0.0625, 0.0625, 0.0625, 0.5, 0.0625, 0.0625, 0.0625, 0.0625]
[TRAIN]: (989/1600): reward: 13.205213129520416, rates: 16.205213222969494, loss: 0.5023865818977356, rho: 0.28125, transmit_actions: 18, P: [0.9375, 0.625, 0.1875, 0.0625, 0.0625, 0.0625, 0.0625, 0.0625, 0.0625, 0.0625, 0.0625, 0.0625, 0.125, 0.0625, 0.0625, 0.0625, 0.0625, 0.0625, 0.0625, 0.125]
[TRAIN]: (990/1600): reward: 17.339910969138145, rates: 17.339911132011743, loss: 0.510468277335167, rho: 0.3375, transmit_actions: 19, P: [0.9375, 0.0625, 0.0625, 0.0625, 0.0625, 0.0625, 0.0625, 0.0625, 0.0625, 0.0625, 0.0625, 0.0625, 0.0625, 0.0625, 0.0625, 0.0625, 0.0625, 0.0625, 0.0625, 0.0625]
[TRAIN]: (991/1600): reward: 17.342048168182373, rates: 17.342048375848307, loss: 0.5048337817192078, rho: 0.2375, transmit_actions: 19, P: [0.6875, 0.0625, 0.0625, 0.0625, 0.0625, 0.0625, 0.0625, 0.0625, 0.125, 0.0625, 0.125, 0.0625, 0.0625, 0.0625, 0.0625, 0.0625, 0.125, 0.0625, 0.0625, 0.0625]
[TRAIN]: (992/1600): reward: 16.55130200088024, rates: 18.551301966113062, loss: 0.48444449082016944, rho: 0.23125, transmit_actions: 19, P: [0.75, 0.0, 0.0625, 0.0625, 0.0625, 0.0625, 0.0625, 0.0625, 0.0625, 0.0625, 0.0625, 0.0625, 0.0625, 0.0625, 0.125, 0.125, 0.0625, 0.125, 0.0625, 0.0625]
[TRAIN]: (993/1600): reward: 18.40316241979599, rates: 18.403162478017475, loss: 0.5389378234744072, rho: 0.21875, transmit_actions: 18, P: [0.6875, 0.75, 0.0625, 0.0625, 0.0625, 0.0625, 0.0625, 0.0625, 0.0625, 0.0625, 0.0625, 0.0625, 0.0625, 0.0625, 0.0625, 0.0625, 0.0625, 0.0625, 0.0625, 0.0625]
[TRAIN]: (994/1600): reward: 3.3136908262968063, rates: 17.31369092981746, loss: 0.4228626437485218, rho: 0.2375, transmit_actions: 18, P: [0.5, 0.0625, 0.0625, 0.9375, 0.125, 0.0625, 0.0625, 0.0625, 0.6875, 0.0625, 0.0625, 0.0625, 0.0625, 0.125, 0.0625, 0.0625, 0.0625, 0.0625, 0.0625, 0.0625]
[TRAIN]: (995/1600): reward: 16.88677281141281, rates: 16.88677298093763, loss: 0.6166042819619179, rho: 0.25, transmit_actions: 17, P: [0.6875, 0.9375, 0.9375, 0.0625, 0.0625, 0.0625, 0.0625, 0.0625, 0.0625, 0.0625, 0.0625, 0.0625, 0.0625, 0.0625, 0.0625, 0.0625, 0.0625, 0.0625, 0.0625, 0.125]
[TRAIN]: (996/1600): reward: 16.173066556453705, rates: 16.173066688449904, loss: 0.5859661415219307, rho: 0.25, transmit_actions: 18, P: [0.75, 0.6875, 0.0625, 0.0625, 0.0625, 0.0625, 0.0625, 0.0625, 0.0625, 0.0625, 0.0625, 0.0625, 0.0625, 0.0625, 0.0625, 0.0625, 0.0625, 0.0625, 0.0625, 0.0625]
[TRAIN]: (997/1600): reward: 15.189231008291245, rates: 16.189230988701496, loss: 0.6744304209947586, rho: 0.2875, transmit_actions: 18, P: [0.9375, 0.9375, 0.0625, 0.0625, 0.0625, 0.0625, 0.0625, 0.0625, 0.0625, 0.0625, 0.0625, 0.0625, 0.0625, 0.0625, 0.0625, 0.125, 0.0625, 0.0625, 0.0625, 0.0625]
[TRAIN]: (998/1600): reward: 17.05612537264824, rates: 17.0561255067687, loss: 0.5716892465949058, rho: 0.2375, transmit_actions: 18, P: [0.9375, 0.75, 0.0625, 0.0625, 0.0625, 0.0625, 0.0625, 0.0625, 0.0625, 0.0625, 0.0625, 0.125, 0.125, 0.0625, 0.0625, 0.125, 0.0625, 0.0625, 0.0625, 0.0625]
[TRAIN]: (999/1600): reward: 16.51458564400673, rates: 17.51458561678993, loss: 0.551655738055706, rho: 0.24375, transmit_actions: 19, P: [0.9375, 0.0, 0.0625, 0.0625, 0.0625, 0.0625, 0.0625, 0.0625, 0.0625, 0.0625, 0.0625, 0.0625, 0.125, 0.0625, 0.0625, 0.0625, 0.125, 0.0625, 0.0625, 0.0625]
[TRAIN]: (1000/1600): reward: 16.62504891306162, rates: 17.6250487329397, loss: 0.577307191491127, rho: 0.25, transmit_actions: 18, P: [0.9375, 0.8125, 0.0625, 0.0625, 0.0625, 0.0625, 0.0625, 0.0625, 0.0625, 0.125, 0.0625, 0.0625, 0.0625, 0.0625, 0.0625, 0.125, 0.125, 0.0625, 0.0625, 0.0625]
[TRAIN]: (1001/1600): reward: 15.945717811584473, rates: 16.94571788990585, loss: 0.4930916681885719, rho: 0.26875, transmit_actions: 19, P: [0.5, 0.0, 0.0625, 0.0625, 0.125, 0.0625, 0.0625, 0.0625, 0.125, 0.0625, 0.125, 0.0625, 0.0625, 0.0625, 0.0625, 0.0625, 0.0625, 0.0625, 0.0625, 0.0625]
[TRAIN]: (1002/1600): reward: 11.897632777690887, rates: 14.897632689820512, loss: 0.5037304207682609, rho: 0.3125, transmit_actions: 18, P: [0.625, 0.875, 0.0625, 0.125, 0.0625, 0.0625, 0.125, 0.0625, 0.0625, 0.0625, 0.125, 0.0625, 0.0625, 0.0625, 0.0625, 0.125, 0.0625, 0.0625, 0.0625, 0.0625]
[TRAIN]: (1003/1600): reward: 18.682095400989056, rates: 19.68209545900531, loss: 0.6285362511873245, rho: 0.25, transmit_actions: 19, P: [0.625, 0.0625, 0.0625, 0.0625, 0.125, 0.0625, 0.0625, 0.0625, 0.0625, 0.0625, 0.0625, 0.0625, 0.0625, 0.0625, 0.0625, 0.0625, 0.125, 0.0625, 0.0625, 0.0625]
[TRAIN]: (1004/1600): reward: 17.107260644435883, rates: 17.107260585029596, loss: 0.5080086946487427, rho: 0.23125, transmit_actions: 18, P: [0.25, 0.0, 0.0625, 0.0625, 0.125, 0.0625, 0.0625, 0.0625, 0.8125, 0.0625, 0.0625, 0.0625, 0.0625, 0.0625, 0.0625, 0.0625, 0.0625, 0.0625, 0.125, 0.0625]
[TRAIN]: (1005/1600): reward: 19.062753945589066, rates: 19.06275381600811, loss: 0.5270052537322044, rho: 0.2625, transmit_actions: 19, P: [0.25, 0.0625, 0.0625, 0.0625, 0.0625, 0.0625, 0.0625, 0.0625, 0.0625, 0.0625, 0.0625, 0.0625, 0.0625, 0.0625, 0.0625, 0.0625, 0.0625, 0.0625, 0.0625, 0.0625]
[TRAIN]: (1006/1600): reward: 18.967957973480225, rates: 18.967957893299637, loss: 0.49169697016477587, rho: 0.23125, transmit_actions: 19, P: [0.25, 0.0625, 0.0625, 0.0625, 0.0625, 0.0625, 0.0625, 0.0625, 0.0625, 0.0625, 0.0625, 0.0625, 0.0625, 0.125, 0.125, 0.125, 0.0625, 0.0625, 0.0625, 0.0625]
[TRAIN]: (1007/1600): reward: 14.245662242174149, rates: 19.24566204232828, loss: 0.5673267841339111, rho: 0.26875, transmit_actions: 19, P: [1.0, 0.0625, 0.0625, 0.0625, 0.0625, 0.0625, 0.125, 0.0625, 0.0625, 0.25, 0.0625, 0.0625, 0.125, 0.125, 0.0625, 0.0625, 0.0625, 0.125, 0.0625, 0.0625]
[TRAIN]: (1008/1600): reward: 17.48915183544159, rates: 17.489151779610694, loss: 0.6054057836532593, rho: 0.23125, transmit_actions: 17, P: [0.375, 1.0, 0.9375, 0.0625, 0.0625, 0.0625, 0.0625, 0.0625, 0.0625, 0.0625, 0.0625, 0.0625, 0.0625, 0.0625, 0.0625, 0.125, 0.0625, 0.0625, 0.0625, 0.125]
[TRAIN]: (1009/1600): reward: 14.826330572366714, rates: 16.8263307625732, loss: 0.5084655120968818, rho: 0.26875, transmit_actions: 19, P: [0.25, 0.0625, 0.0625, 0.0625, 0.0625, 0.0625, 0.0625, 0.0625, 0.0625, 0.0625, 0.0, 0.0625, 0.0625, 0.0625, 0.125, 0.0625, 0.0625, 0.0625, 0.0625, 0.0625]
[TRAIN]: (1010/1600): reward: 16.700449258089066, rates: 16.700449444529934, loss: 0.5530778288841247, rho: 0.275, transmit_actions: 17, P: [0.25, 0.8125, 0.0625, 0.0625, 0.8125, 0.0625, 0.0625, 0.0625, 0.0625, 0.0625, 0.0625, 0.0625, 0.0625, 0.0625, 0.0625, 0.125, 0.0625, 0.0625, 0.0625, 0.0625]
[TRAIN]: (1011/1600): reward: 18.48580574989319, rates: 18.485805884414265, loss: 0.5031701415777207, rho: 0.2625, transmit_actions: 19, P: [0.375, 0.0625, 0.0625, 0.0625, 0.0625, 0.0625, 0.0625, 0.0625, 0.0625, 0.0625, 0.0625, 0.0625, 0.0625, 0.0625, 0.125, 0.0625, 0.0625, 0.0625, 0.0625, 0.0625]
[TRAIN]: (1012/1600): reward: 18.292813286185265, rates: 18.29281334512968, loss: 0.5537082403898239, rho: 0.2625, transmit_actions: 19, P: [0.375, 0.0625, 0.0625, 0.0625, 0.0625, 0.0625, 0.0625, 0.0625, 0.0625, 0.0625, 0.0625, 0.0625, 0.0625, 0.0625, 0.0625, 0.0625, 0.0625, 0.125, 0.0625, 0.0625]
[TRAIN]: (1013/1600): reward: 19.100822389125824, rates: 19.100822286842057, loss: 0.5404730811715126, rho: 0.21875, transmit_actions: 19, P: [0.25, 0.0625, 0.0625, 0.0625, 0.0625, 0.0625, 0.0625, 0.0625, 0.125, 0.0625, 0.0625, 0.0625, 0.0625, 0.125, 0.0625, 0.0625, 0.125, 0.0625, 0.0625, 0.0625]
[TRAIN]: (1014/1600): reward: 13.607553243637085, rates: 16.607553293384093, loss: 0.4795044153928757, rho: 0.26875, transmit_actions: 17, P: [0.6875, 1.0, 0.0625, 1.0, 0.0, 0.0625, 0.0625, 0.0625, 0.125, 0.0625, 0.0625, 0.125, 0.0625, 0.0625, 0.0625, 0.0625, 0.0625, 0.0625, 0.125, 0.125]
[TRAIN]: (1015/1600): reward: 17.586368322372437, rates: 17.586368410544374, loss: 0.5129342272877693, rho: 0.25, transmit_actions: 18, P: [0.75, 0.625, 0.0625, 0.0625, 0.0625, 0.125, 0.0625, 0.0625, 0.0625, 0.0625, 0.0625, 0.0625, 0.0625, 0.0625, 0.125, 0.0625, 0.0625, 0.0625, 0.0625, 0.125]
[TRAIN]: (1016/1600): reward: 18.02926880121231, rates: 18.029268944662654, loss: 0.5237383008003235, rho: 0.2625, transmit_actions: 18, P: [0.25, 0.875, 0.0625, 0.0625, 0.0625, 0.0625, 0.0625, 0.0625, 0.0625, 0.0625, 0.0625, 0.0625, 0.0625, 0.0625, 0.125, 0.0625, 0.0625, 0.0625, 0.0625, 0.0625]
[TRAIN]: (1017/1600): reward: 8.456257224082947, rates: 18.456257193458217, loss: 0.6126506596803665, rho: 0.225, transmit_actions: 17, P: [0.25, 0.9375, 0.0625, 0.0625, 0.875, 0.0625, 0.125, 0.0625, 0.125, 0.0625, 0.0625, 0.0625, 0.0625, 0.0625, 0.0625, 0.0625, 0.0625, 0.0625, 0.0625, 0.0625]
[TRAIN]: (1018/1600): reward: 15.802930787205696, rates: 15.802930816354886, loss: 0.48286440819501875, rho: 0.3375, transmit_actions: 19, P: [0.6875, 0.0, 0.0625, 0.0625, 0.0625, 0.0625, 0.0625, 0.0625, 0.0625, 0.0625, 0.0625, 0.0625, 0.125, 0.0625, 0.0625, 0.0625, 0.0625, 0.0625, 0.0625, 0.0625]
[TRAIN]: (1019/1600): reward: 18.05633708834648, rates: 18.056337092933184, loss: 0.590155391395092, rho: 0.21875, transmit_actions: 19, P: [0.5, 0.0, 0.0625, 0.0625, 0.125, 0.0625, 0.0625, 0.0625, 0.125, 0.0625, 0.0625, 0.0625, 0.0625, 0.125, 0.0625, 0.0625, 0.0625, 0.0625, 0.0625, 0.0625]
[TRAIN]: (1020/1600): reward: 19.997446194291115, rates: 19.997445909617475, loss: 0.46697218269109725, rho: 0.225, transmit_actions: 19, P: [0.5, 0.0625, 0.0625, 0.0625, 0.0625, 0.0625, 0.0625, 0.0625, 0.0625, 0.0625, 0.0625, 0.125, 0.0625, 0.0625, 0.0625, 0.125, 0.0625, 0.0625, 0.0625, 0.0625]
[TRAIN]: (1021/1600): reward: -9.23496650159359, rates: 15.765033454684755, loss: 0.49265963584184647, rho: 0.34375, transmit_actions: 17, P: [0.5, 0.0625, 0.0625, 0.0625, 0.125, 0.0625, 0.125, 0.0625, 0.0625, 1.0, 0.0625, 0.0625, 0.0625, 0.125, 0.125, 0.4375, 0.125, 0.1875, 0.0625, 0.0625]
[TRAIN]: (1022/1600): reward: 9.215195834636688, rates: 15.215195895371544, loss: 0.5778212815523147, rho: 0.2375, transmit_actions: 17, P: [0.5, 0.0625, 0.9375, 0.6875, 0.0625, 0.0625, 0.0625, 0.125, 0.0625, 0.0625, 0.125, 0.0625, 0.0625, 0.0625, 0.0625, 0.0625, 0.125, 0.0625, 0.0625, 0.0625]
[TRAIN]: (1023/1600): reward: 9.705163955688477, rates: 19.705164162672713, loss: 0.5382733225822449, rho: 0.23125, transmit_actions: 18, P: [0.6875, 0.0625, 0.0625, 0.0625, 0.0625, 0.0625, 0.0625, 0.0625, 0.0625, 0.6875, 0.125, 0.125, 0.0625, 0.0625, 0.0625, 0.125, 0.0625, 0.0625, 0.0625, 0.0625]
[TRAIN]: (1024/1600): reward: 5.810213685035706, rates: 16.810213489372156, loss: 0.608114018291235, rho: 0.2375, transmit_actions: 18, P: [0.6875, 0.0625, 0.0625, 0.25, 0.0625, 0.0625, 0.0625, 0.0625, 0.0625, 0.0625, 0.0625, 0.0625, 0.0625, 0.125, 0.0625, 0.0625, 0.0625, 0.0625, 0.0625, 0.0625]
[TRAIN]: (1025/1600): reward: 18.78983798623085, rates: 18.7898379421297, loss: 0.5345587022602558, rho: 0.2625, transmit_actions: 19, P: [0.875, 0.0625, 0.0625, 0.125, 0.0625, 0.0625, 0.0625, 0.0625, 0.0625, 0.0625, 0.0625, 0.0625, 0.0625, 0.0625, 0.0625, 0.0625, 0.125, 0.0625, 0.0625, 0.0625]
[TRAIN]: (1026/1600): reward: 19.440531849861145, rates: 19.44053191440855, loss: 0.4874046787619591, rho: 0.24375, transmit_actions: 19, P: [0.6875, 0.0625, 0.0625, 0.0625, 0.0625, 0.0625, 0.0625, 0.0625, 0.0625, 0.0625, 0.0625, 0.125, 0.0625, 0.0625, 0.0625, 0.0625, 0.0625, 0.0625, 0.0625, 0.0625]
[TRAIN]: (1027/1600): reward: 17.66666465997696, rates: 17.666664687166616, loss: 0.5436654821038246, rho: 0.25, transmit_actions: 18, P: [0.6875, 0.875, 0.0625, 0.0625, 0.0625, 0.0625, 0.0625, 0.0625, 0.0625, 0.0625, 0.0625, 0.0625, 0.0625, 0.0625, 0.0625, 0.0625, 0.0625, 0.0625, 0.0625, 0.0625]
[TRAIN]: (1028/1600): reward: 19.256837725639343, rates: 19.25683779536038, loss: 0.46756577119231224, rho: 0.2, transmit_actions: 19, P: [0.5, 0.0625, 0.0625, 0.0625, 0.0625, 0.0625, 0.0625, 0.0625, 0.0625, 0.0625, 0.0625, 0.0625, 0.125, 0.0625, 0.0625, 0.125, 0.0625, 0.0625, 0.0625, 0.0625]
[TRAIN]: (1029/1600): reward: 19.540547370910645, rates: 19.540547362046198, loss: 0.4827382981777191, rho: 0.2, transmit_actions: 19, P: [0.5, 0.0625, 0.0625, 0.0625, 0.0625, 0.0625, 0.0625, 0.0625, 0.0625, 0.0625, 0.0625, 0.0625, 0.0625, 0.125, 0.0625, 0.125, 0.0625, 0.0625, 0.0625, 0.0625]
[TRAIN]: (1030/1600): reward: 18.054219245910645, rates: 18.05421903155882, loss: 0.4564625069499016, rho: 0.25625, transmit_actions: 19, P: [0.9375, 0.0, 0.0625, 0.0625, 0.0625, 0.0625, 0.0625, 0.0625, 0.125, 0.0625, 0.0625, 0.0625, 0.0625, 0.0625, 0.0625, 0.0625, 0.0625, 0.0625, 0.0625, 0.125]
[TRAIN]: (1031/1600): reward: 12.690326273441315, rates: 16.69032629971576, loss: 0.5309235692024231, rho: 0.2625, transmit_actions: 18, P: [0.9375, 0.9375, 0.0625, 0.0625, 0.0625, 0.0625, 0.0625, 0.0625, 0.0625, 0.0625, 0.0625, 0.0625, 0.0625, 0.0625, 0.0625, 0.0625, 0.0625, 0.0625, 0.0625, 0.0625]
[TRAIN]: (1032/1600): reward: 16.481478855013847, rates: 18.48147880694471, loss: 0.45275249928236005, rho: 0.26875, transmit_actions: 18, P: [0.9375, 0.875, 0.125, 0.0625, 0.0625, 0.0625, 0.0625, 0.0625, 0.0625, 0.125, 0.0625, 0.0625, 0.0625, 0.125, 0.0625, 0.0625, 0.0625, 0.0625, 0.0625, 0.0625]
[TRAIN]: (1033/1600): reward: 17.405440598726273, rates: 17.40544071911317, loss: 0.5590169869363308, rho: 0.26875, transmit_actions: 19, P: [0.9375, 0.0625, 0.0625, 0.0625, 0.0625, 0.0625, 0.0625, 0.0625, 0.0625, 0.0625, 0.0625, 0.0625, 0.0625, 0.125, 0.0625, 0.0625, 0.0625, 0.0625, 0.0625, 0.0625]
[TRAIN]: (1034/1600): reward: 5.096704363822937, rates: 15.096704259638598, loss: 0.5468514055013657, rho: 0.2875, transmit_actions: 17, P: [0.25, 0.9375, 0.0625, 0.0625, 0.0625, 0.0625, 0.0625, 0.0625, 0.0625, 0.0625, 0.0625, 0.0625, 0.0625, 0.125, 0.0625, 0.0625, 0.0625, 0.4375, 0.0625, 0.0625]
[TRAIN]: (1035/1600): reward: 18.300631493330002, rates: 18.30063174113873, loss: 0.5384904146194458, rho: 0.225, transmit_actions: 18, P: [0.4375, 0.0, 0.0625, 0.0625, 0.0625, 0.0625, 0.0625, 0.9375, 0.0625, 0.0625, 0.0625, 0.0625, 0.0625, 0.0625, 0.125, 0.0625, 0.125, 0.0625, 0.0625, 0.0625]
[TRAIN]: (1036/1600): reward: 6.035459041595459, rates: 17.035458827259134, loss: 0.45635502934455874, rho: 0.25, transmit_actions: 17, P: [0.9375, 0.9375, 0.0625, 0.125, 0.0625, 0.0625, 0.0625, 0.0625, 0.0625, 0.0625, 0.0625, 0.0625, 0.0625, 0.0625, 0.0625, 0.1875, 0.0625, 0.75, 0.0625, 0.0625]
[TRAIN]: (1037/1600): reward: 18.390834659337997, rates: 18.39083461239688, loss: 0.5577500015497208, rho: 0.2125, transmit_actions: 19, P: [0.5, 0.0625, 0.0625, 0.0625, 0.0625, 0.0625, 0.0625, 0.0625, 0.0625, 0.0625, 0.0625, 0.0625, 0.0625, 0.0625, 0.125, 0.0625, 0.0625, 0.0625, 0.0625, 0.0625]
[TRAIN]: (1038/1600): reward: 8.135425925254822, rates: 18.135425941223254, loss: 0.48197258710861207, rho: 0.2625, transmit_actions: 17, P: [0.6875, 0.9375, 0.0625, 0.0625, 0.0625, 0.0625, 0.0625, 0.0625, 0.0625, 0.0625, 0.0625, 0.0625, 0.125, 0.0625, 0.0625, 0.0625, 0.0625, 0.5625, 0.0625, 0.0625]
[TRAIN]: (1039/1600): reward: 17.508242398500443, rates: 17.508242259179, loss: 0.6198812961578369, rho: 0.26875, transmit_actions: 19, P: [0.6875, 0.0, 0.0625, 0.0625, 0.0625, 0.0625, 0.125, 0.0625, 0.0625, 0.0625, 0.0625, 0.0625, 0.0625, 0.0625, 0.0625, 0.125, 0.125, 0.0625, 0.0625, 0.0625]
[TRAIN]: (1040/1600): reward: 10.349501729011536, rates: 17.349501688024418, loss: 0.47005902975797653, rho: 0.24375, transmit_actions: 17, P: [0.9375, 0.8125, 1.0, 0.0625, 0.0625, 0.0625, 0.0625, 0.0625, 0.0625, 0.0625, 0.0625, 0.0625, 0.0625, 0.0625, 0.0625, 0.0625, 0.0625, 0.0625, 0.0625, 0.0625]
[TRAIN]: (1041/1600): reward: 18.661608934402466, rates: 18.661609148634028, loss: 0.608962582051754, rho: 0.24375, transmit_actions: 19, P: [0.6875, 0.0625, 0.0625, 0.0625, 0.0625, 0.0625, 0.0625, 0.0625, 0.0625, 0.0625, 0.0625, 0.0625, 0.0625, 0.0625, 0.0625, 0.0625, 0.0625, 0.0625, 0.0625, 0.0625]
[TRAIN]: (1042/1600): reward: 8.301907762885094, rates: 16.301907828294663, loss: 0.516660388559103, rho: 0.2625, transmit_actions: 19, P: [0.6875, 0.0625, 0.5, 0.0625, 0.0625, 0.0625, 0.0625, 0.125, 0.0625, 0.125, 0.0625, 0.0625, 0.0625, 0.0625, 0.0625, 0.0625, 0.0625, 0.0625, 0.0625, 0.0]
[TRAIN]: (1043/1600): reward: 17.121571391820908, rates: 17.121571345633686, loss: 0.4699918270111084, rho: 0.26875, transmit_actions: 19, P: [0.6875, 0.0625, 0.0625, 0.0625, 0.0625, 0.0625, 0.0625, 0.0625, 0.0625, 0.0625, 0.125, 0.0625, 0.0625, 0.0625, 0.0625, 0.0625, 0.0625, 0.0625, 0.0625, 0.0625]
[TRAIN]: (1044/1600): reward: 15.614142179489136, rates: 16.614142043929053, loss: 0.4685360133647919, rho: 0.25625, transmit_actions: 18, P: [0.6875, 0.8125, 0.125, 0.0625, 0.0625, 0.0625, 0.125, 0.0625, 0.0625, 0.0625, 0.0625, 0.0625, 0.0625, 0.0625, 0.0625, 0.0625, 0.0625, 0.0625, 0.0625, 0.0625]
[TRAIN]: (1045/1600): reward: 19.25460982322693, rates: 19.25460984434191, loss: 0.4874761991202831, rho: 0.2125, transmit_actions: 19, P: [0.6875, 0.0625, 0.0625, 0.0625, 0.0625, 0.0625, 0.0625, 0.0625, 0.0625, 0.0625, 0.0625, 0.0625, 0.0625, 0.125, 0.0625, 0.0625, 0.0625, 0.0625, 0.0625, 0.125]
[TRAIN]: (1046/1600): reward: 10.044439055025578, rates: 17.04443898668588, loss: 0.5140182316303253, rho: 0.28125, transmit_actions: 18, P: [0.6875, 0.6875, 0.0625, 0.125, 0.0625, 0.0625, 0.125, 0.0625, 0.0625, 0.0625, 0.0625, 0.0625, 0.0625, 0.0625, 0.125, 0.0625, 0.0625, 0.0625, 0.0625, 0.0625]
[TRAIN]: (1047/1600): reward: 17.485327929258347, rates: 17.4853277460364, loss: 0.5636478364467621, rho: 0.26875, transmit_actions: 19, P: [0.6875, 0.0, 0.0625, 0.0625, 0.0625, 0.0625, 0.0625, 0.0625, 0.0625, 0.125, 0.0625, 0.125, 0.0625, 0.125, 0.0625, 0.0625, 0.0625, 0.0625, 0.125, 0.0625]
[TRAIN]: (1048/1600): reward: 13.369629919528961, rates: 17.369629729684856, loss: 0.49401468187570574, rho: 0.28125, transmit_actions: 19, P: [0.6875, 0.0, 0.0625, 0.1875, 0.0625, 0.0625, 0.0625, 0.0625, 0.0625, 0.0625, 0.0625, 0.0625, 0.0625, 0.125, 0.0625, 0.0625, 0.0625, 0.0625, 0.0625, 0.1875]
[TRAIN]: (1049/1600): reward: 18.718735113739967, rates: 20.71873502403508, loss: 0.4387528970837593, rho: 0.225, transmit_actions: 19, P: [0.6875, 0.0625, 0.0625, 0.0625, 0.0625, 0.0625, 0.0625, 0.0625, 0.0625, 0.0625, 0.0625, 0.0625, 0.0625, 0.125, 0.0625, 0.0625, 0.125, 0.125, 0.0625, 0.125]
[TRAIN]: (1050/1600): reward: 16.875390619039536, rates: 17.875390678690618, loss: 0.44386464506387713, rho: 0.2625, transmit_actions: 19, P: [0.6875, 0.0625, 0.125, 0.125, 0.0625, 0.0625, 0.0625, 0.0625, 0.0625, 0.0625, 0.0625, 0.0625, 0.0625, 0.0625, 0.0625, 0.0625, 0.0625, 0.0625, 0.0625, 0.125]
[TRAIN]: (1051/1600): reward: 16.44011728093028, rates: 17.44011732292751, loss: 0.4894018441438675, rho: 0.2625, transmit_actions: 19, P: [0.6875, 0.0625, 0.0625, 0.125, 0.0625, 0.0625, 0.0625, 0.0625, 0.0625, 0.0625, 0.0625, 0.0625, 0.0625, 0.125, 0.125, 0.0625, 0.0625, 0.0625, 0.0625, 0.0625]
[TRAIN]: (1052/1600): reward: 16.151712656021118, rates: 16.151712483486964, loss: 0.5051764935255051, rho: 0.2625, transmit_actions: 17, P: [0.6875, 0.9375, 0.0625, 0.0625, 0.0625, 0.875, 0.0625, 0.0625, 0.0625, 0.0, 0.0625, 0.0625, 0.0625, 0.0625, 0.0625, 0.0625, 0.0625, 0.0625, 0.0625, 0.0625]
[TRAIN]: (1053/1600): reward: 17.49562494456768, rates: 18.495624938350996, loss: 0.5468693509697914, rho: 0.23125, transmit_actions: 19, P: [0.6875, 0.0625, 0.0625, 0.125, 0.0625, 0.0625, 0.0625, 0.0625, 0.0625, 0.0625, 0.0625, 0.125, 0.0625, 0.0625, 0.0625, 0.0625, 0.0625, 0.0625, 0.0625, 0.0625]
[TRAIN]: (1054/1600): reward: 20.259932100772858, rates: 20.259932072258064, loss: 0.5548309653997421, rho: 0.25, transmit_actions: 19, P: [0.6875, 0.0625, 0.0625, 0.125, 0.0625, 0.0625, 0.0625, 0.0625, 0.0625, 0.0625, 0.0625, 0.0625, 0.0625, 0.0625, 0.0625, 0.0625, 0.0625, 0.0625, 0.0625, 0.0625]
[TRAIN]: (1055/1600): reward: 19.280295580625534, rates: 19.28029560802285, loss: 0.42012048065662383, rho: 0.225, transmit_actions: 19, P: [0.9375, 0.0625, 0.0625, 0.0625, 0.0625, 0.0625, 0.0625, 0.0625, 0.0625, 0.0625, 0.0625, 0.0625, 0.0625, 0.0625, 0.0625, 0.0625, 0.125, 0.0625, 0.0625, 0.0625]
[TRAIN]: (1056/1600): reward: 15.544309101998806, rates: 16.544309144548933, loss: 0.48804188519716263, rho: 0.25, transmit_actions: 18, P: [0.375, 0.9375, 0.0625, 0.0625, 0.0625, 0.0625, 0.125, 0.0625, 0.125, 0.0625, 0.0625, 0.0625, 0.0625, 0.125, 0.0625, 0.0625, 0.0625, 0.0625, 0.0625, 0.0625]
[TRAIN]: (1057/1600): reward: 18.231269359588623, rates: 18.231269388172205, loss: 0.47527036890387536, rho: 0.28125, transmit_actions: 19, P: [0.75, 0.0, 0.0625, 0.0625, 0.0625, 0.0625, 0.125, 0.125, 0.0625, 0.0625, 0.0625, 0.125, 0.125, 0.0625, 0.0625, 0.0625, 0.125, 0.0625, 0.0625, 0.0625]
[TRAIN]: (1058/1600): reward: 18.553580343723297, rates: 18.553580502459376, loss: 0.47806426137685776, rho: 0.2125, transmit_actions: 18, P: [0.6875, 0.8125, 0.0625, 0.0625, 0.0625, 0.0625, 0.0625, 0.0625, 0.0625, 0.0625, 0.0625, 0.0625, 0.0625, 0.125, 0.0625, 0.0625, 0.0625, 0.0625, 0.125, 0.0625]
[TRAIN]: (1059/1600): reward: 9.582736119627953, rates: 18.582736114343504, loss: 0.4740633085370064, rho: 0.26875, transmit_actions: 18, P: [1.0, 0.5, 0.0625, 0.125, 0.0625, 0.125, 0.0625, 0.0625, 0.0625, 0.0625, 0.0625, 0.0625, 0.0625, 0.0625, 0.0625, 0.0625, 0.0625, 0.0625, 0.0625, 0.0625]
[TRAIN]: (1060/1600): reward: 12.801877349615097, rates: 17.801877468161383, loss: 0.4823979616165161, rho: 0.25625, transmit_actions: 19, P: [1.0, 0.0625, 0.0625, 0.0625, 0.0625, 0.1875, 0.0625, 0.0625, 0.0625, 0.0625, 0.0625, 0.0625, 0.0625, 0.125, 0.0625, 0.0625, 0.0625, 0.0625, 0.0625, 0.0625]
[TRAIN]: (1061/1600): reward: 18.415359914302826, rates: 18.415359954270524, loss: 0.48550093472003936, rho: 0.25625, transmit_actions: 19, P: [1.0, 0.0625, 0.0625, 0.0625, 0.0625, 0.0625, 0.0625, 0.0625, 0.125, 0.0625, 0.0625, 0.0625, 0.125, 0.0625, 0.0625, 0.0625, 0.125, 0.0625, 0.0625, 0.0625]
[TRAIN]: (1062/1600): reward: 9.823321972042322, rates: 15.823321745930768, loss: 0.5064263731241226, rho: 0.3, transmit_actions: 17, P: [0.6875, 0.9375, 0.0625, 0.125, 0.0625, 0.0625, 0.0625, 0.0625, 0.0625, 0.0625, 0.0625, 0.125, 0.125, 0.875, 0.0625, 0.3125, 0.125, 0.0625, 0.0625, 0.0625]
[TRAIN]: (1063/1600): reward: 17.668346047401428, rates: 17.668346131753268, loss: 0.4425963208079338, rho: 0.25625, transmit_actions: 19, P: [0.75, 0.0, 0.0625, 0.0625, 0.0625, 0.0625, 0.0625, 0.0625, 0.0625, 0.0625, 0.0625, 0.0625, 0.0625, 0.0625, 0.0625, 0.0625, 0.0625, 0.0625, 0.125, 0.0625]
[TRAIN]: (1064/1600): reward: 12.36993908137083, rates: 17.369939085751373, loss: 0.513852308690548, rho: 0.30625, transmit_actions: 18, P: [0.6875, 0.6875, 0.0625, 0.0625, 0.125, 0.0625, 0.0625, 0.1875, 0.0625, 0.0625, 0.0625, 0.0625, 0.0625, 0.0625, 0.0625, 0.0625, 0.125, 0.0625, 0.0625, 0.0625]
[TRAIN]: (1065/1600): reward: 16.63848403096199, rates: 17.638484096380132, loss: 0.45905554592609404, rho: 0.275, transmit_actions: 19, P: [0.6875, 0.0625, 0.0625, 0.0625, 0.0625, 0.0625, 0.0625, 0.0625, 0.0625, 0.125, 0.125, 0.125, 0.0625, 0.0625, 0.0625, 0.0625, 0.0625, 0.0625, 0.0625, 0.0625]
[TRAIN]: (1066/1600): reward: 5.169199824333191, rates: 18.169199710451185, loss: 0.5124058790504933, rho: 0.25, transmit_actions: 19, P: [0.6875, 0.0625, 0.0625, 0.8125, 0.0625, 0.0625, 0.125, 0.0625, 0.0625, 0.0625, 0.0625, 0.0625, 0.0625, 0.0625, 0.125, 0.125, 0.0625, 0.0625, 0.0625, 0.0625]
[TRAIN]: (1067/1600): reward: 12.040117271244526, rates: 18.04011730039117, loss: 0.47388035207986834, rho: 0.2875, transmit_actions: 19, P: [0.6875, 0.0625, 0.0625, 0.0625, 0.0625, 0.0625, 0.0625, 0.4375, 0.0625, 0.0625, 0.0625, 0.0625, 0.0625, 0.0625, 0.0625, 0.0625, 0.0625, 0.0625, 0.0625, 0.0625]
[TRAIN]: (1068/1600): reward: 15.345339013263583, rates: 17.345339015579714, loss: 0.42074133157730104, rho: 0.26875, transmit_actions: 19, P: [0.6875, 0.0625, 0.0625, 0.0625, 0.0625, 0.0625, 0.0625, 0.125, 0.0625, 0.0625, 0.0625, 0.0625, 0.125, 0.125, 0.0625, 0.125, 0.0625, 0.125, 0.0625, 0.0625]
[TRAIN]: (1069/1600): reward: 16.847538232803345, rates: 16.84753843835643, loss: 0.40446222573518753, rho: 0.275, transmit_actions: 19, P: [0.9375, 0.0, 0.0, 0.0625, 0.0625, 0.0625, 0.0625, 0.0625, 0.0625, 0.0625, 0.0625, 0.0625, 0.0625, 0.0625, 0.0625, 0.0625, 0.0625, 0.0625, 0.0625, 0.0625]
[TRAIN]: (1070/1600): reward: 16.467296421527863, rates: 17.46729651044498, loss: 0.5644625060260295, rho: 0.23125, transmit_actions: 19, P: [0.9375, 0.0625, 0.125, 0.0625, 0.0625, 0.0625, 0.0625, 0.0625, 0.0625, 0.0625, 0.0625, 0.0625, 0.0625, 0.0625, 0.0625, 0.0625, 0.0625, 0.0625, 0.0625, 0.0625]
[TRAIN]: (1071/1600): reward: 18.61948522925377, rates: 18.619485350113525, loss: 0.45790193006396296, rho: 0.26875, transmit_actions: 18, P: [0.9375, 0.0625, 0.0625, 0.0625, 0.0625, 0.0625, 0.0625, 0.0625, 0.9375, 0.0625, 0.0625, 0.0625, 0.0625, 0.0625, 0.0625, 0.0625, 0.0625, 0.0625, 0.0625, 0.0625]
[TRAIN]: (1072/1600): reward: 15.127969861030579, rates: 17.12796988923944, loss: 0.41961642131209376, rho: 0.2625, transmit_actions: 19, P: [0.875, 0.0625, 0.0625, 0.0625, 0.0625, 0.0625, 0.0625, 0.0625, 0.125, 0.0625, 0.0625, 0.0625, 0.0625, 0.0625, 0.0625, 0.0625, 0.0625, 0.0625, 0.0625, 0.0625]
[TRAIN]: (1073/1600): reward: 17.055513441562653, rates: 18.055513384745993, loss: 0.5791822642087936, rho: 0.24375, transmit_actions: 19, P: [0.9375, 0.0625, 0.0625, 0.0625, 0.0625, 0.0625, 0.0625, 0.0625, 0.0625, 0.0625, 0.0625, 0.0625, 0.0625, 0.0625, 0.0625, 0.0625, 0.0625, 0.0625, 0.0625, 0.0625]
[TRAIN]: (1074/1600): reward: 18.993048518896103, rates: 18.993048618651063, loss: 0.5352403998374939, rho: 0.225, transmit_actions: 19, P: [0.25, 0.0625, 0.0625, 0.0625, 0.0625, 0.0625, 0.0625, 0.125, 0.0625, 0.0625, 0.0625, 0.125, 0.0625, 0.0625, 0.125, 0.0625, 0.0625, 0.0625, 0.0625, 0.0625]
[TRAIN]: (1075/1600): reward: 15.211856424808502, rates: 18.211856425709115, loss: 0.4828583985567093, rho: 0.1875, transmit_actions: 18, P: [0.5, 0.0625, 0.6875, 0.0625, 0.0625, 0.0625, 0.125, 0.0625, 0.0625, 0.0625, 0.0625, 0.0625, 0.0625, 0.0625, 0.0625, 0.0625, 0.0625, 0.125, 0.125, 0.0625]
[TRAIN]: (1076/1600): reward: 16.949827698990703, rates: 18.94982780431814, loss: 0.5088680401444435, rho: 0.225, transmit_actions: 19, P: [0.9375, 0.0625, 0.0625, 0.0625, 0.0625, 0.125, 0.0625, 0.0625, 0.0625, 0.0625, 0.0625, 0.0625, 0.0625, 0.0625, 0.0625, 0.125, 0.0625, 0.0625, 0.0625, 0.0625]
[TRAIN]: (1077/1600): reward: 18.750633001327515, rates: 18.750633040996895, loss: 0.40481417924165725, rho: 0.23125, transmit_actions: 19, P: [0.25, 0.0625, 0.0625, 0.0625, 0.0625, 0.0625, 0.0625, 0.0625, 0.0625, 0.0625, 0.0625, 0.0625, 0.0625, 0.0625, 0.0625, 0.0625, 0.0625, 0.125, 0.0625, 0.0625]
[TRAIN]: (1078/1600): reward: 19.35599160194397, rates: 19.35599152170367, loss: 0.44185183718800547, rho: 0.2375, transmit_actions: 19, P: [0.25, 0.0625, 0.0625, 0.0625, 0.0625, 0.0625, 0.0625, 0.0625, 0.0625, 0.0625, 0.0625, 0.0625, 0.0625, 0.0625, 0.0625, 0.0625, 0.0625, 0.0625, 0.0625, 0.0625]
[TRAIN]: (1079/1600): reward: 18.706145077943802, rates: 19.70614515342726, loss: 0.5901930674910545, rho: 0.19375, transmit_actions: 19, P: [0.25, 0.0625, 0.0625, 0.0625, 0.125, 0.125, 0.0625, 0.0625, 0.0625, 0.0625, 0.0625, 0.0625, 0.0625, 0.0625, 0.0625, 0.0625, 0.0625, 0.0625, 0.0625, 0.0625]
[TRAIN]: (1080/1600): reward: 18.826712787151337, rates: 18.826712708183543, loss: 0.5787029974162579, rho: 0.2375, transmit_actions: 19, P: [0.25, 0.0625, 0.125, 0.0625, 0.0625, 0.0625, 0.0625, 0.0625, 0.0625, 0.0625, 0.0625, 0.0625, 0.0625, 0.125, 0.0625, 0.0625, 0.0625, 0.0625, 0.0625, 0.0625]
[TRAIN]: (1081/1600): reward: 18.24002069234848, rates: 19.240020794481204, loss: 0.4416118569672108, rho: 0.25, transmit_actions: 19, P: [1.0, 0.0625, 0.125, 0.0625, 0.0625, 0.0625, 0.125, 0.0625, 0.0625, 0.0625, 0.125, 0.0625, 0.0625, 0.0625, 0.0625, 0.0625, 0.125, 0.0625, 0.0625, 0.0625]
[TRAIN]: (1082/1600): reward: 17.757083654403687, rates: 17.757083563534284, loss: 0.4492985658347607, rho: 0.23125, transmit_actions: 18, P: [0.75, 0.875, 0.0625, 0.0625, 0.0625, 0.0625, 0.0625, 0.0625, 0.0625, 0.0625, 0.0625, 0.0625, 0.0625, 0.0625, 0.0625, 0.125, 0.0625, 0.0625, 0.0625, 0.0625]
[TRAIN]: (1083/1600): reward: 16.88751921057701, rates: 16.887519156508073, loss: 0.5462414577603341, rho: 0.275, transmit_actions: 19, P: [0.6875, 0.0625, 0.0625, 0.0625, 0.0625, 0.0625, 0.0625, 0.0625, 0.0625, 0.0625, 0.0625, 0.0625, 0.0625, 0.0625, 0.0625, 0.0625, 0.0625, 0.0625, 0.0625, 0.0625]
[TRAIN]: (1084/1600): reward: 7.776420593261719, rates: 16.77642064851978, loss: 0.46512100994586947, rho: 0.26875, transmit_actions: 19, P: [0.75, 0.0625, 0.0625, 0.0625, 0.0625, 0.0625, 0.0625, 0.0625, 0.0625, 0.0625, 0.0625, 0.0625, 0.0625, 0.0625, 0.0625, 0.0625, 0.0625, 0.75, 0.0625, 0.0625]
[TRAIN]: (1085/1600): reward: 17.988000124692917, rates: 18.988000063498898, loss: 0.45376485511660575, rho: 0.2125, transmit_actions: 19, P: [0.75, 0.0625, 0.0625, 0.0625, 0.0625, 0.0625, 0.0625, 0.0625, 0.0625, 0.0625, 0.0625, 0.0625, 0.0625, 0.0625, 0.0625, 0.0625, 0.0625, 0.0625, 0.0625, 0.0625]
[TRAIN]: (1086/1600): reward: 7.1765246987342834, rates: 17.17652455201038, loss: 0.36759491711854936, rho: 0.24375, transmit_actions: 18, P: [0.75, 0.0625, 0.0625, 0.0625, 0.0625, 0.0625, 0.0625, 0.0625, 0.0625, 0.0625, 0.0625, 0.375, 0.0625, 0.0625, 0.0625, 0.125, 0.0625, 0.0625, 0.0625, 0.0625]
[TRAIN]: (1087/1600): reward: 18.199997544288635, rates: 18.199997625808543, loss: 0.5093451164662838, rho: 0.21875, transmit_actions: 18, P: [0.6875, 0.875, 0.0625, 0.0625, 0.0625, 0.0625, 0.0625, 0.0625, 0.125, 0.0625, 0.0625, 0.0625, 0.0625, 0.0625, 0.0625, 0.0625, 0.0625, 0.0625, 0.125, 0.0625]
[TRAIN]: (1088/1600): reward: 18.7453353703022, rates: 18.745335599600992, loss: 0.47019650265574453, rho: 0.2, transmit_actions: 19, P: [0.375, 0.0625, 0.0625, 0.0625, 0.0625, 0.0625, 0.0625, 0.0625, 0.0625, 0.0625, 0.0625, 0.125, 0.0625, 0.0625, 0.0625, 0.0625, 0.0625, 0.0625, 0.125, 0.125]
[TRAIN]: (1089/1600): reward: 19.6291181743145, rates: 19.629118270441673, loss: 0.48297801464796064, rho: 0.225, transmit_actions: 18, P: [0.75, 0.875, 0.0625, 0.0625, 0.0625, 0.0625, 0.0625, 0.0625, 0.0625, 0.0625, 0.0625, 0.0625, 0.125, 0.0625, 0.0625, 0.0625, 0.0625, 0.0625, 0.0625, 0.0625]
[TRAIN]: (1090/1600): reward: 16.658316284418106, rates: 16.658316312726804, loss: 0.4430688552558422, rho: 0.3, transmit_actions: 19, P: [0.875, 0.0625, 0.0625, 0.0625, 0.0625, 0.0625, 0.125, 0.0625, 0.0625, 0.125, 0.125, 0.0625, 0.0625, 0.0625, 0.0625, 0.0625, 0.0625, 0.0625, 0.0625, 0.0625]
[TRAIN]: (1091/1600): reward: 18.12932401895523, rates: 18.129323888820945, loss: 0.47303604409098626, rho: 0.2, transmit_actions: 19, P: [0.5625, 0.0625, 0.0625, 0.0625, 0.0625, 0.125, 0.0625, 0.0625, 0.0625, 0.0625, 0.0625, 0.0625, 0.0625, 0.0625, 0.0625, 0.0625, 0.0625, 0.0625, 0.125, 0.0625]
[TRAIN]: (1092/1600): reward: 16.793359518051147, rates: 18.793359626863754, loss: 0.45620675161480906, rho: 0.2375, transmit_actions: 19, P: [0.5625, 0.0625, 0.0625, 0.0625, 0.0625, 0.0625, 0.0625, 0.0625, 0.0625, 0.0625, 0.0625, 0.0625, 0.0625, 0.0625, 0.0625, 0.0625, 0.0625, 0.0625, 0.0625, 0.0625]
[TRAIN]: (1093/1600): reward: 12.832599341869354, rates: 17.83259942536423, loss: 0.4702662155032158, rho: 0.20625, transmit_actions: 17, P: [0.5625, 0.9375, 0.0625, 0.25, 0.0625, 0.0625, 0.0625, 0.0625, 0.0625, 0.0625, 0.75, 0.0625, 0.0625, 0.0625, 0.0625, 0.0625, 0.125, 0.0625, 0.0625, 0.0625]
[TRAIN]: (1094/1600): reward: 17.700055986642838, rates: 17.700056040569383, loss: 0.5623170554637908, rho: 0.2125, transmit_actions: 17, P: [0.5625, 0.8125, 0.125, 0.6875, 0.0625, 0.0625, 0.0625, 0.0625, 0.0625, 0.0625, 0.0625, 0.0625, 0.0625, 0.0625, 0.0625, 0.0625, 0.0625, 0.0625, 0.0625, 0.0625]
[TRAIN]: (1095/1600): reward: 17.52785485982895, rates: 17.527854919676038, loss: 0.435175982862711, rho: 0.2625, transmit_actions: 18, P: [0.75, 1.0, 0.0625, 0.0625, 0.0625, 0.0625, 0.0625, 0.125, 0.0625, 0.0625, 0.0625, 0.0625, 0.0625, 0.0625, 0.0625, 0.0625, 0.0625, 0.0625, 0.0625, 0.0625]
[TRAIN]: (1096/1600): reward: 18.273132622241974, rates: 18.273132620877124, loss: 0.47869818061590197, rho: 0.29375, transmit_actions: 19, P: [0.75, 0.0625, 0.0625, 0.0625, 0.0625, 0.0625, 0.0625, 0.0625, 0.0625, 0.0625, 0.0625, 0.0625, 0.0625, 0.0625, 0.0625, 0.0625, 0.125, 0.0625, 0.0625, 0.0625]
[TRAIN]: (1097/1600): reward: 7.930759906768799, rates: 17.930760135971937, loss: 0.46928144842386244, rho: 0.25625, transmit_actions: 18, P: [0.75, 0.0625, 0.0625, 0.0625, 0.0625, 0.125, 0.0625, 0.0625, 0.0625, 0.0625, 0.0625, 0.6875, 0.0625, 0.0625, 0.0625, 0.0625, 0.125, 0.0625, 0.0625, 0.0625]
[TRAIN]: (1098/1600): reward: 10.510470777750015, rates: 19.510470824989003, loss: 0.5455059990286827, rho: 0.2625, transmit_actions: 19, P: [0.75, 0.0625, 0.0625, 0.125, 0.75, 0.0625, 0.0625, 0.0625, 0.0625, 0.0625, 0.0625, 0.0625, 0.0625, 0.0625, 0.0625, 0.0625, 0.0625, 0.125, 0.0625, 0.0625]
[TRAIN]: (1099/1600): reward: 17.61546403169632, rates: 17.615464186075865, loss: 0.4079750321805477, rho: 0.28125, transmit_actions: 18, P: [0.75, 0.9375, 0.0625, 0.0625, 0.0625, 0.0625, 0.0625, 0.0625, 0.0625, 0.0625, 0.0625, 0.125, 0.125, 0.0625, 0.0625, 0.0625, 0.0625, 0.0625, 0.0625, 0.0625]
[TRAIN]: (1100/1600): reward: 18.410359412431717, rates: 18.410359526739548, loss: 0.5698055379092694, rho: 0.225, transmit_actions: 19, P: [0.75, 0.0625, 0.0625, 0.0625, 0.0625, 0.0625, 0.0625, 0.0625, 0.0625, 0.0625, 0.0625, 0.0625, 0.0625, 0.0625, 0.0625, 0.0625, 0.0625, 0.0625, 0.0625, 0.0625]
[TRAIN]: (1101/1600): reward: 18.942751049995422, rates: 18.942751022391292, loss: 0.4471284098923206, rho: 0.23125, transmit_actions: 19, P: [0.75, 0.0625, 0.0625, 0.0625, 0.0625, 0.0625, 0.0625, 0.0625, 0.0625, 0.0625, 0.0625, 0.0625, 0.0625, 0.0625, 0.0625, 0.0625, 0.125, 0.0625, 0.0625, 0.0625]
[TRAIN]: (1102/1600): reward: 7.508297979831696, rates: 17.508297969890478, loss: 0.48353360369801524, rho: 0.24375, transmit_actions: 17, P: [0.75, 0.875, 0.0625, 0.0625, 0.0625, 0.0625, 0.0625, 0.0625, 0.125, 0.0625, 0.0625, 0.0625, 0.125, 0.0625, 0.0625, 0.0625, 0.0625, 0.0625, 0.625, 0.0625]
[TRAIN]: (1103/1600): reward: 4.146032899618149, rates: 18.146032940785837, loss: 0.47649994120001793, rho: 0.29375, transmit_actions: 19, P: [0.75, 0.0625, 0.0625, 1.0, 0.0625, 0.0625, 0.0625, 0.125, 0.0625, 0.0625, 0.0625, 0.0625, 0.0625, 0.0625, 0.0625, 0.0625, 0.0625, 0.0625, 0.0625, 0.0625]
[TRAIN]: (1104/1600): reward: 5.015999227762222, rates: 16.015999125069055, loss: 0.4973360911011696, rho: 0.30625, transmit_actions: 17, P: [0.75, 0.6875, 0.0625, 0.0625, 0.0625, 0.125, 0.0625, 0.0625, 0.0625, 0.0625, 0.0625, 0.0625, 0.0625, 0.0625, 0.125, 0.0625, 0.8125, 0.0625, 0.0625, 0.0625]
[TRAIN]: (1105/1600): reward: 9.866926610469818, rates: 17.86692686546269, loss: 0.4603847451508045, rho: 0.2625, transmit_actions: 19, P: [0.6875, 0.0625, 0.625, 0.0625, 0.0625, 0.0625, 0.0625, 0.0625, 0.125, 0.0625, 0.0625, 0.0625, 0.0625, 0.0625, 0.0625, 0.0625, 0.0625, 0.0625, 0.0625, 0.0625]
[TRAIN]: (1106/1600): reward: 17.40507736802101, rates: 18.40507745094723, loss: 0.6067727893590927, rho: 0.25, transmit_actions: 19, P: [0.6875, 0.0625, 0.0625, 0.0625, 0.125, 0.0625, 0.125, 0.0625, 0.0625, 0.0625, 0.0625, 0.0625, 0.0625, 0.0625, 0.0625, 0.0625, 0.125, 0.0625, 0.0625, 0.0625]
[TRAIN]: (1107/1600): reward: 14.95851257443428, rates: 17.95851267945339, loss: 0.39376513212919234, rho: 0.21875, transmit_actions: 18, P: [0.375, 0.875, 0.0625, 0.0625, 0.125, 0.0625, 0.0625, 0.0625, 0.0625, 0.0625, 0.0625, 0.0625, 0.0625, 0.0625, 0.0625, 0.0625, 0.0625, 0.0625, 0.0625, 0.0625]
[TRAIN]: (1108/1600): reward: 15.332059681415558, rates: 18.332059621881125, loss: 0.49036419168114664, rho: 0.225, transmit_actions: 18, P: [0.375, 0.6875, 0.0625, 0.0625, 0.0625, 0.0625, 0.0625, 0.0625, 0.0625, 0.0625, 0.0625, 0.0625, 0.0625, 0.0625, 0.0625, 0.0625, 0.0625, 0.0625, 0.0625, 0.0625]
[TRAIN]: (1109/1600): reward: 17.85763819515705, rates: 18.85763824561957, loss: 0.528538604080677, rho: 0.24375, transmit_actions: 18, P: [0.6875, 0.75, 0.0625, 0.0625, 0.0625, 0.0625, 0.0625, 0.0625, 0.0625, 0.0625, 0.0625, 0.0625, 0.0625, 0.125, 0.0625, 0.0625, 0.0625, 0.0625, 0.0625, 0.0625]
[TRAIN]: (1110/1600): reward: 18.309919238090515, rates: 18.30991919657424, loss: 0.5018953487277031, rho: 0.25, transmit_actions: 19, P: [0.6875, 0.0625, 0.0625, 0.0625, 0.0625, 0.0625, 0.0625, 0.0625, 0.125, 0.0625, 0.0625, 0.0625, 0.0625, 0.0625, 0.125, 0.0625, 0.0625, 0.0625, 0.0625, 0.0625]
[TRAIN]: (1111/1600): reward: 18.37425145506859, rates: 18.37425141751621, loss: 0.4251952156424522, rho: 0.24375, transmit_actions: 19, P: [0.6875, 0.0625, 0.0625, 0.0625, 0.0625, 0.0625, 0.0625, 0.0625, 0.1875, 0.0625, 0.0625, 0.0625, 0.0625, 0.125, 0.0625, 0.0625, 0.0625, 0.0625, 0.0625, 0.125]
[TRAIN]: (1112/1600): reward: 17.687266439199448, rates: 17.687266376696165, loss: 0.4601213730871677, rho: 0.23125, transmit_actions: 18, P: [0.5, 0.0625, 0.0625, 0.0625, 0.0625, 0.0625, 0.0625, 0.0625, 0.0625, 0.0625, 0.75, 0.0625, 0.0625, 0.125, 0.0625, 0.0625, 0.0625, 0.0625, 0.0625, 0.0625]
[TRAIN]: (1113/1600): reward: 16.848177075386047, rates: 19.848177324228136, loss: 0.45526290610432624, rho: 0.2, transmit_actions: 18, P: [0.4375, 0.875, 0.0625, 0.0625, 0.0625, 0.0625, 0.0625, 0.0625, 0.0625, 0.0625, 0.0625, 0.0625, 0.0625, 0.0625, 0.0625, 0.0625, 0.0625, 0.0625, 0.0625, 0.0625]
[TRAIN]: (1114/1600): reward: 20.119098782539368, rates: 20.119098564041607, loss: 0.5519583851099015, rho: 0.225, transmit_actions: 19, P: [0.6875, 0.0625, 0.0625, 0.0625, 0.0625, 0.0625, 0.0625, 0.0625, 0.0625, 0.0625, 0.0625, 0.0625, 0.0625, 0.0625, 0.0625, 0.0625, 0.0625, 0.0625, 0.0625, 0.0625]
[TRAIN]: (1115/1600): reward: 17.68219766020775, rates: 17.682197489995243, loss: 0.433556018024683, rho: 0.21875, transmit_actions: 19, P: [0.4375, 0.0625, 0.0625, 0.0625, 0.0625, 0.0625, 0.125, 0.0625, 0.0625, 0.0625, 0.0625, 0.0625, 0.0625, 0.0625, 0.0625, 0.0625, 0.0625, 0.0625, 0.0625, 0.0625]
[TRAIN]: (1116/1600): reward: 17.729908987879753, rates: 18.729908974248538, loss: 0.5016966864466668, rho: 0.2125, transmit_actions: 19, P: [0.9375, 0.0625, 0.0625, 0.0625, 0.0625, 0.0625, 0.0625, 0.125, 0.0625, 0.0625, 0.0625, 0.0625, 0.0625, 0.0625, 0.0625, 0.0625, 0.0625, 0.0625, 0.0625, 0.0625]
[TRAIN]: (1117/1600): reward: 18.56590011715889, rates: 19.565900222695703, loss: 0.39985312074422835, rho: 0.25, transmit_actions: 19, P: [0.9375, 0.0625, 0.0625, 0.0625, 0.0625, 0.125, 0.0625, 0.0625, 0.0625, 0.125, 0.0625, 0.0625, 0.125, 0.125, 0.0625, 0.0625, 0.0625, 0.0625, 0.0625, 0.0625]
[TRAIN]: (1118/1600): reward: 17.063297361135483, rates: 18.06329750014984, loss: 0.48951617181301116, rho: 0.2375, transmit_actions: 19, P: [0.9375, 0.0625, 0.0625, 0.0625, 0.0625, 0.0625, 0.0625, 0.0625, 0.0625, 0.125, 0.0625, 0.0625, 0.125, 0.125, 0.0625, 0.0625, 0.0625, 0.125, 0.0625, 0.0625]
[TRAIN]: (1119/1600): reward: 17.454089879989624, rates: 17.454089916286787, loss: 0.4813771262764931, rho: 0.2, transmit_actions: 18, P: [0.5, 0.8125, 0.0625, 0.0625, 0.0625, 0.0625, 0.0625, 0.0625, 0.0625, 0.0625, 0.0625, 0.0625, 0.0625, 0.0625, 0.0625, 0.125, 0.0625, 0.0625, 0.0625, 0.0625]
[TRAIN]: (1120/1600): reward: 18.436678022146225, rates: 18.436677978986246, loss: 0.45828951746225355, rho: 0.24375, transmit_actions: 19, P: [1.0, 0.0, 0.0625, 0.0625, 0.0625, 0.125, 0.0625, 0.0625, 0.0625, 0.0625, 0.0625, 0.0625, 0.125, 0.0625, 0.0625, 0.0625, 0.0625, 0.0625, 0.0625, 0.0625]
[TRAIN]: (1121/1600): reward: 8.726327896118164, rates: 16.72632794012051, loss: 0.36367312297224996, rho: 0.2625, transmit_actions: 18, P: [0.6875, 0.8125, 0.0625, 0.0625, 0.4375, 0.0625, 0.0625, 0.0625, 0.0625, 0.0625, 0.0625, 0.0625, 0.0625, 0.0625, 0.0625, 0.0625, 0.0625, 0.0625, 0.0625, 0.0625]
[TRAIN]: (1122/1600): reward: 13.232603371143341, rates: 18.232603462795705, loss: 0.5155496411025524, rho: 0.2375, transmit_actions: 19, P: [0.3125, 0.0625, 0.0625, 0.0625, 0.0625, 0.0625, 0.0625, 0.125, 0.375, 0.0625, 0.0625, 0.0625, 0.0625, 0.125, 0.0625, 0.0625, 0.0625, 0.0625, 0.0625, 0.0625]
[TRAIN]: (1123/1600): reward: 19.08462545275688, rates: 20.084625570273033, loss: 0.40622666031122207, rho: 0.19375, transmit_actions: 19, P: [0.375, 0.0625, 0.0625, 0.0625, 0.0625, 0.0625, 0.0625, 0.0625, 0.125, 0.0625, 0.0625, 0.0625, 0.0625, 0.0625, 0.0625, 0.0625, 0.0625, 0.0625, 0.0625, 0.0625]
[TRAIN]: (1124/1600): reward: 15.564621061086655, rates: 17.56462098949029, loss: 0.4366141274571419, rho: 0.21875, transmit_actions: 18, P: [1.0, 0.8125, 0.0625, 0.0625, 0.0625, 0.0625, 0.0625, 0.0625, 0.0625, 0.0625, 0.0625, 0.0625, 0.0625, 0.0625, 0.0625, 0.125, 0.0625, 0.0625, 0.0625, 0.125]
[TRAIN]: (1125/1600): reward: 19.130323350429535, rates: 19.130323382841794, loss: 0.5243945211172104, rho: 0.23125, transmit_actions: 18, P: [0.6875, 0.9375, 0.0625, 0.0625, 0.0625, 0.0625, 0.0625, 0.125, 0.0625, 0.0625, 0.0625, 0.0625, 0.0625, 0.0625, 0.0625, 0.0625, 0.0625, 0.0625, 0.0625, 0.0625]
[TRAIN]: (1126/1600): reward: 15.866481766104698, rates: 15.866481668702113, loss: 0.3921909987926483, rho: 0.3, transmit_actions: 18, P: [0.6875, 0.6875, 0.0625, 0.0625, 0.0625, 0.0625, 0.0625, 0.0625, 0.0625, 0.125, 0.0625, 0.0625, 0.0625, 0.0625, 0.0625, 0.0625, 0.0625, 0.0625, 0.0625, 0.0625]
[TRAIN]: (1127/1600): reward: 17.34505793452263, rates: 17.34505792033596, loss: 0.3758951798081398, rho: 0.26875, transmit_actions: 19, P: [1.0, 0.0625, 0.0625, 0.0625, 0.0625, 0.0625, 0.0625, 0.0625, 0.0625, 0.0625, 0.0625, 0.0625, 0.0625, 0.0625, 0.0625, 0.0625, 0.0625, 0.0625, 0.0625, 0.0625]
[TRAIN]: (1128/1600): reward: 17.141191720962524, rates: 17.14119179965773, loss: 0.5127109214663506, rho: 0.225, transmit_actions: 18, P: [1.0, 0.9375, 0.0625, 0.0625, 0.0625, 0.0625, 0.0625, 0.0625, 0.0625, 0.0625, 0.0625, 0.0625, 0.0625, 0.0625, 0.0625, 0.0625, 0.0625, 0.0625, 0.0625, 0.0625]
[TRAIN]: (1129/1600): reward: 17.819826990365982, rates: 17.819826963286182, loss: 0.37479863613843917, rho: 0.23125, transmit_actions: 19, P: [0.6875, 0.0, 0.0625, 0.0625, 0.0625, 0.0625, 0.0625, 0.0625, 0.0625, 0.0625, 0.125, 0.0625, 0.0625, 0.0625, 0.0625, 0.0625, 0.0625, 0.0625, 0.0625, 0.0625]
[TRAIN]: (1130/1600): reward: 10.085784882307053, rates: 19.085784592820794, loss: 0.5365711212158203, rho: 0.25625, transmit_actions: 19, P: [0.6875, 0.0625, 0.0625, 0.0625, 0.0625, 0.0625, 0.0625, 0.5625, 0.0625, 0.0625, 0.0625, 0.0625, 0.0625, 0.0625, 0.0625, 0.0625, 0.0625, 0.0625, 0.0625, 0.0625]
[TRAIN]: (1131/1600): reward: 17.156790882349014, rates: 18.156790756272926, loss: 0.42505720257759094, rho: 0.23125, transmit_actions: 18, P: [0.75, 0.9375, 0.0625, 0.0625, 0.125, 0.0625, 0.0625, 0.0625, 0.0625, 0.0625, 0.0625, 0.0625, 0.0625, 0.0625, 0.125, 0.0625, 0.0625, 0.0625, 0.125, 0.0625]
[TRAIN]: (1132/1600): reward: 16.57910543680191, rates: 18.579105460334123, loss: 0.45780708342790605, rho: 0.25, transmit_actions: 19, P: [1.0, 0.0625, 0.125, 0.0625, 0.125, 0.0625, 0.125, 0.125, 0.0625, 0.0625, 0.0625, 0.0625, 0.0625, 0.0625, 0.0625, 0.0625, 0.0625, 0.0625, 0.0625, 0.0625]
[TRAIN]: (1133/1600): reward: 17.117417365312576, rates: 17.117417366567306, loss: 0.5135289698839187, rho: 0.26875, transmit_actions: 18, P: [1.0, 1.0, 0.0625, 0.0625, 0.0625, 0.0625, 0.0625, 0.0625, 0.0625, 0.0625, 0.0625, 0.0625, 0.0625, 0.0625, 0.0625, 0.0625, 0.0625, 0.125, 0.0625, 0.0625]
[TRAIN]: (1134/1600): reward: 17.838268637657166, rates: 17.83826887053764, loss: 0.41016904562711715, rho: 0.24375, transmit_actions: 19, P: [0.75, 0.0625, 0.0625, 0.0625, 0.0625, 0.0625, 0.0625, 0.0625, 0.0625, 0.0625, 0.0625, 0.0625, 0.0625, 0.0625, 0.0625, 0.0625, 0.0625, 0.0625, 0.0625, 0.0625]
[TRAIN]: (1135/1600): reward: 16.680742174386978, rates: 16.68074218259428, loss: 0.5014964394271374, rho: 0.25, transmit_actions: 18, P: [0.25, 0.75, 0.0625, 0.0625, 0.125, 0.0625, 0.0625, 0.0625, 0.0625, 0.0625, 0.0625, 0.0625, 0.0625, 0.0625, 0.0625, 0.0625, 0.0625, 0.0625, 0.0625, 0.0625]
[TRAIN]: (1136/1600): reward: 5.773925393819809, rates: 16.77392550976049, loss: 0.47628435045480727, rho: 0.25625, transmit_actions: 18, P: [0.75, 0.0625, 0.0625, 0.0625, 0.0625, 0.0625, 0.0625, 0.0625, 0.0625, 0.0625, 0.0625, 0.125, 0.0625, 0.0625, 0.3125, 0.0625, 0.0625, 0.0625, 0.0625, 0.0625]
[TRAIN]: (1137/1600): reward: 18.541241884231567, rates: 18.54124196094644, loss: 0.3722227931022644, rho: 0.24375, transmit_actions: 19, P: [0.75, 0.0625, 0.0625, 0.0625, 0.0625, 0.0625, 0.0625, 0.0625, 0.0625, 0.0625, 0.0625, 0.0625, 0.0625, 0.0625, 0.0625, 0.0625, 0.0625, 0.0625, 0.0625, 0.0625]
[TRAIN]: (1138/1600): reward: 7.562801539897919, rates: 17.56280133832081, loss: 0.406348130851984, rho: 0.25, transmit_actions: 18, P: [0.625, 0.0625, 0.0625, 0.0625, 0.0625, 0.0625, 0.0625, 0.0625, 0.0625, 0.0625, 0.0625, 0.0625, 0.125, 0.0625, 0.25, 0.0625, 0.0625, 0.0625, 0.0625, 0.0625]
[TRAIN]: (1139/1600): reward: 8.031137615442276, rates: 19.031137482826413, loss: 0.3894547253847122, rho: 0.2375, transmit_actions: 19, P: [0.5, 0.0625, 0.0625, 0.0625, 0.0625, 0.0625, 0.0625, 0.875, 0.0625, 0.0625, 0.0625, 0.0625, 0.0625, 0.0625, 0.125, 0.0625, 0.0625, 0.0625, 0.0625, 0.1875]
[TRAIN]: (1140/1600): reward: 17.55755975842476, rates: 18.557559767399255, loss: 0.4302563600242138, rho: 0.24375, transmit_actions: 18, P: [0.25, 0.9375, 0.0625, 0.0625, 0.0625, 0.0625, 0.125, 0.0625, 0.0625, 0.0625, 0.0625, 0.0625, 0.0625, 0.0625, 0.0625, 0.0625, 0.0625, 0.0625, 0.125, 0.125]
[TRAIN]: (1141/1600): reward: 18.474948912858963, rates: 18.47494895561702, loss: 0.4333345301449299, rho: 0.225, transmit_actions: 19, P: [0.25, 0.0625, 0.0625, 0.0625, 0.0625, 0.125, 0.0625, 0.0625, 0.0625, 0.0625, 0.0625, 0.0625, 0.0625, 0.0625, 0.0625, 0.0625, 0.0625, 0.0625, 0.0625, 0.0625]
[TRAIN]: (1142/1600): reward: 9.375967115163803, rates: 19.375967126701685, loss: 0.4389379572123289, rho: 0.2625, transmit_actions: 18, P: [0.25, 0.0625, 0.0625, 0.0625, 0.0625, 0.0625, 0.1875, 0.0625, 0.0625, 0.0625, 0.0625, 0.0625, 0.0625, 0.0625, 0.0625, 0.0625, 0.0625, 0.0625, 0.0625, 0.0625]
[TRAIN]: (1143/1600): reward: 15.0265753865242, rates: 17.02657534859546, loss: 0.48253766968846323, rho: 0.25, transmit_actions: 19, P: [0.25, 0.0, 0.0625, 0.0625, 0.0625, 0.0625, 0.0625, 0.0625, 0.0625, 0.0625, 0.0625, 0.125, 0.0625, 0.0625, 0.0625, 0.125, 0.0625, 0.0625, 0.0625, 0.0625]
[TRAIN]: (1144/1600): reward: 16.708454981446266, rates: 18.70845506211733, loss: 0.41144604980945587, rho: 0.2375, transmit_actions: 19, P: [0.25, 0.0625, 0.0625, 0.0625, 0.0625, 0.0625, 0.0625, 0.0625, 0.0625, 0.0625, 0.0625, 0.0625, 0.0625, 0.0625, 0.125, 0.0625, 0.0625, 0.0625, 0.0625, 0.0625]
[TRAIN]: (1145/1600): reward: 19.294651806354523, rates: 19.294651822730607, loss: 0.5000409409403801, rho: 0.225, transmit_actions: 18, P: [0.625, 1.0, 0.0625, 0.0625, 0.0625, 0.0625, 0.0625, 0.0625, 0.0625, 0.0625, 0.0625, 0.0625, 0.0625, 0.0625, 0.0625, 0.0625, 0.0625, 0.0625, 0.0625, 0.0625]
[TRAIN]: (1146/1600): reward: 6.563989892601967, rates: 16.5639898545738, loss: 0.4954174503684044, rho: 0.28125, transmit_actions: 17, P: [0.625, 0.8125, 0.0625, 0.0625, 0.0625, 0.125, 0.0625, 0.0625, 0.0625, 0.0625, 0.0625, 0.0625, 0.0625, 0.0625, 0.0625, 0.75, 0.0625, 0.0625, 0.125, 0.0625]
[TRAIN]: (1147/1600): reward: 17.15033909678459, rates: 17.150339075915667, loss: 0.45955360382795335, rho: 0.28125, transmit_actions: 19, P: [0.625, 0.0625, 0.125, 0.0625, 0.0625, 0.0625, 0.0625, 0.0625, 0.0625, 0.0625, 0.0625, 0.0625, 0.0625, 0.0625, 0.0625, 0.0625, 0.0625, 0.125, 0.125, 0.125]
[TRAIN]: (1148/1600): reward: 19.452055275440216, rates: 19.452055220823922, loss: 0.47341117560863494, rho: 0.21875, transmit_actions: 19, P: [0.6875, 0.0625, 0.125, 0.0625, 0.0625, 0.0625, 0.0625, 0.0625, 0.0625, 0.0625, 0.0625, 0.0625, 0.0625, 0.0625, 0.0625, 0.0625, 0.0625, 0.0625, 0.0625, 0.0625]
[TRAIN]: (1149/1600): reward: 18.15766939520836, rates: 19.15766951140566, loss: 0.49464701786637305, rho: 0.21875, transmit_actions: 18, P: [1.0, 0.0625, 0.0625, 0.0625, 0.0625, 0.0625, 0.0625, 0.0625, 0.0625, 0.9375, 0.0625, 0.0625, 0.0625, 0.0625, 0.0625, 0.0625, 0.0625, 0.0625, 0.0625, 0.0625]
[TRAIN]: (1150/1600): reward: 16.996025055646896, rates: 17.99602513169112, loss: 0.4079680427908897, rho: 0.25625, transmit_actions: 19, P: [1.0, 0.0625, 0.0625, 0.125, 0.0625, 0.0625, 0.0625, 0.0625, 0.0625, 0.0625, 0.0625, 0.0625, 0.0625, 0.0625, 0.0625, 0.0625, 0.0625, 0.125, 0.0625, 0.0625]
[TRAIN]: (1151/1600): reward: 17.83285403251648, rates: 17.832854152587228, loss: 0.5036617800593376, rho: 0.24375, transmit_actions: 18, P: [0.75, 0.6875, 0.0625, 0.0625, 0.0625, 0.125, 0.0625, 0.0625, 0.0625, 0.0625, 0.0625, 0.0625, 0.0625, 0.0625, 0.0625, 0.0625, 0.0625, 0.0625, 0.0625, 0.0625]
[TRAIN]: (1152/1600): reward: 5.8486609645187855, rates: 16.84866094539191, loss: 0.40736884251236916, rho: 0.28125, transmit_actions: 18, P: [1.0, 0.75, 0.0625, 1.0, 0.125, 0.0625, 0.0625, 0.0625, 0.0625, 0.0625, 0.0625, 0.0625, 0.0625, 0.0625, 0.125, 0.0625, 0.0625, 0.0625, 0.0625, 0.0625]
[TRAIN]: (1153/1600): reward: 15.989375039935112, rates: 17.989375144547544, loss: 0.47824870347976683, rho: 0.275, transmit_actions: 19, P: [1.0, 0.0625, 0.0625, 0.0625, 0.0625, 0.0625, 0.0625, 0.0625, 0.0625, 0.1875, 0.0625, 0.0625, 0.0625, 0.0625, 0.0625, 0.0625, 0.0625, 0.0625, 0.0625, 0.0625]
[TRAIN]: (1154/1600): reward: 10.60917317867279, rates: 17.60917317259207, loss: 0.45797798559069636, rho: 0.23125, transmit_actions: 19, P: [1.0, 0.0625, 0.0625, 0.0625, 0.0625, 0.0625, 0.0625, 0.0625, 0.4375, 0.0625, 0.0625, 0.0625, 0.0625, 0.0625, 0.125, 0.0625, 0.0625, 0.0625, 0.0625, 0.0625]
[TRAIN]: (1155/1600): reward: 17.276386857032776, rates: 17.276386877363123, loss: 0.4485692881047726, rho: 0.25625, transmit_actions: 19, P: [0.6875, 0.0, 0.0625, 0.0625, 0.0625, 0.0625, 0.0625, 0.0625, 0.0625, 0.0625, 0.0625, 0.0625, 0.0625, 0.0625, 0.0625, 0.0625, 0.0625, 0.0625, 0.0625, 0.125]
[TRAIN]: (1156/1600): reward: 16.87745699286461, rates: 17.877457034445023, loss: 0.507403253018856, rho: 0.225, transmit_actions: 19, P: [0.9375, 0.0625, 0.0625, 0.0625, 0.0625, 0.0625, 0.0625, 0.0625, 0.0625, 0.0625, 0.0625, 0.125, 0.0625, 0.125, 0.0625, 0.0625, 0.125, 0.0625, 0.125, 0.0625]
[TRAIN]: (1157/1600): reward: 16.675519704818726, rates: 17.675519707729336, loss: 0.4774244464933872, rho: 0.225, transmit_actions: 19, P: [1.0, 0.0, 0.0625, 0.0625, 0.0625, 0.0625, 0.0625, 0.0625, 0.0625, 0.0625, 0.0625, 0.0625, 0.125, 0.0625, 0.0625, 0.0625, 0.0625, 0.0625, 0.125, 0.125]
[TRAIN]: (1158/1600): reward: 19.57118859887123, rates: 19.57118871251933, loss: 0.40655289143323897, rho: 0.20625, transmit_actions: 19, P: [0.6875, 0.0625, 0.0625, 0.0625, 0.0625, 0.0625, 0.0625, 0.0625, 0.0625, 0.0625, 0.0625, 0.0625, 0.0625, 0.0625, 0.0625, 0.0625, 0.0625, 0.0625, 0.125, 0.0625]
[TRAIN]: (1159/1600): reward: 17.932993784546852, rates: 18.932993675311607, loss: 0.4608221113681793, rho: 0.19375, transmit_actions: 18, P: [0.375, 0.875, 0.0625, 0.125, 0.0625, 0.0625, 0.0625, 0.125, 0.0625, 0.0625, 0.0625, 0.125, 0.0625, 0.0625, 0.0625, 0.0625, 0.0625, 0.0625, 0.0625, 0.0625]
[TRAIN]: (1160/1600): reward: 15.552281588315964, rates: 17.552281768869445, loss: 0.38228909969329833, rho: 0.25625, transmit_actions: 19, P: [0.375, 0.0625, 0.0625, 0.0625, 0.0625, 0.125, 0.0625, 0.0625, 0.125, 0.0625, 0.0625, 0.0625, 0.0625, 0.0625, 0.0625, 0.0625, 0.0625, 0.0625, 0.125, 0.0625]
[TRAIN]: (1161/1600): reward: 19.19338834285736, rates: 19.193388301911096, loss: 0.4386107839643955, rho: 0.2125, transmit_actions: 18, P: [0.6875, 0.875, 0.0625, 0.0625, 0.0625, 0.0625, 0.125, 0.0625, 0.125, 0.0625, 0.0625, 0.0625, 0.0625, 0.0625, 0.0625, 0.0625, 0.0625, 0.0625, 0.0625, 0.0625]
[TRAIN]: (1162/1600): reward: 15.438580691814423, rates: 17.438580623349566, loss: 0.5004900731146336, rho: 0.225, transmit_actions: 19, P: [0.375, 0.0625, 0.0625, 0.0625, 0.0625, 0.0625, 0.0625, 0.0625, 0.125, 0.0625, 0.125, 0.125, 0.0625, 0.0625, 0.0625, 0.0625, 0.0625, 0.0625, 0.0625, 0.0625]
[TRAIN]: (1163/1600): reward: 17.79417695105076, rates: 18.79417684853901, loss: 0.37951578572392464, rho: 0.25625, transmit_actions: 19, P: [0.6875, 0.0625, 0.0625, 0.125, 0.0625, 0.0625, 0.0625, 0.0625, 0.0625, 0.0625, 0.0625, 0.0625, 0.0625, 0.0625, 0.0625, 0.125, 0.0625, 0.125, 0.0625, 0.0625]
[TRAIN]: (1164/1600): reward: 18.67731621861458, rates: 18.67731615089937, loss: 0.3765191748738289, rho: 0.2125, transmit_actions: 18, P: [0.75, 0.875, 0.0625, 0.0625, 0.0625, 0.0625, 0.0625, 0.0625, 0.0625, 0.0625, 0.0625, 0.125, 0.0625, 0.0625, 0.0625, 0.0625, 0.0625, 0.0625, 0.0625, 0.0625]
[TRAIN]: (1165/1600): reward: 18.205384731292725, rates: 18.20538492099048, loss: 0.4902648352086544, rho: 0.24375, transmit_actions: 18, P: [0.75, 0.0625, 0.0625, 0.0625, 0.0625, 0.8125, 0.0625, 0.0625, 0.0625, 0.0625, 0.0625, 0.0625, 0.0625, 0.0625, 0.0625, 0.0625, 0.0625, 0.0625, 0.0625, 0.0625]
[TRAIN]: (1166/1600): reward: 19.749553978443146, rates: 20.749554102260984, loss: 0.39947916343808176, rho: 0.23125, transmit_actions: 19, P: [0.75, 0.0625, 0.0625, 0.0625, 0.0625, 0.0625, 0.0625, 0.0625, 0.0625, 0.0625, 0.125, 0.0625, 0.125, 0.0625, 0.0625, 0.0625, 0.125, 0.0625, 0.0625, 0.0625]
[TRAIN]: (1167/1600): reward: 18.11169459670782, rates: 18.111694817145732, loss: 0.39374724477529527, rho: 0.275, transmit_actions: 19, P: [0.75, 0.0625, 0.0625, 0.0625, 0.0625, 0.0625, 0.0625, 0.0625, 0.0625, 0.0625, 0.0625, 0.0625, 0.0625, 0.0625, 0.0625, 0.0625, 0.0625, 0.0625, 0.0625, 0.0625]
[TRAIN]: (1168/1600): reward: 19.727603256702423, rates: 19.727603362644768, loss: 0.37681860476732254, rho: 0.24375, transmit_actions: 19, P: [1.0, 0.0625, 0.0625, 0.0625, 0.0625, 0.0625, 0.0625, 0.0625, 0.0625, 0.0625, 0.0625, 0.0625, 0.0625, 0.0625, 0.0625, 0.0625, 0.125, 0.0625, 0.0625, 0.0625]
[TRAIN]: (1169/1600): reward: 15.87766695022583, rates: 15.877667003312109, loss: 0.4482614308595657, rho: 0.3125, transmit_actions: 18, P: [0.75, 0.9375, 0.0625, 0.0625, 0.0625, 0.0625, 0.0625, 0.0625, 0.0625, 0.0625, 0.0625, 0.0625, 0.0625, 0.0625, 0.0625, 0.0625, 0.0625, 0.0625, 0.0625, 0.0625]
[TRAIN]: (1170/1600): reward: 9.230323314666748, rates: 19.230323438630947, loss: 0.39819910377264023, rho: 0.2125, transmit_actions: 18, P: [0.6875, 0.0, 0.0625, 0.0625, 0.6875, 0.0625, 0.0625, 0.0625, 0.0625, 0.0625, 0.125, 0.0625, 0.0625, 0.0625, 0.0625, 0.0625, 0.0625, 0.0625, 0.0625, 0.0625]
[TRAIN]: (1171/1600): reward: 17.756718456745148, rates: 17.756718252539095, loss: 0.37366133108735083, rho: 0.225, transmit_actions: 19, P: [0.6875, 0.0625, 0.0, 0.0625, 0.0625, 0.0625, 0.0625, 0.0625, 0.125, 0.0625, 0.0625, 0.0625, 0.0625, 0.0625, 0.0625, 0.0625, 0.0625, 0.0625, 0.125, 0.0625]
[TRAIN]: (1172/1600): reward: 20.043268144130707, rates: 20.043268069654456, loss: 0.3803003028035164, rho: 0.225, transmit_actions: 19, P: [0.3125, 0.0625, 0.0625, 0.0625, 0.0625, 0.0625, 0.0625, 0.0625, 0.0625, 0.0625, 0.125, 0.0625, 0.0625, 0.0625, 0.0625, 0.125, 0.0625, 0.125, 0.0625, 0.0625]
[TRAIN]: (1173/1600): reward: 4.276263773441315, rates: 19.27626364138918, loss: 0.49656720981001856, rho: 0.23125, transmit_actions: 18, P: [0.0625, 0.0625, 0.0625, 0.0625, 0.0625, 0.0625, 0.0625, 0.0625, 0.0625, 0.0625, 0.5625, 0.0625, 0.0625, 0.0625, 0.0625, 0.0625, 0.0625, 0.0625, 0.0625, 0.0625]
[TRAIN]: (1174/1600): reward: 8.92160576581955, rates: 18.92160544138047, loss: 0.5303222104907036, rho: 0.25625, transmit_actions: 19, P: [0.75, 0.0625, 0.0625, 0.0625, 0.0625, 0.125, 0.0625, 0.0625, 0.0625, 0.4375, 0.0625, 0.0625, 0.0625, 0.0625, 0.0625, 0.0625, 0.0625, 0.0625, 0.0625, 0.0625]
[TRAIN]: (1175/1600): reward: 9.03084522485733, rates: 17.030844910203843, loss: 0.5286014407873154, rho: 0.28125, transmit_actions: 19, P: [0.25, 0.0625, 0.0625, 0.0625, 0.0625, 0.0625, 0.125, 0.0625, 0.0625, 0.0625, 0.125, 0.3125, 0.0625, 0.0625, 0.0625, 0.0625, 0.0625, 0.0625, 0.0625, 0.0625]
[TRAIN]: (1176/1600): reward: 16.89422246813774, rates: 16.894222676072125, loss: 0.42057345658540723, rho: 0.3, transmit_actions: 19, P: [0.25, 0.0625, 0.0625, 0.0625, 0.0625, 0.0625, 0.0625, 0.0625, 0.0625, 0.0625, 0.0625, 0.0625, 0.0625, 0.0625, 0.0625, 0.125, 0.0625, 0.0625, 0.0625, 0.0625]
[TRAIN]: (1177/1600): reward: 19.181308805942535, rates: 19.181308861148736, loss: 0.43617880567908285, rho: 0.2375, transmit_actions: 19, P: [0.25, 0.0, 0.0625, 0.0625, 0.0625, 0.0625, 0.0625, 0.0625, 0.0625, 0.0625, 0.0625, 0.0625, 0.0625, 0.0625, 0.0625, 0.0625, 0.0625, 0.0625, 0.0625, 0.0625]
[TRAIN]: (1178/1600): reward: 17.18920612335205, rates: 17.189206074251118, loss: 0.45609720796346664, rho: 0.275, transmit_actions: 18, P: [0.0625, 0.0625, 0.0625, 0.0625, 0.0625, 0.0625, 0.0625, 0.0625, 0.0625, 0.8125, 0.0625, 0.0625, 0.0625, 0.0625, 0.0625, 0.0625, 0.0625, 0.0625, 0.0625, 0.0625]
[TRAIN]: (1179/1600): reward: 13.057048439979553, rates: 20.05704847478983, loss: 0.49778425246477126, rho: 0.2375, transmit_actions: 18, P: [0.0625, 0.625, 0.0625, 0.0625, 0.0625, 0.0625, 0.0625, 0.125, 0.0625, 0.0625, 0.0625, 0.0625, 0.0625, 0.0625, 0.0625, 0.0625, 0.0625, 0.0625, 0.0625, 0.0625]
[TRAIN]: (1180/1600): reward: 19.42793619632721, rates: 19.427936016084036, loss: 0.42587472647428515, rho: 0.23125, transmit_actions: 18, P: [0.25, 0.8125, 0.0625, 0.0625, 0.0625, 0.0625, 0.0625, 0.0625, 0.0625, 0.125, 0.0625, 0.0625, 0.125, 0.0625, 0.0625, 0.0625, 0.0625, 0.0625, 0.0625, 0.0625]
[TRAIN]: (1181/1600): reward: 18.38890877366066, rates: 18.38890890951246, loss: 0.4137729376554489, rho: 0.24375, transmit_actions: 19, P: [0.4375, 0.0625, 0.0625, 0.0625, 0.0625, 0.0625, 0.0625, 0.0625, 0.0625, 0.0625, 0.0625, 0.0625, 0.0625, 0.0625, 0.0625, 0.0625, 0.0625, 0.0625, 0.0625, 0.0625]
[TRAIN]: (1182/1600): reward: 19.399857491254807, rates: 19.39985751440127, loss: 0.40768191069364546, rho: 0.2375, transmit_actions: 18, P: [0.25, 1.0, 0.0625, 0.0625, 0.0625, 0.0625, 0.125, 0.0625, 0.125, 0.125, 0.0625, 0.0625, 0.125, 0.0625, 0.0625, 0.0625, 0.0625, 0.125, 0.0625, 0.0625]
[TRAIN]: (1183/1600): reward: 19.46609941124916, rates: 19.466099338342755, loss: 0.4381284348666668, rho: 0.225, transmit_actions: 19, P: [0.25, 0.0625, 0.0625, 0.0625, 0.0625, 0.0625, 0.0625, 0.0625, 0.0625, 0.0625, 0.0625, 0.0625, 0.0625, 0.0625, 0.0625, 0.0625, 0.0625, 0.0625, 0.0625, 0.0625]
[TRAIN]: (1184/1600): reward: 17.453299641609192, rates: 18.453299776690613, loss: 0.39376147612929346, rho: 0.23125, transmit_actions: 18, P: [0.25, 1.0, 0.0625, 0.0625, 0.0625, 0.0625, 0.0625, 0.0625, 0.0625, 0.0625, 0.0625, 0.0625, 0.125, 0.125, 0.0625, 0.0625, 0.0625, 0.0625, 0.0625, 0.0625]
[TRAIN]: (1185/1600): reward: 10.048696517944336, rates: 20.048696608998306, loss: 0.47743813320994377, rho: 0.2125, transmit_actions: 18, P: [0.875, 0.5, 0.0625, 0.0625, 0.0625, 0.0625, 0.0625, 0.0625, 0.0625, 0.0625, 0.0625, 0.0625, 0.0625, 0.0625, 0.0625, 0.0625, 0.0625, 0.0625, 0.0625, 0.0625]
[TRAIN]: (1186/1600): reward: 19.450577914714813, rates: 19.45057797901992, loss: 0.3753654956817627, rho: 0.2375, transmit_actions: 19, P: [0.875, 0.0625, 0.0625, 0.0625, 0.0625, 0.125, 0.125, 0.0625, 0.0625, 0.0625, 0.0625, 0.0625, 0.125, 0.0625, 0.125, 0.0625, 0.0625, 0.0625, 0.0625, 0.0625]
[TRAIN]: (1187/1600): reward: 17.836731046438217, rates: 17.83673095532614, loss: 0.43869514763355255, rho: 0.25, transmit_actions: 19, P: [0.9375, 0.0625, 0.0625, 0.125, 0.0625, 0.0625, 0.0625, 0.0625, 0.0625, 0.0625, 0.0625, 0.0625, 0.125, 0.0625, 0.0625, 0.0625, 0.0625, 0.0625, 0.0625, 0.0625]
[TRAIN]: (1188/1600): reward: 18.87447915971279, rates: 18.87447918577204, loss: 0.48595902547240255, rho: 0.2625, transmit_actions: 18, P: [0.875, 0.8125, 0.0625, 0.0625, 0.0625, 0.0625, 0.0625, 0.0625, 0.0625, 0.0625, 0.0625, 0.0625, 0.0625, 0.0625, 0.0625, 0.0625, 0.0625, 0.0625, 0.0625, 0.0625]
[TRAIN]: (1189/1600): reward: 8.028359830379486, rates: 18.028359883207077, loss: 0.4942870870232582, rho: 0.25625, transmit_actions: 18, P: [0.875, 0.6875, 0.0625, 0.0625, 0.0625, 0.5625, 0.0625, 0.0625, 0.0625, 0.0625, 0.0625, 0.0625, 0.0625, 0.0625, 0.0625, 0.0625, 0.0625, 0.0625, 0.0625, 0.0625]
[TRAIN]: (1190/1600): reward: 17.382724344730377, rates: 17.382724210600248, loss: 0.47138540223240855, rho: 0.21875, transmit_actions: 17, P: [0.625, 0.875, 0.0625, 0.6875, 0.0625, 0.0625, 0.0625, 0.0625, 0.0625, 0.0625, 0.0625, 0.0625, 0.0625, 0.0625, 0.0625, 0.0625, 0.0625, 0.0625, 0.125, 0.0625]
[TRAIN]: (1191/1600): reward: 14.834241807460785, rates: 18.83424205317243, loss: 0.3851926177740097, rho: 0.2375, transmit_actions: 19, P: [0.625, 0.0625, 0.0625, 0.0625, 0.125, 0.0625, 0.0625, 0.0625, 0.0625, 0.0625, 0.0625, 0.0625, 0.0625, 0.125, 0.0625, 0.0625, 0.0625, 0.0625, 0.0625, 0.125]
[TRAIN]: (1192/1600): reward: 19.775694012641907, rates: 19.775694206662305, loss: 0.3970103994011879, rho: 0.24375, transmit_actions: 19, P: [0.625, 0.125, 0.0625, 0.0625, 0.0625, 0.0625, 0.0625, 0.0625, 0.0625, 0.0625, 0.0625, 0.0625, 0.0625, 0.0625, 0.0625, 0.0625, 0.125, 0.125, 0.0625, 0.0625]
[TRAIN]: (1193/1600): reward: 16.788228154182434, rates: 16.788228040768306, loss: 0.4011455923318863, rho: 0.28125, transmit_actions: 19, P: [0.625, 0.0, 0.0625, 0.0625, 0.0625, 0.0625, 0.0625, 0.0625, 0.0625, 0.0, 0.0625, 0.0625, 0.0625, 0.0625, 0.0625, 0.0625, 0.0625, 0.0625, 0.0625, 0.125]
[TRAIN]: (1194/1600): reward: 17.328404873609543, rates: 18.32840486950261, loss: 0.5332726418972016, rho: 0.2375, transmit_actions: 18, P: [0.75, 0.625, 0.0625, 0.0625, 0.0625, 0.125, 0.0625, 0.0625, 0.0625, 0.0625, 0.0625, 0.0625, 0.0625, 0.0625, 0.0625, 0.0625, 0.125, 0.0625, 0.0625, 0.0625]
[TRAIN]: (1195/1600): reward: 17.950210869312286, rates: 17.950210770612866, loss: 0.3866430498659611, rho: 0.25, transmit_actions: 18, P: [0.75, 0.8125, 0.0625, 0.0625, 0.0625, 0.0625, 0.0625, 0.0625, 0.0625, 0.0625, 0.125, 0.0625, 0.0625, 0.0625, 0.0625, 0.0625, 0.0625, 0.0625, 0.0625, 0.0625]
[TRAIN]: (1196/1600): reward: 7.514462351799011, rates: 17.514462243036615, loss: 0.4508096441626549, rho: 0.3, transmit_actions: 18, P: [1.0, 0.1875, 0.0625, 0.125, 0.0625, 0.0625, 0.0625, 0.0625, 0.0625, 0.0625, 0.0625, 0.0625, 0.0625, 0.0625, 0.0625, 0.0625, 0.125, 0.0625, 0.0625, 0.5625]
[TRAIN]: (1197/1600): reward: 18.60005682706833, rates: 18.600056733520972, loss: 0.5419902920722961, rho: 0.24375, transmit_actions: 18, P: [0.75, 0.0625, 0.6875, 0.0625, 0.0625, 0.0625, 0.0625, 0.0625, 0.0625, 0.125, 0.0625, 0.0625, 0.0625, 0.0625, 0.0625, 0.0625, 0.0625, 0.0625, 0.0625, 0.0625]
[TRAIN]: (1198/1600): reward: 17.46815913915634, rates: 17.468159232224888, loss: 0.41403581500053405, rho: 0.24375, transmit_actions: 18, P: [0.6875, 0.0625, 0.0625, 0.0625, 0.0625, 0.0625, 0.0625, 0.0625, 0.0625, 0.8125, 0.0625, 0.0625, 0.0625, 0.0625, 0.0625, 0.0625, 0.0625, 0.125, 0.0625, 0.0625]
[TRAIN]: (1199/1600): reward: 17.826895833015442, rates: 18.82689592574462, loss: 0.35470142066478727, rho: 0.2375, transmit_actions: 19, P: [0.6875, 0.0, 0.0625, 0.0625, 0.0625, 0.0625, 0.0625, 0.0625, 0.125, 0.0625, 0.0625, 0.0625, 0.0625, 0.0625, 0.0625, 0.0625, 0.0625, 0.0625, 0.125, 0.0625]
[TRAIN]: (1200/1600): reward: 9.613002002239227, rates: 19.613002242203535, loss: 0.47535632774233816, rho: 0.25625, transmit_actions: 20, P: [0.125, 0.0625, 0.0625, 0.0625, 0.0625, 0.0625, 0.0625, 0.0625, 0.0625, 0.125, 0.125, 0.0625, 0.0625, 0.125, 0.0625, 0.0625, 0.0625, 0.0625, 0.0625, 0.0625]
[TRAIN]: (1201/1600): reward: 17.974985420703888, rates: 17.974985583509007, loss: 0.3851193606853485, rho: 0.19375, transmit_actions: 19, P: [0.375, 0.0625, 0.0625, 0.0625, 0.0625, 0.0625, 0.0625, 0.0625, 0.0625, 0.0625, 0.0625, 0.0625, 0.0625, 0.0625, 0.0625, 0.0625, 0.0625, 0.0625, 0.0625, 0.0625]
[TRAIN]: (1202/1600): reward: 16.770948365330696, rates: 17.770948448367978, loss: 0.49198407828807833, rho: 0.25625, transmit_actions: 19, P: [0.375, 0.0625, 0.0625, 0.0625, 0.0625, 0.0625, 0.0625, 0.0625, 0.0625, 0.0625, 0.0625, 0.0625, 0.0625, 0.0625, 0.0625, 0.0625, 0.0625, 0.125, 0.0625, 0.0625]
[TRAIN]: (1203/1600): reward: 18.414731740951538, rates: 18.414731668717145, loss: 0.39383481480181215, rho: 0.18125, transmit_actions: 18, P: [0.375, 0.0625, 1.0, 0.0625, 0.0625, 0.0625, 0.0625, 0.125, 0.0625, 0.0625, 0.0625, 0.0625, 0.0625, 0.0625, 0.0625, 0.0625, 0.0625, 0.0625, 0.0625, 0.0625]
[TRAIN]: (1204/1600): reward: 18.5375754237175, rates: 19.537575499276095, loss: 0.43142701834440234, rho: 0.2125, transmit_actions: 19, P: [0.375, 0.0625, 0.0625, 0.0625, 0.0625, 0.0625, 0.125, 0.0625, 0.0625, 0.0625, 0.125, 0.0625, 0.0625, 0.0625, 0.0625, 0.125, 0.0625, 0.0625, 0.125, 0.0625]
[TRAIN]: (1205/1600): reward: 18.04772049188614, rates: 18.04772044407013, loss: 0.42349157109856606, rho: 0.275, transmit_actions: 19, P: [0.6875, 0.0625, 0.0625, 0.0625, 0.0625, 0.0625, 0.0625, 0.0625, 0.0625, 0.0625, 0.0625, 0.125, 0.0625, 0.0625, 0.0625, 0.0625, 0.125, 0.0625, 0.0625, 0.0625]
[TRAIN]: (1206/1600): reward: 16.996861457824707, rates: 16.996861672665293, loss: 0.4690874718129635, rho: 0.20625, transmit_actions: 19, P: [0.6875, 0.0, 0.0625, 0.0625, 0.0625, 0.0625, 0.0625, 0.0625, 0.0625, 0.0625, 0.0625, 0.0625, 0.0625, 0.125, 0.0625, 0.0625, 0.0625, 0.0625, 0.0625, 0.125]
[TRAIN]: (1207/1600): reward: 5.207575961947441, rates: 16.207576019165046, loss: 0.4036586068570614, rho: 0.30625, transmit_actions: 17, P: [0.6875, 0.875, 0.0625, 0.0625, 0.0625, 0.0625, 0.0625, 0.0625, 0.125, 0.25, 0.0625, 0.0625, 0.0625, 0.0625, 0.0625, 0.0625, 0.0625, 0.0625, 0.0625, 0.0625]
[TRAIN]: (1208/1600): reward: 7.023900747299194, rates: 16.02390069748714, loss: 0.40587217807769777, rho: 0.275, transmit_actions: 18, P: [0.6875, 0.6875, 0.0625, 0.0625, 0.125, 0.3125, 0.25, 0.0625, 0.0625, 0.0625, 0.0625, 0.0625, 0.0625, 0.125, 0.0625, 0.0625, 0.0625, 0.0625, 0.0625, 0.0625]
[TRAIN]: (1209/1600): reward: 18.16765785217285, rates: 18.167657845401493, loss: 0.44915533661842344, rho: 0.2625, transmit_actions: 19, P: [0.75, 0.0625, 0.0625, 0.0625, 0.0625, 0.125, 0.0625, 0.125, 0.0625, 0.0625, 0.0625, 0.0625, 0.0625, 0.0625, 0.0625, 0.0625, 0.0625, 0.0625, 0.0625, 0.0625]
[TRAIN]: (1210/1600): reward: 6.11336475610733, rates: 18.113364949822188, loss: 0.40593756884336474, rho: 0.2625, transmit_actions: 17, P: [0.375, 0.8125, 0.0625, 0.0625, 0.5, 0.0625, 0.0625, 0.125, 0.0625, 0.0625, 0.0625, 0.0625, 0.0625, 0.0625, 0.0625, 0.0625, 0.0625, 0.0625, 0.0625, 0.125]
[TRAIN]: (1211/1600): reward: 18.455075323581696, rates: 19.455075232044152, loss: 0.4006559833884239, rho: 0.2, transmit_actions: 18, P: [0.375, 0.5625, 0.0625, 0.0625, 0.0625, 0.0625, 0.0625, 0.0625, 0.125, 0.0625, 0.0625, 0.0625, 0.0625, 0.0625, 0.0625, 0.0625, 0.0625, 0.0625, 0.0625, 0.0625]
[TRAIN]: (1212/1600): reward: 16.32250663638115, rates: 18.322506580850877, loss: 0.4665093183517456, rho: 0.2625, transmit_actions: 19, P: [0.5, 0.0625, 0.0625, 0.0625, 0.0625, 0.125, 0.0625, 0.125, 0.0625, 0.0625, 0.0625, 0.0625, 0.0625, 0.0625, 0.125, 0.125, 0.0625, 0.0625, 0.0625, 0.125]
[TRAIN]: (1213/1600): reward: 16.837187439203262, rates: 16.837187623877558, loss: 0.5278319105505943, rho: 0.3, transmit_actions: 19, P: [0.5, 0.0625, 0.0625, 0.0625, 0.0625, 0.0625, 0.0625, 0.0625, 0.0625, 0.0625, 0.0625, 0.0625, 0.125, 0.0625, 0.0625, 0.0625, 0.125, 0.0625, 0.0625, 0.0625]
[TRAIN]: (1214/1600): reward: 16.859283566474915, rates: 17.859283730824846, loss: 0.3568782530725002, rho: 0.2375, transmit_actions: 19, P: [0.75, 0.0625, 0.0625, 0.0625, 0.0625, 0.0625, 0.0625, 0.0625, 0.0625, 0.0625, 0.0625, 0.0625, 0.0625, 0.0625, 0.0625, 0.0625, 0.0625, 0.0625, 0.0625, 0.0625]
[TRAIN]: (1215/1600): reward: 7.469315528869629, rates: 17.469315763798903, loss: 0.4287147827446461, rho: 0.26875, transmit_actions: 18, P: [0.875, 0.0625, 0.0625, 0.0625, 0.0625, 0.0625, 0.0625, 0.0625, 0.0625, 0.125, 0.75, 0.0625, 0.0625, 0.0625, 0.0625, 0.0625, 0.0625, 0.0625, 0.0625, 0.0625]
[TRAIN]: (1216/1600): reward: 19.75547581911087, rates: 19.755475798034688, loss: 0.42943417131900785, rho: 0.21875, transmit_actions: 19, P: [0.75, 0.0625, 0.0625, 0.0625, 0.0625, 0.0625, 0.0625, 0.0625, 0.0625, 0.0625, 0.0625, 0.0625, 0.0625, 0.0625, 0.0625, 0.0625, 0.0625, 0.0625, 0.0625, 0.0625]
[TRAIN]: (1217/1600): reward: 8.264593988656998, rates: 18.264594168420732, loss: 0.3413803935050964, rho: 0.24375, transmit_actions: 19, P: [0.0, 0.0625, 0.0625, 0.0625, 0.0625, 0.0625, 0.0625, 0.0625, 0.0625, 0.0625, 0.0625, 0.0625, 0.0625, 0.0625, 0.0625, 0.0625, 0.0625, 0.0625, 0.0625, 0.0625]
[TRAIN]: (1218/1600): reward: 17.980028420686722, rates: 17.98002842152751, loss: 0.36551502868533137, rho: 0.2125, transmit_actions: 19, P: [0.375, 0.0625, 0.125, 0.0625, 0.0625, 0.0625, 0.125, 0.0625, 0.0625, 0.0625, 0.0625, 0.0625, 0.0625, 0.0625, 0.0625, 0.0625, 0.0625, 0.0625, 0.0625, 0.0625]
[TRAIN]: (1219/1600): reward: 5.891811594367027, rates: 16.89181172477042, loss: 0.45056953430175783, rho: 0.23125, transmit_actions: 18, P: [0.6875, 0.0625, 0.0625, 0.0625, 0.0625, 0.0625, 0.0625, 0.0625, 0.0625, 0.0625, 0.0625, 0.125, 0.0625, 0.0625, 0.5, 0.0625, 0.125, 0.0625, 0.0625, 0.0625]
[TRAIN]: (1220/1600): reward: 17.825323522090912, rates: 17.82532348604555, loss: 0.4110799290239811, rho: 0.2625, transmit_actions: 19, P: [0.875, 0.0625, 0.0625, 0.0625, 0.0625, 0.0625, 0.0625, 0.0625, 0.0625, 0.0625, 0.0625, 0.0625, 0.0625, 0.0625, 0.0625, 0.0625, 0.0625, 0.0625, 0.0625, 0.0625]
[TRAIN]: (1221/1600): reward: 11.140956178307533, rates: 18.140956158325988, loss: 0.4433052696287632, rho: 0.2375, transmit_actions: 18, P: [0.9375, 0.5625, 0.0625, 0.0625, 0.125, 0.0625, 0.0625, 0.0625, 0.0625, 0.0625, 0.0625, 0.0625, 0.0625, 0.0625, 0.0625, 0.0625, 0.0625, 0.0625, 0.0625, 0.125]
[TRAIN]: (1222/1600): reward: 17.439762569963932, rates: 18.43976244120335, loss: 0.4263814687728882, rho: 0.24375, transmit_actions: 19, P: [0.6875, 0.0625, 0.0625, 0.0625, 0.0625, 0.0625, 0.0625, 0.0625, 0.0625, 0.0625, 0.0625, 0.0625, 0.125, 0.0625, 0.0625, 0.0625, 0.0625, 0.0625, 0.0625, 0.0625]
[TRAIN]: (1223/1600): reward: 7.689891204237938, rates: 18.68989128750813, loss: 0.3431878134608269, rho: 0.2125, transmit_actions: 18, P: [0.6875, 0.0625, 0.0625, 0.0625, 0.0625, 0.0625, 0.0625, 0.0625, 0.0625, 0.125, 0.0625, 0.0625, 0.3125, 0.0625, 0.0625, 0.0625, 0.0625, 0.0625, 0.0625, 0.0625]
[TRAIN]: (1224/1600): reward: 17.62368281185627, rates: 18.623682641526173, loss: 0.4746707484126091, rho: 0.2625, transmit_actions: 19, P: [0.6875, 0.0625, 0.0625, 0.0625, 0.0625, 0.0625, 0.0625, 0.0625, 0.0625, 0.0625, 0.0625, 0.0625, 0.0625, 0.0625, 0.0625, 0.0625, 0.0625, 0.1875, 0.0625, 0.0625]
[TRAIN]: (1225/1600): reward: 17.729608058929443, rates: 17.729607804433616, loss: 0.37780907303094863, rho: 0.225, transmit_actions: 18, P: [0.9375, 0.6875, 0.125, 0.0625, 0.0625, 0.0625, 0.0625, 0.125, 0.0625, 0.0625, 0.0625, 0.0625, 0.0625, 0.0625, 0.0625, 0.0625, 0.0625, 0.0625, 0.0625, 0.0625]
[TRAIN]: (1226/1600): reward: 19.084751069545746, rates: 19.084751021263106, loss: 0.4134739115834236, rho: 0.25625, transmit_actions: 19, P: [0.875, 0.0625, 0.0625, 0.0625, 0.0625, 0.0625, 0.0625, 0.0625, 0.0625, 0.0625, 0.0625, 0.0625, 0.0625, 0.0625, 0.0625, 0.0625, 0.0625, 0.0625, 0.0625, 0.0625]
[TRAIN]: (1227/1600): reward: 16.166606962680817, rates: 18.166606969207788, loss: 0.38020019680261613, rho: 0.2375, transmit_actions: 19, P: [0.875, 0.0625, 0.0625, 0.0625, 0.0625, 0.0625, 0.0625, 0.0625, 0.0625, 0.125, 0.0625, 0.0625, 0.0625, 0.0625, 0.0625, 0.0625, 0.0625, 0.0625, 0.0625, 0.0625]
[TRAIN]: (1228/1600): reward: 10.84800100326538, rates: 15.848001230703144, loss: 0.40773958042263986, rho: 0.26875, transmit_actions: 18, P: [0.9375, 0.9375, 0.0625, 0.0625, 0.0625, 0.0625, 0.0625, 0.0625, 0.0625, 0.0625, 0.0625, 0.0625, 0.0625, 0.4375, 0.0625, 0.125, 0.0625, 0.0625, 0.0625, 0.0625]
[TRAIN]: (1229/1600): reward: 18.729967027902603, rates: 18.729967172548008, loss: 0.39766120314598086, rho: 0.2, transmit_actions: 19, P: [0.6875, 0.0625, 0.0625, 0.0625, 0.0625, 0.0625, 0.0625, 0.125, 0.0625, 0.0625, 0.0625, 0.0625, 0.0625, 0.0625, 0.0625, 0.0625, 0.0625, 0.0625, 0.0625, 0.0625]
[TRAIN]: (1230/1600): reward: 19.6416996717453, rates: 20.6416996854289, loss: 0.48403378650546075, rho: 0.2, transmit_actions: 19, P: [0.6875, 0.0625, 0.0625, 0.0625, 0.0625, 0.0625, 0.0625, 0.0625, 0.0625, 0.0625, 0.0625, 0.0625, 0.0625, 0.0625, 0.0625, 0.0625, 0.125, 0.0625, 0.0625, 0.0625]
[TRAIN]: (1231/1600): reward: 18.937632501125336, rates: 18.93763246055331, loss: 0.48643570840358735, rho: 0.2125, transmit_actions: 19, P: [0.9375, 0.0625, 0.0625, 0.0625, 0.0625, 0.0625, 0.0625, 0.0625, 0.125, 0.0625, 0.0625, 0.0625, 0.0625, 0.0625, 0.0625, 0.0625, 0.0625, 0.0625, 0.0625, 0.0625]
[TRAIN]: (1232/1600): reward: 8.933080494403839, rates: 16.93308040013202, loss: 0.4561521001160145, rho: 0.25, transmit_actions: 19, P: [0.9375, 0.0625, 0.0625, 0.0625, 0.0625, 0.0625, 0.0625, 0.0625, 0.25, 0.0625, 0.0625, 0.0625, 0.0625, 0.0625, 0.0625, 0.0625, 0.0625, 0.0625, 0.125, 0.0625]
[TRAIN]: (1233/1600): reward: 8.075892150402069, rates: 18.07589199052019, loss: 0.47349498569965365, rho: 0.2375, transmit_actions: 18, P: [0.9375, 0.0625, 0.1875, 0.0625, 0.0625, 0.0625, 0.0625, 0.0625, 0.0625, 0.0625, 0.0625, 0.0625, 0.0625, 0.0625, 0.0625, 0.0625, 0.0625, 0.0625, 0.0625, 0.0625]
[TRAIN]: (1234/1600): reward: -0.07338941097259521, rates: 16.926610442411878, loss: 0.375637848675251, rho: 0.2625, transmit_actions: 19, P: [0.9375, 0.0625, 0.125, 0.0625, 0.0625, 0.0625, 0.0625, 0.25, 0.125, 0.0625, 0.0625, 0.0625, 0.0625, 0.0625, 0.0625, 1.0, 0.0625, 0.0625, 0.0625, 0.125]
[TRAIN]: (1235/1600): reward: 8.96718044579029, rates: 18.96718034370591, loss: 0.4843295104801655, rho: 0.3, transmit_actions: 19, P: [0.625, 0.0625, 0.0625, 0.0625, 0.0625, 0.0625, 0.0625, 0.0625, 0.125, 0.625, 0.0625, 0.0625, 0.125, 0.0625, 0.0625, 0.125, 0.0625, 0.0625, 0.0625, 0.0625]
[TRAIN]: (1236/1600): reward: 8.285969078540802, rates: 18.285969178291214, loss: 0.3792890697717667, rho: 0.2625, transmit_actions: 18, P: [0.625, 0.0625, 0.0625, 0.0625, 0.0625, 0.0625, 0.0625, 0.0625, 0.0625, 0.0625, 0.0625, 0.0625, 0.0625, 0.0625, 0.0625, 0.0625, 0.0, 0.0625, 0.0625, 0.0625]
[TRAIN]: (1237/1600): reward: 20.017997980117798, rates: 20.017998046158073, loss: 0.3772201709449291, rho: 0.21875, transmit_actions: 19, P: [0.6875, 0.0625, 0.0625, 0.0625, 0.0625, 0.0625, 0.0625, 0.0625, 0.0625, 0.0625, 0.0625, 0.0625, 0.0625, 0.0625, 0.0625, 0.0625, 0.0625, 0.0625, 0.0625, 0.0625]
[TRAIN]: (1238/1600): reward: 5.678202744573355, rates: 16.678202773601537, loss: 0.34300352483987806, rho: 0.2375, transmit_actions: 18, P: [0.625, 0.9375, 0.0625, 0.0625, 0.0625, 0.0625, 0.0625, 0.0625, 0.125, 0.0625, 0.0625, 0.0625, 0.125, 0.0625, 0.0625, 0.0625, 0.8125, 0.0625, 0.0625, 0.0625]
[TRAIN]: (1239/1600): reward: 20.1900132894516, rates: 20.190013168612946, loss: 0.4004995971918106, rho: 0.24375, transmit_actions: 19, P: [0.625, 0.0625, 0.0625, 0.0625, 0.0625, 0.0625, 0.0625, 0.0625, 0.0625, 0.0625, 0.0625, 0.0625, 0.0625, 0.0625, 0.0625, 0.0625, 0.0625, 0.0625, 0.0625, 0.0625]
[TRAIN]: (1240/1600): reward: 16.884998485445976, rates: 16.884998405090077, loss: 0.3415027692914009, rho: 0.25625, transmit_actions: 18, P: [0.625, 0.75, 0.0625, 0.0625, 0.0625, 0.125, 0.0625, 0.0625, 0.0625, 0.0625, 0.0625, 0.0625, 0.0625, 0.0625, 0.0625, 0.0625, 0.0625, 0.0625, 0.0625, 0.0625]
[TRAIN]: (1241/1600): reward: 18.522049725055695, rates: 18.52204976841425, loss: 0.5375972986221313, rho: 0.2625, transmit_actions: 19, P: [0.75, 0.0625, 0.0625, 0.0625, 0.0625, 0.0625, 0.0625, 0.0625, 0.0625, 0.0625, 0.0625, 0.0625, 0.0625, 0.0625, 0.0625, 0.0625, 0.0625, 0.0625, 0.0625, 0.0625]
[TRAIN]: (1242/1600): reward: 20.265136122703552, rates: 20.265136165072818, loss: 0.32002781629562377, rho: 0.2, transmit_actions: 19, P: [0.9375, 0.0625, 0.0625, 0.0625, 0.0625, 0.0625, 0.0625, 0.0625, 0.0625, 0.0625, 0.0625, 0.0625, 0.0625, 0.0625, 0.0625, 0.125, 0.0625, 0.0625, 0.125, 0.0625]
[TRAIN]: (1243/1600): reward: 17.0345548838377, rates: 18.03455474283777, loss: 0.4379563592374325, rho: 0.2625, transmit_actions: 18, P: [0.75, 0.0625, 0.0625, 0.0625, 0.0625, 0.0625, 0.0625, 0.0625, 0.0625, 0.0625, 0.125, 0.125, 0.0625, 0.0625, 0.0625, 0.0625, 0.8125, 0.0625, 0.125, 0.0625]
[TRAIN]: (1244/1600): reward: 19.238649249076843, rates: 19.238649268131194, loss: 0.4143558606505394, rho: 0.2125, transmit_actions: 19, P: [0.9375, 0.0625, 0.0625, 0.0625, 0.0625, 0.0625, 0.0625, 0.0625, 0.0625, 0.0625, 0.0625, 0.0625, 0.0625, 0.0625, 0.0625, 0.0625, 0.0625, 0.0625, 0.0625, 0.0625]
[TRAIN]: (1245/1600): reward: 17.778035879135132, rates: 17.77803602578996, loss: 0.41729123890399933, rho: 0.25625, transmit_actions: 19, P: [0.9375, 0.0625, 0.0625, 0.0625, 0.0625, 0.0625, 0.0625, 0.0625, 0.0625, 0.0625, 0.0625, 0.0625, 0.0625, 0.125, 0.0625, 0.0625, 0.0625, 0.0625, 0.0625, 0.0625]
[TRAIN]: (1246/1600): reward: 15.787038564682007, rates: 18.787038604522493, loss: 0.3798480942845345, rho: 0.2625, transmit_actions: 19, P: [0.75, 0.0625, 0.0625, 0.0625, 0.0625, 0.0625, 0.0625, 0.0625, 0.0625, 0.25, 0.0625, 0.0625, 0.0625, 0.0625, 0.0625, 0.0625, 0.0625, 0.0625, 0.0625, 0.0625]
[TRAIN]: (1247/1600): reward: 19.702649176120758, rates: 19.702649337452314, loss: 0.4207200288772583, rho: 0.275, transmit_actions: 19, P: [0.75, 0.0625, 0.0625, 0.125, 0.0625, 0.0625, 0.0625, 0.0625, 0.0625, 0.0625, 0.0625, 0.0625, 0.0625, 0.0625, 0.0625, 0.0625, 0.0625, 0.0625, 0.0625, 0.0625]
[TRAIN]: (1248/1600): reward: 19.693887621164322, rates: 19.693887608940216, loss: 0.37185266315937043, rho: 0.23125, transmit_actions: 19, P: [0.75, 0.0625, 0.125, 0.0625, 0.0625, 0.0625, 0.0625, 0.0625, 0.0625, 0.0625, 0.125, 0.0625, 0.125, 0.0625, 0.0625, 0.0625, 0.0625, 0.0625, 0.0625, 0.0625]
[TRAIN]: (1249/1600): reward: 17.790070235729218, rates: 17.790070137031087, loss: 0.36264847218990326, rho: 0.26875, transmit_actions: 19, P: [0.75, 0.0625, 0.0625, 0.0625, 0.0625, 0.0625, 0.0625, 0.0625, 0.125, 0.0625, 0.0625, 0.0625, 0.0625, 0.0625, 0.0625, 0.0625, 0.0625, 0.0625, 0.0625, 0.0625]
[TRAIN]: (1250/1600): reward: 17.159507632255554, rates: 20.159507575029146, loss: 0.4952940456569195, rho: 0.25, transmit_actions: 19, P: [0.75, 0.0625, 0.0625, 0.0625, 0.0625, 0.0625, 0.0625, 0.0625, 0.0625, 0.0625, 0.0625, 0.0625, 0.0625, 0.0625, 0.0625, 0.0625, 0.0625, 0.0625, 0.0625, 0.0625]
[TRAIN]: (1251/1600): reward: 18.42578947544098, rates: 18.425789500306504, loss: 0.39450269043445585, rho: 0.21875, transmit_actions: 19, P: [0.6875, 0.0625, 0.0625, 0.0625, 0.0625, 0.0625, 0.0625, 0.0625, 0.125, 0.0625, 0.0625, 0.0625, 0.0625, 0.0625, 0.0625, 0.0625, 0.0625, 0.0625, 0.0625, 0.0625]
[TRAIN]: (1252/1600): reward: 16.918279379606247, rates: 16.918279284143825, loss: 0.3529335893690586, rho: 0.26875, transmit_actions: 19, P: [0.25, 0.0, 0.0625, 0.0625, 0.0625, 0.0625, 0.0625, 0.0625, 0.0625, 0.125, 0.0625, 0.0625, 0.0625, 0.0625, 0.0625, 0.0625, 0.125, 0.125, 0.125, 0.0625]
[TRAIN]: (1253/1600): reward: 17.248098760843277, rates: 18.248098683330433, loss: 0.6493392445147037, rho: 0.24375, transmit_actions: 19, P: [0.3125, 0.0625, 0.0625, 0.0625, 0.0625, 0.0625, 0.0625, 0.0625, 0.0625, 0.0625, 0.0625, 0.0625, 0.0625, 0.0625, 0.0625, 0.0625, 0.0625, 0.125, 0.0625, 0.0625]
[TRAIN]: (1254/1600): reward: 19.41037368774414, rates: 19.41037366511056, loss: 0.30743530839681626, rho: 0.2, transmit_actions: 18, P: [0.3125, 0.9375, 0.0625, 0.0625, 0.0625, 0.0625, 0.0625, 0.0625, 0.125, 0.0625, 0.0625, 0.0625, 0.0625, 0.125, 0.0625, 0.0625, 0.0625, 0.0625, 0.0625, 0.0625]
[TRAIN]: (1255/1600): reward: 20.514467656612396, rates: 20.514467792615314, loss: 0.3739805266261101, rho: 0.20625, transmit_actions: 19, P: [0.3125, 0.0625, 0.0625, 0.0625, 0.0625, 0.0625, 0.0625, 0.0625, 0.0625, 0.0625, 0.0625, 0.0625, 0.0625, 0.0625, 0.0625, 0.0625, 0.0625, 0.0625, 0.0625, 0.0625]
[TRAIN]: (1256/1600): reward: 19.26223734021187, rates: 19.26223712490428, loss: 0.4513703554868698, rho: 0.2, transmit_actions: 19, P: [0.25, 0.0625, 0.0625, 0.0625, 0.0625, 0.0625, 0.0625, 0.0625, 0.0625, 0.0625, 0.0625, 0.0625, 0.125, 0.0625, 0.0625, 0.0625, 0.0625, 0.0625, 0.0625, 0.0625]
[TRAIN]: (1257/1600): reward: 18.503194630146027, rates: 18.50319473232548, loss: 0.3118712119758129, rho: 0.225, transmit_actions: 18, P: [1.0, 0.875, 0.0625, 0.0625, 0.125, 0.0625, 0.0625, 0.125, 0.125, 0.0625, 0.0625, 0.0625, 0.0625, 0.0625, 0.0625, 0.0625, 0.0625, 0.0625, 0.0625, 0.0625]
[TRAIN]: (1258/1600): reward: 19.812547147274017, rates: 19.812547150664138, loss: 0.46110567152500154, rho: 0.2375, transmit_actions: 19, P: [1.0, 0.0625, 0.0625, 0.0625, 0.0625, 0.0625, 0.125, 0.0625, 0.125, 0.0625, 0.0625, 0.0625, 0.0625, 0.0625, 0.0625, 0.0625, 0.0625, 0.0625, 0.0625, 0.0625]
[TRAIN]: (1259/1600): reward: 7.19921438395977, rates: 18.199214404440866, loss: 0.4455074265599251, rho: 0.2125, transmit_actions: 18, P: [0.875, 0.8125, 0.0625, 0.0625, 0.0625, 0.0625, 0.0625, 0.0625, 0.0625, 1.0, 0.0625, 0.0625, 0.0625, 0.0625, 0.0625, 0.0625, 0.125, 0.0625, 0.0625, 0.0625]
[TRAIN]: (1260/1600): reward: 7.380681127309799, rates: 17.380681162328866, loss: 0.40417143106460574, rho: 0.24375, transmit_actions: 18, P: [1.0, 0.0625, 0.0625, 0.0625, 0.0625, 0.0625, 0.0625, 0.0625, 0.9375, 0.0625, 0.0625, 0.0625, 0.0625, 0.0625, 0.0625, 0.0625, 0.0625, 0.0625, 0.0625, 0.0625]
[TRAIN]: (1261/1600): reward: 17.933371037244797, rates: 18.933371040963348, loss: 0.3113767519593239, rho: 0.23125, transmit_actions: 19, P: [1.0, 0.0625, 0.0625, 0.0625, 0.0625, 0.0625, 0.125, 0.125, 0.0625, 0.0625, 0.125, 0.0625, 0.0625, 0.0625, 0.125, 0.0625, 0.125, 0.0625, 0.0625, 0.0625]
[TRAIN]: (1262/1600): reward: 6.403728544712067, rates: 16.403728669336, loss: 0.3371318720281124, rho: 0.25625, transmit_actions: 18, P: [1.0, 0.0625, 0.0625, 0.0625, 0.0625, 0.0625, 0.0625, 0.0625, 0.0625, 0.125, 0.125, 0.0625, 0.0625, 0.0625, 0.0625, 0.0625, 0.0625, 0.8125, 0.0625, 0.0625]
[TRAIN]: (1263/1600): reward: 16.048127353191376, rates: 18.0481273476504, loss: 0.43449388444423676, rho: 0.23125, transmit_actions: 19, P: [1.0, 0.0625, 0.0625, 0.0625, 0.0625, 0.0625, 0.0625, 0.0625, 0.0625, 0.125, 0.0625, 0.0625, 0.0625, 0.0625, 0.0625, 0.0625, 0.0625, 0.125, 0.0625, 0.0625]
[TRAIN]: (1264/1600): reward: 17.55854544043541, rates: 17.558545460400943, loss: 0.3220112547278404, rho: 0.25625, transmit_actions: 18, P: [0.75, 0.9375, 0.0625, 0.0625, 0.0625, 0.0625, 0.0625, 0.0625, 0.0625, 0.0625, 0.0625, 0.125, 0.0625, 0.0625, 0.0625, 0.0625, 0.0625, 0.125, 0.0625, 0.0625]
[TRAIN]: (1265/1600): reward: 16.93236795067787, rates: 16.932368087921862, loss: 0.37115761563181876, rho: 0.2625, transmit_actions: 19, P: [0.75, 0.0625, 0.0625, 0.0625, 0.0625, 0.0625, 0.0625, 0.0625, 0.0625, 0.0625, 0.0625, 0.0625, 0.0625, 0.0625, 0.0625, 0.0625, 0.0625, 0.0625, 0.0625, 0.0625]
[TRAIN]: (1266/1600): reward: 16.762078553438187, rates: 16.762078325537296, loss: 0.3709621123969555, rho: 0.23125, transmit_actions: 18, P: [1.0, 0.875, 0.0625, 0.0625, 0.0625, 0.0625, 0.0625, 0.0625, 0.0625, 0.0625, 0.0625, 0.0625, 0.0625, 0.0625, 0.0625, 0.0625, 0.0625, 0.0625, 0.0625, 0.0625]
[TRAIN]: (1267/1600): reward: 13.833868384361267, rates: 18.833868439668166, loss: 0.4599062971770763, rho: 0.23125, transmit_actions: 18, P: [1.0, 0.5, 0.0625, 0.125, 0.0625, 0.0625, 0.0625, 0.0625, 0.0625, 0.0625, 0.0625, 0.0625, 0.0625, 0.0625, 0.0625, 0.0625, 0.0625, 0.0625, 0.0625, 0.0625]
[TRAIN]: (1268/1600): reward: 8.158766448497772, rates: 18.158766433533888, loss: 0.37865434437990186, rho: 0.25625, transmit_actions: 18, P: [0.875, 0.625, 0.0625, 0.0625, 0.0625, 0.0625, 0.0625, 0.0625, 0.0625, 0.0625, 0.0625, 0.0625, 0.0625, 0.0625, 0.0625, 0.0625, 0.0625, 0.0625, 0.0625, 0.0625]
[TRAIN]: (1269/1600): reward: 15.828943371772766, rates: 15.828943245886212, loss: 0.3739617973566055, rho: 0.2875, transmit_actions: 18, P: [0.875, 1.0, 0.0625, 0.0625, 0.0625, 0.0625, 0.0625, 0.0625, 0.0625, 0.0625, 0.0, 0.0625, 0.0625, 0.0625, 0.0625, 0.125, 0.0625, 0.0625, 0.0625, 0.0625]
[TRAIN]: (1270/1600): reward: 10.881074488162994, rates: 17.88107473076429, loss: 0.32367675229907034, rho: 0.28125, transmit_actions: 18, P: [0.875, 0.8125, 0.0625, 0.0625, 0.0625, 0.0625, 0.0625, 0.125, 0.0625, 0.0625, 0.125, 0.0625, 0.0625, 0.0625, 0.0625, 0.0625, 0.0625, 0.0625, 0.25, 0.0625]
[TRAIN]: (1271/1600): reward: 16.968196749687195, rates: 17.96819690872334, loss: 0.4367874376475811, rho: 0.225, transmit_actions: 19, P: [0.75, 0.0625, 0.0625, 0.0625, 0.0625, 0.0625, 0.0625, 0.0625, 0.0625, 0.0625, 0.0625, 0.125, 0.0625, 0.0625, 0.0625, 0.0625, 0.0625, 0.0625, 0.0625, 0.0625]
[TRAIN]: (1272/1600): reward: 20.284489780664444, rates: 20.284489694292517, loss: 0.46578874439001083, rho: 0.20625, transmit_actions: 19, P: [0.6875, 0.0625, 0.0625, 0.0625, 0.0625, 0.0625, 0.125, 0.0625, 0.0625, 0.0625, 0.125, 0.0625, 0.0625, 0.0625, 0.0625, 0.125, 0.0625, 0.0625, 0.0625, 0.0625]
[TRAIN]: (1273/1600): reward: -4.128986746072769, rates: 13.871013439809925, loss: 0.44101725816726683, rho: 0.35, transmit_actions: 18, P: [0.25, 0.875, 0.0625, 0.0625, 0.0625, 0.0625, 0.0625, 0.125, 0.5, 0.0625, 0.0625, 0.0625, 0.0625, 0.0625, 0.125, 0.125, 0.0625, 0.0625, 0.0625, 0.125]
[TRAIN]: (1274/1600): reward: 18.118928641080856, rates: 18.118928702280638, loss: 0.50331791639328, rho: 0.23125, transmit_actions: 19, P: [0.25, 0.0625, 0.0625, 0.0625, 0.0625, 0.0625, 0.0625, 0.0625, 0.0625, 0.0625, 0.125, 0.0625, 0.0625, 0.0625, 0.0625, 0.0625, 0.0625, 0.0625, 0.0625, 0.0625]
[TRAIN]: (1275/1600): reward: 16.288468159735203, rates: 19.288468208444726, loss: 0.3500364385545254, rho: 0.23125, transmit_actions: 19, P: [0.25, 0.0625, 0.0625, 0.0625, 0.0625, 0.0625, 0.125, 0.0625, 0.125, 0.125, 0.0625, 0.0625, 0.0625, 0.0625, 0.0625, 0.0625, 0.0625, 0.0625, 0.0625, 0.0625]
[TRAIN]: (1276/1600): reward: 18.807443618774414, rates: 18.807443724734757, loss: 0.3817407138645649, rho: 0.23125, transmit_actions: 19, P: [0.25, 0.0625, 0.0625, 0.0625, 0.0625, 0.0625, 0.0625, 0.0625, 0.0625, 0.0625, 0.0625, 0.0625, 0.0625, 0.0625, 0.0625, 0.0625, 0.0625, 0.0625, 0.0625, 0.0625]
[TRAIN]: (1277/1600): reward: 19.146895170211792, rates: 20.14689513452053, loss: 0.3543351091444492, rho: 0.21875, transmit_actions: 19, P: [0.25, 0.0625, 0.0625, 0.0625, 0.0625, 0.0625, 0.0625, 0.0625, 0.0625, 0.0625, 0.0625, 0.0625, 0.0625, 0.0625, 0.0625, 0.0625, 0.0625, 0.0625, 0.0625, 0.0625]
[TRAIN]: (1278/1600): reward: 17.612924188375473, rates: 18.612924285649424, loss: 0.34088124334812164, rho: 0.225, transmit_actions: 19, P: [1.0, 0.0625, 0.0625, 0.0625, 0.0625, 0.0625, 0.0625, 0.0625, 0.0625, 0.125, 0.0625, 0.0625, 0.0625, 0.125, 0.125, 0.125, 0.0625, 0.0625, 0.0625, 0.0625]
[TRAIN]: (1279/1600): reward: 17.471823632717133, rates: 18.471823731717006, loss: 0.359178676456213, rho: 0.23125, transmit_actions: 19, P: [1.0, 0.0625, 0.125, 0.0625, 0.0625, 0.0625, 0.0625, 0.0625, 0.0625, 0.0625, 0.0625, 0.0625, 0.0625, 0.0625, 0.0625, 0.0625, 0.0625, 0.0625, 0.0625, 0.0625]
[TRAIN]: (1280/1600): reward: 18.486417055130005, rates: 18.4864169143282, loss: 0.37373273596167567, rho: 0.24375, transmit_actions: 19, P: [1.0, 0.0625, 0.0625, 0.0625, 0.0625, 0.0625, 0.0625, 0.0625, 0.0625, 0.0625, 0.0625, 0.0625, 0.0625, 0.0625, 0.0625, 0.0625, 0.0625, 0.0625, 0.0625, 0.0625]
[TRAIN]: (1281/1600): reward: 20.356212735176086, rates: 20.356212628069986, loss: 0.3395979657769203, rho: 0.2125, transmit_actions: 19, P: [1.0, 0.0625, 0.0625, 0.0625, 0.0625, 0.0625, 0.0625, 0.0625, 0.0625, 0.0625, 0.0625, 0.0625, 0.0625, 0.0625, 0.0625, 0.0625, 0.0625, 0.0625, 0.0625, 0.0625]
[TRAIN]: (1282/1600): reward: -3.9973421841859818, rates: 17.00265792010222, loss: 0.42791097462177274, rho: 0.2625, transmit_actions: 17, P: [1.0, 0.0625, 0.0625, 0.5625, 0.0625, 0.0625, 0.0625, 0.125, 0.0625, 0.0625, 0.125, 0.0625, 0.0625, 0.0625, 0.0625, 0.0625, 0.0625, 0.0625, 0.0625, 0.3125]
[TRAIN]: (1283/1600): reward: 19.24687620997429, rates: 19.246876046367607, loss: 0.3745559185743332, rho: 0.24375, transmit_actions: 19, P: [1.0, 0.0625, 0.0625, 0.0625, 0.0625, 0.0625, 0.0625, 0.0625, 0.0625, 0.0625, 0.0625, 0.0625, 0.0625, 0.0625, 0.0625, 0.125, 0.0625, 0.0625, 0.0625, 0.0625]
[TRAIN]: (1284/1600): reward: 17.57369799911976, rates: 18.57369781390577, loss: 0.4367496959865093, rho: 0.25, transmit_actions: 19, P: [0.0625, 0.0625, 0.0625, 0.0625, 0.0625, 0.125, 0.0625, 0.0625, 0.0625, 0.0625, 0.0625, 0.0625, 0.0625, 0.125, 0.0625, 0.0625, 0.0625, 0.0625, 0.0625, 0.0625]
[TRAIN]: (1285/1600): reward: 18.6203151345253, rates: 19.620315272682312, loss: 0.4132167711853981, rho: 0.225, transmit_actions: 19, P: [0.0625, 0.0625, 0.0625, 0.0625, 0.0625, 0.0625, 0.0625, 0.0625, 0.0625, 0.0625, 0.0625, 0.0625, 0.0625, 0.0625, 0.0625, 0.0625, 0.125, 0.0625, 0.125, 0.0625]
[TRAIN]: (1286/1600): reward: 16.3577001169906, rates: 18.357699967821393, loss: 0.3541030913591385, rho: 0.24375, transmit_actions: 18, P: [0.0625, 0.0625, 0.0625, 1.0, 0.0625, 0.0625, 0.0625, 0.0625, 0.125, 0.0625, 0.0625, 0.0625, 0.0625, 0.0625, 0.0625, 0.125, 0.125, 0.0625, 0.0625, 0.0625]
[TRAIN]: (1287/1600): reward: 16.560595281422138, rates: 18.560595230563077, loss: 0.3119138337671757, rho: 0.24375, transmit_actions: 19, P: [1.0, 0.0625, 0.0625, 0.0625, 0.0625, 0.0625, 0.0625, 0.0625, 0.125, 0.0625, 0.0625, 0.0625, 0.0625, 0.0625, 0.0625, 0.0625, 0.0625, 0.0625, 0.125, 0.0625]
[TRAIN]: (1288/1600): reward: 18.36617887020111, rates: 18.366178736246585, loss: 0.332991224527359, rho: 0.23125, transmit_actions: 19, P: [0.6875, 0.0625, 0.0625, 0.0625, 0.0625, 0.0625, 0.0625, 0.0625, 0.0625, 0.0625, 0.0625, 0.0625, 0.0625, 0.0625, 0.125, 0.0625, 0.0625, 0.0625, 0.0625, 0.0625]
[TRAIN]: (1289/1600): reward: 15.782903581857681, rates: 18.782903636955034, loss: 0.3371735416352749, rho: 0.2375, transmit_actions: 19, P: [0.6875, 0.0625, 0.0625, 0.0625, 0.0625, 0.0625, 0.0625, 0.0625, 0.0625, 0.0625, 0.0625, 0.125, 0.0625, 0.0625, 0.0625, 0.0625, 0.0625, 0.0625, 0.0625, 0.0625]
[TRAIN]: (1290/1600): reward: 19.1157366335392, rates: 19.115736436042717, loss: 0.4155527874827385, rho: 0.20625, transmit_actions: 19, P: [0.6875, 0.0625, 0.0625, 0.0625, 0.0625, 0.0625, 0.0625, 0.0625, 0.0625, 0.0625, 0.0625, 0.0625, 0.0625, 0.0625, 0.0625, 0.0625, 0.0625, 0.0625, 0.0625, 0.0625]
[TRAIN]: (1291/1600): reward: 18.522595897316933, rates: 18.522595984709014, loss: 0.29733486473560333, rho: 0.25, transmit_actions: 19, P: [0.875, 0.0625, 0.0625, 0.0625, 0.0625, 0.0625, 0.0625, 0.0625, 0.0625, 0.125, 0.0625, 0.0625, 0.0625, 0.0625, 0.0625, 0.0625, 0.0625, 0.0625, 0.0625, 0.0625]
[TRAIN]: (1292/1600): reward: 19.830498456954956, rates: 19.83049830841373, loss: 0.34209855273365974, rho: 0.21875, transmit_actions: 19, P: [0.25, 0.0625, 0.0625, 0.0625, 0.0625, 0.0625, 0.0625, 0.0625, 0.0625, 0.0625, 0.0625, 0.0625, 0.0625, 0.0625, 0.0625, 0.0625, 0.0625, 0.0625, 0.0625, 0.0625]
[TRAIN]: (1293/1600): reward: 17.543127939105034, rates: 17.54312788950682, loss: 0.3994699254631996, rho: 0.25625, transmit_actions: 19, P: [0.75, 0.0625, 0.0625, 0.0625, 0.0625, 0.0625, 0.0625, 0.0625, 0.0625, 0.0625, 0.0625, 0.0625, 0.0625, 0.0625, 0.125, 0.0625, 0.0625, 0.0625, 0.0625, 0.0625]
[TRAIN]: (1294/1600): reward: 16.468124747276306, rates: 18.468124743828017, loss: 0.33896469250321387, rho: 0.2125, transmit_actions: 19, P: [0.75, 0.0625, 0.0625, 0.125, 0.0625, 0.0625, 0.0625, 0.0625, 0.0625, 0.125, 0.0625, 0.0625, 0.125, 0.0625, 0.125, 0.0625, 0.0625, 0.0625, 0.0625, 0.0625]
[TRAIN]: (1295/1600): reward: 18.34908425807953, rates: 18.349084446350822, loss: 0.40033173859119414, rho: 0.225, transmit_actions: 18, P: [0.9375, 0.6875, 0.0625, 0.0625, 0.0625, 0.0625, 0.0625, 0.125, 0.0625, 0.0625, 0.0625, 0.0625, 0.0625, 0.0625, 0.0625, 0.0625, 0.0625, 0.0625, 0.0625, 0.0625]
[TRAIN]: (1296/1600): reward: 18.530821844935417, rates: 18.53082183603958, loss: 0.455745430290699, rho: 0.24375, transmit_actions: 19, P: [0.9375, 0.0625, 0.0625, 0.0625, 0.0625, 0.0625, 0.0625, 0.0625, 0.0625, 0.0625, 0.0625, 0.0625, 0.0625, 0.0625, 0.0625, 0.0625, 0.0625, 0.0625, 0.0625, 0.0625]
[TRAIN]: (1297/1600): reward: 19.311414301395416, rates: 19.31141449726609, loss: 0.36289048939943314, rho: 0.25, transmit_actions: 19, P: [0.9375, 0.0625, 0.0625, 0.0625, 0.0625, 0.0625, 0.125, 0.125, 0.0625, 0.0625, 0.0625, 0.0625, 0.0625, 0.0625, 0.0625, 0.0625, 0.0625, 0.0625, 0.0625, 0.0625]
[TRAIN]: (1298/1600): reward: 20.099887430667877, rates: 20.09988744869586, loss: 0.4023445799946785, rho: 0.21875, transmit_actions: 19, P: [0.9375, 0.0625, 0.0625, 0.0625, 0.0625, 0.0625, 0.0625, 0.0625, 0.0625, 0.0625, 0.0625, 0.0625, 0.0625, 0.0625, 0.0625, 0.0625, 0.0625, 0.0625, 0.0625, 0.0625]
[TRAIN]: (1299/1600): reward: 18.550069332122803, rates: 18.550069494701045, loss: 0.35783734992146493, rho: 0.2375, transmit_actions: 19, P: [0.9375, 0.0625, 0.0625, 0.0625, 0.0625, 0.0625, 0.0625, 0.0625, 0.0625, 0.0625, 0.0625, 0.0625, 0.0625, 0.0625, 0.0625, 0.0625, 0.0625, 0.0625, 0.0625, 0.0625]
[TRAIN]: (1300/1600): reward: 13.437046945095062, rates: 18.437047009911847, loss: 0.3327936679124832, rho: 0.2375, transmit_actions: 19, P: [1.0, 0.0625, 0.0625, 0.0625, 0.0625, 0.0625, 0.0625, 0.125, 0.1875, 0.0625, 0.0625, 0.0625, 0.0625, 0.0625, 0.0625, 0.0625, 0.0625, 0.0625, 0.0625, 0.0625]
[TRAIN]: (1301/1600): reward: 13.71997743844986, rates: 19.719977565783577, loss: 0.3154325246810913, rho: 0.19375, transmit_actions: 18, P: [0.3125, 0.5, 0.0625, 0.0625, 0.0625, 0.0625, 0.0625, 0.0625, 0.0625, 0.0625, 0.0625, 0.0625, 0.0625, 0.0625, 0.0625, 0.0625, 0.0625, 0.0625, 0.0625, 0.0625]
[TRAIN]: (1302/1600): reward: 10.038464337587357, rates: 16.038464410561474, loss: 0.4125884689390659, rho: 0.21875, transmit_actions: 18, P: [0.3125, 0.4375, 0.125, 0.0625, 0.0625, 0.0625, 0.0625, 0.0625, 0.0625, 0.0625, 0.0625, 0.0625, 0.0625, 0.0625, 0.0625, 0.0625, 0.0625, 0.0625, 0.0625, 0.125]
[TRAIN]: (1303/1600): reward: 17.795564770698547, rates: 17.79556468487964, loss: 0.3686838373541832, rho: 0.25, transmit_actions: 19, P: [0.6875, 0.0625, 0.0625, 0.0625, 0.0625, 0.0625, 0.0625, 0.0625, 0.0625, 0.0625, 0.0625, 0.0625, 0.0625, 0.0625, 0.0625, 0.0625, 0.0625, 0.0625, 0.0625, 0.0625]
[TRAIN]: (1304/1600): reward: 9.956258594989777, rates: 16.956258651527815, loss: 0.4234191723167896, rho: 0.25, transmit_actions: 19, P: [0.75, 0.0625, 0.0625, 0.0625, 0.0625, 0.125, 0.125, 0.0625, 0.0625, 0.0625, 0.0625, 0.625, 0.0625, 0.0625, 0.0625, 0.0625, 0.0625, 0.0625, 0.0625, 0.0625]
[TRAIN]: (1305/1600): reward: 18.51468525826931, rates: 19.51468518326506, loss: 0.41082670614123346, rho: 0.21875, transmit_actions: 19, P: [0.6875, 0.0625, 0.0625, 0.0625, 0.0625, 0.0625, 0.125, 0.125, 0.0625, 0.0625, 0.0625, 0.0625, 0.0625, 0.0625, 0.0625, 0.0625, 0.0625, 0.0625, 0.0625, 0.125]
[TRAIN]: (1306/1600): reward: 18.187242448329926, rates: 18.18724244401566, loss: 0.44805348813533785, rho: 0.21875, transmit_actions: 19, P: [0.6875, 0.0625, 0.0625, 0.0625, 0.0625, 0.0625, 0.0625, 0.0625, 0.0625, 0.0625, 0.0625, 0.0625, 0.0625, 0.0625, 0.0625, 0.0625, 0.0625, 0.0625, 0.0625, 0.0625]
[TRAIN]: (1307/1600): reward: 19.282080590724945, rates: 19.282080871844816, loss: 0.4805185832083225, rho: 0.225, transmit_actions: 18, P: [0.75, 0.8125, 0.0625, 0.0625, 0.0625, 0.0625, 0.125, 0.0625, 0.0625, 0.0625, 0.0625, 0.0625, 0.0625, 0.0625, 0.0625, 0.0625, 0.0625, 0.0625, 0.0625, 0.0625]
[TRAIN]: (1308/1600): reward: 8.342719227075577, rates: 18.34271921502949, loss: 0.3634521946310997, rho: 0.26875, transmit_actions: 18, P: [1.0, 0.0625, 0.0625, 0.0625, 0.25, 0.0625, 0.0625, 0.0625, 0.0625, 0.0625, 0.0625, 0.0625, 0.0625, 0.0625, 0.0625, 0.125, 0.0625, 0.0625, 0.0625, 0.0625]
[TRAIN]: (1309/1600): reward: 17.11433309316635, rates: 17.114333235153964, loss: 0.36927270591259004, rho: 0.21875, transmit_actions: 18, P: [0.25, 0.75, 0.0625, 0.0625, 0.0625, 0.0625, 0.0625, 0.0625, 0.0625, 0.0625, 0.0625, 0.0625, 0.0625, 0.0625, 0.0625, 0.125, 0.0625, 0.0625, 0.0625, 0.0625]
[TRAIN]: (1310/1600): reward: 19.378893792629242, rates: 19.378893938186827, loss: 0.42922190502285956, rho: 0.26875, transmit_actions: 19, P: [0.25, 0.0625, 0.0625, 0.0625, 0.125, 0.0625, 0.0625, 0.0625, 0.0625, 0.125, 0.0625, 0.0625, 0.0625, 0.0625, 0.0625, 0.0625, 0.0625, 0.0625, 0.0625, 0.0625]
[TRAIN]: (1311/1600): reward: 17.186174422502518, rates: 17.186174341372368, loss: 0.3165204130113125, rho: 0.19375, transmit_actions: 19, P: [0.375, 0.0625, 0.0625, 0.0625, 0.0625, 0.0625, 0.0625, 0.0625, 0.0625, 0.0625, 0.0625, 0.0625, 0.0625, 0.0625, 0.0625, 0.0625, 0.0625, 0.0625, 0.0625, 0.0625]
[TRAIN]: (1312/1600): reward: 19.494471728801727, rates: 19.494471364477228, loss: 0.4307516559958458, rho: 0.2125, transmit_actions: 19, P: [0.75, 0.0625, 0.0625, 0.0625, 0.0625, 0.0625, 0.0625, 0.0625, 0.0625, 0.0625, 0.0625, 0.0625, 0.0625, 0.0625, 0.0625, 0.0625, 0.0625, 0.0625, 0.0625, 0.0625]
[TRAIN]: (1313/1600): reward: 9.982764832675457, rates: 18.982764656531295, loss: 0.36308574825525286, rho: 0.1875, transmit_actions: 18, P: [0.5625, 0.0625, 0.625, 0.0625, 0.0625, 0.0625, 0.0625, 0.0625, 0.0625, 0.125, 0.0625, 0.0625, 0.0625, 0.0625, 0.0625, 0.0625, 0.0625, 0.0625, 0.0625, 0.0625]
[TRAIN]: (1314/1600): reward: 10.281152844429016, rates: 18.281152577423367, loss: 0.3673139002174139, rho: 0.2375, transmit_actions: 18, P: [0.25, 0.6875, 0.0625, 0.0625, 0.0625, 0.0625, 0.0625, 0.0625, 0.0625, 0.0625, 0.0625, 0.0625, 0.0625, 0.0625, 0.0625, 0.0625, 0.0625, 0.0625, 0.0625, 0.0625]
[TRAIN]: (1315/1600): reward: 7.140293836593628, rates: 17.14029391887413, loss: 0.38020825386047363, rho: 0.26875, transmit_actions: 17, P: [0.25, 0.0625, 0.0625, 0.8125, 0.0625, 0.125, 0.0625, 0.0625, 0.0625, 0.0625, 0.0625, 0.0625, 0.0625, 0.0625, 0.0625, 0.0625, 0.0625, 0.0625, 0.8125, 0.0625]
[TRAIN]: (1316/1600): reward: 19.029825121164322, rates: 19.02982532953195, loss: 0.4626292251050472, rho: 0.2125, transmit_actions: 18, P: [0.5625, 0.9375, 0.0625, 0.0625, 0.0625, 0.0625, 0.0625, 0.0625, 0.0625, 0.125, 0.0625, 0.0625, 0.0625, 0.0625, 0.0625, 0.0625, 0.0625, 0.0625, 0.0625, 0.0625]
[TRAIN]: (1317/1600): reward: 18.683646202087402, rates: 18.683646201345343, loss: 0.3337202832102776, rho: 0.23125, transmit_actions: 19, P: [0.625, 0.0, 0.0625, 0.0625, 0.0625, 0.0625, 0.0625, 0.0625, 0.0625, 0.0625, 0.0625, 0.0625, 0.0625, 0.0625, 0.0625, 0.0625, 0.0625, 0.125, 0.0625, 0.125]
[TRAIN]: (1318/1600): reward: 19.76776283979416, rates: 19.767762843450416, loss: 0.40784660056233407, rho: 0.2375, transmit_actions: 19, P: [0.625, 0.0625, 0.0625, 0.0625, 0.0625, 0.0625, 0.0625, 0.0625, 0.125, 0.0625, 0.0625, 0.0625, 0.0625, 0.125, 0.0625, 0.0625, 0.0625, 0.0625, 0.0625, 0.0625]
[TRAIN]: (1319/1600): reward: 16.39925792813301, rates: 16.399257976124048, loss: 0.3382663920521736, rho: 0.25625, transmit_actions: 19, P: [0.625, 0.0625, 0.0625, 0.0625, 0.0625, 0.0625, 0.0625, 0.0625, 0.0625, 0.0625, 0.0625, 0.0625, 0.0625, 0.0625, 0.0625, 0.0625, 0.0625, 0.0625, 0.0625, 0.0625]
[TRAIN]: (1320/1600): reward: 18.197548121213913, rates: 18.197548061575848, loss: 0.32712070681154726, rho: 0.225, transmit_actions: 19, P: [0.625, 0.0625, 0.0625, 0.0625, 0.0625, 0.0625, 0.0625, 0.0625, 0.0625, 0.0625, 0.0625, 0.0625, 0.0625, 0.0625, 0.0625, 0.0625, 0.0625, 0.0625, 0.0625, 0.0625]
[TRAIN]: (1321/1600): reward: 19.097185790538788, rates: 19.09718566438846, loss: 0.34493025541305544, rho: 0.175, transmit_actions: 19, P: [0.5, 0.0625, 0.0625, 0.0625, 0.0625, 0.0625, 0.125, 0.0625, 0.0625, 0.0625, 0.125, 0.0625, 0.0625, 0.0625, 0.0625, 0.0625, 0.0625, 0.0625, 0.0625, 0.0625]
[TRAIN]: (1322/1600): reward: 5.8951167315244675, rates: 16.895116706824364, loss: 0.37210567221045493, rho: 0.24375, transmit_actions: 18, P: [0.5, 0.0625, 0.75, 0.0625, 0.0625, 0.0625, 0.0625, 0.0625, 0.0625, 0.0625, 0.0625, 0.125, 0.0625, 0.0625, 0.0625, 0.0625, 0.0625, 0.0625, 0.0625, 0.0625]
[TRAIN]: (1323/1600): reward: 17.931002974510193, rates: 17.931003036675474, loss: 0.34048608168959615, rho: 0.20625, transmit_actions: 18, P: [0.5, 0.6875, 0.0625, 0.0625, 0.0625, 0.0625, 0.0625, 0.0625, 0.0625, 0.0625, 0.0625, 0.0625, 0.0625, 0.0625, 0.0625, 0.125, 0.0625, 0.0625, 0.0625, 0.0625]
[TRAIN]: (1324/1600): reward: 21.289675503969193, rates: 22.289675309181874, loss: 0.3816724896430969, rho: 0.175, transmit_actions: 19, P: [0.5, 0.0625, 0.0625, 0.0625, 0.0625, 0.0625, 0.0625, 0.0625, 0.0625, 0.0625, 0.0625, 0.0625, 0.0625, 0.0625, 0.0625, 0.0625, 0.0625, 0.0625, 0.125, 0.0625]
[TRAIN]: (1325/1600): reward: 8.337271749973297, rates: 18.33727193222216, loss: 0.37317384108901025, rho: 0.20625, transmit_actions: 18, P: [0.5, 0.0625, 0.0625, 0.0625, 0.0625, 0.0625, 0.0625, 0.0625, 0.0625, 0.0625, 0.6875, 0.0625, 0.125, 0.0625, 0.0625, 0.0625, 0.0625, 0.0625, 0.0625, 0.0625]
[TRAIN]: (1326/1600): reward: 17.48969480395317, rates: 17.48969484609971, loss: 0.32762524783611296, rho: 0.2125, transmit_actions: 19, P: [0.5, 0.0625, 0.0625, 0.0625, 0.125, 0.0625, 0.0625, 0.0625, 0.0625, 0.0625, 0.0625, 0.0625, 0.0625, 0.0625, 0.0625, 0.0625, 0.0625, 0.0625, 0.0625, 0.0625]
[TRAIN]: (1327/1600): reward: 16.980845659971237, rates: 17.98084550215095, loss: 0.41241368353366853, rho: 0.225, transmit_actions: 19, P: [0.5, 0.0625, 0.0625, 0.0625, 0.0625, 0.0625, 0.0625, 0.0625, 0.0625, 0.0625, 0.0625, 0.125, 0.125, 0.0625, 0.0625, 0.0625, 0.0625, 0.0625, 0.0625, 0.0625]
[TRAIN]: (1328/1600): reward: 16.804395496845245, rates: 18.804395609879734, loss: 0.306700100004673, rho: 0.225, transmit_actions: 19, P: [0.5, 0.0625, 0.0625, 0.0625, 0.0625, 0.0625, 0.125, 0.0625, 0.0625, 0.0625, 0.0625, 0.0625, 0.0625, 0.0625, 0.0625, 0.0625, 0.0625, 0.125, 0.0625, 0.0625]
[TRAIN]: (1329/1600): reward: 19.116650700569153, rates: 19.116650744253338, loss: 0.3598275803029537, rho: 0.20625, transmit_actions: 19, P: [0.5, 0.0625, 0.0625, 0.0625, 0.0625, 0.0625, 0.0625, 0.0625, 0.0625, 0.0625, 0.0625, 0.0625, 0.0625, 0.0625, 0.0625, 0.0625, 0.0625, 0.0625, 0.0625, 0.0625]
[TRAIN]: (1330/1600): reward: 18.823485374450684, rates: 18.823485351702193, loss: 0.3619841128587723, rho: 0.21875, transmit_actions: 19, P: [0.3125, 0.0625, 0.0625, 0.0625, 0.0625, 0.0625, 0.0625, 0.0625, 0.0625, 0.0625, 0.0625, 0.0625, 0.0625, 0.0625, 0.0625, 0.0625, 0.0625, 0.0625, 0.0625, 0.0625]
[TRAIN]: (1331/1600): reward: 20.23661881685257, rates: 20.23661878036272, loss: 0.39891339689493177, rho: 0.19375, transmit_actions: 19, P: [0.75, 0.0625, 0.0625, 0.0625, 0.0625, 0.0625, 0.0625, 0.0625, 0.0625, 0.0625, 0.0625, 0.0625, 0.0625, 0.0625, 0.0625, 0.0625, 0.0625, 0.0625, 0.125, 0.0625]
[TRAIN]: (1332/1600): reward: 20.781769514083862, rates: 20.781769379045546, loss: 0.40816524550318717, rho: 0.2, transmit_actions: 19, P: [0.75, 0.0625, 0.0625, 0.0625, 0.0625, 0.0625, 0.0625, 0.0625, 0.0625, 0.0625, 0.0625, 0.0625, 0.0625, 0.0625, 0.0625, 0.0625, 0.0625, 0.0625, 0.0625, 0.0625]
[TRAIN]: (1333/1600): reward: 18.327349215745926, rates: 18.327349103889787, loss: 0.4316557578742504, rho: 0.2375, transmit_actions: 19, P: [0.875, 0.0625, 0.0625, 0.125, 0.0625, 0.0625, 0.0625, 0.0625, 0.0625, 0.0625, 0.0625, 0.0625, 0.0625, 0.0625, 0.0625, 0.0625, 0.0625, 0.0625, 0.0625, 0.0625]
[TRAIN]: (1334/1600): reward: 16.133254885673523, rates: 18.13325498476926, loss: 0.397210618853569, rho: 0.2375, transmit_actions: 19, P: [0.875, 0.0625, 0.0625, 0.0625, 0.0625, 0.0625, 0.0625, 0.0625, 0.0625, 0.0625, 0.0625, 0.0625, 0.1875, 0.0625, 0.0625, 0.0625, 0.0625, 0.0625, 0.0625, 0.0625]
[TRAIN]: (1335/1600): reward: 20.825223565101624, rates: 20.82522354752503, loss: 0.5182289920747281, rho: 0.1875, transmit_actions: 19, P: [0.5, 0.0625, 0.0625, 0.0625, 0.0625, 0.0625, 0.0625, 0.0625, 0.0625, 0.0625, 0.0625, 0.0625, 0.0625, 0.0625, 0.0625, 0.0625, 0.0625, 0.0625, 0.0625, 0.0625]
[TRAIN]: (1336/1600): reward: 15.98788845539093, rates: 17.987888541875915, loss: 0.5005489483475685, rho: 0.23125, transmit_actions: 18, P: [1.0, 0.6875, 0.0625, 0.1875, 0.0625, 0.0625, 0.0625, 0.0625, 0.0625, 0.0625, 0.0625, 0.0625, 0.0625, 0.0625, 0.0625, 0.0625, 0.0625, 0.0625, 0.0625, 0.0625]
[TRAIN]: (1337/1600): reward: 6.127856731414795, rates: 17.127856864989123, loss: 0.3506643742322922, rho: 0.2375, transmit_actions: 19, P: [1.0, 0.8125, 0.0625, 0.0625, 0.0625, 0.0625, 0.0625, 0.0625, 0.0625, 0.0625, 0.0625, 0.0625, 0.0625, 0.0625, 0.0625, 0.0625, 0.0625, 0.0625, 0.125, 0.0625]
[TRAIN]: (1338/1600): reward: 17.052599519491196, rates: 18.052599343634792, loss: 0.32454642057418825, rho: 0.3, transmit_actions: 19, P: [1.0, 0.0625, 0.0625, 0.0625, 0.0625, 0.0625, 0.0625, 0.125, 0.0625, 0.0625, 0.0625, 0.0625, 0.0625, 0.0625, 0.125, 0.0625, 0.0625, 0.0625, 0.0625, 0.0625]
[TRAIN]: (1339/1600): reward: 18.31041356921196, rates: 18.310413400016436, loss: 0.3758322954177856, rho: 0.29375, transmit_actions: 19, P: [0.75, 0.0625, 0.0625, 0.0625, 0.0625, 0.0625, 0.125, 0.0625, 0.0625, 0.0625, 0.0625, 0.0625, 0.0625, 0.0625, 0.0625, 0.0625, 0.0625, 0.0625, 0.0625, 0.0625]
[TRAIN]: (1340/1600): reward: 19.236854255199432, rates: 19.236854199256964, loss: 0.3422413431107998, rho: 0.2125, transmit_actions: 19, P: [0.6875, 0.0625, 0.0625, 0.0625, 0.0625, 0.0625, 0.0625, 0.0625, 0.0625, 0.0625, 0.0625, 0.0625, 0.0625, 0.0625, 0.0625, 0.0625, 0.125, 0.0625, 0.0625, 0.0625]
[TRAIN]: (1341/1600): reward: 17.662261188030243, rates: 17.66226133789347, loss: 0.4059484384953976, rho: 0.21875, transmit_actions: 19, P: [1.0, 0.0625, 0.0625, 0.125, 0.0625, 0.0625, 0.0625, 0.0625, 0.0625, 0.0625, 0.0625, 0.125, 0.0625, 0.0625, 0.0625, 0.0625, 0.0625, 0.0625, 0.0625, 0.0625]
[TRAIN]: (1342/1600): reward: 16.319990932941437, rates: 17.319990815243745, loss: 0.330769968777895, rho: 0.25625, transmit_actions: 19, P: [0.6875, 0.0625, 0.0625, 0.0625, 0.0625, 0.0625, 0.0625, 0.0625, 0.125, 0.0625, 0.0625, 0.125, 0.0625, 0.0625, 0.0625, 0.0625, 0.0625, 0.0625, 0.0625, 0.0625]
[TRAIN]: (1343/1600): reward: 17.863689363002777, rates: 18.863689428150618, loss: 0.47203675135970113, rho: 0.2, transmit_actions: 19, P: [0.6875, 0.0625, 0.0625, 0.0625, 0.0625, 0.0625, 0.0625, 0.0625, 0.0625, 0.0625, 0.0625, 0.0625, 0.0625, 0.0625, 0.0625, 0.0625, 0.0625, 0.0625, 0.0625, 0.0625]
[TRAIN]: (1344/1600): reward: 17.741932332515717, rates: 19.741932100596163, loss: 0.43688835948705673, rho: 0.2, transmit_actions: 19, P: [0.6875, 0.0625, 0.1875, 0.0625, 0.125, 0.0625, 0.0625, 0.0625, 0.0625, 0.0625, 0.0625, 0.0625, 0.0625, 0.0625, 0.0625, 0.0625, 0.0625, 0.0625, 0.0625, 0.0625]
[TRAIN]: (1345/1600): reward: 20.101955473423004, rates: 20.101955361635568, loss: 0.32018125280737875, rho: 0.2, transmit_actions: 19, P: [1.0, 0.0625, 0.0625, 0.0625, 0.125, 0.0625, 0.0625, 0.0625, 0.0625, 0.0625, 0.0625, 0.0625, 0.0625, 0.0625, 0.0625, 0.0625, 0.0625, 0.0625, 0.0625, 0.0625]
[TRAIN]: (1346/1600): reward: 6.1603250205516815, rates: 16.160325241800038, loss: 0.41310791224241256, rho: 0.25625, transmit_actions: 18, P: [1.0, 0.0, 0.0625, 0.0625, 0.0625, 0.0625, 0.125, 0.0625, 0.0625, 0.0625, 0.0625, 0.125, 0.375, 0.125, 0.0625, 0.0625, 0.0625, 0.0625, 0.0625, 0.0625]
[TRAIN]: (1347/1600): reward: 19.633968323469162, rates: 19.6339684015821, loss: 0.4397700071334839, rho: 0.275, transmit_actions: 19, P: [1.0, 0.0625, 0.0625, 0.0625, 0.0625, 0.0625, 0.125, 0.0625, 0.0625, 0.0625, 0.0625, 0.0625, 0.0625, 0.0625, 0.125, 0.0625, 0.0625, 0.0625, 0.0625, 0.0625]
[TRAIN]: (1348/1600): reward: 17.614646300673485, rates: 17.614646141118268, loss: 0.39910274296998977, rho: 0.25, transmit_actions: 19, P: [0.9375, 0.0625, 0.0625, 0.0625, 0.0625, 0.0625, 0.0625, 0.0625, 0.0625, 0.0625, 0.0625, 0.0625, 0.0625, 0.0625, 0.0625, 0.0625, 0.0625, 0.0625, 0.0625, 0.0625]
[TRAIN]: (1349/1600): reward: 18.112740397453308, rates: 18.11274048530912, loss: 0.37161077186465263, rho: 0.24375, transmit_actions: 19, P: [0.25, 0.0625, 0.0625, 0.0625, 0.0625, 0.0625, 0.0625, 0.0625, 0.0625, 0.0625, 0.0625, 0.0625, 0.0625, 0.0625, 0.0625, 0.0625, 0.0625, 0.0625, 0.0625, 0.0625]
[TRAIN]: (1350/1600): reward: 20.97530910372734, rates: 20.97530904859261, loss: 0.32700440362095834, rho: 0.2375, transmit_actions: 19, P: [0.25, 0.0625, 0.0625, 0.0625, 0.0625, 0.0625, 0.0625, 0.0625, 0.0625, 0.0625, 0.0625, 0.125, 0.0625, 0.0625, 0.0625, 0.0625, 0.0625, 0.125, 0.0625, 0.0625]
[TRAIN]: (1351/1600): reward: 7.822261154651642, rates: 17.822261117235296, loss: 0.3140066981315613, rho: 0.225, transmit_actions: 19, P: [0.375, 0.0625, 0.0625, 0.0625, 0.0625, 0.0625, 0.0625, 0.0625, 0.0625, 0.0625, 0.0625, 0.0625, 0.0625, 0.0625, 0.0625, 0.0625, 0.75, 0.0625, 0.125, 0.0625]
[TRAIN]: (1352/1600): reward: 19.558251589536667, rates: 19.558251560724134, loss: 0.4092083975672722, rho: 0.21875, transmit_actions: 18, P: [0.9375, 0.8125, 0.0625, 0.0625, 0.0625, 0.0625, 0.0625, 0.0625, 0.0625, 0.0625, 0.0625, 0.0625, 0.0625, 0.0625, 0.0625, 0.0625, 0.0625, 0.0625, 0.0625, 0.0625]
[TRAIN]: (1353/1600): reward: 9.101667582988739, rates: 19.101667775705693, loss: 0.38964169919490815, rho: 0.2625, transmit_actions: 18, P: [0.5, 0.0625, 0.0625, 0.625, 0.0625, 0.125, 0.0625, 0.0625, 0.0625, 0.0625, 0.0625, 0.0625, 0.0625, 0.0625, 0.0625, 0.0625, 0.125, 0.0625, 0.0625, 0.125]
[TRAIN]: (1354/1600): reward: 19.984881103038788, rates: 19.984881100142836, loss: 0.37841551676392554, rho: 0.2125, transmit_actions: 18, P: [0.6875, 0.0625, 0.0625, 0.0625, 0.0625, 0.0625, 0.0625, 0.0625, 0.0625, 0.0625, 0.0625, 0.0625, 0.0625, 0.0625, 0.0625, 0.8125, 0.125, 0.0625, 0.0625, 0.125]
[TRAIN]: (1355/1600): reward: 18.119331300258636, rates: 20.119331240596907, loss: 0.4283161975443363, rho: 0.21875, transmit_actions: 19, P: [0.6875, 0.0625, 0.0625, 0.0625, 0.0625, 0.0625, 0.0625, 0.125, 0.0625, 0.0625, 0.0625, 0.0625, 0.0625, 0.0625, 0.0625, 0.0625, 0.125, 0.0625, 0.0625, 0.0625]
[TRAIN]: (1356/1600): reward: 20.960510909557343, rates: 20.96051091050162, loss: 0.3436314068734646, rho: 0.20625, transmit_actions: 19, P: [0.3125, 0.0625, 0.0625, 0.0625, 0.0625, 0.0625, 0.0625, 0.0625, 0.0625, 0.0625, 0.0625, 0.0625, 0.0625, 0.0625, 0.0625, 0.0625, 0.0625, 0.0625, 0.0625, 0.0625]
[TRAIN]: (1357/1600): reward: 15.733271360397339, rates: 16.733271133005484, loss: 0.3462255414575338, rho: 0.2625, transmit_actions: 19, P: [0.3125, 0.0625, 0.0625, 0.0625, 0.0625, 0.0625, 0.0625, 0.0625, 0.0625, 0.0625, 0.0625, 0.0625, 0.0, 0.0625, 0.125, 0.0625, 0.125, 0.0625, 0.0625, 0.0625]
[TRAIN]: (1358/1600): reward: 17.87070009112358, rates: 17.87070020318596, loss: 0.3031696856021881, rho: 0.2, transmit_actions: 18, P: [0.3125, 0.8125, 0.0625, 0.125, 0.0625, 0.0625, 0.0625, 0.0625, 0.0625, 0.0625, 0.0625, 0.0625, 0.0625, 0.0625, 0.0625, 0.0625, 0.0625, 0.0625, 0.0625, 0.0625]
[TRAIN]: (1359/1600): reward: 15.982690691947937, rates: 18.98269072136943, loss: 0.35371049419045447, rho: 0.225, transmit_actions: 19, P: [0.3125, 0.0625, 0.0625, 0.0625, 0.0625, 0.0625, 0.1875, 0.0625, 0.0625, 0.0625, 0.0625, 0.0625, 0.0625, 0.125, 0.0625, 0.0625, 0.0625, 0.0625, 0.0625, 0.0625]
[TRAIN]: (1360/1600): reward: 16.679731905460358, rates: 16.679731861674675, loss: 0.4235504075884819, rho: 0.24375, transmit_actions: 19, P: [0.0625, 0.0625, 0.0625, 0.0625, 0.0625, 0.0625, 0.0625, 0.0625, 0.0625, 0.0625, 0.0625, 0.0625, 0.0625, 0.0625, 0.0625, 0.0625, 0.0625, 0.0625, 0.0625, 0.125]
[TRAIN]: (1361/1600): reward: 17.17228861898184, rates: 19.17228847884557, loss: 0.35392233952879903, rho: 0.23125, transmit_actions: 19, P: [0.375, 0.0625, 0.0625, 0.0625, 0.0625, 0.0625, 0.0625, 0.0625, 0.0625, 0.0625, 0.0625, 0.0625, 0.0625, 0.0625, 0.125, 0.0625, 0.125, 0.0625, 0.0625, 0.0625]
[TRAIN]: (1362/1600): reward: 18.710307002067566, rates: 18.710306852576686, loss: 0.3748466469347477, rho: 0.20625, transmit_actions: 19, P: [0.375, 0.0625, 0.0625, 0.0625, 0.0625, 0.0625, 0.0625, 0.0625, 0.0625, 0.0625, 0.0625, 0.0625, 0.125, 0.0625, 0.0625, 0.0625, 0.0625, 0.0625, 0.0625, 0.0625]
[TRAIN]: (1363/1600): reward: 5.496567338705063, rates: 17.496567229337426, loss: 0.34328344613313677, rho: 0.26875, transmit_actions: 19, P: [0.3125, 0.0625, 0.125, 0.0625, 0.9375, 0.0625, 0.0625, 0.1875, 0.0625, 0.0625, 0.0625, 0.0625, 0.0625, 0.0625, 0.0625, 0.0625, 0.0625, 0.0625, 0.0625, 0.0625]
[TRAIN]: (1364/1600): reward: 19.728163182735443, rates: 19.72816321629075, loss: 0.39954666793346405, rho: 0.2125, transmit_actions: 19, P: [0.3125, 0.0625, 0.0625, 0.0625, 0.0625, 0.0625, 0.0625, 0.0625, 0.0625, 0.0625, 0.0625, 0.0625, 0.0625, 0.0625, 0.0625, 0.0625, 0.0625, 0.125, 0.125, 0.0625]
[TRAIN]: (1365/1600): reward: 19.20725229382515, rates: 20.20725223441077, loss: 0.3565738432109356, rho: 0.1875, transmit_actions: 19, P: [0.3125, 0.0625, 0.0625, 0.0625, 0.0625, 0.0625, 0.0625, 0.125, 0.0625, 0.0625, 0.0625, 0.0625, 0.0625, 0.0625, 0.0625, 0.0625, 0.0625, 0.0625, 0.0625, 0.0625]
[TRAIN]: (1366/1600): reward: 16.538203954696655, rates: 16.53820366113714, loss: 0.37530179172754285, rho: 0.21875, transmit_actions: 18, P: [0.25, 1.0, 0.0625, 0.0625, 0.0625, 0.0625, 0.0625, 0.0625, 0.0625, 0.0625, 0.0625, 0.0625, 0.0625, 0.0625, 0.0625, 0.0625, 0.125, 0.0625, 0.0625, 0.0625]
[TRAIN]: (1367/1600): reward: 18.608103543519974, rates: 19.608103374167168, loss: 0.3785175494849682, rho: 0.23125, transmit_actions: 19, P: [0.25, 0.0625, 0.0625, 0.0625, 0.0625, 0.0625, 0.0625, 0.0625, 0.0625, 0.0625, 0.0625, 0.0625, 0.0625, 0.0625, 0.0625, 0.0625, 0.125, 0.125, 0.0625, 0.0625]
[TRAIN]: (1368/1600): reward: 8.364743381738663, rates: 17.364743522568507, loss: 0.3759281702339649, rho: 0.26875, transmit_actions: 19, P: [0.25, 0.0625, 0.0625, 0.0625, 0.0625, 0.125, 0.0625, 0.0625, 0.0625, 0.0625, 0.0625, 0.0625, 0.0625, 0.375, 0.0625, 0.0625, 0.0625, 0.125, 0.0625, 0.125]
[TRAIN]: (1369/1600): reward: 17.33882150053978, rates: 18.338821400981956, loss: 0.32898958697915076, rho: 0.2125, transmit_actions: 19, P: [0.3125, 0.0625, 0.0625, 0.0625, 0.0625, 0.125, 0.0625, 0.0625, 0.0625, 0.0625, 0.0625, 0.0625, 0.0625, 0.0625, 0.0625, 0.0625, 0.0625, 0.0625, 0.125, 0.0625]
[TRAIN]: (1370/1600): reward: 18.155559808015823, rates: 18.155559670521022, loss: 0.3615498811006546, rho: 0.23125, transmit_actions: 19, P: [0.9375, 0.0625, 0.0625, 0.0625, 0.0625, 0.0625, 0.0625, 0.125, 0.0625, 0.0625, 0.0625, 0.0625, 0.125, 0.0625, 0.0625, 0.0625, 0.0625, 0.0625, 0.0625, 0.0625]
[TRAIN]: (1371/1600): reward: 16.789028473198414, rates: 17.789028535387683, loss: 0.4022705674171448, rho: 0.21875, transmit_actions: 19, P: [0.9375, 0.0625, 0.0625, 0.0625, 0.0625, 0.0625, 0.0625, 0.0625, 0.0625, 0.0625, 0.0625, 0.0625, 0.0625, 0.125, 0.0625, 0.0625, 0.0625, 0.0625, 0.0625, 0.125]
[TRAIN]: (1372/1600): reward: 20.005703628063202, rates: 20.005703596129244, loss: 0.38538539633154867, rho: 0.19375, transmit_actions: 19, P: [0.4375, 0.0625, 0.0625, 0.0625, 0.0625, 0.0625, 0.125, 0.0625, 0.0625, 0.0625, 0.0625, 0.0625, 0.0625, 0.0625, 0.0625, 0.0625, 0.0625, 0.0625, 0.0625, 0.0625]
[TRAIN]: (1373/1600): reward: 16.29561996459961, rates: 19.29562004058007, loss: 0.3155641756951809, rho: 0.2375, transmit_actions: 19, P: [1.0, 0.0625, 0.0625, 0.0625, 0.125, 0.0625, 0.125, 0.0625, 0.0625, 0.0625, 0.0625, 0.125, 0.0625, 0.0625, 0.0625, 0.0625, 0.0625, 0.0625, 0.0625, 0.0625]
[TRAIN]: (1374/1600): reward: 13.399041950702667, rates: 17.39904207029321, loss: 0.3615043185651302, rho: 0.26875, transmit_actions: 19, P: [0.25, 0.0625, 0.0625, 0.0625, 0.0625, 0.0625, 0.125, 0.0625, 0.0625, 0.0625, 0.0625, 0.125, 0.0625, 0.0625, 0.0625, 0.0625, 0.0625, 0.0625, 0.0625, 0.0625]
[TRAIN]: (1375/1600): reward: 17.268393352627754, rates: 18.268393346659867, loss: 0.3491115316748619, rho: 0.23125, transmit_actions: 19, P: [0.375, 0.0625, 0.0625, 0.0625, 0.0625, 0.125, 0.0625, 0.0625, 0.0625, 0.0625, 0.0625, 0.0625, 0.0625, 0.0625, 0.0625, 0.0625, 0.0625, 0.0625, 0.0625, 0.0625]
[TRAIN]: (1376/1600): reward: 18.091375946998596, rates: 19.091375966909446, loss: 0.33949197083711624, rho: 0.2375, transmit_actions: 19, P: [0.6875, 0.0625, 0.125, 0.0625, 0.0625, 0.0625, 0.0625, 0.0625, 0.0625, 0.0625, 0.0625, 0.0625, 0.0625, 0.125, 0.0625, 0.0625, 0.125, 0.0625, 0.0625, 0.0625]
[TRAIN]: (1377/1600): reward: 17.16793191432953, rates: 18.16793183218825, loss: 0.39833243414759634, rho: 0.175, transmit_actions: 19, P: [0.6875, 0.0625, 0.0625, 0.125, 0.0625, 0.0625, 0.125, 0.125, 0.0625, 0.0625, 0.0625, 0.0625, 0.0625, 0.125, 0.0625, 0.0625, 0.0625, 0.0625, 0.0625, 0.0625]
[TRAIN]: (1378/1600): reward: 19.758531630039215, rates: 19.758531733849104, loss: 0.3992319546639919, rho: 0.2, transmit_actions: 19, P: [0.6875, 0.0625, 0.0625, 0.0625, 0.125, 0.0625, 0.0625, 0.0625, 0.0625, 0.0625, 0.0625, 0.0625, 0.0625, 0.0625, 0.0625, 0.0625, 0.0625, 0.0625, 0.0625, 0.0625]
[TRAIN]: (1379/1600): reward: 17.591583341360092, rates: 18.591583136756668, loss: 0.3064616061747074, rho: 0.25625, transmit_actions: 19, P: [0.75, 0.0625, 0.0625, 0.0625, 0.0625, 0.0625, 0.0625, 0.125, 0.0625, 0.0625, 0.0625, 0.0625, 0.0625, 0.0625, 0.0625, 0.0625, 0.125, 0.0625, 0.0625, 0.0625]
[TRAIN]: (1380/1600): reward: 15.38953298330307, rates: 17.389533024654703, loss: 0.3873217970132828, rho: 0.24375, transmit_actions: 18, P: [0.75, 0.0625, 0.8125, 0.0625, 0.0625, 0.0625, 0.0625, 0.0625, 0.0625, 0.0625, 0.0625, 0.0625, 0.0625, 0.0625, 0.0625, 0.0625, 0.125, 0.0625, 0.0625, 0.0625]
[TRAIN]: (1381/1600): reward: 18.91354328393936, rates: 18.913543324305955, loss: 0.44695890992879866, rho: 0.19375, transmit_actions: 19, P: [0.75, 0.0625, 0.0625, 0.0625, 0.0625, 0.0625, 0.0625, 0.0625, 0.0625, 0.0625, 0.0625, 0.0625, 0.0625, 0.0625, 0.0625, 0.0625, 0.0625, 0.0625, 0.0625, 0.0625]
[TRAIN]: (1382/1600): reward: 19.240253508090973, rates: 19.24025364977755, loss: 0.3602172829210758, rho: 0.25625, transmit_actions: 19, P: [0.75, 0.0625, 0.125, 0.0625, 0.0625, 0.0625, 0.0625, 0.0625, 0.0625, 0.0625, 0.0625, 0.125, 0.0625, 0.0625, 0.0625, 0.0625, 0.0625, 0.0625, 0.0625, 0.0625]
[TRAIN]: (1383/1600): reward: 18.93171751499176, rates: 18.931717453121763, loss: 0.44473603963851926, rho: 0.25, transmit_actions: 19, P: [0.75, 0.0, 0.0625, 0.0625, 0.0625, 0.0625, 0.0625, 0.0625, 0.0625, 0.0625, 0.0625, 0.0625, 0.0625, 0.0625, 0.0625, 0.0625, 0.0625, 0.0625, 0.0625, 0.0625]
[TRAIN]: (1384/1600): reward: 19.257751882076263, rates: 19.257751825875133, loss: 0.3876541770994663, rho: 0.2125, transmit_actions: 18, P: [0.5, 0.75, 0.0625, 0.0625, 0.125, 0.0625, 0.0625, 0.0625, 0.0625, 0.0625, 0.0625, 0.0625, 0.0625, 0.0625, 0.0625, 0.0625, 0.0625, 0.0625, 0.0625, 0.0625]
[TRAIN]: (1385/1600): reward: 18.795397222042084, rates: 18.795397295981555, loss: 0.3553506374359131, rho: 0.1875, transmit_actions: 18, P: [0.375, 0.0625, 0.875, 0.0625, 0.0625, 0.0625, 0.0625, 0.0625, 0.0625, 0.0625, 0.0625, 0.0625, 0.0625, 0.0625, 0.125, 0.0625, 0.0625, 0.0625, 0.0625, 0.0625]
[TRAIN]: (1386/1600): reward: 17.637366592884064, rates: 17.63736646844944, loss: 0.3465503558516502, rho: 0.20625, transmit_actions: 19, P: [0.5625, 0.0625, 0.0625, 0.0625, 0.0625, 0.0625, 0.0625, 0.0625, 0.0625, 0.0625, 0.0625, 0.0625, 0.0625, 0.0625, 0.0625, 0.125, 0.0625, 0.0625, 0.0625, 0.0625]
[TRAIN]: (1387/1600): reward: 17.97524917125702, rates: 18.97524940477101, loss: 0.3082593820989132, rho: 0.21875, transmit_actions: 19, P: [0.5625, 0.0625, 0.0, 0.0625, 0.125, 0.0625, 0.0625, 0.0625, 0.0625, 0.0625, 0.0625, 0.0625, 0.125, 0.0625, 0.0625, 0.0625, 0.0625, 0.0625, 0.0625, 0.0625]
[TRAIN]: (1388/1600): reward: 16.87593764066696, rates: 17.875937695050524, loss: 0.3228891436010599, rho: 0.2375, transmit_actions: 19, P: [1.0, 0.0, 0.0625, 0.0625, 0.0625, 0.125, 0.0625, 0.0625, 0.0625, 0.0625, 0.0625, 0.0625, 0.0625, 0.0625, 0.0625, 0.0625, 0.0625, 0.0625, 0.0625, 0.0625]
[TRAIN]: (1389/1600): reward: 18.44870215654373, rates: 18.448702015855677, loss: 0.491012966632843, rho: 0.20625, transmit_actions: 19, P: [0.6875, 0.0625, 0.0625, 0.0625, 0.0625, 0.0625, 0.0625, 0.0625, 0.0625, 0.0625, 0.0625, 0.0625, 0.0625, 0.0625, 0.0625, 0.0625, 0.0625, 0.0625, 0.0625, 0.0625]
[TRAIN]: (1390/1600): reward: 18.02455508708954, rates: 18.02455494605372, loss: 0.36635295376181604, rho: 0.24375, transmit_actions: 18, P: [1.0, 0.8125, 0.0625, 0.0625, 0.0625, 0.0625, 0.0625, 0.0625, 0.0625, 0.0625, 0.0625, 0.0625, 0.0625, 0.0625, 0.0625, 0.0625, 0.0625, 0.0625, 0.0625, 0.0625]
[TRAIN]: (1391/1600): reward: 19.537077128887177, rates: 19.5370770311853, loss: 0.40464850813150405, rho: 0.20625, transmit_actions: 19, P: [0.25, 0.0625, 0.0625, 0.0625, 0.125, 0.0625, 0.0625, 0.0625, 0.0625, 0.0625, 0.0625, 0.0625, 0.0625, 0.0625, 0.0625, 0.0625, 0.0625, 0.0625, 0.0625, 0.0625]
[TRAIN]: (1392/1600): reward: 18.38131834566593, rates: 19.381318273933314, loss: 0.35830812230706216, rho: 0.23125, transmit_actions: 19, P: [1.0, 0.0625, 0.0625, 0.0625, 0.0625, 0.0625, 0.0625, 0.0625, 0.0625, 0.0625, 0.0625, 0.0625, 0.125, 0.0625, 0.0625, 0.0625, 0.0625, 0.0625, 0.0625, 0.125]
[TRAIN]: (1393/1600): reward: 20.534196078777313, rates: 20.53419591888153, loss: 0.33626200556755065, rho: 0.20625, transmit_actions: 19, P: [1.0, 0.0625, 0.0625, 0.0625, 0.0625, 0.0625, 0.0625, 0.0625, 0.0625, 0.0625, 0.0625, 0.0625, 0.0625, 0.0625, 0.0625, 0.0625, 0.0625, 0.0625, 0.0625, 0.0625]
[TRAIN]: (1394/1600): reward: 17.6723091006279, rates: 19.6723090874385, loss: 0.36409574300050734, rho: 0.23125, transmit_actions: 19, P: [1.0, 0.0625, 0.0625, 0.0625, 0.0625, 0.125, 0.0625, 0.0625, 0.0625, 0.0625, 0.0625, 0.0625, 0.125, 0.0625, 0.0625, 0.0625, 0.0625, 0.0625, 0.0625, 0.0625]
[TRAIN]: (1395/1600): reward: 7.772306740283966, rates: 17.772306625285193, loss: 0.39160261377692224, rho: 0.20625, transmit_actions: 18, P: [0.6875, 0.0625, 0.0625, 0.0625, 0.0625, 0.0625, 0.0625, 0.0625, 0.0625, 0.0625, 0.0625, 0.0625, 0.1875, 0.0625, 0.0625, 0.0625, 0.0625, 0.0625, 0.0625, 0.0625]
[TRAIN]: (1396/1600): reward: 18.58311438560486, rates: 18.583114525496097, loss: 0.40838160291314124, rho: 0.2, transmit_actions: 18, P: [0.6875, 0.8125, 0.0625, 0.0625, 0.0625, 0.0625, 0.0625, 0.0625, 0.0625, 0.0625, 0.0625, 0.0625, 0.0625, 0.0625, 0.0625, 0.0625, 0.0625, 0.0625, 0.0625, 0.125]
[TRAIN]: (1397/1600): reward: 19.70797872543335, rates: 19.707978946367874, loss: 0.3193920187652111, rho: 0.21875, transmit_actions: 18, P: [0.6875, 0.8125, 0.0625, 0.125, 0.0625, 0.0625, 0.0625, 0.0625, 0.0625, 0.0625, 0.0625, 0.0625, 0.0625, 0.0625, 0.0625, 0.0625, 0.0625, 0.0625, 0.0625, 0.0625]
[TRAIN]: (1398/1600): reward: 18.387151807546616, rates: 20.38715183403291, loss: 0.4281937189400196, rho: 0.175, transmit_actions: 19, P: [0.6875, 0.0625, 0.0625, 0.0625, 0.0625, 0.0625, 0.0625, 0.125, 0.0625, 0.0625, 0.0625, 0.0625, 0.0625, 0.0625, 0.125, 0.0625, 0.125, 0.0625, 0.0625, 0.0625]
[TRAIN]: (1399/1600): reward: 18.340273559093475, rates: 18.34027347775243, loss: 0.3603287547826767, rho: 0.29375, transmit_actions: 19, P: [0.75, 0.0, 0.0625, 0.0625, 0.0625, 0.0625, 0.0625, 0.0625, 0.0625, 0.0625, 0.0625, 0.0625, 0.0625, 0.0625, 0.0625, 0.0625, 0.0625, 0.0625, 0.0625, 0.0625]
[TRAIN]: (1400/1600): reward: 18.653079450130463, rates: 18.653079447817966, loss: 0.3637599810957909, rho: 0.1875, transmit_actions: 19, P: [0.375, 0.0625, 0.0625, 0.0625, 0.0625, 0.0625, 0.0625, 0.0625, 0.0625, 0.125, 0.125, 0.0625, 0.0625, 0.0625, 0.0625, 0.0625, 0.125, 0.0625, 0.0625, 0.0625]
[TRAIN]: (1401/1600): reward: 17.689064383506775, rates: 19.6890643935169, loss: 0.3010759182274342, rho: 0.2375, transmit_actions: 19, P: [0.6875, 0.0625, 0.0625, 0.0625, 0.0625, 0.0625, 0.0625, 0.0625, 0.125, 0.0625, 0.0625, 0.0625, 0.0625, 0.0625, 0.0625, 0.125, 0.0625, 0.0625, 0.0625, 0.0625]
[TRAIN]: (1402/1600): reward: 17.987634867429733, rates: 17.987634891344133, loss: 0.3480811588466167, rho: 0.2375, transmit_actions: 19, P: [0.6875, 0.0625, 0.0625, 0.0625, 0.0625, 0.0625, 0.0625, 0.0625, 0.0625, 0.0625, 0.0625, 0.0625, 0.0625, 0.0625, 0.0625, 0.0625, 0.0625, 0.0625, 0.0625, 0.0625]
[TRAIN]: (1403/1600): reward: 15.676528453826904, rates: 18.67652823598553, loss: 0.3736706405878067, rho: 0.23125, transmit_actions: 19, P: [0.375, 0.0625, 0.0625, 0.0625, 0.0625, 0.0625, 0.0625, 0.0625, 0.0625, 0.0625, 0.0625, 0.0625, 0.0625, 0.125, 0.0625, 0.0625, 0.0625, 0.0625, 0.0625, 0.0625]
[TRAIN]: (1404/1600): reward: 15.790639489889145, rates: 18.79063937459742, loss: 0.29283868297934534, rho: 0.2375, transmit_actions: 19, P: [0.875, 0.0625, 0.0625, 0.0625, 0.0625, 0.0625, 0.0625, 0.0625, 0.0625, 0.0625, 0.1875, 0.0625, 0.0625, 0.0625, 0.0625, 0.0625, 0.0625, 0.0625, 0.0625, 0.0625]
[TRAIN]: (1405/1600): reward: 20.14946088194847, rates: 20.14946088908775, loss: 0.3345905266702175, rho: 0.1875, transmit_actions: 19, P: [0.375, 0.0625, 0.0625, 0.0625, 0.0625, 0.0625, 0.0625, 0.0625, 0.0625, 0.0625, 0.0625, 0.0625, 0.0625, 0.0625, 0.0625, 0.0625, 0.0625, 0.0625, 0.0625, 0.0625]
[TRAIN]: (1406/1600): reward: 17.484229795634747, rates: 19.48422990388213, loss: 0.3545094460248947, rho: 0.24375, transmit_actions: 19, P: [0.25, 0.0625, 0.0625, 0.0625, 0.1875, 0.0625, 0.0625, 0.125, 0.0625, 0.0625, 0.0625, 0.0625, 0.0625, 0.0625, 0.0625, 0.125, 0.0625, 0.0625, 0.0625, 0.0625]
[TRAIN]: (1407/1600): reward: 19.335711002349854, rates: 19.335710825418722, loss: 0.30740071311593054, rho: 0.2125, transmit_actions: 18, P: [0.4375, 0.875, 0.0625, 0.0625, 0.0625, 0.0625, 0.0625, 0.0625, 0.0625, 0.125, 0.0625, 0.0625, 0.0625, 0.0625, 0.0625, 0.0625, 0.0625, 0.0625, 0.0625, 0.0625]
[TRAIN]: (1408/1600): reward: 7.571880668401718, rates: 18.571880515387637, loss: 0.36680570915341376, rho: 0.225, transmit_actions: 17, P: [0.3125, 0.8125, 0.0625, 0.0625, 0.0625, 0.0625, 0.0625, 0.0625, 0.0625, 0.0625, 0.0625, 0.0625, 0.125, 0.0625, 0.0625, 0.0625, 0.0625, 0.4375, 0.0625, 0.0625]
[TRAIN]: (1409/1600): reward: 17.828842282295227, rates: 18.828842212228537, loss: 0.3334688596427441, rho: 0.2125, transmit_actions: 19, P: [0.9375, 0.0625, 0.0625, 0.0625, 0.0625, 0.0625, 0.0625, 0.0625, 0.0625, 0.0625, 0.0625, 0.0625, 0.0625, 0.0625, 0.125, 0.0625, 0.0625, 0.0625, 0.0625, 0.125]
[TRAIN]: (1410/1600): reward: 18.736192166805267, rates: 19.73619228848774, loss: 0.3066707253456116, rho: 0.20625, transmit_actions: 19, P: [0.375, 0.0625, 0.0625, 0.0625, 0.0625, 0.0625, 0.125, 0.0625, 0.0625, 0.0625, 0.0625, 0.0625, 0.0625, 0.0625, 0.0625, 0.0625, 0.0625, 0.0625, 0.0625, 0.0625]
[TRAIN]: (1411/1600): reward: 19.91708594560623, rates: 19.91708603051144, loss: 0.3376893803477287, rho: 0.175, transmit_actions: 19, P: [0.375, 0.0, 0.0625, 0.0625, 0.0625, 0.0625, 0.0625, 0.0625, 0.0625, 0.0625, 0.0625, 0.0625, 0.0625, 0.0625, 0.0625, 0.0625, 0.0625, 0.0625, 0.0625, 0.0625]
[TRAIN]: (1412/1600): reward: 8.763739883899689, rates: 17.76373985569242, loss: 0.2740529865026474, rho: 0.23125, transmit_actions: 18, P: [0.375, 0.75, 0.0625, 0.0625, 0.0625, 0.0625, 0.0625, 0.375, 0.0625, 0.0625, 0.125, 0.0625, 0.0625, 0.1875, 0.0625, 0.0625, 0.0625, 0.0625, 0.0625, 0.0625]
[TRAIN]: (1413/1600): reward: 19.672083169221878, rates: 19.672083146471444, loss: 0.30250385105609895, rho: 0.18125, transmit_actions: 19, P: [0.375, 0.0625, 0.0625, 0.125, 0.0625, 0.0625, 0.0625, 0.0625, 0.0625, 0.0625, 0.0625, 0.0625, 0.125, 0.0625, 0.0625, 0.125, 0.0625, 0.0625, 0.0625, 0.0625]
[TRAIN]: (1414/1600): reward: 4.263899266719818, rates: 17.263899083321437, loss: 0.3862413763999939, rho: 0.25, transmit_actions: 17, P: [0.6875, 0.9375, 0.0625, 0.0625, 0.0625, 0.1875, 0.0625, 0.0, 0.0625, 0.0625, 0.0625, 0.0625, 0.0625, 0.0625, 0.0625, 0.0625, 0.0625, 0.0625, 0.0625, 0.0625]
[TRAIN]: (1415/1600): reward: 19.666178822517395, rates: 19.666178769193216, loss: 0.39242431670427325, rho: 0.2, transmit_actions: 19, P: [0.6875, 0.0625, 0.0625, 0.0625, 0.0625, 0.0625, 0.0625, 0.0625, 0.0625, 0.0625, 0.0625, 0.0625, 0.0625, 0.0625, 0.0625, 0.0625, 0.0625, 0.125, 0.0625, 0.0625]
[TRAIN]: (1416/1600): reward: 19.127013385295868, rates: 19.127013433992058, loss: 0.30472950637340546, rho: 0.20625, transmit_actions: 19, P: [0.375, 0.0, 0.0625, 0.0625, 0.0625, 0.0625, 0.0625, 0.0625, 0.0625, 0.0625, 0.0625, 0.0625, 0.0625, 0.0625, 0.0625, 0.0625, 0.0625, 0.0625, 0.0625, 0.0625]
[TRAIN]: (1417/1600): reward: 19.700540125370026, rates: 19.700540272122378, loss: 0.352672366052866, rho: 0.20625, transmit_actions: 19, P: [0.9375, 0.0625, 0.0625, 0.0625, 0.0625, 0.0625, 0.0625, 0.0625, 0.0625, 0.0625, 0.0625, 0.0625, 0.0625, 0.0625, 0.0625, 0.0625, 0.0625, 0.125, 0.0625, 0.0625]
[TRAIN]: (1418/1600): reward: 20.6268270611763, rates: 20.62682686406441, loss: 0.3951130859553814, rho: 0.23125, transmit_actions: 19, P: [0.75, 0.0625, 0.0625, 0.0625, 0.0625, 0.0625, 0.0625, 0.0625, 0.0625, 0.0625, 0.0625, 0.0625, 0.0625, 0.0625, 0.0625, 0.0625, 0.0625, 0.0625, 0.0625, 0.0625]
[TRAIN]: (1419/1600): reward: 9.489425331354141, rates: 17.489425558476313, loss: 0.3269861176609993, rho: 0.28125, transmit_actions: 19, P: [0.75, 0.0625, 0.0625, 0.0625, 0.0625, 0.0625, 0.0625, 0.0625, 0.125, 0.0625, 0.0625, 0.0625, 0.0625, 0.875, 0.0625, 0.0625, 0.0625, 0.0625, 0.0625, 0.0625]
[TRAIN]: (1420/1600): reward: 20.732546210289, rates: 20.732546078255368, loss: 0.32903952822089194, rho: 0.1625, transmit_actions: 18, P: [0.6875, 0.875, 0.0625, 0.0625, 0.0625, 0.0625, 0.0625, 0.0625, 0.125, 0.0625, 0.0625, 0.0625, 0.0625, 0.0625, 0.0625, 0.125, 0.0625, 0.0625, 0.0625, 0.0625]
[TRAIN]: (1421/1600): reward: 20.41901159286499, rates: 20.41901146261586, loss: 0.29057587794959544, rho: 0.225, transmit_actions: 18, P: [0.25, 0.8125, 0.0625, 0.0625, 0.0625, 0.0625, 0.0625, 0.0625, 0.0625, 0.0625, 0.0625, 0.0625, 0.0625, 0.0625, 0.0625, 0.0625, 0.0625, 0.0625, 0.0625, 0.0625]
[TRAIN]: (1422/1600): reward: 16.448143541812897, rates: 19.448143457031822, loss: 0.2758407391607761, rho: 0.2125, transmit_actions: 19, P: [0.9375, 0.0625, 0.0625, 0.0625, 0.0625, 0.0625, 0.0625, 0.0625, 0.1875, 0.0625, 0.0625, 0.0625, 0.0625, 0.0625, 0.0625, 0.0625, 0.0625, 0.0625, 0.0625, 0.125]
[TRAIN]: (1423/1600): reward: 21.572550296783447, rates: 21.572549996346364, loss: 0.3255049228668213, rho: 0.225, transmit_actions: 19, P: [0.9375, 0.0625, 0.0625, 0.0625, 0.0625, 0.0625, 0.0625, 0.125, 0.0625, 0.0625, 0.0625, 0.0625, 0.0625, 0.0625, 0.0625, 0.0625, 0.0625, 0.0625, 0.0625, 0.0625]
[TRAIN]: (1424/1600): reward: 11.613908469676971, rates: 18.613908494698425, loss: 0.38360305279493334, rho: 0.2, transmit_actions: 19, P: [0.9375, 0.0625, 0.0625, 0.0625, 0.0625, 0.0625, 0.0625, 0.0625, 0.0625, 0.0625, 0.0625, 0.0625, 0.0625, 0.0625, 0.0625, 0.0625, 0.3125, 0.0625, 0.0625, 0.0625]
[TRAIN]: (1425/1600): reward: 16.373401522636414, rates: 16.373401391615918, loss: 0.3263518288731575, rho: 0.2625, transmit_actions: 18, P: [0.0625, 0.6875, 0.0625, 0.0625, 0.0625, 0.0625, 0.0625, 0.0625, 0.0625, 0.0625, 0.0625, 0.0625, 0.0625, 0.0625, 0.0625, 0.0625, 0.0, 0.0625, 0.0625, 0.0625]
[TRAIN]: (1426/1600): reward: -1.3199126422405243, rates: 16.680087316876754, loss: 0.3182600073516369, rho: 0.225, transmit_actions: 17, P: [0.9375, 0.625, 0.0625, 0.0625, 0.0625, 0.0625, 0.125, 0.75, 0.0625, 0.0625, 0.0625, 0.0625, 0.0625, 0.0625, 0.0625, 0.0625, 0.0625, 0.4375, 0.0625, 0.0625]
[TRAIN]: (1427/1600): reward: 21.022837683558464, rates: 22.02283766202986, loss: 0.282981888204813, rho: 0.20625, transmit_actions: 19, P: [0.3125, 0.125, 0.0625, 0.0625, 0.0625, 0.0625, 0.0625, 0.0625, 0.0625, 0.0625, 0.0625, 0.0625, 0.0625, 0.0625, 0.0625, 0.0625, 0.0625, 0.0625, 0.0625, 0.0625]
[TRAIN]: (1428/1600): reward: 18.70347163081169, rates: 18.703471761847098, loss: 0.3863724648952484, rho: 0.2375, transmit_actions: 19, P: [0.75, 0.0625, 0.0625, 0.0625, 0.0625, 0.0625, 0.0625, 0.125, 0.0625, 0.0625, 0.0625, 0.0625, 0.0625, 0.0625, 0.0625, 0.125, 0.0625, 0.0625, 0.0625, 0.0625]
[TRAIN]: (1429/1600): reward: 16.081650018692017, rates: 18.081649840770933, loss: 0.3383804500102997, rho: 0.2125, transmit_actions: 19, P: [0.3125, 0.0625, 0.0625, 0.0625, 0.125, 0.0625, 0.0625, 0.0625, 0.0625, 0.0625, 0.0625, 0.1875, 0.0625, 0.0625, 0.0625, 0.0625, 0.0625, 0.0625, 0.0625, 0.0625]
[TRAIN]: (1430/1600): reward: 18.965408504009247, rates: 18.965408525979765, loss: 0.3400603860616684, rho: 0.21875, transmit_actions: 19, P: [0.3125, 0.0625, 0.0625, 0.0625, 0.0625, 0.0625, 0.0625, 0.0625, 0.0625, 0.0625, 0.0625, 0.0625, 0.0625, 0.0625, 0.0625, 0.0625, 0.0625, 0.125, 0.0625, 0.0625]
[TRAIN]: (1431/1600): reward: 9.536361873149872, rates: 19.536362006042364, loss: 0.2941552609205246, rho: 0.2375, transmit_actions: 19, P: [0.3125, 0.0625, 0.0625, 0.0625, 0.0625, 0.0625, 0.0625, 0.0625, 0.0625, 0.0625, 0.0625, 0.8125, 0.0625, 0.0625, 0.0625, 0.0625, 0.0625, 0.0625, 0.0625, 0.125]
[TRAIN]: (1432/1600): reward: 9.00954532623291, rates: 19.00954542176485, loss: 0.5083721660077571, rho: 0.23125, transmit_actions: 18, P: [0.0625, 0.0625, 0.0625, 0.0625, 0.0625, 0.1875, 0.0625, 0.0625, 0.0625, 0.125, 0.0625, 0.0625, 0.0625, 0.0625, 0.0625, 0.0625, 0.125, 0.0625, 0.0625, 0.0625]
[TRAIN]: (1433/1600): reward: 5.442586183547974, rates: 18.442586156342383, loss: 0.3677054837346077, rho: 0.2, transmit_actions: 18, P: [0.75, 0.0625, 0.0625, 0.0625, 0.0625, 0.0625, 0.0625, 0.0625, 0.0625, 0.0625, 0.125, 0.0625, 0.0625, 0.125, 0.0625, 0.125, 0.0625, 0.0625, 0.25, 0.0625]
[TRAIN]: (1434/1600): reward: 17.860226035118103, rates: 19.86022600353532, loss: 0.4047272838652134, rho: 0.20625, transmit_actions: 19, P: [0.75, 0.0625, 0.0625, 0.0625, 0.0625, 0.0625, 0.0625, 0.0625, 0.125, 0.0625, 0.0625, 0.0625, 0.0625, 0.0625, 0.0625, 0.0625, 0.0625, 0.0625, 0.0625, 0.0625]
[TRAIN]: (1435/1600): reward: 19.750539496541023, rates: 19.750539539282553, loss: 0.2904411718249321, rho: 0.2625, transmit_actions: 19, P: [0.0625, 0.0625, 0.0625, 0.0625, 0.0625, 0.0625, 0.0625, 0.0625, 0.0625, 0.0625, 0.0625, 0.125, 0.0625, 0.125, 0.0625, 0.0625, 0.0625, 0.0625, 0.0625, 0.0625]
[TRAIN]: (1436/1600): reward: 15.566142946481705, rates: 18.566143139042573, loss: 0.41345997974276544, rho: 0.24375, transmit_actions: 19, P: [0.75, 0.0625, 0.0625, 0.0625, 0.0625, 0.0625, 0.0625, 0.0625, 0.0625, 0.0625, 0.0625, 0.125, 0.0625, 0.0625, 0.125, 0.0625, 0.0625, 0.0625, 0.125, 0.0625]
[TRAIN]: (1437/1600): reward: 17.956698775291443, rates: 17.956698708427393, loss: 0.3513009428977966, rho: 0.20625, transmit_actions: 18, P: [0.6875, 0.0625, 0.0625, 0.0625, 0.0625, 0.9375, 0.125, 0.0625, 0.0625, 0.0625, 0.0625, 0.0625, 0.0625, 0.0625, 0.0625, 0.0625, 0.0625, 0.0625, 0.0625, 0.0625]
[TRAIN]: (1438/1600): reward: 20.329318404197693, rates: 20.32931837625613, loss: 0.33561898991465566, rho: 0.20625, transmit_actions: 19, P: [0.3125, 0.0625, 0.0625, 0.0625, 0.0625, 0.125, 0.0625, 0.0625, 0.0625, 0.0625, 0.0625, 0.0625, 0.0625, 0.0625, 0.0625, 0.0625, 0.0625, 0.0625, 0.0625, 0.0625]
[TRAIN]: (1439/1600): reward: 19.619893491268158, rates: 19.619893493411546, loss: 0.3687481194734573, rho: 0.23125, transmit_actions: 19, P: [0.875, 0.0625, 0.0625, 0.0625, 0.0625, 0.0625, 0.0625, 0.0625, 0.0625, 0.0625, 0.0625, 0.0625, 0.0625, 0.0625, 0.0625, 0.0625, 0.0625, 0.0625, 0.0625, 0.0625]
[TRAIN]: (1440/1600): reward: 19.79754790663719, rates: 19.79754767315511, loss: 0.3760042481124401, rho: 0.18125, transmit_actions: 19, P: [0.5625, 0.0, 0.0625, 0.0625, 0.0625, 0.0625, 0.125, 0.125, 0.0625, 0.0625, 0.125, 0.0625, 0.0625, 0.0625, 0.125, 0.0625, 0.0625, 0.0625, 0.0625, 0.0625]
[TRAIN]: (1441/1600): reward: 18.62278637290001, rates: 18.62278646023486, loss: 0.29878935739398005, rho: 0.24375, transmit_actions: 19, P: [0.875, 0.0, 0.0625, 0.0625, 0.0625, 0.0625, 0.0625, 0.0625, 0.125, 0.0625, 0.0625, 0.0625, 0.0625, 0.0625, 0.0625, 0.0625, 0.0625, 0.0625, 0.0625, 0.0625]
[TRAIN]: (1442/1600): reward: 15.873305194079876, rates: 16.873305178653712, loss: 0.3891032040119171, rho: 0.24375, transmit_actions: 19, P: [0.875, 0.0625, 0.0625, 0.0625, 0.0625, 0.0625, 0.0625, 0.0625, 0.0625, 0.0625, 0.0625, 0.0625, 0.125, 0.0625, 0.0625, 0.0625, 0.0625, 0.0625, 0.0625, 0.0625]
[TRAIN]: (1443/1600): reward: 18.00957280397415, rates: 18.009572869503288, loss: 0.3585269920527935, rho: 0.2375, transmit_actions: 19, P: [0.875, 0.0625, 0.0625, 0.0625, 0.0625, 0.0625, 0.0625, 0.0625, 0.0625, 0.0625, 0.0625, 0.0625, 0.125, 0.0625, 0.0625, 0.0625, 0.0625, 0.0625, 0.0625, 0.0625]
[TRAIN]: (1444/1600): reward: 8.105294525623322, rates: 18.10529437339756, loss: 0.2740190714597702, rho: 0.3125, transmit_actions: 18, P: [0.875, 0.0625, 0.0, 0.0625, 0.0625, 0.0625, 0.125, 0.0625, 0.0625, 0.0625, 0.0625, 0.0625, 0.0625, 0.0625, 0.0625, 0.0625, 0.0625, 0.0625, 0.0625, 0.0625]
[TRAIN]: (1445/1600): reward: 20.495035707950592, rates: 20.49503549774411, loss: 0.38503329306840894, rho: 0.23125, transmit_actions: 19, P: [0.875, 0.0625, 0.0625, 0.0625, 0.0625, 0.0625, 0.0625, 0.0625, 0.0625, 0.0625, 0.0625, 0.0625, 0.0625, 0.0625, 0.0625, 0.0625, 0.0625, 0.0625, 0.0625, 0.0625]
[TRAIN]: (1446/1600): reward: 16.29861930012703, rates: 16.298619265386012, loss: 0.37769667953252795, rho: 0.24375, transmit_actions: 18, P: [0.875, 0.0625, 0.0625, 0.0625, 0.0625, 0.0625, 0.0625, 0.0625, 0.0625, 0.0625, 0.0625, 0.0625, 0.0625, 0.9375, 0.0625, 0.0625, 0.0625, 0.0625, 0.0625, 0.0625]
[TRAIN]: (1447/1600): reward: 19.34561324119568, rates: 19.345613219200192, loss: 0.36432262063026427, rho: 0.21875, transmit_actions: 19, P: [0.875, 0.0625, 0.0625, 0.0625, 0.0625, 0.0625, 0.0625, 0.0625, 0.0625, 0.0625, 0.0625, 0.0625, 0.0625, 0.0625, 0.0625, 0.125, 0.0625, 0.0625, 0.0625, 0.0625]
[TRAIN]: (1448/1600): reward: 20.464278876781464, rates: 20.464278707991156, loss: 0.4068842127919197, rho: 0.20625, transmit_actions: 19, P: [0.3125, 0.0625, 0.0625, 0.0625, 0.0625, 0.0625, 0.0625, 0.125, 0.0625, 0.0625, 0.0625, 0.125, 0.0625, 0.0625, 0.0625, 0.125, 0.0625, 0.0625, 0.0625, 0.0625]
[TRAIN]: (1449/1600): reward: 19.195199012756348, rates: 19.195198706773358, loss: 0.4072171077132225, rho: 0.21875, transmit_actions: 19, P: [0.3125, 0.0625, 0.0625, 0.0625, 0.0625, 0.0625, 0.0625, 0.0625, 0.0625, 0.0625, 0.0625, 0.0625, 0.0625, 0.0625, 0.0625, 0.0625, 0.0625, 0.0625, 0.0625, 0.0625]
[TRAIN]: (1450/1600): reward: 18.19207924604416, rates: 18.19207927911084, loss: 0.29728744477033614, rho: 0.2125, transmit_actions: 19, P: [0.3125, 0.0625, 0.0625, 0.0625, 0.0625, 0.0625, 0.0625, 0.0625, 0.0625, 0.125, 0.0625, 0.0625, 0.125, 0.0625, 0.0625, 0.0625, 0.0625, 0.0625, 0.0625, 0.0625]
[TRAIN]: (1451/1600): reward: 17.322805106639862, rates: 17.322804911793025, loss: 0.3326283559203148, rho: 0.21875, transmit_actions: 19, P: [0.375, 0.0625, 0.0625, 0.0625, 0.0625, 0.0625, 0.0625, 0.0625, 0.0625, 0.0625, 0.0, 0.0625, 0.0625, 0.0625, 0.0625, 0.0625, 0.0625, 0.0625, 0.0625, 0.0625]
[TRAIN]: (1452/1600): reward: 15.845511794090271, rates: 17.845511586342347, loss: 0.3051995076239109, rho: 0.225, transmit_actions: 18, P: [0.0625, 0.75, 0.0625, 0.0625, 0.0625, 0.0625, 0.0625, 0.125, 0.0625, 0.0625, 0.0625, 0.0625, 0.0625, 0.0625, 0.0625, 0.0625, 0.0625, 0.0625, 0.0625, 0.0625]
[TRAIN]: (1453/1600): reward: 17.61464759707451, rates: 18.614647507204552, loss: 0.2640524715185165, rho: 0.23125, transmit_actions: 19, P: [0.3125, 0.0625, 0.0625, 0.0625, 0.0625, 0.0625, 0.0625, 0.0625, 0.0625, 0.0625, 0.0625, 0.0625, 0.0625, 0.0625, 0.0625, 0.0625, 0.0625, 0.0625, 0.0625, 0.0625]
[TRAIN]: (1454/1600): reward: 20.218299344182014, rates: 21.218299149235577, loss: 0.294758577644825, rho: 0.20625, transmit_actions: 19, P: [0.3125, 0.0625, 0.0625, 0.0625, 0.0625, 0.0625, 0.125, 0.0625, 0.0625, 0.0625, 0.0625, 0.0625, 0.0625, 0.0625, 0.0625, 0.0625, 0.0625, 0.0625, 0.0625, 0.0625]
[TRAIN]: (1455/1600): reward: 18.29618924856186, rates: 19.29618942363457, loss: 0.3228748291730881, rho: 0.24375, transmit_actions: 19, P: [0.3125, 0.0625, 0.125, 0.0625, 0.0625, 0.0625, 0.0625, 0.0625, 0.0625, 0.0625, 0.0625, 0.0625, 0.0625, 0.0625, 0.0625, 0.0625, 0.0625, 0.0625, 0.0625, 0.0625]
[TRAIN]: (1456/1600): reward: 9.242304116487503, rates: 19.242304205135532, loss: 0.2841273836791515, rho: 0.2625, transmit_actions: 19, P: [0.75, 0.0625, 0.0625, 0.0625, 0.0625, 0.0625, 0.0625, 0.0625, 0.5, 0.0625, 0.0625, 0.0625, 0.0625, 0.0625, 0.0625, 0.0625, 0.0625, 0.0625, 0.0625, 0.0625]
[TRAIN]: (1457/1600): reward: 16.940530359745026, rates: 17.940530297009353, loss: 0.36912232637405396, rho: 0.24375, transmit_actions: 19, P: [0.25, 0.0625, 0.0625, 0.0625, 0.0625, 0.0625, 0.0625, 0.0625, 0.125, 0.0625, 0.0625, 0.0625, 0.0625, 0.0625, 0.0625, 0.0625, 0.0625, 0.125, 0.0625, 0.0625]
[TRAIN]: (1458/1600): reward: 19.292472183704376, rates: 19.292472109060174, loss: 0.37277704328298567, rho: 0.2375, transmit_actions: 19, P: [0.75, 0.0625, 0.0625, 0.0625, 0.0625, 0.0625, 0.0625, 0.0625, 0.0625, 0.0625, 0.125, 0.0625, 0.0625, 0.0625, 0.0625, 0.0625, 0.0625, 0.0625, 0.0625, 0.0625]
[TRAIN]: (1459/1600): reward: 17.899565279483795, rates: 17.899565078407775, loss: 0.3908233314752579, rho: 0.2375, transmit_actions: 19, P: [0.75, 0.0625, 0.0625, 0.0625, 0.0625, 0.0625, 0.0625, 0.0625, 0.0625, 0.0625, 0.0625, 0.0625, 0.0625, 0.0625, 0.0625, 0.0625, 0.0625, 0.0625, 0.0625, 0.0625]
[TRAIN]: (1460/1600): reward: 18.971716344356537, rates: 18.971716383853376, loss: 0.29716757610440253, rho: 0.21875, transmit_actions: 19, P: [0.75, 0.0625, 0.0625, 0.0625, 0.0625, 0.0625, 0.0625, 0.125, 0.0625, 0.0625, 0.0625, 0.0625, 0.0625, 0.0625, 0.0625, 0.0625, 0.0625, 0.0625, 0.125, 0.0625]
[TRAIN]: (1461/1600): reward: 7.160246789455414, rates: 17.16024679371629, loss: 0.35638648122549055, rho: 0.26875, transmit_actions: 18, P: [0.75, 0.0625, 0.0625, 0.125, 0.125, 0.0625, 0.0625, 0.0625, 0.0625, 0.0625, 0.5, 0.0625, 0.0625, 0.0625, 0.125, 0.0625, 0.0625, 0.0625, 0.0625, 0.0625]
[TRAIN]: (1462/1600): reward: 18.379081815481186, rates: 18.379081607688615, loss: 0.35775290355086325, rho: 0.25, transmit_actions: 19, P: [0.75, 0.0625, 0.0625, 0.0625, 0.0625, 0.0625, 0.0625, 0.0625, 0.0625, 0.0625, 0.0625, 0.0625, 0.0625, 0.0625, 0.0625, 0.0625, 0.0625, 0.125, 0.0625, 0.0625]
[TRAIN]: (1463/1600): reward: 20.794899582862854, rates: 20.794899417293603, loss: 0.3923743225634098, rho: 0.2375, transmit_actions: 19, P: [0.75, 0.0625, 0.0625, 0.0625, 0.0625, 0.0625, 0.0625, 0.0625, 0.0625, 0.0625, 0.0625, 0.0625, 0.125, 0.0625, 0.0625, 0.0625, 0.0625, 0.0625, 0.0625, 0.0625]
[TRAIN]: (1464/1600): reward: 8.85822719335556, rates: 18.858227299179823, loss: 0.33932760953903196, rho: 0.25, transmit_actions: 18, P: [1.0, 0.0625, 0.0625, 0.0625, 0.0625, 0.0625, 0.0625, 0.0625, 0.0625, 0.0625, 0.0625, 0.0625, 0.0625, 0.0625, 0.0625, 0.875, 0.0625, 0.0625, 0.0625, 0.0625]
[TRAIN]: (1465/1600): reward: 19.807604372501373, rates: 19.807604376404182, loss: 0.34157444797456266, rho: 0.2, transmit_actions: 19, P: [1.0, 0.0, 0.0625, 0.0625, 0.0625, 0.0625, 0.0625, 0.0625, 0.0625, 0.0625, 0.0625, 0.0625, 0.0625, 0.0625, 0.0625, 0.0625, 0.0625, 0.0625, 0.0625, 0.0625]
[TRAIN]: (1466/1600): reward: 20.89253067970276, rates: 20.892531014310855, loss: 0.380630698800087, rho: 0.23125, transmit_actions: 19, P: [1.0, 0.0625, 0.0625, 0.0625, 0.0625, 0.0625, 0.0625, 0.0625, 0.0625, 0.0625, 0.0625, 0.0625, 0.0625, 0.0625, 0.0625, 0.0625, 0.0625, 0.0625, 0.0625, 0.0625]
[TRAIN]: (1467/1600): reward: 18.248695716261864, rates: 19.2486953557157, loss: 0.34921338483691217, rho: 0.21875, transmit_actions: 19, P: [0.3125, 0.0625, 0.0625, 0.0625, 0.0625, 0.0625, 0.0625, 0.0625, 0.0625, 0.0625, 0.0625, 0.0625, 0.0625, 0.0625, 0.0625, 0.0625, 0.0625, 0.125, 0.0625, 0.0625]
[TRAIN]: (1468/1600): reward: 18.617801129817963, rates: 18.61780085235487, loss: 0.2746956966817379, rho: 0.225, transmit_actions: 19, P: [0.375, 0.0625, 0.0625, 0.0625, 0.0625, 0.0625, 0.0625, 0.0625, 0.0625, 0.125, 0.125, 0.0625, 0.0625, 0.125, 0.0625, 0.0625, 0.0625, 0.0625, 0.0625, 0.0625]
[TRAIN]: (1469/1600): reward: 17.34711664915085, rates: 17.347116523954327, loss: 0.31171031296253204, rho: 0.2125, transmit_actions: 18, P: [0.3125, 0.6875, 0.0625, 0.0625, 0.0625, 0.0625, 0.0625, 0.0625, 0.0625, 0.0625, 0.0625, 0.0625, 0.0625, 0.0625, 0.0625, 0.0625, 0.0625, 0.0625, 0.0625, 0.0625]
[TRAIN]: (1470/1600): reward: 11.639509320259094, rates: 19.63950899093282, loss: 0.32043274119496346, rho: 0.23125, transmit_actions: 19, P: [0.9375, 0.0625, 0.0625, 0.0625, 0.625, 0.0625, 0.0625, 0.0625, 0.0625, 0.0625, 0.125, 0.0625, 0.0625, 0.0625, 0.0625, 0.0625, 0.0625, 0.0625, 0.0625, 0.0625]
[TRAIN]: (1471/1600): reward: 7.313917815685272, rates: 17.31391792920722, loss: 0.32847322300076487, rho: 0.25625, transmit_actions: 18, P: [0.3125, 0.0625, 0.0625, 0.0625, 0.0625, 0.0625, 0.0625, 0.0625, 0.0625, 0.0625, 0.0625, 0.0625, 0.0625, 0.0625, 0.0625, 0.0625, 0.0625, 0.0625, 0.0625, 0.0625]
[TRAIN]: (1472/1600): reward: 18.7415668964386, rates: 19.74156692582215, loss: 0.3124080128967762, rho: 0.1875, transmit_actions: 19, P: [0.3125, 0.0625, 0.0625, 0.0625, 0.0625, 0.0625, 0.0625, 0.0625, 0.0625, 0.0625, 0.0625, 0.0625, 0.125, 0.0625, 0.0625, 0.0625, 0.0625, 0.0625, 0.0625, 0.125]
[TRAIN]: (1473/1600): reward: 18.78740167617798, rates: 18.787401663466827, loss: 0.27130822762846946, rho: 0.2125, transmit_actions: 19, P: [0.3125, 0.0625, 0.0625, 0.0625, 0.0625, 0.0625, 0.0625, 0.0625, 0.0625, 0.0625, 0.0625, 0.0625, 0.0625, 0.0625, 0.0625, 0.0625, 0.0625, 0.0625, 0.0625, 0.0625]
[TRAIN]: (1474/1600): reward: 20.072081923484802, rates: 20.072081948397358, loss: 0.35408113077282904, rho: 0.2125, transmit_actions: 19, P: [0.3125, 0.0625, 0.0625, 0.0625, 0.0625, 0.0625, 0.0625, 0.0625, 0.0625, 0.0625, 0.0625, 0.0625, 0.0625, 0.0625, 0.0625, 0.0625, 0.0625, 0.0625, 0.0625, 0.0625]
[TRAIN]: (1475/1600): reward: 19.51601219177246, rates: 19.51601235835759, loss: 0.3774935036897659, rho: 0.2, transmit_actions: 19, P: [0.3125, 0.0625, 0.0625, 0.0625, 0.0625, 0.0625, 0.0625, 0.0625, 0.0625, 0.0625, 0.0625, 0.0625, 0.0625, 0.0625, 0.0625, 0.0625, 0.0625, 0.0625, 0.0625, 0.0625]
[TRAIN]: (1476/1600): reward: 15.589346826076508, rates: 17.58934687822175, loss: 0.32280811816453936, rho: 0.225, transmit_actions: 19, P: [0.3125, 0.0625, 0.0625, 0.0625, 0.0625, 0.0625, 0.0625, 0.0625, 0.0625, 0.0625, 0.0625, 0.0625, 0.125, 0.0625, 0.0625, 0.0625, 0.0625, 0.0625, 0.0625, 0.0625]
[TRAIN]: (1477/1600): reward: 19.892079710960388, rates: 19.89207946101956, loss: 0.33281365483999253, rho: 0.19375, transmit_actions: 19, P: [0.3125, 0.0625, 0.0625, 0.0625, 0.0625, 0.0625, 0.0625, 0.0625, 0.0625, 0.0625, 0.0625, 0.0625, 0.0625, 0.0625, 0.0625, 0.0625, 0.0625, 0.0625, 0.0625, 0.0625]
[TRAIN]: (1478/1600): reward: 16.65410804748535, rates: 19.65410800755367, loss: 0.3274242118000984, rho: 0.1875, transmit_actions: 19, P: [0.3125, 0.0625, 0.0625, 0.1875, 0.0625, 0.0625, 0.0625, 0.0625, 0.0625, 0.0625, 0.0625, 0.0625, 0.0625, 0.0625, 0.0625, 0.0625, 0.0625, 0.0625, 0.0625, 0.0625]
[TRAIN]: (1479/1600): reward: 13.243785738945007, rates: 18.24378592944952, loss: 0.3157640196382999, rho: 0.2375, transmit_actions: 18, P: [0.25, 0.5625, 0.0625, 0.0625, 0.0625, 0.0625, 0.0625, 0.0625, 0.0625, 0.0625, 0.0625, 0.0625, 0.0625, 0.0625, 0.0625, 0.0625, 0.0625, 0.0625, 0.0625, 0.125]
[TRAIN]: (1480/1600): reward: 17.834958739578724, rates: 17.834958679829988, loss: 0.32766046598553655, rho: 0.2375, transmit_actions: 19, P: [0.25, 0.0625, 0.0625, 0.0625, 0.0625, 0.0625, 0.0625, 0.0625, 0.125, 0.0625, 0.0625, 0.0625, 0.125, 0.0625, 0.0625, 0.0625, 0.0625, 0.0625, 0.0625, 0.0625]
[TRAIN]: (1481/1600): reward: 17.887552827596664, rates: 18.88755281693387, loss: 0.28385903388261796, rho: 0.21875, transmit_actions: 19, P: [0.25, 0.0625, 0.0625, 0.0625, 0.125, 0.0625, 0.0625, 0.0625, 0.0625, 0.125, 0.0625, 0.0625, 0.0625, 0.0625, 0.0625, 0.0625, 0.0625, 0.0625, 0.125, 0.0625]
[TRAIN]: (1482/1600): reward: 12.291139364242554, rates: 19.291139230157036, loss: 0.36423385217785836, rho: 0.21875, transmit_actions: 19, P: [0.6875, 0.0625, 0.0625, 0.0625, 0.0625, 0.0625, 0.0625, 0.0625, 0.4375, 0.0625, 0.125, 0.0625, 0.0625, 0.125, 0.0625, 0.0625, 0.0625, 0.0625, 0.0625, 0.0625]
[TRAIN]: (1483/1600): reward: 19.477986842393875, rates: 19.47798677246376, loss: 0.31812606677412986, rho: 0.2125, transmit_actions: 19, P: [0.6875, 0.0625, 0.0625, 0.125, 0.0625, 0.0625, 0.0625, 0.0625, 0.0625, 0.0625, 0.0625, 0.0625, 0.0625, 0.0625, 0.0625, 0.0625, 0.0625, 0.0625, 0.0625, 0.125]
[TRAIN]: (1484/1600): reward: 18.364552170038223, rates: 18.364552145257477, loss: 0.3955324523150921, rho: 0.21875, transmit_actions: 19, P: [0.75, 0.0625, 0.0625, 0.0625, 0.0625, 0.0625, 0.0625, 0.0625, 0.0625, 0.0625, 0.0625, 0.0625, 0.0625, 0.0625, 0.0625, 0.0625, 0.0625, 0.0625, 0.0625, 0.0625]
[TRAIN]: (1485/1600): reward: 18.030661582946777, rates: 18.030661553509283, loss: 0.3003552816808224, rho: 0.1875, transmit_actions: 19, P: [0.75, 0.0625, 0.0625, 0.0625, 0.0625, 0.0625, 0.0625, 0.0625, 0.0625, 0.0625, 0.0625, 0.0625, 0.0625, 0.0625, 0.0625, 0.0625, 0.0625, 0.0625, 0.0625, 0.0625]
[TRAIN]: (1486/1600): reward: 18.423841893672943, rates: 18.42384173906602, loss: 0.3005212351679802, rho: 0.2, transmit_actions: 19, P: [0.3125, 0.0625, 0.0625, 0.0625, 0.0625, 0.0625, 0.0625, 0.0625, 0.0625, 0.0625, 0.0625, 0.0625, 0.0625, 0.0625, 0.0625, 0.0625, 0.0625, 0.0625, 0.0625, 0.0625]
[TRAIN]: (1487/1600): reward: 19.478981852531433, rates: 20.478981906691576, loss: 0.34220028966665267, rho: 0.2375, transmit_actions: 19, P: [0.3125, 0.0625, 0.0625, 0.0625, 0.0625, 0.125, 0.0625, 0.0625, 0.0625, 0.125, 0.0625, 0.0625, 0.125, 0.0625, 0.0625, 0.0625, 0.0625, 0.0625, 0.0625, 0.0625]
[TRAIN]: (1488/1600): reward: 17.9237340092659, rates: 19.923733891318303, loss: 0.3042298898100853, rho: 0.20625, transmit_actions: 18, P: [0.6875, 0.625, 0.0625, 0.0625, 0.0625, 0.0625, 0.0625, 0.0625, 0.0625, 0.0625, 0.0625, 0.0625, 0.0625, 0.0625, 0.0625, 0.0625, 0.0625, 0.0625, 0.0625, 0.0625]
[TRAIN]: (1489/1600): reward: 18.75803044438362, rates: 18.75803037128708, loss: 0.2805492676794529, rho: 0.24375, transmit_actions: 19, P: [0.6875, 0.0625, 0.0625, 0.0625, 0.0625, 0.125, 0.0625, 0.0625, 0.0625, 0.0625, 0.0625, 0.125, 0.0625, 0.0625, 0.0625, 0.0625, 0.0625, 0.0625, 0.0625, 0.0625]
[TRAIN]: (1490/1600): reward: 19.14905935525894, rates: 19.149059371061387, loss: 0.31142137870192527, rho: 0.225, transmit_actions: 19, P: [0.6875, 0.0625, 0.0625, 0.0625, 0.0625, 0.0625, 0.0625, 0.0625, 0.0625, 0.0625, 0.0625, 0.0625, 0.125, 0.0625, 0.0625, 0.0625, 0.0625, 0.0625, 0.0625, 0.0625]
[TRAIN]: (1491/1600): reward: 19.227430015802383, rates: 19.227429905356164, loss: 0.31880615279078484, rho: 0.21875, transmit_actions: 19, P: [0.3125, 0.0625, 0.0625, 0.0625, 0.0625, 0.0625, 0.0625, 0.0625, 0.0625, 0.125, 0.0625, 0.0625, 0.0625, 0.0625, 0.0625, 0.0625, 0.0625, 0.0625, 0.0625, 0.0625]
[TRAIN]: (1492/1600): reward: 17.51244029402733, rates: 18.512440233756628, loss: 0.4480413541197777, rho: 0.2375, transmit_actions: 19, P: [0.75, 0.0625, 0.0625, 0.0625, 0.125, 0.0625, 0.0625, 0.0625, 0.0625, 0.0625, 0.0625, 0.0625, 0.0625, 0.0625, 0.0625, 0.0625, 0.0625, 0.0625, 0.0625, 0.0625]
[TRAIN]: (1493/1600): reward: 20.36872950196266, rates: 20.368729459908415, loss: 0.3651472806930542, rho: 0.19375, transmit_actions: 19, P: [0.3125, 0.0625, 0.0625, 0.0625, 0.125, 0.0625, 0.0625, 0.0625, 0.0625, 0.0625, 0.0625, 0.125, 0.0625, 0.0625, 0.0625, 0.0625, 0.0625, 0.0625, 0.0625, 0.0625]
[TRAIN]: (1494/1600): reward: 16.623799920082092, rates: 18.623800062572126, loss: 0.4230606980621815, rho: 0.225, transmit_actions: 19, P: [0.3125, 0.1875, 0.0625, 0.0625, 0.0625, 0.0625, 0.0625, 0.0625, 0.0625, 0.0625, 0.0625, 0.0625, 0.0625, 0.0625, 0.0625, 0.0625, 0.0625, 0.125, 0.0625, 0.0625]
[TRAIN]: (1495/1600): reward: 20.670027196407318, rates: 20.670027283425295, loss: 0.34609377533197405, rho: 0.2, transmit_actions: 19, P: [0.3125, 0.0625, 0.0625, 0.0625, 0.0625, 0.0625, 0.0625, 0.0625, 0.0625, 0.0625, 0.0625, 0.0625, 0.0625, 0.0625, 0.0625, 0.0625, 0.0625, 0.0625, 0.0625, 0.0625]
[TRAIN]: (1496/1600): reward: 7.889752388000488, rates: 17.88975234726142, loss: 0.34437734857201574, rho: 0.2375, transmit_actions: 17, P: [0.3125, 0.8125, 0.0625, 0.0625, 0.0625, 0.0625, 0.0625, 0.0625, 0.0625, 0.0625, 0.0625, 0.0625, 0.0625, 0.0625, 0.1875, 0.0625, 0.0625, 0.0625, 0.0625, 0.0625]
[TRAIN]: (1497/1600): reward: 18.747012615203857, rates: 18.7470125334782, loss: 0.3583510898053646, rho: 0.20625, transmit_actions: 19, P: [0.3125, 0.0625, 0.0625, 0.0625, 0.125, 0.0625, 0.0625, 0.0625, 0.0625, 0.0625, 0.0625, 0.0625, 0.0625, 0.0625, 0.0625, 0.0625, 0.0625, 0.0625, 0.0625, 0.0625]
[TRAIN]: (1498/1600): reward: 16.852196037769318, rates: 18.852195962669846, loss: 0.32737994454801084, rho: 0.23125, transmit_actions: 19, P: [0.3125, 0.0625, 0.0625, 0.0625, 0.0625, 0.0625, 0.0625, 0.0625, 0.0625, 0.0625, 0.125, 0.0625, 0.0625, 0.0625, 0.0625, 0.0625, 0.125, 0.0625, 0.0625, 0.0625]
[TRAIN]: (1499/1600): reward: 18.274321630597115, rates: 18.274321794965626, loss: 0.28809562250971793, rho: 0.2625, transmit_actions: 19, P: [0.3125, 0.0625, 0.0625, 0.0625, 0.0625, 0.0625, 0.0625, 0.0625, 0.0625, 0.0625, 0.0625, 0.0625, 0.0625, 0.0625, 0.0625, 0.0625, 0.0625, 0.0625, 0.0625, 0.0625]
[TRAIN]: (1500/1600): reward: 9.931953012943268, rates: 18.931952885566478, loss: 0.3008851885795593, rho: 0.225, transmit_actions: 19, P: [0.3125, 0.0625, 0.0625, 0.0625, 0.0625, 0.625, 0.0625, 0.0625, 0.0625, 0.0625, 0.0625, 0.0625, 0.0625, 0.0625, 0.0625, 0.0625, 0.0625, 0.0625, 0.0625, 0.0625]
[TRAIN]: (1501/1600): reward: 20.34643465280533, rates: 20.34643478399298, loss: 0.3329123675823212, rho: 0.2125, transmit_actions: 19, P: [0.3125, 0.0625, 0.0625, 0.125, 0.0625, 0.0625, 0.0625, 0.0625, 0.0625, 0.0625, 0.0625, 0.0625, 0.0625, 0.0625, 0.0625, 0.0625, 0.0625, 0.125, 0.0625, 0.0625]
[TRAIN]: (1502/1600): reward: 7.819609701633453, rates: 17.819609704907588, loss: 0.30349156707525254, rho: 0.24375, transmit_actions: 18, P: [0.3125, 0.0625, 0.0625, 0.0625, 0.0625, 0.0625, 0.125, 0.0625, 0.0625, 0.0625, 0.0625, 0.0625, 0.0625, 0.0625, 0.0625, 1.0, 0.0625, 0.0625, 0.0625, 0.0625]
[TRAIN]: (1503/1600): reward: 18.217048823833466, rates: 18.21704886159995, loss: 0.24159626364707948, rho: 0.225, transmit_actions: 19, P: [0.3125, 0.0625, 0.0625, 0.0625, 0.0625, 0.0625, 0.0625, 0.0625, 0.0625, 0.0625, 0.0625, 0.0625, 0.0625, 0.0625, 0.125, 0.0625, 0.0625, 0.0625, 0.0625, 0.0625]
[TRAIN]: (1504/1600): reward: 18.318273425102234, rates: 18.318273386447085, loss: 0.24560767337679862, rho: 0.25625, transmit_actions: 19, P: [0.3125, 0.0625, 0.0625, 0.125, 0.0625, 0.0625, 0.0625, 0.0625, 0.0625, 0.0625, 0.0625, 0.0625, 0.0625, 0.0625, 0.0625, 0.0625, 0.0625, 0.0625, 0.0625, 0.0625]
[TRAIN]: (1505/1600): reward: 18.63870221376419, rates: 18.638702211791692, loss: 0.3355677016079426, rho: 0.21875, transmit_actions: 19, P: [0.3125, 0.0625, 0.0625, 0.0625, 0.0625, 0.0625, 0.0625, 0.0625, 0.0625, 0.0625, 0.0625, 0.0625, 0.0625, 0.0625, 0.0625, 0.0625, 0.0625, 0.0625, 0.0625, 0.0625]
[TRAIN]: (1506/1600): reward: 17.409268975257874, rates: 18.409268900109716, loss: 0.2825152277946472, rho: 0.2125, transmit_actions: 18, P: [0.3125, 0.875, 0.0625, 0.0625, 0.0625, 0.0625, 0.0625, 0.0625, 0.125, 0.0625, 0.0625, 0.0625, 0.0625, 0.0625, 0.0625, 0.0625, 0.125, 0.0625, 0.0625, 0.0625]
[TRAIN]: (1507/1600): reward: 8.481827586889267, rates: 18.481827658079872, loss: 0.33908507563173773, rho: 0.25, transmit_actions: 18, P: [0.3125, 0.0, 0.0625, 0.0625, 0.0625, 0.0625, 0.0625, 0.0625, 0.0625, 0.0625, 0.0625, 0.125, 0.0625, 0.0625, 0.0625, 0.0625, 0.0625, 0.125, 0.0625, 0.0625]
[TRAIN]: (1508/1600): reward: 19.313705891370773, rates: 20.313705860579844, loss: 0.33721876740455625, rho: 0.2, transmit_actions: 19, P: [0.6875, 0.0625, 0.0625, 0.0625, 0.0625, 0.0625, 0.0625, 0.0625, 0.0625, 0.0625, 0.0625, 0.0625, 0.0625, 0.0625, 0.0625, 0.0625, 0.0625, 0.0625, 0.0625, 0.0625]
[TRAIN]: (1509/1600): reward: 19.23813658952713, rates: 19.2381366398739, loss: 0.351694256067276, rho: 0.2375, transmit_actions: 18, P: [1.0, 0.875, 0.0625, 0.0625, 0.0625, 0.125, 0.0625, 0.0625, 0.125, 0.0625, 0.0625, 0.0625, 0.0625, 0.0625, 0.0625, 0.0625, 0.0625, 0.0625, 0.0625, 0.0625]
[TRAIN]: (1510/1600): reward: 6.277928963303566, rates: 17.277928996921528, loss: 0.3488547943532467, rho: 0.3125, transmit_actions: 18, P: [1.0, 0.0625, 0.125, 0.0625, 0.0625, 0.0625, 0.0625, 0.0625, 0.0625, 0.0625, 0.0625, 0.0625, 0.0625, 0.6875, 0.0625, 0.0625, 0.0625, 0.0625, 0.125, 0.125]
[TRAIN]: (1511/1600): reward: 19.066501438617706, rates: 19.06650157601302, loss: 0.30677145794034005, rho: 0.275, transmit_actions: 19, P: [0.6875, 0.0625, 0.0625, 0.0625, 0.0625, 0.0625, 0.0625, 0.125, 0.0625, 0.0625, 0.0625, 0.0625, 0.0625, 0.0625, 0.0625, 0.0625, 0.0625, 0.0625, 0.0625, 0.0625]
[TRAIN]: (1512/1600): reward: 19.862526893615723, rates: 19.86252684441549, loss: 0.3466235488653183, rho: 0.225, transmit_actions: 19, P: [1.0, 0.0625, 0.0625, 0.0625, 0.0625, 0.0625, 0.0625, 0.0625, 0.0625, 0.0625, 0.0625, 0.0625, 0.0625, 0.0625, 0.0625, 0.0625, 0.0625, 0.0625, 0.0625, 0.0625]
[TRAIN]: (1513/1600): reward: 18.052302658557892, rates: 19.052302671008334, loss: 0.25687776505947113, rho: 0.24375, transmit_actions: 19, P: [1.0, 0.0625, 0.0625, 0.0625, 0.0625, 0.0625, 0.0625, 0.0625, 0.0625, 0.0625, 0.0625, 0.125, 0.0625, 0.0625, 0.0625, 0.0625, 0.0625, 0.125, 0.0625, 0.0625]
[TRAIN]: (1514/1600): reward: 16.631495028734207, rates: 16.631495170620017, loss: 0.2658414416015148, rho: 0.28125, transmit_actions: 18, P: [0.75, 0.8125, 0.0625, 0.125, 0.0625, 0.0625, 0.0625, 0.0625, 0.0625, 0.0625, 0.125, 0.125, 0.0625, 0.0625, 0.0625, 0.0625, 0.0625, 0.0625, 0.0625, 0.0625]
[TRAIN]: (1515/1600): reward: 16.497382126748562, rates: 17.497382090235607, loss: 0.3657617479562759, rho: 0.2625, transmit_actions: 19, P: [1.0, 0.0625, 0.0625, 0.0625, 0.0, 0.0625, 0.0625, 0.0625, 0.0625, 0.125, 0.0625, 0.0625, 0.0625, 0.0625, 0.0625, 0.0625, 0.0625, 0.0625, 0.0625, 0.0625]
[TRAIN]: (1516/1600): reward: 17.470230221748352, rates: 17.470230151732732, loss: 0.2718047954142094, rho: 0.2, transmit_actions: 19, P: [0.5625, 0.0625, 0.0625, 0.0625, 0.0625, 0.125, 0.0625, 0.0625, 0.0625, 0.0625, 0.0625, 0.0625, 0.125, 0.0625, 0.0625, 0.0625, 0.0625, 0.0625, 0.0625, 0.0625]
[TRAIN]: (1517/1600): reward: 19.02661445736885, rates: 19.02661452895048, loss: 0.36899098455905915, rho: 0.1875, transmit_actions: 19, P: [0.5625, 0.0625, 0.0625, 0.0625, 0.0625, 0.0625, 0.125, 0.0625, 0.0625, 0.0625, 0.0625, 0.0625, 0.0625, 0.0625, 0.0625, 0.0625, 0.0625, 0.0625, 0.0625, 0.0625]
[TRAIN]: (1518/1600): reward: 18.787076771259308, rates: 18.78707678743125, loss: 0.2568525277078152, rho: 0.25, transmit_actions: 19, P: [0.25, 0.0625, 0.0625, 0.0625, 0.0625, 0.0625, 0.0625, 0.0625, 0.0625, 0.0625, 0.0625, 0.0625, 0.0625, 0.0625, 0.0625, 0.0625, 0.0625, 0.0625, 0.0625, 0.0625]
[TRAIN]: (1519/1600): reward: 19.63880145549774, rates: 19.638801563035464, loss: 0.30256791189312937, rho: 0.24375, transmit_actions: 19, P: [1.0, 0.0, 0.0625, 0.0625, 0.0625, 0.0625, 0.0625, 0.0625, 0.0625, 0.0625, 0.0625, 0.0625, 0.0625, 0.0625, 0.0625, 0.0625, 0.0625, 0.0625, 0.0625, 0.0625]
[TRAIN]: (1520/1600): reward: 17.554939448833466, rates: 17.55493958620095, loss: 0.28074652031064035, rho: 0.2125, transmit_actions: 18, P: [0.6875, 0.875, 0.0625, 0.0625, 0.0625, 0.0625, 0.0625, 0.0625, 0.0625, 0.0625, 0.0625, 0.0625, 0.0625, 0.0625, 0.0625, 0.125, 0.0625, 0.0625, 0.0625, 0.0625]
[TRAIN]: (1521/1600): reward: 19.327440559864044, rates: 19.327440609132235, loss: 0.4988404385745525, rho: 0.2125, transmit_actions: 19, P: [0.375, 0.0625, 0.0625, 0.0625, 0.0625, 0.0625, 0.0625, 0.0625, 0.0625, 0.0625, 0.0625, 0.0625, 0.0625, 0.0625, 0.0625, 0.0625, 0.0625, 0.0625, 0.0625, 0.0625]
[TRAIN]: (1522/1600): reward: 6.841301292181015, rates: 16.841301251521223, loss: 0.3237549848854542, rho: 0.2125, transmit_actions: 17, P: [0.375, 0.875, 0.0625, 0.0625, 0.0625, 0.0625, 0.0625, 0.0625, 0.0625, 0.0625, 0.0625, 0.0625, 0.0625, 0.0625, 0.0625, 0.5, 0.0625, 0.0625, 0.0625, 0.0625]
[TRAIN]: (1523/1600): reward: 19.894951939582825, rates: 19.894952122402238, loss: 0.2652464032173157, rho: 0.20625, transmit_actions: 19, P: [0.375, 0.0625, 0.0625, 0.0625, 0.0625, 0.0625, 0.0625, 0.0625, 0.0625, 0.0625, 0.0625, 0.0625, 0.0625, 0.0625, 0.0625, 0.0625, 0.0625, 0.0625, 0.0625, 0.0625]
[TRAIN]: (1524/1600): reward: 20.23895987868309, rates: 20.238960071423424, loss: 0.27067390494048593, rho: 0.2, transmit_actions: 19, P: [0.6875, 0.0625, 0.0625, 0.0625, 0.0625, 0.0625, 0.0625, 0.0625, 0.0625, 0.0625, 0.0625, 0.0625, 0.0625, 0.0625, 0.0625, 0.0625, 0.0625, 0.0625, 0.0625, 0.0625]
[TRAIN]: (1525/1600): reward: 19.894980549812317, rates: 19.894980451442294, loss: 0.28809136226773263, rho: 0.2, transmit_actions: 18, P: [0.3125, 1.0, 0.0625, 0.0625, 0.0625, 0.0625, 0.0625, 0.0625, 0.0625, 0.0625, 0.0625, 0.0625, 0.0625, 0.0625, 0.0625, 0.0625, 0.0625, 0.0625, 0.0625, 0.0625]
[TRAIN]: (1526/1600): reward: 17.78921191394329, rates: 18.7892117581273, loss: 0.3241835258901119, rho: 0.2, transmit_actions: 19, P: [0.3125, 0.0625, 0.0625, 0.0625, 0.0625, 0.0625, 0.0625, 0.125, 0.0625, 0.0625, 0.0625, 0.125, 0.0625, 0.0625, 0.0625, 0.0625, 0.0625, 0.0625, 0.0625, 0.0625]
[TRAIN]: (1527/1600): reward: 20.07163569331169, rates: 20.07163556891252, loss: 0.3328425154089928, rho: 0.2, transmit_actions: 19, P: [0.3125, 0.0625, 0.0625, 0.0625, 0.0625, 0.0625, 0.0625, 0.125, 0.0625, 0.0625, 0.0625, 0.0625, 0.0625, 0.0625, 0.0625, 0.0625, 0.0625, 0.0625, 0.0625, 0.0625]
[TRAIN]: (1528/1600): reward: 18.11342976987362, rates: 19.113429968810724, loss: 0.33271662816405295, rho: 0.2, transmit_actions: 19, P: [0.3125, 0.0625, 0.0625, 0.0625, 0.0625, 0.0625, 0.0625, 0.0625, 0.125, 0.125, 0.0625, 0.0625, 0.0625, 0.0625, 0.0625, 0.0625, 0.0625, 0.0625, 0.0625, 0.125]
[TRAIN]: (1529/1600): reward: 19.632035344839096, rates: 19.632035159575427, loss: 0.3256741531193256, rho: 0.25, transmit_actions: 19, P: [0.75, 0.0625, 0.0625, 0.0625, 0.0625, 0.0625, 0.0625, 0.0625, 0.0625, 0.0625, 0.0625, 0.0625, 0.0625, 0.0625, 0.0625, 0.0625, 0.0625, 0.0625, 0.0625, 0.0625]
[TRAIN]: (1530/1600): reward: 6.583266943693161, rates: 16.583266827749206, loss: 0.3133462566882372, rho: 0.24375, transmit_actions: 19, P: [0.375, 0.0, 0.0625, 0.0625, 0.0625, 0.0625, 0.0625, 0.0625, 0.0625, 0.0625, 0.75, 0.0625, 0.0625, 0.0625, 0.0625, 0.125, 0.0625, 0.0625, 0.0625, 0.0625]
[TRAIN]: (1531/1600): reward: 20.27503401041031, rates: 20.275033957170166, loss: 0.26164551712572576, rho: 0.21875, transmit_actions: 19, P: [0.75, 0.0625, 0.0625, 0.0625, 0.0625, 0.0625, 0.0625, 0.0625, 0.0625, 0.125, 0.0625, 0.0625, 0.0625, 0.0625, 0.0625, 0.0625, 0.0625, 0.0625, 0.0625, 0.0625]
[TRAIN]: (1532/1600): reward: 18.694631218910217, rates: 18.694631146453577, loss: 0.23894294239580632, rho: 0.23125, transmit_actions: 19, P: [0.75, 0.0625, 0.0625, 0.0625, 0.0625, 0.0625, 0.0625, 0.0625, 0.0625, 0.125, 0.0625, 0.0625, 0.0625, 0.0625, 0.0625, 0.0625, 0.0625, 0.0625, 0.125, 0.0625]
[TRAIN]: (1533/1600): reward: 17.588813841342926, rates: 18.588813954217564, loss: 0.3238345608115196, rho: 0.19375, transmit_actions: 18, P: [0.75, 0.6875, 0.0625, 0.0625, 0.0625, 0.125, 0.0625, 0.125, 0.0625, 0.0625, 0.0625, 0.125, 0.0625, 0.0625, 0.0625, 0.125, 0.0625, 0.0625, 0.0625, 0.0625]
[TRAIN]: (1534/1600): reward: 17.85839143395424, rates: 17.858391585277523, loss: 0.2876508392393589, rho: 0.25, transmit_actions: 18, P: [0.75, 0.6875, 0.0625, 0.0625, 0.0625, 0.0625, 0.0625, 0.0625, 0.0625, 0.0625, 0.0625, 0.0625, 0.0625, 0.0625, 0.0625, 0.0625, 0.0625, 0.0625, 0.0625, 0.0625]
[TRAIN]: (1535/1600): reward: 18.45448660850525, rates: 20.45448653472176, loss: 0.3086246207356453, rho: 0.20625, transmit_actions: 19, P: [1.0, 0.0625, 0.0625, 0.0625, 0.0625, 0.0625, 0.0625, 0.0625, 0.0625, 0.0625, 0.0625, 0.0625, 0.0625, 0.0625, 0.0625, 0.0625, 0.0625, 0.0625, 0.0625, 0.0625]
[TRAIN]: (1536/1600): reward: 18.804003695957363, rates: 19.80400391014211, loss: 0.41749509796500206, rho: 0.225, transmit_actions: 19, P: [0.0625, 0.0625, 0.0625, 0.0625, 0.0625, 0.0625, 0.125, 0.0625, 0.0625, 0.0625, 0.0625, 0.0625, 0.0625, 0.0625, 0.0625, 0.125, 0.0625, 0.0625, 0.0625, 0.0625]
[TRAIN]: (1537/1600): reward: 18.53818589448929, rates: 18.53818595084045, loss: 0.3090317375957966, rho: 0.23125, transmit_actions: 19, P: [0.0625, 0.0625, 0.0625, 0.0625, 0.0625, 0.0625, 0.0625, 0.0625, 0.0625, 0.0625, 0.0625, 0.0625, 0.0625, 0.0625, 0.0625, 0.0625, 0.0625, 0.0625, 0.0625, 0.0625]
[TRAIN]: (1538/1600): reward: 19.613873183727264, rates: 19.61387296546684, loss: 0.3614840887486935, rho: 0.20625, transmit_actions: 19, P: [0.6875, 0.0625, 0.125, 0.125, 0.0625, 0.0625, 0.0625, 0.0625, 0.0625, 0.0625, 0.0625, 0.0625, 0.0625, 0.0625, 0.0625, 0.0625, 0.0625, 0.0625, 0.0625, 0.0625]
[TRAIN]: (1539/1600): reward: 18.00625568628311, rates: 18.0062559155661, loss: 0.28737314194440844, rho: 0.20625, transmit_actions: 19, P: [0.6875, 0.0625, 0.0625, 0.0625, 0.0625, 0.0625, 0.0625, 0.125, 0.0625, 0.0625, 0.0625, 0.0625, 0.0625, 0.0625, 0.0625, 0.0625, 0.0625, 0.0625, 0.0625, 0.0625]
[TRAIN]: (1540/1600): reward: 19.29231548309326, rates: 19.292315437079523, loss: 0.3264769233763218, rho: 0.25, transmit_actions: 19, P: [0.875, 0.0625, 0.0625, 0.0625, 0.125, 0.0625, 0.0625, 0.0625, 0.0625, 0.0625, 0.125, 0.0625, 0.0625, 0.0625, 0.0625, 0.0625, 0.0625, 0.0625, 0.0625, 0.0625]
[TRAIN]: (1541/1600): reward: 7.093044877052307, rates: 17.093044830216094, loss: 0.26069160774350164, rho: 0.25, transmit_actions: 18, P: [0.6875, 0.0625, 0.0625, 0.0625, 0.0625, 0.0625, 0.0625, 0.0625, 0.0625, 0.0625, 0.0625, 0.0625, 0.0625, 0.875, 0.125, 0.0625, 0.0625, 0.0625, 0.0625, 0.0625]
[TRAIN]: (1542/1600): reward: 17.47541853785515, rates: 17.475418428000303, loss: 0.29283112213015555, rho: 0.20625, transmit_actions: 19, P: [0.6875, 0.0625, 0.0625, 0.0625, 0.0625, 0.0625, 0.0625, 0.0625, 0.0625, 0.0625, 0.0625, 0.0625, 0.0625, 0.0625, 0.0625, 0.0625, 0.0625, 0.0625, 0.0625, 0.0625]
[TRAIN]: (1543/1600): reward: 18.072545766830444, rates: 18.072545623031758, loss: 0.3111653536558151, rho: 0.2375, transmit_actions: 18, P: [0.6875, 0.75, 0.0625, 0.0625, 0.0625, 0.0625, 0.0625, 0.0625, 0.0625, 0.0625, 0.0625, 0.0625, 0.0625, 0.0625, 0.0625, 0.0625, 0.0625, 0.125, 0.0625, 0.0625]
[TRAIN]: (1544/1600): reward: 20.024751245975494, rates: 20.024751213566198, loss: 0.3416033789515495, rho: 0.1875, transmit_actions: 19, P: [0.6875, 0.0625, 0.0625, 0.0625, 0.0625, 0.125, 0.0625, 0.0625, 0.0625, 0.0625, 0.0625, 0.0625, 0.0625, 0.0625, 0.125, 0.0625, 0.0625, 0.0625, 0.125, 0.0625]
[TRAIN]: (1545/1600): reward: 19.239528000354767, rates: 20.239527992788183, loss: 0.246412443369627, rho: 0.175, transmit_actions: 19, P: [0.6875, 0.0625, 0.0625, 0.0625, 0.0625, 0.0625, 0.0625, 0.0625, 0.0625, 0.0625, 0.0625, 0.0625, 0.125, 0.0625, 0.0625, 0.0625, 0.0625, 0.0625, 0.0625, 0.0625]
[TRAIN]: (1546/1600): reward: 19.016000598669052, rates: 19.01600070427024, loss: 0.2756635181605816, rho: 0.20625, transmit_actions: 19, P: [0.6875, 0.0625, 0.0625, 0.0625, 0.0625, 0.0625, 0.0625, 0.0625, 0.0625, 0.0625, 0.0625, 0.0625, 0.0625, 0.0625, 0.0625, 0.0625, 0.0625, 0.0625, 0.0625, 0.0625]
[TRAIN]: (1547/1600): reward: 20.651666164398193, rates: 20.651666086033337, loss: 0.28080754205584524, rho: 0.225, transmit_actions: 19, P: [0.875, 0.0625, 0.0625, 0.0625, 0.0625, 0.0625, 0.0625, 0.0625, 0.0625, 0.0625, 0.0625, 0.0625, 0.0625, 0.0625, 0.0625, 0.125, 0.0625, 0.0625, 0.0625, 0.0625]
[TRAIN]: (1548/1600): reward: 10.983761847019196, rates: 18.983761982388174, loss: 0.23856248073279857, rho: 0.2375, transmit_actions: 18, P: [0.25, 0.8125, 0.0625, 0.4375, 0.0625, 0.0625, 0.0625, 0.0625, 0.0625, 0.0625, 0.0625, 0.0625, 0.0625, 0.0625, 0.0625, 0.0625, 0.125, 0.0625, 0.0625, 0.0625]
[TRAIN]: (1549/1600): reward: 18.926591515541077, rates: 18.926591425772155, loss: 0.31345620155334475, rho: 0.23125, transmit_actions: 19, P: [0.25, 0.0625, 0.125, 0.0625, 0.0625, 0.125, 0.0625, 0.0625, 0.0625, 0.0625, 0.0625, 0.0625, 0.0625, 0.0625, 0.0625, 0.0625, 0.0625, 0.0625, 0.0625, 0.0625]
[TRAIN]: (1550/1600): reward: 18.212966948747635, rates: 18.21296678572595, loss: 0.3214560136198997, rho: 0.2125, transmit_actions: 19, P: [0.25, 0.0625, 0.0625, 0.0625, 0.0625, 0.0625, 0.0625, 0.0625, 0.0625, 0.0625, 0.125, 0.0625, 0.0625, 0.0625, 0.0625, 0.0625, 0.0625, 0.0625, 0.0625, 0.0625]
[TRAIN]: (1551/1600): reward: 16.80513107776642, rates: 16.805131133356358, loss: 0.40190399810671806, rho: 0.21875, transmit_actions: 18, P: [0.25, 0.875, 0.0625, 0.0625, 0.0625, 0.0625, 0.0625, 0.0625, 0.0625, 0.0625, 0.0625, 0.0625, 0.0625, 0.0625, 0.0625, 0.0625, 0.0625, 0.0625, 0.0625, 0.0625]
[TRAIN]: (1552/1600): reward: 11.644310116767883, rates: 18.6443100327639, loss: 0.3864703044295311, rho: 0.2, transmit_actions: 18, P: [0.875, 0.625, 0.0625, 0.0625, 0.0625, 0.0625, 0.0625, 0.0625, 0.0625, 0.0625, 0.0625, 0.0625, 0.0625, 0.0625, 0.0625, 0.0625, 0.0625, 0.0625, 0.0625, 0.0625]
[TRAIN]: (1553/1600): reward: 20.91808784008026, rates: 20.918088009057016, loss: 0.2388586036860943, rho: 0.21875, transmit_actions: 19, P: [0.875, 0.0625, 0.125, 0.0625, 0.0625, 0.0625, 0.0625, 0.0625, 0.0625, 0.0625, 0.0625, 0.0625, 0.0625, 0.0625, 0.0625, 0.0625, 0.125, 0.0625, 0.0625, 0.0625]
[TRAIN]: (1554/1600): reward: 19.577790021896362, rates: 20.577790060556115, loss: 0.28515460938215254, rho: 0.1875, transmit_actions: 19, P: [0.5, 0.125, 0.0625, 0.0625, 0.0625, 0.0625, 0.0625, 0.0625, 0.0625, 0.0625, 0.0625, 0.0625, 0.0625, 0.0625, 0.0625, 0.0625, 0.0625, 0.0625, 0.0625, 0.0625]
[TRAIN]: (1555/1600): reward: 19.831623136997223, rates: 19.831623048803202, loss: 0.3047887347638607, rho: 0.2125, transmit_actions: 19, P: [0.25, 0.0625, 0.0625, 0.0625, 0.0625, 0.0625, 0.0625, 0.0625, 0.0625, 0.0625, 0.0625, 0.0625, 0.0625, 0.0625, 0.0625, 0.0625, 0.0625, 0.0625, 0.0625, 0.0625]
[TRAIN]: (1556/1600): reward: 19.40543708205223, rates: 19.405437049663345, loss: 0.3046311564743519, rho: 0.20625, transmit_actions: 19, P: [0.25, 0.0625, 0.0625, 0.0625, 0.0625, 0.0625, 0.0625, 0.0625, 0.0625, 0.0625, 0.0625, 0.0625, 0.0625, 0.0625, 0.0625, 0.0625, 0.0625, 0.0625, 0.0625, 0.0625]
[TRAIN]: (1557/1600): reward: 17.402930051088333, rates: 18.402930077686676, loss: 0.31317066997289655, rho: 0.2125, transmit_actions: 19, P: [0.25, 0.0625, 0.0625, 0.0625, 0.0625, 0.0625, 0.0625, 0.0625, 0.0625, 0.0625, 0.0625, 0.0625, 0.0625, 0.0625, 0.0625, 0.0625, 0.0625, 0.125, 0.125, 0.0625]
[TRAIN]: (1558/1600): reward: 19.256231732666492, rates: 20.256231816055337, loss: 0.36030678153038026, rho: 0.23125, transmit_actions: 19, P: [0.25, 0.0625, 0.0625, 0.0625, 0.0625, 0.0625, 0.0625, 0.0625, 0.125, 0.0625, 0.0625, 0.0625, 0.0625, 0.0625, 0.0625, 0.0625, 0.0625, 0.0625, 0.0625, 0.0625]
[TRAIN]: (1559/1600): reward: 19.840319335460663, rates: 19.84031941884989, loss: 0.32607019022107125, rho: 0.2, transmit_actions: 19, P: [0.25, 0.0625, 0.0625, 0.0625, 0.0625, 0.0625, 0.0625, 0.0625, 0.0625, 0.0625, 0.0625, 0.0625, 0.0625, 0.0625, 0.0625, 0.0625, 0.0625, 0.0625, 0.0625, 0.0625]
[TRAIN]: (1560/1600): reward: 10.637077659368515, rates: 18.637077436590832, loss: 0.35651451349258423, rho: 0.2, transmit_actions: 19, P: [0.25, 0.0625, 0.0625, 0.125, 0.0625, 0.0625, 0.0625, 0.0625, 0.5625, 0.0625, 0.0625, 0.0625, 0.0625, 0.0625, 0.0625, 0.0625, 0.0625, 0.0625, 0.0625, 0.0625]
[TRAIN]: (1561/1600): reward: 18.704944133758545, rates: 18.704944085164176, loss: 0.2709850125014782, rho: 0.23125, transmit_actions: 19, P: [0.25, 0.0625, 0.0625, 0.0625, 0.0625, 0.0625, 0.0625, 0.0625, 0.0625, 0.0625, 0.0625, 0.0625, 0.125, 0.0625, 0.125, 0.0625, 0.0625, 0.0625, 0.0625, 0.0625]
[TRAIN]: (1562/1600): reward: 19.00419980287552, rates: 19.004199901049176, loss: 0.319874706864357, rho: 0.225, transmit_actions: 19, P: [0.25, 0.0625, 0.0625, 0.0625, 0.0625, 0.0625, 0.0625, 0.0625, 0.0625, 0.0625, 0.0625, 0.0625, 0.0625, 0.0625, 0.0625, 0.0625, 0.0625, 0.0625, 0.0625, 0.0625]
[TRAIN]: (1563/1600): reward: 17.953168630599976, rates: 17.953168658475953, loss: 0.28576373495161533, rho: 0.20625, transmit_actions: 19, P: [0.9375, 0.0625, 0.0625, 0.0625, 0.0625, 0.0625, 0.0625, 0.0625, 0.0625, 0.0625, 0.0625, 0.0625, 0.0625, 0.0625, 0.0625, 0.0625, 0.0625, 0.0625, 0.125, 0.0625]
[TRAIN]: (1564/1600): reward: 20.10037472844124, rates: 20.100374419125586, loss: 0.31480127945542336, rho: 0.23125, transmit_actions: 19, P: [0.9375, 0.0625, 0.0625, 0.0625, 0.0625, 0.125, 0.0625, 0.0625, 0.0625, 0.0625, 0.0625, 0.0625, 0.0625, 0.125, 0.0625, 0.0625, 0.0625, 0.0625, 0.0625, 0.0625]
[TRAIN]: (1565/1600): reward: 17.855832546949387, rates: 18.855832305067814, loss: 0.2918461516499519, rho: 0.20625, transmit_actions: 19, P: [0.25, 0.0625, 0.0625, 0.0625, 0.0625, 0.0625, 0.0625, 0.0625, 0.0625, 0.0625, 0.0625, 0.0625, 0.0625, 0.0625, 0.0625, 0.0625, 0.0625, 0.0625, 0.0625, 0.125]
[TRAIN]: (1566/1600): reward: 19.999993205070496, rates: 19.99999332565594, loss: 0.38622105941176416, rho: 0.1875, transmit_actions: 19, P: [0.75, 0.0625, 0.0625, 0.0625, 0.125, 0.0625, 0.0625, 0.0625, 0.0625, 0.0625, 0.0625, 0.0625, 0.0625, 0.0625, 0.0625, 0.0625, 0.0625, 0.0625, 0.0625, 0.0625]
[TRAIN]: (1567/1600): reward: 19.11820888519287, rates: 19.118208792347332, loss: 0.3022535935044289, rho: 0.18125, transmit_actions: 19, P: [0.75, 0.0625, 0.0625, 0.0625, 0.0625, 0.0625, 0.0625, 0.0625, 0.0625, 0.0625, 0.0625, 0.0625, 0.0625, 0.0625, 0.0625, 0.0625, 0.0625, 0.0625, 0.0625, 0.0625]
[TRAIN]: (1568/1600): reward: 20.398069620132446, rates: 20.398069661568513, loss: 0.4754595085978508, rho: 0.2, transmit_actions: 18, P: [0.25, 1.0, 0.0625, 0.0625, 0.0625, 0.0625, 0.0625, 0.0625, 0.0625, 0.0625, 0.0625, 0.0625, 0.0625, 0.125, 0.0625, 0.0625, 0.0625, 0.0625, 0.0625, 0.0625]
[TRAIN]: (1569/1600): reward: 16.863143414258957, rates: 16.863143394710278, loss: 0.3133186846971512, rho: 0.25625, transmit_actions: 19, P: [0.25, 0.0625, 0.0625, 0.0625, 0.0625, 0.0625, 0.0625, 0.0625, 0.0625, 0.0625, 0.0625, 0.125, 0.0625, 0.125, 0.0625, 0.0625, 0.0625, 0.0625, 0.0625, 0.0625]
[TRAIN]: (1570/1600): reward: 19.08009123802185, rates: 19.080091185343054, loss: 0.3117158629000187, rho: 0.20625, transmit_actions: 18, P: [0.25, 0.0625, 0.0625, 0.0625, 0.0625, 1.0, 0.0625, 0.0625, 0.0625, 0.0625, 0.0625, 0.0625, 0.125, 0.0625, 0.0625, 0.0625, 0.0625, 0.0625, 0.0625, 0.0625]
[TRAIN]: (1571/1600): reward: 20.186941862106323, rates: 20.18694174744595, loss: 0.33130655661225317, rho: 0.1875, transmit_actions: 19, P: [0.25, 0.0, 0.0625, 0.0625, 0.0625, 0.0625, 0.0625, 0.0625, 0.0625, 0.0625, 0.0625, 0.0625, 0.0625, 0.0625, 0.0625, 0.0625, 0.0625, 0.0625, 0.0625, 0.0625]
[TRAIN]: (1572/1600): reward: 17.085495710372925, rates: 17.085495542494943, loss: 0.300830340385437, rho: 0.19375, transmit_actions: 18, P: [0.3125, 0.875, 0.0625, 0.0625, 0.0625, 0.0625, 0.0625, 0.0625, 0.0625, 0.0625, 0.0625, 0.0625, 0.0625, 0.0625, 0.0625, 0.0625, 0.0625, 0.0625, 0.0625, 0.0625]
[TRAIN]: (1573/1600): reward: 11.214914292097092, rates: 19.214914410560915, loss: 0.3794664807617664, rho: 0.2125, transmit_actions: 19, P: [0.25, 0.0625, 0.0625, 0.0625, 0.0625, 0.0625, 0.0625, 0.6875, 0.0625, 0.0625, 0.0625, 0.0625, 0.0625, 0.0625, 0.0625, 0.0625, 0.0625, 0.0625, 0.0625, 0.0625]
[TRAIN]: (1574/1600): reward: 19.14509391784668, rates: 19.145093937489108, loss: 0.2881631150841713, rho: 0.1875, transmit_actions: 19, P: [0.3125, 0.0625, 0.0625, 0.0625, 0.0625, 0.0625, 0.0625, 0.0625, 0.0625, 0.0625, 0.0625, 0.0625, 0.0625, 0.0625, 0.0625, 0.0625, 0.0625, 0.0625, 0.0625, 0.0625]
[TRAIN]: (1575/1600): reward: 18.422134594991803, rates: 19.42213452466627, loss: 0.2984712339937687, rho: 0.21875, transmit_actions: 19, P: [0.3125, 0.0625, 0.0625, 0.0625, 0.0625, 0.0625, 0.0625, 0.0625, 0.0625, 0.0625, 0.0625, 0.0625, 0.0625, 0.0625, 0.125, 0.0625, 0.0625, 0.0625, 0.0625, 0.0625]
[TRAIN]: (1576/1600): reward: 18.405569940805435, rates: 19.405570147493012, loss: 0.3227204501628876, rho: 0.225, transmit_actions: 19, P: [0.3125, 0.0625, 0.0625, 0.0625, 0.0625, 0.125, 0.0625, 0.0625, 0.0625, 0.0625, 0.0625, 0.0625, 0.0625, 0.0625, 0.0625, 0.0625, 0.0625, 0.0625, 0.0625, 0.0625]
[TRAIN]: (1577/1600): reward: 17.31762582063675, rates: 18.31762596363481, loss: 0.33583635836839676, rho: 0.2125, transmit_actions: 19, P: [0.3125, 0.0, 0.0625, 0.0625, 0.0625, 0.0625, 0.0625, 0.0625, 0.125, 0.125, 0.0625, 0.0625, 0.0625, 0.0625, 0.0625, 0.0625, 0.0625, 0.0625, 0.0625, 0.0625]
[TRAIN]: (1578/1600): reward: 19.269608438014984, rates: 19.269608535725485, loss: 0.30917943716049195, rho: 0.1875, transmit_actions: 19, P: [0.3125, 0.0625, 0.0625, 0.0625, 0.0625, 0.0625, 0.125, 0.0625, 0.0625, 0.0625, 0.0625, 0.0625, 0.0625, 0.0625, 0.0625, 0.0625, 0.0625, 0.0625, 0.0625, 0.125]
[TRAIN]: (1579/1600): reward: 6.421174094080925, rates: 17.42117411384247, loss: 0.26711213365197184, rho: 0.24375, transmit_actions: 18, P: [0.6875, 0.0625, 0.0625, 0.0625, 0.0625, 0.0625, 0.0625, 0.0625, 0.0625, 0.0625, 0.0625, 0.0625, 0.0625, 0.0625, 0.0625, 0.5625, 0.0625, 0.0625, 0.0625, 0.125]
[TRAIN]: (1580/1600): reward: 12.613504722365178, rates: 19.613504623795677, loss: 0.34488572031259535, rho: 0.20625, transmit_actions: 18, P: [0.3125, 0.5, 0.0625, 0.0625, 0.0625, 0.0625, 0.0625, 0.0625, 0.125, 0.0625, 0.0625, 0.0625, 0.0625, 0.0625, 0.0625, 0.0625, 0.0625, 0.0625, 0.0625, 0.0625]
[TRAIN]: (1581/1600): reward: 7.486580848693848, rates: 17.48658099150875, loss: 0.2951098494231701, rho: 0.2125, transmit_actions: 18, P: [0.3125, 0.0625, 0.0625, 0.0625, 0.0625, 0.0625, 0.0625, 0.0625, 0.0625, 0.1875, 0.0625, 0.0625, 0.0625, 0.0625, 0.0625, 0.0625, 0.0625, 0.0625, 0.0625, 0.0625]
[TRAIN]: (1582/1600): reward: 20.304533451795578, rates: 20.30453351350525, loss: 0.3137815251946449, rho: 0.18125, transmit_actions: 19, P: [0.3125, 0.0625, 0.0625, 0.0625, 0.0625, 0.0625, 0.0625, 0.0625, 0.0625, 0.0625, 0.0625, 0.0625, 0.0625, 0.0625, 0.0625, 0.0625, 0.0625, 0.0625, 0.0625, 0.0625]
[TRAIN]: (1583/1600): reward: 18.770895034074783, rates: 18.770894983381922, loss: 0.34457036256790163, rho: 0.25625, transmit_actions: 19, P: [0.25, 0.0625, 0.0625, 0.0625, 0.0625, 0.0625, 0.0625, 0.0625, 0.0625, 0.0625, 0.0625, 0.0625, 0.0625, 0.0625, 0.0625, 0.0625, 0.0625, 0.0625, 0.0625, 0.0625]
[TRAIN]: (1584/1600): reward: 17.022814393043518, rates: 17.022814362256145, loss: 0.2910888671875, rho: 0.21875, transmit_actions: 19, P: [0.25, 0.0625, 0.0625, 0.0625, 0.0625, 0.0625, 0.0625, 0.0625, 0.0625, 0.0625, 0.0, 0.0625, 0.0625, 0.0625, 0.0625, 0.0625, 0.0625, 0.0625, 0.0625, 0.0625]
[TRAIN]: (1585/1600): reward: 17.280045241117477, rates: 17.28004521744588, loss: 0.2902433145791292, rho: 0.18125, transmit_actions: 19, P: [0.3125, 0.0625, 0.0625, 0.0625, 0.125, 0.0625, 0.0625, 0.125, 0.0625, 0.0625, 0.0625, 0.0625, 0.0625, 0.0625, 0.0625, 0.0625, 0.0625, 0.0625, 0.0625, 0.0625]
[TRAIN]: (1586/1600): reward: 18.870295077562332, rates: 18.870295138414427, loss: 0.3595523744821548, rho: 0.23125, transmit_actions: 19, P: [0.3125, 0.0625, 0.0625, 0.0625, 0.0625, 0.0625, 0.0625, 0.0625, 0.0625, 0.125, 0.0625, 0.0625, 0.0625, 0.0625, 0.0625, 0.0625, 0.0625, 0.0625, 0.0625, 0.0625]
[TRAIN]: (1587/1600): reward: 20.559608817100525, rates: 20.55960897999769, loss: 0.2631261274218559, rho: 0.21875, transmit_actions: 19, P: [0.6875, 0.0625, 0.0625, 0.0625, 0.0625, 0.0625, 0.0625, 0.0625, 0.0625, 0.0625, 0.0625, 0.0625, 0.0625, 0.0625, 0.0625, 0.0625, 0.125, 0.0625, 0.0625, 0.0625]
[TRAIN]: (1588/1600): reward: 18.949815452098846, rates: 18.949815555694187, loss: 0.302769710123539, rho: 0.19375, transmit_actions: 19, P: [0.25, 0.0625, 0.0625, 0.0625, 0.0625, 0.0625, 0.0625, 0.0625, 0.0625, 0.0625, 0.0625, 0.0625, 0.0625, 0.0625, 0.0625, 0.0625, 0.0625, 0.0625, 0.0625, 0.0625]
[TRAIN]: (1589/1600): reward: 19.4509140253067, rates: 19.450914085745197, loss: 0.32486808449029925, rho: 0.21875, transmit_actions: 19, P: [0.25, 0.0625, 0.0625, 0.0625, 0.0625, 0.0625, 0.125, 0.0625, 0.0625, 0.0625, 0.0625, 0.0625, 0.0625, 0.0625, 0.0625, 0.0625, 0.0625, 0.0625, 0.0625, 0.0625]
[TRAIN]: (1590/1600): reward: 19.12038090825081, rates: 19.12038110367533, loss: 0.2588961385190487, rho: 0.21875, transmit_actions: 19, P: [0.0625, 0.0625, 0.125, 0.0625, 0.0625, 0.0625, 0.0625, 0.0625, 0.0625, 0.0625, 0.0625, 0.0625, 0.0625, 0.0625, 0.0625, 0.0625, 0.0625, 0.0625, 0.0625, 0.0625]
[TRAIN]: (1591/1600): reward: 16.896076053380966, rates: 18.896076147903848, loss: 0.2822769321501255, rho: 0.225, transmit_actions: 19, P: [0.6875, 0.0625, 0.0625, 0.0625, 0.0625, 0.0625, 0.0625, 0.0625, 0.0625, 0.0625, 0.0625, 0.0625, 0.125, 0.0625, 0.0625, 0.0625, 0.0625, 0.0625, 0.0625, 0.0625]
[TRAIN]: (1592/1600): reward: 20.013580322265625, rates: 20.01358030920078, loss: 0.36150932163000105, rho: 0.2125, transmit_actions: 19, P: [0.25, 0.0625, 0.125, 0.0625, 0.0625, 0.0625, 0.0625, 0.0625, 0.0625, 0.0625, 0.0625, 0.0625, 0.0625, 0.0625, 0.0625, 0.0625, 0.125, 0.0625, 0.0625, 0.0625]
[TRAIN]: (1593/1600): reward: 18.292423486709595, rates: 20.29242349213224, loss: 0.2717621743679047, rho: 0.20625, transmit_actions: 19, P: [0.75, 0.0625, 0.0625, 0.0625, 0.0625, 0.125, 0.0625, 0.0625, 0.0625, 0.125, 0.0625, 0.0625, 0.0625, 0.0625, 0.0625, 0.0625, 0.0625, 0.0625, 0.0625, 0.0625]
[TRAIN]: (1594/1600): reward: 19.092005968093872, rates: 19.09200605922313, loss: 0.27369465939700605, rho: 0.20625, transmit_actions: 19, P: [0.75, 0.0625, 0.0625, 0.0625, 0.0625, 0.0625, 0.0625, 0.0625, 0.0625, 0.125, 0.0625, 0.0625, 0.0625, 0.0625, 0.0625, 0.0625, 0.0625, 0.0625, 0.0625, 0.0625]
[TRAIN]: (1595/1600): reward: 17.46994411945343, rates: 18.46994411059325, loss: 0.3076589360833168, rho: 0.18125, transmit_actions: 18, P: [0.75, 0.75, 0.0625, 0.0625, 0.0625, 0.0625, 0.0625, 0.0625, 0.0625, 0.0625, 0.0625, 0.0625, 0.0625, 0.0625, 0.0625, 0.0625, 0.0625, 0.0625, 0.125, 0.0625]
[TRAIN]: (1596/1600): reward: 17.625942707061768, rates: 18.625942678090674, loss: 0.31538665294647217, rho: 0.21875, transmit_actions: 19, P: [0.75, 0.0625, 0.0625, 0.0625, 0.0625, 0.0625, 0.0625, 0.0625, 0.0625, 0.0625, 0.0625, 0.0625, 0.0625, 0.0625, 0.0625, 0.0625, 0.0625, 0.0625, 0.0625, 0.0625]
[TRAIN]: (1597/1600): reward: 19.525582015514374, rates: 19.5255820291692, loss: 0.2739420011639595, rho: 0.225, transmit_actions: 19, P: [0.75, 0.0625, 0.0625, 0.0625, 0.0625, 0.0625, 0.0625, 0.0625, 0.0625, 0.0625, 0.0625, 0.0625, 0.0625, 0.0625, 0.0625, 0.0625, 0.0625, 0.0625, 0.0625, 0.0625]
[TRAIN]: (1598/1600): reward: 18.763675272464752, rates: 18.763675176449464, loss: 0.283922815322876, rho: 0.21875, transmit_actions: 19, P: [0.75, 0.0625, 0.0625, 0.0625, 0.0625, 0.0625, 0.0625, 0.0625, 0.0625, 0.0, 0.0625, 0.0625, 0.0625, 0.0625, 0.0625, 0.0625, 0.0625, 0.0625, 0.0625, 0.0625]
[TRAIN]: (1599/1600): reward: 18.307472884655, rates: 18.307472908081575, loss: 0.27698323130607605, rho: 0.2125, transmit_actions: 19, P: [0.75, 0.0625, 0.0625, 0.0625, 0.0625, 0.0625, 0.0625, 0.0625, 0.0625, 0.0625, 0.0625, 0.0625, 0.0625, 0.0625, 0.0625, 0.0625, 0.0625, 0.0625, 0.0625, 0.0625]
[TRAIN]: (1600/1600): reward: -5.277533009648323, rates: 15.722466980718362, loss: 0.30495690926909447, rho: 0.25, transmit_actions: 18, P: [0.75, 1.0, 0.125, 0.0625, 0.0625, 0.0625, 0.0625, 0.0625, 0.0625, 0.25, 0.0625, 0.0625, 0.0625, 0.125, 0.0625, 0.0625, 0.0625, 0.875, 0.0625, 0.0625]
[TRAIN_FINISHED]: Transmit Action: 24281/0
[MAIN]: Time: 93.64664769172668
[MAIN]: END
